"Family","Genus","Genus_and_species","DIT","FuenteDatos"
"Andrenidae","Andrena","Andrena abbreviata",2.1,"Europa"
"Andrenidae","Andrena","Andrena aberrans",2.93,"Europa"
"Andrenidae","Andrena","Andrena abjecta",2.58,"Europa"
"Andrenidae","Andrena","Andrena abrupta",1.84,"Europa"
"Andrenidae","Andrena","Andrena aciculata",1.31,"Europa"
"Andrenidae","Andrena","Andrena acuta",1.55,"Europa"
"Andrenidae","Andrena","Andrena aegyptiaca",1.63,"Europa"
"Andrenidae","Andrena","Andrena aeneiventris",1.42,"Europa"
"Andrenidae","Andrena","Andrena aerinifrons",2.13,"Europa"
"Andrenidae","Andrena","Andrena afrensis",2.97,"Europa"
"Andrenidae","Andrena","Andrena afzeliella",2.25,"Europa"
"Andrenidae","Andrena","Andrena agilissima",3.02,"Europa"
"Andrenidae","Andrena","Andrena agnata",2.23,"Europa"
"Andrenidae","Andrena","Andrena albopunctata",3.15,"Europa"
"Andrenidae","Andrena","Andrena alfkenella",1.47,"Europa"
"Andrenidae","Andrena","Andrena alfkenelloides",1.44,"Europa"
"Andrenidae","Andrena","Andrena allosa",1.94,"Europa"
"Andrenidae","Andrena","Andrena alluaudi",1.97,"Europa"
"Andrenidae","Andrena","Andrena alutacea",2.13,"Europa"
"Andrenidae","Andrena","Andrena ampla",2.2,"Europa"
"Andrenidae","Andrena","Andrena anatolica",1.94,"Europa"
"Andrenidae","Andrena","Andrena angustior",1.98,"Europa"
"Andrenidae","Andrena","Andrena anthrisci",1.3,"Europa"
"Andrenidae","Andrena","Andrena antigana",2.36,"Europa"
"Andrenidae","Andrena","Andrena apicata",2.84,"Europa"
"Andrenidae","Andrena","Andrena apiformis",3.17,"Europa"
"Andrenidae","Andrena","Andrena argentata",2,"Europa"
"Andrenidae","Andrena","Andrena asiatica",2.34,"Europa"
"Andrenidae","Andrena","Andrena asperrima",2.87,"Europa"
"Andrenidae","Andrena","Andrena asperula",2.28,"Europa"
"Andrenidae","Andrena","Andrena assimilis",3.29,"Europa"
"Andrenidae","Andrena","Andrena astica",2.24,"Europa"
"Andrenidae","Andrena","Andrena athenensis",2.3,"Europa"
"Andrenidae","Andrena","Andrena atrata",1.73,"Europa"
"Andrenidae","Andrena","Andrena atrotegularis",3.36,"Europa"
"Andrenidae","Andrena","Andrena avara",1.95,"Europa"
"Andrenidae","Andrena","Andrena barbilabris",2.32,"Europa"
"Andrenidae","Andrena","Andrena batava",2.42,"Europa"
"Andrenidae","Andrena","Andrena bayona",1.49,"Europa"
"Andrenidae","Andrena","Andrena bellidis",1.7,"Europa"
"Andrenidae","Andrena","Andrena benoisti",2.66,"Europa"
"Andrenidae","Andrena","Andrena bicolor",2.01,"Europa"
"Andrenidae","Andrena","Andrena bicolorata",2.83,"Europa"
"Andrenidae","Andrena","Andrena biguttata",2.13,"Europa"
"Andrenidae","Andrena","Andrena bimaculata",2.71,"Europa"
"Andrenidae","Andrena","Andrena binominata",2.24,"Europa"
"Andrenidae","Andrena","Andrena bisulcata",1.62,"Europa"
"Andrenidae","Andrena","Andrena blanda",2.34,"Europa"
"Andrenidae","Andrena","Andrena boyerella",2.11,"Europa"
"Andrenidae","Andrena","Andrena braunsiana",2.33,"Europa"
"Andrenidae","Andrena","Andrena brumanensis",1.75,"Europa"
"Andrenidae","Andrena","Andrena bucephala",2.17,"Europa"
"Andrenidae","Andrena","Andrena canohirta",1.5,"Europa"
"Andrenidae","Andrena","Andrena caprimulga",1.87,"Europa"
"Andrenidae","Andrena","Andrena catula",1.7,"Europa"
"Andrenidae","Andrena","Andrena cervina",1.4,"Europa"
"Andrenidae","Andrena","Andrena chalcogastra",2.41,"Europa"
"Andrenidae","Andrena","Andrena chelma",1.1,"Europa"
"Andrenidae","Andrena","Andrena chersona",1.1,"Europa"
"Andrenidae","Andrena","Andrena chrysopus",1.91,"Europa"
"Andrenidae","Andrena","Andrena chrysopyga",2.38,"Europa"
"Andrenidae","Andrena","Andrena chrysosceles",1.87,"Europa"
"Andrenidae","Andrena","Andrena cilissaeformis",2.06,"Europa"
"Andrenidae","Andrena","Andrena cineraria",2.87,"Europa"
"Andrenidae","Andrena","Andrena cinerea",1.9,"Europa"
"Andrenidae","Andrena","Andrena cinereophila",1.99,"Europa"
"Andrenidae","Andrena","Andrena clarkella",2.97,"Europa"
"Andrenidae","Andrena","Andrena clypella",2.15,"Europa"
"Andrenidae","Andrena","Andrena coitana",1.54,"Europa"
"Andrenidae","Andrena","Andrena colletiformis",1.77,"Europa"
"Andrenidae","Andrena","Andrena combaella",2.12,"Europa"
"Andrenidae","Andrena","Andrena combinata",2.22,"Europa"
"Andrenidae","Andrena","Andrena compta",2.81,"Europa"
"Andrenidae","Andrena","Andrena concinna",2.67,"Europa"
"Andrenidae","Andrena","Andrena congruens",2.33,"Europa"
"Andrenidae","Andrena","Andrena corax",2.8,"Europa"
"Andrenidae","Andrena","Andrena cordialis",1.95,"Europa"
"Andrenidae","Andrena","Andrena crassana",1.45,"Europa"
"Andrenidae","Andrena","Andrena curiosa",4.12,"Europa"
"Andrenidae","Andrena","Andrena curtivalvis",2.12,"Europa"
"Andrenidae","Andrena","Andrena curvana",1.3,"Europa"
"Andrenidae","Andrena","Andrena curvungula",2.56,"Europa"
"Andrenidae","Andrena","Andrena cussariensis",2.96,"Europa"
"Andrenidae","Andrena","Andrena cyanomicans",2.85,"Europa"
"Andrenidae","Andrena","Andrena cypria",1.58,"Europa"
"Andrenidae","Andrena","Andrena damara",2.17,"Europa"
"Andrenidae","Andrena","Andrena danuvia",2.67,"Europa"
"Andrenidae","Andrena","Andrena dargia",1.37,"Europa"
"Andrenidae","Andrena","Andrena decipiens",2.61,"Europa"
"Andrenidae","Andrena","Andrena delphiensis",2.67,"Europa"
"Andrenidae","Andrena","Andrena denticulata",2.32,"Europa"
"Andrenidae","Andrena","Andrena dentiventris",1.61,"Europa"
"Andrenidae","Andrena","Andrena discors",2.5,"Europa"
"Andrenidae","Andrena","Andrena distinguenda",1.56,"Europa"
"Andrenidae","Andrena","Andrena djelfensis",1.64,"Europa"
"Andrenidae","Andrena","Andrena dorsalis",1.76,"Europa"
"Andrenidae","Andrena","Andrena dorsata",2.05,"Europa"
"Andrenidae","Andrena","Andrena doursana",2.19,"Europa"
"Andrenidae","Andrena","Andrena dubiosa",3.22,"Europa"
"Andrenidae","Andrena","Andrena ehnbergi",2.12,"Europa"
"Andrenidae","Andrena","Andrena elata",2.06,"Europa"
"Andrenidae","Andrena","Andrena elegans",2.54,"Europa"
"Andrenidae","Andrena","Andrena elmaria",2.57,"Europa"
"Andrenidae","Andrena","Andrena enslinella",1.55,"Europa"
"Andrenidae","Andrena","Andrena erberi",2.85,"Europa"
"Andrenidae","Andrena","Andrena exigua",1.41,"Europa"
"Andrenidae","Andrena","Andrena exquisita",2.4,"Europa"
"Andrenidae","Andrena","Andrena fabrella",1.55,"Europa"
"Andrenidae","Andrena","Andrena fallax",2.51,"Europa"
"Andrenidae","Andrena","Andrena falsifica",1.47,"Europa"
"Andrenidae","Andrena","Andrena farinosa",2.03,"Europa"
"Andrenidae","Andrena","Andrena ferox",2.4,"Europa"
"Andrenidae","Andrena","Andrena ferrugineicrus",2.55,"Europa"
"Andrenidae","Andrena","Andrena fertoni",2.05,"Europa"
"Andrenidae","Andrena","Andrena fimbriata",2.28,"Europa"
"Andrenidae","Andrena","Andrena flavipes",2.36,"Europa"
"Andrenidae","Andrena","Andrena flavobila",2.61,"Europa"
"Andrenidae","Andrena","Andrena florea",2.44,"Europa"
"Andrenidae","Andrena","Andrena florentina",2.84,"Europa"
"Andrenidae","Andrena","Andrena floricola",1.51,"Europa"
"Andrenidae","Andrena","Andrena florivaga",1.94,"Europa"
"Andrenidae","Andrena","Andrena forsterella",2.54,"Europa"
"Andrenidae","Andrena","Andrena fria",1.81,"Europa"
"Andrenidae","Andrena","Andrena fucata",2.24,"Europa"
"Andrenidae","Andrena","Andrena fulica",1.34,"Europa"
"Andrenidae","Andrena","Andrena fulva",2.72,"Europa"
"Andrenidae","Andrena","Andrena fulvago",2.12,"Europa"
"Andrenidae","Andrena","Andrena fulvata",2.16,"Europa"
"Andrenidae","Andrena","Andrena fulvicornis",2.07,"Europa"
"Andrenidae","Andrena","Andrena fulvida",2.24,"Europa"
"Andrenidae","Andrena","Andrena fulvitarsis",2,"Europa"
"Andrenidae","Andrena","Andrena fumida",1.53,"Europa"
"Andrenidae","Andrena","Andrena funerea",2.36,"Europa"
"Andrenidae","Andrena","Andrena fuscipes",2.21,"Europa"
"Andrenidae","Andrena","Andrena fuscosa",3.1,"Europa"
"Andrenidae","Andrena","Andrena gamskrucki",2.05,"Europa"
"Andrenidae","Andrena","Andrena gelriae",2.3,"Europa"
"Andrenidae","Andrena","Andrena glidia",1.97,"Europa"
"Andrenidae","Andrena","Andrena gomerensis",1.73,"Europa"
"Andrenidae","Andrena","Andrena graecella",1.39,"Europa"
"Andrenidae","Andrena","Andrena granulosa",2.11,"Europa"
"Andrenidae","Andrena","Andrena gravida",2.59,"Europa"
"Andrenidae","Andrena","Andrena griseobalteata",2.12,"Europa"
"Andrenidae","Andrena","Andrena grossella",2.28,"Europa"
"Andrenidae","Andrena","Andrena haemorrhoa",2.49,"Europa"
"Andrenidae","Andrena","Andrena hattorfiana",2.71,"Europa"
"Andrenidae","Andrena","Andrena hedikae",1.54,"Europa"
"Andrenidae","Andrena","Andrena helenica",1.12,"Europa"
"Andrenidae","Andrena","Andrena helvola",2.27,"Europa"
"Andrenidae","Andrena","Andrena henotica",1.6,"Europa"
"Andrenidae","Andrena","Andrena hesperia",1.92,"Europa"
"Andrenidae","Andrena","Andrena heterodoxa",2.12,"Europa"
"Andrenidae","Andrena","Andrena hillana",1.38,"Europa"
"Andrenidae","Andrena","Andrena humabilis",2.47,"Europa"
"Andrenidae","Andrena","Andrena humilis",2.25,"Europa"
"Andrenidae","Andrena","Andrena hungarica",2.8,"Europa"
"Andrenidae","Andrena","Andrena hyacinthina",1.95,"Europa"
"Andrenidae","Andrena","Andrena hybrida",1.71,"Europa"
"Andrenidae","Andrena","Andrena hyemala",1.27,"Europa"
"Andrenidae","Andrena","Andrena hypopolia",2.16,"Europa"
"Andrenidae","Andrena","Andrena hystrix",1.84,"Europa"
"Andrenidae","Andrena","Andrena icterina",1.67,"Europa"
"Andrenidae","Andrena","Andrena illyrica",1.42,"Europa"
"Andrenidae","Andrena","Andrena impunctata",1.24,"Europa"
"Andrenidae","Andrena","Andrena incisa",2.63,"Europa"
"Andrenidae","Andrena","Andrena intermedia",2.37,"Europa"
"Andrenidae","Andrena","Andrena isis",2.28,"Europa"
"Andrenidae","Andrena","Andrena juliana",1.65,"Europa"
"Andrenidae","Andrena","Andrena kamarti",1.94,"Europa"
"Andrenidae","Andrena","Andrena kornosica",1.86,"Europa"
"Andrenidae","Andrena","Andrena kriechbaumeri",2.1,"Europa"
"Andrenidae","Andrena","Andrena labialis",2.72,"Europa"
"Andrenidae","Andrena","Andrena labiata",1.8,"Europa"
"Andrenidae","Andrena","Andrena lagopus",2.35,"Europa"
"Andrenidae","Andrena","Andrena lamiana",1.31,"Europa"
"Andrenidae","Andrena","Andrena langadensis",1.97,"Europa"
"Andrenidae","Andrena","Andrena lapponica",2.54,"Europa"
"Andrenidae","Andrena","Andrena lateralis",2.79,"Europa"
"Andrenidae","Andrena","Andrena lathyri",2.64,"Europa"
"Andrenidae","Andrena","Andrena lavandulae",2.36,"Europa"
"Andrenidae","Andrena","Andrena lepida",2.1,"Europa"
"Andrenidae","Andrena","Andrena leptopyga",2.71,"Europa"
"Andrenidae","Andrena","Andrena leucolippa",2.19,"Europa"
"Andrenidae","Andrena","Andrena leucophaea",1.84,"Europa"
"Andrenidae","Andrena","Andrena leucopsis",2.08,"Europa"
"Andrenidae","Andrena","Andrena limassolica",1.61,"Europa"
"Andrenidae","Andrena","Andrena limata",2.8,"Europa"
"Andrenidae","Andrena","Andrena limbata",2.86,"Europa"
"Andrenidae","Andrena","Andrena lineolata",1.64,"Europa"
"Andrenidae","Andrena","Andrena livens",2.31,"Europa"
"Andrenidae","Andrena","Andrena longibarbis",1.63,"Europa"
"Andrenidae","Andrena","Andrena lusitania",2.9,"Europa"
"Andrenidae","Andrena","Andrena macroptera",2.66,"Europa"
"Andrenidae","Andrena","Andrena maderensis",2.39,"Europa"
"Andrenidae","Andrena","Andrena magna",3.22,"Europa"
"Andrenidae","Andrena","Andrena magunta",1.54,"Europa"
"Andrenidae","Andrena","Andrena marginata",1.97,"Europa"
"Andrenidae","Andrena","Andrena mariana",1.45,"Europa"
"Andrenidae","Andrena","Andrena medeninensis",2,"Europa"
"Andrenidae","Andrena","Andrena mediovittata",3.56,"Europa"
"Andrenidae","Andrena","Andrena melacana",2.23,"Europa"
"Andrenidae","Andrena","Andrena merula",1.96,"Europa"
"Andrenidae","Andrena","Andrena miegiella",1.59,"Europa"
"Andrenidae","Andrena","Andrena minapalumboi",2.6,"Europa"
"Andrenidae","Andrena","Andrena minutula",1.42,"Europa"
"Andrenidae","Andrena","Andrena minutuloides",1.49,"Europa"
"Andrenidae","Andrena","Andrena mitis",2.46,"Europa"
"Andrenidae","Andrena","Andrena mocsaryi",2.19,"Europa"
"Andrenidae","Andrena","Andrena monacha",1.96,"Europa"
"Andrenidae","Andrena","Andrena monilia",2.23,"Europa"
"Andrenidae","Andrena","Andrena montana",1.61,"Europa"
"Andrenidae","Andrena","Andrena montarca",1.29,"Europa"
"Andrenidae","Andrena","Andrena morio",3.28,"Europa"
"Andrenidae","Andrena","Andrena mucida",2,"Europa"
"Andrenidae","Andrena","Andrena mucronata",2.84,"Europa"
"Andrenidae","Andrena","Andrena murana",2.38,"Europa"
"Andrenidae","Andrena","Andrena muscaria",2.22,"Europa"
"Andrenidae","Andrena","Andrena nana",1.64,"Europa"
"Andrenidae","Andrena","Andrena nanaeformis",1.64,"Europa"
"Andrenidae","Andrena","Andrena nanula",1.21,"Europa"
"Andrenidae","Andrena","Andrena nasuta",3.07,"Europa"
"Andrenidae","Andrena","Andrena nebularia",1.28,"Europa"
"Andrenidae","Andrena","Andrena neocypriaca",1.65,"Europa"
"Andrenidae","Andrena","Andrena nigriceps",2.54,"Europa"
"Andrenidae","Andrena","Andrena nigroaenea",2.84,"Europa"
"Andrenidae","Andrena","Andrena nigroolivacea",2.5,"Europa"
"Andrenidae","Andrena","Andrena nigropilosa",2.72,"Europa"
"Andrenidae","Andrena","Andrena nigrospina",3.2,"Europa"
"Andrenidae","Andrena","Andrena nigroviridula",1.44,"Europa"
"Andrenidae","Andrena","Andrena nilotica",2.96,"Europa"
"Andrenidae","Andrena","Andrena nisoria",1.65,"Europa"
"Andrenidae","Andrena","Andrena nitida",2.9,"Europa"
"Andrenidae","Andrena","Andrena nitidiuscula",1.61,"Europa"
"Andrenidae","Andrena","Andrena nitidula",2.09,"Europa"
"Andrenidae","Andrena","Andrena niveata",1.49,"Europa"
"Andrenidae","Andrena","Andrena nobilis",2.66,"Europa"
"Andrenidae","Andrena","Andrena notata",3.07,"Europa"
"Andrenidae","Andrena","Andrena nucleola",2.28,"Europa"
"Andrenidae","Andrena","Andrena numida",2.07,"Europa"
"Andrenidae","Andrena","Andrena nycthemera",2.87,"Europa"
"Andrenidae","Andrena","Andrena obsoleta",1.37,"Europa"
"Andrenidae","Andrena","Andrena oedicnema",1.44,"Europa"
"Andrenidae","Andrena","Andrena optata",2.37,"Europa"
"Andrenidae","Andrena","Andrena oralis",1.96,"Europa"
"Andrenidae","Andrena","Andrena orana",1.78,"Europa"
"Andrenidae","Andrena","Andrena orbitalis",1.66,"Europa"
"Andrenidae","Andrena","Andrena orientana",2.05,"Europa"
"Andrenidae","Andrena","Andrena ovatula",2.23,"Europa"
"Andrenidae","Andrena","Andrena oviventris",1.95,"Europa"
"Andrenidae","Andrena","Andrena paganettina",1.27,"Europa"
"Andrenidae","Andrena","Andrena pallidicincta",1.82,"Europa"
"Andrenidae","Andrena","Andrena pallitarsis",1.64,"Europa"
"Andrenidae","Andrena","Andrena pandellei",2.29,"Europa"
"Andrenidae","Andrena","Andrena pandosa",1.63,"Europa"
"Andrenidae","Andrena","Andrena panurgimorpha",1.98,"Europa"
"Andrenidae","Andrena","Andrena panurgina",1.69,"Europa"
"Andrenidae","Andrena","Andrena paramythensis",2.41,"Europa"
"Andrenidae","Andrena","Andrena parviceps",2.31,"Europa"
"Andrenidae","Andrena","Andrena passerina",1.35,"Europa"
"Andrenidae","Andrena","Andrena paucisquama",2.13,"Europa"
"Andrenidae","Andrena","Andrena pellucens",1.96,"Europa"
"Andrenidae","Andrena","Andrena pelopa",1.4,"Europa"
"Andrenidae","Andrena","Andrena phoenicura",2.39,"Europa"
"Andrenidae","Andrena","Andrena pilipes",3.21,"Europa"
"Andrenidae","Andrena","Andrena polita",2.34,"Europa"
"Andrenidae","Andrena","Andrena potentillae",1.56,"Europa"
"Andrenidae","Andrena","Andrena poupillieri",2.71,"Europa"
"Andrenidae","Andrena","Andrena praecox",2.36,"Europa"
"Andrenidae","Andrena","Andrena probata",2.54,"Europa"
"Andrenidae","Andrena","Andrena producta",2.42,"Europa"
"Andrenidae","Andrena","Andrena propinqua",2.03,"Europa"
"Andrenidae","Andrena","Andrena proxima",1.81,"Europa"
"Andrenidae","Andrena","Andrena pruinosa",2.41,"Europa"
"Andrenidae","Andrena","Andrena pusilla",1.39,"Europa"
"Andrenidae","Andrena","Andrena pyropygia",3.31,"Europa"
"Andrenidae","Andrena","Andrena pyrozonata",3.02,"Europa"
"Andrenidae","Andrena","Andrena quadrimaculata",2.62,"Europa"
"Andrenidae","Andrena","Andrena ranunculi",1.94,"Europa"
"Andrenidae","Andrena","Andrena ranunculorum",2.39,"Europa"
"Andrenidae","Andrena","Andrena relata",2.32,"Europa"
"Andrenidae","Andrena","Andrena rhenana",2.18,"Europa"
"Andrenidae","Andrena","Andrena rhypara",2.35,"Europa"
"Andrenidae","Andrena","Andrena rhyssonota",2.1,"Europa"
"Andrenidae","Andrena","Andrena robusta",1.88,"Europa"
"Andrenidae","Andrena","Andrena rogenhoferi",2.91,"Europa"
"Andrenidae","Andrena","Andrena rosae",2.63,"Europa"
"Andrenidae","Andrena","Andrena ruficrus",2.07,"Europa"
"Andrenidae","Andrena","Andrena rufizona",2.31,"Europa"
"Andrenidae","Andrena","Andrena rufula",2.16,"Europa"
"Andrenidae","Andrena","Andrena rugothorace",1.45,"Europa"
"Andrenidae","Andrena","Andrena rugulosa",1.52,"Europa"
"Andrenidae","Andrena","Andrena russula",2.38,"Europa"
"Andrenidae","Andrena","Andrena saettana",2.35,"Europa"
"Andrenidae","Andrena","Andrena sagittaria",1.93,"Europa"
"Andrenidae","Andrena","Andrena sandanskia",1.28,"Europa"
"Andrenidae","Andrena","Andrena sardoa",2.33,"Europa"
"Andrenidae","Andrena","Andrena savignyi",3.04,"Europa"
"Andrenidae","Andrena","Andrena saxonica",1.6,"Europa"
"Andrenidae","Andrena","Andrena schencki",2.51,"Europa"
"Andrenidae","Andrena","Andrena schlettereri",1.72,"Europa"
"Andrenidae","Andrena","Andrena schmiedeknechti",2.56,"Europa"
"Andrenidae","Andrena","Andrena schulzi",1.32,"Europa"
"Andrenidae","Andrena","Andrena scita",2.9,"Europa"
"Andrenidae","Andrena","Andrena scotica",2.86,"Europa"
"Andrenidae","Andrena","Andrena semilaevis",1.44,"Europa"
"Andrenidae","Andrena","Andrena seminuda",1.91,"Europa"
"Andrenidae","Andrena","Andrena senecionis",2.27,"Europa"
"Andrenidae","Andrena","Andrena serraticornis",2.3,"Europa"
"Andrenidae","Andrena","Andrena sillata",1.35,"Europa"
"Andrenidae","Andrena","Andrena simillima",2.28,"Europa"
"Andrenidae","Andrena","Andrena simontornyella",1.38,"Europa"
"Andrenidae","Andrena","Andrena soror",2.67,"Europa"
"Andrenidae","Andrena","Andrena sphecodimorpha",1.69,"Europa"
"Andrenidae","Andrena","Andrena spolata",1.31,"Europa"
"Andrenidae","Andrena","Andrena spreta",1.4,"Europa"
"Andrenidae","Andrena","Andrena stabiana",2.42,"Europa"
"Andrenidae","Andrena","Andrena stellaris",2.02,"Europa"
"Andrenidae","Andrena","Andrena strohmella",1.61,"Europa"
"Andrenidae","Andrena","Andrena subopaca",1.39,"Europa"
"Andrenidae","Andrena","Andrena suerinensis",2.82,"Europa"
"Andrenidae","Andrena","Andrena susterai",1.99,"Europa"
"Andrenidae","Andrena","Andrena symphyti",2.03,"Europa"
"Andrenidae","Andrena","Andrena synadelpha",2.34,"Europa"
"Andrenidae","Andrena","Andrena taraxaci",2.17,"Europa"
"Andrenidae","Andrena","Andrena tarsata",1.71,"Europa"
"Andrenidae","Andrena","Andrena tenuistriata",1.43,"Europa"
"Andrenidae","Andrena","Andrena thomsonii",1.85,"Europa"
"Andrenidae","Andrena","Andrena thoracica",3.23,"Europa"
"Andrenidae","Andrena","Andrena tibialis",2.96,"Europa"
"Andrenidae","Andrena","Andrena tomora",1.38,"Europa"
"Andrenidae","Andrena","Andrena torda",1.7,"Europa"
"Andrenidae","Andrena","Andrena transitoria",2.62,"Europa"
"Andrenidae","Andrena","Andrena tricuspidata",2.59,"Europa"
"Andrenidae","Andrena","Andrena trimmerana",2.85,"Europa"
"Andrenidae","Andrena","Andrena tringa",1.45,"Europa"
"Andrenidae","Andrena","Andrena troodica",2.54,"Europa"
"Andrenidae","Andrena","Andrena truncatilabris",2.27,"Europa"
"Andrenidae","Andrena","Andrena tscheki",2.35,"Europa"
"Andrenidae","Andrena","Andrena tuberculifera",2.39,"Europa"
"Andrenidae","Andrena","Andrena tunetana",2.32,"Europa"
"Andrenidae","Andrena","Andrena ungeri",1.57,"Europa"
"Andrenidae","Andrena","Andrena urdula",2.07,"Europa"
"Andrenidae","Andrena","Andrena vacella",1.14,"Europa"
"Andrenidae","Andrena","Andrena vaga",2.86,"Europa"
"Andrenidae","Andrena","Andrena variabilis",2.98,"Europa"
"Andrenidae","Andrena","Andrena varians",2.48,"Europa"
"Andrenidae","Andrena","Andrena vaulogeri",1.89,"Europa"
"Andrenidae","Andrena","Andrena ventralis",1.54,"Europa"
"Andrenidae","Andrena","Andrena ventricosa",1.72,"Europa"
"Andrenidae","Andrena","Andrena verticalis",1.25,"Europa"
"Andrenidae","Andrena","Andrena vetula",2.24,"Europa"
"Andrenidae","Andrena","Andrena villipes",2.71,"Europa"
"Andrenidae","Andrena","Andrena viridescens",1.42,"Europa"
"Andrenidae","Andrena","Andrena vulcana",2.83,"Europa"
"Andrenidae","Andrena","Andrena vulpecula",1.99,"Europa"
"Andrenidae","Andrena","Andrena westensis",2.3,"Europa"
"Andrenidae","Andrena","Andrena wilhelmi",2.58,"Europa"
"Andrenidae","Andrena","Andrena wilkella",2.36,"Europa"
"Andrenidae","Andrena","Andrena wollastoni",1.5,"Europa"
"Andrenidae","Cubiandrena","Cubiandrena cubiceps",2.41,"Europa"
"Megachilidae","Afranthidium","Afranthidium carduele",2.06,"Europa"
"Megachilidae","Afranthidium","Afranthidium schulthessii",2.17,"Europa"
"Megachilidae","Anthidiellum","Anthidiellum breviusculum",2.17,"Europa"
"Megachilidae","Anthidiellum","Anthidiellum strigatum",2.32,"Europa"
"Megachilidae","Anthidiellum","Anthidiellum troodicum",2.4,"Europa"
"Megachilidae","Anthidium","Anthidium caspicum",3.7,"Europa"
"Megachilidae","Anthidium","Anthidium cingulatum",3.69,"Europa"
"Megachilidae","Anthidium","Anthidium dalmaticum",3.02,"Europa"
"Megachilidae","Anthidium","Anthidium diadema",3.31,"Europa"
"Megachilidae","Anthidium","Anthidium florentinum",3.92,"Europa"
"Megachilidae","Anthidium","Anthidium loti",3.38,"Europa"
"Megachilidae","Anthidium","Anthidium manicatum",3.51,"Europa"
"Megachilidae","Anthidium","Anthidium montanum",2.91,"Europa"
"Megachilidae","Anthidium","Anthidium oblongatum",2.67,"Europa"
"Megachilidae","Anthidium","Anthidium punctatum",2.9,"Europa"
"Megachilidae","Anthidium","Anthidium rotundum",3.07,"Europa"
"Megachilidae","Anthidium","Anthidium septemspinosum",3.5,"Europa"
"Megachilidae","Anthidium","Anthidium spiniventre",3.07,"Europa"
"Megachilidae","Anthidium","Anthidium taeniatum",2.56,"Europa"
"Megachilidae","Anthidium","Anthidium undulatiforme",3.93,"Europa"
"Megachilidae","Anthidium","Anthidium undulatum",2.57,"Europa"
"Megachilidae","Anthidium","Anthidium wuestneii",3.35,"Europa"
"Megachilidae","Eoanthidium","Eoanthidium clypeare",2.39,"Europa"
"Megachilidae","Eoanthidium","Eoanthidium insulare",2.4,"Europa"
"Megachilidae","Eoanthidium","Eoanthidium nasiculum",2.01,"Europa"
"Megachilidae","Eoanthidium","Eoanthidium pasteelsi",2.22,"Europa"
"Megachilidae","Icteranthidium","Icteranthidium cimbiciforme",4.36,"Europa"
"Megachilidae","Icteranthidium","Icteranthidium ferrugineum",2.62,"Europa"
"Megachilidae","Icteranthidium","Icteranthidium grohmanni",3.07,"Europa"
"Megachilidae","Icteranthidium","Icteranthidium laterale",3.7,"Europa"
"Megachilidae","Pseudoanthidium","Pseudoanthidium alpinum",2.14,"Europa"
"Megachilidae","Pseudoanthidium","Pseudoanthidium canariense",2.91,"Europa"
"Megachilidae","Pseudoanthidium","Pseudoanthidium eximium",2.73,"Europa"
"Megachilidae","Pseudoanthidium","Pseudoanthidium kaspareki",2.05,"Europa"
"Megachilidae","Pseudoanthidium","Pseudoanthidium melanurum",3,"Europa"
"Megachilidae","Pseudoanthidium","Pseudoanthidium nanum",1.96,"Europa"
"Megachilidae","Pseudoanthidium","Pseudoanthidium reticulatum",2.9,"Europa"
"Megachilidae","Pseudoanthidium","Pseudoanthidium scapulare",2.24,"Europa"
"Megachilidae","Pseudoanthidium","Pseudoanthidium stigmaticorne",2.21,"Europa"
"Megachilidae","Pseudoanthidium","Pseudoanthidium tenellum",2.3,"Europa"
"Megachilidae","Rhodanthidium","Rhodanthidium acuminatum",3.94,"Europa"
"Megachilidae","Rhodanthidium","Rhodanthidium caturigense",2.82,"Europa"
"Megachilidae","Rhodanthidium","Rhodanthidium infuscatum",2.83,"Europa"
"Megachilidae","Rhodanthidium","Rhodanthidium rufocinctum",2.84,"Europa"
"Megachilidae","Rhodanthidium","Rhodanthidium septemdentatum",3.38,"Europa"
"Megachilidae","Rhodanthidium","Rhodanthidium siculum",3.48,"Europa"
"Megachilidae","Rhodanthidium","Rhodanthidium sticticum",3.6,"Europa"
"Megachilidae","Stelis","Stelis aculeata",2.7,"Europa"
"Megachilidae","Stelis","Stelis aegyptiaca",1.87,"Europa"
"Megachilidae","Stelis","Stelis annulata",2.71,"Europa"
"Megachilidae","Stelis","Stelis breviuscula",1.35,"Europa"
"Megachilidae","Stelis","Stelis denticulata",1.52,"Europa"
"Megachilidae","Stelis","Stelis franconica",2.48,"Europa"
"Megachilidae","Stelis","Stelis gigantea",2.84,"Europa"
"Megachilidae","Stelis","Stelis iugae",1.78,"Europa"
"Megachilidae","Stelis","Stelis minima",1,"Europa"
"Megachilidae","Stelis","Stelis minuta",1.34,"Europa"
"Megachilidae","Stelis","Stelis murina",2.56,"Europa"
"Megachilidae","Stelis","Stelis nasuta",1.77,"Europa"
"Megachilidae","Stelis","Stelis odontopyga",1.9,"Europa"
"Megachilidae","Stelis","Stelis orientalis",2.51,"Europa"
"Megachilidae","Stelis","Stelis ornatula",1.52,"Europa"
"Megachilidae","Stelis","Stelis ortizi",2.09,"Europa"
"Megachilidae","Stelis","Stelis pentelica",2.06,"Europa"
"Megachilidae","Stelis","Stelis phaeoptera",2.03,"Europa"
"Megachilidae","Stelis","Stelis punctulatissima",2.58,"Europa"
"Megachilidae","Stelis","Stelis rhodia",1.86,"Europa"
"Megachilidae","Stelis","Stelis ruficornis",2.57,"Europa"
"Megachilidae","Stelis","Stelis scutellaris",2.33,"Europa"
"Megachilidae","Stelis","Stelis signata",1.99,"Europa"
"Megachilidae","Stelis","Stelis simillima",2.53,"Europa"
"Megachilidae","Trachusa","Trachusa balcanica",8.02,"Europa"
"Megachilidae","Trachusa","Trachusa byssina",3.27,"Europa"
"Megachilidae","Trachusa","Trachusa dumerlei",4.13,"Europa"
"Megachilidae","Trachusa","Trachusa integra",7.45,"Europa"
"Megachilidae","Trachusa","Trachusa interrupta",3.54,"Europa"
"Megachilidae","Trachusa","Trachusa laeviventris",4.06,"Europa"
"Megachilidae","Trachusa","Trachusa laticeps",4.39,"Europa"
"Megachilidae","Trachusa","Trachusa pubescens",4.53,"Europa"
"Apidae","Amegilla","Amegilla albigena",3.12,"Europa"
"Apidae","Amegilla","Amegilla canifrons",5.38,"Europa"
"Apidae","Amegilla","Amegilla fasciata",3.95,"Europa"
"Apidae","Amegilla","Amegilla garrula",4.45,"Europa"
"Apidae","Amegilla","Amegilla ochroleuca",3.82,"Europa"
"Apidae","Amegilla","Amegilla quadrifasciata",4.02,"Europa"
"Apidae","Amegilla","Amegilla salviae",3.35,"Europa"
"Apidae","Amegilla","Amegilla savignyi",3.86,"Europa"
"Apidae","Amegilla","Amegilla velocissima",3.09,"Europa"
"Apidae","Anthophora","Anthophora alluaudi",4.16,"Europa"
"Apidae","Anthophora","Anthophora astragali",3.5,"Europa"
"Apidae","Anthophora","Anthophora atriceps",3.54,"Europa"
"Apidae","Anthophora","Anthophora atroalba",3.88,"Europa"
"Apidae","Anthophora","Anthophora balassogloi",4,"Europa"
"Apidae","Anthophora","Anthophora balearica",3.71,"Europa"
"Apidae","Anthophora","Anthophora balneorum",3.91,"Europa"
"Apidae","Anthophora","Anthophora bimaculata",3.19,"Europa"
"Apidae","Anthophora","Anthophora borealis",3.24,"Europa"
"Apidae","Anthophora","Anthophora canescens",4.78,"Europa"
"Apidae","Anthophora","Anthophora cinerascens",5,"Europa"
"Apidae","Anthophora","Anthophora crinipes",3.68,"Europa"
"Apidae","Anthophora","Anthophora crysocnemis",4.5,"Europa"
"Apidae","Anthophora","Anthophora dalmatica",3.76,"Europa"
"Apidae","Anthophora","Anthophora deserticola",4.5,"Europa"
"Apidae","Anthophora","Anthophora dispar",4.36,"Europa"
"Apidae","Anthophora","Anthophora dubia",4.5,"Europa"
"Apidae","Anthophora","Anthophora dufourii",4.49,"Europa"
"Apidae","Anthophora","Anthophora fulvipes",3.59,"Europa"
"Apidae","Anthophora","Anthophora fulvitarsis",5.05,"Europa"
"Apidae","Anthophora","Anthophora fulvodimidiata",3.05,"Europa"
"Apidae","Anthophora","Anthophora furcata",3.17,"Europa"
"Apidae","Anthophora","Anthophora gracilipes",4.5,"Europa"
"Apidae","Anthophora","Anthophora harmalae",3.5,"Europa"
"Apidae","Anthophora","Anthophora ireos",4,"Europa"
"Apidae","Anthophora","Anthophora lanzarotensis",2.97,"Europa"
"Apidae","Anthophora","Anthophora lieftincki",3.13,"Europa"
"Apidae","Anthophora","Anthophora mucida",4.45,"Europa"
"Apidae","Anthophora","Anthophora nigriceps",3.73,"Europa"
"Apidae","Anthophora","Anthophora nigrovittata",3.49,"Europa"
"Apidae","Anthophora","Anthophora orientalis",3.53,"Europa"
"Apidae","Anthophora","Anthophora orotavae",3.12,"Europa"
"Apidae","Anthophora","Anthophora pedata",3.96,"Europa"
"Apidae","Anthophora","Anthophora plagiata",4.1,"Europa"
"Apidae","Anthophora","Anthophora plumipes",4.26,"Europa"
"Apidae","Anthophora","Anthophora ponomarevae",3.5,"Europa"
"Apidae","Anthophora","Anthophora porphyrea",6.32,"Europa"
"Apidae","Anthophora","Anthophora pubescens",3.32,"Europa"
"Apidae","Anthophora","Anthophora pulverosa",3.24,"Europa"
"Apidae","Anthophora","Anthophora punctilabris",4.5,"Europa"
"Apidae","Anthophora","Anthophora purpuraria",5.04,"Europa"
"Apidae","Anthophora","Anthophora quadricolor",4.12,"Europa"
"Apidae","Anthophora","Anthophora quadrimaculata",3.26,"Europa"
"Apidae","Anthophora","Anthophora raddei",4,"Europa"
"Apidae","Anthophora","Anthophora retusa",3.73,"Europa"
"Apidae","Anthophora","Anthophora robusta",4.96,"Europa"
"Apidae","Anthophora","Anthophora rogenhoferi",3.52,"Europa"
"Apidae","Anthophora","Anthophora romandii",4.03,"Europa"
"Apidae","Anthophora","Anthophora segnis",4,"Europa"
"Apidae","Anthophora","Anthophora senescens",4.07,"Europa"
"Apidae","Anthophora","Anthophora sichelii",3.96,"Europa"
"Apidae","Anthophora","Anthophora socia",4,"Europa"
"Apidae","Anthophora","Anthophora testaceipes",3.83,"Europa"
"Apidae","Anthophora","Anthophora ventilabris",3.78,"Europa"
"Apidae","Anthophora","Anthophora vernalis",5,"Europa"
"Apidae","Habropoda","Habropoda ezonata",4.24,"Europa"
"Apidae","Habropoda","Habropoda tarsata",4.49,"Europa"
"Apidae","Habropoda","Habropoda zonatula",3.88,"Europa"
"Apidae","Melecta","Melecta aegyptiaca",3.19,"Europa"
"Apidae","Melecta","Melecta albifrons",3.59,"Europa"
"Apidae","Melecta","Melecta caroli",3.02,"Europa"
"Apidae","Melecta","Melecta curvispina",3,"Europa"
"Apidae","Melecta","Melecta festiva",3.13,"Europa"
"Apidae","Melecta","Melecta fulgida",3.07,"Europa"
"Apidae","Melecta","Melecta funeraria",4,"Europa"
"Apidae","Melecta","Melecta guilochei",2.85,"Europa"
"Apidae","Melecta","Melecta italica",2.98,"Europa"
"Apidae","Melecta","Melecta leucorhyncha",2.92,"Europa"
"Apidae","Melecta","Melecta luctuosa",3.08,"Europa"
"Apidae","Melecta","Melecta obscura",3.83,"Europa"
"Apidae","Melecta","Melecta tuberculata",3.5,"Europa"
"Apidae","Thyreus","Thyreus affinis",2.4,"Europa"
"Apidae","Thyreus","Thyreus hirtus",3.44,"Europa"
"Apidae","Thyreus","Thyreus histrionicus",3.05,"Europa"
"Apidae","Thyreus","Thyreus hohmanni",4.17,"Europa"
"Apidae","Thyreus","Thyreus orbatus",2.98,"Europa"
"Apidae","Thyreus","Thyreus picaron",3.09,"Europa"
"Apidae","Thyreus","Thyreus ramosus",2.37,"Europa"
"Apidae","Thyreus","Thyreus truncatus",2.5,"Europa"
"Apidae","Apis","Apis mellifera",3.01,"Europa"
"Apidae","Bombus","Bombus alpinus",3.89,"Europa"
"Apidae","Bombus","Bombus argillaceus",4.71,"Europa"
"Apidae","Bombus","Bombus armeniacus",4.78,"Europa"
"Apidae","Bombus","Bombus balteatus",4.09,"Europa"
"Apidae","Bombus","Bombus barbutellus",5.22,"Europa"
"Apidae","Bombus","Bombus bohemicus",4.86,"Europa"
"Apidae","Bombus","Bombus brodmannicus",3.91,"Europa"
"Apidae","Bombus","Bombus campestris",4.66,"Europa"
"Apidae","Bombus","Bombus cingulatus",3.28,"Europa"
"Apidae","Bombus","Bombus confusus",4.6,"Europa"
"Apidae","Bombus","Bombus consobrinus",3.68,"Europa"
"Apidae","Bombus","Bombus cryptarum",4.25,"Europa"
"Apidae","Bombus","Bombus cullumanus",4.19,"Europa"
"Apidae","Bombus","Bombus deuteronymus",3.41,"Europa"
"Apidae","Bombus","Bombus distinguendus",5.52,"Europa"
"Apidae","Bombus","Bombus flavidus",4.86,"Europa"
"Apidae","Bombus","Bombus fragrans",5.9,"Europa"
"Apidae","Bombus","Bombus gerstaeckeri",4.72,"Europa"
"Apidae","Bombus","Bombus haematurus",4.12,"Europa"
"Apidae","Bombus","Bombus hortorum",4.54,"Europa"
"Apidae","Bombus","Bombus humilis",3.96,"Europa"
"Apidae","Bombus","Bombus hyperboreus",7.6,"Europa"
"Apidae","Bombus","Bombus hypnorum",4.07,"Europa"
"Apidae","Bombus","Bombus jonellus",5.08,"Europa"
"Apidae","Bombus","Bombus laesus",3.68,"Europa"
"Apidae","Bombus","Bombus lapidarius",4.28,"Europa"
"Apidae","Bombus","Bombus lapponicus",3.92,"Europa"
"Apidae","Bombus","Bombus lucorum",4.28,"Europa"
"Apidae","Bombus","Bombus mendax",4.56,"Europa"
"Apidae","Bombus","Bombus mesomelas",4.48,"Europa"
"Apidae","Bombus","Bombus monticola",4.03,"Europa"
"Apidae","Bombus","Bombus mucidus",3.83,"Europa"
"Apidae","Bombus","Bombus muscorum",4.21,"Europa"
"Apidae","Bombus","Bombus niveatus",5.11,"Europa"
"Apidae","Bombus","Bombus norvegicus",5.07,"Europa"
"Apidae","Bombus","Bombus pascuorum",3.91,"Europa"
"Apidae","Bombus","Bombus pomorum",4.55,"Europa"
"Apidae","Bombus","Bombus pratorum",4.03,"Europa"
"Apidae","Bombus","Bombus pyrenaeus",3.58,"Europa"
"Apidae","Bombus","Bombus pyrrhopygus",3.95,"Europa"
"Apidae","Bombus","Bombus quadricolor",4.6,"Europa"
"Apidae","Bombus","Bombus renardi",3.78,"Europa"
"Apidae","Bombus","Bombus ruderarius",3.89,"Europa"
"Apidae","Bombus","Bombus ruderatus",5.04,"Europa"
"Apidae","Bombus","Bombus rupestris",5.62,"Europa"
"Apidae","Bombus","Bombus semenoviellus",4.48,"Europa"
"Apidae","Bombus","Bombus sichelii",3.8,"Europa"
"Apidae","Bombus","Bombus soroeensis",3.98,"Europa"
"Apidae","Bombus","Bombus sporadicus",4.3,"Europa"
"Apidae","Bombus","Bombus subterraneus",4.95,"Europa"
"Apidae","Bombus","Bombus sylvarum",3.53,"Europa"
"Apidae","Bombus","Bombus sylvestris",4.33,"Europa"
"Apidae","Bombus","Bombus terrestris",4.69,"Europa"
"Apidae","Bombus","Bombus vestalis",5.21,"Europa"
"Apidae","Bombus","Bombus veteranus",4.73,"Europa"
"Apidae","Bombus","Bombus wurflenii",3.78,"Europa"
"Apidae","Bombus","Bombus xanthopus",4.93,"Europa"
"Apidae","Bombus","Bombus zonatus",5.08,"Europa"
"Colletidae","Colletes","Colletes abeillei",2.87,"Europa"
"Colletidae","Colletes","Colletes acutiformis",2.8,"Europa"
"Colletidae","Colletes","Colletes acutus",2.78,"Europa"
"Colletidae","Colletes","Colletes albomaculatus",2.96,"Europa"
"Colletidae","Colletes","Colletes anceps",2.93,"Europa"
"Colletidae","Colletes","Colletes anchusae",2.69,"Europa"
"Colletidae","Colletes","Colletes brevigena",2.99,"Europa"
"Colletidae","Colletes","Colletes canescens",3,"Europa"
"Colletidae","Colletes","Colletes carinatus",2.87,"Europa"
"Colletidae","Colletes","Colletes cariniger",3.08,"Europa"
"Colletidae","Colletes","Colletes caskanus",3.31,"Europa"
"Colletidae","Colletes","Colletes caspicus",3.24,"Europa"
"Colletidae","Colletes","Colletes chengtehensis",2.12,"Europa"
"Colletidae","Colletes","Colletes collaris",3.14,"Europa"
"Colletidae","Colletes","Colletes conradti",2.28,"Europa"
"Colletidae","Colletes","Colletes creticus",2.78,"Europa"
"Colletidae","Colletes","Colletes cunicularius",3.33,"Europa"
"Colletidae","Colletes","Colletes cyprius",2.69,"Europa"
"Colletidae","Colletes","Colletes daviesanus",2.41,"Europa"
"Colletidae","Colletes","Colletes dimidiatus",3.84,"Europa"
"Colletidae","Colletes","Colletes dinizi",2.1,"Europa"
"Colletidae","Colletes","Colletes dusmeti",3.23,"Europa"
"Colletidae","Colletes","Colletes eous",2.63,"Europa"
"Colletidae","Colletes","Colletes escalerai",2.85,"Europa"
"Colletidae","Colletes","Colletes floralis",2.51,"Europa"
"Colletidae","Colletes","Colletes fodiens",2.46,"Europa"
"Colletidae","Colletes","Colletes foveolaris",2.59,"Europa"
"Colletidae","Colletes","Colletes gallicus",2.88,"Europa"
"Colletidae","Colletes","Colletes graeffei",2.79,"Europa"
"Colletidae","Colletes","Colletes halophilus",3.27,"Europa"
"Colletidae","Colletes","Colletes hederae",3.32,"Europa"
"Colletidae","Colletes","Colletes hethiticus",2.25,"Europa"
"Colletidae","Colletes","Colletes hylaeiformis",2.73,"Europa"
"Colletidae","Colletes","Colletes impunctatus",2.31,"Europa"
"Colletidae","Colletes","Colletes inexpectatus",2.33,"Europa"
"Colletidae","Colletes","Colletes intricans",2.72,"Europa"
"Colletidae","Colletes","Colletes jansmiti",2.88,"Europa"
"Colletidae","Colletes","Colletes kozlovi",2.31,"Europa"
"Colletidae","Colletes","Colletes ligatus",2.3,"Europa"
"Colletidae","Colletes","Colletes maidli",2.66,"Europa"
"Colletidae","Colletes","Colletes marginatus",2.17,"Europa"
"Colletidae","Colletes","Colletes merceti",2,"Europa"
"Colletidae","Colletes","Colletes meyeri",2.94,"Europa"
"Colletidae","Colletes","Colletes mlokossewiczi",2.32,"Europa"
"Colletidae","Colletes","Colletes moricei",2.29,"Europa"
"Colletidae","Colletes","Colletes nasutus",3.42,"Europa"
"Colletidae","Colletes","Colletes nigricans",2.67,"Europa"
"Colletidae","Colletes","Colletes noskiewiczi",2.13,"Europa"
"Colletidae","Colletes","Colletes pannonicus",2.74,"Europa"
"Colletidae","Colletes","Colletes perezi",3.01,"Europa"
"Colletidae","Colletes","Colletes pulchellus",2.19,"Europa"
"Colletidae","Colletes","Colletes punctatus",2.74,"Europa"
"Colletidae","Colletes","Colletes schmidi",2.71,"Europa"
"Colletidae","Colletes","Colletes senilis",1.86,"Europa"
"Colletidae","Colletes","Colletes sidemii",2.84,"Europa"
"Colletidae","Colletes","Colletes sierrensis",2.33,"Europa"
"Colletidae","Colletes","Colletes similis",2.41,"Europa"
"Colletidae","Colletes","Colletes squamulosus",3.01,"Europa"
"Colletidae","Colletes","Colletes subnitens",1.57,"Europa"
"Colletidae","Colletes","Colletes succinctus",2.99,"Europa"
"Colletidae","Colletes","Colletes tuberculatus",2.35,"Europa"
"Colletidae","Colletes","Colletes tuberculiger",2.27,"Europa"
"Colletidae","Colletes","Colletes wacki",2.5,"Europa"
"Colletidae","Colletes","Colletes wolfi",3.01,"Europa"
"Megachilidae","Aglaoapis","Aglaoapis tridentata",1.81,"Europa"
"Apidae","Ammobates","Ammobates armeniacus",1.78,"Europa"
"Apidae","Ammobates","Ammobates biastoides",1.39,"Europa"
"Apidae","Ammobates","Ammobates dusmeti",1.97,"Europa"
"Apidae","Ammobates","Ammobates mavromoustakisi",1.76,"Europa"
"Apidae","Ammobates","Ammobates muticus",1.8,"Europa"
"Apidae","Ammobates","Ammobates opacus",1.88,"Europa"
"Apidae","Ammobates","Ammobates oraniensis",2.1,"Europa"
"Apidae","Ammobates","Ammobates punctatus",1.87,"Europa"
"Apidae","Ammobates","Ammobates rufiventris",2.14,"Europa"
"Apidae","Ammobates","Ammobates similis",2.03,"Europa"
"Apidae","Ammobates","Ammobates verhoeffi",1.68,"Europa"
"Apidae","Ammobates","Ammobates vinctus",2.03,"Europa"
"Apidae","Ammobatoides","Ammobatoides abdominalis",2.92,"Europa"
"Apidae","Ammobatoides","Ammobatoides luctuosus",2.37,"Europa"
"Apidae","Ammobatoides","Ammobatoides scriptus",2.75,"Europa"
"Apidae","Biastes","Biastes brevicornis",1.9,"Europa"
"Apidae","Biastes","Biastes emarginatus",1.43,"Europa"
"Apidae","Biastes","Biastes truncatus",1.25,"Europa"
"Apidae","Chiasmognathus","Chiasmognathus orientanus",0.64,"Europa"
"Megachilidae","Coelioxys","Coelioxys acanthopyga",2.11,"Europa"
"Megachilidae","Coelioxys","Coelioxys acanthurus",2.45,"Europa"
"Megachilidae","Coelioxys","Coelioxys afer",2.07,"Europa"
"Megachilidae","Coelioxys","Coelioxys alatus",2.82,"Europa"
"Megachilidae","Coelioxys","Coelioxys argenteus",2.86,"Europa"
"Megachilidae","Coelioxys","Coelioxys artemis",1.81,"Europa"
"Megachilidae","Coelioxys","Coelioxys aurolimbatus",3.09,"Europa"
"Megachilidae","Coelioxys","Coelioxys brevis",2.16,"Europa"
"Megachilidae","Coelioxys","Coelioxys caudatus",2.35,"Europa"
"Megachilidae","Coelioxys","Coelioxys conoideus",3.16,"Europa"
"Megachilidae","Coelioxys","Coelioxys coturnix",2.1,"Europa"
"Megachilidae","Coelioxys","Coelioxys decipiens",2.41,"Europa"
"Megachilidae","Coelioxys","Coelioxys elegantulus",2.11,"Europa"
"Megachilidae","Coelioxys","Coelioxys elongatus",2.95,"Europa"
"Megachilidae","Coelioxys","Coelioxys elsei",2.25,"Europa"
"Megachilidae","Coelioxys","Coelioxys emarginatus",3.06,"Europa"
"Megachilidae","Coelioxys","Coelioxys haemorrhoa",2.01,"Europa"
"Megachilidae","Coelioxys","Coelioxys inermis",2.73,"Europa"
"Megachilidae","Coelioxys","Coelioxys lanceolatus",2.99,"Europa"
"Megachilidae","Coelioxys","Coelioxys mandibularis",2.45,"Europa"
"Megachilidae","Coelioxys","Coelioxys obtusispina",3.15,"Europa"
"Megachilidae","Coelioxys","Coelioxys obtusus",1.98,"Europa"
"Megachilidae","Coelioxys","Coelioxys osmiae",2.61,"Europa"
"Megachilidae","Coelioxys","Coelioxys polycentris",2.26,"Europa"
"Megachilidae","Coelioxys","Coelioxys quadridentatus",2.54,"Europa"
"Megachilidae","Coelioxys","Coelioxys rufescens",2.91,"Europa"
"Megachilidae","Dioxys","Dioxys ardens",2.51,"Europa"
"Megachilidae","Dioxys","Dioxys atlantica",1.42,"Europa"
"Megachilidae","Dioxys","Dioxys cincta",2.33,"Europa"
"Megachilidae","Dioxys","Dioxys moesta",1.78,"Europa"
"Megachilidae","Dioxys","Dioxys pumila",1.22,"Europa"
"Megachilidae","Ensliniana","Ensliniana bidentata",2.21,"Europa"
"Apidae","Epeoloides","Epeoloides coecutiens",2.1,"Europa"
"Apidae","Epeolus","Epeolus alpinus",1.85,"Europa"
"Apidae","Epeolus","Epeolus aureovestitus",1.89,"Europa"
"Apidae","Epeolus","Epeolus compar",2.27,"Europa"
"Apidae","Epeolus","Epeolus cruciger",1.86,"Europa"
"Apidae","Epeolus","Epeolus fallax",2.51,"Europa"
"Apidae","Epeolus","Epeolus flavociliatus",1.75,"Europa"
"Apidae","Epeolus","Epeolus ibericus",1.74,"Europa"
"Apidae","Epeolus","Epeolus intermedius",1.95,"Europa"
"Apidae","Epeolus","Epeolus julliani",1.78,"Europa"
"Apidae","Epeolus","Epeolus productulus",1.79,"Europa"
"Apidae","Epeolus","Epeolus schummeli",2.39,"Europa"
"Apidae","Epeolus","Epeolus siculus",2.07,"Europa"
"Apidae","Epeolus","Epeolus sigillatus",2.02,"Europa"
"Apidae","Epeolus","Epeolus tarsalis",1.95,"Europa"
"Apidae","Epeolus","Epeolus transitorius",2.22,"Europa"
"Apidae","Epeolus","Epeolus variegatus",1.85,"Europa"
"Megachilidae","Metadioxys","Metadioxys graecus",1.91,"Europa"
"Megachilidae","Paradioxys","Paradioxys pannonicus",1.54,"Europa"
"Apidae","Parammobatodes","Parammobatodes maroccanus",1.48,"Europa"
"Apidae","Parammobatodes","Parammobatodes minutus",1.17,"Europa"
"Apidae","Pasites","Pasites maculatus",1.43,"Europa"
"Apidae","Schmiedeknechtia","Schmiedeknechtia oraniensis",1.04,"Europa"
"Apidae","Triepeolus","Triepeolus tristis",2.33,"Europa"
"Apidae","Eucera","Eucera aequata",3.5,"Europa"
"Apidae","Eucera","Eucera albofasciata",2.91,"Europa"
"Apidae","Eucera","Eucera algira",3.65,"Europa"
"Apidae","Eucera","Eucera barbiventris",3.75,"Europa"
"Apidae","Eucera","Eucera bidentata",2.19,"Europa"
"Apidae","Eucera","Eucera brachycera",4.23,"Europa"
"Apidae","Eucera","Eucera breviceps",4.06,"Europa"
"Apidae","Eucera","Eucera caerulescens",2.14,"Europa"
"Apidae","Eucera","Eucera caspica",3.53,"Europa"
"Apidae","Eucera","Eucera cineraria",2.73,"Europa"
"Apidae","Eucera","Eucera clypeata",3.05,"Europa"
"Apidae","Eucera","Eucera codinai",3.59,"Europa"
"Apidae","Eucera","Eucera collaris",3.37,"Europa"
"Apidae","Eucera","Eucera confinis",3.08,"Europa"
"Apidae","Eucera","Eucera curvitarsis",3.37,"Europa"
"Apidae","Eucera","Eucera cypria",3.45,"Europa"
"Apidae","Eucera","Eucera dafnii",3.7,"Europa"
"Apidae","Eucera","Eucera dalmatica",3.86,"Europa"
"Apidae","Eucera","Eucera digitata",2.41,"Europa"
"Apidae","Eucera","Eucera dimidiata",3.78,"Europa"
"Apidae","Eucera","Eucera ebmeri",3.17,"Europa"
"Apidae","Eucera","Eucera elongatula",2.76,"Europa"
"Apidae","Eucera","Eucera excisa",3.14,"Europa"
"Apidae","Eucera","Eucera fasciata",2.7,"Europa"
"Apidae","Eucera","Eucera ferghanica",3.14,"Europa"
"Apidae","Eucera","Eucera flavicornis",2.37,"Europa"
"Apidae","Eucera","Eucera furfurea",3.28,"Europa"
"Apidae","Eucera","Eucera gaullei",2.78,"Europa"
"Apidae","Eucera","Eucera gracilipes",3.84,"Europa"
"Apidae","Eucera","Eucera grisea",2.55,"Europa"
"Apidae","Eucera","Eucera helvola",3.46,"Europa"
"Apidae","Eucera","Eucera hispana",3.66,"Europa"
"Apidae","Eucera","Eucera hungarica",4.33,"Europa"
"Apidae","Eucera","Eucera intermedia",3.05,"Europa"
"Apidae","Eucera","Eucera interrupta",3.16,"Europa"
"Apidae","Eucera","Eucera kullenbergi",3.36,"Europa"
"Apidae","Eucera","Eucera lanuginosa",5.04,"Europa"
"Apidae","Eucera","Eucera laxiscopa",2.52,"Europa"
"Apidae","Eucera","Eucera longicornis",3.5,"Europa"
"Apidae","Eucera","Eucera maroccana",2.98,"Europa"
"Apidae","Eucera","Eucera mastrucata",2.91,"Europa"
"Apidae","Eucera","Eucera mediterranea",4.79,"Europa"
"Apidae","Eucera","Eucera melectoides",3.11,"Europa"
"Apidae","Eucera","Eucera microsoma",2.06,"Europa"
"Apidae","Eucera","Eucera morio",4.88,"Europa"
"Apidae","Eucera","Eucera nigrescens",3.56,"Europa"
"Apidae","Eucera","Eucera nigrifacies",2.58,"Europa"
"Apidae","Eucera","Eucera nigrilabris",3.9,"Europa"
"Apidae","Eucera","Eucera notata",3.66,"Europa"
"Apidae","Eucera","Eucera numida",4.09,"Europa"
"Apidae","Eucera","Eucera obliterata",2.64,"Europa"
"Apidae","Eucera","Eucera obscura",3.68,"Europa"
"Apidae","Eucera","Eucera oraniensis",2.78,"Europa"
"Apidae","Eucera","Eucera palaestinae",3.05,"Europa"
"Apidae","Eucera","Eucera pannonica",3.49,"Europa"
"Apidae","Eucera","Eucera paraclypeata",2.69,"Europa"
"Apidae","Eucera","Eucera parnassia",2.88,"Europa"
"Apidae","Eucera","Eucera parvicornis",3.43,"Europa"
"Apidae","Eucera","Eucera penicillata",2.39,"Europa"
"Apidae","Eucera","Eucera plumigera",3.82,"Europa"
"Apidae","Eucera","Eucera pollinaris",3.83,"Europa"
"Apidae","Eucera","Eucera pollinosa",3.59,"Europa"
"Apidae","Eucera","Eucera proxima",3.19,"Europa"
"Apidae","Eucera","Eucera pseudeucnemidea",2.42,"Europa"
"Apidae","Eucera","Eucera punctatissima",3.2,"Europa"
"Apidae","Eucera","Eucera puncticollis",2.56,"Europa"
"Apidae","Eucera","Eucera punctulata",3.28,"Europa"
"Apidae","Eucera","Eucera rufa",4.34,"Europa"
"Apidae","Eucera","Eucera ruficollis",4.28,"Europa"
"Apidae","Eucera","Eucera rufipes",3.02,"Europa"
"Apidae","Eucera","Eucera seminuda",2.91,"Europa"
"Apidae","Eucera","Eucera sogdiana",3.2,"Europa"
"Apidae","Eucera","Eucera squamosa",3.82,"Europa"
"Apidae","Eucera","Eucera syriaca",2.78,"Europa"
"Apidae","Eucera","Eucera taurea",4.31,"Europa"
"Apidae","Eucera","Eucera taurica",3.97,"Europa"
"Apidae","Eucera","Eucera terminata",3,"Europa"
"Apidae","Eucera","Eucera transitoria",3.54,"Europa"
"Apidae","Eucera","Eucera tricincta",3.82,"Europa"
"Apidae","Eucera","Eucera tristis",4.22,"Europa"
"Apidae","Eucera","Eucera velutina",2.86,"Europa"
"Apidae","Eucera","Eucera vernalis",3.4,"Europa"
"Apidae","Eucera","Eucera vittulata",3.05,"Europa"
"Apidae","Eucera","Eucera vulpes",2.3,"Europa"
"Apidae","Tetralonia","Tetralonia alticincta",2.33,"Europa"
"Apidae","Tetralonia","Tetralonia cinctella",2.94,"Europa"
"Apidae","Tetralonia","Tetralonia dentata",3.4,"Europa"
"Apidae","Tetralonia","Tetralonia fulvescens",2.93,"Europa"
"Apidae","Tetralonia","Tetralonia glauca",2.75,"Europa"
"Apidae","Tetralonia","Tetralonia graja",3.45,"Europa"
"Apidae","Tetralonia","Tetralonia hohmanni",3.09,"Europa"
"Apidae","Tetralonia","Tetralonia iberica",2.05,"Europa"
"Apidae","Tetralonia","Tetralonia inulae",2.68,"Europa"
"Apidae","Tetralonia","Tetralonia julliani",2.52,"Europa"
"Apidae","Tetralonia","Tetralonia lanzarotensis",2.47,"Europa"
"Apidae","Tetralonia","Tetralonia lyncea",3.18,"Europa"
"Apidae","Tetralonia","Tetralonia malvae",3.14,"Europa"
"Apidae","Tetralonia","Tetralonia nana",2.48,"Europa"
"Apidae","Tetralonia","Tetralonia pollinosa",3.53,"Europa"
"Apidae","Tetralonia","Tetralonia ruficornis",2.1,"Europa"
"Apidae","Tetralonia","Tetralonia salicariae",2.71,"Europa"
"Apidae","Tetralonia","Tetralonia scabiosae",2.76,"Europa"
"Apidae","Tetralonia","Tetralonia strigata",3.22,"Europa"
"Apidae","Tetralonia","Tetralonia vicina",2.64,"Europa"
"Halictidae","Dufourea","Dufourea balearica",1.24,"Europa"
"Halictidae","Dufourea","Dufourea cypria",0.9,"Europa"
"Halictidae","Dufourea","Dufourea dentiventris",1.58,"Europa"
"Halictidae","Dufourea","Dufourea gaullei",1.35,"Europa"
"Halictidae","Dufourea","Dufourea graeca",1.21,"Europa"
"Halictidae","Dufourea","Dufourea halictula",1,"Europa"
"Halictidae","Dufourea","Dufourea inermis",1.59,"Europa"
"Halictidae","Dufourea","Dufourea longiglossa",1.55,"Europa"
"Halictidae","Dufourea","Dufourea lusitanica",0.86,"Europa"
"Halictidae","Dufourea","Dufourea minuta",1.1,"Europa"
"Halictidae","Dufourea","Dufourea similis",1.18,"Europa"
"Halictidae","Dufourea","Dufourea styx",1.09,"Europa"
"Halictidae","Dufourea","Dufourea trautmanni",1.26,"Europa"
"Halictidae","Dufourea","Dufourea wolfi",1.18,"Europa"
"Halictidae","Halictus","Halictus alfkenellus",2.57,"Europa"
"Halictidae","Halictus","Halictus asperulus",1.56,"Europa"
"Halictidae","Halictus","Halictus brunnescens",3.07,"Europa"
"Halictidae","Halictus","Halictus carinthiacus",2.29,"Europa"
"Halictidae","Halictus","Halictus centaureae",1.77,"Europa"
"Halictidae","Halictus","Halictus cochlearitarsis",2.39,"Europa"
"Halictidae","Halictus","Halictus compressus",1.86,"Europa"
"Halictidae","Halictus","Halictus consobrinus",1.42,"Europa"
"Halictidae","Halictus","Halictus constantinensis",2.32,"Europa"
"Halictidae","Halictus","Halictus crenicornis",2.21,"Europa"
"Halictidae","Halictus","Halictus fatsensis",2.11,"Europa"
"Halictidae","Halictus","Halictus fulvipes",2.06,"Europa"
"Halictidae","Halictus","Halictus graecus",2.58,"Europa"
"Halictidae","Halictus","Halictus grossellus",1.93,"Europa"
"Halictidae","Halictus","Halictus gruenwaldti",1.72,"Europa"
"Halictidae","Halictus","Halictus holomelaenus",2.08,"Europa"
"Halictidae","Halictus","Halictus langobardicus",2.03,"Europa"
"Halictidae","Halictus","Halictus luganicus",2.28,"Europa"
"Halictidae","Halictus","Halictus lussinicus",2.01,"Europa"
"Halictidae","Halictus","Halictus maculatus",1.49,"Europa"
"Halictidae","Halictus","Halictus mediterranellus",2.13,"Europa"
"Halictidae","Halictus","Halictus minor",2.07,"Europa"
"Halictidae","Halictus","Halictus nicosiae",1.98,"Europa"
"Halictidae","Halictus","Halictus patellatus",2.31,"Europa"
"Halictidae","Halictus","Halictus pyrenaeus",2.22,"Europa"
"Halictidae","Halictus","Halictus quadricinctus",2.85,"Europa"
"Halictidae","Halictus","Halictus quadripartitus",2.24,"Europa"
"Halictidae","Halictus","Halictus resurgens",1.98,"Europa"
"Halictidae","Halictus","Halictus rubicundus",2.1,"Europa"
"Halictidae","Halictus","Halictus sajoi",2,"Europa"
"Halictidae","Halictus","Halictus scabiosae",2.52,"Europa"
"Halictidae","Halictus","Halictus senilis",1.92,"Europa"
"Halictidae","Halictus","Halictus sexcinctus",2.82,"Europa"
"Halictidae","Halictus","Halictus simplex",1.88,"Europa"
"Halictidae","Halictus","Halictus tetrazonianellus",2.18,"Europa"
"Halictidae","Halictus","Halictus tetrazonius",1.94,"Europa"
"Halictidae","Halictus","Halictus tridivisus",2.16,"Europa"
"Halictidae","Lasioglossum","Lasioglossum acephaloides",1.92,"Europa"
"Halictidae","Lasioglossum","Lasioglossum aegyptiellum",2.12,"Europa"
"Halictidae","Lasioglossum","Lasioglossum aeratum",1.08,"Europa"
"Halictidae","Lasioglossum","Lasioglossum akroundicum",1.22,"Europa"
"Halictidae","Lasioglossum","Lasioglossum albipes",1.59,"Europa"
"Halictidae","Lasioglossum","Lasioglossum albocinctum",2.6,"Europa"
"Halictidae","Lasioglossum","Lasioglossum albovirens",0.98,"Europa"
"Halictidae","Lasioglossum","Lasioglossum algericolellum",1.04,"Europa"
"Halictidae","Lasioglossum","Lasioglossum algirum",1.24,"Europa"
"Halictidae","Lasioglossum","Lasioglossum alinense",1.85,"Europa"
"Halictidae","Lasioglossum","Lasioglossum alpigenum",1.35,"Europa"
"Halictidae","Lasioglossum","Lasioglossum andromeda",1.02,"Europa"
"Halictidae","Lasioglossum","Lasioglossum anellum",1.19,"Europa"
"Halictidae","Lasioglossum","Lasioglossum angusticeps",1.29,"Europa"
"Halictidae","Lasioglossum","Lasioglossum angustipes",1.35,"Europa"
"Halictidae","Lasioglossum","Lasioglossum annulipes",1.15,"Europa"
"Halictidae","Lasioglossum","Lasioglossum apostoli",0.92,"Europa"
"Halictidae","Lasioglossum","Lasioglossum arctifrons",1.1,"Europa"
"Halictidae","Lasioglossum","Lasioglossum articulare",1.68,"Europa"
"Halictidae","Lasioglossum","Lasioglossum asellum",1.47,"Europa"
"Halictidae","Lasioglossum","Lasioglossum aureolum",1.2,"Europa"
"Halictidae","Lasioglossum","Lasioglossum bavaricum",1.24,"Europa"
"Halictidae","Lasioglossum","Lasioglossum bicallosum",1.46,"Europa"
"Halictidae","Lasioglossum","Lasioglossum bimaculatum",1.86,"Europa"
"Halictidae","Lasioglossum","Lasioglossum bischoffi",1.66,"Europa"
"Halictidae","Lasioglossum","Lasioglossum bluethgeni",1.43,"Europa"
"Halictidae","Lasioglossum","Lasioglossum brevicorne",1.37,"Europa"
"Halictidae","Lasioglossum","Lasioglossum breviventre",1.74,"Europa"
"Halictidae","Lasioglossum","Lasioglossum buccale",1.82,"Europa"
"Halictidae","Lasioglossum","Lasioglossum calceatum",1.77,"Europa"
"Halictidae","Lasioglossum","Lasioglossum callizonium",2.24,"Europa"
"Halictidae","Lasioglossum","Lasioglossum capitale",1.34,"Europa"
"Halictidae","Lasioglossum","Lasioglossum castilianum",0.83,"Europa"
"Halictidae","Lasioglossum","Lasioglossum chalcodes",2.27,"Europa"
"Halictidae","Lasioglossum","Lasioglossum clypeare",1.42,"Europa"
"Halictidae","Lasioglossum","Lasioglossum clypeiferellum",1.31,"Europa"
"Halictidae","Lasioglossum","Lasioglossum collopiense",1.15,"Europa"
"Halictidae","Lasioglossum","Lasioglossum convexiusculum",1.59,"Europa"
"Halictidae","Lasioglossum","Lasioglossum corsicanum",0.93,"Europa"
"Halictidae","Lasioglossum","Lasioglossum corvinum",1.32,"Europa"
"Halictidae","Lasioglossum","Lasioglossum costulatum",2.03,"Europa"
"Halictidae","Lasioglossum","Lasioglossum crassepunctatum",1.46,"Europa"
"Halictidae","Lasioglossum","Lasioglossum cristula",1.51,"Europa"
"Halictidae","Lasioglossum","Lasioglossum cupromicans",1.21,"Europa"
"Halictidae","Lasioglossum","Lasioglossum damascenum",1.36,"Europa"
"Halictidae","Lasioglossum","Lasioglossum denislucum",1.31,"Europa"
"Halictidae","Lasioglossum","Lasioglossum discus",2.11,"Europa"
"Halictidae","Lasioglossum","Lasioglossum dolichocephalum",1.52,"Europa"
"Halictidae","Lasioglossum","Lasioglossum duckei",0.75,"Europa"
"Halictidae","Lasioglossum","Lasioglossum dusmeti",1.83,"Europa"
"Halictidae","Lasioglossum","Lasioglossum edessae",1.04,"Europa"
"Halictidae","Lasioglossum","Lasioglossum elegans",1.8,"Europa"
"Halictidae","Lasioglossum","Lasioglossum ellipticeps",1.14,"Europa"
"Halictidae","Lasioglossum","Lasioglossum epipygiale",2.05,"Europa"
"Halictidae","Lasioglossum","Lasioglossum erraticum",1.09,"Europa"
"Halictidae","Lasioglossum","Lasioglossum euboeense",2.03,"Europa"
"Halictidae","Lasioglossum","Lasioglossum eurasicum",1.6,"Europa"
"Halictidae","Lasioglossum","Lasioglossum euxinicum",1.82,"Europa"
"Halictidae","Lasioglossum","Lasioglossum fallax",1.65,"Europa"
"Halictidae","Lasioglossum","Lasioglossum fratellum",1.45,"Europa"
"Halictidae","Lasioglossum","Lasioglossum fulvicorne",1.34,"Europa"
"Halictidae","Lasioglossum","Lasioglossum gilanum",0.8,"Europa"
"Halictidae","Lasioglossum","Lasioglossum glabriusculum",0.83,"Europa"
"Halictidae","Lasioglossum","Lasioglossum glaciegenitum",1.84,"Europa"
"Halictidae","Lasioglossum","Lasioglossum gorkiense",1.88,"Europa"
"Halictidae","Lasioglossum","Lasioglossum griseolum",0.94,"Europa"
"Halictidae","Lasioglossum","Lasioglossum hethiticum",0.63,"Europa"
"Halictidae","Lasioglossum","Lasioglossum hilare",1.21,"Europa"
"Halictidae","Lasioglossum","Lasioglossum ibericum",1.46,"Europa"
"Halictidae","Lasioglossum","Lasioglossum imbecillum",1.22,"Europa"
"Halictidae","Lasioglossum","Lasioglossum immunitum",1.96,"Europa"
"Halictidae","Lasioglossum","Lasioglossum intermedium",1.24,"Europa"
"Halictidae","Lasioglossum","Lasioglossum interruptum",1.48,"Europa"
"Halictidae","Lasioglossum","Lasioglossum kirgisicum",0.95,"Europa"
"Halictidae","Lasioglossum","Lasioglossum kussariense",2.26,"Europa"
"Halictidae","Lasioglossum","Lasioglossum laeve",1.56,"Europa"
"Halictidae","Lasioglossum","Lasioglossum laevidorsum",1.53,"Europa"
"Halictidae","Lasioglossum","Lasioglossum laevigatum",1.91,"Europa"
"Halictidae","Lasioglossum","Lasioglossum laterale",1.83,"Europa"
"Halictidae","Lasioglossum","Lasioglossum laticeps",1.45,"Europa"
"Halictidae","Lasioglossum","Lasioglossum lativentre",1.51,"Europa"
"Halictidae","Lasioglossum","Lasioglossum leucopus",1.11,"Europa"
"Halictidae","Lasioglossum","Lasioglossum leucozonium",1.84,"Europa"
"Halictidae","Lasioglossum","Lasioglossum limbelloides",1.31,"Europa"
"Halictidae","Lasioglossum","Lasioglossum limbellum",1.31,"Europa"
"Halictidae","Lasioglossum","Lasioglossum lineare",1.39,"Europa"
"Halictidae","Lasioglossum","Lasioglossum lissonotum",1.21,"Europa"
"Halictidae","Lasioglossum","Lasioglossum littorale",1.35,"Europa"
"Halictidae","Lasioglossum","Lasioglossum loetum",1.37,"Europa"
"Halictidae","Lasioglossum","Lasioglossum longirostre",1.63,"Europa"
"Halictidae","Lasioglossum","Lasioglossum lucidulum",0.78,"Europa"
"Halictidae","Lasioglossum","Lasioglossum majus",2.35,"Europa"
"Halictidae","Lasioglossum","Lasioglossum malachurum",1.57,"Europa"
"Halictidae","Lasioglossum","Lasioglossum mandibulare",1,"Europa"
"Halictidae","Lasioglossum","Lasioglossum marginatum",1.56,"Europa"
"Halictidae","Lasioglossum","Lasioglossum marginellum",1.34,"Europa"
"Halictidae","Lasioglossum","Lasioglossum maurusium",1.7,"Europa"
"Halictidae","Lasioglossum","Lasioglossum medinai",1.66,"Europa"
"Halictidae","Lasioglossum","Lasioglossum mediterraneum",1.61,"Europa"
"Halictidae","Lasioglossum","Lasioglossum mesosclerum",1.1,"Europa"
"Halictidae","Lasioglossum","Lasioglossum minutissimum",0.87,"Europa"
"Halictidae","Lasioglossum","Lasioglossum minutulum",1.21,"Europa"
"Halictidae","Lasioglossum","Lasioglossum monstrificum",1.32,"Europa"
"Halictidae","Lasioglossum","Lasioglossum morio",1.1,"Europa"
"Halictidae","Lasioglossum","Lasioglossum musculoides",1.07,"Europa"
"Halictidae","Lasioglossum","Lasioglossum nigripes",2.15,"Europa"
"Halictidae","Lasioglossum","Lasioglossum nitidiusculum",1.29,"Europa"
"Halictidae","Lasioglossum","Lasioglossum nitidulum",1.17,"Europa"
"Halictidae","Lasioglossum","Lasioglossum niveocinctum",1.8,"Europa"
"Halictidae","Lasioglossum","Lasioglossum obscuratum",2.11,"Europa"
"Halictidae","Lasioglossum","Lasioglossum orihuelicum",1.08,"Europa"
"Halictidae","Lasioglossum","Lasioglossum pallens",1.56,"Europa"
"Halictidae","Lasioglossum","Lasioglossum pallidum",1.44,"Europa"
"Halictidae","Lasioglossum","Lasioglossum parvulum",1.29,"Europa"
"Halictidae","Lasioglossum","Lasioglossum pauperatum",1.22,"Europa"
"Halictidae","Lasioglossum","Lasioglossum pauxillum",1.18,"Europa"
"Halictidae","Lasioglossum","Lasioglossum perclavipes",2.04,"Europa"
"Halictidae","Lasioglossum","Lasioglossum peregrinum",1.52,"Europa"
"Halictidae","Lasioglossum","Lasioglossum phoenicurum",1.3,"Europa"
"Halictidae","Lasioglossum","Lasioglossum podolicum",1.38,"Europa"
"Halictidae","Lasioglossum","Lasioglossum politum",0.85,"Europa"
"Halictidae","Lasioglossum","Lasioglossum prasinum",1.76,"Europa"
"Halictidae","Lasioglossum","Lasioglossum pressithorax",1.16,"Europa"
"Halictidae","Lasioglossum","Lasioglossum prunellum",1.63,"Europa"
"Halictidae","Lasioglossum","Lasioglossum pseudocaspicum",1.7,"Europa"
"Halictidae","Lasioglossum","Lasioglossum pseudoleptocephalum",1.24,"Europa"
"Halictidae","Lasioglossum","Lasioglossum pseudoplanulum",1.22,"Europa"
"Halictidae","Lasioglossum","Lasioglossum punctatissimum",1.29,"Europa"
"Halictidae","Lasioglossum","Lasioglossum puncticolle",1.46,"Europa"
"Halictidae","Lasioglossum","Lasioglossum pygmaeum",1.27,"Europa"
"Halictidae","Lasioglossum","Lasioglossum quadrinotatulum",1.58,"Europa"
"Halictidae","Lasioglossum","Lasioglossum quadrinotatum",1.59,"Europa"
"Halictidae","Lasioglossum","Lasioglossum quadrisignatum",1.59,"Europa"
"Halictidae","Lasioglossum","Lasioglossum ragusanum",1.97,"Europa"
"Halictidae","Lasioglossum","Lasioglossum rufitarse",1.37,"Europa"
"Halictidae","Lasioglossum","Lasioglossum salinum",1.45,"Europa"
"Halictidae","Lasioglossum","Lasioglossum semilucens",0.94,"Europa"
"Halictidae","Lasioglossum","Lasioglossum setulellum",1.12,"Europa"
"Halictidae","Lasioglossum","Lasioglossum setulosum",1.09,"Europa"
"Halictidae","Lasioglossum","Lasioglossum sexmaculatum",1.84,"Europa"
"Halictidae","Lasioglossum","Lasioglossum sexnotatulum",2.28,"Europa"
"Halictidae","Lasioglossum","Lasioglossum sexnotatum",2.09,"Europa"
"Halictidae","Lasioglossum","Lasioglossum sexstrigatum",1.27,"Europa"
"Halictidae","Lasioglossum","Lasioglossum smeathmanellum",1.26,"Europa"
"Halictidae","Lasioglossum","Lasioglossum soror",1.1,"Europa"
"Halictidae","Lasioglossum","Lasioglossum sphecodimorphum",1.08,"Europa"
"Halictidae","Lasioglossum","Lasioglossum strictifrons",0.95,"Europa"
"Halictidae","Lasioglossum","Lasioglossum subaenescens",1.33,"Europa"
"Halictidae","Lasioglossum","Lasioglossum subfasciatum",2.08,"Europa"
"Halictidae","Lasioglossum","Lasioglossum subfulvicorne",1.33,"Europa"
"Halictidae","Lasioglossum","Lasioglossum subhirtum",1.74,"Europa"
"Halictidae","Lasioglossum","Lasioglossum tarsatum",1,"Europa"
"Halictidae","Lasioglossum","Lasioglossum transitorium",1.24,"Europa"
"Halictidae","Lasioglossum","Lasioglossum trichopygum",0.77,"Europa"
"Halictidae","Lasioglossum","Lasioglossum tricinctum",1.26,"Europa"
"Halictidae","Lasioglossum","Lasioglossum truncaticolle",1.47,"Europa"
"Halictidae","Lasioglossum","Lasioglossum tschibuklinum",0.87,"Europa"
"Halictidae","Lasioglossum","Lasioglossum vergilianum",1.78,"Europa"
"Halictidae","Lasioglossum","Lasioglossum villosulum",1.38,"Europa"
"Halictidae","Lasioglossum","Lasioglossum virens",1.51,"Europa"
"Halictidae","Lasioglossum","Lasioglossum viride",1.76,"Europa"
"Halictidae","Lasioglossum","Lasioglossum xanthopus",2.31,"Europa"
"Halictidae","Lasioglossum","Lasioglossum zonulum",1.98,"Europa"
"Halictidae","Rhophitoides","Rhophitoides canus",1.88,"Europa"
"Halictidae","Rhophitoides","Rhophitoides epiroticus",1.93,"Europa"
"Halictidae","Rophites","Rophites algirus",2.19,"Europa"
"Halictidae","Rophites","Rophites clypealis",1.96,"Europa"
"Halictidae","Rophites","Rophites hartmanni",2.06,"Europa"
"Halictidae","Rophites","Rophites hellenicus",1.31,"Europa"
"Halictidae","Rophites","Rophites quinquespinosus",2.28,"Europa"
"Halictidae","Seladonia","Seladonia cephalica",1.28,"Europa"
"Halictidae","Seladonia","Seladonia concinna",1.4,"Europa"
"Halictidae","Seladonia","Seladonia confusa",1.54,"Europa"
"Halictidae","Seladonia","Seladonia cyprica",1.53,"Europa"
"Halictidae","Seladonia","Seladonia gavarnica",1.46,"Europa"
"Halictidae","Seladonia","Seladonia gemmea",1.28,"Europa"
"Halictidae","Seladonia","Seladonia gemmella",1.5,"Europa"
"Halictidae","Seladonia","Seladonia inpilosa",1.08,"Europa"
"Halictidae","Seladonia","Seladonia kessleri",1.32,"Europa"
"Halictidae","Seladonia","Seladonia leucahenea",1.57,"Europa"
"Halictidae","Seladonia","Seladonia mucorea",1.76,"Europa"
"Halictidae","Seladonia","Seladonia phryganica",0.95,"Europa"
"Halictidae","Seladonia","Seladonia pollinosa",1.77,"Europa"
"Halictidae","Seladonia","Seladonia pseudomucorea",1.57,"Europa"
"Halictidae","Seladonia","Seladonia pulverea",1.43,"Europa"
"Halictidae","Seladonia","Seladonia seladonia",1.57,"Europa"
"Halictidae","Seladonia","Seladonia semitecta",1.17,"Europa"
"Halictidae","Seladonia","Seladonia smaragdula",1.09,"Europa"
"Halictidae","Seladonia","Seladonia subaurata",1.53,"Europa"
"Halictidae","Seladonia","Seladonia submediterranea",1.43,"Europa"
"Halictidae","Seladonia","Seladonia tuberculata",1.81,"Europa"
"Halictidae","Seladonia","Seladonia tumulorum",1.45,"Europa"
"Halictidae","Seladonia","Seladonia vestita",1.37,"Europa"
"Halictidae","Systropha","Systropha curvicornis",1.91,"Europa"
"Halictidae","Systropha","Systropha planidens",2.12,"Europa"
"Colletidae","Hylaeus","Hylaeus absolutus",1.68,"Europa"
"Colletidae","Hylaeus","Hylaeus adriaticus",1.02,"Europa"
"Colletidae","Hylaeus","Hylaeus alpinus",1.47,"Europa"
"Colletidae","Hylaeus","Hylaeus angustatus",0.93,"Europa"
"Colletidae","Hylaeus","Hylaeus annularis",1.26,"Europa"
"Colletidae","Hylaeus","Hylaeus annulatus",1.47,"Europa"
"Colletidae","Hylaeus","Hylaeus ater",1.34,"Europa"
"Colletidae","Hylaeus","Hylaeus biarmicus",0.89,"Europa"
"Colletidae","Hylaeus","Hylaeus bifasciatus",1.75,"Europa"
"Colletidae","Hylaeus","Hylaeus brachycephalus",1.65,"Europa"
"Colletidae","Hylaeus","Hylaeus brevicornis",0.98,"Europa"
"Colletidae","Hylaeus","Hylaeus canariensis",1.09,"Europa"
"Colletidae","Hylaeus","Hylaeus cardioscapus",1.38,"Europa"
"Colletidae","Hylaeus","Hylaeus clypearis",0.83,"Europa"
"Colletidae","Hylaeus","Hylaeus communis",1.29,"Europa"
"Colletidae","Hylaeus","Hylaeus conformis",1.55,"Europa"
"Colletidae","Hylaeus","Hylaeus confusus",1.4,"Europa"
"Colletidae","Hylaeus","Hylaeus convergens",1.05,"Europa"
"Colletidae","Hylaeus","Hylaeus coriaceus",1.96,"Europa"
"Colletidae","Hylaeus","Hylaeus cornutus",1.4,"Europa"
"Colletidae","Hylaeus","Hylaeus crassanus",1.34,"Europa"
"Colletidae","Hylaeus","Hylaeus cypricola",1.09,"Europa"
"Colletidae","Hylaeus","Hylaeus deceptorius",1.1,"Europa"
"Colletidae","Hylaeus","Hylaeus decipiens",1.14,"Europa"
"Colletidae","Hylaeus","Hylaeus difformis",1.43,"Europa"
"Colletidae","Hylaeus","Hylaeus dilatatus",1.39,"Europa"
"Colletidae","Hylaeus","Hylaeus duckei",1.51,"Europa"
"Colletidae","Hylaeus","Hylaeus euryscapus",1.41,"Europa"
"Colletidae","Hylaeus","Hylaeus friesei",1.36,"Europa"
"Colletidae","Hylaeus","Hylaeus garrulus",1.18,"Europa"
"Colletidae","Hylaeus","Hylaeus gazagnairei",1.72,"Europa"
"Colletidae","Hylaeus","Hylaeus gibbus",1.44,"Europa"
"Colletidae","Hylaeus","Hylaeus glacialis",1.12,"Europa"
"Colletidae","Hylaeus","Hylaeus gracilicornis",1,"Europa"
"Colletidae","Hylaeus","Hylaeus gredleri",1.05,"Europa"
"Colletidae","Hylaeus","Hylaeus hellenicus",0.98,"Europa"
"Colletidae","Hylaeus","Hylaeus hohmanni",1.8,"Europa"
"Colletidae","Hylaeus","Hylaeus hyalinatus",1.31,"Europa"
"Colletidae","Hylaeus","Hylaeus hyperpunctatus",1.27,"Europa"
"Colletidae","Hylaeus","Hylaeus hyrcanius",1.49,"Europa"
"Colletidae","Hylaeus","Hylaeus ibericus",0.91,"Europa"
"Colletidae","Hylaeus","Hylaeus imparilis",1,"Europa"
"Colletidae","Hylaeus","Hylaeus incongruus",1.55,"Europa"
"Colletidae","Hylaeus","Hylaeus intermedius",1.33,"Europa"
"Colletidae","Hylaeus","Hylaeus kahri",1.03,"Europa"
"Colletidae","Hylaeus","Hylaeus koenigsmanni",1.14,"Europa"
"Colletidae","Hylaeus","Hylaeus leptocephalus",1.13,"Europa"
"Colletidae","Hylaeus","Hylaeus lineolatus",1.1,"Europa"
"Colletidae","Hylaeus","Hylaeus longimaculus",1.17,"Europa"
"Colletidae","Hylaeus","Hylaeus mariannae",0.95,"Europa"
"Colletidae","Hylaeus","Hylaeus meridionalis",1.51,"Europa"
"Colletidae","Hylaeus","Hylaeus nigrifacies",0.88,"Europa"
"Colletidae","Hylaeus","Hylaeus nigritus",1.57,"Europa"
"Colletidae","Hylaeus","Hylaeus nivaliformis",1.15,"Europa"
"Colletidae","Hylaeus","Hylaeus nivalis",1.27,"Europa"
"Colletidae","Hylaeus","Hylaeus pallidicornis",0.98,"Europa"
"Colletidae","Hylaeus","Hylaeus paulus",0.97,"Europa"
"Colletidae","Hylaeus","Hylaeus pectoralis",1.35,"Europa"
"Colletidae","Hylaeus","Hylaeus penalaris",1.48,"Europa"
"Colletidae","Hylaeus","Hylaeus pfankuchi",1.18,"Europa"
"Colletidae","Hylaeus","Hylaeus pictipes",1.04,"Europa"
"Colletidae","Hylaeus","Hylaeus pictus",1.25,"Europa"
"Colletidae","Hylaeus","Hylaeus pilosulus",1.5,"Europa"
"Colletidae","Hylaeus","Hylaeus punctatus",1.23,"Europa"
"Colletidae","Hylaeus","Hylaeus punctulatissimus",1.51,"Europa"
"Colletidae","Hylaeus","Hylaeus punctus",1.02,"Europa"
"Colletidae","Hylaeus","Hylaeus purpurissatus",1.72,"Europa"
"Colletidae","Hylaeus","Hylaeus pyrenaicus",0.96,"Europa"
"Colletidae","Hylaeus","Hylaeus rinki",1.46,"Europa"
"Colletidae","Hylaeus","Hylaeus rubicola",0.95,"Europa"
"Colletidae","Hylaeus","Hylaeus rugicollis",1.69,"Europa"
"Colletidae","Hylaeus","Hylaeus scutellaris",1.14,"Europa"
"Colletidae","Hylaeus","Hylaeus scutellatus",1.33,"Europa"
"Colletidae","Hylaeus","Hylaeus sidensis",0.81,"Europa"
"Colletidae","Hylaeus","Hylaeus signatus",1.63,"Europa"
"Colletidae","Hylaeus","Hylaeus sinuatus",1.72,"Europa"
"Colletidae","Hylaeus","Hylaeus soror",1.1,"Europa"
"Colletidae","Hylaeus","Hylaeus styriacus",0.94,"Europa"
"Colletidae","Hylaeus","Hylaeus sulphuripes",1.28,"Europa"
"Colletidae","Hylaeus","Hylaeus taeniolatus",0.96,"Europa"
"Colletidae","Hylaeus","Hylaeus teruelus",1.13,"Europa"
"Colletidae","Hylaeus","Hylaeus trifidus",0.98,"Europa"
"Colletidae","Hylaeus","Hylaeus trinotatus",1.38,"Europa"
"Colletidae","Hylaeus","Hylaeus tyrolensis",0.97,"Europa"
"Colletidae","Hylaeus","Hylaeus variegatus",1.32,"Europa"
"Megachilidae","Lithurgus","Lithurgus chrysurus",3.09,"Europa"
"Megachilidae","Lithurgus","Lithurgus cornutus",3.84,"Europa"
"Megachilidae","Lithurgus","Lithurgus tibialis",2.12,"Europa"
"Megachilidae","Megachile","Megachile albisecta",3.34,"Europa"
"Megachilidae","Megachile","Megachile albocristata",3.88,"Europa"
"Megachilidae","Megachile","Megachile albohirta",2.76,"Europa"
"Megachilidae","Megachile","Megachile albonotata",3.47,"Europa"
"Megachilidae","Megachile","Megachile alpicola",2.58,"Europa"
"Megachilidae","Megachile","Megachile analis",3.23,"Europa"
"Megachilidae","Megachile","Megachile anatolica",2.69,"Europa"
"Megachilidae","Megachile","Megachile apennina",3.97,"Europa"
"Megachilidae","Megachile","Megachile apicalis",2.4,"Europa"
"Megachilidae","Megachile","Megachile argentata",2.82,"Europa"
"Megachilidae","Megachile","Megachile baetica",4.14,"Europa"
"Megachilidae","Megachile","Megachile binominata",3.42,"Europa"
"Megachilidae","Megachile","Megachile bombycina",3.96,"Europa"
"Megachilidae","Megachile","Megachile burdigalensis",2.35,"Europa"
"Megachilidae","Megachile","Megachile canariensis",3.07,"Europa"
"Megachilidae","Megachile","Megachile canescens",4.85,"Europa"
"Megachilidae","Megachile","Megachile centuncularis",2.72,"Europa"
"Megachilidae","Megachile","Megachile circumcincta",3.58,"Europa"
"Megachilidae","Megachile","Megachile cressa",3.69,"Europa"
"Megachilidae","Megachile","Megachile cypricola",3.23,"Europa"
"Megachilidae","Megachile","Megachile deceptoria",2.79,"Europa"
"Megachilidae","Megachile","Megachile diabolica",4.03,"Europa"
"Megachilidae","Megachile","Megachile doriae",3.86,"Europa"
"Megachilidae","Megachile","Megachile ericetorum",3.44,"Europa"
"Megachilidae","Megachile","Megachile farinosa",2.82,"Europa"
"Megachilidae","Megachile","Megachile fertoni",2.41,"Europa"
"Megachilidae","Megachile","Megachile flabellipes",2.51,"Europa"
"Megachilidae","Megachile","Megachile flavipes",2.73,"Europa"
"Megachilidae","Megachile","Megachile foersteri",4.49,"Europa"
"Megachilidae","Megachile","Megachile fuerteventurae",4.4,"Europa"
"Megachilidae","Megachile","Megachile fulvimana",3.19,"Europa"
"Megachilidae","Megachile","Megachile genalis",3.38,"Europa"
"Megachilidae","Megachile","Megachile giraudi",2.97,"Europa"
"Megachilidae","Megachile","Megachile hohmanni",3.51,"Europa"
"Megachilidae","Megachile","Megachile hungarica",3.44,"Europa"
"Megachilidae","Megachile","Megachile inexspectata",2.64,"Europa"
"Megachilidae","Megachile","Megachile lagopoda",4.43,"Europa"
"Megachilidae","Megachile","Megachile lapponica",2.79,"Europa"
"Megachilidae","Megachile","Megachile leachella",2.7,"Europa"
"Megachilidae","Megachile","Megachile lefebvrei",3.99,"Europa"
"Megachilidae","Megachile","Megachile leucomalla",3.49,"Europa"
"Megachilidae","Megachile","Megachile ligniseca",3.55,"Europa"
"Megachilidae","Megachile","Megachile manicata",3.82,"Europa"
"Megachilidae","Megachile","Megachile marginata",3.05,"Europa"
"Megachilidae","Megachile","Megachile maritima",3.78,"Europa"
"Megachilidae","Megachile","Megachile melanogaster",2.91,"Europa"
"Megachilidae","Megachile","Megachile melanopyga",3.21,"Europa"
"Megachilidae","Megachile","Megachile minutissima",1.86,"Europa"
"Megachilidae","Megachile","Megachile montenegrensis",3.39,"Europa"
"Megachilidae","Megachile","Megachile nigriventris",4.13,"Europa"
"Megachilidae","Megachile","Megachile octosignata",3.07,"Europa"
"Megachilidae","Megachile","Megachile opacifrons",2.69,"Europa"
"Megachilidae","Megachile","Megachile otomita",2.93,"Europa"
"Megachilidae","Megachile","Megachile parietina",4.69,"Europa"
"Megachilidae","Megachile","Megachile patellimana",3.38,"Europa"
"Megachilidae","Megachile","Megachile pilicrus",3.36,"Europa"
"Megachilidae","Megachile","Megachile posti",2.01,"Europa"
"Megachilidae","Megachile","Megachile pusilla",2.48,"Europa"
"Megachilidae","Megachile","Megachile pyrenaea",3.09,"Europa"
"Megachilidae","Megachile","Megachile pyrenaica",3.56,"Europa"
"Megachilidae","Megachile","Megachile roeweri",3.4,"Europa"
"Megachilidae","Megachile","Megachile rotundata",2.37,"Europa"
"Megachilidae","Megachile","Megachile rufescens",3.61,"Europa"
"Megachilidae","Megachile","Megachile saussurei",2.89,"Europa"
"Megachilidae","Megachile","Megachile sculpturalis",4.95,"Europa"
"Megachilidae","Megachile","Megachile semicircularis",2.44,"Europa"
"Megachilidae","Megachile","Megachile sicula",4.18,"Europa"
"Megachilidae","Megachile","Megachile syriaca",3.19,"Europa"
"Megachilidae","Megachile","Megachile tecta",3,"Europa"
"Megachilidae","Megachile","Megachile tenuistriga",2.41,"Europa"
"Megachilidae","Megachile","Megachile thevestensis",2.54,"Europa"
"Megachilidae","Megachile","Megachile troodica",2.17,"Europa"
"Megachilidae","Megachile","Megachile versicolor",3.3,"Europa"
"Megachilidae","Megachile","Megachile willughbiella",3.41,"Europa"
"Melittidae","Dasypoda","Dasypoda albimana",3,"Europa"
"Melittidae","Dasypoda","Dasypoda argentata",3.52,"Europa"
"Melittidae","Dasypoda","Dasypoda braccata",3.91,"Europa"
"Melittidae","Dasypoda","Dasypoda cingulata",3.44,"Europa"
"Melittidae","Dasypoda","Dasypoda crassicornis",2.95,"Europa"
"Melittidae","Dasypoda","Dasypoda dusmeti",3.05,"Europa"
"Melittidae","Dasypoda","Dasypoda frieseana",3.3,"Europa"
"Melittidae","Dasypoda","Dasypoda hirtipes",2.87,"Europa"
"Melittidae","Dasypoda","Dasypoda iberica",2.9,"Europa"
"Melittidae","Dasypoda","Dasypoda michezi",3.2,"Europa"
"Melittidae","Dasypoda","Dasypoda morawitzi",3.13,"Europa"
"Melittidae","Dasypoda","Dasypoda morotei",3.59,"Europa"
"Melittidae","Dasypoda","Dasypoda panzeri",3.2,"Europa"
"Melittidae","Dasypoda","Dasypoda pyriformis",3.13,"Europa"
"Melittidae","Dasypoda","Dasypoda pyrotrichia",3.39,"Europa"
"Melittidae","Dasypoda","Dasypoda spinigera",2.9,"Europa"
"Melittidae","Dasypoda","Dasypoda suripes",3.1,"Europa"
"Melittidae","Dasypoda","Dasypoda visnaga",3.55,"Europa"
"Melittidae","Macropis","Macropis europaea",2.26,"Europa"
"Melittidae","Macropis","Macropis frivaldszkyi",2.47,"Europa"
"Melittidae","Macropis","Macropis fulvipes",2.11,"Europa"
"Melittidae","Melitta","Melitta aegyptiaca",3.39,"Europa"
"Melittidae","Melitta","Melitta budashkini",2.8,"Europa"
"Melittidae","Melitta","Melitta dimidiata",3.48,"Europa"
"Melittidae","Melitta","Melitta haemorrhoidalis",2.52,"Europa"
"Melittidae","Melitta","Melitta hispanica",3.42,"Europa"
"Melittidae","Melitta","Melitta iberica",3.43,"Europa"
"Melittidae","Melitta","Melitta kastiliensis",3.55,"Europa"
"Melittidae","Melitta","Melitta leporina",2.29,"Europa"
"Melittidae","Melitta","Melitta maura",3.21,"Europa"
"Melittidae","Melitta","Melitta melanura",2.98,"Europa"
"Melittidae","Melitta","Melitta murciana",3.43,"Europa"
"Melittidae","Melitta","Melitta nigricans",2.72,"Europa"
"Melittidae","Melitta","Melitta schmiedeknechti",3.14,"Europa"
"Melittidae","Melitta","Melitta seitzi",3.28,"Europa"
"Melittidae","Melitta","Melitta tricincta",2.71,"Europa"
"Apidae","Nomada","Nomada accentifera",1.84,"Europa"
"Apidae","Nomada","Nomada acutispina",0.83,"Europa"
"Apidae","Nomada","Nomada agrestis",2.58,"Europa"
"Apidae","Nomada","Nomada alboguttata",1.65,"Europa"
"Apidae","Nomada","Nomada argentata",1.62,"Europa"
"Apidae","Nomada","Nomada argentea",1.4,"Europa"
"Apidae","Nomada","Nomada ariasi",2.01,"Europa"
"Apidae","Nomada","Nomada armata",1.9,"Europa"
"Apidae","Nomada","Nomada atroscutellaris",1.03,"Europa"
"Apidae","Nomada","Nomada babiyi",0.87,"Europa"
"Apidae","Nomada","Nomada baccata",1.39,"Europa"
"Apidae","Nomada","Nomada basalis",1.77,"Europa"
"Apidae","Nomada","Nomada beaumonti",1.27,"Europa"
"Apidae","Nomada","Nomada bifasciata",1.91,"Europa"
"Apidae","Nomada","Nomada bispinosa",1.16,"Europa"
"Apidae","Nomada","Nomada blepharipes",1.55,"Europa"
"Apidae","Nomada","Nomada bluethgeni",0.94,"Europa"
"Apidae","Nomada","Nomada braunsiana",1.53,"Europa"
"Apidae","Nomada","Nomada calimorpha",1.65,"Europa"
"Apidae","Nomada","Nomada carnifex",1.79,"Europa"
"Apidae","Nomada","Nomada caspia",1.13,"Europa"
"Apidae","Nomada","Nomada castellana",1.13,"Europa"
"Apidae","Nomada","Nomada cherkesiana",1.46,"Europa"
"Apidae","Nomada","Nomada confinis",1.58,"Europa"
"Apidae","Nomada","Nomada conjungens",1.32,"Europa"
"Apidae","Nomada","Nomada connectens",1.14,"Europa"
"Apidae","Nomada","Nomada corcyraea",1.29,"Europa"
"Apidae","Nomada","Nomada coronata",0.96,"Europa"
"Apidae","Nomada","Nomada coxalis",2.23,"Europa"
"Apidae","Nomada","Nomada crenulata",0.92,"Europa"
"Apidae","Nomada","Nomada cristata",2.89,"Europa"
"Apidae","Nomada","Nomada cruenta",2.02,"Europa"
"Apidae","Nomada","Nomada cypria",1.39,"Europa"
"Apidae","Nomada","Nomada dira",1.79,"Europa"
"Apidae","Nomada","Nomada discedens",1.35,"Europa"
"Apidae","Nomada","Nomada discrepans",1.08,"Europa"
"Apidae","Nomada","Nomada distinguenda",1.07,"Europa"
"Apidae","Nomada","Nomada dolosa",1.72,"Europa"
"Apidae","Nomada","Nomada duplex",1.92,"Europa"
"Apidae","Nomada","Nomada emarginata",2.19,"Europa"
"Apidae","Nomada","Nomada eos",1.75,"Europa"
"Apidae","Nomada","Nomada errans",1.38,"Europa"
"Apidae","Nomada","Nomada erythrocephala",1.58,"Europa"
"Apidae","Nomada","Nomada fabriciana",1.49,"Europa"
"Apidae","Nomada","Nomada facilis",1.54,"Europa"
"Apidae","Nomada","Nomada fallax",1.57,"Europa"
"Apidae","Nomada","Nomada femoralis",1.63,"Europa"
"Apidae","Nomada","Nomada fenestrata",2.07,"Europa"
"Apidae","Nomada","Nomada ferruginata",1.43,"Europa"
"Apidae","Nomada","Nomada filicornis",1.06,"Europa"
"Apidae","Nomada","Nomada flava",1.86,"Europa"
"Apidae","Nomada","Nomada flavigenis",1.33,"Europa"
"Apidae","Nomada","Nomada flavilabris",2.37,"Europa"
"Apidae","Nomada","Nomada flavinervis",2.45,"Europa"
"Apidae","Nomada","Nomada flavoguttata",1.09,"Europa"
"Apidae","Nomada","Nomada flavopicta",1.66,"Europa"
"Apidae","Nomada","Nomada fucata",1.88,"Europa"
"Apidae","Nomada","Nomada fulvicornis",2.02,"Europa"
"Apidae","Nomada","Nomada furva",0.83,"Europa"
"Apidae","Nomada","Nomada furvoides",0.95,"Europa"
"Apidae","Nomada","Nomada fusca",1.58,"Europa"
"Apidae","Nomada","Nomada fuscicornis",1.18,"Europa"
"Apidae","Nomada","Nomada glaberrima",1.47,"Europa"
"Apidae","Nomada","Nomada glaucopis",1,"Europa"
"Apidae","Nomada","Nomada goodeniana",2.03,"Europa"
"Apidae","Nomada","Nomada gribodoi",2.12,"Europa"
"Apidae","Nomada","Nomada gruenwaldti",1.94,"Europa"
"Apidae","Nomada","Nomada guttulata",1.21,"Europa"
"Apidae","Nomada","Nomada halophila",1.19,"Europa"
"Apidae","Nomada","Nomada hera",1.25,"Europa"
"Apidae","Nomada","Nomada hirtipes",1.59,"Europa"
"Apidae","Nomada","Nomada hispanica",1.49,"Europa"
"Apidae","Nomada","Nomada hungarica",2.03,"Europa"
"Apidae","Nomada","Nomada illustris",2.63,"Europa"
"Apidae","Nomada","Nomada immaculata",1.5,"Europa"
"Apidae","Nomada","Nomada imperialis",2.55,"Europa"
"Apidae","Nomada","Nomada incisa",2.36,"Europa"
"Apidae","Nomada","Nomada insignipes",1.99,"Europa"
"Apidae","Nomada","Nomada integra",1.54,"Europa"
"Apidae","Nomada","Nomada italica",2.5,"Europa"
"Apidae","Nomada","Nomada jaramensis",1.55,"Europa"
"Apidae","Nomada","Nomada kohli",1.22,"Europa"
"Apidae","Nomada","Nomada kornosica",1.07,"Europa"
"Apidae","Nomada","Nomada lapillula",1.52,"Europa"
"Apidae","Nomada","Nomada lateritia",1.44,"Europa"
"Apidae","Nomada","Nomada lathburiana",2.32,"Europa"
"Apidae","Nomada","Nomada laticrus",2.2,"Europa"
"Apidae","Nomada","Nomada legoffi",1.36,"Europa"
"Apidae","Nomada","Nomada leucophthalma",1.76,"Europa"
"Apidae","Nomada","Nomada limassolica",2.24,"Europa"
"Apidae","Nomada","Nomada linsenmaieri",1.04,"Europa"
"Apidae","Nomada","Nomada lucidula",2.43,"Europa"
"Apidae","Nomada","Nomada maculicornis",1.38,"Europa"
"Apidae","Nomada","Nomada marshamella",2.23,"Europa"
"Apidae","Nomada","Nomada mauritanica",2.24,"Europa"
"Apidae","Nomada","Nomada mavromoustakisi",0.84,"Europa"
"Apidae","Nomada","Nomada melanopyga",2.11,"Europa"
"Apidae","Nomada","Nomada melathoracica",2.13,"Europa"
"Apidae","Nomada","Nomada merceti",1.55,"Europa"
"Apidae","Nomada","Nomada minuscula",0.69,"Europa"
"Apidae","Nomada","Nomada mocsaryi",1.79,"Europa"
"Apidae","Nomada","Nomada moeschleri",1.66,"Europa"
"Apidae","Nomada","Nomada mutabilis",1.72,"Europa"
"Apidae","Nomada","Nomada mutica",1.75,"Europa"
"Apidae","Nomada","Nomada nausicaa",1.39,"Europa"
"Apidae","Nomada","Nomada nigrilabris",1.48,"Europa"
"Apidae","Nomada","Nomada nigrovaria",1.16,"Europa"
"Apidae","Nomada","Nomada nobilis",1.97,"Europa"
"Apidae","Nomada","Nomada numida",2.58,"Europa"
"Apidae","Nomada","Nomada obscura",1.58,"Europa"
"Apidae","Nomada","Nomada obtusifrons",1.27,"Europa"
"Apidae","Nomada","Nomada oculata",2.26,"Europa"
"Apidae","Nomada","Nomada opaca",1.53,"Europa"
"Apidae","Nomada","Nomada orbitalis",1.4,"Europa"
"Apidae","Nomada","Nomada ottomanensis",1.87,"Europa"
"Apidae","Nomada","Nomada pallispinosa",1.4,"Europa"
"Apidae","Nomada","Nomada panurgina",1.22,"Europa"
"Apidae","Nomada","Nomada panzeri",1.63,"Europa"
"Apidae","Nomada","Nomada pectoralis",2.79,"Europa"
"Apidae","Nomada","Nomada piccioliana",1.53,"Europa"
"Apidae","Nomada","Nomada pilosa",1.09,"Europa"
"Apidae","Nomada","Nomada pleurosticta",1.94,"Europa"
"Apidae","Nomada","Nomada polemediana",1.13,"Europa"
"Apidae","Nomada","Nomada priesneri",1.33,"Europa"
"Apidae","Nomada","Nomada propinqua",1.74,"Europa"
"Apidae","Nomada","Nomada pruinosa",1.67,"Europa"
"Apidae","Nomada","Nomada pulchra",2.58,"Europa"
"Apidae","Nomada","Nomada pygidialis",1.66,"Europa"
"Apidae","Nomada","Nomada radoszkowskii",1.33,"Europa"
"Apidae","Nomada","Nomada rhenana",1.59,"Europa"
"Apidae","Nomada","Nomada roberjeotiana",1.52,"Europa"
"Apidae","Nomada","Nomada rostrata",2.36,"Europa"
"Apidae","Nomada","Nomada rubiginosa",1.34,"Europa"
"Apidae","Nomada","Nomada rubricollis",1.83,"Europa"
"Apidae","Nomada","Nomada rubricoxa",1.22,"Europa"
"Apidae","Nomada","Nomada ruficornis",1.79,"Europa"
"Apidae","Nomada","Nomada rufipes",1.45,"Europa"
"Apidae","Nomada","Nomada sabulosa",1.51,"Europa"
"Apidae","Nomada","Nomada sanguinea",1.81,"Europa"
"Apidae","Nomada","Nomada serricornis",1.1,"Europa"
"Apidae","Nomada","Nomada sexfasciata",2.28,"Europa"
"Apidae","Nomada","Nomada sheppardana",0.93,"Europa"
"Apidae","Nomada","Nomada signata",1.91,"Europa"
"Apidae","Nomada","Nomada similis",1.8,"Europa"
"Apidae","Nomada","Nomada stigma",1.44,"Europa"
"Apidae","Nomada","Nomada stoeckherti",1.01,"Europa"
"Apidae","Nomada","Nomada striata",1.65,"Europa"
"Apidae","Nomada","Nomada subcornuta",2.02,"Europa"
"Apidae","Nomada","Nomada succincta",2.18,"Europa"
"Apidae","Nomada","Nomada sybarita",1.97,"Europa"
"Apidae","Nomada","Nomada symphyti",1.61,"Europa"
"Apidae","Nomada","Nomada tarsalis",1.91,"Europa"
"Apidae","Nomada","Nomada tenella",1.43,"Europa"
"Apidae","Nomada","Nomada thersites",1.44,"Europa"
"Apidae","Nomada","Nomada tormentillae",1.36,"Europa"
"Apidae","Nomada","Nomada tridentirostris",1.12,"Europa"
"Apidae","Nomada","Nomada trispinosa",1.64,"Europa"
"Apidae","Nomada","Nomada tuberculifera",2.1,"Europa"
"Apidae","Nomada","Nomada umbrosa",1.5,"Europa"
"Apidae","Nomada","Nomada unica",1.8,"Europa"
"Apidae","Nomada","Nomada unispinosa",1.34,"Europa"
"Apidae","Nomada","Nomada verna",1.79,"Europa"
"Apidae","Nomada","Nomada villosa",2.02,"Europa"
"Apidae","Nomada","Nomada yermasoyiae",1,"Europa"
"Apidae","Nomada","Nomada zonata",1.65,"Europa"
"Halictidae","Sphecodes","Sphecodes albilabris",2.16,"Europa"
"Halictidae","Sphecodes","Sphecodes alternatus",1.38,"Europa"
"Halictidae","Sphecodes","Sphecodes anatolicus",1.78,"Europa"
"Halictidae","Sphecodes","Sphecodes atlanticus",2.06,"Europa"
"Halictidae","Sphecodes","Sphecodes barbatus",1.55,"Europa"
"Halictidae","Sphecodes","Sphecodes combai",1.08,"Europa"
"Halictidae","Sphecodes","Sphecodes crassanus",1.82,"Europa"
"Halictidae","Sphecodes","Sphecodes crassus",1.23,"Europa"
"Halictidae","Sphecodes","Sphecodes creticus",1.23,"Europa"
"Halictidae","Sphecodes","Sphecodes cristatus",1.33,"Europa"
"Halictidae","Sphecodes","Sphecodes croaticus",1.18,"Europa"
"Halictidae","Sphecodes","Sphecodes dusmeti",1.03,"Europa"
"Halictidae","Sphecodes","Sphecodes ephippius",1.53,"Europa"
"Halictidae","Sphecodes","Sphecodes ferruginatus",1.39,"Europa"
"Halictidae","Sphecodes","Sphecodes geoffrellus",1.07,"Europa"
"Halictidae","Sphecodes","Sphecodes gibbus",1.72,"Europa"
"Halictidae","Sphecodes","Sphecodes gomerensis",1.52,"Europa"
"Halictidae","Sphecodes","Sphecodes hirtellus",1.02,"Europa"
"Halictidae","Sphecodes","Sphecodes hyalinatus",1.44,"Europa"
"Halictidae","Sphecodes","Sphecodes intermedius",1.67,"Europa"
"Halictidae","Sphecodes","Sphecodes larochei",1.07,"Europa"
"Halictidae","Sphecodes","Sphecodes longuloides",1.94,"Europa"
"Halictidae","Sphecodes","Sphecodes longulus",0.95,"Europa"
"Halictidae","Sphecodes","Sphecodes majalis",1.29,"Europa"
"Halictidae","Sphecodes","Sphecodes marginatus",1.01,"Europa"
"Halictidae","Sphecodes","Sphecodes miniatus",1.04,"Europa"
"Halictidae","Sphecodes","Sphecodes monilicornis",1.48,"Europa"
"Halictidae","Sphecodes","Sphecodes niger",1.05,"Europa"
"Halictidae","Sphecodes","Sphecodes nomioidis",1.01,"Europa"
"Halictidae","Sphecodes","Sphecodes olivieri",1.84,"Europa"
"Halictidae","Sphecodes","Sphecodes pellucidus",1.74,"Europa"
"Halictidae","Sphecodes","Sphecodes piceohirtus",1.43,"Europa"
"Halictidae","Sphecodes","Sphecodes pinguiculus",1.16,"Europa"
"Halictidae","Sphecodes","Sphecodes pseudofasciatus",1.39,"Europa"
"Halictidae","Sphecodes","Sphecodes puncticeps",1.17,"Europa"
"Halictidae","Sphecodes","Sphecodes reticulatus",1.46,"Europa"
"Halictidae","Sphecodes","Sphecodes rubicundus",1.8,"Europa"
"Halictidae","Sphecodes","Sphecodes rubripes",2.78,"Europa"
"Halictidae","Sphecodes","Sphecodes ruficrus",1.56,"Europa"
"Halictidae","Sphecodes","Sphecodes rufiventris",1.26,"Europa"
"Halictidae","Sphecodes","Sphecodes scabricollis",1.54,"Europa"
"Halictidae","Sphecodes","Sphecodes schenckii",1.54,"Europa"
"Halictidae","Sphecodes","Sphecodes spinulosus",1.83,"Europa"
"Halictidae","Sphecodes","Sphecodes zangherii",1.37,"Europa"
"Halictidae","Ceylalictus","Ceylalictus variegatus",0.94,"Europa"
"Halictidae","Nomiapis","Nomiapis bispinosa",2.41,"Europa"
"Halictidae","Nomiapis","Nomiapis diversipes",1.84,"Europa"
"Halictidae","Nomiapis","Nomiapis equestris",1.98,"Europa"
"Halictidae","Nomiapis","Nomiapis femoralis",2.4,"Europa"
"Halictidae","Nomiapis","Nomiapis fugax",2.25,"Europa"
"Halictidae","Nomiapis","Nomiapis monstrosa",2.16,"Europa"
"Halictidae","Nomiapis","Nomiapis valga",2.16,"Europa"
"Halictidae","Nomioides","Nomioides deceptor",0.89,"Europa"
"Halictidae","Nomioides","Nomioides facilis",0.8,"Europa"
"Halictidae","Nomioides","Nomioides fortunatus",0.91,"Europa"
"Halictidae","Nomioides","Nomioides minutissimus",0.83,"Europa"
"Halictidae","Pseudapis","Pseudapis elegantissima",1.35,"Europa"
"Megachilidae","Chelostoma","Chelostoma campanularum",1,"Europa"
"Megachilidae","Chelostoma","Chelostoma diodon",0.95,"Europa"
"Megachilidae","Chelostoma","Chelostoma distinctum",1.02,"Europa"
"Megachilidae","Chelostoma","Chelostoma edentulum",1.53,"Europa"
"Megachilidae","Chelostoma","Chelostoma emarginatum",1.13,"Europa"
"Megachilidae","Chelostoma","Chelostoma florisomne",1.69,"Europa"
"Megachilidae","Chelostoma","Chelostoma foveolatum",1.2,"Europa"
"Megachilidae","Chelostoma","Chelostoma grande",2.52,"Europa"
"Megachilidae","Chelostoma","Chelostoma hellenicum",0.96,"Europa"
"Megachilidae","Chelostoma","Chelostoma longifacies",0.91,"Europa"
"Megachilidae","Chelostoma","Chelostoma nasutum",1.5,"Europa"
"Megachilidae","Chelostoma","Chelostoma rapunculi",1.53,"Europa"
"Megachilidae","Chelostoma","Chelostoma styriacum",0.98,"Europa"
"Apidae","Haetosmia","Haetosmia circumventa",1.44,"Europa"
"Megachilidae","Heriades","Heriades crenulata",1.51,"Europa"
"Megachilidae","Heriades","Heriades punctulifera",1,"Europa"
"Megachilidae","Heriades","Heriades rubicola",1.32,"Europa"
"Megachilidae","Heriades","Heriades truncorum",1.53,"Europa"
"Megachilidae","Hofferia","Hofferia schmiedeknechti",1.55,"Europa"
"Megachilidae","Hoplitis","Hoplitis acuticornis",2.6,"Europa"
"Megachilidae","Hoplitis","Hoplitis adunca",2.43,"Europa"
"Megachilidae","Hoplitis","Hoplitis albatera",1.16,"Europa"
"Megachilidae","Hoplitis","Hoplitis albiscopa",1.85,"Europa"
"Megachilidae","Hoplitis","Hoplitis annulata",1.9,"Europa"
"Megachilidae","Hoplitis","Hoplitis anthocopoides",2.13,"Europa"
"Megachilidae","Hoplitis","Hoplitis antigae",2.37,"Europa"
"Megachilidae","Hoplitis","Hoplitis benoisti",2.15,"Europa"
"Megachilidae","Hoplitis","Hoplitis bihamata",1.94,"Europa"
"Megachilidae","Hoplitis","Hoplitis bisulca",2.81,"Europa"
"Megachilidae","Hoplitis","Hoplitis brachypogon",2.89,"Europa"
"Megachilidae","Hoplitis","Hoplitis cadiza",2.05,"Europa"
"Megachilidae","Hoplitis","Hoplitis campanularis",2.18,"Europa"
"Megachilidae","Hoplitis","Hoplitis carinata",2.15,"Europa"
"Megachilidae","Hoplitis","Hoplitis ciliaris",1.32,"Europa"
"Megachilidae","Hoplitis","Hoplitis claviventris",1.97,"Europa"
"Megachilidae","Hoplitis","Hoplitis cristatula",2.53,"Europa"
"Megachilidae","Hoplitis","Hoplitis curtula",1.8,"Europa"
"Megachilidae","Hoplitis","Hoplitis curvipes",3.11,"Europa"
"Megachilidae","Hoplitis","Hoplitis cypriaca",2.77,"Europa"
"Megachilidae","Hoplitis","Hoplitis dalmatica",3.36,"Europa"
"Megachilidae","Hoplitis","Hoplitis fabrei",2.29,"Europa"
"Megachilidae","Hoplitis","Hoplitis fasciculata",2.16,"Europa"
"Megachilidae","Hoplitis","Hoplitis fertoni",2.47,"Europa"
"Megachilidae","Hoplitis","Hoplitis fulva",3.53,"Europa"
"Megachilidae","Hoplitis","Hoplitis graeca",2.54,"Europa"
"Megachilidae","Hoplitis","Hoplitis grumi",2.86,"Europa"
"Megachilidae","Hoplitis","Hoplitis haemi",1.31,"Europa"
"Megachilidae","Hoplitis","Hoplitis holmboei",2.04,"Europa"
"Megachilidae","Hoplitis","Hoplitis idaensis",1.78,"Europa"
"Megachilidae","Hoplitis","Hoplitis illyrica",1.08,"Europa"
"Megachilidae","Hoplitis","Hoplitis insularis",2.29,"Europa"
"Megachilidae","Hoplitis","Hoplitis jakovlevi",2.69,"Europa"
"Megachilidae","Hoplitis","Hoplitis jheringii",2.02,"Europa"
"Megachilidae","Hoplitis","Hoplitis laevifrons",2.28,"Europa"
"Megachilidae","Hoplitis","Hoplitis lepeletieri",2.6,"Europa"
"Megachilidae","Hoplitis","Hoplitis leucomelana",1.47,"Europa"
"Megachilidae","Hoplitis","Hoplitis limassolica",2.01,"Europa"
"Megachilidae","Hoplitis","Hoplitis loti",2.33,"Europa"
"Megachilidae","Hoplitis","Hoplitis lysholmi",1.81,"Europa"
"Megachilidae","Hoplitis","Hoplitis manicata",3.02,"Europa"
"Megachilidae","Hoplitis","Hoplitis manuelae",2.58,"Europa"
"Megachilidae","Hoplitis","Hoplitis marchali",1.98,"Europa"
"Megachilidae","Hoplitis","Hoplitis mazzuccoi",1.54,"Europa"
"Megachilidae","Hoplitis","Hoplitis mitis",2.49,"Europa"
"Megachilidae","Hoplitis","Hoplitis mocsaryi",2.74,"Europa"
"Megachilidae","Hoplitis","Hoplitis moricei",2.04,"Europa"
"Megachilidae","Hoplitis","Hoplitis obtusa",2.8,"Europa"
"Megachilidae","Hoplitis","Hoplitis ochraceicornis",2.09,"Europa"
"Megachilidae","Hoplitis","Hoplitis pallicornis",2.44,"Europa"
"Megachilidae","Hoplitis","Hoplitis papaveris",2.31,"Europa"
"Megachilidae","Hoplitis","Hoplitis perambigua",1.9,"Europa"
"Megachilidae","Hoplitis","Hoplitis perezi",2.43,"Europa"
"Megachilidae","Hoplitis","Hoplitis pici",2.34,"Europa"
"Megachilidae","Hoplitis","Hoplitis praestans",1.99,"Europa"
"Megachilidae","Hoplitis","Hoplitis princeps",3.46,"Europa"
"Megachilidae","Hoplitis","Hoplitis pulchella",1.91,"Europa"
"Megachilidae","Hoplitis","Hoplitis quinquespinosa",2.7,"Europa"
"Megachilidae","Hoplitis","Hoplitis ravouxi",2.35,"Europa"
"Megachilidae","Hoplitis","Hoplitis robusta",1.74,"Europa"
"Megachilidae","Hoplitis","Hoplitis saundersi",2.39,"Europa"
"Megachilidae","Hoplitis","Hoplitis stecki",3.4,"Europa"
"Megachilidae","Hoplitis","Hoplitis subbutea",2.12,"Europa"
"Megachilidae","Hoplitis","Hoplitis tenuispina",1.46,"Europa"
"Megachilidae","Hoplitis","Hoplitis tigrina",3.49,"Europa"
"Megachilidae","Hoplitis","Hoplitis tkalcuella",3.51,"Europa"
"Megachilidae","Hoplitis","Hoplitis tridentata",2.81,"Europa"
"Megachilidae","Hoplitis","Hoplitis tuberculata",2.23,"Europa"
"Megachilidae","Hoplitis","Hoplitis villosa",2.72,"Europa"
"Megachilidae","Hoplitis","Hoplitis yermasoyiae",2.28,"Europa"
"Megachilidae","Hoplitis","Hoplitis zaianorum",2.59,"Europa"
"Megachilidae","Osmia","Osmia alfkenii",2.59,"Europa"
"Megachilidae","Osmia","Osmia alticola",3.13,"Europa"
"Megachilidae","Osmia","Osmia amathusica",2.18,"Europa"
"Megachilidae","Osmia","Osmia anceyi",2.2,"Europa"
"Megachilidae","Osmia","Osmia andrenoides",1.85,"Europa"
"Megachilidae","Osmia","Osmia apicata",3.24,"Europa"
"Megachilidae","Osmia","Osmia argyropyga",2.56,"Europa"
"Megachilidae","Osmia","Osmia aurulenta",2.92,"Europa"
"Megachilidae","Osmia","Osmia balearica",3.14,"Europa"
"Megachilidae","Osmia","Osmia bicolor",2.72,"Europa"
"Megachilidae","Osmia","Osmia bicornis",3.08,"Europa"
"Megachilidae","Osmia","Osmia bidentata",2.24,"Europa"
"Megachilidae","Osmia","Osmia bischoffi",2.5,"Europa"
"Megachilidae","Osmia","Osmia brevicornis",2.3,"Europa"
"Megachilidae","Osmia","Osmia caerulescens",2.37,"Europa"
"Megachilidae","Osmia","Osmia cephalotes",1.74,"Europa"
"Megachilidae","Osmia","Osmia cerinthidis",3,"Europa"
"Megachilidae","Osmia","Osmia cinnabarina",2.86,"Europa"
"Megachilidae","Osmia","Osmia clypearis",2.83,"Europa"
"Megachilidae","Osmia","Osmia corniculata",1.51,"Europa"
"Megachilidae","Osmia","Osmia cornuta",3.55,"Europa"
"Megachilidae","Osmia","Osmia croatica",1.51,"Europa"
"Megachilidae","Osmia","Osmia cyanoxantha",2.16,"Europa"
"Megachilidae","Osmia","Osmia dilaticornis",2.18,"Europa"
"Megachilidae","Osmia","Osmia dimidiata",3.02,"Europa"
"Megachilidae","Osmia","Osmia distinguenda",2.28,"Europa"
"Megachilidae","Osmia","Osmia dives",2.72,"Europa"
"Megachilidae","Osmia","Osmia emarginata",3.83,"Europa"
"Megachilidae","Osmia","Osmia erythrogastra",1.73,"Europa"
"Megachilidae","Osmia","Osmia ferruginea",2.2,"Europa"
"Megachilidae","Osmia","Osmia forticornis",2.23,"Europa"
"Megachilidae","Osmia","Osmia frieseana",3.21,"Europa"
"Megachilidae","Osmia","Osmia gallarum",1.75,"Europa"
"Megachilidae","Osmia","Osmia hellados",1.73,"Europa"
"Megachilidae","Osmia","Osmia heteracantha",2.16,"Europa"
"Megachilidae","Osmia","Osmia iberica",3.46,"Europa"
"Megachilidae","Osmia","Osmia inermis",2.71,"Europa"
"Megachilidae","Osmia","Osmia jason",3.37,"Europa"
"Megachilidae","Osmia","Osmia kohlii",3.44,"Europa"
"Megachilidae","Osmia","Osmia labialis",2.6,"Europa"
"Megachilidae","Osmia","Osmia larochei",1.85,"Europa"
"Megachilidae","Osmia","Osmia laticauda",1.89,"Europa"
"Megachilidae","Osmia","Osmia laticeps",2.39,"Europa"
"Megachilidae","Osmia","Osmia latreillei",2.89,"Europa"
"Megachilidae","Osmia","Osmia leaiana",2.75,"Europa"
"Megachilidae","Osmia","Osmia leucopyga",2.45,"Europa"
"Megachilidae","Osmia","Osmia ligurica",2.1,"Europa"
"Megachilidae","Osmia","Osmia lunata",2.63,"Europa"
"Megachilidae","Osmia","Osmia maritima",2.83,"Europa"
"Megachilidae","Osmia","Osmia melanogaster",2.66,"Europa"
"Megachilidae","Osmia","Osmia melanura",1.85,"Europa"
"Megachilidae","Osmia","Osmia moreensis",2.18,"Europa"
"Megachilidae","Osmia","Osmia mustelina",3.92,"Europa"
"Megachilidae","Osmia","Osmia nana",1.35,"Europa"
"Megachilidae","Osmia","Osmia nasoproducta",3.62,"Europa"
"Megachilidae","Osmia","Osmia nasuta",1.48,"Europa"
"Megachilidae","Osmia","Osmia nigriventris",3.26,"Europa"
"Megachilidae","Osmia","Osmia nigrohirta",3.21,"Europa"
"Megachilidae","Osmia","Osmia niveata",2.57,"Europa"
"Megachilidae","Osmia","Osmia niveocincta",3.04,"Europa"
"Megachilidae","Osmia","Osmia notata",2.71,"Europa"
"Megachilidae","Osmia","Osmia padri",1.78,"Europa"
"Megachilidae","Osmia","Osmia parietina",2.11,"Europa"
"Megachilidae","Osmia","Osmia pilicornis",2.73,"Europa"
"Megachilidae","Osmia","Osmia pinguis",2.2,"Europa"
"Megachilidae","Osmia","Osmia rhodoensis",1.84,"Europa"
"Megachilidae","Osmia","Osmia rufohirta",1.97,"Europa"
"Megachilidae","Osmia","Osmia rutila",2.26,"Europa"
"Megachilidae","Osmia","Osmia saxicola",2.07,"Europa"
"Megachilidae","Osmia","Osmia scutellaris",1.43,"Europa"
"Megachilidae","Osmia","Osmia signata",2.71,"Europa"
"Megachilidae","Osmia","Osmia spinigera",2.58,"Europa"
"Megachilidae","Osmia","Osmia spinulosa",1.94,"Europa"
"Megachilidae","Osmia","Osmia subcornuta",2.41,"Europa"
"Megachilidae","Osmia","Osmia submicans",2.03,"Europa"
"Megachilidae","Osmia","Osmia sybarita",1.83,"Europa"
"Megachilidae","Osmia","Osmia tergestensis",2.26,"Europa"
"Megachilidae","Osmia","Osmia teunisseni",1.28,"Europa"
"Megachilidae","Osmia","Osmia tricornis",3.73,"Europa"
"Megachilidae","Osmia","Osmia uncicornis",3.58,"Europa"
"Megachilidae","Osmia","Osmia uncinata",2.34,"Europa"
"Megachilidae","Osmia","Osmia versicolor",1.78,"Europa"
"Megachilidae","Osmia","Osmia viridana",1.69,"Europa"
"Megachilidae","Osmia","Osmia xanthomelana",3.62,"Europa"
"Megachilidae","Protosmia","Protosmia asensioi",1.08,"Europa"
"Megachilidae","Protosmia","Protosmia capitata",1.53,"Europa"
"Megachilidae","Protosmia","Protosmia exenterata",1.41,"Europa"
"Megachilidae","Protosmia","Protosmia glutinosa",1.66,"Europa"
"Megachilidae","Protosmia","Protosmia longiceps",1.64,"Europa"
"Megachilidae","Protosmia","Protosmia minutula",1,"Europa"
"Megachilidae","Protosmia","Protosmia paradoxa",1.26,"Europa"
"Megachilidae","Protosmia","Protosmia sideritis",1.36,"Europa"
"Megachilidae","Protosmia","Protosmia tiflensis",1.34,"Europa"
"Andrenidae","Camptopoeum","Camptopoeum friesei",1.96,"Europa"
"Andrenidae","Camptopoeum","Camptopoeum frontale",1.65,"Europa"
"Andrenidae","Camptopoeum","Camptopoeum nasutum",2.25,"Europa"
"Andrenidae","Camptopoeum","Camptopoeum variegatum",1.47,"Europa"
"Andrenidae","Clavipanurgus","Clavipanurgus sculpturatus",2.06,"Europa"
"Andrenidae","Flavipanurgus","Flavipanurgus flavus",1.54,"Europa"
"Andrenidae","Flavipanurgus","Flavipanurgus granadensis",1.49,"Europa"
"Andrenidae","Flavipanurgus","Flavipanurgus ibericus",1.22,"Europa"
"Andrenidae","Flavipanurgus","Flavipanurgus kastiliensis",1.24,"Europa"
"Andrenidae","Flavipanurgus","Flavipanurgus venustus",1.97,"Europa"
"Andrenidae","Halopanurgus","Halopanurgus fuzetus",1,"Europa"
"Andrenidae","Melitturga","Melitturga caudata",3.43,"Europa"
"Andrenidae","Melitturga","Melitturga clavicornis",3.59,"Europa"
"Andrenidae","Melitturga","Melitturga praestans",3.37,"Europa"
"Andrenidae","Melitturga","Melitturga spinosa",4.15,"Europa"
"Andrenidae","Melitturga","Melitturga syriaca",3.2,"Europa"
"Andrenidae","Melitturga","Melitturga taurica",3.77,"Europa"
"Andrenidae","Panurginus","Panurginus albopilosus",1.11,"Europa"
"Andrenidae","Panurginus","Panurginus alpinus",1.57,"Europa"
"Andrenidae","Panurginus","Panurginus annulatus",1.24,"Europa"
"Andrenidae","Panurginus","Panurginus brullei",1.11,"Europa"
"Andrenidae","Panurginus","Panurginus labiatus",1.08,"Europa"
"Andrenidae","Panurginus","Panurginus lactipennis",1,"Europa"
"Andrenidae","Panurginus","Panurginus montanus",1.43,"Europa"
"Andrenidae","Panurginus","Panurginus romani",1.67,"Europa"
"Andrenidae","Panurginus","Panurginus schwarzi",1.12,"Europa"
"Andrenidae","Panurginus","Panurginus sericatus",1.55,"Europa"
"Andrenidae","Panurginus","Panurginus turcomanicus",1.16,"Europa"
"Andrenidae","Panurginus","Panurginus tyrolensis",1.46,"Europa"
"Andrenidae","Panurgus","Panurgus banksianus",2.22,"Europa"
"Andrenidae","Panurgus","Panurgus calcaratus",1.76,"Europa"
"Andrenidae","Panurgus","Panurgus canarius",1.52,"Europa"
"Andrenidae","Panurgus","Panurgus canescens",1.61,"Europa"
"Andrenidae","Panurgus","Panurgus cephalotes",2.61,"Europa"
"Andrenidae","Panurgus","Panurgus corsicus",1.62,"Europa"
"Andrenidae","Panurgus","Panurgus dargius",2.18,"Europa"
"Andrenidae","Panurgus","Panurgus dentipes",1.59,"Europa"
"Andrenidae","Panurgus","Panurgus perezi",2.02,"Europa"
"Andrenidae","Panurgus","Panurgus pici",1.64,"Europa"
"Andrenidae","Panurgus","Panurgus siculus",1.4,"Europa"
"Apidae","Ancyla","Ancyla asiatica",2.3,"Europa"
"Apidae","Ancyla","Ancyla nigricornis",1.86,"Europa"
"Apidae","Tarsalia","Tarsalia hirtipes",3.52,"Europa"
"Apidae","Ceratina","Ceratina acuta",1.55,"Europa"
"Apidae","Ceratina","Ceratina albosticta",1.36,"Europa"
"Apidae","Ceratina","Ceratina bispinosa",1,"Europa"
"Apidae","Ceratina","Ceratina callosa",1.96,"Europa"
"Apidae","Ceratina","Ceratina chalcites",2.51,"Europa"
"Apidae","Ceratina","Ceratina chalybea",2.16,"Europa"
"Apidae","Ceratina","Ceratina chrysomalla",2.24,"Europa"
"Apidae","Ceratina","Ceratina cucurbitina",1.43,"Europa"
"Apidae","Ceratina","Ceratina cyanea",1.35,"Europa"
"Apidae","Ceratina","Ceratina cypriaca",1.84,"Europa"
"Apidae","Ceratina","Ceratina dallatorreana",1.16,"Europa"
"Apidae","Ceratina","Ceratina dentiventris",1.13,"Europa"
"Apidae","Ceratina","Ceratina gravidula",1.96,"Europa"
"Apidae","Ceratina","Ceratina loewi",1.76,"Europa"
"Apidae","Ceratina","Ceratina mandibularis",1.31,"Europa"
"Apidae","Ceratina","Ceratina mocsaryi",1.82,"Europa"
"Apidae","Ceratina","Ceratina moricei",1.4,"Europa"
"Apidae","Ceratina","Ceratina nigroaenea",1.97,"Europa"
"Apidae","Ceratina","Ceratina nigrolabiata",1.33,"Europa"
"Apidae","Ceratina","Ceratina parvula",0.77,"Europa"
"Apidae","Ceratina","Ceratina sakagamii",1.01,"Europa"
"Apidae","Ceratina","Ceratina saundersi",1.41,"Europa"
"Apidae","Ceratina","Ceratina schwarzi",0.98,"Europa"
"Apidae","Ceratina","Ceratina tarsata",1.72,"Europa"
"Apidae","Ceratina","Ceratina teunisseni",1.81,"Europa"
"Apidae","Ceratina","Ceratina zandeni",1.33,"Europa"
"Apidae","Xylocopa","Xylocopa amedaei",5.66,"Europa"
"Apidae","Xylocopa","Xylocopa cantabrita",5.62,"Europa"
"Apidae","Xylocopa","Xylocopa iris",4.34,"Europa"
"Apidae","Xylocopa","Xylocopa olivieri",5.5,"Europa"
"Apidae","Xylocopa","Xylocopa pubescens",6.54,"Europa"
"Apidae","Xylocopa","Xylocopa valga",7.04,"Europa"
"Apidae","Xylocopa","Xylocopa violacea",6.67,"Europa"
"Halictidae","Agapostemon","Agapostemon angelicus texanus",2.04,"KC"
"Halictidae","Agapostemon","Agapostemon splendens",2.38,"KC"
"Halictidae","Agapostemon","Agapostemon texanus",2.04,"KC"
"Halictidae","Agapostemon","Agapostemon virescens",2.308,"KC"
"Apidae","Alloscirtetica","Alloscirtetica gayi",3.102,"KC"
"Apidae","Alloscirtetica","Alloscirtetica rufitarsis",3.36,"KC"
"Apidae","Alloscirtetica","Alloscirtetica sp",2.9,"KC"
"Apidae","Alloscirtetica","Alloscirtetica sp1",2.9,"KC"
"Apidae","Amegilla","Amegilla albigena",3.02,"KC"
"Apidae","Amegilla","Amegilla fasciata",3.29,"KC"
"Apidae","Amegilla","Amegilla quadrifasciata",3.64,"KC"
"Apidae","Amegilla","Amegilla sp1",3.7,"KC"
"Apidae","Amegilla","Amegilla sp1 M",3.7,"KC"
"Andrenidae","Andreana","Andreana sp1",2.74,"KC"
"Andrenidae","Andrena","Andrena alfkenella",1.33,"KC"
"Andrenidae","Andrena","Andrena alleghaniensis",1.44,"KC"
"Andrenidae","Andrena","Andrena arabis",2.1,"KC"
"Andrenidae","Andrena","Andrena barbilabris",2.1,"KC"
"Andrenidae","Andrena","Andrena bicolor",2.05,"KC"
"Andrenidae","Andrena","Andrena bimaculata",2.72,"KC"
"Andrenidae","Andrena","Andrena carlini",2.9,"KC"
"Andrenidae","Andrena","Andrena carolina",2.09,"KC"
"Andrenidae","Andrena","Andrena chrysosceles",1.84,"KC"
"Andrenidae","Andrena","Andrena clarkella",3.1,"KC"
"Andrenidae","Andrena","Andrena combaella",2.34,"KC"
"Andrenidae","Andrena","Andrena crataegi",1.81,"KC"
"Andrenidae","Andrena","Andrena cressoni",2.06,"KC"
"Andrenidae","Andrena","Andrena dunningi",2.64,"KC"
"Andrenidae","Andrena","Andrena erigeniae",2.1,"KC"
"Andrenidae","Andrena","Andrena flavipes",1.71,"KC"
"Andrenidae","Andrena","Andrena forbesii",2.2,"KC"
"Andrenidae","Andrena","Andrena fulva",2.86,"KC"
"Andrenidae","Andrena","Andrena fuscipes",2,"KC"
"Andrenidae","Andrena","Andrena haemorrhoa",2.54,"KC"
"Andrenidae","Andrena","Andrena haemorrhoa japonibia",2.54,"KC"
"Andrenidae","Andrena","Andrena hattorfiana",2.71,"KC"
"Andrenidae","Andrena","Andrena hispania",2.95,"KC"
"Andrenidae","Andrena","Andrena humillis",2.43,"KC"
"Andrenidae","Andrena","Andrena imitatrix",4.49,"KC"
"Andrenidae","Andrena","Andrena japonica",1.22,"KC"
"Andrenidae","Andrena","Andrena japonicum",1.22,"KC"
"Andrenidae","Andrena","Andrena lapponica",2.66,"KC"
"Andrenidae","Andrena","Andrena longitibialis",1.59,"KC"
"Andrenidae","Andrena","Andrena mandibularis",1.87,"KC"
"Andrenidae","Andrena","Andrena medionitens",2.09,"KC"
"Andrenidae","Andrena","Andrena melanochroa",1.7,"KC"
"Andrenidae","Andrena","Andrena minutula",1.5,"KC"
"Andrenidae","Andrena","Andrena minutula",1.59,"KC"
"Andrenidae","Andrena","Andrena miranda",1.9,"KC"
"Andrenidae","Andrena","Andrena miserabilis",1.7,"KC"
"Andrenidae","Andrena","Andrena nana",1.58,"KC"
"Andrenidae","Andrena","Andrena nasonii",1.59,"KC"
"Andrenidae","Andrena","Andrena nigroaenea",2.84,"KC"
"Andrenidae","Andrena","Andrena nigroaenea",2.97,"KC"
"Andrenidae","Andrena","Andrena nivalis",2.69,"KC"
"Andrenidae","Andrena","Andrena nubecula",1.17,"KC"
"Andrenidae","Andrena","Andrena personata",1.2,"KC"
"Andrenidae","Andrena","Andrena pruni",2.5,"KC"
"Andrenidae","Andrena","Andrena rugosa",2.07,"KC"
"Andrenidae","Andrena","Andrena simontornyella",1.31,"KC"
"Andrenidae","Andrena","Andrena sp1",2.99,"KC"
"Andrenidae","Andrena","Andrena sp2",2.99,"KC"
"Andrenidae","Andrena","Andrena sp3",2.99,"KC"
"Andrenidae","Andrena","Andrena sp5",2.99,"KC"
"Andrenidae","Andrena","Andrena sp9",2.99,"KC"
"Andrenidae","Andrena","Andrena spA",2.99,"KC"
"Andrenidae","Andrena","Andrena spC",2.99,"KC"
"Andrenidae","Andrena","Andrena spiraeana",1.94,"KC"
"Andrenidae","Andrena","Andrena subopaca",1.47,"KC"
"Andrenidae","Andrena","Andrena taraxaci",1.68,"KC"
"Andrenidae","Andrena","Andrena ventricosa",1.63,"KC"
"Andrenidae","Andrena","Andrena vicina",2.54,"KC"
"Andrenidae","Andrena","Andrena violae",2.3,"KC"
"Andrenidae","Andrena","Andrena w scripta",1.74,"KC"
"Andrenidae","Andrena","Andrena wilkella",2.34,"KC"
"Megachilidae","Anthidiellum","Anthidiellum sp1",3.4,"KC"
"Megachilidae","Anthidiellum","Anthidiellum strigatum luteum",2.44,"KC"
"Megachilidae","Anthidium","Anthidium chilensis",1.2,"KC"
"Megachilidae","Anthidium","Anthidium chubuti",3.69,"KC"
"Megachilidae","Anthidium","Anthidium decaspilum",3.2,"KC"
"Megachilidae","Anthidium","Anthidium funereum",3.2,"KC"
"Megachilidae","Anthidium","Anthidium manicatum",3.44,"KC"
"Megachilidae","Anthidium","Anthidium septemspinosum",3,"KC"
"Megachilidae","Anthidium","Anthidium sp",3.34,"KC"
"Megachilidae","Anthidium","Anthidium sp1",3.34,"KC"
"Andrenidae","Anthophora","Anthophora abrupta",3.9,"KC"
"Apidae","Anthophora","Anthophora atroalba",3.67,"KC"
"Apidae","Anthophora","Anthophora dispar",3.67,"KC"
"Apidae","Anthophora","Anthophora incerta",4.13,"KC"
"Apidae","Anthophora","Anthophora montana",3.83,"KC"
"Apidae","Anthophora","Anthophora plumipes",4.17,"KC"
"Apidae","Anthophora","Anthophora sp",4.13,"KC"
"Apidae","Anthophora","Anthophora sp1",4.13,"KC"
"Apidae","Anthophora","Anthophora terminalis",3.17,"KC"
"Apidae","Anthophora","Anthophora urbana",3.31,"KC"
"Apidae","Apis","Apis cerana",2.38,"KC"
"Apidae","Apis","Apis cerana japonica",2.38,"KC"
"Apidae","Apis","Apis mellifera",2.9,"KC"
"Megachilidae","Ashmeadiella","Ashmeadiella bucconis",1.78,"KC"
"Halictidae","Augochlora","Augochlora pura",1.64,"KC"
"Halictidae","Augochlora","Augochlora sp1",1.57,"KC"
"Halictidae","Augochlora","Augochlora sp2",1.57,"KC"
"Halictidae","Augochlorella","Augochlorella aurata",1.405,"KC"
"Halictidae","Augochloropsis","Augochloropsis sp",2.18,"KC"
"Halictidae","Augochloropsis","Augochloropsis sp1",2.18,"KC"
"Halictidae","Augochloropsis","Augochloropsis sp1",1.57,"KC"
"Halictidae","Augochloropsis","Augochloropsis sp2",2.18,"KC"
"Halictidae","Augochloropsis","Augochloropsis sp3",2.18,"KC"
"Halictidae","Augochloropsis","Augochloropsis vesta",2.18,"KC"
"Apidae","Bombus","Bombus alpinus",5.28,"KC"
"Apidae","Bombus","Bombus ardens",4.98,"KC"
"Apidae","Bombus","Bombus atratus",5.66,"KC"
"Apidae","Bombus","Bombus bifarius",2.89,"KC"
"Apidae","Bombus","Bombus bimaculatus",4.07,"KC"
"Apidae","Bombus","Bombus bohemicus",4.1,"KC"
"Apidae","Bombus","Bombus brasiliensis",4.4,"KC"
"Apidae","Bombus","Bombus brevivillus",3.8,"KC"
"Apidae","Bombus","Bombus centralis",3.06,"KC"
"Apidae","Bombus","Bombus dahlbomii",6.01,"KC"
"Apidae","Bombus","Bombus dahlbomii",6.1,"KC"
"Apidae","Bombus","Bombus diversus",5.4,"KC"
"Apidae","Bombus","Bombus diversus",5.49,"KC"
"Apidae","Bombus","Bombus diversus diversus",5.49,"KC"
"Apidae","Bombus","Bombus diversus diversus",4.79,"KC"
"Apidae","Bombus","Bombus fervidus",3.48,"KC"
"Apidae","Bombus","Bombus flavifrons",2.89,"KC"
"Apidae","Bombus","Bombus griseocollis",4.87,"KC"
"Apidae","Bombus","Bombus honshuensis",6.1,"KC"
"Apidae","Bombus","Bombus hortorum",4.74,"KC"
"Apidae","Bombus","Bombus hortorum",4.56,"KC"
"Apidae","Bombus","Bombus hortotum",4.74,"KC"
"Apidae","Bombus","Bombus hunti",5.13,"KC"
"Apidae","Bombus","Bombus hypnorum",3.95,"KC"
"Apidae","Bombus","Bombus hypocrita",5.4,"KC"
"Apidae","Bombus","Bombus hypocrita hypocrita",5.4,"KC"
"Apidae","Bombus","Bombus ignitus",6.3,"KC"
"Apidae","Bombus","Bombus impatiens",4.42,"KC"
"Apidae","Bombus","Bombus impatiens",3.38,"KC"
"Apidae","Bombus","Bombus jonellus",3.99,"KC"
"Apidae","Bombus","Bombus lapidarius",3.98,"KC"
"Apidae","Bombus","Bombus lucorum",4.78,"KC"
"Apidae","Bombus","Bombus lucorum",3.75,"KC"
"Apidae","Bombus","Bombus mixtus",3.04,"KC"
"Apidae","Bombus","Bombus morio",6.04,"KC"
"Apidae","Bombus","Bombus muscorum",3.84,"KC"
"Apidae","Bombus","Bombus nevadensis",5.06,"KC"
"Apidae","Bombus","Bombus occidentalis",3.89,"KC"
"Apidae","Bombus","Bombus pascuorum",3.72,"KC"
"Apidae","Bombus","Bombus pennsylvanicus",6,"KC"
"Apidae","Bombus","Bombus pratorum",4.21,"KC"
"Apidae","Bombus","Bombus ridingsii",5.44,"KC"
"Apidae","Bombus","Bombus ruderatus",5.58,"KC"
"Apidae","Bombus","Bombus rupestris",5.81,"KC"
"Apidae","Bombus","Bombus soroeensis",3.45,"KC"
"Apidae","Bombus","Bombus sp1",4.35,"KC"
"Apidae","Bombus","Bombus sp1",4.3,"KC"
"Apidae","Bombus","Bombus sp2",4.35,"KC"
"Apidae","Bombus","Bombus terrestris",4.78,"KC"
"Apidae","Bombus","Bombus terrestris",4.7,"KC"
"Apidae","Bombus","Bombus terrestris lucorum",4.78,"KC"
"Apidae","Bombus","Bombus vagans",3.56,"KC"
"Colletidae","Cadeguala","Cadeguala occidentalis",3.3,"KC"
"Halictidae","Caenohalictus","Caenohalictus sp",1.3,"KC"
"Halictidae","CaenoHalictus","CaenoHalictus sp1",1.3,"KC"
"Halictidae","Caenohalictus","Caenohalictus sp2",1.3,"KC"
"Halictidae","CaenoHalictus","CaenoHalictus sp2",1.3,"KC"
"Halictidae","Caenohalictus","Caenohalictus sp3",1.3,"KC"
"Andrenidae","Calliopsis","Calliopsis andreniformis",1.36,"KC"
"Andrenidae","Calliopsis","Calliopsis coloradensis",1.65,"KC"
"Apidae","Centris","Centris aenea",4.7,"KC"
"Apidae","Centris","Centris caxiensis",4.2,"KC"
"Apidae","Centris","Centris cineraria",5.108,"KC"
"Apidae","Centris","Centris flavifrons",5.5,"KC"
"Apidae","Centris","Centris fuscata",4.8,"KC"
"Apidae","Centris","Centris nigerrima",4.836,"KC"
"Apidae","Centris","Centris obsoleta",6.5,"KC"
"Apidae","Centris","Centris sp",5.4,"KC"
"Apidae","Centris","Centris sp1",5.4,"KC"
"Apidae","Centris","Centris sp2",5.4,"KC"
"Apidae","Centris","Centris tarsata",6.7,"KC"
"Apidae","Centris","Centris trigonoides",3,"KC"
"Apidae","Cerarina","Cerarina calcarata",1.41,"KC"
"Apidae","Cerarina","Cerarina cucurbitina",1.36,"KC"
"Apidae","Cerarina","Cerarina sp1",1.5,"KC"
"Apidae","Ceratina","Ceratina calcarata",1.41,"KC"
"Apidae","Ceratina","Ceratina cucurbitina",1.36,"KC"
"Apidae","Ceratina","Ceratina cyanea",1.24,"KC"
"Apidae","Ceratina","Ceratina dupla",1.42,"KC"
"Apidae","Ceratina","Ceratina flavipes",1.71,"KC"
"Apidae","Ceratina","Ceratina japonica",1.22,"KC"
"Apidae","Ceratina","Ceratina nigrolabiata",1.34,"KC"
"Apidae","Ceratina","Ceratina okinawana",1.41,"KC"
"Apidae","Ceratina","Ceratina sp1",1.5,"KC"
"Megachilidae","Chelostoma","Chelostoma appendiculatum",0.95,"KC"
"Colletidae","Colletes","Colletes acutus",2.57,"KC"
"Colletidae","Colletes","Colletes araucariae",2.417,"KC"
"Colletidae","Colletes","Colletes bicolor",2.675,"KC"
"Colletidae","Colletes","Colletes cognatus",2.35,"KC"
"Colletidae","Colletes","Colletes compactus",3.143,"KC"
"Colletidae","Colletes","Colletes cunicularius",3.62,"KC"
"Colletidae","Colletes","Colletes fodiens",2.6,"KC"
"Colletidae","Colletes","Colletes kincaidi",1.97,"KC"
"Colletidae","Colletes","Colletes nigrifrons",2.04,"KC"
"Colletidae","Colletes","Colletes similis",2.37,"KC"
"Colletidae","Colletes","Colletes sp",2.9,"KC"
"Colletidae","Colletes","Colletes sp1",2.9,"KC"
"Colletidae","Colletes","Colletes sp2",2.9,"KC"
"Colletidae","Colletes","Colletes spp",2.9,"KC"
"Colletidae","Colletes","Colletes succinctus",3,"KC"
"Colletidae","Colletes","Colletes succintus",3,"KC"
"Melittidae","Dasypoda","Dasypoda cingulata",2.17,"KC"
"Halictidae","Dialictus","Dialictus sp",1.2,"KC"
"Halictidae","Dialictus","Dialictus sp1",1.2,"KC"
"Halictidae","Dialictus","Dialictus sp1",1.3,"KC"
"Halictidae","Dialictus","Dialictus sp2",1.2,"KC"
"Colletidae","Diphaglossa","Diphaglossa gayi",2.11,"KC"
"Halictidae","Dufourea","Dufourea fimbriata",1.18,"KC"
"Halictidae","Dufourea","Dufourea maura",1.73,"KC"
"Apidae","Eucera","Eucera clypeata",2.75,"KC"
"Apidae","Eucera","Eucera nigrescens contraria",3.34,"KC"
"Apidae","Eucera","Eucera nigrilabris rufitarsis",3.65,"KC"
"Apidae","Eucera","Eucera seminuda",2.65,"KC"
"Apidae","Eucera","Eucera sp1",4,"KC"
"Apidae","Eucera","Eucera sp2",4,"KC"
"Apidae","Euglossa","Euglossa chalybeata",3.7,"KC"
"Apidae","Euglossa","Euglossa cordata",3.44,"KC"
"Apidae","Euglossa","Euglossa cordata",3.4,"KC"
"Apidae","Euglossa","Euglossa sp",3.55,"KC"
"Apidae","Euglossa","Euglossa sp1",3.55,"KC"
"Apidae","Exomalopsis","Exomalopsis sp1",1.75,"KC"
"Apidae","Frieseomelitt","Frieseomelitt silvestrii",1.01,"KC"
"Apidae","Habropoda","Habropoda tarsata",3,"KC"
"Halictidae","Halictus","Halictus confusus",1.41,"KC"
"Halictidae","Halictus","Halictus fulvipes",2.13,"KC"
"Halictidae","Halictus","Halictus ligatus",1.684,"KC"
"Halictidae","Halictus","Halictus quadricinctus",2.84,"KC"
"Halictidae","Halictus","Halictus rubicundus",2.21,"KC"
"Halictidae","Halictus","Halictus scabiosae",2.4,"KC"
"Halictidae","Halictus","Halictus scabiosae",2.5,"KC"
"Halictidae","Halictus","Halictus smaragdulus",1.11,"KC"
"Halictidae","Halictus","Halictus sp",1.49,"KC"
"Halictidae","Halictus","Halictus sp1",1.49,"KC"
"Halictidae","Halictus","Halictus sp2",1.49,"KC"
"Halictidae","Halictus","Halictus sp3",1.49,"KC"
"Halictidae","Halictus","Halictus subauratus",1.68,"KC"
"Halictidae","Halictus","Halictus tripartitus",1.112,"KC"
"Halictidae","Halictus","Halictus virgatellus",1.44,"KC"
"Megachilidae","Heriades","Heriades crenulatus",1.53,"KC"
"Megachilidae","Heriades","Heriades trucorum",1.64,"KC"
"Megachilidae","Hoplitis","Hoplitis albifrons",2.43,"KC"
"Megachilidae","Hoplitis","Hoplitis fulgida",2.04,"KC"
"Megachilidae","Hoplitis","Hoplitis producta",1.56,"KC"
"Megachilidae","Hoplitis","Hoplitis robusta",1.39,"KC"
"Megachilidae","Hoplitis","Hoplitis sp1",1.93,"KC"
"Megachilidae","Hoplitis","Hoplitis sp2",1.93,"KC"
"Colletidae","Hylaeus","Hylaeus annularis",4,"KC"
"Colletidae","Hylaeus","Hylaeus annulatus",1.28,"KC"
"Colletidae","Hylaeus","Hylaeus annullatus",1.28,"KC"
"Colletidae","Hylaeus","Hylaeus basalis",1.85,"KC"
"Colletidae","Hylaeus","Hylaeus brevicornis",1,"KC"
"Colletidae","Hylaeus","Hylaeus imparilis",0.99,"KC"
"Colletidae","Hylaeus","Hylaeus modestus",1.158,"KC"
"Colletidae","Hylaeus","Hylaeus nigritus",1.607,"KC"
"Colletidae","Hylaeus","Hylaeus personatellus",1.33,"KC"
"Colletidae","Hylaeus","Hylaeus punctatus",1.19,"KC"
"Colletidae","Hylaeus","Hylaeus signatus",1.81,"KC"
"Colletidae","Hylaeus","Hylaeus sp1",1.27,"KC"
"Colletidae","Hylaeus","Hylaeus sp1 M",1.27,"KC"
"Colletidae","Hylaeus","Hylaeus sp2",1.27,"KC"
"Colletidae","Hylaeus","Hylaeus variegatus",2.12,"KC"
"Halictidae","Lasioglossum","Lasioglossum (Dialictus) pruinosum",1.164,"KC"
"Halictidae","Lasioglossum","Lasioglossum (Dialictus) semicaeruleum",1.128,"KC"
"Halictidae","Lasioglossum","Lasioglossum aeratum",0.92,"KC"
"Halictidae","Lasioglossum","Lasioglossum albipes",1.62,"KC"
"Halictidae","Lasioglossum","Lasioglossum albocinctum",2.28,"KC"
"Halictidae","Lasioglossum","Lasioglossum birkmanni",1.25,"KC"
"Halictidae","Lasioglossum","Lasioglossum brevicome",1.38,"KC"
"Halictidae","Lasioglossum","Lasioglossum calceatum",1.78,"KC"
"Halictidae","Lasioglossum","Lasioglossum cressonii",1.29,"KC"
"Halictidae","Lasioglossum","Lasioglossum ephialtum",1.2,"KC"
"Halictidae","Lasioglossum","Lasioglossum fratellum",1.16,"KC"
"Halictidae","Lasioglossum","Lasioglossum fuscipenne",2.1,"KC"
"Halictidae","Lasioglossum","Lasioglossum hitchensi",1.16,"KC"
"Halictidae","Lasioglossum","Lasioglossum imitatum",0.98,"KC"
"Halictidae","Lasioglossum","Lasioglossum inconditum",1.25,"KC"
"Halictidae","Lasioglossum","Lasioglossum laticeps hellenicum",1.47,"KC"
"Halictidae","Lasioglossum","Lasioglossum leucopus",1.2,"KC"
"Halictidae","Lasioglossum","Lasioglossum leucozonium",1.86,"KC"
"Halictidae","Lasioglossum","Lasioglossum limbellum",1.32,"KC"
"Halictidae","Lasioglossum","Lasioglossum lineare",1.35,"KC"
"Halictidae","Lasioglossum","Lasioglossum lucidulum",1.28,"KC"
"Halictidae","Lasioglossum","Lasioglossum macoupinens",1.19,"KC"
"Halictidae","Lasioglossum","Lasioglossum malachurum",1.65,"KC"
"Halictidae","Lasioglossum","Lasioglossum marginatum",1.65,"KC"
"Halictidae","Lasioglossum","Lasioglossum mediterraneum",3.34,"KC"
"Halictidae","Lasioglossum","Lasioglossum mesosclerum",1.25,"KC"
"Halictidae","Lasioglossum","Lasioglossum nigripes",1.95,"KC"
"Halictidae","Lasioglossum","Lasioglossum nitidulum fudakowskii",1.24,"KC"
"Halictidae","Lasioglossum","Lasioglossum oblongum",1.23,"KC"
"Halictidae","Lasioglossum","Lasioglossum obscurum",1.17,"KC"
"Halictidae","Lasioglossum","Lasioglossum occidens",2.26,"KC"
"Halictidae","Lasioglossum","Lasioglossum pallens",1.59,"KC"
"Halictidae","Lasioglossum","Lasioglossum pauxillum",1.115,"KC"
"Halictidae","Lasioglossum","Lasioglossum politum",0.85,"KC"
"Halictidae","Lasioglossum","Lasioglossum proximatum",2.43,"KC"
"Halictidae","Lasioglossum","Lasioglossum punctatissimum",1.21,"KC"
"Halictidae","Lasioglossum","Lasioglossum pygmaeum patulum",1.14,"KC"
"Halictidae","Lasioglossum","Lasioglossum quadrinotatum",1.72,"KC"
"Halictidae","Lasioglossum","Lasioglossum scitulum",2.31,"KC"
"Halictidae","Lasioglossum","Lasioglossum sordidum",1.29,"KC"
"Halictidae","Lasioglossum","Lasioglossum sp",1.47,"KC"
"Halictidae","Lasioglossum","Lasioglossum sp 1",1.47,"KC"
"Halictidae","Lasioglossum","Lasioglossum sp K1",1.47,"KC"
"Halictidae","Lasioglossum","Lasioglossum sp K2",1.47,"KC"
"Halictidae","Lasioglossum","Lasioglossum sp1",1.47,"KC"
"Halictidae","Lasioglossum","Lasioglossum sp10",1.47,"KC"
"Halictidae","Lasioglossum","Lasioglossum sp11",1.47,"KC"
"Halictidae","Lasioglossum","Lasioglossum sp12",1.47,"KC"
"Halictidae","Lasioglossum","Lasioglossum sp2",1.47,"KC"
"Halictidae","Lasioglossum","Lasioglossum sp3",1.47,"KC"
"Halictidae","Lasioglossum","Lasioglossum sp4",1.47,"KC"
"Halictidae","Lasioglossum","Lasioglossum sp5",1.47,"KC"
"Halictidae","Lasioglossum","Lasioglossum sp6",1.47,"KC"
"Halictidae","Lasioglossum","Lasioglossum sp7",1.47,"KC"
"Halictidae","Lasioglossum","Lasioglossum sp8",1.47,"KC"
"Halictidae","Lasioglossum","Lasioglossum sp9",1.47,"KC"
"Halictidae","Lasioglossum","Lasioglossum subopacum",2.89,"KC"
"Halictidae","Lasioglossum","Lasioglossum subviridatum",1.2,"KC"
"Halictidae","Lasioglossum","Lasioglossum tegulare",0.94,"KC"
"Halictidae","Lasioglossum","Lasioglossum villosulum",1.32,"KC"
"Halictidae","Lasioglossum","Lasioglossum zonulum",1.97,"KC"
"Halictidae","Lasioglossum","Lassioglossum fuscipenne",2.1,"KC"
"Andrenidae","Liphanthus","Liphanthus sabulosus",1.237,"KC"
"Apidae","Manuelia","Manuelia gayi",1.8,"KC"
"Apidae","Manuelia","Manuelia postica",1.7,"KC"
"Megachilidae","Megachile","Megachile frigida",3.64,"KC"
"Megachilidae","Megachile","Megachile gemula albula",3.62,"KC"
"Megachilidae","Megachile","Megachile inermis",4.43,"KC"
"Megachilidae","Megachile","Megachile melanophaea",3.26,"KC"
"Megachilidae","Megachile","Megachile mendica",3.3,"KC"
"Megachilidae","Megachile","Megachile pilidens",2.67,"KC"
"Megachilidae","Megachile","Megachile pugnata",3.1,"KC"
"Megachilidae","Megachile","Megachile relativa",2.68,"KC"
"Megachilidae","Megachile","Megachile semirufa",4.19,"KC"
"Megachilidae","Megachile","Megachile sp",3.2,"KC"
"Megachilidae","Megachile","Megachile sp1",3.2,"KC"
"Megachilidae","Megachile","Megachile sp2",3.2,"KC"
"Megachilidae","Megachile","Megachile sp3",3.2,"KC"
"Megachilidae","Megachile","Megachile sp4",3.2,"KC"
"Megachilidae","Megachile","Megachile sp5",3.2,"KC"
"Megachilidae","Megachile","Megachile texana",3.65,"KC"
"Megachilidae","Megachile","Megachile versicolor",3.25,"KC"
"Megachilidae","Megachile","Megachile willughbiella",3.26,"KC"
"Apidae","Melipona","Melipona quadrifasciata",3.81,"KC"
"Apidae","Melissodes","Melissodes agilis",3.24,"KC"
"Apidae","Melissodes","Melissodes confusus",2.781,"KC"
"Apidae","Melissodes","Melissodes coreopsis",2.6,"KC"
"Apidae","Melissodes","Melissodes sp 1",2.65,"KC"
"Apidae","Melissodes","Melissodes sp1",2.65,"KC"
"Apidae","Melissoptila","Melissoptila sp",2.65,"KC"
"Megachilidae","Osmia","Osmia atriventris",2.08,"KC"
"Megachilidae","Osmia","Osmia aurulenta",2.78,"KC"
"Megachilidae","Osmia","Osmia bruneri",2.1,"KC"
"Megachilidae","Osmia","Osmia bucephala",3.76,"KC"
"Megachilidae","Osmia","Osmia caerulescens",2.34,"KC"
"Megachilidae","Osmia","Osmia collinsiae",2.7,"KC"
"Megachilidae","Osmia","Osmia inermis",2.35,"KC"
"Megachilidae","Osmia","Osmia lignaria",2.9,"KC"
"Megachilidae","Osmia","Osmia melanogaster",2.84,"KC"
"Megachilidae","Osmia","Osmia nigrifrons",2.43,"KC"
"Megachilidae","Osmia","Osmia pentstemonis",1.75,"KC"
"Megachilidae","Osmia","Osmia proxima",2.16,"KC"
"Megachilidae","Osmia","Osmia pumila",1.9,"KC"
"Megachilidae","Osmia","Osmia pusilla",1.58,"KC"
"Megachilidae","Osmia","Osmia simillima",2.53,"KC"
"Megachilidae","Osmia","Osmia sp1",3.1,"KC"
"Megachilidae","Osmia","Osmia sp1",3.11,"KC"
"Megachilidae","Osmia","Osmia spA",3.11,"KC"
"Megachilidae","Osmia","Osmia spB",3.11,"KC"
"Megachilidae","Osmia","Osmia spC",3.11,"KC"
"Megachilidae","Osmia","Osmia spD",3.11,"KC"
"Megachilidae","Osmia","Osmia spE",3.11,"KC"
"Megachilidae","Osmia","Osmia spF",3.11,"KC"
"Megachilidae","Osmia","Osmia spp",3.11,"KC"
"Megachilidae","Osmia","Osmia subaustralis",2.59,"KC"
"Andrenidae","Panurgus","Panurgus sp1",1.69,"KC"
"Apidae","Peponapis","Peponapis pruinosa",3.16,"KC"
"Halictidae","Pseudapis","Pseudapis diversipes",1.78,"KC"
"Andrenidae","Pseudopanurgus","Pseudopanurgus bakeri",1.12,"KC"
"Andrenidae","Pseudopanurgus","Pseudopanurgus didirupa",1.3,"KC"
"Apidae","Pyrobombus","Pyrobombus impatiens",4.42,"KC"
"Apidae","Pyrobombus","Pyrobombus ternarius",3.17,"KC"
"Megachilidae","Rhodanthidium","Rhodanthidium septemdentatum",3.28,"KC"
"Halictidae","Rophites","Rophites quinquespinosus",2.13,"KC"
"Halictidae","Ruizantheda","Ruizantheda mutabilis",1.68,"KC"
"Apidae","Svastra","Svastra sp",3.54,"KC"
"Halictidae","Systropha","Systropha planidens",2.17,"KC"
"Apidae","Trigona","Trigona fulviventris",1.46,"KC"
"Apidae","Trigona","Trigona fuscipennis",1.44,"KC"
"Apidae","Trigona","Trigona spinipes",1.8,"KC"
"Apidae","Xylocopa","Xylocopa cantabrita",5.71,"KC"
"Apidae","Xylocopa","Xylocopa grisescens",7.5,"KC"
"Apidae","Xylocopa","Xylocopa iris",4.33,"KC"
"Apidae","Xylocopa","Xylocopa sp1",6.3,"KC"
"Apidae","Xylocopa","Xylocopa violacea",7.8,"KC"
"Apidae","Xylocopa","Xylocopa virginica virginica",5.64,"KC"
"Andrenidae","Acamptopoeum","Acamptopoeum prinii",1.8,"Brasil"
"Apidae","Acanthopus","Acanthopus palmatus",5.1,"Brasil"
"Halictidae","Agapostemon","Agapostemon chapadensis",2.2,"Brasil"
"Apidae","Aglae","Aglae caerulea",5.2,"Brasil"
"Apidae","Alepidosceles","Alepidosceles imitatrix",2.5,"Brasil"
"Apidae","Ancyloscelis","Ancyloscelis apiformis",2,"Brasil"
"Apidae","Anthophora","Anthophora paranensis",3.6,"Brasil"
"Apidae","Aparatrigona","Aparatrigona impunctata",1.5,"Brasil"
"Apidae","Apis","Apis mellifera",2.8,"Brasil"
"Apidae","Arhysoceble","Arhysoceble dichroopoda",2,"Brasil"
"Halictidae","Augochlora","Augochlora amphitrite",1.7,"Brasil"
"Halictidae","Augochlora","Augochlora esox",1.7,"Brasil"
"Halictidae","Augochlora","Augochlora foxiana",2,"Brasil"
"Halictidae","Augochlora","Augochlora tantilla",1.4,"Brasil"
"Halictidae","Augochlora","Augochlora morrae",1.4,"Brasil"
"Halictidae","Augochlorella","Augochlorella acarinata",1.4,"Brasil"
"Halictidae","Augochloropsis","Augochloropsis brachycephala",1.7,"Brasil"
"Halictidae","Augochloropsis","Augochloropsis callichroa",1.9,"Brasil"
"Halictidae","Augochloropsis","Augochloropsis cleopatra",2.2,"Brasil"
"Halictidae","Augochloropsis","Augochloropsis electra",2.2,"Brasil"
"Halictidae","Augochloropsis","Augochloropsis hebescens",2.9,"Brasil"
"Halictidae","Augochloropsis","Augochloropsis iris",2.5,"Brasil"
"Halictidae","Augochloropsis","Augochloropsis melanochaeta",2,"Brasil"
"Halictidae","Augochloropsis","Augochloropsis multiplex",1.5,"Brasil"
"Halictidae","Augochloropsis","Augochloropsis smithiana",2.2,"Brasil"
"Apidae","Bombus","Bombus brasiliensis",4.4,"Brasil"
"Apidae","Bombus","Bombus brevivillus",4.5,"Brasil"
"Apidae","Bombus","Bombus morio",5,"Brasil"
"Apidae","Bombus","Bombus pauloensis",3.9,"Brasil"
"Apidae","Bombus","Bombus transversalis",4.4,"Brasil"
"Apidae","Centris","Centris plumipes",5.9,"Brasil"
"Apidae","Centris","Centris quadrimaculata",6.1,"Brasil"
"Apidae","Centris","Centris aenea",4.7,"Brasil"
"Apidae","Centris","Centris flavifrons",5.5,"Brasil"
"Apidae","Centris","Centris nitens",4.1,"Brasil"
"Apidae","Centris","Centris poecila",4.3,"Brasil"
"Apidae","Centris","Centris spilopoda",3.7,"Brasil"
"Apidae","Centris","Centris varia",4.2,"Brasil"
"Apidae","Centris","Centris dichrootricha",4.8,"Brasil"
"Apidae","Centris","Centris tarsata",3,"Brasil"
"Apidae","Centris","Centris trigonoides",3,"Brasil"
"Apidae","Centris","Centris vittata",4.9,"Brasil"
"Apidae","Centris","Centris terminata",3.8,"Brasil"
"Apidae","Centris","Centris collaris",6.9,"Brasil"
"Apidae","Centris","Centris confusa",6.6,"Brasil"
"Apidae","Centris","Centris conspersa",6.9,"Brasil"
"Apidae","Centris","Centris discolor",8,"Brasil"
"Apidae","Centris","Centris dorsata",6.8,"Brasil"
"Apidae","Centris","Centris obsoleta",6.5,"Brasil"
"Apidae","Centris","Centris rhodoprocta",8.7,"Brasil"
"Apidae","Centris","Centris violacea",6.7,"Brasil"
"Apidae","Centris","Centris xanthocnemis",6.4,"Brasil"
"Apidae","Centris","Centris burgdorfi",4.2,"Brasil"
"Apidae","Centris","Centris klugii",4.2,"Brasil"
"Apidae","Centris","Centris denudans",6.9,"Brasil"
"Apidae","Centris","Centris maranhensis",7.8,"Brasil"
"Apidae","Centris","Centris nobilis",8.2,"Brasil"
"Apidae","Centris","Centris scopipes",7.6,"Brasil"
"Apidae","Centris","Centris dentata",4.9,"Brasil"
"Apidae","Centris","Centris fuscata",4.8,"Brasil"
"Apidae","Centris","Centris longimana",6.2,"Brasil"
"Apidae","Centris","Centris pachysoma",8.4,"Brasil"
"Apidae","Centris","Centris rupestris",4.8,"Brasil"
"Apidae","Centris","Centris similis",5.7,"Brasil"
"Apidae","Centris","Centris bicolor",4.7,"Brasil"
"Apidae","Centris","Centris ferruginea",5.4,"Brasil"
"Apidae","Centris","Centris lutea",5.4,"Brasil"
"Apidae","Centris","Centris analis",2.8,"Brasil"
"Apidae","Centris","Centris americana",8.2,"Brasil"
"Apidae","Cephalotrigona","Cephalotrigona capitata",2.3,"Brasil"
"Apidae","Cephalotrigona","Cephalotrigona femorata",2.4,"Brasil"
"Megachilidae","Coelioxys","Coelioxys tolteca",2.6,"Brasil"
"Megachilidae","Coelioxys","Coelioxys clypeata",2.6,"Brasil"
"Colletidae","Colletes","Colletes altimontanus",2.7,"Brasil"
"Colletidae","Colletes","Colletes meridionalis",2.4,"Brasil"
"Colletidae","Colletes","Colletes petropolitanus",2,"Brasil"
"Colletidae","Colletes","Colletes rufipes",2.5,"Brasil"
"Megachilidae","Dicranthidium","Dicranthidium arenarium",1.6,"Brasil"
"Megachilidae","Dicranthidium","Dicranthidium gregarium",1.9,"Brasil"
"Megachilidae","Epanthidium","Epanthidium tigrinum",2.6,"Brasil"
"Apidae","Epicharis","Epicharis dejeanii",5.5,"Brasil"
"Apidae","Epicharis","Epicharis flava",5.3,"Brasil"
"Apidae","Epicharis","Epicharis bicolor",4.2,"Brasil"
"Apidae","Epicharis","Epicharis albofasciata",3.9,"Brasil"
"Apidae","Epicharis","Epicharis affinis",4.7,"Brasil"
"Apidae","Epicharis","Epicharis analis",6.1,"Brasil"
"Apidae","Eufriesea","Eufriesea auriceps",5.2,"Brasil"
"Apidae","Eufriesea","Eufriesea concava",5.7,"Brasil"
"Apidae","Eufriesea","Eufriesea eburneocincta",5.7,"Brasil"
"Apidae","Eufriesea","Eufriesea flaviventris",5.4,"Brasil"
"Apidae","Eufriesea","Eufriesea fuscatra",5.3,"Brasil"
"Apidae","Eufriesea","Eufriesea nigrohirta",4.8,"Brasil"
"Apidae","Eufriesea","Eufriesea ornata",6.8,"Brasil"
"Apidae","Eufriesea","Eufriesea pulchra",5.7,"Brasil"
"Apidae","Eufriesea","Eufriesea superba",5.6,"Brasil"
"Apidae","Euglossa","Euglossa amazonica",3.1,"Brasil"
"Apidae","Euglossa","Euglossa analis",3.5,"Brasil"
"Apidae","Euglossa","Euglossa avicula",3.4,"Brasil"
"Apidae","Euglossa","Euglossa azureoviridis",3.3,"Brasil"
"Apidae","Euglossa","Euglossa bidentata",3.5,"Brasil"
"Apidae","Euglossa","Euglossa chlorina",3.2,"Brasil"
"Apidae","Euglossa","Euglossa cognata",4,"Brasil"
"Apidae","Euglossa","Euglossa cordata",3.4,"Brasil"
"Apidae","Euglossa","Euglossa deceptrix",3.3,"Brasil"
"Apidae","Euglossa","Euglossa despecta",3.3,"Brasil"
"Apidae","Euglossa","Euglossa fimbriata",3.4,"Brasil"
"Apidae","Euglossa","Euglossa gaianii",3.4,"Brasil"
"Apidae","Euglossa","Euglossa hemichlora",3.4,"Brasil"
"Apidae","Euglossa","Euglossa heterosticta",3.3,"Brasil"
"Apidae","Euglossa","Euglossa iopyrrha",3.7,"Brasil"
"Apidae","Euglossa","Euglossa leucotricha",3.5,"Brasil"
"Apidae","Euglossa","Euglossa liopoda",3.3,"Brasil"
"Apidae","Euglossa","Euglossa magnipes",3.3,"Brasil"
"Apidae","Euglossa","Euglossa melanotricha",3.6,"Brasil"
"Apidae","Euglossa","Euglossa mixta",3.5,"Brasil"
"Apidae","Euglossa","Euglossa modestior",3.3,"Brasil"
"Apidae","Euglossa","Euglossa mourei",3.3,"Brasil"
"Apidae","Euglossa","Euglossa pleosticta",3.3,"Brasil"
"Apidae","Euglossa","Euglossa securigera",3.4,"Brasil"
"Apidae","Euglossa","Euglossa townsendi",3.1,"Brasil"
"Apidae","Euglossa","Euglossa truncata",3.7,"Brasil"
"Apidae","Euglossa","Euglossa variabilis",3.5,"Brasil"
"Apidae","Euglossa","Euglossa decorata",3.3,"Brasil"
"Apidae","Euglossa","Euglossa allosticta",3.3,"Brasil"
"Apidae","Euglossa","Euglossa annectans",3.7,"Brasil"
"Apidae","Euglossa","Euglossa bazinga",3.5,"Brasil"
"Apidae","Euglossa","Euglossa chalybeata",3.6,"Brasil"
"Apidae","Euglossa","Euglossa ignita",3.6,"Brasil"
"Apidae","Euglossa","Euglossa imperialis",3.8,"Brasil"
"Apidae","Euglossa","Euglossa occidentalis",3.7,"Brasil"
"Apidae","Euglossa","Euglossa orellana",3.7,"Brasil"
"Apidae","Euglossa","Euglossa piliventris",4.3,"Brasil"
"Apidae","Euglossa","Euglossa augaspis",3,"Brasil"
"Apidae","Euglossa","Euglossa augaspis",3.1,"Brasil"
"Apidae","Euglossa","Euglossa crassipunctata",2.8,"Brasil"
"Apidae","Euglossa","Euglossa prasina",3,"Brasil"
"Apidae","Euglossa","Euglossa stellfeldi",3.6,"Brasil"
"Apidae","Euglossa","Euglossa intersecta",4.7,"Brasil"
"Apidae","Euglossa","Euglossa juremae",3.4,"Brasil"
"Apidae","Eulaema","Eulaema cingulata",6.4,"Brasil"
"Apidae","Eulaema","Eulaema mocsaryi",5.9,"Brasil"
"Apidae","Eulaema","Eulaema nigrita",5.1,"Brasil"
"Apidae","Eulaema","Eulaema pseudocingulata",5.9,"Brasil"
"Apidae","Eulaema","Eulaema bombiformis",6.9,"Brasil"
"Apidae","Eulaema","Eulaema meriana",6.8,"Brasil"
"Apidae","Eulaema","Eulaema seabrai",6.7,"Brasil"
"Apidae","Eulaema","Eulaema tenuifasciata",6.4,"Brasil"
"Apidae","Exaerete","Exaerete frontalis",6.1,"Brasil"
"Apidae","Exaerete","Exaerete smaragdina",4.6,"Brasil"
"Apidae","Exomalopsis","Exomalopsis bicellulares",1.6,"Brasil"
"Apidae","Exomalopsis","Exomalopsis subtilis",1.8,"Brasil"
"Apidae","Exomalopsis","Exomalopsis analis",1.7,"Brasil"
"Apidae","Exomalopsis","Exomalopsis auropilosa",1.6,"Brasil"
"Apidae","Exomalopsis","Exomalopsis collaris",2.2,"Brasil"
"Apidae","Exomalopsis","Exomalopsis fulvofasciata",2.4,"Brasil"
"Apidae","Exomalopsis","Exomalopsis lissotera",2.1,"Brasil"
"Apidae","Exomalopsis","Exomalopsis tomentosa",2.3,"Brasil"
"Apidae","Florilegus","Florilegus festivus",2.8,"Brasil"
"Apidae","Florilegus","Florilegus melectoides",4,"Brasil"
"Apidae","Friesella","Friesella schrottkyi",1.1,"Brasil"
"Apidae","Frieseomelitta","Frieseomelitta doederleini",1.4,"Brasil"
"Apidae","Frieseomelitta","Frieseomelitta flavicornis",1.2,"Brasil"
"Apidae","Frieseomelitta","Frieseomelitta longipes",1.3,"Brasil"
"Apidae","Frieseomelitta","Frieseomelitta portoi",1,"Brasil"
"Apidae","Frieseomelitta","Frieseomelitta silvestrii",1,"Brasil"
"Apidae","Frieseomelitta","Frieseomelitta varia",1.4,"Brasil"
"Apidae","Gaesischia","Gaesischia anthidioides",3,"Brasil"
"Apidae","Gaesischia","Gaesischia nigra",2.7,"Brasil"
"Apidae","Gaesischia","Gaesischia flavoclypeata",3.5,"Brasil"
"Apidae","Geotrigona","Geotrigona aequinoctialis",1.6,"Brasil"
"Apidae","Geotrigona","Geotrigona mattogrossensis",1.6,"Brasil"
"Apidae","Geotrigona","Geotrigona mombuca",1.6,"Brasil"
"Apidae","Geotrigona","Geotrigona subterranea",1.7,"Brasil"
"Colletidae","Halictanthrena","Halictanthrena malpighiacearum",1.8,"Brasil"
"Colletidae","Hexantheda","Hexantheda missionica",2.3,"Brasil"
"Colletidae","Hylaeus","Hylaeus tricolor",0.9,"Brasil"
"Megachilidae","Larocanthidium","Larocanthidium bilobatum",2.1,"Brasil"
"Megachilidae","Larocanthidium","Larocanthidium spinosum",2.3,"Brasil"
"Apidae","Lestrimellita","Lestrimellita ciliata",1.5,"Brasil"
"Apidae","Lestrimellita","Lestrimellita limao",1.8,"Brasil"
"Apidae","Lestrimellita","Lestrimellita monodonta",1.7,"Brasil"
"Apidae","Lestrimellita","Lestrimellita rufa",1.7,"Brasil"
"Apidae","Lestrimellita","Lestrimellita rufipes",1.7,"Brasil"
"Apidae","Lestrimellita","Lestrimellita spinosa",1.7,"Brasil"
"Apidae","Leurotrigona","Leurotrigona muelleri",0.8,"Brasil"
"Megachilidae","Lithurgus","Lithurgus huberi",3.1,"Brasil"
"Apidae","Lophopedia","Lophopedia paraensis",2,"Brasil"
"Apidae","Lophopedia","Lophopedia pygmaea",2,"Brasil"
"Megachilidae","Megachile","Megachile pseudanthidioides",3.3,"Brasil"
"Megachilidae","Megachile","Megachile rava",3.2,"Brasil"
"Megachilidae","Megachile","Megachile aureiventris",3.4,"Brasil"
"Megachilidae","Megachile","Megachile friesei",4.9,"Brasil"
"Megachilidae","Megachile","Megachile leucopogonites",3.5,"Brasil"
"Megachilidae","Megachile","Megachile orba",2.7,"Brasil"
"Megachilidae","Megachile","Megachile iheringi",3.5,"Brasil"
"Halictidae","Megalopta","Megalopta aegis",2.7,"Brasil"
"Halictidae","Megalopta","Megalopta amoena",2.4,"Brasil"
"Halictidae","Megalopta","Megalopta mura",2.3,"Brasil"
"Halictidae","Megalopta","Megalopta sodalis",2.5,"Brasil"
"Halictidae","Megalopta","Megalopta yanomami",2.5,"Brasil"
"Apidae","Melipona","Melipona amazonica",2.2,"Brasil"
"Apidae","Melipona","Melipona bicolor",2.9,"Brasil"
"Apidae","Melipona","Melipona puncticollis",2.7,"Brasil"
"Apidae","Melipona","Melipona fasciculata",3.3,"Brasil"
"Apidae","Melipona","Melipona interrupta",3.3,"Brasil"
"Apidae","Melipona","Melipona quinquefasciata",2.7,"Brasil"
"Apidae","Melipona","Melipona quadrifasciata",3,"Brasil"
"Apidae","Melipona","Melipona flavolineata",2.8,"Brasil"
"Apidae","Melipona","Melipona fuliginosa",3.9,"Brasil"
"Apidae","Melipona","Melipona fulva",3.1,"Brasil"
"Apidae","Melipona","Melipona melanoventer",3,"Brasil"
"Apidae","Melipona","Melipona seminigra pernigra",2.9,"Brasil"
"Apidae","Melissodes","Melissodes nigroaenea",2.8,"Brasil"
"Apidae","Melissodes","Melissodes sexcincta",2.8,"Brasil"
"Apidae","Melissoptila","Melissoptila cnecomala",2.3,"Brasil"
"Apidae","Melissoptila","Melissoptila vulpecula",2.2,"Brasil"
"Apidae","Melitoma","Melitoma segmentaria",2.7,"Brasil"
"Apidae","Mesocheira","Mesocheira bicolor",2.7,"Brasil"
"Apidae","Monoeca","Monoeca pluricincta",3,"Brasil"
"Apidae","Nannotrigona","Nannotrigona punctata",1.3,"Brasil"
"Apidae","Nannotrigona","Nannotrigona schultzei",1.3,"Brasil"
"Apidae","Nannotrigona","Nannotrigona testaceicornis",1.3,"Brasil"
"Halictidae","Neocorynura","Neocorynura cuprifrons",1.9,"Brasil"
"Halictidae","Neocorynura","Neocorynura oiospermi",1.8,"Brasil"
"Andrenidae","Oxaea","Oxaea flavescens",5.1,"Brasil"
"Apidae","Oxytrigona","Oxytrigona ignis",1.4,"Brasil"
"Apidae","Oxytrigona","Oxytrigona isthmina",1.5,"Brasil"
"Apidae","Oxytrigona","Oxytrigona mulfordi",1.4,"Brasil"
"Apidae","Oxytrigona","Oxytrigona obscura",1.1,"Brasil"
"Apidae","Oxytrigona","Oxytrigona tataira",1.4,"Brasil"
"Halictidae","Paracorynurella","Paracorynurella reticulata",1.1,"Brasil"
"Apidae","Paratetrapedia","Paratetrapedia connexa",2.2,"Brasil"
"Apidae","Paratetrapedia","Paratetrapedia fervida",2.2,"Brasil"
"Apidae","Paratetrapedia","Paratetrapedia lineata",1.4,"Brasil"
"Apidae","Paratetrapedia","Paratetrapedia lugubris",2.8,"Brasil"
"Apidae","Paratetrapedia","Paratetrapedia punctata",2.3,"Brasil"
"Apidae","Paratetrapedia","Paratetrapedia rufa",1.9,"Brasil"
"Apidae","Paratetrapedia","Paratetrapedia vogeli",1.8,"Brasil"
"Apidae","Paratetrapedia","Paratetrapedia volatilis",2.4,"Brasil"
"Apidae","Paratrigona","Paratrigona incerta",1.3,"Brasil"
"Apidae","Paratrigona","Paratrigona lineata",1.4,"Brasil"
"Apidae","Paratrigona","Paratrigona prosopiformis",1.6,"Brasil"
"Apidae","Paratrigona","Paratrigona subnuda",1.3,"Brasil"
"Halictidae","Paroxystoglossa","Paroxystoglossa jocasta",1.8,"Brasil"
"Apidae","Partamona","Partamona ailyae",1.9,"Brasil"
"Apidae","Partamona","Partamona combinata",1.7,"Brasil"
"Apidae","Partamona","Partamona gregaria",1.8,"Brasil"
"Apidae","Partamona","Partamona mulata",1.6,"Brasil"
"Apidae","Partamona","Partamona pearsoni",1.5,"Brasil"
"Apidae","Partamona","Partamona testacea",1.6,"Brasil"
"Apidae","Partamona","Partamona vicina",1.5,"Brasil"
"Apidae","Plebeia","Plebeia alvarengai",1,"Brasil"
"Apidae","Plebeia","Plebeia droryana",1.2,"Brasil"
"Apidae","Plebeia","Plebeia fraterna",1.5,"Brasil"
"Apidae","Plebeia","Plebeia margaritae",1.1,"Brasil"
"Apidae","Plebeia","Plebeia minima",0.9,"Brasil"
"Apidae","Plebeia","Plebeia remota",1.4,"Brasil"
"Apidae","Plebeia","Plebeia variicolor",1,"Brasil"
"Halictidae","Pseudagapostemon","Pseudagapostemon fluminensis",2.4,"Brasil"
"Halictidae","Pseudagapostemon","Pseudagapostemon pruinosus",1.9,"Brasil"
"Halictidae","Pseudaugochlora","Pseudaugochlora callaina",2.7,"Brasil"
"Halictidae","Pseudaugochlora","Pseudaugochlora flammula",2.2,"Brasil"
"Halictidae","Pseudaugochlora","Pseudaugochlora graminea",2.3,"Brasil"
"Apidae","Ptilotrigona","Ptilotrigona lurida",1.7,"Brasil"
"Halictidae","Rhinocorynura","Rhinocorynura briseis",1.5,"Brasil"
"Andrenidae","Rhophitulus","Rhophitulus friesei",1.3,"Brasil"
"Apidae","Scaptotrigona","Scaptotrigona bipunctata",2,"Brasil"
"Apidae","Scaptotrigona","Scaptotrigona polysticta",2,"Brasil"
"Apidae","Scaptotrigona","Scaptotrigona postica",1.8,"Brasil"
"Apidae","Scaptotrigona","Scaptotrigona xanthotricha",1.9,"Brasil"
"Apidae","Scaura","Scaura latitarsis",1.1,"Brasil"
"Apidae","Schwarzula","Schwarzula timida",1,"Brasil"
"Apidae","Tapinotaspoides","Tapinotaspoides serraticornis",2.3,"Brasil"
"Apidae","Tetragona","Tetragona beebei",1.2,"Brasil"
"Apidae","Tetragona","Tetragona clavipes",1.4,"Brasil"
"Apidae","Tetragona","Tetragona dorsalis",1.2,"Brasil"
"Apidae","Tetragona","Tetragona goettei",1.4,"Brasil"
"Apidae","Tetragona","Tetragona kaieteurensis",1.5,"Brasil"
"Apidae","Tetragona","Tetragona quadrangula",1.3,"Brasil"
"Apidae","Tetragona","Tetragona truncata",1.5,"Brasil"
"Apidae","Tetragonisca","Tetragonisca angustula",1,"Brasil"
"Apidae","Thalestria","Thalestria spinosa",3.5,"Brasil"
"Halictidae","Thectochlora","Thectochlora alaris",1.2,"Brasil"
"Apidae","Thygater","Thygater analis",3.2,"Brasil"
"Apidae","Thygater","Thygater palliventris",3.4,"Brasil"
"Apidae","Trigona","Trigona albipennis",1.9,"Brasil"
"Apidae","Trigona","Trigona amazonensis",2,"Brasil"
"Apidae","Trigona","Trigona branneri",1.8,"Brasil"
"Apidae","Trigona","Trigona braueri",1.5,"Brasil"
"Apidae","Trigona","Trigona chanchamayoensis",1.8,"Brasil"
"Apidae","Trigona","Trigona cilipes",1.6,"Brasil"
"Apidae","Trigona","Trigona dallatorreana",1.9,"Brasil"
"Apidae","Trigona","Trigona dimidiata",2,"Brasil"
"Apidae","Trigona","Trigona fulviventris",1.4,"Brasil"
"Apidae","Trigona","Trigona fuscipennis",1.4,"Brasil"
"Apidae","Trigona","Trigona guianae",1.4,"Brasil"
"Apidae","Trigona","Trigona hyalinata",2,"Brasil"
"Apidae","Trigona","Trigona hypogea",1.4,"Brasil"
"Apidae","Trigona","Trigona lacteipennis",1.6,"Brasil"
"Apidae","Trigona","Trigona pallens",1.4,"Brasil"
"Apidae","Trigona","Trigona recursa",1.3,"Brasil"
"Apidae","Trigona","Trigona sesquipedalis",2.3,"Brasil"
"Apidae","Trigona","Trigona spinipes",1.8,"Brasil"
"Apidae","Trigona","Trigona truculenta",2.5,"Brasil"
"Apidae","Trigona","Trigona williana",1.8,"Brasil"
"Apidae","Trigonisca","Trigonisca dobzhanskyi",0.9,"Brasil"
"Apidae","Trigonisca","Trigonisca extrema",0.8,"Brasil"
"Apidae","Trigonisca","Trigonisca fraissei",0.8,"Brasil"
"Apidae","Trigonisca","Trigonisca pediculana",0.7,"Brasil"
"Apidae","Trigonisca","Trigonisca variegatifrons",0.7,"Brasil"
"Apidae","Trigonisca","Trigonisca vitrifrons",0.7,"Brasil"
"Apidae","Tropidopedia","Tropidopedia nigrocarinata",1.7,"Brasil"
"Apidae","Tropidopedia","Tropidopedia punctifrons",2,"Brasil"
"Apidae","Xylocopa","Xylocopa vestita",5.3,"Brasil"
"Apidae","Xylocopa","Xylocopa bimaculata",4.9,"Brasil"
"Apidae","Xylocopa","Xylocopa fortuita",5.3,"Brasil"
"Apidae","Xylocopa","Xylocopa truxali",4.5,"Brasil"
"Apidae","Xylocopa","Xylocopa abbreviata",4,"Brasil"
"Apidae","Xylocopa","Xylocopa aurulenta",5.5,"Brasil"
"Apidae","Xylocopa","Xylocopa brasilianorum",6.6,"Brasil"
"Apidae","Xylocopa","Xylocopa cearensis",5.3,"Brasil"
"Apidae","Xylocopa","Xylocopa frontalis",8.4,"Brasil"
"Apidae","Xylocopa","Xylocopa grisescens",7.7,"Brasil"
"Apidae","Xylocopa","Xylocopa hirsutissima",6.7,"Brasil"
"Apidae","Xylocopa","Xylocopa suspecta",6.1,"Brasil"
"Apidae","Xylocopa","Xylocopa macrops",5.2,"Brasil"
"Apidae","Xylocopa","Xylocopa muscaria",4.7,"Brasil"
"Apidae","Xylocopa","Xylocopa subcyanea",4.8,"Brasil"
"Apidae","Xylocopa","Xylocopa viridis",4.5,"Brasil"
