"genero","especie","orden","familia"
"","Cleridae",NA,NA
"","",NA,NA
"Acalyptrate","Acalyptrate sp1 M PL 062",NA,NA
"Acalyptus","Acalyptus sp1 M PL 044","Coleoptera","Curculionidae"
"Acamptocladius","Acamptocladius submontanus","Diptera","Chironomidae"
"Acanthosoma","Acanthosoma denticauda","Hemiptera","Acanthosomatidae"
"Acarina","Acarina sp1 M PL 020",NA,NA
"Acarina","Acarina sp4 M PL 020",NA,NA
"Achaea","Achaea finita","Lepidoptera","Erebidae"
"Achalarus","Achalarus lycidas","Lepidoptera","Hesperiidae"
"Achyra","Achyra similalis","Lepidoptera","Crambidae"
"Aclastus","Aclastus sp1 M PL 009","Hymenoptera","Ichneumonidae"
"Aclastus","Aclastus sp2 M PL 009","Hymenoptera","Ichneumonidae"
"Aclonempis","Aclonempis longipes","Diptera","Empididae"
"Acmaeodera","Acmaeodera brevipes","Coleoptera","Buprestidae"
"Acmaeodera","Acmaeodera boryi","Coleoptera","Buprestidae"
"Acmaeodera","Acmaeodera culta","Coleoptera","Buprestidae"
"Acmaeodera","Acmaeodera pulchella","Coleoptera","Buprestidae"
"Acmaeodera","Acmaeodera sp1 M PL 016","Coleoptera","Buprestidae"
"Acmaeodera","Acmaeodera bipunctata","Coleoptera","Buprestidae"
"Acmaeodera","Acmaeodera cisti","Coleoptera","Buprestidae"
"Acmaeops","Acmaeops longicornis","Coleoptera","Cerambycidae"
"Acmaeops","Acmaeops nigripennis","Coleoptera","Cerambycidae"
"Acmaeops","Acmaeops directa","Coleoptera","Cerambycidae"
"Acmaeops","Acmaeops pratensis","Coleoptera","Cerambycidae"
"Acmaeopsoides","Acmaeopsoides rufula","Coleoptera","Cerambycidae"
"Acontia","Acontia candefacta","Lepidoptera","Noctuidae"
"Acopsis","Acopsis viridicans","Hemiptera","Cicadellidae"
"Acrobasis","Acrobasis porphyrella","Lepidoptera","Pyralidae"
"Actea","Actea sp1 M PL 013","Lepidoptera","Notodontidae"
"Acteniceromorphus","Acteniceromorphus nipponensis","Coleoptera","Elateridae"
"Actina","Actina jezoensis","Diptera","Stratiomyidae"
"Actinoptera","Actinoptera mamulae","Diptera","Tephritidae"
"Adalia","Adalia deficiens","Coleoptera","Coccinellidae"
"Adela","Adela rufimatrella","Lepidoptera","Adelidae"
"Adela","Adela cuprella","Lepidoptera","Adelidae"
"Adela","Adela purpurea","Lepidoptera","Adelidae"
"Adela","Adela ausralis","Lepidoptera","Adelidae"
"Adelpha","Adelpha abyla",NA,NA
"Adelphocoris","Adelphocoris rubripes","Hemiptera","Miridae"
"Adelphocoris","Adelphocoris triannulatus","Hemiptera","Miridae"
"Adelphocoris","Adelphocoris demissus","Hemiptera","Miridae"
"Adia","Adia cinerella","Diptera","Anthomyiidae"
"Adomerus","Adomerus biguttulus","Hemiptera","Cydnidae"
"Adoxia","Adoxia obscura","Coleoptera","Chrysomelidae"
"Adoxia","Adoxia cheesemani","Coleoptera","Chrysomelidae"
"Adscita","Adscita statices","Lepidoptera","Zygaenidae"
"Aedes","Aedes impiger","Diptera","Culicidae"
"Aedes","Aedes sp1 M PL 014","Diptera","Culicidae"
"Aedes","Aedes sp1 M PL 020","Diptera","Culicidae"
"Aedes","Aedes nigripes","Diptera","Culicidae"
"Aedes","Aedes vexans","Diptera","Culicidae"
"Aethaloessa","Aethaloessa calidalis","Lepidoptera","Crambidae"
"Afranthidium","Afranthidium (mesanthidium) carduele","Hymenoptera","Megachilidae"
"Aganais","Aganais borbonica",NA,NA
"Agapostemon","Agapostemon splendens","Hymenoptera","Halictidae"
"Agapostemon","Agapostemon virescens","Hymenoptera","Halictidae"
"Agapostemon","Agapostemon texanus","Hymenoptera","Halictidae"
"Agapostemon","Agapostemon coloradinus","Hymenoptera","Halictidae"
"Agapostemon","Agapostemon sp1 M PL 005","Hymenoptera","Halictidae"
"Agapostemon","Agapostemon sp1 M PL 040","Hymenoptera","Halictidae"
"Agathidinae","Agathidinae sp",NA,NA
"Agathidinae","Agathidinae sp1 M PL 072",NA,NA
"Agathidinae","Agathidinae sp1 M PL 075",NA,NA
"Agathis","Agathis vulgaris","Hymenoptera","Braconidae"
"Agathis","Agathis sp1 M PL 055","Hymenoptera","Braconidae"
"Agelasa","Agelasa nigriceps","Coleoptera","Chrysomelidae"
"Agelastica","Agelastica coerulea","Coleoptera","Chrysomelidae"
"Agemilla","Agemilla dulcifera subflavescens",NA,NA
"Ageniella","Ageniella accepta","Hymenoptera","Pompilidae"
"Agiotes","Agiotes stabilis",NA,NA
"Aglais","Aglais urticae","Lepidoptera","Nymphalidae"
"Aglaostigma","Aglaostigma neburosa","Hymenoptera","Tenthredinidae"
"Agraulis","Agraulis vanillae","Lepidoptera","Nymphalidae"
"Agrilus","Agrilus difficilis","Coleoptera","Buprestidae"
"Agrilus","Agrilus viridis","Coleoptera","Buprestidae"
"Agrilus","Agrilus egenus","Coleoptera","Buprestidae"
"Agriotes","Agriotes insanus","Coleoptera","Elateridae"
"Agrius","Agrius convolvuli","Lepidoptera","Sphingidae"
"Agrius","Agrius cingulatus","Lepidoptera","Sphingidae"
"Agromyza","Agromyza aeneoventris","Diptera","Agromyzidae"
"Agromyza","Agromyza latipes","Diptera","Agromyzidae"
"Agromyzidae","Agromyzidae sp1",NA,NA
"Agromyzidae","Agromyzidae sp2",NA,NA
"Agrostis","Agrostis atritegulator",NA,NA
"Agrothereutes","Agrothereutes limatus","Hymenoptera","Ichneumonidae"
"Agrotis","Agrotis sp1 M PL 072","Lepidoptera","Noctuidae"
"Agrotis","Agrotis ipsilon","Lepidoptera","Noctuidae"
"Agrotis","Agrotis puta","Lepidoptera","Noctuidae"
"Agrotis","Agrotis ipsilon anieturma","Lepidoptera","Noctuidae"
"Agrotis","Agrotis ypsilon","Lepidoptera","Noctuidae"
"Agrypnus","Agrypnus binodulusllis","Coleoptera","Elateridae"
"Aguna","Aguna asander jasper","Lepidoptera","Hesperiidae"
"Ahasverus","Ahasverus advena Waltle","Coleoptera","Silvanidae"
"Ahasverus","Ahasverus advena","Coleoptera","Silvanidae"
"Ahlber","Ahlber ferra",NA,NA
"Alcis","Alcis angulifera","Lepidoptera","Geometridae"
"Aldrichia","Aldrichia ehrmanii","Diptera","Bombyliidae"
"Aldrichina","Aldrichina grahami","Diptera","Calliphoridae"
"Alipumilio","Alipumilio sp1 M PL 023","Diptera","Syrphidae"
"Allantus","Allantus nigrocaeleus","Hymenoptera","Tenthredinidae"
"Allecula","Allecula tenuis","Coleoptera","Tenebrionidae"
"Allecula","Allecula shibatai","Coleoptera","Tenebrionidae"
"Alliopsis","Alliopsis glacialis","Diptera","Anthomyiidae"
"Alliopsis","Alliopsis sp1 M PL 049","Diptera","Anthomyiidae"
"Alliopsis","Alliopsis sp3 M PL 049","Diptera","Anthomyiidae"
"Alliopsis","Alliopsis sp2 M PL 049","Diptera","Anthomyiidae"
"Allobaccha","Allobaccha sp1 M PL 053","Diptera","Syrphidae"
"Allobaccha","Allobaccha nubilipennis","Diptera","Syrphidae"
"Allobaccha","Allobaccha apicalis","Diptera","Syrphidae"
"Alloestylus","Alloestylus sudeticus",NA,NA
"Allognosta","Allognosta fuscitarsis","Diptera","Stratiomyidae"
"Allograpta","Allograpta pulchra","Diptera","Syrphidae"
"Allograpta","Allograpta exotica","Diptera","Syrphidae"
"Allograpta","Allograpta nasuta Marquart","Diptera","Syrphidae"
"Allograpta","Allograpta javana","Diptera","Syrphidae"
"Allograpta","Allograpta hortensis","Diptera","Syrphidae"
"Allograpta","Allograpta sp1 M PL 061","Diptera","Syrphidae"
"Allograpta","Allograpta javania","Diptera","Syrphidae"
"Allograpta","Allograpta sp1 M PL 072","Diptera","Syrphidae"
"Allograpta","Allograpta sp1 M PL 069","Diptera","Syrphidae"
"Allograpta","Allograpta nasuta","Diptera","Syrphidae"
"Allophorocera","Allophorocera lapponica","Diptera","Tachinidae"
"Allopiophila","Allopiophila arctica","Diptera","Piophilidae"
"Allopiophila","Allopiophila fulviceps","Diptera","Piophilidae"
"Alloscirtetica","Alloscirtetica sp1 M PL 022","Hymenoptera","Apidae"
"Alloscirtetica","Alloscirtetica sp","Hymenoptera","Apidae"
"Alloscirtetica","Alloscirtetica antarctica","Hymenoptera","Apidae"
"Alloscirtetica","Alloscirtetica rufitarsis","Hymenoptera","Apidae"
"Alloscirtetica","Alloscirtetica gayi","Hymenoptera","Apidae"
"Alloscirtetica","Alloscirtetica herbsti","Hymenoptera","Apidae"
"Allosmaitia","Allosmaitia piplea","Lepidoptera","Lycaenidae"
"Alophera","Alophera sp1 M PL 019",NA,NA
"Alophophion","Alophophion sp1 M PL 072","Hymenoptera","Ichneumonidae"
"Alophora","Alophora fumosa","Diptera","Tachinidae"
"Alophora","Alophora pusilla","Diptera","Tachinidae"
"Alophora","Alophora grandis","Diptera","Tachinidae"
"Alophora","Alophora pulverea","Diptera","Tachinidae"
"Alphostrombocerus","Alphostrombocerus komowi",NA,NA
"Alydus","Alydus pilosulus","Hemiptera","Alydidae"
"Alypia","Alypia octomaculata","Lepidoptera","Noctuidae"
"Alysiinae","Alysiinae sp1 M PL 009",NA,NA
"Alysiinae","Alysiinae sp2 M PL 009",NA,NA
"Alysiinae","Alysiinae sp3 M PL 009",NA,NA
"Alysiinae","Alysiinae sp4 M PL 009",NA,NA
"Alysiinae","Alysiinae sp5 M PL 009",NA,NA
"Alyson","Alyson trianguliferus","Hymenoptera","Sphecidae"
"Alysson","Alysson cameroni","Hymenoptera","Crabronidae"
"Amasis","Amasis lateralis",NA,NA
"Amasis","Amasis similis",NA,NA
"Amauronematus","Amauronematus amentorum","Hymenoptera","Tenthredinidae"
"Amauronematus","Amauronematus sp1 M PL 014","Hymenoptera","Tenthredinidae"
"Amazilia","Amazilia fibriata",NA,NA
"Amazilia","Amazilia fimbriata",NA,NA
"Amazilia","Amazilia tovasi",NA,NA
"Amazilia","Amazilia versicolor",NA,NA
"Amblycerus","Amblycerus piurae","Coleoptera","Chrysomelidae"
"Amblypsilopus","Amblypsilopus sp1 M PL 092","Diptera","Dolichopodidae"
"Amblyscirtes","Amblyscirtes samoset","Lepidoptera","Hesperiidae"
"Amblyteles","Amblyteles armatorius","Hymenoptera","Ichneumonidae"
"Amegilla","Amegilla walshii","Hymenoptera","Apidae"
"Amegilla","Amegilla garrula","Hymenoptera","Apidae"
"Amegilla","Amegilla sp1 M PL 050","Hymenoptera","Apidae"
"Amegilla","Amegilla fasciata","Hymenoptera","Apidae"
"Amegilla","Amegilla quadrifasciata","Hymenoptera","Apidae"
"Amegilla","Amegilla ochroleuca","Hymenoptera","Apidae"
"Amegilla","Amegilla dulcifera subflavescens","Hymenoptera","Apidae"
"Amegilla","Amegilla sp1 M PL 058","Hymenoptera","Apidae"
"Amegilla","Amegilla albigena","Hymenoptera","Apidae"
"Amegilla","Amegilla canifrons","Hymenoptera","Apidae"
"Amegilla","Amegilla savignyi","Hymenoptera","Apidae"
"Amictus","Amictus pictus","Diptera","Bombyliidae"
"Amictus","Amictus validus","Diptera","Bombyliidae"
"Ammatomus","Ammatomus rogenhoferi","Hymenoptera","Crabronidae"
"Ammobates","Ammobates oraniensis","Hymenoptera","Apidae"
"Ammobia","Ammobia ichneumonea",NA,NA
"Ammobia","Ammobia nuda",NA,NA
"Ammobia","Ammobia pennsylvanica",NA,NA
"Ammophila","Ammophila clavus","Hymenoptera","Sphecidae"
"Ammophila","Ammophila sp1 M PL 023","Hymenoptera","Sphecidae"
"Ammophila","Ammophila pubescens","Hymenoptera","Sphecidae"
"Ammophila","Ammophila infesta","Hymenoptera","Sphecidae"
"Ammophila","Ammophila sabulosa","Hymenoptera","Sphecidae"
"Ammophila","Ammophila heydeni","Hymenoptera","Sphecidae"
"Ammophorus","Ammophorus sp1 M PL 026","Coleoptera","Tenebrionidae"
"Amobia","Amobia distincta","Diptera","Sarcophagidae"
"Ampedus","Ampedus vestitdus","Coleoptera","Elateridae"
"Ampedus","Ampedus aritai","Coleoptera","Elateridae"
"Ampedus","Ampedus amamiensis","Coleoptera","Elateridae"
"Ampelophaga","Ampelophaga rubiginosa","Lepidoptera","Sphingidae"
"Amphicoma","Amphicoma lasserei","Coleoptera","Glaphyridae"
"Amphicoma","Amphicoma distincta","Coleoptera","Glaphyridae"
"Amphicoma","Amphicoma apicalis","Coleoptera","Glaphyridae"
"Anacrabro","Anacrabro ocellatus","Hymenoptera","Crabronidae"
"Anadastus","Anadastus melanosternus","Coleoptera","Erotylidae"
"Anaglyptus","Anaglyptus niponensis","Coleoptera","Cerambycidae"
"Anaria","Anaria funebris",NA,NA
"Anarta","Anarta sp1 M PL 009","Lepidoptera","Noctuidae"
"Anarta","Anarta myrtilli","Lepidoptera","Noctuidae"
"Anarta","Anarta sp1 M PL 047","Lepidoptera","Noctuidae"
"Anarta","Anarta richardsoni","Lepidoptera","Noctuidae"
"Anartia","Anartia jatrophae","Lepidoptera","Nymphalidae"
"Anaspis","Anaspis proteus","Coleoptera","Scraptiidae"
"Anaspis","Anaspis sp2 M PL 053","Coleoptera","Scraptiidae"
"Anaspis","Anaspis funagata","Coleoptera","Scraptiidae"
"Anaspis","Anaspis flava","Coleoptera","Scraptiidae"
"Anaspis","Anaspis frontalis","Coleoptera","Scraptiidae"
"Anaspis","Anaspis rufilabris","Coleoptera","Scraptiidae"
"Anaspis","Anaspis shibatai","Coleoptera","Scraptiidae"
"Anaspis","Anaspis sp1 M PL 053","Coleoptera","Scraptiidae"
"Anastoechus","Anastoechus latifrons","Diptera","Bombyliidae"
"Anastrangalis","Anastrangalis acotodes",NA,NA
"Ancistrocerus","Ancistrocerus melanocerus","Hymenoptera","Vespidae"
"Ancistrocerus","Ancistrocerus sp1 M PL 004","Hymenoptera","Vespidae"
"Ancistrocerus","Ancistrocerus unifasciatus","Hymenoptera","Vespidae"
"Ancistrocerus","Ancistrocerus tigris","Hymenoptera","Vespidae"
"Ancistrocerus","Ancistrocerus sp1 M PL 005","Hymenoptera","Vespidae"
"Ancistrocerus","Ancistrocerus longispinosus hellenicus","Hymenoptera","Vespidae"
"Ancistrocerus","Ancistrocerus catskillensis","Hymenoptera","Vespidae"
"Ancyloxypha","Ancyloxypha numitor","Lepidoptera","Hesperiidae"
"Andinus","Andinus venustus","Lepidoptera","Hesperiidae"
"Andrallus","Andrallus sp1 M PL 044","Hemiptera","Pentatomidae"
"Andreana","Andreana sp1 M PL 046",NA,NA
"Andrena","Andrena schmiedeknechti","Hymenoptera","Andrenidae"
"Andrena","Andrena erythrogastra","Hymenoptera","Andrenidae"
"Andrena","Andrena rugothorace","Hymenoptera","Andrenidae"
"Andrena","Andrena schulzi","Hymenoptera","Andrenidae"
"Andrena","Andrena sayi","Hymenoptera","Andrenidae"
"Andrena","Andrena yamamoto","Hymenoptera","Andrenidae"
"Andrena","Andrena barbilabris","Hymenoptera","Andrenidae"
"Andrena","Andrena salicacea","Hymenoptera","Andrenidae"
"Andrena","Andrena benefica","Hymenoptera","Andrenidae"
"Andrena","Andrena athenensis","Hymenoptera","Andrenidae"
"Andrena","Andrena bicolor","Hymenoptera","Andrenidae"
"Andrena","Andrena banksi","Hymenoptera","Andrenidae"
"Andrena","Andrena madronitens","Hymenoptera","Andrenidae"
"Andrena","Andrena perplexa","Hymenoptera","Andrenidae"
"Andrena","Andrena nitida","Hymenoptera","Andrenidae"
"Andrena","Andrena dunningi","Hymenoptera","Andrenidae"
"Andrena","Andrena canohirta","Hymenoptera","Andrenidae"
"Andrena","Andrena haemorrhoa japonibia","Hymenoptera","Andrenidae"
"Andrena","Andrena regularis","Hymenoptera","Andrenidae"
"Andrena","Andrena tomora","Hymenoptera","Andrenidae"
"Andrena","Andrena w scripta","Hymenoptera","Andrenidae"
"Andrena","Andrena stellaria","Hymenoptera","Andrenidae"
"Andrena","Andrena vicina","Hymenoptera","Andrenidae"
"Andrena","Andrena japonica","Hymenoptera","Andrenidae"
"Andrena","Andrena flavipes","Hymenoptera","Andrenidae"
"Andrena","Andrena assimilis","Hymenoptera","Andrenidae"
"Andrena","Andrena salicis","Hymenoptera","Andrenidae"
"Andrena","Andrena kriechbaumeri","Hymenoptera","Andrenidae"
"Andrena","Andrena mocsaryi","Hymenoptera","Andrenidae"
"Andrena","Andrena ziziaeformis","Hymenoptera","Andrenidae"
"Andrena","Andrena erigeniae","Hymenoptera","Andrenidae"
"Andrena","Andrena simontornyella","Hymenoptera","Andrenidae"
"Andrena","Andrena scita","Hymenoptera","Andrenidae"
"Andrena","Andrena togashii","Hymenoptera","Andrenidae"
"Andrena","Andrena macoupinensis","Hymenoptera","Andrenidae"
"Andrena","Andrena gallinula","Hymenoptera","Andrenidae"
"Andrena","Andrena amamiensis","Hymenoptera","Andrenidae"
"Andrena","Andrena concinna","Hymenoptera","Andrenidae"
"Andrena","Andrena crataegi","Hymenoptera","Andrenidae"
"Andrena","Andrena rufosignata","Hymenoptera","Andrenidae"
"Andrena","Andrena rugosa","Hymenoptera","Andrenidae"
"Andrena","Andrena wilkella","Hymenoptera","Andrenidae"
"Andrena","Andrena edwiniae","Hymenoptera","Andrenidae"
"Andrena","Andrena mucronata","Hymenoptera","Andrenidae"
"Andrena","Andrena yamato","Hymenoptera","Andrenidae"
"Andrena","Andrena haemorrhoa","Hymenoptera","Andrenidae"
"Andrena","Andrena grossella","Hymenoptera","Andrenidae"
"Andrena","Andrena bimaculata","Hymenoptera","Andrenidae"
"Andrena","Andrena ishiharai","Hymenoptera","Andrenidae"
"Andrena","Andrena hattorfiana","Hymenoptera","Andrenidae"
"Andrena","Andrena irgeniae","Hymenoptera","Andrenidae"
"Andrena","Andrena arabis","Hymenoptera","Andrenidae"
"Andrena","Andrena apacheorum","Hymenoptera","Andrenidae"
"Andrena","Andrena dentata","Hymenoptera","Andrenidae"
"Andrena","Andrena parathoracina","Hymenoptera","Andrenidae"
"Andrena","Andrena fulva","Hymenoptera","Andrenidae"
"Andrena","Andrena parathoracica","Hymenoptera","Andrenidae"
"Andrena","Andrena tridens","Hymenoptera","Andrenidae"
"Andrena","Andrena edashigei","Hymenoptera","Andrenidae"
"Andrena","Andrena sp2 M PL 015","Hymenoptera","Andrenidae"
"Andrena","Andrena lewisi","Hymenoptera","Andrenidae"
"Andrena","Andrena erythronii","Hymenoptera","Andrenidae"
"Andrena","Andrena longitibialis","Hymenoptera","Andrenidae"
"Andrena","Andrena vulcana","Hymenoptera","Andrenidae"
"Andrena","Andrena imitatrix","Hymenoptera","Andrenidae"
"Andrena","Andrena cressoni","Hymenoptera","Andrenidae"
"Andrena","Andrena prunorum","Hymenoptera","Andrenidae"
"Andrena","Andrena pruni","Hymenoptera","Andrenidae"
"Andrena","Andrena lapponica","Hymenoptera","Andrenidae"
"Andrena","Andrena mitakensis","Hymenoptera","Andrenidae"
"Andrena","Andrena wollastoni","Hymenoptera","Andrenidae"
"Andrena","Andrena miserabilis","Hymenoptera","Andrenidae"
"Andrena","Andrena truncatilabris","Hymenoptera","Andrenidae"
"Andrena","Andrena gardineri","Hymenoptera","Andrenidae"
"Andrena","Andrena bicolorata","Hymenoptera","Andrenidae"
"Andrena","Andrena spiraeana","Hymenoptera","Andrenidae"
"Andrena","Andrena brenihirtiscopa","Hymenoptera","Andrenidae"
"Andrena","Andrena protomias","Hymenoptera","Andrenidae"
"Andrena","Andrena watasei","Hymenoptera","Andrenidae"
"Andrena","Andrena distinguenda","Hymenoptera","Andrenidae"
"Andrena","Andrena lamiana","Hymenoptera","Andrenidae"
"Andrena","Andrena forbesii","Hymenoptera","Andrenidae"
"Andrena","Andrena kaguya","Hymenoptera","Andrenidae"
"Andrena","Andrena sp3 M PL 015","Hymenoptera","Andrenidae"
"Andrena","Andrena illinoensis","Hymenoptera","Andrenidae"
"Andrena","Andrena fulvitarsis","Hymenoptera","Andrenidae"
"Andrena","Andrena opacifovea","Hymenoptera","Andrenidae"
"Andrena","Andrena carlini","Hymenoptera","Andrenidae"
"Andrena","Andrena yamamotoi","Hymenoptera","Andrenidae"
"Andrena","Andrena chrysosceles","Hymenoptera","Andrenidae"
"Andrena","Andrena villipes","Hymenoptera","Andrenidae"
"Andrena","Andrena cinereophila","Hymenoptera","Andrenidae"
"Andrena","Andrena washingtoni","Hymenoptera","Andrenidae"
"Andrena","Andrena wheeleri","Hymenoptera","Andrenidae"
"Andrena","Andrena thomposinii","Hymenoptera","Andrenidae"
"Andrena","Andrena miyamotoi","Hymenoptera","Andrenidae"
"Andrena","Andrena thaspii","Hymenoptera","Andrenidae"
"Andrena","Andrena japonicum","Hymenoptera","Andrenidae"
"Andrena","Andrena abbreviata subsp. Osychniukae","Hymenoptera","Andrenidae"
"Andrena","Andrena mikado","Hymenoptera","Andrenidae"
"Andrena","Andrena geranii","Hymenoptera","Andrenidae"
"Andrena","Andrena imatrix","Hymenoptera","Andrenidae"
"Andrena","Andrena prostomias","Hymenoptera","Andrenidae"
"Andrena","Andrena aburana","Hymenoptera","Andrenidae"
"Andrena","Andrena ventricosa","Hymenoptera","Andrenidae"
"Andrena","Andrena clarkella","Hymenoptera","Andrenidae"
"Andrena","Andrena impunctata","Hymenoptera","Andrenidae"
"Andrena","Andrena miranda","Hymenoptera","Andrenidae"
"Andrena","Andrena Knuthi","Hymenoptera","Andrenidae"
"Andrena","Andrena minutula","Hymenoptera","Andrenidae"
"Andrena","Andrena sp1 M PL 058","Hymenoptera","Andrenidae"
"Andrena","Andrena mansonii","Hymenoptera","Andrenidae"
"Andrena","Andrena ceanothi","Hymenoptera","Andrenidae"
"Andrena","Andrena carolina","Hymenoptera","Andrenidae"
"Andrena","Andrena westensis","Hymenoptera","Andrenidae"
"Andrena","Andrena munutula","Hymenoptera","Andrenidae"
"Andrena","Andrena personata","Hymenoptera","Andrenidae"
"Andrena","Andrena brassicae","Hymenoptera","Andrenidae"
"Andrena","Andrena alleghaniensis","Hymenoptera","Andrenidae"
"Andrena","Andrena esakki","Hymenoptera","Andrenidae"
"Andrena","Andrena crassana","Hymenoptera","Andrenidae"
"Andrena","Andrena pilipes","Hymenoptera","Andrenidae"
"Andrena","Andrena panurgina","Hymenoptera","Andrenidae"
"Andrena","Andrena confederata","Hymenoptera","Andrenidae"
"Andrena","Andrena sp1 M PL 053","Hymenoptera","Andrenidae"
"Andrena","Andrena sp1 M PL 047","Hymenoptera","Andrenidae"
"Andrena","Andrena humilis","Hymenoptera","Andrenidae"
"Andrena","Andrena hyemala","Hymenoptera","Andrenidae"
"Andrena","Andrena oligolege","Hymenoptera","Andrenidae"
"Andrena","Andrena fuscipes","Hymenoptera","Andrenidae"
"Andrena","Andrena nivalis","Hymenoptera","Andrenidae"
"Andrena","Andrena opacifovea opacifovea","Hymenoptera","Andrenidae"
"Andrena","Andrena violae","Hymenoptera","Andrenidae"
"Andrena","Andrena mandibularis","Hymenoptera","Andrenidae"
"Andrena","Andrena sublevigata","Hymenoptera","Andrenidae"
"Andrena","Andrena melanochroa","Hymenoptera","Andrenidae"
"Andrena","Andrena sp1 M PL 032","Hymenoptera","Andrenidae"
"Andrena","Andrena panurgimorpha","Hymenoptera","Andrenidae"
"Andrena","Andrena caneae","Hymenoptera","Andrenidae"
"Andrena","Andrena nobilis","Hymenoptera","Andrenidae"
"Andrena","Andrena omogensis","Hymenoptera","Andrenidae"
"Andrena","Andrena nigrihirta","Hymenoptera","Andrenidae"
"Andrena","Andrena canadensis","Hymenoptera","Andrenidae"
"Andrena","Andrena combaella","Hymenoptera","Andrenidae"
"Andrena","Andrena platyparia","Hymenoptera","Andrenidae"
"Andrena","Andrena sp1 M PL 015","Hymenoptera","Andrenidae"
"Andrena","Andrena tarsata","Hymenoptera","Andrenidae"
"Andrena","Andrena nigroaenea","Hymenoptera","Andrenidae"
"Andrena","Andrena subopaca","Hymenoptera","Andrenidae"
"Andrena","Andrena oralis","Hymenoptera","Andrenidae"
"Andrena","Andrena okabei","Hymenoptera","Andrenidae"
"Andrena","Andrena nasonii","Hymenoptera","Andrenidae"
"Andrena","Andrena hispania","Hymenoptera","Andrenidae"
"Andrena","Andrena hilaris","Hymenoptera","Andrenidae"
"Andrena","Andrena sp1 M PL 016","Hymenoptera","Andrenidae"
"Andrena","Andrena tsukubana","Hymenoptera","Andrenidae"
"Andrena","Andrena akitsushimae","Hymenoptera","Andrenidae"
"Andrena","Andrena sp1 M PL 005","Hymenoptera","Andrenidae"
"Andrena","Andrena brevihirtiscopa","Hymenoptera","Andrenidae"
"Andrena","Andrena komachi","Hymenoptera","Andrenidae"
"Andrena","Andrena alfkenella","Hymenoptera","Andrenidae"
"Andrena","Andrena nubecula","Hymenoptera","Andrenidae"
"Andrena","Andrena nana","Hymenoptera","Andrenidae"
"Andrena","Andrena nothoscordi","Hymenoptera","Andrenidae"
"Andrena","Andrena hirashimai","Hymenoptera","Andrenidae"
"Andrena","Andrena nawai","Hymenoptera","Andrenidae"
"Andrena","Andrena nigrae","Hymenoptera","Andrenidae"
"Andrena","Andrena braccata","Hymenoptera","Andrenidae"
"Andrena","Andrena sigmundi","Hymenoptera","Andrenidae"
"Andrena","Andrena bradleyi","Hymenoptera","Andrenidae"
"Andrena","Andrena taraxaci","Hymenoptera","Andrenidae"
"Andrena","Andrena hikosana","Hymenoptera","Andrenidae"
"Andrena","Andrena halictoides","Hymenoptera","Andrenidae"
"Andrena","Andrena sp1 M PL 012","Hymenoptera","Andrenidae"
"Andrena","Andrena hesperia","Hymenoptera","Andrenidae"
"Andrena","Andrena hebes","Hymenoptera","Andrenidae"
"Andrena","Andrena optata","Hymenoptera","Andrenidae"
"Andronicus","Andronicus sp1 M PL 005",NA,NA
"Anechura","Anechura japonica","Dermaptera","Forficulidae"
"Angelasa","Angelasa nigriceps",NA,NA
"Angitia","Angitia obscura","Lepidoptera","Noctuidae"
"Anisolabis","Anisolabis maritima","Dermaptera","Anisolabididae"
"Anisostira","Anisostira rugipennis","Coleoptera","Tenebrionidae"
"Anolis","Anolis grahami",NA,NA
"Anolis","Anolis oculatus",NA,NA
"Anolis","Anolis sagrei",NA,NA
"Anomala","Anomala octiescoctata","Coleoptera","Scarabaeidae"
"Anomala","Anomala albopilosa","Coleoptera","Scarabaeidae"
"Anomalempis","Anomalempis sp1 M PL 044","Diptera","Brachystomatidae"
"Anomia","Anomia sp1 M PL 044",NA,NA
"Anomia","Anomia sp2 M PL 044",NA,NA
"Anoplius","Anoplius sp1 M PL 047","Hymenoptera","Pompilidae"
"Anoplius","Anoplius illinoensis","Hymenoptera","Pompilidae"
"Anoplius","Anoplius virginiensis","Hymenoptera","Pompilidae"
"Anoploderomorpha","Anoploderomorpha excavata","Coleoptera","Cerambycidae"
"Anoplolepis","Anoplolepis longipes","Hymenoptera","Formicidae"
"Anoptius","Anoptius eous",NA,NA
"Anornalempis","Anornalempis sp1 M PL 044",NA,NA
"Anosia","Anosia plexippus","Lepidoptera","Nymphalidae"
"Anostinus","Anostinus daimio",NA,NA
"Anosymia","Anosymia sp1 M PL 006",NA,NA
"Anothomyia","Anothomyia pluvialis",NA,NA
"Anoura","Anoura caudifer",NA,NA
"Anoura","Anoura geoffroyi",NA,NA
"Anterhynchium","Anterhynchium flavomarginatum micado","Hymenoptera","Eumenidae"
"Anthaxia","Anthaxia praeclara","Coleoptera","Buprestidae"
"Anthaxia","Anthaxia reticulata","Coleoptera","Buprestidae"
"Anthaxia","Anthaxia moya","Coleoptera","Buprestidae"
"Anthaxia","Anthaxia parallela","Coleoptera","Buprestidae"
"Anthaxia","Anthaxia Proteus","Coleoptera","Buprestidae"
"Anthaxia","Anthaxia expansa","Coleoptera","Buprestidae"
"Anthaxia","Anthaxia quadripunctata","Coleoptera","Buprestidae"
"Anthaxia","Anthaxia sp1 M PL 051","Coleoptera","Buprestidae"
"Anthaxia","Anthaxia sp1 M PL 015","Coleoptera","Buprestidae"
"Anthaxia","Anthaxia umbellatarum","Coleoptera","Buprestidae"
"Anthaxia","Anthaxia dimidiata","Coleoptera","Buprestidae"
"Anthedon","Anthedon compta",NA,NA
"Anthemurgus","Anthemurgus passiflorae",NA,NA
"Anthemus","Anthemus magnius","Hymenoptera","Encyrtidae"
"Anthemus","Anthemus maculielytris","Hymenoptera","Encyrtidae"
"Antherhynchium","Antherhynchium flavomargtnatum","Hymenoptera","Eumenidae"
"Antherophagus","Antherophagus nigricornis","Coleoptera","Cryptophagidae"
"Anthicus","Anthicus shibatai","Coleoptera","Anthicidae"
"Anthidiellum","Anthidiellum sp1 M PL 030","Hymenoptera","Megachilidae"
"Anthidium","Anthidium undulatum","Hymenoptera","Megachilidae"
"Anthidium","Anthidium sp","Hymenoptera","Megachilidae"
"Anthidium","Anthidium cognatum","Hymenoptera","Megachilidae"
"Anthidium","Anthidium adriani","Hymenoptera","Megachilidae"
"Anthidium","Anthidium tenuiflorae","Hymenoptera","Megachilidae"
"Anthidium","Anthidium septemspinosum","Hymenoptera","Megachilidae"
"Anthidium","Anthidium florentinum","Hymenoptera","Megachilidae"
"Anthidium","Anthidium chilensis","Hymenoptera","Megachilidae"
"Anthidium","Anthidium rubriceps","Hymenoptera","Megachilidae"
"Anthidium","Anthidium taeniatum","Hymenoptera","Megachilidae"
"Anthidium","Anthidium sp1 M PL 058","Hymenoptera","Megachilidae"
"Anthidium","Anthidium strigatum","Hymenoptera","Megachilidae"
"Anthidium","Anthidium chubuti","Hymenoptera","Megachilidae"
"Anthidium","Anthidium elongatum","Hymenoptera","Megachilidae"
"Anthidium","Anthidium dalmaticum","Hymenoptera","Megachilidae"
"Anthidium","Anthidium manicatum","Hymenoptera","Megachilidae"
"Anthidium","Anthidium gayi","Hymenoptera","Megachilidae"
"Anthidium","Anthidium decaspilum","Hymenoptera","Megachilidae"
"Anthidium","Anthidium funereum","Hymenoptera","Megachilidae"
"Anthobium","Anthobium torquratum","Coleoptera","Staphylinidae"
"Anthobium","Anthobium minutum","Coleoptera","Staphylinidae"
"Anthobium","Anthobium ophthalmicum","Coleoptera","Staphylinidae"
"Anthocharis","Anthocharis cardamines","Lepidoptera","Pieridae"
"Anthocomus","Anthocomus erichsoni","Coleoptera","Melyridae"
"Anthocopa","Anthocopa obtusa","Hymenoptera","Megachilidae"
"Anthocoris","Anthocoris miyamotoi","Hemiptera","Anthocoridae"
"Anthocris","Anthocris scolymus",NA,NA
"Anthomyia","Anthomyia faciata","Diptera","Anthomyiidae"
"Anthomyia","Anthomyia radicum","Diptera","Anthomyiidae"
"Anthomyia","Anthomyia confusanea","Diptera","Anthomyiidae"
"Anthomyia","Anthomyia pluvialis","Diptera","Anthomyiidae"
"Anthomyia","Anthomyia sp1 M PL 005","Diptera","Anthomyiidae"
"Anthomyidae","Anthomyidae sp1 M PL 006",NA,NA
"Anthomyiella","Anthomyiella pluvialis",NA,NA
"Anthomyiella","Anthomyiella pratincola",NA,NA
"Anthomyiidae","Anthomyiidae ni",NA,NA
"Anthomyiidae","Anthomyiidae sp1 M PL 009",NA,NA
"Anthomyiidae","Anthomyiidae sp1 M PL 072",NA,NA
"Anthomyiidae","Anthomyiidae sp2",NA,NA
"Anthomyiidae","Anthomyiidae sp2 M PL 009",NA,NA
"Anthomyiidae","Anthomyiidae sp3 M PL 009",NA,NA
"Anthomyiidae","Anthomyiidae sp4",NA,NA
"Anthonomus","Anthonomus sp1 M PL 004","Coleoptera","Curculionidae"
"Anthonomus","Anthonomus sp1 M PL 044","Coleoptera","Curculionidae"
"Anthophora","Anthophora atroalba","Hymenoptera","Apidae"
"Anthophora","Anthophora agama","Hymenoptera","Apidae"
"Anthophora","Anthophora femorata","Hymenoptera","Apidae"
"Anthophora","Anthophora alluaudi","Hymenoptera","Apidae"
"Anthophora","Anthophora incerta","Hymenoptera","Apidae"
"Anthophora","Anthophora flavocincta","Hymenoptera","Apidae"
"Anthophora","Anthophora occidentalis","Hymenoptera","Apidae"
"Anthophora","Anthophora retusa","Hymenoptera","Apidae"
"Anthophora","Anthophora neomexicana","Hymenoptera","Apidae"
"Anthophora","Anthophora pilipes villosula","Hymenoptera","Apidae"
"Anthophora","Anthophora rubricrus","Hymenoptera","Apidae"
"Anthophora","Anthophora dufourii","Hymenoptera","Apidae"
"Anthophora","Anthophora plumipes","Hymenoptera","Apidae"
"Anthophora","Anthophora orotavae","Hymenoptera","Apidae"
"Anthophora","Anthophora bomboides","Hymenoptera","Apidae"
"Anthophora","Anthophora abrupta","Hymenoptera","Apidae"
"Anthophora","Anthophora dispar","Hymenoptera","Apidae"
"Anthophora","Anthophora canescens","Hymenoptera","Apidae"
"Anthophora","Anthophora sp1 M PL 058","Hymenoptera","Apidae"
"Anthophora","Anthophora acervorum","Hymenoptera","Apidae"
"Anthophora","Anthophora quadricolor","Hymenoptera","Apidae"
"Anthophora","Anthophora simillima","Hymenoptera","Apidae"
"Anthophora","Anthophora ursina","Hymenoptera","Apidae"
"Anthophora","Anthophora sp","Hymenoptera","Apidae"
"Anthophora","Anthophora sp1 M PL 016","Hymenoptera","Apidae"
"Anthracothorax","Anthracothorax nigricollis",NA,NA
"Anthrax","Anthrax nigra","Diptera","Bombyliidae"
"Anthrax","Anthrax alternata","Diptera","Bombyliidae"
"Anthrax","Anthrax sinuosa","Diptera","Bombyliidae"
"Anthrax","Anthrax sp1 M PL 015","Diptera","Bombyliidae"
"Anthrax","Anthrax halycon","Diptera","Bombyliidae"
"Anthrax","Anthrax tegminipennis","Diptera","Bombyliidae"
"Anthrax","Anthrax halcyon","Diptera","Bombyliidae"
"Anthrax","Anthrax sp2 M PL 015","Diptera","Bombyliidae"
"Anthrax","Anthrax hypomelas","Diptera","Bombyliidae"
"Anthrax","Anthrax fulvohirta","Diptera","Bombyliidae"
"Anthrax","Anthrax discollis","Diptera","Bombyliidae"
"Anthrax","Anthrax sp1 M PL 072","Diptera","Bombyliidae"
"Anthrax","Anthrax fulviana","Diptera","Bombyliidae"
"Anthrax","Anthrax anthrax","Diptera","Bombyliidae"
"Anthrax","Anthrax lateralis","Diptera","Bombyliidae"
"Anthrax","Anthrax palliata","Diptera","Bombyliidae"
"Anthrax","Anthrax candens","Diptera","Bombyliidae"
"Anthrenus","Anthrenus musaeorum","Coleoptera","Dermestidae"
"Anthrenus","Anthrenus verbasci","Coleoptera","Dermestidae"
"Anthrenus","Anthrenus sp1 M PL 015","Coleoptera","Dermestidae"
"Anthrenus","Anthrenus sp3 M PL 015","Coleoptera","Dermestidae"
"Anthrenus","Anthrenus castaneae","Coleoptera","Dermestidae"
"Anthrenus","Anthrenus sp1 M PL 016","Coleoptera","Dermestidae"
"Anthrenus","Anthrenus sp2 M PL 015","Coleoptera","Dermestidae"
"Anthrenus","Anthrenus museorum","Coleoptera","Dermestidae"
"Anthrenus","Anthrenus pimpinellae","Coleoptera","Dermestidae"
"Anthromacra","Anthromacra viriclissima",NA,NA
"Apanteles","Apanteles terminalis","Hymenoptera","Braconidae"
"Apanteles","Apanteles sp1 M PL 005","Hymenoptera","Braconidae"
"Apanteles","Apanteles sp1 M PL 020","Hymenoptera","Braconidae"
"Aphantochroa","Aphantochroa cirrhochloris",NA,NA
"Aphantopus","Aphantopus hyperantus","Lepidoptera","Nymphalidae"
"Aphidius","Aphidius sp1 M PL 010","Hymenoptera","Braconidae"
"Aphothona","Aphothona amamiana",NA,NA
"Aphothona","Aphothona foudrasi",NA,NA
"Aphtona","Aphtona formosana",NA,NA
"Apion","Apion flavipes","Coleoptera","Apionidae"
"Apion","Apion aeneum","Coleoptera","Apionidae"
"Apion","Apion apricans","Coleoptera","Apionidae"
"Apion","Apion meliloti","Coleoptera","Apionidae"
"Apion","Apion hookeri","Coleoptera","Apionidae"
"Apion","Apion rufirostre","Coleoptera","Apionidae"
"Apis","Apis mellifera Linnaeus","Hymenoptera","Apidae"
"Apis","Apis cerana japonica","Hymenoptera","Apidae"
"Apis","Apis cerana","Hymenoptera","Apidae"
"Apis","Apis mellifera","Hymenoptera","Apidae"
"Aplocnemus","Aplocnemus sp1 M PL 015","Coleoptera","Dasytidae"
"Aplotarsus","Aplotarsus incanus","Coleoptera","Elateridae"
"Apocrita","Apocrita sp1 M PL 037",NA,NA
"Apocrita","Apocrita sp1 M PL 038",NA,NA
"Apocrita","Apocrita sp1 M PL 043",NA,NA
"Apocrita","Apocrita sp1 M PL 049",NA,NA
"Apoderus","Apoderus rubidus","Coleoptera","Attelabidae"
"Apoderus","Apoderus jekelii","Coleoptera","Attelabidae"
"Apoderus","Apoderus erythrogaster","Coleoptera","Attelabidae"
"Appias","Appias drusilla","Lepidoptera","Pieridae"
"Apsonia","Apsonia muscaria",NA,NA
"Araba","Araba tergata",NA,NA
"Araneidae","Araneidae sp129 M PL 057",NA,NA
"Araneidae","Araneidae sp130 M PL 057",NA,NA
"Araneidae","Araneidae sp131 M PL 057",NA,NA
"Araneidae","Araneidae sp132 M PL 057",NA,NA
"Araneidae","Araneidae sp133 M PL 057",NA,NA
"Araneidae","Araneidae sp134 M PL 057",NA,NA
"Araneidae","Araneidae sp135 M PL 057",NA,NA
"Araneidae","Araneidae sp136 M PL 057",NA,NA
"Araneidae","Araneidae sp137 M PL 057",NA,NA
"Araneidae","Araneidae sp138 M PL 057",NA,NA
"Araneidae","Araneidae sp139 M PL 057",NA,NA
"Araneidae","Araneidae sp140 M PL 057",NA,NA
"Araneidae","Araneidae sp141 M PL 057",NA,NA
"Araneidae","Araneidae sp142 M PL 057",NA,NA
"Araneidae","Araneidae sp143 M PL 057",NA,NA
"Araneidae","Araneidae sp144 M PL 057",NA,NA
"Araneidae","Araneidae sp18 M PL 054",NA,NA
"Araneidae","Araneidae sp19 M PL 054",NA,NA
"Araneidae","Araneidae sp20 M PL 054",NA,NA
"Araneidae","Araneidae sp36 M PL 054",NA,NA
"Araneidae","Araneidae sp37 M PL 054",NA,NA
"Araneidae","Araneidae sp38 M PL 054",NA,NA
"Araneidae","Araneidae sp39 M PL 054",NA,NA
"Araneidae","Araneidae sp40 M PL 054",NA,NA
"Araneidae","Araneidae sp41 M PL 054",NA,NA
"Araneidae","Araneidae sp42 M PL 054",NA,NA
"Araneidae","Araneidae sp43 M PL 054",NA,NA
"Araneidae","Araneidae sp44 M PL 054",NA,NA
"Araneidae","Araneidae sp45 M PL 054",NA,NA
"Araneidae","Araneidae sp46 M PL 054",NA,NA
"Araneidae","Araneidae sp47 M PL 054",NA,NA
"Araneidae","Araneidae sp48 M PL 054",NA,NA
"Araneidae","Araneidae sp49 M PL 054",NA,NA
"Araneidae","Araneidae sp50 M PL 054",NA,NA
"Araneidae","Araneidae sp51 M PL 054",NA,NA
"Araneidae","Araneidae sp70 M PL 057",NA,NA
"Araneidae","Araneidae sp9 M PL 054",NA,NA
"Arasehmia","Arasehmia burejana",NA,NA
"Archytas","Archytas hystrix","Diptera","Tachinidae"
"Archytas","Archytas aterrima","Diptera","Tachinidae"
"Archytas","Archytas analis","Diptera","Tachinidae"
"Archytas","Archytas sp1 M PL 005","Diptera","Tachinidae"
"Arctophila","Arctophila flagrans","Diptera","Syrphidae"
"Arctoseius","Arctoseius cetratus","Mesostigmata","Ascidae"
"Arge","Arge similis","Hymenoptera","Argidae"
"Arge","Arge sp1 M PL 013","Hymenoptera","Argidae"
"Arge","Arge sp1 M PL 057","Hymenoptera","Argidae"
"Arge","Arge nipponensis","Hymenoptera","Argidae"
"Arge","Arge ustulata","Hymenoptera","Argidae"
"Arge","Arge scita","Hymenoptera","Argidae"
"Argirophenga","Argirophenga sp1 M PL 027",NA,NA
"Argirophenga","Argirophenga sp1 M PL 028",NA,NA
"Argirophenga","Argirophenga sp1 M PL 029",NA,NA
"Argynnis","Argynnis atlantis","Lepidoptera","Nymphalidae"
"Argynnis","Argynnis cybele","Lepidoptera","Nymphalidae"
"Argynnis","Argynnis paphia","Lepidoptera","Nymphalidae"
"Argynnis","Argynnis eurynome","Lepidoptera","Nymphalidae"
"Argynnis","Argynnis paphia tsushimana","Lepidoptera","Nymphalidae"
"Argyronome","Argyronome ruslana","Lepidoptera","Nymphalidae"
"Argyrophenga","Argyrophenga janitae","Lepidoptera","Nymphalidae"
"Argyrophenga","Argyrophenga antipodium","Lepidoptera","Nymphalidae"
"Arhysosage","Arhysosage bifasciata","Hymenoptera","Andrenidae"
"Aricia","Aricia agestis",NA,NA
"Aricia","Aricia cramera",NA,NA
"Arpedium","Arpedium sp1 M PL 009","Coleoptera","Staphylinidae"
"Arthracanthus","Arthracanthus obscuricollis","Coleoptera","Melyridae"
"Arthromacra","Arthromacra amamiana","Coleoptera","Tenebrionidae"
"Artogeia","Artogeia rapae",NA,NA
"Asaphodes","Asaphodes clarata","Lepidoptera","Geometridae"
"Asarcuna","Asarcuna porcina",NA,NA
"Asarkina","Asarkina porcina","Diptera","Syrphidae"
"Asarkina","Asarkina ericetorum","Diptera","Syrphidae"
"Ascia","Ascia josephina","Lepidoptera","Pieridae"
"Ascia","Ascia monuste","Lepidoptera","Pieridae"
"Asclera","Asclera nigrocya","Coleoptera","Oedemeridae"
"Asclera","Asclera ruficollis","Coleoptera","Oedemeridae"
"Asclera","Asclera puncticollis","Coleoptera","Oedemeridae"
"Asemum","Asemum amurense","Coleoptera","Cerambycidae"
"Ashmeadiella","Ashmeadiella bucconis","Hymenoptera","Megachilidae"
"Asiemphytus","Asiemphytus albilabris","Hymenoptera","Tenthredinidae"
"Asiemphytus","Asiemphytus deutziae","Hymenoptera","Tenthredinidae"
"Asilis","Asilis pilicomis","Coleoptera","Cantharidae"
"Asilus","Asilus sp1 M PL 046","Diptera","Asilidae"
"Aspicera","Aspicera albihirta","Hymenoptera","Figitidae"
"Aspilocoryphus","Aspilocoryphus fasciativentris","Hemiptera","Lygaeidae"
"Astatus","Astatus bicolor",NA,NA
"Astatus","Astatus unicolor",NA,NA
"Astochia","Astochia virgatipes","Diptera","Asilidae"
"Astylus","Astylus quadrilineatus","Coleoptera","Melyridae"
"Astylus","Astylus sp1 M PL 022","Coleoptera","Melyridae"
"Ateloglutus","Ateloglutus sp","Diptera","Tachinidae"
"Athalia","Athalia glabricollis","Hymenoptera","Tenthredinidae"
"Athalia","Athalia sp1 M PL 049","Hymenoptera","Tenthredinidae"
"Athalia","Athalia japonica","Hymenoptera","Tenthredinidae"
"Athalia","Athalia lineolata","Hymenoptera","Tenthredinidae"
"Athemellus","Athemellus insulsus","Coleoptera","Cantharidae"
"Athemus","Athemus sp1 M PL 044","Coleoptera","Cantharidae"
"Athemus","Athemus lineatipennis","Coleoptera","Cantharidae"
"Atherigona","Atherigona orientalis","Diptera","Muscidae"
"Atherigona","Atherigona orientalis Schiner","Diptera","Muscidae"
"Atherigona","Atherigona sp1 M PL 061","Diptera","Muscidae"
"Athidium","Athidium sp1 M PL 030",NA,NA
"Athous","Athous subfuscus","Coleoptera","Elateridae"
"Athousius","Athousius sp1 M PL 053","Coleoptera","Elateridae"
"Athrycia","Athrycia trepida","Diptera","Tachinidae"
"Atlantea","Atlantea pantoni","Lepidoptera","Nymphalidae"
"Atlobaccha","Atlobaccha nubilipennis",NA,NA
"Atractodes","Atractodes sp1 M PL 020","Hymenoptera","Ichneumonidae"
"Atrichelaphinis","Atrichelaphinis tigrina","Coleoptera","Scarabaeidae"
"Atrytone","Atrytone delaware","Lepidoptera","Hesperiidae"
"Atrytone","Atrytone taxiles","Lepidoptera","Hesperiidae"
"Attagenus","Attagenus sp1 M PL 016","Coleoptera","Dermestidae"
"Attagenus","Attagenus bifasciatus","Coleoptera","Dermestidae"
"Attagenus","Attagenus sp1 M PL 015","Coleoptera","Dermestidae"
"Attagenus","Attagenus piceus","Coleoptera","Dermestidae"
"Attagenus","Attagenus sp2 M PL 015","Coleoptera","Dermestidae"
"Attalus","Attalus sp1 M PL 012","Coleoptera","Malachiidae"
"Attalus","Attalus scincetus","Coleoptera","Malachiidae"
"Attalus","Attalus ryukyuanus","Coleoptera","Malachiidae"
"Attalus","Attalus chujoanus","Coleoptera","Malachiidae"
"Atteva","Atteva hysginiella","Lepidoptera","Attevidae"
"Atylotus","Atylotus sawadaisp","Diptera","Tabanidae"
"Auca","Auca coctei pales","Lepidoptera","Nymphalidae"
"Audre","Audre epulus signata",NA,NA
"Augochlora","Augochlora pura","Hymenoptera","Halictidae"
"Augochlora","Augochlora sp2 M PL 030","Hymenoptera","Halictidae"
"Augochlora","Augochlora sp1 M PL 030","Hymenoptera","Halictidae"
"Augochlora","Augochlora sp1 M PL 031","Hymenoptera","Halictidae"
"Augochlora","Augochlora fervida","Hymenoptera","Halictidae"
"Augochlora","Augochlora semiramis","Hymenoptera","Halictidae"
"Augochlorella","Augochlorella ephyra","Hymenoptera","Halictidae"
"Augochlorella","Augochlorella striata","Hymenoptera","Halictidae"
"Augochlorella","Augochlorella aurata","Hymenoptera","Halictidae"
"Augochlorensis","Augochlorensis callichroa",NA,NA
"Augochloropsis","Augochloropsis sp1 M PL 030","Hymenoptera","Halictidae"
"Augochloropsis","Augochloropsis metallica","Hymenoptera","Halictidae"
"Augochloropsis","Augochloropsis sp2 M PL 031","Hymenoptera","Halictidae"
"Augochloropsis","Augochloropsis sp3 M PL 031","Hymenoptera","Halictidae"
"Augochloropsis","Augochloropsis erato","Hymenoptera","Halictidae"
"Augochloropsis","Augochloropsis sp1 M PL 023","Hymenoptera","Halictidae"
"Augochloropsis","Augochloropsis sp2 M PL 072","Hymenoptera","Halictidae"
"Augochloropsis","Augochloropsis sp1 M PL 031","Hymenoptera","Halictidae"
"Augochloropsis","Augochloropsis sp3 M PL 072","Hymenoptera","Halictidae"
"Augochorella","Augochorella striata",NA,NA
"Auhochloropsis","Auhochloropsis vesta",NA,NA
"Aulacophora","Aulacophora nigripennis","Coleoptera","Chrysomelidae"
"Aulacophora","Aulacophora sp1 M PL 044","Coleoptera","Chrysomelidae"
"Aulacophora","Aulacophora femoralis","Coleoptera","Chrysomelidae"
"Austrocidaria","Austrocidaria similata","Lepidoptera","Geometridae"
"Autographa","Autographa sp1 M PL 006","Lepidoptera","Noctuidae"
"Autographa","Autographa gamma","Lepidoptera","Noctuidae"
"Autographa","Autographa bractea","Lepidoptera","Noctuidae"
"Avibrissina","Avibrissina brevivalpis","Diptera","Tachinidae"
"Avibrissina","Avibrissina sp1 M PL 027","Diptera","Tachinidae"
"Avibrissina","Avibrissina isolata","Diptera","Tachinidae"
"Azelia","Azelia triquetra","Diptera","Muscidae"
"Babia","Babia 4 guttata","Coleoptera","Chrysomelidae"
"Baccha","Baccha tarchetius","Diptera","Syrphidae"
"Baccha","Baccha apicalis","Diptera","Syrphidae"
"Baccha","Baccha fuscipennis","Diptera","Syrphidae"
"Baccha","Baccha macutata","Diptera","Syrphidae"
"Baccha","Baccha clavata","Diptera","Syrphidae"
"Baccha","Baccha maculata","Diptera","Syrphidae"
"Baccha","Baccha aurinota","Diptera","Syrphidae"
"Bactrocera","Bactrocera cucurbitae","Diptera","Tephritidae"
"Bagous","Bagous sp1 M PL 055","Coleoptera","Curculionidae"
"Bagous","Bagous sp2 M PL 055","Coleoptera","Curculionidae"
"Balataea","Balataea gracilis",NA,NA
"Balatala","Balatala gracilis",NA,NA
"Baris","Baris dispilota","Coleoptera","Curculionidae"
"Baris","Baris kiboshi","Coleoptera","Curculionidae"
"Basilarchia","Basilarchia archippus",NA,NA
"Basilarchia","Basilarchia weidemeyeri",NA,NA
"Basilepta","Basilepta ruficolle","Coleoptera","Chrysomelidae"
"Bassus","Bassus sanctus","Hymenoptera","Braconidae"
"Bathycetes","Bathycetes scutellaris",NA,NA
"Batizonus","Batizonus algidus",NA,NA
"Batozenellus","Batozenellus sp1 M PL 057",NA,NA
"Batyle","Batyle suturalis","Coleoptera","Cerambycidae"
"Bellardia","Bellardia pubicornis","Diptera","Calliphoridae"
"Bellardia","Bellardia vulgaris","Diptera","Calliphoridae"
"Belpharipeza","Belpharipeza leucophrys",NA,NA
"Belvosia","Belvosia bifasciata","Diptera","Tachinidae"
"Belvosia","Belvosia unifasciata","Diptera","Tachinidae"
"Bembicinus","Bembicinus peregrinus",NA,NA
"Bembix","Bembix oculata","Hymenoptera","Crabronidae"
"Bembix","Bembix olivacea","Hymenoptera","Crabronidae"
"Bembix","Bembix spinolae","Hymenoptera","Crabronidae"
"Bembix","Bembix nubillipennis","Hymenoptera","Crabronidae"
"Bembix","Bembix flavescens","Hymenoptera","Crabronidae"
"Bembix","Bembix pallida","Hymenoptera","Crabronidae"
"Bertsa","Bertsa lankana","Hemiptera","Miridae"
"Betacixius","Betacixius sp1 M PL 044","Hemiptera","Cixiidae"
"Betasorrphus","Betasorrphus seraius",NA,NA
"Betasyrphus","Betasyrphus serarius","Diptera","Syrphidae"
"Betasyrphus","Betasyrphus seraius","Diptera","Syrphidae"
"Bhaphuma","Bhaphuma xenisca",NA,NA
"Bibio","Bibio lanigerus","Diptera","Bibionidae"
"Bibio","Bibio marci","Diptera","Bibionidae"
"Bibio","Bibio sp1 M PL 044","Diptera","Bibionidae"
"Bibio","Bibio sp1 M PL 053","Diptera","Bibionidae"
"Bibio","Bibio hortulanus","Diptera","Bibionidae"
"Bibio","Bibio albipennis","Diptera","Bibionidae"
"Bibio","Bibio gracilipalpus","Diptera","Bibionidae"
"Bibio","Bibio leucopterus","Diptera","Bibionidae"
"Bibio","Bibio aneuretus","Diptera","Bibionidae"
"Bibio","Bibio sp2 M PL 053","Diptera","Bibionidae"
"Bibio","Bibio simulans","Diptera","Bibionidae"
"Bibio","Bibio pallipes","Diptera","Bibionidae"
"Bibio","Bibio sp4 M PL 053","Diptera","Bibionidae"
"Bibio","Bibio sp3 M PL 053","Diptera","Bibionidae"
"Bibio","Bibio sp5 M PL 053","Diptera","Bibionidae"
"Bibio","Bibio femoratus","Diptera","Bibionidae"
"Bibio","Bibio elmoi","Diptera","Bibionidae"
"Bibionidae","Bibionidae sp1",NA,NA
"Bibionidae","Bibionidae sp1 M PL 072",NA,NA
"Bibionidae","Bibionidae sp2",NA,NA
"Bicyrtes","Bicyrtes 4 fasciata","Hymenoptera","Crabronidae"
"Bicyrtes","Bicyrtes ventralis","Hymenoptera","Crabronidae"
"Bilia","Bilia japonica","Hemiptera","Anthocoridae"
"Biomyia","Biomyia georgiae",NA,NA
"Biphyllis","Biphyllis throscoides",NA,NA
"Birka","Birka carinifrons","Hymenoptera","Tenthredinidae"
"Bithia","Bithia sp1 M PL 015","Diptera","Tachinidae"
"Bithia","Bithia acanthophora","Diptera","Tachinidae"
"Blepharipeza","Blepharipeza leucophrys",NA,NA
"Blepharipus","Blepharipus harringtonii",NA,NA
"Blera","Blera confusa","Diptera","Syrphidae"
"Blera","Blera nigripes","Diptera","Syrphidae"
"Blera","Blera badia","Diptera","Syrphidae"
"Blitopertha","Blitopertha conspurcata","Coleoptera","Scarabaeidae"
"Blitopertha","Blitopertha orientalis","Coleoptera","Scarabaeidae"
"Bocchoris","Bocchoris inspersalis","Lepidoptera","Crambidae"
"Boettcheria","Boettcheria cimbicis","Diptera","Sarcophagidae"
"Boletina","Boletina sp1 M PL 009","Diptera","Mycetophilidae"
"Boloria","Boloria sp1 M PL 014","Lepidoptera","Nymphalidae"
"Boloria","Boloria polaris","Lepidoptera","Nymphalidae"
"Boloria","Boloria improba","Lepidoptera","Nymphalidae"
"Boloria","Boloria chariclea","Lepidoptera","Nymphalidae"
"Bombias","Bombias scutellaris","Hymenoptera","Megachilidae"
"Bombomelecta","Bombomelecta fulvida",NA,NA
"Bombomelecta","Bombomelecta thoracica",NA,NA
"Bombus","Bombus terrestris subsp. canariensis","Hymenoptera","Apidae"
"Bombus","Bombus diversus","Hymenoptera","Apidae"
"Bombus","Bombus soroeensis","Hymenoptera","Apidae"
"Bombus","Bombus honshuensis","Hymenoptera","Apidae"
"Bombus","Bombus consobrinus","Hymenoptera","Apidae"
"Bombus","Bombus jonellus","Hymenoptera","Apidae"
"Bombus","Bombus hyperboreus subsp. albertensis","Hymenoptera","Apidae"
"Bombus","Bombus dorsalis","Hymenoptera","Apidae"
"Bombus","Bombus diversus diversus","Hymenoptera","Apidae"
"Bombus","Bombus ignitus","Hymenoptera","Apidae"
"Bombus","Bombus ardens","Hymenoptera","Apidae"
"Bombus","Bombus hortorum","Hymenoptera","Apidae"
"Bombus","Bombus polaris","Hymenoptera","Apidae"
"Bombus","Bombus cryptarum","Hymenoptera","Apidae"
"Bombus","Bombus centralis","Hymenoptera","Apidae"
"Bombus","Bombus kirbyellus","Hymenoptera","Apidae"
"Bombus","Bombus hortotum","Hymenoptera","Apidae"
"Bombus","Bombus volucelloides","Hymenoptera","Apidae"
"Bombus","Bombus morrisoni","Hymenoptera","Apidae"
"Bombus","Bombus pratorum","Hymenoptera","Apidae"
"Bombus","Bombus bohemicus","Hymenoptera","Apidae"
"Bombus","Bombus bifarius","Hymenoptera","Apidae"
"Bombus","Bombus occidentalis","Hymenoptera","Apidae"
"Bombus","Bombus brasiliensis","Hymenoptera","Apidae"
"Bombus","Bombus impatiens","Hymenoptera","Apidae"
"Bombus","Bombus juxtus","Hymenoptera","Apidae"
"Bombus","Bombus ruderatus","Hymenoptera","Apidae"
"Bombus","Bombus hyperboreus","Hymenoptera","Apidae"
"Bombus","Bombus hunti","Hymenoptera","Apidae"
"Bombus","Bombus pullatus","Hymenoptera","Apidae"
"Bombus","Bombus ridingsii","Hymenoptera","Apidae"
"Bombus","Bombus honshorensis","Hymenoptera","Apidae"
"Bombus","Bombus dahlbomii","Hymenoptera","Apidae"
"Bombus","Bombus pennsylvanicus","Hymenoptera","Apidae"
"Bombus","Bombus atratus","Hymenoptera","Apidae"
"Bombus","Bombus bellicosus","Hymenoptera","Apidae"
"Bombus","Bombus nevadensis","Hymenoptera","Apidae"
"Bombus","Bombus bimaculatus","Hymenoptera","Apidae"
"Bombus","Bombus rupestris","Hymenoptera","Apidae"
"Bombus","Bombus edwardsi","Hymenoptera","Apidae"
"Bombus","Bombus brevivillus","Hymenoptera","Apidae"
"Bombus","Bombus sp1 M PL 057","Hymenoptera","Apidae"
"Bombus","Bombus fulvida","Hymenoptera","Apidae"
"Bombus","Bombus terricola","Hymenoptera","Apidae"
"Bombus","Bombus appositus","Hymenoptera","Apidae"
"Bombus","Bombus vagans","Hymenoptera","Apidae"
"Bombus","Bombus beaticola","Hymenoptera","Apidae"
"Bombus","Bombus hypocrita","Hymenoptera","Apidae"
"Bombus","Bombus auricomus","Hymenoptera","Apidae"
"Bombus","Bombus muscorum","Hymenoptera","Apidae"
"Bombus","Bombus hypocrita hypocrita","Hymenoptera","Apidae"
"Bombus","Bombus pascuorum","Hymenoptera","Apidae"
"Bombus","Bombus sp1 M PL 047","Hymenoptera","Apidae"
"Bombus","Bombus griseocollis","Hymenoptera","Apidae"
"Bombus","Bombus perplexus","Hymenoptera","Apidae"
"Bombus","Bombus sp1 M PL 020","Hymenoptera","Apidae"
"Bombus","Bombus sp2 M PL 047","Hymenoptera","Apidae"
"Bombus","Bombus terrestris","Hymenoptera","Apidae"
"Bombus","Bombus morio","Hymenoptera","Apidae"
"Bombus","Bombus lucorum","Hymenoptera","Apidae"
"Bombus","Bombus lapidarius","Hymenoptera","Apidae"
"Bombus","Bombus sp1 M PL 010","Hymenoptera","Apidae"
"Bombus","Bombus fervidus","Hymenoptera","Apidae"
"Bombus","Bombus argillaceus","Hymenoptera","Apidae"
"Bombus","Bombus alpinus","Hymenoptera","Apidae"
"Bombus","Bombus ternarius","Hymenoptera","Apidae"
"Bombus","Bombus campestris","Hymenoptera","Apidae"
"Bombus","Bombus sp1 M PL 036","Hymenoptera","Apidae"
"Bombus","Bombus flavifrons","Hymenoptera","Apidae"
"Bombus","Bombus hypnorum","Hymenoptera","Apidae"
"Bombus","Bombus americanorum","Hymenoptera","Apidae"
"Bombyliidae","Bombyliidae sp1 M PL 072",NA,NA
"Bombyliidae","Bombyliidae sp2 M PL 072",NA,NA
"Bombylius","Bombylius major","Diptera","Bombyliidae"
"Bombylius","Bombylius medius","Diptera","Bombyliidae"
"Bombylius","Bombylius discolor","Diptera","Bombyliidae"
"Bombylius","Bombylius azaleae","Diptera","Bombyliidae"
"Bombylius","Bombylius canescens","Diptera","Bombyliidae"
"Bombylius","Bombylius vulpinus","Diptera","Bombyliidae"
"Bombylius","Bombylius sp2 M PL 015","Diptera","Bombyliidae"
"Bombylius","Bombylius sp1 M PL 015","Diptera","Bombyliidae"
"Bombylius","Bombylius undatus","Diptera","Bombyliidae"
"Bombylius","Bombylius pigmaeus","Diptera","Bombyliidae"
"Bombylius","Bombylius argentifrons","Diptera","Bombyliidae"
"Bombylius","Bombylius fuliginosus","Diptera","Bombyliidae"
"Bombylius","Bombylius cinerascens","Diptera","Bombyliidae"
"Bombylius","Bombylius atriceps","Diptera","Bombyliidae"
"Bombylius","Bombylius breviusculum","Diptera","Bombyliidae"
"Bombylius","Bombylius pulchellus","Diptera","Bombyliidae"
"Bombylius","Bombylius fulvescens","Diptera","Bombyliidae"
"Bombylius","Bombylius sp1 M PL 016","Diptera","Bombyliidae"
"Bombylius","Bombylius ater","Diptera","Bombyliidae"
"Bombyllidae","Bombyllidae ni",NA,NA
"Bombylliidae","Bombylliidae ni",NA,NA
"Bombylus","Bombylus major",NA,NA
"Borbo","Borbo borbonica","Lepidoptera","Hesperiidae"
"Borboresthes","Borboresthes sauteri oshimana","Coleoptera","Tenebrionidae"
"Borborus","Borborus equinus",NA,NA
"Boreellus","Boreellus atriceps",NA,NA
"Bornbus","Bornbus beaticola",NA,NA
"Bornbus","Bornbus consobrinus",NA,NA
"Botanophila","Botanophila bidens","Diptera","Anthomyiidae"
"Bothrogonia","Bothrogonia japonica","Hemiptera","Cicadellidae"
"Bothrophora","Bothrophora lupina","Diptera","Tachinidae"
"Brachicoma","Brachicoma devia","Diptera","Sarcophagidae"
"Brachycoma","Brachycoma intermedia",NA,NA
"Brachycoma","Brachycoma sarcophagina",NA,NA
"Brachygastra","Brachygastra lecheguana","Hymenoptera","Vespidae"
"Brachygastra","Brachygastra lechiguana","Hymenoptera","Vespidae"
"Brachyloma","Brachyloma curtum",NA,NA
"Brachymeria","Brachymeria fiskei","Hymenoptera","Chalcididae"
"Brachymyrmex","Brachymyrmex sp1 M PL 067","Hymenoptera","Formicidae"
"Brachymyrmex","Brachymyrmex sp1 M PL 066","Hymenoptera","Formicidae"
"Brachymyrmex","Brachymyrmex sp1 M PL 068","Hymenoptera","Formicidae"
"Brachymyrmex","Brachymyrmex sp1 M PL 082","Hymenoptera","Formicidae"
"Brachymyrmex","Brachymyrmex sp1 M PL 060","Hymenoptera","Formicidae"
"Brachymyrmex","Brachymyrmex sp1 M PL 070","Hymenoptera","Formicidae"
"Brachymyrmex","Brachymyrmex sp1 M PL 080","Hymenoptera","Formicidae"
"Brachymyrmex","Brachymyrmex sp1 M PL 074","Hymenoptera","Formicidae"
"Brachymyrmex","Brachymyrmex sp2 M PL 065","Hymenoptera","Formicidae"
"Brachymyrmex","Brachymyrmex sp1 M PL 069","Hymenoptera","Formicidae"
"Brachymyrmex","Brachymyrmex sp1 M PL 064","Hymenoptera","Formicidae"
"Brachymyrmex","Brachymyrmex sp","Hymenoptera","Formicidae"
"Brachymyrmex","Brachymyrmex sp1 M PL 062","Hymenoptera","Formicidae"
"Brachymyrmex","Brachymyrmex sp1 M PL 063","Hymenoptera","Formicidae"
"Brachymyrmex","Brachymyrmex sp1 M PL 081","Hymenoptera","Formicidae"
"Brachymyrmex","Brachymyrmex sp1 M PL 075","Hymenoptera","Formicidae"
"Brachymyrmex","Brachymyrmex sp1 M PL 077","Hymenoptera","Formicidae"
"Brachymyrmex","Brachymyrmex sp1 M PL 083","Hymenoptera","Formicidae"
"Brachymyrmex","Brachymyrmex sp1 M PL 073","Hymenoptera","Formicidae"
"Brachymyrmex","Brachymyrmex sp1 M PL 061","Hymenoptera","Formicidae"
"Brachymyrmex","Brachymyrmex sp1 M PL 079","Hymenoptera","Formicidae"
"Brachymyrmex","Brachymyrmex sp1 M PL 076","Hymenoptera","Formicidae"
"Brachyodynerus","Brachyodynerus quadrimaculatus","Hymenoptera","Eumenidae"
"Brachyopa","Brachyopa notata","Diptera","Syrphidae"
"Brachyopa","Brachyopa bicolor","Diptera","Syrphidae"
"Brachypalpus","Brachypalpus rileyi","Diptera","Syrphidae"
"Brachypalpus","Brachypalpus frontosus","Diptera","Syrphidae"
"Brachypogon","Brachypogon sp1 M PL 010","Diptera","Ceratopogonidae"
"Brachypterus","Brachypterus sp1 M PL 012","Coleoptera","Curculionidae"
"Brachystoma","Brachystoma robertsonii","Diptera","Brachystomatidae"
"Bracon","Bracon vulgaris","Hymenoptera","Braconidae"
"Bracon","Bracon trifolii","Hymenoptera","Braconidae"
"Bracon","Bracon helena","Hymenoptera","Braconidae"
"Bracon","Bracon simplex","Hymenoptera","Braconidae"
"Bracon","Bracon longicauda","Hymenoptera","Braconidae"
"Bracon","Bracon vernoniae","Hymenoptera","Braconidae"
"Braconidae","Braconidae sp1 M PL 072",NA,NA
"Braconinae","Braconinae sp1 M PL 072",NA,NA
"Bradysia","Bradysia giraudi","Diptera","Sciaridae"
"Bradysia","Bradysia sp1 M PL 014","Diptera","Sciaridae"
"Bradysia","Bradysia sp1 M PL 009","Diptera","Sciaridae"
"Bradysia","Bradysia sp2 M PL 009","Diptera","Sciaridae"
"Bradysia","Bradysia sp3 M PL 009","Diptera","Sciaridae"
"Bradysia","Bradysia sp1 M PL 010","Diptera","Sciaridae"
"Brenthis","Brenthis triclaris","Lepidoptera","Nymphalidae"
"Brenthis","Brenthis helena","Lepidoptera","Nymphalidae"
"Brevicoryne","Brevicoryne arctica","Hemiptera","Aphididae"
"Brontaea","Brontaea sp1 M PL 055","Diptera","Muscidae"
"Bruchidius","Bruchidius wollastoni","Coleoptera","Chrysomelidae"
"Bruchidius","Bruchidius urbanus","Coleoptera","Chrysomelidae"
"Bruchidius","Bruchidius dorsalis","Coleoptera","Chrysomelidae"
"Bruchophagus","Bruchophagus funebris","Hymenoptera","Eurytomidae"
"Bruchus","Bruchus tibialis","Coleoptera","Chrysomelidae"
"Bruchus","Bruchus biguttatus","Coleoptera","Chrysomelidae"
"Bruchus","Bruchus minus","Coleoptera","Chrysomelidae"
"Bruchus","Bruchus bivulneratus","Coleoptera","Chrysomelidae"
"Bruchus","Bruchus sp2 M PL 015","Coleoptera","Chrysomelidae"
"Bruchus","Bruchus hibisci","Coleoptera","Chrysomelidae"
"Bruchus","Bruchus discoideus","Coleoptera","Chrysomelidae"
"Bruchus","Bruchus sp3 M PL 015","Coleoptera","Chrysomelidae"
"Bruchus","Bruchus sp1 M PL 015","Coleoptera","Chrysomelidae"
"Bruchus","Bruchus holosericeus","Coleoptera","Chrysomelidae"
"Bruchus","Bruchus obtectus","Coleoptera","Chrysomelidae"
"Bruchus","Bruchus obsoletus","Coleoptera","Chrysomelidae"
"Bryobia","Bryobia praetiosa","Trombidiformes","Tetranychidae"
"Byasa","Byasa alcinous","Lepidoptera","Papilionidae"
"Byasa","Byasa alcinous loochooana","Lepidoptera","Papilionidae"
"Byctiscus","Byctiscus puberulus","Coleoptera","Attelabidae"
"Byturus","Byturus sp2 M PL 053","Coleoptera","Byturidae"
"Byturus","Byturus affinis","Coleoptera","Byturidae"
"Byturus","Byturus atricollis","Coleoptera","Byturidae"
"Byturus","Byturus ohtai","Coleoptera","Byturidae"
"Byturus","Byturus aestivus","Coleoptera","Byturidae"
"Byturus","Byturus sp1 M PL 053","Coleoptera","Byturidae"
"Byturus","Byturus sp1 M PL 056","Coleoptera","Byturidae"
"Cadeguala","Cadeguala occipitalis","Hymenoptera","Colletidae"
"Cadeguala","Cadeguala albopilosa","Hymenoptera","Colletidae"
"Cadeguala","Cadeguala occidentalis","Hymenoptera","Colletidae"
"Caeciliidae","Caeciliidae sp20 M PL 044",NA,NA
"Caecilius","Caecilius oyamai","Psocodea","Caeciliusidae"
"Caenohalictus","Caenohalictus movilicornis","Hymenoptera","Halictidae"
"Caenohalictus","Caenohalictus sp","Hymenoptera","Halictidae"
"Caenohalictus","Caenohalictus sp1 M PL 023","Hymenoptera","Halictidae"
"Caenohalictus","Caenohalictus sp2 M PL 051","Hymenoptera","Halictidae"
"Caenohalictus","Caenohalictus sp2 M PL 023","Hymenoptera","Halictidae"
"Caenohalictus","Caenohalictus sp1 M PL 051","Hymenoptera","Halictidae"
"Caenohalictus","Caenohalictus sp3","Hymenoptera","Halictidae"
"Caenohalictus","Caenohalictus sp2","Hymenoptera","Halictidae"
"Calameuta","Calameuta pallipes","Hymenoptera","Cephidae"
"Calameuta","Calameuta filiformis","Hymenoptera","Cephidae"
"Calcager","Calcager apertum","Diptera","Tachinidae"
"Calcager","Calcager nudum","Diptera","Tachinidae"
"Calcidoidae","Calcidoidae sp1 M PL 064",NA,NA
"Calicopis","Calicopis sp1 M PL 031",NA,NA
"Callida","Callida punctata",NA,NA
"Callideriphus","Callideriphus laetus","Coleoptera","Cerambycidae"
"Callimerus","Callimerus ryukyuensis","Coleoptera","Cleridae"
"Callimorpha","Callimorpha fulvicosta","Lepidoptera","Erebidae"
"Callimoxys","Callimoxys sanguinicollis","Coleoptera","Cerambycidae"
"Calliopsis","Calliopsis coloradensis","Hymenoptera","Andrenidae"
"Calliopsis","Calliopsis andreniformis","Hymenoptera","Andrenidae"
"Calliopum","Calliopum aeneum","Diptera","Lauxaniidae"
"Calliphora","Calliphora hilli","Diptera","Calliphoridae"
"Calliphora","Calliphora lata","Diptera","Calliphoridae"
"Calliphora","Calliphora sp1 M PL 019","Diptera","Calliphoridae"
"Calliphora","Calliphora quadrimaculata","Diptera","Calliphoridae"
"Calliphora","Calliphora stygia","Diptera","Calliphoridae"
"Calliphora","Calliphora vicina","Diptera","Calliphoridae"
"Calliphora","Calliphora icela","Diptera","Calliphoridae"
"Calliphora","Calliphora fulvicoxa","Diptera","Calliphoridae"
"Calliphora","Calliphora vemitoria","Diptera","Calliphoridae"
"Calliphora","Calliphora erythrocephala","Diptera","Calliphoridae"
"Calliphora","Calliphora quadrimaculata 1","Diptera","Calliphoridae"
"Calliphora","Calliphora sp1 M PL 036","Diptera","Calliphoridae"
"Calliphora","Calliphora sp2 M PL 056","Diptera","Calliphoridae"
"Calliphora","Calliphora sp3 M PL 019","Diptera","Calliphoridae"
"Calliphora","Calliphora sp1 M PL 056","Diptera","Calliphoridae"
"Calliphora","Calliphora vomitoria","Diptera","Calliphoridae"
"Calliphora","Calliphora sp2 M PL 019","Diptera","Calliphoridae"
"Calliphoridae","Calliphoridae sp1 M PL 020",NA,NA
"Calliphoridae","Calliphoridae sp1 M PL 022",NA,NA
"Callonychium","Callonychium mandibulare","Hymenoptera","Andrenidae"
"Callophrys","Callophrys rubi","Lepidoptera","Lycaenidae"
"Callosobruchus","Callosobruchus chinensis","Coleoptera","Chrysomelidae"
"Calocoris","Calocoris angularis","Hemiptera","Miridae"
"Calocoris","Calocoris sexguttatus","Hemiptera","Miridae"
"Calocoris","Calocoris norvegicus","Hemiptera","Miridae"
"Calocoris","Calocoris bipunctatus","Hemiptera","Miridae"
"Calocoris","Calocoris nemoralis","Hemiptera","Miridae"
"Calocoris","Calocoris rapidus","Hemiptera","Miridae"
"Calocoris","Calocoris sp1 M PL 015","Hemiptera","Miridae"
"Calocoris","Calocoris cinctipes","Hemiptera","Miridae"
"Calocoris","Calocoris histrio","Hemiptera","Miridae"
"Calomicrus","Calomicrus sp1 M PL 055","Coleoptera","Chrysomelidae"
"Calopsilia","Calopsilia florella",NA,NA
"Calopsilia","Calopsilia florella Fabricius",NA,NA
"Calopteron","Calopteron reticulatum","Coleoptera","Lycidae"
"Caloptilia","Caloptilia sp1 M PL 044","Lepidoptera","Gracillariidae"
"Calythea","Calythea albicincta","Diptera","Anthomyiidae"
"Campiglossa","Campiglossa hirayamae","Diptera","Tephritidae"
"Camponotus","Camponotus sp1 M PL 072","Hymenoptera","Formicidae"
"Camponotus","Camponotus subdepilis","Hymenoptera","Formicidae"
"Camponotus","Camponotus sicheli","Hymenoptera","Formicidae"
"Camponotus","Camponotus hannani","Hymenoptera","Formicidae"
"Camponotus","Camponotus rufoglaucus","Hymenoptera","Formicidae"
"Camponotus","Camponotus aethiops","Hymenoptera","Formicidae"
"Camponotus","Camponotus planus","Hymenoptera","Formicidae"
"Camponotus","Camponotus sp1 M PL 051","Hymenoptera","Formicidae"
"Camponotus","Camponotus japonicus","Hymenoptera","Formicidae"
"Camponotus","Camponotus kiusiuensis","Hymenoptera","Formicidae"
"Camponotus","Camponotus lateralis","Hymenoptera","Formicidae"
"Camponotus","Camponotus obscripes","Hymenoptera","Formicidae"
"Camponotus","Camponotus nipponensis","Hymenoptera","Formicidae"
"Campopleginae","Campopleginae sp1 M PL 065","Hymenoptera","Ichneumonidae"
"Campopleginae","Campopleginae sp1 M PL 076","Hymenoptera","Ichneumonidae"
"Campopleginae","Campopleginae sp1","Hymenoptera","Ichneumonidae"
"Campsomeriella","Campsomeriella annulata","Hymenoptera","Scoliidae"
"Campsomeris","Campsomeris sp1 M PL 031","Hymenoptera","Scoliidae"
"Campsomeris","Campsomeris dorsata","Hymenoptera","Scoliidae"
"Campsomeris","Campsomeris confluenta","Hymenoptera","Scoliidae"
"Campsomeris","Campsomeris bistrimacula","Hymenoptera","Scoliidae"
"Campsomeris","Campsomeris prismatica","Hymenoptera","Scoliidae"
"Campsomeris","Campsomeris grossa matsumurai","Hymenoptera","Scoliidae"
"Campsomeris","Campsomeris testaceipes","Hymenoptera","Scoliidae"
"Campsomeris","Campsomeris primatica","Hymenoptera","Scoliidae"
"Campsomeris","Campsomeris sp2 M PL 072","Hymenoptera","Scoliidae"
"Campsomeris","Campsomeris grossa","Hymenoptera","Scoliidae"
"Campsomeris","Campsomeris annulata","Hymenoptera","Scoliidae"
"Camptomastix","Camptomastix hisbonalis","Lepidoptera","Crambidae"
"Camptoneura","Camptoneura picta",NA,NA
"Campylia","Campylia nudarum","Diptera","Tachinidae"
"Campylomma","Campylomma lividicornis","Hemiptera","Miridae"
"Cantharidae","Cantharidae sp1 M PL 072",NA,NA
"Cantharidae","Cantharidae sp2 M PL 072",NA,NA
"Cantharis","Cantharis sp1 M PL 004","Coleoptera","Cantharidae"
"Canthophorus","Canthophorus cinctus","Hemiptera","Cydnidae"
"Carbula","Carbula humerigera","Hemiptera","Pentatomidae"
"Carceris","Carceris robertsonii",NA,NA
"Carcharodus","Carcharodus alceae","Lepidoptera","Hesperiidae"
"Cardiocondyla","Cardiocondyla nuda","Hymenoptera","Formicidae"
"Cardiophorus","Cardiophorus bipunctatus","Coleoptera","Elateridae"
"Carduelis","Carduelis barbatus",NA,NA
"Carinosolia","Carinosolia melanosoma fascinata",NA,NA
"Carmenta","Carmenta pyralidiformis","Lepidoptera","Sesiidae"
"Carneades","Carneades velleripennis","Coleoptera","Cerambycidae"
"Carpelimus","Carpelimus siamensis","Coleoptera","Staphylinidae"
"Carpelius","Carpelius exigussp",NA,NA
"Carpocoris","Carpocoris pudicus","Hemiptera","Pentatomidae"
"Carpocoris","Carpocoris mediterraneus","Hemiptera","Pentatomidae"
"Carpophilus","Carpophilus chalybeus","Coleoptera","Nitidulidae"
"Carpophilus","Carpophilus tenuis","Coleoptera","Nitidulidae"
"Carposcalis","Carposcalis punctulata","Diptera","Syrphidae"
"Carposcalis","Carposcalis carinata","Diptera","Syrphidae"
"Carposcalis","Carposcalis obscura","Diptera","Syrphidae"
"Carposcalis","Carposcalis confusus","Diptera","Syrphidae"
"Carposcalis","Carposcalis saltana","Diptera","Syrphidae"
"Cassida","Cassida circumdata","Coleoptera","Chrysomelidae"
"Cassida","Cassida rubiginosaidalis","Coleoptera","Chrysomelidae"
"Cataglyphis","Cataglyphis viatica","Hymenoptera","Formicidae"
"Cateres","Cateres pennatus",NA,NA
"Cateretes","Cateretes pedicularius",NA,NA
"Catopsitia","Catopsitia pomona",NA,NA
"Catoptria","Catoptria permiaca","Lepidoptera","Crambidae"
"Caupolicana","Caupolicana dimidiata","Hymenoptera","Colletidae"
"Cautires","Cautires bourgeoisi","Coleoptera","Lycidae"
"Cecidophyes","Cecidophyes sp1 M PL 020","Trombidiformes","Eriophyidae"
"Celastrina","Celastrina argiolus","Lepidoptera","Lycaenidae"
"Celastrina","Celastrina argiolus ladonides","Lepidoptera","Lycaenidae"
"Celatoria","Celatoria diabroticae","Diptera","Tachinidae"
"Celerio","Celerio lineata",NA,NA
"Celonites","Celonites cyprius smyrnensis","Hymenoptera","Masaridae"
"Celonites","Celonites abbreviatus","Hymenoptera","Masaridae"
"Cemolobus","Cemolobus ipomoeae","Hymenoptera","Apidae"
"Cemolobus","Cemolobus oligolege","Hymenoptera","Apidae"
"Cemonus","Cemonus inornatus",NA,NA
"Cenis","Cenis uhleri",NA,NA
"Centrias","Centrias erigerontis",NA,NA
"Centrinites","Centrinites strigicollis","Coleoptera","Curculionidae"
"Centrinus","Centrinus picumnus","Coleoptera","Curculionidae"
"Centrinus","Centrinus scutellum album","Coleoptera","Curculionidae"
"Centrinus","Centrinus perscillus","Coleoptera","Curculionidae"
"Centris","Centris caxiensis","Hymenoptera","Apidae"
"Centris","Centris sp2 M PL 040","Hymenoptera","Apidae"
"Centris","Centris cana","Hymenoptera","Apidae"
"Centris","Centris nigerrima","Hymenoptera","Apidae"
"Centris","Centris cineraria","Hymenoptera","Apidae"
"Centris","Centris sp","Hymenoptera","Apidae"
"Centris","Centris fuscata","Hymenoptera","Apidae"
"Centris","Centris sp2 M PL 059","Hymenoptera","Apidae"
"Centris","Centris muralis","Hymenoptera","Apidae"
"Centris","Centris trigonoides","Hymenoptera","Apidae"
"Centris","Centris flavifrons","Hymenoptera","Apidae"
"Centris","Centris sp1 M PL 023","Hymenoptera","Apidae"
"Centris","Centris sp1 M PL 059","Hymenoptera","Apidae"
"Centris","Centris sp1 M PL 040","Hymenoptera","Apidae"
"Centris","Centris sp1 M PL 035","Hymenoptera","Apidae"
"Centris","Centris tarsata","Hymenoptera","Apidae"
"Centris","Centris obsoleta","Hymenoptera","Apidae"
"Centris","Centris aenea","Hymenoptera","Apidae"
"Centris","Centris dirrhoda","Hymenoptera","Apidae"
"Cephalochrysa","Cephalochrysa sp1 M PL 044","Diptera","Stratiomyidae"
"Cephalodromia","Cephalodromia sp1 M PL 008","Diptera","Mythicomyiidae"
"Cephaloon","Cephaloon pallensa","Coleoptera","Stenotrachelidae"
"Cephalops","Cephalops obtusinervis","Diptera","Pipunculidae"
"Cephenius","Cephenius nitobei","Diptera","Bombyliidae"
"Cephenius","Cephenius sp1 M PL 021","Diptera","Bombyliidae"
"Cephidae","Cephidae sp1 M PL 015",NA,NA
"Cephonodes","Cephonodes trochilus","Lepidoptera","Sphingidae"
"Cephus","Cephus pygmaeus","Hymenoptera","Cephidae"
"Cerambycidae","Cerambycidae sp1",NA,NA
"Cerambycidae","Cerambycidae sp1 M PL 065",NA,NA
"Cerambycidae","Cerambycidae sp1 M PL 066",NA,NA
"Cerambycidae","Cerambycidae sp1 M PL 068",NA,NA
"Cerambycidae","Cerambycidae sp1 M PL 077",NA,NA
"Cerambycidae","Cerambycidae sp1 M PL 078",NA,NA
"Cerambycidae","Cerambycidae sp2",NA,NA
"Cerambycidae","Cerambycidae sp2 M PL 075",NA,NA
"Cerambycidae","Cerambycidae sp3",NA,NA
"Cerambycidae","Cerambycidae sp1 M PL 075",NA,NA
"Cerastomia","Cerastomia lignaria",NA,NA
"Ceratina","Ceratina loewi","Hymenoptera","Apidae"
"Ceratina","Ceratina rupestris","Hymenoptera","Apidae"
"Ceratina","Ceratina japonica","Hymenoptera","Apidae"
"Ceratina","Ceratina sp1 M PL 005","Hymenoptera","Apidae"
"Ceratina","Ceratina dupla","Hymenoptera","Apidae"
"Ceratina","Ceratina dallatorreana","Hymenoptera","Apidae"
"Ceratina","Ceratina flavipes","Hymenoptera","Apidae"
"Ceratina","Ceratina sp1 M PL 030","Hymenoptera","Apidae"
"Ceratina","Ceratina sp1 M PL 031","Hymenoptera","Apidae"
"Ceratina","Ceratina megastigmata","Hymenoptera","Apidae"
"Ceratina","Ceratina iwatai","Hymenoptera","Apidae"
"Ceratina","Ceratina bispinosa","Hymenoptera","Apidae"
"Ceratina","Ceratina nigra","Hymenoptera","Apidae"
"Ceratina","Ceratina esakii","Hymenoptera","Apidae"
"Ceratina","Ceratina cyanea","Hymenoptera","Apidae"
"Ceratina","Ceratina strenua","Hymenoptera","Apidae"
"Ceratina","Ceratina cucurbitina","Hymenoptera","Apidae"
"Ceratina","Ceratina nigrolabiata","Hymenoptera","Apidae"
"Ceratina","Ceratina mocsaryi","Hymenoptera","Apidae"
"Ceratina","Ceratina sp1 M PL 057","Hymenoptera","Apidae"
"Ceratina","Ceratina sp1M PL 073","Hymenoptera","Apidae"
"Ceratina","Ceratina acuta","Hymenoptera","Apidae"
"Ceratina","Ceratina dentiventris","Hymenoptera","Apidae"
"Ceratina","Ceratina metallica","Hymenoptera","Apidae"
"Ceratina","Ceratina parvula","Hymenoptera","Apidae"
"Ceratina","Ceratina montana","Hymenoptera","Apidae"
"Ceratina","Ceratina calcarata","Hymenoptera","Apidae"
"Ceratina","Ceratina satoi","Hymenoptera","Apidae"
"Ceratina","Ceratina okinawana","Hymenoptera","Apidae"
"Ceratina","Ceratina tabescens","Hymenoptera","Apidae"
"Ceratitis","Ceratitis roas","Diptera","Tephritidae"
"Ceratitis","Ceratitis roas Karsch","Diptera","Tephritidae"
"Ceratoma","Ceratoma caminea",NA,NA
"Ceratomyiella","Ceratomyiella conica",NA,NA
"Ceratopogon","Ceratopogon fusculus","Diptera","Ceratopogonidae"
"Ceratopogon","Ceratopogon websteri","Diptera","Ceratopogonidae"
"Ceratopogon","Ceratopogon sp2 M PL 020","Diptera","Ceratopogonidae"
"Ceratopogon","Ceratopogon sp1 M PL 020","Diptera","Ceratopogonidae"
"Ceratosmia","Ceratosmia lignaria",NA,NA
"Ceratosoma","Ceratosoma fasciata",NA,NA
"Cerceris","Cerceris yuwanensis","Hymenoptera","Crabronidae"
"Cerceris","Cerceris eryngii","Hymenoptera","Crabronidae"
"Cerceris","Cerceris japonica","Hymenoptera","Crabronidae"
"Cerceris","Cerceris frontata","Hymenoptera","Crabronidae"
"Cerceris","Cerceris fumipennis","Hymenoptera","Crabronidae"
"Cerceris","Cerceris insolita","Hymenoptera","Crabronidae"
"Cerceris","Cerceris compar","Hymenoptera","Crabronidae"
"Cerceris","Cerceris hortivaga","Hymenoptera","Crabronidae"
"Cerceris","Cerceris rybyensis","Hymenoptera","Crabronidae"
"Cerceris","Cerceris carinalis","Hymenoptera","Crabronidae"
"Cerceris","Cerceris rufinoda","Hymenoptera","Crabronidae"
"Cerceris","Cerceris flavicornis","Hymenoptera","Crabronidae"
"Cerceris","Cerceris fulvipes","Hymenoptera","Crabronidae"
"Cerceris","Cerceris rybiensis","Hymenoptera","Crabronidae"
"Cerceris","Cerceris prominens","Hymenoptera","Crabronidae"
"Cerceris","Cerceris robertsonii","Hymenoptera","Crabronidae"
"Cerceris","Cerceris sabulosa","Hymenoptera","Crabronidae"
"Cerceris","Cerceris albofasciata","Hymenoptera","Crabronidae"
"Cerceris","Cerceris sp1 M PL 030","Hymenoptera","Crabronidae"
"Cerceris","Cerceris arenaria","Hymenoptera","Crabronidae"
"Cerceris","Cerceris raui","Hymenoptera","Crabronidae"
"Cerceris","Cerceris sp1 M PL 058","Hymenoptera","Crabronidae"
"Cerceris","Cerceris kennicottii","Hymenoptera","Crabronidae"
"Cerceris","Cerceris clypeata","Hymenoptera","Crabronidae"
"Cerciris","Cerciris sp1 M PL 031",NA,NA
"Cercyonis","Cercyonis alope","Lepidoptera","Nymphalidae"
"Ceria","Ceria abbreviata","Diptera","Syrphidae"
"Cerioides","Cerioides conopoides",NA,NA
"Cerocala","Cerocala scapulosa","Lepidoptera","Erebidae"
"Cerogia","Cerogia notabilis",NA,NA
"Ceropales","Ceropales fraterna","Hymenoptera","Pompilidae"
"Ceropales","Ceropales fulvipes","Hymenoptera","Pompilidae"
"Ceropales","Ceropales bipunctata","Hymenoptera","Pompilidae"
"Ceropales","Ceropales robinsonii","Hymenoptera","Pompilidae"
"Cersium","Cersium fuscum",NA,NA
"Cetonia","Cetonia aurata","Coleoptera","Scarabaeidae"
"Ceuthorrhynchus","Ceuthorrhynchus pollinarius Forster","Coleoptera","Curculionidae"
"Ceuthorrhynchus","Ceuthorrhynchus assimilis","Coleoptera","Curculionidae"
"Ceuthorrhynchus","Ceuthorrhynchus pollinarius","Coleoptera","Curculionidae"
"Ceutorrhynchus","Ceutorrhynchus rugulosus","Coleoptera","Curculionidae"
"Chaerocampa","Chaerocampa tersa",NA,NA
"Chaetocnema","Chaetocnema sp1 M PL 066","Coleoptera","Chrysomelidae"
"Chaetocnema","Chaetocnema sp1 M PL 068","Coleoptera","Chrysomelidae"
"Chaetocnema","Chaetocnema sp1 M PL 064","Coleoptera","Chrysomelidae"
"Chaetocnema","Chaetocnema sp1 M PL 063","Coleoptera","Chrysomelidae"
"Chaetocnema","Chaetocnema sp1 M PL 083","Coleoptera","Chrysomelidae"
"Chaetocnema","Chaetocnema sp1 M PL 081","Coleoptera","Chrysomelidae"
"Chaetocnema","Chaetocnema sp1 M PL 075","Coleoptera","Chrysomelidae"
"Chaetocnema","Chaetocnema sp1 M PL 082","Coleoptera","Chrysomelidae"
"Chaetocnema","Chaetocnema sp1 M PL 076","Coleoptera","Chrysomelidae"
"Chaetocnema","Chaetocnema sp1 M PL 062","Coleoptera","Chrysomelidae"
"Chaetocnema","Chaetocnema sp1","Coleoptera","Chrysomelidae"
"Chaetocnema","Chaetocnema sp1 M PL 060","Coleoptera","Chrysomelidae"
"Chaetocnema","Chaetocnema sp2 M PL 065","Coleoptera","Chrysomelidae"
"Chaetocnema","Chaetocnema sp1 M PL 070","Coleoptera","Chrysomelidae"
"Chaetocnema","Chaetocnema sp1 M PL 061","Coleoptera","Chrysomelidae"
"Chaetocnema","Chaetocnema sp1 M PL 074","Coleoptera","Chrysomelidae"
"Chaetocnema","Chaetocnema sp1 M PL 077","Coleoptera","Chrysomelidae"
"Chaetocnema","Chaetocnema sp1 M PL 073","Coleoptera","Chrysomelidae"
"Chaetocnema","Chaetocnema sp1 M PL 080","Coleoptera","Chrysomelidae"
"Chaetocnema","Chaetocnema sp1 M PL 078","Coleoptera","Chrysomelidae"
"Chaetocnema","Chaetocnema sp1 M PL 079","Coleoptera","Chrysomelidae"
"Chaetocnema","Chaetocnema bicolorata","Coleoptera","Chrysomelidae"
"Chaetocnema","Chaetocnema sp1 M PL 072","Coleoptera","Chrysomelidae"
"Chaetodemoticus","Chaetodemoticus chilensis","Diptera","Tachinidae"
"Chaetogaedia","Chaetogaedia analis","Diptera","Tachinidae"
"Chaetophleps","Chaetophleps setosa",NA,NA
"Chaetophthalamus","Chaetophthalamus dorsalis",NA,NA
"Chalcidae","Chalcidae sp1 M PL 020",NA,NA
"Chalcidoidea","Chalcidoidea sp1 M PL 072",NA,NA
"Chalcidoidea","Chalcidoidea sp2 M PL 072",NA,NA
"Chalcidoma","Chalcidoma disjunctum",NA,NA
"Chalcis","Chalcis flavipes","Hymenoptera","Chalcididae"
"Chalcomyia","Chalcomyia aerea",NA,NA
"Chalcosyrphus","Chalcosyrphus inarmatus","Diptera","Syrphidae"
"Chalcosyrphus","Chalcosyrphus annulipes","Diptera","Syrphidae"
"Chalcosyrphus","Chalcosyrphus memorum","Diptera","Syrphidae"
"Chalcosyrphus","Chalcosyrphus curvarius","Diptera","Syrphidae"
"Chalcosyrphus","Chalcosyrphus nigra","Diptera","Syrphidae"
"Chalepogenus","Chalepogenus goeldianus","Hymenoptera","Apidae"
"Chalepogenus","Chalepogenus caeruleus","Hymenoptera","Apidae"
"Chalicodoma","Chalicodoma sculpturalis","Hymenoptera","Megachilidae"
"Chalicodoma","Chalicodoma sp1 M PL 054","Hymenoptera","Megachilidae"
"Chalicodoma","Chalicodoma disjunctiformis","Hymenoptera","Megachilidae"
"Chalybion","Chalybion caeruleum","Hymenoptera","Sphecidae"
"Chalybion","Chalybion omissum","Hymenoptera","Sphecidae"
"Chamaepsila","Chamaepsila morio","Diptera","Psilidae"
"Chamaesyrphus","Chamaesyrphus sp1 M PL 015","Diptera","Syrphidae"
"Charidryas","Charidryas nycteis",NA,NA
"Charitovalgus","Charitovalgus laetus","Coleoptera","Scarabaeidae"
"Chasmatopterus","Chasmatopterus sp1 M PL 016","Coleoptera","Scarabaeidae"
"Chatanys","Chatanys insularis istoi",NA,NA
"Chaticodoma","Chaticodoma sculpturalis",NA,NA
"Chauliognathus","Chauliognathus scriptus","Coleoptera","Cantharidae"
"Chauliognathus","Chauliognathus sp1 M PL 034","Coleoptera","Cantharidae"
"Chauliognathus","Chauliognathus sp2 M PL 072","Coleoptera","Cantharidae"
"Cheilosia","Cheilosia sp4 M PL 056","Diptera","Syrphidae"
"Cheilosia","Cheilosia sp4 M PL 057","Diptera","Syrphidae"
"Cheilosia","Cheilosia sp1 M PL 029","Diptera","Syrphidae"
"Cheilosia","Cheilosia sp1 M PL 044","Diptera","Syrphidae"
"Cheilosia","Cheilosia sp5 M PL 053","Diptera","Syrphidae"
"Cheilosia","Cheilosia sp11 M PL 056","Diptera","Syrphidae"
"Cheilosia","Cheilosia sp1 M PL 021","Diptera","Syrphidae"
"Cheilosia","Cheilosia slossonae","Diptera","Syrphidae"
"Cheilosia","Cheilosia sp6 M PL 057","Diptera","Syrphidae"
"Cheilosia","Cheilosia sp5 M PL 056","Diptera","Syrphidae"
"Cheilosia","Cheilosia sp1 M PL 057","Diptera","Syrphidae"
"Cheilosia","Cheilosia sp5 M PL 021","Diptera","Syrphidae"
"Cheilosia","Cheilosia pubera","Diptera","Syrphidae"
"Cheilosia","Cheilosia sp6 M PL 021","Diptera","Syrphidae"
"Cheilosia","Cheilosia sp12 M PL 056","Diptera","Syrphidae"
"Cheilosia","Cheilosia sp11 M PL 021","Diptera","Syrphidae"
"Cheilosia","Cheilosia sp1 M PL 053","Diptera","Syrphidae"
"Cheilosia","Cheilosia sp12 M PL 057","Diptera","Syrphidae"
"Cheilosia","Cheilosia nitescens","Diptera","Syrphidae"
"Cheilosia","Cheilosia sp1 M PL 027","Diptera","Syrphidae"
"Cheilosia","Cheilosia sp5 M PL 057","Diptera","Syrphidae"
"Cheilosia","Cheilosia sp4 M PL 021","Diptera","Syrphidae"
"Cheilosia","Cheilosia pallipes","Diptera","Syrphidae"
"Cheilosia","Cheilosia proxima","Diptera","Syrphidae"
"Cheilosia","Cheilosia impressa","Diptera","Syrphidae"
"Cheilosia","Cheilosia sp4 M PL 053","Diptera","Syrphidae"
"Cheilosia","Cheilosia albitarsis","Diptera","Syrphidae"
"Cheilosia","Cheilosia bergenstammi","Diptera","Syrphidae"
"Cheilosia","Cheilosia sp10 M PL 021","Diptera","Syrphidae"
"Cheilosia","Cheilosia sp2 M PL 057","Diptera","Syrphidae"
"Cheilosia","Cheilosia sp10 M PL 057","Diptera","Syrphidae"
"Cheilosia","Cheilosia velutina","Diptera","Syrphidae"
"Cheilosia","Cheilosia sp6 M PL 056","Diptera","Syrphidae"
"Cheilosia","Cheilosia sialia","Diptera","Syrphidae"
"Cheilosia","Cheilosia sp1 M PL 056","Diptera","Syrphidae"
"Cheilosia","Cheilosia sp1 M PL 055","Diptera","Syrphidae"
"Cheilosia","Cheilosia sp3 M PL 056","Diptera","Syrphidae"
"Cheilosia","Cheilosia sp3 M PL 057","Diptera","Syrphidae"
"Cheilosia","Cheilosia sp3 M PL 053","Diptera","Syrphidae"
"Cheilosia","Cheilosia sp15 M PL 056","Diptera","Syrphidae"
"Cheilosia","Cheilosia sp13 M PL 056","Diptera","Syrphidae"
"Cheilosia","Cheilosia sp7 M PL 056","Diptera","Syrphidae"
"Cheilosia","Cheilosia variabilis","Diptera","Syrphidae"
"Cheilosia","Cheilosia sp2 M PL 044","Diptera","Syrphidae"
"Cheilosia","Cheilosia sp10 M PL 056","Diptera","Syrphidae"
"Cheilosia","Cheilosia sp11 M PL 057","Diptera","Syrphidae"
"Cheilosia","Cheilosia omogensis","Diptera","Syrphidae"
"Cheilosia","Cheilosia sp1 M PL 054","Diptera","Syrphidae"
"Cheilosia","Cheilosia pagana","Diptera","Syrphidae"
"Cheilosia","Cheilosia sp17 M PL 056","Diptera","Syrphidae"
"Cheilosia","Cheilosia sp14 M PL 056","Diptera","Syrphidae"
"Cheilosia","Cheilosia sp3 M PL 021","Diptera","Syrphidae"
"Cheilosia","Cheilosia sp9 M PL 057","Diptera","Syrphidae"
"Cheilosia","Cheilosia nigripes","Diptera","Syrphidae"
"Cheilosia","Cheilosia fulvipes","Diptera","Syrphidae"
"Cheilosia","Cheilosia urbana","Diptera","Syrphidae"
"Cheilosia","Cheilosia motodomariensis","Diptera","Syrphidae"
"Cheilosia","Cheilosia sp2 M PL 056","Diptera","Syrphidae"
"Cheilosia","Cheilosia tristis","Diptera","Syrphidae"
"Cheilosia","Cheilosia sp8 M PL 056","Diptera","Syrphidae"
"Cheilosia","Cheilosia sp16 M PL 056","Diptera","Syrphidae"
"Cheilosia","Cheilosia sp8 M PL 057","Diptera","Syrphidae"
"Cheilosia","Cheilosia sp7 M PL 021","Diptera","Syrphidae"
"Cheilosia","Cheilosia sp7 M PL 057","Diptera","Syrphidae"
"Cheilosia","Cheilosia captalis","Diptera","Syrphidae"
"Cheilosia","Cheilosia sp8 M PL 021","Diptera","Syrphidae"
"Cheilosia","Cheilosia sp9 M PL 021","Diptera","Syrphidae"
"Cheilosia","Cheilosia sp2 M PL 053","Diptera","Syrphidae"
"Cheilosia","Cheilosia sp9 M PL 056","Diptera","Syrphidae"
"Cheilosia","Cheilosia sp18 M PL 056","Diptera","Syrphidae"
"Cheilosia","Cheilosia sp2 M PL 021","Diptera","Syrphidae"
"Cheitosia","Cheitosia sp1 M PL 055",NA,NA
"Chelaner","Chelaner antarcticus","Hymenoptera","Formicidae"
"Cheliosia","Cheliosia sp1 M PL 057",NA,NA
"Cheloninae","Cheloninae sp1",NA,NA
"Cheloninae","Cheloninae sp1 M PL 062",NA,NA
"Cheloninae","Cheloninae sp1 M PL 068",NA,NA
"Cheloninae","Cheloninae sp1 M PL 073",NA,NA
"Cheloninae","Cheloninae sp1 M PL 081",NA,NA
"Cheloninae","Cheloninae sp3",NA,NA
"Chelonus","Chelonus sericeus","Hymenoptera","Braconidae"
"Chelonus","Chelonus sp1 M PL 055","Hymenoptera","Braconidae"
"Chelostoma","Chelostoma transversum","Hymenoptera","Megachilidae"
"Chelostoma","Chelostoma hellenicum","Hymenoptera","Megachilidae"
"Chelostoma","Chelostoma campanularum","Hymenoptera","Megachilidae"
"Chelostoma","Chelostoma emarginatum","Hymenoptera","Megachilidae"
"Chelostomoides","Chelostomoides rufimanus",NA,NA
"Chelynia","Chelynia foederalis",NA,NA
"Chenoderus","Chenoderus testaceus","Coleoptera","Cerambycidae"
"Chiagasinus","Chiagasinus vittiger rufomarginatus",NA,NA
"Chilicola","Chilicola sp3 M PL 051","Hymenoptera","Colletidae"
"Chilicola","Chilicola sp2 M PL 051","Hymenoptera","Colletidae"
"Chilicola","Chilicola sp1 M PL 051","Hymenoptera","Colletidae"
"Chilicola","Chilicola sp","Hymenoptera","Colletidae"
"Chilicola","Chilicola sp1 M PL 072","Hymenoptera","Colletidae"
"Chilimelissa","Chilimelissa farellones",NA,NA
"Chilimelissa","Chilimelissa sp",NA,NA
"Chilimelissa","Chilimelissa sp1 M PL 022",NA,NA
"Chilosia","Chilosia capillata",NA,NA
"Chilosia","Chilosia cyanescens",NA,NA
"Chilosia","Chilosia pallipes",NA,NA
"Chilosia","Chilosia petulca",NA,NA
"Chilosia","Chilosia punctulata",NA,NA
"Chilosia","Chilosia tristis",NA,NA
"Chionobis","Chionobis macouni",NA,NA
"Chironomidae","Chironomidae sp1 M PL 022",NA,NA
"Chironomidae","Chironomidae sp1 M PL 060",NA,NA
"Chironomus","Chironomus sp2 M PL 014","Diptera","Chironomidae"
"Chironomus","Chironomus sp1 M PL 014","Diptera","Chironomidae"
"Chironomus","Chironomus sp1 M PL 010","Diptera","Chironomidae"
"Chlamisus","Chlamisus japonicus","Coleoptera","Chrysomelidae"
"Chlamysus","Chlamysus sp1 M PL 034",NA,NA
"Chloerocampa","Chloerocampa tersa",NA,NA
"Chloralictus","Chloralictus foveolatus","Hymenoptera","Halictidae"
"Chloralictus","Chloralictus obscurus","Hymenoptera","Halictidae"
"Chloralictus","Chloralictus albipennis","Hymenoptera","Halictidae"
"Chloralictus","Chloralictus smilacinae","Hymenoptera","Halictidae"
"Chloralictus","Chloralictus illinoensis","Hymenoptera","Halictidae"
"Chloralictus","Chloralictus cressonii","Hymenoptera","Halictidae"
"Chloridolum","Chloridolum leochooanum","Coleoptera","Cerambycidae"
"Chlorion","Chlorion sp1 M PL 072","Hymenoptera","Sphecidae"
"Chlorion","Chlorion caeruleum","Hymenoptera","Sphecidae"
"Chlorobrachycoma","Chlorobrachycoma versicolor","Diptera","Calliphoridae"
"Chlorodynerus","Chlorodynerus ypsilon rhodius","Hymenoptera","Eumenidae"
"Chloromerus","Chloromerus sp1 M PL 019","Diptera","Chloropidae"
"Chloromyia","Chloromyia formosa","Diptera","Stratiomyidae"
"Chlorophorus","Chlorophorus japonicus","Coleoptera","Cerambycidae"
"Chlorophorus","Chlorophorus quinquefasciatus","Coleoptera","Cerambycidae"
"Chloropidae","Chloropidae sp1 M PL 072",NA,NA
"Chloropinae","Chloropinae sp1 M PL 009",NA,NA
"Chloropis","Chloropis sp1 M PL 049",NA,NA
"Chlorops","Chlorops approximatinervis","Diptera","Chloropidae"
"Chlorops","Chlorops proxima","Diptera","Chloropidae"
"Chlorops","Chlorops pulverea","Diptera","Chloropidae"
"Chlorops","Chlorops assimilis","Diptera","Chloropidae"
"Chloropsis","Chloropsis sp1 M PL 049",NA,NA
"Chlorostilbon","Chlorostilbon aureoventris",NA,NA
"Choaspes","Choaspes benjaminii","Lepidoptera","Hesperiidae"
"Choaspes","Choaspes beninminii","Lepidoptera","Hesperiidae"
"Choaspes","Choaspes benjaminii japonica","Lepidoptera","Hesperiidae"
"Choerades","Choerades sp1 M PL 021","Diptera","Asilidae"
"Choragus","Choragus sp1 M PL 044","Coleoptera","Anthribidae"
"Chrisaeglia","Chrisaeglia magnifica",NA,NA
"Chrysagria","Chrysagria duodecimpuntata","Diptera","Sarcophagidae"
"Chrysarthia","Chrysarthia viatica",NA,NA
"Chrysis","Chrysis verna","Hymenoptera","Chrysididae"
"Chrysis","Chrysis incisa","Hymenoptera","Chrysididae"
"Chrysis","Chrysis analis","Hymenoptera","Chrysididae"
"Chrysis","Chrysis intricata","Hymenoptera","Chrysididae"
"Chrysis","Chrysis sp1 M PL 015","Hymenoptera","Chrysididae"
"Chrysis","Chrysis texana","Hymenoptera","Chrysididae"
"Chrysocharis","Chrysocharis oscinidis","Hymenoptera","Eulophidae"
"Chrysocharis","Chrysocharis sp1 M PL 056","Hymenoptera","Eulophidae"
"Chrysochlamys","Chrysochlamys dives",NA,NA
"Chrysodema","Chrysodema lewisii","Coleoptera","Buprestidae"
"Chrysodina","Chrysodina sp1 M PL 072",NA,NA
"Chrysogaster","Chrysogaster nigripes","Diptera","Syrphidae"
"Chrysogaster","Chrysogaster cemiteriorum","Diptera","Syrphidae"
"Chrysogaster","Chrysogaster okazakii","Diptera","Syrphidae"
"Chrysogaster","Chrysogaster solstitialis","Diptera","Syrphidae"
"Chrysogaster","Chrysogaster sp1 M PL 006","Diptera","Syrphidae"
"Chrysogsater","Chrysogsater parva",NA,NA
"Chrysomela","Chrysomela fastuosa","Coleoptera","Chrysomelidae"
"Chrysomela","Chrysomela collaris","Coleoptera","Chrysomelidae"
"Chrysomela","Chrysomela vigintipunctata","Coleoptera","Chrysomelidae"
"Chrysomela","Chrysomela similis","Coleoptera","Chrysomelidae"
"Chrysomelidae","Chrysomelidae sp1 M PL 072",NA,NA
"Chrysomelidae","Chrysomelidae sp2 M PL 072",NA,NA
"Chrysomelidae","Chrysomelidae sp3 M PL 072",NA,NA
"Chrysomelidae","Chrysomelidae sp4 M PL 072",NA,NA
"Chrysomelidae","Chrysomelidae sp5 M PL 072",NA,NA
"Chrysomya","Chrysomya megacephala Fabricius","Diptera","Calliphoridae"
"Chrysomya","Chrysomya megacephala","Diptera","Calliphoridae"
"Chrysomya","Chrysomya rufifacies","Diptera","Calliphoridae"
"Chrysomya","Chrysomya pinguis","Diptera","Calliphoridae"
"Chrysopa","Chrysopa sp1 M PL 044","Neuroptera","Chrysopidae"
"Chrysopa","Chrysopa sp2 M PL 044","Neuroptera","Chrysopidae"
"Chrysopa","Chrysopa sp1 M PL 053","Neuroptera","Chrysopidae"
"Chrysopa","Chrysopa sp1 M PL 072","Neuroptera","Chrysopidae"
"Chrysopa","Chrysopa sp1 M PL 026","Neuroptera","Chrysopidae"
"Chrysopa","Chrysopa furcifera","Neuroptera","Chrysopidae"
"Chrysophanus","Chrysophanus rubidus","Lepidoptera","Lycaenidae"
"Chrysophanus","Chrysophanus thoe","Lepidoptera","Lycaenidae"
"Chrysophanus","Chrysophanus helloides","Lepidoptera","Lycaenidae"
"Chrysophanus","Chrysophanus sirius","Lepidoptera","Lycaenidae"
"Chrysops","Chrysops pictus","Diptera","Tabanidae"
"Chrysops","Chrysops indus","Diptera","Tabanidae"
"Chrysotoxum","Chrysotoxum fasciatum","Diptera","Syrphidae"
"Chrysotoxum","Chrysotoxum grande","Diptera","Syrphidae"
"Chrysotoxum","Chrysotoxum ventricosum","Diptera","Syrphidae"
"Chrysotoxum","Chrysotoxum bicinetum","Diptera","Syrphidae"
"Chrysotoxum","Chrysotoxum upsilon","Diptera","Syrphidae"
"Chrysotoxum","Chrysotoxum integrum","Diptera","Syrphidae"
"Chrysotoxum","Chrysotoxum intermedium","Diptera","Syrphidae"
"Chrysotoxum","Chrysotoxum triarcuatum","Diptera","Syrphidae"
"Chrysotoxum","Chrysotoxum arcuatum","Diptera","Syrphidae"
"Chrysotoxum","Chrysotoxum testaceum","Diptera","Syrphidae"
"Chrysotoxum","Chrysotoxum bicinctum","Diptera","Syrphidae"
"Chrystogaster","Chrystogaster brevicornis",NA,NA
"Chrystogaster","Chrystogaster ontario",NA,NA
"Chyliza","Chyliza apicalis","Diptera","Psilidae"
"Cicadellidae","Cicadellidae sp1 M PL 060",NA,NA
"Cidaria","Cidaria sp1 M PL 009","Lepidoptera","Geometridae"
"Cistogaster","Cistogaster occidua","Diptera","Tachinidae"
"Cixiidae","Cixiidae sp1",NA,NA
"Cixiidae","Cixiidae sp1 M PL 073",NA,NA
"Cixiidae","Cixiidae sp1 M PL 077",NA,NA
"Cixiidae","Cixiidae sp2",NA,NA
"Clairvillia","Clairvillia pninae","Diptera","Tachinidae"
"Clamirius","Clamirius apicarius",NA,NA
"Cleora","Cleora fortunata","Lepidoptera","Geometridae"
"Cletus","Cletus trigonus","Hemiptera","Coreidae"
"Cletus","Cletus rusticus","Hemiptera","Coreidae"
"Clisodon","Clisodon sp1 M PL 005",NA,NA
"Clisodon","Clisodon terminalis",NA,NA
"Clossiana","Clossiana chariclea","Lepidoptera","Nymphalidae"
"Clusia","Clusia lateralis","Diptera","Clusiidae"
"Clypeocampulum","Clypeocampulum lubricum","Hymenoptera","Ichneumonidae"
"Clytiomyia","Clytiomyia flava",NA,NA
"Clytiomyia","Clytiomyia fucata",NA,NA
"Clytiomyia","Clytiomyia sp1 M PL 015",NA,NA
"Clytochrysus","Clytochrysus obscurus",NA,NA
"Clytolaema","Clytolaema rubricauda",NA,NA
"Clytus","Clytus arietis","Coleoptera","Cerambycidae"
"Coccinela","Coccinela anchoralis",NA,NA
"Coccinella","Coccinella 9 notata","Coleoptera","Coccinellidae"
"Coccinella","Coccinella septempunctata","Coleoptera","Coccinellidae"
"Coccinella","Coccinella sanguinea","Coleoptera","Coccinellidae"
"Coccinella","Coccinella sep","Coleoptera","Coccinellidae"
"Cochliomyia","Cochliomyia macellaria","Diptera","Calliphoridae"
"Coelioxys","Coelioxys sp","Hymenoptera","Megachilidae"
"Coelioxys","Coelioxys breris","Hymenoptera","Megachilidae"
"Coelioxys","Coelioxys sp1 M PL 072","Hymenoptera","Megachilidae"
"Coelioxys","Coelioxys sayi","Hymenoptera","Megachilidae"
"Coelioxys","Coelioxys moesta","Hymenoptera","Megachilidae"
"Coelioxys","Coelioxys rufitarsis","Hymenoptera","Megachilidae"
"Coelioxys","Coelioxys aurolimbatus","Hymenoptera","Megachilidae"
"Coelioxys","Coelioxys rufocaudata","Hymenoptera","Megachilidae"
"Coelioxys","Coelioxys alternata","Hymenoptera","Megachilidae"
"Coelioxys","Coelioxys sp1 M PL 053","Hymenoptera","Megachilidae"
"Coelioxys","Coelioxys mandibularis","Hymenoptera","Megachilidae"
"Coelioxys","Coelioxys fenestrata","Hymenoptera","Megachilidae"
"Coelioxys","Coelioxys yanonis","Hymenoptera","Megachilidae"
"Coelioxys","Coelioxys germana","Hymenoptera","Megachilidae"
"Coelioxys","Coelioxys modesta","Hymenoptera","Megachilidae"
"Coelioxys","Coelioxys 8 dentata","Hymenoptera","Megachilidae"
"Coenonympha","Coenonympha pamphiloides","Lepidoptera","Nymphalidae"
"Coenosia","Coenosia sp1 M PL 019","Diptera","Muscidae"
"Coenosia","Coenosia lacteipennis","Diptera","Muscidae"
"Coenosia","Coenosia octopunctata","Diptera","Muscidae"
"Coenosia","Coenosia 6 notata","Diptera","Muscidae"
"Coenosia","Coenosia fuscopunctata","Diptera","Muscidae"
"Coenosia","Coenosia femoralis","Diptera","Muscidae"
"Coenosia","Coenosia atritibia","Diptera","Muscidae"
"Coenosia","Coenosia sp1 M PL 047","Diptera","Muscidae"
"Coenosia","Coenosia sp2 M PL 019","Diptera","Muscidae"
"Coenosia","Coenosia tigrina","Diptera","Muscidae"
"Coenosia","Coenosia means","Diptera","Muscidae"
"Coereba","Coereba flaveola",NA,NA
"Cogia","Cogia calchas","Lepidoptera","Hesperiidae"
"Coleoptera","Coleoptera ni",NA,NA
"Coleoptera","Coleoptera sp",NA,NA
"Coleoptera","Coleoptera sp1 M PL 017",NA,NA
"Coleoptera","Coleoptera sp1 M PL 026",NA,NA
"Coleoptera","Coleoptera sp10 M PL 016",NA,NA
"Coleoptera","Coleoptera sp11 M PL 016",NA,NA
"Coleoptera","Coleoptera sp12 M PL 016",NA,NA
"Coleoptera","Coleoptera sp13 M PL 016",NA,NA
"Coleoptera","Coleoptera sp13 M PL 038",NA,NA
"Coleoptera","Coleoptera sp14 M PL 058",NA,NA
"Coleoptera","Coleoptera sp15 M PL 050",NA,NA
"Coleoptera","Coleoptera sp15 M PL 058",NA,NA
"Coleoptera","Coleoptera sp16 M PL 058",NA,NA
"Coleoptera","Coleoptera sp17 M PL 013",NA,NA
"Coleoptera","Coleoptera sp18 M PL 013",NA,NA
"Coleoptera","Coleoptera sp19 M PL 013",NA,NA
"Coleoptera","Coleoptera sp2 M PL 017",NA,NA
"Coleoptera","Coleoptera sp23 M PL 051",NA,NA
"Coleoptera","Coleoptera sp24 M PL 051",NA,NA
"Coleoptera","Coleoptera sp29 M PL 058",NA,NA
"Coleoptera","Coleoptera sp3 M PL 017",NA,NA
"Coleoptera","Coleoptera sp32 M PL 058",NA,NA
"Coleoptera","Coleoptera sp33 M PL 051",NA,NA
"Coleoptera","Coleoptera sp33 M PL 058",NA,NA
"Coleoptera","Coleoptera sp34 M PL 051",NA,NA
"Coleoptera","Coleoptera sp35 M PL 051",NA,NA
"Coleoptera","Coleoptera sp36 M PL 051",NA,NA
"Coleoptera","Coleoptera sp4 M PL 016",NA,NA
"Coleoptera","Coleoptera sp4 M PL 017",NA,NA
"Coleoptera","Coleoptera sp4 M PL 046",NA,NA
"Coleoptera","Coleoptera sp4 M PL 085",NA,NA
"Coleoptera","Coleoptera sp5 M PL 016",NA,NA
"Coleoptera","Coleoptera sp5 M PL 017",NA,NA
"Coleoptera","Coleoptera sp5 M PL 035",NA,NA
"Coleoptera","Coleoptera sp5 M PL 085",NA,NA
"Coleoptera","Coleoptera sp5 M PL 104",NA,NA
"Coleoptera","Coleoptera sp6 M PL 017",NA,NA
"Coleoptera","Coleoptera sp6 M PL 027",NA,NA
"Coleoptera","Coleoptera sp6 M PL 035",NA,NA
"Coleoptera","Coleoptera sp7 M PL 017",NA,NA
"Coleoptera","Coleoptera sp7 M PL 027",NA,NA
"Coleoptera","Coleoptera sp7 M PL 058",NA,NA
"Coleoptera","Coleoptera sp7 M PL 101",NA,NA
"Coleoptera","Coleoptera sp8 M PL 027",NA,NA
"Coleoptera","Coleoptera sp8 M PL 051",NA,NA
"Coleoptera","Coleoptera sp9 M PL 016",NA,NA
"Coleoptera","Coleoptera sp2 M PL 058",NA,NA
"Coleoptera","Coleoptera sp8 M PL 016",NA,NA
"Coleoptera","Coleoptera sp9 M PL 027",NA,NA
"Colias","Colias scudderi","Lepidoptera","Pieridae"
"Colias","Colias croceus","Lepidoptera","Pieridae"
"Colias","Colias keewaydina","Lepidoptera","Pieridae"
"Colias","Colias lesbia","Lepidoptera","Pieridae"
"Colias","Colias edwardsi","Lepidoptera","Pieridae"
"Colias","Colias crocea","Lepidoptera","Pieridae"
"Colias","Colias erate","Lepidoptera","Pieridae"
"Colias","Colias hecla","Lepidoptera","Pieridae"
"Colias","Colias alexandra","Lepidoptera","Pieridae"
"Colias","Colias nastes","Lepidoptera","Pieridae"
"Collembola","Collembola sp5 M PL 014",NA,NA
"Colletes","Colletes lycii","Hymenoptera","Colletidae"
"Colletes","Colletes inaequalis","Hymenoptera","Colletidae"
"Colletes","Colletes kincaidi","Hymenoptera","Colletidae"
"Colletes","Colletes cunicularius","Hymenoptera","Colletidae"
"Colletes","Colletes sp1 M PL 016","Hymenoptera","Colletidae"
"Colletes","Colletes fulvipes","Hymenoptera","Colletidae"
"Colletes","Colletes seminitidus","Hymenoptera","Colletidae"
"Colletes","Colletes foveolaris","Hymenoptera","Colletidae"
"Colletes","Colletes eous","Hymenoptera","Colletidae"
"Colletes","Colletes fodiens","Hymenoptera","Colletidae"
"Colletes","Colletes compactus","Hymenoptera","Colletidae"
"Colletes","Colletes acutus","Hymenoptera","Colletidae"
"Colletes","Colletes dimidiatus","Hymenoptera","Colletidae"
"Colletes","Colletes albomaculatus","Hymenoptera","Colletidae"
"Colletes","Colletes similis","Hymenoptera","Colletidae"
"Colletes","Colletes sp","Hymenoptera","Colletidae"
"Colletes","Colletes oligolege","Hymenoptera","Colletidae"
"Colletes","Colletes oromontis","Hymenoptera","Colletidae"
"Colletes","Colletes sp1 M PL 005","Hymenoptera","Colletidae"
"Colletes","Colletes sieverti","Hymenoptera","Colletidae"
"Colletes","Colletes succinctus","Hymenoptera","Colletidae"
"Colletes","Colletes araucariae","Hymenoptera","Colletidae"
"Colletes","Colletes babai","Hymenoptera","Colletidae"
"Colletes","Colletes productus","Hymenoptera","Colletidae"
"Colletes","Colletes patellatus","Hymenoptera","Colletidae"
"Colletes","Colletes willistonii","Hymenoptera","Colletidae"
"Colletes","Colletes perforator","Hymenoptera","Colletidae"
"Colletes","Colletes cyaneus","Hymenoptera","Colletidae"
"Colletes","Colletes americanus","Hymenoptera","Colletidae"
"Colletes","Colletes brevicornis","Hymenoptera","Colletidae"
"Colletes","Colletes speciosus","Hymenoptera","Colletidae"
"Colletes","Colletes caspicus","Hymenoptera","Colletidae"
"Colletes","Colletes sp1 M PL 058","Hymenoptera","Colletidae"
"Colletes","Colletes thoracicus","Hymenoptera","Colletidae"
"Colletes","Colletes sp2 M PL 072","Hymenoptera","Colletidae"
"Colletes","Colletes sp1 M PL 072","Hymenoptera","Colletidae"
"Colletes","Colletes armatus","Hymenoptera","Colletidae"
"Colletes","Colletes sp1 M PL 054","Hymenoptera","Colletidae"
"Colletes","Colletes albescens","Hymenoptera","Colletidae"
"Colletes","Colletes nudus","Hymenoptera","Colletidae"
"Colletes","Colletes sp2 M PL 054","Hymenoptera","Colletidae"
"Collops","Collops 4 maculatus","Coleoptera","Melyridae"
"Colocasiomyia","Colocasiomyia xenalocasiae","Diptera","Drosophilidae"
"Colocasiomyia","Colocasiomyia alocasiae","Diptera","Drosophilidae"
"Colpodes","Colpodes aurelius","Coleoptera","Carabidae"
"Colpodes","Colpodes ishidai","Coleoptera","Carabidae"
"Colpura","Colpura lativentristi","Hemiptera","Coreidae"
"Compsomyia","Compsomyia macellaria","Diptera","Calliphoridae"
"Compsomyiops","Compsomyiops fulvicrura","Diptera","Calliphoridae"
"Comptosia","Comptosia sylvana","Diptera","Bombyliidae"
"Condica","Condica capensis","Lepidoptera","Noctuidae"
"Conioscinella","Conioscinella frontella","Diptera","Chloropidae"
"Conocephalus","Conocephalus sp1 M PL 069","Coleoptera","Dryophthoridae"
"Conocephalus","Conocephalus japonicus","Coleoptera","Dryophthoridae"
"Conoderus","Conoderus sp1 M PL 072","Coleoptera","Elateridae"
"Conogethes","Conogethes punctiberalis","Lepidoptera","Crambidae"
"Conophorus","Conophorus virescens","Coleoptera","Curculionidae"
"Conophorus","Conophorus fuminervis","Coleoptera","Curculionidae"
"Conophorus","Conophorus pussillus M PL 015","Coleoptera","Curculionidae"
"Conophorus","Conophorus glaucescens","Coleoptera","Curculionidae"
"Conops","Conops flavifrons","Diptera","Conopidae"
"Conops","Conops sylvosus","Diptera","Conopidae"
"Conops","Conops flavipes","Diptera","Conopidae"
"Conops","Conops xanthopareus","Diptera","Conopidae"
"Conops","Conops quadrifasciatus","Diptera","Conopidae"
"Conotelus","Conotelus obscurus","Coleoptera","Nitidulidae"
"Copestylum","Copestylum aricia","Diptera","Syrphidae"
"Copestylum","Copestylum sp1 M PL 023","Diptera","Syrphidae"
"Copestylum","Copestylum sp1 M PL 072","Diptera","Syrphidae"
"Copestylum","Copestylum sp1 M PL 031","Diptera","Syrphidae"
"Copromyza","Copromyza sp1 M PL 053","Diptera","Sphaeroceridae"
"Coptocephala","Coptocephala unifasciata","Coleoptera","Chrysomelidae"
"Coptocephala","Coptocephala scopolina","Coleoptera","Chrysomelidae"
"Coptosoma","Coptosoma parvipictum","Hemiptera","Plataspidae"
"Coraebus","Coraebus rusticanus","Coleoptera","Buprestidae"
"Cordylura","Cordylura munda",NA,NA
"Coreidae","Coreidae sp1 M PL 015",NA,NA
"Coreidae","Coreidae sp1 M PL 072",NA,NA
"Coreidae","Coreidae sp21 M PL 013",NA,NA
"Corennys","Corennys sericata","Coleoptera","Cerambycidae"
"Corimelaena","Corimelaena lateralis","Hemiptera","Thyreocoridae"
"Corimelaena","Corimelaena pulicaria","Hemiptera","Thyreocoridae"
"Coriomeris","Coriomeris hirticornis","Hemiptera","Coreidae"
"Coriomeris","Coriomeris spinolai","Hemiptera","Coreidae"
"Coriscus","Coriscus ferus",NA,NA
"Corizus","Corizus hyosocyami","Hemiptera","Rhopalidae"
"Corizus","Corizus lateralis","Hemiptera","Rhopalidae"
"Cornutiplusia","Cornutiplusia circumflexa","Lepidoptera","Noctuidae"
"Corphyra","Corphyra terminalis",NA,NA
"Corticaria","Corticaria distinguenda","Coleoptera","Latridiidae"
"Corticarina","Corticarina gibbosa","Coleoptera","Latridiidae"
"Corticea","Corticea immocerina","Lepidoptera","Hesperiidae"
"Corymbas","Corymbas nipponica","Hymenoptera","Tenthredinidae"
"Corymbia","Corymbia succedanea",NA,NA
"Corymbia","Corymbia variicornis",NA,NA
"Corymia","Corymia succedanea",NA,NA
"Corynoneura","Corynoneura scutellata","Diptera","Chironomidae"
"Corynoptera","Corynoptera sp1 M PL 009","Diptera","Sciaridae"
"Corynoptera","Corynoptera refrigerata","Diptera","Sciaridae"
"Corynoptera","Corynoptera sp2 M PL 009","Diptera","Sciaridae"
"Corynura","Corynura patagonica","Hymenoptera","Halictidae"
"Corynura","Corynura corynogastra","Hymenoptera","Halictidae"
"Corynura","Corynura rubella","Hymenoptera","Halictidae"
"Corynura","Corynura aff  lepida","Hymenoptera","Halictidae"
"Corynura","Corynura aff  atrovirens","Hymenoptera","Halictidae"
"Corynura","Corynura sp","Hymenoptera","Halictidae"
"Corynura","Corynura sp1 M PL 051","Hymenoptera","Halictidae"
"Corynura","Corynura prothysteres","Hymenoptera","Halictidae"
"Cosmia","Cosmia variegata","Lepidoptera","Noctuidae"
"Cossonus","Cossonus sp1 M PL 044","Coleoptera","Curculionidae"
"Cotesia","Cotesia sp1 M PL 009","Hymenoptera","Braconidae"
"Cotesia","Cotesia sp1","Hymenoptera","Braconidae"
"Cotesia","Cotesia sp1 M PL 073","Hymenoptera","Braconidae"
"Cothonaspis","Cothonaspis stigmata","Hymenoptera","Figitidae"
"Cottetes","Cottetes palellatus",NA,NA
"Crabro","Crabro sp1 M PL 057","Hymenoptera","Crabronidae"
"Crabro","Crabro sp1 M PL 021","Hymenoptera","Crabronidae"
"Crabro","Crabro sp1 M PL 004","Hymenoptera","Crabronidae"
"Crambus","Crambus laqueatellus","Lepidoptera","Crambidae"
"Crambus","Crambus pratella","Lepidoptera","Crambidae"
"Craspedochaeta","Craspedochaeta linbinervis","Diptera","Clusiidae"
"Craspedochoeata","Craspedochoeata sp1 M PL 049",NA,NA
"Cratopus","Cratopus psittacus","Coleoptera","Curculionidae"
"Cratopus","Cratopus psittacus Faimaire","Coleoptera","Curculionidae"
"Cratopus","Cratopus aurostriatus","Coleoptera","Curculionidae"
"Cremastogaster","Cremastogaster lineolata","Hymenoptera","Formicidae"
"Cremastus","Cremastus retiniae","Hymenoptera","Ichneumonidae"
"Crematogaster","Crematogaster auberti","Hymenoptera","Formicidae"
"Crematogaster","Crematogaster steinheili","Hymenoptera","Formicidae"
"Cricket","Cricket sp1 M PL 026",NA,NA
"Cricotopus","Cricotopus sp1 M PL 014","Diptera","Chironomidae"
"Cricotopus","Cricotopus sp1 M PL 020","Diptera","Chironomidae"
"Cricotopus","Cricotopus lestralis","Diptera","Chironomidae"
"Cricotopus","Cricotopus sp1 M PL 010","Diptera","Chironomidae"
"Criorhina","Criorhina umbratilis","Diptera","Syrphidae"
"Criorhina","Criorhina intersistens","Diptera","Syrphidae"
"Criorhina","Criorhina apicalis","Diptera","Syrphidae"
"Criorhina","Criorhina japonica","Diptera","Syrphidae"
"Criorhina","Criorhina decora","Diptera","Syrphidae"
"Criptocephalus","Criptocephalus sp1 M PL 058",NA,NA
"Crossocerus","Crossocerus leucostoma","Hymenoptera","Crabronidae"
"Crossocerus","Crossocerus walkeri","Hymenoptera","Crabronidae"
"Crossocerus","Crossocerus sp1 M PL 053","Hymenoptera","Crabronidae"
"Crossocerus","Crossocerus sp1 M PL 056","Hymenoptera","Crabronidae"
"Crossocerus","Crossocerus affinis","Hymenoptera","Crabronidae"
"Crymodes","Crymodes exulis",NA,NA
"Cryptinae","Cryptinae sp1 M PL 063",NA,NA
"Cryptocephalinae","Cryptocephalinae sp1",NA,NA
"Cryptocephalinae","Cryptocephalinae sp1 M PL 076",NA,NA
"Cryptocephalus","Cryptocephalus perelegans","Coleoptera","Chrysomelidae"
"Cryptocephalus","Cryptocephalus insertus","Coleoptera","Chrysomelidae"
"Cryptocephalus","Cryptocephalus approximatus","Coleoptera","Chrysomelidae"
"Cryptocheilus","Cryptocheilus conicus","Hymenoptera","Pompilidae"
"Cryptocheilus","Cryptocheilus agenioides","Hymenoptera","Pompilidae"
"Cryptocheilus","Cryptocheilus fulgifrons","Hymenoptera","Pompilidae"
"Cryptogonus","Cryptogonus horishanus","Coleoptera","Coccinellidae"
"Cryptogonus","Cryptogonus orbiculus","Coleoptera","Coccinellidae"
"Cryptophagus","Cryptophagus cellaris","Coleoptera","Cryptophagidae"
"Cryptophilus","Cryptophilus sp1 M PL 055","Coleoptera","Erotylidae"
"Cryptorhopalum","Cryptorhopalum triste","Coleoptera","Dermestidae"
"Cryptorhopalum","Cryptorhopalum haemorrhoidale","Coleoptera","Dermestidae"
"Cryptus","Cryptus exulans","Hymenoptera","Ichneumonidae"
"Cryptus","Cryptus persimilis","Hymenoptera","Ichneumonidae"
"Cryptus","Cryptus arcticus","Hymenoptera","Ichneumonidae"
"Cteniopinus","Cteniopinus hypocrita","Coleoptera","Tenebrionidae"
"Ctenucha","Ctenucha sp1 M PL 005","Lepidoptera","Erebidae"
"Culex","Culex nigripes","Diptera","Culicidae"
"Culex","Culex sp1 M PL 035","Diptera","Culicidae"
"Culex","Culex stimulans","Diptera","Culicidae"
"Culicidae","Culicidae sp1 M PL 072",NA,NA
"Culicoides","Culicoides sp1 M PL 010","Diptera","Ceratopogonidae"
"Culicoides","Culicoides sp1 M PL 020","Diptera","Ceratopogonidae"
"Cuneala","Cuneala dahli",NA,NA
"Cuphocera","Cuphocera ruficornis","Diptera","Tachinidae"
"Curculio","Curculio convexus","Coleoptera","Curculionidae"
"Curculionidae","Curculionidae sp1 M PL 072",NA,NA
"Curculionidae","Curculionidae sp2 M PL 072",NA,NA
"Curculionidae","Curculionidae sp3 M PL 072",NA,NA
"Curculionidae","Curculionidae sp4 M PL 072",NA,NA
"Curtipogon","Curtipogon leucozona",NA,NA
"Curtisapis","Curtisapis coriacea",NA,NA
"Curtisapis","Curtisapis forbesii",NA,NA
"Curtisapis","Curtisapis fuscipennis",NA,NA
"Cyanophaia","Cyanophaia bicolor",NA,NA
"Cyclocephala","Cyclocephala gravis","Coleoptera","Scarabaeidae"
"Cyclocephala","Cyclocephala sp2 M PL 031","Coleoptera","Scarabaeidae"
"Cyclocephala","Cyclocephala sp1 M PL 031","Coleoptera","Scarabaeidae"
"Cyclyrius","Cyclyrius webbianus","Lepidoptera","Lycaenidae"
"Cylindromia","Cylindromia sp1 M PL 031",NA,NA
"Cylindromyia","Cylindromyia auriceps","Diptera","Tachinidae"
"Cylindromyia","Cylindromyia brassicaria","Diptera","Tachinidae"
"Cylindromyia","Cylindromyia rufifrons","Diptera","Tachinidae"
"Cyllene","Cyllene decorus",NA,NA
"Cynomya","Cynomya mortuorum","Diptera","Calliphoridae"
"Cynomyia","Cynomyia cadaverina",NA,NA
"Cynthia","Cynthia cardui",NA,NA
"Cynthia","Cynthia terpsichore",NA,NA
"Cyphicerus","Cyphicerus sp1 M PL 044","Coleoptera","Curculionidae"
"Cyphocera","Cyphocera fucata",NA,NA
"Cyphon","Cyphon variabilis","Coleoptera","Scirtidae"
"Cyphon","Cyphon sinuosus","Coleoptera","Scirtidae"
"Cyphon","Cyphon puncticeps hisamatsui","Coleoptera","Scirtidae"
"Cyphon","Cyphon sp1 M PL 029","Coleoptera","Scirtidae"
"Cyphon","Cyphon sp1 M PL 028","Coleoptera","Scirtidae"
"Cyphon","Cyphon sp2 M PL 029","Coleoptera","Scirtidae"
"Cyphon","Cyphon sp2 M PL 028","Coleoptera","Scirtidae"
"Cyphon","Cyphon sp1 M PL 027","Coleoptera","Scirtidae"
"Cyphon","Cyphon sp1 M PL 055","Coleoptera","Scirtidae"
"Cyphon","Cyphon sp1 M PL 044","Coleoptera","Scirtidae"
"Cyphononyx","Cyphononyx dorsalis","Hymenoptera","Pompilidae"
"Cyphopyga","Cyphopyga montivaga",NA,NA
"Cyrtothyrea","Cyrtothyrea marginalis","Coleoptera","Scarabaeidae"
"Cytherea","Cytherea pallasii M PL 015","Diptera","Bombyliidae"
"Dacnusa","Dacnusa flavicincta","Hymenoptera","Braconidae"
"Dactylozodes","Dactylozodes sp1 M PL 072",NA,NA
"Dacus","Dacus sp1 M PL 013","Diptera","Tephritidae"
"Daimio","Daimio tethys","Lepidoptera","Hesperiidae"
"Dalopius","Dalopius sp1 M PL 004","Coleoptera","Elateridae"
"Dalopius","Dalopius tamui","Coleoptera","Elateridae"
"Danacaea","Danacaea nigritarsis",NA,NA
"Danaus","Danaus plexipus erippus","Lepidoptera","Nymphalidae"
"Danaus","Danaus eresimus","Lepidoptera","Nymphalidae"
"Danaus","Danaus gilippus","Lepidoptera","Nymphalidae"
"Darwinysius","Darwinysius marginalis","Hemiptera","Lygaeidae"
"Dasineura","Dasineura sp1 M PL 009","Diptera","Cecidomyiidae"
"Dasybaris","Dasybaris chillan",NA,NA
"Dasybasis","Dasybasis sp1","Diptera","Tabanidae"
"Dasybasis","Dasybasis sp2","Diptera","Tabanidae"
"Dasydema","Dasydema hirtella","Coleoptera","Curculionidae"
"Dasyllis","Dasyllis fernaldi","Diptera","Asilidae"
"Dasyphora","Dasyphora sp1 M PL 055","Diptera","Muscidae"
"Dasyphora","Dasyphora cyanicolor","Diptera","Muscidae"
"Dasyphora","Dasyphora albofasciata","Diptera","Muscidae"
"Dasypoda","Dasypoda iberica","Hymenoptera","Melittidae"
"Dasypoda","Dasypoda sp1 M PL 015","Hymenoptera","Melittidae"
"Dasypoda","Dasypoda cingulata","Hymenoptera","Melittidae"
"Dasysyrphus","Dasysyrphus albostriatus","Diptera","Syrphidae"
"Dasysyrphus","Dasysyrphus tricinctus","Diptera","Syrphidae"
"Dasysyrphus","Dasysyrphus bilineatus","Diptera","Syrphidae"
"Dasytes","Dasytes vulgaris","Coleoptera","Melyridae"
"Dasytes","Dasytes subcyaneus","Coleoptera","Melyridae"
"Dasytes","Dasytes plumbeus","Coleoptera","Melyridae"
"Dasytes","Dasytes striatulus","Coleoptera","Melyridae"
"Dasytes","Dasytes tristiculus","Coleoptera","Melyridae"
"Dasytinae","Dasytinae sp1",NA,NA
"Dasytinae","Dasytinae sp1 M PL 061",NA,NA
"Dasyuris","Dasyuris anceps","Lepidoptera","Geometridae"
"Declana","Declana junctilinea","Lepidoptera","Geometridae"
"Declana","Declana niveata","Lepidoptera","Geometridae"
"Deferunda","Deferunda rubrostigma","Hemiptera","Achilidae"
"Deilephila","Deilephila lineata","Lepidoptera","Sphingidae"
"Deilus","Deilus sp1 M PL 016","Coleoptera","Cerambycidae"
"Dejeania","Dejeania vexatrix","Diptera","Tachinidae"
"Delia","Delia echinata","Diptera","Anthomyiidae"
"Delia","Delia piliventris","Diptera","Anthomyiidae"
"Delia","Delia sp2 M PL 053","Diptera","Anthomyiidae"
"Delia","Delia hirticrura","Diptera","Anthomyiidae"
"Delia","Delia sp1 M PL 049","Diptera","Anthomyiidae"
"Delia","Delia sp3 M PL 053","Diptera","Anthomyiidae"
"Delia","Delia sp4 M PL 053","Diptera","Anthomyiidae"
"Delia","Delia sp2 M PL 049","Diptera","Anthomyiidae"
"Delia","Delia platura","Diptera","Anthomyiidae"
"Delia","Delia sp1 M PL 053","Diptera","Anthomyiidae"
"Delia","Delia sp5 M PL 053","Diptera","Anthomyiidae"
"Delia","Delia sp4 M PL 049","Diptera","Anthomyiidae"
"Delia","Delia sp3 M PL 049","Diptera","Anthomyiidae"
"Demonax","Demonax transilis","Coleoptera","Cerambycidae"
"Demotina","Demotina major","Coleoptera","Chrysomelidae"
"Denticollis","Denticollis nipponensis","Coleoptera","Elateridae"
"Deraeocoris","Deraeocoris schach","Hemiptera","Miridae"
"Dere","Dere thoracica","Coleoptera","Cerambycidae"
"Dermaptera","Dermaptera sp8 M PL 057",NA,NA
"Dermasothes","Dermasothes gracile",NA,NA
"Dermestes","Dermestes haemorrhoidalis","Coleoptera","Dermestidae"
"Desmometopa","Desmometopa sp1 M PL 044","Diptera","Milichiidae"
"Dexopollenia","Dexopollenia flava","Diptera","Calliphoridae"
"Diabrotica","Diabrotica 12 punctata","Coleoptera","Chrysomelidae"
"Diabrotica","Diabrotica longicornis","Coleoptera","Chrysomelidae"
"Diadasia","Diadasia patagonica","Hymenoptera","Apidae"
"Dialictus","Dialictus sp2 M PL 030","Hymenoptera","Halictidae"
"Dialictus","Dialictus obscurus","Hymenoptera","Halictidae"
"Dialictus","Dialictus sp1 M PL 072","Hymenoptera","Halictidae"
"Dialictus","Dialictus abanci","Hymenoptera","Halictidae"
"Dialictus","Dialictus zephyrus","Hymenoptera","Halictidae"
"Dialictus","Dialictus sp1 M PL 031","Hymenoptera","Halictidae"
"Dialictus","Dialictus oblongus","Hymenoptera","Halictidae"
"Dialictus","Dialictus sp","Hymenoptera","Halictidae"
"Dialictus","Dialictus sp2 M PL 031","Hymenoptera","Halictidae"
"Dialictus","Dialictus pilosus","Hymenoptera","Halictidae"
"Dialictus","Dialictus sp1 M PL 030","Hymenoptera","Halictidae"
"Dialictus","Dialictus coeruleus","Hymenoptera","Halictidae"
"Dialictus","Dialictus sp2 M PL 023","Hymenoptera","Halictidae"
"Dialictus","Dialictus imitatus","Hymenoptera","Halictidae"
"Dialictus","Dialictus cressoni","Hymenoptera","Halictidae"
"Dialictus","Dialictus sp1 M PL 004","Hymenoptera","Halictidae"
"Dialictus","Dialictus sp1 M PL 023","Hymenoptera","Halictidae"
"Dialictus","Dialictus cressonii","Hymenoptera","Halictidae"
"Dialonia","Dialonia antennariae",NA,NA
"Dianthidium","Dianthidium boreale","Hymenoptera","Megachilidae"
"Diaplazon","Diaplazon sycophanta",NA,NA
"Diasemia","Diasemia litterata","Lepidoptera","Crambidae"
"Diceratosmia","Diceratosmia conjuncta","Hymenoptera","Megachilidae"
"Dichaetomyia","Dichaetomyia fasciculifera","Diptera","Muscidae"
"Dicranoncus","Dicranoncus femoralis","Coleoptera","Carabidae"
"Dictyna","Dictyna borealis","Araneae","Dictynidae"
"Dictyophara","Dictyophara patruelis","Hemiptera","Dictyopharidae"
"Didea","Didea nikkoensis","Diptera","Syrphidae"
"Didea","Didea alneti","Diptera","Syrphidae"
"Didea","Didea fasciata","Diptera","Syrphidae"
"Dideaides","Dideaides coquilletti",NA,NA
"Dielis","Dielis dorsata","Hymenoptera","Scoliidae"
"Dienerella","Dienerella sp1 M PL 055","Coleoptera","Latridiidae"
"Dienerella","Dienerella sp2 M PL 055","Coleoptera","Latridiidae"
"Diglyphus","Diglyphus minoeus","Hymenoptera","Eulophidae"
"Dilophus","Dilophus humeralis","Diptera","Bibionidae"
"Dilophus","Dilophus sp1 M PL 019","Diptera","Bibionidae"
"Dilophus","Dilophus serotinus","Diptera","Bibionidae"
"Dilophus","Dilophus caurinus","Diptera","Bibionidae"
"Dilophus","Dilophus febrilis","Diptera","Bibionidae"
"Dinoptera","Dinoptera minuta","Coleoptera","Cerambycidae"
"Dinoptera","Dinoptera minuta ticollis","Coleoptera","Cerambycidae"
"Dioctria","Dioctria nakanensis","Diptera","Asilidae"
"Diodontus","Diodontus insidiosus","Hymenoptera","Crabronidae"
"Dionaea","Dionaea diagramma","Diptera","Tachinidae"
"Dionaea","Dionaea aurifrons","Diptera","Tachinidae"
"Dione","Dione vanillae insularis","Lepidoptera","Nymphalidae"
"Diostracus","Diostracus sp1 M PL 019","Diptera","Dolichopodidae"
"Dioxyna","Dioxyna sororcula","Diptera","Tephritidae"
"Dioxyna","Dioxyna sororcula Wiedemann","Diptera","Tephritidae"
"Diphaglossa","Diphaglossa gayi","Hymenoptera","Colletidae"
"Diphtheroptila","Diphtheroptila sp1 M PL 044","Lepidoptera","Gracillariidae"
"Diphyrus","Diphyrus quadripunctorius",NA,NA
"Diptera","Diptera ni",NA,NA
"Diptera","Diptera sp1 M PL 013",NA,NA
"Diptera","Diptera sp1 M PL 014",NA,NA
"Diptera","Diptera sp1 M PL 016",NA,NA
"Diptera","Diptera sp1 M PL 040",NA,NA
"Diptera","Diptera sp1 M PL 043",NA,NA
"Diptera","Diptera sp1 M PL 062",NA,NA
"Diptera","Diptera sp1 M PL 072",NA,NA
"Diptera","Diptera sp1 M PL 084",NA,NA
"Diptera","Diptera sp1 M PL 085",NA,NA
"Diptera","Diptera sp1 M PL 086",NA,NA
"Diptera","Diptera sp1 M PL 087",NA,NA
"Diptera","Diptera sp1 M PL 088",NA,NA
"Diptera","Diptera sp1 M PL 089",NA,NA
"Diptera","Diptera sp1 M PL 090",NA,NA
"Diptera","Diptera sp1 M PL 091",NA,NA
"Diptera","Diptera sp1 M PL 095",NA,NA
"Diptera","Diptera sp1 M PL 096",NA,NA
"Diptera","Diptera sp1 M PL 104",NA,NA
"Diptera","Diptera sp1 M PL 105",NA,NA
"Diptera","Diptera sp1 M PL 107",NA,NA
"Diptera","Diptera sp1 M PL 108",NA,NA
"Diptera","Diptera sp1 M PL 115",NA,NA
"Diptera","Diptera sp1 M PL 118",NA,NA
"Diptera","Diptera sp1 M PL 121",NA,NA
"Diptera","Diptera sp1 M PL 124",NA,NA
"Diptera","Diptera sp1 M PL 125",NA,NA
"Diptera","Diptera sp1 M PL 126",NA,NA
"Diptera","Diptera sp1 M PL 127",NA,NA
"Diptera","Diptera sp1 M PL 128",NA,NA
"Diptera","Diptera sp1 M PL 129",NA,NA
"Diptera","Diptera sp1 M PL 130",NA,NA
"Diptera","Diptera sp1 M PL 134",NA,NA
"Diptera","Diptera sp10 M PL 017",NA,NA
"Diptera","Diptera sp10 M PL 021",NA,NA
"Diptera","Diptera sp10 M PL 058",NA,NA
"Diptera","Diptera sp11 M PL 017",NA,NA
"Diptera","Diptera sp11 M PL 046",NA,NA
"Diptera","Diptera sp12 M PL 017",NA,NA
"Diptera","Diptera sp12 M PL 046",NA,NA
"Diptera","Diptera sp12 M PL 058",NA,NA
"Diptera","Diptera sp13 M PL 017",NA,NA
"Diptera","Diptera sp13 M PL 037",NA,NA
"Diptera","Diptera sp13 M PL 046",NA,NA
"Diptera","Diptera sp15 M PL 017",NA,NA
"Diptera","Diptera sp15 M PL 046",NA,NA
"Diptera","Diptera sp16 M PL 017",NA,NA
"Diptera","Diptera sp16 M PL 046",NA,NA
"Diptera","Diptera sp17 M PL 017",NA,NA
"Diptera","Diptera sp17 M PL 046",NA,NA
"Diptera","Diptera sp18 M PL 017",NA,NA
"Diptera","Diptera sp18 M PL 046",NA,NA
"Diptera","Diptera sp18 M PL 050",NA,NA
"Diptera","Diptera sp19 M PL 017",NA,NA
"Diptera","Diptera sp19 M PL 046",NA,NA
"Diptera","Diptera sp19 M PL 050",NA,NA
"Diptera","Diptera sp19 M PL 051",NA,NA
"Diptera","Diptera sp19 M PL 058",NA,NA
"Diptera","Diptera sp2",NA,NA
"Diptera","Diptera sp2 M PL 013",NA,NA
"Diptera","Diptera sp2 M PL 016",NA,NA
"Diptera","Diptera sp2 M PL 094",NA,NA
"Diptera","Diptera sp2 M PL 100",NA,NA
"Diptera","Diptera sp2 M PL 102",NA,NA
"Diptera","Diptera sp2 M PL 103",NA,NA
"Diptera","Diptera sp2 M PL 112",NA,NA
"Diptera","Diptera sp2 M PL 123",NA,NA
"Diptera","Diptera sp2 M PL 126",NA,NA
"Diptera","Diptera sp2 M PL 128",NA,NA
"Diptera","Diptera sp2 M PL 131",NA,NA
"Diptera","Diptera sp2 M PL 134",NA,NA
"Diptera","Diptera sp20 M PL 017",NA,NA
"Diptera","Diptera sp20 M PL 050",NA,NA
"Diptera","Diptera sp20 M PL 058",NA,NA
"Diptera","Diptera sp21 M PL 017",NA,NA
"Diptera","Diptera sp21 M PL 046",NA,NA
"Diptera","Diptera sp21 M PL 050",NA,NA
"Diptera","Diptera sp22 M PL 017",NA,NA
"Diptera","Diptera sp23 M PL 017",NA,NA
"Diptera","Diptera sp23 M PL 053",NA,NA
"Diptera","Diptera sp232 M PL 021",NA,NA
"Diptera","Diptera sp24 M PL 017",NA,NA
"Diptera","Diptera sp24 M PL 046",NA,NA
"Diptera","Diptera sp25 M PL 017",NA,NA
"Diptera","Diptera sp25 M PL 046",NA,NA
"Diptera","Diptera sp25 M PL 058",NA,NA
"Diptera","Diptera sp26 M PL 017",NA,NA
"Diptera","Diptera sp26 M PL 046",NA,NA
"Diptera","Diptera sp26 M PL 058",NA,NA
"Diptera","Diptera sp265 M PL 021",NA,NA
"Diptera","Diptera sp27 M PL 017",NA,NA
"Diptera","Diptera sp27 M PL 058",NA,NA
"Diptera","Diptera sp28 M PL 017",NA,NA
"Diptera","Diptera sp28 M PL 051",NA,NA
"Diptera","Diptera sp28 M PL 058",NA,NA
"Diptera","Diptera sp29 M PL 017",NA,NA
"Diptera","Diptera sp3",NA,NA
"Diptera","Diptera sp3 M PL 013",NA,NA
"Diptera","Diptera sp3 M PL 016",NA,NA
"Diptera","Diptera sp3 M PL 084",NA,NA
"Diptera","Diptera sp3 M PL 085",NA,NA
"Diptera","Diptera sp3 M PL 087",NA,NA
"Diptera","Diptera sp3 M PL 093",NA,NA
"Diptera","Diptera sp3 M PL 100",NA,NA
"Diptera","Diptera sp3 M PL 111",NA,NA
"Diptera","Diptera sp3 M PL 119",NA,NA
"Diptera","Diptera sp3 M PL 122",NA,NA
"Diptera","Diptera sp3 M PL 124",NA,NA
"Diptera","Diptera sp3 M PL 125",NA,NA
"Diptera","Diptera sp3 M PL 126",NA,NA
"Diptera","Diptera sp3 M PL 134",NA,NA
"Diptera","Diptera sp30 M PL 017",NA,NA
"Diptera","Diptera sp31 M PL 017",NA,NA
"Diptera","Diptera sp32 M PL 017",NA,NA
"Diptera","Diptera sp37 M PL 017",NA,NA
"Diptera","Diptera sp38 M PL 017",NA,NA
"Diptera","Diptera sp4 M PL 050",NA,NA
"Diptera","Diptera sp4 M PL 086",NA,NA
"Diptera","Diptera sp4 M PL 090",NA,NA
"Diptera","Diptera sp4 M PL 104",NA,NA
"Diptera","Diptera sp4 M PL 106",NA,NA
"Diptera","Diptera sp4 M PL 107",NA,NA
"Diptera","Diptera sp4 M PL 119",NA,NA
"Diptera","Diptera sp4 M PL 124",NA,NA
"Diptera","Diptera sp4 M PL 126",NA,NA
"Diptera","Diptera sp4 M PL 134",NA,NA
"Diptera","Diptera sp41 M PL 051",NA,NA
"Diptera","Diptera sp42 M PL 051",NA,NA
"Diptera","Diptera sp43 M PL 051",NA,NA
"Diptera","Diptera sp44 M PL 051",NA,NA
"Diptera","Diptera sp5 M PL 020",NA,NA
"Diptera","Diptera sp5 M PL 046",NA,NA
"Diptera","Diptera sp5 M PL 093",NA,NA
"Diptera","Diptera sp5 M PL 101",NA,NA
"Diptera","Diptera sp5 M PL 102",NA,NA
"Diptera","Diptera sp5 M PL 106",NA,NA
"Diptera","Diptera sp6 M PL 014",NA,NA
"Diptera","Diptera sp6 M PL 046",NA,NA
"Diptera","Diptera sp6 M PL 130",NA,NA
"Diptera","Diptera sp6 M PL 134",NA,NA
"Diptera","Diptera sp7 M PL 046",NA,NA
"Diptera","Diptera sp7 M PL 049",NA,NA
"Diptera","Diptera sp7 M PL 050",NA,NA
"Diptera","Diptera sp7 M PL 096",NA,NA
"Diptera","Diptera sp7 M PL 098",NA,NA
"Diptera","Diptera sp7 M PL 128",NA,NA
"Diptera","Diptera sp7 M PL 130",NA,NA
"Diptera","Diptera sp7 M PL 134",NA,NA
"Diptera","Diptera sp8 M PL 035",NA,NA
"Diptera","Diptera sp8 M PL 101",NA,NA
"Diptera","Diptera sp9 M PL 046",NA,NA
"Diptera","Diptera sp6 M PL 101",NA,NA
"Diptera","Diptera sp6 M PL 106",NA,NA
"Diptera","Diptera sp1 M PL 092",NA,NA
"Diptera","Diptera sp1 M PL 093",NA,NA
"Diptera","Diptera sp1 M PL 094",NA,NA
"Diptera","Diptera sp1 M PL 097",NA,NA
"Diptera","Diptera sp1 M PL 099",NA,NA
"Diptera","Diptera sp1 M PL 101",NA,NA
"Diptera","Diptera sp1 M PL 102",NA,NA
"Diptera","Diptera sp1 M PL 111",NA,NA
"Diptera","Diptera sp1 M PL 114",NA,NA
"Diptera","Diptera sp1 M PL 119",NA,NA
"Diptera","Diptera sp2 M PL 046",NA,NA
"Diptera","Diptera sp2 M PL 072",NA,NA
"Diptera","Diptera sp3 M PL 086",NA,NA
"Diptera","Diptera sp33 M PL 017",NA,NA
"Diptera","Diptera sp34 M PL 017",NA,NA
"Diptera","Diptera sp35 M PL 017",NA,NA
"Diptera","Diptera sp90 M PL 057",NA,NA
"Diptera","Diptera sp91 M PL 057",NA,NA
"Discestra","Discestra sodae",NA,NA
"Dischistus","Dischistus senex","Diptera","Bombyliidae"
"Disclisioprocta","Disclisioprocta stellata","Lepidoptera","Geometridae"
"Discocerina","Discocerina obscurella","Diptera","Ephydridae"
"Discodon","Discodon sp2 M PL 072","Coleoptera","Cantharidae"
"Discodon","Discodon sp1 M PL 072","Coleoptera","Cantharidae"
"Disonycha","Disonycha limbicollis","Coleoptera","Chrysomelidae"
"Distichona","Distichona auriceps","Diptera","Tachinidae"
"Ditemnus","Ditemnus bidentatus","Coleoptera","Cantharidae"
"Dolerus","Dolerus aprilis","Hymenoptera","Tenthredinidae"
"Dolerus","Dolerus bicolor","Hymenoptera","Tenthredinidae"
"Dolerus","Dolerus sericeus","Hymenoptera","Tenthredinidae"
"Dolichogyna","Dolichogyna sp1 M PL 022","Diptera","Syrphidae"
"Dolichogyna","Dolichogyna chilensis","Diptera","Syrphidae"
"Dolichogyna","Dolichogyna nigripes","Diptera","Syrphidae"
"Dolichopodidae","Dolichopodidae sp1 M PL 069",NA,NA
"Dolichopus","Dolichopus nitidus","Diptera","Dolichopodidae"
"Dolichopus","Dolichopus dasyops","Diptera","Dolichopodidae"
"Dolichopus","Dolichopus plumipes","Diptera","Dolichopodidae"
"Dolichopus","Dolichopus sp1 M PL 055","Diptera","Dolichopodidae"
"Dolichovespula","Dolichovespula media sugare","Hymenoptera","Vespidae"
"Dolichovespula","Dolichovespula saxonica","Hymenoptera","Vespidae"
"Dolichovespula","Dolichovespula norvegicoides","Hymenoptera","Vespidae"
"Dolichovespula","Dolichovespula diabolica","Hymenoptera","Vespidae"
"Dolichovespula","Dolichovespula arctica","Hymenoptera","Vespidae"
"Dolichovespula","Dolichovespula norwegica","Hymenoptera","Vespidae"
"Dolichovespula","Dolichovespula adulterina","Hymenoptera","Vespidae"
"Dolycoris","Dolycoris baccarum","Hemiptera","Pentatomidae"
"Dolycoris","Dolycoris bacculum","Hemiptera","Pentatomidae"
"Donacia","Donacia provostii","Coleoptera","Chrysomelidae"
"Dorycera","Dorycera hybrida","Diptera","Ulidiidae"
"Dotichopus","Dotichopus nitidus",NA,NA
"Drasteria","Drasteria erechtea","Lepidoptera","Erebidae"
"Drepanium","Drepanium falciferum",NA,NA
"Dromius","Dromius prolixus","Coleoptera","Carabidae"
"Drosophila","Drosophila sp1 M PL 068","Diptera","Drosophilidae"
"Drosophila","Drosophila sp1 M PL 012","Diptera","Drosophilidae"
"Drosophila","Drosophila sp1 M PL 053","Diptera","Drosophilidae"
"Drosophila","Drosophila sp2 M PL 053","Diptera","Drosophilidae"
"Drosophila","Drosophila sp1 M PL 064","Diptera","Drosophilidae"
"Drosophila","Drosophila sp1 M PL 008","Diptera","Drosophilidae"
"Drosophila","Drosophila sp2 M PL 065","Diptera","Drosophilidae"
"Drosophila","Drosophila sp1 M PL 055","Diptera","Drosophilidae"
"Drosophila","Drosophila sp2 M PL 055","Diptera","Drosophilidae"
"Drosophila","Drosophila varia","Diptera","Drosophilidae"
"Drosophilidae","Drosophilidae sp1 M PL 072",NA,NA
"Dryas","Dryas iulia","Lepidoptera","Nymphalidae"
"Dryas","Dryas iulia delila","Lepidoptera","Nymphalidae"
"Drymeia","Drymeia groenlandica","Diptera","Muscidae"
"Drymeia","Drymeia segnis","Diptera","Muscidae"
"Dybowskia","Dybowskia reticulata",NA,NA
"Dynatosoma","Dynatosoma thoracicum","Diptera","Mycetophilidae"
"Dysauxes","Dysauxes florida","Lepidoptera","Erebidae"
"Dysauxes","Dysauxes florida Joan","Lepidoptera","Erebidae"
"Dysderus","Dysderus philippinus",NA,NA
"Dysmorphocellus","Dysmorphocellus sp1 M PL 034",NA,NA
"Eagris","Eagris sabadius","Lepidoptera","Hesperiidae"
"Echinomyia","Echinomyia decias","Diptera","Tachinidae"
"Echinomyia","Echinomyia mikado","Diptera","Tachinidae"
"Echinomyia","Echinomyia algens","Diptera","Tachinidae"
"Eclimus","Eclimus harrisi","Diptera","Bombyliidae"
"Ectemius","Ectemius muricatus",NA,NA
"Ectemius","Ectemius montanus",NA,NA
"Ectemnius","Ectemnius confinissp","Hymenoptera","Crabronidae"
"Ectemnius","Ectemnius nigritarsus","Hymenoptera","Crabronidae"
"Ectemnius","Ectemnius crassicornis","Hymenoptera","Crabronidae"
"Ectemnius","Ectemnius atriceps","Hymenoptera","Crabronidae"
"Ectemnius","Ectemnius radiatus","Hymenoptera","Crabronidae"
"Ectemnius","Ectemnius rubicola","Hymenoptera","Crabronidae"
"Ectemnuis","Ectemnuis dives",NA,NA
"Ectemunis","Ectemunis or Cranocernus sp1 M PL 057",NA,NA
"Ectinohoplia","Ectinohoplia gracilis","Coleoptera","Scarabaeidae"
"Ectinohoplia","Ectinohoplia obducta","Coleoptera","Scarabaeidae"
"Ectinus","Ectinus sericeus","Coleoptera","Elateridae"
"Ectophasia","Ectophasia sinensis","Diptera","Tachinidae"
"Edema","Edema complana",NA,NA
"Egle","Egle parva","Diptera","Anthomyiidae"
"Egle","Egle sp1 M PL 009","Diptera","Anthomyiidae"
"Egle","Egle brevicornis","Diptera","Anthomyiidae"
"Egle","Egle minuta","Diptera","Anthomyiidae"
"Egle","Egle sp1 M PL 049","Diptera","Anthomyiidae"
"Eilema","Eilema squalida","Lepidoptera","Erebidae"
"Einfieldia","Einfieldia sp1 M PL 014",NA,NA
"Elachiptera","Elachiptera flavida","Diptera","Chloropidae"
"Elachiptera","Elachiptera costata","Diptera","Chloropidae"
"Elaenia","Elaenia albiceps",NA,NA
"Elampus","Elampus spina","Hymenoptera","Chrysididae"
"Elaphromyia","Elaphromyia imcompleta","Diptera","Tephritidae"
"Elaphroptera","Elaphroptera relicta","Hymenoptera","Tiphiidae"
"Elasmostethus","Elasmostethus humeralis","Hemiptera","Acanthosomatidae"
"Elasmucha","Elasmucha nipponica","Hemiptera","Acanthosomatidae"
"Elasmus","Elasmus nigripes","Hymenoptera","Eulophidae"
"Electrostrymon","Electrostrymon angerona","Lepidoptera","Lycaenidae"
"Eliphilus","Eliphilus latifrons",NA,NA
"Elis","Elis 5 cincta",NA,NA
"Elis","Elis interrupta",NA,NA
"Elis","Elis thoracica",NA,NA
"Ells","Ells cillosa",NA,NA
"Ellychnia","Ellychnia corrusca","Coleoptera","Lampyridae"
"Emesis","Emesis russula","Lepidoptera","Lycaenidae"
"Emphor","Emphor bombiformis",NA,NA
"Emphoropsis","Emphoropsis floridana","Hymenoptera","Apidae"
"Empis","Empis rustica","Diptera","Empididae"
"Empis","Empis livida","Diptera","Empididae"
"Empis","Empis lucida","Diptera","Empididae"
"Empis","Empis sp1 M PL 012","Diptera","Empididae"
"Empis","Empis nuntia","Diptera","Empididae"
"Empis","Empis humilis","Diptera","Empididae"
"Empis","Empis nigripes","Diptera","Empididae"
"Empis","Empis flavofasalis","Diptera","Empididae"
"Empis","Empis otiosa","Diptera","Empididae"
"Empis","Empis loripedis","Diptera","Empididae"
"Empis","Empis sp6 M PL 019","Diptera","Empididae"
"Empis","Empis sp3 M PL 019","Diptera","Empididae"
"Empis","Empis sp1 M PL 015","Diptera","Empididae"
"Empis","Empis sp2 M PL 019","Diptera","Empididae"
"Empis","Empis sp1 M PL 047","Diptera","Empididae"
"Empis","Empis sp2 M PL 015","Diptera","Empididae"
"Empis","Empis albinervis","Diptera","Empididae"
"Empis","Empis pennipes","Diptera","Empididae"
"Empis","Empis tessellata","Diptera","Empididae"
"Empis","Empis distans","Diptera","Empididae"
"Empis","Empis sp5 M PL 019","Diptera","Empididae"
"Empis","Empis aestiva","Diptera","Empididae"
"Empis","Empis sp4 M PL 019","Diptera","Empididae"
"Empria","Empria quadrimaculata","Hymenoptera","Tenthredinidae"
"Endelus","Endelus opacipennis","Coleoptera","Buprestidae"
"Enicmus","Enicmus transversus","Coleoptera","Latridiidae"
"Enneastigma","Enneastigma triplex","Diptera","Anthomyiidae"
"Ennyomma","Ennyomma clistoides",NA,NA
"Ennyomma","Ennyomma globosa",NA,NA
"Enoplium","Enoplium 4 punctatum","Coleoptera","Cleridae"
"Ensina","Ensina sonchi","Diptera","Tephritidae"
"Entephria","Entephria puncticeps","Lepidoptera","Geometridae"
"Entomobrya","Entomobrya comparata","Entomobryomorpha","Entomobryidae"
"Entomognathus","Entomognathus texanus","Hymenoptera","Crabronidae"
"Entomophaga","Entomophaga nigrohalterata","Diptera","Tachinidae"
"Entypus","Entypus sp1 M PL 023","Hymenoptera","Pompilidae"
"Entypus","Entypus ferruginipennis","Hymenoptera","Pompilidae"
"Entypus","Entypus sp1 M PL 072","Hymenoptera","Pompilidae"
"Enyo","Enyo lugubris delanoi","Lepidoptera","Sphingidae"
"Eoanthidium","Eoanthidium insulare","Hymenoptera","Megachilidae"
"Eobia","Eobia cinereipennis","Coleoptera","Oedemeridae"
"Eocanthecoma","Eocanthecoma kyushuensis","Hemiptera","Pentatomidae"
"Eoseristalis","Eoseristalis horticola","Diptera","Syrphidae"
"Eoseristalis","Eoseristalis abusivus","Diptera","Syrphidae"
"Eoseristalis","Eoseristalis arbustorum","Diptera","Syrphidae"
"Epalpus","Epalpus bicolor","Diptera","Tachinidae"
"Epalpus","Epalpus signiferus","Diptera","Tachinidae"
"Epalpus","Epalpus rufus","Diptera","Tachinidae"
"Epania","Epania septentrionalis","Coleoptera","Cerambycidae"
"Epeolus","Epeolus melectiformis","Hymenoptera","Apidae"
"Epeolus","Epeolus autumnalis","Hymenoptera","Apidae"
"Epeolus","Epeolus pusillus","Hymenoptera","Apidae"
"Epeolus","Epeolus helianthi","Hymenoptera","Apidae"
"Epeolus","Epeolus fallax","Hymenoptera","Apidae"
"Epeolus","Epeolus correopsis","Hymenoptera","Apidae"
"Epeolus","Epeolus bifasciatus","Hymenoptera","Apidae"
"Ephemerella","Ephemerella sp1 M PL 004","Ephemeroptera","Ephemerellidae"
"Ephemeroptera","Ephemeroptera sp77 M PL 021",NA,NA
"Ephemeroptera","Ephemeroptera sp344 M PL 057",NA,NA
"Ephemoropsis","Ephemoropsis laboriosa",NA,NA
"Ephiphyrne","Ephiphyrne undosata",NA,NA
"Epiacanthus","Epiacanthus stramineus","Hemiptera","Cicadellidae"
"Epicauta","Epicauta sp1 M PL 072","Coleoptera","Meloidae"
"Epicauta","Epicauta trichrus","Coleoptera","Meloidae"
"Epicauta","Epicauta cinerea","Coleoptera","Meloidae"
"Epicauta","Epicauta pennsylvanica","Coleoptera","Meloidae"
"Epicauta","Epicauta sp1 M PL 023","Coleoptera","Meloidae"
"Epicharis","Epicharis obscura","Hymenoptera","Apidae"
"Epicharis","Epicharis sp1 M PL 059","Hymenoptera","Apidae"
"Epicometis","Epicometis hirta","Coleoptera","Scarabaeidae"
"Epigrimyia","Epigrimyia floridensis","Diptera","Tachinidae"
"Epigrimyia","Epigrimyia polita","Diptera","Tachinidae"
"Epilachna","Epilachna niponica","Coleoptera","Coccinellidae"
"Epilachna","Epilachna vigintioctopunctata","Coleoptera","Coccinellidae"
"Epilichas","Epilichas flabellatus","Coleoptera","Ptilodactylidae"
"Epimelissodes","Epimelissodes atripes",NA,NA
"Epimelissodes","Epimelissodes oligolege",NA,NA
"Epiphryne","Epiphryne xanthaspis","Lepidoptera","Geometridae"
"Epistorophe","Epistorophe orientaris",NA,NA
"Epistoropheaino","Epistoropheaino sp1 M PL 057",NA,NA
"Epistotophe","Epistotophe shibakawae",NA,NA
"Epistrophe","Epistrophe aino","Diptera","Syrphidae"
"Epistrophe","Epistrophe sp1 M PL 055","Diptera","Syrphidae"
"Episymploce","Episymploce amamtensis","Blattodea","Ectobiidae"
"Episyrphus","Episyrphus sp1 M PL 067","Diptera","Syrphidae"
"Episyrphus","Episyrphus sp1 M PL 062","Diptera","Syrphidae"
"Episyrphus","Episyrphus batteatus","Diptera","Syrphidae"
"Episyrphus","Episyrphus balteata","Diptera","Syrphidae"
"Episyrphus","Episyrphus aurcollis","Diptera","Syrphidae"
"Episyrphus","Episyrphus balteatus","Diptera","Syrphidae"
"Episyrphus","Episyrphus sp1 M PL 074","Diptera","Syrphidae"
"Episyrphus","Episyrphus sp1 M PL 075","Diptera","Syrphidae"
"Episyrphus","Episyrphus sp1 M PL 061","Diptera","Syrphidae"
"Episyrphus","Episyrphus sp1 M PL 064","Diptera","Syrphidae"
"Episyrphus","Episyrphus sp1 M PL 060","Diptera","Syrphidae"
"Episyrphus","Episyrphus arbustorum","Diptera","Syrphidae"
"Episyrphus","Episyrphus sp near circularis Hull","Diptera","Syrphidae"
"Episyrphus","Episyrphus sp1 M PL 063","Diptera","Syrphidae"
"Episyrphus","Episyrphus sp1 M PL 073","Diptera","Syrphidae"
"Episyrphus","Episyrphus sp1 M PL 070","Diptera","Syrphidae"
"Episyrphus","Episyrphus sp1 M PL 082","Diptera","Syrphidae"
"Episyrphus","Episyrphus sp1 M PL 068","Diptera","Syrphidae"
"Episyrphus","Episyrphus sp1 M PL 080","Diptera","Syrphidae"
"Episyrphus","Episyrphus sp1 M PL 071","Diptera","Syrphidae"
"Episyrphus","Episyrphus sp1 M PL 081","Diptera","Syrphidae"
"Episyrphus","Episyrphus sp1 M PL 076","Diptera","Syrphidae"
"Epotiocerus","Epotiocerus flexuosus","Hemiptera","Derbidae"
"Epuraea","Epuraea fergeri","Coleoptera","Nitidulidae"
"Epuraea","Epuraea depressa","Coleoptera","Nitidulidae"
"Epuraea","Epuraea dentipes","Coleoptera","Nitidulidae"
"Epuraea","Epuraea depressa Illiger","Coleoptera","Nitidulidae"
"Epuraea","Epuraea sp1 M PL 056","Coleoptera","Nitidulidae"
"Epuraea","Epuraea sp1 M PL 057","Coleoptera","Nitidulidae"
"Epuraea","Epuraea sp1 M PL 021","Coleoptera","Nitidulidae"
"Epuraea","Epuraea bergeri","Coleoptera","Nitidulidae"
"Epuraea","Epuraea commutata","Coleoptera","Nitidulidae"
"Epurea","Epurea truncatella",NA,NA
"Epysiron","Epysiron biguttatus",NA,NA
"Erebia","Erebia epipsodea","Lepidoptera","Nymphalidae"
"Eremomyioides","Eremomyioides setosa",NA,NA
"Erigone","Erigone pyschrophila","Araneae","Linyphiidae"
"Eriopis","Eriopis conexa","Coleoptera","Coccinellidae"
"Eriothrix","Eriothrix rufomaculatus","Diptera","Tachinidae"
"Eriothrix","Eriothrix rufomaculata","Diptera","Tachinidae"
"Eristalinus","Eristalinus sepulcharius","Diptera","Syrphidae"
"Eristalinus","Eristalinus aeneus","Diptera","Syrphidae"
"Eristalinus","Eristalinus viridis","Diptera","Syrphidae"
"Eristalinus","Eristalinus sepulchralis","Diptera","Syrphidae"
"Eristalinus","Eristalinus quinquestriatum","Diptera","Syrphidae"
"Eristalinus","Eristalinus flaveolus Bigot","Diptera","Syrphidae"
"Eristalinus","Eristalinus vicarians","Diptera","Syrphidae"
"Eristalinus","Eristalinus taeniops","Diptera","Syrphidae"
"Eristalinus","Eristalinus flaveolus","Diptera","Syrphidae"
"Eristalinus","Eristalinus arvorumsp","Diptera","Syrphidae"
"Eristalis","Eristalis arbustorum","Diptera","Syrphidae"
"Eristalis","Eristalis elegans","Diptera","Syrphidae"
"Eristalis","Eristalis lineata","Diptera","Syrphidae"
"Eristalis","Eristalis bastardi","Diptera","Syrphidae"
"Eristalis","Eristalis cereaiis","Diptera","Syrphidae"
"Eristalis","Eristalis latifrons","Diptera","Syrphidae"
"Eristalis","Eristalis bogotensis","Diptera","Syrphidae"
"Eristalis","Eristalis assimilis","Diptera","Syrphidae"
"Eristalis","Eristalis taeniops","Diptera","Syrphidae"
"Eristalis","Eristalis temporalis","Diptera","Syrphidae"
"Eristalis","Eristalis cerealis","Diptera","Syrphidae"
"Eristalis","Eristalis pratorum","Diptera","Syrphidae"
"Eristalis","Eristalis intricarius","Diptera","Syrphidae"
"Eristalis","Eristalis interrupta","Diptera","Syrphidae"
"Eristalis","Eristalis kyokoae","Diptera","Syrphidae"
"Eristalis","Eristalis flavipes","Diptera","Syrphidae"
"Eristalis","Eristalis brousi","Diptera","Syrphidae"
"Eristalis","Eristalis sp1 M PL 015","Diptera","Syrphidae"
"Eristalis","Eristalis dimidiatus","Diptera","Syrphidae"
"Eristalis","Eristalis sp1 M PL 031","Diptera","Syrphidae"
"Eristalis","Eristalis intricaria","Diptera","Syrphidae"
"Eristalis","Eristalis dimidiata","Diptera","Syrphidae"
"Eristalis","Eristalis pertinax","Diptera","Syrphidae"
"Eristalis","Eristalis tenax","Diptera","Syrphidae"
"Eristalis","Eristalis vinatorum","Diptera","Syrphidae"
"Eristalis","Eristalis meigenii","Diptera","Syrphidae"
"Eristalis","Eristalis ventralis","Diptera","Syrphidae"
"Eristalis","Eristalis cerealis ","Diptera","Syrphidae"
"Eristalis","Eristalis nemorum","Diptera","Syrphidae"
"Eristalis","Eristalis meigeni","Diptera","Syrphidae"
"Eristalix","Eristalix tenax",NA,NA
"Eristalodes","Eristalodes seychellarum","Diptera","Syrphidae"
"Eristalodes","Eristalodes taeniops","Diptera","Syrphidae"
"Eristalomya","Eristalomya tenax",NA,NA
"Eristatinus","Eristatinus viridis",NA,NA
"Eristatis","Eristatis cerealis",NA,NA
"Erizoa","Erizoa olivalis",NA,NA
"Ernestia","Ernestia rudis",NA,NA
"Eroessa","Eroessa chilensis","Lepidoptera","Pieridae"
"Erylaeus","Erylaeus macroupinensis",NA,NA
"Erynnis","Erynnis montanus","Lepidoptera","Hesperiidae"
"Erynnis","Erynnis leonardus snowi","Lepidoptera","Hesperiidae"
"Erythronychia","Erythronychia aliena","Diptera","Tachinidae"
"Estheria","Estheria simonyi","Diptera","Tachinidae"
"Etcheverrius","Etcheverrius chilensis","Lepidoptera","Nymphalidae"
"Euapis","Euapis basalis",NA,NA
"Euaresta","Euaresta bella","Diptera","Tephritidae"
"Eucera","Eucera sp1 M PL 015","Hymenoptera","Apidae"
"Eucera","Eucera nigrilabris","Hymenoptera","Apidae"
"Eucera","Eucera furfurea","Hymenoptera","Apidae"
"Eucera","Eucera albofasciata","Hymenoptera","Apidae"
"Eucera","Eucera bidentata","Hymenoptera","Apidae"
"Eucera","Eucera gracilipes","Hymenoptera","Apidae"
"Eucera","Eucera sp1 M PL 058","Hymenoptera","Apidae"
"Eucera","Eucera clypeata","Hymenoptera","Apidae"
"Eucera","Eucera hispaliensis","Hymenoptera","Apidae"
"Eucera","Eucera nigrescens","Hymenoptera","Apidae"
"Eucera","Eucera sp2 M PL 015","Hymenoptera","Apidae"
"Eucera","Eucera seminuda","Hymenoptera","Apidae"
"Eucera","Eucera punctulata","Hymenoptera","Apidae"
"Eucera","Eucera parnassia","Hymenoptera","Apidae"
"Eucerceris","Eucerceris zonatus","Hymenoptera","Crabronidae"
"Eucetonia","Eucetonia roelofsi","Coleoptera","Scarabaeidae"
"Eucetonia","Eucetonia pilifera","Coleoptera","Scarabaeidae"
"Euchistus","Euchistus ictericus",NA,NA
"Euchlo","Euchlo creusa lotta",NA,NA
"Euchloe","Euchloe ausonia","Lepidoptera","Pieridae"
"Euchrombius","Euchrombius ocellus",NA,NA
"Eucoila","Eucoila mellipes","Hymenoptera","Figitidae"
"Euctenurapteryx","Euctenurapteryx maculicaudaria",NA,NA
"Eucymatoge","Eucymatoge gobiata",NA,NA
"Eudasyphora","Eudasyphora cyanicolor","Diptera","Muscidae"
"Euderces","Euderces picipes","Coleoptera","Cerambycidae"
"Eudesmia","Eudesmia australis","Lepidoptera","Erebidae"
"Eudonia","Eudonia sabulosella","Lepidoptera","Crambidae"
"Eudorilas","Eudorilas cruciator",NA,NA
"Euglossa","Euglossa sp","Hymenoptera","Apidae"
"Euglossa","Euglossa jamaicensis","Hymenoptera","Apidae"
"Euglossa","Euglossa sp1 M PL 031","Hymenoptera","Apidae"
"Euglossa","Euglossa cordata","Hymenoptera","Apidae"
"Euglossa","Euglossa chalybeata","Hymenoptera","Apidae"
"Eugnamptus","Eugnamptus angustatus","Coleoptera","Attelabidae"
"Eugnoriste","Eugnoriste occidentalis","Diptera","Sciaridae"
"Euhibus","Euhibus sp1 M PL 030",NA,NA
"Eukiefferiella","Eukiefferiella sp1 M PL 010","Diptera","Chironomidae"
"Eulaema","Eulaema meriana","Hymenoptera","Apidae"
"Eulaema","Eulaema nigrita","Hymenoptera","Apidae"
"Eulalia","Eulalia sp1 M PL 027",NA,NA
"Eulalia","Eulalia sp1 M PL 028",NA,NA
"Eulalia","Eulalia sp1 M PL 029",NA,NA
"Eulampis","Eulampis holosericeus",NA,NA
"Eulampis","Eulampis jugularis",NA,NA
"Eulype","Eulype hastata",NA,NA
"Eumea","Eumea sp1 M PL 053","Diptera","Tachinidae"
"Eumea","Eumea sp2 M PL 053","Diptera","Tachinidae"
"Eumenes","Eumenes fraternus","Hymenoptera","Vespidae"
"Eumenes","Eumenes sp1 M PL 030","Hymenoptera","Vespidae"
"Eumenes","Eumenes lunulatus","Hymenoptera","Vespidae"
"Eumenes","Eumenes micado","Hymenoptera","Vespidae"
"Eumenes","Eumenes decorata","Hymenoptera","Vespidae"
"Eumenes","Eumenes dubius","Hymenoptera","Vespidae"
"Eumenes","Eumenes rubronotatus","Hymenoptera","Vespidae"
"Eumenes","Eumenes samurai","Hymenoptera","Vespidae"
"Eumerus","Eumerus sp1 M PL 053","Diptera","Syrphidae"
"Eumerus","Eumerus sp2 M PL 015","Diptera","Syrphidae"
"Eumerus","Eumerus iidai","Diptera","Syrphidae"
"Eumerus","Eumerus japonica","Diptera","Syrphidae"
"Eumerus","Eumerus tuberculatus","Diptera","Syrphidae"
"Eumerus","Eumerus pulchellus","Diptera","Syrphidae"
"Eumerus","Eumerus tricolor","Diptera","Syrphidae"
"Eumerus","Eumerus basalis","Diptera","Syrphidae"
"Eumerus","Eumerus okinawaensis","Diptera","Syrphidae"
"Eumerus","Eumerus pusillus","Diptera","Syrphidae"
"Eumerus","Eumerus amoenus","Diptera","Syrphidae"
"Eumerus","Eumerus sp1 M PL 015","Diptera","Syrphidae"
"Eumicromus","Eumicromus confusus","Neuroptera","Hemerobiidae"
"Eumolpinae","Eumolpinae sp1 M PL 064",NA,NA
"Eumolpinae","Eumolpinae sp2",NA,NA
"Eumolpinae","Eumolpinae sp3",NA,NA
"Eumolpinae","Eumolpinae sp1 M PL 075",NA,NA
"Eumolpinae","Eumolpinae sp1 M PL 077",NA,NA
"Eumolpinae","Eumolpinae sp2 M PL 075",NA,NA
"Eumyotheria","Eumyotheria illinoensis",NA,NA
"Euneornis","Euneornis campestris",NA,NA
"Euodynerus","Euodynerus cylindricus","Hymenoptera","Eumenidae"
"Euodynerus","Euodynerus velutinus","Hymenoptera","Eumenidae"
"Euodynerus","Euodynerus reflexus","Hymenoptera","Eumenidae"
"Eupavlovskia","Eupavlovskia funeraria",NA,NA
"Eupeodes","Eupeodes nigroventris","Diptera","Syrphidae"
"Eupeodes","Eupeodes corollae","Diptera","Syrphidae"
"Eupeodes","Eupeodes nielseni","Diptera","Syrphidae"
"Eupeodes","Eupeodes curtus","Diptera","Syrphidae"
"Euphoria","Euphoria fulgida","Coleoptera","Scarabaeidae"
"Euphorus","Euphorus mellipes","Hymenoptera","Braconidae"
"Euphyes","Euphyes verna","Lepidoptera","Hesperiidae"
"Eupoasca","Eupoasca polyphemus",NA,NA
"Eupogonomyia","Eupogonomyia groenlandica","Diptera","Muscidae"
"Eupogonomyia","Eupogonomyia probilofensis","Diptera","Muscidae"
"Eupsyche","Eupsyche m album",NA,NA
"Euptoieta","Euptoieta claudia","Lepidoptera","Nymphalidae"
"Euptoieta","Euptoieta claudia hortensia","Lepidoptera","Nymphalidae"
"Eupyses","Eupyses vestris",NA,NA
"Eurema","Eurema lisa","Lepidoptera","Pieridae"
"Eurema","Eurema sp1 M PL 035","Lepidoptera","Pieridae"
"Eurema","Eurema nise","Lepidoptera","Pieridae"
"Eurema","Eurema hecabe","Lepidoptera","Pieridae"
"Euricania","Euricania fascialis","Hemiptera","Ricaniidae"
"Euricania","Euricania ocellus","Hemiptera","Ricaniidae"
"Euryceromyia","Euryceromyia robertsonii",NA,NA
"Eurychaeta","Eurychaeta sp1 M PL 053","Diptera","Calliphoridae"
"Eurydema","Eurydema rugosum","Hemiptera","Pentatomidae"
"Eurydema","Eurydema ornatum","Hemiptera","Pentatomidae"
"Euryglossa","Euryglossa sp3 M PL 019","Hymenoptera","Colletidae"
"Euryglossa","Euryglossa sp1 M PL 019","Hymenoptera","Colletidae"
"Euryglossa","Euryglossa sp2 M PL 019","Hymenoptera","Colletidae"
"Eurygostomyia","Eurygostomyia philippii",NA,NA
"Eurymetopun","Eurymetopun obscurum",NA,NA
"Eurymetopun","Eurymetopun prasinum",NA,NA
"Eurymetopun","Eurymetopun proteus",NA,NA
"Eurystylus","Eurystylus coelestialium","Hemiptera","Miridae"
"Eurystylus","Eurystylus sauteri","Hemiptera","Miridae"
"Eurytides","Eurytides marcellinus","Lepidoptera","Papilionidae"
"Eurytoma","Eurytoma diastrophi","Hymenoptera","Eurytomidae"
"Eurytonidae","Eurytonidae sp1",NA,NA
"Euscartopsis","Euscartopsis zonalis",NA,NA
"Euschistus","Euschistus variolarius","Hemiptera","Pentatomidae"
"Euschistus","Euschistus fissilis","Hemiptera","Pentatomidae"
"Euseboides","Euseboides matsudai","Coleoptera","Cerambycidae"
"Eusphalerum","Eusphalerum parallelum","Coleoptera","Staphylinidae"
"Eusphalerum","Eusphalerum lewisisp","Coleoptera","Staphylinidae"
"Eusphalerum","Eusphalerum phothos","Coleoptera","Staphylinidae"
"Eusphalerum","Eusphalerum parallelym","Coleoptera","Staphylinidae"
"Eusphalerum","Eusphalerum convexum","Coleoptera","Staphylinidae"
"Eusphalerum","Eusphalerum sp1 M PL 004","Coleoptera","Staphylinidae"
"Eutachina","Eutachina sp1 M PL 055","Diptera","Tachinidae"
"Eutelus","Eutelus flavipes",NA,NA
"Euthera","Euthera tentatrix","Diptera","Tachinidae"
"Euthyneura","Euthyneura sp1 M PL 053","Diptera","Hybotidae"
"Eutrichosiphum","Eutrichosiphum pasaniae","Hemiptera","Aphididae"
"Eutrichosoma","Eutrichosoma mirabilis","Hymenoptera","Pteromalidae"
"Euvanessa","Euvanessa antiopa",NA,NA
"Euxesta","Euxesta notata","Diptera","Ulidiidae"
"Everes","Everes argiades hellotia","Lepidoptera","Lycaenidae"
"Everes","Everes argiades","Lepidoptera","Lycaenidae"
"Evergestis","Evergestis politalis","Lepidoptera","Crambidae"
"Evibrissa","Evibrissa huttoni",NA,NA
"Evodinus","Evodinus monticola","Coleoptera","Cerambycidae"
"Evylaeus","Evylaeus quebecensis","Hymenoptera","Halictidae"
"Evylaeus","Evylaeus macoupinensis","Hymenoptera","Halictidae"
"Evylaeus","Evylaeus pectoralis","Hymenoptera","Halictidae"
"Evylaeus","Evylaeus nelumbonis","Hymenoptera","Halictidae"
"Evylaeus","Evylaeus sp1 M PL 051","Hymenoptera","Halictidae"
"Evylaeus","Evylaeus divergens","Hymenoptera","Halictidae"
"Evylaeus","Evylaeus truncatus","Hymenoptera","Halictidae"
"Evylaeus","Evylaeus pectinatus","Hymenoptera","Halictidae"
"Evylaeus","Evylaeus arcuatus","Hymenoptera","Halictidae"
"Evylaeus","Evylaeus 4 maculatus","Hymenoptera","Halictidae"
"Exetastes","Exetastes suaveolens","Hymenoptera","Ichneumonidae"
"Exetastes","Exetastes obscurus","Hymenoptera","Ichneumonidae"
"Exhyalanthrax","Exhyalanthrax sp1 M PL 015","Diptera","Bombyliidae"
"Exochomus","Exochomus nigromaculatus","Coleoptera","Coccinellidae"
"Exomalopsis","Exomalopsis sp1 M PL 031","Hymenoptera","Apidae"
"Exomalopsis","Exomalopsis sp1 M PL 035","Hymenoptera","Apidae"
"Exomalopsis","Exomalopsis sp1 M PL 030","Hymenoptera","Apidae"
"Exonera","Exonera sp1 M PL 019",NA,NA
"Exoprosopa","Exoprosopa megerlei M PL 015","Diptera","Bombyliidae"
"Exoprosopa","Exoprosopa emarginata","Diptera","Bombyliidae"
"Exoprosopa","Exoprosopa decora","Diptera","Bombyliidae"
"Exoprosopa","Exoprosopa jacchus","Diptera","Bombyliidae"
"Exoprosopa","Exoprosopa fascipennis","Diptera","Bombyliidae"
"Exoprosopa","Exoprosopa volucris","Diptera","Bombyliidae"
"Exoprosopa","Exoprosopa fasciata","Diptera","Bombyliidae"
"Exoprosopa","Exoprosopa divisa","Diptera","Bombyliidae"
"Exoprosopa","Exoprosopa caliptera","Diptera","Bombyliidae"
"Exoprosopa","Exoprosopa italica","Diptera","Bombyliidae"
"Exoprosopa","Exoprosopa onusta","Diptera","Bombyliidae"
"Exorista","Exorista confinis","Diptera","Tachinidae"
"Exorista","Exorista nigripalpis","Diptera","Tachinidae"
"Exosoma","Exosoma flaviventre","Coleoptera","Chrysomelidae"
"Exosoma","Exosoma amamiense","Coleoptera","Chrysomelidae"
"Exptochiomera","Exptochiomera japonica",NA,NA
"Extemnius","Extemnius sp1 M PL 030",NA,NA
"Eyzarcoris","Eyzarcoris guttiger",NA,NA
"Fabriciana","Fabriciana adippe","Lepidoptera","Nymphalidae"
"Fabriciana","Fabriciana nerippe","Lepidoptera","Nymphalidae"
"Fannia","Fannia sp1 M PL 034","Diptera","Fanniidae"
"Fannia","Fannia rondanii","Diptera","Fanniidae"
"Fannia","Fannia sp2 M PL 034","Diptera","Fanniidae"
"Fannia","Fannia sp6 M PL 034","Diptera","Fanniidae"
"Fannia","Fannia sp3 M PL 034","Diptera","Fanniidae"
"Fannia","Fannia sp1 M PL 049","Diptera","Fanniidae"
"Fannia","Fannia pusio","Diptera","Fanniidae"
"Fannia","Fannia sp4 M PL 034","Diptera","Fanniidae"
"Fannia","Fannia sp7 M PL 034","Diptera","Fanniidae"
"Fannia","Fannia pusio Wiedemann","Diptera","Fanniidae"
"Fannia","Fannia sp5 M PL 034","Diptera","Fanniidae"
"Fannia","Fannia mollissima","Diptera","Fanniidae"
"Fannia","Fannia pallitibia","Diptera","Fanniidae"
"Fannia","Fannia fuscula","Diptera","Fanniidae"
"Fannia","Fannia ungulata","Diptera","Fanniidae"
"Fannia","Fannia polycheta","Diptera","Fanniidae"
"Faunula","Faunula leucoglene","Lepidoptera","Nymphalidae"
"Fazia","Fazia bullaephora","Diptera","Syrphidae"
"Fazia","Fazia macquarti","Diptera","Syrphidae"
"Feltia","Feltia subgothica","Lepidoptera","Noctuidae"
"Ferdinandea","Ferdinandea cuprea","Diptera","Syrphidae"
"Ferusa","Ferusa sp1 M PL 021",NA,NA
"Figites","Figites impatiens","Hymenoptera","Figitidae"
"Fischeria","Fischeria sp1 M PL 053","Diptera","Tachinidae"
"Florilegus","Florilegus condignus","Hymenoptera","Apidae"
"Foenus","Foenus perplexus",NA,NA
"Foenus","Foenus tarsatorius",NA,NA
"Forcipomyia","Forcipomyia sp1 M PL 098","Diptera","Ceratopogonidae"
"Forcipomyia","Forcipomyia sp1 M PL 099","Diptera","Ceratopogonidae"
"Forcipomyia","Forcipomyia sp1 M PL 020","Diptera","Ceratopogonidae"
"Forcipomyia","Forcipomyia litoraurea","Diptera","Ceratopogonidae"
"Forcipomyia","Forcipomyia sp1 M PL 128","Diptera","Ceratopogonidae"
"Forcipomyia","Forcipomyia sp1 M PL 130","Diptera","Ceratopogonidae"
"Forcipomyia","Forcipomyia sp1 M PL 121","Diptera","Ceratopogonidae"
"Forcipomyia","Forcipomyia sp1 M PL 096","Diptera","Ceratopogonidae"
"Forcipomyia","Forcipomyia sp1 M PL 105","Diptera","Ceratopogonidae"
"Forcipomyia","Forcipomyia sp1 M PL 103","Diptera","Ceratopogonidae"
"Forcipomyia","Forcipomyia sp1 M PL 106","Diptera","Ceratopogonidae"
"Forcipomyia","Forcipomyia sp1 M PL 010","Diptera","Ceratopogonidae"
"Forficula","Forficula mikado","Dermaptera","Forficulidae"
"Formica","Formica rufa","Hymenoptera","Formicidae"
"Formica","Formica sp1 M PL 021","Hymenoptera","Formicidae"
"Formica","Formica schaufussi","Hymenoptera","Formicidae"
"Formica","Formica fusca","Hymenoptera","Formicidae"
"Formica","Formica sp1 M PL 057","Hymenoptera","Formicidae"
"Formica","Formica japonica","Hymenoptera","Formicidae"
"Formica","Formica sanguinea","Hymenoptera","Formicidae"
"Formica","Formica rufibarbis","Hymenoptera","Formicidae"
"Formicidae","Formicidae sp1 M PL 072","Hymenoptera","Formicidae"
"Formicidae","Formicidae sp1 M PL 057","Hymenoptera","Formicidae"
"Formosopyrrhona","Formosopyrrhona satoi","Coleoptera","Cerambycidae"
"Foudia","Foudia madagascariense",NA,NA
"Foudia","Foudia madagascariensis",NA,NA
"Frankliniella","Frankliniella sp1 M PL 026","Thysanoptera","Thripidae"
"Freyeria","Freyeria trochylus","Lepidoptera","Lycaenidae"
"Frieseomelitta","Frieseomelitta silvestrii","Hymenoptera","Apidae"
"Frontina","Frontina frenchii","Diptera","Tachinidae"
"Frontina","Frontina aletiae","Diptera","Tachinidae"
"Frontina","Frontina archippivora","Diptera","Tachinidae"
"Fucellia","Fucellia pictipennis","Diptera","Anthomyiidae"
"Gaesischia","Gaesischia sp1 M PL 072","Hymenoptera","Apidae"
"Galerucella","Galerucella vittaticollis","Coleoptera","Chrysomelidae"
"Gallotia","Gallotia galloti",NA,NA
"Gambrinus","Gambrinus sp1 M PL 053","Coleoptera","Elateridae"
"Gambrus","Gambrus albonotatus","Hymenoptera","Ichneumonidae"
"Gambrus","Gambrus apicatus","Hymenoptera","Ichneumonidae"
"Gamepenthes","Gamepenthes similis","Coleoptera","Elateridae"
"Gamepenthes","Gamepenthes versipellis","Coleoptera","Elateridae"
"Ganoxanthus","Ganoxanthus pallidus",NA,NA
"Gargara","Gargara genistae","Hemiptera","Membracidae"
"Gasteruption","Gasteruption rubricans","Hymenoptera","Gasteruptiidae"
"Gasteruption","Gasteruption terrestre","Hymenoptera","Gasteruptiidae"
"Gasteruption","Gasteruption sp1 M PL 008","Hymenoptera","Gasteruptiidae"
"Gasteruption","Gasteruption granulithorax","Hymenoptera","Gasteruptiidae"
"Gastroidea","Gastroidea viridula",NA,NA
"Gayella","Gayella reedi","Hymenoptera","Masaridae"
"Gegenes","Gegenes sp1 M PL 016","Lepidoptera","Hesperiidae"
"Geisha","Geisha distinctissima","Hemiptera","Flatidae"
"Gelechia","Gelechia lithodes","Lepidoptera","Gelechiidae"
"GELECHIIDAE","GELECHIIDAE sp1 M PL 057",NA,NA
"Gelechioidea","Gelechioidea sp1",NA,NA
"Gelechioidea","Gelechioidea sp1 M PL 065",NA,NA
"Gelechioidea","Gelechioidea sp1 M PL 073",NA,NA
"Gelechioidea","Gelechioidea sp1 M PL 074",NA,NA
"Gelechioidea","Gelechioidea sp1 M PL 076",NA,NA
"Gelechioidea","Gelechioidea sp2",NA,NA
"Gelechioidea","Gelechioidea sp2 M PL 074",NA,NA
"Gelechioidea","Gelechioidea sp2 M PL 076",NA,NA
"Gelechioidea","Gelechioidea sp3",NA,NA
"Gelechioidea","Gelechioidea sp1 M PL 075",NA,NA
"Gelophaula","Gelophaula aenea","Lepidoptera","Tortricidae"
"Geocoris","Geocoris bullatus","Hemiptera","Geocoridae"
"Geocoris","Geocoris varius","Hemiptera","Geocoridae"
"Geometridae","Geometridae sp1 M PL 072",NA,NA
"Geranomyia","Geranomyia canadensis","Diptera","Limoniidae"
"Geron","Geron sp1 M PL 022","Diptera","Bombyliidae"
"Geron","Geron sp3 M PL 015","Diptera","Bombyliidae"
"Geron","Geron sp1 M PL 015","Diptera","Bombyliidae"
"Geron","Geron rufipes","Diptera","Bombyliidae"
"Geron","Geron gibbosus","Diptera","Bombyliidae"
"Geron","Geron hesperidon","Diptera","Bombyliidae"
"Geron","Geron sp2 M PL 015","Diptera","Bombyliidae"
"Geron","Geron seychellarum","Diptera","Bombyliidae"
"Geron","Geron sp4 M PL 015","Diptera","Bombyliidae"
"Gimnomera","Gimnomera dorsala","Diptera","Scathophagidae"
"Glaucias","Glaucias subpunctatus","Hemiptera","Pentatomidae"
"Glaucis","Glaucis hirsuta",NA,NA
"Glaucopsyche","Glaucopsyche alexis","Lepidoptera","Lycaenidae"
"Glenea","Glenea Chlorospila","Coleoptera","Cerambycidae"
"Globicornis","Globicornis nigripes","Coleoptera","Dermestidae"
"Globicornis","Globicornis sp1 M PL 015","Coleoptera","Dermestidae"
"Glyphipterix","Glyphipterix nigromarginata","Lepidoptera","Glyphipterigidae"
"Glypta","Glypta sp1 M PL 005","Hymenoptera","Ichneumonidae"
"Glypta","Glypta simplicipes","Hymenoptera","Ichneumonidae"
"Glypta","Glypta rufiscutellaris","Hymenoptera","Ichneumonidae"
"Glyptina","Glyptina spuria","Coleoptera","Chrysomelidae"
"Gnathias","Gnathias ovatus",NA,NA
"Gnathosmia","Gnathosmia georgica","Hymenoptera","Megachilidae"
"Gnophaela","Gnophaela vermiculata","Lepidoptera","Erebidae"
"Gnorimus","Gnorimus subopacus","Coleoptera","Scarabaeidae"
"Gonarcticus","Gonarcticus arcticus","Diptera","Scathophagidae"
"Gonepteryx","Gonepteryx cleopatra","Lepidoptera","Pieridae"
"Gonepteryx","Gonepteryx aspasia","Lepidoptera","Pieridae"
"Gonepteryx","Gonepteryx rhamni","Lepidoptera","Pieridae"
"Gonia","Gonia picea","Diptera","Tachinidae"
"Gonia","Gonia sp1 M PL 025","Diptera","Tachinidae"
"Gonia","Gonia exul","Diptera","Tachinidae"
"Goniozus","Goniozus sp1 M PL 026","Hymenoptera","Bethylidae"
"Goniozus","Goniozus cellularis","Hymenoptera","Bethylidae"
"Goniurellia","Goniurellia or Dectodes sp","Diptera","Tephritidae"
"Gonochrysis","Gonochrysis densa",NA,NA
"Gonochrysis","Gonochrysis perpulchra",NA,NA
"Gormnosoma","Gormnosoma rotundatum",NA,NA
"Gorpis","Gorpis sp1 M PL 057","Hemiptera","Nabidae"
"Gorytes","Gorytes Campestris","Hymenoptera","Crabronidae"
"Gorytes","Gorytes sp1 M PL 016","Hymenoptera","Crabronidae"
"Gracilicera","Gracilicera setosa","Diptera","Tachinidae"
"Grammographus","Grammographus notabilis","Coleoptera","Cerambycidae"
"Grammoptera","Grammoptera ruficornis","Coleoptera","Cerambycidae"
"Grammoptra","Grammoptra ruficornis",NA,NA
"Graphania","Graphania disjungens","Lepidoptera","Noctuidae"
"Graphania","Graphania omoplaca","Lepidoptera","Noctuidae"
"Graphania","Graphania sequens","Lepidoptera","Noctuidae"
"Graphium","Graphium sarpedon nipponum","Lepidoptera","Papilionidae"
"Graphomya","Graphomya maculata Scopoli","Diptera","Muscidae"
"Graphomya","Graphomya maculata","Diptera","Muscidae"
"Graphomya","Graphomya picta","Diptera","Muscidae"
"Graphomyia","Graphomyia americana",NA,NA
"Graphomyia","Graphomyia maculata",NA,NA
"Graphomyia","Graphomyia rufitibia",NA,NA
"Graphosoma","Graphosoma lineatum","Hemiptera","Pentatomidae"
"Graphosoma","Graphosoma rubrolineatum","Hemiptera","Pentatomidae"
"Grapta","Grapta hylas",NA,NA
"Graptomyza","Graptomyza ishikawai","Diptera","Syrphidae"
"Gymnetron","Gymnetron veronicae","Coleoptera","Curculionidae"
"Gymnochaeta","Gymnochaeta alcedo","Diptera","Tachinidae"
"Gymnosoma","Gymnosoma sp1 M PL 055","Diptera","Tachinidae"
"Gymnosoma","Gymnosoma nudifrons","Diptera","Tachinidae"
"Gymnosoma","Gymnosoma fuliginosa","Diptera","Tachinidae"
"Gymnosoma","Gymnosoma sp1 M PL 015","Diptera","Tachinidae"
"Gymnosoma","Gymnosoma rotundaturm","Diptera","Tachinidae"
"Gymnosoma","Gymnosoma rotundatum","Diptera","Tachinidae"
"Gynometriocnemus","Gynometriocnemus sp1 M PL 014",NA,NA
"Habrobracon","Habrobracon gelechiae","Hymenoptera","Braconidae"
"Habroloma","Habroloma liukiuense","Coleoptera","Buprestidae"
"Habroloma","Habroloma nixillum insulicola","Coleoptera","Buprestidae"
"Habromyia","Habromyia lipoflava","Diptera","Syrphidae"
"Habropoda","Habropoda tarsata","Hymenoptera","Apidae"
"Hadrodemus","Hadrodemus m flavum","Hemiptera","Miridae"
"Haematopota","Haematopota pluvialis","Diptera","Tabanidae"
"Halictid","Halictid sp1 M PL 025",NA,NA
"Halictillus","Halictillus sp1 M PL 072","Hymenoptera","Halictidae"
"Halictoides","Halictoides marginatus","Hymenoptera","Halictidae"
"Halictus","Halictus chloralictus","Hymenoptera","Halictidae"
"Halictus","Halictus fulvipes","Hymenoptera","Halictidae"
"Halictus","Halictus lerouxi","Hymenoptera","Halictidae"
"Halictus","Halictus quadricinctus","Hymenoptera","Halictidae"
"Halictus","Halictus tetrazonius","Hymenoptera","Halictidae"
"Halictus","Halictus lerouxii","Hymenoptera","Halictidae"
"Halictus","Halictus manitonellus","Hymenoptera","Halictidae"
"Halictus","Halictus medionitens","Hymenoptera","Halictidae"
"Halictus","Halictus rubicundus","Hymenoptera","Halictidae"
"Halictus","Halictus sp","Hymenoptera","Halictidae"
"Halictus","Halictus asperulus","Hymenoptera","Halictidae"
"Halictus","Halictus resurgens","Hymenoptera","Halictidae"
"Halictus","Halictus graecus","Hymenoptera","Halictidae"
"Halictus","Halictus tectus","Hymenoptera","Halictidae"
"Halictus","Halictus sp3 M PL 005","Hymenoptera","Halictidae"
"Halictus","Halictus sp1 M PL 015","Hymenoptera","Halictidae"
"Halictus","Halictus fendleri","Hymenoptera","Halictidae"
"Halictus","Halictus subaurata","Hymenoptera","Halictidae"
"Halictus","Halictus scabiosae","Hymenoptera","Halictidae"
"Halictus","Halictus aerarius","Hymenoptera","Halictidae"
"Halictus","Halictus pulzenus","Hymenoptera","Halictidae"
"Halictus","Halictus brunnescens","Hymenoptera","Halictidae"
"Halictus","Halictus sp1 M PL 012","Hymenoptera","Halictidae"
"Halictus","Halictus sp2 M PL 005","Hymenoptera","Halictidae"
"Halictus","Halictus sp2 M PL 015","Hymenoptera","Halictidae"
"Halictus","Halictus sp1 M PL 058","Hymenoptera","Halictidae"
"Halictus","Halictus sp1 M PL 005","Hymenoptera","Halictidae"
"Halictus","Halictus pollinus","Hymenoptera","Halictidae"
"Halicyoides","Halicyoides mamus",NA,NA
"Hallictoides","Hallictoides marginatus",NA,NA
"Halmenus","Halmenus cuspidatus","Orthoptera","Acrididae"
"Haltica","Haltica carinata","Coleoptera","Chrysomelidae"
"Haltichella","Haltichella xanticles","Hymenoptera","Chalcididae"
"Haltichella","Haltichella ornata","Hymenoptera","Chalcididae"
"Halticiellus","Halticiellus insulatis",NA,NA
"Halyctus","Halyctus sp1 M PL 058",NA,NA
"Hammerschmidtia","Hammerschmidtia ferruginea","Diptera","Syrphidae"
"Hammomyia","Hammomyia paludis",NA,NA
"Haplothrips","Haplothrips sp1 M PL 055","Thysanoptera","Phlaeothripidae"
"Haptoncurina","Haptoncurina motschulskii",NA,NA
"Haptoncus","Haptoncus concolorsp","Coleoptera","Nitidulidae"
"Haptoncus","Haptoncus luteolussp","Coleoptera","Nitidulidae"
"Harima","Harima callipteris",NA,NA
"Harmonia","Harmonia axyrides","Coleoptera","Coccinellidae"
"Harmonia","Harmonia axyridis","Coleoptera","Coccinellidae"
"Harmonia","Harmonia yedoensis","Coleoptera","Coccinellidae"
"Harmostes","Harmostes reflexulus","Hemiptera","Rhopalidae"
"Harpalus","Harpalus sp1 M PL 057","Coleoptera","Carabidae"
"Harrisina","Harrisina americana","Lepidoptera","Zygaenidae"
"Hayekpenthes","Hayekpenthes pallidus","Coleoptera","Elateridae"
"Hebecnema","Hebecnema fumosa","Diptera","Muscidae"
"Hedriodiscus","Hedriodiscus pulcher","Diptera","Stratiomyidae"
"Hedychrum","Hedychrum nobile","Hymenoptera","Chrysididae"
"Hedychrum","Hedychrum parvum","Hymenoptera","Chrysididae"
"Hedychrum","Hedychrum violaceum","Hymenoptera","Chrysididae"
"Helastia","Helastia cineraria","Lepidoptera","Geometridae"
"Helastia","Helastia semisignata","Lepidoptera","Geometridae"
"Helicobia","Helicobia morionella","Diptera","Sarcophagidae"
"Helicobia","Helicobia 4 setosa","Diptera","Sarcophagidae"
"Heliconius","Heliconius charitonius simulator","Lepidoptera","Nymphalidae"
"Heliconius","Heliconius erato","Lepidoptera","Nymphalidae"
"Heliconius","Heliconius sara","Lepidoptera","Nymphalidae"
"Heliconius","Heliconius nattereri","Lepidoptera","Nymphalidae"
"Heliconius","Heliconius numato","Lepidoptera","Nymphalidae"
"Heliconius","Heliconius ethilla","Lepidoptera","Nymphalidae"
"Helina","Helina sp1 M PL 055","Diptera","Muscidae"
"Helina","Helina evecta","Diptera","Muscidae"
"Helina","Helina sp2 M PL 055","Diptera","Muscidae"
"Helina","Helina sp1 M PL 019","Diptera","Muscidae"
"Helina","Helina sp2 M PL 019","Diptera","Muscidae"
"Helina","Helina sp4 M PL 055","Diptera","Muscidae"
"Helina","Helina sp3 M PL 055","Diptera","Muscidae"
"Helina","Helina reversio","Diptera","Muscidae"
"Heliopetes","Heliopetes arsalte","Lepidoptera","Hesperiidae"
"Heliotaurus","Heliotaurus ruficollis","Coleoptera","Tenebrionidae"
"Heliothis","Heliothis peltigera","Lepidoptera","Noctuidae"
"Heliothis","Heliothis armigera","Lepidoptera","Noctuidae"
"Heliothis","Heliothis dipsaceus","Lepidoptera","Noctuidae"
"Heliothis","Heliothis armiger","Lepidoptera","Noctuidae"
"Heliothis","Heliothis nubigera","Lepidoptera","Noctuidae"
"Heliothis","Heliothis cystiphora","Lepidoptera","Noctuidae"
"Helophilus","Helophilus sp1 M PL 006","Diptera","Syrphidae"
"Helophilus","Helophilus hochstetteri","Diptera","Syrphidae"
"Helophilus","Helophilus antipodus","Diptera","Syrphidae"
"Helophilus","Helophilus sp1 M PL 007","Diptera","Syrphidae"
"Helophilus","Helophilus trivittatus","Diptera","Syrphidae"
"Helophilus","Helophilus virgatus","Diptera","Syrphidae"
"Helophilus","Helophilus borealis","Diptera","Syrphidae"
"Helophilus","Helophilus divisus","Diptera","Syrphidae"
"Helophilus","Helophilus hybridus","Diptera","Syrphidae"
"Helophilus","Helophilus fasciatus","Diptera","Syrphidae"
"Helophilus","Helophilus pendulus","Diptera","Syrphidae"
"Helophilus","Helophilus laetus","Diptera","Syrphidae"
"Helophilus","Helophilus latifrons","Diptera","Syrphidae"
"Helorus","Helorus coruscus","Hymenoptera","Heloridae"
"Hemaris","Hemaris axillaris","Lepidoptera","Sphingidae"
"Hemaris","Hemaris affinis","Lepidoptera","Sphingidae"
"Hemaris","Hemaris thysbe","Lepidoptera","Sphingidae"
"Hemiargus","Hemiargus hanno","Lepidoptera","Lycaenidae"
"Hemicolletes","Hemicolletes ruizi",NA,NA
"Heminomada","Heminomada obliterata",NA,NA
"Hemipenthes","Hemipenthes velutinus","Diptera","Bombyliidae"
"Hemipepsis","Hemipepsis hilaris","Hymenoptera","Pompilidae"
"Hemiptera","Hemiptera sp27 M PL 023",NA,NA
"Hemiptera","Hemiptera sp28 M PL 023",NA,NA
"Hemiptera","Hemiptera sp3 M PL 026",NA,NA
"Hemipyrellia","Hemipyrellia sp1 M PL 110","Diptera","Calliphoridae"
"Hemipyrellia","Hemipyrellia sp1 M PL 129","Diptera","Calliphoridae"
"Hemipyrellia","Hemipyrellia sp1 M PL 126","Diptera","Calliphoridae"
"Hemipyrellia","Hemipyrellia sp1 M PL 117","Diptera","Calliphoridae"
"Hemipyrellia","Hemipyrellia sp1 M PL 108","Diptera","Calliphoridae"
"Hemipyrellia","Hemipyrellia sp1 M PL 118","Diptera","Calliphoridae"
"Hemipyrellia","Hemipyrellia sp1 M PL 088","Diptera","Calliphoridae"
"Hemipyrellia","Hemipyrellia sp1 M PL 111","Diptera","Calliphoridae"
"Hemipyrellia","Hemipyrellia sp1 M PL 127","Diptera","Calliphoridae"
"Hemipyrellia","Hemipyrellia sp1 M PL 112","Diptera","Calliphoridae"
"Hemipyrellia","Hemipyrellia sp1 M PL 093","Diptera","Calliphoridae"
"Hemipyrellia","Hemipyrellia sp1 M PL 095","Diptera","Calliphoridae"
"Hemipyrellia","Hemipyrellia sp1 M PL 114","Diptera","Calliphoridae"
"Hemipyrellia","Hemipyrellia sp1 M PL 087","Diptera","Calliphoridae"
"Hemipyrellia","Hemipyrellia sp1 M PL 123","Diptera","Calliphoridae"
"Hemipyrellia","Hemipyrellia sp1 M PL 097","Diptera","Calliphoridae"
"Hemipyrellia","Hemipyrellia sp1 M PL 106","Diptera","Calliphoridae"
"Hemipyrellia","Hemipyrellia sp1 M PL 098","Diptera","Calliphoridae"
"Hemipyrellia","Hemipyrellia sp1 M PL 115","Diptera","Calliphoridae"
"Hemipyrellia","Hemipyrellia sp1 M PL 109","Diptera","Calliphoridae"
"Hemipyrellia","Hemipyrellia sp1 M PL 130","Diptera","Calliphoridae"
"Hemipyrellia","Hemipyrellia sp1 M PL 119","Diptera","Calliphoridae"
"Hemipyrellia","Hemipyrellia sp1 M PL 086","Diptera","Calliphoridae"
"Hemipyrellia","Hemipyrellia germana","Diptera","Calliphoridae"
"Hemipyrellia","Hemipyrellia sp1 M PL 107","Diptera","Calliphoridae"
"Hemipyrellia","Hemipyrellia sp1 M PL 131","Diptera","Calliphoridae"
"Hemipyxis","Hemipyxis cinctipennis","Coleoptera","Chrysomelidae"
"Hemitaxonus","Hemitaxonus japonicas","Hymenoptera","Tenthredinidae"
"Hemiteles","Hemiteles gracilariae","Hymenoptera","Ichneumonidae"
"Henotesia","Henotesia narcissus","Lepidoptera","Nymphalidae"
"Henotesia","Henotesia narcissus Fabricius","Lepidoptera","Nymphalidae"
"Heodes","Heodes hypophlaeas",NA,NA
"Hercostomus","Hercostomus nigripennis","Diptera","Dolichopodidae"
"Hercostomus","Hercostomus sp1 M PL 047","Diptera","Dolichopodidae"
"Hercostomus","Hercostomus germanus","Diptera","Dolichopodidae"
"Heriades","Heriades coelostomus","Hymenoptera","Megachilidae"
"Heriades","Heriades truncorum","Hymenoptera","Megachilidae"
"Heriades","Heriades crenulata","Hymenoptera","Megachilidae"
"Heriades","Heriades punctulifera","Hymenoptera","Megachilidae"
"Heriades","Heriades gracilior","Hymenoptera","Megachilidae"
"Heriades","Heriades crenudatus","Hymenoptera","Megachilidae"
"Heringia","Heringia salix","Diptera","Syrphidae"
"Heringia","Heringia sp1 M PL 015","Diptera","Syrphidae"
"Heringia","Heringia heringi","Diptera","Syrphidae"
"Heringia","Heringia adpropinquans","Diptera","Syrphidae"
"Hespera","Hespera lomasa","Coleoptera","Chrysomelidae"
"Hesperia","Hesperia montivaga","Lepidoptera","Hesperiidae"
"Hesperomorpha","Hesperomorpha hirsuta","Coleoptera","Chrysomelidae"
"Heteria","Heteria plebeia","Diptera","Tachinidae"
"Heteria","Heteria appendiculata","Diptera","Tachinidae"
"Heteria","Heteria atripes","Diptera","Tachinidae"
"Heterocnemis","Heterocnemis graeca","Coleoptera","Scarabaeidae"
"Heteroderes","Heteroderes rufangulus","Coleoptera","Elateridae"
"Heteronychia","Heteronychia vagens","Diptera","Sarcophagidae"
"Heteronychia","Heteronychia haemorrhoa","Diptera","Sarcophagidae"
"Heteroptera","Heteroptera sp45 M PL 051",NA,NA
"Heteroptera","Heteroptera sp23 M PL 013",NA,NA
"Heterosarus","Heterosarus parvus","Hymenoptera","Andrenidae"
"Heterosarus","Heterosarus sp1 M PL 051","Hymenoptera","Andrenidae"
"Heterostylodes","Heterostylodes pratensis","Diptera","Anthomyiidae"
"Heterotrissocladius","Heterotrissocladius subpilosus","Diptera","Chironomidae"
"Hetophilus","Hetophilus virgatus",NA,NA
"Hilara","Hilara brevistyla","Diptera","Empididae"
"Hilarella","Hilarella aristalis","Diptera","Sarcophagidae"
"Hilarella","Hilarella stictica","Diptera","Sarcophagidae"
"Himatium","Himatium sp1 M PL 053","Coleoptera","Curculionidae"
"Hippelates","Hippelates plebejus","Diptera","Chloropidae"
"Hippelates","Hippelates pusio","Diptera","Chloropidae"
"Hippodamea","Hippodamea 13 punctata",NA,NA
"Hippodamea","Hippodamea 15 maculata",NA,NA
"Hippodamea","Hippodamea convergens",NA,NA
"Hippodamea","Hippodamea glacialiis",NA,NA
"Hippodamea","Hippodamea parenthesis",NA,NA
"Hippotion","Hippotion eson","Lepidoptera","Sphingidae"
"Hippotion","Hippotion eson Cramer","Lepidoptera","Sphingidae"
"Hister","Hister subrotundus","Coleoptera","Histeridae"
"Hister","Hister americanus","Coleoptera","Histeridae"
"Holcopasites","Holcopasites heliopsis","Hymenoptera","Apidae"
"Holoclera","Holoclera nigripennis","Diptera","Empididae"
"Holonomada","Holonomada affabilis",NA,NA
"Holonomada","Holonomada placida",NA,NA
"Holonomada","Holonomada superba",NA,NA
"Holonomada","Holonomada vincta",NA,NA
"Holopyga","Holopyga ventralis","Hymenoptera","Chrysididae"
"Homalomyia","Homalomyia prostrata",NA,NA
"Homodotis","Homodotis megaspilata","Lepidoptera","Geometridae"
"Homoecerus","Homoecerus annulatus",NA,NA
"Homoeocerus","Homoeocerus dilatatus","Hemiptera","Coreidae"
"Homoneura","Homoneura sp2 M PL 055","Diptera","Lauxaniidae"
"Homoneura","Homoneura sp1 M PL 063","Diptera","Lauxaniidae"
"Homoneura","Homoneura sp1 M PL 064","Diptera","Lauxaniidae"
"Homoneura","Homoneura sp1 M PL 053","Diptera","Lauxaniidae"
"Homoneura","Homoneura sp1 M PL 055","Diptera","Lauxaniidae"
"Homoneura","Homoneura sp1 M PL 072","Diptera","Lauxaniidae"
"Homoneura","Homoneura sp2 M PL 072","Diptera","Lauxaniidae"
"Homoneura","Homoneura sp1 M PL 062","Diptera","Lauxaniidae"
"Homoneura","Homoneura sp1 M PL 061","Diptera","Lauxaniidae"
"Homoneura","Homoneura quadrivittata","Diptera","Lauxaniidae"
"Homoneura","Homoneura sp2 M PL 053","Diptera","Lauxaniidae"
"Homoneura","Homoneura extera","Diptera","Lauxaniidae"
"Homoneura","Homoneura sp3","Diptera","Lauxaniidae"
"Homoneura","Homoneura sp2","Diptera","Lauxaniidae"
"Hoplia","Hoplia moerens","Coleoptera","Scarabaeidae"
"Hoplia","Hoplia communis","Coleoptera","Scarabaeidae"
"Hoplismenus","Hoplismenus sp1 M PL 053","Hymenoptera","Ichneumonidae"
"Hoplisus","Hoplisus atricornis",NA,NA
"Hoplisus","Hoplisus simillimus",NA,NA
"Hoplitis","Hoplitis sp1 M PL 015","Hymenoptera","Megachilidae"
"Hoplitis","Hoplitis producta","Hymenoptera","Megachilidae"
"Hoplitis","Hoplitis sybarita","Hymenoptera","Megachilidae"
"Hoplitis","Hoplitis pallicornis","Hymenoptera","Megachilidae"
"Hoplitis","Hoplitis sp2 M PL 015","Hymenoptera","Megachilidae"
"Hoplitis","Hoplitis pici","Hymenoptera","Megachilidae"
"Hoplitis","Hoplitis perezi","Hymenoptera","Megachilidae"
"Hoplitis","Hoplitis curvipes","Hymenoptera","Megachilidae"
"Hoplitis","Hoplitis manicata","Hymenoptera","Megachilidae"
"Hoplitis","Hoplitis cylindricus","Hymenoptera","Megachilidae"
"Hoplitis","Hoplitis bisulca","Hymenoptera","Megachilidae"
"Hoplitis","Hoplitis yermasoyiae","Hymenoptera","Megachilidae"
"Hoplitis","Hoplitis rufohirta","Hymenoptera","Megachilidae"
"Hoplitis","Hoplitis papaveris","Hymenoptera","Megachilidae"
"Hoplitis","Hoplitis annulata subsp. crenulata","Hymenoptera","Megachilidae"
"Hoplitis","Hoplitis fabrei","Hymenoptera","Megachilidae"
"Hoplocneme","Hoplocneme sp1 M PL 027","Coleoptera","Curculionidae"
"Hoplocneme","Hoplocneme sp1 M PL 029","Coleoptera","Curculionidae"
"Hoplocneme","Hoplocneme sp1 M PL 028","Coleoptera","Curculionidae"
"Hoplodrina","Hoplodrina ambigua","Lepidoptera","Noctuidae"
"Hoshihananomia","Hoshihananomia perlata","Coleoptera","Mordellidae"
"Hotaria","Hotaria parvula",NA,NA
"Hyadina","Hyadina sp1 M PL 062","Diptera","Ephydridae"
"Hyadina","Hyadina sp1 M PL 068","Diptera","Ephydridae"
"Hyalomyodes","Hyalomyodes triangulifera",NA,NA
"Hyalurgus","Hyalurgus johnsoni","Diptera","Tachinidae"
"Hybomitra","Hybomitra typhus","Diptera","Tabanidae"
"Hybomitra","Hybomitra minuscula","Diptera","Tabanidae"
"Hybopygia","Hybopygia varia","Diptera","Sarcophagidae"
"Hydrellia","Hydrellia sp1 M PL 019","Diptera","Ephydridae"
"Hydrillodes","Hydrillodes sp1 M PL 063","Lepidoptera","Erebidae"
"Hydrillodes","Hydrillodes sp1 M PL 069","Lepidoptera","Erebidae"
"Hydriomena","Hydriomena deltoidata","Lepidoptera","Geometridae"
"Hydriomena","Hydriomena rixata","Lepidoptera","Geometridae"
"Hydrometra","Hydrometra procera","Hemiptera","Hydrometridae"
"Hydrophoria","Hydrophoria ambigua","Diptera","Anthomyiidae"
"Hydrophoria","Hydrophoria lancifer","Diptera","Anthomyiidae"
"Hydropsychoides","Hydropsychoides sp2 M PL 044",NA,NA
"Hydropsychoides","Hydropsychoides sp1 M PL 044",NA,NA
"Hydrotaea","Hydrotaea fuliginosa Robineau Desvoidy","Diptera","Muscidae"
"Hydrotaea","Hydrotaea similis","Diptera","Muscidae"
"Hydrotaea","Hydrotaea cinerea","Diptera","Muscidae"
"Hydrotaea","Hydrotaea fuliginosa","Diptera","Muscidae"
"Hydrothassa","Hydrothassa marginella","Coleoptera","Chrysomelidae"
"Hylaeus","Hylaeus agilis","Hymenoptera","Colletidae"
"Hylaeus","Hylaeus relegatus","Hymenoptera","Colletidae"
"Hylaeus","Hylaeus submonticola","Hymenoptera","Colletidae"
"Hylaeus","Hylaeus sp1 M PL 019","Hymenoptera","Colletidae"
"Hylaeus","Hylaeus paradifformis","Hymenoptera","Colletidae"
"Hylaeus","Hylaeus meridionalis","Hymenoptera","Colletidae"
"Hylaeus","Hylaeus bifasciatus","Hymenoptera","Colletidae"
"Hylaeus","Hylaeus nigritus","Hymenoptera","Colletidae"
"Hylaeus","Hylaeus insularum","Hymenoptera","Colletidae"
"Hylaeus","Hylaeus macilentus","Hymenoptera","Colletidae"
"Hylaeus","Hylaeus sp1 M PL 047","Hymenoptera","Colletidae"
"Hylaeus","Hylaeus punctatus","Hymenoptera","Colletidae"
"Hylaeus","Hylaeus semipersonatus","Hymenoptera","Colletidae"
"Hylaeus","Hylaeus sttbmonticola","Hymenoptera","Colletidae"
"Hylaeus","Hylaeus stevensi","Hymenoptera","Colletidae"
"Hylaeus","Hylaeus canariensis","Hymenoptera","Colletidae"
"Hylaeus","Hylaeus lineolatus","Hymenoptera","Colletidae"
"Hylaeus","Hylaeus sp1 M PL 028","Hymenoptera","Colletidae"
"Hylaeus","Hylaeus sp2 M PL 058","Hymenoptera","Colletidae"
"Hylaeus","Hylaeus sp1 M PL 058","Hymenoptera","Colletidae"
"Hylaeus","Hylaeus imparilis","Hymenoptera","Colletidae"
"Hylaeus","Hylaeus brevicornis","Hymenoptera","Colletidae"
"Hylaeus","Hylaeus annularis","Hymenoptera","Colletidae"
"Hylaeus","Hylaeus basalis","Hymenoptera","Colletidae"
"Hylaeus","Hylaeus globula","Hymenoptera","Colletidae"
"Hylaeus","Hylaeus signatus","Hymenoptera","Colletidae"
"Hylaeus","Hylaeus sp1 M PL 029","Hymenoptera","Colletidae"
"Hylaeus","Hylaeus sp1M PL 073","Hymenoptera","Colletidae"
"Hylaeus","Hylaeus nippon","Hymenoptera","Colletidae"
"Hylaeus","Hylaeus thoracius","Hymenoptera","Colletidae"
"Hylaeus","Hylaeus floralis","Hymenoptera","Colletidae"
"Hylaeus","Hylaeus pictus","Hymenoptera","Colletidae"
"Hylaeus","Hylaeus sp1 M PL 050","Hymenoptera","Colletidae"
"Hylaeus","Hylaeus variegatus","Hymenoptera","Colletidae"
"Hylaeus","Hylaeus noomen","Hymenoptera","Colletidae"
"Hylaeus","Hylaeus sp1 M PL 031","Hymenoptera","Colletidae"
"Hylaeus","Hylaeus ellipticus","Hymenoptera","Colletidae"
"Hylema","Hylema platura",NA,NA
"Hylemya","Hylemya sp3 M PL 049","Diptera","Anthomyiidae"
"Hylemya","Hylemya sp2 M PL 049","Diptera","Anthomyiidae"
"Hylemya","Hylemya sp1 M PL 049","Diptera","Anthomyiidae"
"Hylemyia","Hylemyia plumosa","Diptera","Anthomyiidae"
"Hylemyia","Hylemyia laevis","Diptera","Anthomyiidae"
"Hylephila","Hylephila phyleus","Lepidoptera","Hesperiidae"
"Hylephila","Hylephila phylaeus","Lepidoptera","Hesperiidae"
"Hylodanacea","Hylodanacea binotus",NA,NA
"Hylodanacea","Hylodanacea elegans",NA,NA
"Hyloicus","Hyloicus separatus",NA,NA
"Hylotoma","Hylotoma ciliaris",NA,NA
"Hylotoma","Hylotoma humeralis",NA,NA
"Hymenia","Hymenia recurvalis","Lepidoptera","Crambidae"
"Hymenoplia","Hymenoplia sp1 M PL 016","Coleoptera","Scarabaeidae"
"Hymenoptera","Hymenoptera sp39 M PL 017",NA,NA
"Hymenoptera","Hymenoptera ni",NA,NA
"Hymenoptera","Hymenoptera sp1 M PL 036",NA,NA
"Hymenoptera","Hymenoptera sp1 M PL 100",NA,NA
"Hymenoptera","Hymenoptera sp13 M PL 050",NA,NA
"Hymenoptera","Hymenoptera sp14 M PL 050",NA,NA
"Hymenoptera","Hymenoptera sp24 M PL 058",NA,NA
"Hymenoptera","Hymenoptera sp3 M PL 014",NA,NA
"Hymenoptera","Hymenoptera sp308 M PL 021",NA,NA
"Hymenoptera","Hymenoptera sp330 M PL 021",NA,NA
"Hymenoptera","Hymenoptera sp331 M PL 021",NA,NA
"Hymenoptera","Hymenoptera sp332 M PL 021",NA,NA
"Hymenoptera","Hymenoptera sp372 M PL 021",NA,NA
"Hymenoptera","Hymenoptera sp379 M PL 021",NA,NA
"Hymenoptera","Hymenoptera sp383 M PL 057",NA,NA
"Hymenoptera","Hymenoptera sp384 M PL 057",NA,NA
"Hymenoptera","Hymenoptera sp4 M PL 013",NA,NA
"Hymenoptera","Hymenoptera sp4 M PL 014",NA,NA
"Hymenoptera","Hymenoptera sp4 M PL 028",NA,NA
"Hymenoptera","Hymenoptera sp4 M PL 029",NA,NA
"Hymenoptera","Hymenoptera sp4 M PL 092",NA,NA
"Hymenoptera","Hymenoptera sp4 M PL 105",NA,NA
"Hymenoptera","Hymenoptera sp41 M PL 017",NA,NA
"Hymenoptera","Hymenoptera sp42 M PL 017",NA,NA
"Hymenoptera","Hymenoptera sp5 M PL 013",NA,NA
"Hymenoptera","Hymenoptera sp5 M PL 089",NA,NA
"Hymenoptera","Hymenoptera sp5 M PL 128",NA,NA
"Hymenoptera","Hymenoptera sp51 M PL 051",NA,NA
"Hymenoptera","Hymenoptera sp52 M PL 051",NA,NA
"Hymenoptera","Hymenoptera sp6 M PL 013",NA,NA
"Hymenoptera","Hymenoptera sp6 M PL 016",NA,NA
"Hymenoptera","Hymenoptera sp7 M PL 016",NA,NA
"Hymenoptera","Hymenoptera sp9 M PL 015",NA,NA
"Hymenoptera","Hymenoptera sp9 M PL 050",NA,NA
"Hymenoptera","Hymenoptera sp1 M PL 109",NA,NA
"Hymenoptera","Hymenoptera sp2 M PL 014",NA,NA
"Hymenoptera","Hymenoptera sp10 M PL 050",NA,NA
"Hymerria","Hymerria recurvalis",NA,NA
"Hypasclera","Hypasclera sp1 M PL 026","Coleoptera","Oedemeridae"
"Hypasclera","Hypasclera collenettei","Coleoptera","Oedemeridae"
"Hyperalonia","Hyperalonia tantalus","Diptera","Bombyliidae"
"Hyperaspis","Hyperaspis hottentota","Coleoptera","Coccinellidae"
"Hyphesma","Hyphesma sp1 M PL 019","Hymenoptera","Colletidae"
"Hypocrabro","Hypocrabro 10 maculatus",NA,NA
"Hypodinerus","Hypodinerus sp1 M PL 022",NA,NA
"Hypodinerus","Hypodinerus sp2 M PL 022",NA,NA
"Hypodinerus","Hypodinerus sp1 M PL 023",NA,NA
"Hypodynerus","Hypodynerus sp2","Hymenoptera","Vespidae"
"Hypodynerus","Hypodynerus sp3","Hymenoptera","Vespidae"
"Hypodynerus","Hypodynerus chiliotus","Hymenoptera","Vespidae"
"Hypodynerus","Hypodynerus  sp3","Hymenoptera","Vespidae"
"Hypodynerus","Hypodynerus sp1 M PL 034","Hymenoptera","Vespidae"
"Hyponotum","Hyponotum kraussei","Coleoptera","Cantharidae"
"Hyposoter","Hyposoter luctus","Hymenoptera","Ichneumonidae"
"Hypostena","Hypostena barbata",NA,NA
"Hypostena","Hypostena dunningii",NA,NA
"Hypostena","Hypostena indecisa",NA,NA
"Hypovoria","Hypovoria hilaris","Diptera","Tachinidae"
"Hypsochila","Hypsochila wagenknecti","Lepidoptera","Pieridae"
"Hyptia","Hyptia reticulata","Hymenoptera","Evaniidae"
"Ichneumon","Ichneumon sp2 M PL 053","Hymenoptera","Ichneumonidae"
"Ichneumon","Ichneumon sp1 M PL 053","Hymenoptera","Ichneumonidae"
"Ichneumon","Ichneumon succinctus","Hymenoptera","Ichneumonidae"
"Ichneumon","Ichneumon longulus","Hymenoptera","Ichneumonidae"
"Ichneumon","Ichneumon jucundus","Hymenoptera","Ichneumonidae"
"Ichneumon","Ichneumon funestus","Hymenoptera","Ichneumonidae"
"Ichneumonidae","Ichneumonidae 1",NA,NA
"Ichneumonidae","Ichneumonidae sp1 M PL 009",NA,NA
"Ichneumonidae","Ichneumonidae sp1 M PL 020",NA,NA
"Ichneumonidae","Ichneumonidae sp1 M PL 022",NA,NA
"Ichneumonidae","Ichneumonidae sp2 M PL 009",NA,NA
"Ichneumonidae","Ichneumonidae sp3 M PL 009",NA,NA
"Ichneumonidae","Ichneumonidae sp4 M PL 009",NA,NA
"Ichneumonoidea","Ichneumonoidea sp1 M PL 072",NA,NA
"Ichneumonoidea","Ichneumonoidea sp2 M PL 072",NA,NA
"Ichneumonoidea","Ichneumonoidea sp3 M PL 072",NA,NA
"Icteranthidium","Icteranthidium grohmanni","Hymenoptera","Megachilidae"
"Idiocerus","Idiocerus sp1 M PL 044","Hemiptera","Cicadellidae"
"Idiolespa","Idiolespa analis",NA,NA
"Idiostethus","Idiostethus subcalvus","Coleoptera","Curculionidae"
"Idiostrangaiia","Idiostrangaiia contracta",NA,NA
"Idiostrangalia","Idiostrangalia contracta","Coleoptera","Cerambycidae"
"Ilespinae","Ilespinae sp1 M PL 057",NA,NA
"Illeis","Illeis koebelei","Coleoptera","Coccinellidae"
"Imatisma","Imatisma sp1 M PL 021","Diptera","Syrphidae"
"Imatisma","Imatisma dimorpha","Diptera","Syrphidae"
"Imatisma","Imatisma abdominalis","Diptera","Syrphidae"
"Inachis","Inachis io","Lepidoptera","Nymphalidae"
"Incurviseta","Incurviseta sp2 M PL 019","Diptera","Lauxaniidae"
"Incurviseta","Incurviseta sp1 M PL 019","Diptera","Lauxaniidae"
"Involvutus","Involvutus ilosus",NA,NA
"Iomelissa","Iomelissa violae",NA,NA
"Iphiaulax","Iphiaulax rugator","Hymenoptera","Braconidae"
"Iphiclides","Iphiclides podalirius","Lepidoptera","Papilionidae"
"Irbisia","Irbisia brachycerus","Hemiptera","Miridae"
"Ischalis","Ischalis fortinata","Lepidoptera","Geometridae"
"Ischiodon","Ischiodon aegyptius","Diptera","Syrphidae"
"Ischiodon","Ischiodon aegyptius Wiedemann","Diptera","Syrphidae"
"Ischirosyrphus","Ischirosyrphus sp1 M PL 044",NA,NA
"Ischnura","Ischnura asiatica","Odonata","Coenagrionidae"
"Ischyrosyrphus","Ischyrosyrphus laternarius","Diptera","Syrphidae"
"Ischyrosyrphus","Ischyrosyrphus glaucius","Diptera","Syrphidae"
"Ischyrosyrphys","Ischyrosyrphys laternarius",NA,NA
"Isepeolus","Isepeolus niveiventris","Hymenoptera","Apidae"
"Isepeolus","Isepeolus viperinus","Hymenoptera","Apidae"
"Isodontia","Isodontia macrocephala","Hymenoptera","Sphecidae"
"Isodontia","Isodontia nigella","Hymenoptera","Sphecidae"
"Isodontia","Isodontia apicalis","Hymenoptera","Sphecidae"
"Isodontia","Isodontia sp1 M PL 072","Hymenoptera","Sphecidae"
"Isotoma","Isotoma viridis","Entomobryomorpha","Isotomidae"
"Issoria","Issoria lathonioides","Lepidoptera","Nymphalidae"
"Ivela","Ivela auripes","Lepidoptera","Erebidae"
"Janonia","Janonia evarete",NA,NA
"Japanostrangalia","Japanostrangalia deutatipennis","Coleoptera","Cerambycidae"
"Japonica","Japonica luter","Lepidoptera","Lycaenidae"
"Jmatisma","Jmatisma abdominalis",NA,NA
"Judolia","Judolia cerambyciformis","Coleoptera","Cerambycidae"
"Judolia","Judolia montivagans","Coleoptera","Cerambycidae"
"Jujiroa","Jujiroa sp1 M PL 057","Coleoptera","Carabidae"
"Junonia","Junonia sp1 M PL 035","Lepidoptera","Nymphalidae"
"Junonia","Junonia evarete","Lepidoptera","Nymphalidae"
"Kandyosilis","Kandyosilis mucronata","Coleoptera","Cantharidae"
"Lachesilla","Lachesilla sp1 M PL 044","Psocodea","Lachesillidae"
"Laeosopis","Laeosopis roboris","Lepidoptera","Lycaenidae"
"Lagidina","Lagidina ptatyeerus","Hymenoptera","Tenthredinidae"
"Lagria","Lagria nigricollis","Coleoptera","Tenebrionidae"
"Lampides","Lampides baeticus","Lepidoptera","Lycaenidae"
"Lampides","Lampides boeticus","Lepidoptera","Lycaenidae"
"Lampronota","Lampronota varia","Hymenoptera","Ichneumonidae"
"Lampronota","Lampronota coxalis","Hymenoptera","Ichneumonidae"
"Lampronota","Lampronota americana","Hymenoptera","Ichneumonidae"
"Languriomorpha","Languriomorpha nigritarsis","Coleoptera","Cerambycidae"
"Languriomorpha","Languriomorpha lewisi","Coleoptera","Cerambycidae"
"Laria","Laria loti",NA,NA
"Larra","Larra sp1 M PL 055","Hymenoptera","Crabronidae"
"Lasiestra","Lasiestra leucocycla",NA,NA
"Lasio","Lasio glossum sp1 M PL 057",NA,NA
"Lasiogfossum","Lasiogfossum apristum",NA,NA
"Lasiogfossum","Lasiogfossum laeviventre",NA,NA
"Lasiogfossum","Lasiogfossum problematicum",NA,NA
"Lasiogiossum","Lasiogiossum japonicum",NA,NA
"Lasiogiossum","Lasiogiossum Proximatum",NA,NA
"Lasioglossum","Lasioglossum sp7 M PL 019","Hymenoptera","Halictidae"
"Lasioglossum","Lasioglossum sp6 M PL 053","Hymenoptera","Halictidae"
"Lasioglossum","Lasioglossum sp1 M PL 044","Hymenoptera","Halictidae"
"Lasioglossum","Lasioglossum sp1 M PL 021","Hymenoptera","Halictidae"
"Lasioglossum","Lasioglossum sp6 M PL 057","Hymenoptera","Halictidae"
"Lasioglossum","Lasioglossum sp7 M PL 057","Hymenoptera","Halictidae"
"Lasioglossum","Lasioglossum lineare","Hymenoptera","Halictidae"
"Lasioglossum","Lasioglossum sp1 M PL 028","Hymenoptera","Halictidae"
"Lasioglossum","Lasioglossum sp6 M PL 021","Hymenoptera","Halictidae"
"Lasioglossum","Lasioglossum sp7 M PL 053","Hymenoptera","Halictidae"
"Lasioglossum","Lasioglossum sp1 M PL 053","Hymenoptera","Halictidae"
"Lasioglossum","Lasioglossum  quebecense","Hymenoptera","Halictidae"
"Lasioglossum","Lasioglossum subviridatum","Hymenoptera","Halictidae"
"Lasioglossum","Lasioglossum leucopus","Hymenoptera","Halictidae"
"Lasioglossum","Lasioglossum arctifrons","Hymenoptera","Halictidae"
"Lasioglossum","Lasioglossum littorale","Hymenoptera","Halictidae"
"Lasioglossum","Lasioglossum limbelloides","Hymenoptera","Halictidae"
"Lasioglossum","Lasioglossum sp6 M PL 019","Hymenoptera","Halictidae"
"Lasioglossum","Lasioglossum sp1 M PL 047","Hymenoptera","Halictidae"
"Lasioglossum","Lasioglossum mesosclerum","Hymenoptera","Halictidae"
"Lasioglossum","Lasioglossum aeratum","Hymenoptera","Halictidae"
"Lasioglossum","Lasioglossum proximatum","Hymenoptera","Halictidae"
"Lasioglossum","Lasioglossum birkmani","Hymenoptera","Halictidae"
"Lasioglossum","Lasioglossum leucozonium","Hymenoptera","Halictidae"
"Lasioglossum","Lasioglossum sp5 M PL 053","Hymenoptera","Halictidae"
"Lasioglossum","Lasioglossum sp5 M PL 021","Hymenoptera","Halictidae"
"Lasioglossum","Lasioglossum kansuense","Hymenoptera","Halictidae"
"Lasioglossum","Lasioglossum sp1 M PL 016","Hymenoptera","Halictidae"
"Lasioglossum","Lasioglossum laticeps","Hymenoptera","Halictidae"
"Lasioglossum","Lasioglossum sp5 M PL 057","Hymenoptera","Halictidae"
"Lasioglossum","Lasioglossum transitorium","Hymenoptera","Halictidae"
"Lasioglossum","Lasioglossum sp1 M PL 015","Hymenoptera","Halictidae"
"Lasioglossum","Lasioglossum evylaeus","Hymenoptera","Halictidae"
"Lasioglossum","Lasioglossum limbellum","Hymenoptera","Halictidae"
"Lasioglossum","Lasioglossum sp3 M PL 053","Hymenoptera","Halictidae"
"Lasioglossum","Lasioglossum prasinum","Hymenoptera","Halictidae"
"Lasioglossum","Lasioglossum atroglaucum","Hymenoptera","Halictidae"
"Lasioglossum","Lasioglossum mediterraneum","Hymenoptera","Halictidae"
"Lasioglossum","Lasioglossum macoupinens","Hymenoptera","Halictidae"
"Lasioglossum","Lasioglossum sp1 M PL 058","Hymenoptera","Halictidae"
"Lasioglossum","Lasioglossum taniolellum","Hymenoptera","Halictidae"
"Lasioglossum","Lasioglossum apristum","Hymenoptera","Halictidae"
"Lasioglossum","Lasioglossum baleicum","Hymenoptera","Halictidae"
"Lasioglossum","Lasioglossum quadrinotatum","Hymenoptera","Halictidae"
"Lasioglossum","Lasioglossum sp3 M PL 044","Hymenoptera","Halictidae"
"Lasioglossum","Lasioglossum tegulare","Hymenoptera","Halictidae"
"Lasioglossum","Lasioglossum forbesii","Hymenoptera","Halictidae"
"Lasioglossum","Lasioglossum sp1 M PL 029","Hymenoptera","Halictidae"
"Lasioglossum","Lasioglossum marginatum","Hymenoptera","Halictidae"
"Lasioglossum","Lasioglossum mahense","Hymenoptera","Halictidae"
"Lasioglossum","Lasioglossum malachurum","Hymenoptera","Halictidae"
"Lasioglossum","Lasioglossum immunitum","Hymenoptera","Halictidae"
"Lasioglossum","Lasioglossum sp5 M PL 019","Hymenoptera","Halictidae"
"Lasioglossum","Lasioglossum sp4 M PL 057","Hymenoptera","Halictidae"
"Lasioglossum","Lasioglossum japonicum","Hymenoptera","Halictidae"
"Lasioglossum","Lasioglossum amamiensis","Hymenoptera","Halictidae"
"Lasioglossum","Lasioglossum anellum","Hymenoptera","Halictidae"
"Lasioglossum","Lasioglossum subaenescen","Hymenoptera","Halictidae"
"Lasioglossum","Lasioglossum duplex","Hymenoptera","Halictidae"
"Lasioglossum","Lasioglossum brevicome","Hymenoptera","Halictidae"
"Lasioglossum","Lasioglossum convexiusculum","Hymenoptera","Halictidae"
"Lasioglossum","Lasioglossum affine","Hymenoptera","Halictidae"
"Lasioglossum","Lasioglossum albipes","Hymenoptera","Halictidae"
"Lasioglossum","Lasioglossum aegyptiellum","Hymenoptera","Halictidae"
"Lasioglossum","Lasioglossum sp8 M PL 057","Hymenoptera","Halictidae"
"Lasioglossum","Lasioglossum sp1 M PL 054","Hymenoptera","Halictidae"
"Lasioglossum","Lasioglossum albocinctum","Hymenoptera","Halictidae"
"Lasioglossum","Lasioglossum allodalum","Hymenoptera","Halictidae"
"Lasioglossum","Lasioglossum sp1 M PL 057","Hymenoptera","Halictidae"
"Lasioglossum","Lasioglossum sp9 M PL 019","Hymenoptera","Halictidae"
"Lasioglossum","Lasioglossum sp3 M PL 019","Hymenoptera","Halictidae"
"Lasioglossum","Lasioglossum sp1 M PL 056","Hymenoptera","Halictidae"
"Lasioglossum","Lasioglossum sp3 M PL 021","Hymenoptera","Halictidae"
"Lasioglossum","Lasioglossum problematicum","Hymenoptera","Halictidae"
"Lasioglossum","Lasioglossum laeviventre","Hymenoptera","Halictidae"
"Lasioglossum","Lasioglossum sp1 M PL 027","Hymenoptera","Halictidae"
"Lasioglossum","Lasioglossum crassepunctatum","Hymenoptera","Halictidae"
"Lasioglossum","Lasioglossum sp K2","Hymenoptera","Halictidae"
"Lasioglossum","Lasioglossum sp K1","Hymenoptera","Halictidae"
"Lasioglossum","Lasioglossum sibiriacum","Hymenoptera","Halictidae"
"Lasioglossum","Lasioglossum pygmaeum subsp. patulum","Hymenoptera","Halictidae"
"Lasioglossum","Lasioglossum sp4 M PL 021","Hymenoptera","Halictidae"
"Lasioglossum","Lasioglossum ephialtum","Hymenoptera","Halictidae"
"Lasioglossum","Lasioglossum subopacum","Hymenoptera","Halictidae"
"Lasioglossum","Lasioglossum sp2 M PL 044","Hymenoptera","Halictidae"
"Lasioglossum","Lasioglossum politum","Hymenoptera","Halictidae"
"Lasioglossum","Lasioglossum transpositum","Hymenoptera","Halictidae"
"Lasioglossum","Lasioglossum callizonium","Hymenoptera","Halictidae"
"Lasioglossum","Lasioglossum weemsi","Hymenoptera","Halictidae"
"Lasioglossum","Lasioglossum imitatum","Hymenoptera","Halictidae"
"Lasioglossum","Lasioglossum sp1 M PL 019","Hymenoptera","Halictidae"
"Lasioglossum","Lasioglossum lucidulum","Hymenoptera","Halictidae"
"Lasioglossum","Lasioglossum loetum","Hymenoptera","Halictidae"
"Lasioglossum","Lasioglossum sp8 M PL 019","Hymenoptera","Halictidae"
"Lasioglossum","Lasioglossum sexstrigatum","Hymenoptera","Halictidae"
"Lasioglossum","Lasioglossum percrassicepes","Hymenoptera","Halictidae"
"Lasioglossum","Lasioglossum cristula subsp. donatum","Hymenoptera","Halictidae"
"Lasioglossum","Lasioglossum occidens","Hymenoptera","Halictidae"
"Lasioglossum","Lasioglossum sp9 M PL 057","Hymenoptera","Halictidae"
"Lasioglossum","Lasioglossum cressonii","Hymenoptera","Halictidae"
"Lasioglossum","Lasioglossum nitidulum","Hymenoptera","Halictidae"
"Lasioglossum","Lasioglossum gorkiense","Hymenoptera","Halictidae"
"Lasioglossum","Lasioglossum chalcodes","Hymenoptera","Halictidae"
"Lasioglossum","Lasioglossum zonulum","Hymenoptera","Halictidae"
"Lasioglossum","Lasioglossum calceatum","Hymenoptera","Halictidae"
"Lasioglossum","Lasioglossum sordidum","Hymenoptera","Halictidae"
"Lasioglossum","Lasioglossum hirashimae","Hymenoptera","Halictidae"
"Lasioglossum","Lasioglossum sp10 M PL 019","Hymenoptera","Halictidae"
"Lasioglossum","Lasioglossum sp4 M PL 053","Hymenoptera","Halictidae"
"Lasioglossum","Lasioglossum pallens","Hymenoptera","Halictidae"
"Lasioglossum","Lasioglossum pauxillum","Hymenoptera","Halictidae"
"Lasioglossum","Lasioglossum obscurum","Hymenoptera","Halictidae"
"Lasioglossum","Lasioglossum sp2 M PL 054","Hymenoptera","Halictidae"
"Lasioglossum","Lasioglossum nigripes","Hymenoptera","Halictidae"
"Lasioglossum","Lasioglossum nipponense","Hymenoptera","Halictidae"
"Lasioglossum","Lasioglossum exiliceps","Hymenoptera","Halictidae"
"Lasioglossum","Lasioglossum viride","Hymenoptera","Halictidae"
"Lasioglossum","Lasioglossum sp1M PL 073","Hymenoptera","Halictidae"
"Lasioglossum","Lasioglossum sp8 M PL 053","Hymenoptera","Halictidae"
"Lasioglossum","Lasioglossum oblongum","Hymenoptera","Halictidae"
"Lasioglossum","Lasioglossum fratellum","Hymenoptera","Halictidae"
"Lasioglossum","Lasioglossum sp10 M PL 057","Hymenoptera","Halictidae"
"Lasioglossum","Lasioglossum sp2 M PL 057","Hymenoptera","Halictidae"
"Lasioglossum","Lasioglossum obscuratum","Hymenoptera","Halictidae"
"Lasioglossum","Lasioglossum sp2 M PL 053","Hymenoptera","Halictidae"
"Lasioglossum","Lasioglossum sp2 M PL 021","Hymenoptera","Halictidae"
"Lasioglossum","Lasioglossum scitulum","Hymenoptera","Halictidae"
"Lasioglossum","Lasioglossum sp2 M PL 019","Hymenoptera","Halictidae"
"Lasioglossum","Lasioglossum mutilum","Hymenoptera","Halictidae"
"Lasioglossum","Lasioglossum harmandi","Hymenoptera","Halictidae"
"Lasioglossum","Lasioglossum sp3 M PL 057","Hymenoptera","Halictidae"
"Lasioglossum","Lasioglossum nutilum","Hymenoptera","Halictidae"
"Lasioglossum","Lasioglossum punctatissimum","Hymenoptera","Halictidae"
"Lasioglossum","Lasioglossum sp11 M PL 019","Hymenoptera","Halictidae"
"Lasioglossum","Lasioglossum sexmaculatum","Hymenoptera","Halictidae"
"Lasioglossum","Lasioglossum sp12 M PL 057","Hymenoptera","Halictidae"
"Lasioglossum","Lasioglossum hitchensi","Hymenoptera","Halictidae"
"Lasioglossum","Lasioglossum villosulum","Hymenoptera","Halictidae"
"Lasioglossum","Lasioglossum fuscipenne","Hymenoptera","Halictidae"
"Lasioglossum","Lasioglossum sp11 M PL 057","Hymenoptera","Halictidae"
"Lasioglossum","Lasioglossum sp4 M PL 019","Hymenoptera","Halictidae"
"Lasiogtossum","Lasiogtossum apristum",NA,NA
"Lasiomma","Lasiomma seminitidum","Diptera","Anthomyiidae"
"Lasiomma","Lasiomma picipes","Diptera","Anthomyiidae"
"Lasiomma","Lasiomma sp1 M PL 053","Diptera","Anthomyiidae"
"Lasiommata","Lasiommata megera","Lepidoptera","Nymphalidae"
"Lasiopa","Lasiopa balius","Diptera","Stratiomyidae"
"Lasiopiophila","Lasiopiophila pilosa","Diptera","Piophilidae"
"Lasius","Lasius niger","Hymenoptera","Formicidae"
"Lasius","Lasius hayashi","Hymenoptera","Formicidae"
"Lasius","Lasius sp1 M PL 057","Hymenoptera","Formicidae"
"Lassioglossum","Lassioglossum fuscipenne",NA,NA
"Lassiopogon","Lassiopogon sp1 M PL 058",NA,NA
"Lathrophthalmus","Lathrophthalmus ocularis",NA,NA
"Lathrophthalmus","Lathrophthalmus viridis",NA,NA
"Lathyrophthalmus","Lathyrophthalmus quinquelineatus","Diptera","Syrphidae"
"Lathyrophthalmus","Lathyrophthalmus aeneus","Diptera","Syrphidae"
"Lauxania","Lauxania sp1 M PL 066","Diptera","Lauxaniidae"
"Lebia","Lebia purkynei","Coleoptera","Carabidae"
"Lebidia","Lebidia octoguttata","Coleoptera","Carabidae"
"Lecithoceridae","Lecithoceridae sp1 M PL 063",NA,NA
"Lecithoceridae","Lecithoceridae sp1 M PL 071",NA,NA
"Lecithoceridae","Lecithoceridae sp1 M PL 073",NA,NA
"Lecithoceridae","Lecithoceridae sp1",NA,NA
"Lecithoceridae","Lecithoceridae sp1 M PL 064",NA,NA
"Lecithoceridae","Lecithoceridae sp1 M PL 067",NA,NA
"Lecithoceridae","Lecithoceridae sp1 M PL 080",NA,NA
"Lecithoceridae","Lecithoceridae sp1 M PL 076",NA,NA
"Lecithoceridae","Lecithoceridae sp1 M PL 081",NA,NA
"Lecithoceridae","Lecithoceridae sp2 M PL 064",NA,NA
"Leeuwenia","Leeuwenia pasanii","Thysanoptera","Phlaeothripidae"
"Leeuwenia","Leeuwenia sp1 M PL 044","Thysanoptera","Phlaeothripidae"
"Leionotus","Leionotus scrophulariae","Hymenoptera","Eumenidae"
"Leionotus","Leionotus dorsalis","Hymenoptera","Eumenidae"
"Leionotus","Leionotus arvensis","Hymenoptera","Eumenidae"
"Leionotus","Leionotus clypeatus","Hymenoptera","Eumenidae"
"Leionotus","Leionotus vagus","Hymenoptera","Eumenidae"
"Leionotus","Leionotus megaera","Hymenoptera","Eumenidae"
"Leionotus","Leionotus fulvipes","Hymenoptera","Eumenidae"
"Leionotus","Leionotus molestus","Hymenoptera","Eumenidae"
"Leionotus","Leionotus perennis","Hymenoptera","Eumenidae"
"Leionotus","Leionotus leucomelas","Hymenoptera","Eumenidae"
"Leionotus","Leionotus illinoensis","Hymenoptera","Eumenidae"
"Leionotus","Leionotus fundatus","Hymenoptera","Eumenidae"
"Leioproctus","Leioproctus sp3 M PL 028","Hymenoptera","Colletidae"
"Leioproctus","Leioproctus sp2 M PL 027","Hymenoptera","Colletidae"
"Leioproctus","Leioproctus sp1 M PL 027","Hymenoptera","Colletidae"
"Leioproctus","Leioproctus sp4 M PL 029","Hymenoptera","Colletidae"
"Leioproctus","Leioproctus sp4 M PL 028","Hymenoptera","Colletidae"
"Leioproctus","Leioproctus sp3 M PL 029","Hymenoptera","Colletidae"
"Leioproctus","Leioproctus sp2 M PL 028","Hymenoptera","Colletidae"
"Leioproctus","Leioproctus sp1 M PL 029","Hymenoptera","Colletidae"
"Leioproctus","Leioproctus sp1 M PL 028","Hymenoptera","Colletidae"
"Leioproctus","Leioproctus boltonii","Hymenoptera","Colletidae"
"Leioproctus","Leioproctus indigoticus","Hymenoptera","Colletidae"
"Leioproctus","Leioproctus monticola","Hymenoptera","Colletidae"
"Leioproctus","Leioproctus fulvescens","Hymenoptera","Colletidae"
"Leioproctus","Leioproctus sp2 M PL 019","Hymenoptera","Colletidae"
"Leioproctus","Leioproctus sp4 M PL 019","Hymenoptera","Colletidae"
"Leioproctus","Leioproctus sp2 M PL 029","Hymenoptera","Colletidae"
"Leioproctus","Leioproctus sp1 M PL 019","Hymenoptera","Colletidae"
"Leioproctus","Leioproctus sp5 M PL 019","Hymenoptera","Colletidae"
"Leioproctus","Leioproctus sp3 M PL 019","Hymenoptera","Colletidae"
"Leioproctus","Leioproctus maritimus","Hymenoptera","Colletidae"
"Leioproctus","Leioproctus sp5 M PL 028","Hymenoptera","Colletidae"
"Leioproctus","Leioproctus imitatus","Hymenoptera","Colletidae"
"Leioproctus","Leioproctus sp5 M PL 029","Hymenoptera","Colletidae"
"Lejogaster","Lejogaster splendida","Diptera","Syrphidae"
"Lema","Lema sp1 M PL 072","Coleoptera","Chrysomelidae"
"Lemnia","Lemnia biplagiata",NA,NA
"Lemonias","Lemonias nubigena wheeleri",NA,NA
"Lemula","Lemula decipiens","Coleoptera","Cerambycidae"
"Leopoldius","Leopoldius japonicus","Diptera","Conopidae"
"Lepidanthrax","Lepidanthrax tinctus","Diptera","Bombyliidae"
"Lepidomyia","Lepidomyia decessum","Diptera","Syrphidae"
"Lepidoptera","Lepidoptera ni",NA,NA
"Lepidoptera","Lepidoptera sp14 M PL 016",NA,NA
"Lepidoptera","Lepidoptera sp14 M PL 046",NA,NA
"Lepidoptera","Lepidoptera sp2 M PL 026",NA,NA
"Lepidoptera","Lepidoptera sp2 M PL 027",NA,NA
"Lepidoptera","Lepidoptera sp3 M PL 028",NA,NA
"Lepidoptera","Lepidoptera sp31 M PL 049",NA,NA
"Lepidoptera","Lepidoptera sp33 M PL 049",NA,NA
"Lepidoptera","Lepidoptera sp36 M PL 049",NA,NA
"Lepidoptera","Lepidoptera sp38 M PL 013",NA,NA
"Lepidoptera","Lepidoptera sp39 M PL 049",NA,NA
"Lepidoptera","Lepidoptera sp4 M PL 036",NA,NA
"Lepidoptera","Lepidoptera sp4 M PL 049",NA,NA
"Lepidoptera","Lepidoptera sp5 M PL 049",NA,NA
"Lepidoptera","Lepidoptera sp5 M PL 051",NA,NA
"Lepidoptera","Lepidoptera sp6 M PL 029",NA,NA
"Lepidoptera","Lepidoptera sp8 M PL 028",NA,NA
"Lepidoptera","Lepidoptera sp32 M PL 049",NA,NA
"Lepidoptera","Lepidoptera sp37 M PL 013",NA,NA
"Lepidoptera","Lepidoptera sp37 M PL 049",NA,NA
"Lepidoptera","Lepidoptera sp38 M PL 049",NA,NA
"Lepidoptera","Lepidoptera sp9 M PL 029",NA,NA
"Leptochilus","Leptochilus eatoni","Hymenoptera","Eumenidae"
"Leptochilus","Leptochilus limbiferus","Hymenoptera","Eumenidae"
"Leptochilus","Leptochilus alpestris","Hymenoptera","Eumenidae"
"Leptochilus","Leptochilus regulus","Hymenoptera","Eumenidae"
"Leptocorixa","Leptocorixa corbetti",NA,NA
"Leptogaster","Leptogaster augustasp","Diptera","Asilidae"
"Leptopterna","Leptopterna dolabrata","Hemiptera","Miridae"
"Leptotes","Leptotes parrhasioides","Lepidoptera","Lycaenidae"
"Leptotes","Leptotes pirithous Linnaeus","Lepidoptera","Lycaenidae"
"Leptotes","Leptotes cassius","Lepidoptera","Lycaenidae"
"Leptotes","Leptotes pirithous","Lepidoptera","Lycaenidae"
"Leptura","Leptura ochraceofasciata amamiana","Coleoptera","Cerambycidae"
"Leptura","Leptura rubra","Coleoptera","Cerambycidae"
"Leptura","Leptura pubera","Coleoptera","Cerambycidae"
"Leptura","Leptura ochraceofasciata","Coleoptera","Cerambycidae"
"Leptura","Leptura arcuata","Coleoptera","Cerambycidae"
"Leptura","Leptura melanura","Coleoptera","Cerambycidae"
"Leptura","Leptura aethiops","Coleoptera","Cerambycidae"
"Leptura","Leptura chrysocoma","Coleoptera","Cerambycidae"
"Leptura","Leptura vittata","Coleoptera","Cerambycidae"
"Lerodea","Lerodea eufala","Lepidoptera","Hesperiidae"
"Leskia","Leskia analis","Diptera","Tachinidae"
"Leskiomima","Leskiomima secunda","Diptera","Tachinidae"
"Leskiomima","Leskiomima prima","Diptera","Tachinidae"
"Lestica","Lestica clypeata","Hymenoptera","Crabronidae"
"Lestica","Lestica collaris","Hymenoptera","Crabronidae"
"Leucania","Leucania albilinea","Lepidoptera","Noctuidae"
"Leucania","Leucania toroneura","Lepidoptera","Noctuidae"
"Leucochloris","Leucochloris albicollis",NA,NA
"Leucophora","Leucophora dissimilis","Diptera","Anthomyiidae"
"Leucophora","Leucophora sp1 M PL 015","Diptera","Anthomyiidae"
"Leucopis","Leucopis nigricornis","Diptera","Chamaemyiidae"
"Leucosmia","Leucosmia albiventria","Hymenoptera","Megachilidae"
"Leucospis","Leucospis sp1 M PL 072","Hymenoptera","Leucospidae"
"Leucostoma","Leucostoma nigricornis","Diptera","Tachinidae"
"Leucostoma","Leucostoma siphonina","Diptera","Tachinidae"
"Leucozona","Leucozona lucorum","Diptera","Syrphidae"
"Libythea","Libythea celtis","Lepidoptera","Nymphalidae"
"Libythea","Libythea carinenta","Lepidoptera","Nymphalidae"
"Ligus","Ligus honshuensis",NA,NA
"Limneria","Limneria eurycreontis",NA,NA
"Limneria","Limneria fura",NA,NA
"Limnia","Limnia sp1 M PL 055","Diptera","Sciomyzidae"
"Limnobaris","Limnobaris prolixa","Coleoptera","Curculionidae"
"Limnobaris","Limnobaris T album","Coleoptera","Curculionidae"
"Limnophilus","Limnophilus sp1 M PL 009","Trichoptera","Limnephilidae"
"Limnophora","Limnophora sp1 M PL 019","Diptera","Muscidae"
"Limnophora","Limnophora quaterna Loew","Diptera","Muscidae"
"Limnophora","Limnophora sp2 M PL 055","Diptera","Muscidae"
"Limnophora","Limnophora quaterna","Diptera","Muscidae"
"Limnophora","Limnophora narona","Diptera","Muscidae"
"Limnophora","Limnophora sp5 M PL 055","Diptera","Muscidae"
"Limnophora","Limnophora triangular","Diptera","Muscidae"
"Limnophora","Limnophora riparia","Diptera","Muscidae"
"Limnophora","Limnophora promineus","Diptera","Muscidae"
"Limnophora","Limnophora sp6 M PL 055","Diptera","Muscidae"
"Limnophora","Limnophora sp4 M PL 055","Diptera","Muscidae"
"Limnophora","Limnophora sp3 M PL 055","Diptera","Muscidae"
"Limnophora","Limnophora sp1 M PL 055","Diptera","Muscidae"
"Limnophora","Limnophora sinuata","Diptera","Muscidae"
"Limnophyes","Limnophyes natalensis","Diptera","Chironomidae"
"Limnophyes","Limnophyes ninae","Diptera","Chironomidae"
"Limnophyes","Limnophyes brachytomus","Diptera","Chironomidae"
"Limnophyes","Limnophyes sp1 M PL 014","Diptera","Chironomidae"
"Limnophyes","Limnophyes sp1 M PL 020","Diptera","Chironomidae"
"Limnophyes","Limnophyes sp2 M PL 014","Diptera","Chironomidae"
"Limnophyes","Limnophyes schnelli","Diptera","Chironomidae"
"Limnophyes","Limnophyes sp1 M PL 010","Diptera","Chironomidae"
"Limnophyes","Limnophyes globifer","Diptera","Chironomidae"
"Limochores","Limochores taumas",NA,NA
"Limonia","Limonia sp1 M PL 065","Diptera","Limoniidae"
"Limoniidae","Limoniidae sp1 M PL 064","Diptera","Limoniidae"
"Limonius","Limonius griseus","Coleoptera","Elateridae"
"Lina","Lina lapponica",NA,NA
"Lindenius","Lindenius errans","Hymenoptera","Crabronidae"
"Lindenius","Lindenius luteiventris","Hymenoptera","Crabronidae"
"Linepithema","Linepithema humile","Hymenoptera","Formicidae"
"Linnaemyia","Linnaemyia compta",NA,NA
"Linnaemyia","Linnaemyia soror",NA,NA
"Linnaenya","Linnaenya sp1 M PL 053",NA,NA
"Linoetis","Linoetis coeruleipennis",NA,NA
"Linotetis","Linotetis coeruleipennis",NA,NA
"Liorhyssum","Liorhyssum hyalinus",NA,NA
"Liorhyssus","Liorhyssus hyalinus","Hemiptera","Rhopalidae"
"Liphanthus","Liphanthus sabulosus","Hymenoptera","Andrenidae"
"Liphanthus","Liphanthus sp2","Hymenoptera","Andrenidae"
"Liphantus","Liphantus sp1 M PL 022",NA,NA
"Liphantus","Liphantus sp2 M PL 022",NA,NA
"Liriomyza","Liriomyza cicerina","Diptera","Agromyzidae"
"Liriomyza","Liriomyza sp1 M PL 053","Diptera","Agromyzidae"
"Liriomyza","Liriomyza sp1 M PL 049","Diptera","Agromyzidae"
"Liriomyza","Liriomyza orbona","Diptera","Agromyzidae"
"Lispa","Lispa albitarsis","Diptera","Muscidae"
"Lispa","Lispa consanguinea","Diptera","Muscidae"
"Lispa","Lispa uliginosa","Diptera","Muscidae"
"Lispe","Lispe sp1 M PL 055","Diptera","Muscidae"
"Lithargus","Lithargus apicalis opuntiae",NA,NA
"Lithurge","Lithurge collaris",NA,NA
"Lithurgomma","Lithurgomma wagenknechti",NA,NA
"Lithurgus","Lithurgus collaris","Hymenoptera","Megachilidae"
"Lobioptera","Lobioptera indecora",NA,NA
"Lobonyx","Lobonyx aeneus","Coleoptera","Prionoceridae"
"Loderus","Loderus eversmanini obscurus","Hymenoptera","Tenthredinidae"
"Loderus","Loderus insulicola","Hymenoptera","Tenthredinidae"
"Lomatia","Lomatia sabaea","Diptera","Bombyliidae"
"Lomatia","Lomatia infernalis","Diptera","Bombyliidae"
"Lomatia","Lomatia atropos","Diptera","Bombyliidae"
"Lomatia","Lomatia erinnys","Diptera","Bombyliidae"
"Lomatia","Lomatia grajugena","Diptera","Bombyliidae"
"Lonchaea","Lonchaea aberrans","Diptera","Lonchaeidae"
"Lonchaea","Lonchaea parvicornis","Diptera","Lonchaeidae"
"Lophocrabro","Lophocrabro singularis",NA,NA
"Lophopompilus","Lophopompilus atrox","Hymenoptera","Pompilidae"
"Lophopompilus","Lophopompilus philadelphicus","Hymenoptera","Pompilidae"
"Lophornis","Lophornis magnificus",NA,NA
"Lophosceles","Lophosceles minimus","Diptera","Muscidae"
"Lophosceles","Lophosceles Cinereiventris","Diptera","Muscidae"
"Lopidea","Lopidea media","Hemiptera","Miridae"
"Loricula","Loricula sp1 M PL 015","Hemiptera","Microphysidae"
"Loxigilla","Loxigilla noctis",NA,NA
"Loxocnemis","Loxocnemis dentator","Hemiptera","Coreidae"
"Loxostege","Loxostege similalis","Lepidoptera","Crambidae"
"Lucidina","Lucidina accensa","Coleoptera","Lampyridae"
"Lucilia","Lucilia sp1 M PL 046","Diptera","Calliphoridae"
"Lucilia","Lucilia sp","Diptera","Calliphoridae"
"Lucilia","Lucilia sp1 M PL 036","Diptera","Calliphoridae"
"Lucilia","Lucilia sylvarum","Diptera","Calliphoridae"
"Lucilia","Lucilia bufonivora","Diptera","Calliphoridae"
"Lucilia","Lucilia sp1 M PL 050","Diptera","Calliphoridae"
"Lucilia","Lucilia sp1 M PL 056","Diptera","Calliphoridae"
"Lucilia","Lucilia silvarum","Diptera","Calliphoridae"
"Lucilia","Lucilia sericata","Diptera","Calliphoridae"
"Lucilia","Lucilia porphyrina","Diptera","Calliphoridae"
"Lucilia","Lucilia caesar","Diptera","Calliphoridae"
"Lucilia","Lucilia sp1 M PL 058","Diptera","Calliphoridae"
"Lucilia","Lucilia papuensis","Diptera","Calliphoridae"
"Lucillia","Lucillia sp1 M PL 006",NA,NA
"Lucillia","Lucillia sp1 M PL 007",NA,NA
"Luperaltica","Luperaltica fuscula","Coleoptera","Chrysomelidae"
"Lupesus","Lupesus moorii",NA,NA
"Lycaena","Lycaena glaucon","Lepidoptera","Lycaenidae"
"Lycaena","Lycaena phlaeas daimio","Lepidoptera","Lycaenidae"
"Lycaena","Lycaena feildeni","Lepidoptera","Lycaenidae"
"Lycaena","Lycaena pseudargiolus","Lepidoptera","Lycaenidae"
"Lycaena","Lycaena boldenarium","Lepidoptera","Lycaenidae"
"Lycaena","Lycaena phlaeas","Lepidoptera","Lycaenidae"
"Lycaena","Lycaena salustius","Lepidoptera","Lycaenidae"
"Lycaena","Lycaena virgaureae","Lepidoptera","Lycaenidae"
"Lycaenopsis","Lycaenopsis argiolus","Lepidoptera","Lycaenidae"
"Lycophlaeba","Lycophlaeba lugubris",NA,NA
"Lycophotia","Lycophotia porphyrea","Lepidoptera","Noctuidae"
"Lycoriella","Lycoriella curvispina","Diptera","Sciaridae"
"Lycoriella","Lycoriella freyi","Diptera","Sciaridae"
"Lycoriella","Lycoriella sp1 M PL 009","Diptera","Sciaridae"
"Lycoriella","Lycoriella sp2 M PL 009","Diptera","Sciaridae"
"Lygaeidae","Lygaeidae sp1 M PL 062",NA,NA
"Lygaeidae","Lygaeidae sp1 M PL 064",NA,NA
"Lygaeidae","Lygaeidae sp1 M PL 067",NA,NA
"Lygaeidae","Lygaeidae sp1 M PL 074",NA,NA
"Lygaeidae","Lygaeidae sp1 M PL 077",NA,NA
"Lygaeidae","Lygaeidae sp1 M PL 078",NA,NA
"Lygaeidae","Lygaeidae sp1 M PL 082",NA,NA
"Lygaeidae","Lygaeidae sp2",NA,NA
"Lygaeidae","Lygaeidae sp2 M PL 065",NA,NA
"Lygaeidae","Lygaeidae sp3",NA,NA
"Lygaeidae","Lygaeidae sp5",NA,NA
"Lygaeus","Lygaeus turcicus","Hemiptera","Lygaeidae"
"Lygaeus","Lygaeus equestris","Hemiptera","Lygaeidae"
"Lygistorrhina","Lygistorrhina sp1 M PL 076","Diptera","Keroplatidae"
"Lygistorrhina","Lygistorrhina sp1 M PL 118","Diptera","Keroplatidae"
"Lygistorrhina","Lygistorrhina sp1 M PL 119","Diptera","Keroplatidae"
"Lygistorrhina","Lygistorrhina sp1 M PL 120","Diptera","Keroplatidae"
"Lygistorrhina","Lygistorrhina sp1 M PL 075","Diptera","Keroplatidae"
"Lygistorrhina","Lygistorrhina sp1 M PL 115","Diptera","Keroplatidae"
"Lygistorrhina","Lygistorrhina sp1 M PL 114","Diptera","Keroplatidae"
"Lygistorrhina","Lygistorrhina sp1 M PL 063","Diptera","Keroplatidae"
"Lygistorrhina","Lygistorrhina sp1 M PL 109","Diptera","Keroplatidae"
"Lygistorrhina","Lygistorrhina sp1 M PL 108","Diptera","Keroplatidae"
"Lygistorrhina","Lygistorrhina sp1 M PL 105","Diptera","Keroplatidae"
"Lygistorrhina","Lygistorrhina sp1 M PL 111","Diptera","Keroplatidae"
"Lygistorrhina","Lygistorrhina sp1 M PL 112","Diptera","Keroplatidae"
"Lygistorrhina","Lygistorrhina sp1 M PL 131","Diptera","Keroplatidae"
"Lygistorrhina","Lygistorrhina sp1 M PL 073","Diptera","Keroplatidae"
"Lygistorrhina","Lygistorrhina sp1 M PL 072","Diptera","Keroplatidae"
"Lygistorrhina","Lygistorrhina sp1 M PL 064","Diptera","Keroplatidae"
"Lygistorrhina","Lygistorrhina sp1 M PL 062","Diptera","Keroplatidae"
"Lygistorrhina","Lygistorrhina sp1 M PL 099","Diptera","Keroplatidae"
"Lygistorrhina","Lygistorrhina sp1 M PL 098","Diptera","Keroplatidae"
"Lygistorrhina","Lygistorrhina sp1 M PL 124","Diptera","Keroplatidae"
"Lygistorrhina","Lygistorrhina sp2 M PL 065","Diptera","Keroplatidae"
"Lygistorrhina","Lygistorrhina sp1 M PL 066","Diptera","Keroplatidae"
"Lygistorrhina","Lygistorrhina sp1 M PL 127","Diptera","Keroplatidae"
"Lygistorrhina","Lygistorrhina sp1 M PL 126","Diptera","Keroplatidae"
"Lygistorrhina","Lygistorrhina sp1 M PL 060","Diptera","Keroplatidae"
"Lygistorrhina","Lygistorrhina sp1 M PL 104","Diptera","Keroplatidae"
"Lygistorrhina","Lygistorrhina sp1 M PL 071","Diptera","Keroplatidae"
"Lygistorrhina","Lygistorrhina sp1 M PL 088","Diptera","Keroplatidae"
"Lygistorrhina","Lygistorrhina sp1 M PL 092","Diptera","Keroplatidae"
"Lygistorrhina","Lygistorrhina sp1 M PL 121","Diptera","Keroplatidae"
"Lygistorrhina","Lygistorrhina sp1 M PL 089","Diptera","Keroplatidae"
"Lygistorrhina","Lygistorrhina sp1 M PL 096","Diptera","Keroplatidae"
"Lygistorrhina","Lygistorrhina sp1 M PL 093","Diptera","Keroplatidae"
"Lygistorrhina","Lygistorrhina sp1 M PL 107","Diptera","Keroplatidae"
"Lygistorrhina","Lygistorrhina sp1 M PL 084","Diptera","Keroplatidae"
"Lygistorrhina","Lygistorrhina sp1 M PL 106","Diptera","Keroplatidae"
"Lygistorrhina","Lygistorrhina sp1 M PL 125","Diptera","Keroplatidae"
"Lygistorrhina","Lygistorrhina sp1 M PL 086","Diptera","Keroplatidae"
"Lygistorrhina","Lygistorrhina sp1 M PL 130","Diptera","Keroplatidae"
"Lygistorrhina","Lygistorrhina sp1 M PL 091","Diptera","Keroplatidae"
"Lygistorrhina","Lygistorrhina sp1 M PL 074","Diptera","Keroplatidae"
"Lygistorrhina","Lygistorrhina sp1 M PL 128","Diptera","Keroplatidae"
"Lygistorrhina","Lygistorrhina sp1 M PL 061","Diptera","Keroplatidae"
"Lygistorrhina","Lygistorrhina sp","Diptera","Keroplatidae"
"Lygistorrhina","Lygistorrhina sp1 M PL 085","Diptera","Keroplatidae"
"Lygistorrhina","Lygistorrhina sp1 M PL 100","Diptera","Keroplatidae"
"Lygistorrhina","Lygistorrhina sp1 M PL 103","Diptera","Keroplatidae"
"Lygistorrhina","Lygistorrhina sp1 M PL 077","Diptera","Keroplatidae"
"Lygistorrhina","Lygistorrhina sp1 M PL 102","Diptera","Keroplatidae"
"Lygocoris","Lygocoris sp6 M PL 044","Hemiptera","Miridae"
"Lygocoris","Lygocoris sp3 M PL 044","Hemiptera","Miridae"
"Lygocoris","Lygocoris pallens","Hemiptera","Miridae"
"Lygocoris","Lygocoris sp1 M PL 044","Hemiptera","Miridae"
"Lygocoris","Lygocoris sp9 M PL 044","Hemiptera","Miridae"
"Lygocoris","Lygocoris sp10 M PL 044","Hemiptera","Miridae"
"Lygocoris","Lygocoris sp7 M PL 044","Hemiptera","Miridae"
"Lygocoris","Lygocoris sp8 M PL 044","Hemiptera","Miridae"
"Lygocoris","Lygocoris sp4 M PL 044","Hemiptera","Miridae"
"Lygocoris","Lygocoris sp5 M PL 044","Hemiptera","Miridae"
"Lygocoris","Lygocoris sp2 M PL 044","Hemiptera","Miridae"
"Lygus","Lygus lucorum","Hemiptera","Miridae"
"Lygus","Lygus pratensis","Hemiptera","Miridae"
"Lygus","Lygus refidorsus","Hemiptera","Miridae"
"Lypesthes","Lypesthes ater",NA,NA
"Lypha","Lypha erigonopsidis","Diptera","Tachinidae"
"Lyroda","Lyroda subita","Hymenoptera","Crabronidae"
"Mabuya","Mabuya sechellensis",NA,NA
"Machaeris","Machaeris illinoensis",NA,NA
"Macratria","Macratria griseosellata","Coleoptera","Anthicidae"
"Macrobasis","Macrobasis unicolor",NA,NA
"Macrocorynus","Macrocorynus sp1 M PL 044","Coleoptera","Curculionidae"
"Macrodactlyus","Macrodactlyus subspinosus",NA,NA
"Macrodyctium","Macrodyctium apicatus",NA,NA
"Macroglossum","Macroglossum milvus","Lepidoptera","Sphingidae"
"Macroglossum","Macroglossum milvus Boisduval","Lepidoptera","Sphingidae"
"Macroglossum","Macroglossum passalus","Lepidoptera","Sphingidae"
"Macroglossum","Macroglossum corythus","Lepidoptera","Sphingidae"
"Macroglossum","Macroglossum saga","Lepidoptera","Sphingidae"
"Macroglossum","Macroglossum bombylaus","Lepidoptera","Sphingidae"
"Macroglossum","Macroglossum fringilla","Lepidoptera","Sphingidae"
"Macroglossum","Macroglossum stellatarum","Lepidoptera","Sphingidae"
"Macroglossum","Macroglossum sp1 M PL 053","Lepidoptera","Sphingidae"
"Macrolagria","Macrolagria robusticeps","Coleoptera","Tenebrionidae"
"Macrolagria","Macrolagria rufobrunnea","Coleoptera","Tenebrionidae"
"Macrometopia","Macrometopia atra","Diptera","Syrphidae"
"Macrophya","Macrophya apicalis","Hymenoptera","Tenthredinidae"
"Macrophya","Macrophya sp1 M PL 057","Hymenoptera","Tenthredinidae"
"Macrophya","Macrophya falsifica","Hymenoptera","Tenthredinidae"
"Macrophya","Macrophya teutona","Hymenoptera","Tenthredinidae"
"Macropis","Macropis labiata","Hymenoptera","Melittidae"
"Macropis","Macropis steironematis","Hymenoptera","Melittidae"
"Macrotylus","Macrotylus nigricornis","Hemiptera","Miridae"
"Maculinea","Maculinea teleius","Lepidoptera","Lycaenidae"
"Malachius","Malachius marginellus","Coleoptera","Melyridae"
"Malachius","Malachius viridus","Coleoptera","Melyridae"
"Malachius","Malachius sp1 M PL 015","Coleoptera","Melyridae"
"Malachius","Malachius geniculatus","Coleoptera","Melyridae"
"Malachius","Malachius bipustulatus","Coleoptera","Melyridae"
"Malachius","Malachius viridis","Coleoptera","Melyridae"
"Malachius","Malachius sp1 M PL 016","Coleoptera","Melyridae"
"Mallochomacquartia","Mallochomacquartia setiventris","Diptera","Tachinidae"
"Mallota","Mallota posticata","Diptera","Syrphidae"
"Mallota","Mallota dimorpha","Diptera","Syrphidae"
"Mallota","Mallota flavoterminata","Diptera","Syrphidae"
"Mallota","Mallota illinoensis","Diptera","Syrphidae"
"Malthinellus","Malthinellus chujoi","Coleoptera","Cantharidae"
"Malthinus","Malthinus okinawanus","Coleoptera","Cantharidae"
"Malthodes","Malthodes sp1 M PL 016","Coleoptera","Cantharidae"
"Malthodes","Malthodes sulcicollis","Coleoptera","Cantharidae"
"Manduca","Manduca rustica","Lepidoptera","Sphingidae"
"Maniola","Maniola jurtina","Lepidoptera","Nymphalidae"
"Manobidia","Manobidia nipponica","Coleoptera","Chrysomelidae"
"Manuelia","Manuelia postica","Hymenoptera","Apidae"
"Manuelia","Manuelia gayi","Hymenoptera","Apidae"
"Marpesia","Marpesia petreus","Lepidoptera","Nymphalidae"
"Marpesia","Marpesia chiron","Lepidoptera","Nymphalidae"
"Mashumyia","Mashumyia ferdinandi",NA,NA
"Masicera","Masicera sp1 M PL 055","Diptera","Tachinidae"
"Matachius","Matachius prolongatus",NA,NA
"Matsumuraiella","Matsumuraiella sp1 M PL 044","Psocodea","Dasydemellidae"
"Matsumurella","Matsumurella kogotensis","Hemiptera","Cicadellidae"
"Mauoglossum","Mauoglossum pynhosticta",NA,NA
"Mauoglossum","Mauoglossum sp1 M PL 057",NA,NA
"Mauritiborium","Mauritiborium undulatus",NA,NA
"Mecopselaphus","Mecopselaphus maculicollis","Coleoptera","Oedemeridae"
"Mecoptera","Mecoptera sp11 M PL 021",NA,NA
"Mecoptera","Mecoptera sp12 M PL 021",NA,NA
"Mecoptera","Mecoptera sp485 M PL 057",NA,NA
"Mecoptera","Mecoptera sp22 M PL 021",NA,NA
"Mecoptera","Mecoptera sp79 M PL 021",NA,NA
"Mecyna","Mecyna flavidalis","Lepidoptera","Crambidae"
"Mecyna","Mecyna sp1 M PL 016","Lepidoptera","Crambidae"
"Medetera","Medetera sp1 M PL 015","Diptera","Dolichopodidae"
"Medinella","Medinella flavotemorata","Diptera","Tachinidae"
"Mediza","Mediza sp1 M PL 044",NA,NA
"Megacampsomeris","Megacampsomeris grossa","Hymenoptera","Scoliidae"
"Megachile","Megachile remota sakagamii","Hymenoptera","Megachilidae"
"Megachile","Megachile sp2 M PL 023","Hymenoptera","Megachilidae"
"Megachile","Megachile pyrenaica","Hymenoptera","Megachilidae"
"Megachile","Megachile pugnata","Hymenoptera","Megachilidae"
"Megachile","Megachile manicata","Hymenoptera","Megachilidae"
"Megachile","Megachile semirufa","Hymenoptera","Megachilidae"
"Megachile","Megachile wootoni calogaster","Hymenoptera","Megachilidae"
"Megachile","Megachile sp1 M PL 072","Hymenoptera","Megachilidae"
"Megachile","Megachile sp1 M PL 058","Hymenoptera","Megachilidae"
"Megachile","Megachile sp","Hymenoptera","Megachilidae"
"Megachile","Megachile canariensis","Hymenoptera","Megachilidae"
"Megachile","Megachile sp2 M PL 015","Hymenoptera","Megachilidae"
"Megachile","Megachile montenegrensis","Hymenoptera","Megachilidae"
"Megachile","Megachile sp1 M PL 056","Hymenoptera","Megachilidae"
"Megachile","Megachile sp1","Hymenoptera","Megachilidae"
"Megachile","Megachile parietina","Hymenoptera","Megachilidae"
"Megachile","Megachile albisecta","Hymenoptera","Megachilidae"
"Megachile","Megachile yasumatsui","Hymenoptera","Megachilidae"
"Megachile","Megachile hungarica","Hymenoptera","Megachilidae"
"Megachile","Megachile sp1 M PL 030","Hymenoptera","Megachilidae"
"Megachile","Megachile sumizome","Hymenoptera","Megachilidae"
"Megachile","Megachile maritima","Hymenoptera","Megachilidae"
"Megachile","Megachile sp1 M PL 051","Hymenoptera","Megachilidae"
"Megachile","Megachile seychellensis","Hymenoptera","Megachilidae"
"Megachile","Megachile relativa","Hymenoptera","Megachilidae"
"Megachile","Megachile remota","Hymenoptera","Megachilidae"
"Megachile","Megachile lefebvrei","Hymenoptera","Megachilidae"
"Megachile","Megachile okinawana","Hymenoptera","Megachilidae"
"Megachile","Megachile sp2 M PL 051","Hymenoptera","Megachilidae"
"Megachile","Megachile japonica","Hymenoptera","Megachilidae"
"Megachile","Megachile 6 dentata","Hymenoptera","Megachilidae"
"Megachile","Megachile kobensis","Hymenoptera","Megachilidae"
"Megachile","Megachile nipponica amamiensis","Hymenoptera","Megachilidae"
"Megachile","Megachile sp2 M PL 022","Hymenoptera","Megachilidae"
"Megachile","Megachile sp2","Hymenoptera","Megachilidae"
"Megachile","Megachile ericetorum","Hymenoptera","Megachilidae"
"Megachile","Megachile sp1 M PL 015","Hymenoptera","Megachilidae"
"Megachile","Megachile albocristata","Hymenoptera","Megachilidae"
"Megachile","Megachile pacifica","Hymenoptera","Megachilidae"
"Megachile","Megachile oligolege","Hymenoptera","Megachilidae"
"Megachile","Megachile tsururgensis","Hymenoptera","Megachilidae"
"Megachile","Megachile pseudomonticola","Hymenoptera","Megachilidae"
"Megachile","Megachile generosa","Hymenoptera","Megachilidae"
"Megachile","Megachile sp4","Hymenoptera","Megachilidae"
"Megachile","Megachile sp1 M PL 023","Hymenoptera","Megachilidae"
"Megachile","Megachile sp4 M PL 015","Hymenoptera","Megachilidae"
"Megachile","Megachile nipponica","Hymenoptera","Megachilidae"
"Megachile","Megachile addenda","Hymenoptera","Megachilidae"
"Megachile","Megachile strophostylis","Hymenoptera","Megachilidae"
"Megachile","Megachile wootoni","Hymenoptera","Megachilidae"
"Megachile","Megachile gemula albula","Hymenoptera","Megachilidae"
"Megachile","Megachile sp1 M PL 005","Hymenoptera","Megachilidae"
"Megachile","Megachile sp1 M PL 019","Hymenoptera","Megachilidae"
"Megachile","Megachile villipes","Hymenoptera","Megachilidae"
"Megachile","Megachile texana","Hymenoptera","Megachilidae"
"Megachile","Megachile vidua","Hymenoptera","Megachilidae"
"Megachile","Megachile sp5","Hymenoptera","Megachilidae"
"Megachile","Megachile sp4 M PL 072","Hymenoptera","Megachilidae"
"Megachile","Megachile sp3 M PL 072","Hymenoptera","Megachilidae"
"Megachile","Megachile leachella","Hymenoptera","Megachilidae"
"Megachile","Megachile mendica","Hymenoptera","Megachilidae"
"Megachile","Megachile giraudi","Hymenoptera","Megachilidae"
"Megachile","Megachile versicolor","Hymenoptera","Megachilidae"
"Megachile","Megachile argentata","Hymenoptera","Megachilidae"
"Megachile","Megachile sp2 M PL 072","Hymenoptera","Megachilidae"
"Megachile","Megachile petulans","Hymenoptera","Megachilidae"
"Megachile","Megachile subalbuta","Hymenoptera","Megachilidae"
"Megachile","Megachile sp2 M PL 058","Hymenoptera","Megachilidae"
"Megachile","Megachile sp1 M PL 022","Hymenoptera","Megachilidae"
"Megachile","Megachile sp3 M PL 015","Hymenoptera","Megachilidae"
"Megachile","Megachile tsurugensis","Hymenoptera","Megachilidae"
"Megachile","Megachile willughbiella","Hymenoptera","Megachilidae"
"Megachilidae","Megachilidae sp1 M PL 072",NA,NA
"Megachite","Megachite nipponica",NA,NA
"Megachite","Megachite tsurugensis",NA,NA
"Megacyllene","Megacyllene spixi","Coleoptera","Cerambycidae"
"Megacyllene","Megacyllene insignita","Coleoptera","Cerambycidae"
"Megalopaederus","Megalopaederus lewsi","Coleoptera","Staphylinidae"
"Megalybus","Megalybus crassus","Diptera","Acroceridae"
"Megaselia","Megaselia digitalis","Diptera","Phoridae"
"Megaselia","Megaselia sp1 M PL 010","Diptera","Phoridae"
"Megaselia","Megaselia sordida","Diptera","Phoridae"
"Megaselia","Megaselia coei","Diptera","Phoridae"
"Megaselia","Megaselia sp1 M PL 009","Diptera","Phoridae"
"Megaselia","Megaselia cirriventris","Diptera","Phoridae"
"Megaselia","Megaselia pleuralis","Diptera","Phoridae"
"Megaselia","Megaselia diversa","Diptera","Phoridae"
"Megaselia","Megaselia giraudii","Diptera","Phoridae"
"Megaselia","Megaselia groenlandica","Diptera","Phoridae"
"Megaspis","Megaspis zonata",NA,NA
"Megasyrphus","Megasyrphus erraticus","Diptera","Syrphidae"
"Megilla","Megilla maculata","Hymenoptera","Apidae"
"Meigenia","Meigenia sp1 M PL 053","Diptera","Tachinidae"
"Meigenia","Meigenia sp2 M PL 053","Diptera","Tachinidae"
"Melagyna","Melagyna lasiophthalma",NA,NA
"Melanagromyza","Melanagromyza sp1 M PL 015","Diptera","Agromyzidae"
"Melanagromyza","Melanagromyza sojae Zehntner","Diptera","Agromyzidae"
"Melanagromyza","Melanagromyza sojae","Diptera","Agromyzidae"
"Melanargia","Melanargia larissa","Lepidoptera","Nymphalidae"
"Melangyna","Melangyna ortas 1","Diptera","Syrphidae"
"Melangyna","Melangyna sp1 M PL 029","Diptera","Syrphidae"
"Melangyna","Melangyna sp1 M PL 028","Diptera","Syrphidae"
"Melangyna","Melangyna sp1 M PL 057","Diptera","Syrphidae"
"Melangyna","Melangyna ortas","Diptera","Syrphidae"
"Melangyna","Melangyna ezoensis","Diptera","Syrphidae"
"Melangyna","Melangyna sp1 M PL 019","Diptera","Syrphidae"
"Melangyna","Melangyna sp1 M PL 027","Diptera","Syrphidae"
"Melangyna","Melangyna sp1 M PL 053","Diptera","Syrphidae"
"Melangyna","Melangyna novaezelandiae","Diptera","Syrphidae"
"Melanophthalma","Melanophthalma aff  seminigra","Coleoptera","Latridiidae"
"Melanostoma","Melanostoma bituberculatum","Diptera","Syrphidae"
"Melanostoma","Melanostoma bituberculatum Loew","Diptera","Syrphidae"
"Melanostoma","Melanostoma annulipes Macquart","Diptera","Syrphidae"
"Melanostoma","Melanostoma lundbladi","Diptera","Syrphidae"
"Melanostoma","Melanostoma mellinum","Diptera","Syrphidae"
"Melanostoma","Melanostoma sp1 M PL 034","Diptera","Syrphidae"
"Melanostoma","Melanostoma transversum","Diptera","Syrphidae"
"Melanostoma","Melanostoma sp1 M PL 033","Diptera","Syrphidae"
"Melanostoma","Melanostoma fenestratus","Diptera","Syrphidae"
"Melanostoma","Melanostoma chalconotus","Diptera","Syrphidae"
"Melanostoma","Melanostoma sp1 M PL 032","Diptera","Syrphidae"
"Melanostoma","Melanostoma annulipes","Diptera","Syrphidae"
"Melanostoma","Melanostoma sp1 M PL 006","Diptera","Syrphidae"
"Melanostoma","Melanostoma scalare","Diptera","Syrphidae"
"Melanostoma","Melanostoma sp1 M PL 007","Diptera","Syrphidae"
"Melanostoma","Melanostoma sp1 M PL 004","Diptera","Syrphidae"
"Melanotus","Melanotus annosus","Coleoptera","Elateridae"
"Melanotus","Melanotus communis","Coleoptera","Elateridae"
"Melecta","Melecta tuberculata","Hymenoptera","Apidae"
"Melecta","Melecta albifrons","Hymenoptera","Apidae"
"Melecta","Melecta curvispina","Hymenoptera","Apidae"
"Meligethes","Meligethes shirakii","Coleoptera","Nitidulidae"
"Meligethes","Meligethes sp1 M PL 038","Coleoptera","Nitidulidae"
"Meligethes","Meligethes Coeruleovirens","Coleoptera","Nitidulidae"
"Meligethes","Meligethes morosus","Coleoptera","Nitidulidae"
"Meligethes","Meligethes sp2 M PL 046","Coleoptera","Nitidulidae"
"Meligethes","Meligethes sp1 M PL 037","Coleoptera","Nitidulidae"
"Meligethes","Meligethes sp1 M PL 015","Coleoptera","Nitidulidae"
"Meligethes","Meligethes sp1 M PL 043","Coleoptera","Nitidulidae"
"Meligethes","Meligethes sp1 M PL 018","Coleoptera","Nitidulidae"
"Meligethes","Meligethes sp1 M PL 046","Coleoptera","Nitidulidae"
"Meligethes","Meligethes sp1 M PL 053","Coleoptera","Nitidulidae"
"Meligethes","Meligethes aeneus","Coleoptera","Nitidulidae"
"Melinda","Melinda gentilis","Diptera","Calliphoridae"
"Melinda","Melinda viridicyanea","Diptera","Calliphoridae"
"Melipona","Melipona favosa","Hymenoptera","Apidae"
"Melipona","Melipona asilvai","Hymenoptera","Apidae"
"Melipona","Melipona quadrifasciata","Hymenoptera","Apidae"
"Melipona","Melipona scutellaris","Hymenoptera","Apidae"
"Melipona","Melipona interrupta subsp. oblitescens","Hymenoptera","Apidae"
"Melipotis","Melipotis indomita","Lepidoptera","Erebidae"
"Meliscaeva","Meliscaeva cinectella","Diptera","Syrphidae"
"Meliscaeva","Meliscaeva sp1 M PL 006","Diptera","Syrphidae"
"Meliscaeva","Meliscaeva auricollis","Diptera","Syrphidae"
"Meliscaeva","Meliscaeva cinctella","Diptera","Syrphidae"
"Meliscaeva","Meliscaeva omogensis","Diptera","Syrphidae"
"Meliscaeva","Meliscaeva sp1 M PL 007","Diptera","Syrphidae"
"Melissodes","Melissodes coreopsis","Hymenoptera","Apidae"
"Melissodes","Melissodes bimaculata","Hymenoptera","Apidae"
"Melissodes","Melissodes comptoides","Hymenoptera","Apidae"
"Melissodes","Melissodes simillima","Hymenoptera","Apidae"
"Melissodes","Melissodes agilis","Hymenoptera","Apidae"
"Melissodes","Melissodes aurigenia","Hymenoptera","Apidae"
"Melissodes","Melissodes coloradensis","Hymenoptera","Apidae"
"Melissodes","Melissodes oligolege","Hymenoptera","Apidae"
"Melissodes","Melissodes cnici","Hymenoptera","Apidae"
"Melissodes","Melissodes fremonti","Hymenoptera","Apidae"
"Melissodes","Melissodes sp1 M PL 005","Hymenoptera","Apidae"
"Melissodes","Melissodes pallida","Hymenoptera","Apidae"
"Melissodes","Melissodes vernoniana","Hymenoptera","Apidae"
"Melissodes","Melissodes autumnalis","Hymenoptera","Apidae"
"Melissoptila","Melissoptila tandilensis","Hymenoptera","Apidae"
"Melitaea","Melitaea sp1 M PL 005","Lepidoptera","Nymphalidae"
"Melitaea","Melitaea whitneyi","Lepidoptera","Nymphalidae"
"Melitaea","Melitaea niphora","Lepidoptera","Nymphalidae"
"Mellinus","Mellinus arvensis","Hymenoptera","Crabronidae"
"Mellisuga","Mellisuga minima",NA,NA
"Mellisuga","Mellisuga humilis",NA,NA
"Mellota","Mellota cimbiciformis",NA,NA
"Meluscaeva","Meluscaeva cinctella",NA,NA
"Melyridae","Melyridae sp1 M PL 072",NA,NA
"Melyris","Melyris cribrata","Coleoptera","Melyridae"
"Menida","Menida scotti","Hemiptera","Pentatomidae"
"Menida","Menida violacea","Hemiptera","Pentatomidae"
"Menochitus","Menochitus sexmaculatus",NA,NA
"Meria","Meria tripunctata","Hymenoptera","Tiphiidae"
"Meria","Meria sp1 M PL 016","Hymenoptera","Tiphiidae"
"Merodon","Merodon longicornis","Diptera","Syrphidae"
"Merodon","Merodon sp1 M PL 015","Diptera","Syrphidae"
"Merodon","Merodon sp2 M PL 015","Diptera","Syrphidae"
"Merodon","Merodon albifrons","Diptera","Syrphidae"
"Merodon","Merodon sp3 M PL 015","Diptera","Syrphidae"
"Merodon","Merodon minutus","Diptera","Syrphidae"
"Merodon","Merodon annulatus","Diptera","Syrphidae"
"Merodon","Merodon clavipes","Diptera","Syrphidae"
"Merodon","Merodon sp4 M PL 015","Diptera","Syrphidae"
"Merodon","Merodon nigritarsis","Diptera","Syrphidae"
"Merodon","Merodon avidus","Diptera","Syrphidae"
"Merodon","Merodon femoratus","Diptera","Syrphidae"
"Meromyza","Meromyza americana","Diptera","Chloropidae"
"Mesapamea","Mesapamea secalis","Lepidoptera","Noctuidae"
"Mesembrina","Mesembrina resplendens","Diptera","Muscidae"
"Mesembrius","Mesembrius flaviceps","Diptera","Syrphidae"
"Mesepora","Mesepora onukii","Hemiptera","Tropiduchidae"
"Mesochorus","Mesochorus sp1 M PL 015","Hymenoptera","Ichneumonidae"
"Mesochorus","Mesochorus sp1 M PL 047","Hymenoptera","Ichneumonidae"
"Mesogramma","Mesogramma geminata",NA,NA
"Mesogramma","Mesogramma marginata",NA,NA
"Mesogramma","Mesogramma polita",NA,NA
"Mesograpta","Mesograpta philippi",NA,NA
"Mesograpta","Mesograpta calceolatus",NA,NA
"Mesograpta","Mesograpta marginata",NA,NA
"Mesonychium","Mesonychium gayi","Hymenoptera","Apidae"
"Metacanthus","Metacanthus galapagensis","Hemiptera","Berytidae"
"Metachrostis","Metachrostis velox","Lepidoptera","Noctuidae"
"Metachrostis","Metachrostis dardouinii","Lepidoptera","Noctuidae"
"Metasyrphus","Metasyrphus americanus",NA,NA
"Metasyrphus","Metasyrphus luniger",NA,NA
"Metasyrphus","Metasyrphus nintens",NA,NA
"Metasyrphus","Metasyrphus sp1 M PL 056",NA,NA
"Metasyrphus","Metasyrphus chillcotti",NA,NA
"Metasyrphus","Metasyrphus corollae",NA,NA
"Metasyrphus","Metasyrphus lapponicus",NA,NA
"Metasyrphus","Metasyrphus ferquens",NA,NA
"Methoca","Methoca stygia",NA,NA
"Metialina","Metialina sp1 M PL 021",NA,NA
"Metialina","Metialina sp1 M PL 057",NA,NA
"Metopia","Metopia leucocephala","Diptera","Sarcophagidae"
"Metopius","Metopius terminalis","Hymenoptera","Ichneumonidae"
"Metopius","Metopius polycinctorius","Hymenoptera","Ichneumonidae"
"Metopoplax","Metopoplax origani","Hemiptera","Oxycarenidae"
"Metoposarcophaga","Metoposarcophaga pachyprocta","Diptera","Sarcophagidae"
"Metriocnemus","Metriocnemus obscuripes","Diptera","Chironomidae"
"Metrioptera","Metrioptera hime","Orthoptera","Tettigoniidae"
"Miarus","Miarus campanulae","Coleoptera","Curculionidae"
"Micadocantharis","Micadocantharis japonica",NA,NA
"Micadocantharis","Micadocantharis japonicus",NA,NA
"Miccotrogus","Miccotrogus picirostris","Coleoptera","Curculionidae"
"Microbembex","Microbembex monadonta","Hymenoptera","Crabronidae"
"Microbracon","Microbracon tortricicola",NA,NA
"Microcerella","Microcerella sp1 M PL 023","Diptera","Sarcophagidae"
"Microcerella","Microcerella rusca","Diptera","Sarcophagidae"
"Microchrysa","Microchrysa flaviventris","Diptera","Stratiomyidae"
"Microchrysa","Microchrysa polita","Diptera","Stratiomyidae"
"Microdon","Microdon cothurnatus","Diptera","Syrphidae"
"Microdon","Microdon simplex","Diptera","Syrphidae"
"Microdon","Microdon japonicus","Diptera","Syrphidae"
"Microdon","Microdon auricomus","Diptera","Syrphidae"
"Microdus","Microdus simillimus",NA,NA
"Microgaster","Microgaster sp1 M PL 047","Hymenoptera","Braconidae"
"Microgastrinae","Microgastrinae sp1 M PL 072",NA,NA
"Micromoth","Micromoth sp1 M PL 006",NA,NA
"Microphthalma","Microphthalma sp2 M PL 013","Diptera","Tachinidae"
"Microphthalma","Microphthalma sp1 M PL 013","Diptera","Tachinidae"
"Microplitis","Microplitis gortynae","Hymenoptera","Braconidae"
"Microplitis","Microplitis croceipes","Hymenoptera","Braconidae"
"Micropsectra","Micropsectra sp2 M PL 009","Diptera","Chironomidae"
"Micropsectra","Micropsectra sp1 M PL 009","Diptera","Chironomidae"
"Micropsectra","Micropsectra radialis","Diptera","Chironomidae"
"Micropterix","Micropterix aruncella","Lepidoptera","Micropterigidae"
"Microspectra","Microspectra sp2 M PL 020",NA,NA
"Microspectra","Microspectra sp1 M PL 020",NA,NA
"Microstelis","Microstelis lateralis","Hymenoptera","Megachilidae"
"Midas","Midas clavatus",NA,NA
"Midas","Midas tibialis",NA,NA
"Mikadocantharis","Mikadocantharis japonica",NA,NA
"Milesia","Milesia oshimaensis","Diptera","Syrphidae"
"Milesia","Milesia undulata","Diptera","Syrphidae"
"Milesia","Milesia ornata","Diptera","Syrphidae"
"Milichiella","Milichiella lucidula","Diptera","Milichiidae"
"Miltogramma","Miltogramma murinum","Diptera","Sarcophagidae"
"Miltogramma","Miltogramma sp1 M PL 015","Diptera","Sarcophagidae"
"Mimela","Mimela costata","Coleoptera","Scarabaeidae"
"Mimesa","Mimesa cressonii","Hymenoptera","Crabronidae"
"Mimesa","Mimesa equestris","Hymenoptera","Crabronidae"
"Minois","Minois dryas","Lepidoptera","Nymphalidae"
"Miridae","Miridae sp1 M PL 060",NA,NA
"Miridae","Miridae sp1 M PL 064",NA,NA
"Miridae","Miridae sp1 M PL 079",NA,NA
"Miridae","Miridae sp1",NA,NA
"Mischocyttarus","Mischocyttarus drewseni","Hymenoptera","Vespidae"
"Mischocyttarus","Mischocyttarus lanei","Hymenoptera","Vespidae"
"Mischocyttarus","Mischocyttarus cerberus","Hymenoptera","Vespidae"
"Molipteryx","Molipteryx fuliginosa","Hemiptera","Coreidae"
"Molorchus","Molorchus bimaculatus","Coleoptera","Cerambycidae"
"Monalocoris","Monalocoris filicis","Hemiptera","Miridae"
"Monilosmia","Monilosmia canadensis","Hymenoptera","Megachilidae"
"Monobia","Monobia 4 dens","Hymenoptera","Eumenidae"
"Monochrysis","Monochrysis parvula",NA,NA
"Monolepta","Monolepta chujoi","Coleoptera","Chrysomelidae"
"Monolepta","Monolepta fulvicollis","Coleoptera","Chrysomelidae"
"Monolepta","Monolepta pallidula","Coleoptera","Chrysomelidae"
"Monomorium","Monomorium floricola","Hymenoptera","Formicidae"
"Montezumia","Montezumia azurescens","Hymenoptera","Eumenidae"
"Monumetha","Monumetha albifrons",NA,NA
"Monumetha","Monumetha argentifrons",NA,NA
"Mordella","Mordella triloba","Coleoptera","Mordellidae"
"Mordella","Mordella melaena","Coleoptera","Mordellidae"
"Mordella","Mordella israelsoni","Coleoptera","Mordellidae"
"Mordella","Mordella detracta","Coleoptera","Mordellidae"
"Mordella","Mordella erythrura","Coleoptera","Mordellidae"
"Mordella","Mordella bipunctata","Coleoptera","Mordellidae"
"Mordella","Mordella luctuosa","Coleoptera","Mordellidae"
"Mordella","Mordella 8 punctata","Coleoptera","Mordellidae"
"Mordella","Mordella scutellaris","Coleoptera","Mordellidae"
"Mordellidae","Mordellidae sp1 M PL 066",NA,NA
"Mordellidae","Mordellidae sp1 M PL 072",NA,NA
"Mordellidae","Mordellidae sp1 M PL 077",NA,NA
"Mordellidae","Mordellidae sp1 M PL 080",NA,NA
"Mordellidae","Mordellidae sp1 M PL 081",NA,NA
"Mordellidae","Mordellidae sp1 M PL 082",NA,NA
"Mordellidae","Mordellidae sp2",NA,NA
"Mordellidae","Mordellidae sp2 M PL 065",NA,NA
"Mordellidae","Mordellidae sp2 M PL 072",NA,NA
"Mordellidae","Mordellidae sp1",NA,NA
"Mordellidae","Mordellidae sp3",NA,NA
"Mordellidae","Mordellidae sp1 M PL 065",NA,NA
"Mordellina","Mordellina polleola","Coleoptera","Mordellidae"
"Mordellina","Mordellina sp1 M PL 054","Coleoptera","Mordellidae"
"Mordellina","Mordellina tsutsuii","Coleoptera","Mordellidae"
"Mordellina","Mordellina brunneotincta","Coleoptera","Mordellidae"
"Mordellina","Mordellina amamiensis","Coleoptera","Mordellidae"
"Mordellina","Mordellina sp1 M PL 057","Coleoptera","Mordellidae"
"Mordellina","Mordellina sp1 M PL 021","Coleoptera","Mordellidae"
"Mordellistena","Mordellistena lutea","Coleoptera","Mordellidae"
"Mordellistena","Mordellistena sp1 M PL 021","Coleoptera","Mordellidae"
"Mordellistena","Mordellistena biplagiata","Coleoptera","Mordellidae"
"Mordellistena","Mordellistena aspersa","Coleoptera","Mordellidae"
"Mordellistena","Mordellistena sp1 M PL 053","Coleoptera","Mordellidae"
"Mordellistena","Mordellistena ornata","Coleoptera","Mordellidae"
"Mordellistena","Mordellistena grammica","Coleoptera","Mordellidae"
"Mordellistena","Mordellistena pumila","Coleoptera","Mordellidae"
"Mordellistena","Mordellistena sp1 M PL 056","Coleoptera","Mordellidae"
"Mordellistena","Mordellistena sp1 M PL 016","Coleoptera","Mordellidae"
"Mordellistena","Mordellistena comata","Coleoptera","Mordellidae"
"Mordellistena","Mordellistena pubescens","Coleoptera","Mordellidae"
"Mordellistena","Mordellistena sp1 M PL 057","Coleoptera","Mordellidae"
"Mordellistena","Mordellistena edashigei","Coleoptera","Mordellidae"
"Mordellistena","Mordellistena galapagensis","Coleoptera","Mordellidae"
"Mordellistena","Mordellistena sp1 M PL 054","Coleoptera","Mordellidae"
"Morellia","Morellia aenescens","Diptera","Muscidae"
"Morellia","Morellia micans","Diptera","Muscidae"
"Morellis","Morellis simplex",NA,NA
"Morphodexia","Morphodexia sp1 M PL 034","Diptera","Tachinidae"
"Mosillus","Mosillus sp1 M PL 022","Diptera","Ephydridae"
"Moth","Moth sp1 M PL 036",NA,NA
"Musc","Musc  sp1 M PL 028",NA,NA
"Musc","Musc  sp1 M PL 029",NA,NA
"Musca","Musca domestica Linnaeus","Diptera","Muscidae"
"Musca","Musca domestica","Diptera","Muscidae"
"Musca","Musca confiscata Speiser","Diptera","Muscidae"
"Musca","Musca sp1 M PL 046","Diptera","Muscidae"
"Musca","Musca confiscata","Diptera","Muscidae"
"Musca","Musca vetustissima","Diptera","Muscidae"
"Muscidae","Muscidae sp",NA,NA
"Muscidae","Muscidae sp1 M PL 072",NA,NA
"Muscina","Muscina stabulans","Diptera","Muscidae"
"Mutilla","Mutilla hexagona","Hymenoptera","Mutillidae"
"Mutilla","Mutilla scrupea","Hymenoptera","Mutillidae"
"Myathropa","Myathropa florea","Diptera","Syrphidae"
"Mycalesis","Mycalesis francisca","Lepidoptera","Nymphalidae"
"Mycomya","Mycomya fuscata","Diptera","Mycetophilidae"
"Mycterus","Mycterus curculioides","Coleoptera","Mycteridae"
"Mydaea","Mydaea diruta","Diptera","Muscidae"
"Mydaea","Mydaea socialis","Diptera","Muscidae"
"Mydidae","Mydidae sp1 M PL 072",NA,NA
"Myiolepta","Myiolepta nigra",NA,NA
"Myiolepta","Myiolepta strigilata",NA,NA
"Myiolepta","Myiolepta varipes",NA,NA
"Mylabris","Mylabris quadripunctata","Coleoptera","Meloidae"
"Mylabrix","Mylabrix sp1 M PL 016",NA,NA
"Myocera","Myocera cremides",NA,NA
"Myodites","Myodites fasciatus",NA,NA
"Myopa","Myopa sp1 M PL 015","Diptera","Conopidae"
"Myopa","Myopa clausa","Diptera","Conopidae"
"Myopa","Myopa pilosa","Diptera","Conopidae"
"Myospila","Myospila meditabunda","Diptera","Muscidae"
"Myotropa","Myotropa florea",NA,NA
"Myrabilis","Myrabilis quadripunctata",NA,NA
"Myrmica","Myrmica ruginodis","Hymenoptera","Formicidae"
"Myrmica","Myrmica sp1 M PL 053","Hymenoptera","Formicidae"
"Myrmosa","Myrmosa unicolor","Hymenoptera","Mutillidae"
"Mythenteles","Mythenteles sp1 M PL 026","Diptera","Mythicomyiidae"
"Mythimma","Mythimma vittellina",NA,NA
"Mythimna","Mythimna sp1 M PL 064","Lepidoptera","Noctuidae"
"Nabis","Nabis ferus","Hemiptera","Nabidae"
"Nacaduba","Nacaduba kurava septentrionalis","Lepidoptera","Lycaenidae"
"Nacoleia","Nacoleia sp1 M PL 067","Lepidoptera","Crambidae"
"Nacoleia","Nacoleia sp1 M PL 063","Lepidoptera","Crambidae"
"Nacoleia","Nacoleia sp2 M PL 073","Lepidoptera","Crambidae"
"Nacoleia","Nacoleia sp1 M PL 064","Lepidoptera","Crambidae"
"Nacoleia","Nacoleia sp1 M PL 075","Lepidoptera","Crambidae"
"Nacoleia","Nacoleia sp1 M PL 060","Lepidoptera","Crambidae"
"Nacoleia","Nacoleia sp2 M PL 061","Lepidoptera","Crambidae"
"Nacoleia","Nacoleia sp2 M PL 072","Lepidoptera","Crambidae"
"Nacoleia","Nacoleia sp1 M PL 074","Lepidoptera","Crambidae"
"Nacoleia","Nacoleia sp1 M PL 071","Lepidoptera","Crambidae"
"Nacoleia","Nacoleia sp1 M PL 068","Lepidoptera","Crambidae"
"Nacoleia","Nacoleia sp3 M PL 065","Lepidoptera","Crambidae"
"Nacoleia","Nacoleia sp1 M PL 077","Lepidoptera","Crambidae"
"Nacoleia","Nacoleia sp2 M PL 064","Lepidoptera","Crambidae"
"Nacoleia","Nacoleia sp1 M PL 069","Lepidoptera","Crambidae"
"Nacoleia","Nacoleia sp1","Lepidoptera","Crambidae"
"Nacoleia","Nacoleia sp1 M PL 082","Lepidoptera","Crambidae"
"Nacoleia","Nacoleia sp1 M PL 072","Lepidoptera","Crambidae"
"Nacoleia","Nacoleia sp1 M PL 061","Lepidoptera","Crambidae"
"Nacoleia","Nacoleia sp4 M PL 065","Lepidoptera","Crambidae"
"Nacoleia","Nacoleia sp1 M PL 066","Lepidoptera","Crambidae"
"Nacoleia","Nacoleia sp2 M PL 081","Lepidoptera","Crambidae"
"Nacoleia","Nacoleia sp1 M PL 080","Lepidoptera","Crambidae"
"Nacoleia","Nacoleia sp2 M PL 063","Lepidoptera","Crambidae"
"Nacoleia","Nacoleia sp2 M PL 075","Lepidoptera","Crambidae"
"Nacoleia","Nacoleia sp2","Lepidoptera","Crambidae"
"Nacoleia","Nacoleia satsumalis","Lepidoptera","Crambidae"
"Nacoleia","Nacoleia sp1 M PL 062","Lepidoptera","Crambidae"
"Nacoleia","Nacoleia sp2 M PL 067","Lepidoptera","Crambidae"
"Nacoleia","Nacoleia sp1 M PL 076","Lepidoptera","Crambidae"
"Nacoleia","Nacoleia sp1 M PL 079","Lepidoptera","Crambidae"
"Nacoleia","Nacoleia sp1 M PL 073","Lepidoptera","Crambidae"
"Nacoleia","Nacoleia sp1 M PL 070","Lepidoptera","Crambidae"
"Nacoleia","Nacoleia sp2 M PL 068","Lepidoptera","Crambidae"
"Nacoleia","Nacoleia sp1 M PL 081","Lepidoptera","Crambidae"
"Nacoleia","Nacoleia sp1 M PL 083","Lepidoptera","Crambidae"
"Nakanea","Nakanea vicaria",NA,NA
"Nanohyes","Nanohyes plumbeus",NA,NA
"Napomyza","Napomyza sp1 M PL 015","Diptera","Agromyzidae"
"Narumyia","Narumyia narumyia","Diptera","Syrphidae"
"Nathalis","Nathalis iole","Lepidoptera","Pieridae"
"Naucles","Naucles sp1 M PL 026","Coleoptera","Scraptiidae"
"Neaitamus","Neaitamus angusticornis",NA,NA
"Neavella","Neavella albipectus","Diptera","Tabanidae"
"Nectarinia","Nectarinia dussumieri",NA,NA
"Nematus","Nematus vertebratus","Hymenoptera","Tenthredinidae"
"Nematus","Nematus sp1 M PL 020","Hymenoptera","Tenthredinidae"
"Nemognatha","Nemognatha chrysomelina","Coleoptera","Meloidae"
"Nemognatha","Nemognatha vittigera","Coleoptera","Meloidae"
"Nemophora","Nemophora umbripennis","Lepidoptera","Adelidae"
"Nemophora","Nemophora aurifera","Lepidoptera","Adelidae"
"Nemophora","Nemophora degeerella","Lepidoptera","Adelidae"
"Nemophora","Nemophora amurensis","Lepidoptera","Adelidae"
"Nemophora","Nemophora umbripenis","Lepidoptera","Adelidae"
"Nemopoda","Nemopoda minuta","Diptera","Sepsidae"
"Nemoptera","Nemoptera sp1 M PL 015","Neuroptera","Nemopteridae"
"Nemotelus","Nemotelus glaber","Diptera","Stratiomyidae"
"Nemotelus","Nemotelus pantherinus","Diptera","Stratiomyidae"
"Neoascia","Neoascia obliqua","Diptera","Syrphidae"
"Neoascia","Neoascia sp1 M PL 057","Diptera","Syrphidae"
"Neoascia","Neoascia podagrica","Diptera","Syrphidae"
"Neoascia","Neoascia tenur","Diptera","Syrphidae"
"Neoascia","Neoascia sp1 M PL 021","Diptera","Syrphidae"
"Neochrysis","Neochrysis sp1 M PL 072","Hymenoptera","Chrysididae"
"Neocnemodon","Neocnemodon latitarsis","Diptera","Syrphidae"
"Neocnemodon","Neocnemodon sp1 M PL 018","Diptera","Syrphidae"
"Neocrepidodera","Neocrepidodera recticollis","Coleoptera","Chrysomelidae"
"Neofischeria","Neofischeria flava",NA,NA
"Neohipparchia","Neohipparchia fatua","Lepidoptera","Nymphalidae"
"Neoleria","Neoleria prominens","Diptera","Heleomyzidae"
"Neolethaeus","Neolethaeus dallasi","Hemiptera","Rhyparochromidae"
"Neomyia","Neomyia cornicina","Diptera","Muscidae"
"Neope","Neope niphonica","Lepidoptera","Nymphalidae"
"Neophyllomyza","Neophyllomyza approximatonervis","Diptera","Milichiidae"
"Neotachina","Neotachina sp1 M PL 029","Diptera","Tachinidae"
"Neotachina","Neotachina obtusa","Diptera","Tachinidae"
"Neotachina","Neotachina sp1 M PL 028","Diptera","Tachinidae"
"Neotachina","Neotachina sp1 M PL 027","Diptera","Tachinidae"
"Neotrypetes","Neotrypetes productus",NA,NA
"Neotrypetes","Neotrypetes truncatus",NA,NA
"Neotrypetes","Neotrypetes barbatus",NA,NA
"Neptis","Neptis sappho","Lepidoptera","Nymphalidae"
"Nesiope","Nesiope ornata",NA,NA
"Nesopsar","Nesopsar nigerrimus",NA,NA
"Neuroptera","Neuroptera sp132 M PL 054",NA,NA
"Neuroptera","Neuroptera sp35 M PL 054",NA,NA
"Neuroptera","Neuroptera sp486 M PL 057",NA,NA
"Neuroptera","Neuroptera sp76 M PL 021",NA,NA
"Nipponosialis","Nipponosialis amamiensis",NA,NA
"Nipponovalgus","Nipponovalgus angusticollis","Coleoptera","Scarabaeidae"
"Nirvana","Nirvana orientalis","Hemiptera","Cicadellidae"
"Nitidulidae","Nitidulidae sp1",NA,NA
"Nitidulidae","Nitidulidae sp1 M PL 077",NA,NA
"Noctuidae","Noctuidae sp1 M PL 009",NA,NA
"Nodena","Nodena sp1 M PL 044",NA,NA
"Nodina","Nodina chalcosoma","Coleoptera","Chrysomelidae"
"Nogodinidae","Nogodinidae sp1 M PL 067",NA,NA
"Nomada","Nomada harimensis","Hymenoptera","Apidae"
"Nomada","Nomada illinoensis","Hymenoptera","Apidae"
"Nomada","Nomada nobilis","Hymenoptera","Apidae"
"Nomada","Nomada lucidula","Hymenoptera","Apidae"
"Nomada","Nomada mutsuensis","Hymenoptera","Apidae"
"Nomada","Nomada asozuana","Hymenoptera","Apidae"
"Nomada","Nomada mavromoustakisi","Hymenoptera","Apidae"
"Nomada","Nomada sp1 M PL 053","Hymenoptera","Apidae"
"Nomada","Nomada babiyi","Hymenoptera","Apidae"
"Nomada","Nomada hakonensis","Hymenoptera","Apidae"
"Nomada","Nomada ginran","Hymenoptera","Apidae"
"Nomada","Nomada mutabilis","Hymenoptera","Apidae"
"Nomada","Nomada rubricollis","Hymenoptera","Apidae"
"Nomada","Nomada nipponica","Hymenoptera","Apidae"
"Nomada","Nomada succinta","Hymenoptera","Apidae"
"Nomada","Nomada clalii okubira","Hymenoptera","Apidae"
"Nomada","Nomada trispinosa","Hymenoptera","Apidae"
"Nomada","Nomada galloisi","Hymenoptera","Apidae"
"Nomada","Nomada muinensis","Hymenoptera","Apidae"
"Nomada","Nomada sp1 M PL 015","Hymenoptera","Apidae"
"Nomada","Nomada basalis","Hymenoptera","Apidae"
"Nomada","Nomada sp1 M PL 005","Hymenoptera","Apidae"
"Nomada","Nomada ruficornis","Hymenoptera","Apidae"
"Nomada","Nomada imperialis","Hymenoptera","Apidae"
"Nomada","Nomada calimorpha","Hymenoptera","Apidae"
"Nomada","Nomada pygmaea","Hymenoptera","Apidae"
"Nomada","Nomada luteola","Hymenoptera","Apidae"
"Nomada","Nomada fucata","Hymenoptera","Apidae"
"Nomada","Nomada sp1 M PL 058","Hymenoptera","Apidae"
"Nomada","Nomada diervillae","Hymenoptera","Apidae"
"Nomada","Nomada comparata","Hymenoptera","Apidae"
"Nomada","Nomada sp1 M PL 056","Hymenoptera","Apidae"
"Nomada","Nomada fukuiana","Hymenoptera","Apidae"
"Nomada","Nomada aswensis","Hymenoptera","Apidae"
"Nomada","Nomada simplex","Hymenoptera","Apidae"
"Nomada","Nomada shepparadana okubira","Hymenoptera","Apidae"
"Nomada","Nomada japonica","Hymenoptera","Apidae"
"Nomada","Nomada bishopii","Hymenoptera","Apidae"
"Nomada","Nomada flavoguttata japonensis","Hymenoptera","Apidae"
"Nomada","Nomada perplexa","Hymenoptera","Apidae"
"Nomada","Nomada pacifica","Hymenoptera","Apidae"
"Nomada","Nomada flava","Hymenoptera","Apidae"
"Nomada","Nomada cuneata","Hymenoptera","Apidae"
"Nomada","Nomada sp1 M PL 057","Hymenoptera","Apidae"
"Nomada","Nomada cressonii","Hymenoptera","Apidae"
"Nomada","Nomada panzeri","Hymenoptera","Apidae"
"Nomada","Nomada shirakii","Hymenoptera","Apidae"
"Nomada","Nomada salicis","Hymenoptera","Apidae"
"Nomada","Nomada femoralis","Hymenoptera","Apidae"
"Nomada","Nomada erythrocephala","Hymenoptera","Apidae"
"Nomada","Nomada issikii","Hymenoptera","Apidae"
"Nomada","Nomada propinqua","Hymenoptera","Apidae"
"Nomada","Nomada sp1 M PL 047","Hymenoptera","Apidae"
"Nomada","Nomada parva","Hymenoptera","Apidae"
"Nomada","Nomada eos","Hymenoptera","Apidae"
"Nomada","Nomada denticulata","Hymenoptera","Apidae"
"Nomada","Nomada corcyraea","Hymenoptera","Apidae"
"Nomada","Nomada sp1 M PL 025","Hymenoptera","Apidae"
"Nomada","Nomada sayi","Hymenoptera","Apidae"
"Nomada","Nomada distinguenda","Hymenoptera","Apidae"
"Nomada","Nomada esakii","Hymenoptera","Apidae"
"Nomada","Nomada rufipes","Hymenoptera","Apidae"
"Nomia","Nomia pavonula","Hymenoptera","Halictidae"
"Nomia","Nomia sp1 M PL 015","Hymenoptera","Halictidae"
"Nomia","Nomia rumelica","Hymenoptera","Halictidae"
"Nomia","Nomia diversipes","Hymenoptera","Halictidae"
"Nomia","Nomia unidentata","Hymenoptera","Halictidae"
"Nomioides","Nomioides facilis","Hymenoptera","Halictidae"
"Nonartha","Nonartha cyaneum",NA,NA
"Nonartha","Nonartha variabile",NA,NA
"Nonarthra","Nonarthra cyanea","Coleoptera","Chrysomelidae"
"Nordmannia","Nordmannia ilicis","Lepidoptera","Lycaenidae"
"Nothus","Nothus varians","Lepidoptera","Sematuridae"
"Notiphila","Notiphila unicolor","Diptera","Ephydridae"
"Notiphila","Notiphila sp1 M PL 023","Diptera","Ephydridae"
"Notoglossa","Notoglossa cressonii",NA,NA
"Notoglossa","Notoglossa emarginata",NA,NA
"Notoglossa","Notoglossa inornata",NA,NA
"Notogonidea","Notogonidea argentata",NA,NA
"Notoreas","Notoreas anthracias","Lepidoptera","Geometridae"
"Notoreas","Notoreas cataphyrrha","Lepidoptera","Geometridae"
"Notoreas","Notoreas mechanitis","Lepidoptera","Geometridae"
"Notozus","Notozus hyalinus",NA,NA
"Nustera","Nustera distigma","Coleoptera","Cerambycidae"
"Nyctemera","Nyctemera insulare","Lepidoptera","Erebidae"
"Nyctemera","Nyctemera insulare Boisduval","Lepidoptera","Erebidae"
"Nyctia","Nyctia lugubris","Diptera","Sarcophagidae"
"Nysius","Nysius graminicola","Hemiptera","Lygaeidae"
"Nysius","Nysius sp1 M PL 054","Hemiptera","Lygaeidae"
"Nysius","Nysius sp1 M PL 057","Hemiptera","Lygaeidae"
"Nysius","Nysius plebeius","Hemiptera","Lygaeidae"
"Nysius","Nysius cymoides","Hemiptera","Lygaeidae"
"Nysius","Nysius sp1 M PL 021","Hemiptera","Lygaeidae"
"Nysius","Nysius groenlandicus","Hemiptera","Lygaeidae"
"Nysson","Nysson plagiatus","Hymenoptera","Crabronidae"
"Occisor","Occisor sp1 M PL 028","Diptera","Tachinidae"
"Occisor","Occisor sp1 M PL 027","Diptera","Tachinidae"
"Occisor","Occisor versutus","Diptera","Tachinidae"
"Occisor","Occisor sp1 M PL 029","Diptera","Tachinidae"
"Ochetelus","Ochetelus itoi",NA,NA
"Ochlodes","Ochlodes venata","Lepidoptera","Hesperiidae"
"Ochlodes","Ochlodes ochraceus","Lepidoptera","Hesperiidae"
"Ocholodes","Ocholodes ochracea",NA,NA
"Ochtera","Ochtera mantis","Diptera","Ephydridae"
"Ochthera","Ochthera lauta","Diptera","Ephydridae"
"Ochthera","Ochthera predaceous","Diptera","Ephydridae"
"Ocinimorpha","Ocinimorpha novakii",NA,NA
"Ocyptamus","Ocyptamus melanorrhinus","Diptera","Syrphidae"
"Ocyptamus","Ocyptamus meridionalis","Diptera","Syrphidae"
"Ocyptera","Ocyptera argentea","Diptera","Tachinidae"
"Ocyptera","Ocyptera nigra","Diptera","Tachinidae"
"Ocyptera","Ocyptera lata","Diptera","Tachinidae"
"Ocyptera","Ocyptera tenuis","Diptera","Tachinidae"
"Ocyptera","Ocyptera dosiades","Diptera","Tachinidae"
"Odinophora","Odinophora occidentalis","Hymenoptera","Ichneumonidae"
"Odontalictus","Odontalictus ligatus",NA,NA
"Odontalictus","Odontalictus nigrirostris",NA,NA
"Odontobracon","Odontobracon sp1 M PL 055","Hymenoptera","Braconidae"
"Odontocera","Odontocera flavicauda","Coleoptera","Cerambycidae"
"Odontomyia","Odontomyia pubescens","Diptera","Stratiomyidae"
"Odontomyia","Odontomyia cincta","Diptera","Stratiomyidae"
"Odontomyia","Odontomyia tigrina","Diptera","Stratiomyidae"
"Odontomyia","Odontomyia viridula","Diptera","Stratiomyidae"
"Odontotarsus","Odontotarsus sp1 M PL 015","Hemiptera","Scutelleridae"
"Odynerus","Odynerus annulatus","Hymenoptera","Vespidae"
"Odynerus","Odynerus poecilus","Hymenoptera","Vespidae"
"Odynerus","Odynerus femoratus","Hymenoptera","Vespidae"
"Odynerus","Odynerus albopictus","Hymenoptera","Vespidae"
"Odynerus","Odynerus sp1 M PL 016","Hymenoptera","Vespidae"
"Odynerus","Odynerus melanocephalus","Hymenoptera","Vespidae"
"Oedemera","Oedemera sp1 M PL 015","Coleoptera","Oedemeridae"
"Oedemera","Oedemera lurida","Coleoptera","Oedemeridae"
"Oedemera","Oedemera flavipes","Coleoptera","Oedemeridae"
"Oedemera","Oedemera nobilis","Coleoptera","Oedemeridae"
"Oedemera","Oedemera barbara","Coleoptera","Oedemeridae"
"Oedemeronia","Oedemeronia lucidicollis",NA,NA
"Oedemeronia","Oedemeronia manicata",NA,NA
"Oedemeronia","Oedemeronia testaceithorax",NA,NA
"Oedemeronia","Oedemeronia sexualis",NA,NA
"Oedemeronia","Oedemeronia subrobusta",NA,NA
"Oiphinus","Oiphinus formosanussp",NA,NA
"Okinawepipona","Okinawepipona kogimai nagasei","Hymenoptera","Eumenidae"
"Olcella","Olcella sp1 M PL 026","Diptera","Chloropidae"
"Oleria","Oleria aquata","Lepidoptera","Nymphalidae"
"Olethreutes","Olethreutes inquitana","Lepidoptera","Tortricidae"
"Olethreutes","Olethreutes inquietana","Lepidoptera","Tortricidae"
"Olethreutes","Olethreutes mengelana","Lepidoptera","Tortricidae"
"Oliarus","Oliarus okinawanus","Hemiptera","Cixiidae"
"Olibrus","Olibrus consanguineus","Coleoptera","Phalacridae"
"Olibrus","Olibrus aeneus","Coleoptera","Phalacridae"
"Oligia","Oligia sp1 M PL 006","Lepidoptera","Noctuidae"
"Oligodranes","Oligodranes sp1 M PL 015","Diptera","Bombyliidae"
"Oligoneura","Oligoneura itoi","Diptera","Acroceridae"
"Oligotropus","Oligotropus oligolege","Hymenoptera","Megachilidae"
"Oligotropus","Oligotropus campanulae","Hymenoptera","Megachilidae"
"Oliveridia","Oliveridia tricornis","Diptera","Chironomidae"
"Omalus","Omalus sp1 M PL 005","Hymenoptera","Chrysididae"
"Omicrom","Omicrom ruficolle",NA,NA
"Oncomerella","Oncomerella venosa",NA,NA
"Oncopeltus","Oncopeltus piltus","Hemiptera","Lygaeidae"
"Onesia","Onesia sp1 M PL 049","Diptera","Calliphoridae"
"Onesia","Onesia sp1 M PL 056","Diptera","Calliphoridae"
"Onesia","Onesia floralis","Diptera","Calliphoridae"
"Onomaus","Onomaus lautus","Hemiptera","Miridae"
"Onthophagus","Onthophagus pennsylvanicus","Coleoptera","Scarabaeidae"
"Onthophagus","Onthophagus lenzii","Coleoptera","Scarabaeidae"
"Onycholyda","Onycholyda lucida","Hymenoptera","Pamphiliidae"
"Onychostylus","Onychostylus pallidiolus",NA,NA
"Oomorphoides","Oomorphoides loochooensis","Coleoptera","Chrysomelidae"
"Oomorphoides","Oomorphoides sp1 M PL 044","Coleoptera","Chrysomelidae"
"Opandrena","Opandrena dubia",NA,NA
"Opandrena","Opandrena miserabilis",NA,NA
"Opandrena","Opandrena serotina",NA,NA
"Opandrena","Opandrena zizae",NA,NA
"Ophion","Ophion sp1 M PL 005","Hymenoptera","Ichneumonidae"
"Ophion","Ophion bifoveolatum","Hymenoptera","Ichneumonidae"
"Ophyra","Ophyra capensis",NA,NA
"Ophyra","Ophyra capensis Wiedemann",NA,NA
"Ophyra","Ophyra leucostoma",NA,NA
"Opius","Opius fuscipennis","Hymenoptera","Braconidae"
"Opsidia","Opsidia gonioides","Diptera","Sarcophagidae"
"Oracistrocerus","Oracistrocerus drewseni drewseni",NA,NA
"Orchisia","Orchisia costata Meigen","Diptera","Muscidae"
"Orchisia","Orchisia costata","Diptera","Muscidae"
"Orellia","Orellia falcata","Diptera","Tephritidae"
"Oreocalus","Oreocalus hebe","Coleoptera","Curculionidae"
"Oresbius","Oresbius sp1 M PL 020","Hymenoptera","Ichneumonidae"
"Oreumenes","Oreumenes decoratus","Hymenoptera","Eumenidae"
"Orgilus","Orgilus rileyi","Hymenoptera","Braconidae"
"Orientabia","Orientabia maguna","Hymenoptera","Cimbicidae"
"Ornebius","Ornebius erraticus","Orthoptera","Mogoplistidae"
"Ornebius","Ornebius kanetataki","Orthoptera","Mogoplistidae"
"Ornidia","Ornidia obesa Fabricius","Diptera","Syrphidae"
"Ornidia","Ornidia obesa","Diptera","Syrphidae"
"Orocrambus","Orocrambus lectus","Lepidoptera","Crambidae"
"Orocrambus","Orocrambus flexuosellus","Lepidoptera","Crambidae"
"Orocrambus","Orocrambus crenaeus","Lepidoptera","Crambidae"
"Orphilus","Orphilus niger","Coleoptera","Dermestidae"
"Orphilus","Orphilus glabratus","Coleoptera","Dermestidae"
"Orphinus","Orphinus quadrimaculatus","Coleoptera","Dermestidae"
"Orsodacne","Orsodacne atra","Coleoptera","Orsodacnidae"
"Orthaltica","Orthaltica shirozui","Coleoptera","Chrysomelidae"
"Orthelia","Orthelia caesarion",NA,NA
"Orthellia","Orthellia albigena",NA,NA
"Orthellia","Orthellia albigena Stein",NA,NA
"Orthocentrinae","Orthocentrinae sp1 M PL 009",NA,NA
"Orthocladiinae","Orthocladiinae sp1 M PL 020",NA,NA
"Orthocladiinae","Orthocladiinae sp1 M PL 014",NA,NA
"Orthocladius","Orthocladius sp1 M PL 010","Diptera","Chironomidae"
"Orthocladius","Orthocladius sp1 M PL 015","Diptera","Chironomidae"
"Orthocladius","Orthocladius consobrinus","Diptera","Chironomidae"
"Orthocladus","Orthocladus sp1 M PL 014",NA,NA
"Ortholomus","Ortholomus longiceps","Hemiptera","Lygaeidae"
"Orthonerva","Orthonerva geniculata","Diptera","Syrphidae"
"Orthoneura","Orthoneura nitida",NA,NA
"Orthoneura","Orthoneura pulchella",NA,NA
"Orthoneura","Orthoneura pictipennis",NA,NA
"Orthopagus","Orthopagus lunutiper","Hemiptera","Dictyopharidae"
"Orthoperus","Orthoperus sp1 M PL 026","Coleoptera","Corylophidae"
"Orthops","Orthops kalmi","Hemiptera","Miridae"
"Orthoptera","Orthoptera sp11 M PL 026",NA,NA
"Orthoptera","Orthoptera sp126 M PL 057",NA,NA
"Orthoptera","Orthoptera sp127 M PL 057",NA,NA
"Orthoptera","Orthoptera sp133 M PL 054",NA,NA
"Orthoptera","Orthoptera sp134 M PL 054",NA,NA
"Orthoptera","Orthoptera sp135 M PL 054",NA,NA
"Orthoptera","Orthoptera sp136 M PL 054",NA,NA
"Orthoptera","Orthoptera sp20 M PL 021",NA,NA
"Orthoptera","Orthoptera sp73 M PL 021",NA,NA
"Orthoptera","Orthoptera sp74 M PL 021",NA,NA
"Orthoptera","Orthoptera sp75 M PL 021",NA,NA
"Orthoptera","Orthoptera sp487 M PL 057",NA,NA
"Orthoptera","Orthoptera sp50 M PL 021",NA,NA
"Orthoptera","Orthoptera sp68 M PL 057",NA,NA
"Orthoptera","Orthoptera sp69 M PL 057",NA,NA
"Orthorhyncus","Orthorhyncus cristatus",NA,NA
"Oscinella","Oscinella frit","Diptera","Chloropidae"
"Oscinella","Oscinella hortensis","Diptera","Chloropidae"
"Oscinella","Oscinella vastator","Diptera","Chloropidae"
"Oscinis","Oscinis coxendix","Diptera","Chloropidae"
"Oscinis","Oscinis trigramma","Diptera","Chloropidae"
"Osmia","Osmia phaceliae","Hymenoptera","Megachilidae"
"Osmia","Osmia scutellaris","Hymenoptera","Megachilidae"
"Osmia","Osmia pentstemonis","Hymenoptera","Megachilidae"
"Osmia","Osmia sp1 M PL 025","Hymenoptera","Megachilidae"
"Osmia","Osmia spinigera","Hymenoptera","Megachilidae"
"Osmia","Osmia apicata","Hymenoptera","Megachilidae"
"Osmia","Osmia proxima","Hymenoptera","Megachilidae"
"Osmia","Osmia rohweri","Hymenoptera","Megachilidae"
"Osmia","Osmia moreensis","Hymenoptera","Megachilidae"
"Osmia","Osmia (Metallinella) brevicornis","Hymenoptera","Megachilidae"
"Osmia","Osmia densa","Hymenoptera","Megachilidae"
"Osmia","Osmia fulviventris","Hymenoptera","Megachilidae"
"Osmia","Osmia pusilla","Hymenoptera","Megachilidae"
"Osmia","Osmia hypoleuca","Hymenoptera","Megachilidae"
"Osmia","Osmia illinoensis","Hymenoptera","Megachilidae"
"Osmia","Osmia viridana","Hymenoptera","Megachilidae"
"Osmia","Osmia nana","Hymenoptera","Megachilidae"
"Osmia","Osmia propinqua","Hymenoptera","Megachilidae"
"Osmia","Osmia melanotricha","Hymenoptera","Megachilidae"
"Osmia","Osmia collinsiae","Hymenoptera","Megachilidae"
"Osmia","Osmia orientalis","Hymenoptera","Megachilidae"
"Osmia","Osmia abnormis","Hymenoptera","Megachilidae"
"Osmia","Osmia coloradella","Hymenoptera","Megachilidae"
"Osmia","Osmia imaii","Hymenoptera","Megachilidae"
"Osmia","Osmia sp1 M PL 005","Hymenoptera","Megachilidae"
"Osmia","Osmia nigrifrons","Hymenoptera","Megachilidae"
"Osmia","Osmia mustelina","Hymenoptera","Megachilidae"
"Osmia","Osmia fulgida","Hymenoptera","Megachilidae"
"Osmia","Osmia sp1 M PL 016","Hymenoptera","Megachilidae"
"Osmia","Osmia sp1 M PL 015","Hymenoptera","Megachilidae"
"Osmia","Osmia atriventris","Hymenoptera","Megachilidae"
"Osmia","Osmia caerulescens","Hymenoptera","Megachilidae"
"Osmia","Osmia bella","Hymenoptera","Megachilidae"
"Osmia","Osmia wardiana","Hymenoptera","Megachilidae"
"Osmia","Osmia simillima","Hymenoptera","Megachilidae"
"Osmia","Osmia conjucta","Hymenoptera","Megachilidae"
"Osmia","Osmia sp1 M PL 058","Hymenoptera","Megachilidae"
"Osmia","Osmia taurus","Hymenoptera","Megachilidae"
"Osmia","Osmia versicolor","Hymenoptera","Megachilidae"
"Osmia","Osmia cornifrons","Hymenoptera","Megachilidae"
"Osmia","Osmia cephalotes","Hymenoptera","Megachilidae"
"Osmia","Osmia megacephala","Hymenoptera","Megachilidae"
"Osmia","Osmia lignaria","Hymenoptera","Megachilidae"
"Osmia","Osmia aurulenta","Hymenoptera","Megachilidae"
"Osmia","Osmia latreillei","Hymenoptera","Megachilidae"
"Osmia","Osmia andrenoides","Hymenoptera","Megachilidae"
"Osmia","Osmia bruneri","Hymenoptera","Megachilidae"
"Osmia","Osmia signata","Hymenoptera","Megachilidae"
"Osmia","Osmia pumila","Hymenoptera","Megachilidae"
"Osmia","Osmia albolateralis","Hymenoptera","Megachilidae"
"Osmia","Osmia bidentata","Hymenoptera","Megachilidae"
"Osmia","Osmia melanogaster","Hymenoptera","Megachilidae"
"Osmia","Osmia brevis","Hymenoptera","Megachilidae"
"Osmia","Osmia subcornuta","Hymenoptera","Megachilidae"
"Oulema","Oulema erichsoni","Coleoptera","Chrysomelidae"
"Oulema","Oulema melanopus","Coleoptera","Chrysomelidae"
"Ourapterix","Ourapterix persica",NA,NA
"Oxacis","Oxacis sp1 M PL 026","Coleoptera","Oedemeridae"
"Oxacis","Oxacis thoracica","Coleoptera","Oedemeridae"
"Oxybelus","Oxybelus sp1 M PL 005","Hymenoptera","Crabronidae"
"Oxybelus","Oxybelus mandibularis","Hymenoptera","Crabronidae"
"Oxybelus","Oxybelus sp1 M PL 031","Hymenoptera","Crabronidae"
"Oxybelus","Oxybelus sp1 M PL 023","Hymenoptera","Crabronidae"
"Oxybelus","Oxybelus 4 notatus","Hymenoptera","Crabronidae"
"Oxycarenus","Oxycarenus hyalinipennis","Hemiptera","Oxycarenidae"
"Oxycetonia","Oxycetonia forticula forticula",NA,NA
"Oxycetonia","Oxycetonia jucunda",NA,NA
"Oxyporus","Oxyporus basiventris","Coleoptera","Staphylinidae"
"Oxyssarcodexia","Oxyssarcodexia peltata",NA,NA
"Oxystoglossa","Oxystoglossa similis",NA,NA
"Oxythyrea","Oxythyrea funesta","Coleoptera","Scarabaeidae"
"Oxytorus","Oxytorus armatus","Hymenoptera","Ichneumonidae"
"Pachodunerus","Pachodunerus brevithorax",NA,NA
"Pachodynerus","Pachodynerus nasidens","Hymenoptera","Eumenidae"
"Pachybrachys","Pachybrachys atomarius","Coleoptera","Chrysomelidae"
"Pachycerina","Pachycerina crinicornis","Diptera","Lauxaniidae"
"Pachycerina","Pachycerina crinicornis Thomson","Diptera","Lauxaniidae"
"Pachycerina","Pachycerina seychellensis","Diptera","Lauxaniidae"
"Pachymeria","Pachymeria pudica","Diptera","Empididae"
"Pachyneuron","Pachyneuron mesograptae","Hymenoptera","Pteromalidae"
"Pachyophthalmus","Pachyophthalmus floridensis",NA,NA
"Pachyophthalmus","Pachyophthalmus signatus",NA,NA
"Pachyprotasis","Pachyprotasis tanakai","Hymenoptera","Tenthredinidae"
"Pachyprotasis","Pachyprotasis sp2 M PL 057","Hymenoptera","Tenthredinidae"
"Pachyprotasis","Pachyprotasis sp3 M PL 057","Hymenoptera","Tenthredinidae"
"Pachyprotasis","Pachyprotasis sp1 M PL 053","Hymenoptera","Tenthredinidae"
"Pachyprotasis","Pachyprotasis sp1 M PL 054","Hymenoptera","Tenthredinidae"
"Pachyprotasis","Pachyprotasis hiensis","Hymenoptera","Tenthredinidae"
"Pachyprotasis","Pachyprotasis sp1 M PL 057","Hymenoptera","Tenthredinidae"
"Pachytodes","Pachytodes cometes","Coleoptera","Cerambycidae"
"Padabrus","Padabrus tomentosus",NA,NA
"Paleorhiza","Paleorhiza sp1 M PL 071",NA,NA
"Pales","Pales efferata","Diptera","Tachinidae"
"Pales","Pales usitata","Diptera","Tachinidae"
"Pales","Pales nyctemeriana","Diptera","Tachinidae"
"Pales","Pales tecta","Diptera","Tachinidae"
"Pales","Pales aurea","Diptera","Tachinidae"
"Palexorista","Palexorista sp1","Diptera","Tachinidae"
"Palexorista","Palexorista sp1 M PL 074","Diptera","Tachinidae"
"Palleira","Palleira femorata",NA,NA
"Palmodes","Palmodes dimidiata","Hymenoptera","Sphecidae"
"Palpada","Palpada pusio","Diptera","Syrphidae"
"Palpada","Palpada sp1 M PL 072","Diptera","Syrphidae"
"Palpita","Palpita unionalis","Lepidoptera","Crambidae"
"Pampasatyrus","Pampasatyrus gyrtone","Lepidoptera","Nymphalidae"
"Pamphila","Pamphila dion",NA,NA
"Pamphila","Pamphila hobomok",NA,NA
"Panameria","Panameria tenebrata",NA,NA
"Panara","Panara naso",NA,NA
"Panara","Panara naso Fabricius",NA,NA
"Panca","Panca subpunctuli","Lepidoptera","Hesperiidae"
"Pandoriana","Pandoriana pandora",NA,NA
"Panoquina","Panoquina bola","Lepidoptera","Hesperiidae"
"Panorpa","Panorpa trizonata","Mecoptera","Panorpidae"
"Panorpodes","Panorpodes paradoxa","Mecoptera","Panorpodidae"
"Panurgillus","Panurgillus sp1 M PL 072","Hymenoptera","Andrenidae"
"Panurgineae","Panurgineae sp",NA,NA
"Panurginus","Panurginus sp1 M PL 005","Hymenoptera","Andrenidae"
"Panurginus","Panurginus cressoniellus","Hymenoptera","Andrenidae"
"Panurginus","Panurginus crawfordi","Hymenoptera","Andrenidae"
"Panurgus","Panurgus sp1 M PL 016","Hymenoptera","Andrenidae"
"Panzeria","Panzeria radicum","Diptera","Tachinidae"
"Papilio","Papilio memnon thunbergii","Lepidoptera","Papilionidae"
"Papilio","Papilio helenus nicconicoleus","Lepidoptera","Papilionidae"
"Papilio","Papilio rutulus","Lepidoptera","Papilionidae"
"Papilio","Papilio Protenor demetrius","Lepidoptera","Papilionidae"
"Papilio","Papilio helenus nicconicolens","Lepidoptera","Papilionidae"
"Papilio","Papilio bianor amamiensis","Lepidoptera","Papilionidae"
"Papilio","Papilio xuthus","Lepidoptera","Papilionidae"
"Papilio","Papilio polydamas","Lepidoptera","Papilionidae"
"Papilio","Papilio machaon","Lepidoptera","Papilionidae"
"Papilio","Papilio alexanor","Lepidoptera","Papilionidae"
"Papilio","Papilio asterias","Lepidoptera","Papilionidae"
"Papilio","Papilio thersites","Lepidoptera","Papilionidae"
"Papilio","Papilio bianor","Lepidoptera","Papilionidae"
"Papilion","Papilion machaon",NA,NA
"Papilix","Papilix macilentus",NA,NA
"Papilix","Papilix Protenor demetrius",NA,NA
"Papilla","Papilla japonica",NA,NA
"Papillio","Papillio manlius",NA,NA
"Paracalystos","Paracalystos sp",NA,NA
"Parachytas","Parachytas sp1 M PL 072",NA,NA
"Paradelia","Paradelia sp1 M PL 009","Diptera","Anthomyiidae"
"Paradidyma","Paradidyma singularis","Diptera","Tachinidae"
"Paragus","Paragus jozanus","Diptera","Syrphidae"
"Paragus","Paragus quadrifasciatus","Diptera","Syrphidae"
"Paragus","Paragus borbonicus Macquart","Diptera","Syrphidae"
"Paragus","Paragus tibialis","Diptera","Syrphidae"
"Paragus","Paragus bicolor","Diptera","Syrphidae"
"Paragus","Paragus haemorrhous","Diptera","Syrphidae"
"Paragus","Paragus kaemorrhous","Diptera","Syrphidae"
"Paragus","Paragus borbonicus","Diptera","Syrphidae"
"Paragymnetis","Paragymnetis lanius",NA,NA
"Paralictus","Paralictus platyparius","Hymenoptera","Halictidae"
"Paralictus","Paralictus cephalicus","Hymenoptera","Halictidae"
"Paralictus","Paralictus simplex","Hymenoptera","Halictidae"
"Paramoecerus","Paramoecerus barbicornis","Coleoptera","Cerambycidae"
"Paramyia","Paramyia nitens","Diptera","Milichiidae"
"Parancistrocerus","Parancistrocerus sp1 M PL 030","Hymenoptera","Eumenidae"
"Parandrena","Parandrena andrenoides",NA,NA
"Paranomia","Paranomia nortonii","Hymenoptera","Halictidae"
"Parantica","Parantica sita niphonica","Lepidoptera","Nymphalidae"
"Paraoxyna","Paraoxyna bidentis",NA,NA
"Parapantitius","Parapantitius flavomarginatus",NA,NA
"Paraphaenocladius","Paraphaenocladius despectus","Diptera","Chironomidae"
"Paraphaenocladius","Paraphaenocladius sp1 M PL 010","Diptera","Chironomidae"
"Paraphrissopoda","Paraphrissopoda chrysostoma","Diptera","Sarcophagidae"
"Parapiophila","Parapiophila vulgaris","Diptera","Piophilidae"
"Parapolybia","Parapolybia indica","Hymenoptera","Vespidae"
"Parapolybia","Parapolybia varia","Hymenoptera","Vespidae"
"Pararge","Pararge xiphioides","Lepidoptera","Nymphalidae"
"Pararge","Pararge aegeria","Lepidoptera","Nymphalidae"
"Parasarcophaga","Parasarcophaga hirticeps","Diptera","Sarcophagidae"
"Paraserica","Paraserica gricea","Coleoptera","Scarabaeidae"
"Parastrangalis","Parastrangalis nymphula","Coleoptera","Cerambycidae"
"Parastrangatis","Parastrangatis nymphula",NA,NA
"Parasyrphus","Parasyrphus aeneostoma","Diptera","Syrphidae"
"Parasyrphus","Parasyrphus relictus","Diptera","Syrphidae"
"Parasyrphus","Parasyrphus lineola","Diptera","Syrphidae"
"Parasyrphus","Parasyrphus tarsatus","Diptera","Syrphidae"
"Parasyrphus","Parasyrphus malinellus","Diptera","Syrphidae"
"Paratrechina","Paratrechina flavipes","Hymenoptera","Formicidae"
"Paratrechina","Paratrechina longicornis","Hymenoptera","Formicidae"
"Paratrechina","Paratrechina vaga","Hymenoptera","Formicidae"
"Paratrichius","Paratrichius doentzi","Coleoptera","Scarabaeidae"
"Paratrichius","Paratrichius septemdecimguttatus","Coleoptera","Scarabaeidae"
"Paravespula","Paravespula germanica","Hymenoptera","Eumenidae"
"Pardosa","Pardosa glacialis","Araneae","Lycosidae"
"Paregle","Paregle audacula","Diptera","Anthomyiidae"
"Parempis","Parempis clausa",NA,NA
"Pareromene","Pareromene pyrsophanes",NA,NA
"Parhelophilus","Parhelophilus sp1 M PL 006","Diptera","Syrphidae"
"Parhelophilus","Parhelophilus versicolor","Diptera","Syrphidae"
"Paridea","Paridea angulicollis","Coleoptera","Chrysomelidae"
"Parnara","Parnara guttata","Lepidoptera","Hesperiidae"
"Parnara","Parnara guttata guttata","Lepidoptera","Hesperiidae"
"Parnassius","Parnassius clodius","Lepidoptera","Papilionidae"
"Parnassius","Parnassius gracialis","Lepidoptera","Papilionidae"
"Parnassius","Parnassius smintheus","Lepidoptera","Papilionidae"
"Parnassius","Parnassius glacialis","Lepidoptera","Papilionidae"
"Parontodynerus","Parontodynerus ephippium",NA,NA
"Paroxystoglossa","Paroxystoglossa sp1 M PL 072","Hymenoptera","Halictidae"
"Partamona","Partamona sp","Hymenoptera","Apidae"
"Pasiphila","Pasiphila sp1 M PL 028","Lepidoptera","Geometridae"
"Pasiphila","Pasiphila bilineolata","Lepidoptera","Geometridae"
"Pasiphila","Pasiphila sandycias","Lepidoptera","Geometridae"
"Pasiphila","Pasiphila sp2 M PL 028","Lepidoptera","Geometridae"
"Pasiphila","Pasiphila inductata","Lepidoptera","Geometridae"
"Pasiphila","Pasiphila nereis","Lepidoptera","Geometridae"
"Pasiphila","Pasiphila sp1 M PL 029","Lepidoptera","Geometridae"
"Passaloecus","Passaloecus sp1 M PL 004","Hymenoptera","Crabronidae"
"Passaloecus","Passaloecus clypealis yamato","Hymenoptera","Crabronidae"
"Pechipogo","Pechipogo plumigeralis","Lepidoptera","Erebidae"
"Pecticus","Pecticus tenebrifer",NA,NA
"Pectinarctica","Pectinarctica stylata",NA,NA
"Pegohylemyia","Pegohylemyia fugax","Diptera","Anthomyiidae"
"Pegomya","Pegomya haemorrhoum","Diptera","Anthomyiidae"
"Pegomya","Pegomya sp1 M PL 009","Diptera","Anthomyiidae"
"Pegomyia","Pegomyia sp1 M PL 014","Diptera","Anthomyiidae"
"Pegomyia","Pegomyia sp1 M PL 020","Diptera","Anthomyiidae"
"Pegoplata","Pegoplata aestiva","Diptera","Anthomyiidae"
"Pelatines","Pelatines striatipennis",NA,NA
"Pelecophora","Pelecophora intemipta All","Coleoptera","Melyridae"
"Pelecophora","Pelecophora intemipta","Coleoptera","Melyridae"
"Pelecorhychus","Pelecorhychus rubidus",NA,NA
"Peleteria","Peleteria ruficornis","Diptera","Tachinidae"
"Peleteria","Peleteria robusta","Diptera","Tachinidae"
"Peleteria","Peleteria filipalpis","Diptera","Tachinidae"
"Peleteria","Peleteria aenea","Diptera","Tachinidae"
"Peleteriopsis","Peleteriopsis aenea","Diptera","Tachinidae"
"Pelopidas","Pelopidas mathias oberthueri","Lepidoptera","Hesperiidae"
"Pelopides","Pelopides jansonis","Coleoptera","Passalidae"
"Pempeliella","Pempeliella plufnbella",NA,NA
"Pemphredon","Pemphredon lethifer","Hymenoptera","Crabronidae"
"Pentaria","Pentaria trifasciata","Coleoptera","Scraptiidae"
"Pentatoma","Pentatoma japonica","Hemiptera","Pentatomidae"
"Penthelater","Penthelater plebejus",NA,NA
"Penthesiiea","Penthesiiea apicalis",NA,NA
"Penthesilea","Penthesilea apicalis","Lepidoptera","Pyralidae"
"Penthimia","Penthimia guttula","Hemiptera","Cicadellidae"
"Peponapis","Peponapis pruinosa","Hymenoptera","Apidae"
"Pepsis","Pepsis sp1 M PL 031","Hymenoptera","Pompilidae"
"Pepsis","Pepsis sp1 M PL 030","Hymenoptera","Pompilidae"
"Pepsis","Pepsis sp1 M PL 072","Hymenoptera","Pompilidae"
"Perdita","Perdita 8 maculata","Hymenoptera","Andrenidae"
"Perditella","Perditella oligolege",NA,NA
"Perditella","Perditella boltoniae",NA,NA
"Pereirapis","Pereirapis sp1 M PL 030","Hymenoptera","Halictidae"
"Pereirapsis","Pereirapsis sp1 M PL 031",NA,NA
"Peremptor","Peremptor sp1 M PL 029","Diptera","Tachinidae"
"Peremptor","Peremptor modica","Diptera","Tachinidae"
"Perepitragus","Perepitragus fascipes",NA,NA
"Peribaea","Peribaea sp1 M PL 053","Diptera","Tachinidae"
"Peribaea","Peribaea sp1 M PL 065","Diptera","Tachinidae"
"Peridroma","Peridroma saucia","Lepidoptera","Noctuidae"
"Perilampus","Perilampus platygaster","Hymenoptera","Perilampidae"
"Perilampus","Perilampus fulvicornis","Hymenoptera","Perilampidae"
"Perineura","Perineura okutanii","Hymenoptera","Tenthredinidae"
"Periscepsia","Periscepsia sp1 M PL 020","Diptera","Tachinidae"
"Perissoma","Perissoma aenescens",NA,NA
"Peristoreus","Peristoreus sp1 M PL 029","Coleoptera","Curculionidae"
"Perrissina","Perrissina brunniceps","Diptera","Tachinidae"
"Petaphora","Petaphora maritima","Hemiptera","Aphrophoridae"
"Petinarctia","Petinarctia stylata","Diptera","Tachinidae"
"Petrorossia","Petrorossia hesperus","Diptera","Bombyliidae"
"Petrorossia","Petrorossia sp1 M PL 016","Diptera","Bombyliidae"
"Petrorossia","Petrorossia sp1 M PL 015","Diptera","Bombyliidae"
"Phaenica","Phaenica sp1 M PL 030",NA,NA
"Phaenicia","Phaenicia sericata",NA,NA
"Phaethornis","Phaethornis squalidus",NA,NA
"Phaethornis","Phaethornis eurynome",NA,NA
"Phalacridae","Phalacridae sp1 M PL 072",NA,NA
"Phalacrodira","Phalacrodira aeneostoma",NA,NA
"Phalacrodira","Phalacrodira nigropilosa",NA,NA
"Phaladrodira","Phaladrodira nigropilosa",NA,NA
"Phalaenophana","Phalaenophana pyramusalis",NA,NA
"Phalangida","Phalangida sp488 M PL 057",NA,NA
"Phalanta","Phalanta phalantha","Lepidoptera","Nymphalidae"
"Phalanta","Phalanta phalantha Drury","Lepidoptera","Nymphalidae"
"Phalantha","Phalantha phalantha",NA,NA
"Phaniosoma","Phaniosoma sp1 M PL 015",NA,NA
"Phaonia","Phaonia bidentata","Diptera","Muscidae"
"Phaonia","Phaonia incana","Diptera","Muscidae"
"Phaonia","Phaonia incarna","Diptera","Muscidae"
"Phaonia","Phaonia pallida","Diptera","Muscidae"
"Phaonia","Phaonia subfuscinervis","Diptera","Muscidae"
"Phaonia","Phaonia sp1 M PL 055","Diptera","Muscidae"
"Phaonia","Phaonia lugubris","Diptera","Muscidae"
"Phaonia","Phaonia angelicae","Diptera","Muscidae"
"Phaonia","Phaonia alpicola","Diptera","Muscidae"
"Phaonia","Phaonia sp2 M PL 055","Diptera","Muscidae"
"Phaonia","Phaonia sp3 M PL 055","Diptera","Muscidae"
"Phaonia","Phaonia serva","Diptera","Muscidae"
"Phaonia","Phaonia exoleta","Diptera","Muscidae"
"Phasioclista","Phasioclista metallica",NA,NA
"Phebellia","Phebellia sp1 M PL 053","Diptera","Tachinidae"
"Pheidole","Pheidole megacephala","Hymenoptera","Formicidae"
"Pheidole","Pheidole megacephala Fabricius","Hymenoptera","Formicidae"
"Phelsuma","Phelsuma cepediana",NA,NA
"Phelsuma","Phelsuma cepediana Merrem",NA,NA
"Phelsuma","Phelsuma ornata",NA,NA
"Phelsuma","Phelsuma sp1 M PL 084",NA,NA
"Phelsuma","Phelsuma sp1 M PL 085",NA,NA
"Phelsuma","Phelsuma sp1 M PL 086",NA,NA
"Phelsuma","Phelsuma sp1 M PL 093",NA,NA
"Phelsuma","Phelsuma sp1 M PL 096",NA,NA
"Phelsuma","Phelsuma sp1 M PL 098",NA,NA
"Phelsuma","Phelsuma sp1 M PL 099",NA,NA
"Phelsuma","Phelsuma sp1 M PL 102",NA,NA
"Phelsuma","Phelsuma sp1 M PL 104",NA,NA
"Phelsuma","Phelsuma sp1 M PL 114",NA,NA
"Phelsuma","Phelsuma sp1 M PL 118",NA,NA
"Phelsuma","Phelsuma sp1 M PL 120",NA,NA
"Phelsuma","Phelsuma sp1 M PL 121",NA,NA
"Phelsuma","Phelsuma sp1 M PL 128",NA,NA
"Phelsuma","Phelsuma sp1 M PL 129",NA,NA
"Phelsuma","Phelsuma sp1 M PL 130",NA,NA
"Phelsuma","Phelsuma sp1 M PL 088",NA,NA
"Phelsuma","Phelsuma sp1 M PL 089",NA,NA
"Phelsuma","Phelsuma sp1 M PL 091",NA,NA
"Phelsuma","Phelsuma sp1 M PL 097",NA,NA
"Phelsuma","Phelsuma sp1 M PL 105",NA,NA
"Phelsuma","Phelsuma sp1 M PL 111",NA,NA
"Phelsuma","Phelsuma sp1 M PL 112",NA,NA
"Phelsuma","Phelsuma sp1 M PL 113",NA,NA
"Phelsuma","Phelsuma sp1 M PL 115",NA,NA
"Phelsuma","Phelsuma sp1 M PL 119",NA,NA
"Phelsuma","Phelsuma sp1 M PL 122",NA,NA
"Phelsuma","Phelsuma sp1 M PL 100",NA,NA
"Phelsuma","Phelsuma sp1 M PL 101",NA,NA
"Phelsuma","Phelsuma sp1 M PL 107",NA,NA
"Phelsuma","Phelsuma sp1 M PL 103",NA,NA
"Phelsuma","Phelsuma sp1 M PL 090",NA,NA
"Phelsuma","Phelsuma sp1 M PL 123",NA,NA
"Phelsuma","Phelsuma sp1 M PL 131",NA,NA
"Philampelus","Philampelus pandorus",NA,NA
"Philanthus","Philanthus politus","Hymenoptera","Crabronidae"
"Philanthus","Philanthus ventilabris","Hymenoptera","Crabronidae"
"Philanthus","Philanthus triangulum","Hymenoptera","Crabronidae"
"Philanthus","Philanthus punctatus","Hymenoptera","Crabronidae"
"Philanthus","Philanthus venustus","Hymenoptera","Crabronidae"
"Philia","Philia nigrostigma",NA,NA
"Philonicus","Philonicus sp1 M PL 044","Diptera","Asilidae"
"Philophyla","Philophyla superflucta",NA,NA
"Philopota","Philopota nigroaenea","Diptera","Acroceridae"
"Phoebis","Phoebis sp1 M PL 041","Lepidoptera","Pieridae"
"Phoebis","Phoebis sennae","Lepidoptera","Pieridae"
"Pholisora","Pholisora catullus","Lepidoptera","Hesperiidae"
"Pholisora","Pholisora hayhurstii","Lepidoptera","Hesperiidae"
"Pholo","Pholo octodecimguttata",NA,NA
"Phor","Phor integer",NA,NA
"Phora","Phora fungicola","Diptera","Phoridae"
"Phoramia","Phoramia terraenovae",NA,NA
"Phorantha","Phorantha asteris",NA,NA
"Phorantha","Phorantha humeralis",NA,NA
"Phorantha","Phorantha magna",NA,NA
"Phorantha","Phorantha pruinosa",NA,NA
"Phorantha","Phorantha purpurascens",NA,NA
"Phorantha","Phorantha robertsonii",NA,NA
"Phorbia","Phorbia sp1 M PL 049","Diptera","Anthomyiidae"
"Phorbia","Phorbia fusciceps","Diptera","Anthomyiidae"
"Phorbia","Phorbia cinerella","Diptera","Anthomyiidae"
"Phorbia","Phorbia sp2 M PL 049","Diptera","Anthomyiidae"
"Phorbia","Phorbia sp3 M PL 049","Diptera","Anthomyiidae"
"Phorinia","Phorinia sp1 M PL 070","Diptera","Tachinidae"
"Phorinia","Phorinia sp1 M PL 067","Diptera","Tachinidae"
"Phorinia","Phorinia sp1 M PL 068","Diptera","Tachinidae"
"Phorinia","Phorinia sp1 M PL 079","Diptera","Tachinidae"
"Phorinia","Phorinia sp1 M PL 072","Diptera","Tachinidae"
"Phorinia","Phorinia sp1 M PL 081","Diptera","Tachinidae"
"Phorinia","Phorinia sp1 M PL 063","Diptera","Tachinidae"
"Phorinia","Phorinia sp","Diptera","Tachinidae"
"Phorinia","Phorinia sp1 M PL 061","Diptera","Tachinidae"
"Phorinia","Phorinia sp1 M PL 071","Diptera","Tachinidae"
"Phorinia","Phorinia sp1 M PL 075","Diptera","Tachinidae"
"Phorinia","Phorinia sp1 M PL 069","Diptera","Tachinidae"
"Phorinia","Phorinia sp1 M PL 066","Diptera","Tachinidae"
"Phorinia","Phorinia sp1 M PL 062","Diptera","Tachinidae"
"Phorinia","Phorinia sp1 M PL 080","Diptera","Tachinidae"
"Phorinia","Phorinia sp1 M PL 082","Diptera","Tachinidae"
"Phormia","Phormia regina","Diptera","Calliphoridae"
"Phormia","Phormia terraenovae","Diptera","Calliphoridae"
"Phormia","Phormia camillus","Diptera","Calliphoridae"
"Photinus","Photinus pyralis","Coleoptera","Lampyridae"
"Photinus","Photinus fuscus","Coleoptera","Lampyridae"
"Phrygilus","Phrygilus patagonicus",NA,NA
"Phthiria","Phthiria umbripennis","Diptera","Bombyliidae"
"Phthiria","Phthiria sulphurea","Diptera","Bombyliidae"
"Phthiria","Phthiria sp2 M PL 051","Diptera","Bombyliidae"
"Phthiria","Phthiria cincta","Diptera","Bombyliidae"
"Phthiria","Phthiria vagans","Diptera","Bombyliidae"
"Phthiria","Phthiria canescens","Diptera","Bombyliidae"
"Phthiria","Phthiria sp1 M PL 016","Diptera","Bombyliidae"
"Phthiria","Phthiria sp1 M PL 051","Diptera","Bombyliidae"
"Phthiria","Phthiria aldrichi","Diptera","Bombyliidae"
"Phulia","Phulia nymphula","Lepidoptera","Pieridae"
"Phulia","Phulia sp2 M PL 022","Lepidoptera","Pieridae"
"Phulia","Phulia sp1 M PL 022","Lepidoptera","Pieridae"
"Phyciodes","Phyciodes tharos","Lepidoptera","Nymphalidae"
"Phygadeuon","Phygadeuon sp1 M PL 009","Hymenoptera","Ichneumonidae"
"Phygadeuon","Phygadeuon vulgaris","Hymenoptera","Ichneumonidae"
"Phyllobius","Phyllobius picepes","Coleoptera","Curculionidae"
"Phyllobius","Phyllobius armatus","Coleoptera","Curculionidae"
"Phyllobius","Phyllobius urticae","Coleoptera","Curculionidae"
"Phyllolabis","Phyllolabis macroura","Diptera","Limoniidae"
"Phyllopertha","Phyllopertha horticola","Coleoptera","Scarabaeidae"
"Phyllopertha","Phyllopertha diversa","Coleoptera","Scarabaeidae"
"Phyllopertha","Phyllopertha irregularis","Coleoptera","Scarabaeidae"
"Phylloscopus","Phylloscopus collybita",NA,NA
"Phymata","Phymata wolffii","Hemiptera","Reduviidae"
"Phynocoris","Phynocoris ornatus",NA,NA
"Physiphoa","Physiphoa azurea",NA,NA
"Physocephala","Physocephala sp1 M PL 015","Diptera","Conopidae"
"Physocephala","Physocephala tibialis","Diptera","Conopidae"
"Physocephala","Physocephala texana","Diptera","Conopidae"
"Phyto","Phyto clesides","Diptera","Calliphoridae"
"Phyto","Phyto adolescens","Diptera","Calliphoridae"
"Phytobius","Phytobius sp1 M PL 053","Coleoptera","Curculionidae"
"Phytobius","Phytobius sp1 M PL 055","Coleoptera","Curculionidae"
"Phytocoris","Phytocoris scrupeus","Hemiptera","Miridae"
"Phytoliriomyza","Phytoliriomyza sp1 M PL 019","Diptera","Agromyzidae"
"Phytomia","Phytomia zonata","Diptera","Syrphidae"
"Phytomyza","Phytomyza fuscula","Diptera","Agromyzidae"
"Phytomyza","Phytomyza aquilonia","Diptera","Agromyzidae"
"Phytomyza","Phytomyza erigerontophaga","Diptera","Agromyzidae"
"Phytomyza","Phytomyza sp1 M PL 015","Diptera","Agromyzidae"
"Phytomyza","Phytomyza palpalis","Diptera","Agromyzidae"
"Picromerus","Picromerus bidens","Hemiptera","Pentatomidae"
"Pidonia","Pidonia signifera","Coleoptera","Cerambycidae"
"Pidonia","Pidonia piziloi","Coleoptera","Cerambycidae"
"Pidonia","Pidonia testacea","Coleoptera","Cerambycidae"
"Pidonia","Pidonia signata","Coleoptera","Cerambycidae"
"Pidonia","Pidonia discoidalis","Coleoptera","Cerambycidae"
"Pidonia","Pidonia insuturata","Coleoptera","Cerambycidae"
"Pidonia","Pidonia yokoyamai","Coleoptera","Cerambycidae"
"Pidonia","Pidonia hylophila","Coleoptera","Cerambycidae"
"Pidonia","Pidonia grallatrix","Coleoptera","Cerambycidae"
"Pidonia","Pidonia ruficolis","Coleoptera","Cerambycidae"
"Pidonia","Pidonia semiobscura","Coleoptera","Cerambycidae"
"Pidonia","Pidonia puziloi","Coleoptera","Cerambycidae"
"Pidonia","Pidonia miwai","Coleoptera","Cerambycidae"
"Pidonia","Pidonia amentata","Coleoptera","Cerambycidae"
"Pidonia","Pidonia aegrota","Coleoptera","Cerambycidae"
"Pidonia","Pidonia masakii","Coleoptera","Cerambycidae"
"Pidonia","Pidonia oyamae","Coleoptera","Cerambycidae"
"Pidonia","Pidonia yamato","Coleoptera","Cerambycidae"
"Pieris","Pieris protodice","Lepidoptera","Pieridae"
"Pieris","Pieris napi","Lepidoptera","Pieridae"
"Pieris","Pieris sisymbri","Lepidoptera","Pieridae"
"Pieris","Pieris brassicae","Lepidoptera","Pieridae"
"Pieris","Pieris melete","Lepidoptera","Pieridae"
"Pieris","Pieris rapae","Lepidoptera","Pieridae"
"Pieris","Pieris napa","Lepidoptera","Pieridae"
"Pieris","Pieris sp1 M PL 046","Lepidoptera","Pieridae"
"Piezodorus","Piezodorus punctipes","Hemiptera","Pentatomidae"
"Pilinasica","Pilinasica cingulata",NA,NA
"Pimpla","Pimpla notanda","Hymenoptera","Ichneumonidae"
"Pimpla","Pimpla notiva","Hymenoptera","Ichneumonidae"
"Piocoris","Piocoris varius","Hemiptera","Geocoridae"
"Piophila","Piophila casei","Diptera","Piophilidae"
"Pipiza","Pipiza lugubrius","Diptera","Syrphidae"
"Pipiza","Pipiza inornata","Diptera","Syrphidae"
"Pipiza","Pipiza femoralis","Diptera","Syrphidae"
"Pipiza","Pipiza pubescens","Diptera","Syrphidae"
"Pipiza","Pipiza familiaris","Diptera","Syrphidae"
"Pipiza","Pipiza sp1 M PL 005","Diptera","Syrphidae"
"Pipiza","Pipiza festiva","Diptera","Syrphidae"
"Pipiza","Pipiza pistica","Diptera","Syrphidae"
"Pipiza","Pipiza vanduzeei","Diptera","Syrphidae"
"Pipiza","Pipiza pulchella","Diptera","Syrphidae"
"Pipunculus","Pipunculus sp1 M PL 053","Diptera","Pipunculidae"
"Plagiognathus","Plagiognathus obscurus","Hemiptera","Miridae"
"Plagiognathus","Plagiognathus bipunctatus","Hemiptera","Miridae"
"Plagiolepsis","Plagiolepsis pigmaea",NA,NA
"Plagiomyia","Plagiomyia turbidum","Diptera","Tachinidae"
"Plagiostenopterina","Plagiostenopterina cyanosoma","Diptera","Platystomatidae"
"Plagiotoma","Plagiotoma obliqua",NA,NA
"Planiceps","Planiceps feralis","Hymenoptera","Pompilidae"
"Planiceps","Planiceps niger","Hymenoptera","Pompilidae"
"Plateros","Plateros sp1 M PL 021","Coleoptera","Lycidae"
"Platycheirus","Platycheirus carinatus","Diptera","Syrphidae"
"Platycheirus","Platycheirus albimanus","Diptera","Syrphidae"
"Platycheirus","Platycheirus cyaneus","Diptera","Syrphidae"
"Platycheirus","Platycheirus urakawensis","Diptera","Syrphidae"
"Platycheirus","Platycheirus ambiguus","Diptera","Syrphidae"
"Platycheirus","Platycheirus sp1 M PL 051","Diptera","Syrphidae"
"Platycheirus","Platycheirus sp1 M PL 072","Diptera","Syrphidae"
"Platycheirus","Platycheirus sp1 M PL 006","Diptera","Syrphidae"
"Platycheirus","Platycheirus clypeatus","Diptera","Syrphidae"
"Platycheirus","Platycheirus scutatus","Diptera","Syrphidae"
"Platycheirus","Platycheirus peltatus","Diptera","Syrphidae"
"Platycheirus","Platycheirus sp1 M PL 007","Diptera","Syrphidae"
"Platycheirus","Platycheirus obscurus","Diptera","Syrphidae"
"Platycheirus","Platycheirus pennipes","Diptera","Syrphidae"
"Platycheirus","Platycheirus lundbecki","Diptera","Syrphidae"
"Platycheirus","Platycheirus sp1 M PL 056","Diptera","Syrphidae"
"Platycherius","Platycherius sp1 M PL 049","Diptera","Syrphidae"
"Platycherius","Platycherius fenestratus","Diptera","Syrphidae"
"Platygaster","Platygaster sp1 M PL 009","Hymenoptera","Platygastridae"
"Platynocera","Platynocera gracilipes","Coleoptera","Chrysomelidae"
"Platynocera","Platynocera gracilis","Coleoptera","Chrysomelidae"
"Platypalpus","Platypalpus nigritarsis","Diptera","Hybotidae"
"Platyptilia","Platyptilia sachalinensis","Lepidoptera","Pterophoridae"
"Plebeia","Plebeia sp","Hymenoptera","Apidae"
"Plebeius","Plebeius glandon",NA,NA
"Plebeius","Plebeius aquilo",NA,NA
"Plebejus","Plebejus argus","Lepidoptera","Lycaenidae"
"Plebius","Plebius aquilo",NA,NA
"Plecoptera","Plecoptera sp21 M PL 021","Lepidoptera","Erebidae"
"Plecoptera","Plecoptera sp493 M PL 057","Lepidoptera","Erebidae"
"Plecoptera","Plecoptera sp492 M PL 057","Lepidoptera","Erebidae"
"Plecoptera","Plecoptera sp491 M PL 057","Lepidoptera","Erebidae"
"Plecoptera","Plecoptera sp489 M PL 057","Lepidoptera","Erebidae"
"Plecoptera","Plecoptera sp128 M PL 057","Lepidoptera","Erebidae"
"Plecoptera","Plecoptera sp494 M PL 057","Lepidoptera","Erebidae"
"Plecoptera","Plecoptera sp495 M PL 057","Lepidoptera","Erebidae"
"Plecoptera","Plecoptera sp490 M PL 057","Lepidoptera","Erebidae"
"Plectoderoides","Plectoderoides vittifrons","Hemiptera","Achilidae"
"Plusia","Plusia precationis","Lepidoptera","Noctuidae"
"Plusia","Plusia simplex","Lepidoptera","Noctuidae"
"Poanes","Poanes hobomok","Lepidoptera","Hesperiidae"
"Podabrus","Podabrus brunnicollis","Coleoptera","Cantharidae"
"Podabrus","Podabrus ihai","Coleoptera","Cantharidae"
"Podabrus","Podabrus rugulosus","Coleoptera","Cantharidae"
"Podabrus","Podabrus temporalis","Coleoptera","Cantharidae"
"Podabrus","Podabrus tomentosus","Coleoptera","Cantharidae"
"Podabrus","Podabrus sp2 M PL 044","Coleoptera","Cantharidae"
"Podabrus","Podabrus sp1 M PL 009","Coleoptera","Cantharidae"
"Podabrus","Podabrus malthinoides","Coleoptera","Cantharidae"
"Podabrus","Podabrus sp3 M PL 044","Coleoptera","Cantharidae"
"Podabrus","Podabrus sp1 M PL 044","Coleoptera","Cantharidae"
"Podagritus","Podagritus sp1 M PL 022","Hymenoptera","Crabronidae"
"Podagritus","Podagritus sp1 M PL 072","Hymenoptera","Crabronidae"
"Podalonia","Podalonia tydei","Hymenoptera","Sphecidae"
"Podisus","Podisus spinosus","Hemiptera","Pentatomidae"
"Podonta","Podonta milleri","Coleoptera","Tenebrionidae"
"Poecilobothrus","Poecilobothrus nobilitatus","Diptera","Dolichopodidae"
"Poecilohetaerus","Poecilohetaerus sp1 M PL 019","Diptera","Lauxaniidae"
"Poecilopompilus","Poecilopompilus interruptus","Hymenoptera","Pompilidae"
"Poecilopompilus","Poecilopompilus navus","Hymenoptera","Pompilidae"
"Pogonomyiodes","Pogonomyiodes segnis",NA,NA
"Pogonomyoides","Pogonomyoides segnis",NA,NA
"Poletes","Poletes steini",NA,NA
"Polia","Polia richardsoni","Lepidoptera","Noctuidae"
"Policana","Policana albopilosa",NA,NA
"Polidea","Polidea americana",NA,NA
"Polidea","Polidea areos",NA,NA
"Polistes","Polistes chinensis antennalis","Hymenoptera","Eumenidae"
"Polistes","Polistes olivaceus","Hymenoptera","Eumenidae"
"Polistes","Polistes japonicus japonicus","Hymenoptera","Eumenidae"
"Polistes","Polistes mandarinus","Hymenoptera","Eumenidae"
"Polistes","Polistes gallicus","Hymenoptera","Eumenidae"
"Polistes","Polistes lanio","Hymenoptera","Eumenidae"
"Polistes","Polistes gallicum","Hymenoptera","Eumenidae"
"Polistes","Polistes hebraeus","Hymenoptera","Eumenidae"
"Polistes","Polistes cinerascens","Hymenoptera","Eumenidae"
"Polistes","Polistes rothneyi iwatai","Hymenoptera","Eumenidae"
"Polistes","Polistes rubiginosus","Hymenoptera","Eumenidae"
"Polistes","Polistes rothoneyi iwatai","Hymenoptera","Eumenidae"
"Polistes","Polistes annularis","Hymenoptera","Eumenidae"
"Polistes","Polistes sp1 M PL 072","Hymenoptera","Eumenidae"
"Polistes","Polistes subsericeus","Hymenoptera","Eumenidae"
"Polistes","Polistes billardieri","Hymenoptera","Eumenidae"
"Polistes","Polistes variatus","Hymenoptera","Eumenidae"
"Polistes","Polistes snelleni","Hymenoptera","Eumenidae"
"Polistes","Polistes sp1 M PL 040","Hymenoptera","Eumenidae"
"Polistes","Polistes versicolor","Hymenoptera","Eumenidae"
"Polistes","Polistes pallipes","Hymenoptera","Eumenidae"
"Polistes","Polistes hebraeus Fabricius","Hymenoptera","Eumenidae"
"Polistes","Polistes dominulus","Hymenoptera","Eumenidae"
"Polistes","Polistes vibex","Hymenoptera","Eumenidae"
"Polistes","Polistes jadwigae","Hymenoptera","Eumenidae"
"Polistes","Polistes associus","Hymenoptera","Eumenidae"
"Polistes","Polistes Canadensis","Hymenoptera","Eumenidae"
"Politmus","Politmus milleri",NA,NA
"Pollenia","Pollenia angustigena","Diptera","Polleniidae"
"Pollenia","Pollenia ruddis","Diptera","Polleniidae"
"Pollenia","Pollenia sp1 M PL 006","Diptera","Polleniidae"
"Pollenia","Pollenia longitheca","Diptera","Polleniidae"
"Pollenia","Pollenia rudis","Diptera","Polleniidae"
"Pollenia","Pollenia sp1 M PL 007","Diptera","Polleniidae"
"Pollenia","Pollenia pediculata","Diptera","Polleniidae"
"Polybia","Polybia sericea","Hymenoptera","Eumenidae"
"Polybia","Polybia occidentalis","Hymenoptera","Eumenidae"
"Polybia","Polybia ignobilis","Hymenoptera","Eumenidae"
"Polybia","Polybia paulista","Hymenoptera","Eumenidae"
"Polybia","Polybia scutellaris","Hymenoptera","Eumenidae"
"Polybia","Polybia scrobalis","Hymenoptera","Eumenidae"
"Polyblastus","Polyblastus citripes","Hymenoptera","Ichneumonidae"
"Polygonia","Polygonia interrogationis","Lepidoptera","Nymphalidae"
"Polygonus","Polygonus leo","Lepidoptera","Hesperiidae"
"Polygonus","Polygonus sp1 M PL 041","Lepidoptera","Hesperiidae"
"Polymerus","Polymerus pekinensis","Hemiptera","Miridae"
"Polyommatus","Polyommatus icarus","Lepidoptera","Lycaenidae"
"Polysphincta","Polysphincta slossinae","Hymenoptera","Ichneumonidae"
"Polytremis","Polytremis pellucida","Lepidoptera","Hesperiidae"
"Polytremis","Polytremis pellucida pellucida","Lepidoptera","Hesperiidae"
"Pompeius","Pompeius amblyspoila","Lepidoptera","Hesperiidae"
"Pompilidae","Pompilidae sp1 M PL 072",NA,NA
"Pompiloides","Pompiloides subviolaceus","Hymenoptera","Pompilidae"
"Pompiloides","Pompiloides sp1 M PL 005","Hymenoptera","Pompilidae"
"Pompiloides","Pompiloides divisus","Hymenoptera","Pompilidae"
"Pompiloides","Pompiloides marginatus","Hymenoptera","Pompilidae"
"Pompiloides","Pompiloides americanus","Hymenoptera","Pompilidae"
"Pontia","Pontia protodice","Lepidoptera","Pieridae"
"Pontia","Pontia daplidice","Lepidoptera","Pieridae"
"Popilitia","Popilitia insularis",NA,NA
"Popillia","Popillia japonica","Coleoptera","Scarabaeidae"
"Porizon","Porizon albipennis","Hymenoptera","Ichneumonidae"
"Porizon","Porizon conotracheli","Hymenoptera","Ichneumonidae"
"Porizontini","Porizontini sp1 M PL 009",NA,NA
"Potosia","Potosia cuprea",NA,NA
"Priochirus","Priochirus japonicus","Coleoptera","Staphylinidae"
"Priocnemis","Priocnemis cyphonota","Hymenoptera","Pompilidae"
"Priocnemoides","Priocnemoides terminatus",NA,NA
"Priocnemoides","Priocnemoides unifasciatus",NA,NA
"Priononyx","Priononyx atrata",NA,NA
"Priononyx","Priononyx thomae",NA,NA
"Prionyx","Prionyx sp1 M PL 023","Hymenoptera","Sphecidae"
"Prionyx","Prionyx kirbyi","Hymenoptera","Sphecidae"
"Prionyx","Prionyx sp1 M PL 072","Hymenoptera","Sphecidae"
"Priophorus","Priophorus nigricans","Hymenoptera","Tenthredinidae"
"Pristomyrmex","Pristomyrmex Pungeus","Hymenoptera","Formicidae"
"Pristomyrmex","Pristomyrmex punger","Hymenoptera","Formicidae"
"Pristosia","Pristosia aeneola","Coleoptera","Carabidae"
"Proboscimyia","Proboscimyia siphonina",NA,NA
"Procissio","Procissio valida","Diptera","Tachinidae"
"Procissio","Procissio sp1 M PL 027","Diptera","Tachinidae"
"Procladius","Procladius sp1 M PL 014","Diptera","Chironomidae"
"Procladius","Procladius sp1 M PL 020","Diptera","Chironomidae"
"Procladius","Procladius sp1 M PL 010","Diptera","Chironomidae"
"Proclitus","Proclitus mellipes","Hymenoptera","Ichneumonidae"
"Prohardya","Prohardya carinata",NA,NA
"Propylea","Propylea japonica","Coleoptera","Coccinellidae"
"Proscissio","Proscissio albiceps","Diptera","Tachinidae"
"Proscissio","Proscissio lateralis","Diptera","Tachinidae"
"Proscissio","Proscissio kumarensis","Diptera","Tachinidae"
"Proscissio","Proscissio cana","Diptera","Tachinidae"
"Proscission","Proscission sp1 M PL 028",NA,NA
"Proscission","Proscission sp1 M PL 029",NA,NA
"Prosena","Prosena sp1 M PL 019","Diptera","Tachinidae"
"Prosena","Prosena siberita","Diptera","Tachinidae"
"Prosena","Prosena sp1 M PL 053","Diptera","Tachinidae"
"Prosmittia","Prosmittia nanseni","Diptera","Chironomidae"
"Prosopis","Prosopis nelumbonis","Hymenoptera","Colletidae"
"Prosopis","Prosopis saniculae","Hymenoptera","Colletidae"
"Prosopis","Prosopis varifrons","Hymenoptera","Colletidae"
"Prosopis","Prosopis pygmaea","Hymenoptera","Colletidae"
"Prosopis","Prosopis episcopalis","Hymenoptera","Colletidae"
"Prosopis","Prosopis wootoni","Hymenoptera","Colletidae"
"Prosopis","Prosopis illinoensis","Hymenoptera","Colletidae"
"Prosopis","Prosopis eulophi","Hymenoptera","Colletidae"
"Prosopis","Prosopis communis","Hymenoptera","Colletidae"
"Prosopis","Prosopis elliptica","Hymenoptera","Colletidae"
"Prosopis","Prosopis coloradensis","Hymenoptera","Colletidae"
"Prosopis","Prosopis crataegi","Hymenoptera","Colletidae"
"Prosopis","Prosopis cressoni","Hymenoptera","Colletidae"
"Prosopis","Prosopis thaspii","Hymenoptera","Colletidae"
"Prosopis","Prosopis ziziae","Hymenoptera","Colletidae"
"Prosopis","Prosopis basalis","Hymenoptera","Colletidae"
"Prosopis","Prosopis tridentula","Hymenoptera","Colletidae"
"Prosopis","Prosopis sp1 M PL 005","Hymenoptera","Colletidae"
"Prosopochaeta","Prosopochaeta caliginosa","Diptera","Tachinidae"
"Prosternon","Prosternon tessellatum","Coleoptera","Elateridae"
"Protaetia","Protaetia aurichalcea","Coleoptera","Scarabaeidae"
"Protaetia","Protaetia pryeri oschimana","Coleoptera","Scarabaeidae"
"Protaetia","Protaetia orientalis","Coleoptera","Scarabaeidae"
"Protaetia","Protaetia lewisi leachi","Coleoptera","Scarabaeidae"
"Protaetia","Protaetia exasperata exasperata","Coleoptera","Scarabaeidae"
"Prothemus","Prothemus ryukyuanus","Coleoptera","Cantharidae"
"Prothemus","Prothemus ciusianus","Coleoptera","Cantharidae"
"Protichneumon","Protichneumon sp1 M PL 053","Hymenoptera","Ichneumonidae"
"Protocalliphora","Protocalliphora splendida","Diptera","Calliphoridae"
"Protocalliphora","Protocalliphora sp1 M PL 024","Diptera","Calliphoridae"
"Protohystirica","Protohystirica huttoni",NA,NA
"Protohystricia","Protohystricia alcis","Diptera","Tachinidae"
"Protohystricia","Protohystricia orientalis","Diptera","Tachinidae"
"Protohystricia","Protohystricia huttoni","Diptera","Tachinidae"
"Protonectarina","Protonectarina sylveirae","Hymenoptera","Vespidae"
"Protoparce","Protoparce quinquemaculatus",NA,NA
"Protoparee","Protoparee celeus",NA,NA
"Protophormia","Protophormia terraenovae","Diptera","Calliphoridae"
"Protopolybia","Protopolybia exmgua","Hymenoptera","Vespidae"
"Protosialis","Protosialis chilensis","Megaloptera","Sialidae"
"Protosmia","Protosmia tauricola","Hymenoptera","Megachilidae"
"Protothyreopus","Protothyreopus bigeminus",NA,NA
"Protothyreopus","Protothyreopus dilectus",NA,NA
"Protothyreopus","Protothyreopus rufifemur",NA,NA
"Pryonix","Pryonix kirbii",NA,NA
"Psaenythia","Psaenythia rufipes","Hymenoptera","Andrenidae"
"Psallus","Psallus sp1 M PL 015","Hemiptera","Miridae"
"Psallus","Psallus ancorifer","Hemiptera","Miridae"
"Psammochares","Psammochares scelestus","Hymenoptera","Pompilidae"
"Psammochares","Psammochares relativus","Hymenoptera","Pompilidae"
"Psammophila","Psammophila violacepennis",NA,NA
"Psamoecus","Psamoecus triguttatus",NA,NA
"Psectrocladius","Psectrocladius sp1 M PL 020","Diptera","Chironomidae"
"Psectrocladius","Psectrocladius barbatimanus","Diptera","Chironomidae"
"Psedagochloropsis","Psedagochloropsis sp1 M PL 031",NA,NA
"Psedoplusia","Psedoplusia includens",NA,NA
"Psen","Psen sp1 M PL 055","Hymenoptera","Crabronidae"
"Psen","Psen tibialis","Hymenoptera","Crabronidae"
"Psenulus","Psenulus sp1 M PL 057","Hymenoptera","Crabronidae"
"Pseudagapostemon","Pseudagapostemon singularis","Hymenoptera","Halictidae"
"Pseudagapostemon","Pseudagapostemon brasiliensis","Hymenoptera","Halictidae"
"Pseudagapostemon","Pseudagapostemon pampeanus","Hymenoptera","Halictidae"
"Pseudagenia","Pseudagenia mellipes","Hymenoptera","Pompilidae"
"Pseudalosterna","Pseudalosterna misella","Coleoptera","Cerambycidae"
"Pseudaosterna","Pseudaosterna misella",NA,NA
"Pseudiphra","Pseudiphra obscura","Coleoptera","Cerambycidae"
"Pseudoanthidium","Pseudoanthidium nanum","Hymenoptera","Megachilidae"
"Pseudoanthidium","Pseudoanthidium cribratum","Hymenoptera","Megachilidae"
"Pseudoanthidium","Pseudoanthidium alpinum","Hymenoptera","Megachilidae"
"Pseudocentron","Pseudocentron sp1 M PL 072",NA,NA
"Pseudocoremia","Pseudocoremia monacha","Lepidoptera","Geometridae"
"Pseudocoremia","Pseudocoremia scariphota","Lepidoptera","Geometridae"
"Pseudocrabro","Pseudocrabro chrysargirus",NA,NA
"Pseudodiamesa","Pseudodiamesa arctica","Diptera","Chironomidae"
"Pseudodoros","Pseudodoros sp1 M PL 072","Diptera","Syrphidae"
"Pseudofoenus","Pseudofoenus pedunculatus","Hymenoptera","Gasteruptiidae"
"Pseudogonia","Pseudogonia fasciata","Diptera","Tachinidae"
"Pseudoheriades","Pseudoheriades asiaticus","Hymenoptera","Megachilidae"
"Pseudoleucania","Pseudoleucania nobilis","Lepidoptera","Noctuidae"
"Pseudoleucania","Pseudoleucania sp1 M PL 022","Lepidoptera","Noctuidae"
"Pseudoloterus","Pseudoloterus syzetonsp",NA,NA
"Pseudolucia","Pseudolucia chilensis","Lepidoptera","Lycaenidae"
"Pseudomasaris","Pseudomasaris vespoides","Hymenoptera","Masaridae"
"Pseudomelecta","Pseudomelecta californica miranda",NA,NA
"Pseudomerdon","Pseudomerdon takasaqoensis",NA,NA
"Pseudomethoca","Pseudomethoca canadensis","Hymenoptera","Mutillidae"
"Pseudonapomyza","Pseudonapomyza sp1 M PL 049","Diptera","Agromyzidae"
"Pseudopanurgus","Pseudopanurgus asteris","Hymenoptera","Andrenidae"
"Pseudopanurgus","Pseudopanurgus labrosiformis","Hymenoptera","Andrenidae"
"Pseudopanurgus","Pseudopanurgus compositarum","Hymenoptera","Andrenidae"
"Pseudopanurgus","Pseudopanurgus rugosus","Hymenoptera","Andrenidae"
"Pseudopanurgus","Pseudopanurgus labrosus","Hymenoptera","Andrenidae"
"Pseudopanurgus","Pseudopanurgus rudbeckiae","Hymenoptera","Andrenidae"
"Pseudopanurgus","Pseudopanurgus albitarsis","Hymenoptera","Andrenidae"
"Pseudophilotes","Pseudophilotes vicrama shiffermuelleri","Lepidoptera","Lycaenidae"
"Pseudoplisus","Pseudoplisus phaleratus",NA,NA
"Pseudoplisus","Pseudoplisus divisus",NA,NA
"Pseudosiobla","Pseudosiobla excavata","Hymenoptera","Tenthredinidae"
"Pseudosmittia","Pseudosmittia oxoniana","Diptera","Chironomidae"
"Pseudosmittia","Pseudosmittia sp1 M PL 010","Diptera","Chironomidae"
"Pseudospinolia","Pseudospinolia uniformis","Hymenoptera","Chrysididae"
"Psilodora","Psilodora impatiens",NA,NA
"Psilopa","Psilopa iceryae","Diptera","Ephydridae"
"Psilota","Psilota buccata","Diptera","Syrphidae"
"Psilothrix","Psilothrix sp1 M PL 058","Coleoptera","Dasytidae"
"Psilothrix","Psilothrix cyaneus","Coleoptera","Dasytidae"
"Psithyrus","Psithyrus ashtoni",NA,NA
"Psithyrus","Psithyrus consultus",NA,NA
"Psithyrus","Psithyrus fernaldae",NA,NA
"Psithyrus","Psithyrus laboriosus",NA,NA
"Psithyrus","Psithyrus norvegicus",NA,NA
"Psithyrus","Psithyrus sp1 M PL 004",NA,NA
"Psithyrus","Psithyrus sp1 M PL 017",NA,NA
"Psithyrus","Psithyrus insularis",NA,NA
"Psithyrus","Psithyrus variabilis",NA,NA
"Psithyrus","Psithyrus vestalis",NA,NA
"Psococerastis","Psococerastis sp2 M PL 044","Psocodea","Psocidae"
"Psococerastis","Psococerastis sp3 M PL 044","Psocodea","Psocidae"
"Psococerastis","Psococerastis sp1 M PL 044","Psocodea","Psocidae"
"Psocoptera","Psocoptera sp138 M PL 054",NA,NA
"Psorosa","Psorosa genistella","Lepidoptera","Pyralidae"
"Psorosa","Psorosa brehiella","Lepidoptera","Pyralidae"
"Psychostrophia","Psychostrophia melanorgia","Lepidoptera","Epicopeiidae"
"Psychostrophia","Psychostrophia melanargia","Lepidoptera","Epicopeiidae"
"Psyllidae","Psyllidae sp1 M PL 060",NA,NA
"Psyllidae","Psyllidae sp1 M PL 064",NA,NA
"Psyllidae","Psyllidae sp1 M PL 073",NA,NA
"Psyllidae","Psyllidae sp2",NA,NA
"Psysocephala","Psysocephala texana",NA,NA
"Ptectoderoides","Ptectoderoides vittifrons",NA,NA
"Pterandrena","Pterandrena asteris",NA,NA
"Pterandrena","Pterandrena helianthi",NA,NA
"Pterandrena","Pterandrena krigiana",NA,NA
"Pterandrena","Pterandrena lauracea",NA,NA
"Pterandrena","Pterandrena aliciae",NA,NA
"Pterandrena","Pterandrena pulchella",NA,NA
"Pterandrena","Pterandrena solidaginis",NA,NA
"Pterochilus","Pterochilus 5 fasciatus","Hymenoptera","Eumenidae"
"Pteroelecta","Pteroelecta felderi",NA,NA
"Pteromalidae","Pteromalidae sp1 M PL 009",NA,NA
"Pteromalidae","Pteromalidae sp1 M PL 062",NA,NA
"Pteromalidae","Pteromalidae sp2 M PL 009",NA,NA
"Pteromalidae","Pteromalidae sp1 M PL 069",NA,NA
"Pteronemobius","Pteronemobius csikii","Orthoptera","Trigonidiidae"
"Pterophoridae","Pterophoridae sp1 M PL 062",NA,NA
"Ptilandrena","Ptilandrena erigeniae",NA,NA
"Ptilandrena","Ptilandrena g  maculati",NA,NA
"Ptilandrena","Ptilandrena polemonii",NA,NA
"Ptilodexia","Ptilodexia abdominalis","Diptera","Tachinidae"
"Ptilodexia","Ptilodexia harpasa","Diptera","Tachinidae"
"Ptilothrix","Ptilothrix bombiformus","Hymenoptera","Apidae"
"Pycnonotus","Pycnonotus jocosus",NA,NA
"Pygoderma","Pygoderma bilabiatum",NA,NA
"Pyonia","Pyonia tithonus",NA,NA
"Pyractomena","Pyractomena angulata","Coleoptera","Lampyridae"
"Pyraloidea","Pyraloidea sp1 M PL 072",NA,NA
"Pyrameis","Pyrameis atlanta",NA,NA
"Pyrgus","Pyrgus sp1 M PL 072","Lepidoptera","Hesperiidae"
"Pyrgus","Pyrgus oileus orcus","Lepidoptera","Hesperiidae"
"Pyrgus","Pyrgus oileus","Lepidoptera","Hesperiidae"
"Pyrgus","Pyrgus centaureae","Lepidoptera","Hesperiidae"
"Pyrgus","Pyrgus fides","Lepidoptera","Hesperiidae"
"Pyrobombus","Pyrobombus perplexus","Hymenoptera","Apidae"
"Pyrobombus","Pyrobombus ternarius","Hymenoptera","Apidae"
"Pyrobombus","Pyrobombus sandersoni","Hymenoptera","Apidae"
"Pyrobombus","Pyrobombus impatiens","Hymenoptera","Apidae"
"Pyronia","Pyronia tithonus","Lepidoptera","Nymphalidae"
"Pyronia","Pyronia ceciia","Lepidoptera","Nymphalidae"
"Pyronola","Pyronola laeta",NA,NA
"Pyrophaena","Pyrophaena rosarum","Diptera","Syrphidae"
"Pyrota","Pyrota mylabrina","Coleoptera","Meloidae"
"Pyrrhalta","Pyrrhalta fuscipennis","Coleoptera","Chrysomelidae"
"Pyrrhata","Pyrrhata annulicornis",NA,NA
"Pyrrhogige","Pyrrhogige sp1 M PL 031",NA,NA
"Pyrrhona","Pyrrhona laeticolor","Coleoptera","Cerambycidae"
"Quasimus","Quasimus sp1 M PL 044","Coleoptera","Elateridae"
"Quasimus","Quasimus formosanus","Coleoptera","Elateridae"
"Ramphomyia","Ramphomyia lamelliseta",NA,NA
"Ramphomyia","Ramphomyia nigrita",NA,NA
"Ramphomyia","Ramphomyia sp1 M PL 014",NA,NA
"Ramphomyia","Ramphomyia filicauda",NA,NA
"Rapala","Rapala erata","Lepidoptera","Lycaenidae"
"Ravinia","Ravinia sp1 M PL 053","Diptera","Sarcophagidae"
"Ravinia","Ravinia striata","Diptera","Sarcophagidae"
"Remigia","Remigia frugalis",NA,NA
"Rhabdopterus","Rhabdopterus picipes","Coleoptera","Chrysomelidae"
"Rhagio","Rhagio tringarius","Diptera","Rhagionidae"
"Rhagonycha","Rhagonycha sp1 M PL 015","Coleoptera","Cantharidae"
"Rhagonycha","Rhagonycha fulva","Coleoptera","Cantharidae"
"Rhamphodon","Rhamphodon naevius",NA,NA
"Rhamphomyia","Rhamphomyia morio","Diptera","Empididae"
"Rhamphomyia","Rhamphomyia limbata","Diptera","Empididae"
"Rhamphomyia","Rhamphomyia sp1 M PL 047","Diptera","Empididae"
"Rhamphomyia","Rhamphomyia sp2 M PL 020","Diptera","Empididae"
"Rhamphomyia","Rhamphomyia hirtula","Diptera","Empididae"
"Rhamphomyia","Rhamphomyia sp1 M PL 015","Diptera","Empididae"
"Rhamphomyia","Rhamphomyia latistriata","Diptera","Empididae"
"Rhamphomyia","Rhamphomyia sp1 M PL 024","Diptera","Empididae"
"Rhamphomyia","Rhamphomyia irregularis","Diptera","Empididae"
"Rhamphomyia","Rhamphomyia obscuripennis","Diptera","Empididae"
"Rhamphomyia","Rhamphomyia rava","Diptera","Empididae"
"Rhamphomyia","Rhamphomyia reflexa","Diptera","Empididae"
"Rhamphomyia","Rhamphomyia gilvipilosa","Diptera","Empididae"
"Rhamphomyia","Rhamphomyia sp1 M PL 020","Diptera","Empididae"
"Rhamphomyia","Rhamphomyia hoeli","Diptera","Empididae"
"Rhamphomyia","Rhamphomyia filicauda","Diptera","Empididae"
"Rhamphomyia","Rhamphomyia mutabilis","Diptera","Empididae"
"Rhamphomyia","Rhamphomyia piligeronis","Diptera","Empididae"
"Rhamphomyia","Rhamphomyia nigrita","Diptera","Empididae"
"Rhamphomyia","Rhamphomyia priapulus","Diptera","Empididae"
"Rhamphomyia","Rhamphomyia ursinella","Diptera","Empididae"
"Rhamphomyia","Rhamphomyia aethiops","Diptera","Empididae"
"Rhaphium","Rhaphium crassipes","Diptera","Dolichopodidae"
"Rheocricotopus","Rheocricotopus sp1 M PL 010","Diptera","Chironomidae"
"Rhinacloa","Rhinacloa sp1 M PL 026","Hemiptera","Miridae"
"Rhingia","Rhingia nasica","Diptera","Syrphidae"
"Rhingia","Rhingia laevigata","Diptera","Syrphidae"
"Rhingia","Rhingia campestris","Diptera","Syrphidae"
"Rhinoncomimus","Rhinoncomimus sp1 M PL 053","Coleoptera","Curculionidae"
"Rhinoncus","Rhinoncus perpendicularis","Coleoptera","Curculionidae"
"Rhinotropidia","Rhinotropidia rostrata","Diptera","Syrphidae"
"Rhiparida","Rhiparida seychellensis",NA,NA
"Rhipiphorus","Rhipiphorus dimidiatus",NA,NA
"Rhipiphorus","Rhipiphorus limbatus",NA,NA
"Rhodanthidium","Rhodanthidium caturigense","Hymenoptera","Megachilidae"
"Rhodanthidium","Rhodanthidium septemdentatum","Hymenoptera","Megachilidae"
"Rhodanthidium","Rhodanthidium sticticum","Hymenoptera","Megachilidae"
"Rhodobaenus","Rhodobaenus 13 punctatus","Coleoptera","Dryophthoridae"
"Rhodometra","Rhodometra sacraria","Lepidoptera","Geometridae"
"Rhogogaster","Rhogogaster varipes","Hymenoptera","Tenthredinidae"
"Rhopalomerus","Rhopalomerus tenuirostris","Coleoptera","Curculionidae"
"Rhopalomerus","Rhopalomerus sp1 M PL 029","Coleoptera","Curculionidae"
"Rhopalomerus","Rhopalomerus sp1 M PL 027","Coleoptera","Curculionidae"
"Rhopalum","Rhopalum sp1 M PL 004","Hymenoptera","Crabronidae"
"Rhopalum","Rhopalum pedicellatum","Hymenoptera","Crabronidae"
"Rhopalum","Rhopalum latronum","Hymenoptera","Crabronidae"
"Rhopalus","Rhopalus maculatus","Hemiptera","Rhopalidae"
"Rhotana","Rhotana sp1 M PL 044","Hemiptera","Derbidae"
"Rhyncaenus","Rhyncaenus sp1 M PL 014",NA,NA
"Rhynchites","Rhynchites germanicus","Coleoptera","Attelabidae"
"Rhynchium","Rhynchium brunneum","Hymenoptera","Eumenidae"
"Rhynconycha","Rhynconycha sp1 M PL 046",NA,NA
"Ricania","Ricania japonica","Hemiptera","Ricaniidae"
"Rictonis","Rictonis comma",NA,NA
"Rivellia","Rivellia viridulans","Diptera","Platystomatidae"
"Rivellia","Rivellia pallida","Diptera","Platystomatidae"
"Rivellia","Rivellia 4 fasciata","Diptera","Platystomatidae"
"Rivellia","Rivellia sp1 M PL 019","Diptera","Platystomatidae"
"Robertsonomyia","Robertsonomyia palpalis","Diptera","Conopidae"
"Rodolial","Rodolial imbata",NA,NA
"Rophites","Rophites quinquespinosus","Hymenoptera","Halictidae"
"Rophites","Rophites algirus","Hymenoptera","Halictidae"
"Ruizantheda","Ruizantheda divaricata","Hymenoptera","Halictidae"
"Ruizantheda","Ruizantheda mutabilis","Hymenoptera","Halictidae"
"Ruizantheda","Ruizantheda proxima","Hymenoptera","Halictidae"
"Ruizantheda","Ruizantheda nigrocaerulea","Hymenoptera","Halictidae"
"Ruiziella","Ruiziella luctuosa","Diptera","Tachinidae"
"Rutilia","Rutilia sp1 M PL 019","Diptera","Tachinidae"
"Rygmodus","Rygmodus cyaneus","Coleoptera","Hydrophilidae"
"Saldula","Saldula sp1 M PL 049","Hemiptera","Saldidae"
"Saliana","Saliana triangularis","Lepidoptera","Hesperiidae"
"Saotis","Saotis sp1 M PL 020","Hymenoptera","Ichneumonidae"
"Saparnopolius","Saparnopolius fulvus",NA,NA
"Sappho","Sappho sp1 M PL 023",NA,NA
"Sapromyza","Sapromyza sp1 M PL 068","Diptera","Lauxaniidae"
"Sapromyza","Sapromyza vulgaris","Diptera","Lauxaniidae"
"Sapromyza","Sapromyza sp1 M PL 083","Diptera","Lauxaniidae"
"Sapromyza","Sapromyza sp1 M PL 072","Diptera","Lauxaniidae"
"Sapromyza","Sapromyza fulvicornis","Diptera","Lauxaniidae"
"Sapromyza","Sapromyza sp1 M PL 064","Diptera","Lauxaniidae"
"Sapromyza","Sapromyza sp1 M PL 073","Diptera","Lauxaniidae"
"Sapromyza","Sapromyza sp1 M PL 019","Diptera","Lauxaniidae"
"Sapromyza","Sapromyza sp1 M PL 012","Diptera","Lauxaniidae"
"Sapromyza","Sapromyza sp1 M PL 066","Diptera","Lauxaniidae"
"Sapromyza","Sapromyza sp1 M PL 060","Diptera","Lauxaniidae"
"Sapromyza","Sapromyza longipennis","Diptera","Lauxaniidae"
"Sapromyza","Sapromyza sp near  nudiuscula Lamb","Diptera","Lauxaniidae"
"Sapromyza","Sapromyza sp1 M PL 061","Diptera","Lauxaniidae"
"Sapyga","Sapyga centrata","Hymenoptera","Sapygidae"
"Sapyga","Sapyga quinquepunctata","Hymenoptera","Sapygidae"
"Sarcodexia","Sarcodexia innota","Diptera","Sarcophagidae"
"Sarcophaga","Sarcophaga graeca","Diptera","Sarcophagidae"
"Sarcophaga","Sarcophaga consanguinea","Diptera","Sarcophagidae"
"Sarcophaga","Sarcophaga bullata","Diptera","Sarcophagidae"
"Sarcophaga","Sarcophaga haemorrhoidalis","Diptera","Sarcophagidae"
"Sarcophaga","Sarcophaga sp2 M PL 015","Diptera","Sarcophagidae"
"Sarcophaga","Sarcophaga dux sarracenioides","Diptera","Sarcophagidae"
"Sarcophaga","Sarcophaga sp4 M PL 015","Diptera","Sarcophagidae"
"Sarcophaga","Sarcophaga portchinskyana","Diptera","Sarcophagidae"
"Sarcophaga","Sarcophaga sp1 M PL 015","Diptera","Sarcophagidae"
"Sarcophaga","Sarcophaga assidua","Diptera","Sarcophagidae"
"Sarcophaga","Sarcophaga sp1 M PL 047","Diptera","Sarcophagidae"
"Sarcophaga","Sarcophaga sp1 M PL 049","Diptera","Sarcophagidae"
"Sarcophaga","Sarcophaga sinuata","Diptera","Sarcophagidae"
"Sarcophaga","Sarcophaga sp3 M PL 015","Diptera","Sarcophagidae"
"Sarcophaga","Sarcophaga alcedo","Diptera","Sarcophagidae"
"Sarcophaga","Sarcophaga hunteri","Diptera","Sarcophagidae"
"Sarcophaga","Sarcophaga haemorrhoides","Diptera","Sarcophagidae"
"Sarcophaga","Sarcophaga arno Curran","Diptera","Sarcophagidae"
"Sarcophaga","Sarcophaga taurica","Diptera","Sarcophagidae"
"Sarcophaga","Sarcophaga arno","Diptera","Sarcophagidae"
"Sarcophaga","Sarcophaga marginata","Diptera","Sarcophagidae"
"Sarcophaga","Sarcophaga nearctica","Diptera","Sarcophagidae"
"Sarcophaga","Sarcophaga impar","Diptera","Sarcophagidae"
"Sarcophaga","Sarcophaga aldrichi","Diptera","Sarcophagidae"
"Sarcophaga","Sarcophaga sp1 M PL 013","Diptera","Sarcophagidae"
"Sarcophaga","Sarcophaga novercoides","Diptera","Sarcophagidae"
"Sarcophagidae","Sarcophagidae sp",NA,NA
"Sarcophagidae","Sarcophagidae sp1 M PL 072",NA,NA
"Sarcophagidae","Sarcophagidae ni",NA,NA
"Sarcophagula","Sarcophagula occidua","Diptera","Sarcophagidae"
"Sarcophagus","Sarcophagus sp1 M PL 006",NA,NA
"Sarcophagus","Sarcophagus sp1 M PL 007",NA,NA
"Sargus","Sargus viridis","Diptera","Stratiomyidae"
"Sarogaster","Sarogaster georgica","Hymenoptera","Megachilidae"
"Sarrothripinae","Sarrothripinae sp1 M PL 067",NA,NA
"Sastragala","Sastragala esakii","Hemiptera","Acanthosomatidae"
"Sastragala","Sastragala scutellata","Hemiptera","Acanthosomatidae"
"Satyrus","Satyrus ferula","Lepidoptera","Nymphalidae"
"Satyrus","Satyrus charon","Lepidoptera","Nymphalidae"
"Sawpogon","Sawpogon proximus",NA,NA
"Sayapis","Sayapis pollicaris",NA,NA
"Sayapis","Sayapis pugnata",NA,NA
"Sayapis","Sayapis sayi",NA,NA
"Scaba","Scaba opinator",NA,NA
"Scaeva","Scaeva occidentalis","Diptera","Syrphidae"
"Scaeva","Scaeva albomaculata","Diptera","Syrphidae"
"Scaeva","Scaeva selenitica","Diptera","Syrphidae"
"Scaeva","Scaeva pyrastri","Diptera","Syrphidae"
"Scaeva","Scaeva melanostoma","Diptera","Syrphidae"
"Scaeva","Scaeva komabensis","Diptera","Syrphidae"
"Scaptia","Scaptia alpina","Diptera","Tabanidae"
"Scaptia","Scaptia horrens","Diptera","Tabanidae"
"Scaptia","Scaptia brevipalpis","Diptera","Tabanidae"
"Scaptia","Scaptia atra","Diptera","Tabanidae"
"Scaptia","Scaptia adrel","Diptera","Tabanidae"
"Scaptodrosophila","Scaptodrosophila sp1 M PL 122","Diptera","Drosophilidae"
"Scaptodrosophila","Scaptodrosophila sp1 M PL 107","Diptera","Drosophilidae"
"Scaptodrosophila","Scaptodrosophila sp1 M PL 102","Diptera","Drosophilidae"
"Scaptodrosophila","Scaptodrosophila sp1 M PL 100","Diptera","Drosophilidae"
"Scaptodrosophila","Scaptodrosophila sp1 M PL 106","Diptera","Drosophilidae"
"Scaptodrosophila","Scaptodrosophila sp1 M PL 108","Diptera","Drosophilidae"
"Scaptodrosophila","Scaptodrosophila sp1 M PL 120","Diptera","Drosophilidae"
"Scaptodrosophila","Scaptodrosophila sp1 M PL 123","Diptera","Drosophilidae"
"Scaptodrosophila","Scaptodrosophila sp1 M PL 104","Diptera","Drosophilidae"
"Scaptodrosophila","Scaptodrosophila sp1 M PL 130","Diptera","Drosophilidae"
"Scaptodrosophila","Scaptodrosophila sp1 M PL 090","Diptera","Drosophilidae"
"Scaptodrosophila","Scaptodrosophila sp1 M PL 096","Diptera","Drosophilidae"
"Scaptodrosophila","Scaptodrosophila sp1 M PL 088","Diptera","Drosophilidae"
"Scaptodrosophila","Scaptodrosophila sp1 M PL 101","Diptera","Drosophilidae"
"Scaptodrosophila","Scaptodrosophila sp1 M PL 084","Diptera","Drosophilidae"
"Scaptomyza","Scaptomyza australis","Diptera","Drosophilidae"
"Scaptomyza","Scaptomyza pallida","Diptera","Drosophilidae"
"Scathophaga","Scathophaga stercoraria","Diptera","Scathophagidae"
"Scathophaga","Scathophaga furcata","Diptera","Scathophagidae"
"Scatophaga","Scatophaga sp1 M PL 020","Diptera","Scathophagidae"
"Scatophaga","Scatophaga nigripalpis","Diptera","Scathophagidae"
"Scatophaga","Scatophaga apicaulis","Diptera","Scathophagidae"
"Scatophaga","Scatophaga multisetosa","Diptera","Scathophagidae"
"Scatophaga","Scatophaga stercoraria","Diptera","Scathophagidae"
"Scatophaga","Scatophaga furcata","Diptera","Scathophagidae"
"Scatophaga","Scatophaga inquinata","Diptera","Scathophagidae"
"Scatopsciara","Scatopsciara sp1 M PL 010","Diptera","Sciaridae"
"Scatopse","Scatopse pulicaria","Diptera","Scatopsidae"
"Scatopsidae","Scatopsidae sp",NA,NA
"Scatopsidae","Scatopsidae sp1 M PL 063",NA,NA
"Scatopsidae","Scatopsidae sp1 M PL 074",NA,NA
"Scedella","Scedella formosella","Diptera","Tephritidae"
"Scelionidae","Scelionidae sp1 M PL 072",NA,NA
"Sceliphron","Sceliphron asiaticum","Hymenoptera","Sphecidae"
"Sceliphron","Sceliphron destillatorium","Hymenoptera","Sphecidae"
"Scenopinus","Scenopinus nubillipes","Diptera","Scenopinidae"
"Scepsis","Scepsis fulvicollis","Diptera","Tabanidae"
"Schinia","Schinia jaguarina","Lepidoptera","Noctuidae"
"Schizochelus","Schizochelus serratus","Coleoptera","Scarabaeidae"
"Schwarzerium","Schwarzerium quadricolle","Coleoptera","Cerambycidae"
"Sciara","Sciara sp1 M PL 047","Diptera","Sciaridae"
"Sciara","Sciara atrata","Diptera","Sciaridae"
"Sciari","Sciari sp1 M PL 020",NA,NA
"Sciocoris","Sciocoris sp1 M PL 015","Hemiptera","Pentatomidae"
"Sciomyza","Sciomyza humilis","Diptera","Sciomyzidae"
"Scirpophaga","Scirpophaga sp1 M PL 053","Lepidoptera","Crambidae"
"Scirtes","Scirtes okinawanus","Coleoptera","Scirtidae"
"Scirtidae","Scirtidae sp1",NA,NA
"Scirtidae","Scirtidae sp2",NA,NA
"Scirtidae","Scirtidae sp2 M PL 060",NA,NA
"Scirtidae","Scirtidae sp1 M PL 060",NA,NA
"Scirtidae","Scirtidae sp1 M PL 073",NA,NA
"Scirtidae","Scirtidae sp1 M PL 074",NA,NA
"Scolia","Scolia galbula","Hymenoptera","Scoliidae"
"Scolia","Scolia nobilitata","Hymenoptera","Scoliidae"
"Scolia","Scolia oculata","Hymenoptera","Scoliidae"
"Scolia","Scolia oryctophaga","Hymenoptera","Scoliidae"
"Scolia","Scolia kuroiwaisp","Hymenoptera","Scoliidae"
"Scolia","Scolia historionica japonica","Hymenoptera","Scoliidae"
"Scolia","Scolia hirta","Hymenoptera","Scoliidae"
"Scolia","Scolia carniflex","Hymenoptera","Scoliidae"
"Scolia","Scolia sp1 M PL 058","Hymenoptera","Scoliidae"
"Scolia","Scolia carniflex Coquillett","Hymenoptera","Scoliidae"
"Scoparia","Scoparia minisculalis","Lepidoptera","Crambidae"
"Scoparia","Scoparia philerga","Lepidoptera","Crambidae"
"Scoparia","Scoparia submarginalis","Lepidoptera","Crambidae"
"Scoparia","Scoparia rotuella","Lepidoptera","Crambidae"
"Scopariinae","Scopariinae sp",NA,NA
"Scopariinae","Scopariinae sp1 M PL 065",NA,NA
"Scopariinae","Scopariinae sp1 M PL 069",NA,NA
"Scopariinae","Scopariinae sp1 M PL 073",NA,NA
"Scotinophara","Scotinophara lurida","Hemiptera","Pentatomidae"
"Scotiptera","Scotiptera parvicornis","Diptera","Tachinidae"
"Scymnus","Scymnus marinus","Coleoptera","Coccinellidae"
"Scymnus","Scymnus jamato","Coleoptera","Coccinellidae"
"Scymnus","Scymnus hoffmanni","Coleoptera","Coccinellidae"
"Scymnus","Scymnus miyatakei","Coleoptera","Coccinellidae"
"Scymnus","Scymnus sodalis","Coleoptera","Coccinellidae"
"Scymnus","Scymnus consobrinus","Coleoptera","Coccinellidae"
"Seladonia","Seladonia cephalica","Hymenoptera","Halictidae"
"Seladonia","Seladonia gemmea","Hymenoptera","Halictidae"
"Seladonia","Seladonia smaragdula","Hymenoptera","Halictidae"
"Seladonia","Seladonia confusa","Hymenoptera","Halictidae"
"Selasphorus","Selasphorus platycercus",NA,NA
"Selenocephalus","Selenocephalus pallidus","Hemiptera","Cicadellidae"
"Selenopalpus","Selenopalpus aciphyllae","Coleoptera","Oedemeridae"
"Senopterina","Senopterina sp1 M PL 044","Diptera","Platystomatidae"
"Senostoma","Senostoma sp1 M PL 019","Diptera","Tachinidae"
"Senostoma","Senostoma sp2 M PL 019","Diptera","Tachinidae"
"Senostoma","Senostoma sp3 M PL 019","Diptera","Tachinidae"
"Senotainia","Senotainia trilineata","Diptera","Sarcophagidae"
"Senotainia","Senotainia conica","Diptera","Sarcophagidae"
"Seoptera","Seoptera colon",NA,NA
"Sepedophilus","Sepedophilus sp1 M PL 044","Coleoptera","Staphylinidae"
"Sephanoides","Sephanoides sephaniodes",NA,NA
"Sephanoides","Sephanoides galeritus",NA,NA
"Sepsis","Sepsis fulgens","Diptera","Sepsidae"
"Sepsis","Sepsis sp1 M PL 053","Diptera","Sepsidae"
"Sepsis","Sepsis lateralis","Diptera","Sepsidae"
"Sepsis","Sepsis cynipsea","Diptera","Sepsidae"
"Sepsis","Sepsis sp1 M PL 015","Diptera","Sepsidae"
"Sepsis","Sepsis thoracica","Diptera","Sepsidae"
"Sepsis","Sepsis flavimana","Diptera","Sepsidae"
"Sepsis","Sepsis violacea","Diptera","Sepsidae"
"Seracosomus","Seracosomus silaceus",NA,NA
"Sercomyia","Sercomyia transversa",NA,NA
"Sericania","Sericania fuscolineata","Coleoptera","Scarabaeidae"
"Sericania","Sericania fulgida","Coleoptera","Scarabaeidae"
"Sericomyia","Sericomyia japonica","Diptera","Syrphidae"
"Sericomyia","Sericomyia silentis","Diptera","Syrphidae"
"Serinus","Serinus canarius",NA,NA
"Servillia","Servillia luteola","Diptera","Tachinidae"
"Servillia","Servillia jokovlewii","Diptera","Tachinidae"
"Sestra","Sestra flexata","Lepidoptera","Geometridae"
"Seymnus","Seymnus terminatus",NA,NA
"Shaerophoria","Shaerophoria sp1 M PL 033",NA,NA
"Sicus","Sicus ferrugineus","Diptera","Conopidae"
"Sicus","Sicus sp1 M PL 015","Diptera","Conopidae"
"Silaon","Silaon inerme",NA,NA
"Simosyrphus","Simosyrphus aegyptius","Diptera","Syrphidae"
"Simulium","Simulium sp1 M PL 071","Diptera","Simuliidae"
"Simulium","Simulium Byssodon sp2","Diptera","Simuliidae"
"Simulium","Simulium sp2 M PL 071","Diptera","Simuliidae"
"Simulium","Simulium pecuarum","Diptera","Simuliidae"
"Simulium","Simulium sp1 M PL 083","Diptera","Simuliidae"
"Sinea","Sinea diadema","Hemiptera","Reduviidae"
"Siobla","Siobla felox","Hymenoptera","Tenthredinidae"
"Siphona","Siphona sp1 M PL 068","Diptera","Tachinidae"
"Siphona","Siphona sp1 M PL 076","Diptera","Tachinidae"
"Siphona","Siphona sp1 M PL 066","Diptera","Tachinidae"
"Siphona","Siphona sp1 M PL 012","Diptera","Tachinidae"
"Siphona","Siphona sp1 M PL 015","Diptera","Tachinidae"
"Siphona","Siphona sp1 M PL 053","Diptera","Tachinidae"
"Siphona","Siphona confusa","Diptera","Tachinidae"
"Siphona","Siphona geniculata","Diptera","Tachinidae"
"Siphona","Siphona sp","Diptera","Tachinidae"
"Siphonella","Siphonella cinerea","Diptera","Chloropidae"
"Siphonella","Siphonella inquilina","Diptera","Chloropidae"
"Siphoplagia","Siphoplagia flaccidirostris",NA,NA
"Siphoplagia","Siphoplagia anomala",NA,NA
"Siphunculina","Siphunculina sp1 M PL 044","Diptera","Chloropidae"
"Sisyropa","Sisyropa sp1 M PL 053","Diptera","Tachinidae"
"Sitarea","Sitarea vibrissata","Diptera","Tephritidae"
"Sitona","Sitona lineatus","Coleoptera","Curculionidae"
"Smicra","Smicra debilis",NA,NA
"Smicra","Smicra torvina",NA,NA
"Smittia","Smittia extrema","Diptera","Chironomidae"
"Smittia","Smittia polaris","Diptera","Chironomidae"
"Smittia","Smittia polymorpha","Diptera","Chironomidae"
"Smittia","Smittia cf  aterrima","Diptera","Chironomidae"
"Smittia","Smittia sp1 M PL 020","Diptera","Chironomidae"
"Smittia","Smittia sp1 M PL 009","Diptera","Chironomidae"
"Smittia","Smittia betuletorum","Diptera","Chironomidae"
"Smittia","Smittia sp2 M PL 009","Diptera","Chironomidae"
"Smittia","Smittia sp1 M PL 010","Diptera","Chironomidae"
"Smittia","Smittia sp1 M PL 015","Diptera","Chironomidae"
"Smittia","Smittia velutina","Diptera","Chironomidae"
"Smittia","Smittia sp1 M PL 014","Diptera","Chironomidae"
"Smoragdina","Smoragdina quadratoma culata",NA,NA
"Solenius","Solenius sp1 M PL 005",NA,NA
"Sophropompilus","Sophropompilus ingenuus","Hymenoptera","Pompilidae"
"Spallanzania","Spallanzania hebes","Diptera","Tachinidae"
"Spallanzania","Spallanzania rectistylum","Diptera","Tachinidae"
"Spallanzania","Spallanzania hesperidarum","Diptera","Tachinidae"
"Spathipalpus","Spathipalpus philippii","Diptera","Tachinidae"
"Specomyia","Specomyia vittata",NA,NA
"Spegina","Spegina infuscata",NA,NA
"Spermatophagus","Spermatophagus kuesteri",NA,NA
"Spermophagus","Spermophagus sericeus","Coleoptera","Chrysomelidae"
"Speyeria","Speyeria idalia","Lepidoptera","Nymphalidae"
"Speyeria","Speyeria aglaja","Lepidoptera","Nymphalidae"
"Sphaerophia","Sphaerophia viridaenea",NA,NA
"Sphaerophoria","Sphaerophoria taeniata","Diptera","Syrphidae"
"Sphaerophoria","Sphaerophoria bifurcata","Diptera","Syrphidae"
"Sphaerophoria","Sphaerophoria javana","Diptera","Syrphidae"
"Sphaerophoria","Sphaerophoria sp1 M PL 058","Diptera","Syrphidae"
"Sphaerophoria","Sphaerophoria longipilosa","Diptera","Syrphidae"
"Sphaerophoria","Sphaerophoria macrogaster","Diptera","Syrphidae"
"Sphaerophoria","Sphaerophoria taenata","Diptera","Syrphidae"
"Sphaerophoria","Sphaerophoria menthastri group","Diptera","Syrphidae"
"Sphaerophoria","Sphaerophoria rueppelli","Diptera","Syrphidae"
"Sphaerophoria","Sphaerophoria sp1 M PL 047","Diptera","Syrphidae"
"Sphaerophoria","Sphaerophoria scripta","Diptera","Syrphidae"
"Sphaerophoria","Sphaerophoria cylindrica","Diptera","Syrphidae"
"Sphaerophoria","Sphaerophoria meuthastri","Diptera","Syrphidae"
"Sphaerophoria","Sphaerophoria sp1 M PL 004","Diptera","Syrphidae"
"Sphaerophoria","Sphaerophoria sp1 M PL 007","Diptera","Syrphidae"
"Sphaerophoria","Sphaerophoria menthastri","Diptera","Syrphidae"
"Sphaerophoria","Sphaerophoria sp1 M PL 006","Diptera","Syrphidae"
"Sphaerophoria","Sphaerophoria philanthus","Diptera","Syrphidae"
"Sphecodes","Sphecodes sp1 M PL 021","Hymenoptera","Halictidae"
"Sphecodes","Sphecodes sp1 M PL 047","Hymenoptera","Halictidae"
"Sphecodes","Sphecodes hirtellus","Hymenoptera","Halictidae"
"Sphecodes","Sphecodes marginatus","Hymenoptera","Halictidae"
"Sphecodes","Sphecodes sp1 M PL 004","Hymenoptera","Halictidae"
"Sphecodes","Sphecodes minor","Hymenoptera","Halictidae"
"Sphecodes","Sphecodes ruficrus","Hymenoptera","Halictidae"
"Sphecodes","Sphecodes sp1 M PL 058","Hymenoptera","Halictidae"
"Sphecodes","Sphecodes ephippius","Hymenoptera","Halictidae"
"Sphecodes","Sphecodes arvensis","Hymenoptera","Halictidae"
"Sphecodes","Sphecodes geoffrellus","Hymenoptera","Halictidae"
"Sphecodes","Sphecodes sophiae","Hymenoptera","Halictidae"
"Sphecodes","Sphecodes heraclei","Hymenoptera","Halictidae"
"Sphecodes","Sphecodes pellucidus","Hymenoptera","Halictidae"
"Sphecodium","Sphecodium cressonii",NA,NA
"Sphecodium","Sphecodium pimpinellae",NA,NA
"Sphecodium","Sphecodium smilacinae",NA,NA
"Sphecoid","Sphecoid wasp",NA,NA
"Sphegina","Sphegina sp1 M PL 056","Diptera","Syrphidae"
"Sphegina","Sphegina sp1 M PL 049","Diptera","Syrphidae"
"Sphegina","Sphegina clunipes","Diptera","Syrphidae"
"Sphegina","Sphegina campanulata","Diptera","Syrphidae"
"Sphegina","Sphegina sp2 M PL 057","Diptera","Syrphidae"
"Sphegina","Sphegina sp2 M PL 021","Diptera","Syrphidae"
"Sphegina","Sphegina sp3 M PL 057","Diptera","Syrphidae"
"Sphegina","Sphegina sp1 M PL 021","Diptera","Syrphidae"
"Sphegina","Sphegina sp3 M PL 021","Diptera","Syrphidae"
"Sphegina","Sphegina sp4 M PL 057","Diptera","Syrphidae"
"Sphegina","Sphegina sp4 M PL 021","Diptera","Syrphidae"
"Sphegina","Sphegina sp1 M PL 057","Diptera","Syrphidae"
"Sphenella","Sphenella sinensis","Diptera","Tephritidae"
"Sphenella","Sphenella marginata","Diptera","Tephritidae"
"Sphex","Sphex pruinosus","Hymenoptera","Sphecidae"
"Sphex","Sphex melanopus","Hymenoptera","Sphecidae"
"Sphex","Sphex nigricans","Hymenoptera","Sphecidae"
"Sphex","Sphex gracilis","Hymenoptera","Sphecidae"
"Sphex","Sphex procera","Hymenoptera","Sphecidae"
"Sphex","Sphex jamaicensis","Hymenoptera","Sphecidae"
"Sphex","Sphex maidli","Hymenoptera","Sphecidae"
"Sphex","Sphex sp1 M PL 031","Hymenoptera","Sphecidae"
"Sphex","Sphex vulgaris","Hymenoptera","Sphecidae"
"Sphex","Sphex rufocinctus","Hymenoptera","Sphecidae"
"Sphex","Sphex ichneumoneus","Hymenoptera","Sphecidae"
"Sphex","Sphex sp1 M PL 072","Hymenoptera","Sphecidae"
"Sphex","Sphex diabolicus flammitrichus","Hymenoptera","Sphecidae"
"Sphinx","Sphinx eremitus","Lepidoptera","Sphingidae"
"Spilagona","Spilagona nitidicauda",NA,NA
"Spilogona","Spilogona deflorata","Diptera","Muscidae"
"Spilogona","Spilogona alpica","Diptera","Muscidae"
"Spilogona","Spilogona sp1 M PL 064","Diptera","Muscidae"
"Spilogona","Spilogona almquistii","Diptera","Muscidae"
"Spilogona","Spilogona melanosoma","Diptera","Muscidae"
"Spilogona","Spilogona malaisei","Diptera","Muscidae"
"Spilogona","Spilogona arcticola","Diptera","Muscidae"
"Spilogona","Spilogona obsoleta","Diptera","Muscidae"
"Spilogona","Spilogona almquisti","Diptera","Muscidae"
"Spilogona","Spilogona aesturium","Diptera","Muscidae"
"Spilogona","Spilogona latilamina","Diptera","Muscidae"
"Spilogona","Spilogona almqvistii","Diptera","Muscidae"
"Spilogona","Spilogona megastoma","Diptera","Muscidae"
"Spilogona","Spilogona sp1 M PL 014","Diptera","Muscidae"
"Spilogona","Spilogona hurdiana","Diptera","Muscidae"
"Spilogona","Spilogona triangulifera","Diptera","Muscidae"
"Spilogona","Spilogona micans","Diptera","Muscidae"
"Spilogona","Spilogona extensa","Diptera","Muscidae"
"Spilogona","Spilogona denudata","Diptera","Muscidae"
"Spilogona","Spilogona fatima","Diptera","Muscidae"
"Spilogona","Spilogona tornensis","Diptera","Muscidae"
"Spilogona","Spilogona dorsata","Diptera","Muscidae"
"Spilogona","Spilogona projecta","Diptera","Muscidae"
"Spilogona","Spilogona tundrae","Diptera","Muscidae"
"Spilogona","Spilogona sanctipauli","Diptera","Muscidae"
"Spilomyia","Spilomyia 4 fasciata","Diptera","Syrphidae"
"Spilomyia","Spilomyia longicornis","Diptera","Syrphidae"
"Spilomyia","Spilomyia hamifera","Diptera","Syrphidae"
"Spilostethus","Spilostethus rivularis","Hemiptera","Lygaeidae"
"Spinoliella","Spinoliella sp1 M PL 022","Hymenoptera","Andrenidae"
"Spodoptera","Spodoptera exigua","Lepidoptera","Noctuidae"
"Spodoptera","Spodoptera littoralis","Lepidoptera","Noctuidae"
"Spodoptera","Spodoptera litura","Lepidoptera","Noctuidae"
"Staphylinidae","Staphylinidae sp1 M PL 072",NA,NA
"Staphylinidae","Staphylinidae sp2 M PL 072",NA,NA
"Stelidium","Stelidium trypetinum",NA,NA
"Stelis","Stelis signata","Hymenoptera","Megachilidae"
"Stelis","Stelis punctulatissima","Hymenoptera","Megachilidae"
"Stenanthidium","Stenanthidium espinosai",NA,NA
"Stenbluperus","Stenbluperus nipponensis",NA,NA
"Stenocallinerus","Stenocallinerus prasinatus",NA,NA
"Stenocorus","Stenocorus meridianus","Coleoptera","Cerambycidae"
"Stenocorus","Stenocorus caeruleipennis","Coleoptera","Cerambycidae"
"Stenodryas","Stenodryas clavigera","Coleoptera","Cerambycidae"
"Stenodynerus","Stenodynerus frauenfeldi","Hymenoptera","Eumenidae"
"Stenodynerus","Stenodynerus sp1 M PL 055","Hymenoptera","Eumenidae"
"Stenodynerus","Stenodynerus kushigemati tsunekii","Hymenoptera","Eumenidae"
"Stenodynerus","Stenodynerus chinensis simillimus","Hymenoptera","Eumenidae"
"Stenodynerus","Stenodynerus sp1 M PL 072","Hymenoptera","Eumenidae"
"Stenodynerus","Stenodynerus tokyanus tokyanus","Hymenoptera","Eumenidae"
"Stenodynerus","Stenodynerus sp2 M PL 072","Hymenoptera","Eumenidae"
"Stenoheriades","Stenoheriades coelostoma","Hymenoptera","Megachilidae"
"Stenolophus","Stenolophus fulnicornis","Coleoptera","Carabidae"
"Stenoluperus","Stenoluperus nipponensis","Coleoptera","Chrysomelidae"
"Stenomacrus","Stenomacrus sp1 M PL 010","Hymenoptera","Ichneumonidae"
"Stenomacrus","Stenomacrus sp1 M PL 009","Hymenoptera","Ichneumonidae"
"Stenomacrus","Stenomacrus sp1 M PL 020","Hymenoptera","Ichneumonidae"
"Stenomacrus","Stenomacrus sp2 M PL 010","Hymenoptera","Ichneumonidae"
"Stenomacrus","Stenomacrus sp3 M PL 010","Hymenoptera","Ichneumonidae"
"Stenopsocus","Stenopsocus sp1 M PL 044","Psocodea","Stenopsocidae"
"Stenopterus","Stenopterus rufus","Coleoptera","Cerambycidae"
"Stenotus","Stenotus binotatus","Hemiptera","Miridae"
"Sterictophora","Sterictophora sp1 M PL 005",NA,NA
"Stermophagus","Stermophagus japonicus",NA,NA
"Stevenia","Stevenia signata","Diptera","Calliphoridae"
"Sticia","Sticia sp1 M PL 031",NA,NA
"Stictiella","Stictiella pictifrons","Hymenoptera","Crabronidae"
"Stictomyia","Stictomyia sp1 M PL 044","Diptera","Ulidiidae"
"Stigmus","Stigmus sp1 M PL 056","Hymenoptera","Crabronidae"
"Stilbosona","Stilbosona cyanea",NA,NA
"Stizoides","Stizoides tridentatus","Hymenoptera","Crabronidae"
"Stizus","Stizus ruficornis","Hymenoptera","Crabronidae"
"Stizus","Stizus unicinctus","Hymenoptera","Crabronidae"
"Stomorhina","Stomorhina lunata","Diptera","Calliphoridae"
"Stomorhina","Stomorhina lunata Fabricius","Diptera","Calliphoridae"
"Stomorhina","Stomorhina obsoleta","Diptera","Calliphoridae"
"Stomoxys","Stomoxys niger","Diptera","Muscidae"
"Stomoxys","Stomoxys calcitrans Linnaeus","Diptera","Muscidae"
"Stomoxys","Stomoxys niger Macquart","Diptera","Muscidae"
"Stomoxys","Stomoxys calcitrans","Diptera","Muscidae"
"Stragamia","Stragamia mundus",NA,NA
"Strangalia","Strangalia maculata","Coleoptera","Cerambycidae"
"Strangalia","Strangalia melanura","Coleoptera","Cerambycidae"
"Strangalia","Strangalia famelica","Coleoptera","Cerambycidae"
"Strangalia","Strangalia bifasciata","Coleoptera","Cerambycidae"
"Strangalia","Strangalia Quadrifasciata","Coleoptera","Cerambycidae"
"Strangalomorpha","Strangalomorpha tenuis","Coleoptera","Cerambycidae"
"Stratiomya","Stratiomya potamidao",NA,NA
"Stratiomydae","Stratiomydae sp",NA,NA
"Stratiomyia","Stratiomyia unilimbata",NA,NA
"Stratiomyia","Stratiomyia apicula",NA,NA
"Stratiomyia","Stratiomyia meigenii",NA,NA
"Stratiomyia","Stratiomyia discalis",NA,NA
"Stratiomyidae","Stratiomyidae sp2 M PL 072",NA,NA
"Stratiomyidae","Stratiomyidae sp1 M PL 072",NA,NA
"Stratiomys","Stratiomys sp1 M PL 055","Diptera","Stratiomyidae"
"Strictopterinae","Strictopterinae sp1 M PL 069",NA,NA
"Strogylogaster","Strogylogaster onocleae",NA,NA
"Strogylogaster","Strogylogaster lineata",NA,NA
"Strombocerina","Strombocerina koebelei",NA,NA
"Strongylogaster","Strongylogaster sp1 M PL 056","Hymenoptera","Tenthredinidae"
"Strophosomus","Strophosomus capitatus de Geer","Coleoptera","Curculionidae"
"Strophosomus","Strophosomus capitatus","Coleoptera","Curculionidae"
"Strophosomus","Strophosomus melanogrammus","Coleoptera","Curculionidae"
"Strymon","Strymon titus","Lepidoptera","Lycaenidae"
"Strymon","Strymon columella","Lepidoptera","Lycaenidae"
"Strymon","Strymon oreala","Lepidoptera","Lycaenidae"
"Strymon","Strymon eurytulus","Lepidoptera","Lycaenidae"
"Strymonidia","Strymonidia spini",NA,NA
"Sturmia","Sturmia inquinata","Diptera","Tachinidae"
"Sturmia","Sturmia nigrita","Diptera","Tachinidae"
"Sturmia","Sturmia fraudulenta","Diptera","Tachinidae"
"Sturmia","Sturmia distincta","Diptera","Tachinidae"
"Stylogaster","Stylogaster neglecta","Diptera","Conopidae"
"Svastrides","Svastrides melanura","Hymenoptera","Apidae"
"Svastrides","Svastrides zebra","Hymenoptera","Apidae"
"Symmorphus","Symmorphus cliens","Hymenoptera","Eumenidae"
"Symmorphus","Symmorphus debilis","Hymenoptera","Eumenidae"
"Symmorphus","Symmorphus gracilis","Hymenoptera","Eumenidae"
"Sympetrum","Sympetrum frequens","Odonata","Libellulidae"
"Symphyta","Symphyta sp1 M PL 017","Lepidoptera","Lasiocampidae"
"Sympistis","Sympistis zetterstedti","Lepidoptera","Noctuidae"
"Sympistis","Sympistis lapponica","Lepidoptera","Noctuidae"
"Sympistris","Sympistris labradoris",NA,NA
"Synanthedom","Synanthedom albicalcarata",NA,NA
"Synanthedon","Synanthedon albicornis","Lepidoptera","Sesiidae"
"Syngrapha","Syngrapha parilis","Lepidoptera","Noctuidae"
"Syngrapha","Syngrapha ain","Lepidoptera","Noctuidae"
"Syntarucus","Syntarucus pirithous",NA,NA
"Syntomopus","Syntomopus americanus","Hymenoptera","Pteromalidae"
"Syreta","Syreta adamsi",NA,NA
"Syritta","Syritta sp1 M PL 066","Diptera","Syrphidae"
"Syritta","Syritta sp1 M PL 081","Diptera","Syrphidae"
"Syritta","Syritta sp1 M PL 064","Diptera","Syrphidae"
"Syritta","Syritta nigrofemorata Macquart","Diptera","Syrphidae"
"Syritta","Syritta nigrofemorata","Diptera","Syrphidae"
"Syritta","Syritta sp1 M PL 072","Diptera","Syrphidae"
"Syritta","Syritta bulbus","Diptera","Syrphidae"
"Syritta","Syritta sp1 M PL 083","Diptera","Syrphidae"
"Syritta","Syritta sp1 M PL 063","Diptera","Syrphidae"
"Syritta","Syritta sp1 M PL 082","Diptera","Syrphidae"
"Syritta","Syritta sp1 M PL 067","Diptera","Syrphidae"
"Syritta","Syritta pipiens","Diptera","Syrphidae"
"Syritta","Syritta spnear abyssinica Rondani","Diptera","Syrphidae"
"Syritta","Syritta bulbus Walker","Diptera","Syrphidae"
"Syritta","Syritta sp1 M PL 071","Diptera","Syrphidae"
"Syritta","Syritta sp1 M PL 075","Diptera","Syrphidae"
"Syritta","Syritta rectus","Diptera","Syrphidae"
"Syritta","Syritta sp1 M PL 070","Diptera","Syrphidae"
"Syritta","Syritta sp1 M PL 069","Diptera","Syrphidae"
"Syrphid","Syrphid sp",NA,NA
"Syrphidae","Syrphidae ni",NA,NA
"Syrphidae","Syrphidae sp1 M PL 072",NA,NA
"Syrphus","Syrphus disgregus","Diptera","Syrphidae"
"Syrphus","Syrphus octomaculatus","Diptera","Syrphidae"
"Syrphus","Syrphus ribessii","Diptera","Syrphidae"
"Syrphus","Syrphus japonica","Diptera","Syrphidae"
"Syrphus","Syrphus amalopis","Diptera","Syrphidae"
"Syrphus","Syrphus sp1 M PL 056","Diptera","Syrphidae"
"Syrphus","Syrphus arcuatus","Diptera","Syrphidae"
"Syrphus","Syrphus sp1 M PL 006","Diptera","Syrphidae"
"Syrphus","Syrphus opinator","Diptera","Syrphidae"
"Syrphus","Syrphus vitripernis","Diptera","Syrphidae"
"Syrphus","Syrphus sp1 M PL 007","Diptera","Syrphidae"
"Syrphus","Syrphus sp1 M PL 019","Diptera","Syrphidae"
"Syrphus","Syrphus ribesii","Diptera","Syrphidae"
"Syrphus","Syrphus vitripennis","Diptera","Syrphidae"
"Syrphus","Syrphus sp1 M PL 032","Diptera","Syrphidae"
"Syrphus","Syrphus americanus","Diptera","Syrphidae"
"Syrphus","Syrphus torvus","Diptera","Syrphidae"
"Syrphus","Syrphus nitens","Diptera","Syrphidae"
"Systoechus","Systoechus vulgaris","Diptera","Bombyliidae"
"Systogaster","Systogaster biannulata",NA,NA
"Systropha","Systropha planidens","Hymenoptera","Halictidae"
"Systropus","Systropus macer","Diptera","Bombyliidae"
"Tabanidae","Tabanidae ni",NA,NA
"Tabanidae","Tabanidae sp1 M PL 072",NA,NA
"Tabanus","Tabanus sp1 M PL 030","Diptera","Tabanidae"
"Tabanus","Tabanus rhombicus","Diptera","Tabanidae"
"Tabanus","Tabanus froggatti","Diptera","Tabanidae"
"Tabanus","Tabanus iyoensis","Diptera","Tabanidae"
"Tachina","Tachina rustica","Diptera","Tachinidae"
"Tachina","Tachina vernalis","Diptera","Tachinidae"
"Tachina","Tachina mella","Diptera","Tachinidae"
"Tachina","Tachina fera","Diptera","Tachinidae"
"Tachina","Tachina sp1 M PL 053","Diptera","Tachinidae"
"Tachina","Tachina politula","Diptera","Tachinidae"
"Tachina","Tachina grossa","Diptera","Tachinidae"
"Tachina","Tachina luteola","Diptera","Tachinidae"
"Tachina","Tachina canariensis","Diptera","Tachinidae"
"Tachina","Tachina jakovlevi","Diptera","Tachinidae"
"Tachinidae","Tachinidae ni",NA,NA
"Tachinidae","Tachinidae sp1 M PL 072",NA,NA
"Tachinidae","Tachinidae sp1 M PL 020",NA,NA
"Tachinus","Tachinus fimetarius","Coleoptera","Staphylinidae"
"Tachinus","Tachinus sp1 M PL 057","Coleoptera","Staphylinidae"
"Tachinus","Tachinus sp1 M PL 021","Coleoptera","Staphylinidae"
"Tachites","Tachites sp1 M PL 031",NA,NA
"Tachydromia","Tachydromia pusilla","Diptera","Hybotidae"
"Tachypompilus","Tachypompilus sp1 M PL 072","Hymenoptera","Pompilidae"
"Tachysphex","Tachysphex japonicus","Hymenoptera","Crabronidae"
"Tachysphex","Tachysphex unicolor","Hymenoptera","Crabronidae"
"Tachysphex","Tachysphex incertus","Hymenoptera","Crabronidae"
"Tachysphex","Tachysphex pepa","Hymenoptera","Crabronidae"
"Tachysphex","Tachysphex belfragei","Hymenoptera","Crabronidae"
"Tachysphex","Tachysphex acutus","Hymenoptera","Crabronidae"
"Tachysphex","Tachysphex terminatus","Hymenoptera","Crabronidae"
"Tachysphex","Tachysphex tarsatus","Hymenoptera","Crabronidae"
"Tachytes","Tachytes pepticus","Hymenoptera","Crabronidae"
"Tachytes","Tachytes sericatus","Hymenoptera","Crabronidae"
"Tachytes","Tachytes obscurus","Hymenoptera","Crabronidae"
"Tachytes","Tachytes distinctus","Hymenoptera","Crabronidae"
"Tachytes","Tachytes mandibularis","Hymenoptera","Crabronidae"
"Tachytes","Tachytes harpax","Hymenoptera","Crabronidae"
"Tachytessp","Tachytessp sp1 M PL 044",NA,NA
"Takaomyia","Takaomyia sexmaculata","Diptera","Syrphidae"
"Takaomyia","Takaomyia johannis","Diptera","Syrphidae"
"Tamseuxoa","Tamseuxoa ingoufii","Lepidoptera","Noctuidae"
"Tanyptera","Tanyptera sp1 M PL 044","Diptera","Tipulidae"
"Tanytarsus","Tanytarsus niger","Diptera","Chironomidae"
"Tapeigaster","Tapeigaster nigricornis","Diptera","Heleomyzidae"
"Tapinoma","Tapinoma sessile","Hymenoptera","Formicidae"
"Tapinoma","Tapinoma melanocephalum","Hymenoptera","Formicidae"
"Tapinoma","Tapinoma erraticum","Hymenoptera","Formicidae"
"Tapinoma","Tapinoma sp1 M PL 016","Hymenoptera","Formicidae"
"Tapinoma","Tapinoma sp1 M PL 053","Hymenoptera","Formicidae"
"Tapinotaspis","Tapinotaspis caerulea","Hymenoptera","Apidae"
"Tapinotaspis","Tapinotaspis herbsti","Hymenoptera","Apidae"
"Tarentula","Tarentula exasperans",NA,NA
"Tarundia","Tarundia servillei","Hemiptera","Ricaniidae"
"Tatochila","Tatochila vanvolxemi","Lepidoptera","Pieridae"
"Tatochila","Tatochila sp1 M PL 023","Lepidoptera","Pieridae"
"Tatochila","Tatochila mercedis","Lepidoptera","Pieridae"
"Tatochila","Tatochila autodice","Lepidoptera","Pieridae"
"Tatochila","Tatochila blanchardii","Lepidoptera","Pieridae"
"Taxonus","Taxonus sp1 M PL 057","Hymenoptera","Tenthredinidae"
"Taxonus","Taxonus fulvicornis","Hymenoptera","Tenthredinidae"
"Technomyrmex","Technomyrmex albipes Smith","Hymenoptera","Formicidae"
"Technomyrmex","Technomyrmex albipes","Hymenoptera","Formicidae"
"Tehthredo","Tehthredo zonula",NA,NA
"Tehthredo","Tehthredo zona",NA,NA
"Teleas","Teleas lineaticeps","Hymenoptera","Scelionidae"
"Telephorus","Telephorus bilineatus",NA,NA
"Telephorus","Telephorus flavipes",NA,NA
"Temnostoma","Temnostoma aequale","Diptera","Syrphidae"
"Temnostoma","Temnostoma balyras","Diptera","Syrphidae"
"Temnostoma","Temnostoma alternans","Diptera","Syrphidae"
"Temnostoma","Temnostoma nitobei","Diptera","Syrphidae"
"Temnostoma","Temnostoma fumosa","Diptera","Syrphidae"
"Temnostoma","Temnostoma barberi","Diptera","Syrphidae"
"Tenthredella","Tenthredella flavomarginis","Hymenoptera","Tenthredinidae"
"Tenthredella","Tenthredella unicincta","Hymenoptera","Tenthredinidae"
"Tenthredinidae","Tenthredinidae sp1 M PL 057",NA,NA
"Tenthredo","Tenthredo finchi seguro","Hymenoptera","Tenthredinidae"
"Tenthredo","Tenthredo flavipectus","Hymenoptera","Tenthredinidae"
"Tenthredo","Tenthredo basizonata","Hymenoptera","Tenthredinidae"
"Tenthredo","Tenthredo hokkaidonis","Hymenoptera","Tenthredinidae"
"Tenthredo","Tenthredo convagennata","Hymenoptera","Tenthredinidae"
"Tenthredo","Tenthredo japonica","Hymenoptera","Tenthredinidae"
"Tenthredo","Tenthredo fukaii","Hymenoptera","Tenthredinidae"
"Tenthredo","Tenthredo sp1 M PL 021","Hymenoptera","Tenthredinidae"
"Tenthredopsis","Tenthredopsis sp1 M PL 057","Hymenoptera","Tenthredinidae"
"Teochila","Teochila maenacte",NA,NA
"Tephritidae","Tephritidae sp1 M PL 072",NA,NA
"Tephritidae","Tephritidae sp2 M PL 072",NA,NA
"Tephritis","Tephritis sp1 M PL 072","Diptera","Tephritidae"
"Tephritis","Tephritis sp1 M PL 019","Diptera","Tephritidae"
"Tephritis","Tephritis sp2 M PL 019","Diptera","Tephritidae"
"Tephritis","Tephritis sp1 M PL 015","Diptera","Tephritidae"
"Tetanocera","Tetanocera pictipes","Diptera","Sciomyzidae"
"Tetanocera","Tetanocera silvatica","Diptera","Sciomyzidae"
"Tetanocera","Tetanocera ferruginea","Diptera","Sciomyzidae"
"Tetrachrysis","Tetrachrysis nitidula",NA,NA
"Tetrachrysis","Tetrachrysis venusta",NA,NA
"Tetrachrysis","Tetrachrysis montana",NA,NA
"Tetrachrysis","Tetrachrysis caerulans",NA,NA
"Tetrachrysis","Tetrachrysis lauta",NA,NA
"Tetralonia","Tetralonia mitsukurii","Hymenoptera","Apidae"
"Tetralonia","Tetralonia okinawae okinawae","Hymenoptera","Apidae"
"Tetralonia","Tetralonia rosae","Hymenoptera","Apidae"
"Tetralonia","Tetralonia belfragei","Hymenoptera","Apidae"
"Tetralonia","Tetralonia nipponensis","Hymenoptera","Apidae"
"Tetralonia","Tetralonia nipponens","Hymenoptera","Apidae"
"Tetralonia","Tetralonia dilecta","Hymenoptera","Apidae"
"Tetralonia","Tetralonia alternans","Hymenoptera","Apidae"
"Tetralonia","Tetralonia robertsonii","Hymenoptera","Apidae"
"Tetralonia","Tetralonia berlandi","Hymenoptera","Apidae"
"Tetramonium","Tetramonium bicarinatum",NA,NA
"Tetramorium","Tetramorium guineense","Hymenoptera","Formicidae"
"Tetraopes","Tetraopes sp1 M PL 005","Coleoptera","Cerambycidae"
"Tetrastichinae","Tetrastichinae sp1 M PL 009",NA,NA
"Tettigoniidae","Tettigoniidae sp1 M PL 060",NA,NA
"Teuchocnemis","Teuchocnemis lituratus","Diptera","Syrphidae"
"Thalurania","Thalurania glaucopis",NA,NA
"Thamnotettix","Thamnotettix confinis","Hemiptera","Cicadellidae"
"Thanaos","Thanaos brizo",NA,NA
"Thanaos","Thanaos martialis",NA,NA
"Thanaos","Thanaos propertius",NA,NA
"Thanaos","Thanaos juvenalis",NA,NA
"Thaumatomyia","Thaumatomyia notata","Diptera","Chloropidae"
"Thecla","Thecla calanus","Lepidoptera","Lycaenidae"
"Thecla","Thecla sylvinus","Lepidoptera","Lycaenidae"
"Thelaira","Thelaira sp1 M PL 055","Diptera","Tachinidae"
"Thelaira","Thelaira nigripes","Diptera","Tachinidae"
"Thelairodrino","Thelairodrino sp","Diptera","Tachinidae"
"Thelairodrino","Thelairodrino sp1 M PL 070","Diptera","Tachinidae"
"Thelairodrino","Thelairodrino sp1 M PL 073","Diptera","Tachinidae"
"Themira","Themira putris","Diptera","Sepsidae"
"Themus","Themus kazuoi","Coleoptera","Cantharidae"
"Themus","Themus midas","Coleoptera","Cantharidae"
"Therioplectes","Therioplectes illotus","Diptera","Tabanidae"
"Thespieus","Thespieus catochra","Lepidoptera","Hesperiidae"
"Theventimtia","Theventimtia muricatus",NA,NA
"Thlaspida","Thlaspida cribrosaoidalis","Coleoptera","Chrysomelidae"
"Thlipsogaster","Thlipsogaster ater",NA,NA
"Thoressa","Thoressa varia","Lepidoptera","Hesperiidae"
"Thorybes","Thorybes bathyllus","Lepidoptera","Hesperiidae"
"Thricops","Thricops furcatus","Diptera","Muscidae"
"Thricops","Thricops hirtulus","Diptera","Muscidae"
"Thricops","Thricops rostratus","Diptera","Muscidae"
"Thricops","Thricops cunctans","Diptera","Muscidae"
"Thricops","Thricops nigritellus","Diptera","Muscidae"
"Thrypticus","Thrypticus bellus","Diptera","Dolichopodidae"
"Thrypticus","Thrypticus sp1 M PL 034","Diptera","Dolichopodidae"
"Thymelicus","Thymelicus sp1 M PL 006","Lepidoptera","Hesperiidae"
"Thymelicus","Thymelicus lineola","Lepidoptera","Hesperiidae"
"Thymelicus","Thymelicus acteon","Lepidoptera","Hesperiidae"
"Thymelicus","Thymelicus sylvestris","Lepidoptera","Hesperiidae"
"Thyreocoris","Thyreocoris anthracina","Hemiptera","Thyreocoridae"
"Thyreus","Thyreus ramosus","Hymenoptera","Apidae"
"Thyreus","Thyreus truncatus","Hymenoptera","Apidae"
"Thyreus","Thyreus histrionicus","Hymenoptera","Apidae"
"Thyridanthrax","Thyridanthrax sp1 M PL 022","Diptera","Bombyliidae"
"Thyridanthrax","Thyridanthrax sp4 M PL 022","Diptera","Bombyliidae"
"Thyridanthrax","Thyridanthrax sp2 M PL 022","Diptera","Bombyliidae"
"Thyridanthrax","Thyridanthrax sp3 M PL 022","Diptera","Bombyliidae"
"Thyridanthrax","Thyridanthrax obliteratus","Diptera","Bombyliidae"
"Thyridanthrax","Thyridanthrax sp1 M PL 015","Diptera","Bombyliidae"
"Thyridanthrax","Thyridanthrax sp2 M PL 015","Diptera","Bombyliidae"
"Thyridanthrax","Thyridanthrax polyphemus","Diptera","Bombyliidae"
"Thyridanthrax","Thyridanthrax sp1 M PL 023","Diptera","Bombyliidae"
"Thysanoplusia","Thysanoplusia orichalcea","Lepidoptera","Noctuidae"
"Thysanoplusia","Thysanoplusia orichalcea Fabricius","Lepidoptera","Noctuidae"
"Thysanoptera","Thysanoptera sp1 M PL 022",NA,NA
"Thysanoptera","Thysanoptera sp17 M PL 050",NA,NA
"Thysanoptera","Thysanoptera sp2 M PL 035",NA,NA
"Thysanoptera","Thysanoptera sp1 M PL 058",NA,NA
"Thysanoptera","Thysanoptera sp29 M PL 023",NA,NA
"Tinginotum","Tinginotum perlatum","Hemiptera","Miridae"
"Tiphia","Tiphia morio","Hymenoptera","Tiphiidae"
"Tiphia","Tiphia caucasica","Hymenoptera","Tiphiidae"
"Tiphia","Tiphia robertsoni","Hymenoptera","Tiphiidae"
"Tiphia","Tiphia inornata","Hymenoptera","Tiphiidae"
"Tiphia","Tiphia sp1 M PL 057","Hymenoptera","Tiphiidae"
"Tiphia","Tiphia sp1 M PL 013","Hymenoptera","Tiphiidae"
"Tiphia","Tiphia vulgaris","Hymenoptera","Tiphiidae"
"Tiphia","Tiphia sp1 M PL 054","Hymenoptera","Tiphiidae"
"Tiphia","Tiphia transversa","Hymenoptera","Tiphiidae"
"Tiphia","Tiphia clypeata","Hymenoptera","Tiphiidae"
"Tiphia","Tiphia illinoensis","Hymenoptera","Tiphiidae"
"Tipula","Tipula patagiata","Diptera","Tipulidae"
"Tipula","Tipula arctica","Diptera","Tipulidae"
"Tipulidae","Tipulidae sp1 M PL 072",NA,NA
"Tituria","Tituria angulata","Hemiptera","Cicadellidae"
"Titusella","Titusella pronitens",NA,NA
"Tolidopalpus","Tolidopalpus galloisi","Coleoptera","Mordellidae"
"Tolidostena","Tolidostena atripennis","Coleoptera","Mordellidae"
"Tortyra","Tortyra divitiosa","Lepidoptera","Choreutidae"
"Toxomerous","Toxomerous geminatus",NA,NA
"Toxomerus","Toxomerus crockeri","Diptera","Syrphidae"
"Toxomerus","Toxomerus sp1 M PL 023","Diptera","Syrphidae"
"Toxomerus","Toxomerus marginatus","Diptera","Syrphidae"
"Toxomerus","Toxomerus sp1 M PL 072","Diptera","Syrphidae"
"Toxomerus","Toxomerus floralis","Diptera","Syrphidae"
"Toxoneuron","Toxoneuron abdominale","Hymenoptera","Braconidae"
"Toxophora","Toxophora maculata","Diptera","Bombyliidae"
"Toxorhynchites","Toxorhynchites manicans yamadai","Diptera","Culicidae"
"Trachandrena","Trachandrena claytoniae",NA,NA
"Trachandrena","Trachandrena obscura",NA,NA
"Trachandrena","Trachandrena quintilis",NA,NA
"Trachandrena","Trachandrena crataegi",NA,NA
"Trachandrena","Trachandrena hippotes",NA,NA
"Trachandrena","Trachandrena nuda",NA,NA
"Trachandrena","Trachandrena oligolege",NA,NA
"Trachandrena","Trachandrena mariae",NA,NA
"Trachys","Trachys retteri","Coleoptera","Buprestidae"
"Trachys","Trachys saundersi","Coleoptera","Buprestidae"
"Trachys","Trachys sp1 M PL 057","Coleoptera","Buprestidae"
"Trachysida","Trachysida aspera","Coleoptera","Cerambycidae"
"Tremus","Tremus cyanipennis",NA,NA
"Trianthidium","Trianthidium caturigense ducale",NA,NA
"Trichius","Trichius piger","Coleoptera","Scarabaeidae"
"Trichius","Trichius japonicus","Coleoptera","Scarabaeidae"
"Trichius","Trichius affinis","Coleoptera","Scarabaeidae"
"Trichodes","Trichodes punctatus viridifasciatus","Coleoptera","Cleridae"
"Trichodes","Trichodes graecus","Coleoptera","Cleridae"
"Trichodes","Trichodes apiarius","Coleoptera","Cleridae"
"Trichodes","Trichodes favarius Illiger","Coleoptera","Cleridae"
"Trichodes","Trichodes ornatus","Coleoptera","Cleridae"
"Tricholinum","Tricholinum sp1 M PL 047","Hymenoptera","Ichneumonidae"
"Tricholochmaea","Tricholochmaea semifulva","Coleoptera","Chrysomelidae"
"Trichophora","Trichophora ruficauda","Diptera","Tachinidae"
"Trichophthalma","Trichophthalma amoena","Diptera","Nemestrinidae"
"Trichophthalma","Trichophthalma commutata","Diptera","Nemestrinidae"
"Trichophthalma","Trichophthalma herbsti","Diptera","Nemestrinidae"
"Trichophthalma","Trichophthalma jaffueli","Diptera","Nemestrinidae"
"Trichoplusia","Trichoplusia indicator","Lepidoptera","Noctuidae"
"Trichopoda","Trichopoda pennipes","Diptera","Tachinidae"
"Trichopoda","Trichopoda giacomelli","Diptera","Tachinidae"
"Trichoptera","Trichoptera sp139 M PL 054",NA,NA
"Trichoptera","Trichoptera sp140 M PL 054",NA,NA
"Trichoptera","Trichoptera sp496 M PL 057",NA,NA
"Trichoptera","Trichoptera sp497 M PL 057",NA,NA
"Trichoptera","Trichoptera sp500 M PL 057",NA,NA
"Trichoptera","Trichoptera sp51 M PL 021",NA,NA
"Trichoptera","Trichoptera sp498 M PL 057",NA,NA
"Trichoptera","Trichoptera sp499 M PL 057",NA,NA
"Trichoptera","Trichoptera sp501 M PL 057",NA,NA
"Trichoptera","Trichoptera sp502 M PL 057",NA,NA
"Trichoptera","Trichoptera sp503 M PL 057",NA,NA
"Trichoptera","Trichoptera sp80 M PL 021",NA,NA
"Trichoptera","Trichoptera sp81 M PL 021",NA,NA
"Trichopticus","Trichopticus septentrionalis","Diptera","Muscidae"
"Trichosia","Trichosia truncata","Diptera","Sciaridae"
"Tricimba","Tricimba humeralis","Diptera","Chloropidae"
"Tricimba","Tricimba cincta","Diptera","Chloropidae"
"Tricimba","Tricimba seychellensis","Diptera","Chloropidae"
"Tridymus","Tridymus sp1 M PL 020",NA,NA
"Trielis","Trielis quinquecincta",NA,NA
"Triepeolus","Triepeolus nevadensis","Hymenoptera","Apidae"
"Triepeolus","Triepeolus cressonii","Hymenoptera","Apidae"
"Triepeolus","Triepeolus lunatus","Hymenoptera","Apidae"
"Triepeolus","Triepeolus helianthi grandior","Hymenoptera","Apidae"
"Triepeolus","Triepeolus simplex","Hymenoptera","Apidae"
"Triepeolus","Triepeolus helianthi","Hymenoptera","Apidae"
"Triepeolus","Triepeolus concavus","Hymenoptera","Apidae"
"Triepeolus","Triepeolus donatus","Hymenoptera","Apidae"
"Triepeolus","Triepeolus pennipes","Hymenoptera","Apidae"
"Triepeolus","Triepeolus micropygius","Hymenoptera","Apidae"
"Triepeolus","Triepeolus remigatus","Hymenoptera","Apidae"
"Trigona","Trigona angustula","Hymenoptera","Apidae"
"Trigona","Trigona fulviventris","Hymenoptera","Apidae"
"Trigona","Trigona spinipes","Hymenoptera","Apidae"
"Trigona","Trigona gr  fuscipennis","Hymenoptera","Apidae"
"Trigonisca","Trigonisca sp","Hymenoptera","Apidae"
"Trigonisca","Trigonisca intermedia","Hymenoptera","Apidae"
"Trineura","Trineura aterrima","Diptera","Phoridae"
"Trioza","Trioza nigra","Hemiptera","Triozidae"
"Trirhabda","Trirhabda tomentosa","Coleoptera","Chrysomelidae"
"Trirhithrum","Trirhithrum sp1 M PL 071","Diptera","Tephritidae"
"Trirhithrum","Trirhithrum sp1 M PL 069","Diptera","Tephritidae"
"Trirhoptrasema","Trirhoptrasema ashmeadi",NA,NA
"Troch","Troch ni 1",NA,NA
"Troch","Troch ni",NA,NA
"Trochilus","Trochilus colubris",NA,NA
"Trochilus","Trochilus polytmus",NA,NA
"Trochilus","Trochilus polytmus polytmus",NA,NA
"Trogoderma","Trogoderma sp1 M PL 015","Coleoptera","Dermestidae"
"Trogoderma","Trogoderma sp1 M PL 044","Coleoptera","Dermestidae"
"Trogus","Trogus vulpinus","Hymenoptera","Ichneumonidae"
"Tropidia","Tropidia quadrata","Diptera","Syrphidae"
"Tropidia","Tropidia sp1 M PL 034","Diptera","Syrphidae"
"Tropidia","Tropidia albistylum","Diptera","Syrphidae"
"Tropidia","Tropidia scitta","Diptera","Syrphidae"
"Tropidia","Tropidia scita","Diptera","Syrphidae"
"Tropidia","Tropidia notata","Diptera","Syrphidae"
"Tropidothorax","Tropidothorax cruciger","Hemiptera","Lygaeidae"
"Tropidothorax","Tropidothorax belogolowi","Hemiptera","Lygaeidae"
"Tropinota","Tropinota squalida","Coleoptera","Scarabaeidae"
"Trpocylon","Trpocylon sp1 M PL 057",NA,NA
"Truphoecus","Truphoecus bellus",NA,NA
"Trypeta","Trypeta finalis","Diptera","Tephritidae"
"Trypeta","Trypeta solaris","Diptera","Tephritidae"
"Trypeta","Trypeta occidentalis","Diptera","Tephritidae"
"Trypeta","Trypeta humilis","Diptera","Tephritidae"
"Trypherus","Trypherus nipponicus","Coleoptera","Cantharidae"
"Tryphon","Tryphon affinis","Hymenoptera","Ichneumonidae"
"Trypoxylon","Trypoxylon clavatum","Hymenoptera","Crabronidae"
"Trypoxylon","Trypoxylon tridentatum","Hymenoptera","Crabronidae"
"Trypoxylon","Trypoxylon errans","Hymenoptera","Crabronidae"
"Tychius","Tychius sp1 M PL 016","Coleoptera","Curculionidae"
"Tychius","Tychius stephensi","Coleoptera","Curculionidae"
"Tychius","Tychius sp1 M PL 044","Coleoptera","Curculionidae"
"Typocerus","Typocerus velutinus","Coleoptera","Cerambycidae"
"Typocerus","Typocerus lugubris","Coleoptera","Cerambycidae"
"Typocerus","Typocerus badius","Coleoptera","Cerambycidae"
"Typocerus","Typocerus sinuatus","Coleoptera","Cerambycidae"
"Udaea","Udaea martialis",NA,NA
"Unidentified","Unidentified sp148 M PL 021",NA,NA
"Unidentified","Unidentified sp148 M PL 044",NA,NA
"Unidentified","Unidentified sp148 M PL 056",NA,NA
"Unidentified","Unidentified sp15 M PL 013",NA,NA
"Unidentified","Unidentified sp15 M PL 015",NA,NA
"Unidentified","Unidentified sp15 M PL 023",NA,NA
"Unidentified","Unidentified sp15 M PL 034",NA,NA
"Unidentified","Unidentified sp15 M PL 037",NA,NA
"Unidentified","Unidentified sp15 M PL 043",NA,NA
"Unidentified","Unidentified sp15 M PL 044",NA,NA
"Unidentified","Unidentified sp15 M PL 047",NA,NA
"Unidentified","Unidentified sp15 M PL 053",NA,NA
"Unidentified","Unidentified sp15 M PL 054",NA,NA
"Unidentified","Unidentified sp15 M PL 055",NA,NA
"Unidentified","Unidentified sp15 M PL 057",NA,NA
"Unidentified","Unidentified sp151 M PL 056",NA,NA
"Unidentified","Unidentified sp151 M PL 057",NA,NA
"Unidentified","Unidentified sp152 M PL 021",NA,NA
"Unidentified","Unidentified sp153 M PL 056",NA,NA
"Unidentified","Unidentified sp153 M PL 057",NA,NA
"Unidentified","Unidentified sp154 M PL 021",NA,NA
"Unidentified","Unidentified sp154 M PL 057",NA,NA
"Unidentified","Unidentified sp155 M PL 021",NA,NA
"Unidentified","Unidentified sp157 M PL 044",NA,NA
"Unidentified","Unidentified sp159 M PL 021",NA,NA
"Unidentified","Unidentified sp16 M PL 018",NA,NA
"Unidentified","Unidentified sp16 M PL 049",NA,NA
"Unidentified","Unidentified sp16 M PL 051",NA,NA
"Unidentified","Unidentified sp16 M PL 053",NA,NA
"Unidentified","Unidentified sp16 M PL 054",NA,NA
"Unidentified","Unidentified sp160 M PL 021",NA,NA
"Unidentified","Unidentified sp160 M PL 044",NA,NA
"Unidentified","Unidentified sp160 M PL 057",NA,NA
"Unidentified","Unidentified sp161 M PL 044",NA,NA
"Unidentified","Unidentified sp166 M PL 021",NA,NA
"Unidentified","Unidentified sp166 M PL 044",NA,NA
"Unidentified","Unidentified sp166 M PL 057",NA,NA
"Unidentified","Unidentified sp169 M PL 021",NA,NA
"Unidentified","Unidentified sp170 M PL 021",NA,NA
"Unidentified","Unidentified sp175 M PL 021",NA,NA
"Unidentified","Unidentified sp175 M PL 044",NA,NA
"Unidentified","Unidentified sp176 M PL 044",NA,NA
"Unidentified","Unidentified sp176 M PL 057",NA,NA
"Unidentified","Unidentified sp18 M PL 018",NA,NA
"Unidentified","Unidentified sp18 M PL 034",NA,NA
"Unidentified","Unidentified sp18 M PL 043",NA,NA
"Unidentified","Unidentified sp18 M PL 044",NA,NA
"Unidentified","Unidentified sp18 M PL 051",NA,NA
"Unidentified","Unidentified sp18 M PL 055",NA,NA
"Unidentified","Unidentified sp181 M PL 021",NA,NA
"Unidentified","Unidentified sp181 M PL 044",NA,NA
"Unidentified","Unidentified sp182 M PL 044",NA,NA
"Unidentified","Unidentified sp19 M PL 049",NA,NA
"Unidentified","Unidentified sp19 M PL 055",NA,NA
"Unidentified","Unidentified sp19 M PL 056",NA,NA
"Unidentified","Unidentified sp19 M PL 057",NA,NA
"Unidentified","Unidentified sp190 M PL 021",NA,NA
"Unidentified","Unidentified sp192 M PL 057",NA,NA
"Unidentified","Unidentified sp193 M PL 021",NA,NA
"Unidentified","Unidentified sp193 M PL 044",NA,NA
"Unidentified","Unidentified sp194 M PL 021",NA,NA
"Unidentified","Unidentified sp194 M PL 044",NA,NA
"Unidentified","Unidentified sp194 M PL 057",NA,NA
"Unidentified","Unidentified sp195 M PL 021",NA,NA
"Unidentified","Unidentified sp195 M PL 044",NA,NA
"Unidentified","Unidentified sp198 M PL 021",NA,NA
"Unidentified","Unidentified sp198 M PL 044",NA,NA
"Unidentified","Unidentified sp199 M PL 021",NA,NA
"Unidentified","Unidentified sp2 M PL 018",NA,NA
"Unidentified","Unidentified sp2 M PL 021",NA,NA
"Unidentified","Unidentified sp2 M PL 022",NA,NA
"Unidentified","Unidentified sp2 M PL 023",NA,NA
"Unidentified","Unidentified sp2 M PL 028",NA,NA
"Unidentified","Unidentified sp2 M PL 034",NA,NA
"Unidentified","Unidentified sp2 M PL 036",NA,NA
"Unidentified","Unidentified sp2 M PL 037",NA,NA
"Unidentified","Unidentified sp2 M PL 038",NA,NA
"Unidentified","Unidentified sp2 M PL 040",NA,NA
"Unidentified","Unidentified sp2 M PL 051",NA,NA
"Unidentified","Unidentified sp2 M PL 053",NA,NA
"Unidentified","Unidentified sp2 M PL 054",NA,NA
"Unidentified","Unidentified sp2 M PL 055",NA,NA
"Unidentified","Unidentified sp2 M PL 056",NA,NA
"Unidentified","Unidentified sp2 M PL 086",NA,NA
"Unidentified","Unidentified sp2 M PL 099",NA,NA
"Unidentified","Unidentified sp2 M PL 107",NA,NA
"Unidentified","Unidentified sp2 M PL 114",NA,NA
"Unidentified","Unidentified sp2 M PL 115",NA,NA
"Unidentified","Unidentified sp2 M PL 118",NA,NA
"Unidentified","Unidentified sp2 M PL 127",NA,NA
"Unidentified","Unidentified sp2 M PL 130",NA,NA
"Unidentified","Unidentified sp20 M PL 013",NA,NA
"Unidentified","Unidentified sp20 M PL 015",NA,NA
"Unidentified","Unidentified sp20 M PL 018",NA,NA
"Unidentified","Unidentified sp20 M PL 023",NA,NA
"Unidentified","Unidentified sp20 M PL 034",NA,NA
"Unidentified","Unidentified sp20 M PL 041",NA,NA
"Unidentified","Unidentified sp200 M PL 044",NA,NA
"Unidentified","Unidentified sp200 M PL 057",NA,NA
"Unidentified","Unidentified sp201 M PL 044",NA,NA
"Unidentified","Unidentified sp201 M PL 057",NA,NA
"Unidentified","Unidentified sp204 M PL 057",NA,NA
"Unidentified","Unidentified sp205 M PL 021",NA,NA
"Unidentified","Unidentified sp21 M PL 043",NA,NA
"Unidentified","Unidentified sp21 M PL 044",NA,NA
"Unidentified","Unidentified sp21 M PL 049",NA,NA
"Unidentified","Unidentified sp21 M PL 051",NA,NA
"Unidentified","Unidentified sp213 M PL 057",NA,NA
"Unidentified","Unidentified sp215 M PL 021",NA,NA
"Unidentified","Unidentified sp215 M PL 057",NA,NA
"Unidentified","Unidentified sp216 M PL 021",NA,NA
"Unidentified","Unidentified sp216 M PL 057",NA,NA
"Unidentified","Unidentified sp217 M PL 044",NA,NA
"Unidentified","Unidentified sp217 M PL 057",NA,NA
"Unidentified","Unidentified sp218 M PL 021",NA,NA
"Unidentified","Unidentified sp218 M PL 044",NA,NA
"Unidentified","Unidentified sp219 M PL 021",NA,NA
"Unidentified","Unidentified sp219 M PL 044",NA,NA
"Unidentified","Unidentified sp22 M PL 050",NA,NA
"Unidentified","Unidentified sp22 M PL 051",NA,NA
"Unidentified","Unidentified sp223 M PL 044",NA,NA
"Unidentified","Unidentified sp224 M PL 021",NA,NA
"Unidentified","Unidentified sp233 M PL 057",NA,NA
"Unidentified","Unidentified sp234 M PL 057",NA,NA
"Unidentified","Unidentified sp235 M PL 044",NA,NA
"Unidentified","Unidentified sp235 M PL 057",NA,NA
"Unidentified","Unidentified sp236 M PL 021",NA,NA
"Unidentified","Unidentified sp236 M PL 044",NA,NA
"Unidentified","Unidentified sp237 M PL 057",NA,NA
"Unidentified","Unidentified sp254 M PL 044",NA,NA
"Unidentified","Unidentified sp255 M PL 057",NA,NA
"Unidentified","Unidentified sp256 M PL 021",NA,NA
"Unidentified","Unidentified sp256 M PL 044",NA,NA
"Unidentified","Unidentified sp256 M PL 057",NA,NA
"Unidentified","Unidentified sp257 M PL 021",NA,NA
"Unidentified","Unidentified sp258 M PL 021",NA,NA
"Unidentified","Unidentified sp26 M PL 044",NA,NA
"Unidentified","Unidentified sp271 M PL 057",NA,NA
"Unidentified","Unidentified sp272 M PL 021",NA,NA
"Unidentified","Unidentified sp273 M PL 021",NA,NA
"Unidentified","Unidentified sp273 M PL 057",NA,NA
"Unidentified","Unidentified sp274 M PL 021",NA,NA
"Unidentified","Unidentified sp274 M PL 057",NA,NA
"Unidentified","Unidentified sp275 M PL 021",NA,NA
"Unidentified","Unidentified sp275 M PL 057",NA,NA
"Unidentified","Unidentified sp276 M PL 021",NA,NA
"Unidentified","Unidentified sp28 M PL 021",NA,NA
"Unidentified","Unidentified sp28 M PL 034",NA,NA
"Unidentified","Unidentified sp28 M PL 057",NA,NA
"Unidentified","Unidentified sp280 M PL 021",NA,NA
"Unidentified","Unidentified sp282 M PL 057",NA,NA
"Unidentified","Unidentified sp283 M PL 021",NA,NA
"Unidentified","Unidentified sp284 M PL 057",NA,NA
"Unidentified","Unidentified sp285 M PL 057",NA,NA
"Unidentified","Unidentified sp29 M PL 057",NA,NA
"Unidentified","Unidentified sp290 M PL 021",NA,NA
"Unidentified","Unidentified sp290 M PL 057",NA,NA
"Unidentified","Unidentified sp293 M PL 057",NA,NA
"Unidentified","Unidentified sp294 M PL 021",NA,NA
"Unidentified","Unidentified sp295 M PL 057",NA,NA
"Unidentified","Unidentified sp296 M PL 021",NA,NA
"Unidentified","Unidentified sp296 M PL 057",NA,NA
"Unidentified","Unidentified sp297 M PL 021",NA,NA
"Unidentified","Unidentified sp297 M PL 057",NA,NA
"Unidentified","Unidentified sp298 M PL 021",NA,NA
"Unidentified","Unidentified sp298 M PL 057",NA,NA
"Unidentified","Unidentified sp299 M PL 057",NA,NA
"Unidentified","Unidentified sp3 M PL 010",NA,NA
"Unidentified","Unidentified sp3 M PL 012",NA,NA
"Unidentified","Unidentified sp3 M PL 013",NA,NA
"Unidentified","Unidentified sp3 M PL 015",NA,NA
"Unidentified","Unidentified sp3 M PL 018",NA,NA
"Unidentified","Unidentified sp3 M PL 019",NA,NA
"Unidentified","Unidentified sp3 M PL 043",NA,NA
"Unidentified","Unidentified sp3 M PL 044",NA,NA
"Unidentified","Unidentified sp3 M PL 049",NA,NA
"Unidentified","Unidentified sp3 M PL 092",NA,NA
"Unidentified","Unidentified sp3 M PL 094",NA,NA
"Unidentified","Unidentified sp3 M PL 095",NA,NA
"Unidentified","Unidentified sp3 M PL 098",NA,NA
"Unidentified","Unidentified sp3 M PL 099",NA,NA
"Unidentified","Unidentified sp1 M PL 022",NA,NA
"Unidentified","Unidentified sp1 M PL 023",NA,NA
"Unidentified","Unidentified sp1 M PL 038",NA,NA
"Unidentified","Unidentified sp1 M PL 043",NA,NA
"Unidentified","Unidentified sp1 M PL 054",NA,NA
"Unidentified","Unidentified sp1 M PL 055",NA,NA
"Unidentified","Unidentified sp1 M PL 056",NA,NA
"Unidentified","Unidentified sp1 M PL 058",NA,NA
"Unidentified","Unidentified sp1 M PL 072",NA,NA
"Unidentified","Unidentified sp1 M PL 074",NA,NA
"Unidentified","Unidentified sp1 M PL 123",NA,NA
"Unidentified","Unidentified sp1 M PL 131",NA,NA
"Unidentified","Unidentified sp10 M PL 013",NA,NA
"Unidentified","Unidentified sp10 M PL 015",NA,NA
"Unidentified","Unidentified sp10 M PL 023",NA,NA
"Unidentified","Unidentified sp10 M PL 038",NA,NA
"Unidentified","Unidentified sp102 M PL 054",NA,NA
"Unidentified","Unidentified sp103 M PL 021",NA,NA
"Unidentified","Unidentified sp103 M PL 044",NA,NA
"Unidentified","Unidentified sp104 M PL 044",NA,NA
"Unidentified","Unidentified sp104 M PL 054",NA,NA
"Unidentified","Unidentified sp104 M PL 056",NA,NA
"Unidentified","Unidentified sp104 M PL 057",NA,NA
"Unidentified","Unidentified sp105 M PL 021",NA,NA
"Unidentified","Unidentified sp105 M PL 056",NA,NA
"Unidentified","Unidentified sp105 M PL 057",NA,NA
"Unidentified","Unidentified sp106 M PL 021",NA,NA
"Unidentified","Unidentified sp106 M PL 044",NA,NA
"Unidentified","Unidentified sp106 M PL 054",NA,NA
"Unidentified","Unidentified sp106 M PL 056",NA,NA
"Unidentified","Unidentified sp106 M PL 057",NA,NA
"Unidentified","Unidentified sp107 M PL 054",NA,NA
"Unidentified","Unidentified sp108 M PL 054",NA,NA
"Unidentified","Unidentified sp108 M PL 056",NA,NA
"Unidentified","Unidentified sp108 M PL 057",NA,NA
"Unidentified","Unidentified sp109 M PL 021",NA,NA
"Unidentified","Unidentified sp109 M PL 044",NA,NA
"Unidentified","Unidentified sp11 M PL 023",NA,NA
"Unidentified","Unidentified sp11 M PL 038",NA,NA
"Unidentified","Unidentified sp11 M PL 040",NA,NA
"Unidentified","Unidentified sp11 M PL 041",NA,NA
"Unidentified","Unidentified sp11 M PL 055",NA,NA
"Unidentified","Unidentified sp11 M PL 057",NA,NA
"Unidentified","Unidentified sp11 M PL 058",NA,NA
"Unidentified","Unidentified sp110 M PL 056",NA,NA
"Unidentified","Unidentified sp112 M PL 056",NA,NA
"Unidentified","Unidentified sp112 M PL 057",NA,NA
"Unidentified","Unidentified sp140 M PL 056",NA,NA
"Unidentified","Unidentified sp141 M PL 021",NA,NA
"Unidentified","Unidentified sp141 M PL 044",NA,NA
"Unidentified","Unidentified sp141 M PL 056",NA,NA
"Unidentified","Unidentified sp142 M PL 021",NA,NA
"Unidentified","Unidentified sp142 M PL 044",NA,NA
"Unidentified","Unidentified sp142 M PL 056",NA,NA
"Unidentified","Unidentified sp143 M PL 021",NA,NA
"Unidentified","Unidentified sp143 M PL 044",NA,NA
"Unidentified","Unidentified sp143 M PL 056",NA,NA
"Unidentified","Unidentified sp144 M PL 021",NA,NA
"Unidentified","Unidentified sp144 M PL 044",NA,NA
"Unidentified","Unidentified sp144 M PL 056",NA,NA
"Unidentified","Unidentified sp145 M PL 021",NA,NA
"Unidentified","Unidentified sp147 M PL 021",NA,NA
"Unidentified","Unidentified sp147 M PL 057",NA,NA
"Unidentified","Unidentified sp41 M PL 034",NA,NA
"Unidentified","Unidentified sp41 M PL 044",NA,NA
"Unidentified","Unidentified sp41 M PL 053",NA,NA
"Unidentified","Unidentified sp412 M PL 057",NA,NA
"Unidentified","Unidentified sp413 M PL 057",NA,NA
"Unidentified","Unidentified sp15 M PL 018",NA,NA
"Unidentified","Unidentified sp15 M PL 021",NA,NA
"Unidentified","Unidentified sp416 M PL 057",NA,NA
"Unidentified","Unidentified sp417 M PL 057",NA,NA
"Unidentified","Unidentified sp418 M PL 057",NA,NA
"Unidentified","Unidentified sp15 M PL 041",NA,NA
"Unidentified","Unidentified sp42 M PL 021",NA,NA
"Unidentified","Unidentified sp42 M PL 034",NA,NA
"Unidentified","Unidentified sp42 M PL 044",NA,NA
"Unidentified","Unidentified sp15 M PL 051",NA,NA
"Unidentified","Unidentified sp42 M PL 057",NA,NA
"Unidentified","Unidentified sp42 M PL 058",NA,NA
"Unidentified","Unidentified sp420 M PL 057",NA,NA
"Unidentified","Unidentified sp422 M PL 057",NA,NA
"Unidentified","Unidentified sp150 M PL 021",NA,NA
"Unidentified","Unidentified sp150 M PL 044",NA,NA
"Unidentified","Unidentified sp151 M PL 021",NA,NA
"Unidentified","Unidentified sp151 M PL 044",NA,NA
"Unidentified","Unidentified sp429 M PL 057",NA,NA
"Unidentified","Unidentified sp43 M PL 017",NA,NA
"Unidentified","Unidentified sp43 M PL 021",NA,NA
"Unidentified","Unidentified sp152 M PL 056",NA,NA
"Unidentified","Unidentified sp152 M PL 057",NA,NA
"Unidentified","Unidentified sp153 M PL 021",NA,NA
"Unidentified","Unidentified sp153 M PL 044",NA,NA
"Unidentified","Unidentified sp43 M PL 058",NA,NA
"Unidentified","Unidentified sp430 M PL 057",NA,NA
"Unidentified","Unidentified sp431 M PL 057",NA,NA
"Unidentified","Unidentified sp154 M PL 044",NA,NA
"Unidentified","Unidentified sp154 M PL 056",NA,NA
"Unidentified","Unidentified sp434 M PL 057",NA,NA
"Unidentified","Unidentified sp435 M PL 057",NA,NA
"Unidentified","Unidentified sp156 M PL 021",NA,NA
"Unidentified","Unidentified sp156 M PL 044",NA,NA
"Unidentified","Unidentified sp156 M PL 056",NA,NA
"Unidentified","Unidentified sp156 M PL 057",NA,NA
"Unidentified","Unidentified sp157 M PL 021",NA,NA
"Unidentified","Unidentified sp44 M PL 056",NA,NA
"Unidentified","Unidentified sp157 M PL 057",NA,NA
"Unidentified","Unidentified sp158 M PL 021",NA,NA
"Unidentified","Unidentified sp442 M PL 057",NA,NA
"Unidentified","Unidentified sp159 M PL 057",NA,NA
"Unidentified","Unidentified sp16 M PL 013",NA,NA
"Unidentified","Unidentified sp447 M PL 057",NA,NA
"Unidentified","Unidentified sp16 M PL 047",NA,NA
"Unidentified","Unidentified sp45 M PL 058",NA,NA
"Unidentified","Unidentified sp16 M PL 050",NA,NA
"Unidentified","Unidentified sp451 M PL 057",NA,NA
"Unidentified","Unidentified sp452 M PL 057",NA,NA
"Unidentified","Unidentified sp453 M PL 057",NA,NA
"Unidentified","Unidentified sp16 M PL 055",NA,NA
"Unidentified","Unidentified sp16 M PL 056",NA,NA
"Unidentified","Unidentified sp16 M PL 057",NA,NA
"Unidentified","Unidentified sp457 M PL 057",NA,NA
"Unidentified","Unidentified sp458 M PL 057",NA,NA
"Unidentified","Unidentified sp459 M PL 057",NA,NA
"Unidentified","Unidentified sp161 M PL 021",NA,NA
"Unidentified","Unidentified sp46 M PL 034",NA,NA
"Unidentified","Unidentified sp161 M PL 057",NA,NA
"Unidentified","Unidentified sp163 M PL 021",NA,NA
"Unidentified","Unidentified sp163 M PL 057",NA,NA
"Unidentified","Unidentified sp467 M PL 057",NA,NA
"Unidentified","Unidentified sp468 M PL 057",NA,NA
"Unidentified","Unidentified sp469 M PL 057",NA,NA
"Unidentified","Unidentified sp167 M PL 021",NA,NA
"Unidentified","Unidentified sp167 M PL 044",NA,NA
"Unidentified","Unidentified sp167 M PL 057",NA,NA
"Unidentified","Unidentified sp168 M PL 021",NA,NA
"Unidentified","Unidentified sp47 M PL 057",NA,NA
"Unidentified","Unidentified sp169 M PL 057",NA,NA
"Unidentified","Unidentified sp17 M PL 015",NA,NA
"Unidentified","Unidentified sp17 M PL 018",NA,NA
"Unidentified","Unidentified sp17 M PL 021",NA,NA
"Unidentified","Unidentified sp17 M PL 023",NA,NA
"Unidentified","Unidentified sp17 M PL 034",NA,NA
"Unidentified","Unidentified sp17 M PL 041",NA,NA
"Unidentified","Unidentified sp17 M PL 043",NA,NA
"Unidentified","Unidentified sp17 M PL 044",NA,NA
"Unidentified","Unidentified sp17 M PL 055",NA,NA
"Unidentified","Unidentified sp17 M PL 056",NA,NA
"Unidentified","Unidentified sp17 M PL 058",NA,NA
"Unidentified","Unidentified sp48 M PL 058",NA,NA
"Unidentified","Unidentified sp171 M PL 057",NA,NA
"Unidentified","Unidentified sp173 M PL 057",NA,NA
"Unidentified","Unidentified sp174 M PL 021",NA,NA
"Unidentified","Unidentified sp174 M PL 044",NA,NA
"Unidentified","Unidentified sp174 M PL 057",NA,NA
"Unidentified","Unidentified sp5 M PL 015",NA,NA
"Unidentified","Unidentified sp5 M PL 018",NA,NA
"Unidentified","Unidentified sp175 M PL 057",NA,NA
"Unidentified","Unidentified sp176 M PL 021",NA,NA
"Unidentified","Unidentified sp5 M PL 022",NA,NA
"Unidentified","Unidentified sp5 M PL 023",NA,NA
"Unidentified","Unidentified sp177 M PL 021",NA,NA
"Unidentified","Unidentified sp177 M PL 044",NA,NA
"Unidentified","Unidentified sp177 M PL 057",NA,NA
"Unidentified","Unidentified sp178 M PL 021",NA,NA
"Unidentified","Unidentified sp178 M PL 044",NA,NA
"Unidentified","Unidentified sp179 M PL 021",NA,NA
"Unidentified","Unidentified sp179 M PL 044",NA,NA
"Unidentified","Unidentified sp179 M PL 057",NA,NA
"Unidentified","Unidentified sp18 M PL 015",NA,NA
"Unidentified","Unidentified sp5 M PL 043",NA,NA
"Unidentified","Unidentified sp18 M PL 021",NA,NA
"Unidentified","Unidentified sp18 M PL 023",NA,NA
"Unidentified","Unidentified sp5 M PL 050",NA,NA
"Unidentified","Unidentified sp18 M PL 041",NA,NA
"Unidentified","Unidentified sp5 M PL 054",NA,NA
"Unidentified","Unidentified sp5 M PL 055",NA,NA
"Unidentified","Unidentified sp18 M PL 049",NA,NA
"Unidentified","Unidentified sp5 M PL 057",NA,NA
"Unidentified","Unidentified sp18 M PL 053",NA,NA
"Unidentified","Unidentified sp5 M PL 090",NA,NA
"Unidentified","Unidentified sp18 M PL 056",NA,NA
"Unidentified","Unidentified sp18 M PL 057",NA,NA
"Unidentified","Unidentified sp18 M PL 058",NA,NA
"Unidentified","Unidentified sp180 M PL 021",NA,NA
"Unidentified","Unidentified sp180 M PL 044",NA,NA
"Unidentified","Unidentified sp180 M PL 057",NA,NA
"Unidentified","Unidentified sp5 M PL 126",NA,NA
"Unidentified","Unidentified sp5 M PL 130",NA,NA
"Unidentified","Unidentified sp181 M PL 057",NA,NA
"Unidentified","Unidentified sp50 M PL 051",NA,NA
"Unidentified","Unidentified sp182 M PL 057",NA,NA
"Unidentified","Unidentified sp183 M PL 021",NA,NA
"Unidentified","Unidentified sp183 M PL 044",NA,NA
"Unidentified","Unidentified sp184 M PL 021",NA,NA
"Unidentified","Unidentified sp184 M PL 044",NA,NA
"Unidentified","Unidentified sp185 M PL 021",NA,NA
"Unidentified","Unidentified sp185 M PL 044",NA,NA
"Unidentified","Unidentified sp185 M PL 057",NA,NA
"Unidentified","Unidentified sp186 M PL 044",NA,NA
"Unidentified","Unidentified sp188 M PL 044",NA,NA
"Unidentified","Unidentified sp188 M PL 057",NA,NA
"Unidentified","Unidentified sp189 M PL 044",NA,NA
"Unidentified","Unidentified sp189 M PL 057",NA,NA
"Unidentified","Unidentified sp19 M PL 015",NA,NA
"Unidentified","Unidentified sp19 M PL 018",NA,NA
"Unidentified","Unidentified sp19 M PL 034",NA,NA
"Unidentified","Unidentified sp54 M PL 058",NA,NA
"Unidentified","Unidentified sp19 M PL 053",NA,NA
"Unidentified","Unidentified sp55 M PL 044",NA,NA
"Unidentified","Unidentified sp55 M PL 053",NA,NA
"Unidentified","Unidentified sp55 M PL 054",NA,NA
"Unidentified","Unidentified sp55 M PL 056",NA,NA
"Unidentified","Unidentified sp190 M PL 044",NA,NA
"Unidentified","Unidentified sp190 M PL 057",NA,NA
"Unidentified","Unidentified sp191 M PL 021",NA,NA
"Unidentified","Unidentified sp191 M PL 044",NA,NA
"Unidentified","Unidentified sp191 M PL 057",NA,NA
"Unidentified","Unidentified sp192 M PL 021",NA,NA
"Unidentified","Unidentified sp192 M PL 044",NA,NA
"Unidentified","Unidentified sp56 M PL 057",NA,NA
"Unidentified","Unidentified sp56 M PL 058",NA,NA
"Unidentified","Unidentified sp57 M PL 021",NA,NA
"Unidentified","Unidentified sp193 M PL 057",NA,NA
"Unidentified","Unidentified sp57 M PL 053",NA,NA
"Unidentified","Unidentified sp57 M PL 054",NA,NA
"Unidentified","Unidentified sp57 M PL 056",NA,NA
"Unidentified","Unidentified sp57 M PL 057",NA,NA
"Unidentified","Unidentified sp57 M PL 058",NA,NA
"Unidentified","Unidentified sp195 M PL 057",NA,NA
"Unidentified","Unidentified sp196 M PL 057",NA,NA
"Unidentified","Unidentified sp197 M PL 021",NA,NA
"Unidentified","Unidentified sp197 M PL 044",NA,NA
"Unidentified","Unidentified sp59 M PL 021",NA,NA
"Unidentified","Unidentified sp59 M PL 044",NA,NA
"Unidentified","Unidentified sp198 M PL 057",NA,NA
"Unidentified","Unidentified sp59 M PL 054",NA,NA
"Unidentified","Unidentified sp199 M PL 044",NA,NA
"Unidentified","Unidentified sp2 M PL 013",NA,NA
"Unidentified","Unidentified sp2 M PL 015",NA,NA
"Unidentified","Unidentified sp6 M PL 019",NA,NA
"Unidentified","Unidentified sp2 M PL 019",NA,NA
"Unidentified","Unidentified sp2 M PL 020",NA,NA
"Unidentified","Unidentified sp6 M PL 023",NA,NA
"Unidentified","Unidentified sp6 M PL 026",NA,NA
"Unidentified","Unidentified sp6 M PL 028",NA,NA
"Unidentified","Unidentified sp6 M PL 034",NA,NA
"Unidentified","Unidentified sp2 M PL 029",NA,NA
"Unidentified","Unidentified sp6 M PL 037",NA,NA
"Unidentified","Unidentified sp6 M PL 038",NA,NA
"Unidentified","Unidentified sp6 M PL 040",NA,NA
"Unidentified","Unidentified sp6 M PL 041",NA,NA
"Unidentified","Unidentified sp6 M PL 043",NA,NA
"Unidentified","Unidentified sp2 M PL 041",NA,NA
"Unidentified","Unidentified sp2 M PL 042",NA,NA
"Unidentified","Unidentified sp2 M PL 043",NA,NA
"Unidentified","Unidentified sp2 M PL 044",NA,NA
"Unidentified","Unidentified sp2 M PL 047",NA,NA
"Unidentified","Unidentified sp2 M PL 049",NA,NA
"Unidentified","Unidentified sp2 M PL 050",NA,NA
"Unidentified","Unidentified sp6 M PL 055",NA,NA
"Unidentified","Unidentified sp6 M PL 056",NA,NA
"Unidentified","Unidentified sp6 M PL 057",NA,NA
"Unidentified","Unidentified sp6 M PL 058",NA,NA
"Unidentified","Unidentified sp6 M PL 089",NA,NA
"Unidentified","Unidentified sp2 M PL 057",NA,NA
"Unidentified","Unidentified sp2 M PL 084",NA,NA
"Unidentified","Unidentified sp2 M PL 085",NA,NA
"Unidentified","Unidentified sp6 M PL 128",NA,NA
"Unidentified","Unidentified sp2 M PL 088",NA,NA
"Unidentified","Unidentified sp2 M PL 089",NA,NA
"Unidentified","Unidentified sp2 M PL 090",NA,NA
"Unidentified","Unidentified sp2 M PL 091",NA,NA
"Unidentified","Unidentified sp2 M PL 092",NA,NA
"Unidentified","Unidentified sp2 M PL 093",NA,NA
"Unidentified","Unidentified sp61 M PL 054",NA,NA
"Unidentified","Unidentified sp2 M PL 101",NA,NA
"Unidentified","Unidentified sp62 M PL 044",NA,NA
"Unidentified","Unidentified sp2 M PL 111",NA,NA
"Unidentified","Unidentified sp62 M PL 054",NA,NA
"Unidentified","Unidentified sp62 M PL 056",NA,NA
"Unidentified","Unidentified sp62 M PL 057",NA,NA
"Unidentified","Unidentified sp2 M PL 119",NA,NA
"Unidentified","Unidentified sp2 M PL 120",NA,NA
"Unidentified","Unidentified sp2 M PL 121",NA,NA
"Unidentified","Unidentified sp63 M PL 057",NA,NA
"Unidentified","Unidentified sp2 M PL 129",NA,NA
"Unidentified","Unidentified sp64 M PL 021",NA,NA
"Unidentified","Unidentified sp64 M PL 044",NA,NA
"Unidentified","Unidentified sp64 M PL 053",NA,NA
"Unidentified","Unidentified sp64 M PL 054",NA,NA
"Unidentified","Unidentified sp64 M PL 056",NA,NA
"Unidentified","Unidentified sp64 M PL 057",NA,NA
"Unidentified","Unidentified sp64 M PL 058",NA,NA
"Unidentified","Unidentified sp20 M PL 046",NA,NA
"Unidentified","Unidentified sp20 M PL 049",NA,NA
"Unidentified","Unidentified sp20 M PL 055",NA,NA
"Unidentified","Unidentified sp200 M PL 021",NA,NA
"Unidentified","Unidentified sp66 M PL 054",NA,NA
"Unidentified","Unidentified sp66 M PL 056",NA,NA
"Unidentified","Unidentified sp201 M PL 021",NA,NA
"Unidentified","Unidentified sp67 M PL 021",NA,NA
"Unidentified","Unidentified sp67 M PL 044",NA,NA
"Unidentified","Unidentified sp203 M PL 021",NA,NA
"Unidentified","Unidentified sp203 M PL 057",NA,NA
"Unidentified","Unidentified sp204 M PL 021",NA,NA
"Unidentified","Unidentified sp204 M PL 044",NA,NA
"Unidentified","Unidentified sp68 M PL 056",NA,NA
"Unidentified","Unidentified sp69 M PL 021",NA,NA
"Unidentified","Unidentified sp205 M PL 044",NA,NA
"Unidentified","Unidentified sp209 M PL 057",NA,NA
"Unidentified","Unidentified sp21 M PL 015",NA,NA
"Unidentified","Unidentified sp21 M PL 018",NA,NA
"Unidentified","Unidentified sp21 M PL 023",NA,NA
"Unidentified","Unidentified sp7 M PL 038",NA,NA
"Unidentified","Unidentified sp7 M PL 040",NA,NA
"Unidentified","Unidentified sp7 M PL 041",NA,NA
"Unidentified","Unidentified sp7 M PL 043",NA,NA
"Unidentified","Unidentified sp21 M PL 054",NA,NA
"Unidentified","Unidentified sp21 M PL 055",NA,NA
"Unidentified","Unidentified sp21 M PL 056",NA,NA
"Unidentified","Unidentified sp210 M PL 021",NA,NA
"Unidentified","Unidentified sp212 M PL 021",NA,NA
"Unidentified","Unidentified sp212 M PL 057",NA,NA
"Unidentified","Unidentified sp71 M PL 053",NA,NA
"Unidentified","Unidentified sp214 M PL 021",NA,NA
"Unidentified","Unidentified sp214 M PL 057",NA,NA
"Unidentified","Unidentified sp72 M PL 021",NA,NA
"Unidentified","Unidentified sp215 M PL 044",NA,NA
"Unidentified","Unidentified sp72 M PL 053",NA,NA
"Unidentified","Unidentified sp72 M PL 054",NA,NA
"Unidentified","Unidentified sp216 M PL 044",NA,NA
"Unidentified","Unidentified sp72 M PL 057",NA,NA
"Unidentified","Unidentified sp73 M PL 053",NA,NA
"Unidentified","Unidentified sp73 M PL 054",NA,NA
"Unidentified","Unidentified sp73 M PL 056",NA,NA
"Unidentified","Unidentified sp73 M PL 057",NA,NA
"Unidentified","Unidentified sp218 M PL 057",NA,NA
"Unidentified","Unidentified sp74 M PL 053",NA,NA
"Unidentified","Unidentified sp74 M PL 054",NA,NA
"Unidentified","Unidentified sp22 M PL 023",NA,NA
"Unidentified","Unidentified sp22 M PL 034",NA,NA
"Unidentified","Unidentified sp76 M PL 057",NA,NA
"Unidentified","Unidentified sp77 M PL 044",NA,NA
"Unidentified","Unidentified sp22 M PL 055",NA,NA
"Unidentified","Unidentified sp22 M PL 056",NA,NA
"Unidentified","Unidentified sp22 M PL 057",NA,NA
"Unidentified","Unidentified sp22 M PL 058",NA,NA
"Unidentified","Unidentified sp220 M PL 021",NA,NA
"Unidentified","Unidentified sp220 M PL 044",NA,NA
"Unidentified","Unidentified sp220 M PL 057",NA,NA
"Unidentified","Unidentified sp221 M PL 021",NA,NA
"Unidentified","Unidentified sp221 M PL 044",NA,NA
"Unidentified","Unidentified sp221 M PL 057",NA,NA
"Unidentified","Unidentified sp222 M PL 021",NA,NA
"Unidentified","Unidentified sp222 M PL 044",NA,NA
"Unidentified","Unidentified sp222 M PL 057",NA,NA
"Unidentified","Unidentified sp223 M PL 021",NA,NA
"Unidentified","Unidentified sp8 M PL 019",NA,NA
"Unidentified","Unidentified sp223 M PL 057",NA,NA
"Unidentified","Unidentified sp8 M PL 023",NA,NA
"Unidentified","Unidentified sp224 M PL 044",NA,NA
"Unidentified","Unidentified sp225 M PL 044",NA,NA
"Unidentified","Unidentified sp225 M PL 057",NA,NA
"Unidentified","Unidentified sp226 M PL 021",NA,NA
"Unidentified","Unidentified sp227 M PL 057",NA,NA
"Unidentified","Unidentified sp228 M PL 021",NA,NA
"Unidentified","Unidentified sp228 M PL 057",NA,NA
"Unidentified","Unidentified sp229 M PL 021",NA,NA
"Unidentified","Unidentified sp23 M PL 049",NA,NA
"Unidentified","Unidentified sp23 M PL 055",NA,NA
"Unidentified","Unidentified sp23 M PL 057",NA,NA
"Unidentified","Unidentified sp23 M PL 058",NA,NA
"Unidentified","Unidentified sp230 M PL 057",NA,NA
"Unidentified","Unidentified sp231 M PL 021",NA,NA
"Unidentified","Unidentified sp231 M PL 044",NA,NA
"Unidentified","Unidentified sp232 M PL 057",NA,NA
"Unidentified","Unidentified sp233 M PL 021",NA,NA
"Unidentified","Unidentified sp85 M PL 021",NA,NA
"Unidentified","Unidentified sp234 M PL 021",NA,NA
"Unidentified","Unidentified sp234 M PL 044",NA,NA
"Unidentified","Unidentified sp85 M PL 056",NA,NA
"Unidentified","Unidentified sp235 M PL 021",NA,NA
"Unidentified","Unidentified sp86 M PL 021",NA,NA
"Unidentified","Unidentified sp86 M PL 044",NA,NA
"Unidentified","Unidentified sp86 M PL 054",NA,NA
"Unidentified","Unidentified sp86 M PL 056",NA,NA
"Unidentified","Unidentified sp236 M PL 057",NA,NA
"Unidentified","Unidentified sp237 M PL 021",NA,NA
"Unidentified","Unidentified sp237 M PL 044",NA,NA
"Unidentified","Unidentified sp87 M PL 054",NA,NA
"Unidentified","Unidentified sp238 M PL 044",NA,NA
"Unidentified","Unidentified sp24 M PL 015",NA,NA
"Unidentified","Unidentified sp24 M PL 023",NA,NA
"Unidentified","Unidentified sp24 M PL 044",NA,NA
"Unidentified","Unidentified sp24 M PL 049",NA,NA
"Unidentified","Unidentified sp24 M PL 053",NA,NA
"Unidentified","Unidentified sp24 M PL 054",NA,NA
"Unidentified","Unidentified sp24 M PL 056",NA,NA
"Unidentified","Unidentified sp24 M PL 057",NA,NA
"Unidentified","Unidentified sp240 M PL 021",NA,NA
"Unidentified","Unidentified sp240 M PL 044",NA,NA
"Unidentified","Unidentified sp240 M PL 057",NA,NA
"Unidentified","Unidentified sp241 M PL 021",NA,NA
"Unidentified","Unidentified sp241 M PL 057",NA,NA
"Unidentified","Unidentified sp242 M PL 057",NA,NA
"Unidentified","Unidentified sp243 M PL 021",NA,NA
"Unidentified","Unidentified sp243 M PL 044",NA,NA
"Unidentified","Unidentified sp244 M PL 021",NA,NA
"Unidentified","Unidentified sp244 M PL 057",NA,NA
"Unidentified","Unidentified sp25 M PL 015",NA,NA
"Unidentified","Unidentified sp25 M PL 021",NA,NA
"Unidentified","Unidentified sp25 M PL 023",NA,NA
"Unidentified","Unidentified sp25 M PL 034",NA,NA
"Unidentified","Unidentified sp25 M PL 044",NA,NA
"Unidentified","Unidentified sp25 M PL 049",NA,NA
"Unidentified","Unidentified sp25 M PL 053",NA,NA
"Unidentified","Unidentified sp25 M PL 057",NA,NA
"Unidentified","Unidentified sp250 M PL 021",NA,NA
"Unidentified","Unidentified sp251 M PL 021",NA,NA
"Unidentified","Unidentified sp251 M PL 057",NA,NA
"Unidentified","Unidentified sp253 M PL 044",NA,NA
"Unidentified","Unidentified sp254 M PL 021",NA,NA
"Unidentified","Unidentified sp98 M PL 054",NA,NA
"Unidentified","Unidentified sp254 M PL 057",NA,NA
"Unidentified","Unidentified sp255 M PL 021",NA,NA
"Unidentified","Unidentified sp255 M PL 044",NA,NA
"Unidentified","Unidentified sp99 M PL 044",NA,NA
"Unidentified","Unidentified sp99 M PL 054",NA,NA
"Unidentified","Unidentified sp99 M PL 056",NA,NA
"Unidentified","Unidentified sp99 M PL 057",NA,NA
"Unidentified","Unidentified sp257 M PL 044",NA,NA
"Unidentified","Unidentified sp257 M PL 057",NA,NA
"Unidentified","Unidentified sp258 M PL 044",NA,NA
"Unidentified","Unidentified sp258 M PL 057",NA,NA
"Unidentified","Unidentified sp259 M PL 021",NA,NA
"Unidentified","Unidentified sp259 M PL 044",NA,NA
"Unidentified","Unidentified sp259 M PL 057",NA,NA
"Unidentified","Unidentified sp26 M PL 013",NA,NA
"Unidentified","Unidentified sp26 M PL 015",NA,NA
"Unidentified","Unidentified sp26 M PL 018",NA,NA
"Unidentified","Unidentified sp26 M PL 021",NA,NA
"Unidentified","Unidentified sp26 M PL 023",NA,NA
"Unidentified","Unidentified sp26 M PL 049",NA,NA
"Unidentified","Unidentified sp26 M PL 051",NA,NA
"Unidentified","Unidentified sp26 M PL 053",NA,NA
"Unidentified","Unidentified sp26 M PL 054",NA,NA
"Unidentified","Unidentified sp26 M PL 056",NA,NA
"Unidentified","Unidentified sp261 M PL 021",NA,NA
"Unidentified","Unidentified sp261 M PL 057",NA,NA
"Unidentified","Unidentified sp262 M PL 057",NA,NA
"Unidentified","Unidentified sp263 M PL 057",NA,NA
"Unidentified","Unidentified sp264 M PL 021",NA,NA
"Unidentified","Unidentified sp264 M PL 057",NA,NA
"Unidentified","Unidentified sp268 M PL 021",NA,NA
"Unidentified","Unidentified sp269 M PL 021",NA,NA
"Unidentified","Unidentified sp269 M PL 057",NA,NA
"Unidentified","Unidentified sp27 M PL 018",NA,NA
"Unidentified","Unidentified sp27 M PL 021",NA,NA
"Unidentified","Unidentified sp27 M PL 044",NA,NA
"Unidentified","Unidentified sp27 M PL 049",NA,NA
"Unidentified","Unidentified sp27 M PL 051",NA,NA
"Unidentified","Unidentified sp27 M PL 053",NA,NA
"Unidentified","Unidentified sp27 M PL 054",NA,NA
"Unidentified","Unidentified sp27 M PL 056",NA,NA
"Unidentified","Unidentified sp270 M PL 021",NA,NA
"Unidentified","Unidentified sp271 M PL 021",NA,NA
"Unidentified","Unidentified sp272 M PL 057",NA,NA
"Unidentified","Unidentified sp127 M PL 044",NA,NA
"Unidentified","Unidentified sp127 M PL 056",NA,NA
"Unidentified","Unidentified sp276 M PL 057",NA,NA
"Unidentified","Unidentified sp277 M PL 021",NA,NA
"Unidentified","Unidentified sp279 M PL 057",NA,NA
"Unidentified","Unidentified sp28 M PL 018",NA,NA
"Unidentified","Unidentified sp13 M PL 034",NA,NA
"Unidentified","Unidentified sp28 M PL 044",NA,NA
"Unidentified","Unidentified sp28 M PL 049",NA,NA
"Unidentified","Unidentified sp28 M PL 056",NA,NA
"Unidentified","Unidentified sp13 M PL 051",NA,NA
"Unidentified","Unidentified sp13 M PL 053",NA,NA
"Unidentified","Unidentified sp280 M PL 057",NA,NA
"Unidentified","Unidentified sp281 M PL 057",NA,NA
"Unidentified","Unidentified sp282 M PL 021",NA,NA
"Unidentified","Unidentified sp284 M PL 021",NA,NA
"Unidentified","Unidentified sp285 M PL 021",NA,NA
"Unidentified","Unidentified sp286 M PL 057",NA,NA
"Unidentified","Unidentified sp287 M PL 021",NA,NA
"Unidentified","Unidentified sp287 M PL 057",NA,NA
"Unidentified","Unidentified sp288 M PL 021",NA,NA
"Unidentified","Unidentified sp288 M PL 057",NA,NA
"Unidentified","Unidentified sp289 M PL 021",NA,NA
"Unidentified","Unidentified sp289 M PL 057",NA,NA
"Unidentified","Unidentified sp29 M PL 021",NA,NA
"Unidentified","Unidentified sp29 M PL 051",NA,NA
"Unidentified","Unidentified sp29 M PL 056",NA,NA
"Unidentified","Unidentified sp137 M PL 056",NA,NA
"Unidentified","Unidentified sp293 M PL 021",NA,NA
"Unidentified","Unidentified sp294 M PL 057",NA,NA
"Unidentified","Unidentified sp14 M PL 037",NA,NA
"Unidentified","Unidentified sp14 M PL 043",NA,NA
"Unidentified","Unidentified sp299 M PL 021",NA,NA
"Unidentified","Unidentified sp14 M PL 056",NA,NA
"Unidentified","Unidentified sp3 M PL 020",NA,NA
"Unidentified","Unidentified sp3 M PL 023",NA,NA
"Unidentified","Unidentified sp3 M PL 027",NA,NA
"Unidentified","Unidentified sp3 M PL 029",NA,NA
"Unidentified","Unidentified sp3 M PL 034",NA,NA
"Unidentified","Unidentified sp3 M PL 035",NA,NA
"Unidentified","Unidentified sp3 M PL 041",NA,NA
"Unidentified","Unidentified sp40 M PL 053",NA,NA
"Unidentified","Unidentified sp40 M PL 056",NA,NA
"Unidentified","Unidentified sp3 M PL 046",NA,NA
"Unidentified","Unidentified sp3 M PL 047",NA,NA
"Unidentified","Unidentified sp145 M PL 044",NA,NA
"Unidentified","Unidentified sp3 M PL 050",NA,NA
"Unidentified","Unidentified sp3 M PL 056",NA,NA
"Unidentified","Unidentified sp3 M PL 058",NA,NA
"Unidentified","Unidentified sp3 M PL 089",NA,NA
"Unidentified","Unidentified sp3 M PL 090",NA,NA
"Unidentified","Unidentified sp3 M PL 091",NA,NA
"Unidentified","Unidentified sp7 M PL 056",NA,NA
"Unidentified","Unidentified sp149 M PL 044",NA,NA
"Unidentified","Unidentified sp149 M PL 056",NA,NA
"Unidentified","Unidentified sp3 M PL 101",NA,NA
"Unidentified","Unidentified sp3 M PL 102",NA,NA
"Unidentified","Unidentified sp1 M PL 010",NA,NA
"Unidentified","Unidentified sp1 M PL 019",NA,NA
"Unidentified","Unidentified sp3 M PL 128",NA,NA
"Unidentified","Unidentified sp3 M PL 129",NA,NA
"Unidentified","Unidentified sp1 M PL 025",NA,NA
"Unidentified","Unidentified sp1 M PL 029",NA,NA
"Unidentified","Unidentified sp1 M PL 035",NA,NA
"Unidentified","Unidentified sp30 M PL 051",NA,NA
"Unidentified","Unidentified sp1 M PL 040",NA,NA
"Unidentified","Unidentified sp30 M PL 057",NA,NA
"Unidentified","Unidentified sp1 M PL 044",NA,NA
"Unidentified","Unidentified sp1 M PL 047",NA,NA
"Unidentified","Unidentified sp1 M PL 049",NA,NA
"Unidentified","Unidentified sp1 M PL 051",NA,NA
"Unidentified","Unidentified sp1 M PL 053",NA,NA
"Unidentified","Unidentified sp303 M PL 021",NA,NA
"Unidentified","Unidentified sp303 M PL 057",NA,NA
"Unidentified","Unidentified sp304 M PL 021",NA,NA
"Unidentified","Unidentified sp1 M PL 057",NA,NA
"Unidentified","Unidentified sp305 M PL 021",NA,NA
"Unidentified","Unidentified sp1 M PL 061",NA,NA
"Unidentified","Unidentified sp1 M PL 068",NA,NA
"Unidentified","Unidentified sp306 M PL 057",NA,NA
"Unidentified","Unidentified sp307 M PL 021",NA,NA
"Unidentified","Unidentified sp1 M PL 106",NA,NA
"Unidentified","Unidentified sp1 M PL 112",NA,NA
"Unidentified","Unidentified sp1 M PL 113",NA,NA
"Unidentified","Unidentified sp1 M PL 120",NA,NA
"Unidentified","Unidentified sp1 M PL 122",NA,NA
"Unidentified","Unidentified sp31 M PL 044",NA,NA
"Unidentified","Unidentified sp31 M PL 051",NA,NA
"Unidentified","Unidentified sp31 M PL 053",NA,NA
"Unidentified","Unidentified sp31 M PL 054",NA,NA
"Unidentified","Unidentified sp10 M PL 018",NA,NA
"Unidentified","Unidentified sp31 M PL 057",NA,NA
"Unidentified","Unidentified sp10 M PL 028",NA,NA
"Unidentified","Unidentified sp312 M PL 021",NA,NA
"Unidentified","Unidentified sp10 M PL 041",NA,NA
"Unidentified","Unidentified sp10 M PL 043",NA,NA
"Unidentified","Unidentified sp10 M PL 044",NA,NA
"Unidentified","Unidentified sp10 M PL 046",NA,NA
"Unidentified","Unidentified sp10 M PL 047",NA,NA
"Unidentified","Unidentified sp10 M PL 049",NA,NA
"Unidentified","Unidentified sp10 M PL 051",NA,NA
"Unidentified","Unidentified sp10 M PL 055",NA,NA
"Unidentified","Unidentified sp100 M PL 044",NA,NA
"Unidentified","Unidentified sp100 M PL 054",NA,NA
"Unidentified","Unidentified sp101 M PL 044",NA,NA
"Unidentified","Unidentified sp101 M PL 056",NA,NA
"Unidentified","Unidentified sp101 M PL 057",NA,NA
"Unidentified","Unidentified sp102 M PL 044",NA,NA
"Unidentified","Unidentified sp320 M PL 021",NA,NA
"Unidentified","Unidentified sp102 M PL 056",NA,NA
"Unidentified","Unidentified sp102 M PL 057",NA,NA
"Unidentified","Unidentified sp321 M PL 057",NA,NA
"Unidentified","Unidentified sp322 M PL 021",NA,NA
"Unidentified","Unidentified sp103 M PL 054",NA,NA
"Unidentified","Unidentified sp103 M PL 056",NA,NA
"Unidentified","Unidentified sp103 M PL 057",NA,NA
"Unidentified","Unidentified sp104 M PL 021",NA,NA
"Unidentified","Unidentified sp324 M PL 057",NA,NA
"Unidentified","Unidentified sp325 M PL 021",NA,NA
"Unidentified","Unidentified sp325 M PL 057",NA,NA
"Unidentified","Unidentified sp326 M PL 021",NA,NA
"Unidentified","Unidentified sp326 M PL 057",NA,NA
"Unidentified","Unidentified sp105 M PL 044",NA,NA
"Unidentified","Unidentified sp328 M PL 021",NA,NA
"Unidentified","Unidentified sp328 M PL 057",NA,NA
"Unidentified","Unidentified sp329 M PL 021",NA,NA
"Unidentified","Unidentified sp329 M PL 057",NA,NA
"Unidentified","Unidentified sp33 M PL 013",NA,NA
"Unidentified","Unidentified sp33 M PL 021",NA,NA
"Unidentified","Unidentified sp33 M PL 034",NA,NA
"Unidentified","Unidentified sp107 M PL 021",NA,NA
"Unidentified","Unidentified sp107 M PL 044",NA,NA
"Unidentified","Unidentified sp33 M PL 054",NA,NA
"Unidentified","Unidentified sp107 M PL 057",NA,NA
"Unidentified","Unidentified sp108 M PL 021",NA,NA
"Unidentified","Unidentified sp332 M PL 057",NA,NA
"Unidentified","Unidentified sp333 M PL 021",NA,NA
"Unidentified","Unidentified sp333 M PL 057",NA,NA
"Unidentified","Unidentified sp334 M PL 021",NA,NA
"Unidentified","Unidentified sp334 M PL 057",NA,NA
"Unidentified","Unidentified sp109 M PL 054",NA,NA
"Unidentified","Unidentified sp109 M PL 056",NA,NA
"Unidentified","Unidentified sp109 M PL 057",NA,NA
"Unidentified","Unidentified sp11 M PL 013",NA,NA
"Unidentified","Unidentified sp11 M PL 015",NA,NA
"Unidentified","Unidentified sp11 M PL 018",NA,NA
"Unidentified","Unidentified sp338 M PL 021",NA,NA
"Unidentified","Unidentified sp11 M PL 037",NA,NA
"Unidentified","Unidentified sp339 M PL 057",NA,NA
"Unidentified","Unidentified sp34 M PL 013",NA,NA
"Unidentified","Unidentified sp34 M PL 021",NA,NA
"Unidentified","Unidentified sp11 M PL 043",NA,NA
"Unidentified","Unidentified sp11 M PL 044",NA,NA
"Unidentified","Unidentified sp11 M PL 047",NA,NA
"Unidentified","Unidentified sp11 M PL 050",NA,NA
"Unidentified","Unidentified sp11 M PL 053",NA,NA
"Unidentified","Unidentified sp11 M PL 054",NA,NA
"Unidentified","Unidentified sp340 M PL 021",NA,NA
"Unidentified","Unidentified sp11 M PL 056",NA,NA
"Unidentified","Unidentified sp341 M PL 021",NA,NA
"Unidentified","Unidentified sp341 M PL 057",NA,NA
"Unidentified","Unidentified sp110 M PL 021",NA,NA
"Unidentified","Unidentified sp110 M PL 044",NA,NA
"Unidentified","Unidentified sp110 M PL 054",NA,NA
"Unidentified","Unidentified sp343 M PL 057",NA,NA
"Unidentified","Unidentified sp110 M PL 057",NA,NA
"Unidentified","Unidentified sp111 M PL 021",NA,NA
"Unidentified","Unidentified sp111 M PL 054",NA,NA
"Unidentified","Unidentified sp111 M PL 056",NA,NA
"Unidentified","Unidentified sp111 M PL 057",NA,NA
"Unidentified","Unidentified sp112 M PL 021",NA,NA
"Unidentified","Unidentified sp349 M PL 021",NA,NA
"Unidentified","Unidentified sp349 M PL 057",NA,NA
"Unidentified","Unidentified sp113 M PL 021",NA,NA
"Unidentified","Unidentified sp113 M PL 054",NA,NA
"Unidentified","Unidentified sp113 M PL 056",NA,NA
"Unidentified","Unidentified sp113 M PL 057",NA,NA
"Unidentified","Unidentified sp114 M PL 021",NA,NA
"Unidentified","Unidentified sp55 M PL 021",NA,NA
"Unidentified","Unidentified sp122 M PL 021",NA,NA
"Unidentified","Unidentified sp122 M PL 054",NA,NA
"Unidentified","Unidentified sp122 M PL 056",NA,NA
"Unidentified","Unidentified sp122 M PL 057",NA,NA
"Unidentified","Unidentified sp124 M PL 044",NA,NA
"Unidentified","Unidentified sp125 M PL 057",NA,NA
"Unidentified","Unidentified sp126 M PL 021",NA,NA
"Unidentified","Unidentified sp38 M PL 034",NA,NA
"Unidentified","Unidentified sp126 M PL 044",NA,NA
"Unidentified","Unidentified sp126 M PL 056",NA,NA
"Unidentified","Unidentified sp6 M PL 036",NA,NA
"Unidentified","Unidentified sp38 M PL 057",NA,NA
"Unidentified","Unidentified sp127 M PL 054",NA,NA
"Unidentified","Unidentified sp380 M PL 021",NA,NA
"Unidentified","Unidentified sp128 M PL 021",NA,NA
"Unidentified","Unidentified sp128 M PL 044",NA,NA
"Unidentified","Unidentified sp13 M PL 043",NA,NA
"Unidentified","Unidentified sp13 M PL 047",NA,NA
"Unidentified","Unidentified sp13 M PL 049",NA,NA
"Unidentified","Unidentified sp2 M PL 087",NA,NA
"Unidentified","Unidentified sp60 M PL 044",NA,NA
"Unidentified","Unidentified sp13 M PL 055",NA,NA
"Unidentified","Unidentified sp13 M PL 056",NA,NA
"Unidentified","Unidentified sp2 M PL 095",NA,NA
"Unidentified","Unidentified sp130 M PL 044",NA,NA
"Unidentified","Unidentified sp130 M PL 054",NA,NA
"Unidentified","Unidentified sp131 M PL 021",NA,NA
"Unidentified","Unidentified sp131 M PL 056",NA,NA
"Unidentified","Unidentified sp132 M PL 021",NA,NA
"Unidentified","Unidentified sp133 M PL 044",NA,NA
"Unidentified","Unidentified sp133 M PL 056",NA,NA
"Unidentified","Unidentified sp134 M PL 021",NA,NA
"Unidentified","Unidentified sp134 M PL 044",NA,NA
"Unidentified","Unidentified sp134 M PL 056",NA,NA
"Unidentified","Unidentified sp135 M PL 021",NA,NA
"Unidentified","Unidentified sp135 M PL 044",NA,NA
"Unidentified","Unidentified sp135 M PL 056",NA,NA
"Unidentified","Unidentified sp136 M PL 044",NA,NA
"Unidentified","Unidentified sp136 M PL 056",NA,NA
"Unidentified","Unidentified sp137 M PL 021",NA,NA
"Unidentified","Unidentified sp137 M PL 044",NA,NA
"Unidentified","Unidentified sp137 M PL 054",NA,NA
"Unidentified","Unidentified sp138 M PL 021",NA,NA
"Unidentified","Unidentified sp138 M PL 044",NA,NA
"Unidentified","Unidentified sp138 M PL 056",NA,NA
"Unidentified","Unidentified sp139 M PL 021",NA,NA
"Unidentified","Unidentified sp139 M PL 044",NA,NA
"Unidentified","Unidentified sp139 M PL 056",NA,NA
"Unidentified","Unidentified sp14 M PL 013",NA,NA
"Unidentified","Unidentified sp14 M PL 015",NA,NA
"Unidentified","Unidentified sp14 M PL 017",NA,NA
"Unidentified","Unidentified sp66 M PL 053",NA,NA
"Unidentified","Unidentified sp14 M PL 018",NA,NA
"Unidentified","Unidentified sp14 M PL 021",NA,NA
"Unidentified","Unidentified sp66 M PL 057",NA,NA
"Unidentified","Unidentified sp14 M PL 034",NA,NA
"Unidentified","Unidentified sp4 M PL 089",NA,NA
"Unidentified","Unidentified sp202 M PL 021",NA,NA
"Unidentified","Unidentified sp202 M PL 057",NA,NA
"Unidentified","Unidentified sp67 M PL 057",NA,NA
"Unidentified","Unidentified sp68 M PL 044",NA,NA
"Unidentified","Unidentified sp68 M PL 053",NA,NA
"Unidentified","Unidentified sp68 M PL 054",NA,NA
"Unidentified","Unidentified sp14 M PL 055",NA,NA
"Unidentified","Unidentified sp140 M PL 044",NA,NA
"Unidentified","Unidentified sp4 M PL 123",NA,NA
"Unidentified","Unidentified sp4 M PL 125",NA,NA
"Unidentified","Unidentified sp4 M PL 128",NA,NA
"Unidentified","Unidentified sp4 M PL 130",NA,NA
"Unidentified","Unidentified sp40 M PL 017",NA,NA
"Unidentified","Unidentified sp40 M PL 021",NA,NA
"Unidentified","Unidentified sp40 M PL 034",NA,NA
"Unidentified","Unidentified sp40 M PL 044",NA,NA
"Unidentified","Unidentified sp40 M PL 049",NA,NA
"Unidentified","Unidentified sp40 M PL 051",NA,NA
"Unidentified","Unidentified sp209 M PL 044",NA,NA
"Unidentified","Unidentified sp7 M PL 029",NA,NA
"Unidentified","Unidentified sp40 M PL 057",NA,NA
"Unidentified","Unidentified sp40 M PL 058",NA,NA
"Unidentified","Unidentified sp7 M PL 036",NA,NA
"Unidentified","Unidentified sp145 M PL 057",NA,NA
"Unidentified","Unidentified sp146 M PL 021",NA,NA
"Unidentified","Unidentified sp146 M PL 044",NA,NA
"Unidentified","Unidentified sp146 M PL 056",NA,NA
"Unidentified","Unidentified sp146 M PL 057",NA,NA
"Unidentified","Unidentified sp407 M PL 057",NA,NA
"Unidentified","Unidentified sp147 M PL 044",NA,NA
"Unidentified","Unidentified sp147 M PL 056",NA,NA
"Unidentified","Unidentified sp41 M PL 021",NA,NA
"Unidentified","Unidentified sp21 M PL 058",NA,NA
"Unidentified","Unidentified sp7 M PL 055",NA,NA
"Unidentified","Unidentified sp210 M PL 044",NA,NA
"Unidentified","Unidentified sp148 M PL 057",NA,NA
"Unidentified","Unidentified sp149 M PL 021",NA,NA
"Unidentified","Unidentified sp211 M PL 044",NA,NA
"Unidentified","Unidentified sp211 M PL 057",NA,NA
"Unidentified","Unidentified sp212 M PL 044",NA,NA
"Unidentified","Unidentified sp70 M PL 056",NA,NA
"Unidentified","Unidentified sp414 M PL 057",NA,NA
"Unidentified","Unidentified sp415 M PL 057",NA,NA
"Unidentified","Unidentified sp3 M PL 105",NA,NA
"Unidentified","Unidentified sp71 M PL 054",NA,NA
"Unidentified","Unidentified sp214 M PL 044",NA,NA
"Unidentified","Unidentified sp419 M PL 057",NA,NA
"Unidentified","Unidentified sp1 M PL 018",NA,NA
"Unidentified","Unidentified sp72 M PL 044",NA,NA
"Unidentified","Unidentified sp1 M PL 020",NA,NA
"Unidentified","Unidentified sp15 M PL 049",NA,NA
"Unidentified","Unidentified sp42 M PL 056",NA,NA
"Unidentified","Unidentified sp9 M PL 049",NA,NA
"Unidentified","Unidentified sp1 M PL 027",NA,NA
"Unidentified","Unidentified sp15 M PL 056",NA,NA
"Unidentified","Unidentified sp30 M PL 021",NA,NA
"Unidentified","Unidentified sp423 M PL 057",NA,NA
"Unidentified","Unidentified sp424 M PL 057",NA,NA
"Unidentified","Unidentified sp150 M PL 056",NA,NA
"Unidentified","Unidentified sp150 M PL 057",NA,NA
"Unidentified","Unidentified sp427 M PL 057",NA,NA
"Unidentified","Unidentified sp428 M PL 057",NA,NA
"Unidentified","Unidentified sp22 M PL 018",NA,NA
"Unidentified","Unidentified sp75 M PL 054",NA,NA
"Unidentified","Unidentified sp152 M PL 044",NA,NA
"Unidentified","Unidentified sp43 M PL 044",NA,NA
"Unidentified","Unidentified sp43 M PL 053",NA,NA
"Unidentified","Unidentified sp43 M PL 056",NA,NA
"Unidentified","Unidentified sp43 M PL 057",NA,NA
"Unidentified","Unidentified sp302 M PL 057",NA,NA
"Unidentified","Unidentified sp22 M PL 053",NA,NA
"Unidentified","Unidentified sp432 M PL 057",NA,NA
"Unidentified","Unidentified sp433 M PL 057",NA,NA
"Unidentified","Unidentified sp78 M PL 021",NA,NA
"Unidentified","Unidentified sp78 M PL 044",NA,NA
"Unidentified","Unidentified sp155 M PL 044",NA,NA
"Unidentified","Unidentified sp155 M PL 056",NA,NA
"Unidentified","Unidentified sp439 M PL 057",NA,NA
"Unidentified","Unidentified sp44 M PL 021",NA,NA
"Unidentified","Unidentified sp44 M PL 034",NA,NA
"Unidentified","Unidentified sp44 M PL 044",NA,NA
"Unidentified","Unidentified sp44 M PL 053",NA,NA
"Unidentified","Unidentified sp8 M PL 015",NA,NA
"Unidentified","Unidentified sp44 M PL 057",NA,NA
"Unidentified","Unidentified sp44 M PL 058",NA,NA
"Unidentified","Unidentified sp158 M PL 044",NA,NA
"Unidentified","Unidentified sp158 M PL 057",NA,NA
"Unidentified","Unidentified sp441 M PL 057",NA,NA
"Unidentified","Unidentified sp159 M PL 044",NA,NA
"Unidentified","Unidentified sp444 M PL 057",NA,NA
"Unidentified","Unidentified sp445 M PL 057",NA,NA
"Unidentified","Unidentified sp16 M PL 015",NA,NA
"Unidentified","Unidentified sp8 M PL 038",NA,NA
"Unidentified","Unidentified sp16 M PL 021",NA,NA
"Unidentified","Unidentified sp16 M PL 043",NA,NA
"Unidentified","Unidentified sp16 M PL 044",NA,NA
"Unidentified","Unidentified sp45 M PL 057",NA,NA
"Unidentified","Unidentified sp228 M PL 044",NA,NA
"Unidentified","Unidentified sp450 M PL 057",NA,NA
"Unidentified","Unidentified sp8 M PL 054",NA,NA
"Unidentified","Unidentified sp454 M PL 057",NA,NA
"Unidentified","Unidentified sp455 M PL 057",NA,NA
"Unidentified","Unidentified sp456 M PL 057",NA,NA
"Unidentified","Unidentified sp23 M PL 023",NA,NA
"Unidentified","Unidentified sp23 M PL 043",NA,NA
"Unidentified","Unidentified sp46 M PL 021",NA,NA
"Unidentified","Unidentified sp23 M PL 046",NA,NA
"Unidentified","Unidentified sp46 M PL 044",NA,NA
"Unidentified","Unidentified sp162 M PL 021",NA,NA
"Unidentified","Unidentified sp162 M PL 044",NA,NA
"Unidentified","Unidentified sp162 M PL 057",NA,NA
"Unidentified","Unidentified sp46 M PL 057",NA,NA
"Unidentified","Unidentified sp163 M PL 044",NA,NA
"Unidentified","Unidentified sp460 M PL 057",NA,NA
"Unidentified","Unidentified sp164 M PL 021",NA,NA
"Unidentified","Unidentified sp164 M PL 044",NA,NA
"Unidentified","Unidentified sp164 M PL 057",NA,NA
"Unidentified","Unidentified sp165 M PL 021",NA,NA
"Unidentified","Unidentified sp165 M PL 044",NA,NA
"Unidentified","Unidentified sp165 M PL 057",NA,NA
"Unidentified","Unidentified sp84 M PL 054",NA,NA
"Unidentified","Unidentified sp84 M PL 056",NA,NA
"Unidentified","Unidentified sp233 M PL 044",NA,NA
"Unidentified","Unidentified sp47 M PL 021",NA,NA
"Unidentified","Unidentified sp47 M PL 034",NA,NA
"Unidentified","Unidentified sp47 M PL 044",NA,NA
"Unidentified","Unidentified sp47 M PL 051",NA,NA
"Unidentified","Unidentified sp168 M PL 044",NA,NA
"Unidentified","Unidentified sp168 M PL 057",NA,NA
"Unidentified","Unidentified sp105 M PL 054",NA,NA
"Unidentified","Unidentified sp169 M PL 044",NA,NA
"Unidentified","Unidentified sp470 M PL 057",NA,NA
"Unidentified","Unidentified sp471 M PL 057",NA,NA
"Unidentified","Unidentified sp472 M PL 057",NA,NA
"Unidentified","Unidentified sp473 M PL 057",NA,NA
"Unidentified","Unidentified sp474 M PL 057",NA,NA
"Unidentified","Unidentified sp475 M PL 057",NA,NA
"Unidentified","Unidentified sp476 M PL 057",NA,NA
"Unidentified","Unidentified sp477 M PL 057",NA,NA
"Unidentified","Unidentified sp478 M PL 057",NA,NA
"Unidentified","Unidentified sp17 M PL 053",NA,NA
"Unidentified","Unidentified sp17 M PL 054",NA,NA
"Unidentified","Unidentified sp48 M PL 051",NA,NA
"Unidentified","Unidentified sp48 M PL 053",NA,NA
"Unidentified","Unidentified sp17 M PL 057",NA,NA
"Unidentified","Unidentified sp48 M PL 057",NA,NA
"Unidentified","Unidentified sp9 M PL 013",NA,NA
"Unidentified","Unidentified sp170 M PL 044",NA,NA
"Unidentified","Unidentified sp170 M PL 057",NA,NA
"Unidentified","Unidentified sp171 M PL 044",NA,NA
"Unidentified","Unidentified sp484 M PL 057",NA,NA
"Unidentified","Unidentified sp172 M PL 021",NA,NA
"Unidentified","Unidentified sp172 M PL 057",NA,NA
"Unidentified","Unidentified sp49 M PL 056",NA,NA
"Unidentified","Unidentified sp49 M PL 057",NA,NA
"Unidentified","Unidentified sp49 M PL 058",NA,NA
"Unidentified","Unidentified sp5 M PL 010",NA,NA
"Unidentified","Unidentified sp6 M PL 047",NA,NA
"Unidentified","Unidentified sp9 M PL 051",NA,NA
"Unidentified","Unidentified sp5 M PL 019",NA,NA
"Unidentified","Unidentified sp5 M PL 021",NA,NA
"Unidentified","Unidentified sp244 M PL 044",NA,NA
"Unidentified","Unidentified sp9 M PL 057",NA,NA
"Unidentified","Unidentified sp5 M PL 026",NA,NA
"Unidentified","Unidentified sp5 M PL 027",NA,NA
"Unidentified","Unidentified sp5 M PL 028",NA,NA
"Unidentified","Unidentified sp5 M PL 029",NA,NA
"Unidentified","Unidentified sp5 M PL 034",NA,NA
"Unidentified","Unidentified sp178 M PL 057",NA,NA
"Unidentified","Unidentified sp5 M PL 037",NA,NA
"Unidentified","Unidentified sp5 M PL 038",NA,NA
"Unidentified","Unidentified sp5 M PL 040",NA,NA
"Unidentified","Unidentified sp5 M PL 041",NA,NA
"Unidentified","Unidentified sp248 M PL 044",NA,NA
"Unidentified","Unidentified sp5 M PL 044",NA,NA
"Unidentified","Unidentified sp5 M PL 047",NA,NA
"Unidentified","Unidentified sp5 M PL 053",NA,NA
"Unidentified","Unidentified sp25 M PL 013",NA,NA
"Unidentified","Unidentified sp93 M PL 054",NA,NA
"Unidentified","Unidentified sp5 M PL 056",NA,NA
"Unidentified","Unidentified sp93 M PL 057",NA,NA
"Unidentified","Unidentified sp5 M PL 058",NA,NA
"Unidentified","Unidentified sp94 M PL 044",NA,NA
"Unidentified","Unidentified sp5 M PL 096",NA,NA
"Unidentified","Unidentified sp5 M PL 098",NA,NA
"Unidentified","Unidentified sp5 M PL 114",NA,NA
"Unidentified","Unidentified sp5 M PL 119",NA,NA
"Unidentified","Unidentified sp5 M PL 121",NA,NA
"Unidentified","Unidentified sp5 M PL 123",NA,NA
"Unidentified","Unidentified sp95 M PL 056",NA,NA
"Unidentified","Unidentified sp95 M PL 057",NA,NA
"Unidentified","Unidentified sp50 M PL 034",NA,NA
"Unidentified","Unidentified sp182 M PL 021",NA,NA
"Unidentified","Unidentified sp96 M PL 054",NA,NA
"Unidentified","Unidentified sp50 M PL 053",NA,NA
"Unidentified","Unidentified sp50 M PL 056",NA,NA
"Unidentified","Unidentified sp50 M PL 057",NA,NA
"Unidentified","Unidentified sp183 M PL 057",NA,NA
"Unidentified","Unidentified sp51 M PL 034",NA,NA
"Unidentified","Unidentified sp51 M PL 044",NA,NA
"Unidentified","Unidentified sp184 M PL 057",NA,NA
"Unidentified","Unidentified sp51 M PL 056",NA,NA
"Unidentified","Unidentified sp51 M PL 057",NA,NA
"Unidentified","Unidentified sp51 M PL 058",NA,NA
"Unidentified","Unidentified sp186 M PL 021",NA,NA
"Unidentified","Unidentified sp52 M PL 044",NA,NA
"Unidentified","Unidentified sp186 M PL 057",NA,NA
"Unidentified","Unidentified sp187 M PL 044",NA,NA
"Unidentified","Unidentified sp187 M PL 057",NA,NA
"Unidentified","Unidentified sp53 M PL 021",NA,NA
"Unidentified","Unidentified sp53 M PL 044",NA,NA
"Unidentified","Unidentified sp189 M PL 021",NA,NA
"Unidentified","Unidentified sp53 M PL 054",NA,NA
"Unidentified","Unidentified sp53 M PL 056",NA,NA
"Unidentified","Unidentified sp53 M PL 057",NA,NA
"Unidentified","Unidentified sp53 M PL 058",NA,NA
"Unidentified","Unidentified sp19 M PL 021",NA,NA
"Unidentified","Unidentified sp19 M PL 023",NA,NA
"Unidentified","Unidentified sp54 M PL 053",NA,NA
"Unidentified","Unidentified sp19 M PL 041",NA,NA
"Unidentified","Unidentified sp19 M PL 043",NA,NA
"Unidentified","Unidentified sp19 M PL 044",NA,NA
"Unidentified","Unidentified sp12 M PL 041",NA,NA
"Unidentified","Unidentified sp26 M PL 034",NA,NA
"Unidentified","Unidentified sp12 M PL 044",NA,NA
"Unidentified","Unidentified sp12 M PL 047",NA,NA
"Unidentified","Unidentified sp12 M PL 050",NA,NA
"Unidentified","Unidentified sp55 M PL 057",NA,NA
"Unidentified","Unidentified sp55 M PL 058",NA,NA
"Unidentified","Unidentified sp56 M PL 021",NA,NA
"Unidentified","Unidentified sp56 M PL 044",NA,NA
"Unidentified","Unidentified sp56 M PL 053",NA,NA
"Unidentified","Unidentified sp56 M PL 054",NA,NA
"Unidentified","Unidentified sp56 M PL 056",NA,NA
"Unidentified","Unidentified sp120 M PL 044",NA,NA
"Unidentified","Unidentified sp262 M PL 021",NA,NA
"Unidentified","Unidentified sp120 M PL 056",NA,NA
"Unidentified","Unidentified sp57 M PL 044",NA,NA
"Unidentified","Unidentified sp265 M PL 057",NA,NA
"Unidentified","Unidentified sp58 M PL 021",NA,NA
"Unidentified","Unidentified sp196 M PL 021",NA,NA
"Unidentified","Unidentified sp196 M PL 044",NA,NA
"Unidentified","Unidentified sp58 M PL 054",NA,NA
"Unidentified","Unidentified sp58 M PL 056",NA,NA
"Unidentified","Unidentified sp58 M PL 057",NA,NA
"Unidentified","Unidentified sp197 M PL 057",NA,NA
"Unidentified","Unidentified sp27 M PL 013",NA,NA
"Unidentified","Unidentified sp59 M PL 053",NA,NA
"Unidentified","Unidentified sp27 M PL 034",NA,NA
"Unidentified","Unidentified sp59 M PL 056",NA,NA
"Unidentified","Unidentified sp199 M PL 057",NA,NA
"Unidentified","Unidentified sp2 M PL 010",NA,NA
"Unidentified","Unidentified sp2 M PL 012",NA,NA
"Unidentified","Unidentified sp6 M PL 015",NA,NA
"Unidentified","Unidentified sp6 M PL 018",NA,NA
"Unidentified","Unidentified sp27 M PL 057",NA,NA
"Unidentified","Unidentified sp6 M PL 021",NA,NA
"Unidentified","Unidentified sp6 M PL 022",NA,NA
"Unidentified","Unidentified sp213 M PL 021",NA,NA
"Unidentified","Unidentified sp126 M PL 054",NA,NA
"Unidentified","Unidentified sp38 M PL 051",NA,NA
"Unidentified","Unidentified sp127 M PL 021",NA,NA
"Unidentified","Unidentified sp38 M PL 056",NA,NA
"Unidentified","Unidentified sp71 M PL 057",NA,NA
"Unidentified","Unidentified sp38 M PL 058",NA,NA
"Unidentified","Unidentified sp3 M PL 120",NA,NA
"Unidentified","Unidentified sp380 M PL 057",NA,NA
"Unidentified","Unidentified sp6 M PL 044",NA,NA
"Unidentified","Unidentified sp72 M PL 056",NA,NA
"Unidentified","Unidentified sp6 M PL 049",NA,NA
"Unidentified","Unidentified sp6 M PL 050",NA,NA
"Unidentified","Unidentified sp6 M PL 051",NA,NA
"Unidentified","Unidentified sp6 M PL 053",NA,NA
"Unidentified","Unidentified sp6 M PL 054",NA,NA
"Unidentified","Unidentified sp28 M PL 013",NA,NA
"Unidentified","Unidentified sp387 M PL 021",NA,NA
"Unidentified","Unidentified sp388 M PL 021",NA,NA
"Unidentified","Unidentified sp6 M PL 096",NA,NA
"Unidentified","Unidentified sp6 M PL 098",NA,NA
"Unidentified","Unidentified sp6 M PL 121",NA,NA
"Unidentified","Unidentified sp39 M PL 034",NA,NA
"Unidentified","Unidentified sp39 M PL 044",NA,NA
"Unidentified","Unidentified sp60 M PL 053",NA,NA
"Unidentified","Unidentified sp60 M PL 054",NA,NA
"Unidentified","Unidentified sp60 M PL 056",NA,NA
"Unidentified","Unidentified sp60 M PL 057",NA,NA
"Unidentified","Unidentified sp60 M PL 058",NA,NA
"Unidentified","Unidentified sp13 M PL 058",NA,NA
"Unidentified","Unidentified sp2 M PL 098",NA,NA
"Unidentified","Unidentified sp391 M PL 057",NA,NA
"Unidentified","Unidentified sp61 M PL 056",NA,NA
"Unidentified","Unidentified sp2 M PL 104",NA,NA
"Unidentified","Unidentified sp2 M PL 105",NA,NA
"Unidentified","Unidentified sp2 M PL 106",NA,NA
"Unidentified","Unidentified sp394 M PL 057",NA,NA
"Unidentified","Unidentified sp62 M PL 053",NA,NA
"Unidentified","Unidentified sp132 M PL 044",NA,NA
"Unidentified","Unidentified sp62 M PL 058",NA,NA
"Unidentified","Unidentified sp63 M PL 021",NA,NA
"Unidentified","Unidentified sp63 M PL 044",NA,NA
"Unidentified","Unidentified sp2 M PL 122",NA,NA
"Unidentified","Unidentified sp2 M PL 125",NA,NA
"Unidentified","Unidentified sp29 M PL 044",NA,NA
"Unidentified","Unidentified sp63 M PL 058",NA,NA
"Unidentified","Unidentified sp29 M PL 053",NA,NA
"Unidentified","Unidentified sp29 M PL 054",NA,NA
"Unidentified","Unidentified sp8 M PL 040",NA,NA
"Unidentified","Unidentified sp4 M PL 034",NA,NA
"Unidentified","Unidentified sp4 M PL 035",NA,NA
"Unidentified","Unidentified sp4 M PL 038",NA,NA
"Unidentified","Unidentified sp20 M PL 043",NA,NA
"Unidentified","Unidentified sp65 M PL 044",NA,NA
"Unidentified","Unidentified sp65 M PL 053",NA,NA
"Unidentified","Unidentified sp20 M PL 053",NA,NA
"Unidentified","Unidentified sp65 M PL 057",NA,NA
"Unidentified","Unidentified sp20 M PL 056",NA,NA
"Unidentified","Unidentified sp20 M PL 057",NA,NA
"Unidentified","Unidentified sp295 M PL 021",NA,NA
"Unidentified","Unidentified sp4 M PL 056",NA,NA
"Unidentified","Unidentified sp14 M PL 023",NA,NA
"Unidentified","Unidentified sp4 M PL 058",NA,NA
"Unidentified","Unidentified sp4 M PL 087",NA,NA
"Unidentified","Unidentified sp14 M PL 038",NA,NA
"Unidentified","Unidentified sp202 M PL 044",NA,NA
"Unidentified","Unidentified sp14 M PL 044",NA,NA
"Unidentified","Unidentified sp14 M PL 047",NA,NA
"Unidentified","Unidentified sp14 M PL 054",NA,NA
"Unidentified","Unidentified sp4 M PL 114",NA,NA
"Unidentified","Unidentified sp69 M PL 044",NA,NA
"Unidentified","Unidentified sp206 M PL 021",NA,NA
"Unidentified","Unidentified sp207 M PL 044",NA,NA
"Unidentified","Unidentified sp208 M PL 021",NA,NA
"Unidentified","Unidentified sp208 M PL 044",NA,NA
"Unidentified","Unidentified sp208 M PL 057",NA,NA
"Unidentified","Unidentified sp209 M PL 021",NA,NA
"Unidentified","Unidentified sp7 M PL 028",NA,NA
"Unidentified","Unidentified sp7 M PL 034",NA,NA
"Unidentified","Unidentified sp7 M PL 035",NA,NA
"Unidentified","Unidentified sp47 M PL 058",NA,NA
"Unidentified","Unidentified sp21 M PL 034",NA,NA
"Unidentified","Unidentified sp145 M PL 056",NA,NA
"Unidentified","Unidentified sp7 M PL 047",NA,NA
"Unidentified","Unidentified sp7 M PL 051",NA,NA
"Unidentified","Unidentified sp7 M PL 053",NA,NA
"Unidentified","Unidentified sp21 M PL 057",NA,NA
"Unidentified","Unidentified sp7 M PL 054",NA,NA
"Unidentified","Unidentified sp89 M PL 021",NA,NA
"Unidentified","Unidentified sp24 M PL 018",NA,NA
"Unidentified","Unidentified sp210 M PL 057",NA,NA
"Unidentified","Unidentified sp211 M PL 021",NA,NA
"Unidentified","Unidentified sp3 M PL 096",NA,NA
"Unidentified","Unidentified sp41 M PL 058",NA,NA
"Unidentified","Unidentified sp70 M PL 053",NA,NA
"Unidentified","Unidentified sp70 M PL 054",NA,NA
"Unidentified","Unidentified sp9 M PL 023",NA,NA
"Unidentified","Unidentified sp213 M PL 044",NA,NA
"Unidentified","Unidentified sp1 M PL 012",NA,NA
"Unidentified","Unidentified sp9 M PL 038",NA,NA
"Unidentified","Unidentified sp3 M PL 114",NA,NA
"Unidentified","Unidentified sp9 M PL 041",NA,NA
"Unidentified","Unidentified sp1 M PL 021",NA,NA
"Unidentified","Unidentified sp9 M PL 047",NA,NA
"Unidentified","Unidentified sp34 M PL 049",NA,NA
"Unidentified","Unidentified sp3 M PL 130",NA,NA
"Unidentified","Unidentified sp217 M PL 021",NA,NA
"Unidentified","Unidentified sp1 M PL 028",NA,NA
"Unidentified","Unidentified sp421 M PL 057",NA,NA
"Unidentified","Unidentified sp74 M PL 044",NA,NA
"Unidentified","Unidentified sp1 M PL 037",NA,NA
"Unidentified","Unidentified sp425 M PL 057",NA,NA
"Unidentified","Unidentified sp219 M PL 057",NA,NA
"Unidentified","Unidentified sp22 M PL 013",NA,NA
"Unidentified","Unidentified sp1 M PL 042",NA,NA
"Unidentified","Unidentified sp22 M PL 015",NA,NA
"Unidentified","Unidentified sp30 M PL 058",NA,NA
"Unidentified","Unidentified sp75 M PL 056",NA,NA
"Unidentified","Unidentified sp22 M PL 043",NA,NA
"Unidentified","Unidentified sp22 M PL 049",NA,NA
"Unidentified","Unidentified sp76 M PL 056",NA,NA
"Unidentified","Unidentified sp112 M PL 044",NA,NA
"Unidentified","Unidentified sp22 M PL 054",NA,NA
"Unidentified","Unidentified sp77 M PL 057",NA,NA
"Unidentified","Unidentified sp93 M PL 056",NA,NA
"Unidentified","Unidentified sp305 M PL 057",NA,NA
"Unidentified","Unidentified sp78 M PL 054",NA,NA
"Unidentified","Unidentified sp78 M PL 056",NA,NA
"Unidentified","Unidentified sp78 M PL 057",NA,NA
"Unidentified","Unidentified sp79 M PL 044",NA,NA
"Unidentified","Unidentified sp79 M PL 054",NA,NA
"Unidentified","Unidentified sp79 M PL 056",NA,NA
"Unidentified","Unidentified sp79 M PL 057",NA,NA
"Unidentified","Unidentified sp8 M PL 013",NA,NA
"Unidentified","Unidentified sp31 M PL 021",NA,NA
"Unidentified","Unidentified sp8 M PL 017",NA,NA
"Unidentified","Unidentified sp8 M PL 018",NA,NA
"Unidentified","Unidentified sp8 M PL 021",NA,NA
"Unidentified","Unidentified sp96 M PL 057",NA,NA
"Unidentified","Unidentified sp8 M PL 026",NA,NA
"Unidentified","Unidentified sp224 M PL 057",NA,NA
"Unidentified","Unidentified sp225 M PL 021",NA,NA
"Unidentified","Unidentified sp8 M PL 037",NA,NA
"Unidentified","Unidentified sp10 M PL 029",NA,NA
"Unidentified","Unidentified sp253 M PL 057",NA,NA
"Unidentified","Unidentified sp226 M PL 044",NA,NA
"Unidentified","Unidentified sp226 M PL 057",NA,NA
"Unidentified","Unidentified sp227 M PL 044",NA,NA
"Unidentified","Unidentified sp8 M PL 047",NA,NA
"Unidentified","Unidentified sp8 M PL 049",NA,NA
"Unidentified","Unidentified sp314 M PL 057",NA,NA
"Unidentified","Unidentified sp8 M PL 053",NA,NA
"Unidentified","Unidentified sp315 M PL 057",NA,NA
"Unidentified","Unidentified sp10 M PL 053",NA,NA
"Unidentified","Unidentified sp10 M PL 054",NA,NA
"Unidentified","Unidentified sp23 M PL 015",NA,NA
"Unidentified","Unidentified sp23 M PL 021",NA,NA
"Unidentified","Unidentified sp319 M PL 021",NA,NA
"Unidentified","Unidentified sp319 M PL 057",NA,NA
"Unidentified","Unidentified sp100 M PL 057",NA,NA
"Unidentified","Unidentified sp81 M PL 057",NA,NA
"Unidentified","Unidentified sp23 M PL 054",NA,NA
"Unidentified","Unidentified sp82 M PL 044",NA,NA
"Unidentified","Unidentified sp23 M PL 056",NA,NA
"Unidentified","Unidentified sp82 M PL 056",NA,NA
"Unidentified","Unidentified sp82 M PL 057",NA,NA
"Unidentified","Unidentified sp230 M PL 021",NA,NA
"Unidentified","Unidentified sp83 M PL 054",NA,NA
"Unidentified","Unidentified sp83 M PL 056",NA,NA
"Unidentified","Unidentified sp83 M PL 057",NA,NA
"Unidentified","Unidentified sp323 M PL 021",NA,NA
"Unidentified","Unidentified sp323 M PL 057",NA,NA
"Unidentified","Unidentified sp324 M PL 021",NA,NA
"Unidentified","Unidentified sp84 M PL 057",NA,NA
"Unidentified","Unidentified sp85 M PL 044",NA,NA
"Unidentified","Unidentified sp85 M PL 054",NA,NA
"Unidentified","Unidentified sp263 M PL 021",NA,NA
"Unidentified","Unidentified sp85 M PL 057",NA,NA
"Unidentified","Unidentified sp327 M PL 021",NA,NA
"Unidentified","Unidentified sp47 M PL 056",NA,NA
"Unidentified","Unidentified sp327 M PL 057",NA,NA
"Unidentified","Unidentified sp121 M PL 057",NA,NA
"Unidentified","Unidentified sp86 M PL 057",NA,NA
"Unidentified","Unidentified sp87 M PL 021",NA,NA
"Unidentified","Unidentified sp87 M PL 044",NA,NA
"Unidentified","Unidentified sp238 M PL 021",NA,NA
"Unidentified","Unidentified sp87 M PL 057",NA,NA
"Unidentified","Unidentified sp238 M PL 057",NA,NA
"Unidentified","Unidentified sp239 M PL 021",NA,NA
"Unidentified","Unidentified sp239 M PL 044",NA,NA
"Unidentified","Unidentified sp239 M PL 057",NA,NA
"Unidentified","Unidentified sp24 M PL 013",NA,NA
"Unidentified","Unidentified sp375 M PL 057",NA,NA
"Unidentified","Unidentified sp124 M PL 054",NA,NA
"Unidentified","Unidentified sp24 M PL 021",NA,NA
"Unidentified","Unidentified sp89 M PL 056",NA,NA
"Unidentified","Unidentified sp24 M PL 034",NA,NA
"Unidentified","Unidentified sp9 M PL 017",NA,NA
"Unidentified","Unidentified sp9 M PL 018",NA,NA
"Unidentified","Unidentified sp9 M PL 021",NA,NA
"Unidentified","Unidentified sp379 M PL 057",NA,NA
"Unidentified","Unidentified sp9 M PL 026",NA,NA
"Unidentified","Unidentified sp9 M PL 028",NA,NA
"Unidentified","Unidentified sp9 M PL 034",NA,NA
"Unidentified","Unidentified sp9 M PL 037",NA,NA
"Unidentified","Unidentified sp3 M PL 106",NA,NA
"Unidentified","Unidentified sp241 M PL 044",NA,NA
"Unidentified","Unidentified sp3 M PL 107",NA,NA
"Unidentified","Unidentified sp242 M PL 044",NA,NA
"Unidentified","Unidentified sp128 M PL 054",NA,NA
"Unidentified","Unidentified sp128 M PL 056",NA,NA
"Unidentified","Unidentified sp11 M PL 049",NA,NA
"Unidentified","Unidentified sp243 M PL 057",NA,NA
"Unidentified","Unidentified sp9 M PL 055",NA,NA
"Unidentified","Unidentified sp34 M PL 057",NA,NA
"Unidentified","Unidentified sp34 M PL 058",NA,NA
"Unidentified","Unidentified sp245 M PL 021",NA,NA
"Unidentified","Unidentified sp245 M PL 044",NA,NA
"Unidentified","Unidentified sp245 M PL 057",NA,NA
"Unidentified","Unidentified sp246 M PL 044",NA,NA
"Unidentified","Unidentified sp246 M PL 057",NA,NA
"Unidentified","Unidentified sp247 M PL 021",NA,NA
"Unidentified","Unidentified sp247 M PL 044",NA,NA
"Unidentified","Unidentified sp248 M PL 021",NA,NA
"Unidentified","Unidentified sp111 M PL 044",NA,NA
"Unidentified","Unidentified sp347 M PL 021",NA,NA
"Unidentified","Unidentified sp249 M PL 057",NA,NA
"Unidentified","Unidentified sp13 M PL 057",NA,NA
"Unidentified","Unidentified sp112 M PL 054",NA,NA
"Unidentified","Unidentified sp25 M PL 018",NA,NA
"Unidentified","Unidentified sp283 M PL 057",NA,NA
"Unidentified","Unidentified sp94 M PL 021",NA,NA
"Unidentified","Unidentified sp113 M PL 044",NA,NA
"Unidentified","Unidentified sp94 M PL 054",NA,NA
"Unidentified","Unidentified sp94 M PL 056",NA,NA
"Unidentified","Unidentified sp25 M PL 051",NA,NA
"Unidentified","Unidentified sp95 M PL 021",NA,NA
"Unidentified","Unidentified sp25 M PL 054",NA,NA
"Unidentified","Unidentified sp114 M PL 056",NA,NA
"Unidentified","Unidentified sp114 M PL 057",NA,NA
"Unidentified","Unidentified sp250 M PL 044",NA,NA
"Unidentified","Unidentified sp29 M PL 013",NA,NA
"Unidentified","Unidentified sp251 M PL 044",NA,NA
"Unidentified","Unidentified sp4 M PL 018",NA,NA
"Unidentified","Unidentified sp252 M PL 021",NA,NA
"Unidentified","Unidentified sp252 M PL 057",NA,NA
"Unidentified","Unidentified sp253 M PL 021",NA,NA
"Unidentified","Unidentified sp97 M PL 057",NA,NA
"Unidentified","Unidentified sp4 M PL 027",NA,NA
"Unidentified","Unidentified sp98 M PL 044",NA,NA
"Unidentified","Unidentified sp98 M PL 056",NA,NA
"Unidentified","Unidentified sp98 M PL 057",NA,NA
"Unidentified","Unidentified sp99 M PL 021",NA,NA
"Unidentified","Unidentified sp118 M PL 044",NA,NA
"Unidentified","Unidentified sp4 M PL 055",NA,NA
"Unidentified","Unidentified sp12 M PL 015",NA,NA
"Unidentified","Unidentified sp12 M PL 038",NA,NA
"Unidentified","Unidentified sp12 M PL 040",NA,NA
"Unidentified","Unidentified sp54 M PL 057",NA,NA
"Unidentified","Unidentified sp12 M PL 043",NA,NA
"Unidentified","Unidentified sp363 M PL 021",NA,NA
"Unidentified","Unidentified sp363 M PL 057",NA,NA
"Unidentified","Unidentified sp12 M PL 049",NA,NA
"Unidentified","Unidentified sp364 M PL 057",NA,NA
"Unidentified","Unidentified sp12 M PL 051",NA,NA
"Unidentified","Unidentified sp26 M PL 057",NA,NA
"Unidentified","Unidentified sp260 M PL 021",NA,NA
"Unidentified","Unidentified sp260 M PL 044",NA,NA
"Unidentified","Unidentified sp260 M PL 057",NA,NA
"Unidentified","Unidentified sp120 M PL 021",NA,NA
"Unidentified","Unidentified sp120 M PL 054",NA,NA
"Unidentified","Unidentified sp3 M PL 038",NA,NA
"Unidentified","Unidentified sp120 M PL 057",NA,NA
"Unidentified","Unidentified sp121 M PL 021",NA,NA
"Unidentified","Unidentified sp121 M PL 044",NA,NA
"Unidentified","Unidentified sp121 M PL 056",NA,NA
"Unidentified","Unidentified sp266 M PL 057",NA,NA
"Unidentified","Unidentified sp267 M PL 021",NA,NA
"Unidentified","Unidentified sp402 M PL 057",NA,NA
"Unidentified","Unidentified sp268 M PL 057",NA,NA
"Unidentified","Unidentified sp123 M PL 021",NA,NA
"Unidentified","Unidentified sp123 M PL 054",NA,NA
"Unidentified","Unidentified sp123 M PL 057",NA,NA
"Unidentified","Unidentified sp124 M PL 021",NA,NA
"Unidentified","Unidentified sp330 M PL 057",NA,NA
"Unidentified","Unidentified sp108 M PL 044",NA,NA
"Unidentified","Unidentified sp124 M PL 056",NA,NA
"Unidentified","Unidentified sp124 M PL 057",NA,NA
"Unidentified","Unidentified sp125 M PL 021",NA,NA
"Unidentified","Unidentified sp270 M PL 057",NA,NA
"Unidentified","Unidentified sp149 M PL 057",NA,NA
"Unidentified","Unidentified sp38 M PL 044",NA,NA
"Unidentified","Unidentified sp3 M PL 104",NA,NA
"Unidentified","Unidentified sp38 M PL 053",NA,NA
"Unidentified","Unidentified sp11 M PL 034",NA,NA
"Unidentified","Unidentified sp1 M PL 015",NA,NA
"Unidentified","Unidentified sp173 M PL 021",NA,NA
"Unidentified","Unidentified sp3 M PL 115",NA,NA
"Unidentified","Unidentified sp3 M PL 121",NA,NA
"Unidentified","Unidentified sp42 M PL 053",NA,NA
"Unidentified","Unidentified sp129 M PL 021",NA,NA
"Unidentified","Unidentified sp277 M PL 057",NA,NA
"Unidentified","Unidentified sp278 M PL 021",NA,NA
"Unidentified","Unidentified sp279 M PL 021",NA,NA
"Unidentified","Unidentified sp13 M PL 015",NA,NA
"Unidentified","Unidentified sp13 M PL 018",NA,NA
"Unidentified","Unidentified sp13 M PL 021",NA,NA
"Unidentified","Unidentified sp30 M PL 049",NA,NA
"Unidentified","Unidentified sp13 M PL 023",NA,NA
"Unidentified","Unidentified sp13 M PL 041",NA,NA
"Unidentified","Unidentified sp389 M PL 021",NA,NA
"Unidentified","Unidentified sp28 M PL 053",NA,NA
"Unidentified","Unidentified sp39 M PL 021",NA,NA
"Unidentified","Unidentified sp28 M PL 054",NA,NA
"Unidentified","Unidentified sp60 M PL 021",NA,NA
"Unidentified","Unidentified sp39 M PL 051",NA,NA
"Unidentified","Unidentified sp13 M PL 054",NA,NA
"Unidentified","Unidentified sp281 M PL 021",NA,NA
"Unidentified","Unidentified sp39 M PL 057",NA,NA
"Unidentified","Unidentified sp347 M PL 057",NA,NA
"Unidentified","Unidentified sp39 M PL 058",NA,NA
"Unidentified","Unidentified sp130 M PL 021",NA,NA
"Unidentified","Unidentified sp304 M PL 057",NA,NA
"Unidentified","Unidentified sp61 M PL 053",NA,NA
"Unidentified","Unidentified sp130 M PL 056",NA,NA
"Unidentified","Unidentified sp131 M PL 044",NA,NA
"Unidentified","Unidentified sp286 M PL 021",NA,NA
"Unidentified","Unidentified sp62 M PL 021",NA,NA
"Unidentified","Unidentified sp395 M PL 057",NA,NA
"Unidentified","Unidentified sp309 M PL 021",NA,NA
"Unidentified","Unidentified sp396 M PL 057",NA,NA
"Unidentified","Unidentified sp115 M PL 044",NA,NA
"Unidentified","Unidentified sp29 M PL 018",NA,NA
"Unidentified","Unidentified sp440 M PL 057",NA,NA
"Unidentified","Unidentified sp29 M PL 034",NA,NA
"Unidentified","Unidentified sp4 M PL 021",NA,NA
"Unidentified","Unidentified sp29 M PL 049",NA,NA
"Unidentified","Unidentified sp136 M PL 021",NA,NA
"Unidentified","Unidentified sp4 M PL 026",NA,NA
"Unidentified","Unidentified sp446 M PL 057",NA,NA
"Unidentified","Unidentified sp10 M PL 034",NA,NA
"Unidentified","Unidentified sp10 M PL 037",NA,NA
"Unidentified","Unidentified sp16 M PL 023",NA,NA
"Unidentified","Unidentified sp4 M PL 037",NA,NA
"Unidentified","Unidentified sp291 M PL 021",NA,NA
"Unidentified","Unidentified sp291 M PL 057",NA,NA
"Unidentified","Unidentified sp292 M PL 021",NA,NA
"Unidentified","Unidentified sp292 M PL 057",NA,NA
"Unidentified","Unidentified sp4 M PL 051",NA,NA
"Unidentified","Unidentified sp4 M PL 053",NA,NA
"Unidentified","Unidentified sp4 M PL 054",NA,NA
"Unidentified","Unidentified sp317 M PL 021",NA,NA
"Unidentified","Unidentified sp10 M PL 056",NA,NA
"Unidentified","Unidentified sp10 M PL 057",NA,NA
"Unidentified","Unidentified sp4 M PL 057",NA,NA
"Unidentified","Unidentified sp80 M PL 056",NA,NA
"Unidentified","Unidentified sp23 M PL 034",NA,NA
"Unidentified","Unidentified sp100 M PL 056",NA,NA
"Unidentified","Unidentified sp4 M PL 093",NA,NA
"Unidentified","Unidentified sp67 M PL 054",NA,NA
"Unidentified","Unidentified sp67 M PL 056",NA,NA
"Unidentified","Unidentified sp4 M PL 096",NA,NA
"Unidentified","Unidentified sp203 M PL 044",NA,NA
"Unidentified","Unidentified sp14 M PL 051",NA,NA
"Unidentified","Unidentified sp14 M PL 053",NA,NA
"Unidentified","Unidentified sp4 M PL 101",NA,NA
"Unidentified","Unidentified sp4 M PL 111",NA,NA
"Unidentified","Unidentified sp14 M PL 057",NA,NA
"Unidentified","Unidentified sp3 M PL 021",NA,NA
"Unidentified","Unidentified sp3 M PL 022",NA,NA
"Unidentified","Unidentified sp69 M PL 054",NA,NA
"Unidentified","Unidentified sp206 M PL 044",NA,NA
"Unidentified","Unidentified sp207 M PL 021",NA,NA
"Unidentified","Unidentified sp7 M PL 015",NA,NA
"Unidentified","Unidentified sp3 M PL 036",NA,NA
"Unidentified","Unidentified sp3 M PL 037",NA,NA
"Unidentified","Unidentified sp369 M PL 057",NA,NA
"Unidentified","Unidentified sp3 M PL 040",NA,NA
"Unidentified","Unidentified sp7 M PL 026",NA,NA
"Unidentified","Unidentified sp37 M PL 044",NA,NA
"Unidentified","Unidentified sp30 M PL 034",NA,NA
"Unidentified","Unidentified sp37 M PL 056",NA,NA
"Unidentified","Unidentified sp400 M PL 057",NA,NA
"Unidentified","Unidentified sp7 M PL 037",NA,NA
"Unidentified","Unidentified sp370 M PL 057",NA,NA
"Unidentified","Unidentified sp403 M PL 057",NA,NA
"Unidentified","Unidentified sp404 M PL 057",NA,NA
"Unidentified","Unidentified sp3 M PL 055",NA,NA
"Unidentified","Unidentified sp406 M PL 057",NA,NA
"Unidentified","Unidentified sp3 M PL 057",NA,NA
"Unidentified","Unidentified sp374 M PL 057",NA,NA
"Unidentified","Unidentified sp375 M PL 021",NA,NA
"Unidentified","Unidentified sp48 M PL 044",NA,NA
"Unidentified","Unidentified sp7 M PL 057",NA,NA
"Unidentified","Unidentified sp41 M PL 056",NA,NA
"Unidentified","Unidentified sp41 M PL 057",NA,NA
"Unidentified","Unidentified sp70 M PL 021",NA,NA
"Unidentified","Unidentified sp410 M PL 057",NA,NA
"Unidentified","Unidentified sp335 M PL 057",NA,NA
"Unidentified","Unidentified sp336 M PL 021",NA,NA
"Unidentified","Unidentified sp336 M PL 057",NA,NA
"Unidentified","Unidentified sp1 M PL 008",NA,NA
"Unidentified","Unidentified sp337 M PL 057",NA,NA
"Unidentified","Unidentified sp71 M PL 044",NA,NA
"Unidentified","Unidentified sp31 M PL 013",NA,NA
"Unidentified","Unidentified sp339 M PL 021",NA,NA
"Unidentified","Unidentified sp71 M PL 056",NA,NA
"Unidentified","Unidentified sp173 M PL 044",NA,NA
"Unidentified","Unidentified sp34 M PL 034",NA,NA
"Unidentified","Unidentified sp34 M PL 044",NA,NA
"Unidentified","Unidentified sp381 M PL 057",NA,NA
"Unidentified","Unidentified sp382 M PL 021",NA,NA
"Unidentified","Unidentified sp34 M PL 054",NA,NA
"Unidentified","Unidentified sp30 M PL 013",NA,NA
"Unidentified","Unidentified sp30 M PL 018",NA,NA
"Unidentified","Unidentified sp9 M PL 056",NA,NA
"Unidentified","Unidentified sp30 M PL 044",NA,NA
"Unidentified","Unidentified sp117 M PL 044",NA,NA
"Unidentified","Unidentified sp90 M PL 021",NA,NA
"Unidentified","Unidentified sp30 M PL 053",NA,NA
"Unidentified","Unidentified sp1 M PL 041",NA,NA
"Unidentified","Unidentified sp74 M PL 057",NA,NA
"Unidentified","Unidentified sp30 M PL 056",NA,NA
"Unidentified","Unidentified sp75 M PL 053",NA,NA
"Unidentified","Unidentified sp1 M PL 046",NA,NA
"Unidentified","Unidentified sp300 M PL 057",NA,NA
"Unidentified","Unidentified sp301 M PL 021",NA,NA
"Unidentified","Unidentified sp1 M PL 050",NA,NA
"Unidentified","Unidentified sp302 M PL 021",NA,NA
"Unidentified","Unidentified sp76 M PL 054",NA,NA
"Unidentified","Unidentified sp93 M PL 021",NA,NA
"Unidentified","Unidentified sp77 M PL 054",NA,NA
"Unidentified","Unidentified sp348 M PL 057",NA,NA
"Unidentified","Unidentified sp391 M PL 021",NA,NA
"Unidentified","Unidentified sp35 M PL 013",NA,NA
"Unidentified","Unidentified sp306 M PL 021",NA,NA
"Unidentified","Unidentified sp436 M PL 057",NA,NA
"Unidentified","Unidentified sp437 M PL 057",NA,NA
"Unidentified","Unidentified sp1 M PL 098",NA,NA
"Unidentified","Unidentified sp1 M PL 103",NA,NA
"Unidentified","Unidentified sp114 M PL 044",NA,NA
"Unidentified","Unidentified sp309 M PL 057",NA,NA
"Unidentified","Unidentified sp320 M PL 057",NA,NA
"Unidentified","Unidentified sp35 M PL 058",NA,NA
"Unidentified","Unidentified sp31 M PL 034",NA,NA
"Unidentified","Unidentified sp4 M PL 010",NA,NA
"Unidentified","Unidentified sp50 M PL 044",NA,NA
"Unidentified","Unidentified sp115 M PL 056",NA,NA
"Unidentified","Unidentified sp115 M PL 057",NA,NA
"Unidentified","Unidentified sp31 M PL 056",NA,NA
"Unidentified","Unidentified sp443 M PL 057",NA,NA
"Unidentified","Unidentified sp10 M PL 026",NA,NA
"Unidentified","Unidentified sp310 M PL 021",NA,NA
"Unidentified","Unidentified sp116 M PL 057",NA,NA
"Unidentified","Unidentified sp312 M PL 057",NA,NA
"Unidentified","Unidentified sp313 M PL 021",NA,NA
"Unidentified","Unidentified sp313 M PL 057",NA,NA
"Unidentified","Unidentified sp314 M PL 021",NA,NA
"Unidentified","Unidentified sp187 M PL 021",NA,NA
"Unidentified","Unidentified sp315 M PL 021",NA,NA
"Unidentified","Unidentified sp52 M PL 057",NA,NA
"Unidentified","Unidentified sp188 M PL 021",NA,NA
"Unidentified","Unidentified sp229 M PL 044",NA,NA
"Unidentified","Unidentified sp53 M PL 053",NA,NA
"Unidentified","Unidentified sp80 M PL 054",NA,NA
"Unidentified","Unidentified sp12 M PL 013",NA,NA
"Unidentified","Unidentified sp36 M PL 057",NA,NA
"Unidentified","Unidentified sp54 M PL 021",NA,NA
"Unidentified","Unidentified sp23 M PL 044",NA,NA
"Unidentified","Unidentified sp101 M PL 021",NA,NA
"Unidentified","Unidentified sp32 M PL 044",NA,NA
"Unidentified","Unidentified sp101 M PL 054",NA,NA
"Unidentified","Unidentified sp32 M PL 053",NA,NA
"Unidentified","Unidentified sp32 M PL 054",NA,NA
"Unidentified","Unidentified sp102 M PL 021",NA,NA
"Unidentified","Unidentified sp32 M PL 057",NA,NA
"Unidentified","Unidentified sp83 M PL 021",NA,NA
"Unidentified","Unidentified sp49 M PL 021",NA,NA
"Unidentified","Unidentified sp321 M PL 021",NA,NA
"Unidentified","Unidentified sp463 M PL 057",NA,NA
"Unidentified","Unidentified sp464 M PL 057",NA,NA
"Unidentified","Unidentified sp322 M PL 057",NA,NA
"Unidentified","Unidentified sp466 M PL 057",NA,NA
"Unidentified","Unidentified sp84 M PL 044",NA,NA
"Unidentified","Unidentified sp12 M PL 057",NA,NA
"Unidentified","Unidentified sp368 M PL 021",NA,NA
"Unidentified","Unidentified sp369 M PL 021",NA,NA
"Unidentified","Unidentified sp7 M PL 019",NA,NA
"Unidentified","Unidentified sp7 M PL 023",NA,NA
"Unidentified","Unidentified sp47 M PL 053",NA,NA
"Unidentified","Unidentified sp310 M PL 057",NA,NA
"Unidentified","Unidentified sp340 M PL 057",NA,NA
"Unidentified","Unidentified sp37 M PL 051",NA,NA
"Unidentified","Unidentified sp37 M PL 058",NA,NA
"Unidentified","Unidentified sp122 M PL 044",NA,NA
"Unidentified","Unidentified sp37 M PL 057",NA,NA
"Unidentified","Unidentified sp371 M PL 021",NA,NA
"Unidentified","Unidentified sp371 M PL 057",NA,NA
"Unidentified","Unidentified sp33 M PL 044",NA,NA
"Unidentified","Unidentified sp33 M PL 053",NA,NA
"Unidentified","Unidentified sp88 M PL 021",NA,NA
"Unidentified","Unidentified sp107 M PL 056",NA,NA
"Unidentified","Unidentified sp33 M PL 057",NA,NA
"Unidentified","Unidentified sp409 M PL 057",NA,NA
"Unidentified","Unidentified sp17 M PL 051",NA,NA
"Unidentified","Unidentified sp48 M PL 034",NA,NA
"Unidentified","Unidentified sp89 M PL 044",NA,NA
"Unidentified","Unidentified sp89 M PL 054",NA,NA
"Unidentified","Unidentified sp48 M PL 056",NA,NA
"Unidentified","Unidentified sp377 M PL 057",NA,NA
"Unidentified","Unidentified sp335 M PL 021",NA,NA
"Unidentified","Unidentified sp38 M PL 021",NA,NA
"Unidentified","Unidentified sp481 M PL 057",NA,NA
"Unidentified","Unidentified sp337 M PL 021",NA,NA
"Unidentified","Unidentified sp71 M PL 021",NA,NA
"Unidentified","Unidentified sp114 M PL 054",NA,NA
"Unidentified","Unidentified sp25 M PL 056",NA,NA
"Unidentified","Unidentified sp172 M PL 044",NA,NA
"Unidentified","Unidentified sp49 M PL 044",NA,NA
"Unidentified","Unidentified sp1 M PL 013",NA,NA
"Unidentified","Unidentified sp9 M PL 040",NA,NA
"Unidentified","Unidentified sp49 M PL 051",NA,NA
"Unidentified","Unidentified sp381 M PL 021",NA,NA
"Unidentified","Unidentified sp3 M PL 123",NA,NA
"Unidentified","Unidentified sp129 M PL 044",NA,NA
"Unidentified","Unidentified sp11 M PL 051",NA,NA
"Unidentified","Unidentified sp34 M PL 056",NA,NA
"Unidentified","Unidentified sp13 M PL 013",NA,NA
"Unidentified","Unidentified sp37 M PL 034",NA,NA
"Unidentified","Unidentified sp448 M PL 057",NA,NA
"Unidentified","Unidentified sp90 M PL 044",NA,NA
"Unidentified","Unidentified sp342 M PL 021",NA,NA
"Unidentified","Unidentified sp342 M PL 057",NA,NA
"Unidentified","Unidentified sp343 M PL 021",NA,NA
"Unidentified","Unidentified sp91 M PL 044",NA,NA
"Unidentified","Unidentified sp344 M PL 021",NA,NA
"Unidentified","Unidentified sp345 M PL 021",NA,NA
"Unidentified","Unidentified sp92 M PL 021",NA,NA
"Unidentified","Unidentified sp346 M PL 021",NA,NA
"Unidentified","Unidentified sp346 M PL 057",NA,NA
"Unidentified","Unidentified sp249 M PL 021",NA,NA
"Unidentified","Unidentified sp92 M PL 054",NA,NA
"Unidentified","Unidentified sp249 M PL 044",NA,NA
"Unidentified","Unidentified sp93 M PL 044",NA,NA
"Unidentified","Unidentified sp61 M PL 021",NA,NA
"Unidentified","Unidentified sp77 M PL 056",NA,NA
"Unidentified","Unidentified sp2 M PL 096",NA,NA
"Unidentified","Unidentified sp61 M PL 044",NA,NA
"Unidentified","Unidentified sp35 M PL 034",NA,NA
"Unidentified","Unidentified sp35 M PL 044",NA,NA
"Unidentified","Unidentified sp35 M PL 049",NA,NA
"Unidentified","Unidentified sp35 M PL 053",NA,NA
"Unidentified","Unidentified sp307 M PL 057",NA,NA
"Unidentified","Unidentified sp364 M PL 021",NA,NA
"Unidentified","Unidentified sp4 M PL 102",NA,NA
"Unidentified","Unidentified sp132 M PL 056",NA,NA
"Unidentified","Unidentified sp115 M PL 021",NA,NA
"Unidentified","Unidentified sp350 M PL 021",NA,NA
"Unidentified","Unidentified sp4 M PL 012",NA,NA
"Unidentified","Unidentified sp4 M PL 015",NA,NA
"Unidentified","Unidentified sp63 M PL 053",NA,NA
"Unidentified","Unidentified sp116 M PL 021",NA,NA
"Unidentified","Unidentified sp116 M PL 044",NA,NA
"Unidentified","Unidentified sp4 M PL 023",NA,NA
"Unidentified","Unidentified sp97 M PL 056",NA,NA
"Unidentified","Unidentified sp384 M PL 021",NA,NA
"Unidentified","Unidentified sp278 M PL 057",NA,NA
"Unidentified","Unidentified sp118 M PL 021",NA,NA
"Unidentified","Unidentified sp52 M PL 053",NA,NA
"Unidentified","Unidentified sp4 M PL 043",NA,NA
"Unidentified","Unidentified sp52 M PL 056",NA,NA
"Unidentified","Unidentified sp4 M PL 047",NA,NA
"Unidentified","Unidentified sp65 M PL 056",NA,NA
"Unidentified","Unidentified sp66 M PL 021",NA,NA
"Unidentified","Unidentified sp66 M PL 044",NA,NA
"Unidentified","Unidentified sp8 M PL 058",NA,NA
"Unidentified","Unidentified sp318 M PL 021",NA,NA
"Unidentified","Unidentified sp100 M PL 021",NA,NA
"Unidentified","Unidentified sp318 M PL 057",NA,NA
"Unidentified","Unidentified sp54 M PL 044",NA,NA
"Unidentified","Unidentified sp12 M PL 037",NA,NA
"Unidentified","Unidentified sp54 M PL 054",NA,NA
"Unidentified","Unidentified sp54 M PL 056",NA,NA
"Unidentified","Unidentified sp362 M PL 021",NA,NA
"Unidentified","Unidentified sp362 M PL 057",NA,NA
"Unidentified","Unidentified sp68 M PL 021",NA,NA
"Unidentified","Unidentified sp4 M PL 099",NA,NA
"Unidentified","Unidentified sp483 M PL 057",NA,NA
"Unidentified","Unidentified sp3 M PL 103",NA,NA
"Unidentified","Unidentified sp365 M PL 021",NA,NA
"Unidentified","Unidentified sp365 M PL 057",NA,NA
"Unidentified","Unidentified sp12 M PL 054",NA,NA
"Unidentified","Unidentified sp12 M PL 055",NA,NA
"Unidentified","Unidentified sp12 M PL 056",NA,NA
"Unidentified","Unidentified sp206 M PL 057",NA,NA
"Unidentified","Unidentified sp7 M PL 013",NA,NA
"Unidentified","Unidentified sp207 M PL 057",NA,NA
"Unidentified","Unidentified sp368 M PL 057",NA,NA
"Unidentified","Unidentified sp7 M PL 021",NA,NA
"Unidentified","Unidentified sp37 M PL 021",NA,NA
"Unidentified","Unidentified sp31 M PL 058",NA,NA
"Unidentified","Unidentified sp51 M PL 053",NA,NA
"Unidentified","Unidentified sp386 M PL 021",NA,NA
"Unidentified","Unidentified sp9 M PL 058",NA,NA
"Unidentified","Unidentified sp121 M PL 054",NA,NA
"Unidentified","Unidentified sp266 M PL 021",NA,NA
"Unidentified","Unidentified sp387 M PL 057",NA,NA
"Unidentified","Unidentified sp401 M PL 057",NA,NA
"Unidentified","Unidentified sp3 M PL 051",NA,NA
"Unidentified","Unidentified sp3 M PL 053",NA,NA
"Unidentified","Unidentified sp372 M PL 057",NA,NA
"Unidentified","Unidentified sp58 M PL 058",NA,NA
"Unidentified","Unidentified sp373 M PL 021",NA,NA
"Unidentified","Unidentified sp17 M PL 049",NA,NA
"Unidentified","Unidentified sp123 M PL 056",NA,NA
"Unidentified","Unidentified sp374 M PL 021",NA,NA
"Unidentified","Unidentified sp59 M PL 057",NA,NA
"Unidentified","Unidentified sp59 M PL 058",NA,NA
"Unidentified","Unidentified sp6 M PL 010",NA,NA
"Unidentified","Unidentified sp7 M PL 121",NA,NA
"Unidentified","Unidentified sp125 M PL 044",NA,NA
"Unidentified","Unidentified sp70 M PL 044",NA,NA
"Unidentified","Unidentified sp480 M PL 057",NA,NA
"Unidentified","Unidentified sp125 M PL 056",NA,NA
"Unidentified","Unidentified sp411 M PL 057",NA,NA
"Unidentified","Unidentified sp94 M PL 057",NA,NA
"Unidentified","Unidentified sp308 M PL 057",NA,NA
"Unidentified","Unidentified sp95 M PL 044",NA,NA
"Unidentified","Unidentified sp35 M PL 057",NA,NA
"Unidentified","Unidentified sp399 M PL 057",NA,NA
"Unidentified","Unidentified sp338 M PL 057",NA,NA
"Unidentified","Unidentified sp49 M PL 034",NA,NA
"Unidentified","Unidentified sp250 M PL 057",NA,NA
"Unidentified","Unidentified sp242 M PL 021",NA,NA
"Unidentified","Unidentified sp9 M PL 044",NA,NA
"Unidentified","Unidentified sp9 M PL 043",NA,NA
"Unidentified","Unidentified sp4 M PL 022",NA,NA
"Unidentified","Unidentified sp129 M PL 054",NA,NA
"Unidentified","Unidentified sp129 M PL 056",NA,NA
"Unidentified","Unidentified sp73 M PL 044",NA,NA
"Unidentified","Unidentified sp116 M PL 054",NA,NA
"Unidentified","Unidentified sp98 M PL 021",NA,NA
"Unidentified","Unidentified sp8 M PL 041",NA,NA
"Unidentified","Unidentified sp386 M PL 057",NA,NA
"Unidentified","Unidentified sp426 M PL 057",NA,NA
"Unidentified","Unidentified sp4 M PL 041",NA,NA
"Unidentified","Unidentified sp388 M PL 057",NA,NA
"Unidentified","Unidentified sp13 M PL 044",NA,NA
"Unidentified","Unidentified sp389 M PL 057",NA,NA
"Unidentified","Unidentified sp91 M PL 054",NA,NA
"Unidentified","Unidentified sp43 M PL 034",NA,NA
"Unidentified","Unidentified sp75 M PL 057",NA,NA
"Unidentified","Unidentified sp22 M PL 044",NA,NA
"Unidentified","Unidentified sp39 M PL 056",NA,NA
"Unidentified","Unidentified sp39 M PL 053",NA,NA
"Unidentified","Unidentified sp76 M PL 044",NA,NA
"Unidentified","Unidentified sp92 M PL 057",NA,NA
"Unidentified","Unidentified sp348 M PL 021",NA,NA
"Unidentified","Unidentified sp390 M PL 021",NA,NA
"Unidentified","Unidentified sp390 M PL 057",NA,NA
"Unidentified","Unidentified sp392 M PL 057",NA,NA
"Unidentified","Unidentified sp61 M PL 057",NA,NA
"Unidentified","Unidentified sp131 M PL 054",NA,NA
"Unidentified","Unidentified sp393 M PL 057",NA,NA
"Unidentified","Unidentified sp4 M PL 098",NA,NA
"Unidentified","Unidentified sp46 M PL 058",NA,NA
"Unidentified","Unidentified sp32 M PL 056",NA,NA
"Unidentified","Unidentified sp461 M PL 057",NA,NA
"Unidentified","Unidentified sp133 M PL 021",NA,NA
"Unidentified","Unidentified sp96 M PL 021",NA,NA
"Unidentified","Unidentified sp465 M PL 057",NA,NA
"Unidentified","Unidentified sp115 M PL 054",NA,NA
"Unidentified","Unidentified sp4 M PL 019",NA,NA
"Unidentified","Unidentified sp63 M PL 056",NA,NA
"Unidentified","Unidentified sp7 M PL 010",NA,NA
"Unidentified","Unidentified sp8 M PL 029",NA,NA
"Unidentified","Unidentified sp8 M PL 034",NA,NA
"Unidentified","Unidentified sp97 M PL 054",NA,NA
"Unidentified","Unidentified sp9 M PL 053",NA,NA
"Unidentified","Unidentified sp116 M PL 056",NA,NA
"Unidentified","Unidentified sp1 M PL 034",NA,NA
"Unidentified","Unidentified sp16 M PL 034",NA,NA
"Unidentified","Unidentified sp4 M PL 040",NA,NA
"Unidentified","Unidentified sp16 M PL 041",NA,NA
"Unidentified","Unidentified sp45 M PL 056",NA,NA
"Unidentified","Unidentified sp4 M PL 044",NA,NA
"Unidentified","Unidentified sp8 M PL 050",NA,NA
"Unidentified","Unidentified sp118 M PL 056",NA,NA
"Unidentified","Unidentified sp65 M PL 054",NA,NA
"Unidentified","Unidentified sp316 M PL 021",NA,NA
"Unidentified","Unidentified sp229 M PL 057",NA,NA
"Unidentified","Unidentified sp119 M PL 054",NA,NA
"Unidentified","Unidentified sp36 M PL 044",NA,NA
"Unidentified","Unidentified sp119 M PL 057",NA,NA
"Unidentified","Unidentified sp36 M PL 056",NA,NA
"Unidentified","Unidentified sp81 M PL 044",NA,NA
"Unidentified","Unidentified sp67 M PL 053",NA,NA
"Unidentified","Unidentified sp81 M PL 056",NA,NA
"Unidentified","Unidentified sp4 M PL 094",NA,NA
"Unidentified","Unidentified sp46 M PL 051",NA,NA
"Unidentified","Unidentified sp14 M PL 049",NA,NA
"Unidentified","Unidentified sp46 M PL 056",NA,NA
"Unidentified","Unidentified sp171 M PL 021",NA,NA
"Unidentified","Unidentified sp393 M PL 021",NA,NA
"Unidentified","Unidentified sp482 M PL 057",NA,NA
"Unidentified","Unidentified sp353 M PL 057",NA,NA
"Unidentified","Unidentified sp35 M PL 056",NA,NA
"Unidentified","Unidentified sp4 M PL 121",NA,NA
"Unidentified","Unidentified sp69 M PL 053",NA,NA
"Unidentified","Unidentified sp398 M PL 057",NA,NA
"Unidentified","Unidentified sp69 M PL 056",NA,NA
"Unidentified","Unidentified sp367 M PL 057",NA,NA
"Unidentified","Unidentified sp49 M PL 053",NA,NA
"Unidentified","Unidentified sp352 M PL 057",NA,NA
"Unidentified","Unidentified sp97 M PL 021",NA,NA
"Unidentified","Unidentified sp7 M PL 018",NA,NA
"Unidentified","Unidentified sp382 M PL 057",NA,NA
"Unidentified","Unidentified sp252 M PL 044",NA,NA
"Unidentified","Unidentified sp373 M PL 057",NA,NA
"Unidentified","Unidentified sp355 M PL 021",NA,NA
"Unidentified","Unidentified sp311 M PL 057",NA,NA
"Unidentified","Unidentified sp74 M PL 056",NA,NA
"Unidentified","Unidentified sp58 M PL 044",NA,NA
"Unidentified","Unidentified sp58 M PL 053",NA,NA
"Unidentified","Unidentified sp267 M PL 057",NA,NA
"Unidentified","Unidentified sp405 M PL 057",NA,NA
"Unidentified","Unidentified sp21 M PL 053",NA,NA
"Unidentified","Unidentified sp7 M PL 044",NA,NA
"Unidentified","Unidentified sp408 M PL 057",NA,NA
"Unidentified","Unidentified sp438 M PL 057",NA,NA
"Unidentified","Unidentified sp88 M PL 054",NA,NA
"Unidentified","Unidentified sp88 M PL 056",NA,NA
"Unidentified","Unidentified sp331 M PL 057",NA,NA
"Unidentified","Unidentified sp376 M PL 021",NA,NA
"Unidentified","Unidentified sp7 M PL 062",NA,NA
"Unidentified","Unidentified sp377 M PL 021",NA,NA
"Unidentified","Unidentified sp12 M PL 034",NA,NA
"Unidentified","Unidentified sp89 M PL 057",NA,NA
"Unidentified","Unidentified sp125 M PL 054",NA,NA
"Unidentified","Unidentified sp378 M PL 021",NA,NA
"Unidentified","Unidentified sp155 M PL 057",NA,NA
"Unidentified","Unidentified sp82 M PL 054",NA,NA
"Unidentified","Unidentified sp63 M PL 054",NA,NA
"Unidentified","Unidentified sp383 M PL 021",NA,NA
"Unidentified","Unidentified sp97 M PL 044",NA,NA
"Unidentified","Unidentified sp95 M PL 054",NA,NA
"Unidentified","Unidentified sp4 M PL 115",NA,NA
"Unidentified","Unidentified sp12 M PL 053",NA,NA
"Unidentified","Unidentified sp350 M PL 057",NA,NA
"Unidentified","Unidentified sp351 M PL 021",NA,NA
"Unidentified","Unidentified sp96 M PL 056",NA,NA
"Unidentified","Unidentified sp96 M PL 044",NA,NA
"Unidentified","Unidentified sp2 M PL 124",NA,NA
"Unidentified","Unidentified sp34 M PL 053",NA,NA
"Unidentified","Unidentified sp353 M PL 021",NA,NA
"Unidentified","Unidentified sp92 M PL 044",NA,NA
"Unidentified","Unidentified sp22 M PL 046",NA,NA
"Unidentified","Unidentified sp301 M PL 057",NA,NA
"Unidentified","Unidentified sp355 M PL 057",NA,NA
"Unidentified","Unidentified sp311 M PL 021",NA,NA
"Unidentified","Unidentified sp117 M PL 021",NA,NA
"Unidentified","Unidentified sp45 M PL 053",NA,NA
"Unidentified","Unidentified sp30 M PL 054",NA,NA
"Unidentified","Unidentified sp5 M PL 036",NA,NA
"Unidentified","Unidentified sp75 M PL 044",NA,NA
"Unidentified","Unidentified sp247 M PL 057",NA,NA
"Unidentified","Unidentified sp91 M PL 056",NA,NA
"Unidentified","Unidentified sp378 M PL 057",NA,NA
"Unidentified","Unidentified sp316 M PL 057",NA,NA
"Unidentified","Unidentified sp317 M PL 057",NA,NA
"Unidentified","Unidentified sp92 M PL 056",NA,NA
"Unidentified","Unidentified sp80 M PL 044",NA,NA
"Unidentified","Unidentified sp32 M PL 013",NA,NA
"Unidentified","Unidentified sp12 M PL 023",NA,NA
"Unidentified","Unidentified sp35 M PL 021",NA,NA
"Unidentified","Unidentified sp46 M PL 053",NA,NA
"Unidentified","Unidentified sp32 M PL 051",NA,NA
"Unidentified","Unidentified sp351 M PL 057",NA,NA
"Unidentified","Unidentified sp61 M PL 058",NA,NA
"Unidentified","Unidentified sp123 M PL 044",NA,NA
"Unidentified","Unidentified sp119 M PL 056",NA,NA
"Unidentified","Unidentified sp462 M PL 057",NA,NA
"Unidentified","Unidentified sp230 M PL 044",NA,NA
"Unidentified","Unidentified sp83 M PL 044",NA,NA
"Unidentified","Unidentified sp366 M PL 057",NA,NA
"Unidentified","Unidentified sp232 M PL 044",NA,NA
"Unidentified","Unidentified sp84 M PL 021",NA,NA
"Unidentified","Unidentified sp231 M PL 057",NA,NA
"Unidentified","Unidentified sp366 M PL 021",NA,NA
"Unidentified","Unidentified sp50 M PL 058",NA,NA
"Unidentified","Unidentified sp119 M PL 021",NA,NA
"Unidentified","Unidentified sp3 M PL 054",NA,NA
"Unidentified","Unidentified sp36 M PL 058",NA,NA
"Unidentified","Unidentified sp88 M PL 044",NA,NA
"Unidentified","Unidentified sp385 M PL 057",NA,NA
"Unidentified","Unidentified sp385 M PL 021",NA,NA
"Unidentified","Unidentified sp88 M PL 057",NA,NA
"Unidentified","Unidentified sp52 M PL 021",NA,NA
"Unidentified","Unidentified sp358 M PL 021",NA,NA
"Unidentified","Unidentified sp358 M PL 057",NA,NA
"Unidentified","Unidentified sp118 M PL 054",NA,NA
"Unidentified","Unidentified sp91 M PL 021",NA,NA
"Unidentified","Unidentified sp118 M PL 057",NA,NA
"Unidentified","Unidentified sp82 M PL 021",NA,NA
"Unidentified","Unidentified sp81 M PL 054",NA,NA
"Unidentified","Unidentified sp20 M PL 051",NA,NA
"Unidentified","Unidentified sp300 M PL 021",NA,NA
"Unidentified","Unidentified sp8 M PL 056",NA,NA
"Unidentified","Unidentified sp23 M PL 018",NA,NA
"Unidentified","Unidentified sp33 M PL 056",NA,NA
"Unidentified","Unidentified sp48 M PL 021",NA,NA
"Unidentified","Unidentified sp376 M PL 057",NA,NA
"Unidentified","Unidentified sp4 M PL 120",NA,NA
"Unidentified","Unidentified sp32 M PL 034",NA,NA
"Unidentified","Unidentified sp361 M PL 057",NA,NA
"Unidentified","Unidentified sp392 M PL 021",NA,NA
"Unidentified","Unidentified sp352 M PL 021",NA,NA
"Unidentified","Unidentified sp360 M PL 021",NA,NA
"Unidentified","Unidentified sp357 M PL 021",NA,NA
"Unidentified","Unidentified sp248 M PL 057",NA,NA
"Unidentified","Unidentified sp354 M PL 021",NA,NA
"Unidentified","Unidentified sp36 M PL 013",NA,NA
"Unidentified","Unidentified sp36 M PL 021",NA,NA
"Unidentified","Unidentified sp397 M PL 057",NA,NA
"Unidentified","Unidentified sp246 M PL 021",NA,NA
"Unidentified","Unidentified sp367 M PL 021",NA,NA
"Unidentified","Unidentified sp370 M PL 021",NA,NA
"Unidentified","Unidentified sp87 M PL 056",NA,NA
"Unidentified","Unidentified sp52 M PL 054",NA,NA
"Unidentified","Unidentified sp357 M PL 057",NA,NA
"Unidentified","Unidentified sp345 M PL 057",NA,NA
"Unidentified","Unidentified sp36 M PL 034",NA,NA
"Unidentified","Unidentified sp354 M PL 057",NA,NA
"Unidentified","Unidentified sp36 M PL 053",NA,NA
"Unidentified","Unidentified sp37 M PL 053",NA,NA
"Unidentified","Unidentified sp4 M PL 091",NA,NA
"Unidentified","Unidentified sp361 M PL 021",NA,NA
"Unidentified","Unidentified sp360 M PL 057",NA,NA
"Unidentified","Unidentified sp32 M PL 021",NA,NA
"Unidentified","Unidentified sp449 M PL 057",NA,NA
"Unidentified","Unidentified sp356 M PL 057",NA,NA
"Unidentified","Unidentified sp359 M PL 057",NA,NA
"Unidentified","Unidentified sp36 M PL 017",NA,NA
"Unidentified","Unidentified sp8 M PL 044",NA,NA
"Unidentified","Unidentified sp140 M PL 021",NA,NA
"Unidentified","Unidentified sp479 M PL 057",NA,NA
"Unidentified","Unidentified sp205 M PL 057",NA,NA
"Unidentified","Unidentified sp90 M PL 054",NA,NA
"Unidentified","Unidentified sp117 M PL 057",NA,NA
"Unidentified","Unidentified sp117 M PL 056",NA,NA
"Unidentified","Unidentified sp8 M PL 046",NA,NA
"Unidentified","Unidentified sp90 M PL 056",NA,NA
"Unidentified","Unidentified sp45 M PL 044",NA,NA
"Unidentified","Unidentified sp52 M PL 058",NA,NA
"Unidentified","Unidentified sp359 M PL 021",NA,NA
"Unidentified","Unidentified sp356 M PL 021",NA,NA
"Unidentified","Unidentified sp8 M PL 055",NA,NA
"Unidentified","Unidentified sp117 M PL 054",NA,NA
"Unidentified","Unidentified sp80 M PL 057",NA,NA
"Unidentified","Unidentified sp12 M PL 018",NA,NA
"Unidentified","Unidentified sp227 M PL 021",NA,NA
"Unidentified","Unidentified sp8 M PL 043",NA,NA
"Unidentified","Unidentified sp45 M PL 021",NA,NA
"Unidentified","Unidentified sp119 M PL 044",NA,NA
"Unidentified","Unidentified sp65 M PL 021",NA,NA
"Unientified","Unientified sp1 M PL 019",NA,NA
"Unientified","Unientified sp4 M PL 019",NA,NA
"Unientified","Unientified sp2 M PL 019",NA,NA
"Unientified","Unientified sp3 M PL 019",NA,NA
"Uranotes","Uranotes melinus",NA,NA
"Urbanus","Urbanus dorantes dorantes","Lepidoptera","Hesperiidae"
"Urbanus","Urbanus sp1 M PL 041","Lepidoptera","Hesperiidae"
"Urbanus","Urbanus simplicius","Lepidoptera","Hesperiidae"
"Urbanus","Urbanus dorantes","Lepidoptera","Hesperiidae"
"Urbanus","Urbanus proteus","Lepidoptera","Hesperiidae"
"Urbicola","Urbicola sp1 M PL 009",NA,NA
"Urophora","Urophora sachalinensis","Diptera","Tephritidae"
"Urosigalphus","Urosigalphus sp1 M PL 072","Hymenoptera","Braconidae"
"Urosigalphus","Urosigalphus femoratus","Hymenoptera","Braconidae"
"Usia","Usia forcipata","Diptera","Bombyliidae"
"Utetheisa","Utetheisa galapagensis","Lepidoptera","Erebidae"
"Valgus","Valgus canaliculatus","Coleoptera","Scarabaeidae"
"Vanesa","Vanesa atlantica",NA,NA
"Vanessa","Vanessa atalanta","Lepidoptera","Nymphalidae"
"Vanessa","Vanessa cardui","Lepidoptera","Nymphalidae"
"Vanessa","Vanessa huntera","Lepidoptera","Nymphalidae"
"Vanessa","Vanessa sp1 M PL 072","Lepidoptera","Nymphalidae"
"Vanessa","Vanessa sp1 M PL 034","Lepidoptera","Nymphalidae"
"Vanessa","Vanessa indica","Lepidoptera","Nymphalidae"
"Vehilius","Vehilius inca","Lepidoptera","Hesperiidae"
"Vekunta","Vekunta malloti","Hemiptera","Derbidae"
"Veluta","Veluta albicincta","Diptera","Tachinidae"
"Verbenapis","Verbenapis verbenae",NA,NA
"Vespa","Vespa analis eisa","Hymenoptera","Vespidae"
"Vespa","Vespa holsatica","Hymenoptera","Vespidae"
"Vespa","Vespa occidentalis","Hymenoptera","Vespidae"
"Vespa","Vespa germanica","Hymenoptera","Vespidae"
"Vespa","Vespa simiUima xanthoptera","Hymenoptera","Vespidae"
"Vespa","Vespa xanthoptera","Hymenoptera","Vespidae"
"Vespa","Vespa tropica","Hymenoptera","Vespidae"
"Vespa","Vespa analis insularis","Hymenoptera","Vespidae"
"Vespa","Vespa simillima","Hymenoptera","Vespidae"
"Vespa","Vespa tropica pulchara","Hymenoptera","Vespidae"
"Vespidae","Vespidae ni",NA,NA
"Vespula","Vespula arenaria","Hymenoptera","Vespidae"
"Vespula","Vespula austriaca","Hymenoptera","Vespidae"
"Vespula","Vespula germanica","Hymenoptera","Vespidae"
"Vespula","Vespula sp1 M PL 046","Hymenoptera","Vespidae"
"Vespula","Vespula shidai amamiana","Hymenoptera","Vespidae"
"Vespula","Vespula shidai","Hymenoptera","Vespidae"
"Vespula","Vespula maculata","Hymenoptera","Vespidae"
"Vespula","Vespula vulgaris","Hymenoptera","Vespidae"
"Vespula","Vespula vidua","Hymenoptera","Vespidae"
"Vespula","Vespula schrenckii","Hymenoptera","Vespidae"
"Vespula","Vespula tewisii","Hymenoptera","Vespidae"
"Vespula","Vespula flaviceps lewisi","Hymenoptera","Vespidae"
"Vibidia","Vibidia duodecimguttata","Coleoptera","Coccinellidae"
"Vibrissiomyia","Vibrissiomyia sp",NA,NA
"Vibrissomyia","Vibrissomyia sp","Diptera","Tachinidae"
"Videa","Videa alneti",NA,NA
"Villa","Villa gayi","Diptera","Bombyliidae"
"Villa","Villa verdensis","Diptera","Bombyliidae"
"Villa","Villa arenarius","Diptera","Bombyliidae"
"Villa","Villa unifasciata Macquart","Diptera","Bombyliidae"
"Villa","Villa unifasciata","Diptera","Bombyliidae"
"Villa","Villa guttapennis","Diptera","Bombyliidae"
"Villa","Villa flavicura","Diptera","Bombyliidae"
"Villa","Villa sp1 M PL 072","Diptera","Bombyliidae"
"Villa","Villa hottentotta","Diptera","Bombyliidae"
"Villa","Villa hypoxantha","Diptera","Bombyliidae"
"Villa","Villa semifuscata","Diptera","Bombyliidae"
"Villa","Villa sp","Diptera","Bombyliidae"
"Villa","Villa sp1 M PL 019","Diptera","Bombyliidae"
"Villa","Villa  durvillei","Diptera","Bombyliidae"
"Vipio","Vipio robertsonii","Hymenoptera","Braconidae"
"Viviania","Viviania lachnosternae",NA,NA
"Vollucella","Vollucella tabanoides",NA,NA
"Vollucella","Vollucella jeddona",NA,NA
"Vollucella","Vollucella pellucens",NA,NA
"Vollucella","Vollucella deddona",NA,NA
"Vollucella","Vollucella nigricans",NA,NA
"Volucella","Volucella bombylans","Diptera","Syrphidae"
"Volucella","Volucella sp1 M PL 031","Diptera","Syrphidae"
"Volucella","Volucella jeddona","Diptera","Syrphidae"
"Volucella","Volucella vesiculosa","Diptera","Syrphidae"
"Volucella","Volucella rufomaculata","Diptera","Syrphidae"
"Volucella","Volucella pellucens","Diptera","Syrphidae"
"Volucella","Volucella evecta","Diptera","Syrphidae"
"Volucella","Volucella fasciata","Diptera","Syrphidae"
"Volucella","Volucella satur","Diptera","Syrphidae"
"Volucella","Volucella elegans","Diptera","Syrphidae"
"Vuilletus","Vuilletus viridissllis","Coleoptera","Elateridae"
"Vuilletus","Vuilletus viridis","Coleoptera","Elateridae"
"Wahlgrenia","Wahlgrenia magnicornis",NA,NA
"Wasmannia","Wasmannia auropunctata","Hymenoptera","Formicidae"
"Winthemia","Winthemia 4 pustulata","Diptera","Tachinidae"
"Xanthandrus","Xanthandrus comtus","Diptera","Syrphidae"
"Xanthidia","Xanthidia nicippe",NA,NA
"Xanthidium","Xanthidium luteolum",NA,NA
"Xanthidium","Xanthidium luteoloides",NA,NA
"Xanthochroa","Xanthochroa ainu","Coleoptera","Oedemeridae"
"Xanthochroa","Xanthochroa luteipennis","Coleoptera","Oedemeridae"
"Xanthochroa","Xanthochroa sp1 M PL 057","Coleoptera","Oedemeridae"
"Xanthochroa","Xanthochroa waterhousei","Coleoptera","Oedemeridae"
"Xanthochroa","Xanthochroa deformis","Coleoptera","Oedemeridae"
"Xanthocolletes","Xanthocolletes incahuasi",NA,NA
"Xanthocolletes","Xanthocolletes sicheli",NA,NA
"Xanthocolletes","Xanthocolletes sp",NA,NA
"Xanthogramma","Xanthogramma pedissequum","Diptera","Syrphidae"
"Xanthogramma","Xanthogramma felix","Diptera","Syrphidae"
"Xanthogramma","Xanthogramma emarginata","Diptera","Syrphidae"
"Xanthomelana","Xanthomelana arcuata",NA,NA
"Xanthonia","Xanthonia placida","Coleoptera","Chrysomelidae"
"Xanthosarus","Xanthosarus latimanus","Hymenoptera","Megachilidae"
"Xanthothyxus","Xanthothyxus mongol",NA,NA
"Xenoglossa","Xenoglossa strenua","Hymenoptera","Apidae"
"Xenoglossodes","Xenoglossodes albata","Hymenoptera","Apidae"
"Xenorhynchia","Xenorhynchia peeli","Diptera","Tachinidae"
"Xenorthrius","Xenorthrius elongatus","Coleoptera","Cleridae"
"Xerasia","Xerasia variegata","Coleoptera","Byturidae"
"Xestocephalus","Xestocephalus sp1 M PL 044","Hemiptera","Cicadellidae"
"Xestocrabro","Xestocrabro trifasciatus",NA,NA
"Xestocrabro","Xestocrabro 6 maculatus",NA,NA
"Xestocrabro","Xestocrabro texanus",NA,NA
"Xestommaster","Xestommaster sp1 M PL 009",NA,NA
"Xptocopa","Xptocopa appendiculata circumvolan",NA,NA
"Xyalosema","Xyalosema armata",NA,NA
"Xyiocopa","Xyiocopa amamensis",NA,NA
"Xyleborus","Xyleborus glabratus","Coleoptera","Curculionidae"
"Xylocopa","Xylocopa caffra","Hymenoptera","Apidae"
"Xylocopa","Xylocopa sp1 M PL 035","Hymenoptera","Apidae"
"Xylocopa","Xylocopa appendicuiata circumvolan","Hymenoptera","Apidae"
"Xylocopa","Xylocopa amamensis","Hymenoptera","Apidae"
"Xylocopa","Xylocopa augusti","Hymenoptera","Apidae"
"Xylocopa","Xylocopa iris","Hymenoptera","Apidae"
"Xylocopa","Xylocopa sp1 M PL 040","Hymenoptera","Apidae"
"Xylocopa","Xylocopa sp1 M PL 059","Hymenoptera","Apidae"
"Xylocopa","Xylocopa sp1 M PL 058","Hymenoptera","Apidae"
"Xylocopa","Xylocopa appendiculata","Hymenoptera","Apidae"
"Xylocopa","Xylocopa virginica virginica","Hymenoptera","Apidae"
"Xylocopa","Xylocopa appendicutata","Hymenoptera","Apidae"
"Xylocopa","Xylocopa appendiculata circumvolan","Hymenoptera","Apidae"
"Xylocopa","Xylocopa ciliata","Hymenoptera","Apidae"
"Xylocopa","Xylocopa fimbriata","Hymenoptera","Apidae"
"Xylocopa","Xylocopa sp1 M PL 031","Hymenoptera","Apidae"
"Xylocopa","Xylocopa violacea","Hymenoptera","Apidae"
"Xylocopa","Xylocopa cantabrita","Hymenoptera","Apidae"
"Xylocopa","Xylocopa fenestrata","Hymenoptera","Apidae"
"Xylocopa","Xylocopa darwini","Hymenoptera","Apidae"
"Xylocopa","Xylocopa grisescens","Hymenoptera","Apidae"
"Xylocopa","Xylocopa sp1 M PL 041","Hymenoptera","Apidae"
"Xylocopa","Xylocopa (Proxylocopa) olivieri","Hymenoptera","Apidae"
"Xylota","Xylota annulata","Diptera","Syrphidae"
"Xylota","Xylota hinei","Diptera","Syrphidae"
"Xylota","Xylota coquilletti","Diptera","Syrphidae"
"Xylota","Xylota angustiventris","Diptera","Syrphidae"
"Xylota","Xylota sp1 M PL 004","Diptera","Syrphidae"
"Xylota","Xylota frontaris","Diptera","Syrphidae"
"Xylota","Xylota nigra","Diptera","Syrphidae"
"Xylota","Xylota coquilletti amamiensis","Diptera","Syrphidae"
"Xylota","Xylota bicolor","Diptera","Syrphidae"
"Xylota","Xylota abiens","Diptera","Syrphidae"
"Xylota","Xylota fraudulosa","Diptera","Syrphidae"
"Xylota","Xylota simplex","Diptera","Syrphidae"
"Xylota","Xylota flavitibia","Diptera","Syrphidae"
"Xylota","Xylota bigelowi","Diptera","Syrphidae"
"Xylota","Xylota nemorum","Diptera","Syrphidae"
"Xylota","Xylota montana","Diptera","Syrphidae"
"Xysticus","Xysticus deichmanni","Araneae","Thomisidae"
"Yphthimoides","Yphthimoides celmis","Lepidoptera","Nymphalidae"
"Ypthima","Ypthima argus","Lepidoptera","Nymphalidae"
"Yramea","Yramea lathonoides",NA,NA
"Yramea","Yramea modesta",NA,NA
"Zaira","Zaira cinerea","Diptera","Tachinidae"
"Zanysson","Zanysson plesia","Hymenoptera","Crabronidae"
"Zanysson","Zanysson aurinotus","Hymenoptera","Crabronidae"
"Zaodontomerus","Zaodontomerus calcaratus",NA,NA
"Zaperdita","Zaperdita maura",NA,NA
"Zaphne","Zaphne sp1 M PL 009","Diptera","Anthomyiidae"
"Zaphne","Zaphne sp2 M PL 009","Diptera","Anthomyiidae"
"Zaphne","Zaphne frontata","Diptera","Anthomyiidae"
"Zaphne","Zaphne barbiventris","Diptera","Anthomyiidae"
"Zaprionus","Zaprionus vittiger","Diptera","Drosophilidae"
"Zaraea","Zaraea fasciata","Hymenoptera","Cimbicidae"
"Zaraea","Zaraea akebii","Hymenoptera","Cimbicidae"
"Zealandotachina","Zealandotachina varipes","Diptera","Tachinidae"
"Zealandotachina","Zealandotachina nigrifemorata","Diptera","Tachinidae"
"Zealandotachina","Zealandotachina subtilis","Diptera","Tachinidae"
"Zealandotachina","Zealandotachina quadrivittata","Diptera","Tachinidae"
"Zendalia","Zendalia zendaloides",NA,NA
"Zendalia","Zendalia acolhuus",NA,NA
"Zeraea","Zeraea americana",NA,NA
"Zerene","Zerene caesonia","Lepidoptera","Pieridae"
"Zerynthia","Zerynthia polyxena","Lepidoptera","Papilionidae"
"Zeta","Zeta canaliculata","Hymenoptera","Eumenidae"
"Zethus","Zethus spinipes","Hymenoptera","Eumenidae"
"Zethus","Zethus sp1 M PL 072","Hymenoptera","Eumenidae"
"Zeugophora","Zeugophora annulata","Coleoptera","Megalopodidae"
"Zizeeria","Zizeeria knysa","Lepidoptera","Lycaenidae"
"Zizeeria","Zizeeria maha","Lepidoptera","Lycaenidae"
"Zodion","Zodion pygmaeum","Diptera","Conopidae"
"Zodion","Zodion nanellum","Diptera","Conopidae"
"Zodion","Zodion obliquefasciatum","Diptera","Conopidae"
"Zodion","Zodion sp2 M PL 015","Diptera","Conopidae"
"Zodion","Zodion sp1 M PL 053","Diptera","Conopidae"
"Zodion","Zodion sp1 M PL 015","Diptera","Conopidae"
"Zodion","Zodion fulvifrons","Diptera","Conopidae"
"Zonitis","Zonitis immaculata","Coleoptera","Meloidae"
"Zonotrichia","Zonotrichia capensis",NA,NA
"Zophoessa","Zophoessa callipteris",NA,NA
"Zophomyia","Zophomyia temula","Diptera","Tachinidae"
"Zorion","Zorion minutum","Coleoptera","Cerambycidae"
"Zosterops","Zosterops mauritianus Gmelin",NA,NA
"Zosterops","Zosterops mauritianus",NA,NA
"Zygaena","Zygaena carniolica","Lepidoptera","Zygaenidae"
"Zygaena","Zygaena punctum","Lepidoptera","Zygaenidae"
"Zygaena","Zygaena sp1 M PL 058","Lepidoptera","Zygaenidae"
"Zygaena","Zygaena trifolii","Lepidoptera","Zygaenidae"
"Zygaena","Zygaena filipendulae","Lepidoptera","Zygaenidae"
"Zypangia","Zypangia lewisi",NA,NA
