"ID","sp.armonizado","Grado","Grado_max","Grado_relativo","Z_Grado"
"M_001","Agromyzidae sp1",1,32,0.03125,-0.532919194443825
"M_001","Agromyzidae sp2",1,32,0.03125,-0.532919194443825
"M_001","Alloscirtetica gayi",2,32,0.0625,-0.342313059204793
"M_001","Alloscirtetica rufitarsis",3,32,0.09375,-0.15170692396576
"M_001","Alloscirtetica sp",9,32,0.28125,0.991929887468433
"M_001","Andinus venustus",1,32,0.03125,-0.532919194443825
"M_001","Anthidium adriani",1,32,0.03125,-0.532919194443825
"M_001","Anthidium chilensis",8,32,0.25,0.801323752229401
"M_001","Anthidium decaspilum",4,32,0.125,0.0388992112732718
"M_001","Anthidium funereum",7,32,0.21875,0.610717616990369
"M_001","Anthidium gayi",5,32,0.15625,0.229505346512304
"M_001","Anthidium sp",1,32,0.03125,-0.532919194443825
"M_001","Anthomyiidae sp2",2,32,0.0625,-0.342313059204793
"M_001","Anthomyiidae sp4",1,32,0.03125,-0.532919194443825
"M_001","Anthophora incerta",3,32,0.09375,-0.15170692396576
"M_001","Anthophora sp",2,32,0.0625,-0.342313059204793
"M_001","Auca coctei pales",11,32,0.34375,1.3731421579465
"M_001","Bibionidae sp1",1,32,0.03125,-0.532919194443825
"M_001","Bibionidae sp2",1,32,0.03125,-0.532919194443825
"M_001","Bombus dahlbomii",7,32,0.21875,0.610717616990369
"M_001","Bombyllidae ni",1,32,0.03125,-0.532919194443825
"M_001","Cadeguala occidentalis",4,32,0.125,0.0388992112732718
"M_001","Caenohalictus sp",11,32,0.34375,1.3731421579465
"M_001","Caenohalictus sp2",1,32,0.03125,-0.532919194443825
"M_001","Caenohalictus sp3",1,32,0.03125,-0.532919194443825
"M_001","Caupolicana dimidiata",1,32,0.03125,-0.532919194443825
"M_001","Centris cineraria",15,32,0.46875,2.13556669890263
"M_001","Centris nigerrima",4,32,0.125,0.0388992112732718
"M_001","Centris sp",1,32,0.03125,-0.532919194443825
"M_001","Chaetodemoticus chilensis",2,32,0.0625,-0.342313059204793
"M_001","Chilicola sp",2,32,0.0625,-0.342313059204793
"M_001","Chilimelissa sp",1,32,0.03125,-0.532919194443825
"M_001","Coelioxys sp",1,32,0.03125,-0.532919194443825
"M_001","Coleoptera ni",6,32,0.1875,0.420111481751336
"M_001","Colletes araucariae",1,32,0.03125,-0.532919194443825
"M_001","Colletes fulvipes",1,32,0.03125,-0.532919194443825
"M_001","Colletes sp",1,32,0.03125,-0.532919194443825
"M_001","Corynura sp",1,32,0.03125,-0.532919194443825
"M_001","Dasybasis sp1",2,32,0.0625,-0.342313059204793
"M_001","Dasybasis sp2",1,32,0.03125,-0.532919194443825
"M_001","Dialictus sp",1,32,0.03125,-0.532919194443825
"M_001","Diptera ni",27,32,0.84375,4.42284032177101
"M_001","Elaphroptera relicta",1,32,0.03125,-0.532919194443825
"M_001","Eristalis tenax",1,32,0.03125,-0.532919194443825
"M_001","Etcheverrius chilensis",9,32,0.28125,0.991929887468433
"M_001","Eurygostomyia philippii",2,32,0.0625,-0.342313059204793
"M_001","Faunula leucoglene",3,32,0.09375,-0.15170692396576
"M_001","Habromyia lipoflava",2,32,0.0625,-0.342313059204793
"M_001","Hemicolletes ruizi",1,32,0.03125,-0.532919194443825
"M_001","Hymenoptera ni",22,32,0.6875,3.46980964557585
"M_001","Hypodynerus chiliotus",3,32,0.09375,-0.15170692396576
"M_001","Hypodynerus sp2",2,32,0.0625,-0.342313059204793
"M_001","Hypodynerus sp3",2,32,0.0625,-0.342313059204793
"M_001","Hypsochila wagenknecti",1,32,0.03125,-0.532919194443825
"M_001","Isepeolus niveiventris",1,32,0.03125,-0.532919194443825
"M_001","Lepidoptera ni",6,32,0.1875,0.420111481751336
"M_001","Liphanthus sabulosus",3,32,0.09375,-0.15170692396576
"M_001","Liphanthus sp2",1,32,0.03125,-0.532919194443825
"M_001","Lithurgomma wagenknechti",2,32,0.0625,-0.342313059204793
"M_001","Lycophlaeba lugubris",3,32,0.09375,-0.15170692396576
"M_001","Megachile semirufa",16,32,0.5,2.32617283414166
"M_001","Megachile sp1",13,32,0.40625,1.75435442842456
"M_001","Megachile sp2",6,32,0.1875,0.420111481751336
"M_001","Mesonychium gayi",2,32,0.0625,-0.342313059204793
"M_001","Muscidae sp",1,32,0.03125,-0.532919194443825
"M_001","Panurgineae sp",6,32,0.1875,0.420111481751336
"M_001","Phulia nymphula",1,32,0.03125,-0.532919194443825
"M_001","Prosopochaeta caliginosa",2,32,0.0625,-0.342313059204793
"M_001","Pseudolucia chilensis",2,32,0.0625,-0.342313059204793
"M_001","Ruizantheda mutabilis",2,32,0.0625,-0.342313059204793
"M_001","Ruiziella luctuosa",3,32,0.09375,-0.15170692396576
"M_001","Sarcophagidae ni",7,32,0.21875,0.610717616990369
"M_001","Scaeva melanostoma",32,32,1,5.37587099796617
"M_001","Scaptia atra",1,32,0.03125,-0.532919194443825
"M_001","Spathipalpus philippii",2,32,0.0625,-0.342313059204793
"M_001","Svastrides melanura",1,32,0.03125,-0.532919194443825
"M_001","Tabanidae ni",1,32,0.03125,-0.532919194443825
"M_001","Tachinidae ni",4,32,0.125,0.0388992112732718
"M_001","Tapinotaspis caerulea",1,32,0.03125,-0.532919194443825
"M_001","Tapinotaspis herbsti",1,32,0.03125,-0.532919194443825
"M_001","Tatochila blanchardii",1,32,0.03125,-0.532919194443825
"M_001","Tatochila mercedis",4,32,0.125,0.0388992112732718
"M_001","Troch ni",1,32,0.03125,-0.532919194443825
"M_001","Truphoecus bellus",3,32,0.09375,-0.15170692396576
"M_001","Vespidae ni",1,32,0.03125,-0.532919194443825
"M_001","Vibrissomyia sp",1,32,0.03125,-0.532919194443825
"M_001","Villa  durvillei",1,32,0.03125,-0.532919194443825
"M_001","Villa arenarius",1,32,0.03125,-0.532919194443825
"M_001","Villa gayi",1,32,0.03125,-0.532919194443825
"M_001","Villa guttapennis",1,32,0.03125,-0.532919194443825
"M_001","Villa hypoxantha",5,32,0.15625,0.229505346512304
"M_001","Villa semifuscata",3,32,0.09375,-0.15170692396576
"M_001","Villa sp",8,32,0.25,0.801323752229401
"M_001","Villa verdensis",5,32,0.15625,0.229505346512304
"M_001","Xanthocolletes incahuasi",2,32,0.0625,-0.342313059204793
"M_001","Xanthocolletes sicheli",4,32,0.125,0.0388992112732718
"M_001","Xanthocolletes sp",1,32,0.03125,-0.532919194443825
"M_001","Yramea lathonoides",3,32,0.09375,-0.15170692396576
"M_002","Agromyzidae sp1",1,21,0.0476190476190476,-0.610826331436137
"M_002","Agromyzidae sp2",1,21,0.0476190476190476,-0.610826331436137
"M_002","Alloscirtetica rufitarsis",1,21,0.0476190476190476,-0.610826331436137
"M_002","Alloscirtetica sp",2,21,0.0952380952380952,-0.334393977063579
"M_002","Andinus venustus",4,21,0.19047619047619,0.218470731681538
"M_002","Anthidium funereum",3,21,0.142857142857143,-0.0579616226910203
"M_002","Anthidium sp",2,21,0.0952380952380952,-0.334393977063579
"M_002","Anthomyiidae ni",1,21,0.0476190476190476,-0.610826331436137
"M_002","Anthomyiidae sp2",2,21,0.0952380952380952,-0.334393977063579
"M_002","Ateloglutus sp",1,21,0.0476190476190476,-0.610826331436137
"M_002","Auca coctei pales",4,21,0.19047619047619,0.218470731681538
"M_002","Bibionidae sp1",1,21,0.0476190476190476,-0.610826331436137
"M_002","Bombus dahlbomii",8,21,0.380952380952381,1.32420014917177
"M_002","Bombylliidae ni",3,21,0.142857142857143,-0.0579616226910203
"M_002","Caenohalictus sp",8,21,0.380952380952381,1.32420014917177
"M_002","Centris cana",1,21,0.0476190476190476,-0.610826331436137
"M_002","Centris cineraria",3,21,0.142857142857143,-0.0579616226910203
"M_002","Centris nigerrima",2,21,0.0952380952380952,-0.334393977063579
"M_002","Chilicola sp",1,21,0.0476190476190476,-0.610826331436137
"M_002","Coleoptera sp",2,21,0.0952380952380952,-0.334393977063579
"M_002","Colletes fulvipes",1,21,0.0476190476190476,-0.610826331436137
"M_002","Colletes sp",1,21,0.0476190476190476,-0.610826331436137
"M_002","Dasybasis sp1",1,21,0.0476190476190476,-0.610826331436137
"M_002","Diptera ni",21,21,1,4.91782075601503
"M_002","Etcheverrius chilensis",7,21,0.333333333333333,1.04776779479921
"M_002","Faunula leucoglene",5,21,0.238095238095238,0.494903086054097
"M_002","Gayella reedi",2,21,0.0952380952380952,-0.334393977063579
"M_002","Habromyia lipoflava",5,21,0.238095238095238,0.494903086054097
"M_002","Hymenoptera ni",4,21,0.19047619047619,0.218470731681538
"M_002","Hypodynerus  sp3",1,21,0.0476190476190476,-0.610826331436137
"M_002","Hypodynerus chiliotus",6,21,0.285714285714286,0.771335440426655
"M_002","Hypodynerus sp2",2,21,0.0952380952380952,-0.334393977063579
"M_002","Lepidoptera ni",4,21,0.19047619047619,0.218470731681538
"M_002","Lycophlaeba lugubris",1,21,0.0476190476190476,-0.610826331436137
"M_002","Megachile semirufa",4,21,0.19047619047619,0.218470731681538
"M_002","Megachile sp1",4,21,0.19047619047619,0.218470731681538
"M_002","Megachile sp2",1,21,0.0476190476190476,-0.610826331436137
"M_002","Megachile sp4",1,21,0.0476190476190476,-0.610826331436137
"M_002","Megachile sp5",3,21,0.142857142857143,-0.0579616226910203
"M_002","Panurgineae sp",2,21,0.0952380952380952,-0.334393977063579
"M_002","Phulia nymphula",2,21,0.0952380952380952,-0.334393977063579
"M_002","Prosopochaeta caliginosa",6,21,0.285714285714286,0.771335440426655
"M_002","Pseudolucia chilensis",3,21,0.142857142857143,-0.0579616226910203
"M_002","Sarcophagidae ni",12,21,0.571428571428571,2.42992956666201
"M_002","Scaeva melanostoma",15,21,0.714285714285714,3.25922662977968
"M_002","Spathipalpus philippii",1,21,0.0476190476190476,-0.610826331436137
"M_002","Tabanidae ni",1,21,0.0476190476190476,-0.610826331436137
"M_002","Tachinidae ni",9,21,0.428571428571429,1.60063250354433
"M_002","Tatochila blanchardii",1,21,0.0476190476190476,-0.610826331436137
"M_002","Tatochila mercedis",2,21,0.0952380952380952,-0.334393977063579
"M_002","Troch ni",1,21,0.0476190476190476,-0.610826331436137
"M_002","Vespidae ni",1,21,0.0476190476190476,-0.610826331436137
"M_002","Vibrissomyia sp",2,21,0.0952380952380952,-0.334393977063579
"M_002","Villa arenarius",1,21,0.0476190476190476,-0.610826331436137
"M_002","Villa flavicura",1,21,0.0476190476190476,-0.610826331436137
"M_002","Villa gayi",1,21,0.0476190476190476,-0.610826331436137
"M_002","Villa hypoxantha",2,21,0.0952380952380952,-0.334393977063579
"M_002","Villa semifuscata",1,21,0.0476190476190476,-0.610826331436137
"M_002","Villa sp",4,21,0.19047619047619,0.218470731681538
"M_002","Villa verdensis",1,21,0.0476190476190476,-0.610826331436137
"M_002","Yramea lathonoides",1,21,0.0476190476190476,-0.610826331436137
"M_002","Yramea modesta",4,21,0.19047619047619,0.218470731681538
"M_003","Andinus venustus",1,20,0.05,-0.535169595126075
"M_003","Anthidium sp",7,20,0.35,0.891949325210125
"M_003","Bombus dahlbomii",3,20,0.15,-0.0594632883473417
"M_003","Bombyllidae ni",1,20,0.05,-0.535169595126075
"M_003","Coleoptera ni",1,20,0.05,-0.535169595126075
"M_003","Cynthia terpsichore",1,20,0.05,-0.535169595126075
"M_003","Dasybasis sp1",1,20,0.05,-0.535169595126075
"M_003","Diptera ni",20,20,1,3.98404031927189
"M_003","Faunula leucoglene",4,20,0.2,0.178389865042025
"M_003","Habromyia lipoflava",2,20,0.1,-0.297316441736708
"M_003","Hymenoptera ni",4,20,0.2,0.178389865042025
"M_003","Hypsochila wagenknecti",1,20,0.05,-0.535169595126075
"M_003","Megachile semirufa",1,20,0.05,-0.535169595126075
"M_003","Megachile sp5",3,20,0.15,-0.0594632883473417
"M_003","Phulia nymphula",6,20,0.3,0.654096171820758
"M_003","Pseudolucia chilensis",1,20,0.05,-0.535169595126075
"M_003","Sarcophagidae ni",3,20,0.15,-0.0594632883473417
"M_003","Sarcophagidae sp",2,20,0.1,-0.297316441736708
"M_003","Scaeva melanostoma",9,20,0.45,1.36765563198886
"M_003","Stenanthidium espinosai",2,20,0.1,-0.297316441736708
"M_003","Syrphidae ni",1,20,0.05,-0.535169595126075
"M_003","Tachinidae ni",1,20,0.05,-0.535169595126075
"M_003","Tatochila mercedis",1,20,0.05,-0.535169595126075
"M_003","Troch ni",1,20,0.05,-0.535169595126075
"M_003","Troch ni 1",1,20,0.05,-0.535169595126075
"M_003","Vibrissiomyia sp",1,20,0.05,-0.535169595126075
"M_003","Villa sp",1,20,0.05,-0.535169595126075
"M_003","Yramea modesta",11,20,0.55,1.84336193876759
"M_004","Acmaeopsoides rufula",1,8,0.125,-0.494726086933375
"M_004","Agiotes stabilis",1,8,0.125,-0.494726086933375
"M_004","Ancistrocerus sp1 M PL 004",1,8,0.125,-0.494726086933375
"M_004","Andrena melanochroa",1,8,0.125,-0.494726086933375
"M_004","Andrena miranda",2,8,0.25,0.281613311023613
"M_004","Andrena nivalis",2,8,0.25,0.281613311023613
"M_004","Andrena rufosignata",1,8,0.125,-0.494726086933375
"M_004","Andrena sigmundi",1,8,0.125,-0.494726086933375
"M_004","Andrena thaspii",1,8,0.125,-0.494726086933375
"M_004","Andrena w scripta",2,8,0.25,0.281613311023613
"M_004","Andrena wheeleri",1,8,0.125,-0.494726086933375
"M_004","Andrena wilkella",1,8,0.125,-0.494726086933375
"M_004","Anthaxia expansa",2,8,0.25,0.281613311023613
"M_004","Anthonomus sp1 M PL 004",1,8,0.125,-0.494726086933375
"M_004","Blera badia",1,8,0.125,-0.494726086933375
"M_004","Blera confusa",1,8,0.125,-0.494726086933375
"M_004","Blera nigripes",1,8,0.125,-0.494726086933375
"M_004","Bombus perplexus",2,8,0.25,0.281613311023613
"M_004","Bombus ternarius",2,8,0.25,0.281613311023613
"M_004","Bombus terricola",4,8,0.5,1.83429210693759
"M_004","Bombus vagans",8,8,1,4.93964969876554
"M_004","Bombylius major",2,8,0.25,0.281613311023613
"M_004","Bombylius pigmaeus",1,8,0.125,-0.494726086933375
"M_004","Cantharis sp1 M PL 004",1,8,0.125,-0.494726086933375
"M_004","Carposcalis confusus",5,8,0.625,2.61063150489458
"M_004","Carposcalis obscura",1,8,0.125,-0.494726086933375
"M_004","Cateres pennatus",1,8,0.125,-0.494726086933375
"M_004","Celastrina argiolus",1,8,0.125,-0.494726086933375
"M_004","Chalcosyrphus curvarius",1,8,0.125,-0.494726086933375
"M_004","Chalcosyrphus inarmatus",1,8,0.125,-0.494726086933375
"M_004","Chalcosyrphus memorum",1,8,0.125,-0.494726086933375
"M_004","Chalcosyrphus nigra",1,8,0.125,-0.494726086933375
"M_004","Cheilosia pallipes",1,8,0.125,-0.494726086933375
"M_004","Cheilosia sialia",1,8,0.125,-0.494726086933375
"M_004","Cheilosia slossonae",1,8,0.125,-0.494726086933375
"M_004","Cheilosia tristis",1,8,0.125,-0.494726086933375
"M_004","Crabro sp1 M PL 004",2,8,0.25,0.281613311023613
"M_004","Dalopius sp1 M PL 004",1,8,0.125,-0.494726086933375
"M_004","Dialictus cressoni",4,8,0.5,1.83429210693759
"M_004","Dialictus imitatus",2,8,0.25,0.281613311023613
"M_004","Dialictus sp1 M PL 004",8,8,1,4.93964969876554
"M_004","Eclimus harrisi",2,8,0.25,0.281613311023613
"M_004","Ephemerella sp1 M PL 004",1,8,0.125,-0.494726086933375
"M_004","Eremomyioides setosa",1,8,0.125,-0.494726086933375
"M_004","Eudasyphora cyanicolor",1,8,0.125,-0.494726086933375
"M_004","Eupyses vestris",1,8,0.125,-0.494726086933375
"M_004","Eusphalerum convexum",2,8,0.25,0.281613311023613
"M_004","Eusphalerum phothos",3,8,0.375,1.0579527089806
"M_004","Eusphalerum sp1 M PL 004",5,8,0.625,2.61063150489458
"M_004","Evodinus monticola",1,8,0.125,-0.494726086933375
"M_004","Evylaeus divergens",2,8,0.25,0.281613311023613
"M_004","Evylaeus quebecensis",4,8,0.5,1.83429210693759
"M_004","Fannia ungulata",1,8,0.125,-0.494726086933375
"M_004","Halictus rubicundus",2,8,0.25,0.281613311023613
"M_004","Hoplitis producta",1,8,0.125,-0.494726086933375
"M_004","Hylaeus basalis",1,8,0.125,-0.494726086933375
"M_004","Hylaeus ellipticus",1,8,0.125,-0.494726086933375
"M_004","Hylaeus stevensi",1,8,0.125,-0.494726086933375
"M_004","Judolia montivagans",1,8,0.125,-0.494726086933375
"M_004","Lygus refidorsus",1,8,0.125,-0.494726086933375
"M_004","Mallota posticata",2,8,0.25,0.281613311023613
"M_004","Melagyna lasiophthalma",2,8,0.25,0.281613311023613
"M_004","Melanostoma sp1 M PL 004",1,8,0.125,-0.494726086933375
"M_004","Nomada cuneata",1,8,0.125,-0.494726086933375
"M_004","Nomada sayi",1,8,0.125,-0.494726086933375
"M_004","Orsodacne atra",1,8,0.125,-0.494726086933375
"M_004","Orthoneura pulchella",2,8,0.25,0.281613311023613
"M_004","Osmia lignaria",1,8,0.125,-0.494726086933375
"M_004","Osmia proxima",2,8,0.25,0.281613311023613
"M_004","Osmia pumila",1,8,0.125,-0.494726086933375
"M_004","Paramyia nitens",2,8,0.25,0.281613311023613
"M_004","Parasyrphus relictus",3,8,0.375,1.0579527089806
"M_004","Passaloecus sp1 M PL 004",1,8,0.125,-0.494726086933375
"M_004","Pegohylemyia fugax",1,8,0.125,-0.494726086933375
"M_004","Phalaenophana pyramusalis",1,8,0.125,-0.494726086933375
"M_004","Phaonia serva",2,8,0.25,0.281613311023613
"M_004","Pidonia ruficolis",2,8,0.25,0.281613311023613
"M_004","Pieris napi",1,8,0.125,-0.494726086933375
"M_004","Poanes hobomok",1,8,0.125,-0.494726086933375
"M_004","Psithyrus sp1 M PL 004",1,8,0.125,-0.494726086933375
"M_004","Pyrophaena rosarum",1,8,0.125,-0.494726086933375
"M_004","Rhopalum sp1 M PL 004",1,8,0.125,-0.494726086933375
"M_004","Sarcophaga nearctica",2,8,0.25,0.281613311023613
"M_004","Seladonia confusa",1,8,0.125,-0.494726086933375
"M_004","Sphaerophoria bifurcata",5,8,0.625,2.61063150489458
"M_004","Sphaerophoria longipilosa",1,8,0.125,-0.494726086933375
"M_004","Sphaerophoria sp1 M PL 004",3,8,0.375,1.0579527089806
"M_004","Sphecodes sp1 M PL 004",1,8,0.125,-0.494726086933375
"M_004","Syritta pipiens",1,8,0.125,-0.494726086933375
"M_004","Syritta rectus",1,8,0.125,-0.494726086933375
"M_004","Temnostoma alternans",1,8,0.125,-0.494726086933375
"M_004","Temnostoma balyras",1,8,0.125,-0.494726086933375
"M_004","Temnostoma barberi",1,8,0.125,-0.494726086933375
"M_004","Thamnotettix confinis",1,8,0.125,-0.494726086933375
"M_004","Trachysida aspera",1,8,0.125,-0.494726086933375
"M_004","Tropidia quadrata",2,8,0.25,0.281613311023613
"M_004","Tychius stephensi",1,8,0.125,-0.494726086933375
"M_004","Vespula arenaria",1,8,0.125,-0.494726086933375
"M_004","Xylota bigelowi",1,8,0.125,-0.494726086933375
"M_004","Xylota hinei",2,8,0.25,0.281613311023613
"M_004","Xylota sp1 M PL 004",1,8,0.125,-0.494726086933375
"M_004","Zeraea americana",2,8,0.25,0.281613311023613
"M_005","Acmaeops longicornis",5,37,0.135135135135135,0.334969501375053
"M_005","Acmaeops pratensis",3,37,0.0810810810810811,-0.0726261308291045
"M_005","Agapostemon coloradinus",2,37,0.0540540540540541,-0.276423946931183
"M_005","Agapostemon sp1 M PL 005",2,37,0.0540540540540541,-0.276423946931183
"M_005","Agapostemon splendens",4,37,0.108108108108108,0.131171685272974
"M_005","Agathis vulgaris",1,37,0.027027027027027,-0.480221763033262
"M_005","Ancistrocerus sp1 M PL 005",5,37,0.135135135135135,0.334969501375053
"M_005","Andrena apacheorum",2,37,0.0540540540540541,-0.276423946931183
"M_005","Andrena barbilabris",1,37,0.027027027027027,-0.480221763033262
"M_005","Andrena braccata",1,37,0.027027027027027,-0.480221763033262
"M_005","Andrena canadensis",2,37,0.0540540540540541,-0.276423946931183
"M_005","Andrena crataegi",9,37,0.243243243243243,1.15016076578337
"M_005","Andrena edwiniae",2,37,0.0540540540540541,-0.276423946931183
"M_005","Andrena gardineri",1,37,0.027027027027027,-0.480221763033262
"M_005","Andrena imitatrix",1,37,0.027027027027027,-0.480221763033262
"M_005","Andrena lewisi",1,37,0.027027027027027,-0.480221763033262
"M_005","Andrena madronitens",14,37,0.378378378378378,2.16914984629376
"M_005","Andrena prunorum",4,37,0.108108108108108,0.131171685272974
"M_005","Andrena sp1 M PL 005",3,37,0.0810810810810811,-0.0726261308291045
"M_005","Andrena vicina",10,37,0.27027027027027,1.35395858188545
"M_005","Andrena washingtoni",2,37,0.0540540540540541,-0.276423946931183
"M_005","Andronicus sp1 M PL 005",4,37,0.108108108108108,0.131171685272974
"M_005","Anthidium tenuiflorae",1,37,0.027027027027027,-0.480221763033262
"M_005","Anthomyia sp1 M PL 005",1,37,0.027027027027027,-0.480221763033262
"M_005","Anthophora bomboides",1,37,0.027027027027027,-0.480221763033262
"M_005","Anthophora neomexicana",1,37,0.027027027027027,-0.480221763033262
"M_005","Anthophora occidentalis",1,37,0.027027027027027,-0.480221763033262
"M_005","Anthophora quadricolor",3,37,0.0810810810810811,-0.0726261308291045
"M_005","Anthophora simillima",11,37,0.297297297297297,1.55775639798753
"M_005","Anthrax alternata",1,37,0.027027027027027,-0.480221763033262
"M_005","Anthrax fulviana",1,37,0.027027027027027,-0.480221763033262
"M_005","Anthrax halycon",1,37,0.027027027027027,-0.480221763033262
"M_005","Anthrax hypomelas",2,37,0.0540540540540541,-0.276423946931183
"M_005","Anthrax lateralis",1,37,0.027027027027027,-0.480221763033262
"M_005","Anthrax nigra",1,37,0.027027027027027,-0.480221763033262
"M_005","Anthrax sinuosa",2,37,0.0540540540540541,-0.276423946931183
"M_005","Anthrax tegminipennis",1,37,0.027027027027027,-0.480221763033262
"M_005","Apanteles sp1 M PL 005",1,37,0.027027027027027,-0.480221763033262
"M_005","Apis mellifera",22,37,0.594594594594595,3.79953237511039
"M_005","Archytas sp1 M PL 005",1,37,0.027027027027027,-0.480221763033262
"M_005","Arctophila flagrans",1,37,0.027027027027027,-0.480221763033262
"M_005","Argynnis atlantis",4,37,0.108108108108108,0.131171685272974
"M_005","Argynnis eurynome",4,37,0.108108108108108,0.131171685272974
"M_005","Atrytone taxiles",4,37,0.108108108108108,0.131171685272974
"M_005","Basilarchia weidemeyeri",1,37,0.027027027027027,-0.480221763033262
"M_005","Bembix spinolae",1,37,0.027027027027027,-0.480221763033262
"M_005","Bombomelecta fulvida",3,37,0.0810810810810811,-0.0726261308291045
"M_005","Bombus americanorum",3,37,0.0810810810810811,-0.0726261308291045
"M_005","Bombus appositus",15,37,0.405405405405405,2.37294766239584
"M_005","Bombus bifarius",21,37,0.567567567567568,3.59573455900831
"M_005","Bombus centralis",5,37,0.135135135135135,0.334969501375053
"M_005","Bombus dorsalis",1,37,0.027027027027027,-0.480221763033262
"M_005","Bombus edwardsi",37,37,1,6.85649961664157
"M_005","Bombus fervidus",6,37,0.162162162162162,0.538767317477132
"M_005","Bombus flavifrons",16,37,0.432432432432432,2.57674547849792
"M_005","Bombus fulvida",2,37,0.0540540540540541,-0.276423946931183
"M_005","Bombus hunti",30,37,0.810810810810811,5.42991490392702
"M_005","Bombus hyperboreus subsp. albertensis",12,37,0.324324324324324,1.7615542140896
"M_005","Bombus juxtus",27,37,0.72972972972973,4.81852145562079
"M_005","Bombus kirbyellus",8,37,0.216216216216216,0.94636294968129
"M_005","Bombus morrisoni",12,37,0.324324324324324,1.7615542140896
"M_005","Bombus nevadensis",5,37,0.135135135135135,0.334969501375053
"M_005","Bombus occidentalis",32,37,0.864864864864865,5.83751053613118
"M_005","Bombus pennsylvanicus",1,37,0.027027027027027,-0.480221763033262
"M_005","Bombylius atriceps",1,37,0.027027027027027,-0.480221763033262
"M_005","Brachyopa notata",2,37,0.0540540540540541,-0.276423946931183
"M_005","Bracon helena",1,37,0.027027027027027,-0.480221763033262
"M_005","Bracon vulgaris",1,37,0.027027027027027,-0.480221763033262
"M_005","Brenthis helena",1,37,0.027027027027027,-0.480221763033262
"M_005","Brenthis triclaris",2,37,0.0540540540540541,-0.276423946931183
"M_005","Calliphora vomitoria",1,37,0.027027027027027,-0.480221763033262
"M_005","Celerio lineata",2,37,0.0540540540540541,-0.276423946931183
"M_005","Cenis uhleri",1,37,0.027027027027027,-0.480221763033262
"M_005","Cerastomia lignaria",1,37,0.027027027027027,-0.480221763033262
"M_005","Ceratina sp1 M PL 005",3,37,0.0810810810810811,-0.0726261308291045
"M_005","Chilosia petulca",1,37,0.027027027027027,-0.480221763033262
"M_005","Chilosia tristis",1,37,0.027027027027027,-0.480221763033262
"M_005","Chionobis macouni",3,37,0.0810810810810811,-0.0726261308291045
"M_005","Chrysogsater parva",1,37,0.027027027027027,-0.480221763033262
"M_005","Chrysophanus helloides",3,37,0.0810810810810811,-0.0726261308291045
"M_005","Chrysophanus rubidus",3,37,0.0810810810810811,-0.0726261308291045
"M_005","Chrysophanus sirius",1,37,0.027027027027027,-0.480221763033262
"M_005","Chrysotoxum integrum",2,37,0.0540540540540541,-0.276423946931183
"M_005","Chrysotoxum upsilon",1,37,0.027027027027027,-0.480221763033262
"M_005","Chrysotoxum ventricosum",1,37,0.027027027027027,-0.480221763033262
"M_005","Clisodon sp1 M PL 005",1,37,0.027027027027027,-0.480221763033262
"M_005","Clisodon terminalis",15,37,0.405405405405405,2.37294766239584
"M_005","Coelioxys moesta",2,37,0.0540540540540541,-0.276423946931183
"M_005","Coenonympha pamphiloides",3,37,0.0810810810810811,-0.0726261308291045
"M_005","Colias alexandra",1,37,0.027027027027027,-0.480221763033262
"M_005","Colias edwardsi",1,37,0.027027027027027,-0.480221763033262
"M_005","Colias keewaydina",1,37,0.027027027027027,-0.480221763033262
"M_005","Colias scudderi",1,37,0.027027027027027,-0.480221763033262
"M_005","Colletes americanus",2,37,0.0540540540540541,-0.276423946931183
"M_005","Colletes kincaidi",4,37,0.108108108108108,0.131171685272974
"M_005","Colletes oromontis",10,37,0.27027027027027,1.35395858188545
"M_005","Colletes sieverti",1,37,0.027027027027027,-0.480221763033262
"M_005","Colletes sp1 M PL 005",1,37,0.027027027027027,-0.480221763033262
"M_005","Ctenucha sp1 M PL 005",2,37,0.0540540540540541,-0.276423946931183
"M_005","Curtipogon leucozona",1,37,0.027027027027027,-0.480221763033262
"M_005","Dasyllis fernaldi",2,37,0.0540540540540541,-0.276423946931183
"M_005","Dejeania vexatrix",3,37,0.0810810810810811,-0.0726261308291045
"M_005","Dolichovespula arctica",2,37,0.0540540540540541,-0.276423946931183
"M_005","Dolichovespula diabolica",1,37,0.027027027027027,-0.480221763033262
"M_005","Echinomyia algens",3,37,0.0810810810810811,-0.0726261308291045
"M_005","Echinomyia decias",1,37,0.027027027027027,-0.480221763033262
"M_005","Ectemius montanus",1,37,0.027027027027027,-0.480221763033262
"M_005","Ectemius muricatus",1,37,0.027027027027027,-0.480221763033262
"M_005","Eliphilus latifrons",1,37,0.027027027027027,-0.480221763033262
"M_005","Epalpus bicolor",3,37,0.0810810810810811,-0.0726261308291045
"M_005","Epalpus rufus",2,37,0.0540540540540541,-0.276423946931183
"M_005","Epeolus helianthi",1,37,0.027027027027027,-0.480221763033262
"M_005","Erebia epipsodea",4,37,0.108108108108108,0.131171685272974
"M_005","Eristalis arbustorum",2,37,0.0540540540540541,-0.276423946931183
"M_005","Eristalis dimidiatus",1,37,0.027027027027027,-0.480221763033262
"M_005","Eristalis flavipes",1,37,0.027027027027027,-0.480221763033262
"M_005","Eristalis latifrons",3,37,0.0810810810810811,-0.0726261308291045
"M_005","Eristalis meigeni",1,37,0.027027027027027,-0.480221763033262
"M_005","Eristalis temporalis",3,37,0.0810810810810811,-0.0726261308291045
"M_005","Eristalis tenax",1,37,0.027027027027027,-0.480221763033262
"M_005","Erizoa olivalis",1,37,0.027027027027027,-0.480221763033262
"M_005","Erynnis leonardus snowi",2,37,0.0540540540540541,-0.276423946931183
"M_005","Exoprosopa caliptera",1,37,0.027027027027027,-0.480221763033262
"M_005","Exoprosopa divisa",1,37,0.027027027027027,-0.480221763033262
"M_005","Exoprosopa volucris",1,37,0.027027027027027,-0.480221763033262
"M_005","Foenus perplexus",1,37,0.027027027027027,-0.480221763033262
"M_005","Geocoris bullatus",1,37,0.027027027027027,-0.480221763033262
"M_005","Glypta sp1 M PL 005",1,37,0.027027027027027,-0.480221763033262
"M_005","Gnophaela vermiculata",5,37,0.135135135135135,0.334969501375053
"M_005","Gonochrysis densa",1,37,0.027027027027027,-0.480221763033262
"M_005","Grapta hylas",1,37,0.027027027027027,-0.480221763033262
"M_005","Halictus chloralictus",10,37,0.27027027027027,1.35395858188545
"M_005","Halictus fendleri",1,37,0.027027027027027,-0.480221763033262
"M_005","Halictus lerouxi",1,37,0.027027027027027,-0.480221763033262
"M_005","Halictus manitonellus",2,37,0.0540540540540541,-0.276423946931183
"M_005","Halictus medionitens",5,37,0.135135135135135,0.334969501375053
"M_005","Halictus pulzenus",17,37,0.459459459459459,2.7805432946
"M_005","Halictus sp1 M PL 005",10,37,0.27027027027027,1.35395858188545
"M_005","Halictus sp2 M PL 005",8,37,0.216216216216216,0.94636294968129
"M_005","Halictus sp3 M PL 005",11,37,0.297297297297297,1.55775639798753
"M_005","Halicyoides mamus",1,37,0.027027027027027,-0.480221763033262
"M_005","Hammerschmidtia ferruginea",3,37,0.0810810810810811,-0.0726261308291045
"M_005","Heriades gracilior",3,37,0.0810810810810811,-0.0726261308291045
"M_005","Heringia salix",1,37,0.027027027027027,-0.480221763033262
"M_005","Hyloicus separatus",1,37,0.027027027027027,-0.480221763033262
"M_005","Irbisia brachycerus",5,37,0.135135135135135,0.334969501375053
"M_005","Lemonias nubigena wheeleri",3,37,0.0810810810810811,-0.0726261308291045
"M_005","Leptura chrysocoma",1,37,0.027027027027027,-0.480221763033262
"M_005","Lithargus apicalis opuntiae",1,37,0.027027027027027,-0.480221763033262
"M_005","Lycaena glaucon",1,37,0.027027027027027,-0.480221763033262
"M_005","Lycaena pseudargiolus",1,37,0.027027027027027,-0.480221763033262
"M_005","Lygus pratensis",1,37,0.027027027027027,-0.480221763033262
"M_005","Mallota flavoterminata",1,37,0.027027027027027,-0.480221763033262
"M_005","Megachile gemula albula",1,37,0.027027027027027,-0.480221763033262
"M_005","Megachile pugnata",5,37,0.135135135135135,0.334969501375053
"M_005","Megachile relativa",4,37,0.108108108108108,0.131171685272974
"M_005","Megachile sp1 M PL 005",2,37,0.0540540540540541,-0.276423946931183
"M_005","Megachile texana",2,37,0.0540540540540541,-0.276423946931183
"M_005","Megachile vidua",1,37,0.027027027027027,-0.480221763033262
"M_005","Megachile wootoni",12,37,0.324324324324324,1.7615542140896
"M_005","Megachile wootoni calogaster",5,37,0.135135135135135,0.334969501375053
"M_005","Melissodes aurigenia",1,37,0.027027027027027,-0.480221763033262
"M_005","Melissodes fremonti",2,37,0.0540540540540541,-0.276423946931183
"M_005","Melissodes sp1 M PL 005",1,37,0.027027027027027,-0.480221763033262
"M_005","Melitaea sp1 M PL 005",2,37,0.0540540540540541,-0.276423946931183
"M_005","Melitaea whitneyi",1,37,0.027027027027027,-0.480221763033262
"M_005","Mesogramma marginata",1,37,0.027027027027027,-0.480221763033262
"M_005","Microdon cothurnatus",1,37,0.027027027027027,-0.480221763033262
"M_005","Monumetha albifrons",13,37,0.351351351351351,1.96535203019168
"M_005","Monumetha argentifrons",1,37,0.027027027027027,-0.480221763033262
"M_005","Mordella melaena",1,37,0.027027027027027,-0.480221763033262
"M_005","Myopa clausa",1,37,0.027027027027027,-0.480221763033262
"M_005","Nathalis iole",1,37,0.027027027027027,-0.480221763033262
"M_005","Nomada sp1 M PL 005",2,37,0.0540540540540541,-0.276423946931183
"M_005","Odynerus annulatus",2,37,0.0540540540540541,-0.276423946931183
"M_005","Omalus sp1 M PL 005",1,37,0.027027027027027,-0.480221763033262
"M_005","Ophion sp1 M PL 005",1,37,0.027027027027027,-0.480221763033262
"M_005","Osmia abnormis",1,37,0.027027027027027,-0.480221763033262
"M_005","Osmia albolateralis",1,37,0.027027027027027,-0.480221763033262
"M_005","Osmia bella",1,37,0.027027027027027,-0.480221763033262
"M_005","Osmia brevis",1,37,0.027027027027027,-0.480221763033262
"M_005","Osmia bruneri",7,37,0.189189189189189,0.742565133579211
"M_005","Osmia coloradella",2,37,0.0540540540540541,-0.276423946931183
"M_005","Osmia densa",9,37,0.243243243243243,1.15016076578337
"M_005","Osmia fulgida",4,37,0.108108108108108,0.131171685272974
"M_005","Osmia hypoleuca",3,37,0.0810810810810811,-0.0726261308291045
"M_005","Osmia megacephala",1,37,0.027027027027027,-0.480221763033262
"M_005","Osmia melanotricha",6,37,0.162162162162162,0.538767317477132
"M_005","Osmia nigrifrons",2,37,0.0540540540540541,-0.276423946931183
"M_005","Osmia pentstemonis",5,37,0.135135135135135,0.334969501375053
"M_005","Osmia phaceliae",5,37,0.135135135135135,0.334969501375053
"M_005","Osmia propinqua",5,37,0.135135135135135,0.334969501375053
"M_005","Osmia pusilla",1,37,0.027027027027027,-0.480221763033262
"M_005","Osmia rohweri",1,37,0.027027027027027,-0.480221763033262
"M_005","Osmia sp1 M PL 005",3,37,0.0810810810810811,-0.0726261308291045
"M_005","Osmia wardiana",1,37,0.027027027027027,-0.480221763033262
"M_005","Oxybelus sp1 M PL 005",1,37,0.027027027027027,-0.480221763033262
"M_005","Panurginus cressoniellus",5,37,0.135135135135135,0.334969501375053
"M_005","Panurginus sp1 M PL 005",5,37,0.135135135135135,0.334969501375053
"M_005","Panzeria radicum",2,37,0.0540540540540541,-0.276423946931183
"M_005","Papilio rutulus",1,37,0.027027027027027,-0.480221763033262
"M_005","Paragus bicolor",1,37,0.027027027027027,-0.480221763033262
"M_005","Parnassius clodius",2,37,0.0540540540540541,-0.276423946931183
"M_005","Parnassius smintheus",6,37,0.162162162162162,0.538767317477132
"M_005","Peleteria robusta",1,37,0.027027027027027,-0.480221763033262
"M_005","Phorbia fusciceps",1,37,0.027027027027027,-0.480221763033262
"M_005","Phormia camillus",2,37,0.0540540540540541,-0.276423946931183
"M_005","Phormia regina",2,37,0.0540540540540541,-0.276423946931183
"M_005","Pieris protodice",1,37,0.027027027027027,-0.480221763033262
"M_005","Pieris sisymbri",1,37,0.027027027027027,-0.480221763033262
"M_005","Pipiza sp1 M PL 005",1,37,0.027027027027027,-0.480221763033262
"M_005","Pipiza vanduzeei",1,37,0.027027027027027,-0.480221763033262
"M_005","Pompiloides sp1 M PL 005",2,37,0.0540540540540541,-0.276423946931183
"M_005","Prosopis basalis",7,37,0.189189189189189,0.742565133579211
"M_005","Prosopis coloradensis",1,37,0.027027027027027,-0.480221763033262
"M_005","Prosopis cressoni",1,37,0.027027027027027,-0.480221763033262
"M_005","Prosopis elliptica",13,37,0.351351351351351,1.96535203019168
"M_005","Prosopis episcopalis",3,37,0.0810810810810811,-0.0726261308291045
"M_005","Prosopis sp1 M PL 005",1,37,0.027027027027027,-0.480221763033262
"M_005","Prosopis tridentula",1,37,0.027027027027027,-0.480221763033262
"M_005","Prosopis varifrons",11,37,0.297297297297297,1.55775639798753
"M_005","Prosopis wootoni",4,37,0.108108108108108,0.131171685272974
"M_005","Protoparce quinquemaculatus",1,37,0.027027027027027,-0.480221763033262
"M_005","Protothyreopus dilectus",1,37,0.027027027027027,-0.480221763033262
"M_005","Psammophila violacepennis",1,37,0.027027027027027,-0.480221763033262
"M_005","Pseudomasaris vespoides",11,37,0.297297297297297,1.55775639798753
"M_005","Pseudomelecta californica miranda",1,37,0.027027027027027,-0.480221763033262
"M_005","Psithyrus ashtoni",1,37,0.027027027027027,-0.480221763033262
"M_005","Psithyrus consultus",3,37,0.0810810810810811,-0.0726261308291045
"M_005","Psithyrus fernaldae",1,37,0.027027027027027,-0.480221763033262
"M_005","Psithyrus insularis",6,37,0.162162162162162,0.538767317477132
"M_005","Ptilodexia harpasa",1,37,0.027027027027027,-0.480221763033262
"M_005","Pyrameis atlanta",2,37,0.0540540540540541,-0.276423946931183
"M_005","Satyrus charon",3,37,0.0810810810810811,-0.0726261308291045
"M_005","Scaba opinator",1,37,0.027027027027027,-0.480221763033262
"M_005","Selasphorus platycercus",6,37,0.162162162162162,0.538767317477132
"M_005","Solenius sp1 M PL 005",1,37,0.027027027027027,-0.480221763033262
"M_005","Specomyia vittata",1,37,0.027027027027027,-0.480221763033262
"M_005","Spegina infuscata",1,37,0.027027027027027,-0.480221763033262
"M_005","Sphaerophoria cylindrica",1,37,0.027027027027027,-0.480221763033262
"M_005","Sphecodes sophiae",7,37,0.189189189189189,0.742565133579211
"M_005","Sphex vulgaris",1,37,0.027027027027027,-0.480221763033262
"M_005","Sterictophora sp1 M PL 005",1,37,0.027027027027027,-0.480221763033262
"M_005","Synanthedon albicornis",1,37,0.027027027027027,-0.480221763033262
"M_005","Syritta pipiens",1,37,0.027027027027027,-0.480221763033262
"M_005","Syrphus amalopis",1,37,0.027027027027027,-0.480221763033262
"M_005","Syrphus americanus",9,37,0.243243243243243,1.15016076578337
"M_005","Syrphus disgregus",1,37,0.027027027027027,-0.480221763033262
"M_005","Syrphus nitens",1,37,0.027027027027027,-0.480221763033262
"M_005","Syrphus opinator",5,37,0.135135135135135,0.334969501375053
"M_005","Systoechus vulgaris",3,37,0.0810810810810811,-0.0726261308291045
"M_005","Tabanus rhombicus",1,37,0.027027027027027,-0.480221763033262
"M_005","Temnostoma aequale",1,37,0.027027027027027,-0.480221763033262
"M_005","Tenthredella flavomarginis",1,37,0.027027027027027,-0.480221763033262
"M_005","Tenthredella unicincta",2,37,0.0540540540540541,-0.276423946931183
"M_005","Tetrachrysis lauta",1,37,0.027027027027027,-0.480221763033262
"M_005","Tetraopes sp1 M PL 005",1,37,0.027027027027027,-0.480221763033262
"M_005","Thanaos martialis",8,37,0.216216216216216,0.94636294968129
"M_005","Thanaos propertius",1,37,0.027027027027027,-0.480221763033262
"M_005","Theventimtia muricatus",1,37,0.027027027027027,-0.480221763033262
"M_005","Thyreocoris anthracina",2,37,0.0540540540540541,-0.276423946931183
"M_005","Titusella pronitens",2,37,0.0540540540540541,-0.276423946931183
"M_005","Trichius affinis",1,37,0.027027027027027,-0.480221763033262
"M_005","Trichodes ornatus",1,37,0.027027027027027,-0.480221763033262
"M_005","Trichopticus septentrionalis",1,37,0.027027027027027,-0.480221763033262
"M_005","Triepeolus helianthi grandior",1,37,0.027027027027027,-0.480221763033262
"M_005","Trypeta occidentalis",1,37,0.027027027027027,-0.480221763033262
"M_005","Vespa germanica",7,37,0.189189189189189,0.742565133579211
"M_005","Vespa occidentalis",2,37,0.0540540540540541,-0.276423946931183
"M_005","Volucella rufomaculata",3,37,0.0810810810810811,-0.0726261308291045
"M_005","Volucella satur",1,37,0.027027027027027,-0.480221763033262
"M_005","Xylota angustiventris",2,37,0.0540540540540541,-0.276423946931183
"M_005","Xylota flavitibia",3,37,0.0810810810810811,-0.0726261308291045
"M_005","Xylota nigra",1,37,0.027027027027027,-0.480221763033262
"M_005","Zodion pygmaeum",1,37,0.027027027027027,-0.480221763033262
"M_006","Adela rufimatrella",1,10,0.1,-0.642112893708693
"M_006","Andrena haemorrhoa",3,10,0.3,0.279507965496725
"M_006","Andrena nitida",2,10,0.2,-0.181302464105984
"M_006","Andrena wilkella",5,10,0.5,1.20112882470214
"M_006","Anosymia sp1 M PL 006",1,10,0.1,-0.642112893708693
"M_006","Anthomyidae sp1 M PL 006",3,10,0.3,0.279507965496725
"M_006","Autographa sp1 M PL 006",1,10,0.1,-0.642112893708693
"M_006","Bombus hortorum",5,10,0.5,1.20112882470214
"M_006","Bombus lapidarius",1,10,0.1,-0.642112893708693
"M_006","Bombus pascuorum",10,10,1,3.50518097271569
"M_006","Bombus pratorum",3,10,0.3,0.279507965496725
"M_006","Bombus terrestris",10,10,1,3.50518097271569
"M_006","Cheilosia albitarsis",2,10,0.2,-0.181302464105984
"M_006","Chloromyia formosa",1,10,0.1,-0.642112893708693
"M_006","Chrysogaster sp1 M PL 006",1,10,0.1,-0.642112893708693
"M_006","Empis livida",1,10,0.1,-0.642112893708693
"M_006","Eriothrix rufomaculatus",1,10,0.1,-0.642112893708693
"M_006","Eristalinus sepulcharius",4,10,0.4,0.740318395099435
"M_006","Eristalis intricarius",4,10,0.4,0.740318395099435
"M_006","Eristalis nemorum",2,10,0.2,-0.181302464105984
"M_006","Eristalis pertinax",1,10,0.1,-0.642112893708693
"M_006","Eristalis tenax",2,10,0.2,-0.181302464105984
"M_006","Helophilus sp1 M PL 006",8,10,0.8,2.58356011351027
"M_006","Helophilus trivittatus",1,10,0.1,-0.642112893708693
"M_006","Lasioglossum calceatum",1,10,0.1,-0.642112893708693
"M_006","Lasioglossum leucozonium",1,10,0.1,-0.642112893708693
"M_006","Lasioglossum villosulum",1,10,0.1,-0.642112893708693
"M_006","Lasiommata megera",3,10,0.3,0.279507965496725
"M_006","Lejogaster splendida",1,10,0.1,-0.642112893708693
"M_006","Lucillia sp1 M PL 006",2,10,0.2,-0.181302464105984
"M_006","Lycaena phlaeas",1,10,0.1,-0.642112893708693
"M_006","Malachius viridus",1,10,0.1,-0.642112893708693
"M_006","Maniola jurtina",7,10,0.7,2.12274968390756
"M_006","Megachile willughbiella",1,10,0.1,-0.642112893708693
"M_006","Melanostoma sp1 M PL 006",1,10,0.1,-0.642112893708693
"M_006","Meliscaeva sp1 M PL 006",1,10,0.1,-0.642112893708693
"M_006","Micromoth sp1 M PL 006",1,10,0.1,-0.642112893708693
"M_006","Nemotelus pantherinus",1,10,0.1,-0.642112893708693
"M_006","Neoascia tenur",1,10,0.1,-0.642112893708693
"M_006","Ochlodes venata",2,10,0.2,-0.181302464105984
"M_006","Odontomyia tigrina",2,10,0.2,-0.181302464105984
"M_006","Odontomyia viridula",2,10,0.2,-0.181302464105984
"M_006","Oligia sp1 M PL 006",1,10,0.1,-0.642112893708693
"M_006","Parhelophilus sp1 M PL 006",1,10,0.1,-0.642112893708693
"M_006","Phaonia incarna",8,10,0.8,2.58356011351027
"M_006","Platycheirus sp1 M PL 006",2,10,0.2,-0.181302464105984
"M_006","Pollenia sp1 M PL 006",2,10,0.2,-0.181302464105984
"M_006","Polyommatus icarus",2,10,0.2,-0.181302464105984
"M_006","Psithyrus vestalis",2,10,0.2,-0.181302464105984
"M_006","Pyronia tithonus",1,10,0.1,-0.642112893708693
"M_006","Rhagio tringarius",1,10,0.1,-0.642112893708693
"M_006","Rhagonycha fulva",1,10,0.1,-0.642112893708693
"M_006","Sarcophagus sp1 M PL 006",1,10,0.1,-0.642112893708693
"M_006","Scathophaga stercoraria",2,10,0.2,-0.181302464105984
"M_006","Sphaerophoria sp1 M PL 006",3,10,0.3,0.279507965496725
"M_006","Syritta pipiens",2,10,0.2,-0.181302464105984
"M_006","Syrphus sp1 M PL 006",3,10,0.3,0.279507965496725
"M_006","Tetanocera ferruginea",1,10,0.1,-0.642112893708693
"M_006","Thymelicus sp1 M PL 006",3,10,0.3,0.279507965496725
"M_006","Tropidia scitta",3,10,0.3,0.279507965496725
"M_006","Zygaena filipendulae",4,10,0.4,0.740318395099435
"M_007","Andrena chrysosceles",1,10,0.1,-0.684711762672783
"M_007","Andrena nitida",1,10,0.1,-0.684711762672783
"M_007","Anthophora plumipes",1,10,0.1,-0.684711762672783
"M_007","Apis mellifera",1,10,0.1,-0.684711762672783
"M_007","Bombus hortorum",1,10,0.1,-0.684711762672783
"M_007","Bombus lapidarius",10,10,1,3.84277009663297
"M_007","Bombus pascuorum",7,10,0.7,2.33360947686438
"M_007","Bombus pratorum",3,10,0.3,0.321395317172939
"M_007","Bombus terrestris",3,10,0.3,0.321395317172939
"M_007","Calocoris bipunctatus",2,10,0.2,-0.181658222749922
"M_007","Cephus pygmaeus",1,10,0.1,-0.684711762672783
"M_007","Cheilosia bergenstammi",1,10,0.1,-0.684711762672783
"M_007","Empis livida",3,10,0.3,0.321395317172939
"M_007","Episyrphus balteatus",5,10,0.5,1.32750239701866
"M_007","Eriothrix rufomaculatus",1,10,0.1,-0.684711762672783
"M_007","Eristalis intricarius",1,10,0.1,-0.684711762672783
"M_007","Eristalis nemorum",1,10,0.1,-0.684711762672783
"M_007","Eristalis tenax",3,10,0.3,0.321395317172939
"M_007","Helophilus sp1 M PL 007",3,10,0.3,0.321395317172939
"M_007","Lasioglossum calceatum",1,10,0.1,-0.684711762672783
"M_007","Lasioglossum villosulum",1,10,0.1,-0.684711762672783
"M_007","Lucillia sp1 M PL 007",1,10,0.1,-0.684711762672783
"M_007","Lycaena phlaeas",1,10,0.1,-0.684711762672783
"M_007","Maniola jurtina",4,10,0.4,0.8244488570958
"M_007","Melanostoma sp1 M PL 007",3,10,0.3,0.321395317172939
"M_007","Meliscaeva sp1 M PL 007",2,10,0.2,-0.181658222749922
"M_007","Panameria tenebrata",1,10,0.1,-0.684711762672783
"M_007","Platycheirus sp1 M PL 007",3,10,0.3,0.321395317172939
"M_007","Pollenia sp1 M PL 007",1,10,0.1,-0.684711762672783
"M_007","Psithyrus vestalis",3,10,0.3,0.321395317172939
"M_007","Sarcophagus sp1 M PL 007",1,10,0.1,-0.684711762672783
"M_007","Scathophaga stercoraria",3,10,0.3,0.321395317172939
"M_007","Sphaerophoria sp1 M PL 007",5,10,0.5,1.32750239701866
"M_007","Syrphus sp1 M PL 007",4,10,0.4,0.8244488570958
"M_007","Tropidia scitta",1,10,0.1,-0.684711762672783
"M_007","Volucella bombylans",1,10,0.1,-0.684711762672783
"M_008","",3,6,0.5,0.12083335813842
"M_008","Anastoechus latifrons",6,6,1,1.8427087116109
"M_008","Andrena wollastoni",2,6,0.333333333333333,-0.453125093019073
"M_008","Anthidium manicatum",1,6,0.166666666666667,-1.02708354417657
"M_008","Anthophora alluaudi",6,6,1,1.8427087116109
"M_008","Anthrax anthrax",4,6,0.666666666666667,0.694791809295912
"M_008","Apis mellifera",6,6,1,1.8427087116109
"M_008","Bibio elmoi",1,6,0.166666666666667,-1.02708354417657
"M_008","Cephalodromia sp1 M PL 008",3,6,0.5,0.12083335813842
"M_008","Colletes dimidiatus",2,6,0.333333333333333,-0.453125093019073
"M_008","Cyclyrius webbianus",3,6,0.5,0.12083335813842
"M_008","Dermasothes gracile",1,6,0.166666666666667,-1.02708354417657
"M_008","Drosophila sp1 M PL 008",1,6,0.166666666666667,-1.02708354417657
"M_008","Eristalis tenax",5,6,0.833333333333333,1.2687502604534
"M_008","Estheria simonyi",3,6,0.5,0.12083335813842
"M_008","Eucera gracilipes",4,6,0.666666666666667,0.694791809295912
"M_008","Euodynerus reflexus",6,6,1,1.8427087116109
"M_008","Gasteruption sp1 M PL 008",2,6,0.333333333333333,-0.453125093019073
"M_008","Geron hesperidon",6,6,1,1.8427087116109
"M_008","Hylaeus canariensis",4,6,0.666666666666667,0.694791809295912
"M_008","Lasioglossum arctifrons",3,6,0.5,0.12083335813842
"M_008","Lasioglossum chalcodes",1,6,0.166666666666667,-1.02708354417657
"M_008","Lasioglossum viride",4,6,0.666666666666667,0.694791809295912
"M_008","Leptochilus eatoni",1,6,0.166666666666667,-1.02708354417657
"M_008","Linnaemyia soror",4,6,0.666666666666667,0.694791809295912
"M_008","Lucilia sericata",2,6,0.333333333333333,-0.453125093019073
"M_008","Macroglossum stellatarum",2,6,0.333333333333333,-0.453125093019073
"M_008","Megachile canariensis",5,6,0.833333333333333,1.2687502604534
"M_008","Melecta curvispina",3,6,0.5,0.12083335813842
"M_008","Nyctia lugubris",1,6,0.166666666666667,-1.02708354417657
"M_008","Peleteria ruficornis",1,6,0.166666666666667,-1.02708354417657
"M_008","Phylloscopus collybita",1,6,0.166666666666667,-1.02708354417657
"M_008","Scaeva albomaculata",2,6,0.333333333333333,-0.453125093019073
"M_008","Serinus canarius",1,6,0.166666666666667,-1.02708354417657
"M_008","Stomorhina lunata",2,6,0.333333333333333,-0.453125093019073
"M_008","Tachina canariensis",1,6,0.166666666666667,-1.02708354417657
"M_008","Tachysphex unicolor",1,6,0.166666666666667,-1.02708354417657
"M_008","Unidentified sp1 M PL 008",2,6,0.333333333333333,-0.453125093019073
"M_009","Acamptocladius submontanus",1,10,0.1,-0.525595071954854
"M_009","Aclastus sp1 M PL 009",5,10,0.5,1.47505713742169
"M_009","Aclastus sp2 M PL 009",2,10,0.2,-0.0254320196107187
"M_009","Alliopsis glacialis",1,10,0.1,-0.525595071954854
"M_009","Allophorocera lapponica",1,10,0.1,-0.525595071954854
"M_009","Alysiinae sp1 M PL 009",1,10,0.1,-0.525595071954854
"M_009","Alysiinae sp2 M PL 009",1,10,0.1,-0.525595071954854
"M_009","Alysiinae sp3 M PL 009",1,10,0.1,-0.525595071954854
"M_009","Alysiinae sp4 M PL 009",1,10,0.1,-0.525595071954854
"M_009","Alysiinae sp5 M PL 009",1,10,0.1,-0.525595071954854
"M_009","Anarta sp1 M PL 009",1,10,0.1,-0.525595071954854
"M_009","Anthomyiidae sp1 M PL 009",1,10,0.1,-0.525595071954854
"M_009","Anthomyiidae sp2 M PL 009",1,10,0.1,-0.525595071954854
"M_009","Anthomyiidae sp3 M PL 009",1,10,0.1,-0.525595071954854
"M_009","Arpedium sp1 M PL 009",4,10,0.4,0.974894085077552
"M_009","Bellardia pubicornis",1,10,0.1,-0.525595071954854
"M_009","Boletina sp1 M PL 009",1,10,0.1,-0.525595071954854
"M_009","Bombus alpinus",1,10,0.1,-0.525595071954854
"M_009","Bombus hyperboreus",1,10,0.1,-0.525595071954854
"M_009","Botanophila bidens",2,10,0.2,-0.0254320196107187
"M_009","Bradysia giraudi",1,10,0.1,-0.525595071954854
"M_009","Bradysia sp1 M PL 009",1,10,0.1,-0.525595071954854
"M_009","Bradysia sp2 M PL 009",1,10,0.1,-0.525595071954854
"M_009","Bradysia sp3 M PL 009",1,10,0.1,-0.525595071954854
"M_009","Chamaepsila morio",1,10,0.1,-0.525595071954854
"M_009","Chloropinae sp1 M PL 009",6,10,0.6,1.97522018976582
"M_009","Cidaria sp1 M PL 009",2,10,0.2,-0.0254320196107187
"M_009","Coenosia atritibia",1,10,0.1,-0.525595071954854
"M_009","Coenosia octopunctata",1,10,0.1,-0.525595071954854
"M_009","Corynoneura scutellata",1,10,0.1,-0.525595071954854
"M_009","Corynoptera refrigerata",3,10,0.3,0.474731032733417
"M_009","Corynoptera sp1 M PL 009",1,10,0.1,-0.525595071954854
"M_009","Corynoptera sp2 M PL 009",1,10,0.1,-0.525595071954854
"M_009","Cotesia sp1 M PL 009",3,10,0.3,0.474731032733417
"M_009","Dasineura sp1 M PL 009",1,10,0.1,-0.525595071954854
"M_009","Delia piliventris",1,10,0.1,-0.525595071954854
"M_009","Dolichopus plumipes",1,10,0.1,-0.525595071954854
"M_009","Egle minuta",1,10,0.1,-0.525595071954854
"M_009","Egle parva",2,10,0.2,-0.0254320196107187
"M_009","Egle sp1 M PL 009",2,10,0.2,-0.0254320196107187
"M_009","Empis lucida",3,10,0.3,0.474731032733417
"M_009","Fannia mollissima",1,10,0.1,-0.525595071954854
"M_009","Gimnomera dorsala",1,10,0.1,-0.525595071954854
"M_009","Heterotrissocladius subpilosus",1,10,0.1,-0.525595071954854
"M_009","Ichneumonidae sp1 M PL 009",1,10,0.1,-0.525595071954854
"M_009","Ichneumonidae sp2 M PL 009",1,10,0.1,-0.525595071954854
"M_009","Ichneumonidae sp3 M PL 009",1,10,0.1,-0.525595071954854
"M_009","Ichneumonidae sp4 M PL 009",1,10,0.1,-0.525595071954854
"M_009","Limnophilus sp1 M PL 009",3,10,0.3,0.474731032733417
"M_009","Limnophyes brachytomus",2,10,0.2,-0.0254320196107187
"M_009","Limnophyes natalensis",2,10,0.2,-0.0254320196107187
"M_009","Limnophyes ninae",9,10,0.9,3.47570934679823
"M_009","Limnophyes schnelli",1,10,0.1,-0.525595071954854
"M_009","Lycoriella curvispina",1,10,0.1,-0.525595071954854
"M_009","Lycoriella freyi",1,10,0.1,-0.525595071954854
"M_009","Lycoriella sp1 M PL 009",1,10,0.1,-0.525595071954854
"M_009","Lycoriella sp2 M PL 009",1,10,0.1,-0.525595071954854
"M_009","Megaselia cirriventris",1,10,0.1,-0.525595071954854
"M_009","Megaselia coei",1,10,0.1,-0.525595071954854
"M_009","Megaselia digitalis",8,10,0.8,2.97554629445409
"M_009","Megaselia diversa",9,10,0.9,3.47570934679823
"M_009","Megaselia giraudii",2,10,0.2,-0.0254320196107187
"M_009","Megaselia groenlandica",1,10,0.1,-0.525595071954854
"M_009","Megaselia pleuralis",1,10,0.1,-0.525595071954854
"M_009","Megaselia sordida",2,10,0.2,-0.0254320196107187
"M_009","Megaselia sp1 M PL 009",9,10,0.9,3.47570934679823
"M_009","Micropsectra radialis",5,10,0.5,1.47505713742169
"M_009","Micropsectra sp1 M PL 009",2,10,0.2,-0.0254320196107187
"M_009","Micropsectra sp2 M PL 009",1,10,0.1,-0.525595071954854
"M_009","Mycomya fuscata",4,10,0.4,0.974894085077552
"M_009","Noctuidae sp1 M PL 009",5,10,0.5,1.47505713742169
"M_009","Oliveridia tricornis",4,10,0.4,0.974894085077552
"M_009","Orthocentrinae sp1 M PL 009",2,10,0.2,-0.0254320196107187
"M_009","Paradelia sp1 M PL 009",3,10,0.3,0.474731032733417
"M_009","Parapiophila vulgaris",6,10,0.6,1.97522018976582
"M_009","Pegomya haemorrhoum",1,10,0.1,-0.525595071954854
"M_009","Pegomya sp1 M PL 009",1,10,0.1,-0.525595071954854
"M_009","Pegoplata aestiva",3,10,0.3,0.474731032733417
"M_009","Phaonia alpicola",10,10,1,3.97587239914236
"M_009","Phaonia lugubris",1,10,0.1,-0.525595071954854
"M_009","Phaonia subfuscinervis",4,10,0.4,0.974894085077552
"M_009","Phygadeuon sp1 M PL 009",2,10,0.2,-0.0254320196107187
"M_009","Phyllolabis macroura",1,10,0.1,-0.525595071954854
"M_009","Phytomyza aquilonia",1,10,0.1,-0.525595071954854
"M_009","Platygaster sp1 M PL 009",1,10,0.1,-0.525595071954854
"M_009","Platypalpus nigritarsis",1,10,0.1,-0.525595071954854
"M_009","Podabrus sp1 M PL 009",4,10,0.4,0.974894085077552
"M_009","Porizontini sp1 M PL 009",1,10,0.1,-0.525595071954854
"M_009","Pseudosmittia oxoniana",1,10,0.1,-0.525595071954854
"M_009","Pteromalidae sp1 M PL 009",3,10,0.3,0.474731032733417
"M_009","Pteromalidae sp2 M PL 009",1,10,0.1,-0.525595071954854
"M_009","Rhamphomyia aethiops",4,10,0.4,0.974894085077552
"M_009","Rhamphomyia morio",2,10,0.2,-0.0254320196107187
"M_009","Rhamphomyia obscuripennis",1,10,0.1,-0.525595071954854
"M_009","Rhamphomyia reflexa",4,10,0.4,0.974894085077552
"M_009","Rhaphium crassipes",1,10,0.1,-0.525595071954854
"M_009","Smittia betuletorum",1,10,0.1,-0.525595071954854
"M_009","Smittia cf  aterrima",1,10,0.1,-0.525595071954854
"M_009","Smittia sp1 M PL 009",9,10,0.9,3.47570934679823
"M_009","Smittia sp2 M PL 009",1,10,0.1,-0.525595071954854
"M_009","Spilagona nitidicauda",2,10,0.2,-0.0254320196107187
"M_009","Spilogona alpica",1,10,0.1,-0.525595071954854
"M_009","Spilogona megastoma",1,10,0.1,-0.525595071954854
"M_009","Spilogona triangulifera",1,10,0.1,-0.525595071954854
"M_009","Stenomacrus sp1 M PL 009",1,10,0.1,-0.525595071954854
"M_009","Tetrastichinae sp1 M PL 009",1,10,0.1,-0.525595071954854
"M_009","Thricops cunctans",1,10,0.1,-0.525595071954854
"M_009","Thricops furcatus",2,10,0.2,-0.0254320196107187
"M_009","Thricops hirtulus",1,10,0.1,-0.525595071954854
"M_009","Thricops nigritellus",1,10,0.1,-0.525595071954854
"M_009","Thricops rostratus",1,10,0.1,-0.525595071954854
"M_009","Trichosia truncata",1,10,0.1,-0.525595071954854
"M_009","Urbicola sp1 M PL 009",3,10,0.3,0.474731032733417
"M_009","Xestommaster sp1 M PL 009",3,10,0.3,0.474731032733417
"M_009","Zaphne barbiventris",1,10,0.1,-0.525595071954854
"M_009","Zaphne frontata",1,10,0.1,-0.525595071954854
"M_009","Zaphne sp1 M PL 009",1,10,0.1,-0.525595071954854
"M_009","Zaphne sp2 M PL 009",1,10,0.1,-0.525595071954854
"M_010","Aedes impiger",11,20,0.55,0.932558871191238
"M_010","Aedes nigripes",15,20,0.75,1.67860596814423
"M_010","Aphidius sp1 M PL 010",1,20,0.05,-0.932558871191238
"M_010","Bombus sp1 M PL 010",4,20,0.2,-0.373023548476495
"M_010","Brachypogon sp1 M PL 010",5,20,0.25,-0.186511774238248
"M_010","Bradysia sp1 M PL 010",16,20,0.8,1.86511774238248
"M_010","Chironomus sp1 M PL 010",1,20,0.05,-0.932558871191238
"M_010","Clossiana chariclea",15,20,0.75,1.67860596814423
"M_010","Colias hecla",5,20,0.25,-0.186511774238248
"M_010","Cricotopus sp1 M PL 010",4,20,0.2,-0.373023548476495
"M_010","Culicoides sp1 M PL 010",6,20,0.3,0
"M_010","Delia echinata",2,20,0.1,-0.746047096952991
"M_010","Drymeia groenlandica",3,20,0.15,-0.559535322714743
"M_010","Drymeia segnis",11,20,0.55,0.932558871191238
"M_010","Entephria puncticeps",2,20,0.1,-0.746047096952991
"M_010","Eukiefferiella sp1 M PL 010",2,20,0.1,-0.746047096952991
"M_010","Eupeodes curtus",3,20,0.15,-0.559535322714743
"M_010","Eupeodes nigroventris",3,20,0.15,-0.559535322714743
"M_010","Forcipomyia sp1 M PL 010",2,20,0.1,-0.746047096952991
"M_010","Gonarcticus arcticus",1,20,0.05,-0.932558871191238
"M_010","Lasiopiophila pilosa",3,20,0.15,-0.559535322714743
"M_010","Limnophora sinuata",7,20,0.35,0.186511774238248
"M_010","Limnophyes brachytomus",19,20,0.95,2.42465306509722
"M_010","Limnophyes sp1 M PL 010",13,20,0.65,1.30558241966773
"M_010","Lophosceles minimus",3,20,0.15,-0.559535322714743
"M_010","Megaselia sp1 M PL 010",2,20,0.1,-0.746047096952991
"M_010","Neoleria prominens",2,20,0.1,-0.746047096952991
"M_010","Nysius groenlandicus",12,20,0.6,1.11907064542949
"M_010","Olethreutes inquitana",2,20,0.1,-0.746047096952991
"M_010","Olethreutes mengelana",1,20,0.05,-0.932558871191238
"M_010","Orthocladius sp1 M PL 010",2,20,0.1,-0.746047096952991
"M_010","Paraphaenocladius sp1 M PL 010",16,20,0.8,1.86511774238248
"M_010","Parasyrphus tarsatus",6,20,0.3,0
"M_010","Peleteria aenea",6,20,0.3,0
"M_010","Phaonia bidentata",4,20,0.2,-0.373023548476495
"M_010","Phytomyza fuscula",2,20,0.1,-0.746047096952991
"M_010","Platycheirus carinatus",8,20,0.4,0.373023548476495
"M_010","Platycheirus lundbecki",16,20,0.8,1.86511774238248
"M_010","Plebeius glandon",2,20,0.1,-0.746047096952991
"M_010","Polia richardsoni",4,20,0.2,-0.373023548476495
"M_010","Procladius sp1 M PL 010",2,20,0.1,-0.746047096952991
"M_010","Protophormia terraenovae",2,20,0.1,-0.746047096952991
"M_010","Pseudosmittia sp1 M PL 010",14,20,0.7,1.49209419390598
"M_010","Rhamphomyia filicauda",10,20,0.5,0.746047096952991
"M_010","Rhamphomyia nigrita",12,20,0.6,1.11907064542949
"M_010","Rheocricotopus sp1 M PL 010",5,20,0.25,-0.186511774238248
"M_010","Scathophaga furcata",4,20,0.2,-0.373023548476495
"M_010","Scatopsciara sp1 M PL 010",4,20,0.2,-0.373023548476495
"M_010","Smittia sp1 M PL 010",12,20,0.6,1.11907064542949
"M_010","Spilogona almqvistii",16,20,0.8,1.86511774238248
"M_010","Spilogona arcticola",1,20,0.05,-0.932558871191238
"M_010","Spilogona deflorata",1,20,0.05,-0.932558871191238
"M_010","Spilogona denudata",11,20,0.55,0.932558871191238
"M_010","Spilogona dorsata",18,20,0.9,2.23814129085897
"M_010","Spilogona extensa",16,20,0.8,1.86511774238248
"M_010","Spilogona malaisei",1,20,0.05,-0.932558871191238
"M_010","Spilogona melanosoma",2,20,0.1,-0.746047096952991
"M_010","Spilogona micans",9,20,0.45,0.559535322714743
"M_010","Spilogona obsoleta",1,20,0.05,-0.932558871191238
"M_010","Spilogona sanctipauli",20,20,1,2.61116483933547
"M_010","Spilogona tornensis",5,20,0.25,-0.186511774238248
"M_010","Spilogona tundrae",3,20,0.15,-0.559535322714743
"M_010","Stenomacrus sp1 M PL 010",8,20,0.4,0.373023548476495
"M_010","Stenomacrus sp2 M PL 010",2,20,0.1,-0.746047096952991
"M_010","Stenomacrus sp3 M PL 010",1,20,0.05,-0.932558871191238
"M_010","Sympistis lapponica",2,20,0.1,-0.746047096952991
"M_010","Sympistis zetterstedti",6,20,0.3,0
"M_010","Syngrapha parilis",1,20,0.05,-0.932558871191238
"M_010","Unidentified sp1 M PL 010",5,20,0.25,-0.186511774238248
"M_010","Unidentified sp2 M PL 010",4,20,0.2,-0.373023548476495
"M_010","Unidentified sp3 M PL 010",4,20,0.2,-0.373023548476495
"M_010","Unidentified sp4 M PL 010",2,20,0.1,-0.746047096952991
"M_010","Unidentified sp5 M PL 010",2,20,0.1,-0.746047096952991
"M_010","Unidentified sp6 M PL 010",2,20,0.1,-0.746047096952991
"M_010","Unidentified sp7 M PL 010",1,20,0.05,-0.932558871191238
"M_010","Zaphne frontata",5,20,0.25,-0.186511774238248
"M_012","Acmaeodera cisti",1,16,0.0625,-0.548437723159926
"M_012","Anaspis proteus",2,16,0.125,-0.213281336784416
"M_012","Andrena sp1 M PL 012",1,16,0.0625,-0.548437723159926
"M_012","Anthophora alluaudi",8,16,0.5,1.79765698146865
"M_012","Apis mellifera",6,16,0.375,1.12734420871763
"M_012","Aricia cramera",1,16,0.0625,-0.548437723159926
"M_012","Artogeia rapae",5,16,0.3125,0.792187822342116
"M_012","Attalus sp1 M PL 012",2,16,0.125,-0.213281336784416
"M_012","Bibio elmoi",1,16,0.0625,-0.548437723159926
"M_012","Bombus terrestris subsp. canariensis",14,16,0.875,3.80859529972171
"M_012","Brachypterus sp1 M PL 012",1,16,0.0625,-0.548437723159926
"M_012","Bruchidius wollastoni",2,16,0.125,-0.213281336784416
"M_012","Chrysotoxum triarcuatum",1,16,0.0625,-0.548437723159926
"M_012","Cleora fortunata",1,16,0.0625,-0.548437723159926
"M_012","Colias crocea",1,16,0.0625,-0.548437723159926
"M_012","Cornutiplusia circumflexa",1,16,0.0625,-0.548437723159926
"M_012","Cyclyrius webbianus",4,16,0.25,0.457031435966605
"M_012","Dasyphora albofasciata",1,16,0.0625,-0.548437723159926
"M_012","Delia platura",2,16,0.125,-0.213281336784416
"M_012","Drosophila sp1 M PL 012",1,16,0.0625,-0.548437723159926
"M_012","Empis sp1 M PL 012",2,16,0.125,-0.213281336784416
"M_012","Eristalis tenax",6,16,0.375,1.12734420871763
"M_012","Gonepteryx cleopatra",3,16,0.1875,0.121875049591095
"M_012","Halictus sp1 M PL 012",2,16,0.125,-0.213281336784416
"M_012","Heringia adpropinquans",1,16,0.0625,-0.548437723159926
"M_012","Lampides boeticus",1,16,0.0625,-0.548437723159926
"M_012","Lasioglossum chalcodes",3,16,0.1875,0.121875049591095
"M_012","Lasioglossum loetum",3,16,0.1875,0.121875049591095
"M_012","Lycaena phlaeas",3,16,0.1875,0.121875049591095
"M_012","Macroglossum stellatarum",6,16,0.375,1.12734420871763
"M_012","Maniola jurtina",3,16,0.1875,0.121875049591095
"M_012","Meliscaeva auricollis",2,16,0.125,-0.213281336784416
"M_012","Mordella israelsoni",1,16,0.0625,-0.548437723159926
"M_012","Myotropa florea",1,16,0.0625,-0.548437723159926
"M_012","Pandoriana pandora",2,16,0.125,-0.213281336784416
"M_012","Pararge xiphioides",3,16,0.1875,0.121875049591095
"M_012","Piezodorus punctipes",1,16,0.0625,-0.548437723159926
"M_012","Podalonia tydei",1,16,0.0625,-0.548437723159926
"M_012","Pontia daplidice",3,16,0.1875,0.121875049591095
"M_012","Pseudogonia fasciata",1,16,0.0625,-0.548437723159926
"M_012","Sapromyza sp1 M PL 012",1,16,0.0625,-0.548437723159926
"M_012","Siphona sp1 M PL 012",1,16,0.0625,-0.548437723159926
"M_012","Sphecodes marginatus",1,16,0.0625,-0.548437723159926
"M_012","Sphecodes ruficrus",1,16,0.0625,-0.548437723159926
"M_012","Tachina canariensis",4,16,0.25,0.457031435966605
"M_012","Thaumatomyia notata",1,16,0.0625,-0.548437723159926
"M_012","Thyreus histrionicus",3,16,0.1875,0.121875049591095
"M_012","Tricimba humeralis",1,16,0.0625,-0.548437723159926
"M_012","Unidentified sp1 M PL 012",16,16,1,4.47890807247273
"M_012","Unidentified sp2 M PL 012",1,16,0.0625,-0.548437723159926
"M_012","Unidentified sp3 M PL 012",1,16,0.0625,-0.548437723159926
"M_012","Unidentified sp4 M PL 012",1,16,0.0625,-0.548437723159926
"M_012","Vanessa atalanta",1,16,0.0625,-0.548437723159926
"M_012","Vanessa cardui",1,16,0.0625,-0.548437723159926
"M_012","Vanessa indica",7,16,0.4375,1.46250059509314
"M_013","Actea sp1 M PL 013",1,6,0.166666666666667,-0.611657964046613
"M_013","Apis mellifera",3,6,0.5,0.84590995027723
"M_013","Arge sp1 M PL 013",1,6,0.166666666666667,-0.611657964046613
"M_013","Aspilocoryphus fasciativentris",6,6,1,3.03226182176299
"M_013","Atrichelaphinis tigrina",5,6,0.833333333333333,2.30347786460107
"M_013","Coleoptera sp17 M PL 013",1,6,0.166666666666667,-0.611657964046613
"M_013","Coleoptera sp18 M PL 013",1,6,0.166666666666667,-0.611657964046613
"M_013","Coleoptera sp19 M PL 013",2,6,0.333333333333333,0.117125993115309
"M_013","Coreidae sp21 M PL 013",1,6,0.166666666666667,-0.611657964046613
"M_013","Cyrtothyrea marginalis",4,6,0.666666666666667,1.57469390743915
"M_013","Dacus sp1 M PL 013",1,6,0.166666666666667,-0.611657964046613
"M_013","Diptera sp1 M PL 013",1,6,0.166666666666667,-0.611657964046613
"M_013","Diptera sp2 M PL 013",1,6,0.166666666666667,-0.611657964046613
"M_013","Diptera sp3 M PL 013",4,6,0.666666666666667,1.57469390743915
"M_013","Hemipepsis hilaris",6,6,1,3.03226182176299
"M_013","Heteroptera sp23 M PL 013",1,6,0.166666666666667,-0.611657964046613
"M_013","Homoecerus annulatus",1,6,0.166666666666667,-0.611657964046613
"M_013","Hymenoptera sp4 M PL 013",4,6,0.666666666666667,1.57469390743915
"M_013","Hymenoptera sp5 M PL 013",2,6,0.333333333333333,0.117125993115309
"M_013","Hymenoptera sp6 M PL 013",3,6,0.5,0.84590995027723
"M_013","Lepidoptera sp37 M PL 013",1,6,0.166666666666667,-0.611657964046613
"M_013","Lepidoptera sp38 M PL 013",1,6,0.166666666666667,-0.611657964046613
"M_013","Microphthalma sp1 M PL 013",1,6,0.166666666666667,-0.611657964046613
"M_013","Microphthalma sp2 M PL 013",1,6,0.166666666666667,-0.611657964046613
"M_013","Musca domestica",2,6,0.333333333333333,0.117125993115309
"M_013","Sarcophaga sp1 M PL 013",5,6,0.833333333333333,2.30347786460107
"M_013","Spilostethus rivularis",1,6,0.166666666666667,-0.611657964046613
"M_013","Tiphia sp1 M PL 013",1,6,0.166666666666667,-0.611657964046613
"M_013","Unidentified sp1 M PL 013",1,6,0.166666666666667,-0.611657964046613
"M_013","Unidentified sp10 M PL 013",2,6,0.333333333333333,0.117125993115309
"M_013","Unidentified sp11 M PL 013",3,6,0.5,0.84590995027723
"M_013","Unidentified sp12 M PL 013",1,6,0.166666666666667,-0.611657964046613
"M_013","Unidentified sp13 M PL 013",2,6,0.333333333333333,0.117125993115309
"M_013","Unidentified sp14 M PL 013",1,6,0.166666666666667,-0.611657964046613
"M_013","Unidentified sp15 M PL 013",3,6,0.5,0.84590995027723
"M_013","Unidentified sp16 M PL 013",1,6,0.166666666666667,-0.611657964046613
"M_013","Unidentified sp2 M PL 013",1,6,0.166666666666667,-0.611657964046613
"M_013","Unidentified sp20 M PL 013",4,6,0.666666666666667,1.57469390743915
"M_013","Unidentified sp22 M PL 013",1,6,0.166666666666667,-0.611657964046613
"M_013","Unidentified sp24 M PL 013",1,6,0.166666666666667,-0.611657964046613
"M_013","Unidentified sp25 M PL 013",2,6,0.333333333333333,0.117125993115309
"M_013","Unidentified sp26 M PL 013",1,6,0.166666666666667,-0.611657964046613
"M_013","Unidentified sp27 M PL 013",1,6,0.166666666666667,-0.611657964046613
"M_013","Unidentified sp28 M PL 013",2,6,0.333333333333333,0.117125993115309
"M_013","Unidentified sp29 M PL 013",1,6,0.166666666666667,-0.611657964046613
"M_013","Unidentified sp3 M PL 013",1,6,0.166666666666667,-0.611657964046613
"M_013","Unidentified sp30 M PL 013",2,6,0.333333333333333,0.117125993115309
"M_013","Unidentified sp31 M PL 013",1,6,0.166666666666667,-0.611657964046613
"M_013","Unidentified sp32 M PL 013",1,6,0.166666666666667,-0.611657964046613
"M_013","Unidentified sp33 M PL 013",2,6,0.333333333333333,0.117125993115309
"M_013","Unidentified sp34 M PL 013",1,6,0.166666666666667,-0.611657964046613
"M_013","Unidentified sp35 M PL 013",1,6,0.166666666666667,-0.611657964046613
"M_013","Unidentified sp36 M PL 013",1,6,0.166666666666667,-0.611657964046613
"M_013","Unidentified sp7 M PL 013",1,6,0.166666666666667,-0.611657964046613
"M_013","Unidentified sp8 M PL 013",1,6,0.166666666666667,-0.611657964046613
"M_013","Unidentified sp9 M PL 013",1,6,0.166666666666667,-0.611657964046613
"M_014","Aedes impiger",4,10,0.4,1.08584077960723
"M_014","Aedes nigripes",5,10,0.5,1.69241390476713
"M_014","Aedes sp1 M PL 014",4,10,0.4,1.08584077960723
"M_014","Allopiophila arctica",2,10,0.2,-0.127305470712572
"M_014","Amauronematus amentorum",2,10,0.2,-0.127305470712572
"M_014","Amauronematus sp1 M PL 014",1,10,0.1,-0.733878595872474
"M_014","Anarta richardsoni",2,10,0.2,-0.127305470712572
"M_014","Apis mellifera",3,10,0.3,0.47926765444733
"M_014","Boloria sp1 M PL 014",4,10,0.4,1.08584077960723
"M_014","Bombus hyperboreus",1,10,0.1,-0.733878595872474
"M_014","Bombus polaris",10,10,1,4.72527953056664
"M_014","Boreellus atriceps",2,10,0.2,-0.127305470712572
"M_014","Bradysia sp1 M PL 014",1,10,0.1,-0.733878595872474
"M_014","Brevicoryne arctica",1,10,0.1,-0.733878595872474
"M_014","Carposcalis carinata",6,10,0.6,2.29898702992704
"M_014","Chironomus sp1 M PL 014",2,10,0.2,-0.127305470712572
"M_014","Chironomus sp2 M PL 014",1,10,0.1,-0.733878595872474
"M_014","Colias hecla",2,10,0.2,-0.127305470712572
"M_014","Collembola sp5 M PL 014",1,10,0.1,-0.733878595872474
"M_014","Corynoneura scutellata",4,10,0.4,1.08584077960723
"M_014","Cricotopus lestralis",1,10,0.1,-0.733878595872474
"M_014","Cricotopus sp1 M PL 014",1,10,0.1,-0.733878595872474
"M_014","Crymodes exulis",1,10,0.1,-0.733878595872474
"M_014","Cryptus arcticus",4,10,0.4,1.08584077960723
"M_014","Diptera sp1 M PL 014",4,10,0.4,1.08584077960723
"M_014","Diptera sp6 M PL 014",1,10,0.1,-0.733878595872474
"M_014","Dolichopus dasyops",1,10,0.1,-0.733878595872474
"M_014","Einfieldia sp1 M PL 014",1,10,0.1,-0.733878595872474
"M_014","Eupogonomyia groenlandica",2,10,0.2,-0.127305470712572
"M_014","Fucellia pictipennis",1,10,0.1,-0.733878595872474
"M_014","Gynometriocnemus sp1 M PL 014",1,10,0.1,-0.733878595872474
"M_014","Helophilus borealis",2,10,0.2,-0.127305470712572
"M_014","Heterotrissocladius subpilosus",2,10,0.2,-0.127305470712572
"M_014","Hymenoptera sp2 M PL 014",2,10,0.2,-0.127305470712572
"M_014","Hymenoptera sp3 M PL 014",2,10,0.2,-0.127305470712572
"M_014","Hymenoptera sp4 M PL 014",2,10,0.2,-0.127305470712572
"M_014","Hyposoter luctus",2,10,0.2,-0.127305470712572
"M_014","Isotoma viridis",1,10,0.1,-0.733878595872474
"M_014","Lasiestra leucocycla",2,10,0.2,-0.127305470712572
"M_014","Limnophyes globifer",1,10,0.1,-0.733878595872474
"M_014","Limnophyes sp1 M PL 014",4,10,0.4,1.08584077960723
"M_014","Limnophyes sp2 M PL 014",1,10,0.1,-0.733878595872474
"M_014","Metriocnemus obscuripes",1,10,0.1,-0.733878595872474
"M_014","Olethreutes inquietana",1,10,0.1,-0.733878595872474
"M_014","Olethreutes mengelana",2,10,0.2,-0.127305470712572
"M_014","Orthocladiinae sp1 M PL 014",4,10,0.4,1.08584077960723
"M_014","Orthocladius consobrinus",1,10,0.1,-0.733878595872474
"M_014","Orthocladus sp1 M PL 014",1,10,0.1,-0.733878595872474
"M_014","Paraphaenocladius despectus",2,10,0.2,-0.127305470712572
"M_014","Pegomyia sp1 M PL 014",2,10,0.2,-0.127305470712572
"M_014","Peleteriopsis aenea",2,10,0.2,-0.127305470712572
"M_014","Petinarctia stylata",2,10,0.2,-0.127305470712572
"M_014","Phaladrodira nigropilosa",1,10,0.1,-0.733878595872474
"M_014","Plebeius aquilo",2,10,0.2,-0.127305470712572
"M_014","Pogonomyoides segnis",3,10,0.3,0.47926765444733
"M_014","Procladius sp1 M PL 014",1,10,0.1,-0.733878595872474
"M_014","Prosmittia nanseni",2,10,0.2,-0.127305470712572
"M_014","Protophormia terraenovae",3,10,0.3,0.47926765444733
"M_014","Psectrocladius barbatimanus",1,10,0.1,-0.733878595872474
"M_014","Pseudodiamesa arctica",1,10,0.1,-0.733878595872474
"M_014","Ramphomyia filicauda",2,10,0.2,-0.127305470712572
"M_014","Ramphomyia lamelliseta",3,10,0.3,0.47926765444733
"M_014","Ramphomyia nigrita",3,10,0.3,0.47926765444733
"M_014","Ramphomyia sp1 M PL 014",3,10,0.3,0.47926765444733
"M_014","Rhyncaenus sp1 M PL 014",1,10,0.1,-0.733878595872474
"M_014","Scatophaga nigripalpis",1,10,0.1,-0.733878595872474
"M_014","Smittia extrema",9,10,0.9,4.11870640540674
"M_014","Smittia polaris",2,10,0.2,-0.127305470712572
"M_014","Smittia polymorpha",2,10,0.2,-0.127305470712572
"M_014","Smittia sp1 M PL 014",5,10,0.5,1.69241390476713
"M_014","Spilogona almquisti",1,10,0.1,-0.733878595872474
"M_014","Spilogona deflorata",1,10,0.1,-0.733878595872474
"M_014","Spilogona dorsata",2,10,0.2,-0.127305470712572
"M_014","Spilogona latilamina",2,10,0.2,-0.127305470712572
"M_014","Spilogona melanosoma",3,10,0.3,0.47926765444733
"M_014","Spilogona sanctipauli",3,10,0.3,0.47926765444733
"M_014","Spilogona sp1 M PL 014",3,10,0.3,0.47926765444733
"M_014","Spilogona tundrae",1,10,0.1,-0.733878595872474
"M_014","Sympistris labradoris",1,10,0.1,-0.733878595872474
"M_014","Tanytarsus niger",1,10,0.1,-0.733878595872474
"M_014","Tipula arctica",1,10,0.1,-0.733878595872474
"M_015","Acmaeodera bipunctata",4,104,0.0384615384615385,-0.0636525323639447
"M_015","Acmaeodera boryi",1,104,0.00961538461538462,-0.51581284262068
"M_015","Acmaeodera brevipes",4,104,0.0384615384615385,-0.0636525323639447
"M_015","Actinoptera mamulae",2,104,0.0192307692307692,-0.365092739201768
"M_015","Adela ausralis",4,104,0.0384615384615385,-0.0636525323639447
"M_015","Adia cinerella",3,104,0.0288461538461538,-0.214372635782857
"M_015","Afranthidium (mesanthidium) carduele",1,104,0.00961538461538462,-0.51581284262068
"M_015","Agrilus viridis",1,104,0.00961538461538462,-0.51581284262068
"M_015","Alophora pusilla",1,104,0.00961538461538462,-0.51581284262068
"M_015","Amasis lateralis",2,104,0.0192307692307692,-0.365092739201768
"M_015","Amasis similis",2,104,0.0192307692307692,-0.365092739201768
"M_015","Amblyteles armatorius",1,104,0.00961538461538462,-0.51581284262068
"M_015","Amegilla albigena",14,104,0.134615384615385,1.44354850182517
"M_015","Amegilla garrula",1,104,0.00961538461538462,-0.51581284262068
"M_015","Amegilla ochroleuca",2,104,0.0192307692307692,-0.365092739201768
"M_015","Amegilla quadrifasciata",7,104,0.0673076923076923,0.388507777892791
"M_015","Amegilla savignyi",1,104,0.00961538461538462,-0.51581284262068
"M_015","Amictus pictus",2,104,0.0192307692307692,-0.365092739201768
"M_015","Amictus validus",6,104,0.0576923076923077,0.237787674473879
"M_015","Ammatomus rogenhoferi",1,104,0.00961538461538462,-0.51581284262068
"M_015","Ammobates oraniensis",2,104,0.0192307692307692,-0.365092739201768
"M_015","Ammophila heydeni",6,104,0.0576923076923077,0.237787674473879
"M_015","Amphicoma apicalis",5,104,0.0480769230769231,0.0870675710549672
"M_015","Amphicoma distincta",14,104,0.134615384615385,1.44354850182517
"M_015","Amphicoma lasserei",8,104,0.0769230769230769,0.539227881311703
"M_015","Ancistrocerus longispinosus hellenicus",1,104,0.00961538461538462,-0.51581284262068
"M_015","Andrena abbreviata subsp. Osychniukae",5,104,0.0480769230769231,0.0870675710549672
"M_015","Andrena alfkenella",2,104,0.0192307692307692,-0.365092739201768
"M_015","Andrena athenensis",1,104,0.00961538461538462,-0.51581284262068
"M_015","Andrena bicolor",3,104,0.0288461538461538,-0.214372635782857
"M_015","Andrena bicolorata",1,104,0.00961538461538462,-0.51581284262068
"M_015","Andrena caneae",6,104,0.0576923076923077,0.237787674473879
"M_015","Andrena canohirta",4,104,0.0384615384615385,-0.0636525323639447
"M_015","Andrena cinereophila",1,104,0.00961538461538462,-0.51581284262068
"M_015","Andrena combaella",1,104,0.00961538461538462,-0.51581284262068
"M_015","Andrena concinna",3,104,0.0288461538461538,-0.214372635782857
"M_015","Andrena crassana",4,104,0.0384615384615385,-0.0636525323639447
"M_015","Andrena distinguenda",4,104,0.0384615384615385,-0.0636525323639447
"M_015","Andrena flavipes",16,104,0.153846153846154,1.744988708663
"M_015","Andrena fulvitarsis",1,104,0.00961538461538462,-0.51581284262068
"M_015","Andrena gallinula",1,104,0.00961538461538462,-0.51581284262068
"M_015","Andrena grossella",3,104,0.0288461538461538,-0.214372635782857
"M_015","Andrena hattorfiana",7,104,0.0673076923076923,0.388507777892791
"M_015","Andrena hesperia",7,104,0.0673076923076923,0.388507777892791
"M_015","Andrena humilis",19,104,0.182692307692308,2.19714901891973
"M_015","Andrena hyemala",1,104,0.00961538461538462,-0.51581284262068
"M_015","Andrena impunctata",1,104,0.00961538461538462,-0.51581284262068
"M_015","Andrena kriechbaumeri",3,104,0.0288461538461538,-0.214372635782857
"M_015","Andrena lamiana",6,104,0.0576923076923077,0.237787674473879
"M_015","Andrena mocsaryi",12,104,0.115384615384615,1.14210829498735
"M_015","Andrena mucronata",6,104,0.0576923076923077,0.237787674473879
"M_015","Andrena nana",1,104,0.00961538461538462,-0.51581284262068
"M_015","Andrena nigroaenea",6,104,0.0576923076923077,0.237787674473879
"M_015","Andrena nobilis",2,104,0.0192307692307692,-0.365092739201768
"M_015","Andrena optata",2,104,0.0192307692307692,-0.365092739201768
"M_015","Andrena oralis",2,104,0.0192307692307692,-0.365092739201768
"M_015","Andrena panurgimorpha",1,104,0.00961538461538462,-0.51581284262068
"M_015","Andrena panurgina",1,104,0.00961538461538462,-0.51581284262068
"M_015","Andrena pilipes",8,104,0.0769230769230769,0.539227881311703
"M_015","Andrena rugothorace",17,104,0.163461538461538,1.89570881208191
"M_015","Andrena schmiedeknechti",6,104,0.0576923076923077,0.237787674473879
"M_015","Andrena schulzi",13,104,0.125,1.29282839840626
"M_015","Andrena scita",1,104,0.00961538461538462,-0.51581284262068
"M_015","Andrena simontornyella",2,104,0.0192307692307692,-0.365092739201768
"M_015","Andrena sp1 M PL 015",4,104,0.0384615384615385,-0.0636525323639447
"M_015","Andrena sp2 M PL 015",1,104,0.00961538461538462,-0.51581284262068
"M_015","Andrena sp3 M PL 015",1,104,0.00961538461538462,-0.51581284262068
"M_015","Andrena taraxaci",2,104,0.0192307692307692,-0.365092739201768
"M_015","Andrena thomposinii",1,104,0.00961538461538462,-0.51581284262068
"M_015","Andrena tomora",2,104,0.0192307692307692,-0.365092739201768
"M_015","Andrena truncatilabris",4,104,0.0384615384615385,-0.0636525323639447
"M_015","Andrena ventricosa",4,104,0.0384615384615385,-0.0636525323639447
"M_015","Andrena westensis",8,104,0.0769230769230769,0.539227881311703
"M_015","Anthaxia praeclara",1,104,0.00961538461538462,-0.51581284262068
"M_015","Anthaxia quadripunctata",2,104,0.0192307692307692,-0.365092739201768
"M_015","Anthaxia sp1 M PL 015",3,104,0.0288461538461538,-0.214372635782857
"M_015","Anthaxia umbellatarum",3,104,0.0288461538461538,-0.214372635782857
"M_015","Anthidium dalmaticum",1,104,0.00961538461538462,-0.51581284262068
"M_015","Anthidium elongatum",5,104,0.0480769230769231,0.0870675710549672
"M_015","Anthidium florentinum",7,104,0.0673076923076923,0.388507777892791
"M_015","Anthidium manicatum",1,104,0.00961538461538462,-0.51581284262068
"M_015","Anthidium strigatum",18,104,0.173076923076923,2.04642891550082
"M_015","Anthidium taeniatum",2,104,0.0192307692307692,-0.365092739201768
"M_015","Anthidium undulatum",1,104,0.00961538461538462,-0.51581284262068
"M_015","Anthocopa obtusa",4,104,0.0384615384615385,-0.0636525323639447
"M_015","Anthomyia confusanea",2,104,0.0192307692307692,-0.365092739201768
"M_015","Anthomyia pluvialis",4,104,0.0384615384615385,-0.0636525323639447
"M_015","Anthophora agama",5,104,0.0480769230769231,0.0870675710549672
"M_015","Anthophora atroalba",8,104,0.0769230769230769,0.539227881311703
"M_015","Anthophora canescens",2,104,0.0192307692307692,-0.365092739201768
"M_015","Anthophora dufourii",4,104,0.0384615384615385,-0.0636525323639447
"M_015","Anthophora flavocincta",4,104,0.0384615384615385,-0.0636525323639447
"M_015","Anthophora plumipes",5,104,0.0480769230769231,0.0870675710549672
"M_015","Anthophora retusa",1,104,0.00961538461538462,-0.51581284262068
"M_015","Anthophora rubricrus",16,104,0.153846153846154,1.744988708663
"M_015","Anthrax candens",1,104,0.00961538461538462,-0.51581284262068
"M_015","Anthrax discollis",1,104,0.00961538461538462,-0.51581284262068
"M_015","Anthrax sp1 M PL 015",1,104,0.00961538461538462,-0.51581284262068
"M_015","Anthrax sp2 M PL 015",1,104,0.00961538461538462,-0.51581284262068
"M_015","Anthrenus museorum",1,104,0.00961538461538462,-0.51581284262068
"M_015","Anthrenus pimpinellae",3,104,0.0288461538461538,-0.214372635782857
"M_015","Anthrenus sp1 M PL 015",3,104,0.0288461538461538,-0.214372635782857
"M_015","Anthrenus sp2 M PL 015",1,104,0.00961538461538462,-0.51581284262068
"M_015","Anthrenus sp3 M PL 015",1,104,0.00961538461538462,-0.51581284262068
"M_015","Anthrenus verbasci",1,104,0.00961538461538462,-0.51581284262068
"M_015","Apis mellifera",104,104,1,15.0083578095272
"M_015","Aplocnemus sp1 M PL 015",5,104,0.0480769230769231,0.0870675710549672
"M_015","Arge scita",1,104,0.00961538461538462,-0.51581284262068
"M_015","Aricia agestis",10,104,0.0961538461538462,0.840668088149527
"M_015","Artogeia rapae",9,104,0.0865384615384615,0.689947984730615
"M_015","Athalia glabricollis",2,104,0.0192307692307692,-0.365092739201768
"M_015","Athrycia trepida",2,104,0.0192307692307692,-0.365092739201768
"M_015","Attagenus bifasciatus",5,104,0.0480769230769231,0.0870675710549672
"M_015","Attagenus sp1 M PL 015",1,104,0.00961538461538462,-0.51581284262068
"M_015","Attagenus sp2 M PL 015",1,104,0.00961538461538462,-0.51581284262068
"M_015","Bembicinus peregrinus",2,104,0.0192307692307692,-0.365092739201768
"M_015","Bembix oculata",3,104,0.0288461538461538,-0.214372635782857
"M_015","Bembix pallida",2,104,0.0192307692307692,-0.365092739201768
"M_015","Bibio hortulanus",4,104,0.0384615384615385,-0.0636525323639447
"M_015","Bibio leucopterus",7,104,0.0673076923076923,0.388507777892791
"M_015","Bibio marci",1,104,0.00961538461538462,-0.51581284262068
"M_015","Bithia acanthophora",2,104,0.0192307692307692,-0.365092739201768
"M_015","Bithia sp1 M PL 015",2,104,0.0192307692307692,-0.365092739201768
"M_015","Bombus argillaceus",11,104,0.105769230769231,0.991388191568438
"M_015","Bombus terrestris",13,104,0.125,1.29282839840626
"M_015","Bombylius breviusculum",2,104,0.0192307692307692,-0.365092739201768
"M_015","Bombylius canescens",4,104,0.0384615384615385,-0.0636525323639447
"M_015","Bombylius cinerascens",2,104,0.0192307692307692,-0.365092739201768
"M_015","Bombylius discolor",2,104,0.0192307692307692,-0.365092739201768
"M_015","Bombylius fuliginosus",14,104,0.134615384615385,1.44354850182517
"M_015","Bombylius fulvescens",2,104,0.0192307692307692,-0.365092739201768
"M_015","Bombylius medius",11,104,0.105769230769231,0.991388191568438
"M_015","Bombylius sp1 M PL 015",3,104,0.0288461538461538,-0.214372635782857
"M_015","Bombylius sp2 M PL 015",2,104,0.0192307692307692,-0.365092739201768
"M_015","Bombylius undatus",15,104,0.144230769230769,1.59426860524409
"M_015","Bombylius vulpinus",5,104,0.0480769230769231,0.0870675710549672
"M_015","Brachyodynerus quadrimaculatus",1,104,0.00961538461538462,-0.51581284262068
"M_015","Bruchus biguttatus",2,104,0.0192307692307692,-0.365092739201768
"M_015","Bruchus holosericeus",7,104,0.0673076923076923,0.388507777892791
"M_015","Bruchus sp1 M PL 015",2,104,0.0192307692307692,-0.365092739201768
"M_015","Bruchus sp2 M PL 015",2,104,0.0192307692307692,-0.365092739201768
"M_015","Bruchus sp3 M PL 015",1,104,0.00961538461538462,-0.51581284262068
"M_015","Bruchus tibialis",1,104,0.00961538461538462,-0.51581284262068
"M_015","Calliphora vicina",3,104,0.0288461538461538,-0.214372635782857
"M_015","Calliphora vomitoria",8,104,0.0769230769230769,0.539227881311703
"M_015","Callophrys rubi",1,104,0.00961538461538462,-0.51581284262068
"M_015","Calocoris angularis",2,104,0.0192307692307692,-0.365092739201768
"M_015","Calocoris cinctipes",2,104,0.0192307692307692,-0.365092739201768
"M_015","Calocoris histrio",4,104,0.0384615384615385,-0.0636525323639447
"M_015","Calocoris nemoralis",2,104,0.0192307692307692,-0.365092739201768
"M_015","Calocoris sp1 M PL 015",1,104,0.00961538461538462,-0.51581284262068
"M_015","Carcharodus alceae",6,104,0.0576923076923077,0.237787674473879
"M_015","Carpocoris mediterraneus",2,104,0.0192307692307692,-0.365092739201768
"M_015","Carpocoris pudicus",2,104,0.0192307692307692,-0.365092739201768
"M_015","Celonites abbreviatus",2,104,0.0192307692307692,-0.365092739201768
"M_015","Celonites cyprius smyrnensis",3,104,0.0288461538461538,-0.214372635782857
"M_015","Cephidae sp1 M PL 015",1,104,0.00961538461538462,-0.51581284262068
"M_015","Ceratina acuta",12,104,0.115384615384615,1.14210829498735
"M_015","Ceratina bispinosa",8,104,0.0769230769230769,0.539227881311703
"M_015","Ceratina cucurbitina",1,104,0.00961538461538462,-0.51581284262068
"M_015","Ceratina cyanea",1,104,0.00961538461538462,-0.51581284262068
"M_015","Ceratina dallatorreana",2,104,0.0192307692307692,-0.365092739201768
"M_015","Ceratina dentiventris",8,104,0.0769230769230769,0.539227881311703
"M_015","Ceratina loewi",13,104,0.125,1.29282839840626
"M_015","Ceratina nigra",2,104,0.0192307692307692,-0.365092739201768
"M_015","Ceratina nigrolabiata",9,104,0.0865384615384615,0.689947984730615
"M_015","Ceratina parvula",1,104,0.00961538461538462,-0.51581284262068
"M_015","Cerceris arenaria",1,104,0.00961538461538462,-0.51581284262068
"M_015","Cerceris eryngii",2,104,0.0192307692307692,-0.365092739201768
"M_015","Cerceris flavicornis",1,104,0.00961538461538462,-0.51581284262068
"M_015","Cerceris sabulosa",3,104,0.0288461538461538,-0.214372635782857
"M_015","Cerioides conopoides",1,104,0.00961538461538462,-0.51581284262068
"M_015","Chalybion omissum",1,104,0.00961538461538462,-0.51581284262068
"M_015","Chamaesyrphus sp1 M PL 015",2,104,0.0192307692307692,-0.365092739201768
"M_015","Chelostoma campanularum",2,104,0.0192307692307692,-0.365092739201768
"M_015","Chelostoma emarginatum",5,104,0.0480769230769231,0.0870675710549672
"M_015","Chelostoma hellenicum",1,104,0.00961538461538462,-0.51581284262068
"M_015","Chelostoma transversum",6,104,0.0576923076923077,0.237787674473879
"M_015","Chlorodynerus ypsilon rhodius",2,104,0.0192307692307692,-0.365092739201768
"M_015","Chrysis analis",5,104,0.0480769230769231,0.0870675710549672
"M_015","Chrysis incisa",2,104,0.0192307692307692,-0.365092739201768
"M_015","Chrysis sp1 M PL 015",1,104,0.00961538461538462,-0.51581284262068
"M_015","Chrysis verna",1,104,0.00961538461538462,-0.51581284262068
"M_015","Chrysotoxum intermedium",5,104,0.0480769230769231,0.0870675710549672
"M_015","Clairvillia pninae",1,104,0.00961538461538462,-0.51581284262068
"M_015","Clypeocampulum lubricum",2,104,0.0192307692307692,-0.365092739201768
"M_015","Clytiomyia sp1 M PL 015",1,104,0.00961538461538462,-0.51581284262068
"M_015","Coccinella sep",7,104,0.0673076923076923,0.388507777892791
"M_015","Coelioxys aurolimbatus",3,104,0.0288461538461538,-0.214372635782857
"M_015","Coelioxys mandibularis",1,104,0.00961538461538462,-0.51581284262068
"M_015","Coelioxys rufocaudata",3,104,0.0288461538461538,-0.214372635782857
"M_015","Colias crocea",2,104,0.0192307692307692,-0.365092739201768
"M_015","Colletes albomaculatus",2,104,0.0192307692307692,-0.365092739201768
"M_015","Colletes eous",1,104,0.00961538461538462,-0.51581284262068
"M_015","Colletes foveolaris",1,104,0.00961538461538462,-0.51581284262068
"M_015","Conophorus glaucescens",10,104,0.0961538461538462,0.840668088149527
"M_015","Conophorus pussillus M PL 015",2,104,0.0192307692307692,-0.365092739201768
"M_015","Conops flavifrons",4,104,0.0384615384615385,-0.0636525323639447
"M_015","Coptocephala unifasciata",2,104,0.0192307692307692,-0.365092739201768
"M_015","Coreidae sp1 M PL 015",1,104,0.00961538461538462,-0.51581284262068
"M_015","Coriomeris hirticornis",3,104,0.0288461538461538,-0.214372635782857
"M_015","Coriomeris spinolai",1,104,0.00961538461538462,-0.51581284262068
"M_015","Corizus hyosocyami",1,104,0.00961538461538462,-0.51581284262068
"M_015","Cuneala dahli",6,104,0.0576923076923077,0.237787674473879
"M_015","Cuphocera ruficornis",1,104,0.00961538461538462,-0.51581284262068
"M_015","Cylindromyia auriceps",1,104,0.00961538461538462,-0.51581284262068
"M_015","Cylindromyia brassicaria",1,104,0.00961538461538462,-0.51581284262068
"M_015","Cylindromyia rufifrons",2,104,0.0192307692307692,-0.365092739201768
"M_015","Cytherea pallasii M PL 015",1,104,0.00961538461538462,-0.51581284262068
"M_015","Danacaea nigritarsis",7,104,0.0673076923076923,0.388507777892791
"M_015","Dasypoda sp1 M PL 015",1,104,0.00961538461538462,-0.51581284262068
"M_015","Dasytes striatulus",31,104,0.298076923076923,4.00579025994668
"M_015","Dasytes tristiculus",11,104,0.105769230769231,0.991388191568438
"M_015","Delia hirticrura",6,104,0.0576923076923077,0.237787674473879
"M_015","Delia platura",12,104,0.115384615384615,1.14210829498735
"M_015","Deraeocoris schach",1,104,0.00961538461538462,-0.51581284262068
"M_015","Dionaea aurifrons",2,104,0.0192307692307692,-0.365092739201768
"M_015","Dionaea diagramma",2,104,0.0192307692307692,-0.365092739201768
"M_015","Diphyrus quadripunctorius",1,104,0.00961538461538462,-0.51581284262068
"M_015","Dolycoris baccarum",1,104,0.00961538461538462,-0.51581284262068
"M_015","Dorycera hybrida",4,104,0.0384615384615385,-0.0636525323639447
"M_015","Ectemnius crassicornis",4,104,0.0384615384615385,-0.0636525323639447
"M_015","Elampus spina",1,104,0.00961538461538462,-0.51581284262068
"M_015","Empis sp1 M PL 015",3,104,0.0288461538461538,-0.214372635782857
"M_015","Empis sp2 M PL 015",2,104,0.0192307692307692,-0.365092739201768
"M_015","Enneastigma triplex",2,104,0.0192307692307692,-0.365092739201768
"M_015","Eoanthidium insulare",1,104,0.00961538461538462,-0.51581284262068
"M_015","Epicometis hirta",20,104,0.192307692307692,2.34786912233865
"M_015","Episyrphus balteatus",33,104,0.317307692307692,4.3072304667845
"M_015","Eristalinus aeneus",8,104,0.0769230769230769,0.539227881311703
"M_015","Eristalis arbustorum",4,104,0.0384615384615385,-0.0636525323639447
"M_015","Eristalis pratorum",8,104,0.0769230769230769,0.539227881311703
"M_015","Eristalis sp1 M PL 015",1,104,0.00961538461538462,-0.51581284262068
"M_015","Eristalis taeniops",2,104,0.0192307692307692,-0.365092739201768
"M_015","Eristalis tenax",22,104,0.211538461538462,2.64930932917647
"M_015","Eristalis ventralis",1,104,0.00961538461538462,-0.51581284262068
"M_015","Eucera albofasciata",10,104,0.0961538461538462,0.840668088149527
"M_015","Eucera bidentata",32,104,0.307692307692308,4.15651036336559
"M_015","Eucera clypeata",33,104,0.317307692307692,4.3072304667845
"M_015","Eucera furfurea",13,104,0.125,1.29282839840626
"M_015","Eucera nigrescens",1,104,0.00961538461538462,-0.51581284262068
"M_015","Eucera nigrilabris",1,104,0.00961538461538462,-0.51581284262068
"M_015","Eucera parnassia",11,104,0.105769230769231,0.991388191568438
"M_015","Eucera punctulata",1,104,0.00961538461538462,-0.51581284262068
"M_015","Eucera seminuda",21,104,0.201923076923077,2.49858922575756
"M_015","Eucera sp1 M PL 015",1,104,0.00961538461538462,-0.51581284262068
"M_015","Eucera sp2 M PL 015",1,104,0.00961538461538462,-0.51581284262068
"M_015","Euchloe ausonia",14,104,0.134615384615385,1.44354850182517
"M_015","Eumenes dubius",10,104,0.0961538461538462,0.840668088149527
"M_015","Eumenes lunulatus",5,104,0.0480769230769231,0.0870675710549672
"M_015","Eumerus amoenus",4,104,0.0384615384615385,-0.0636525323639447
"M_015","Eumerus basalis",10,104,0.0961538461538462,0.840668088149527
"M_015","Eumerus pulchellus",6,104,0.0576923076923077,0.237787674473879
"M_015","Eumerus pusillus",3,104,0.0288461538461538,-0.214372635782857
"M_015","Eumerus sp1 M PL 015",4,104,0.0384615384615385,-0.0636525323639447
"M_015","Eumerus sp2 M PL 015",1,104,0.00961538461538462,-0.51581284262068
"M_015","Eumerus tricolor",2,104,0.0192307692307692,-0.365092739201768
"M_015","Euodynerus velutinus",1,104,0.00961538461538462,-0.51581284262068
"M_015","Eupavlovskia funeraria",2,104,0.0192307692307692,-0.365092739201768
"M_015","Eurydema ornatum",2,104,0.0192307692307692,-0.365092739201768
"M_015","Exhyalanthrax sp1 M PL 015",1,104,0.00961538461538462,-0.51581284262068
"M_015","Exochomus nigromaculatus",1,104,0.00961538461538462,-0.51581284262068
"M_015","Exoprosopa jacchus",5,104,0.0480769230769231,0.0870675710549672
"M_015","Exoprosopa megerlei M PL 015",1,104,0.00961538461538462,-0.51581284262068
"M_015","Exoprosopa onusta",1,104,0.00961538461538462,-0.51581284262068
"M_015","Freyeria trochylus",4,104,0.0384615384615385,-0.0636525323639447
"M_015","Gasteruption granulithorax",2,104,0.0192307692307692,-0.365092739201768
"M_015","Gasteruption rubricans",3,104,0.0288461538461538,-0.214372635782857
"M_015","Gasteruption terrestre",1,104,0.00961538461538462,-0.51581284262068
"M_015","Geron gibbosus",9,104,0.0865384615384615,0.689947984730615
"M_015","Geron sp1 M PL 015",3,104,0.0288461538461538,-0.214372635782857
"M_015","Geron sp2 M PL 015",3,104,0.0288461538461538,-0.214372635782857
"M_015","Geron sp3 M PL 015",3,104,0.0288461538461538,-0.214372635782857
"M_015","Geron sp4 M PL 015",2,104,0.0192307692307692,-0.365092739201768
"M_015","Glaucopsyche alexis",2,104,0.0192307692307692,-0.365092739201768
"M_015","Globicornis nigripes",1,104,0.00961538461538462,-0.51581284262068
"M_015","Globicornis sp1 M PL 015",1,104,0.00961538461538462,-0.51581284262068
"M_015","Gonepteryx rhamni",10,104,0.0961538461538462,0.840668088149527
"M_015","Graphomyia maculata",1,104,0.00961538461538462,-0.51581284262068
"M_015","Graphosoma lineatum",2,104,0.0192307692307692,-0.365092739201768
"M_015","Gymnosoma sp1 M PL 015",1,104,0.00961538461538462,-0.51581284262068
"M_015","Habropoda tarsata",8,104,0.0769230769230769,0.539227881311703
"M_015","Halictus asperulus",3,104,0.0288461538461538,-0.214372635782857
"M_015","Halictus brunnescens",10,104,0.0961538461538462,0.840668088149527
"M_015","Halictus graecus",3,104,0.0288461538461538,-0.214372635782857
"M_015","Halictus pollinus",5,104,0.0480769230769231,0.0870675710549672
"M_015","Halictus resurgens",11,104,0.105769230769231,0.991388191568438
"M_015","Halictus scabiosae",15,104,0.144230769230769,1.59426860524409
"M_015","Halictus sp1 M PL 015",2,104,0.0192307692307692,-0.365092739201768
"M_015","Halictus sp2 M PL 015",1,104,0.00961538461538462,-0.51581284262068
"M_015","Halictus subaurata",3,104,0.0288461538461538,-0.214372635782857
"M_015","Halictus tectus",3,104,0.0288461538461538,-0.214372635782857
"M_015","Halictus tetrazonius",16,104,0.153846153846154,1.744988708663
"M_015","Hebecnema fumosa",2,104,0.0192307692307692,-0.365092739201768
"M_015","Helina evecta",2,104,0.0192307692307692,-0.365092739201768
"M_015","Helina reversio",5,104,0.0480769230769231,0.0870675710549672
"M_015","Helophilus trivittatus",1,104,0.00961538461538462,-0.51581284262068
"M_015","Hemipenthes velutinus",5,104,0.0480769230769231,0.0870675710549672
"M_015","Heriades coelostomus",3,104,0.0288461538461538,-0.214372635782857
"M_015","Heriades crenulata",1,104,0.00961538461538462,-0.51581284262068
"M_015","Heriades punctulifera",8,104,0.0769230769230769,0.539227881311703
"M_015","Heriades truncorum",3,104,0.0288461538461538,-0.214372635782857
"M_015","Heringia heringi",1,104,0.00961538461538462,-0.51581284262068
"M_015","Heringia sp1 M PL 015",1,104,0.00961538461538462,-0.51581284262068
"M_015","Heterocnemis graeca",5,104,0.0480769230769231,0.0870675710549672
"M_015","Hoplitis annulata subsp. crenulata",8,104,0.0769230769230769,0.539227881311703
"M_015","Hoplitis bisulca",3,104,0.0288461538461538,-0.214372635782857
"M_015","Hoplitis curvipes",2,104,0.0192307692307692,-0.365092739201768
"M_015","Hoplitis fabrei",4,104,0.0384615384615385,-0.0636525323639447
"M_015","Hoplitis manicata",5,104,0.0480769230769231,0.0870675710549672
"M_015","Hoplitis pallicornis",1,104,0.00961538461538462,-0.51581284262068
"M_015","Hoplitis papaveris",1,104,0.00961538461538462,-0.51581284262068
"M_015","Hoplitis perezi",1,104,0.00961538461538462,-0.51581284262068
"M_015","Hoplitis pici",3,104,0.0288461538461538,-0.214372635782857
"M_015","Hoplitis rufohirta",1,104,0.00961538461538462,-0.51581284262068
"M_015","Hoplitis sp1 M PL 015",1,104,0.00961538461538462,-0.51581284262068
"M_015","Hoplitis sp2 M PL 015",1,104,0.00961538461538462,-0.51581284262068
"M_015","Hoplitis sybarita",6,104,0.0576923076923077,0.237787674473879
"M_015","Hoplitis yermasoyiae",2,104,0.0192307692307692,-0.365092739201768
"M_015","Hydrotaea cinerea",1,104,0.00961538461538462,-0.51581284262068
"M_015","Hylaeus bifasciatus",2,104,0.0192307692307692,-0.365092739201768
"M_015","Hylaeus imparilis",3,104,0.0288461538461538,-0.214372635782857
"M_015","Hylaeus lineolatus",8,104,0.0769230769230769,0.539227881311703
"M_015","Hylaeus meridionalis",8,104,0.0769230769230769,0.539227881311703
"M_015","Hylaeus pictus",1,104,0.00961538461538462,-0.51581284262068
"M_015","Hylaeus punctatus",8,104,0.0769230769230769,0.539227881311703
"M_015","Hylaeus signatus",1,104,0.00961538461538462,-0.51581284262068
"M_015","Hylaeus variegatus",3,104,0.0288461538461538,-0.214372635782857
"M_015","Hymenoptera sp9 M PL 015",3,104,0.0288461538461538,-0.214372635782857
"M_015","Hypovoria hilaris",3,104,0.0288461538461538,-0.214372635782857
"M_015","Icteranthidium grohmanni",11,104,0.105769230769231,0.991388191568438
"M_015","Iphiclides podalirius",6,104,0.0576923076923077,0.237787674473879
"M_015","Lasioglossum aeratum",2,104,0.0192307692307692,-0.365092739201768
"M_015","Lasioglossum anellum",17,104,0.163461538461538,1.89570881208191
"M_015","Lasioglossum brevicome",1,104,0.00961538461538462,-0.51581284262068
"M_015","Lasioglossum convexiusculum",1,104,0.00961538461538462,-0.51581284262068
"M_015","Lasioglossum crassepunctatum",1,104,0.00961538461538462,-0.51581284262068
"M_015","Lasioglossum cristula subsp. donatum",9,104,0.0865384615384615,0.689947984730615
"M_015","Lasioglossum laticeps",3,104,0.0288461538461538,-0.214372635782857
"M_015","Lasioglossum leucozonium",1,104,0.00961538461538462,-0.51581284262068
"M_015","Lasioglossum limbelloides",10,104,0.0961538461538462,0.840668088149527
"M_015","Lasioglossum limbellum",1,104,0.00961538461538462,-0.51581284262068
"M_015","Lasioglossum lineare",16,104,0.153846153846154,1.744988708663
"M_015","Lasioglossum lucidulum",2,104,0.0192307692307692,-0.365092739201768
"M_015","Lasioglossum malachurum",38,104,0.365384615384615,5.06083098387906
"M_015","Lasioglossum marginatum",24,104,0.230769230769231,2.95074953601429
"M_015","Lasioglossum mediterraneum",6,104,0.0576923076923077,0.237787674473879
"M_015","Lasioglossum mesosclerum",1,104,0.00961538461538462,-0.51581284262068
"M_015","Lasioglossum nigripes",1,104,0.00961538461538462,-0.51581284262068
"M_015","Lasioglossum nitidulum",2,104,0.0192307692307692,-0.365092739201768
"M_015","Lasioglossum obscuratum",6,104,0.0576923076923077,0.237787674473879
"M_015","Lasioglossum pauxillum",9,104,0.0865384615384615,0.689947984730615
"M_015","Lasioglossum politum",6,104,0.0576923076923077,0.237787674473879
"M_015","Lasioglossum pygmaeum subsp. patulum",3,104,0.0288461538461538,-0.214372635782857
"M_015","Lasioglossum quadrinotatum",3,104,0.0288461538461538,-0.214372635782857
"M_015","Lasioglossum sp1 M PL 015",1,104,0.00961538461538462,-0.51581284262068
"M_015","Lasioglossum subaenescen",1,104,0.00961538461538462,-0.51581284262068
"M_015","Lasioglossum transitorium",1,104,0.00961538461538462,-0.51581284262068
"M_015","Lasioglossum villosulum",6,104,0.0576923076923077,0.237787674473879
"M_015","Lasioglossum zonulum",2,104,0.0192307692307692,-0.365092739201768
"M_015","Lasiomma seminitidum",1,104,0.00961538461538462,-0.51581284262068
"M_015","Lasiopa balius",1,104,0.00961538461538462,-0.51581284262068
"M_015","Leptochilus alpestris",3,104,0.0288461538461538,-0.214372635782857
"M_015","Leptochilus limbiferus",1,104,0.00961538461538462,-0.51581284262068
"M_015","Leptochilus regulus",3,104,0.0288461538461538,-0.214372635782857
"M_015","Lestica clypeata",3,104,0.0288461538461538,-0.214372635782857
"M_015","Leucophora dissimilis",8,104,0.0769230769230769,0.539227881311703
"M_015","Leucophora sp1 M PL 015",3,104,0.0288461538461538,-0.214372635782857
"M_015","Linnaemyia soror",2,104,0.0192307692307692,-0.365092739201768
"M_015","Liorhyssus hyalinus",1,104,0.00961538461538462,-0.51581284262068
"M_015","Liriomyza cicerina",1,104,0.00961538461538462,-0.51581284262068
"M_015","Liriomyza orbona",1,104,0.00961538461538462,-0.51581284262068
"M_015","Lomatia atropos",3,104,0.0288461538461538,-0.214372635782857
"M_015","Lomatia erinnys",2,104,0.0192307692307692,-0.365092739201768
"M_015","Lomatia grajugena",8,104,0.0769230769230769,0.539227881311703
"M_015","Lomatia sabaea",3,104,0.0288461538461538,-0.214372635782857
"M_015","Loricula sp1 M PL 015",1,104,0.00961538461538462,-0.51581284262068
"M_015","Loxocnemis dentator",1,104,0.00961538461538462,-0.51581284262068
"M_015","Lucilia sericata",11,104,0.105769230769231,0.991388191568438
"M_015","Lycaena phlaeas",6,104,0.0576923076923077,0.237787674473879
"M_015","Lygaeus equestris",1,104,0.00961538461538462,-0.51581284262068
"M_015","Macroglossum stellatarum",2,104,0.0192307692307692,-0.365092739201768
"M_015","Macrophya teutona",1,104,0.00961538461538462,-0.51581284262068
"M_015","Macrotylus nigricornis",1,104,0.00961538461538462,-0.51581284262068
"M_015","Malachius bipustulatus",9,104,0.0865384615384615,0.689947984730615
"M_015","Malachius geniculatus",6,104,0.0576923076923077,0.237787674473879
"M_015","Malachius marginellus",1,104,0.00961538461538462,-0.51581284262068
"M_015","Malachius sp1 M PL 015",9,104,0.0865384615384615,0.689947984730615
"M_015","Maniola jurtina",1,104,0.00961538461538462,-0.51581284262068
"M_015","Medetera sp1 M PL 015",1,104,0.00961538461538462,-0.51581284262068
"M_015","Megachile albisecta",6,104,0.0576923076923077,0.237787674473879
"M_015","Megachile albocristata",4,104,0.0384615384615385,-0.0636525323639447
"M_015","Megachile argentata",15,104,0.144230769230769,1.59426860524409
"M_015","Megachile ericetorum",8,104,0.0769230769230769,0.539227881311703
"M_015","Megachile giraudi",2,104,0.0192307692307692,-0.365092739201768
"M_015","Megachile hungarica",1,104,0.00961538461538462,-0.51581284262068
"M_015","Megachile lefebvrei",3,104,0.0288461538461538,-0.214372635782857
"M_015","Megachile manicata",4,104,0.0384615384615385,-0.0636525323639447
"M_015","Megachile montenegrensis",1,104,0.00961538461538462,-0.51581284262068
"M_015","Megachile pacifica",1,104,0.00961538461538462,-0.51581284262068
"M_015","Megachile parietina",11,104,0.105769230769231,0.991388191568438
"M_015","Megachile pyrenaica",2,104,0.0192307692307692,-0.365092739201768
"M_015","Megachile sp1 M PL 015",17,104,0.163461538461538,1.89570881208191
"M_015","Megachile sp2 M PL 015",2,104,0.0192307692307692,-0.365092739201768
"M_015","Megachile sp3 M PL 015",2,104,0.0192307692307692,-0.365092739201768
"M_015","Megachile sp4 M PL 015",1,104,0.00961538461538462,-0.51581284262068
"M_015","Megachile villipes",1,104,0.00961538461538462,-0.51581284262068
"M_015","Melanagromyza sp1 M PL 015",1,104,0.00961538461538462,-0.51581284262068
"M_015","Melanargia larissa",1,104,0.00961538461538462,-0.51581284262068
"M_015","Melanostoma mellinum",4,104,0.0384615384615385,-0.0636525323639447
"M_015","Melecta albifrons",2,104,0.0192307692307692,-0.365092739201768
"M_015","Melecta tuberculata",4,104,0.0384615384615385,-0.0636525323639447
"M_015","Meligethes sp1 M PL 015",3,104,0.0288461538461538,-0.214372635782857
"M_015","Meliscaeva auricollis",21,104,0.201923076923077,2.49858922575756
"M_015","Merodon albifrons",2,104,0.0192307692307692,-0.365092739201768
"M_015","Merodon annulatus",3,104,0.0288461538461538,-0.214372635782857
"M_015","Merodon avidus",11,104,0.105769230769231,0.991388191568438
"M_015","Merodon clavipes",4,104,0.0384615384615385,-0.0636525323639447
"M_015","Merodon femoratus",1,104,0.00961538461538462,-0.51581284262068
"M_015","Merodon longicornis",18,104,0.173076923076923,2.04642891550082
"M_015","Merodon minutus",3,104,0.0288461538461538,-0.214372635782857
"M_015","Merodon nigritarsis",1,104,0.00961538461538462,-0.51581284262068
"M_015","Merodon sp1 M PL 015",3,104,0.0288461538461538,-0.214372635782857
"M_015","Merodon sp2 M PL 015",3,104,0.0288461538461538,-0.214372635782857
"M_015","Merodon sp3 M PL 015",2,104,0.0192307692307692,-0.365092739201768
"M_015","Merodon sp4 M PL 015",1,104,0.00961538461538462,-0.51581284262068
"M_015","Mesochorus sp1 M PL 015",1,104,0.00961538461538462,-0.51581284262068
"M_015","Metasyrphus corollae",38,104,0.365384615384615,5.06083098387906
"M_015","Metasyrphus lapponicus",1,104,0.00961538461538462,-0.51581284262068
"M_015","Metopoplax origani",1,104,0.00961538461538462,-0.51581284262068
"M_015","Miltogramma murinum",1,104,0.00961538461538462,-0.51581284262068
"M_015","Miltogramma sp1 M PL 015",1,104,0.00961538461538462,-0.51581284262068
"M_015","Muscina stabulans",1,104,0.00961538461538462,-0.51581284262068
"M_015","Myathropa florea",3,104,0.0288461538461538,-0.214372635782857
"M_015","Mycterus curculioides",1,104,0.00961538461538462,-0.51581284262068
"M_015","Mylabris quadripunctata",3,104,0.0288461538461538,-0.214372635782857
"M_015","Myopa sp1 M PL 015",4,104,0.0384615384615385,-0.0636525323639447
"M_015","Napomyza sp1 M PL 015",2,104,0.0192307692307692,-0.365092739201768
"M_015","Nemognatha chrysomelina",1,104,0.00961538461538462,-0.51581284262068
"M_015","Nemoptera sp1 M PL 015",2,104,0.0192307692307692,-0.365092739201768
"M_015","Neocnemodon latitarsis",2,104,0.0192307692307692,-0.365092739201768
"M_015","Neohipparchia fatua",1,104,0.00961538461538462,-0.51581284262068
"M_015","Neomyia cornicina",10,104,0.0961538461538462,0.840668088149527
"M_015","Nomada babiyi",1,104,0.00961538461538462,-0.51581284262068
"M_015","Nomada basalis",8,104,0.0769230769230769,0.539227881311703
"M_015","Nomada calimorpha",1,104,0.00961538461538462,-0.51581284262068
"M_015","Nomada corcyraea",1,104,0.00961538461538462,-0.51581284262068
"M_015","Nomada distinguenda",1,104,0.00961538461538462,-0.51581284262068
"M_015","Nomada eos",3,104,0.0288461538461538,-0.214372635782857
"M_015","Nomada erythrocephala",1,104,0.00961538461538462,-0.51581284262068
"M_015","Nomada femoralis",9,104,0.0865384615384615,0.689947984730615
"M_015","Nomada fucata",4,104,0.0384615384615385,-0.0636525323639447
"M_015","Nomada imperialis",2,104,0.0192307692307692,-0.365092739201768
"M_015","Nomada lucidula",7,104,0.0673076923076923,0.388507777892791
"M_015","Nomada mavromoustakisi",1,104,0.00961538461538462,-0.51581284262068
"M_015","Nomada nobilis",5,104,0.0480769230769231,0.0870675710549672
"M_015","Nomada propinqua",8,104,0.0769230769230769,0.539227881311703
"M_015","Nomada rubricollis",3,104,0.0288461538461538,-0.214372635782857
"M_015","Nomada sp1 M PL 015",1,104,0.00961538461538462,-0.51581284262068
"M_015","Nomada succinta",1,104,0.00961538461538462,-0.51581284262068
"M_015","Nomada trispinosa",2,104,0.0192307692307692,-0.365092739201768
"M_015","Nomia diversipes",3,104,0.0288461538461538,-0.214372635782857
"M_015","Nomia rumelica",2,104,0.0192307692307692,-0.365092739201768
"M_015","Nomia sp1 M PL 015",1,104,0.00961538461538462,-0.51581284262068
"M_015","Nomia unidentata",1,104,0.00961538461538462,-0.51581284262068
"M_015","Nomioides facilis",3,104,0.0288461538461538,-0.214372635782857
"M_015","Nordmannia ilicis",2,104,0.0192307692307692,-0.365092739201768
"M_015","Nysius cymoides",1,104,0.00961538461538462,-0.51581284262068
"M_015","Nysius graminicola",1,104,0.00961538461538462,-0.51581284262068
"M_015","Ocinimorpha novakii",14,104,0.134615384615385,1.44354850182517
"M_015","Odinophora occidentalis",3,104,0.0288461538461538,-0.214372635782857
"M_015","Odontotarsus sp1 M PL 015",1,104,0.00961538461538462,-0.51581284262068
"M_015","Odynerus albopictus",1,104,0.00961538461538462,-0.51581284262068
"M_015","Odynerus femoratus",2,104,0.0192307692307692,-0.365092739201768
"M_015","Odynerus melanocephalus",6,104,0.0576923076923077,0.237787674473879
"M_015","Odynerus poecilus",1,104,0.00961538461538462,-0.51581284262068
"M_015","Oedemera flavipes",7,104,0.0673076923076923,0.388507777892791
"M_015","Oedemera sp1 M PL 015",4,104,0.0384615384615385,-0.0636525323639447
"M_015","Oligodranes sp1 M PL 015",2,104,0.0192307692307692,-0.365092739201768
"M_015","Orellia falcata",4,104,0.0384615384615385,-0.0636525323639447
"M_015","Orphilus niger",8,104,0.0769230769230769,0.539227881311703
"M_015","Orthocladius sp1 M PL 015",1,104,0.00961538461538462,-0.51581284262068
"M_015","Oscinella frit",1,104,0.00961538461538462,-0.51581284262068
"M_015","Osmia (Metallinella) brevicornis",11,104,0.105769230769231,0.991388191568438
"M_015","Osmia andrenoides",5,104,0.0480769230769231,0.0870675710549672
"M_015","Osmia apicata",1,104,0.00961538461538462,-0.51581284262068
"M_015","Osmia aurulenta",24,104,0.230769230769231,2.95074953601429
"M_015","Osmia bidentata",1,104,0.00961538461538462,-0.51581284262068
"M_015","Osmia caerulescens",1,104,0.00961538461538462,-0.51581284262068
"M_015","Osmia cephalotes",1,104,0.00961538461538462,-0.51581284262068
"M_015","Osmia fulviventris",8,104,0.0769230769230769,0.539227881311703
"M_015","Osmia latreillei",2,104,0.0192307692307692,-0.365092739201768
"M_015","Osmia melanogaster",6,104,0.0576923076923077,0.237787674473879
"M_015","Osmia moreensis",1,104,0.00961538461538462,-0.51581284262068
"M_015","Osmia mustelina",1,104,0.00961538461538462,-0.51581284262068
"M_015","Osmia nana",1,104,0.00961538461538462,-0.51581284262068
"M_015","Osmia scutellaris",1,104,0.00961538461538462,-0.51581284262068
"M_015","Osmia signata",3,104,0.0288461538461538,-0.214372635782857
"M_015","Osmia sp1 M PL 015",2,104,0.0192307692307692,-0.365092739201768
"M_015","Osmia spinigera",2,104,0.0192307692307692,-0.365092739201768
"M_015","Osmia subcornuta",1,104,0.00961538461538462,-0.51581284262068
"M_015","Osmia versicolor",6,104,0.0576923076923077,0.237787674473879
"M_015","Osmia viridana",1,104,0.00961538461538462,-0.51581284262068
"M_015","Oxycarenus hyalinipennis",1,104,0.00961538461538462,-0.51581284262068
"M_015","Oxythyrea funesta",19,104,0.182692307692308,2.19714901891973
"M_015","Oxytorus armatus",1,104,0.00961538461538462,-0.51581284262068
"M_015","Papilio alexanor",1,104,0.00961538461538462,-0.51581284262068
"M_015","Papilio machaon",11,104,0.105769230769231,0.991388191568438
"M_015","Paragus bicolor",4,104,0.0384615384615385,-0.0636525323639447
"M_015","Paragus haemorrhous",2,104,0.0192307692307692,-0.365092739201768
"M_015","Paragus quadrifasciatus",6,104,0.0576923076923077,0.237787674473879
"M_015","Paragus tibialis",7,104,0.0673076923076923,0.388507777892791
"M_015","Paravespula germanica",3,104,0.0288461538461538,-0.214372635782857
"M_015","Paregle audacula",14,104,0.134615384615385,1.44354850182517
"M_015","Parontodynerus ephippium",4,104,0.0384615384615385,-0.0636525323639447
"M_015","Pemphredon lethifer",1,104,0.00961538461538462,-0.51581284262068
"M_015","Petrorossia hesperus",5,104,0.0480769230769231,0.0870675710549672
"M_015","Petrorossia sp1 M PL 015",1,104,0.00961538461538462,-0.51581284262068
"M_015","Phaniosoma sp1 M PL 015",1,104,0.00961538461538462,-0.51581284262068
"M_015","Phthiria canescens",1,104,0.00961538461538462,-0.51581284262068
"M_015","Phthiria umbripennis",1,104,0.00961538461538462,-0.51581284262068
"M_015","Phthiria vagans",3,104,0.0288461538461538,-0.214372635782857
"M_015","Physocephala sp1 M PL 015",3,104,0.0288461538461538,-0.214372635782857
"M_015","Phyto adolescens",1,104,0.00961538461538462,-0.51581284262068
"M_015","Phytomyza sp1 M PL 015",1,104,0.00961538461538462,-0.51581284262068
"M_015","Pieris brassicae",28,104,0.269230769230769,3.55362994968994
"M_015","Plagiognathus bipunctatus",1,104,0.00961538461538462,-0.51581284262068
"M_015","Podonta milleri",22,104,0.211538461538462,2.64930932917647
"M_015","Polistes associus",1,104,0.00961538461538462,-0.51581284262068
"M_015","Polistes dominulus",6,104,0.0576923076923077,0.237787674473879
"M_015","Polistes gallicus",3,104,0.0288461538461538,-0.214372635782857
"M_015","Pollenia longitheca",6,104,0.0576923076923077,0.237787674473879
"M_015","Pollenia ruddis",2,104,0.0192307692307692,-0.365092739201768
"M_015","Polyommatus icarus",11,104,0.105769230769231,0.991388191568438
"M_015","Pontia daplidice",19,104,0.182692307692308,2.19714901891973
"M_015","Prionyx kirbyi",2,104,0.0192307692307692,-0.365092739201768
"M_015","Protosmia tauricola",1,104,0.00961538461538462,-0.51581284262068
"M_015","Psallus ancorifer",18,104,0.173076923076923,2.04642891550082
"M_015","Psallus sp1 M PL 015",1,104,0.00961538461538462,-0.51581284262068
"M_015","Pseudoanthidium alpinum",1,104,0.00961538461538462,-0.51581284262068
"M_015","Pseudoanthidium cribratum",1,104,0.00961538461538462,-0.51581284262068
"M_015","Pseudoanthidium nanum",1,104,0.00961538461538462,-0.51581284262068
"M_015","Pseudoheriades asiaticus",4,104,0.0384615384615385,-0.0636525323639447
"M_015","Pseudophilotes vicrama shiffermuelleri",11,104,0.105769230769231,0.991388191568438
"M_015","Pseudospinolia uniformis",1,104,0.00961538461538462,-0.51581284262068
"M_015","Psilothrix cyaneus",9,104,0.0865384615384615,0.689947984730615
"M_015","Pyrgus centaureae",3,104,0.0288461538461538,-0.214372635782857
"M_015","Rhagonycha sp1 M PL 015",2,104,0.0192307692307692,-0.365092739201768
"M_015","Rhamphomyia sp1 M PL 015",2,104,0.0192307692307692,-0.365092739201768
"M_015","Rhodanthidium caturigense",2,104,0.0192307692307692,-0.365092739201768
"M_015","Rhodanthidium septemdentatum",33,104,0.317307692307692,4.3072304667845
"M_015","Rophites algirus",3,104,0.0288461538461538,-0.214372635782857
"M_015","Rophites quinquespinosus",2,104,0.0192307692307692,-0.365092739201768
"M_015","Sapyga quinquepunctata",1,104,0.00961538461538462,-0.51581284262068
"M_015","Sarcophaga consanguinea",2,104,0.0192307692307692,-0.365092739201768
"M_015","Sarcophaga graeca",1,104,0.00961538461538462,-0.51581284262068
"M_015","Sarcophaga haemorrhoides",3,104,0.0288461538461538,-0.214372635782857
"M_015","Sarcophaga novercoides",1,104,0.00961538461538462,-0.51581284262068
"M_015","Sarcophaga portchinskyana",2,104,0.0192307692307692,-0.365092739201768
"M_015","Sarcophaga sp1 M PL 015",2,104,0.0192307692307692,-0.365092739201768
"M_015","Sarcophaga sp2 M PL 015",1,104,0.00961538461538462,-0.51581284262068
"M_015","Sarcophaga sp3 M PL 015",1,104,0.00961538461538462,-0.51581284262068
"M_015","Sarcophaga sp4 M PL 015",1,104,0.00961538461538462,-0.51581284262068
"M_015","Sarcophaga taurica",1,104,0.00961538461538462,-0.51581284262068
"M_015","Satyrus ferula",1,104,0.00961538461538462,-0.51581284262068
"M_015","Scaeva albomaculata",1,104,0.00961538461538462,-0.51581284262068
"M_015","Scaeva pyrastri",21,104,0.201923076923077,2.49858922575756
"M_015","Scaeva selenitica",3,104,0.0288461538461538,-0.214372635782857
"M_015","Scaptomyza pallida",1,104,0.00961538461538462,-0.51581284262068
"M_015","Scatophaga stercoraria",1,104,0.00961538461538462,-0.51581284262068
"M_015","Sceliphron destillatorium",1,104,0.00961538461538462,-0.51581284262068
"M_015","Sciocoris sp1 M PL 015",1,104,0.00961538461538462,-0.51581284262068
"M_015","Scolia galbula",6,104,0.0576923076923077,0.237787674473879
"M_015","Scolia hirta",5,104,0.0480769230769231,0.0870675710549672
"M_015","Seladonia cephalica",6,104,0.0576923076923077,0.237787674473879
"M_015","Seladonia gemmea",10,104,0.0961538461538462,0.840668088149527
"M_015","Seladonia smaragdula",18,104,0.173076923076923,2.04642891550082
"M_015","Selenocephalus pallidus",1,104,0.00961538461538462,-0.51581284262068
"M_015","Sepsis sp1 M PL 015",2,104,0.0192307692307692,-0.365092739201768
"M_015","Sicus sp1 M PL 015",1,104,0.00961538461538462,-0.51581284262068
"M_015","Siphona confusa",6,104,0.0576923076923077,0.237787674473879
"M_015","Siphona sp1 M PL 015",2,104,0.0192307692307692,-0.365092739201768
"M_015","Smittia sp1 M PL 015",1,104,0.00961538461538462,-0.51581284262068
"M_015","Spallanzania hebes",4,104,0.0384615384615385,-0.0636525323639447
"M_015","Spallanzania rectistylum",1,104,0.00961538461538462,-0.51581284262068
"M_015","Spermatophagus kuesteri",3,104,0.0288461538461538,-0.214372635782857
"M_015","Spermophagus sericeus",14,104,0.134615384615385,1.44354850182517
"M_015","Sphaerophoria scripta",10,104,0.0961538461538462,0.840668088149527
"M_015","Sphecodes ephippius",3,104,0.0288461538461538,-0.214372635782857
"M_015","Sphex pruinosus",2,104,0.0192307692307692,-0.365092739201768
"M_015","Sphex rufocinctus",2,104,0.0192307692307692,-0.365092739201768
"M_015","Stelis punctulatissima",1,104,0.00961538461538462,-0.51581284262068
"M_015","Stenoheriades coelostoma",1,104,0.00961538461538462,-0.51581284262068
"M_015","Stevenia signata",2,104,0.0192307692307692,-0.365092739201768
"M_015","Stizoides tridentatus",1,104,0.00961538461538462,-0.51581284262068
"M_015","Stizus ruficornis",2,104,0.0192307692307692,-0.365092739201768
"M_015","Strangalia bifasciata",1,104,0.00961538461538462,-0.51581284262068
"M_015","Strymonidia spini",1,104,0.00961538461538462,-0.51581284262068
"M_015","Symmorphus gracilis",1,104,0.00961538461538462,-0.51581284262068
"M_015","Syritta pipiens",26,104,0.25,3.25218974285212
"M_015","Syrphus vitripennis",5,104,0.0480769230769231,0.0870675710549672
"M_015","Systropha planidens",1,104,0.00961538461538462,-0.51581284262068
"M_015","Tachina fera",6,104,0.0576923076923077,0.237787674473879
"M_015","Tachina vernalis",1,104,0.00961538461538462,-0.51581284262068
"M_015","Tachysphex incertus",1,104,0.00961538461538462,-0.51581284262068
"M_015","Tachysphex pepa",1,104,0.00961538461538462,-0.51581284262068
"M_015","Tehthredo zona",3,104,0.0288461538461538,-0.214372635782857
"M_015","Tehthredo zonula",1,104,0.00961538461538462,-0.51581284262068
"M_015","Tephritis sp1 M PL 015",1,104,0.00961538461538462,-0.51581284262068
"M_015","Tetralonia alternans",11,104,0.105769230769231,0.991388191568438
"M_015","Thymelicus acteon",14,104,0.134615384615385,1.44354850182517
"M_015","Thyreus ramosus",6,104,0.0576923076923077,0.237787674473879
"M_015","Thyreus truncatus",1,104,0.00961538461538462,-0.51581284262068
"M_015","Thyridanthrax obliteratus",3,104,0.0288461538461538,-0.214372635782857
"M_015","Thyridanthrax polyphemus",1,104,0.00961538461538462,-0.51581284262068
"M_015","Thyridanthrax sp1 M PL 015",3,104,0.0288461538461538,-0.214372635782857
"M_015","Thyridanthrax sp2 M PL 015",1,104,0.00961538461538462,-0.51581284262068
"M_015","Tiphia caucasica",7,104,0.0673076923076923,0.388507777892791
"M_015","Toxophora maculata",2,104,0.0192307692307692,-0.365092739201768
"M_015","Trianthidium caturigense ducale",1,104,0.00961538461538462,-0.51581284262068
"M_015","Trichodes favarius Illiger",12,104,0.115384615384615,1.14210829498735
"M_015","Trichodes graecus",3,104,0.0288461538461538,-0.214372635782857
"M_015","Trichodes punctatus viridifasciatus",2,104,0.0192307692307692,-0.365092739201768
"M_015","Trielis quinquecincta",6,104,0.0576923076923077,0.237787674473879
"M_015","Trogoderma sp1 M PL 015",1,104,0.00961538461538462,-0.51581284262068
"M_015","Unidentified sp1 M PL 015",13,104,0.125,1.29282839840626
"M_015","Unidentified sp10 M PL 015",2,104,0.0192307692307692,-0.365092739201768
"M_015","Unidentified sp11 M PL 015",2,104,0.0192307692307692,-0.365092739201768
"M_015","Unidentified sp12 M PL 015",2,104,0.0192307692307692,-0.365092739201768
"M_015","Unidentified sp13 M PL 015",2,104,0.0192307692307692,-0.365092739201768
"M_015","Unidentified sp14 M PL 015",2,104,0.0192307692307692,-0.365092739201768
"M_015","Unidentified sp15 M PL 015",1,104,0.00961538461538462,-0.51581284262068
"M_015","Unidentified sp16 M PL 015",1,104,0.00961538461538462,-0.51581284262068
"M_015","Unidentified sp17 M PL 015",1,104,0.00961538461538462,-0.51581284262068
"M_015","Unidentified sp18 M PL 015",1,104,0.00961538461538462,-0.51581284262068
"M_015","Unidentified sp19 M PL 015",1,104,0.00961538461538462,-0.51581284262068
"M_015","Unidentified sp2 M PL 015",11,104,0.105769230769231,0.991388191568438
"M_015","Unidentified sp20 M PL 015",1,104,0.00961538461538462,-0.51581284262068
"M_015","Unidentified sp21 M PL 015",1,104,0.00961538461538462,-0.51581284262068
"M_015","Unidentified sp22 M PL 015",1,104,0.00961538461538462,-0.51581284262068
"M_015","Unidentified sp23 M PL 015",1,104,0.00961538461538462,-0.51581284262068
"M_015","Unidentified sp24 M PL 015",1,104,0.00961538461538462,-0.51581284262068
"M_015","Unidentified sp25 M PL 015",1,104,0.00961538461538462,-0.51581284262068
"M_015","Unidentified sp26 M PL 015",1,104,0.00961538461538462,-0.51581284262068
"M_015","Unidentified sp3 M PL 015",6,104,0.0576923076923077,0.237787674473879
"M_015","Unidentified sp4 M PL 015",5,104,0.0480769230769231,0.0870675710549672
"M_015","Unidentified sp5 M PL 015",4,104,0.0384615384615385,-0.0636525323639447
"M_015","Unidentified sp6 M PL 015",4,104,0.0384615384615385,-0.0636525323639447
"M_015","Unidentified sp7 M PL 015",3,104,0.0288461538461538,-0.214372635782857
"M_015","Unidentified sp8 M PL 015",3,104,0.0288461538461538,-0.214372635782857
"M_015","Usia forcipata",17,104,0.163461538461538,1.89570881208191
"M_015","Vanessa atalanta",2,104,0.0192307692307692,-0.365092739201768
"M_015","Villa hottentotta",5,104,0.0480769230769231,0.0870675710549672
"M_015","Xanthandrus comtus",2,104,0.0192307692307692,-0.365092739201768
"M_015","Xylocopa (Proxylocopa) olivieri",3,104,0.0288461538461538,-0.214372635782857
"M_015","Xylocopa iris",8,104,0.0769230769230769,0.539227881311703
"M_015","Xylocopa violacea",5,104,0.0480769230769231,0.0870675710549672
"M_015","Zerynthia polyxena",3,104,0.0288461538461538,-0.214372635782857
"M_015","Zodion sp1 M PL 015",2,104,0.0192307692307692,-0.365092739201768
"M_015","Zodion sp2 M PL 015",1,104,0.00961538461538462,-0.51581284262068
"M_015","Zonitis immaculata",1,104,0.00961538461538462,-0.51581284262068
"M_015","Zygaena carniolica",4,104,0.0384615384615385,-0.0636525323639447
"M_015","Zygaena punctum",1,104,0.00961538461538462,-0.51581284262068
"M_016","Acmaeodera sp1 M PL 016",2,17,0.117647058823529,-0.126413650362078
"M_016","Acrobasis porphyrella",1,17,0.0588235294117647,-0.545451491377112
"M_016","Agrotis puta",1,17,0.0588235294117647,-0.545451491377112
"M_016","Amegilla fasciata",4,17,0.235294117647059,0.711662031667992
"M_016","Amegilla quadrifasciata",2,17,0.117647058823529,-0.126413650362078
"M_016","Ammophila heydeni",1,17,0.0588235294117647,-0.545451491377112
"M_016","Andrena assimilis",1,17,0.0588235294117647,-0.545451491377112
"M_016","Andrena bicolor",1,17,0.0588235294117647,-0.545451491377112
"M_016","Andrena bimaculata",1,17,0.0588235294117647,-0.545451491377112
"M_016","Andrena hispania",4,17,0.235294117647059,0.711662031667992
"M_016","Andrena nigroaenea",2,17,0.117647058823529,-0.126413650362078
"M_016","Andrena sp1 M PL 016",1,17,0.0588235294117647,-0.545451491377112
"M_016","Andrena villipes",2,17,0.117647058823529,-0.126413650362078
"M_016","Anthaxia dimidiata",2,17,0.117647058823529,-0.126413650362078
"M_016","Anthaxia parallela",1,17,0.0588235294117647,-0.545451491377112
"M_016","Anthidium strigatum",2,17,0.117647058823529,-0.126413650362078
"M_016","Anthophora acervorum",1,17,0.0588235294117647,-0.545451491377112
"M_016","Anthophora dispar",2,17,0.117647058823529,-0.126413650362078
"M_016","Anthophora sp1 M PL 016",1,17,0.0588235294117647,-0.545451491377112
"M_016","Anthrenus sp1 M PL 016",9,17,0.529411764705882,2.80685123674317
"M_016","Apis mellifera",14,17,0.823529411764706,4.90204044181834
"M_016","Aricia cramera",2,17,0.117647058823529,-0.126413650362078
"M_016","Attagenus sp1 M PL 016",1,17,0.0588235294117647,-0.545451491377112
"M_016","Autographa gamma",1,17,0.0588235294117647,-0.545451491377112
"M_016","Bembix flavescens",1,17,0.0588235294117647,-0.545451491377112
"M_016","Bembix olivacea",1,17,0.0588235294117647,-0.545451491377112
"M_016","Bombus lucorum",2,17,0.117647058823529,-0.126413650362078
"M_016","Bombylius argentifrons",1,17,0.0588235294117647,-0.545451491377112
"M_016","Bombylius ater",2,17,0.117647058823529,-0.126413650362078
"M_016","Bombylius sp1 M PL 016",1,17,0.0588235294117647,-0.545451491377112
"M_016","Camponotus lateralis",3,17,0.176470588235294,0.292624190652957
"M_016","Camponotus sicheli",1,17,0.0588235294117647,-0.545451491377112
"M_016","Cardiophorus bipunctatus",1,17,0.0588235294117647,-0.545451491377112
"M_016","Cataglyphis viatica",1,17,0.0588235294117647,-0.545451491377112
"M_016","Ceratina cucurbitina",7,17,0.411764705882353,1.9687755547131
"M_016","Ceratina cyanea",4,17,0.235294117647059,0.711662031667992
"M_016","Ceratina mocsaryi",3,17,0.176470588235294,0.292624190652957
"M_016","Cerceris arenaria",2,17,0.117647058823529,-0.126413650362078
"M_016","Cerceris rybiensis",2,17,0.117647058823529,-0.126413650362078
"M_016","Cerocala scapulosa",1,17,0.0588235294117647,-0.545451491377112
"M_016","Chasmatopterus sp1 M PL 016",2,17,0.117647058823529,-0.126413650362078
"M_016","Chrysotoxum intermedium",1,17,0.0588235294117647,-0.545451491377112
"M_016","Coleoptera sp10 M PL 016",1,17,0.0588235294117647,-0.545451491377112
"M_016","Coleoptera sp11 M PL 016",1,17,0.0588235294117647,-0.545451491377112
"M_016","Coleoptera sp12 M PL 016",1,17,0.0588235294117647,-0.545451491377112
"M_016","Coleoptera sp13 M PL 016",1,17,0.0588235294117647,-0.545451491377112
"M_016","Coleoptera sp4 M PL 016",4,17,0.235294117647059,0.711662031667992
"M_016","Coleoptera sp5 M PL 016",4,17,0.235294117647059,0.711662031667992
"M_016","Coleoptera sp8 M PL 016",2,17,0.117647058823529,-0.126413650362078
"M_016","Coleoptera sp9 M PL 016",2,17,0.117647058823529,-0.126413650362078
"M_016","Colias croceus",1,17,0.0588235294117647,-0.545451491377112
"M_016","Colletes acutus",3,17,0.176470588235294,0.292624190652957
"M_016","Colletes caspicus",4,17,0.235294117647059,0.711662031667992
"M_016","Colletes fodiens",1,17,0.0588235294117647,-0.545451491377112
"M_016","Colletes sp1 M PL 016",2,17,0.117647058823529,-0.126413650362078
"M_016","Colletes succinctus",3,17,0.176470588235294,0.292624190652957
"M_016","Conophorus fuminervis",2,17,0.117647058823529,-0.126413650362078
"M_016","Coptocephala scopolina",1,17,0.0588235294117647,-0.545451491377112
"M_016","Coptocephala unifasciata",2,17,0.117647058823529,-0.126413650362078
"M_016","Crematogaster auberti",1,17,0.0588235294117647,-0.545451491377112
"M_016","Dasypoda cingulata",4,17,0.235294117647059,0.711662031667992
"M_016","Dasypoda iberica",1,17,0.0588235294117647,-0.545451491377112
"M_016","Deilus sp1 M PL 016",2,17,0.117647058823529,-0.126413650362078
"M_016","Diodontus insidiosus",1,17,0.0588235294117647,-0.545451491377112
"M_016","Diptera sp1 M PL 016",17,17,1,6.15915396486345
"M_016","Diptera sp2 M PL 016",7,17,0.411764705882353,1.9687755547131
"M_016","Diptera sp3 M PL 016",5,17,0.294117647058824,1.13069987268303
"M_016","Discestra sodae",1,17,0.0588235294117647,-0.545451491377112
"M_016","Dischistus senex",1,17,0.0588235294117647,-0.545451491377112
"M_016","Edema complana",1,17,0.0588235294117647,-0.545451491377112
"M_016","Ells cillosa",3,17,0.176470588235294,0.292624190652957
"M_016","Epeolus fallax",1,17,0.0588235294117647,-0.545451491377112
"M_016","Episyrphus aurcollis",4,17,0.235294117647059,0.711662031667992
"M_016","Episyrphus balteatus",3,17,0.176470588235294,0.292624190652957
"M_016","Eristalis arbustorum",1,17,0.0588235294117647,-0.545451491377112
"M_016","Eristalis pratorum",3,17,0.176470588235294,0.292624190652957
"M_016","Eristalis tenax",10,17,0.588235294117647,3.2258890777582
"M_016","Eristalodes taeniops",3,17,0.176470588235294,0.292624190652957
"M_016","Eucera hispaliensis",1,17,0.0588235294117647,-0.545451491377112
"M_016","Eumenes dubius",1,17,0.0588235294117647,-0.545451491377112
"M_016","Evergestis politalis",1,17,0.0588235294117647,-0.545451491377112
"M_016","Exoprosopa italica",1,17,0.0588235294117647,-0.545451491377112
"M_016","Gegenes sp1 M PL 016",2,17,0.117647058823529,-0.126413650362078
"M_016","Gonepteryx cleopatra",1,17,0.0588235294117647,-0.545451491377112
"M_016","Gorytes sp1 M PL 016",1,17,0.0588235294117647,-0.545451491377112
"M_016","Halictus fulvipes",1,17,0.0588235294117647,-0.545451491377112
"M_016","Halictus quadricinctus",6,17,0.352941176470588,1.54973771369806
"M_016","Halictus scabiosae",1,17,0.0588235294117647,-0.545451491377112
"M_016","Heliotaurus ruficollis",2,17,0.117647058823529,-0.126413650362078
"M_016","Heliothis armigera",1,17,0.0588235294117647,-0.545451491377112
"M_016","Heliothis nubigera",1,17,0.0588235294117647,-0.545451491377112
"M_016","Heliothis peltigera",1,17,0.0588235294117647,-0.545451491377112
"M_016","Heriades crenudatus",1,17,0.0588235294117647,-0.545451491377112
"M_016","Hoplodrina ambigua",1,17,0.0588235294117647,-0.545451491377112
"M_016","Hymenoplia sp1 M PL 016",1,17,0.0588235294117647,-0.545451491377112
"M_016","Hymenoptera sp6 M PL 016",3,17,0.176470588235294,0.292624190652957
"M_016","Hymenoptera sp7 M PL 016",3,17,0.176470588235294,0.292624190652957
"M_016","Laeosopis roboris",1,17,0.0588235294117647,-0.545451491377112
"M_016","Lampides baeticus",1,17,0.0588235294117647,-0.545451491377112
"M_016","Lasioglossum aegyptiellum",1,17,0.0588235294117647,-0.545451491377112
"M_016","Lasioglossum albocinctum",4,17,0.235294117647059,0.711662031667992
"M_016","Lasioglossum callizonium",1,17,0.0588235294117647,-0.545451491377112
"M_016","Lasioglossum immunitum",8,17,0.470588235294118,2.38781339572813
"M_016","Lasioglossum littorale",7,17,0.411764705882353,1.9687755547131
"M_016","Lasioglossum pallens",1,17,0.0588235294117647,-0.545451491377112
"M_016","Lasioglossum prasinum",9,17,0.529411764705882,2.80685123674317
"M_016","Lasioglossum punctatissimum",7,17,0.411764705882353,1.9687755547131
"M_016","Lasioglossum sp1 M PL 016",6,17,0.352941176470588,1.54973771369806
"M_016","Lasioglossum villosulum",1,17,0.0588235294117647,-0.545451491377112
"M_016","Lasius niger",7,17,0.411764705882353,1.9687755547131
"M_016","Lathyrophthalmus aeneus",2,17,0.117647058823529,-0.126413650362078
"M_016","Lathyrophthalmus quinquelineatus",2,17,0.117647058823529,-0.126413650362078
"M_016","Lepidoptera sp14 M PL 016",1,17,0.0588235294117647,-0.545451491377112
"M_016","Lindenius luteiventris",2,17,0.117647058823529,-0.126413650362078
"M_016","Lobonyx aeneus",5,17,0.294117647058824,1.13069987268303
"M_016","Lomatia infernalis",2,17,0.117647058823529,-0.126413650362078
"M_016","Lycaena phlaeas",1,17,0.0588235294117647,-0.545451491377112
"M_016","Macroglossum stellatarum",2,17,0.117647058823529,-0.126413650362078
"M_016","Malachius sp1 M PL 016",3,17,0.176470588235294,0.292624190652957
"M_016","Malthodes sp1 M PL 016",1,17,0.0588235294117647,-0.545451491377112
"M_016","Mecyna sp1 M PL 016",1,17,0.0588235294117647,-0.545451491377112
"M_016","Megachile argentata",3,17,0.176470588235294,0.292624190652957
"M_016","Megachile leachella",1,17,0.0588235294117647,-0.545451491377112
"M_016","Megachile maritima",3,17,0.176470588235294,0.292624190652957
"M_016","Melanostoma mellinum",1,17,0.0588235294117647,-0.545451491377112
"M_016","Mellinus arvensis",1,17,0.0588235294117647,-0.545451491377112
"M_016","Meria sp1 M PL 016",3,17,0.176470588235294,0.292624190652957
"M_016","Meria tripunctata",3,17,0.176470588235294,0.292624190652957
"M_016","Metachrostis dardouinii",1,17,0.0588235294117647,-0.545451491377112
"M_016","Metachrostis velox",1,17,0.0588235294117647,-0.545451491377112
"M_016","Metasyrphus corollae",5,17,0.294117647058824,1.13069987268303
"M_016","Mordellistena sp1 M PL 016",5,17,0.294117647058824,1.13069987268303
"M_016","Mylabrix sp1 M PL 016",1,17,0.0588235294117647,-0.545451491377112
"M_016","Mythimma vittellina",1,17,0.0588235294117647,-0.545451491377112
"M_016","Nomada mutabilis",1,17,0.0588235294117647,-0.545451491377112
"M_016","Nustera distigma",2,17,0.117647058823529,-0.126413650362078
"M_016","Odynerus sp1 M PL 016",1,17,0.0588235294117647,-0.545451491377112
"M_016","Osmia sp1 M PL 016",1,17,0.0588235294117647,-0.545451491377112
"M_016","Palleira femorata",1,17,0.0588235294117647,-0.545451491377112
"M_016","Palpita unionalis",1,17,0.0588235294117647,-0.545451491377112
"M_016","Panurgus sp1 M PL 016",1,17,0.0588235294117647,-0.545451491377112
"M_016","Paragus tibialis",1,17,0.0588235294117647,-0.545451491377112
"M_016","Pechipogo plumigeralis",1,17,0.0588235294117647,-0.545451491377112
"M_016","Pempeliella plufnbella",1,17,0.0588235294117647,-0.545451491377112
"M_016","Petrorossia sp1 M PL 016",2,17,0.117647058823529,-0.126413650362078
"M_016","Philanthus triangulum",1,17,0.0588235294117647,-0.545451491377112
"M_016","Philanthus venustus",1,17,0.0588235294117647,-0.545451491377112
"M_016","Phthiria sp1 M PL 016",11,17,0.647058823529412,3.64492691877324
"M_016","Pieris brassicae",1,17,0.0588235294117647,-0.545451491377112
"M_016","Pieris rapae",2,17,0.117647058823529,-0.126413650362078
"M_016","Plebejus argus",3,17,0.176470588235294,0.292624190652957
"M_016","Podalonia tydei",1,17,0.0588235294117647,-0.545451491377112
"M_016","Polyommatus icarus",2,17,0.117647058823529,-0.126413650362078
"M_016","Pontia daplidice",1,17,0.0588235294117647,-0.545451491377112
"M_016","Pryonix kirbii",1,17,0.0588235294117647,-0.545451491377112
"M_016","Psorosa brehiella",1,17,0.0588235294117647,-0.545451491377112
"M_016","Psorosa genistella",1,17,0.0588235294117647,-0.545451491377112
"M_016","Pyronia ceciia",1,17,0.0588235294117647,-0.545451491377112
"M_016","Rhodometra sacraria",1,17,0.0588235294117647,-0.545451491377112
"M_016","Seladonia gemmea",1,17,0.0588235294117647,-0.545451491377112
"M_016","Seladonia smaragdula",1,17,0.0588235294117647,-0.545451491377112
"M_016","Sphaerophoria rueppelli",1,17,0.0588235294117647,-0.545451491377112
"M_016","Sphaerophoria scripta",5,17,0.294117647058824,1.13069987268303
"M_016","Sphecodes hirtellus",1,17,0.0588235294117647,-0.545451491377112
"M_016","Sphecodes pellucidus",1,17,0.0588235294117647,-0.545451491377112
"M_016","Spodoptera exigua",1,17,0.0588235294117647,-0.545451491377112
"M_016","Stelis signata",2,17,0.117647058823529,-0.126413650362078
"M_016","Syntarucus pirithous",4,17,0.235294117647059,0.711662031667992
"M_016","Syritta pipiens",1,17,0.0588235294117647,-0.545451491377112
"M_016","Tapinoma erraticum",1,17,0.0588235294117647,-0.545451491377112
"M_016","Tapinoma sp1 M PL 016",1,17,0.0588235294117647,-0.545451491377112
"M_016","Tetralonia berlandi",2,17,0.117647058823529,-0.126413650362078
"M_016","Tiphia morio",2,17,0.117647058823529,-0.126413650362078
"M_016","Tropinota squalida",2,17,0.117647058823529,-0.126413650362078
"M_016","Tychius sp1 M PL 016",1,17,0.0588235294117647,-0.545451491377112
"M_016","Udaea martialis",1,17,0.0588235294117647,-0.545451491377112
"M_016","Volucella elegans",1,17,0.0588235294117647,-0.545451491377112
"M_016","Xylocopa cantabrita",7,17,0.411764705882353,1.9687755547131
"M_016","Xylocopa violacea",1,17,0.0588235294117647,-0.545451491377112
"M_017","Aglais urticae",3,18,0.166666666666667,-0.209812573279111
"M_017","Apis mellifera",1,18,0.0555555555555556,-0.744496227764588
"M_017","Bombus lapidarius",4,18,0.222222222222222,0.0575292539636272
"M_017","Bombus muscorum",2,18,0.111111111111111,-0.477154400521849
"M_017","Bombus pascuorum",5,18,0.277777777777778,0.324871081206365
"M_017","Bombus terrestris",2,18,0.111111111111111,-0.477154400521849
"M_017","Chrysotoxum bicinctum",1,18,0.0555555555555556,-0.744496227764588
"M_017","Coleoptera sp1 M PL 017",4,18,0.222222222222222,0.0575292539636272
"M_017","Coleoptera sp2 M PL 017",1,18,0.0555555555555556,-0.744496227764588
"M_017","Coleoptera sp3 M PL 017",2,18,0.111111111111111,-0.477154400521849
"M_017","Coleoptera sp4 M PL 017",1,18,0.0555555555555556,-0.744496227764588
"M_017","Coleoptera sp5 M PL 017",1,18,0.0555555555555556,-0.744496227764588
"M_017","Coleoptera sp6 M PL 017",2,18,0.111111111111111,-0.477154400521849
"M_017","Coleoptera sp7 M PL 017",2,18,0.111111111111111,-0.477154400521849
"M_017","Diptera sp10 M PL 017",1,18,0.0555555555555556,-0.744496227764588
"M_017","Diptera sp11 M PL 017",1,18,0.0555555555555556,-0.744496227764588
"M_017","Diptera sp12 M PL 017",2,18,0.111111111111111,-0.477154400521849
"M_017","Diptera sp13 M PL 017",3,18,0.166666666666667,-0.209812573279111
"M_017","Diptera sp15 M PL 017",6,18,0.333333333333333,0.592212908449104
"M_017","Diptera sp16 M PL 017",3,18,0.166666666666667,-0.209812573279111
"M_017","Diptera sp17 M PL 017",8,18,0.444444444444444,1.12689656293458
"M_017","Diptera sp18 M PL 017",5,18,0.277777777777778,0.324871081206365
"M_017","Diptera sp19 M PL 017",3,18,0.166666666666667,-0.209812573279111
"M_017","Diptera sp20 M PL 017",4,18,0.222222222222222,0.0575292539636272
"M_017","Diptera sp21 M PL 017",1,18,0.0555555555555556,-0.744496227764588
"M_017","Diptera sp22 M PL 017",9,18,0.5,1.39423839017732
"M_017","Diptera sp23 M PL 017",1,18,0.0555555555555556,-0.744496227764588
"M_017","Diptera sp24 M PL 017",1,18,0.0555555555555556,-0.744496227764588
"M_017","Diptera sp25 M PL 017",2,18,0.111111111111111,-0.477154400521849
"M_017","Diptera sp26 M PL 017",1,18,0.0555555555555556,-0.744496227764588
"M_017","Diptera sp27 M PL 017",3,18,0.166666666666667,-0.209812573279111
"M_017","Diptera sp28 M PL 017",1,18,0.0555555555555556,-0.744496227764588
"M_017","Diptera sp29 M PL 017",2,18,0.111111111111111,-0.477154400521849
"M_017","Diptera sp30 M PL 017",1,18,0.0555555555555556,-0.744496227764588
"M_017","Diptera sp31 M PL 017",8,18,0.444444444444444,1.12689656293458
"M_017","Diptera sp32 M PL 017",18,18,1,3.80031483536196
"M_017","Diptera sp33 M PL 017",4,18,0.222222222222222,0.0575292539636272
"M_017","Diptera sp34 M PL 017",1,18,0.0555555555555556,-0.744496227764588
"M_017","Diptera sp35 M PL 017",1,18,0.0555555555555556,-0.744496227764588
"M_017","Diptera sp37 M PL 017",1,18,0.0555555555555556,-0.744496227764588
"M_017","Diptera sp38 M PL 017",4,18,0.222222222222222,0.0575292539636272
"M_017","Episyrphus arbustorum",6,18,0.333333333333333,0.592212908449104
"M_017","Episyrphus balteatus",14,18,0.777777777777778,2.73094752639101
"M_017","Eriothrix rufomaculata",14,18,0.777777777777778,2.73094752639101
"M_017","Eristalis pertinax",5,18,0.277777777777778,0.324871081206365
"M_017","Eristalis tenax",7,18,0.388888888888889,0.859554735691842
"M_017","Helophilus pendulus",4,18,0.222222222222222,0.0575292539636272
"M_017","Helophilus trivittatus",1,18,0.0555555555555556,-0.744496227764588
"M_017","Hymenoptera sp39 M PL 017",8,18,0.444444444444444,1.12689656293458
"M_017","Hymenoptera sp41 M PL 017",3,18,0.166666666666667,-0.209812573279111
"M_017","Hymenoptera sp42 M PL 017",12,18,0.666666666666667,2.19626387190553
"M_017","Maniola jurtina",2,18,0.111111111111111,-0.477154400521849
"M_017","Melanostoma mellinum",9,18,0.5,1.39423839017732
"M_017","Melanostoma scalare",7,18,0.388888888888889,0.859554735691842
"M_017","Meliscaeva auricollis",3,18,0.166666666666667,-0.209812573279111
"M_017","Metasyrphus corollae",3,18,0.166666666666667,-0.209812573279111
"M_017","Pieris brassicae",2,18,0.111111111111111,-0.477154400521849
"M_017","Platycheirus albimanus",3,18,0.166666666666667,-0.209812573279111
"M_017","Platycheirus clypeatus",3,18,0.166666666666667,-0.209812573279111
"M_017","Platycheirus scutatus",1,18,0.0555555555555556,-0.744496227764588
"M_017","Polyommatus icarus",3,18,0.166666666666667,-0.209812573279111
"M_017","Psithyrus sp1 M PL 017",2,18,0.111111111111111,-0.477154400521849
"M_017","Pyonia tithonus",3,18,0.166666666666667,-0.209812573279111
"M_017","Rhingia campestris",4,18,0.222222222222222,0.0575292539636272
"M_017","Scaeva pyrastri",1,18,0.0555555555555556,-0.744496227764588
"M_017","Scatophaga stercoraria",3,18,0.166666666666667,-0.209812573279111
"M_017","Sphaerophoria scripta",17,18,0.944444444444444,3.53297300811922
"M_017","Symphyta sp1 M PL 017",7,18,0.388888888888889,0.859554735691842
"M_017","Syritta pipiens",10,18,0.555555555555556,1.66158021742006
"M_017","Syrphus ribesii",1,18,0.0555555555555556,-0.744496227764588
"M_017","Syrphus vitripennis",2,18,0.111111111111111,-0.477154400521849
"M_017","Thymelicus sylvestris",1,18,0.0555555555555556,-0.744496227764588
"M_017","Unidentified sp14 M PL 017",2,18,0.111111111111111,-0.477154400521849
"M_017","Unidentified sp36 M PL 017",1,18,0.0555555555555556,-0.744496227764588
"M_017","Unidentified sp40 M PL 017",1,18,0.0555555555555556,-0.744496227764588
"M_017","Unidentified sp43 M PL 017",2,18,0.111111111111111,-0.477154400521849
"M_017","Unidentified sp8 M PL 017",4,18,0.222222222222222,0.0575292539636272
"M_017","Unidentified sp9 M PL 017",1,18,0.0555555555555556,-0.744496227764588
"M_017","Xanthogramma pedissequum",1,18,0.0555555555555556,-0.744496227764588
"M_018","Adscita statices",8,25,0.32,1.10346719039301
"M_018","Anaspis flava",4,25,0.16,0.0893397944081868
"M_018","Anaspis frontalis",1,25,0.04,-0.67125575258043
"M_018","Anaspis rufilabris",2,25,0.08,-0.417723903584225
"M_018","Aphantopus hyperantus",1,25,0.04,-0.67125575258043
"M_018","Apion aeneum",1,25,0.04,-0.67125575258043
"M_018","Apion flavipes",1,25,0.04,-0.67125575258043
"M_018","Apion hookeri",3,25,0.12,-0.164192054588019
"M_018","Apion meliloti",1,25,0.04,-0.67125575258043
"M_018","Apion rufirostre",2,25,0.08,-0.417723903584225
"M_018","Bombus bohemicus",1,25,0.04,-0.67125575258043
"M_018","Bombus campestris",2,25,0.08,-0.417723903584225
"M_018","Bombus hortorum",8,25,0.32,1.10346719039301
"M_018","Bombus lapidarius",8,25,0.32,1.10346719039301
"M_018","Bombus lucorum",2,25,0.08,-0.417723903584225
"M_018","Bombus pascuorum",15,25,0.6,2.87819013336645
"M_018","Bombus pratorum",3,25,0.12,-0.164192054588019
"M_018","Bombus ruderatus",1,25,0.04,-0.67125575258043
"M_018","Bombus rupestris",1,25,0.04,-0.67125575258043
"M_018","Bombus soroeensis",2,25,0.08,-0.417723903584225
"M_018","Bombus terrestris",5,25,0.2,0.342871643404392
"M_018","Byturus aestivus",4,25,0.16,0.0893397944081868
"M_018","Ceuthorrhynchus assimilis",4,25,0.16,0.0893397944081868
"M_018","Ceuthorrhynchus pollinarius",1,25,0.04,-0.67125575258043
"M_018","Ceutorrhynchus rugulosus",1,25,0.04,-0.67125575258043
"M_018","Cheilosia albitarsis",1,25,0.04,-0.67125575258043
"M_018","Cheilosia impressa",1,25,0.04,-0.67125575258043
"M_018","Cheilosia velutina",1,25,0.04,-0.67125575258043
"M_018","Chrysogaster cemiteriorum",1,25,0.04,-0.67125575258043
"M_018","Chrysogaster solstitialis",2,25,0.08,-0.417723903584225
"M_018","Chrysomela fastuosa",1,25,0.04,-0.67125575258043
"M_018","Clytus arietis",2,25,0.08,-0.417723903584225
"M_018","Coccinella septempunctata",4,25,0.16,0.0893397944081868
"M_018","Corticarina gibbosa",1,25,0.04,-0.67125575258043
"M_018","Crambus pratella",9,25,0.36,1.35699903938922
"M_018","Dasytes plumbeus",3,25,0.12,-0.164192054588019
"M_018","Enicmus transversus",1,25,0.04,-0.67125575258043
"M_018","Eoseristalis abusivus",5,25,0.2,0.342871643404392
"M_018","Eoseristalis arbustorum",1,25,0.04,-0.67125575258043
"M_018","Eoseristalis horticola",1,25,0.04,-0.67125575258043
"M_018","Episyrphus balteatus",10,25,0.4,1.61053088838542
"M_018","Epuraea depressa Illiger",2,25,0.08,-0.417723903584225
"M_018","Eristalinus sepulchralis",1,25,0.04,-0.67125575258043
"M_018","Eumerus tuberculatus",7,25,0.28,0.849935341396804
"M_018","Grammoptera ruficornis",1,25,0.04,-0.67125575258043
"M_018","Leptura rubra",8,25,0.32,1.10346719039301
"M_018","Malachius viridis",1,25,0.04,-0.67125575258043
"M_018","Maniola jurtina",6,25,0.24,0.596403492400598
"M_018","Melanostoma scalare",3,25,0.12,-0.164192054588019
"M_018","Meligethes sp1 M PL 018",25,25,1,5.4135086233285
"M_018","Meliscaeva cinctella",4,25,0.16,0.0893397944081868
"M_018","Mesapamea secalis",1,25,0.04,-0.67125575258043
"M_018","Miarus campanulae",1,25,0.04,-0.67125575258043
"M_018","Miccotrogus picirostris",1,25,0.04,-0.67125575258043
"M_018","Nemophora degeerella",5,25,0.2,0.342871643404392
"M_018","Neocnemodon sp1 M PL 018",1,25,0.04,-0.67125575258043
"M_018","Olibrus aeneus",10,25,0.4,1.61053088838542
"M_018","Oulema melanopus",2,25,0.08,-0.417723903584225
"M_018","Parasyrphus malinellus",1,25,0.04,-0.67125575258043
"M_018","Pieris napi",3,25,0.12,-0.164192054588019
"M_018","Polyommatus icarus",7,25,0.28,0.849935341396804
"M_018","Rhingia campestris",1,25,0.04,-0.67125575258043
"M_018","Rhynchites germanicus",1,25,0.04,-0.67125575258043
"M_018","Scaeva pyrastri",1,25,0.04,-0.67125575258043
"M_018","Sitona lineatus",1,25,0.04,-0.67125575258043
"M_018","Sphaerophoria menthastri",3,25,0.12,-0.164192054588019
"M_018","Sphaerophoria scripta",2,25,0.08,-0.417723903584225
"M_018","Sphaerophoria taeniata",1,25,0.04,-0.67125575258043
"M_018","Strangalia maculata",2,25,0.08,-0.417723903584225
"M_018","Strophosomus capitatus",2,25,0.08,-0.417723903584225
"M_018","Syrphus ribesii",4,25,0.16,0.0893397944081868
"M_018","Syrphus vitripennis",1,25,0.04,-0.67125575258043
"M_018","Thymelicus sylvestris",4,25,0.16,0.0893397944081868
"M_018","Unidentified sp1 M PL 018",1,25,0.04,-0.67125575258043
"M_018","Unidentified sp10 M PL 018",1,25,0.04,-0.67125575258043
"M_018","Unidentified sp11 M PL 018",3,25,0.12,-0.164192054588019
"M_018","Unidentified sp12 M PL 018",3,25,0.12,-0.164192054588019
"M_018","Unidentified sp13 M PL 018",3,25,0.12,-0.164192054588019
"M_018","Unidentified sp14 M PL 018",10,25,0.4,1.61053088838542
"M_018","Unidentified sp15 M PL 018",5,25,0.2,0.342871643404392
"M_018","Unidentified sp16 M PL 018",5,25,0.2,0.342871643404392
"M_018","Unidentified sp17 M PL 018",16,25,0.64,3.13172198236265
"M_018","Unidentified sp18 M PL 018",10,25,0.4,1.61053088838542
"M_018","Unidentified sp19 M PL 018",6,25,0.24,0.596403492400598
"M_018","Unidentified sp2 M PL 018",1,25,0.04,-0.67125575258043
"M_018","Unidentified sp20 M PL 018",10,25,0.4,1.61053088838542
"M_018","Unidentified sp21 M PL 018",12,25,0.48,2.11759458637783
"M_018","Unidentified sp22 M PL 018",9,25,0.36,1.35699903938922
"M_018","Unidentified sp23 M PL 018",7,25,0.28,0.849935341396804
"M_018","Unidentified sp24 M PL 018",6,25,0.24,0.596403492400598
"M_018","Unidentified sp25 M PL 018",9,25,0.36,1.35699903938922
"M_018","Unidentified sp26 M PL 018",9,25,0.36,1.35699903938922
"M_018","Unidentified sp27 M PL 018",1,25,0.04,-0.67125575258043
"M_018","Unidentified sp28 M PL 018",2,25,0.08,-0.417723903584225
"M_018","Unidentified sp29 M PL 018",1,25,0.04,-0.67125575258043
"M_018","Unidentified sp3 M PL 018",2,25,0.08,-0.417723903584225
"M_018","Unidentified sp30 M PL 018",2,25,0.08,-0.417723903584225
"M_018","Unidentified sp4 M PL 018",1,25,0.04,-0.67125575258043
"M_018","Unidentified sp5 M PL 018",2,25,0.08,-0.417723903584225
"M_018","Unidentified sp6 M PL 018",1,25,0.04,-0.67125575258043
"M_018","Unidentified sp7 M PL 018",1,25,0.04,-0.67125575258043
"M_018","Unidentified sp8 M PL 018",1,25,0.04,-0.67125575258043
"M_018","Unidentified sp9 M PL 018",1,25,0.04,-0.67125575258043
"M_018","Volucella pellucens",1,25,0.04,-0.67125575258043
"M_018","Zygaena filipendulae",2,25,0.08,-0.417723903584225
"M_019","Alophera sp1 M PL 019",2,22,0.0909090909090909,-0.300183752078978
"M_019","Apis mellifera",1,22,0.0454545454545455,-0.57162650661848
"M_019","Calliphora fulvicoxa",1,22,0.0454545454545455,-0.57162650661848
"M_019","Calliphora hilli",1,22,0.0454545454545455,-0.57162650661848
"M_019","Calliphora sp1 M PL 019",1,22,0.0454545454545455,-0.57162650661848
"M_019","Calliphora sp2 M PL 019",12,22,0.545454545454545,2.41424379331604
"M_019","Calliphora sp3 M PL 019",3,22,0.136363636363636,-0.0287409975394766
"M_019","Calliphora stygia",1,22,0.0454545454545455,-0.57162650661848
"M_019","Chaetophthalamus dorsalis",1,22,0.0454545454545455,-0.57162650661848
"M_019","Chloromerus sp1 M PL 019",1,22,0.0454545454545455,-0.57162650661848
"M_019","Coenosia sp1 M PL 019",2,22,0.0909090909090909,-0.300183752078978
"M_019","Coenosia sp2 M PL 019",1,22,0.0454545454545455,-0.57162650661848
"M_019","Comptosia sylvana",2,22,0.0909090909090909,-0.300183752078978
"M_019","Dilophus sp1 M PL 019",4,22,0.181818181818182,0.242701757000025
"M_019","Diostracus sp1 M PL 019",1,22,0.0454545454545455,-0.57162650661848
"M_019","Empis sp2 M PL 019",1,22,0.0454545454545455,-0.57162650661848
"M_019","Empis sp3 M PL 019",4,22,0.181818181818182,0.242701757000025
"M_019","Empis sp4 M PL 019",2,22,0.0909090909090909,-0.300183752078978
"M_019","Empis sp5 M PL 019",4,22,0.181818181818182,0.242701757000025
"M_019","Empis sp6 M PL 019",1,22,0.0454545454545455,-0.57162650661848
"M_019","Eristalis tenax",2,22,0.0909090909090909,-0.300183752078978
"M_019","Euryglossa sp1 M PL 019",2,22,0.0909090909090909,-0.300183752078978
"M_019","Euryglossa sp2 M PL 019",2,22,0.0909090909090909,-0.300183752078978
"M_019","Euryglossa sp3 M PL 019",1,22,0.0454545454545455,-0.57162650661848
"M_019","Exonera sp1 M PL 019",6,22,0.272727272727273,0.785587266079028
"M_019","Helina sp1 M PL 019",2,22,0.0909090909090909,-0.300183752078978
"M_019","Helina sp2 M PL 019",2,22,0.0909090909090909,-0.300183752078978
"M_019","Hydrellia sp1 M PL 019",1,22,0.0454545454545455,-0.57162650661848
"M_019","Hylaeus semipersonatus",1,22,0.0454545454545455,-0.57162650661848
"M_019","Hylaeus sp1 M PL 019",1,22,0.0454545454545455,-0.57162650661848
"M_019","Hyphesma sp1 M PL 019",1,22,0.0454545454545455,-0.57162650661848
"M_019","Incurviseta sp1 M PL 019",22,22,1,5.12867133871105
"M_019","Incurviseta sp2 M PL 019",1,22,0.0454545454545455,-0.57162650661848
"M_019","Lasioglossum sp1 M PL 019",7,22,0.318181818181818,1.05703002061853
"M_019","Lasioglossum sp10 M PL 019",1,22,0.0454545454545455,-0.57162650661848
"M_019","Lasioglossum sp11 M PL 019",1,22,0.0454545454545455,-0.57162650661848
"M_019","Lasioglossum sp2 M PL 019",1,22,0.0454545454545455,-0.57162650661848
"M_019","Lasioglossum sp3 M PL 019",2,22,0.0909090909090909,-0.300183752078978
"M_019","Lasioglossum sp4 M PL 019",2,22,0.0909090909090909,-0.300183752078978
"M_019","Lasioglossum sp5 M PL 019",3,22,0.136363636363636,-0.0287409975394766
"M_019","Lasioglossum sp6 M PL 019",13,22,0.590909090909091,2.68568654785554
"M_019","Lasioglossum sp7 M PL 019",1,22,0.0454545454545455,-0.57162650661848
"M_019","Lasioglossum sp8 M PL 019",6,22,0.272727272727273,0.785587266079028
"M_019","Lasioglossum sp9 M PL 019",2,22,0.0909090909090909,-0.300183752078978
"M_019","Leioproctus sp1 M PL 019",11,22,0.5,2.14280103877654
"M_019","Leioproctus sp2 M PL 019",5,22,0.227272727272727,0.514144511539526
"M_019","Leioproctus sp3 M PL 019",1,22,0.0454545454545455,-0.57162650661848
"M_019","Leioproctus sp4 M PL 019",2,22,0.0909090909090909,-0.300183752078978
"M_019","Leioproctus sp5 M PL 019",1,22,0.0454545454545455,-0.57162650661848
"M_019","Limnophora sp1 M PL 019",1,22,0.0454545454545455,-0.57162650661848
"M_019","Megachile sp1 M PL 019",1,22,0.0454545454545455,-0.57162650661848
"M_019","Melangyna sp1 M PL 019",7,22,0.318181818181818,1.05703002061853
"M_019","Musca vetustissima",11,22,0.5,2.14280103877654
"M_019","Pelecorhychus rubidus",5,22,0.227272727272727,0.514144511539526
"M_019","Phytoliriomyza sp1 M PL 019",1,22,0.0454545454545455,-0.57162650661848
"M_019","Poecilohetaerus sp1 M PL 019",14,22,0.636363636363636,2.95712930239504
"M_019","Prohardya carinata",1,22,0.0454545454545455,-0.57162650661848
"M_019","Prosena sp1 M PL 019",9,22,0.409090909090909,1.59991552969753
"M_019","Rivellia sp1 M PL 019",2,22,0.0909090909090909,-0.300183752078978
"M_019","Rutilia sp1 M PL 019",1,22,0.0454545454545455,-0.57162650661848
"M_019","Sapromyza sp1 M PL 019",3,22,0.136363636363636,-0.0287409975394766
"M_019","Scaptia alpina",1,22,0.0454545454545455,-0.57162650661848
"M_019","Scaptomyza australis",2,22,0.0909090909090909,-0.300183752078978
"M_019","Senostoma sp1 M PL 019",2,22,0.0909090909090909,-0.300183752078978
"M_019","Senostoma sp2 M PL 019",3,22,0.136363636363636,-0.0287409975394766
"M_019","Senostoma sp3 M PL 019",3,22,0.136363636363636,-0.0287409975394766
"M_019","Sphenella marginata",1,22,0.0454545454545455,-0.57162650661848
"M_019","Syrphus sp1 M PL 019",1,22,0.0454545454545455,-0.57162650661848
"M_019","Tabanus froggatti",3,22,0.136363636363636,-0.0287409975394766
"M_019","Tapeigaster nigricornis",1,22,0.0454545454545455,-0.57162650661848
"M_019","Tephritis sp1 M PL 019",3,22,0.136363636363636,-0.0287409975394766
"M_019","Tephritis sp2 M PL 019",4,22,0.181818181818182,0.242701757000025
"M_019","Unidentified sp1 M PL 019",4,22,0.181818181818182,0.242701757000025
"M_019","Unidentified sp2 M PL 019",1,22,0.0454545454545455,-0.57162650661848
"M_019","Unidentified sp3 M PL 019",1,22,0.0454545454545455,-0.57162650661848
"M_019","Unidentified sp4 M PL 019",1,22,0.0454545454545455,-0.57162650661848
"M_019","Unidentified sp5 M PL 019",4,22,0.181818181818182,0.242701757000025
"M_019","Unidentified sp6 M PL 019",2,22,0.0909090909090909,-0.300183752078978
"M_019","Unidentified sp7 M PL 019",2,22,0.0909090909090909,-0.300183752078978
"M_019","Unidentified sp8 M PL 019",2,22,0.0909090909090909,-0.300183752078978
"M_019","Unientified sp1 M PL 019",12,22,0.545454545454545,2.41424379331604
"M_019","Unientified sp2 M PL 019",1,22,0.0454545454545455,-0.57162650661848
"M_019","Unientified sp3 M PL 019",2,22,0.0909090909090909,-0.300183752078978
"M_019","Unientified sp4 M PL 019",1,22,0.0454545454545455,-0.57162650661848
"M_019","Villa sp1 M PL 019",2,22,0.0909090909090909,-0.300183752078978
"M_020","Acarina sp1 M PL 020",1,7,0.142857142857143,-0.690675262388646
"M_020","Acarina sp4 M PL 020",1,7,0.142857142857143,-0.690675262388646
"M_020","Aedes impiger",1,7,0.142857142857143,-0.690675262388646
"M_020","Aedes nigripes",1,7,0.142857142857143,-0.690675262388646
"M_020","Aedes sp1 M PL 020",2,7,0.285714285714286,-0.0558121424152442
"M_020","Allopiophila fulviceps",1,7,0.142857142857143,-0.690675262388646
"M_020","Anarta richardsoni",3,7,0.428571428571429,0.579050977558158
"M_020","Apanteles sp1 M PL 020",1,7,0.142857142857143,-0.690675262388646
"M_020","Arctoseius cetratus",1,7,0.142857142857143,-0.690675262388646
"M_020","Atractodes sp1 M PL 020",1,7,0.142857142857143,-0.690675262388646
"M_020","Boloria chariclea",3,7,0.428571428571429,0.579050977558158
"M_020","Boloria polaris",3,7,0.428571428571429,0.579050977558158
"M_020","Bombus sp1 M PL 020",7,7,1,3.11850345745177
"M_020","Boreellus atriceps",5,7,0.714285714285714,1.84877721750496
"M_020","Bryobia praetiosa",3,7,0.428571428571429,0.579050977558158
"M_020","Calliphoridae sp1 M PL 020",2,7,0.285714285714286,-0.0558121424152442
"M_020","Carposcalis carinata",7,7,1,3.11850345745177
"M_020","Cecidophyes sp1 M PL 020",1,7,0.142857142857143,-0.690675262388646
"M_020","Ceratopogon sp1 M PL 020",2,7,0.285714285714286,-0.0558121424152442
"M_020","Ceratopogon sp2 M PL 020",1,7,0.142857142857143,-0.690675262388646
"M_020","Chalcidae sp1 M PL 020",1,7,0.142857142857143,-0.690675262388646
"M_020","Colias hecla",3,7,0.428571428571429,0.579050977558158
"M_020","Corynoneura scutellata",1,7,0.142857142857143,-0.690675262388646
"M_020","Cricotopus sp1 M PL 020",1,7,0.142857142857143,-0.690675262388646
"M_020","Crymodes exulis",3,7,0.428571428571429,0.579050977558158
"M_020","Cryptus arcticus",1,7,0.142857142857143,-0.690675262388646
"M_020","Culicoides sp1 M PL 020",1,7,0.142857142857143,-0.690675262388646
"M_020","Dictyna borealis",4,7,0.571428571428571,1.21391409753156
"M_020","Diptera sp5 M PL 020",1,7,0.142857142857143,-0.690675262388646
"M_020","Dolichopus dasyops",1,7,0.142857142857143,-0.690675262388646
"M_020","Entomobrya comparata",1,7,0.142857142857143,-0.690675262388646
"M_020","Erigone pyschrophila",1,7,0.142857142857143,-0.690675262388646
"M_020","Eupogonomyia groenlandica",4,7,0.571428571428571,1.21391409753156
"M_020","Forcipomyia sp1 M PL 020",1,7,0.142857142857143,-0.690675262388646
"M_020","Fucellia pictipennis",2,7,0.285714285714286,-0.0558121424152442
"M_020","Helophilus borealis",1,7,0.142857142857143,-0.690675262388646
"M_020","Ichneumonidae sp1 M PL 020",1,7,0.142857142857143,-0.690675262388646
"M_020","Lasiestra leucocycla",3,7,0.428571428571429,0.579050977558158
"M_020","Lasiopiophila pilosa",1,7,0.142857142857143,-0.690675262388646
"M_020","Limnophyes sp1 M PL 020",7,7,1,3.11850345745177
"M_020","Lycaena feildeni",2,7,0.285714285714286,-0.0558121424152442
"M_020","Metasyrphus chillcotti",3,7,0.428571428571429,0.579050977558158
"M_020","Microspectra sp1 M PL 020",1,7,0.142857142857143,-0.690675262388646
"M_020","Microspectra sp2 M PL 020",1,7,0.142857142857143,-0.690675262388646
"M_020","Nematus sp1 M PL 020",2,7,0.285714285714286,-0.0558121424152442
"M_020","Olethreutes inquietana",2,7,0.285714285714286,-0.0558121424152442
"M_020","Oresbius sp1 M PL 020",1,7,0.142857142857143,-0.690675262388646
"M_020","Orthocladiinae sp1 M PL 020",1,7,0.142857142857143,-0.690675262388646
"M_020","Paraphaenocladius despectus",3,7,0.428571428571429,0.579050977558158
"M_020","Pardosa glacialis",1,7,0.142857142857143,-0.690675262388646
"M_020","Pectinarctica stylata",1,7,0.142857142857143,-0.690675262388646
"M_020","Pegomyia sp1 M PL 020",1,7,0.142857142857143,-0.690675262388646
"M_020","Peleteria aenea",5,7,0.714285714285714,1.84877721750496
"M_020","Periscepsia sp1 M PL 020",3,7,0.428571428571429,0.579050977558158
"M_020","Phalacrodira nigropilosa",2,7,0.285714285714286,-0.0558121424152442
"M_020","Phormia terraenovae",1,7,0.142857142857143,-0.690675262388646
"M_020","Phytomyza erigerontophaga",1,7,0.142857142857143,-0.690675262388646
"M_020","Plebius aquilo",2,7,0.285714285714286,-0.0558121424152442
"M_020","Pogonomyoides segnis",2,7,0.285714285714286,-0.0558121424152442
"M_020","Procladius sp1 M PL 020",1,7,0.142857142857143,-0.690675262388646
"M_020","Psectrocladius sp1 M PL 020",1,7,0.142857142857143,-0.690675262388646
"M_020","Rhamphomyia filicauda",6,7,0.857142857142857,2.48364033747836
"M_020","Rhamphomyia hoeli",2,7,0.285714285714286,-0.0558121424152442
"M_020","Rhamphomyia sp1 M PL 020",3,7,0.428571428571429,0.579050977558158
"M_020","Rhamphomyia sp2 M PL 020",2,7,0.285714285714286,-0.0558121424152442
"M_020","Rhamphomyia ursinella",1,7,0.142857142857143,-0.690675262388646
"M_020","Saotis sp1 M PL 020",1,7,0.142857142857143,-0.690675262388646
"M_020","Scatophaga apicaulis",3,7,0.428571428571429,0.579050977558158
"M_020","Scatophaga multisetosa",1,7,0.142857142857143,-0.690675262388646
"M_020","Scatophaga sp1 M PL 020",1,7,0.142857142857143,-0.690675262388646
"M_020","Sciari sp1 M PL 020",6,7,0.857142857142857,2.48364033747836
"M_020","Smittia sp1 M PL 020",6,7,0.857142857142857,2.48364033747836
"M_020","Smittia velutina",5,7,0.714285714285714,1.84877721750496
"M_020","Spilogona denudata",1,7,0.142857142857143,-0.690675262388646
"M_020","Spilogona dorsata",2,7,0.285714285714286,-0.0558121424152442
"M_020","Spilogona extensa",1,7,0.142857142857143,-0.690675262388646
"M_020","Spilogona melanosoma",1,7,0.142857142857143,-0.690675262388646
"M_020","Spilogona obsoleta",1,7,0.142857142857143,-0.690675262388646
"M_020","Spilogona sanctipauli",2,7,0.285714285714286,-0.0558121424152442
"M_020","Spilogona tornensis",1,7,0.142857142857143,-0.690675262388646
"M_020","Spilogona tundrae",1,7,0.142857142857143,-0.690675262388646
"M_020","Stenomacrus sp1 M PL 020",3,7,0.428571428571429,0.579050977558158
"M_020","Sympistris labradoris",1,7,0.142857142857143,-0.690675262388646
"M_020","Tachinidae sp1 M PL 020",3,7,0.428571428571429,0.579050977558158
"M_020","Tarentula exasperans",1,7,0.142857142857143,-0.690675262388646
"M_020","Tipula arctica",1,7,0.142857142857143,-0.690675262388646
"M_020","Tridymus sp1 M PL 020",1,7,0.142857142857143,-0.690675262388646
"M_020","Unidentified sp1 M PL 020",2,7,0.285714285714286,-0.0558121424152442
"M_020","Unidentified sp2 M PL 020",2,7,0.285714285714286,-0.0558121424152442
"M_020","Unidentified sp3 M PL 020",2,7,0.285714285714286,-0.0558121424152442
"M_020","Xysticus deichmanni",4,7,0.571428571428571,1.21391409753156
"M_021","Acteniceromorphus nipponensis",1,25,0.04,-0.325843547134652
"M_021","Actina jezoensis",2,25,0.08,0.101668238543952
"M_021","Adelphocoris triannulatus",2,25,0.08,0.101668238543952
"M_021","Agelastica coerulea",3,25,0.12,0.529180024222555
"M_021","Aglaostigma neburosa",1,25,0.04,-0.325843547134652
"M_021","Allograpta javana",2,25,0.08,0.101668238543952
"M_021","Ammophila infesta",1,25,0.04,-0.325843547134652
"M_021","Anaglyptus niponensis",1,25,0.04,-0.325843547134652
"M_021","Anaspis funagata",1,25,0.04,-0.325843547134652
"M_021","Ancistrocerus melanocerus",1,25,0.04,-0.325843547134652
"M_021","Andrena Knuthi",1,25,0.04,-0.325843547134652
"M_021","Andrena akitsushimae",2,25,0.08,0.101668238543952
"M_021","Andrena benefica",1,25,0.04,-0.325843547134652
"M_021","Andrena brevihirtiscopa",3,25,0.12,0.529180024222555
"M_021","Andrena dentata",2,25,0.08,0.101668238543952
"M_021","Andrena haemorrhoa japonibia",1,25,0.04,-0.325843547134652
"M_021","Andrena halictoides",1,25,0.04,-0.325843547134652
"M_021","Andrena hikosana",6,25,0.24,1.81171538125837
"M_021","Andrena ishiharai",1,25,0.04,-0.325843547134652
"M_021","Andrena kaguya",1,25,0.04,-0.325843547134652
"M_021","Andrena komachi",3,25,0.12,0.529180024222555
"M_021","Andrena longitibialis",1,25,0.04,-0.325843547134652
"M_021","Andrena minutula",4,25,0.16,0.956691809901159
"M_021","Andrena miyamotoi",1,25,0.04,-0.325843547134652
"M_021","Andrena omogensis",1,25,0.04,-0.325843547134652
"M_021","Andrena opacifovea opacifovea",2,25,0.08,0.101668238543952
"M_021","Andrena stellaria",2,25,0.08,0.101668238543952
"M_021","Andrena sublevigata",1,25,0.04,-0.325843547134652
"M_021","Andrena tsukubana",1,25,0.04,-0.325843547134652
"M_021","Andrena yamamoto",6,25,0.24,1.81171538125837
"M_021","Anoploderomorpha excavata",2,25,0.08,0.101668238543952
"M_021","Anostinus daimio",1,25,0.04,-0.325843547134652
"M_021","Antherophagus nigricornis",1,25,0.04,-0.325843547134652
"M_021","Anthromacra viriclissima",5,25,0.2,1.38420359557976
"M_021","Apis cerana",11,25,0.44,3.94927430965138
"M_021","Apis mellifera",5,25,0.2,1.38420359557976
"M_021","Apoderus jekelii",1,25,0.04,-0.325843547134652
"M_021","Arge nipponensis",3,25,0.12,0.529180024222555
"M_021","Arge similis",1,25,0.04,-0.325843547134652
"M_021","Asiemphytus albilabris",1,25,0.04,-0.325843547134652
"M_021","Athalia japonica",2,25,0.08,0.101668238543952
"M_021","Athemellus insulsus",1,25,0.04,-0.325843547134652
"M_021","Baccha maculata",3,25,0.12,0.529180024222555
"M_021","Betasyrphus seraius",2,25,0.08,0.101668238543952
"M_021","Bhaphuma xenisca",1,25,0.04,-0.325843547134652
"M_021","Birka carinifrons",1,25,0.04,-0.325843547134652
"M_021","Blitopertha orientalis",3,25,0.12,0.529180024222555
"M_021","Bombus ardens",8,25,0.32,2.66673895261557
"M_021","Bombus diversus diversus",25,25,1,9.93443930915183
"M_021","Bombus honshuensis",25,25,1,9.93443930915183
"M_021","Bombus hypocrita hypocrita",14,25,0.56,5.23180966668719
"M_021","Bombus ignitus",1,25,0.04,-0.325843547134652
"M_021","Bombylus major",5,25,0.2,1.38420359557976
"M_021","Byctiscus puberulus",1,25,0.04,-0.325843547134652
"M_021","Byturus affinis",1,25,0.04,-0.325843547134652
"M_021","Camponotus obscripes",2,25,0.08,0.101668238543952
"M_021","Carbula humerigera",1,25,0.04,-0.325843547134652
"M_021","Carpophilus chalybeus",2,25,0.08,0.101668238543952
"M_021","Cautires bourgeoisi",1,25,0.04,-0.325843547134652
"M_021","Celastrina argiolus",1,25,0.04,-0.325843547134652
"M_021","Cephaloon pallensa",2,25,0.08,0.101668238543952
"M_021","Cephenius nitobei",1,25,0.04,-0.325843547134652
"M_021","Cephenius sp1 M PL 021",1,25,0.04,-0.325843547134652
"M_021","Ceratina esakii",1,25,0.04,-0.325843547134652
"M_021","Ceratina flavipes",1,25,0.04,-0.325843547134652
"M_021","Ceratina japonica",8,25,0.32,2.66673895261557
"M_021","Ceratina megastigmata",23,25,0.92,9.07941573779463
"M_021","Cerceris carinalis",1,25,0.04,-0.325843547134652
"M_021","Cerceris hortivaga",2,25,0.08,0.101668238543952
"M_021","Chalicodoma sculpturalis",1,25,0.04,-0.325843547134652
"M_021","Cheilosia omogensis",2,25,0.08,0.101668238543952
"M_021","Cheilosia sp1 M PL 021",3,25,0.12,0.529180024222555
"M_021","Cheilosia sp10 M PL 021",1,25,0.04,-0.325843547134652
"M_021","Cheilosia sp11 M PL 021",1,25,0.04,-0.325843547134652
"M_021","Cheilosia sp2 M PL 021",3,25,0.12,0.529180024222555
"M_021","Cheilosia sp3 M PL 021",3,25,0.12,0.529180024222555
"M_021","Cheilosia sp4 M PL 021",2,25,0.08,0.101668238543952
"M_021","Cheilosia sp5 M PL 021",2,25,0.08,0.101668238543952
"M_021","Cheilosia sp6 M PL 021",1,25,0.04,-0.325843547134652
"M_021","Cheilosia sp7 M PL 021",1,25,0.04,-0.325843547134652
"M_021","Cheilosia sp8 M PL 021",1,25,0.04,-0.325843547134652
"M_021","Cheilosia sp9 M PL 021",1,25,0.04,-0.325843547134652
"M_021","Chlorophorus japonicus",2,25,0.08,0.101668238543952
"M_021","Choaspes benjaminii",1,25,0.04,-0.325843547134652
"M_021","Choerades sp1 M PL 021",1,25,0.04,-0.325843547134652
"M_021","Chrystogaster brevicornis",1,25,0.04,-0.325843547134652
"M_021","Coelioxys breris",1,25,0.04,-0.325843547134652
"M_021","Colpodes aurelius",1,25,0.04,-0.325843547134652
"M_021","Coraebus rusticanus",1,25,0.04,-0.325843547134652
"M_021","Corymbas nipponica",2,25,0.08,0.101668238543952
"M_021","Corymia succedanea",1,25,0.04,-0.325843547134652
"M_021","Crabro sp1 M PL 021",1,25,0.04,-0.325843547134652
"M_021","Criorhina japonica",1,25,0.04,-0.325843547134652
"M_021","Dasysyrphus bilineatus",1,25,0.04,-0.325843547134652
"M_021","Dasytes vulgaris",2,25,0.08,0.101668238543952
"M_021","Demonax transilis",2,25,0.08,0.101668238543952
"M_021","Dere thoracica",1,25,0.04,-0.325843547134652
"M_021","Dermestes haemorrhoidalis",1,25,0.04,-0.325843547134652
"M_021","Didea fasciata",1,25,0.04,-0.325843547134652
"M_021","Dinoptera minuta ticollis",2,25,0.08,0.101668238543952
"M_021","Diptera sp10 M PL 021",3,25,0.12,0.529180024222555
"M_021","Diptera sp232 M PL 021",1,25,0.04,-0.325843547134652
"M_021","Diptera sp265 M PL 021",1,25,0.04,-0.325843547134652
"M_021","Ectemnius radiatus",2,25,0.08,0.101668238543952
"M_021","Ectemnius rubicola",2,25,0.08,0.101668238543952
"M_021","Ectinohoplia obducta",2,25,0.08,0.101668238543952
"M_021","Ectophasia sinensis",3,25,0.12,0.529180024222555
"M_021","Elasmucha nipponica",1,25,0.04,-0.325843547134652
"M_021","Empria quadrimaculata",1,25,0.04,-0.325843547134652
"M_021","Ephemeroptera sp77 M PL 021",1,25,0.04,-0.325843547134652
"M_021","Epistotophe shibakawae",4,25,0.16,0.956691809901159
"M_021","Episyrphus balteatus",6,25,0.24,1.81171538125837
"M_021","Epotiocerus flexuosus",1,25,0.04,-0.325843547134652
"M_021","Epuraea sp1 M PL 021",5,25,0.2,1.38420359557976
"M_021","Eristalis cerealis",21,25,0.84,8.22439216643742
"M_021","Eristalomya tenax",7,25,0.28,2.23922716693697
"M_021","Eucetonia roelofsi",6,25,0.24,1.81171538125837
"M_021","Eulype hastata",1,25,0.04,-0.325843547134652
"M_021","Eumenes rubronotatus",1,25,0.04,-0.325843547134652
"M_021","Eurystylus coelestialium",5,25,0.2,1.38420359557976
"M_021","Eusphalerum parallelum",3,25,0.12,0.529180024222555
"M_021","Ferdinandea cuprea",1,25,0.04,-0.325843547134652
"M_021","Ferusa sp1 M PL 021",1,25,0.04,-0.325843547134652
"M_021","Formica japonica",4,25,0.16,0.956691809901159
"M_021","Formica sp1 M PL 021",3,25,0.12,0.529180024222555
"M_021","Gamepenthes similis",1,25,0.04,-0.325843547134652
"M_021","Gamepenthes versipellis",2,25,0.08,0.101668238543952
"M_021","Ganoxanthus pallidus",4,25,0.16,0.956691809901159
"M_021","Graphomyia maculata",4,25,0.16,0.956691809901159
"M_021","Gymnosoma rotundatum",1,25,0.04,-0.325843547134652
"M_021","Harmonia axyridis",1,25,0.04,-0.325843547134652
"M_021","Helophilus virgatus",5,25,0.2,1.38420359557976
"M_021","Hemitaxonus japonicas",1,25,0.04,-0.325843547134652
"M_021","Hylaeus floralis",2,25,0.08,0.101668238543952
"M_021","Hylaeus globula",8,25,0.32,2.66673895261557
"M_021","Hylaeus nippon",1,25,0.04,-0.325843547134652
"M_021","Hymenoptera sp308 M PL 021",1,25,0.04,-0.325843547134652
"M_021","Hymenoptera sp330 M PL 021",1,25,0.04,-0.325843547134652
"M_021","Hymenoptera sp331 M PL 021",1,25,0.04,-0.325843547134652
"M_021","Hymenoptera sp332 M PL 021",1,25,0.04,-0.325843547134652
"M_021","Hymenoptera sp372 M PL 021",1,25,0.04,-0.325843547134652
"M_021","Hymenoptera sp379 M PL 021",1,25,0.04,-0.325843547134652
"M_021","Idiostrangalia contracta",2,25,0.08,0.101668238543952
"M_021","Imatisma abdominalis",1,25,0.04,-0.325843547134652
"M_021","Imatisma dimorpha",2,25,0.08,0.101668238543952
"M_021","Imatisma sp1 M PL 021",1,25,0.04,-0.325843547134652
"M_021","Japanostrangalia deutatipennis",2,25,0.08,0.101668238543952
"M_021","Japonica luter",1,25,0.04,-0.325843547134652
"M_021","Lagria nigricollis",2,25,0.08,0.101668238543952
"M_021","Lasioglossum apristum",17,25,0.68,6.514345023723
"M_021","Lasioglossum baleicum",1,25,0.04,-0.325843547134652
"M_021","Lasioglossum duplex",2,25,0.08,0.101668238543952
"M_021","Lasioglossum exiliceps",4,25,0.16,0.956691809901159
"M_021","Lasioglossum japonicum",2,25,0.08,0.101668238543952
"M_021","Lasioglossum kansuense",3,25,0.12,0.529180024222555
"M_021","Lasioglossum occidens",8,25,0.32,2.66673895261557
"M_021","Lasioglossum problematicum",5,25,0.2,1.38420359557976
"M_021","Lasioglossum proximatum",3,25,0.12,0.529180024222555
"M_021","Lasioglossum sexstrigatum",2,25,0.08,0.101668238543952
"M_021","Lasioglossum sp1 M PL 021",9,25,0.36,3.09425073829418
"M_021","Lasioglossum sp2 M PL 021",6,25,0.24,1.81171538125837
"M_021","Lasioglossum sp3 M PL 021",2,25,0.08,0.101668238543952
"M_021","Lasioglossum sp4 M PL 021",2,25,0.08,0.101668238543952
"M_021","Lasioglossum sp5 M PL 021",1,25,0.04,-0.325843547134652
"M_021","Lasioglossum sp6 M PL 021",1,25,0.04,-0.325843547134652
"M_021","Lasioglossum taniolellum",1,25,0.04,-0.325843547134652
"M_021","Lasioglossum transpositum",11,25,0.44,3.94927430965138
"M_021","Lasius niger",4,25,0.16,0.956691809901159
"M_021","Leptura aethiops",1,25,0.04,-0.325843547134652
"M_021","Leptura arcuata",1,25,0.04,-0.325843547134652
"M_021","Leptura ochraceofasciata",2,25,0.08,0.101668238543952
"M_021","Linoetis coeruleipennis",2,25,0.08,0.101668238543952
"M_021","Loderus eversmanini obscurus",1,25,0.04,-0.325843547134652
"M_021","Lucidina accensa",1,25,0.04,-0.325843547134652
"M_021","Macrolagria rufobrunnea",1,25,0.04,-0.325843547134652
"M_021","Malthodes sulcicollis",1,25,0.04,-0.325843547134652
"M_021","Mashumyia ferdinandi",1,25,0.04,-0.325843547134652
"M_021","Mecoptera sp11 M PL 021",3,25,0.12,0.529180024222555
"M_021","Mecoptera sp12 M PL 021",3,25,0.12,0.529180024222555
"M_021","Mecoptera sp22 M PL 021",2,25,0.08,0.101668238543952
"M_021","Mecoptera sp79 M PL 021",1,25,0.04,-0.325843547134652
"M_021","Megachile remota sakagamii",1,25,0.04,-0.325843547134652
"M_021","Megachile tsurugensis",3,25,0.12,0.529180024222555
"M_021","Megalopaederus lewsi",1,25,0.04,-0.325843547134652
"M_021","Megaspis zonata",3,25,0.12,0.529180024222555
"M_021","Melanostoma scalare",8,25,0.32,2.66673895261557
"M_021","Melanotus annosus",2,25,0.08,0.101668238543952
"M_021","Meluscaeva cinctella",1,25,0.04,-0.325843547134652
"M_021","Menida scotti",1,25,0.04,-0.325843547134652
"M_021","Menida violacea",5,25,0.2,1.38420359557976
"M_021","Metasyrphus corollae",1,25,0.04,-0.325843547134652
"M_021","Metasyrphus nintens",1,25,0.04,-0.325843547134652
"M_021","Metialina sp1 M PL 021",1,25,0.04,-0.325843547134652
"M_021","Micadocantharis japonica",1,25,0.04,-0.325843547134652
"M_021","Microdon auricomus",1,25,0.04,-0.325843547134652
"M_021","Microdon simplex",2,25,0.08,0.101668238543952
"M_021","Milesia undulata",1,25,0.04,-0.325843547134652
"M_021","Monolepta pallidula",1,25,0.04,-0.325843547134652
"M_021","Mordellina sp1 M PL 021",1,25,0.04,-0.325843547134652
"M_021","Mordellistena sp1 M PL 021",11,25,0.44,3.94927430965138
"M_021","Neoascia sp1 M PL 021",3,25,0.12,0.529180024222555
"M_021","Neuroptera sp76 M PL 021",1,25,0.04,-0.325843547134652
"M_021","Nipponovalgus angusticollis",1,25,0.04,-0.325843547134652
"M_021","Nomada galloisi",2,25,0.08,0.101668238543952
"M_021","Nomada ginran",3,25,0.12,0.529180024222555
"M_021","Nomada hakonensis",1,25,0.04,-0.325843547134652
"M_021","Nomada pacifica",2,25,0.08,0.101668238543952
"M_021","Nonartha cyaneum",5,25,0.2,1.38420359557976
"M_021","Nysius sp1 M PL 021",2,25,0.08,0.101668238543952
"M_021","Oedemeronia lucidicollis",2,25,0.08,0.101668238543952
"M_021","Oedemeronia manicata",5,25,0.2,1.38420359557976
"M_021","Oncomerella venosa",2,25,0.08,0.101668238543952
"M_021","Onomaus lautus",2,25,0.08,0.101668238543952
"M_021","Orthoptera sp20 M PL 021",2,25,0.08,0.101668238543952
"M_021","Orthoptera sp50 M PL 021",1,25,0.04,-0.325843547134652
"M_021","Orthoptera sp73 M PL 021",1,25,0.04,-0.325843547134652
"M_021","Orthoptera sp74 M PL 021",1,25,0.04,-0.325843547134652
"M_021","Orthoptera sp75 M PL 021",1,25,0.04,-0.325843547134652
"M_021","Osmia orientalis",1,25,0.04,-0.325843547134652
"M_021","Osmia taurus",2,25,0.08,0.101668238543952
"M_021","Oxycetonia jucunda",1,25,0.04,-0.325843547134652
"M_021","Pachyprotasis tanakai",1,25,0.04,-0.325843547134652
"M_021","Paragus jozanus",1,25,0.04,-0.325843547134652
"M_021","Paragus tibialis",2,25,0.08,0.101668238543952
"M_021","Parastrangalis nymphula",5,25,0.2,1.38420359557976
"M_021","Paratrechina flavipes",1,25,0.04,-0.325843547134652
"M_021","Paratrichius doentzi",1,25,0.04,-0.325843547134652
"M_021","Paratrichius septemdecimguttatus",1,25,0.04,-0.325843547134652
"M_021","Parnara guttata",2,25,0.08,0.101668238543952
"M_021","Parnassius glacialis",1,25,0.04,-0.325843547134652
"M_021","Pecticus tenebrifer",1,25,0.04,-0.325843547134652
"M_021","Pelatines striatipennis",1,25,0.04,-0.325843547134652
"M_021","Pentatoma japonica",1,25,0.04,-0.325843547134652
"M_021","Philopota nigroaenea",2,25,0.08,0.101668238543952
"M_021","Phyllopertha irregularis",3,25,0.12,0.529180024222555
"M_021","Pidonia aegrota",1,25,0.04,-0.325843547134652
"M_021","Pidonia discoidalis",2,25,0.08,0.101668238543952
"M_021","Pidonia puziloi",1,25,0.04,-0.325843547134652
"M_021","Pidonia signifera",3,25,0.12,0.529180024222555
"M_021","Pidonia yamato",1,25,0.04,-0.325843547134652
"M_021","Pieris rapae",1,25,0.04,-0.325843547134652
"M_021","Pipiza familiaris",1,25,0.04,-0.325843547134652
"M_021","Pipiza inornata",2,25,0.08,0.101668238543952
"M_021","Plateros sp1 M PL 021",4,25,0.16,0.956691809901159
"M_021","Plecoptera sp21 M PL 021",2,25,0.08,0.101668238543952
"M_021","Podabrus temporalis",6,25,0.24,1.81171538125837
"M_021","Popillia japonica",3,25,0.12,0.529180024222555
"M_021","Pristomyrmex punger",1,25,0.04,-0.325843547134652
"M_021","Prothemus ciusianus",4,25,0.16,0.956691809901159
"M_021","Pseudaosterna misella",1,25,0.04,-0.325843547134652
"M_021","Psychostrophia melanargia",1,25,0.04,-0.325843547134652
"M_021","Pyrrhona laeticolor",1,25,0.04,-0.325843547134652
"M_021","Rhingia laevigata",2,25,0.08,0.101668238543952
"M_021","Rhopalum latronum",8,25,0.32,2.66673895261557
"M_021","Schwarzerium quadricolle",1,25,0.04,-0.325843547134652
"M_021","Sericania fulgida",2,25,0.08,0.101668238543952
"M_021","Sericania fuscolineata",1,25,0.04,-0.325843547134652
"M_021","Sericomyia japonica",1,25,0.04,-0.325843547134652
"M_021","Sphaerophoria macrogaster",2,25,0.08,0.101668238543952
"M_021","Sphaerophoria menthastri",9,25,0.36,3.09425073829418
"M_021","Sphecodes sp1 M PL 021",1,25,0.04,-0.325843547134652
"M_021","Sphegina sp1 M PL 021",1,25,0.04,-0.325843547134652
"M_021","Sphegina sp2 M PL 021",1,25,0.04,-0.325843547134652
"M_021","Sphegina sp3 M PL 021",1,25,0.04,-0.325843547134652
"M_021","Sphegina sp4 M PL 021",1,25,0.04,-0.325843547134652
"M_021","Sphex maidli",1,25,0.04,-0.325843547134652
"M_021","Stenocorus caeruleipennis",1,25,0.04,-0.325843547134652
"M_021","Stenodynerus tokyanus tokyanus",1,25,0.04,-0.325843547134652
"M_021","Stenoluperus nipponensis",3,25,0.12,0.529180024222555
"M_021","Strangalomorpha tenuis",1,25,0.04,-0.325843547134652
"M_021","Strogylogaster lineata",1,25,0.04,-0.325843547134652
"M_021","Strombocerina koebelei",2,25,0.08,0.101668238543952
"M_021","Symmorphus cliens",1,25,0.04,-0.325843547134652
"M_021","Syreta adamsi",1,25,0.04,-0.325843547134652
"M_021","Syritta pipiens",2,25,0.08,0.101668238543952
"M_021","Syrphus vitripennis",4,25,0.16,0.956691809901159
"M_021","Tabanus iyoensis",1,25,0.04,-0.325843547134652
"M_021","Tachinus sp1 M PL 021",1,25,0.04,-0.325843547134652
"M_021","Takaomyia johannis",1,25,0.04,-0.325843547134652
"M_021","Takaomyia sexmaculata",1,25,0.04,-0.325843547134652
"M_021","Taxonus fulvicornis",1,25,0.04,-0.325843547134652
"M_021","Temnostoma fumosa",1,25,0.04,-0.325843547134652
"M_021","Tenthredo convagennata",1,25,0.04,-0.325843547134652
"M_021","Tenthredo fukaii",1,25,0.04,-0.325843547134652
"M_021","Tenthredo sp1 M PL 021",1,25,0.04,-0.325843547134652
"M_021","Tetralonia mitsukurii",2,25,0.08,0.101668238543952
"M_021","Tetralonia nipponens",1,25,0.04,-0.325843547134652
"M_021","Trachys saundersi",2,25,0.08,0.101668238543952
"M_021","Tremus cyanipennis",2,25,0.08,0.101668238543952
"M_021","Tricholochmaea semifulva",1,25,0.04,-0.325843547134652
"M_021","Trichoptera sp51 M PL 021",1,25,0.04,-0.325843547134652
"M_021","Trichoptera sp80 M PL 021",1,25,0.04,-0.325843547134652
"M_021","Trichoptera sp81 M PL 021",1,25,0.04,-0.325843547134652
"M_021","Unidentified sp1 M PL 021",10,25,0.4,3.52176252397278
"M_021","Unidentified sp100 M PL 021",1,25,0.04,-0.325843547134652
"M_021","Unidentified sp101 M PL 021",1,25,0.04,-0.325843547134652
"M_021","Unidentified sp102 M PL 021",1,25,0.04,-0.325843547134652
"M_021","Unidentified sp103 M PL 021",1,25,0.04,-0.325843547134652
"M_021","Unidentified sp104 M PL 021",1,25,0.04,-0.325843547134652
"M_021","Unidentified sp105 M PL 021",1,25,0.04,-0.325843547134652
"M_021","Unidentified sp106 M PL 021",1,25,0.04,-0.325843547134652
"M_021","Unidentified sp107 M PL 021",1,25,0.04,-0.325843547134652
"M_021","Unidentified sp108 M PL 021",1,25,0.04,-0.325843547134652
"M_021","Unidentified sp109 M PL 021",1,25,0.04,-0.325843547134652
"M_021","Unidentified sp110 M PL 021",1,25,0.04,-0.325843547134652
"M_021","Unidentified sp111 M PL 021",1,25,0.04,-0.325843547134652
"M_021","Unidentified sp112 M PL 021",1,25,0.04,-0.325843547134652
"M_021","Unidentified sp113 M PL 021",1,25,0.04,-0.325843547134652
"M_021","Unidentified sp114 M PL 021",1,25,0.04,-0.325843547134652
"M_021","Unidentified sp115 M PL 021",1,25,0.04,-0.325843547134652
"M_021","Unidentified sp116 M PL 021",1,25,0.04,-0.325843547134652
"M_021","Unidentified sp117 M PL 021",1,25,0.04,-0.325843547134652
"M_021","Unidentified sp118 M PL 021",1,25,0.04,-0.325843547134652
"M_021","Unidentified sp119 M PL 021",1,25,0.04,-0.325843547134652
"M_021","Unidentified sp120 M PL 021",1,25,0.04,-0.325843547134652
"M_021","Unidentified sp121 M PL 021",1,25,0.04,-0.325843547134652
"M_021","Unidentified sp122 M PL 021",1,25,0.04,-0.325843547134652
"M_021","Unidentified sp123 M PL 021",1,25,0.04,-0.325843547134652
"M_021","Unidentified sp124 M PL 021",1,25,0.04,-0.325843547134652
"M_021","Unidentified sp125 M PL 021",1,25,0.04,-0.325843547134652
"M_021","Unidentified sp126 M PL 021",1,25,0.04,-0.325843547134652
"M_021","Unidentified sp127 M PL 021",1,25,0.04,-0.325843547134652
"M_021","Unidentified sp128 M PL 021",1,25,0.04,-0.325843547134652
"M_021","Unidentified sp129 M PL 021",1,25,0.04,-0.325843547134652
"M_021","Unidentified sp13 M PL 021",3,25,0.12,0.529180024222555
"M_021","Unidentified sp130 M PL 021",1,25,0.04,-0.325843547134652
"M_021","Unidentified sp131 M PL 021",1,25,0.04,-0.325843547134652
"M_021","Unidentified sp132 M PL 021",1,25,0.04,-0.325843547134652
"M_021","Unidentified sp133 M PL 021",1,25,0.04,-0.325843547134652
"M_021","Unidentified sp134 M PL 021",1,25,0.04,-0.325843547134652
"M_021","Unidentified sp135 M PL 021",1,25,0.04,-0.325843547134652
"M_021","Unidentified sp136 M PL 021",1,25,0.04,-0.325843547134652
"M_021","Unidentified sp137 M PL 021",1,25,0.04,-0.325843547134652
"M_021","Unidentified sp138 M PL 021",1,25,0.04,-0.325843547134652
"M_021","Unidentified sp139 M PL 021",1,25,0.04,-0.325843547134652
"M_021","Unidentified sp14 M PL 021",3,25,0.12,0.529180024222555
"M_021","Unidentified sp140 M PL 021",1,25,0.04,-0.325843547134652
"M_021","Unidentified sp141 M PL 021",1,25,0.04,-0.325843547134652
"M_021","Unidentified sp142 M PL 021",1,25,0.04,-0.325843547134652
"M_021","Unidentified sp143 M PL 021",1,25,0.04,-0.325843547134652
"M_021","Unidentified sp144 M PL 021",1,25,0.04,-0.325843547134652
"M_021","Unidentified sp145 M PL 021",1,25,0.04,-0.325843547134652
"M_021","Unidentified sp146 M PL 021",1,25,0.04,-0.325843547134652
"M_021","Unidentified sp147 M PL 021",1,25,0.04,-0.325843547134652
"M_021","Unidentified sp148 M PL 021",1,25,0.04,-0.325843547134652
"M_021","Unidentified sp149 M PL 021",1,25,0.04,-0.325843547134652
"M_021","Unidentified sp15 M PL 021",3,25,0.12,0.529180024222555
"M_021","Unidentified sp150 M PL 021",1,25,0.04,-0.325843547134652
"M_021","Unidentified sp151 M PL 021",1,25,0.04,-0.325843547134652
"M_021","Unidentified sp152 M PL 021",1,25,0.04,-0.325843547134652
"M_021","Unidentified sp153 M PL 021",1,25,0.04,-0.325843547134652
"M_021","Unidentified sp154 M PL 021",1,25,0.04,-0.325843547134652
"M_021","Unidentified sp155 M PL 021",1,25,0.04,-0.325843547134652
"M_021","Unidentified sp156 M PL 021",1,25,0.04,-0.325843547134652
"M_021","Unidentified sp157 M PL 021",1,25,0.04,-0.325843547134652
"M_021","Unidentified sp158 M PL 021",1,25,0.04,-0.325843547134652
"M_021","Unidentified sp159 M PL 021",1,25,0.04,-0.325843547134652
"M_021","Unidentified sp16 M PL 021",3,25,0.12,0.529180024222555
"M_021","Unidentified sp160 M PL 021",1,25,0.04,-0.325843547134652
"M_021","Unidentified sp161 M PL 021",1,25,0.04,-0.325843547134652
"M_021","Unidentified sp162 M PL 021",1,25,0.04,-0.325843547134652
"M_021","Unidentified sp163 M PL 021",1,25,0.04,-0.325843547134652
"M_021","Unidentified sp164 M PL 021",1,25,0.04,-0.325843547134652
"M_021","Unidentified sp165 M PL 021",1,25,0.04,-0.325843547134652
"M_021","Unidentified sp166 M PL 021",1,25,0.04,-0.325843547134652
"M_021","Unidentified sp167 M PL 021",1,25,0.04,-0.325843547134652
"M_021","Unidentified sp168 M PL 021",1,25,0.04,-0.325843547134652
"M_021","Unidentified sp169 M PL 021",1,25,0.04,-0.325843547134652
"M_021","Unidentified sp17 M PL 021",3,25,0.12,0.529180024222555
"M_021","Unidentified sp170 M PL 021",1,25,0.04,-0.325843547134652
"M_021","Unidentified sp171 M PL 021",1,25,0.04,-0.325843547134652
"M_021","Unidentified sp172 M PL 021",1,25,0.04,-0.325843547134652
"M_021","Unidentified sp173 M PL 021",1,25,0.04,-0.325843547134652
"M_021","Unidentified sp174 M PL 021",1,25,0.04,-0.325843547134652
"M_021","Unidentified sp175 M PL 021",1,25,0.04,-0.325843547134652
"M_021","Unidentified sp176 M PL 021",1,25,0.04,-0.325843547134652
"M_021","Unidentified sp177 M PL 021",1,25,0.04,-0.325843547134652
"M_021","Unidentified sp178 M PL 021",1,25,0.04,-0.325843547134652
"M_021","Unidentified sp179 M PL 021",1,25,0.04,-0.325843547134652
"M_021","Unidentified sp18 M PL 021",3,25,0.12,0.529180024222555
"M_021","Unidentified sp180 M PL 021",1,25,0.04,-0.325843547134652
"M_021","Unidentified sp181 M PL 021",1,25,0.04,-0.325843547134652
"M_021","Unidentified sp182 M PL 021",1,25,0.04,-0.325843547134652
"M_021","Unidentified sp183 M PL 021",1,25,0.04,-0.325843547134652
"M_021","Unidentified sp184 M PL 021",1,25,0.04,-0.325843547134652
"M_021","Unidentified sp185 M PL 021",1,25,0.04,-0.325843547134652
"M_021","Unidentified sp186 M PL 021",1,25,0.04,-0.325843547134652
"M_021","Unidentified sp187 M PL 021",1,25,0.04,-0.325843547134652
"M_021","Unidentified sp188 M PL 021",1,25,0.04,-0.325843547134652
"M_021","Unidentified sp189 M PL 021",1,25,0.04,-0.325843547134652
"M_021","Unidentified sp19 M PL 021",2,25,0.08,0.101668238543952
"M_021","Unidentified sp190 M PL 021",1,25,0.04,-0.325843547134652
"M_021","Unidentified sp191 M PL 021",1,25,0.04,-0.325843547134652
"M_021","Unidentified sp192 M PL 021",1,25,0.04,-0.325843547134652
"M_021","Unidentified sp193 M PL 021",1,25,0.04,-0.325843547134652
"M_021","Unidentified sp194 M PL 021",1,25,0.04,-0.325843547134652
"M_021","Unidentified sp195 M PL 021",1,25,0.04,-0.325843547134652
"M_021","Unidentified sp196 M PL 021",1,25,0.04,-0.325843547134652
"M_021","Unidentified sp197 M PL 021",1,25,0.04,-0.325843547134652
"M_021","Unidentified sp198 M PL 021",1,25,0.04,-0.325843547134652
"M_021","Unidentified sp199 M PL 021",1,25,0.04,-0.325843547134652
"M_021","Unidentified sp2 M PL 021",7,25,0.28,2.23922716693697
"M_021","Unidentified sp200 M PL 021",1,25,0.04,-0.325843547134652
"M_021","Unidentified sp201 M PL 021",1,25,0.04,-0.325843547134652
"M_021","Unidentified sp202 M PL 021",1,25,0.04,-0.325843547134652
"M_021","Unidentified sp203 M PL 021",1,25,0.04,-0.325843547134652
"M_021","Unidentified sp204 M PL 021",1,25,0.04,-0.325843547134652
"M_021","Unidentified sp205 M PL 021",1,25,0.04,-0.325843547134652
"M_021","Unidentified sp206 M PL 021",1,25,0.04,-0.325843547134652
"M_021","Unidentified sp207 M PL 021",1,25,0.04,-0.325843547134652
"M_021","Unidentified sp208 M PL 021",1,25,0.04,-0.325843547134652
"M_021","Unidentified sp209 M PL 021",1,25,0.04,-0.325843547134652
"M_021","Unidentified sp210 M PL 021",1,25,0.04,-0.325843547134652
"M_021","Unidentified sp211 M PL 021",1,25,0.04,-0.325843547134652
"M_021","Unidentified sp212 M PL 021",1,25,0.04,-0.325843547134652
"M_021","Unidentified sp213 M PL 021",1,25,0.04,-0.325843547134652
"M_021","Unidentified sp214 M PL 021",1,25,0.04,-0.325843547134652
"M_021","Unidentified sp215 M PL 021",1,25,0.04,-0.325843547134652
"M_021","Unidentified sp216 M PL 021",1,25,0.04,-0.325843547134652
"M_021","Unidentified sp217 M PL 021",1,25,0.04,-0.325843547134652
"M_021","Unidentified sp218 M PL 021",1,25,0.04,-0.325843547134652
"M_021","Unidentified sp219 M PL 021",1,25,0.04,-0.325843547134652
"M_021","Unidentified sp220 M PL 021",1,25,0.04,-0.325843547134652
"M_021","Unidentified sp221 M PL 021",1,25,0.04,-0.325843547134652
"M_021","Unidentified sp222 M PL 021",1,25,0.04,-0.325843547134652
"M_021","Unidentified sp223 M PL 021",1,25,0.04,-0.325843547134652
"M_021","Unidentified sp224 M PL 021",1,25,0.04,-0.325843547134652
"M_021","Unidentified sp225 M PL 021",1,25,0.04,-0.325843547134652
"M_021","Unidentified sp226 M PL 021",1,25,0.04,-0.325843547134652
"M_021","Unidentified sp227 M PL 021",1,25,0.04,-0.325843547134652
"M_021","Unidentified sp228 M PL 021",1,25,0.04,-0.325843547134652
"M_021","Unidentified sp229 M PL 021",1,25,0.04,-0.325843547134652
"M_021","Unidentified sp23 M PL 021",2,25,0.08,0.101668238543952
"M_021","Unidentified sp230 M PL 021",1,25,0.04,-0.325843547134652
"M_021","Unidentified sp231 M PL 021",1,25,0.04,-0.325843547134652
"M_021","Unidentified sp233 M PL 021",1,25,0.04,-0.325843547134652
"M_021","Unidentified sp234 M PL 021",1,25,0.04,-0.325843547134652
"M_021","Unidentified sp235 M PL 021",1,25,0.04,-0.325843547134652
"M_021","Unidentified sp236 M PL 021",1,25,0.04,-0.325843547134652
"M_021","Unidentified sp237 M PL 021",1,25,0.04,-0.325843547134652
"M_021","Unidentified sp238 M PL 021",1,25,0.04,-0.325843547134652
"M_021","Unidentified sp239 M PL 021",1,25,0.04,-0.325843547134652
"M_021","Unidentified sp24 M PL 021",2,25,0.08,0.101668238543952
"M_021","Unidentified sp240 M PL 021",1,25,0.04,-0.325843547134652
"M_021","Unidentified sp241 M PL 021",1,25,0.04,-0.325843547134652
"M_021","Unidentified sp242 M PL 021",1,25,0.04,-0.325843547134652
"M_021","Unidentified sp243 M PL 021",1,25,0.04,-0.325843547134652
"M_021","Unidentified sp244 M PL 021",1,25,0.04,-0.325843547134652
"M_021","Unidentified sp245 M PL 021",1,25,0.04,-0.325843547134652
"M_021","Unidentified sp246 M PL 021",1,25,0.04,-0.325843547134652
"M_021","Unidentified sp247 M PL 021",1,25,0.04,-0.325843547134652
"M_021","Unidentified sp248 M PL 021",1,25,0.04,-0.325843547134652
"M_021","Unidentified sp249 M PL 021",1,25,0.04,-0.325843547134652
"M_021","Unidentified sp25 M PL 021",2,25,0.08,0.101668238543952
"M_021","Unidentified sp250 M PL 021",1,25,0.04,-0.325843547134652
"M_021","Unidentified sp251 M PL 021",1,25,0.04,-0.325843547134652
"M_021","Unidentified sp252 M PL 021",1,25,0.04,-0.325843547134652
"M_021","Unidentified sp253 M PL 021",1,25,0.04,-0.325843547134652
"M_021","Unidentified sp254 M PL 021",1,25,0.04,-0.325843547134652
"M_021","Unidentified sp255 M PL 021",1,25,0.04,-0.325843547134652
"M_021","Unidentified sp256 M PL 021",1,25,0.04,-0.325843547134652
"M_021","Unidentified sp257 M PL 021",1,25,0.04,-0.325843547134652
"M_021","Unidentified sp258 M PL 021",1,25,0.04,-0.325843547134652
"M_021","Unidentified sp259 M PL 021",1,25,0.04,-0.325843547134652
"M_021","Unidentified sp26 M PL 021",2,25,0.08,0.101668238543952
"M_021","Unidentified sp260 M PL 021",1,25,0.04,-0.325843547134652
"M_021","Unidentified sp261 M PL 021",1,25,0.04,-0.325843547134652
"M_021","Unidentified sp262 M PL 021",1,25,0.04,-0.325843547134652
"M_021","Unidentified sp263 M PL 021",1,25,0.04,-0.325843547134652
"M_021","Unidentified sp264 M PL 021",1,25,0.04,-0.325843547134652
"M_021","Unidentified sp266 M PL 021",1,25,0.04,-0.325843547134652
"M_021","Unidentified sp267 M PL 021",1,25,0.04,-0.325843547134652
"M_021","Unidentified sp268 M PL 021",1,25,0.04,-0.325843547134652
"M_021","Unidentified sp269 M PL 021",1,25,0.04,-0.325843547134652
"M_021","Unidentified sp27 M PL 021",2,25,0.08,0.101668238543952
"M_021","Unidentified sp270 M PL 021",1,25,0.04,-0.325843547134652
"M_021","Unidentified sp271 M PL 021",1,25,0.04,-0.325843547134652
"M_021","Unidentified sp272 M PL 021",1,25,0.04,-0.325843547134652
"M_021","Unidentified sp273 M PL 021",1,25,0.04,-0.325843547134652
"M_021","Unidentified sp274 M PL 021",1,25,0.04,-0.325843547134652
"M_021","Unidentified sp275 M PL 021",1,25,0.04,-0.325843547134652
"M_021","Unidentified sp276 M PL 021",1,25,0.04,-0.325843547134652
"M_021","Unidentified sp277 M PL 021",1,25,0.04,-0.325843547134652
"M_021","Unidentified sp278 M PL 021",1,25,0.04,-0.325843547134652
"M_021","Unidentified sp279 M PL 021",1,25,0.04,-0.325843547134652
"M_021","Unidentified sp28 M PL 021",2,25,0.08,0.101668238543952
"M_021","Unidentified sp280 M PL 021",1,25,0.04,-0.325843547134652
"M_021","Unidentified sp281 M PL 021",1,25,0.04,-0.325843547134652
"M_021","Unidentified sp282 M PL 021",1,25,0.04,-0.325843547134652
"M_021","Unidentified sp283 M PL 021",1,25,0.04,-0.325843547134652
"M_021","Unidentified sp284 M PL 021",1,25,0.04,-0.325843547134652
"M_021","Unidentified sp285 M PL 021",1,25,0.04,-0.325843547134652
"M_021","Unidentified sp286 M PL 021",1,25,0.04,-0.325843547134652
"M_021","Unidentified sp287 M PL 021",1,25,0.04,-0.325843547134652
"M_021","Unidentified sp288 M PL 021",1,25,0.04,-0.325843547134652
"M_021","Unidentified sp289 M PL 021",1,25,0.04,-0.325843547134652
"M_021","Unidentified sp29 M PL 021",2,25,0.08,0.101668238543952
"M_021","Unidentified sp290 M PL 021",1,25,0.04,-0.325843547134652
"M_021","Unidentified sp291 M PL 021",1,25,0.04,-0.325843547134652
"M_021","Unidentified sp292 M PL 021",1,25,0.04,-0.325843547134652
"M_021","Unidentified sp293 M PL 021",1,25,0.04,-0.325843547134652
"M_021","Unidentified sp294 M PL 021",1,25,0.04,-0.325843547134652
"M_021","Unidentified sp295 M PL 021",1,25,0.04,-0.325843547134652
"M_021","Unidentified sp296 M PL 021",1,25,0.04,-0.325843547134652
"M_021","Unidentified sp297 M PL 021",1,25,0.04,-0.325843547134652
"M_021","Unidentified sp298 M PL 021",1,25,0.04,-0.325843547134652
"M_021","Unidentified sp299 M PL 021",1,25,0.04,-0.325843547134652
"M_021","Unidentified sp3 M PL 021",5,25,0.2,1.38420359557976
"M_021","Unidentified sp30 M PL 021",2,25,0.08,0.101668238543952
"M_021","Unidentified sp300 M PL 021",1,25,0.04,-0.325843547134652
"M_021","Unidentified sp301 M PL 021",1,25,0.04,-0.325843547134652
"M_021","Unidentified sp302 M PL 021",1,25,0.04,-0.325843547134652
"M_021","Unidentified sp303 M PL 021",1,25,0.04,-0.325843547134652
"M_021","Unidentified sp304 M PL 021",1,25,0.04,-0.325843547134652
"M_021","Unidentified sp305 M PL 021",1,25,0.04,-0.325843547134652
"M_021","Unidentified sp306 M PL 021",1,25,0.04,-0.325843547134652
"M_021","Unidentified sp307 M PL 021",1,25,0.04,-0.325843547134652
"M_021","Unidentified sp309 M PL 021",1,25,0.04,-0.325843547134652
"M_021","Unidentified sp31 M PL 021",2,25,0.08,0.101668238543952
"M_021","Unidentified sp310 M PL 021",1,25,0.04,-0.325843547134652
"M_021","Unidentified sp311 M PL 021",1,25,0.04,-0.325843547134652
"M_021","Unidentified sp312 M PL 021",1,25,0.04,-0.325843547134652
"M_021","Unidentified sp313 M PL 021",1,25,0.04,-0.325843547134652
"M_021","Unidentified sp314 M PL 021",1,25,0.04,-0.325843547134652
"M_021","Unidentified sp315 M PL 021",1,25,0.04,-0.325843547134652
"M_021","Unidentified sp316 M PL 021",1,25,0.04,-0.325843547134652
"M_021","Unidentified sp317 M PL 021",1,25,0.04,-0.325843547134652
"M_021","Unidentified sp318 M PL 021",1,25,0.04,-0.325843547134652
"M_021","Unidentified sp319 M PL 021",1,25,0.04,-0.325843547134652
"M_021","Unidentified sp32 M PL 021",2,25,0.08,0.101668238543952
"M_021","Unidentified sp320 M PL 021",1,25,0.04,-0.325843547134652
"M_021","Unidentified sp321 M PL 021",1,25,0.04,-0.325843547134652
"M_021","Unidentified sp322 M PL 021",1,25,0.04,-0.325843547134652
"M_021","Unidentified sp323 M PL 021",1,25,0.04,-0.325843547134652
"M_021","Unidentified sp324 M PL 021",1,25,0.04,-0.325843547134652
"M_021","Unidentified sp325 M PL 021",1,25,0.04,-0.325843547134652
"M_021","Unidentified sp326 M PL 021",1,25,0.04,-0.325843547134652
"M_021","Unidentified sp327 M PL 021",1,25,0.04,-0.325843547134652
"M_021","Unidentified sp328 M PL 021",1,25,0.04,-0.325843547134652
"M_021","Unidentified sp329 M PL 021",1,25,0.04,-0.325843547134652
"M_021","Unidentified sp33 M PL 021",2,25,0.08,0.101668238543952
"M_021","Unidentified sp333 M PL 021",1,25,0.04,-0.325843547134652
"M_021","Unidentified sp334 M PL 021",1,25,0.04,-0.325843547134652
"M_021","Unidentified sp335 M PL 021",1,25,0.04,-0.325843547134652
"M_021","Unidentified sp336 M PL 021",1,25,0.04,-0.325843547134652
"M_021","Unidentified sp337 M PL 021",1,25,0.04,-0.325843547134652
"M_021","Unidentified sp338 M PL 021",1,25,0.04,-0.325843547134652
"M_021","Unidentified sp339 M PL 021",1,25,0.04,-0.325843547134652
"M_021","Unidentified sp34 M PL 021",2,25,0.08,0.101668238543952
"M_021","Unidentified sp340 M PL 021",1,25,0.04,-0.325843547134652
"M_021","Unidentified sp341 M PL 021",1,25,0.04,-0.325843547134652
"M_021","Unidentified sp342 M PL 021",1,25,0.04,-0.325843547134652
"M_021","Unidentified sp343 M PL 021",1,25,0.04,-0.325843547134652
"M_021","Unidentified sp344 M PL 021",1,25,0.04,-0.325843547134652
"M_021","Unidentified sp345 M PL 021",1,25,0.04,-0.325843547134652
"M_021","Unidentified sp346 M PL 021",1,25,0.04,-0.325843547134652
"M_021","Unidentified sp347 M PL 021",1,25,0.04,-0.325843547134652
"M_021","Unidentified sp348 M PL 021",1,25,0.04,-0.325843547134652
"M_021","Unidentified sp349 M PL 021",1,25,0.04,-0.325843547134652
"M_021","Unidentified sp35 M PL 021",2,25,0.08,0.101668238543952
"M_021","Unidentified sp350 M PL 021",1,25,0.04,-0.325843547134652
"M_021","Unidentified sp351 M PL 021",1,25,0.04,-0.325843547134652
"M_021","Unidentified sp352 M PL 021",1,25,0.04,-0.325843547134652
"M_021","Unidentified sp353 M PL 021",1,25,0.04,-0.325843547134652
"M_021","Unidentified sp354 M PL 021",1,25,0.04,-0.325843547134652
"M_021","Unidentified sp355 M PL 021",1,25,0.04,-0.325843547134652
"M_021","Unidentified sp356 M PL 021",1,25,0.04,-0.325843547134652
"M_021","Unidentified sp357 M PL 021",1,25,0.04,-0.325843547134652
"M_021","Unidentified sp358 M PL 021",1,25,0.04,-0.325843547134652
"M_021","Unidentified sp359 M PL 021",1,25,0.04,-0.325843547134652
"M_021","Unidentified sp36 M PL 021",2,25,0.08,0.101668238543952
"M_021","Unidentified sp360 M PL 021",1,25,0.04,-0.325843547134652
"M_021","Unidentified sp361 M PL 021",1,25,0.04,-0.325843547134652
"M_021","Unidentified sp362 M PL 021",1,25,0.04,-0.325843547134652
"M_021","Unidentified sp363 M PL 021",1,25,0.04,-0.325843547134652
"M_021","Unidentified sp364 M PL 021",1,25,0.04,-0.325843547134652
"M_021","Unidentified sp365 M PL 021",1,25,0.04,-0.325843547134652
"M_021","Unidentified sp366 M PL 021",1,25,0.04,-0.325843547134652
"M_021","Unidentified sp367 M PL 021",1,25,0.04,-0.325843547134652
"M_021","Unidentified sp368 M PL 021",1,25,0.04,-0.325843547134652
"M_021","Unidentified sp369 M PL 021",1,25,0.04,-0.325843547134652
"M_021","Unidentified sp37 M PL 021",2,25,0.08,0.101668238543952
"M_021","Unidentified sp370 M PL 021",1,25,0.04,-0.325843547134652
"M_021","Unidentified sp371 M PL 021",1,25,0.04,-0.325843547134652
"M_021","Unidentified sp373 M PL 021",1,25,0.04,-0.325843547134652
"M_021","Unidentified sp374 M PL 021",1,25,0.04,-0.325843547134652
"M_021","Unidentified sp375 M PL 021",1,25,0.04,-0.325843547134652
"M_021","Unidentified sp376 M PL 021",1,25,0.04,-0.325843547134652
"M_021","Unidentified sp377 M PL 021",1,25,0.04,-0.325843547134652
"M_021","Unidentified sp378 M PL 021",1,25,0.04,-0.325843547134652
"M_021","Unidentified sp38 M PL 021",2,25,0.08,0.101668238543952
"M_021","Unidentified sp380 M PL 021",1,25,0.04,-0.325843547134652
"M_021","Unidentified sp381 M PL 021",1,25,0.04,-0.325843547134652
"M_021","Unidentified sp382 M PL 021",1,25,0.04,-0.325843547134652
"M_021","Unidentified sp383 M PL 021",1,25,0.04,-0.325843547134652
"M_021","Unidentified sp384 M PL 021",1,25,0.04,-0.325843547134652
"M_021","Unidentified sp385 M PL 021",1,25,0.04,-0.325843547134652
"M_021","Unidentified sp386 M PL 021",1,25,0.04,-0.325843547134652
"M_021","Unidentified sp387 M PL 021",1,25,0.04,-0.325843547134652
"M_021","Unidentified sp388 M PL 021",1,25,0.04,-0.325843547134652
"M_021","Unidentified sp389 M PL 021",1,25,0.04,-0.325843547134652
"M_021","Unidentified sp39 M PL 021",2,25,0.08,0.101668238543952
"M_021","Unidentified sp390 M PL 021",1,25,0.04,-0.325843547134652
"M_021","Unidentified sp391 M PL 021",1,25,0.04,-0.325843547134652
"M_021","Unidentified sp392 M PL 021",1,25,0.04,-0.325843547134652
"M_021","Unidentified sp393 M PL 021",1,25,0.04,-0.325843547134652
"M_021","Unidentified sp4 M PL 021",5,25,0.2,1.38420359557976
"M_021","Unidentified sp40 M PL 021",2,25,0.08,0.101668238543952
"M_021","Unidentified sp41 M PL 021",2,25,0.08,0.101668238543952
"M_021","Unidentified sp42 M PL 021",2,25,0.08,0.101668238543952
"M_021","Unidentified sp43 M PL 021",2,25,0.08,0.101668238543952
"M_021","Unidentified sp44 M PL 021",2,25,0.08,0.101668238543952
"M_021","Unidentified sp45 M PL 021",2,25,0.08,0.101668238543952
"M_021","Unidentified sp46 M PL 021",2,25,0.08,0.101668238543952
"M_021","Unidentified sp47 M PL 021",2,25,0.08,0.101668238543952
"M_021","Unidentified sp48 M PL 021",2,25,0.08,0.101668238543952
"M_021","Unidentified sp49 M PL 021",1,25,0.04,-0.325843547134652
"M_021","Unidentified sp5 M PL 021",5,25,0.2,1.38420359557976
"M_021","Unidentified sp52 M PL 021",1,25,0.04,-0.325843547134652
"M_021","Unidentified sp53 M PL 021",1,25,0.04,-0.325843547134652
"M_021","Unidentified sp54 M PL 021",1,25,0.04,-0.325843547134652
"M_021","Unidentified sp55 M PL 021",1,25,0.04,-0.325843547134652
"M_021","Unidentified sp56 M PL 021",1,25,0.04,-0.325843547134652
"M_021","Unidentified sp57 M PL 021",1,25,0.04,-0.325843547134652
"M_021","Unidentified sp58 M PL 021",1,25,0.04,-0.325843547134652
"M_021","Unidentified sp59 M PL 021",1,25,0.04,-0.325843547134652
"M_021","Unidentified sp6 M PL 021",5,25,0.2,1.38420359557976
"M_021","Unidentified sp60 M PL 021",1,25,0.04,-0.325843547134652
"M_021","Unidentified sp61 M PL 021",1,25,0.04,-0.325843547134652
"M_021","Unidentified sp62 M PL 021",1,25,0.04,-0.325843547134652
"M_021","Unidentified sp63 M PL 021",1,25,0.04,-0.325843547134652
"M_021","Unidentified sp64 M PL 021",1,25,0.04,-0.325843547134652
"M_021","Unidentified sp65 M PL 021",1,25,0.04,-0.325843547134652
"M_021","Unidentified sp66 M PL 021",1,25,0.04,-0.325843547134652
"M_021","Unidentified sp67 M PL 021",1,25,0.04,-0.325843547134652
"M_021","Unidentified sp68 M PL 021",1,25,0.04,-0.325843547134652
"M_021","Unidentified sp69 M PL 021",1,25,0.04,-0.325843547134652
"M_021","Unidentified sp7 M PL 021",4,25,0.16,0.956691809901159
"M_021","Unidentified sp70 M PL 021",1,25,0.04,-0.325843547134652
"M_021","Unidentified sp71 M PL 021",1,25,0.04,-0.325843547134652
"M_021","Unidentified sp72 M PL 021",1,25,0.04,-0.325843547134652
"M_021","Unidentified sp78 M PL 021",1,25,0.04,-0.325843547134652
"M_021","Unidentified sp8 M PL 021",4,25,0.16,0.956691809901159
"M_021","Unidentified sp82 M PL 021",1,25,0.04,-0.325843547134652
"M_021","Unidentified sp83 M PL 021",1,25,0.04,-0.325843547134652
"M_021","Unidentified sp84 M PL 021",1,25,0.04,-0.325843547134652
"M_021","Unidentified sp85 M PL 021",1,25,0.04,-0.325843547134652
"M_021","Unidentified sp86 M PL 021",1,25,0.04,-0.325843547134652
"M_021","Unidentified sp87 M PL 021",1,25,0.04,-0.325843547134652
"M_021","Unidentified sp88 M PL 021",1,25,0.04,-0.325843547134652
"M_021","Unidentified sp89 M PL 021",1,25,0.04,-0.325843547134652
"M_021","Unidentified sp9 M PL 021",3,25,0.12,0.529180024222555
"M_021","Unidentified sp90 M PL 021",1,25,0.04,-0.325843547134652
"M_021","Unidentified sp91 M PL 021",1,25,0.04,-0.325843547134652
"M_021","Unidentified sp92 M PL 021",1,25,0.04,-0.325843547134652
"M_021","Unidentified sp93 M PL 021",1,25,0.04,-0.325843547134652
"M_021","Unidentified sp94 M PL 021",1,25,0.04,-0.325843547134652
"M_021","Unidentified sp95 M PL 021",1,25,0.04,-0.325843547134652
"M_021","Unidentified sp96 M PL 021",1,25,0.04,-0.325843547134652
"M_021","Unidentified sp97 M PL 021",1,25,0.04,-0.325843547134652
"M_021","Unidentified sp98 M PL 021",1,25,0.04,-0.325843547134652
"M_021","Unidentified sp99 M PL 021",1,25,0.04,-0.325843547134652
"M_021","Vanessa indica",1,25,0.04,-0.325843547134652
"M_021","Vespa xanthoptera",7,25,0.28,2.23922716693697
"M_021","Vespula schrenckii",1,25,0.04,-0.325843547134652
"M_021","Vespula vulgaris",1,25,0.04,-0.325843547134652
"M_021","Vuilletus viridissllis",1,25,0.04,-0.325843547134652
"M_021","Xanthochroa ainu",1,25,0.04,-0.325843547134652
"M_021","Xanthochroa deformis",1,25,0.04,-0.325843547134652
"M_021","Xanthochroa luteipennis",1,25,0.04,-0.325843547134652
"M_021","Xanthochroa waterhousei",1,25,0.04,-0.325843547134652
"M_021","Xerasia variegata",1,25,0.04,-0.325843547134652
"M_021","Xylota coquilletti",1,25,0.04,-0.325843547134652
"M_021","Xylota frontaris",1,25,0.04,-0.325843547134652
"M_021","Xylota simplex",1,25,0.04,-0.325843547134652
"M_021","Zaraea fasciata",1,25,0.04,-0.325843547134652
"M_021","Zeugophora annulata",3,25,0.12,0.529180024222555
"M_022","Agrotis ipsilon",1,7,0.142857142857143,-0.669922121440731
"M_022","Alloscirtetica antarctica",1,7,0.142857142857143,-0.669922121440731
"M_022","Alloscirtetica sp1 M PL 022",1,7,0.142857142857143,-0.669922121440731
"M_022","Anthidium chubuti",3,7,0.428571428571429,0.916735534603105
"M_022","Astylus sp1 M PL 022",2,7,0.285714285714286,0.123406706581187
"M_022","Calliphoridae sp1 M PL 022",1,7,0.142857142857143,-0.669922121440731
"M_022","Chilimelissa farellones",1,7,0.142857142857143,-0.669922121440731
"M_022","Chilimelissa sp1 M PL 022",4,7,0.571428571428571,1.71006436262502
"M_022","Chironomidae sp1 M PL 022",2,7,0.285714285714286,0.123406706581187
"M_022","Chlorobrachycoma versicolor",2,7,0.285714285714286,0.123406706581187
"M_022","Coccinela anchoralis",1,7,0.142857142857143,-0.669922121440731
"M_022","Dasybaris chillan",1,7,0.142857142857143,-0.669922121440731
"M_022","Dolichogyna sp1 M PL 022",1,7,0.142857142857143,-0.669922121440731
"M_022","Geron sp1 M PL 022",4,7,0.571428571428571,1.71006436262502
"M_022","Hypodinerus sp1 M PL 022",2,7,0.285714285714286,0.123406706581187
"M_022","Hypodinerus sp2 M PL 022",1,7,0.142857142857143,-0.669922121440731
"M_022","Ichneumonidae sp1 M PL 022",2,7,0.285714285714286,0.123406706581187
"M_022","Issoria lathonioides",1,7,0.142857142857143,-0.669922121440731
"M_022","Liphantus sp1 M PL 022",2,7,0.285714285714286,0.123406706581187
"M_022","Liphantus sp2 M PL 022",2,7,0.285714285714286,0.123406706581187
"M_022","Megachile sp1 M PL 022",7,7,1,4.09005084669078
"M_022","Megachile sp2 M PL 022",4,7,0.571428571428571,1.71006436262502
"M_022","Microcerella rusca",2,7,0.285714285714286,0.123406706581187
"M_022","Mosillus sp1 M PL 022",2,7,0.285714285714286,0.123406706581187
"M_022","Peridroma saucia",1,7,0.142857142857143,-0.669922121440731
"M_022","Phulia sp1 M PL 022",1,7,0.142857142857143,-0.669922121440731
"M_022","Phulia sp2 M PL 022",1,7,0.142857142857143,-0.669922121440731
"M_022","Podagritus sp1 M PL 022",1,7,0.142857142857143,-0.669922121440731
"M_022","Pseudoleucania nobilis",1,7,0.142857142857143,-0.669922121440731
"M_022","Pseudoleucania sp1 M PL 022",1,7,0.142857142857143,-0.669922121440731
"M_022","Pyrgus fides",1,7,0.142857142857143,-0.669922121440731
"M_022","Spinoliella sp1 M PL 022",2,7,0.285714285714286,0.123406706581187
"M_022","Tamseuxoa ingoufii",1,7,0.142857142857143,-0.669922121440731
"M_022","Thyridanthrax sp1 M PL 022",1,7,0.142857142857143,-0.669922121440731
"M_022","Thyridanthrax sp2 M PL 022",2,7,0.285714285714286,0.123406706581187
"M_022","Thyridanthrax sp3 M PL 022",1,7,0.142857142857143,-0.669922121440731
"M_022","Thyridanthrax sp4 M PL 022",1,7,0.142857142857143,-0.669922121440731
"M_022","Thysanoptera sp1 M PL 022",3,7,0.428571428571429,0.916735534603105
"M_022","Tropidia notata",2,7,0.285714285714286,0.123406706581187
"M_022","Unidentified sp1 M PL 022",2,7,0.285714285714286,0.123406706581187
"M_022","Unidentified sp2 M PL 022",4,7,0.571428571428571,1.71006436262502
"M_022","Unidentified sp3 M PL 022",1,7,0.142857142857143,-0.669922121440731
"M_022","Unidentified sp4 M PL 022",1,7,0.142857142857143,-0.669922121440731
"M_022","Unidentified sp5 M PL 022",4,7,0.571428571428571,1.71006436262502
"M_022","Unidentified sp6 M PL 022",1,7,0.142857142857143,-0.669922121440731
"M_023","Alipumilio sp1 M PL 023",1,9,0.111111111111111,-0.561587398891344
"M_023","Alloscirtetica herbsti",1,9,0.111111111111111,-0.561587398891344
"M_023","Ammophila sp1 M PL 023",1,9,0.111111111111111,-0.561587398891344
"M_023","Anthidium rubriceps",1,9,0.111111111111111,-0.561587398891344
"M_023","Apis mellifera",2,9,0.222222222222222,0.201323784508218
"M_023","Arhysosage bifasciata",2,9,0.222222222222222,0.201323784508218
"M_023","Augochloropsis sp1 M PL 023",1,9,0.111111111111111,-0.561587398891344
"M_023","Caenohalictus sp1 M PL 023",1,9,0.111111111111111,-0.561587398891344
"M_023","Caenohalictus sp2 M PL 023",1,9,0.111111111111111,-0.561587398891344
"M_023","Callonychium mandibulare",3,9,0.333333333333333,0.964234967907779
"M_023","Carposcalis punctulata",3,9,0.333333333333333,0.964234967907779
"M_023","Carposcalis saltana",1,9,0.111111111111111,-0.561587398891344
"M_023","Centris muralis",1,9,0.111111111111111,-0.561587398891344
"M_023","Centris sp1 M PL 023",2,9,0.222222222222222,0.201323784508218
"M_023","Chalepogenus caeruleus",1,9,0.111111111111111,-0.561587398891344
"M_023","Colletes lycii",2,9,0.222222222222222,0.201323784508218
"M_023","Compsomyiops fulvicrura",2,9,0.222222222222222,0.201323784508218
"M_023","Copestylum aricia",9,9,1,5.54170206830515
"M_023","Copestylum sp1 M PL 023",2,9,0.222222222222222,0.201323784508218
"M_023","Diadasia patagonica",1,9,0.111111111111111,-0.561587398891344
"M_023","Dialictus sp1 M PL 023",3,9,0.333333333333333,0.964234967907779
"M_023","Dialictus sp2 M PL 023",3,9,0.333333333333333,0.964234967907779
"M_023","Entypus sp1 M PL 023",1,9,0.111111111111111,-0.561587398891344
"M_023","Epicauta sp1 M PL 023",1,9,0.111111111111111,-0.561587398891344
"M_023","Eriopis conexa",1,9,0.111111111111111,-0.561587398891344
"M_023","Eristalis bogotensis",1,9,0.111111111111111,-0.561587398891344
"M_023","Eristalis tenax",1,9,0.111111111111111,-0.561587398891344
"M_023","Hemiptera sp27 M PL 023",1,9,0.111111111111111,-0.561587398891344
"M_023","Hemiptera sp28 M PL 023",1,9,0.111111111111111,-0.561587398891344
"M_023","Hypodinerus sp1 M PL 023",1,9,0.111111111111111,-0.561587398891344
"M_023","Megachile sp1 M PL 023",3,9,0.333333333333333,0.964234967907779
"M_023","Megachile sp2 M PL 023",4,9,0.444444444444444,1.72714615130734
"M_023","Microcerella sp1 M PL 023",1,9,0.111111111111111,-0.561587398891344
"M_023","Notiphila sp1 M PL 023",1,9,0.111111111111111,-0.561587398891344
"M_023","Ocyptamus meridionalis",1,9,0.111111111111111,-0.561587398891344
"M_023","Oxybelus sp1 M PL 023",1,9,0.111111111111111,-0.561587398891344
"M_023","Prionyx sp1 M PL 023",1,9,0.111111111111111,-0.561587398891344
"M_023","Psaenythia rufipes",4,9,0.444444444444444,1.72714615130734
"M_023","Sappho sp1 M PL 023",2,9,0.222222222222222,0.201323784508218
"M_023","Scaeva occidentalis",6,9,0.666666666666667,3.25296851810646
"M_023","Svastrides zebra",2,9,0.222222222222222,0.201323784508218
"M_023","Tatochila sp1 M PL 023",2,9,0.222222222222222,0.201323784508218
"M_023","Thyridanthrax sp1 M PL 023",1,9,0.111111111111111,-0.561587398891344
"M_023","Thysanoptera sp29 M PL 023",1,9,0.111111111111111,-0.561587398891344
"M_023","Toxomerus sp1 M PL 023",1,9,0.111111111111111,-0.561587398891344
"M_023","Unidentified sp1 M PL 023",2,9,0.222222222222222,0.201323784508218
"M_023","Unidentified sp10 M PL 023",1,9,0.111111111111111,-0.561587398891344
"M_023","Unidentified sp11 M PL 023",1,9,0.111111111111111,-0.561587398891344
"M_023","Unidentified sp12 M PL 023",1,9,0.111111111111111,-0.561587398891344
"M_023","Unidentified sp13 M PL 023",2,9,0.222222222222222,0.201323784508218
"M_023","Unidentified sp14 M PL 023",2,9,0.222222222222222,0.201323784508218
"M_023","Unidentified sp15 M PL 023",1,9,0.111111111111111,-0.561587398891344
"M_023","Unidentified sp16 M PL 023",3,9,0.333333333333333,0.964234967907779
"M_023","Unidentified sp17 M PL 023",1,9,0.111111111111111,-0.561587398891344
"M_023","Unidentified sp18 M PL 023",2,9,0.222222222222222,0.201323784508218
"M_023","Unidentified sp19 M PL 023",1,9,0.111111111111111,-0.561587398891344
"M_023","Unidentified sp2 M PL 023",1,9,0.111111111111111,-0.561587398891344
"M_023","Unidentified sp20 M PL 023",1,9,0.111111111111111,-0.561587398891344
"M_023","Unidentified sp21 M PL 023",1,9,0.111111111111111,-0.561587398891344
"M_023","Unidentified sp22 M PL 023",1,9,0.111111111111111,-0.561587398891344
"M_023","Unidentified sp23 M PL 023",1,9,0.111111111111111,-0.561587398891344
"M_023","Unidentified sp24 M PL 023",1,9,0.111111111111111,-0.561587398891344
"M_023","Unidentified sp25 M PL 023",2,9,0.222222222222222,0.201323784508218
"M_023","Unidentified sp26 M PL 023",4,9,0.444444444444444,1.72714615130734
"M_023","Unidentified sp3 M PL 023",2,9,0.222222222222222,0.201323784508218
"M_023","Unidentified sp4 M PL 023",1,9,0.111111111111111,-0.561587398891344
"M_023","Unidentified sp5 M PL 023",1,9,0.111111111111111,-0.561587398891344
"M_023","Unidentified sp6 M PL 023",2,9,0.222222222222222,0.201323784508218
"M_023","Unidentified sp7 M PL 023",1,9,0.111111111111111,-0.561587398891344
"M_023","Unidentified sp8 M PL 023",1,9,0.111111111111111,-0.561587398891344
"M_023","Unidentified sp9 M PL 023",2,9,0.222222222222222,0.201323784508218
"M_023","Vanessa cardui",3,9,0.333333333333333,0.964234967907779
"M_024","Anarta richardsoni",1,7,0.142857142857143,-0.636663932762708
"M_024","Boloria improba",1,7,0.142857142857143,-0.636663932762708
"M_024","Bombus polaris",2,7,0.285714285714286,-0.0636663932762708
"M_024","Boreellus atriceps",2,7,0.285714285714286,-0.0636663932762708
"M_024","Colias hecla",1,7,0.142857142857143,-0.636663932762708
"M_024","Colias nastes",1,7,0.142857142857143,-0.636663932762708
"M_024","Eupogonomyia probilofensis",3,7,0.428571428571429,0.509331146210166
"M_024","Pogonomyiodes segnis",3,7,0.428571428571429,0.509331146210166
"M_024","Protocalliphora sp1 M PL 024",1,7,0.142857142857143,-0.636663932762708
"M_024","Rhamphomyia sp1 M PL 024",1,7,0.142857142857143,-0.636663932762708
"M_024","Spilogona aesturium",1,7,0.142857142857143,-0.636663932762708
"M_024","Spilogona almquistii",7,7,1,2.80132130415591
"M_024","Spilogona dorsata",2,7,0.285714285714286,-0.0636663932762708
"M_024","Spilogona hurdiana",1,7,0.142857142857143,-0.636663932762708
"M_024","Spilogona latilamina",1,7,0.142857142857143,-0.636663932762708
"M_024","Spilogona melanosoma",2,7,0.285714285714286,-0.0636663932762708
"M_024","Spilogona projecta",2,7,0.285714285714286,-0.0636663932762708
"M_024","Spilogona sanctipauli",6,7,0.857142857142857,2.22832376466948
"M_025","Andrena arabis",1,9,0.111111111111111,-1.04787661355034
"M_025","Andrena carlini",7,9,0.777777777777778,1.7464610225839
"M_025","Andrena ceanothi",1,9,0.111111111111111,-1.04787661355034
"M_025","Andrena dunningi",1,9,0.111111111111111,-1.04787661355034
"M_025","Andrena erigeniae",4,9,0.444444444444444,0.349292204516779
"M_025","Andrena imatrix",1,9,0.111111111111111,-1.04787661355034
"M_025","Andrena nasonii",3,9,0.333333333333333,-0.116430734838926
"M_025","Andrena nigrihirta",6,9,0.666666666666667,1.28073808322819
"M_025","Andrena personata",1,9,0.111111111111111,-1.04787661355034
"M_025","Andrena tridens",5,9,0.555555555555556,0.815015143872485
"M_025","Andrena violae",1,9,0.111111111111111,-1.04787661355034
"M_025","Andrena ziziaeformis",2,9,0.222222222222222,-0.582153674194632
"M_025","Apis mellifera",6,9,0.666666666666667,1.28073808322819
"M_025","Augochlora pura",4,9,0.444444444444444,0.349292204516779
"M_025","Augochorella striata",2,9,0.222222222222222,-0.582153674194632
"M_025","Bombus bimaculatus",7,9,0.777777777777778,1.7464610225839
"M_025","Bombus pennsylvanicus",2,9,0.222222222222222,-0.582153674194632
"M_025","Bombylius major",9,9,1,2.67790690129531
"M_025","Ceratina calcarata",3,9,0.333333333333333,-0.116430734838926
"M_025","Dialictus abanci",6,9,0.666666666666667,1.28073808322819
"M_025","Dialictus cressonii",3,9,0.333333333333333,-0.116430734838926
"M_025","Ephemoropsis laboriosa",2,9,0.222222222222222,-0.582153674194632
"M_025","Euchlo creusa lotta",2,9,0.222222222222222,-0.582153674194632
"M_025","Evylaeus macoupinensis",5,9,0.555555555555556,0.815015143872485
"M_025","Gonia sp1 M PL 025",5,9,0.555555555555556,0.815015143872485
"M_025","Halictid sp1 M PL 025",3,9,0.333333333333333,-0.116430734838926
"M_025","Hylema platura",2,9,0.222222222222222,-0.582153674194632
"M_025","Lassioglossum fuscipenne",1,9,0.111111111111111,-1.04787661355034
"M_025","Lycaenopsis argiolus",1,9,0.111111111111111,-1.04787661355034
"M_025","Nomada bishopii",1,9,0.111111111111111,-1.04787661355034
"M_025","Nomada luteola",1,9,0.111111111111111,-1.04787661355034
"M_025","Nomada perplexa",4,9,0.444444444444444,0.349292204516779
"M_025","Nomada pygmaea",3,9,0.333333333333333,-0.116430734838926
"M_025","Nomada sayi",1,9,0.111111111111111,-1.04787661355034
"M_025","Nomada sp1 M PL 025",6,9,0.666666666666667,1.28073808322819
"M_025","Osmia atriventris",2,9,0.222222222222222,-0.582153674194632
"M_025","Osmia conjucta",6,9,0.666666666666667,1.28073808322819
"M_025","Osmia lignaria",3,9,0.333333333333333,-0.116430734838926
"M_025","Osmia simillima",1,9,0.111111111111111,-1.04787661355034
"M_025","Osmia sp1 M PL 025",5,9,0.555555555555556,0.815015143872485
"M_025","Platycheirus obscurus",4,9,0.444444444444444,0.349292204516779
"M_025","Toxomerous geminatus",3,9,0.333333333333333,-0.116430734838926
"M_025","Unidentified sp1 M PL 025",1,9,0.111111111111111,-1.04787661355034
"M_025","Xylocopa virginica virginica",6,9,0.666666666666667,1.28073808322819
"M_026","Agrius cingulatus",4,80,0.05,0.0204452303793497
"M_026","Amblycerus piurae",1,80,0.0125,-0.255565379741872
"M_026","Ammophorus sp1 M PL 026",1,80,0.0125,-0.255565379741872
"M_026","Atteva hysginiella",8,80,0.1,0.388459377207645
"M_026","Camponotus planus",2,80,0.025,-0.163561843034798
"M_026","Cardiocondyla nuda",1,80,0.0125,-0.255565379741872
"M_026","Chrysopa sp1 M PL 026",1,80,0.0125,-0.255565379741872
"M_026","Coleoptera sp1 M PL 026",1,80,0.0125,-0.255565379741872
"M_026","Cricket sp1 M PL 026",1,80,0.0125,-0.255565379741872
"M_026","Darwinysius marginalis",1,80,0.0125,-0.255565379741872
"M_026","Disclisioprocta stellata",2,80,0.025,-0.163561843034798
"M_026","Enyo lugubris delanoi",1,80,0.0125,-0.255565379741872
"M_026","Euchrombius ocellus",3,80,0.0375,-0.0715583063277241
"M_026","Frankliniella sp1 M PL 026",1,80,0.0125,-0.255565379741872
"M_026","Goniozus sp1 M PL 026",1,80,0.0125,-0.255565379741872
"M_026","Heliothis cystiphora",1,80,0.0125,-0.255565379741872
"M_026","Hemiptera sp3 M PL 026",1,80,0.0125,-0.255565379741872
"M_026","Hypasclera collenettei",1,80,0.0125,-0.255565379741872
"M_026","Hypasclera sp1 M PL 026",1,80,0.0125,-0.255565379741872
"M_026","Lepidanthrax tinctus",3,80,0.0375,-0.0715583063277241
"M_026","Lepidoptera sp2 M PL 026",2,80,0.025,-0.163561843034798
"M_026","Leptotes parrhasioides",9,80,0.1125,0.480462913914719
"M_026","Manduca rustica",3,80,0.0375,-0.0715583063277241
"M_026","Melipotis indomita",1,80,0.0125,-0.255565379741872
"M_026","Metacanthus galapagensis",1,80,0.0125,-0.255565379741872
"M_026","Monomorium floricola",2,80,0.025,-0.163561843034798
"M_026","Mordellistena galapagensis",1,80,0.0125,-0.255565379741872
"M_026","Mythenteles sp1 M PL 026",1,80,0.0125,-0.255565379741872
"M_026","Naucles sp1 M PL 026",1,80,0.0125,-0.255565379741872
"M_026","Olcella sp1 M PL 026",1,80,0.0125,-0.255565379741872
"M_026","Ornebius erraticus",1,80,0.0125,-0.255565379741872
"M_026","Orthoperus sp1 M PL 026",1,80,0.0125,-0.255565379741872
"M_026","Orthoptera sp11 M PL 026",1,80,0.0125,-0.255565379741872
"M_026","Oxacis sp1 M PL 026",3,80,0.0375,-0.0715583063277241
"M_026","Paratrechina longicornis",2,80,0.025,-0.163561843034798
"M_026","Paratrechina vaga",2,80,0.025,-0.163561843034798
"M_026","Perepitragus fascipes",1,80,0.0125,-0.255565379741872
"M_026","Phoebis sennae",14,80,0.175,0.940480597450088
"M_026","Psedoplusia includens",2,80,0.025,-0.163561843034798
"M_026","Rhinacloa sp1 M PL 026",1,80,0.0125,-0.255565379741872
"M_026","Tapinoma melanocephalum",2,80,0.025,-0.163561843034798
"M_026","Tetramorium guineense",1,80,0.0125,-0.255565379741872
"M_026","Toxomerus crockeri",7,80,0.0875,0.296455840500571
"M_026","Unidentified sp10 M PL 026",1,80,0.0125,-0.255565379741872
"M_026","Unidentified sp4 M PL 026",3,80,0.0375,-0.0715583063277241
"M_026","Unidentified sp5 M PL 026",1,80,0.0125,-0.255565379741872
"M_026","Unidentified sp6 M PL 026",1,80,0.0125,-0.255565379741872
"M_026","Unidentified sp7 M PL 026",1,80,0.0125,-0.255565379741872
"M_026","Unidentified sp8 M PL 026",1,80,0.0125,-0.255565379741872
"M_026","Unidentified sp9 M PL 026",2,80,0.025,-0.163561843034798
"M_026","Urbanus dorantes",7,80,0.0875,0.296455840500571
"M_026","Utetheisa galapagensis",4,80,0.05,0.0204452303793497
"M_026","Wasmannia auropunctata",7,80,0.0875,0.296455840500571
"M_026","Xylocopa darwini",80,80,1,7.01271402011696
"M_027","Adoxia cheesemani",2,9,0.222222222222222,0
"M_027","Adoxia obscura",1,9,0.111111111111111,-0.631386291147225
"M_027","Apsonia muscaria",2,9,0.222222222222222,0
"M_027","Argirophenga sp1 M PL 027",3,9,0.333333333333333,0.631386291147225
"M_027","Argyrophenga janitae",1,9,0.111111111111111,-0.631386291147225
"M_027","Asilis pilicomis",1,9,0.111111111111111,-0.631386291147225
"M_027","Avibrissina isolata",4,9,0.444444444444444,1.26277258229445
"M_027","Avibrissina sp1 M PL 027",1,9,0.111111111111111,-0.631386291147225
"M_027","Calliphora quadrimaculata",1,9,0.111111111111111,-0.631386291147225
"M_027","Cheilosia fulvipes",4,9,0.444444444444444,1.26277258229445
"M_027","Cheilosia sp1 M PL 027",4,9,0.444444444444444,1.26277258229445
"M_027","Coleoptera sp6 M PL 027",1,9,0.111111111111111,-0.631386291147225
"M_027","Coleoptera sp7 M PL 027",1,9,0.111111111111111,-0.631386291147225
"M_027","Coleoptera sp8 M PL 027",1,9,0.111111111111111,-0.631386291147225
"M_027","Coleoptera sp9 M PL 027",1,9,0.111111111111111,-0.631386291147225
"M_027","Cyphon sp1 M PL 027",1,9,0.111111111111111,-0.631386291147225
"M_027","Erythronychia aliena",2,9,0.222222222222222,0
"M_027","Eudonia sabulosella",1,9,0.111111111111111,-0.631386291147225
"M_027","Eulalia sp1 M PL 027",1,9,0.111111111111111,-0.631386291147225
"M_027","Gracilicera setosa",1,9,0.111111111111111,-0.631386291147225
"M_027","Helophilus hochstetteri",1,9,0.111111111111111,-0.631386291147225
"M_027","Heteria appendiculata",1,9,0.111111111111111,-0.631386291147225
"M_027","Heteria plebeia",2,9,0.222222222222222,0
"M_027","Hoplocneme sp1 M PL 027",1,9,0.111111111111111,-0.631386291147225
"M_027","Lasioglossum sp1 M PL 027",4,9,0.444444444444444,1.26277258229445
"M_027","Leioproctus fulvescens",6,9,0.666666666666667,2.5255451645889
"M_027","Leioproctus maritimus",1,9,0.111111111111111,-0.631386291147225
"M_027","Leioproctus sp1 M PL 027",4,9,0.444444444444444,1.26277258229445
"M_027","Leioproctus sp2 M PL 027",2,9,0.222222222222222,0
"M_027","Lepidomyia decessum",1,9,0.111111111111111,-0.631386291147225
"M_027","Lepidoptera sp2 M PL 027",3,9,0.333333333333333,0.631386291147225
"M_027","Mallochomacquartia setiventris",1,9,0.111111111111111,-0.631386291147225
"M_027","Medinella flavotemorata",1,9,0.111111111111111,-0.631386291147225
"M_027","Melangyna novaezelandiae",3,9,0.333333333333333,0.631386291147225
"M_027","Melangyna ortas",1,9,0.111111111111111,-0.631386291147225
"M_027","Melangyna sp1 M PL 027",9,9,1,4.41970403803058
"M_027","Mordella detracta",2,9,0.222222222222222,0
"M_027","Neotachina obtusa",1,9,0.111111111111111,-0.631386291147225
"M_027","Neotachina sp1 M PL 027",1,9,0.111111111111111,-0.631386291147225
"M_027","Occisor sp1 M PL 027",2,9,0.222222222222222,0
"M_027","Occisor versutus",1,9,0.111111111111111,-0.631386291147225
"M_027","Pasiphila inductata",1,9,0.111111111111111,-0.631386291147225
"M_027","Peremptor modica",3,9,0.333333333333333,0.631386291147225
"M_027","Pilinasica cingulata",2,9,0.222222222222222,0
"M_027","Procissio sp1 M PL 027",2,9,0.222222222222222,0
"M_027","Proscissio cana",2,9,0.222222222222222,0
"M_027","Proscissio kumarensis",1,9,0.111111111111111,-0.631386291147225
"M_027","Proscissio lateralis",2,9,0.222222222222222,0
"M_027","Protohystricia huttoni",1,9,0.111111111111111,-0.631386291147225
"M_027","Protohystricia orientalis",1,9,0.111111111111111,-0.631386291147225
"M_027","Rhopalomerus sp1 M PL 027",1,9,0.111111111111111,-0.631386291147225
"M_027","Unidentified sp1 M PL 027",7,9,0.777777777777778,3.15693145573613
"M_027","Unidentified sp3 M PL 027",3,9,0.333333333333333,0.631386291147225
"M_027","Unidentified sp4 M PL 027",2,9,0.222222222222222,0
"M_027","Unidentified sp5 M PL 027",1,9,0.111111111111111,-0.631386291147225
"M_027","Veluta albicincta",3,9,0.333333333333333,0.631386291147225
"M_027","Xylota montana",2,9,0.222222222222222,0
"M_027","Zealandotachina nigrifemorata",2,9,0.222222222222222,0
"M_027","Zealandotachina varipes",1,9,0.111111111111111,-0.631386291147225
"M_027","Zorion minutum",1,9,0.111111111111111,-0.631386291147225
"M_028","Adoxia obscura",1,16,0.0625,-0.623789908095388
"M_028","Agrotis ipsilon anieturma",1,16,0.0625,-0.623789908095388
"M_028","Apis mellifera",4,16,0.25,0.483105375631322
"M_028","Argirophenga sp1 M PL 028",2,16,0.125,-0.254824813519818
"M_028","Argyrophenga antipodium",1,16,0.0625,-0.623789908095388
"M_028","Arthracanthus obscuricollis",2,16,0.125,-0.254824813519818
"M_028","Austrocidaria similata",1,16,0.0625,-0.623789908095388
"M_028","Avibrissina brevivalpis",3,16,0.1875,0.114140281055752
"M_028","Avibrissina isolata",3,16,0.1875,0.114140281055752
"M_028","Bombus hortotum",3,16,0.1875,0.114140281055752
"M_028","Bombus ruderatus",1,16,0.0625,-0.623789908095388
"M_028","Bombus terrestris",4,16,0.25,0.483105375631322
"M_028","Bothrophora lupina",1,16,0.0625,-0.623789908095388
"M_028","Calcager apertum",1,16,0.0625,-0.623789908095388
"M_028","Calliphora icela",2,16,0.125,-0.254824813519818
"M_028","Calliphora quadrimaculata",6,16,0.375,1.22103556478246
"M_028","Calliphora quadrimaculata 1",1,16,0.0625,-0.623789908095388
"M_028","Calliphora stygia",1,16,0.0625,-0.623789908095388
"M_028","Calliphora vicina",3,16,0.1875,0.114140281055752
"M_028","Campylia nudarum",1,16,0.0625,-0.623789908095388
"M_028","Chelaner antarcticus",2,16,0.125,-0.254824813519818
"M_028","Cyphon sp1 M PL 028",2,16,0.125,-0.254824813519818
"M_028","Cyphon sp2 M PL 028",1,16,0.0625,-0.623789908095388
"M_028","Dasytes subcyaneus",2,16,0.125,-0.254824813519818
"M_028","Declana junctilinea",2,16,0.125,-0.254824813519818
"M_028","Declana niveata",1,16,0.0625,-0.623789908095388
"M_028","Ephiphyrne undosata",1,16,0.0625,-0.623789908095388
"M_028","Epiphryne xanthaspis",1,16,0.0625,-0.623789908095388
"M_028","Eristalis tenax",3,16,0.1875,0.114140281055752
"M_028","Eucymatoge gobiata",2,16,0.125,-0.254824813519818
"M_028","Eudonia sabulosella",6,16,0.375,1.22103556478246
"M_028","Eulalia sp1 M PL 028",4,16,0.25,0.483105375631322
"M_028","Evibrissa huttoni",1,16,0.0625,-0.623789908095388
"M_028","Gelechia lithodes",1,16,0.0625,-0.623789908095388
"M_028","Gracilicera setosa",3,16,0.1875,0.114140281055752
"M_028","Graphania disjungens",1,16,0.0625,-0.623789908095388
"M_028","Graphania omoplaca",1,16,0.0625,-0.623789908095388
"M_028","Graphania sequens",1,16,0.0625,-0.623789908095388
"M_028","Helastia cineraria",2,16,0.125,-0.254824813519818
"M_028","Helastia semisignata",2,16,0.125,-0.254824813519818
"M_028","Helophilus antipodus",1,16,0.0625,-0.623789908095388
"M_028","Helophilus hochstetteri",4,16,0.25,0.483105375631322
"M_028","Heteria appendiculata",6,16,0.375,1.22103556478246
"M_028","Heteria plebeia",4,16,0.25,0.483105375631322
"M_028","Homodotis megaspilata",2,16,0.125,-0.254824813519818
"M_028","Hoplocneme sp1 M PL 028",1,16,0.0625,-0.623789908095388
"M_028","Hybopygia varia",4,16,0.25,0.483105375631322
"M_028","Hydriomena deltoidata",2,16,0.125,-0.254824813519818
"M_028","Hydriomena rixata",1,16,0.0625,-0.623789908095388
"M_028","Hylaeus agilis",2,16,0.125,-0.254824813519818
"M_028","Hylaeus relegatus",1,16,0.0625,-0.623789908095388
"M_028","Hylaeus sp1 M PL 028",2,16,0.125,-0.254824813519818
"M_028","Hymenoptera sp4 M PL 028",3,16,0.1875,0.114140281055752
"M_028","Ischalis fortinata",1,16,0.0625,-0.623789908095388
"M_028","Lasioglossum sordidum",10,16,0.625,2.69689594308474
"M_028","Lasioglossum sp1 M PL 028",8,16,0.5,1.9589657539336
"M_028","Leioproctus boltonii",1,16,0.0625,-0.623789908095388
"M_028","Leioproctus fulvescens",4,16,0.25,0.483105375631322
"M_028","Leioproctus imitatus",1,16,0.0625,-0.623789908095388
"M_028","Leioproctus maritimus",1,16,0.0625,-0.623789908095388
"M_028","Leioproctus monticola",4,16,0.25,0.483105375631322
"M_028","Leioproctus sp1 M PL 028",6,16,0.375,1.22103556478246
"M_028","Leioproctus sp2 M PL 028",5,16,0.3125,0.852070470206892
"M_028","Leioproctus sp3 M PL 028",4,16,0.25,0.483105375631322
"M_028","Leioproctus sp4 M PL 028",1,16,0.0625,-0.623789908095388
"M_028","Leioproctus sp5 M PL 028",1,16,0.0625,-0.623789908095388
"M_028","Lepidomyia decessum",2,16,0.125,-0.254824813519818
"M_028","Lepidoptera sp3 M PL 028",3,16,0.1875,0.114140281055752
"M_028","Lepidoptera sp8 M PL 028",1,16,0.0625,-0.623789908095388
"M_028","Leucania toroneura",1,16,0.0625,-0.623789908095388
"M_028","Lucilia sericata",1,16,0.0625,-0.623789908095388
"M_028","Lycaena boldenarium",8,16,0.5,1.9589657539336
"M_028","Lycaena salustius",9,16,0.5625,2.32793084850917
"M_028","Mecyna flavidalis",1,16,0.0625,-0.623789908095388
"M_028","Melangyna novaezelandiae",14,16,0.875,4.17275632138702
"M_028","Melangyna ortas",6,16,0.375,1.22103556478246
"M_028","Melangyna ortas 1",2,16,0.125,-0.254824813519818
"M_028","Melangyna sp1 M PL 028",14,16,0.875,4.17275632138702
"M_028","Mordella detracta",2,16,0.125,-0.254824813519818
"M_028","Musc  sp1 M PL 028",1,16,0.0625,-0.623789908095388
"M_028","Neotachina sp1 M PL 028",1,16,0.0625,-0.623789908095388
"M_028","Notoreas cataphyrrha",1,16,0.0625,-0.623789908095388
"M_028","Occisor sp1 M PL 028",7,16,0.4375,1.59000065935803
"M_028","Occisor versutus",3,16,0.1875,0.114140281055752
"M_028","Oreocalus hebe",1,16,0.0625,-0.623789908095388
"M_028","Orocrambus crenaeus",1,16,0.0625,-0.623789908095388
"M_028","Orocrambus flexuosellus",3,16,0.1875,0.114140281055752
"M_028","Orocrambus lectus",1,16,0.0625,-0.623789908095388
"M_028","Pales aurea",1,16,0.0625,-0.623789908095388
"M_028","Pales efferata",3,16,0.1875,0.114140281055752
"M_028","Pales nyctemeriana",3,16,0.1875,0.114140281055752
"M_028","Pales tecta",3,16,0.1875,0.114140281055752
"M_028","Pales usitata",1,16,0.0625,-0.623789908095388
"M_028","Pareromene pyrsophanes",2,16,0.125,-0.254824813519818
"M_028","Pasiphila bilineolata",3,16,0.1875,0.114140281055752
"M_028","Pasiphila inductata",1,16,0.0625,-0.623789908095388
"M_028","Pasiphila nereis",2,16,0.125,-0.254824813519818
"M_028","Pasiphila sandycias",2,16,0.125,-0.254824813519818
"M_028","Pasiphila sp1 M PL 028",1,16,0.0625,-0.623789908095388
"M_028","Pasiphila sp2 M PL 028",1,16,0.0625,-0.623789908095388
"M_028","Peremptor modica",8,16,0.5,1.9589657539336
"M_028","Perrissina brunniceps",1,16,0.0625,-0.623789908095388
"M_028","Philia nigrostigma",2,16,0.125,-0.254824813519818
"M_028","Plagiomyia turbidum",1,16,0.0625,-0.623789908095388
"M_028","Procissio valida",2,16,0.125,-0.254824813519818
"M_028","Proscissio albiceps",2,16,0.125,-0.254824813519818
"M_028","Proscissio cana",11,16,0.6875,3.06586103766031
"M_028","Proscissio lateralis",1,16,0.0625,-0.623789908095388
"M_028","Proscission sp1 M PL 028",1,16,0.0625,-0.623789908095388
"M_028","Protohystirica huttoni",4,16,0.25,0.483105375631322
"M_028","Protohystricia alcis",4,16,0.25,0.483105375631322
"M_028","Protohystricia huttoni",8,16,0.5,1.9589657539336
"M_028","Pseudocoremia monacha",1,16,0.0625,-0.623789908095388
"M_028","Pseudocoremia scariphota",1,16,0.0625,-0.623789908095388
"M_028","Pseudofoenus pedunculatus",1,16,0.0625,-0.623789908095388
"M_028","Pyronola laeta",1,16,0.0625,-0.623789908095388
"M_028","Rictonis comma",3,16,0.1875,0.114140281055752
"M_028","Sawpogon proximus",1,16,0.0625,-0.623789908095388
"M_028","Scaptia adrel",5,16,0.3125,0.852070470206892
"M_028","Scaptia brevipalpis",1,16,0.0625,-0.623789908095388
"M_028","Scoparia minisculalis",1,16,0.0625,-0.623789908095388
"M_028","Scoparia philerga",2,16,0.125,-0.254824813519818
"M_028","Scoparia rotuella",2,16,0.125,-0.254824813519818
"M_028","Scoparia submarginalis",4,16,0.25,0.483105375631322
"M_028","Selenopalpus aciphyllae",1,16,0.0625,-0.623789908095388
"M_028","Sestra flexata",1,16,0.0625,-0.623789908095388
"M_028","Unidentified sp1 M PL 028",16,16,1,4.91068651053816
"M_028","Unidentified sp10 M PL 028",1,16,0.0625,-0.623789908095388
"M_028","Unidentified sp2 M PL 028",4,16,0.25,0.483105375631322
"M_028","Unidentified sp5 M PL 028",2,16,0.125,-0.254824813519818
"M_028","Unidentified sp6 M PL 028",2,16,0.125,-0.254824813519818
"M_028","Unidentified sp7 M PL 028",1,16,0.0625,-0.623789908095388
"M_028","Unidentified sp9 M PL 028",1,16,0.0625,-0.623789908095388
"M_028","Xylota montana",1,16,0.0625,-0.623789908095388
"M_028","Zealandotachina nigrifemorata",4,16,0.25,0.483105375631322
"M_028","Zealandotachina quadrivittata",1,16,0.0625,-0.623789908095388
"M_028","Zealandotachina subtilis",1,16,0.0625,-0.623789908095388
"M_028","Zealandotachina varipes",1,16,0.0625,-0.623789908095388
"M_028","Zorion minutum",2,16,0.125,-0.254824813519818
"M_029","Adoxia cheesemani",2,26,0.0769230769230769,-0.229435711409322
"M_029","Adoxia obscura",6,26,0.230769230769231,0.755052068456133
"M_029","Apis mellifera",1,26,0.0384615384615385,-0.475557656375686
"M_029","Argirophenga sp1 M PL 029",4,26,0.153846153846154,0.262808178523405
"M_029","Asaphodes clarata",2,26,0.0769230769230769,-0.229435711409322
"M_029","Asilis pilicomis",1,26,0.0384615384615385,-0.475557656375686
"M_029","Austrocidaria similata",1,26,0.0384615384615385,-0.475557656375686
"M_029","Avibrissina brevivalpis",6,26,0.230769230769231,0.755052068456133
"M_029","Avibrissina isolata",11,26,0.423076923076923,1.98566179328795
"M_029","Bombus terrestris",1,26,0.0384615384615385,-0.475557656375686
"M_029","Calcager nudum",1,26,0.0384615384615385,-0.475557656375686
"M_029","Calliphora icela",1,26,0.0384615384615385,-0.475557656375686
"M_029","Calliphora quadrimaculata",2,26,0.0769230769230769,-0.229435711409322
"M_029","Calliphora quadrimaculata 1",1,26,0.0384615384615385,-0.475557656375686
"M_029","Calliphora stygia",2,26,0.0769230769230769,-0.229435711409322
"M_029","Cheilosia captalis",1,26,0.0384615384615385,-0.475557656375686
"M_029","Cheilosia fulvipes",1,26,0.0384615384615385,-0.475557656375686
"M_029","Cheilosia sp1 M PL 029",3,26,0.115384615384615,0.0166862335570416
"M_029","Chelaner antarcticus",1,26,0.0384615384615385,-0.475557656375686
"M_029","Cyphon sp1 M PL 029",2,26,0.0769230769230769,-0.229435711409322
"M_029","Cyphon sp2 M PL 029",1,26,0.0384615384615385,-0.475557656375686
"M_029","Dasytes subcyaneus",1,26,0.0384615384615385,-0.475557656375686
"M_029","Dasyuris anceps",3,26,0.115384615384615,0.0166862335570416
"M_029","Declana junctilinea",1,26,0.0384615384615385,-0.475557656375686
"M_029","Eristalis tenax",2,26,0.0769230769230769,-0.229435711409322
"M_029","Erythronychia aliena",5,26,0.192307692307692,0.508930123489769
"M_029","Eudonia sabulosella",2,26,0.0769230769230769,-0.229435711409322
"M_029","Eulalia sp1 M PL 029",5,26,0.192307692307692,0.508930123489769
"M_029","Gelechia lithodes",1,26,0.0384615384615385,-0.475557656375686
"M_029","Gelophaula aenea",1,26,0.0384615384615385,-0.475557656375686
"M_029","Gracilicera setosa",1,26,0.0384615384615385,-0.475557656375686
"M_029","Graphania omoplaca",1,26,0.0384615384615385,-0.475557656375686
"M_029","Helastia cineraria",1,26,0.0384615384615385,-0.475557656375686
"M_029","Helophilus hochstetteri",1,26,0.0384615384615385,-0.475557656375686
"M_029","Heteria appendiculata",3,26,0.115384615384615,0.0166862335570416
"M_029","Heteria atripes",1,26,0.0384615384615385,-0.475557656375686
"M_029","Heteria plebeia",3,26,0.115384615384615,0.0166862335570416
"M_029","Homodotis megaspilata",1,26,0.0384615384615385,-0.475557656375686
"M_029","Hoplocneme sp1 M PL 029",1,26,0.0384615384615385,-0.475557656375686
"M_029","Hydriomena deltoidata",1,26,0.0384615384615385,-0.475557656375686
"M_029","Hylaeus relegatus",1,26,0.0384615384615385,-0.475557656375686
"M_029","Hylaeus sp1 M PL 029",3,26,0.115384615384615,0.0166862335570416
"M_029","Hymenoptera sp4 M PL 029",4,26,0.153846153846154,0.262808178523405
"M_029","Lasioglossum sordidum",3,26,0.115384615384615,0.0166862335570416
"M_029","Lasioglossum sp1 M PL 029",9,26,0.346153846153846,1.49341790335522
"M_029","Leioproctus boltonii",1,26,0.0384615384615385,-0.475557656375686
"M_029","Leioproctus fulvescens",9,26,0.346153846153846,1.49341790335522
"M_029","Leioproctus imitatus",1,26,0.0384615384615385,-0.475557656375686
"M_029","Leioproctus maritimus",1,26,0.0384615384615385,-0.475557656375686
"M_029","Leioproctus sp1 M PL 029",11,26,0.423076923076923,1.98566179328795
"M_029","Leioproctus sp2 M PL 029",5,26,0.192307692307692,0.508930123489769
"M_029","Leioproctus sp3 M PL 029",2,26,0.0769230769230769,-0.229435711409322
"M_029","Leioproctus sp4 M PL 029",1,26,0.0384615384615385,-0.475557656375686
"M_029","Leioproctus sp5 M PL 029",1,26,0.0384615384615385,-0.475557656375686
"M_029","Lepidomyia decessum",3,26,0.115384615384615,0.0166862335570416
"M_029","Lepidoptera sp6 M PL 029",3,26,0.115384615384615,0.0166862335570416
"M_029","Lepidoptera sp9 M PL 029",1,26,0.0384615384615385,-0.475557656375686
"M_029","Lycaena boldenarium",5,26,0.192307692307692,0.508930123489769
"M_029","Lycaena salustius",8,26,0.307692307692308,1.24729595838886
"M_029","Mallochomacquartia setiventris",4,26,0.153846153846154,0.262808178523405
"M_029","Medinella flavotemorata",1,26,0.0384615384615385,-0.475557656375686
"M_029","Melangyna novaezelandiae",17,26,0.653846153846154,3.46239346308613
"M_029","Melangyna ortas",1,26,0.0384615384615385,-0.475557656375686
"M_029","Melangyna sp1 M PL 029",26,26,1,5.67749096778341
"M_029","Mordella detracta",2,26,0.0769230769230769,-0.229435711409322
"M_029","Musc  sp1 M PL 029",2,26,0.0769230769230769,-0.229435711409322
"M_029","Neotachina obtusa",2,26,0.0769230769230769,-0.229435711409322
"M_029","Neotachina sp1 M PL 029",7,26,0.269230769230769,1.0011740134225
"M_029","Notoreas anthracias",1,26,0.0384615384615385,-0.475557656375686
"M_029","Notoreas cataphyrrha",1,26,0.0384615384615385,-0.475557656375686
"M_029","Notoreas mechanitis",1,26,0.0384615384615385,-0.475557656375686
"M_029","Occisor sp1 M PL 029",3,26,0.115384615384615,0.0166862335570416
"M_029","Occisor versutus",1,26,0.0384615384615385,-0.475557656375686
"M_029","Orocrambus crenaeus",1,26,0.0384615384615385,-0.475557656375686
"M_029","Pales tecta",1,26,0.0384615384615385,-0.475557656375686
"M_029","Pareromene pyrsophanes",2,26,0.0769230769230769,-0.229435711409322
"M_029","Pasiphila inductata",1,26,0.0384615384615385,-0.475557656375686
"M_029","Pasiphila nereis",3,26,0.115384615384615,0.0166862335570416
"M_029","Pasiphila sandycias",1,26,0.0384615384615385,-0.475557656375686
"M_029","Pasiphila sp1 M PL 029",1,26,0.0384615384615385,-0.475557656375686
"M_029","Peremptor modica",6,26,0.230769230769231,0.755052068456133
"M_029","Peremptor sp1 M PL 029",1,26,0.0384615384615385,-0.475557656375686
"M_029","Peristoreus sp1 M PL 029",1,26,0.0384615384615385,-0.475557656375686
"M_029","Perrissina brunniceps",1,26,0.0384615384615385,-0.475557656375686
"M_029","Plagiomyia turbidum",2,26,0.0769230769230769,-0.229435711409322
"M_029","Proscissio albiceps",1,26,0.0384615384615385,-0.475557656375686
"M_029","Proscissio cana",4,26,0.153846153846154,0.262808178523405
"M_029","Proscissio kumarensis",1,26,0.0384615384615385,-0.475557656375686
"M_029","Proscissio lateralis",3,26,0.115384615384615,0.0166862335570416
"M_029","Proscission sp1 M PL 029",1,26,0.0384615384615385,-0.475557656375686
"M_029","Protohystirica huttoni",2,26,0.0769230769230769,-0.229435711409322
"M_029","Protohystricia huttoni",3,26,0.115384615384615,0.0166862335570416
"M_029","Pseudofoenus pedunculatus",1,26,0.0384615384615385,-0.475557656375686
"M_029","Rhopalomerus sp1 M PL 029",1,26,0.0384615384615385,-0.475557656375686
"M_029","Rictonis comma",1,26,0.0384615384615385,-0.475557656375686
"M_029","Rygmodus cyaneus",2,26,0.0769230769230769,-0.229435711409322
"M_029","Scaptia adrel",1,26,0.0384615384615385,-0.475557656375686
"M_029","Scaptia brevipalpis",1,26,0.0384615384615385,-0.475557656375686
"M_029","Scoparia minisculalis",1,26,0.0384615384615385,-0.475557656375686
"M_029","Scoparia philerga",1,26,0.0384615384615385,-0.475557656375686
"M_029","Scoparia rotuella",1,26,0.0384615384615385,-0.475557656375686
"M_029","Scoparia submarginalis",2,26,0.0769230769230769,-0.229435711409322
"M_029","Sestra flexata",1,26,0.0384615384615385,-0.475557656375686
"M_029","Unidentified sp1 M PL 029",26,26,1,5.67749096778341
"M_029","Unidentified sp10 M PL 029",1,26,0.0384615384615385,-0.475557656375686
"M_029","Unidentified sp2 M PL 029",9,26,0.346153846153846,1.49341790335522
"M_029","Unidentified sp3 M PL 029",7,26,0.269230769230769,1.0011740134225
"M_029","Unidentified sp5 M PL 029",3,26,0.115384615384615,0.0166862335570416
"M_029","Unidentified sp7 M PL 029",2,26,0.0769230769230769,-0.229435711409322
"M_029","Unidentified sp8 M PL 029",1,26,0.0384615384615385,-0.475557656375686
"M_029","Veluta albicincta",11,26,0.423076923076923,1.98566179328795
"M_029","Xenorhynchia peeli",1,26,0.0384615384615385,-0.475557656375686
"M_029","Xylota montana",1,26,0.0384615384615385,-0.475557656375686
"M_029","Zealandotachina nigrifemorata",4,26,0.153846153846154,0.262808178523405
"M_029","Zealandotachina quadrivittata",1,26,0.0384615384615385,-0.475557656375686
"M_029","Zealandotachina subtilis",1,26,0.0384615384615385,-0.475557656375686
"M_029","Zealandotachina varipes",1,26,0.0384615384615385,-0.475557656375686
"M_029","Zorion minutum",1,26,0.0384615384615385,-0.475557656375686
"M_030","Amazilia fibriata",2,8,0.25,-0.0365331603837493
"M_030","Amazilia tovasi",2,8,0.25,-0.0365331603837493
"M_030","Anthidiellum sp1 M PL 030",1,8,0.125,-0.681952327163318
"M_030","Apis mellifera",8,8,1,3.83598184029366
"M_030","Athidium sp1 M PL 030",2,8,0.25,-0.0365331603837493
"M_030","Augochlora sp1 M PL 030",1,8,0.125,-0.681952327163318
"M_030","Augochlora sp2 M PL 030",1,8,0.125,-0.681952327163318
"M_030","Augochlorensis callichroa",7,8,0.875,3.1905626735141
"M_030","Augochloropsis sp1 M PL 030",1,8,0.125,-0.681952327163318
"M_030","Auhochloropsis vesta",4,8,0.5,1.25430517317539
"M_030","Campsomeris dorsata",2,8,0.25,-0.0365331603837493
"M_030","Ceratina sp1 M PL 030",1,8,0.125,-0.681952327163318
"M_030","Cerceris sp1 M PL 030",2,8,0.25,-0.0365331603837493
"M_030","Chrysagria duodecimpuntata",1,8,0.125,-0.681952327163318
"M_030","Cogia calchas",1,8,0.125,-0.681952327163318
"M_030","Cyclocephala gravis",1,8,0.125,-0.681952327163318
"M_030","Dialictus sp1 M PL 030",3,8,0.375,0.608886006395819
"M_030","Dialictus sp2 M PL 030",1,8,0.125,-0.681952327163318
"M_030","Euglossa cordata",2,8,0.25,-0.0365331603837493
"M_030","Euhibus sp1 M PL 030",1,8,0.125,-0.681952327163318
"M_030","Eulaema nigrita",1,8,0.125,-0.681952327163318
"M_030","Eumenes sp1 M PL 030",2,8,0.25,-0.0365331603837493
"M_030","Eurema nise",2,8,0.25,-0.0365331603837493
"M_030","Exomalopsis sp1 M PL 030",1,8,0.125,-0.681952327163318
"M_030","Extemnius sp1 M PL 030",1,8,0.125,-0.681952327163318
"M_030","Helicobia morionella",2,8,0.25,-0.0365331603837493
"M_030","Heliopetes arsalte",2,8,0.25,-0.0365331603837493
"M_030","Junonia evarete",1,8,0.125,-0.681952327163318
"M_030","Megachile sp1 M PL 030",1,8,0.125,-0.681952327163318
"M_030","Melipona favosa",3,8,0.375,0.608886006395819
"M_030","Omicrom ruficolle",1,8,0.125,-0.681952327163318
"M_030","Ornidia obesa",2,8,0.25,-0.0365331603837493
"M_030","Oxyssarcodexia peltata",2,8,0.25,-0.0365331603837493
"M_030","Pachodunerus brevithorax",1,8,0.125,-0.681952327163318
"M_030","Palpada pusio",4,8,0.5,1.25430517317539
"M_030","Parancistrocerus sp1 M PL 030",1,8,0.125,-0.681952327163318
"M_030","Pepsis sp1 M PL 030",1,8,0.125,-0.681952327163318
"M_030","Pereirapis sp1 M PL 030",3,8,0.375,0.608886006395819
"M_030","Phaenica sp1 M PL 030",1,8,0.125,-0.681952327163318
"M_030","Polistes subsericeus",3,8,0.375,0.608886006395819
"M_030","Polybia ignobilis",2,8,0.25,-0.0365331603837493
"M_030","Polybia occidentalis",4,8,0.5,1.25430517317539
"M_030","Pompeius amblyspoila",1,8,0.125,-0.681952327163318
"M_030","Pyrgus oileus orcus",3,8,0.375,0.608886006395819
"M_030","Sarcophagula occidua",1,8,0.125,-0.681952327163318
"M_030","Sphex melanopus",2,8,0.25,-0.0365331603837493
"M_030","Tabanus sp1 M PL 030",1,8,0.125,-0.681952327163318
"M_030","Toxomerus floralis",6,8,0.75,2.54514350673453
"M_030","Toxomerus marginatus",3,8,0.375,0.608886006395819
"M_030","Trigona angustula",1,8,0.125,-0.681952327163318
"M_030","Urbanus dorantes dorantes",4,8,0.5,1.25430517317539
"M_030","Urbanus simplicius",1,8,0.125,-0.681952327163318
"M_030","Xylocopa fimbriata",1,8,0.125,-0.681952327163318
"M_031","Apis mellifera",17,17,1,4.05462223153442
"M_031","Augochlora sp1 M PL 031",3,17,0.176470588235294,-0.0539019203601326
"M_031","Augochloropsis sp1 M PL 031",5,17,0.294117647058824,0.533030101339089
"M_031","Augochloropsis sp2 M PL 031",1,17,0.0588235294117647,-0.640833942059354
"M_031","Augochloropsis sp3 M PL 031",1,17,0.0588235294117647,-0.640833942059354
"M_031","Bombus atratus",6,17,0.352941176470588,0.8264961121887
"M_031","Bombus pullatus",7,17,0.411764705882353,1.11996212303831
"M_031","Bombus volucelloides",9,17,0.529411764705882,1.70689414473753
"M_031","Brachygastra lecheguana",1,17,0.0588235294117647,-0.640833942059354
"M_031","Calicopis sp1 M PL 031",4,17,0.235294117647059,0.239564090489478
"M_031","Campsomeris sp1 M PL 031",3,17,0.176470588235294,-0.0539019203601326
"M_031","Ceratina sp1 M PL 031",4,17,0.235294117647059,0.239564090489478
"M_031","Cerciris sp1 M PL 031",5,17,0.294117647058824,0.533030101339089
"M_031","Coereba flaveola",1,17,0.0588235294117647,-0.640833942059354
"M_031","Copestylum sp1 M PL 031",3,17,0.176470588235294,-0.0539019203601326
"M_031","Cyclocephala sp1 M PL 031",1,17,0.0588235294117647,-0.640833942059354
"M_031","Cyclocephala sp2 M PL 031",1,17,0.0588235294117647,-0.640833942059354
"M_031","Cylindromia sp1 M PL 031",1,17,0.0588235294117647,-0.640833942059354
"M_031","Dialictus sp1 M PL 031",3,17,0.176470588235294,-0.0539019203601326
"M_031","Dialictus sp2 M PL 031",1,17,0.0588235294117647,-0.640833942059354
"M_031","Eristalis sp1 M PL 031",1,17,0.0588235294117647,-0.640833942059354
"M_031","Euglossa sp1 M PL 031",8,17,0.470588235294118,1.41342813388792
"M_031","Eulaema meriana",2,17,0.117647058823529,-0.347367931209743
"M_031","Exomalopsis sp1 M PL 031",3,17,0.176470588235294,-0.0539019203601326
"M_031","Hylaeus sp1 M PL 031",1,17,0.0588235294117647,-0.640833942059354
"M_031","Melipona interrupta subsp. oblitescens",1,17,0.0588235294117647,-0.640833942059354
"M_031","Melipona scutellaris",13,17,0.764705882352941,2.88075818813598
"M_031","Montezumia azurescens",1,17,0.0588235294117647,-0.640833942059354
"M_031","Oxybelus sp1 M PL 031",1,17,0.0588235294117647,-0.640833942059354
"M_031","Pachodynerus nasidens",2,17,0.117647058823529,-0.347367931209743
"M_031","Panoquina bola",2,17,0.117647058823529,-0.347367931209743
"M_031","Pepsis sp1 M PL 031",1,17,0.0588235294117647,-0.640833942059354
"M_031","Pereirapsis sp1 M PL 031",1,17,0.0588235294117647,-0.640833942059354
"M_031","Polistes lanio",3,17,0.176470588235294,-0.0539019203601326
"M_031","Polistes vibex",1,17,0.0588235294117647,-0.640833942059354
"M_031","Politmus milleri",7,17,0.411764705882353,1.11996212303831
"M_031","Polybia occidentalis",2,17,0.117647058823529,-0.347367931209743
"M_031","Polybia scrobalis",5,17,0.294117647058824,0.533030101339089
"M_031","Psedagochloropsis sp1 M PL 031",2,17,0.117647058823529,-0.347367931209743
"M_031","Pyrrhogige sp1 M PL 031",1,17,0.0588235294117647,-0.640833942059354
"M_031","Sarcodexia innota",1,17,0.0588235294117647,-0.640833942059354
"M_031","Sphex ichneumoneus",3,17,0.176470588235294,-0.0539019203601326
"M_031","Sphex sp1 M PL 031",2,17,0.117647058823529,-0.347367931209743
"M_031","Sticia sp1 M PL 031",1,17,0.0588235294117647,-0.640833942059354
"M_031","Tachites sp1 M PL 031",1,17,0.0588235294117647,-0.640833942059354
"M_031","Vehilius inca",1,17,0.0588235294117647,-0.640833942059354
"M_031","Volucella sp1 M PL 031",1,17,0.0588235294117647,-0.640833942059354
"M_031","Xylocopa sp1 M PL 031",10,17,0.588235294117647,2.00036015558714
"M_031","Zonotrichia capensis",1,17,0.0588235294117647,-0.640833942059354
"M_032","Andrena carlini",4,6,0.666666666666667,1.57805489882724
"M_032","Andrena cressoni",2,6,0.333333333333333,0.0235530581914513
"M_032","Andrena erythronii",1,6,0.166666666666667,-0.753697862126442
"M_032","Andrena forbesii",3,6,0.5,0.800803978509344
"M_032","Andrena irgeniae",4,6,0.666666666666667,1.57805489882724
"M_032","Andrena mansonii",3,6,0.5,0.800803978509344
"M_032","Andrena miserabilis",2,6,0.333333333333333,0.0235530581914513
"M_032","Andrena personata",1,6,0.166666666666667,-0.753697862126442
"M_032","Andrena rugosa",3,6,0.5,0.800803978509344
"M_032","Andrena sp1 M PL 032",1,6,0.166666666666667,-0.753697862126442
"M_032","Apis mellifera",6,6,1,3.13255673946302
"M_032","Augochlora pura",1,6,0.166666666666667,-0.753697862126442
"M_032","Augochlorella striata",1,6,0.166666666666667,-0.753697862126442
"M_032","Bombus griseocollis",4,6,0.666666666666667,1.57805489882724
"M_032","Carposcalis obscura",1,6,0.166666666666667,-0.753697862126442
"M_032","Ceratina metallica",1,6,0.166666666666667,-0.753697862126442
"M_032","Dialictus coeruleus",1,6,0.166666666666667,-0.753697862126442
"M_032","Dialictus imitatus",1,6,0.166666666666667,-0.753697862126442
"M_032","Dialictus oblongus",1,6,0.166666666666667,-0.753697862126442
"M_032","Dialictus obscurus",1,6,0.166666666666667,-0.753697862126442
"M_032","Dialictus zephyrus",1,6,0.166666666666667,-0.753697862126442
"M_032","Eristalis dimidiatus",2,6,0.333333333333333,0.0235530581914513
"M_032","Erylaeus macroupinensis",1,6,0.166666666666667,-0.753697862126442
"M_032","Helophilus fasciatus",3,6,0.5,0.800803978509344
"M_032","Lasioglossum forbesii",1,6,0.166666666666667,-0.753697862126442
"M_032","Melanostoma sp1 M PL 032",3,6,0.5,0.800803978509344
"M_032","Mesograpta marginata",1,6,0.166666666666667,-0.753697862126442
"M_032","Metasyrphus americanus",3,6,0.5,0.800803978509344
"M_032","Nomada luteola",1,6,0.166666666666667,-0.753697862126442
"M_032","Seladonia confusa",1,6,0.166666666666667,-0.753697862126442
"M_032","Syrphus sp1 M PL 032",2,6,0.333333333333333,0.0235530581914513
"M_032","Syrphus torvus",3,6,0.5,0.800803978509344
"M_032","Xylota nemorum",1,6,0.166666666666667,-0.753697862126442
"M_033","Adela purpurea",1,11,0.0909090909090909,-1.31063787327233
"M_033","Andrena alleghaniensis",3,11,0.272727272727273,-0.477709131379636
"M_033","Andrena bradleyi",5,11,0.454545454545455,0.355219610513063
"M_033","Andrena carlini",5,11,0.454545454545455,0.355219610513063
"M_033","Andrena carolina",4,11,0.363636363636364,-0.0612447604332868
"M_033","Andrena mandibularis",6,11,0.545454545454545,0.771683981459412
"M_033","Andrena regularis",7,11,0.636363636363636,1.18814835240576
"M_033","Andrena vicina",8,11,0.727272727272727,1.60461272335211
"M_033","Apis mellifera",5,11,0.454545454545455,0.355219610513063
"M_033","Bombus terricola",5,11,0.454545454545455,0.355219610513063
"M_033","Colletes inaequalis",5,11,0.454545454545455,0.355219610513063
"M_033","Cyphon variabilis",1,11,0.0909090909090909,-1.31063787327233
"M_033","Dialictus pilosus",3,11,0.272727272727273,-0.477709131379636
"M_033","Dilophus caurinus",1,11,0.0909090909090909,-1.31063787327233
"M_033","Eristalis dimidiata",4,11,0.363636363636364,-0.0612447604332868
"M_033","Helophilus fasciatus",5,11,0.454545454545455,0.355219610513063
"M_033","Helophilus laetus",3,11,0.272727272727273,-0.477709131379636
"M_033","Helophilus latifrons",3,11,0.272727272727273,-0.477709131379636
"M_033","Hybomitra minuscula",1,11,0.0909090909090909,-1.31063787327233
"M_033","Hybomitra typhus",2,11,0.181818181818182,-0.894173502325986
"M_033","Macrodactlyus subspinosus",1,11,0.0909090909090909,-1.31063787327233
"M_033","Melanostoma sp1 M PL 033",4,11,0.363636363636364,-0.0612447604332868
"M_033","Pyrobombus impatiens",7,11,0.636363636363636,1.18814835240576
"M_033","Pyrobombus perplexus",5,11,0.454545454545455,0.355219610513063
"M_033","Pyrobombus sandersoni",9,11,0.818181818181818,2.02107709429846
"M_033","Pyrobombus ternarius",11,11,1,2.85400583619116
"M_033","Pyrophaena rosarum",5,11,0.454545454545455,0.355219610513063
"M_033","Sercomyia transversa",5,11,0.454545454545455,0.355219610513063
"M_033","Shaerophoria sp1 M PL 033",4,11,0.363636363636364,-0.0612447604332868
"M_033","Spilogona fatima",4,11,0.363636363636364,-0.0612447604332868
"M_033","Syritta pipiens",4,11,0.363636363636364,-0.0612447604332868
"M_033","Syrphus torvus",2,11,0.181818181818182,-0.894173502325986
"M_033","Thymelicus lineola",2,11,0.181818181818182,-0.894173502325986
"M_033","Toxomerus marginatus",1,11,0.0909090909090909,-1.31063787327233
"M_034","Adalia deficiens",2,21,0.0952380952380952,-0.149784012318073
"M_034","Allograpta hortensis",1,21,0.0476190476190476,-0.492147469045097
"M_034","Allograpta pulchra",6,21,0.285714285714286,1.21966981459002
"M_034","Apis mellifera",18,21,0.857142857142857,5.32803129531431
"M_034","Bombus dahlbomii",21,21,1,6.35512166549538
"M_034","Cadeguala albopilosa",9,21,0.428571428571429,2.24676018477109
"M_034","Cadeguala occipitalis",3,21,0.142857142857143,0.192579444408951
"M_034","Caenohalictus movilicornis",5,21,0.238095238095238,0.877306357862998
"M_034","Callideriphus laetus",2,21,0.0952380952380952,-0.149784012318073
"M_034","Carduelis barbatus",1,21,0.0476190476190476,-0.492147469045097
"M_034","Chauliognathus sp1 M PL 034",5,21,0.238095238095238,0.877306357862998
"M_034","Cheilosia nitescens",2,21,0.0952380952380952,-0.149784012318073
"M_034","Chenoderus testaceus",1,21,0.0476190476190476,-0.492147469045097
"M_034","Chlamysus sp1 M PL 034",1,21,0.0476190476190476,-0.492147469045097
"M_034","Clamirius apicarius",1,21,0.0476190476190476,-0.492147469045097
"M_034","Corynura aff  atrovirens",1,21,0.0476190476190476,-0.492147469045097
"M_034","Corynura aff  lepida",1,21,0.0476190476190476,-0.492147469045097
"M_034","Corynura corynogastra",2,21,0.0952380952380952,-0.149784012318073
"M_034","Corynura patagonica",10,21,0.476190476190476,2.58912364149812
"M_034","Corynura rubella",3,21,0.142857142857143,0.192579444408951
"M_034","Craspedochaeta linbinervis",2,21,0.0952380952380952,-0.149784012318073
"M_034","Dasydema hirtella",2,21,0.0952380952380952,-0.149784012318073
"M_034","Diphaglossa gayi",4,21,0.19047619047619,0.534942901135975
"M_034","Dolichogyna chilensis",1,21,0.0476190476190476,-0.492147469045097
"M_034","Dolichogyna nigripes",1,21,0.0476190476190476,-0.492147469045097
"M_034","Dysmorphocellus sp1 M PL 034",2,21,0.0952380952380952,-0.149784012318073
"M_034","Elaenia albiceps",1,21,0.0476190476190476,-0.492147469045097
"M_034","Eristalis assimilis",2,21,0.0952380952380952,-0.149784012318073
"M_034","Eristalis elegans",7,21,0.333333333333333,1.56203327131705
"M_034","Eristalis tenax",1,21,0.0476190476190476,-0.492147469045097
"M_034","Eroessa chilensis",1,21,0.0476190476190476,-0.492147469045097
"M_034","Eurymetopun obscurum",1,21,0.0476190476190476,-0.492147469045097
"M_034","Eurymetopun prasinum",1,21,0.0476190476190476,-0.492147469045097
"M_034","Eurymetopun proteus",1,21,0.0476190476190476,-0.492147469045097
"M_034","Fannia sp1 M PL 034",1,21,0.0476190476190476,-0.492147469045097
"M_034","Fannia sp2 M PL 034",1,21,0.0476190476190476,-0.492147469045097
"M_034","Fannia sp3 M PL 034",2,21,0.0952380952380952,-0.149784012318073
"M_034","Fannia sp4 M PL 034",2,21,0.0952380952380952,-0.149784012318073
"M_034","Fannia sp5 M PL 034",1,21,0.0476190476190476,-0.492147469045097
"M_034","Fannia sp6 M PL 034",1,21,0.0476190476190476,-0.492147469045097
"M_034","Fannia sp7 M PL 034",1,21,0.0476190476190476,-0.492147469045097
"M_034","Fazia bullaephora",2,21,0.0952380952380952,-0.149784012318073
"M_034","Fazia macquarti",3,21,0.142857142857143,0.192579444408951
"M_034","Hylodanacea binotus",1,21,0.0476190476190476,-0.492147469045097
"M_034","Hylodanacea elegans",1,21,0.0476190476190476,-0.492147469045097
"M_034","Hypodynerus sp1 M PL 034",1,21,0.0476190476190476,-0.492147469045097
"M_034","Hyponotum kraussei",5,21,0.238095238095238,0.877306357862998
"M_034","Lypha erigonopsidis",1,21,0.0476190476190476,-0.492147469045097
"M_034","Macrometopia atra",1,21,0.0476190476190476,-0.492147469045097
"M_034","Mecopselaphus maculicollis",2,21,0.0952380952380952,-0.149784012318073
"M_034","Megalybus crassus",2,21,0.0952380952380952,-0.149784012318073
"M_034","Melanophthalma aff  seminigra",1,21,0.0476190476190476,-0.492147469045097
"M_034","Melanostoma chalconotus",3,21,0.142857142857143,0.192579444408951
"M_034","Melanostoma fenestratus",2,21,0.0952380952380952,-0.149784012318073
"M_034","Melanostoma lundbladi",3,21,0.142857142857143,0.192579444408951
"M_034","Melanostoma sp1 M PL 034",13,21,0.619047619047619,3.61621401167919
"M_034","Mesograpta calceolatus",2,21,0.0952380952380952,-0.149784012318073
"M_034","Mesograpta philippi",5,21,0.238095238095238,0.877306357862998
"M_034","Mordella erythrura",6,21,0.285714285714286,1.21966981459002
"M_034","Mordella luctuosa",1,21,0.0476190476190476,-0.492147469045097
"M_034","Morphodexia sp1 M PL 034",1,21,0.0476190476190476,-0.492147469045097
"M_034","Peleteria filipalpis",1,21,0.0476190476190476,-0.492147469045097
"M_034","Phrygilus patagonicus",1,21,0.0476190476190476,-0.492147469045097
"M_034","Platynocera gracilipes",1,21,0.0476190476190476,-0.492147469045097
"M_034","Platynocera gracilis",2,21,0.0952380952380952,-0.149784012318073
"M_034","Protosialis chilensis",1,21,0.0476190476190476,-0.492147469045097
"M_034","Rhopalomerus tenuirostris",3,21,0.142857142857143,0.192579444408951
"M_034","Scaptia horrens",1,21,0.0476190476190476,-0.492147469045097
"M_034","Schizochelus serratus",1,21,0.0476190476190476,-0.492147469045097
"M_034","Sephanoides sephaniodes",6,21,0.285714285714286,1.21966981459002
"M_034","Stilbosona cyanea",5,21,0.238095238095238,0.877306357862998
"M_034","Syrphus octomaculatus",2,21,0.0952380952380952,-0.149784012318073
"M_034","Thrypticus sp1 M PL 034",4,21,0.19047619047619,0.534942901135975
"M_034","Trichophthalma commutata",1,21,0.0476190476190476,-0.492147469045097
"M_034","Trichophthalma herbsti",1,21,0.0476190476190476,-0.492147469045097
"M_034","Tropidia sp1 M PL 034",1,21,0.0476190476190476,-0.492147469045097
"M_034","Unidentified sp1 M PL 034",1,21,0.0476190476190476,-0.492147469045097
"M_034","Unidentified sp10 M PL 034",1,21,0.0476190476190476,-0.492147469045097
"M_034","Unidentified sp11 M PL 034",1,21,0.0476190476190476,-0.492147469045097
"M_034","Unidentified sp12 M PL 034",2,21,0.0952380952380952,-0.149784012318073
"M_034","Unidentified sp13 M PL 034",1,21,0.0476190476190476,-0.492147469045097
"M_034","Unidentified sp14 M PL 034",2,21,0.0952380952380952,-0.149784012318073
"M_034","Unidentified sp15 M PL 034",1,21,0.0476190476190476,-0.492147469045097
"M_034","Unidentified sp16 M PL 034",3,21,0.142857142857143,0.192579444408951
"M_034","Unidentified sp17 M PL 034",2,21,0.0952380952380952,-0.149784012318073
"M_034","Unidentified sp18 M PL 034",4,21,0.19047619047619,0.534942901135975
"M_034","Unidentified sp19 M PL 034",1,21,0.0476190476190476,-0.492147469045097
"M_034","Unidentified sp2 M PL 034",1,21,0.0476190476190476,-0.492147469045097
"M_034","Unidentified sp20 M PL 034",3,21,0.142857142857143,0.192579444408951
"M_034","Unidentified sp21 M PL 034",4,21,0.19047619047619,0.534942901135975
"M_034","Unidentified sp22 M PL 034",3,21,0.142857142857143,0.192579444408951
"M_034","Unidentified sp23 M PL 034",1,21,0.0476190476190476,-0.492147469045097
"M_034","Unidentified sp24 M PL 034",1,21,0.0476190476190476,-0.492147469045097
"M_034","Unidentified sp25 M PL 034",1,21,0.0476190476190476,-0.492147469045097
"M_034","Unidentified sp26 M PL 034",1,21,0.0476190476190476,-0.492147469045097
"M_034","Unidentified sp27 M PL 034",1,21,0.0476190476190476,-0.492147469045097
"M_034","Unidentified sp28 M PL 034",1,21,0.0476190476190476,-0.492147469045097
"M_034","Unidentified sp29 M PL 034",1,21,0.0476190476190476,-0.492147469045097
"M_034","Unidentified sp3 M PL 034",2,21,0.0952380952380952,-0.149784012318073
"M_034","Unidentified sp30 M PL 034",1,21,0.0476190476190476,-0.492147469045097
"M_034","Unidentified sp31 M PL 034",1,21,0.0476190476190476,-0.492147469045097
"M_034","Unidentified sp32 M PL 034",7,21,0.333333333333333,1.56203327131705
"M_034","Unidentified sp33 M PL 034",2,21,0.0952380952380952,-0.149784012318073
"M_034","Unidentified sp34 M PL 034",1,21,0.0476190476190476,-0.492147469045097
"M_034","Unidentified sp35 M PL 034",2,21,0.0952380952380952,-0.149784012318073
"M_034","Unidentified sp36 M PL 034",1,21,0.0476190476190476,-0.492147469045097
"M_034","Unidentified sp37 M PL 034",2,21,0.0952380952380952,-0.149784012318073
"M_034","Unidentified sp38 M PL 034",1,21,0.0476190476190476,-0.492147469045097
"M_034","Unidentified sp39 M PL 034",3,21,0.142857142857143,0.192579444408951
"M_034","Unidentified sp4 M PL 034",6,21,0.285714285714286,1.21966981459002
"M_034","Unidentified sp40 M PL 034",1,21,0.0476190476190476,-0.492147469045097
"M_034","Unidentified sp41 M PL 034",1,21,0.0476190476190476,-0.492147469045097
"M_034","Unidentified sp42 M PL 034",2,21,0.0952380952380952,-0.149784012318073
"M_034","Unidentified sp43 M PL 034",1,21,0.0476190476190476,-0.492147469045097
"M_034","Unidentified sp44 M PL 034",1,21,0.0476190476190476,-0.492147469045097
"M_034","Unidentified sp46 M PL 034",2,21,0.0952380952380952,-0.149784012318073
"M_034","Unidentified sp47 M PL 034",1,21,0.0476190476190476,-0.492147469045097
"M_034","Unidentified sp48 M PL 034",3,21,0.142857142857143,0.192579444408951
"M_034","Unidentified sp49 M PL 034",4,21,0.19047619047619,0.534942901135975
"M_034","Unidentified sp5 M PL 034",1,21,0.0476190476190476,-0.492147469045097
"M_034","Unidentified sp50 M PL 034",1,21,0.0476190476190476,-0.492147469045097
"M_034","Unidentified sp51 M PL 034",2,21,0.0952380952380952,-0.149784012318073
"M_034","Unidentified sp6 M PL 034",1,21,0.0476190476190476,-0.492147469045097
"M_034","Unidentified sp7 M PL 034",1,21,0.0476190476190476,-0.492147469045097
"M_034","Unidentified sp8 M PL 034",2,21,0.0952380952380952,-0.149784012318073
"M_034","Unidentified sp9 M PL 034",2,21,0.0952380952380952,-0.149784012318073
"M_034","Vanessa sp1 M PL 034",1,21,0.0476190476190476,-0.492147469045097
"M_034","Vespula germanica",1,21,0.0476190476190476,-0.492147469045097
"M_035","Agraulis vanillae",3,31,0.0967741935483871,-0.328551918167293
"M_035","Anartia jatrophae",3,31,0.0967741935483871,-0.328551918167293
"M_035","Apis mellifera",19,31,0.612903225806452,2.37496100846643
"M_035","Ascia josephina",2,31,0.0645161290322581,-0.497521476081901
"M_035","Centris dirrhoda",2,31,0.0645161290322581,-0.497521476081901
"M_035","Centris sp1 M PL 035",2,31,0.0645161290322581,-0.497521476081901
"M_035","Coereba flaveola",3,31,0.0967741935483871,-0.328551918167293
"M_035","Coleoptera sp5 M PL 035",3,31,0.0967741935483871,-0.328551918167293
"M_035","Coleoptera sp6 M PL 035",2,31,0.0645161290322581,-0.497521476081901
"M_035","Culex sp1 M PL 035",1,31,0.032258064516129,-0.666491033996509
"M_035","Danaus eresimus",1,31,0.032258064516129,-0.666491033996509
"M_035","Danaus gilippus",3,31,0.0967741935483871,-0.328551918167293
"M_035","Dielis dorsata",8,31,0.258064516129032,0.516295871405747
"M_035","Diptera sp8 M PL 035",1,31,0.032258064516129,-0.666491033996509
"M_035","Eristalis vinatorum",5,31,0.161290322580645,0.00938719766192263
"M_035","Euglossa cordata",4,31,0.129032258064516,-0.159582360252685
"M_035","Eurema sp1 M PL 035",3,31,0.0967741935483871,-0.328551918167293
"M_035","Exomalopsis sp1 M PL 035",4,31,0.129032258064516,-0.159582360252685
"M_035","Hylephila phyleus",1,31,0.032258064516129,-0.666491033996509
"M_035","Junonia sp1 M PL 035",5,31,0.161290322580645,0.00938719766192263
"M_035","Leptotes cassius",3,31,0.0967741935483871,-0.328551918167293
"M_035","Mellisuga humilis",6,31,0.193548387096774,0.178356755576531
"M_035","Microbembex monadonta",3,31,0.0967741935483871,-0.328551918167293
"M_035","Oncopeltus piltus",4,31,0.129032258064516,-0.159582360252685
"M_035","Papilio polydamas",7,31,0.225806451612903,0.347326313491139
"M_035","Phoebis sennae",3,31,0.0967741935483871,-0.328551918167293
"M_035","Polygonus leo",4,31,0.129032258064516,-0.159582360252685
"M_035","Strymon columella",2,31,0.0645161290322581,-0.497521476081901
"M_035","Thysanoptera sp2 M PL 035",17,31,0.548387096774194,2.03702189263722
"M_035","Trochilus polytmus",6,31,0.193548387096774,0.178356755576531
"M_035","Unidentified sp1 M PL 035",31,31,1,4.40259570344173
"M_035","Unidentified sp3 M PL 035",8,31,0.258064516129032,0.516295871405747
"M_035","Unidentified sp4 M PL 035",4,31,0.129032258064516,-0.159582360252685
"M_035","Unidentified sp7 M PL 035",1,31,0.032258064516129,-0.666491033996509
"M_035","Urbanus proteus",3,31,0.0967741935483871,-0.328551918167293
"M_035","Xylocopa sp1 M PL 035",1,31,0.032258064516129,-0.666491033996509
"M_036","Apis mellifera",3,6,0.5,0.30794088102572
"M_036","Bombus sp1 M PL 036",3,6,0.5,0.30794088102572
"M_036","Calliphora sp1 M PL 036",1,6,0.166666666666667,-0.92382264307716
"M_036","Hymenoptera sp1 M PL 036",6,6,1,2.15558616718004
"M_036","Lepidoptera sp4 M PL 036",3,6,0.5,0.30794088102572
"M_036","Lucilia sp1 M PL 036",2,6,0.333333333333333,-0.30794088102572
"M_036","Moth sp1 M PL 036",1,6,0.166666666666667,-0.92382264307716
"M_036","Unidentified sp2 M PL 036",4,6,0.666666666666667,0.92382264307716
"M_036","Unidentified sp3 M PL 036",4,6,0.666666666666667,0.92382264307716
"M_036","Unidentified sp5 M PL 036",1,6,0.166666666666667,-0.92382264307716
"M_036","Unidentified sp6 M PL 036",1,6,0.166666666666667,-0.92382264307716
"M_036","Unidentified sp7 M PL 036",1,6,0.166666666666667,-0.92382264307716
"M_037","Apocrita sp1 M PL 037",3,7,0.428571428571429,0.90611954596452
"M_037","Bombus bohemicus",1,7,0.142857142857143,-0.60407969730968
"M_037","Bombus lapidarius",4,7,0.571428571428571,1.66121916760162
"M_037","Bombus lucorum",1,7,0.142857142857143,-0.60407969730968
"M_037","Bombus pascuorum",4,7,0.571428571428571,1.66121916760162
"M_037","Bombus terrestris",2,7,0.285714285714286,0.15101992432742
"M_037","Ceuthorrhynchus assimilis",1,7,0.142857142857143,-0.60407969730968
"M_037","Chrysomela fastuosa",1,7,0.142857142857143,-0.60407969730968
"M_037","Diptera sp13 M PL 037",1,7,0.142857142857143,-0.60407969730968
"M_037","Eoseristalis horticola",1,7,0.142857142857143,-0.60407969730968
"M_037","Episyrphus balteatus",3,7,0.428571428571429,0.90611954596452
"M_037","Epuraea depressa Illiger",1,7,0.142857142857143,-0.60407969730968
"M_037","Eumerus tuberculatus",2,7,0.285714285714286,0.15101992432742
"M_037","Leptura rubra",1,7,0.142857142857143,-0.60407969730968
"M_037","Melanostoma scalare",1,7,0.142857142857143,-0.60407969730968
"M_037","Meligethes sp1 M PL 037",7,7,1,3.92651803251292
"M_037","Mesapamea secalis",1,7,0.142857142857143,-0.60407969730968
"M_037","Nemophora degeerella",1,7,0.142857142857143,-0.60407969730968
"M_037","Olibrus aeneus",2,7,0.285714285714286,0.15101992432742
"M_037","Pieris napi",1,7,0.142857142857143,-0.60407969730968
"M_037","Scaeva pyrastri",1,7,0.142857142857143,-0.60407969730968
"M_037","Strangalia maculata",1,7,0.142857142857143,-0.60407969730968
"M_037","Syrphus ribesii",1,7,0.142857142857143,-0.60407969730968
"M_037","Syrphus vitripennis",1,7,0.142857142857143,-0.60407969730968
"M_037","Thymelicus sylvestris",2,7,0.285714285714286,0.15101992432742
"M_037","Unidentified sp1 M PL 037",4,7,0.571428571428571,1.66121916760162
"M_037","Unidentified sp10 M PL 037",1,7,0.142857142857143,-0.60407969730968
"M_037","Unidentified sp11 M PL 037",1,7,0.142857142857143,-0.60407969730968
"M_037","Unidentified sp12 M PL 037",1,7,0.142857142857143,-0.60407969730968
"M_037","Unidentified sp14 M PL 037",1,7,0.142857142857143,-0.60407969730968
"M_037","Unidentified sp15 M PL 037",1,7,0.142857142857143,-0.60407969730968
"M_037","Unidentified sp2 M PL 037",4,7,0.571428571428571,1.66121916760162
"M_037","Unidentified sp3 M PL 037",3,7,0.428571428571429,0.90611954596452
"M_037","Unidentified sp4 M PL 037",3,7,0.428571428571429,0.90611954596452
"M_037","Unidentified sp5 M PL 037",2,7,0.285714285714286,0.15101992432742
"M_037","Unidentified sp6 M PL 037",2,7,0.285714285714286,0.15101992432742
"M_037","Unidentified sp7 M PL 037",1,7,0.142857142857143,-0.60407969730968
"M_037","Unidentified sp8 M PL 037",1,7,0.142857142857143,-0.60407969730968
"M_037","Unidentified sp9 M PL 037",1,7,0.142857142857143,-0.60407969730968
"M_037","Zygaena filipendulae",1,7,0.142857142857143,-0.60407969730968
"M_038","Adscita statices",3,5,0.6,1.02990330490985
"M_038","Anaspis flava",4,5,0.8,1.9502424284463
"M_038","Anaspis frontalis",1,5,0.2,-0.81077494216307
"M_038","Anaspis rufilabris",2,5,0.4,0.109564181373388
"M_038","Aphantopus hyperantus",1,5,0.2,-0.81077494216307
"M_038","Apocrita sp1 M PL 038",3,5,0.6,1.02990330490985
"M_038","Bombus hortorum",2,5,0.4,0.109564181373388
"M_038","Bombus pascuorum",2,5,0.4,0.109564181373388
"M_038","Byturus aestivus",3,5,0.6,1.02990330490985
"M_038","Ceuthorrhynchus pollinarius Forster",1,5,0.2,-0.81077494216307
"M_038","Chrysogaster solstitialis",2,5,0.4,0.109564181373388
"M_038","Coleoptera sp13 M PL 038",1,5,0.2,-0.81077494216307
"M_038","Crambus pratella",3,5,0.6,1.02990330490985
"M_038","Dasytes plumbeus",3,5,0.6,1.02990330490985
"M_038","Episyrphus balteatus",1,5,0.2,-0.81077494216307
"M_038","Epuraea depressa Illiger",1,5,0.2,-0.81077494216307
"M_038","Eumerus tuberculatus",1,5,0.2,-0.81077494216307
"M_038","Grammoptera ruficornis",1,5,0.2,-0.81077494216307
"M_038","Leptura rubra",2,5,0.4,0.109564181373388
"M_038","Maniola jurtina",1,5,0.2,-0.81077494216307
"M_038","Melanostoma scalare",1,5,0.2,-0.81077494216307
"M_038","Meligethes sp1 M PL 038",4,5,0.8,1.9502424284463
"M_038","Nemophora degeerella",2,5,0.4,0.109564181373388
"M_038","Olibrus aeneus",2,5,0.4,0.109564181373388
"M_038","Polyommatus icarus",1,5,0.2,-0.81077494216307
"M_038","Rhingia campestris",1,5,0.2,-0.81077494216307
"M_038","Rhynchites germanicus",1,5,0.2,-0.81077494216307
"M_038","Strophosomus capitatus de Geer",1,5,0.2,-0.81077494216307
"M_038","Unidentified sp1 M PL 038",5,5,1,2.87058155198276
"M_038","Unidentified sp10 M PL 038",1,5,0.2,-0.81077494216307
"M_038","Unidentified sp11 M PL 038",1,5,0.2,-0.81077494216307
"M_038","Unidentified sp12 M PL 038",1,5,0.2,-0.81077494216307
"M_038","Unidentified sp14 M PL 038",1,5,0.2,-0.81077494216307
"M_038","Unidentified sp2 M PL 038",4,5,0.8,1.9502424284463
"M_038","Unidentified sp3 M PL 038",3,5,0.6,1.02990330490985
"M_038","Unidentified sp4 M PL 038",3,5,0.6,1.02990330490985
"M_038","Unidentified sp5 M PL 038",2,5,0.4,0.109564181373388
"M_038","Unidentified sp6 M PL 038",2,5,0.4,0.109564181373388
"M_038","Unidentified sp7 M PL 038",2,5,0.4,0.109564181373388
"M_038","Unidentified sp8 M PL 038",1,5,0.2,-0.81077494216307
"M_038","Unidentified sp9 M PL 038",1,5,0.2,-0.81077494216307
"M_038","Volucella pellucens",1,5,0.2,-0.81077494216307
"M_039","Amegilla canifrons",5,13,0.384615384615385,0.917292983794346
"M_039","Amegilla quadrifasciata",3,13,0.230769230769231,0.174722473103685
"M_039","Amegilla sp1 M PL 058",8,13,0.615384615384615,2.03114874983034
"M_039","Andrena vulcana",1,13,0.0769230769230769,-0.567848037586976
"M_039","Anthophora alluaudi",6,13,0.461538461538462,1.28857823913968
"M_039","Anthophora orotavae",5,13,0.384615384615385,0.917292983794346
"M_039","Apis mellifera",6,13,0.461538461538462,1.28857823913968
"M_039","Camponotus rufoglaucus",1,13,0.0769230769230769,-0.567848037586976
"M_039","Coleoptera sp14 M PL 058",2,13,0.153846153846154,-0.196562782241646
"M_039","Coleoptera sp15 M PL 058",1,13,0.0769230769230769,-0.567848037586976
"M_039","Coleoptera sp16 M PL 058",1,13,0.0769230769230769,-0.567848037586976
"M_039","Coleoptera sp2 M PL 058",4,13,0.307692307692308,0.546007728449015
"M_039","Coleoptera sp29 M PL 058",1,13,0.0769230769230769,-0.567848037586976
"M_039","Coleoptera sp32 M PL 058",1,13,0.0769230769230769,-0.567848037586976
"M_039","Coleoptera sp33 M PL 058",1,13,0.0769230769230769,-0.567848037586976
"M_039","Coleoptera sp7 M PL 058",2,13,0.153846153846154,-0.196562782241646
"M_039","Cyclyrius webbianus",1,13,0.0769230769230769,-0.567848037586976
"M_039","Diptera sp10 M PL 058",2,13,0.153846153846154,-0.196562782241646
"M_039","Diptera sp12 M PL 058",2,13,0.153846153846154,-0.196562782241646
"M_039","Diptera sp19 M PL 058",1,13,0.0769230769230769,-0.567848037586976
"M_039","Diptera sp20 M PL 058",1,13,0.0769230769230769,-0.567848037586976
"M_039","Diptera sp25 M PL 058",1,13,0.0769230769230769,-0.567848037586976
"M_039","Diptera sp26 M PL 058",1,13,0.0769230769230769,-0.567848037586976
"M_039","Diptera sp27 M PL 058",1,13,0.0769230769230769,-0.567848037586976
"M_039","Diptera sp28 M PL 058",1,13,0.0769230769230769,-0.567848037586976
"M_039","Eucera gracilipes",13,13,1,3.88757502655699
"M_039","Hylaeus sp1 M PL 058",2,13,0.153846153846154,-0.196562782241646
"M_039","Hymenoptera sp24 M PL 058",1,13,0.0769230769230769,-0.567848037586976
"M_039","Lasioglossum evylaeus",13,13,1,3.88757502655699
"M_039","Lucilia sp1 M PL 058",3,13,0.230769230769231,0.174722473103685
"M_039","Macroglossum stellatarum",1,13,0.0769230769230769,-0.567848037586976
"M_039","Sphecodes marginatus",1,13,0.0769230769230769,-0.567848037586976
"M_039","Tachina canariensis",1,13,0.0769230769230769,-0.567848037586976
"M_039","Thysanoptera sp1 M PL 058",1,13,0.0769230769230769,-0.567848037586976
"M_039","Unidentified sp1 M PL 058",5,13,0.384615384615385,0.917292983794346
"M_039","Unidentified sp11 M PL 058",2,13,0.153846153846154,-0.196562782241646
"M_039","Unidentified sp13 M PL 058",2,13,0.153846153846154,-0.196562782241646
"M_039","Unidentified sp17 M PL 058",1,13,0.0769230769230769,-0.567848037586976
"M_039","Unidentified sp18 M PL 058",1,13,0.0769230769230769,-0.567848037586976
"M_039","Unidentified sp21 M PL 058",1,13,0.0769230769230769,-0.567848037586976
"M_039","Unidentified sp22 M PL 058",1,13,0.0769230769230769,-0.567848037586976
"M_039","Unidentified sp23 M PL 058",1,13,0.0769230769230769,-0.567848037586976
"M_039","Unidentified sp3 M PL 058",4,13,0.307692307692308,0.546007728449015
"M_039","Unidentified sp30 M PL 058",1,13,0.0769230769230769,-0.567848037586976
"M_039","Unidentified sp31 M PL 058",1,13,0.0769230769230769,-0.567848037586976
"M_039","Unidentified sp34 M PL 058",1,13,0.0769230769230769,-0.567848037586976
"M_039","Unidentified sp4 M PL 058",3,13,0.230769230769231,0.174722473103685
"M_039","Unidentified sp5 M PL 058",3,13,0.230769230769231,0.174722473103685
"M_039","Unidentified sp6 M PL 058",3,13,0.230769230769231,0.174722473103685
"M_039","Unidentified sp8 M PL 058",2,13,0.153846153846154,-0.196562782241646
"M_039","Unidentified sp9 M PL 058",2,13,0.153846153846154,-0.196562782241646
"M_040","Adelpha abyla",2,10,0.2,-0.313008530321133
"M_040","Agapostemon sp1 M PL 040",2,10,0.2,-0.313008530321133
"M_040","Aguna asander jasper",2,10,0.2,-0.313008530321133
"M_040","Anolis grahami",1,10,0.1,-0.793700201885729
"M_040","Anolis sagrei",1,10,0.1,-0.793700201885729
"M_040","Apis mellifera",6,10,0.6,1.60975815593725
"M_040","Atlantea pantoni",1,10,0.1,-0.793700201885729
"M_040","Camponotus hannani",6,10,0.6,1.60975815593725
"M_040","Camponotus subdepilis",3,10,0.3,0.167683141243464
"M_040","Centris sp1 M PL 040",3,10,0.3,0.167683141243464
"M_040","Centris sp2 M PL 040",3,10,0.3,0.167683141243464
"M_040","Coereba flaveola",4,10,0.4,0.648374812808061
"M_040","Conotelus obscurus",1,10,0.1,-0.793700201885729
"M_040","Crematogaster steinheili",7,10,0.7,2.09044982750185
"M_040","Dione vanillae insularis",1,10,0.1,-0.793700201885729
"M_040","Diptera sp1 M PL 040",1,10,0.1,-0.793700201885729
"M_040","Dryas iulia delila",1,10,0.1,-0.793700201885729
"M_040","Euglossa jamaicensis",6,10,0.6,1.60975815593725
"M_040","Euneornis campestris",1,10,0.1,-0.793700201885729
"M_040","Eurytides marcellinus",2,10,0.2,-0.313008530321133
"M_040","Heliconius charitonius simulator",1,10,0.1,-0.793700201885729
"M_040","Marpesia chiron",2,10,0.2,-0.313008530321133
"M_040","Mellisuga minima",3,10,0.3,0.167683141243464
"M_040","Nesopsar nigerrimus",1,10,0.1,-0.793700201885729
"M_040","Papilio thersites",1,10,0.1,-0.793700201885729
"M_040","Paragymnetis lanius",1,10,0.1,-0.793700201885729
"M_040","Paraphrissopoda chrysostoma",2,10,0.2,-0.313008530321133
"M_040","Polistes sp1 M PL 040",1,10,0.1,-0.793700201885729
"M_040","Sphex jamaicensis",2,10,0.2,-0.313008530321133
"M_040","Trochilus polytmus polytmus",5,10,0.5,1.12906648437266
"M_040","Unidentified sp1 M PL 040",5,10,0.5,1.12906648437266
"M_040","Unidentified sp11 M PL 040",1,10,0.1,-0.793700201885729
"M_040","Unidentified sp12 M PL 040",1,10,0.1,-0.793700201885729
"M_040","Unidentified sp2 M PL 040",5,10,0.5,1.12906648437266
"M_040","Unidentified sp3 M PL 040",3,10,0.3,0.167683141243464
"M_040","Unidentified sp4 M PL 040",3,10,0.3,0.167683141243464
"M_040","Unidentified sp5 M PL 040",2,10,0.2,-0.313008530321133
"M_040","Unidentified sp6 M PL 040",2,10,0.2,-0.313008530321133
"M_040","Unidentified sp7 M PL 040",2,10,0.2,-0.313008530321133
"M_040","Unidentified sp8 M PL 040",1,10,0.1,-0.793700201885729
"M_040","Unidentified sp9 M PL 040",1,10,0.1,-0.793700201885729
"M_040","Wasmannia auropunctata",10,10,1,3.53252484219564
"M_040","Xylocopa sp1 M PL 040",5,10,0.5,1.12906648437266
"M_041","Agraulis vanillae",3,14,0.214285714285714,-0.12273158871762
"M_041","Allosmaitia piplea",2,14,0.142857142857143,-0.452572733396224
"M_041","Anartia jatrophae",1,14,0.0714285714285714,-0.782413878074827
"M_041","Anolis oculatus",1,14,0.0714285714285714,-0.782413878074827
"M_041","Apis mellifera",11,14,0.785714285714286,2.51599756871121
"M_041","Appias drusilla",6,14,0.428571428571429,0.866791845318191
"M_041","Ascia monuste",3,14,0.214285714285714,-0.12273158871762
"M_041","Coereba flaveola",5,14,0.357142857142857,0.536950700639587
"M_041","Cyanophaia bicolor",1,14,0.0714285714285714,-0.782413878074827
"M_041","Dryas iulia",4,14,0.285714285714286,0.207109555960984
"M_041","Electrostrymon angerona",3,14,0.214285714285714,-0.12273158871762
"M_041","Eulampis holosericeus",1,14,0.0714285714285714,-0.782413878074827
"M_041","Eulampis jugularis",2,14,0.142857142857143,-0.452572733396224
"M_041","Hemiargus hanno",1,14,0.0714285714285714,-0.782413878074827
"M_041","Janonia evarete",3,14,0.214285714285714,-0.12273158871762
"M_041","Loxigilla noctis",1,14,0.0714285714285714,-0.782413878074827
"M_041","Marpesia petreus",1,14,0.0714285714285714,-0.782413878074827
"M_041","Orthorhyncus cristatus",14,14,1,3.50552100274702
"M_041","Phoebis sp1 M PL 041",3,14,0.214285714285714,-0.12273158871762
"M_041","Polygonus sp1 M PL 041",3,14,0.214285714285714,-0.12273158871762
"M_041","Pyrgus oileus",1,14,0.0714285714285714,-0.782413878074827
"M_041","Unidentified sp1 M PL 041",10,14,0.714285714285714,2.18615642403261
"M_041","Unidentified sp10 M PL 041",3,14,0.214285714285714,-0.12273158871762
"M_041","Unidentified sp11 M PL 041",1,14,0.0714285714285714,-0.782413878074827
"M_041","Unidentified sp12 M PL 041",1,14,0.0714285714285714,-0.782413878074827
"M_041","Unidentified sp13 M PL 041",1,14,0.0714285714285714,-0.782413878074827
"M_041","Unidentified sp15 M PL 041",1,14,0.0714285714285714,-0.782413878074827
"M_041","Unidentified sp16 M PL 041",1,14,0.0714285714285714,-0.782413878074827
"M_041","Unidentified sp17 M PL 041",1,14,0.0714285714285714,-0.782413878074827
"M_041","Unidentified sp18 M PL 041",1,14,0.0714285714285714,-0.782413878074827
"M_041","Unidentified sp19 M PL 041",1,14,0.0714285714285714,-0.782413878074827
"M_041","Unidentified sp2 M PL 041",9,14,0.642857142857143,1.856315279354
"M_041","Unidentified sp20 M PL 041",1,14,0.0714285714285714,-0.782413878074827
"M_041","Unidentified sp3 M PL 041",6,14,0.428571428571429,0.866791845318191
"M_041","Unidentified sp4 M PL 041",6,14,0.428571428571429,0.866791845318191
"M_041","Unidentified sp5 M PL 041",5,14,0.357142857142857,0.536950700639587
"M_041","Unidentified sp6 M PL 041",4,14,0.285714285714286,0.207109555960984
"M_041","Unidentified sp7 M PL 041",4,14,0.285714285714286,0.207109555960984
"M_041","Unidentified sp8 M PL 041",3,14,0.214285714285714,-0.12273158871762
"M_041","Unidentified sp9 M PL 041",2,14,0.142857142857143,-0.452572733396224
"M_041","Urbanus sp1 M PL 041",3,14,0.214285714285714,-0.12273158871762
"M_041","Wasmannia auropunctata",5,14,0.357142857142857,0.536950700639587
"M_041","Xylocopa sp1 M PL 041",6,14,0.428571428571429,0.866791845318191
"M_042","Halmenus cuspidatus",5,11,0.454545454545455,0.207256668072419
"M_042","Lepidanthrax tinctus",6,11,0.545454545454545,0.455964669759323
"M_042","Phoebis sennae",1,11,0.0909090909090909,-0.787575338675194
"M_042","Unidentified sp1 M PL 042",1,11,0.0909090909090909,-0.787575338675194
"M_042","Unidentified sp2 M PL 042",1,11,0.0909090909090909,-0.787575338675194
"M_042","Xylocopa darwini",11,11,1,1.69950467819384
"M_043","Adscita statices",6,18,0.333333333333333,0.999773670548669
"M_043","Apion aeneum",1,18,0.0555555555555556,-0.694057754761059
"M_043","Apion flavipes",1,18,0.0555555555555556,-0.694057754761059
"M_043","Apion hookeri",3,18,0.166666666666667,-0.0165251846371681
"M_043","Apion meliloti",1,18,0.0555555555555556,-0.694057754761059
"M_043","Apion rufirostre",2,18,0.111111111111111,-0.355291469699114
"M_043","Apocrita sp1 M PL 043",13,18,0.722222222222222,3.37113766598229
"M_043","Bombus campestris",2,18,0.111111111111111,-0.355291469699114
"M_043","Bombus hortorum",7,18,0.388888888888889,1.33853995561061
"M_043","Bombus lapidarius",4,18,0.222222222222222,0.322241100424777
"M_043","Bombus lucorum",1,18,0.0555555555555556,-0.694057754761059
"M_043","Bombus pascuorum",10,18,0.555555555555556,2.35483881079645
"M_043","Bombus pratorum",3,18,0.166666666666667,-0.0165251846371681
"M_043","Bombus ruderatus",1,18,0.0555555555555556,-0.694057754761059
"M_043","Bombus rupestris",1,18,0.0555555555555556,-0.694057754761059
"M_043","Bombus soroeensis",2,18,0.111111111111111,-0.355291469699114
"M_043","Bombus terrestris",3,18,0.166666666666667,-0.0165251846371681
"M_043","Byturus aestivus",1,18,0.0555555555555556,-0.694057754761059
"M_043","Ceuthorrhynchus assimilis",3,18,0.166666666666667,-0.0165251846371681
"M_043","Ceutorrhynchus rugulosus",1,18,0.0555555555555556,-0.694057754761059
"M_043","Cheilosia albitarsis",1,18,0.0555555555555556,-0.694057754761059
"M_043","Cheilosia impressa",1,18,0.0555555555555556,-0.694057754761059
"M_043","Cheilosia velutina",1,18,0.0555555555555556,-0.694057754761059
"M_043","Chrysogaster cemiteriorum",1,18,0.0555555555555556,-0.694057754761059
"M_043","Clytus arietis",2,18,0.111111111111111,-0.355291469699114
"M_043","Coccinella septempunctata",4,18,0.222222222222222,0.322241100424777
"M_043","Corticarina gibbosa",1,18,0.0555555555555556,-0.694057754761059
"M_043","Crambus pratella",6,18,0.333333333333333,0.999773670548669
"M_043","Diptera sp1 M PL 043",1,18,0.0555555555555556,-0.694057754761059
"M_043","Enicmus transversus",1,18,0.0555555555555556,-0.694057754761059
"M_043","Eoseristalis abusivus",5,18,0.277777777777778,0.661007385486723
"M_043","Eoseristalis arbustorum",1,18,0.0555555555555556,-0.694057754761059
"M_043","Episyrphus balteatus",6,18,0.333333333333333,0.999773670548669
"M_043","Epuraea depressa",1,18,0.0555555555555556,-0.694057754761059
"M_043","Eristalinus sepulchralis",1,18,0.0555555555555556,-0.694057754761059
"M_043","Eumerus tuberculatus",4,18,0.222222222222222,0.322241100424777
"M_043","Leptura rubra",5,18,0.277777777777778,0.661007385486723
"M_043","Malachius viridis",1,18,0.0555555555555556,-0.694057754761059
"M_043","Maniola jurtina",6,18,0.333333333333333,0.999773670548669
"M_043","Melanostoma scalare",1,18,0.0555555555555556,-0.694057754761059
"M_043","Meligethes sp1 M PL 043",18,18,1,5.06496909129202
"M_043","Meliscaeva cinctella",4,18,0.222222222222222,0.322241100424777
"M_043","Miarus campanulae",1,18,0.0555555555555556,-0.694057754761059
"M_043","Miccotrogus picirostris",1,18,0.0555555555555556,-0.694057754761059
"M_043","Nemophora degeerella",2,18,0.111111111111111,-0.355291469699114
"M_043","Olibrus aeneus",7,18,0.388888888888889,1.33853995561061
"M_043","Oulema melanopus",2,18,0.111111111111111,-0.355291469699114
"M_043","Parasyrphus malinellus",1,18,0.0555555555555556,-0.694057754761059
"M_043","Pieris napi",2,18,0.111111111111111,-0.355291469699114
"M_043","Polyommatus icarus",6,18,0.333333333333333,0.999773670548669
"M_043","Sitona lineatus",1,18,0.0555555555555556,-0.694057754761059
"M_043","Sphaerophoria menthastri",3,18,0.166666666666667,-0.0165251846371681
"M_043","Sphaerophoria scripta",2,18,0.111111111111111,-0.355291469699114
"M_043","Sphaerophoria taeniata",1,18,0.0555555555555556,-0.694057754761059
"M_043","Strangalia maculata",1,18,0.0555555555555556,-0.694057754761059
"M_043","Strophosomus capitatus",1,18,0.0555555555555556,-0.694057754761059
"M_043","Syrphus ribesii",3,18,0.166666666666667,-0.0165251846371681
"M_043","Thymelicus sylvestris",2,18,0.111111111111111,-0.355291469699114
"M_043","Unidentified sp1 M PL 043",9,18,0.5,2.01607252573451
"M_043","Unidentified sp10 M PL 043",3,18,0.166666666666667,-0.0165251846371681
"M_043","Unidentified sp11 M PL 043",3,18,0.166666666666667,-0.0165251846371681
"M_043","Unidentified sp12 M PL 043",2,18,0.111111111111111,-0.355291469699114
"M_043","Unidentified sp13 M PL 043",2,18,0.111111111111111,-0.355291469699114
"M_043","Unidentified sp14 M PL 043",2,18,0.111111111111111,-0.355291469699114
"M_043","Unidentified sp15 M PL 043",2,18,0.111111111111111,-0.355291469699114
"M_043","Unidentified sp16 M PL 043",2,18,0.111111111111111,-0.355291469699114
"M_043","Unidentified sp17 M PL 043",1,18,0.0555555555555556,-0.694057754761059
"M_043","Unidentified sp18 M PL 043",1,18,0.0555555555555556,-0.694057754761059
"M_043","Unidentified sp19 M PL 043",1,18,0.0555555555555556,-0.694057754761059
"M_043","Unidentified sp2 M PL 043",7,18,0.388888888888889,1.33853995561061
"M_043","Unidentified sp20 M PL 043",1,18,0.0555555555555556,-0.694057754761059
"M_043","Unidentified sp21 M PL 043",1,18,0.0555555555555556,-0.694057754761059
"M_043","Unidentified sp22 M PL 043",1,18,0.0555555555555556,-0.694057754761059
"M_043","Unidentified sp23 M PL 043",1,18,0.0555555555555556,-0.694057754761059
"M_043","Unidentified sp3 M PL 043",6,18,0.333333333333333,0.999773670548669
"M_043","Unidentified sp4 M PL 043",6,18,0.333333333333333,0.999773670548669
"M_043","Unidentified sp5 M PL 043",6,18,0.333333333333333,0.999773670548669
"M_043","Unidentified sp6 M PL 043",5,18,0.277777777777778,0.661007385486723
"M_043","Unidentified sp7 M PL 043",5,18,0.277777777777778,0.661007385486723
"M_043","Unidentified sp8 M PL 043",4,18,0.222222222222222,0.322241100424777
"M_043","Unidentified sp9 M PL 043",4,18,0.222222222222222,0.322241100424777
"M_043","Zygaena filipendulae",1,18,0.0555555555555556,-0.694057754761059
"M_044","Acalyptus sp1 M PL 044",3,25,0.12,0.536304391579045
"M_044","Adelphocoris demissus",2,25,0.08,0.0710488723886769
"M_044","Aethaloessa calidalis",1,25,0.04,-0.394206646801691
"M_044","Agemilla dulcifera subflavescens",1,25,0.04,-0.394206646801691
"M_044","Allecula shibatai",4,25,0.16,1.00155991076941
"M_044","Allecula tenuis",2,25,0.08,0.0710488723886769
"M_044","Allobaccha nubilipennis",5,25,0.2,1.46681542995978
"M_044","Allograpta javania",3,25,0.12,0.536304391579045
"M_044","Amegilla dulcifera subflavescens",8,25,0.32,2.86258198753089
"M_044","Ampedus amamiensis",4,25,0.16,1.00155991076941
"M_044","Ampedus aritai",1,25,0.04,-0.394206646801691
"M_044","Anadastus melanosternus",1,25,0.04,-0.394206646801691
"M_044","Anaspis shibatai",6,25,0.24,1.93207094915015
"M_044","Andrallus sp1 M PL 044",1,25,0.04,-0.394206646801691
"M_044","Andrena Knuthi",2,25,0.08,0.0710488723886769
"M_044","Andrena amamiensis",2,25,0.08,0.0710488723886769
"M_044","Andrena edashigei",3,25,0.12,0.536304391579045
"M_044","Andrena esakki",1,25,0.04,-0.394206646801691
"M_044","Andrena hirashimai",1,25,0.04,-0.394206646801691
"M_044","Andrena opacifovea",2,25,0.08,0.0710488723886769
"M_044","Anisolabis maritima",4,25,0.16,1.00155991076941
"M_044","Anisostira rugipennis",1,25,0.04,-0.394206646801691
"M_044","Anomalempis sp1 M PL 044",5,25,0.2,1.46681542995978
"M_044","Anomia sp1 M PL 044",1,25,0.04,-0.394206646801691
"M_044","Anomia sp2 M PL 044",1,25,0.04,-0.394206646801691
"M_044","Anoplolepis longipes",1,25,0.04,-0.394206646801691
"M_044","Anornalempis sp1 M PL 044",1,25,0.04,-0.394206646801691
"M_044","Anthaxia moya",5,25,0.2,1.46681542995978
"M_044","Antherhynchium flavomargtnatum",1,25,0.04,-0.394206646801691
"M_044","Anthicus shibatai",3,25,0.12,0.536304391579045
"M_044","Anthocoris miyamotoi",1,25,0.04,-0.394206646801691
"M_044","Anthonomus sp1 M PL 044",1,25,0.04,-0.394206646801691
"M_044","Aphothona amamiana",1,25,0.04,-0.394206646801691
"M_044","Aphothona foudrasi",1,25,0.04,-0.394206646801691
"M_044","Aphtona formosana",1,25,0.04,-0.394206646801691
"M_044","Apis cerana",3,25,0.12,0.536304391579045
"M_044","Apis mellifera",2,25,0.08,0.0710488723886769
"M_044","Arthromacra amamiana",1,25,0.04,-0.394206646801691
"M_044","Asarkina ericetorum",1,25,0.04,-0.394206646801691
"M_044","Asarkina porcina",2,25,0.08,0.0710488723886769
"M_044","Athalia japonica",1,25,0.04,-0.394206646801691
"M_044","Athemus sp1 M PL 044",2,25,0.08,0.0710488723886769
"M_044","Atlobaccha nubilipennis",1,25,0.04,-0.394206646801691
"M_044","Attalus chujoanus",4,25,0.16,1.00155991076941
"M_044","Attalus ryukyuanus",7,25,0.28,2.39732646834052
"M_044","Atylotus sawadaisp",1,25,0.04,-0.394206646801691
"M_044","Aulacophora femoralis",3,25,0.12,0.536304391579045
"M_044","Aulacophora nigripennis",1,25,0.04,-0.394206646801691
"M_044","Aulacophora sp1 M PL 044",2,25,0.08,0.0710488723886769
"M_044","Baris kiboshi",1,25,0.04,-0.394206646801691
"M_044","Bertsa lankana",1,25,0.04,-0.394206646801691
"M_044","Betacixius sp1 M PL 044",2,25,0.08,0.0710488723886769
"M_044","Bibio sp1 M PL 044",1,25,0.04,-0.394206646801691
"M_044","Bilia japonica",1,25,0.04,-0.394206646801691
"M_044","Bocchoris inspersalis",1,25,0.04,-0.394206646801691
"M_044","Bombylius major",2,25,0.08,0.0710488723886769
"M_044","Borboresthes sauteri oshimana",5,25,0.2,1.46681542995978
"M_044","Byasa alcinous loochooana",2,25,0.08,0.0710488723886769
"M_044","Caeciliidae sp20 M PL 044",3,25,0.12,0.536304391579045
"M_044","Caecilius oyamai",5,25,0.2,1.46681542995978
"M_044","Callimerus ryukyuensis",1,25,0.04,-0.394206646801691
"M_044","Calliphora lata",1,25,0.04,-0.394206646801691
"M_044","Caloptilia sp1 M PL 044",1,25,0.04,-0.394206646801691
"M_044","Campsomeris testaceipes",1,25,0.04,-0.394206646801691
"M_044","Camptomastix hisbonalis",1,25,0.04,-0.394206646801691
"M_044","Campylomma lividicornis",2,25,0.08,0.0710488723886769
"M_044","Carinosolia melanosoma fascinata",3,25,0.12,0.536304391579045
"M_044","Carpelimus siamensis",2,25,0.08,0.0710488723886769
"M_044","Carpelius exigussp",6,25,0.24,1.93207094915015
"M_044","Carpophilus tenuis",1,25,0.04,-0.394206646801691
"M_044","Cassida circumdata",2,25,0.08,0.0710488723886769
"M_044","Catopsitia pomona",1,25,0.04,-0.394206646801691
"M_044","Celastrina argiolus ladonides",1,25,0.04,-0.394206646801691
"M_044","Cephalochrysa sp1 M PL 044",1,25,0.04,-0.394206646801691
"M_044","Ceratina okinawana",1,25,0.04,-0.394206646801691
"M_044","Ceratina satoi",2,25,0.08,0.0710488723886769
"M_044","Cerceris yuwanensis",1,25,0.04,-0.394206646801691
"M_044","Cerogia notabilis",1,25,0.04,-0.394206646801691
"M_044","Cersium fuscum",2,25,0.08,0.0710488723886769
"M_044","Chalcosyrphus annulipes",1,25,0.04,-0.394206646801691
"M_044","Chalicodoma disjunctiformis",1,25,0.04,-0.394206646801691
"M_044","Charitovalgus laetus",3,25,0.12,0.536304391579045
"M_044","Chatanys insularis istoi",1,25,0.04,-0.394206646801691
"M_044","Chaticodoma sculpturalis",2,25,0.08,0.0710488723886769
"M_044","Cheilosia sp1 M PL 044",2,25,0.08,0.0710488723886769
"M_044","Cheilosia sp2 M PL 044",1,25,0.04,-0.394206646801691
"M_044","Chiagasinus vittiger rufomarginatus",3,25,0.12,0.536304391579045
"M_044","Chlamisus japonicus",1,25,0.04,-0.394206646801691
"M_044","Chloridolum leochooanum",1,25,0.04,-0.394206646801691
"M_044","Chlorophorus quinquefasciatus",2,25,0.08,0.0710488723886769
"M_044","Choaspes benjaminii japonica",2,25,0.08,0.0710488723886769
"M_044","Choragus sp1 M PL 044",1,25,0.04,-0.394206646801691
"M_044","Chrisaeglia magnifica",1,25,0.04,-0.394206646801691
"M_044","Chrysodema lewisii",2,25,0.08,0.0710488723886769
"M_044","Chrysomya megacephala",2,25,0.08,0.0710488723886769
"M_044","Chrysomya pinguis",5,25,0.2,1.46681542995978
"M_044","Chrysomya rufifacies",1,25,0.04,-0.394206646801691
"M_044","Chrysopa furcifera",1,25,0.04,-0.394206646801691
"M_044","Chrysopa sp1 M PL 044",1,25,0.04,-0.394206646801691
"M_044","Chrysopa sp2 M PL 044",1,25,0.04,-0.394206646801691
"M_044","Chrysotoxum testaceum",3,25,0.12,0.536304391579045
"M_044","Colletes perforator",2,25,0.08,0.0710488723886769
"M_044","Colocasiomyia alocasiae",1,25,0.04,-0.394206646801691
"M_044","Colocasiomyia xenalocasiae",1,25,0.04,-0.394206646801691
"M_044","Colpodes ishidai",2,25,0.08,0.0710488723886769
"M_044","Conogethes punctiberalis",1,25,0.04,-0.394206646801691
"M_044","Cossonus sp1 M PL 044",1,25,0.04,-0.394206646801691
"M_044","Cryptocephalus perelegans",4,25,0.16,1.00155991076941
"M_044","Cryptogonus horishanus",5,25,0.2,1.46681542995978
"M_044","Cryptogonus orbiculus",1,25,0.04,-0.394206646801691
"M_044","Cyphicerus sp1 M PL 044",2,25,0.08,0.0710488723886769
"M_044","Cyphon puncticeps hisamatsui",1,25,0.04,-0.394206646801691
"M_044","Cyphon sinuosus",1,25,0.04,-0.394206646801691
"M_044","Cyphon sp1 M PL 044",1,25,0.04,-0.394206646801691
"M_044","Deferunda rubrostigma",2,25,0.08,0.0710488723886769
"M_044","Demotina major",1,25,0.04,-0.394206646801691
"M_044","Desmometopa sp1 M PL 044",1,25,0.04,-0.394206646801691
"M_044","Dictyophara patruelis",3,25,0.12,0.536304391579045
"M_044","Didea alneti",1,25,0.04,-0.394206646801691
"M_044","Dioxyna sororcula",7,25,0.28,2.39732646834052
"M_044","Diphtheroptila sp1 M PL 044",1,25,0.04,-0.394206646801691
"M_044","Dysderus philippinus",1,25,0.04,-0.394206646801691
"M_044","Ectemnius confinissp",1,25,0.04,-0.394206646801691
"M_044","Ectinohoplia gracilis",3,25,0.12,0.536304391579045
"M_044","Elaphromyia imcompleta",1,25,0.04,-0.394206646801691
"M_044","Elasmostethus humeralis",1,25,0.04,-0.394206646801691
"M_044","Endelus opacipennis",1,25,0.04,-0.394206646801691
"M_044","Ensina sonchi",1,25,0.04,-0.394206646801691
"M_044","Eobia cinereipennis",1,25,0.04,-0.394206646801691
"M_044","Eocanthecoma kyushuensis",1,25,0.04,-0.394206646801691
"M_044","Epania septentrionalis",1,25,0.04,-0.394206646801691
"M_044","Epiacanthus stramineus",1,25,0.04,-0.394206646801691
"M_044","Epilachna vigintioctopunctata",1,25,0.04,-0.394206646801691
"M_044","Episymploce amamtensis",1,25,0.04,-0.394206646801691
"M_044","Episyrphus balteata",8,25,0.32,2.86258198753089
"M_044","Epuraea commutata",2,25,0.08,0.0710488723886769
"M_044","Epuraea dentipes",2,25,0.08,0.0710488723886769
"M_044","Eristalinus arvorumsp",2,25,0.08,0.0710488723886769
"M_044","Eristalinus quinquestriatum",2,25,0.08,0.0710488723886769
"M_044","Eristalinus viridis",1,25,0.04,-0.394206646801691
"M_044","Eristalis tenax",2,25,0.08,0.0710488723886769
"M_044","Eumerus okinawaensis",9,25,0.36,3.32783750672125
"M_044","Eumicromus confusus",1,25,0.04,-0.394206646801691
"M_044","Eupeodes corollae",1,25,0.04,-0.394206646801691
"M_044","Eupoasca polyphemus",1,25,0.04,-0.394206646801691
"M_044","Euricania ocellus",1,25,0.04,-0.394206646801691
"M_044","Eurystylus sauteri",13,25,0.52,5.18885958348273
"M_044","Euscartopsis zonalis",4,25,0.16,1.00155991076941
"M_044","Euseboides matsudai",1,25,0.04,-0.394206646801691
"M_044","Eusphalerum lewisisp",1,25,0.04,-0.394206646801691
"M_044","Eutrichosiphum pasaniae",1,25,0.04,-0.394206646801691
"M_044","Exosoma amamiense",9,25,0.36,3.32783750672125
"M_044","Exptochiomera japonica",2,25,0.08,0.0710488723886769
"M_044","Formosopyrrhona satoi",1,25,0.04,-0.394206646801691
"M_044","Gargara genistae",2,25,0.08,0.0710488723886769
"M_044","Geisha distinctissima",3,25,0.12,0.536304391579045
"M_044","Glaucias subpunctatus",1,25,0.04,-0.394206646801691
"M_044","Glenea Chlorospila",1,25,0.04,-0.394206646801691
"M_044","Graphium sarpedon nipponum",5,25,0.2,1.46681542995978
"M_044","Graphosoma rubrolineatum",1,25,0.04,-0.394206646801691
"M_044","Habroloma liukiuense",1,25,0.04,-0.394206646801691
"M_044","Habroloma nixillum insulicola",1,25,0.04,-0.394206646801691
"M_044","Halticiellus insulatis",1,25,0.04,-0.394206646801691
"M_044","Haptoncurina motschulskii",2,25,0.08,0.0710488723886769
"M_044","Haptoncus concolorsp",4,25,0.16,1.00155991076941
"M_044","Haptoncus luteolussp",1,25,0.04,-0.394206646801691
"M_044","Harmonia yedoensis",3,25,0.12,0.536304391579045
"M_044","Hayekpenthes pallidus",1,25,0.04,-0.394206646801691
"M_044","Hemipyxis cinctipennis",2,25,0.08,0.0710488723886769
"M_044","Hespera lomasa",1,25,0.04,-0.394206646801691
"M_044","Hydropsychoides sp1 M PL 044",1,25,0.04,-0.394206646801691
"M_044","Hydropsychoides sp2 M PL 044",1,25,0.04,-0.394206646801691
"M_044","Hylaeus insularum",18,25,0.72,7.51513717943457
"M_044","Hymenia recurvalis",2,25,0.08,0.0710488723886769
"M_044","Hyperalonia tantalus",1,25,0.04,-0.394206646801691
"M_044","Idiocerus sp1 M PL 044",1,25,0.04,-0.394206646801691
"M_044","Ischirosyrphus sp1 M PL 044",1,25,0.04,-0.394206646801691
"M_044","Isodontia nigella",1,25,0.04,-0.394206646801691
"M_044","Kandyosilis mucronata",1,25,0.04,-0.394206646801691
"M_044","Lachesilla sp1 M PL 044",2,25,0.08,0.0710488723886769
"M_044","Lasioglossum amamiensis",3,25,0.12,0.536304391579045
"M_044","Lasioglossum nutilum",6,25,0.24,1.93207094915015
"M_044","Lasioglossum sp1 M PL 044",3,25,0.12,0.536304391579045
"M_044","Lasioglossum sp2 M PL 044",2,25,0.08,0.0710488723886769
"M_044","Lasioglossum sp3 M PL 044",1,25,0.04,-0.394206646801691
"M_044","Lasioglossum subopacum",9,25,0.36,3.32783750672125
"M_044","Lebia purkynei",1,25,0.04,-0.394206646801691
"M_044","Lebidia octoguttata",1,25,0.04,-0.394206646801691
"M_044","Leeuwenia pasanii",1,25,0.04,-0.394206646801691
"M_044","Leeuwenia sp1 M PL 044",1,25,0.04,-0.394206646801691
"M_044","Lemnia biplagiata",1,25,0.04,-0.394206646801691
"M_044","Leptogaster augustasp",1,25,0.04,-0.394206646801691
"M_044","Leptura ochraceofasciata amamiana",2,25,0.08,0.0710488723886769
"M_044","Liorhyssum hyalinus",2,25,0.08,0.0710488723886769
"M_044","Lithurge collaris",3,25,0.12,0.536304391579045
"M_044","Lucilia porphyrina",1,25,0.04,-0.394206646801691
"M_044","Lygocoris sp1 M PL 044",11,25,0.44,4.25834854510199
"M_044","Lygocoris sp10 M PL 044",1,25,0.04,-0.394206646801691
"M_044","Lygocoris sp2 M PL 044",6,25,0.24,1.93207094915015
"M_044","Lygocoris sp3 M PL 044",1,25,0.04,-0.394206646801691
"M_044","Lygocoris sp4 M PL 044",1,25,0.04,-0.394206646801691
"M_044","Lygocoris sp5 M PL 044",1,25,0.04,-0.394206646801691
"M_044","Lygocoris sp6 M PL 044",1,25,0.04,-0.394206646801691
"M_044","Lygocoris sp7 M PL 044",1,25,0.04,-0.394206646801691
"M_044","Lygocoris sp8 M PL 044",1,25,0.04,-0.394206646801691
"M_044","Lygocoris sp9 M PL 044",1,25,0.04,-0.394206646801691
"M_044","Macratria griseosellata",3,25,0.12,0.536304391579045
"M_044","Macrocorynus sp1 M PL 044",3,25,0.12,0.536304391579045
"M_044","Macroglossum corythus",6,25,0.24,1.93207094915015
"M_044","Macroglossum passalus",1,25,0.04,-0.394206646801691
"M_044","Macroglossum saga",1,25,0.04,-0.394206646801691
"M_044","Malthinellus chujoi",1,25,0.04,-0.394206646801691
"M_044","Malthinus okinawanus",2,25,0.08,0.0710488723886769
"M_044","Matsumuraiella sp1 M PL 044",1,25,0.04,-0.394206646801691
"M_044","Matsumurella kogotensis",1,25,0.04,-0.394206646801691
"M_044","Mediza sp1 M PL 044",2,25,0.08,0.0710488723886769
"M_044","Megachile nipponica amamiensis",1,25,0.04,-0.394206646801691
"M_044","Megachile okinawana",4,25,0.16,1.00155991076941
"M_044","Meligethes shirakii",2,25,0.08,0.0710488723886769
"M_044","Menochitus sexmaculatus",1,25,0.04,-0.394206646801691
"M_044","Mesepora onukii",2,25,0.08,0.0710488723886769
"M_044","Microchrysa flaviventris",1,25,0.04,-0.394206646801691
"M_044","Milesia oshimaensis",2,25,0.08,0.0710488723886769
"M_044","Monalocoris filicis",1,25,0.04,-0.394206646801691
"M_044","Monolepta chujoi",5,25,0.2,1.46681542995978
"M_044","Mordellina amamiensis",3,25,0.12,0.536304391579045
"M_044","Mordellina brunneotincta",2,25,0.08,0.0710488723886769
"M_044","Mordellina polleola",1,25,0.04,-0.394206646801691
"M_044","Mordellina tsutsuii",14,25,0.56,5.6541151026731
"M_044","Mordellistena edashigei",4,25,0.16,1.00155991076941
"M_044","Nacaduba kurava septentrionalis",5,25,0.2,1.46681542995978
"M_044","Nacoleia satsumalis",1,25,0.04,-0.394206646801691
"M_044","Nanohyes plumbeus",1,25,0.04,-0.394206646801691
"M_044","Nemophora aurifera",1,25,0.04,-0.394206646801691
"M_044","Nemophora umbripenis",1,25,0.04,-0.394206646801691
"M_044","Neocrepidodera recticollis",3,25,0.12,0.536304391579045
"M_044","Neolethaeus dallasi",2,25,0.08,0.0710488723886769
"M_044","Nesiope ornata",1,25,0.04,-0.394206646801691
"M_044","Nipponosialis amamiensis",1,25,0.04,-0.394206646801691
"M_044","Nirvana orientalis",3,25,0.12,0.536304391579045
"M_044","Nodena sp1 M PL 044",1,25,0.04,-0.394206646801691
"M_044","Nodina chalcosoma",1,25,0.04,-0.394206646801691
"M_044","Nomia pavonula",2,25,0.08,0.0710488723886769
"M_044","Nonartha variabile",1,25,0.04,-0.394206646801691
"M_044","Ochetelus itoi",1,25,0.04,-0.394206646801691
"M_044","Oedemeronia sexualis",4,25,0.16,1.00155991076941
"M_044","Oedemeronia testaceithorax",8,25,0.32,2.86258198753089
"M_044","Oiphinus formosanussp",1,25,0.04,-0.394206646801691
"M_044","Okinawepipona kogimai nagasei",2,25,0.08,0.0710488723886769
"M_044","Oliarus okinawanus",4,25,0.16,1.00155991076941
"M_044","Olibrus consanguineus",1,25,0.04,-0.394206646801691
"M_044","Onychostylus pallidiolus",5,25,0.2,1.46681542995978
"M_044","Oomorphoides loochooensis",1,25,0.04,-0.394206646801691
"M_044","Oomorphoides sp1 M PL 044",1,25,0.04,-0.394206646801691
"M_044","Ophyra leucostoma",1,25,0.04,-0.394206646801691
"M_044","Ornebius kanetataki",1,25,0.04,-0.394206646801691
"M_044","Orphinus quadrimaculatus",3,25,0.12,0.536304391579045
"M_044","Orthaltica shirozui",2,25,0.08,0.0710488723886769
"M_044","Oxycetonia forticula forticula",6,25,0.24,1.93207094915015
"M_044","Papilio Protenor demetrius",1,25,0.04,-0.394206646801691
"M_044","Papilio bianor amamiensis",2,25,0.08,0.0710488723886769
"M_044","Papilio helenus nicconicoleus",3,25,0.12,0.536304391579045
"M_044","Papilio memnon thunbergii",1,25,0.04,-0.394206646801691
"M_044","Parantica sita niphonica",1,25,0.04,-0.394206646801691
"M_044","Paraoxyna bidentis",2,25,0.08,0.0710488723886769
"M_044","Parapantitius flavomarginatus",1,25,0.04,-0.394206646801691
"M_044","Parasyrphus aeneostoma",1,25,0.04,-0.394206646801691
"M_044","Paratrechina flavipes",1,25,0.04,-0.394206646801691
"M_044","Parnara guttata guttata",1,25,0.04,-0.394206646801691
"M_044","Pelopidas mathias oberthueri",1,25,0.04,-0.394206646801691
"M_044","Penthelater plebejus",1,25,0.04,-0.394206646801691
"M_044","Penthimia guttula",1,25,0.04,-0.394206646801691
"M_044","Philonicus sp1 M PL 044",1,25,0.04,-0.394206646801691
"M_044","Philophyla superflucta",1,25,0.04,-0.394206646801691
"M_044","Pholo octodecimguttata",1,25,0.04,-0.394206646801691
"M_044","Phytomia zonata",6,25,0.24,1.93207094915015
"M_044","Plectoderoides vittifrons",2,25,0.08,0.0710488723886769
"M_044","Podabrus ihai",1,25,0.04,-0.394206646801691
"M_044","Podabrus sp1 M PL 044",3,25,0.12,0.536304391579045
"M_044","Podabrus sp2 M PL 044",2,25,0.08,0.0710488723886769
"M_044","Podabrus sp3 M PL 044",4,25,0.16,1.00155991076941
"M_044","Polistes japonicus japonicus",1,25,0.04,-0.394206646801691
"M_044","Polistes rothneyi iwatai",1,25,0.04,-0.394206646801691
"M_044","Popilitia insularis",1,25,0.04,-0.394206646801691
"M_044","Pristomyrmex Pungeus",1,25,0.04,-0.394206646801691
"M_044","Protaetia exasperata exasperata",1,25,0.04,-0.394206646801691
"M_044","Protaetia lewisi leachi",1,25,0.04,-0.394206646801691
"M_044","Protaetia pryeri oschimana",1,25,0.04,-0.394206646801691
"M_044","Prothemus ryukyuanus",2,25,0.08,0.0710488723886769
"M_044","Psamoecus triguttatus",1,25,0.04,-0.394206646801691
"M_044","Pseudiphra obscura",2,25,0.08,0.0710488723886769
"M_044","Pseudoloterus syzetonsp",1,25,0.04,-0.394206646801691
"M_044","Psococerastis sp1 M PL 044",1,25,0.04,-0.394206646801691
"M_044","Psococerastis sp2 M PL 044",1,25,0.04,-0.394206646801691
"M_044","Psococerastis sp3 M PL 044",1,25,0.04,-0.394206646801691
"M_044","Ptectoderoides vittifrons",1,25,0.04,-0.394206646801691
"M_044","Quasimus formosanus",3,25,0.12,0.536304391579045
"M_044","Quasimus sp1 M PL 044",1,25,0.04,-0.394206646801691
"M_044","Rhotana sp1 M PL 044",1,25,0.04,-0.394206646801691
"M_044","Ricania japonica",1,25,0.04,-0.394206646801691
"M_044","Sastragala esakii",1,25,0.04,-0.394206646801691
"M_044","Scedella formosella",1,25,0.04,-0.394206646801691
"M_044","Scirtes okinawanus",1,25,0.04,-0.394206646801691
"M_044","Scolia kuroiwaisp",1,25,0.04,-0.394206646801691
"M_044","Scymnus marinus",1,25,0.04,-0.394206646801691
"M_044","Scymnus miyatakei",1,25,0.04,-0.394206646801691
"M_044","Scymnus sodalis",8,25,0.32,2.86258198753089
"M_044","Senopterina sp1 M PL 044",1,25,0.04,-0.394206646801691
"M_044","Sepedophilus sp1 M PL 044",1,25,0.04,-0.394206646801691
"M_044","Siphunculina sp1 M PL 044",7,25,0.28,2.39732646834052
"M_044","Smoragdina quadratoma culata",1,25,0.04,-0.394206646801691
"M_044","Sphenella sinensis",2,25,0.08,0.0710488723886769
"M_044","Spodoptera litura",1,25,0.04,-0.394206646801691
"M_044","Stenocallinerus prasinatus",1,25,0.04,-0.394206646801691
"M_044","Stenodryas clavigera",1,25,0.04,-0.394206646801691
"M_044","Stenodynerus kushigemati tsunekii",1,25,0.04,-0.394206646801691
"M_044","Stenolophus fulnicornis",1,25,0.04,-0.394206646801691
"M_044","Stenopsocus sp1 M PL 044",1,25,0.04,-0.394206646801691
"M_044","Stictomyia sp1 M PL 044",1,25,0.04,-0.394206646801691
"M_044","Stomorhina obsoleta",25,25,1,10.7719258137671
"M_044","Stragamia mundus",1,25,0.04,-0.394206646801691
"M_044","Tachysphex japonicus",1,25,0.04,-0.394206646801691
"M_044","Tachytessp sp1 M PL 044",1,25,0.04,-0.394206646801691
"M_044","Tanyptera sp1 M PL 044",1,25,0.04,-0.394206646801691
"M_044","Technomyrmex albipes",4,25,0.16,1.00155991076941
"M_044","Tetralonia okinawae okinawae",11,25,0.44,4.25834854510199
"M_044","Tetramonium bicarinatum",1,25,0.04,-0.394206646801691
"M_044","Themus kazuoi",2,25,0.08,0.0710488723886769
"M_044","Tinginotum perlatum",2,25,0.08,0.0710488723886769
"M_044","Tituria angulata",1,25,0.04,-0.394206646801691
"M_044","Tolidopalpus galloisi",1,25,0.04,-0.394206646801691
"M_044","Tolidostena atripennis",1,25,0.04,-0.394206646801691
"M_044","Tortyra divitiosa",1,25,0.04,-0.394206646801691
"M_044","Toxorhynchites manicans yamadai",1,25,0.04,-0.394206646801691
"M_044","Trioza nigra",2,25,0.08,0.0710488723886769
"M_044","Trogoderma sp1 M PL 044",1,25,0.04,-0.394206646801691
"M_044","Tropidothorax belogolowi",1,25,0.04,-0.394206646801691
"M_044","Tychius sp1 M PL 044",1,25,0.04,-0.394206646801691
"M_044","Unidentified sp1 M PL 044",3,25,0.12,0.536304391579045
"M_044","Unidentified sp10 M PL 044",1,25,0.04,-0.394206646801691
"M_044","Unidentified sp100 M PL 044",1,25,0.04,-0.394206646801691
"M_044","Unidentified sp101 M PL 044",1,25,0.04,-0.394206646801691
"M_044","Unidentified sp102 M PL 044",1,25,0.04,-0.394206646801691
"M_044","Unidentified sp103 M PL 044",1,25,0.04,-0.394206646801691
"M_044","Unidentified sp104 M PL 044",1,25,0.04,-0.394206646801691
"M_044","Unidentified sp105 M PL 044",1,25,0.04,-0.394206646801691
"M_044","Unidentified sp106 M PL 044",1,25,0.04,-0.394206646801691
"M_044","Unidentified sp107 M PL 044",1,25,0.04,-0.394206646801691
"M_044","Unidentified sp108 M PL 044",1,25,0.04,-0.394206646801691
"M_044","Unidentified sp109 M PL 044",1,25,0.04,-0.394206646801691
"M_044","Unidentified sp11 M PL 044",2,25,0.08,0.0710488723886769
"M_044","Unidentified sp110 M PL 044",1,25,0.04,-0.394206646801691
"M_044","Unidentified sp111 M PL 044",1,25,0.04,-0.394206646801691
"M_044","Unidentified sp112 M PL 044",1,25,0.04,-0.394206646801691
"M_044","Unidentified sp113 M PL 044",1,25,0.04,-0.394206646801691
"M_044","Unidentified sp114 M PL 044",1,25,0.04,-0.394206646801691
"M_044","Unidentified sp115 M PL 044",1,25,0.04,-0.394206646801691
"M_044","Unidentified sp116 M PL 044",1,25,0.04,-0.394206646801691
"M_044","Unidentified sp117 M PL 044",1,25,0.04,-0.394206646801691
"M_044","Unidentified sp118 M PL 044",1,25,0.04,-0.394206646801691
"M_044","Unidentified sp119 M PL 044",1,25,0.04,-0.394206646801691
"M_044","Unidentified sp12 M PL 044",1,25,0.04,-0.394206646801691
"M_044","Unidentified sp120 M PL 044",1,25,0.04,-0.394206646801691
"M_044","Unidentified sp121 M PL 044",1,25,0.04,-0.394206646801691
"M_044","Unidentified sp122 M PL 044",1,25,0.04,-0.394206646801691
"M_044","Unidentified sp123 M PL 044",1,25,0.04,-0.394206646801691
"M_044","Unidentified sp124 M PL 044",1,25,0.04,-0.394206646801691
"M_044","Unidentified sp125 M PL 044",1,25,0.04,-0.394206646801691
"M_044","Unidentified sp126 M PL 044",1,25,0.04,-0.394206646801691
"M_044","Unidentified sp127 M PL 044",1,25,0.04,-0.394206646801691
"M_044","Unidentified sp128 M PL 044",1,25,0.04,-0.394206646801691
"M_044","Unidentified sp129 M PL 044",1,25,0.04,-0.394206646801691
"M_044","Unidentified sp13 M PL 044",4,25,0.16,1.00155991076941
"M_044","Unidentified sp130 M PL 044",1,25,0.04,-0.394206646801691
"M_044","Unidentified sp131 M PL 044",1,25,0.04,-0.394206646801691
"M_044","Unidentified sp132 M PL 044",1,25,0.04,-0.394206646801691
"M_044","Unidentified sp133 M PL 044",1,25,0.04,-0.394206646801691
"M_044","Unidentified sp134 M PL 044",1,25,0.04,-0.394206646801691
"M_044","Unidentified sp135 M PL 044",1,25,0.04,-0.394206646801691
"M_044","Unidentified sp136 M PL 044",1,25,0.04,-0.394206646801691
"M_044","Unidentified sp137 M PL 044",1,25,0.04,-0.394206646801691
"M_044","Unidentified sp138 M PL 044",1,25,0.04,-0.394206646801691
"M_044","Unidentified sp139 M PL 044",1,25,0.04,-0.394206646801691
"M_044","Unidentified sp14 M PL 044",3,25,0.12,0.536304391579045
"M_044","Unidentified sp140 M PL 044",1,25,0.04,-0.394206646801691
"M_044","Unidentified sp141 M PL 044",1,25,0.04,-0.394206646801691
"M_044","Unidentified sp142 M PL 044",1,25,0.04,-0.394206646801691
"M_044","Unidentified sp143 M PL 044",1,25,0.04,-0.394206646801691
"M_044","Unidentified sp144 M PL 044",1,25,0.04,-0.394206646801691
"M_044","Unidentified sp145 M PL 044",1,25,0.04,-0.394206646801691
"M_044","Unidentified sp146 M PL 044",1,25,0.04,-0.394206646801691
"M_044","Unidentified sp147 M PL 044",1,25,0.04,-0.394206646801691
"M_044","Unidentified sp148 M PL 044",1,25,0.04,-0.394206646801691
"M_044","Unidentified sp149 M PL 044",1,25,0.04,-0.394206646801691
"M_044","Unidentified sp15 M PL 044",3,25,0.12,0.536304391579045
"M_044","Unidentified sp150 M PL 044",1,25,0.04,-0.394206646801691
"M_044","Unidentified sp151 M PL 044",1,25,0.04,-0.394206646801691
"M_044","Unidentified sp152 M PL 044",1,25,0.04,-0.394206646801691
"M_044","Unidentified sp153 M PL 044",1,25,0.04,-0.394206646801691
"M_044","Unidentified sp154 M PL 044",1,25,0.04,-0.394206646801691
"M_044","Unidentified sp155 M PL 044",1,25,0.04,-0.394206646801691
"M_044","Unidentified sp156 M PL 044",1,25,0.04,-0.394206646801691
"M_044","Unidentified sp157 M PL 044",1,25,0.04,-0.394206646801691
"M_044","Unidentified sp158 M PL 044",1,25,0.04,-0.394206646801691
"M_044","Unidentified sp159 M PL 044",1,25,0.04,-0.394206646801691
"M_044","Unidentified sp16 M PL 044",3,25,0.12,0.536304391579045
"M_044","Unidentified sp160 M PL 044",1,25,0.04,-0.394206646801691
"M_044","Unidentified sp161 M PL 044",1,25,0.04,-0.394206646801691
"M_044","Unidentified sp162 M PL 044",1,25,0.04,-0.394206646801691
"M_044","Unidentified sp163 M PL 044",1,25,0.04,-0.394206646801691
"M_044","Unidentified sp164 M PL 044",1,25,0.04,-0.394206646801691
"M_044","Unidentified sp165 M PL 044",1,25,0.04,-0.394206646801691
"M_044","Unidentified sp166 M PL 044",1,25,0.04,-0.394206646801691
"M_044","Unidentified sp167 M PL 044",1,25,0.04,-0.394206646801691
"M_044","Unidentified sp168 M PL 044",1,25,0.04,-0.394206646801691
"M_044","Unidentified sp169 M PL 044",1,25,0.04,-0.394206646801691
"M_044","Unidentified sp17 M PL 044",4,25,0.16,1.00155991076941
"M_044","Unidentified sp170 M PL 044",1,25,0.04,-0.394206646801691
"M_044","Unidentified sp171 M PL 044",1,25,0.04,-0.394206646801691
"M_044","Unidentified sp172 M PL 044",1,25,0.04,-0.394206646801691
"M_044","Unidentified sp173 M PL 044",1,25,0.04,-0.394206646801691
"M_044","Unidentified sp174 M PL 044",1,25,0.04,-0.394206646801691
"M_044","Unidentified sp175 M PL 044",1,25,0.04,-0.394206646801691
"M_044","Unidentified sp176 M PL 044",1,25,0.04,-0.394206646801691
"M_044","Unidentified sp177 M PL 044",1,25,0.04,-0.394206646801691
"M_044","Unidentified sp178 M PL 044",1,25,0.04,-0.394206646801691
"M_044","Unidentified sp179 M PL 044",1,25,0.04,-0.394206646801691
"M_044","Unidentified sp18 M PL 044",1,25,0.04,-0.394206646801691
"M_044","Unidentified sp180 M PL 044",1,25,0.04,-0.394206646801691
"M_044","Unidentified sp181 M PL 044",1,25,0.04,-0.394206646801691
"M_044","Unidentified sp182 M PL 044",1,25,0.04,-0.394206646801691
"M_044","Unidentified sp183 M PL 044",1,25,0.04,-0.394206646801691
"M_044","Unidentified sp184 M PL 044",1,25,0.04,-0.394206646801691
"M_044","Unidentified sp185 M PL 044",1,25,0.04,-0.394206646801691
"M_044","Unidentified sp186 M PL 044",1,25,0.04,-0.394206646801691
"M_044","Unidentified sp187 M PL 044",1,25,0.04,-0.394206646801691
"M_044","Unidentified sp188 M PL 044",1,25,0.04,-0.394206646801691
"M_044","Unidentified sp189 M PL 044",1,25,0.04,-0.394206646801691
"M_044","Unidentified sp19 M PL 044",2,25,0.08,0.0710488723886769
"M_044","Unidentified sp190 M PL 044",1,25,0.04,-0.394206646801691
"M_044","Unidentified sp191 M PL 044",1,25,0.04,-0.394206646801691
"M_044","Unidentified sp192 M PL 044",1,25,0.04,-0.394206646801691
"M_044","Unidentified sp193 M PL 044",1,25,0.04,-0.394206646801691
"M_044","Unidentified sp194 M PL 044",1,25,0.04,-0.394206646801691
"M_044","Unidentified sp195 M PL 044",1,25,0.04,-0.394206646801691
"M_044","Unidentified sp196 M PL 044",1,25,0.04,-0.394206646801691
"M_044","Unidentified sp197 M PL 044",1,25,0.04,-0.394206646801691
"M_044","Unidentified sp198 M PL 044",1,25,0.04,-0.394206646801691
"M_044","Unidentified sp199 M PL 044",1,25,0.04,-0.394206646801691
"M_044","Unidentified sp2 M PL 044",4,25,0.16,1.00155991076941
"M_044","Unidentified sp200 M PL 044",1,25,0.04,-0.394206646801691
"M_044","Unidentified sp201 M PL 044",1,25,0.04,-0.394206646801691
"M_044","Unidentified sp202 M PL 044",1,25,0.04,-0.394206646801691
"M_044","Unidentified sp203 M PL 044",1,25,0.04,-0.394206646801691
"M_044","Unidentified sp204 M PL 044",1,25,0.04,-0.394206646801691
"M_044","Unidentified sp205 M PL 044",1,25,0.04,-0.394206646801691
"M_044","Unidentified sp206 M PL 044",1,25,0.04,-0.394206646801691
"M_044","Unidentified sp207 M PL 044",1,25,0.04,-0.394206646801691
"M_044","Unidentified sp208 M PL 044",1,25,0.04,-0.394206646801691
"M_044","Unidentified sp209 M PL 044",1,25,0.04,-0.394206646801691
"M_044","Unidentified sp21 M PL 044",3,25,0.12,0.536304391579045
"M_044","Unidentified sp210 M PL 044",1,25,0.04,-0.394206646801691
"M_044","Unidentified sp211 M PL 044",1,25,0.04,-0.394206646801691
"M_044","Unidentified sp212 M PL 044",1,25,0.04,-0.394206646801691
"M_044","Unidentified sp213 M PL 044",1,25,0.04,-0.394206646801691
"M_044","Unidentified sp214 M PL 044",1,25,0.04,-0.394206646801691
"M_044","Unidentified sp215 M PL 044",1,25,0.04,-0.394206646801691
"M_044","Unidentified sp216 M PL 044",1,25,0.04,-0.394206646801691
"M_044","Unidentified sp217 M PL 044",1,25,0.04,-0.394206646801691
"M_044","Unidentified sp218 M PL 044",1,25,0.04,-0.394206646801691
"M_044","Unidentified sp219 M PL 044",1,25,0.04,-0.394206646801691
"M_044","Unidentified sp22 M PL 044",4,25,0.16,1.00155991076941
"M_044","Unidentified sp220 M PL 044",1,25,0.04,-0.394206646801691
"M_044","Unidentified sp221 M PL 044",1,25,0.04,-0.394206646801691
"M_044","Unidentified sp222 M PL 044",1,25,0.04,-0.394206646801691
"M_044","Unidentified sp223 M PL 044",1,25,0.04,-0.394206646801691
"M_044","Unidentified sp224 M PL 044",1,25,0.04,-0.394206646801691
"M_044","Unidentified sp225 M PL 044",1,25,0.04,-0.394206646801691
"M_044","Unidentified sp226 M PL 044",1,25,0.04,-0.394206646801691
"M_044","Unidentified sp227 M PL 044",1,25,0.04,-0.394206646801691
"M_044","Unidentified sp228 M PL 044",1,25,0.04,-0.394206646801691
"M_044","Unidentified sp229 M PL 044",1,25,0.04,-0.394206646801691
"M_044","Unidentified sp23 M PL 044",4,25,0.16,1.00155991076941
"M_044","Unidentified sp230 M PL 044",1,25,0.04,-0.394206646801691
"M_044","Unidentified sp231 M PL 044",1,25,0.04,-0.394206646801691
"M_044","Unidentified sp232 M PL 044",1,25,0.04,-0.394206646801691
"M_044","Unidentified sp233 M PL 044",1,25,0.04,-0.394206646801691
"M_044","Unidentified sp234 M PL 044",1,25,0.04,-0.394206646801691
"M_044","Unidentified sp235 M PL 044",1,25,0.04,-0.394206646801691
"M_044","Unidentified sp236 M PL 044",1,25,0.04,-0.394206646801691
"M_044","Unidentified sp237 M PL 044",1,25,0.04,-0.394206646801691
"M_044","Unidentified sp238 M PL 044",1,25,0.04,-0.394206646801691
"M_044","Unidentified sp239 M PL 044",1,25,0.04,-0.394206646801691
"M_044","Unidentified sp24 M PL 044",2,25,0.08,0.0710488723886769
"M_044","Unidentified sp240 M PL 044",1,25,0.04,-0.394206646801691
"M_044","Unidentified sp241 M PL 044",1,25,0.04,-0.394206646801691
"M_044","Unidentified sp242 M PL 044",1,25,0.04,-0.394206646801691
"M_044","Unidentified sp243 M PL 044",1,25,0.04,-0.394206646801691
"M_044","Unidentified sp244 M PL 044",1,25,0.04,-0.394206646801691
"M_044","Unidentified sp245 M PL 044",1,25,0.04,-0.394206646801691
"M_044","Unidentified sp246 M PL 044",1,25,0.04,-0.394206646801691
"M_044","Unidentified sp247 M PL 044",1,25,0.04,-0.394206646801691
"M_044","Unidentified sp248 M PL 044",1,25,0.04,-0.394206646801691
"M_044","Unidentified sp249 M PL 044",1,25,0.04,-0.394206646801691
"M_044","Unidentified sp25 M PL 044",1,25,0.04,-0.394206646801691
"M_044","Unidentified sp250 M PL 044",1,25,0.04,-0.394206646801691
"M_044","Unidentified sp251 M PL 044",1,25,0.04,-0.394206646801691
"M_044","Unidentified sp252 M PL 044",1,25,0.04,-0.394206646801691
"M_044","Unidentified sp253 M PL 044",1,25,0.04,-0.394206646801691
"M_044","Unidentified sp254 M PL 044",1,25,0.04,-0.394206646801691
"M_044","Unidentified sp255 M PL 044",1,25,0.04,-0.394206646801691
"M_044","Unidentified sp256 M PL 044",1,25,0.04,-0.394206646801691
"M_044","Unidentified sp257 M PL 044",1,25,0.04,-0.394206646801691
"M_044","Unidentified sp258 M PL 044",1,25,0.04,-0.394206646801691
"M_044","Unidentified sp259 M PL 044",1,25,0.04,-0.394206646801691
"M_044","Unidentified sp26 M PL 044",3,25,0.12,0.536304391579045
"M_044","Unidentified sp260 M PL 044",1,25,0.04,-0.394206646801691
"M_044","Unidentified sp27 M PL 044",2,25,0.08,0.0710488723886769
"M_044","Unidentified sp28 M PL 044",3,25,0.12,0.536304391579045
"M_044","Unidentified sp29 M PL 044",1,25,0.04,-0.394206646801691
"M_044","Unidentified sp3 M PL 044",8,25,0.32,2.86258198753089
"M_044","Unidentified sp30 M PL 044",1,25,0.04,-0.394206646801691
"M_044","Unidentified sp31 M PL 044",1,25,0.04,-0.394206646801691
"M_044","Unidentified sp32 M PL 044",3,25,0.12,0.536304391579045
"M_044","Unidentified sp33 M PL 044",3,25,0.12,0.536304391579045
"M_044","Unidentified sp34 M PL 044",3,25,0.12,0.536304391579045
"M_044","Unidentified sp35 M PL 044",1,25,0.04,-0.394206646801691
"M_044","Unidentified sp36 M PL 044",2,25,0.08,0.0710488723886769
"M_044","Unidentified sp37 M PL 044",3,25,0.12,0.536304391579045
"M_044","Unidentified sp38 M PL 044",2,25,0.08,0.0710488723886769
"M_044","Unidentified sp39 M PL 044",1,25,0.04,-0.394206646801691
"M_044","Unidentified sp4 M PL 044",7,25,0.28,2.39732646834052
"M_044","Unidentified sp40 M PL 044",1,25,0.04,-0.394206646801691
"M_044","Unidentified sp41 M PL 044",3,25,0.12,0.536304391579045
"M_044","Unidentified sp42 M PL 044",2,25,0.08,0.0710488723886769
"M_044","Unidentified sp43 M PL 044",1,25,0.04,-0.394206646801691
"M_044","Unidentified sp44 M PL 044",1,25,0.04,-0.394206646801691
"M_044","Unidentified sp45 M PL 044",1,25,0.04,-0.394206646801691
"M_044","Unidentified sp46 M PL 044",1,25,0.04,-0.394206646801691
"M_044","Unidentified sp47 M PL 044",2,25,0.08,0.0710488723886769
"M_044","Unidentified sp48 M PL 044",1,25,0.04,-0.394206646801691
"M_044","Unidentified sp49 M PL 044",2,25,0.08,0.0710488723886769
"M_044","Unidentified sp5 M PL 044",4,25,0.16,1.00155991076941
"M_044","Unidentified sp50 M PL 044",2,25,0.08,0.0710488723886769
"M_044","Unidentified sp51 M PL 044",2,25,0.08,0.0710488723886769
"M_044","Unidentified sp52 M PL 044",1,25,0.04,-0.394206646801691
"M_044","Unidentified sp53 M PL 044",2,25,0.08,0.0710488723886769
"M_044","Unidentified sp54 M PL 044",2,25,0.08,0.0710488723886769
"M_044","Unidentified sp55 M PL 044",2,25,0.08,0.0710488723886769
"M_044","Unidentified sp56 M PL 044",2,25,0.08,0.0710488723886769
"M_044","Unidentified sp57 M PL 044",2,25,0.08,0.0710488723886769
"M_044","Unidentified sp58 M PL 044",1,25,0.04,-0.394206646801691
"M_044","Unidentified sp59 M PL 044",1,25,0.04,-0.394206646801691
"M_044","Unidentified sp6 M PL 044",3,25,0.12,0.536304391579045
"M_044","Unidentified sp60 M PL 044",1,25,0.04,-0.394206646801691
"M_044","Unidentified sp61 M PL 044",2,25,0.08,0.0710488723886769
"M_044","Unidentified sp62 M PL 044",1,25,0.04,-0.394206646801691
"M_044","Unidentified sp63 M PL 044",1,25,0.04,-0.394206646801691
"M_044","Unidentified sp64 M PL 044",1,25,0.04,-0.394206646801691
"M_044","Unidentified sp65 M PL 044",2,25,0.08,0.0710488723886769
"M_044","Unidentified sp66 M PL 044",2,25,0.08,0.0710488723886769
"M_044","Unidentified sp67 M PL 044",1,25,0.04,-0.394206646801691
"M_044","Unidentified sp68 M PL 044",2,25,0.08,0.0710488723886769
"M_044","Unidentified sp69 M PL 044",2,25,0.08,0.0710488723886769
"M_044","Unidentified sp7 M PL 044",4,25,0.16,1.00155991076941
"M_044","Unidentified sp70 M PL 044",2,25,0.08,0.0710488723886769
"M_044","Unidentified sp71 M PL 044",2,25,0.08,0.0710488723886769
"M_044","Unidentified sp72 M PL 044",2,25,0.08,0.0710488723886769
"M_044","Unidentified sp73 M PL 044",2,25,0.08,0.0710488723886769
"M_044","Unidentified sp74 M PL 044",1,25,0.04,-0.394206646801691
"M_044","Unidentified sp75 M PL 044",1,25,0.04,-0.394206646801691
"M_044","Unidentified sp76 M PL 044",2,25,0.08,0.0710488723886769
"M_044","Unidentified sp77 M PL 044",1,25,0.04,-0.394206646801691
"M_044","Unidentified sp78 M PL 044",1,25,0.04,-0.394206646801691
"M_044","Unidentified sp79 M PL 044",1,25,0.04,-0.394206646801691
"M_044","Unidentified sp8 M PL 044",3,25,0.12,0.536304391579045
"M_044","Unidentified sp80 M PL 044",1,25,0.04,-0.394206646801691
"M_044","Unidentified sp81 M PL 044",1,25,0.04,-0.394206646801691
"M_044","Unidentified sp82 M PL 044",1,25,0.04,-0.394206646801691
"M_044","Unidentified sp83 M PL 044",1,25,0.04,-0.394206646801691
"M_044","Unidentified sp84 M PL 044",1,25,0.04,-0.394206646801691
"M_044","Unidentified sp85 M PL 044",1,25,0.04,-0.394206646801691
"M_044","Unidentified sp86 M PL 044",1,25,0.04,-0.394206646801691
"M_044","Unidentified sp87 M PL 044",1,25,0.04,-0.394206646801691
"M_044","Unidentified sp88 M PL 044",1,25,0.04,-0.394206646801691
"M_044","Unidentified sp89 M PL 044",1,25,0.04,-0.394206646801691
"M_044","Unidentified sp9 M PL 044",4,25,0.16,1.00155991076941
"M_044","Unidentified sp90 M PL 044",1,25,0.04,-0.394206646801691
"M_044","Unidentified sp91 M PL 044",1,25,0.04,-0.394206646801691
"M_044","Unidentified sp92 M PL 044",1,25,0.04,-0.394206646801691
"M_044","Unidentified sp93 M PL 044",1,25,0.04,-0.394206646801691
"M_044","Unidentified sp94 M PL 044",1,25,0.04,-0.394206646801691
"M_044","Unidentified sp95 M PL 044",1,25,0.04,-0.394206646801691
"M_044","Unidentified sp96 M PL 044",1,25,0.04,-0.394206646801691
"M_044","Unidentified sp97 M PL 044",1,25,0.04,-0.394206646801691
"M_044","Unidentified sp98 M PL 044",1,25,0.04,-0.394206646801691
"M_044","Unidentified sp99 M PL 044",1,25,0.04,-0.394206646801691
"M_044","Vanessa indica",2,25,0.08,0.0710488723886769
"M_044","Vekunta malloti",2,25,0.08,0.0710488723886769
"M_044","Vespa analis eisa",10,25,0.4,3.79309302591162
"M_044","Vespula shidai amamiana",4,25,0.16,1.00155991076941
"M_044","Xanthonia placida",3,25,0.12,0.536304391579045
"M_044","Xenorthrius elongatus",1,25,0.04,-0.394206646801691
"M_044","Xestocephalus sp1 M PL 044",1,25,0.04,-0.394206646801691
"M_044","Xyiocopa amamensis",1,25,0.04,-0.394206646801691
"M_044","Xyleborus glabratus",1,25,0.04,-0.394206646801691
"M_044","Xylocopa amamensis",21,25,0.84,8.91090373700567
"M_044","Xylota annulata",1,25,0.04,-0.394206646801691
"M_044","Xylota coquilletti amamiensis",1,25,0.04,-0.394206646801691
"M_046","Andreana sp1 M PL 046",4,16,0.25,-0.535595226086421
"M_046","Apis mellifera",5,16,0.3125,-0.304554148166788
"M_046","Asilus sp1 M PL 046",5,16,0.3125,-0.304554148166788
"M_046","Bombus lapidarius",6,16,0.375,-0.0735130702471558
"M_046","Bombus pascuorum",9,16,0.5625,0.619610163511741
"M_046","Bombus terrestris",9,16,0.5625,0.619610163511741
"M_046","Cetonia aurata",4,16,0.25,-0.535595226086421
"M_046","Coleoptera sp4 M PL 046",12,16,0.75,1.31273339727064
"M_046","Colias croceus",4,16,0.25,-0.535595226086421
"M_046","Diptera sp11 M PL 046",7,16,0.4375,0.157528007672477
"M_046","Diptera sp12 M PL 046",7,16,0.4375,0.157528007672477
"M_046","Diptera sp13 M PL 046",6,16,0.375,-0.0735130702471558
"M_046","Diptera sp15 M PL 046",6,16,0.375,-0.0735130702471558
"M_046","Diptera sp16 M PL 046",6,16,0.375,-0.0735130702471558
"M_046","Diptera sp17 M PL 046",6,16,0.375,-0.0735130702471558
"M_046","Diptera sp18 M PL 046",4,16,0.25,-0.535595226086421
"M_046","Diptera sp19 M PL 046",2,16,0.125,-0.997677381925685
"M_046","Diptera sp2 M PL 046",15,16,0.9375,2.00585663102954
"M_046","Diptera sp21 M PL 046",2,16,0.125,-0.997677381925685
"M_046","Diptera sp24 M PL 046",1,16,0.0625,-1.22871845984532
"M_046","Diptera sp25 M PL 046",1,16,0.0625,-1.22871845984532
"M_046","Diptera sp26 M PL 046",1,16,0.0625,-1.22871845984532
"M_046","Diptera sp5 M PL 046",11,16,0.6875,1.08169231935101
"M_046","Diptera sp6 M PL 046",10,16,0.625,0.850651241431374
"M_046","Diptera sp7 M PL 046",9,16,0.5625,0.619610163511741
"M_046","Diptera sp9 M PL 046",7,16,0.4375,0.157528007672477
"M_046","Ichneumonidae 1",1,16,0.0625,-1.22871845984532
"M_046","Inachis io",1,16,0.0625,-1.22871845984532
"M_046","Lepidoptera sp14 M PL 046",6,16,0.375,-0.0735130702471558
"M_046","Lucilia sp1 M PL 046",10,16,0.625,0.850651241431374
"M_046","Meligethes sp1 M PL 046",16,16,1,2.23689770894917
"M_046","Meligethes sp2 M PL 046",7,16,0.4375,0.157528007672477
"M_046","Musca sp1 M PL 046",14,16,0.875,1.7748155531099
"M_046","Pararge aegeria",1,16,0.0625,-1.22871845984532
"M_046","Pieris sp1 M PL 046",9,16,0.5625,0.619610163511741
"M_046","Rhynconycha sp1 M PL 046",3,16,0.1875,-0.766636304006053
"M_046","Unidentified sp1 M PL 046",15,16,0.9375,2.00585663102954
"M_046","Unidentified sp10 M PL 046",7,16,0.4375,0.157528007672477
"M_046","Unidentified sp20 M PL 046",2,16,0.125,-0.997677381925685
"M_046","Unidentified sp22 M PL 046",2,16,0.125,-0.997677381925685
"M_046","Unidentified sp23 M PL 046",1,16,0.0625,-1.22871845984532
"M_046","Unidentified sp3 M PL 046",14,16,0.875,1.7748155531099
"M_046","Unidentified sp8 M PL 046",8,16,0.5,0.388569085592109
"M_046","Vespula sp1 M PL 046",2,16,0.125,-0.997677381925685
"M_047","Adela cuprella",1,13,0.0769230769230769,-0.577493767158711
"M_047","Adia cinerella",1,13,0.0769230769230769,-0.577493767158711
"M_047","Ammophila pubescens",1,13,0.0769230769230769,-0.577493767158711
"M_047","Anarta myrtilli",2,13,0.153846153846154,-0.128063471378292
"M_047","Anarta sp1 M PL 047",1,13,0.0769230769230769,-0.577493767158711
"M_047","Andrena barbilabris",1,13,0.0769230769230769,-0.577493767158711
"M_047","Andrena clarkella",2,13,0.153846153846154,-0.128063471378292
"M_047","Andrena fulva",3,13,0.230769230769231,0.321366824402128
"M_047","Andrena fuscipes",1,13,0.0769230769230769,-0.577493767158711
"M_047","Andrena haemorrhoa",5,13,0.384615384615385,1.22022741596297
"M_047","Andrena lapponica",2,13,0.153846153846154,-0.128063471378292
"M_047","Andrena nigroaenea",3,13,0.230769230769231,0.321366824402128
"M_047","Andrena sp1 M PL 047",3,13,0.230769230769231,0.321366824402128
"M_047","Andrena tarsata",1,13,0.0769230769230769,-0.577493767158711
"M_047","Andrena wilkella",1,13,0.0769230769230769,-0.577493767158711
"M_047","Anoplius sp1 M PL 047",2,13,0.153846153846154,-0.128063471378292
"M_047","Apis mellifera",13,13,1,4.81566978220632
"M_047","Aplotarsus incanus",1,13,0.0769230769230769,-0.577493767158711
"M_047","Arge ustulata",1,13,0.0769230769230769,-0.577493767158711
"M_047","Athous subfuscus",1,13,0.0769230769230769,-0.577493767158711
"M_047","Autographa bractea",1,13,0.0769230769230769,-0.577493767158711
"M_047","Bellardia vulgaris",3,13,0.230769230769231,0.321366824402128
"M_047","Bibio lanigerus",1,13,0.0769230769230769,-0.577493767158711
"M_047","Bombus bohemicus",4,13,0.307692307692308,0.770797120182547
"M_047","Bombus cryptarum",1,13,0.0769230769230769,-0.577493767158711
"M_047","Bombus jonellus",6,13,0.461538461538462,1.66965771174339
"M_047","Bombus lapidarius",4,13,0.307692307692308,0.770797120182547
"M_047","Bombus lucorum",8,13,0.615384615384615,2.56851830330422
"M_047","Bombus muscorum",1,13,0.0769230769230769,-0.577493767158711
"M_047","Bombus pascuorum",8,13,0.615384615384615,2.56851830330422
"M_047","Bombus pratorum",3,13,0.230769230769231,0.321366824402128
"M_047","Bombus rupestris",2,13,0.153846153846154,-0.128063471378292
"M_047","Bombus sp1 M PL 047",7,13,0.538461538461538,2.11908800752381
"M_047","Bombus sp2 M PL 047",6,13,0.461538461538462,1.66965771174339
"M_047","Bombus terrestris",1,13,0.0769230769230769,-0.577493767158711
"M_047","Calameuta pallipes",2,13,0.153846153846154,-0.128063471378292
"M_047","Calliopum aeneum",1,13,0.0769230769230769,-0.577493767158711
"M_047","Callophrys rubi",3,13,0.230769230769231,0.321366824402128
"M_047","Cephalops obtusinervis",1,13,0.0769230769230769,-0.577493767158711
"M_047","Cerceris arenaria",3,13,0.230769230769231,0.321366824402128
"M_047","Cerceris rybyensis",1,13,0.0769230769230769,-0.577493767158711
"M_047","Cheilosia albitarsis",1,13,0.0769230769230769,-0.577493767158711
"M_047","Cheilosia urbana",1,13,0.0769230769230769,-0.577493767158711
"M_047","Chrysomela collaris",1,13,0.0769230769230769,-0.577493767158711
"M_047","Chrysotoxum arcuatum",1,13,0.0769230769230769,-0.577493767158711
"M_047","Chrysotoxum bicinctum",1,13,0.0769230769230769,-0.577493767158711
"M_047","Chrysotoxum fasciatum",4,13,0.307692307692308,0.770797120182547
"M_047","Coenosia femoralis",1,13,0.0769230769230769,-0.577493767158711
"M_047","Coenosia means",3,13,0.230769230769231,0.321366824402128
"M_047","Coenosia sp1 M PL 047",1,13,0.0769230769230769,-0.577493767158711
"M_047","Coenosia tigrina",1,13,0.0769230769230769,-0.577493767158711
"M_047","Colletes cunicularius",1,13,0.0769230769230769,-0.577493767158711
"M_047","Colletes succinctus",1,13,0.0769230769230769,-0.577493767158711
"M_047","Conops flavipes",1,13,0.0769230769230769,-0.577493767158711
"M_047","Conops quadrifasciatus",1,13,0.0769230769230769,-0.577493767158711
"M_047","Crossocerus leucostoma",1,13,0.0769230769230769,-0.577493767158711
"M_047","Cynomya mortuorum",1,13,0.0769230769230769,-0.577493767158711
"M_047","Dasysyrphus albostriatus",2,13,0.153846153846154,-0.128063471378292
"M_047","Dasysyrphus tricinctus",2,13,0.153846153846154,-0.128063471378292
"M_047","Dilophus febrilis",2,13,0.153846153846154,-0.128063471378292
"M_047","Dilophus humeralis",1,13,0.0769230769230769,-0.577493767158711
"M_047","Dolichovespula norwegica",1,13,0.0769230769230769,-0.577493767158711
"M_047","Dolichovespula saxonica",2,13,0.153846153846154,-0.128063471378292
"M_047","Egle brevicornis",1,13,0.0769230769230769,-0.577493767158711
"M_047","Egle minuta",1,13,0.0769230769230769,-0.577493767158711
"M_047","Empis sp1 M PL 047",2,13,0.153846153846154,-0.128063471378292
"M_047","Empis tessellata",1,13,0.0769230769230769,-0.577493767158711
"M_047","Entomophaga nigrohalterata",1,13,0.0769230769230769,-0.577493767158711
"M_047","Episyrphus balteatus",11,13,0.846153846153846,3.91680919064548
"M_047","Eristalinus sepulchralis",1,13,0.0769230769230769,-0.577493767158711
"M_047","Eristalis arbustorum",1,13,0.0769230769230769,-0.577493767158711
"M_047","Eristalis interrupta",1,13,0.0769230769230769,-0.577493767158711
"M_047","Eristalis intricaria",1,13,0.0769230769230769,-0.577493767158711
"M_047","Eristalis lineata",2,13,0.153846153846154,-0.128063471378292
"M_047","Eristalis pertinax",1,13,0.0769230769230769,-0.577493767158711
"M_047","Eristalis tenax",5,13,0.384615384615385,1.22022741596297
"M_047","Ernestia rudis",1,13,0.0769230769230769,-0.577493767158711
"M_047","Eupeodes corollae",9,13,0.692307692307692,3.01794859908464
"M_047","Eupeodes nielseni",2,13,0.153846153846154,-0.128063471378292
"M_047","Formica fusca",2,13,0.153846153846154,-0.128063471378292
"M_047","Formica rufa",2,13,0.153846153846154,-0.128063471378292
"M_047","Formica sanguinea",1,13,0.0769230769230769,-0.577493767158711
"M_047","Gonia picea",3,13,0.230769230769231,0.321366824402128
"M_047","Gymnosoma nudifrons",2,13,0.153846153846154,-0.128063471378292
"M_047","Hedychrum nobile",1,13,0.0769230769230769,-0.577493767158711
"M_047","Helophilus pendulus",2,13,0.153846153846154,-0.128063471378292
"M_047","Hercostomus sp1 M PL 047",1,13,0.0769230769230769,-0.577493767158711
"M_047","Heterostylodes pratensis",1,13,0.0769230769230769,-0.577493767158711
"M_047","Hydrophoria lancifer",1,13,0.0769230769230769,-0.577493767158711
"M_047","Hydrotaea similis",1,13,0.0769230769230769,-0.577493767158711
"M_047","Hylaeus annularis",1,13,0.0769230769230769,-0.577493767158711
"M_047","Hylaeus brevicornis",1,13,0.0769230769230769,-0.577493767158711
"M_047","Hylaeus sp1 M PL 047",1,13,0.0769230769230769,-0.577493767158711
"M_047","Inachis io",2,13,0.153846153846154,-0.128063471378292
"M_047","Lasioglossum fratellum",5,13,0.384615384615385,1.22022741596297
"M_047","Lasioglossum leucopus",1,13,0.0769230769230769,-0.577493767158711
"M_047","Lasioglossum leucozonium",3,13,0.230769230769231,0.321366824402128
"M_047","Lasioglossum punctatissimum",6,13,0.461538461538462,1.66965771174339
"M_047","Lasioglossum sexmaculatum",1,13,0.0769230769230769,-0.577493767158711
"M_047","Lasioglossum sp1 M PL 047",4,13,0.307692307692308,0.770797120182547
"M_047","Lasioglossum villosulum",4,13,0.307692307692308,0.770797120182547
"M_047","Lasiomma picipes",1,13,0.0769230769230769,-0.577493767158711
"M_047","Leptura melanura",5,13,0.384615384615385,1.22022741596297
"M_047","Leucozona lucorum",1,13,0.0769230769230769,-0.577493767158711
"M_047","Lucilia bufonivora",1,13,0.0769230769230769,-0.577493767158711
"M_047","Lycaena virgaureae",1,13,0.0769230769230769,-0.577493767158711
"M_047","Lycophotia porphyrea",1,13,0.0769230769230769,-0.577493767158711
"M_047","Megachile versicolor",1,13,0.0769230769230769,-0.577493767158711
"M_047","Megasyrphus erraticus",3,13,0.230769230769231,0.321366824402128
"M_047","Melanostoma mellinum",9,13,0.692307692307692,3.01794859908464
"M_047","Meligethes aeneus",5,13,0.384615384615385,1.22022741596297
"M_047","Meliscaeva cinctella",8,13,0.615384615384615,2.56851830330422
"M_047","Mellinus arvensis",2,13,0.153846153846154,-0.128063471378292
"M_047","Mesochorus sp1 M PL 047",1,13,0.0769230769230769,-0.577493767158711
"M_047","Microgaster sp1 M PL 047",1,13,0.0769230769230769,-0.577493767158711
"M_047","Micropterix aruncella",2,13,0.153846153846154,-0.128063471378292
"M_047","Mimesa equestris",2,13,0.153846153846154,-0.128063471378292
"M_047","Morellia aenescens",1,13,0.0769230769230769,-0.577493767158711
"M_047","Myrmica ruginodis",2,13,0.153846153846154,-0.128063471378292
"M_047","Neomyia cornicina",1,13,0.0769230769230769,-0.577493767158711
"M_047","Nomada flava",1,13,0.0769230769230769,-0.577493767158711
"M_047","Nomada panzeri",2,13,0.153846153846154,-0.128063471378292
"M_047","Nomada ruficornis",1,13,0.0769230769230769,-0.577493767158711
"M_047","Nomada rufipes",1,13,0.0769230769230769,-0.577493767158711
"M_047","Nomada sp1 M PL 047",2,13,0.153846153846154,-0.128063471378292
"M_047","Oedemera lurida",1,13,0.0769230769230769,-0.577493767158711
"M_047","Orthonerva geniculata",1,13,0.0769230769230769,-0.577493767158711
"M_047","Oxybelus mandibularis",1,13,0.0769230769230769,-0.577493767158711
"M_047","Parasyrphus lineola",9,13,0.692307692307692,3.01794859908464
"M_047","Phaonia angelicae",2,13,0.153846153846154,-0.128063471378292
"M_047","Phaonia incana",2,13,0.153846153846154,-0.128063471378292
"M_047","Phaonia pallida",1,13,0.0769230769230769,-0.577493767158711
"M_047","Phaonia serva",1,13,0.0769230769230769,-0.577493767158711
"M_047","Phyllopertha horticola",2,13,0.153846153846154,-0.128063471378292
"M_047","Platycheirus cyaneus",9,13,0.692307692307692,3.01794859908464
"M_047","Poecilobothrus nobilitatus",1,13,0.0769230769230769,-0.577493767158711
"M_047","Pollenia angustigena",1,13,0.0769230769230769,-0.577493767158711
"M_047","Pollenia rudis",1,13,0.0769230769230769,-0.577493767158711
"M_047","Potosia cuprea",1,13,0.0769230769230769,-0.577493767158711
"M_047","Prosternon tessellatum",1,13,0.0769230769230769,-0.577493767158711
"M_047","Rhagonycha fulva",1,13,0.0769230769230769,-0.577493767158711
"M_047","Rhamphomyia sp1 M PL 047",1,13,0.0769230769230769,-0.577493767158711
"M_047","Sarcophaga sp1 M PL 047",2,13,0.153846153846154,-0.128063471378292
"M_047","Scaeva pyrastri",1,13,0.0769230769230769,-0.577493767158711
"M_047","Scaeva selenitica",9,13,0.692307692307692,3.01794859908464
"M_047","Scatophaga inquinata",2,13,0.153846153846154,-0.128063471378292
"M_047","Scatophaga stercoraria",4,13,0.307692307692308,0.770797120182547
"M_047","Sciara sp1 M PL 047",1,13,0.0769230769230769,-0.577493767158711
"M_047","Seladonia confusa",1,13,0.0769230769230769,-0.577493767158711
"M_047","Sepsis cynipsea",2,13,0.153846153846154,-0.128063471378292
"M_047","Sericomyia silentis",2,13,0.153846153846154,-0.128063471378292
"M_047","Sicus ferrugineus",7,13,0.538461538461538,2.11908800752381
"M_047","Sphaerophoria menthastri group",6,13,0.461538461538462,1.66965771174339
"M_047","Sphaerophoria philanthus",1,13,0.0769230769230769,-0.577493767158711
"M_047","Sphaerophoria scripta",2,13,0.153846153846154,-0.128063471378292
"M_047","Sphaerophoria sp1 M PL 047",8,13,0.615384615384615,2.56851830330422
"M_047","Sphecodes ephippius",1,13,0.0769230769230769,-0.577493767158711
"M_047","Sphecodes geoffrellus",1,13,0.0769230769230769,-0.577493767158711
"M_047","Sphecodes pellucidus",1,13,0.0769230769230769,-0.577493767158711
"M_047","Sphecodes sp1 M PL 047",1,13,0.0769230769230769,-0.577493767158711
"M_047","Syritta pipiens",4,13,0.307692307692308,0.770797120182547
"M_047","Syrphus ribesii",5,13,0.384615384615385,1.22022741596297
"M_047","Syrphus torvus",7,13,0.538461538461538,2.11908800752381
"M_047","Tachina grossa",1,13,0.0769230769230769,-0.577493767158711
"M_047","Tricholinum sp1 M PL 047",2,13,0.153846153846154,-0.128063471378292
"M_047","Unidentified sp1 M PL 047",1,13,0.0769230769230769,-0.577493767158711
"M_047","Unidentified sp10 M PL 047",1,13,0.0769230769230769,-0.577493767158711
"M_047","Unidentified sp11 M PL 047",1,13,0.0769230769230769,-0.577493767158711
"M_047","Unidentified sp12 M PL 047",1,13,0.0769230769230769,-0.577493767158711
"M_047","Unidentified sp13 M PL 047",1,13,0.0769230769230769,-0.577493767158711
"M_047","Unidentified sp14 M PL 047",1,13,0.0769230769230769,-0.577493767158711
"M_047","Unidentified sp15 M PL 047",1,13,0.0769230769230769,-0.577493767158711
"M_047","Unidentified sp16 M PL 047",2,13,0.153846153846154,-0.128063471378292
"M_047","Unidentified sp2 M PL 047",1,13,0.0769230769230769,-0.577493767158711
"M_047","Unidentified sp3 M PL 047",2,13,0.153846153846154,-0.128063471378292
"M_047","Unidentified sp4 M PL 047",1,13,0.0769230769230769,-0.577493767158711
"M_047","Unidentified sp5 M PL 047",2,13,0.153846153846154,-0.128063471378292
"M_047","Unidentified sp6 M PL 047",1,13,0.0769230769230769,-0.577493767158711
"M_047","Unidentified sp7 M PL 047",2,13,0.153846153846154,-0.128063471378292
"M_047","Unidentified sp8 M PL 047",1,13,0.0769230769230769,-0.577493767158711
"M_047","Unidentified sp9 M PL 047",1,13,0.0769230769230769,-0.577493767158711
"M_047","Vespula vulgaris",3,13,0.230769230769231,0.321366824402128
"M_047","Volucella bombylans",4,13,0.307692307692308,0.770797120182547
"M_047","Zaira cinerea",2,13,0.153846153846154,-0.128063471378292
"M_047","Zophomyia temula",2,13,0.153846153846154,-0.128063471378292
"M_047","Zygaena trifolii",1,13,0.0769230769230769,-0.577493767158711
"M_049","Aclonempis longipes",2,24,0.0833333333333333,-0.18183587890565
"M_049","Alliopsis sp1 M PL 049",1,24,0.0416666666666667,-0.47407211286116
"M_049","Alliopsis sp2 M PL 049",1,24,0.0416666666666667,-0.47407211286116
"M_049","Alliopsis sp3 M PL 049",1,24,0.0416666666666667,-0.47407211286116
"M_049","Alloestylus sudeticus",2,24,0.0833333333333333,-0.18183587890565
"M_049","Anaspis frontalis",2,24,0.0833333333333333,-0.18183587890565
"M_049","Anaspis rufilabris",1,24,0.0416666666666667,-0.47407211286116
"M_049","Anthobium minutum",3,24,0.125,0.110400355049859
"M_049","Anthobium ophthalmicum",1,24,0.0416666666666667,-0.47407211286116
"M_049","Anthobium torquratum",1,24,0.0416666666666667,-0.47407211286116
"M_049","Aphantopus hyperantus",18,24,0.75,4.4939438643825
"M_049","Apion apricans",1,24,0.0416666666666667,-0.47407211286116
"M_049","Apion flavipes",1,24,0.0416666666666667,-0.47407211286116
"M_049","Apis mellifera",5,24,0.208333333333333,0.694872822960878
"M_049","Apocrita sp1 M PL 049",2,24,0.0833333333333333,-0.18183587890565
"M_049","Athalia lineolata",3,24,0.125,0.110400355049859
"M_049","Athalia sp1 M PL 049",2,24,0.0833333333333333,-0.18183587890565
"M_049","Azelia triquetra",1,24,0.0416666666666667,-0.47407211286116
"M_049","Bombus hortorum",2,24,0.0833333333333333,-0.18183587890565
"M_049","Bombus hypnorum",2,24,0.0833333333333333,-0.18183587890565
"M_049","Bombus lucorum",9,24,0.375,1.86381775878292
"M_049","Bombus pascuorum",11,24,0.458333333333333,2.44829022669393
"M_049","Bombus pratorum",7,24,0.291666666666667,1.2793452908719
"M_049","Bombus terrestris",7,24,0.291666666666667,1.2793452908719
"M_049","Bombylius major",1,24,0.0416666666666667,-0.47407211286116
"M_049","Brachicoma devia",3,24,0.125,0.110400355049859
"M_049","Calameuta filiformis",1,24,0.0416666666666667,-0.47407211286116
"M_049","Calocoris norvegicus",3,24,0.125,0.110400355049859
"M_049","Calocoris sexguttatus",2,24,0.0833333333333333,-0.18183587890565
"M_049","Cateretes pedicularius",10,24,0.416666666666667,2.15605399273842
"M_049","Cetonia aurata",1,24,0.0416666666666667,-0.47407211286116
"M_049","Cheilosia nigripes",1,24,0.0416666666666667,-0.47407211286116
"M_049","Cheilosia pagana",6,24,0.25,0.987109056916387
"M_049","Cheilosia proxima",1,24,0.0416666666666667,-0.47407211286116
"M_049","Cheilosia pubera",2,24,0.0833333333333333,-0.18183587890565
"M_049","Cheilosia variabilis",1,24,0.0416666666666667,-0.47407211286116
"M_049","Chloromyia formosa",3,24,0.125,0.110400355049859
"M_049","Chloropis sp1 M PL 049",1,24,0.0416666666666667,-0.47407211286116
"M_049","Chloropsis sp1 M PL 049",2,24,0.0833333333333333,-0.18183587890565
"M_049","Chrysogaster solstitialis",4,24,0.166666666666667,0.402636589005368
"M_049","Chrysops pictus",1,24,0.0416666666666667,-0.47407211286116
"M_049","Chrysotoxum bicinetum",1,24,0.0416666666666667,-0.47407211286116
"M_049","Conioscinella frontella",1,24,0.0416666666666667,-0.47407211286116
"M_049","Craspedochoeata sp1 M PL 049",2,24,0.0833333333333333,-0.18183587890565
"M_049","Crossocerus affinis",1,24,0.0416666666666667,-0.47407211286116
"M_049","Cynthia cardui",3,24,0.125,0.110400355049859
"M_049","Dasyphora cyanicolor",3,24,0.125,0.110400355049859
"M_049","Dasytes plumbeus",3,24,0.125,0.110400355049859
"M_049","Delia sp1 M PL 049",2,24,0.0833333333333333,-0.18183587890565
"M_049","Delia sp2 M PL 049",1,24,0.0416666666666667,-0.47407211286116
"M_049","Delia sp3 M PL 049",1,24,0.0416666666666667,-0.47407211286116
"M_049","Delia sp4 M PL 049",1,24,0.0416666666666667,-0.47407211286116
"M_049","Diptera sp7 M PL 049",1,24,0.0416666666666667,-0.47407211286116
"M_049","Discocerina obscurella",2,24,0.0833333333333333,-0.18183587890565
"M_049","Egle sp1 M PL 049",1,24,0.0416666666666667,-0.47407211286116
"M_049","Empis aestiva",11,24,0.458333333333333,2.44829022669393
"M_049","Empis albinervis",6,24,0.25,0.987109056916387
"M_049","Empis nigripes",1,24,0.0416666666666667,-0.47407211286116
"M_049","Empis nuntia",2,24,0.0833333333333333,-0.18183587890565
"M_049","Empis pennipes",2,24,0.0833333333333333,-0.18183587890565
"M_049","Empis rustica",7,24,0.291666666666667,1.2793452908719
"M_049","Episyrphus balteatus",24,24,1,6.24736126811556
"M_049","Eristalis interrupta",13,24,0.541666666666667,3.03276269460495
"M_049","Eristalis intricaria",2,24,0.0833333333333333,-0.18183587890565
"M_049","Eristalis pertinax",2,24,0.0833333333333333,-0.18183587890565
"M_049","Fannia fuscula",2,24,0.0833333333333333,-0.18183587890565
"M_049","Fannia pallitibia",1,24,0.0416666666666667,-0.47407211286116
"M_049","Fannia polycheta",1,24,0.0416666666666667,-0.47407211286116
"M_049","Fannia rondanii",1,24,0.0416666666666667,-0.47407211286116
"M_049","Fannia sp1 M PL 049",1,24,0.0416666666666667,-0.47407211286116
"M_049","Gastroidea viridula",1,24,0.0416666666666667,-0.47407211286116
"M_049","Gorytes Campestris",1,24,0.0416666666666667,-0.47407211286116
"M_049","Grammoptra ruficornis",1,24,0.0416666666666667,-0.47407211286116
"M_049","Graphomya maculata",1,24,0.0416666666666667,-0.47407211286116
"M_049","Graphomya picta",1,24,0.0416666666666667,-0.47407211286116
"M_049","Gymnetron veronicae",1,24,0.0416666666666667,-0.47407211286116
"M_049","Hadrodemus m flavum",1,24,0.0416666666666667,-0.47407211286116
"M_049","Haematopota pluvialis",1,24,0.0416666666666667,-0.47407211286116
"M_049","Helophilus hybridus",7,24,0.291666666666667,1.2793452908719
"M_049","Helophilus pendulus",6,24,0.25,0.987109056916387
"M_049","Helophilus trivittatus",1,24,0.0416666666666667,-0.47407211286116
"M_049","Hercostomus germanus",2,24,0.0833333333333333,-0.18183587890565
"M_049","Hercostomus nigripennis",2,24,0.0833333333333333,-0.18183587890565
"M_049","Heteronychia haemorrhoa",1,24,0.0416666666666667,-0.47407211286116
"M_049","Heteronychia vagens",1,24,0.0416666666666667,-0.47407211286116
"M_049","Hilara brevistyla",1,24,0.0416666666666667,-0.47407211286116
"M_049","Hilarella stictica",1,24,0.0416666666666667,-0.47407211286116
"M_049","Holoclera nigripennis",9,24,0.375,1.86381775878292
"M_049","Hydrothassa marginella",1,24,0.0416666666666667,-0.47407211286116
"M_049","Hylemya sp1 M PL 049",1,24,0.0416666666666667,-0.47407211286116
"M_049","Hylemya sp2 M PL 049",1,24,0.0416666666666667,-0.47407211286116
"M_049","Hylemya sp3 M PL 049",1,24,0.0416666666666667,-0.47407211286116
"M_049","Hylotoma ciliaris",1,24,0.0416666666666667,-0.47407211286116
"M_049","Inachis io",1,24,0.0416666666666667,-0.47407211286116
"M_049","Ischyrosyrphys laternarius",1,24,0.0416666666666667,-0.47407211286116
"M_049","Judolia cerambyciformis",1,24,0.0416666666666667,-0.47407211286116
"M_049","Laria loti",1,24,0.0416666666666667,-0.47407211286116
"M_049","Lasioglossum calceatum",1,24,0.0416666666666667,-0.47407211286116
"M_049","Lasioglossum leucopus",2,24,0.0833333333333333,-0.18183587890565
"M_049","Lasioglossum quadrinotatum",4,24,0.166666666666667,0.402636589005368
"M_049","Lepidoptera sp31 M PL 049",1,24,0.0416666666666667,-0.47407211286116
"M_049","Lepidoptera sp32 M PL 049",3,24,0.125,0.110400355049859
"M_049","Lepidoptera sp33 M PL 049",1,24,0.0416666666666667,-0.47407211286116
"M_049","Lepidoptera sp36 M PL 049",5,24,0.208333333333333,0.694872822960878
"M_049","Lepidoptera sp37 M PL 049",1,24,0.0416666666666667,-0.47407211286116
"M_049","Lepidoptera sp38 M PL 049",2,24,0.0833333333333333,-0.18183587890565
"M_049","Lepidoptera sp39 M PL 049",2,24,0.0833333333333333,-0.18183587890565
"M_049","Lepidoptera sp4 M PL 049",1,24,0.0416666666666667,-0.47407211286116
"M_049","Lepidoptera sp5 M PL 049",1,24,0.0416666666666667,-0.47407211286116
"M_049","Leptopterna dolabrata",1,24,0.0416666666666667,-0.47407211286116
"M_049","Limnobaris T album",1,24,0.0416666666666667,-0.47407211286116
"M_049","Limnophora riparia",3,24,0.125,0.110400355049859
"M_049","Limnophora triangular",2,24,0.0833333333333333,-0.18183587890565
"M_049","Liriomyza sp1 M PL 049",1,24,0.0416666666666667,-0.47407211286116
"M_049","Lophosceles Cinereiventris",1,24,0.0416666666666667,-0.47407211286116
"M_049","Lucilia caesar",1,24,0.0416666666666667,-0.47407211286116
"M_049","Lucilia sericata",1,24,0.0416666666666667,-0.47407211286116
"M_049","Lucilia silvarum",3,24,0.125,0.110400355049859
"M_049","Lygus lucorum",2,24,0.0833333333333333,-0.18183587890565
"M_049","Macropis labiata",2,24,0.0833333333333333,-0.18183587890565
"M_049","Maniola jurtina",7,24,0.291666666666667,1.2793452908719
"M_049","Melanostoma mellinum",5,24,0.208333333333333,0.694872822960878
"M_049","Melanostoma scalare",7,24,0.291666666666667,1.2793452908719
"M_049","Meligethes Coeruleovirens",4,24,0.166666666666667,0.402636589005368
"M_049","Meligethes aeneus",22,24,0.916666666666667,5.66288880020454
"M_049","Melinda gentilis",2,24,0.0833333333333333,-0.18183587890565
"M_049","Melinda viridicyanea",5,24,0.208333333333333,0.694872822960878
"M_049","Meliscaeva cinectella",1,24,0.0416666666666667,-0.47407211286116
"M_049","Morellia aenescens",4,24,0.166666666666667,0.402636589005368
"M_049","Morellis simplex",1,24,0.0416666666666667,-0.47407211286116
"M_049","Myathropa florea",3,24,0.125,0.110400355049859
"M_049","Nabis ferus",1,24,0.0416666666666667,-0.47407211286116
"M_049","Neoascia obliqua",3,24,0.125,0.110400355049859
"M_049","Neoascia podagrica",6,24,0.25,0.987109056916387
"M_049","Neoascia tenur",3,24,0.125,0.110400355049859
"M_049","Ochlodes venata",1,24,0.0416666666666667,-0.47407211286116
"M_049","Onesia floralis",4,24,0.166666666666667,0.402636589005368
"M_049","Onesia sp1 M PL 049",1,24,0.0416666666666667,-0.47407211286116
"M_049","Orthelia caesarion",1,24,0.0416666666666667,-0.47407211286116
"M_049","Orthops kalmi",1,24,0.0416666666666667,-0.47407211286116
"M_049","Oscinella hortensis",1,24,0.0416666666666667,-0.47407211286116
"M_049","Oscinella vastator",2,24,0.0833333333333333,-0.18183587890565
"M_049","Parasyrphus lineola",1,24,0.0416666666666667,-0.47407211286116
"M_049","Parhelophilus versicolor",1,24,0.0416666666666667,-0.47407211286116
"M_049","Phaonia exoleta",1,24,0.0416666666666667,-0.47407211286116
"M_049","Phaonia incana",4,24,0.166666666666667,0.402636589005368
"M_049","Phorbia sp1 M PL 049",1,24,0.0416666666666667,-0.47407211286116
"M_049","Phorbia sp2 M PL 049",1,24,0.0416666666666667,-0.47407211286116
"M_049","Phorbia sp3 M PL 049",1,24,0.0416666666666667,-0.47407211286116
"M_049","Phyllobius urticae",1,24,0.0416666666666667,-0.47407211286116
"M_049","Picromerus bidens",1,24,0.0416666666666667,-0.47407211286116
"M_049","Pieris napa",12,24,0.5,2.74052646064944
"M_049","Platycheirus cyaneus",24,24,1,6.24736126811556
"M_049","Platycheirus peltatus",6,24,0.25,0.987109056916387
"M_049","Platycheirus scutatus",1,24,0.0416666666666667,-0.47407211286116
"M_049","Platycherius sp1 M PL 049",1,24,0.0416666666666667,-0.47407211286116
"M_049","Poletes steini",1,24,0.0416666666666667,-0.47407211286116
"M_049","Pollenia pediculata",3,24,0.125,0.110400355049859
"M_049","Pollenia rudis",1,24,0.0416666666666667,-0.47407211286116
"M_049","Polyommatus icarus",3,24,0.125,0.110400355049859
"M_049","Prosopis communis",1,24,0.0416666666666667,-0.47407211286116
"M_049","Pseudonapomyza sp1 M PL 049",1,24,0.0416666666666667,-0.47407211286116
"M_049","Pyrophaena rosarum",1,24,0.0416666666666667,-0.47407211286116
"M_049","Rhagonycha fulva",5,24,0.208333333333333,0.694872822960878
"M_049","Rhamphomyia hirtula",1,24,0.0416666666666667,-0.47407211286116
"M_049","Rhingia campestris",8,24,0.333333333333333,1.57158152482741
"M_049","Rhinoncus perpendicularis",1,24,0.0416666666666667,-0.47407211286116
"M_049","Saldula sp1 M PL 049",1,24,0.0416666666666667,-0.47407211286116
"M_049","Sarcophaga sp1 M PL 049",7,24,0.291666666666667,1.2793452908719
"M_049","Senotainia conica",1,24,0.0416666666666667,-0.47407211286116
"M_049","Sepsis cynipsea",2,24,0.0833333333333333,-0.18183587890565
"M_049","Sepsis flavimana",1,24,0.0416666666666667,-0.47407211286116
"M_049","Sepsis fulgens",1,24,0.0416666666666667,-0.47407211286116
"M_049","Sphaerophoria scripta",4,24,0.166666666666667,0.402636589005368
"M_049","Sphaerophoria taenata",4,24,0.166666666666667,0.402636589005368
"M_049","Sphegina sp1 M PL 049",1,24,0.0416666666666667,-0.47407211286116
"M_049","Stenocorus meridianus",2,24,0.0833333333333333,-0.18183587890565
"M_049","Stenotus binotatus",2,24,0.0833333333333333,-0.18183587890565
"M_049","Strangalia Quadrifasciata",2,24,0.0833333333333333,-0.18183587890565
"M_049","Strangalia melanura",3,24,0.125,0.110400355049859
"M_049","Stratiomya potamidao",1,24,0.0416666666666667,-0.47407211286116
"M_049","Strophosomus melanogrammus",1,24,0.0416666666666667,-0.47407211286116
"M_049","Syritta pipiens",2,24,0.0833333333333333,-0.18183587890565
"M_049","Syrphus ribesii",5,24,0.208333333333333,0.694872822960878
"M_049","Syrphus vitripennis",4,24,0.166666666666667,0.402636589005368
"M_049","Tachinus fimetarius",1,24,0.0416666666666667,-0.47407211286116
"M_049","Tetanocera silvatica",1,24,0.0416666666666667,-0.47407211286116
"M_049","Thrypticus bellus",1,24,0.0416666666666667,-0.47407211286116
"M_049","Thymelicus sylvestris",4,24,0.166666666666667,0.402636589005368
"M_049","Tricimba cincta",1,24,0.0416666666666667,-0.47407211286116
"M_049","Tropidia scita",1,24,0.0416666666666667,-0.47407211286116
"M_049","Unidentified sp1 M PL 049",1,24,0.0416666666666667,-0.47407211286116
"M_049","Unidentified sp10 M PL 049",4,24,0.166666666666667,0.402636589005368
"M_049","Unidentified sp11 M PL 049",1,24,0.0416666666666667,-0.47407211286116
"M_049","Unidentified sp12 M PL 049",1,24,0.0416666666666667,-0.47407211286116
"M_049","Unidentified sp13 M PL 049",1,24,0.0416666666666667,-0.47407211286116
"M_049","Unidentified sp14 M PL 049",1,24,0.0416666666666667,-0.47407211286116
"M_049","Unidentified sp15 M PL 049",2,24,0.0833333333333333,-0.18183587890565
"M_049","Unidentified sp16 M PL 049",1,24,0.0416666666666667,-0.47407211286116
"M_049","Unidentified sp17 M PL 049",1,24,0.0416666666666667,-0.47407211286116
"M_049","Unidentified sp18 M PL 049",1,24,0.0416666666666667,-0.47407211286116
"M_049","Unidentified sp19 M PL 049",1,24,0.0416666666666667,-0.47407211286116
"M_049","Unidentified sp2 M PL 049",2,24,0.0833333333333333,-0.18183587890565
"M_049","Unidentified sp20 M PL 049",2,24,0.0833333333333333,-0.18183587890565
"M_049","Unidentified sp21 M PL 049",1,24,0.0416666666666667,-0.47407211286116
"M_049","Unidentified sp22 M PL 049",1,24,0.0416666666666667,-0.47407211286116
"M_049","Unidentified sp23 M PL 049",3,24,0.125,0.110400355049859
"M_049","Unidentified sp24 M PL 049",1,24,0.0416666666666667,-0.47407211286116
"M_049","Unidentified sp25 M PL 049",1,24,0.0416666666666667,-0.47407211286116
"M_049","Unidentified sp26 M PL 049",4,24,0.166666666666667,0.402636589005368
"M_049","Unidentified sp27 M PL 049",1,24,0.0416666666666667,-0.47407211286116
"M_049","Unidentified sp28 M PL 049",1,24,0.0416666666666667,-0.47407211286116
"M_049","Unidentified sp29 M PL 049",1,24,0.0416666666666667,-0.47407211286116
"M_049","Unidentified sp3 M PL 049",1,24,0.0416666666666667,-0.47407211286116
"M_049","Unidentified sp30 M PL 049",1,24,0.0416666666666667,-0.47407211286116
"M_049","Unidentified sp34 M PL 049",1,24,0.0416666666666667,-0.47407211286116
"M_049","Unidentified sp35 M PL 049",1,24,0.0416666666666667,-0.47407211286116
"M_049","Unidentified sp40 M PL 049",2,24,0.0833333333333333,-0.18183587890565
"M_049","Unidentified sp6 M PL 049",1,24,0.0416666666666667,-0.47407211286116
"M_049","Unidentified sp8 M PL 049",2,24,0.0833333333333333,-0.18183587890565
"M_049","Unidentified sp9 M PL 049",1,24,0.0416666666666667,-0.47407211286116
"M_049","Vespa holsatica",1,24,0.0416666666666667,-0.47407211286116
"M_049","Volucella pellucens",3,24,0.125,0.110400355049859
"M_049","Wahlgrenia magnicornis",1,24,0.0416666666666667,-0.47407211286116
"M_049","Xylota abiens",4,24,0.166666666666667,0.402636589005368
"M_050","Amegilla canifrons",2,8,0.25,-0.234977472506703
"M_050","Amegilla quadrifasciata",3,8,0.375,0.279035748601709
"M_050","Amegilla sp1 M PL 050",3,8,0.375,0.279035748601709
"M_050","Anthophora alluaudi",1,8,0.125,-0.748990693615115
"M_050","Anthophora orotavae",3,8,0.375,0.279035748601709
"M_050","Apis mellifera",2,8,0.25,-0.234977472506703
"M_050","Camponotus rufoglaucus",7,8,0.875,2.33508863303536
"M_050","Coleoptera sp15 M PL 050",1,8,0.125,-0.748990693615115
"M_050","Diptera sp18 M PL 050",1,8,0.125,-0.748990693615115
"M_050","Diptera sp19 M PL 050",1,8,0.125,-0.748990693615115
"M_050","Diptera sp20 M PL 050",1,8,0.125,-0.748990693615115
"M_050","Diptera sp21 M PL 050",1,8,0.125,-0.748990693615115
"M_050","Diptera sp4 M PL 050",3,8,0.375,0.279035748601709
"M_050","Diptera sp7 M PL 050",2,8,0.25,-0.234977472506703
"M_050","Eucera gracilipes",7,8,0.875,2.33508863303536
"M_050","Gallotia galloti",1,8,0.125,-0.748990693615115
"M_050","Hylaeus sp1 M PL 050",3,8,0.375,0.279035748601709
"M_050","Hymenoptera sp10 M PL 050",1,8,0.125,-0.748990693615115
"M_050","Hymenoptera sp13 M PL 050",1,8,0.125,-0.748990693615115
"M_050","Hymenoptera sp14 M PL 050",1,8,0.125,-0.748990693615115
"M_050","Hymenoptera sp9 M PL 050",2,8,0.25,-0.234977472506703
"M_050","Lasioglossum evylaeus",8,8,1,2.84910185414377
"M_050","Lucilia sp1 M PL 050",2,8,0.25,-0.234977472506703
"M_050","Sphecodes marginatus",6,8,0.75,1.82107541192694
"M_050","Thysanoptera sp17 M PL 050",1,8,0.125,-0.748990693615115
"M_050","Unidentified sp1 M PL 050",5,8,0.625,1.30706219081853
"M_050","Unidentified sp11 M PL 050",1,8,0.125,-0.748990693615115
"M_050","Unidentified sp12 M PL 050",1,8,0.125,-0.748990693615115
"M_050","Unidentified sp16 M PL 050",1,8,0.125,-0.748990693615115
"M_050","Unidentified sp2 M PL 050",4,8,0.5,0.793048969710121
"M_050","Unidentified sp22 M PL 050",1,8,0.125,-0.748990693615115
"M_050","Unidentified sp3 M PL 050",3,8,0.375,0.279035748601709
"M_050","Unidentified sp5 M PL 050",2,8,0.25,-0.234977472506703
"M_050","Unidentified sp6 M PL 050",2,8,0.25,-0.234977472506703
"M_050","Unidentified sp8 M PL 050",2,8,0.25,-0.234977472506703
"M_051","Allograpta exotica",1,10,0.1,-0.546912938646435
"M_051","Allograpta hortensis",7,10,0.7,3.44407337039512
"M_051","Anthaxia sp1 M PL 051",2,10,0.2,0.118251446193824
"M_051","Bombus dahlbomii",10,10,1,5.4395665249159
"M_051","Bombus ruderatus",3,10,0.3,0.783415831034083
"M_051","Caenohalictus sp1 M PL 051",1,10,0.1,-0.546912938646435
"M_051","Caenohalictus sp2 M PL 051",1,10,0.1,-0.546912938646435
"M_051","Camponotus sp1 M PL 051",1,10,0.1,-0.546912938646435
"M_051","Chalepogenus caeruleus",1,10,0.1,-0.546912938646435
"M_051","Chilicola sp1 M PL 051",1,10,0.1,-0.546912938646435
"M_051","Chilicola sp2 M PL 051",1,10,0.1,-0.546912938646435
"M_051","Chilicola sp3 M PL 051",1,10,0.1,-0.546912938646435
"M_051","Coleoptera sp23 M PL 051",2,10,0.2,0.118251446193824
"M_051","Coleoptera sp24 M PL 051",1,10,0.1,-0.546912938646435
"M_051","Coleoptera sp33 M PL 051",1,10,0.1,-0.546912938646435
"M_051","Coleoptera sp34 M PL 051",1,10,0.1,-0.546912938646435
"M_051","Coleoptera sp35 M PL 051",1,10,0.1,-0.546912938646435
"M_051","Coleoptera sp36 M PL 051",1,10,0.1,-0.546912938646435
"M_051","Coleoptera sp8 M PL 051",2,10,0.2,0.118251446193824
"M_051","Colletes seminitidus",4,10,0.4,1.44858021587434
"M_051","Corynura prothysteres",3,10,0.3,0.783415831034083
"M_051","Corynura sp1 M PL 051",1,10,0.1,-0.546912938646435
"M_051","Diptera sp19 M PL 051",1,10,0.1,-0.546912938646435
"M_051","Diptera sp28 M PL 051",1,10,0.1,-0.546912938646435
"M_051","Diptera sp41 M PL 051",1,10,0.1,-0.546912938646435
"M_051","Diptera sp42 M PL 051",1,10,0.1,-0.546912938646435
"M_051","Diptera sp43 M PL 051",1,10,0.1,-0.546912938646435
"M_051","Diptera sp44 M PL 051",1,10,0.1,-0.546912938646435
"M_051","Evylaeus sp1 M PL 051",2,10,0.2,0.118251446193824
"M_051","Heteroptera sp45 M PL 051",1,10,0.1,-0.546912938646435
"M_051","Heterosarus sp1 M PL 051",2,10,0.2,0.118251446193824
"M_051","Hymenoptera sp51 M PL 051",1,10,0.1,-0.546912938646435
"M_051","Hymenoptera sp52 M PL 051",1,10,0.1,-0.546912938646435
"M_051","Lepidoptera sp5 M PL 051",1,10,0.1,-0.546912938646435
"M_051","Manuelia gayi",3,10,0.3,0.783415831034083
"M_051","Manuelia postica",4,10,0.4,1.44858021587434
"M_051","Megachile sp1 M PL 051",1,10,0.1,-0.546912938646435
"M_051","Megachile sp2 M PL 051",1,10,0.1,-0.546912938646435
"M_051","Ocyptamus melanorrhinus",3,10,0.3,0.783415831034083
"M_051","Phthiria sp1 M PL 051",3,10,0.3,0.783415831034083
"M_051","Phthiria sp2 M PL 051",1,10,0.1,-0.546912938646435
"M_051","Platycheirus sp1 M PL 051",5,10,0.5,2.1137446007146
"M_051","Platycherius fenestratus",1,10,0.1,-0.546912938646435
"M_051","Policana albopilosa",2,10,0.2,0.118251446193824
"M_051","Ruizantheda mutabilis",6,10,0.6,2.77890898555486
"M_051","Ruizantheda nigrocaerulea",2,10,0.2,0.118251446193824
"M_051","Ruizantheda proxima",1,10,0.1,-0.546912938646435
"M_051","Sapromyza fulvicornis",3,10,0.3,0.783415831034083
"M_051","Scaeva melanostoma",1,10,0.1,-0.546912938646435
"M_051","Sephanoides galeritus",3,10,0.3,0.783415831034083
"M_051","Svastrides melanura",1,10,0.1,-0.546912938646435
"M_051","Syrphus octomaculatus",4,10,0.4,1.44858021587434
"M_051","Trichophthalma amoena",4,10,0.4,1.44858021587434
"M_051","Trichophthalma jaffueli",2,10,0.2,0.118251446193824
"M_051","Unidentified sp1 M PL 051",2,10,0.2,0.118251446193824
"M_051","Unidentified sp10 M PL 051",2,10,0.2,0.118251446193824
"M_051","Unidentified sp11 M PL 051",2,10,0.2,0.118251446193824
"M_051","Unidentified sp12 M PL 051",1,10,0.1,-0.546912938646435
"M_051","Unidentified sp13 M PL 051",3,10,0.3,0.783415831034083
"M_051","Unidentified sp14 M PL 051",1,10,0.1,-0.546912938646435
"M_051","Unidentified sp15 M PL 051",1,10,0.1,-0.546912938646435
"M_051","Unidentified sp16 M PL 051",1,10,0.1,-0.546912938646435
"M_051","Unidentified sp17 M PL 051",1,10,0.1,-0.546912938646435
"M_051","Unidentified sp18 M PL 051",1,10,0.1,-0.546912938646435
"M_051","Unidentified sp2 M PL 051",4,10,0.4,1.44858021587434
"M_051","Unidentified sp20 M PL 051",1,10,0.1,-0.546912938646435
"M_051","Unidentified sp21 M PL 051",1,10,0.1,-0.546912938646435
"M_051","Unidentified sp22 M PL 051",2,10,0.2,0.118251446193824
"M_051","Unidentified sp25 M PL 051",1,10,0.1,-0.546912938646435
"M_051","Unidentified sp26 M PL 051",2,10,0.2,0.118251446193824
"M_051","Unidentified sp27 M PL 051",1,10,0.1,-0.546912938646435
"M_051","Unidentified sp29 M PL 051",1,10,0.1,-0.546912938646435
"M_051","Unidentified sp3 M PL 051",3,10,0.3,0.783415831034083
"M_051","Unidentified sp30 M PL 051",1,10,0.1,-0.546912938646435
"M_051","Unidentified sp31 M PL 051",1,10,0.1,-0.546912938646435
"M_051","Unidentified sp32 M PL 051",1,10,0.1,-0.546912938646435
"M_051","Unidentified sp37 M PL 051",1,10,0.1,-0.546912938646435
"M_051","Unidentified sp38 M PL 051",1,10,0.1,-0.546912938646435
"M_051","Unidentified sp39 M PL 051",1,10,0.1,-0.546912938646435
"M_051","Unidentified sp4 M PL 051",2,10,0.2,0.118251446193824
"M_051","Unidentified sp40 M PL 051",1,10,0.1,-0.546912938646435
"M_051","Unidentified sp46 M PL 051",1,10,0.1,-0.546912938646435
"M_051","Unidentified sp47 M PL 051",1,10,0.1,-0.546912938646435
"M_051","Unidentified sp48 M PL 051",1,10,0.1,-0.546912938646435
"M_051","Unidentified sp49 M PL 051",1,10,0.1,-0.546912938646435
"M_051","Unidentified sp50 M PL 051",1,10,0.1,-0.546912938646435
"M_051","Unidentified sp6 M PL 051",1,10,0.1,-0.546912938646435
"M_051","Unidentified sp7 M PL 051",1,10,0.1,-0.546912938646435
"M_051","Unidentified sp9 M PL 051",1,10,0.1,-0.546912938646435
"M_051","Vespula germanica",4,10,0.4,1.44858021587434
"M_053","Aldrichina grahami",1,16,0.0625,-0.437814021006029
"M_053","Allobaccha apicalis",1,16,0.0625,-0.437814021006029
"M_053","Allobaccha sp1 M PL 053",1,16,0.0625,-0.437814021006029
"M_053","Ammophila sabulosa",4,16,0.25,0.871175696035725
"M_053","Ampelophaga rubiginosa",1,16,0.0625,-0.437814021006029
"M_053","Anaspis sp1 M PL 053",1,16,0.0625,-0.437814021006029
"M_053","Anaspis sp2 M PL 053",1,16,0.0625,-0.437814021006029
"M_053","Andrena Knuthi",3,16,0.1875,0.434845790355141
"M_053","Andrena benefica",1,16,0.0625,-0.437814021006029
"M_053","Andrena dentata",3,16,0.1875,0.434845790355141
"M_053","Andrena halictoides",1,16,0.0625,-0.437814021006029
"M_053","Andrena hikosana",1,16,0.0625,-0.437814021006029
"M_053","Andrena kaguya",2,16,0.125,-0.00148411532544422
"M_053","Andrena komachi",3,16,0.1875,0.434845790355141
"M_053","Andrena longitibialis",4,16,0.25,0.871175696035725
"M_053","Andrena mikado",4,16,0.25,0.871175696035725
"M_053","Andrena minutula",2,16,0.125,-0.00148411532544422
"M_053","Andrena okabei",1,16,0.0625,-0.437814021006029
"M_053","Andrena prostomias",1,16,0.0625,-0.437814021006029
"M_053","Andrena sp1 M PL 053",1,16,0.0625,-0.437814021006029
"M_053","Andrena taraxaci",2,16,0.125,-0.00148411532544422
"M_053","Andrena watasei",4,16,0.25,0.871175696035725
"M_053","Anechura japonica",1,16,0.0625,-0.437814021006029
"M_053","Anomala octiescoctata",1,16,0.0625,-0.437814021006029
"M_053","Anthemus maculielytris",1,16,0.0625,-0.437814021006029
"M_053","Anthemus magnius",2,16,0.125,-0.00148411532544422
"M_053","Apis cerana",2,16,0.125,-0.00148411532544422
"M_053","Apis mellifera",11,16,0.6875,3.92548503579982
"M_053","Apoderus erythrogaster",1,16,0.0625,-0.437814021006029
"M_053","Argyronome ruslana",1,16,0.0625,-0.437814021006029
"M_053","Athousius sp1 M PL 053",1,16,0.0625,-0.437814021006029
"M_053","Aulacophora nigripennis",2,16,0.125,-0.00148411532544422
"M_053","Baccha maculata",1,16,0.0625,-0.437814021006029
"M_053","Balataea gracilis",1,16,0.0625,-0.437814021006029
"M_053","Baris dispilota",8,16,0.5,2.61649531875806
"M_053","Betasyrphus serarius",5,16,0.3125,1.30750560171631
"M_053","Bibio aneuretus",1,16,0.0625,-0.437814021006029
"M_053","Bibio gracilipalpus",4,16,0.25,0.871175696035725
"M_053","Bibio simulans",1,16,0.0625,-0.437814021006029
"M_053","Bibio sp1 M PL 053",3,16,0.1875,0.434845790355141
"M_053","Bibio sp2 M PL 053",1,16,0.0625,-0.437814021006029
"M_053","Bibio sp3 M PL 053",1,16,0.0625,-0.437814021006029
"M_053","Bibio sp4 M PL 053",1,16,0.0625,-0.437814021006029
"M_053","Bibio sp5 M PL 053",1,16,0.0625,-0.437814021006029
"M_053","Bombus ardens",9,16,0.5625,3.05282522443865
"M_053","Bombus diversus",13,16,0.8125,4.79814484716099
"M_053","Bombus ignitus",10,16,0.625,3.48915513011923
"M_053","Bombylius major",4,16,0.25,0.871175696035725
"M_053","Byturus sp1 M PL 053",2,16,0.125,-0.00148411532544422
"M_053","Byturus sp2 M PL 053",1,16,0.0625,-0.437814021006029
"M_053","Campiglossa hirayamae",1,16,0.0625,-0.437814021006029
"M_053","Camponotus japonicus",4,16,0.25,0.871175696035725
"M_053","Campsomeriella annulata",1,16,0.0625,-0.437814021006029
"M_053","Campsomeris prismatica",5,16,0.3125,1.30750560171631
"M_053","Ceratina flavipes",7,16,0.4375,2.18016541307748
"M_053","Ceratina iwatai",1,16,0.0625,-0.437814021006029
"M_053","Ceratina japonica",15,16,0.9375,5.67080465852216
"M_053","Ceratina megastigmata",7,16,0.4375,2.18016541307748
"M_053","Cheilosia sp1 M PL 053",2,16,0.125,-0.00148411532544422
"M_053","Cheilosia sp2 M PL 053",2,16,0.125,-0.00148411532544422
"M_053","Cheilosia sp3 M PL 053",1,16,0.0625,-0.437814021006029
"M_053","Cheilosia sp4 M PL 053",1,16,0.0625,-0.437814021006029
"M_053","Cheilosia sp5 M PL 053",1,16,0.0625,-0.437814021006029
"M_053","Chrysomela vigintipunctata",1,16,0.0625,-0.437814021006029
"M_053","Chrysopa sp1 M PL 053",1,16,0.0625,-0.437814021006029
"M_053","Coelioxys sp1 M PL 053",1,16,0.0625,-0.437814021006029
"M_053","Colletes perforator",1,16,0.0625,-0.437814021006029
"M_053","Copromyza sp1 M PL 053",1,16,0.0625,-0.437814021006029
"M_053","Crossocerus sp1 M PL 053",1,16,0.0625,-0.437814021006029
"M_053","Cteniopinus hypocrita",1,16,0.0625,-0.437814021006029
"M_053","Dalopius tamui",2,16,0.125,-0.00148411532544422
"M_053","Delia sp1 M PL 053",3,16,0.1875,0.434845790355141
"M_053","Delia sp2 M PL 053",1,16,0.0625,-0.437814021006029
"M_053","Delia sp3 M PL 053",1,16,0.0625,-0.437814021006029
"M_053","Delia sp4 M PL 053",1,16,0.0625,-0.437814021006029
"M_053","Delia sp5 M PL 053",1,16,0.0625,-0.437814021006029
"M_053","Dideaides coquilletti",1,16,0.0625,-0.437814021006029
"M_053","Dinoptera minuta",1,16,0.0625,-0.437814021006029
"M_053","Diptera sp23 M PL 053",1,16,0.0625,-0.437814021006029
"M_053","Drosophila sp1 M PL 053",1,16,0.0625,-0.437814021006029
"M_053","Drosophila sp2 M PL 053",1,16,0.0625,-0.437814021006029
"M_053","Ectinohoplia obducta",1,16,0.0625,-0.437814021006029
"M_053","Epistrophe aino",1,16,0.0625,-0.437814021006029
"M_053","Episyrphus balteatus",1,16,0.0625,-0.437814021006029
"M_053","Epuraea bergeri",1,16,0.0625,-0.437814021006029
"M_053","Eristalis cerealis",6,16,0.375,1.74383550739689
"M_053","Eristalis tenax",15,16,0.9375,5.67080465852216
"M_053","Eucetonia pilifera",1,16,0.0625,-0.437814021006029
"M_053","Eumea sp1 M PL 053",1,16,0.0625,-0.437814021006029
"M_053","Eumea sp2 M PL 053",1,16,0.0625,-0.437814021006029
"M_053","Eumerus sp1 M PL 053",1,16,0.0625,-0.437814021006029
"M_053","Eurychaeta sp1 M PL 053",1,16,0.0625,-0.437814021006029
"M_053","Eusphalerum parallelym",5,16,0.3125,1.30750560171631
"M_053","Euthyneura sp1 M PL 053",3,16,0.1875,0.434845790355141
"M_053","Exosoma flaviventre",1,16,0.0625,-0.437814021006029
"M_053","Fabriciana adippe",5,16,0.3125,1.30750560171631
"M_053","Fabriciana nerippe",2,16,0.125,-0.00148411532544422
"M_053","Fischeria sp1 M PL 053",1,16,0.0625,-0.437814021006029
"M_053","Formica japonica",2,16,0.125,-0.00148411532544422
"M_053","Gambrinus sp1 M PL 053",1,16,0.0625,-0.437814021006029
"M_053","Helophilus virgatus",4,16,0.25,0.871175696035725
"M_053","Hesperomorpha hirsuta",1,16,0.0625,-0.437814021006029
"M_053","Himatium sp1 M PL 053",2,16,0.125,-0.00148411532544422
"M_053","Homoneura sp1 M PL 053",1,16,0.0625,-0.437814021006029
"M_053","Homoneura sp2 M PL 053",1,16,0.0625,-0.437814021006029
"M_053","Hoplia moerens",2,16,0.125,-0.00148411532544422
"M_053","Hoplismenus sp1 M PL 053",5,16,0.3125,1.30750560171631
"M_053","Ichneumon sp1 M PL 053",1,16,0.0625,-0.437814021006029
"M_053","Ichneumon sp2 M PL 053",1,16,0.0625,-0.437814021006029
"M_053","Ivela auripes",1,16,0.0625,-0.437814021006029
"M_053","Lasioglossum apristum",2,16,0.125,-0.00148411532544422
"M_053","Lasioglossum baleicum",1,16,0.0625,-0.437814021006029
"M_053","Lasioglossum occidens",1,16,0.0625,-0.437814021006029
"M_053","Lasioglossum sibiriacum",2,16,0.125,-0.00148411532544422
"M_053","Lasioglossum sp1 M PL 053",10,16,0.625,3.48915513011923
"M_053","Lasioglossum sp2 M PL 053",8,16,0.5,2.61649531875806
"M_053","Lasioglossum sp3 M PL 053",5,16,0.3125,1.30750560171631
"M_053","Lasioglossum sp4 M PL 053",4,16,0.25,0.871175696035725
"M_053","Lasioglossum sp5 M PL 053",3,16,0.1875,0.434845790355141
"M_053","Lasioglossum sp6 M PL 053",1,16,0.0625,-0.437814021006029
"M_053","Lasioglossum sp7 M PL 053",1,16,0.0625,-0.437814021006029
"M_053","Lasioglossum sp8 M PL 053",1,16,0.0625,-0.437814021006029
"M_053","Lasiomma sp1 M PL 053",1,16,0.0625,-0.437814021006029
"M_053","Linnaenya sp1 M PL 053",1,16,0.0625,-0.437814021006029
"M_053","Liriomyza sp1 M PL 053",1,16,0.0625,-0.437814021006029
"M_053","Lycaena phlaeas",2,16,0.125,-0.00148411532544422
"M_053","Macroglossum bombylaus",1,16,0.0625,-0.437814021006029
"M_053","Macroglossum sp1 M PL 053",1,16,0.0625,-0.437814021006029
"M_053","Macroglossum stellatarum",1,16,0.0625,-0.437814021006029
"M_053","Macrolagria robusticeps",1,16,0.0625,-0.437814021006029
"M_053","Maculinea teleius",1,16,0.0625,-0.437814021006029
"M_053","Manobidia nipponica",2,16,0.125,-0.00148411532544422
"M_053","Megacampsomeris grossa",2,16,0.125,-0.00148411532544422
"M_053","Megachile japonica",1,16,0.0625,-0.437814021006029
"M_053","Megachile remota",1,16,0.0625,-0.437814021006029
"M_053","Megachile tsurugensis",2,16,0.125,-0.00148411532544422
"M_053","Meigenia sp1 M PL 053",1,16,0.0625,-0.437814021006029
"M_053","Meigenia sp2 M PL 053",1,16,0.0625,-0.437814021006029
"M_053","Melangyna sp1 M PL 053",1,16,0.0625,-0.437814021006029
"M_053","Melanostoma scalare",6,16,0.375,1.74383550739689
"M_053","Meligethes sp1 M PL 053",2,16,0.125,-0.00148411532544422
"M_053","Meliscaeva cinctella",1,16,0.0625,-0.437814021006029
"M_053","Metrioptera hime",1,16,0.0625,-0.437814021006029
"M_053","Mikadocantharis japonica",2,16,0.125,-0.00148411532544422
"M_053","Minois dryas",1,16,0.0625,-0.437814021006029
"M_053","Mordellistena sp1 M PL 053",5,16,0.3125,1.30750560171631
"M_053","Myrmica sp1 M PL 053",2,16,0.125,-0.00148411532544422
"M_053","Neaitamus angusticornis",1,16,0.0625,-0.437814021006029
"M_053","Nemophora umbripennis",1,16,0.0625,-0.437814021006029
"M_053","Neope niphonica",1,16,0.0625,-0.437814021006029
"M_053","Neptis sappho",1,16,0.0625,-0.437814021006029
"M_053","Nomada asozuana",1,16,0.0625,-0.437814021006029
"M_053","Nomada diervillae",1,16,0.0625,-0.437814021006029
"M_053","Nomada japonica",1,16,0.0625,-0.437814021006029
"M_053","Nomada muinensis",1,16,0.0625,-0.437814021006029
"M_053","Nomada mutsuensis",1,16,0.0625,-0.437814021006029
"M_053","Nomada sp1 M PL 053",1,16,0.0625,-0.437814021006029
"M_053","Nonarthra cyanea",7,16,0.4375,2.18016541307748
"M_053","Ochlodes ochraceus",3,16,0.1875,0.434845790355141
"M_053","Oedemeronia lucidicollis",8,16,0.5,2.61649531875806
"M_053","Oxycetonia jucunda",5,16,0.3125,1.30750560171631
"M_053","Pachyprotasis sp1 M PL 053",1,16,0.0625,-0.437814021006029
"M_053","Panorpa trizonata",2,16,0.125,-0.00148411532544422
"M_053","Papilio bianor",1,16,0.0625,-0.437814021006029
"M_053","Papilio machaon",4,16,0.25,0.871175696035725
"M_053","Paragus haemorrhous",1,16,0.0625,-0.437814021006029
"M_053","Paragus jozanus",3,16,0.1875,0.434845790355141
"M_053","Paragus quadrifasciatus",2,16,0.125,-0.00148411532544422
"M_053","Paraserica gricea",1,16,0.0625,-0.437814021006029
"M_053","Parnara guttata",5,16,0.3125,1.30750560171631
"M_053","Peribaea sp1 M PL 053",7,16,0.4375,2.18016541307748
"M_053","Phebellia sp1 M PL 053",1,16,0.0625,-0.437814021006029
"M_053","Philopota nigroaenea",5,16,0.3125,1.30750560171631
"M_053","Phyllopertha diversa",1,16,0.0625,-0.437814021006029
"M_053","Phytobius sp1 M PL 053",1,16,0.0625,-0.437814021006029
"M_053","Pidonia hylophila",1,16,0.0625,-0.437814021006029
"M_053","Pidonia piziloi",2,16,0.125,-0.00148411532544422
"M_053","Pieris melete",2,16,0.125,-0.00148411532544422
"M_053","Pipunculus sp1 M PL 053",1,16,0.0625,-0.437814021006029
"M_053","Platycheirus clypeatus",2,16,0.125,-0.00148411532544422
"M_053","Platycheirus urakawensis",3,16,0.1875,0.434845790355141
"M_053","Podabrus malthinoides",2,16,0.125,-0.00148411532544422
"M_053","Polytremis pellucida",2,16,0.125,-0.00148411532544422
"M_053","Popillia japonica",2,16,0.125,-0.00148411532544422
"M_053","Priocnemis cyphonota",1,16,0.0625,-0.437814021006029
"M_053","Prosena siberita",1,16,0.0625,-0.437814021006029
"M_053","Prosena sp1 M PL 053",3,16,0.1875,0.434845790355141
"M_053","Prothemus ciusianus",2,16,0.125,-0.00148411532544422
"M_053","Protichneumon sp1 M PL 053",1,16,0.0625,-0.437814021006029
"M_053","Ravinia sp1 M PL 053",1,16,0.0625,-0.437814021006029
"M_053","Rhinoncomimus sp1 M PL 053",1,16,0.0625,-0.437814021006029
"M_053","Rhogogaster varipes",1,16,0.0625,-0.437814021006029
"M_053","Scaeva komabensis",2,16,0.125,-0.00148411532544422
"M_053","Scirpophaga sp1 M PL 053",1,16,0.0625,-0.437814021006029
"M_053","Sepsis sp1 M PL 053",1,16,0.0625,-0.437814021006029
"M_053","Siphona sp1 M PL 053",3,16,0.1875,0.434845790355141
"M_053","Sisyropa sp1 M PL 053",1,16,0.0625,-0.437814021006029
"M_053","Sphaerophoria macrogaster",4,16,0.25,0.871175696035725
"M_053","Sphaerophoria philanthus",16,16,1,6.10713456420274
"M_053","Stomorhina obsoleta",6,16,0.375,1.74383550739689
"M_053","Sympetrum frequens",1,16,0.0625,-0.437814021006029
"M_053","Syrphus torvus",1,16,0.0625,-0.437814021006029
"M_053","Syrphus vitripernis",1,16,0.0625,-0.437814021006029
"M_053","Tachina sp1 M PL 053",1,16,0.0625,-0.437814021006029
"M_053","Tapinoma sp1 M PL 053",1,16,0.0625,-0.437814021006029
"M_053","Tenthredo fukaii",1,16,0.0625,-0.437814021006029
"M_053","Tetralonia nipponensis",6,16,0.375,1.74383550739689
"M_053","Themus midas",2,16,0.125,-0.00148411532544422
"M_053","Thoressa varia",1,16,0.0625,-0.437814021006029
"M_053","Trachys saundersi",1,16,0.0625,-0.437814021006029
"M_053","Trypherus nipponicus",1,16,0.0625,-0.437814021006029
"M_053","Unidentified sp1 M PL 053",2,16,0.125,-0.00148411532544422
"M_053","Unidentified sp10 M PL 053",1,16,0.0625,-0.437814021006029
"M_053","Unidentified sp11 M PL 053",1,16,0.0625,-0.437814021006029
"M_053","Unidentified sp12 M PL 053",1,16,0.0625,-0.437814021006029
"M_053","Unidentified sp13 M PL 053",1,16,0.0625,-0.437814021006029
"M_053","Unidentified sp14 M PL 053",1,16,0.0625,-0.437814021006029
"M_053","Unidentified sp15 M PL 053",1,16,0.0625,-0.437814021006029
"M_053","Unidentified sp16 M PL 053",1,16,0.0625,-0.437814021006029
"M_053","Unidentified sp17 M PL 053",1,16,0.0625,-0.437814021006029
"M_053","Unidentified sp18 M PL 053",1,16,0.0625,-0.437814021006029
"M_053","Unidentified sp19 M PL 053",1,16,0.0625,-0.437814021006029
"M_053","Unidentified sp2 M PL 053",2,16,0.125,-0.00148411532544422
"M_053","Unidentified sp20 M PL 053",1,16,0.0625,-0.437814021006029
"M_053","Unidentified sp21 M PL 053",1,16,0.0625,-0.437814021006029
"M_053","Unidentified sp22 M PL 053",1,16,0.0625,-0.437814021006029
"M_053","Unidentified sp24 M PL 053",1,16,0.0625,-0.437814021006029
"M_053","Unidentified sp25 M PL 053",1,16,0.0625,-0.437814021006029
"M_053","Unidentified sp26 M PL 053",1,16,0.0625,-0.437814021006029
"M_053","Unidentified sp27 M PL 053",1,16,0.0625,-0.437814021006029
"M_053","Unidentified sp28 M PL 053",1,16,0.0625,-0.437814021006029
"M_053","Unidentified sp29 M PL 053",1,16,0.0625,-0.437814021006029
"M_053","Unidentified sp3 M PL 053",1,16,0.0625,-0.437814021006029
"M_053","Unidentified sp30 M PL 053",1,16,0.0625,-0.437814021006029
"M_053","Unidentified sp31 M PL 053",1,16,0.0625,-0.437814021006029
"M_053","Unidentified sp32 M PL 053",1,16,0.0625,-0.437814021006029
"M_053","Unidentified sp33 M PL 053",1,16,0.0625,-0.437814021006029
"M_053","Unidentified sp34 M PL 053",1,16,0.0625,-0.437814021006029
"M_053","Unidentified sp35 M PL 053",1,16,0.0625,-0.437814021006029
"M_053","Unidentified sp36 M PL 053",1,16,0.0625,-0.437814021006029
"M_053","Unidentified sp37 M PL 053",1,16,0.0625,-0.437814021006029
"M_053","Unidentified sp38 M PL 053",1,16,0.0625,-0.437814021006029
"M_053","Unidentified sp39 M PL 053",1,16,0.0625,-0.437814021006029
"M_053","Unidentified sp4 M PL 053",1,16,0.0625,-0.437814021006029
"M_053","Unidentified sp40 M PL 053",1,16,0.0625,-0.437814021006029
"M_053","Unidentified sp41 M PL 053",1,16,0.0625,-0.437814021006029
"M_053","Unidentified sp42 M PL 053",1,16,0.0625,-0.437814021006029
"M_053","Unidentified sp43 M PL 053",1,16,0.0625,-0.437814021006029
"M_053","Unidentified sp44 M PL 053",1,16,0.0625,-0.437814021006029
"M_053","Unidentified sp45 M PL 053",1,16,0.0625,-0.437814021006029
"M_053","Unidentified sp46 M PL 053",1,16,0.0625,-0.437814021006029
"M_053","Unidentified sp47 M PL 053",1,16,0.0625,-0.437814021006029
"M_053","Unidentified sp48 M PL 053",1,16,0.0625,-0.437814021006029
"M_053","Unidentified sp49 M PL 053",1,16,0.0625,-0.437814021006029
"M_053","Unidentified sp5 M PL 053",1,16,0.0625,-0.437814021006029
"M_053","Unidentified sp50 M PL 053",1,16,0.0625,-0.437814021006029
"M_053","Unidentified sp51 M PL 053",1,16,0.0625,-0.437814021006029
"M_053","Unidentified sp52 M PL 053",1,16,0.0625,-0.437814021006029
"M_053","Unidentified sp53 M PL 053",1,16,0.0625,-0.437814021006029
"M_053","Unidentified sp54 M PL 053",1,16,0.0625,-0.437814021006029
"M_053","Unidentified sp55 M PL 053",1,16,0.0625,-0.437814021006029
"M_053","Unidentified sp56 M PL 053",1,16,0.0625,-0.437814021006029
"M_053","Unidentified sp57 M PL 053",1,16,0.0625,-0.437814021006029
"M_053","Unidentified sp58 M PL 053",1,16,0.0625,-0.437814021006029
"M_053","Unidentified sp59 M PL 053",1,16,0.0625,-0.437814021006029
"M_053","Unidentified sp6 M PL 053",1,16,0.0625,-0.437814021006029
"M_053","Unidentified sp60 M PL 053",1,16,0.0625,-0.437814021006029
"M_053","Unidentified sp61 M PL 053",1,16,0.0625,-0.437814021006029
"M_053","Unidentified sp62 M PL 053",1,16,0.0625,-0.437814021006029
"M_053","Unidentified sp63 M PL 053",1,16,0.0625,-0.437814021006029
"M_053","Unidentified sp64 M PL 053",1,16,0.0625,-0.437814021006029
"M_053","Unidentified sp65 M PL 053",1,16,0.0625,-0.437814021006029
"M_053","Unidentified sp66 M PL 053",1,16,0.0625,-0.437814021006029
"M_053","Unidentified sp67 M PL 053",1,16,0.0625,-0.437814021006029
"M_053","Unidentified sp68 M PL 053",1,16,0.0625,-0.437814021006029
"M_053","Unidentified sp69 M PL 053",1,16,0.0625,-0.437814021006029
"M_053","Unidentified sp7 M PL 053",1,16,0.0625,-0.437814021006029
"M_053","Unidentified sp70 M PL 053",1,16,0.0625,-0.437814021006029
"M_053","Unidentified sp71 M PL 053",1,16,0.0625,-0.437814021006029
"M_053","Unidentified sp72 M PL 053",1,16,0.0625,-0.437814021006029
"M_053","Unidentified sp73 M PL 053",1,16,0.0625,-0.437814021006029
"M_053","Unidentified sp74 M PL 053",1,16,0.0625,-0.437814021006029
"M_053","Unidentified sp75 M PL 053",1,16,0.0625,-0.437814021006029
"M_053","Unidentified sp8 M PL 053",1,16,0.0625,-0.437814021006029
"M_053","Unidentified sp9 M PL 053",1,16,0.0625,-0.437814021006029
"M_053","Urophora sachalinensis",2,16,0.125,-0.00148411532544422
"M_053","Vanessa indica",1,16,0.0625,-0.437814021006029
"M_053","Vespa simillima",3,16,0.1875,0.434845790355141
"M_053","Vespa tropica",1,16,0.0625,-0.437814021006029
"M_053","Vibidia duodecimguttata",1,16,0.0625,-0.437814021006029
"M_053","Volucella jeddona",1,16,0.0625,-0.437814021006029
"M_053","Vuilletus viridis",1,16,0.0625,-0.437814021006029
"M_053","Zodion sp1 M PL 053",1,16,0.0625,-0.437814021006029
"M_053","Zypangia lewisi",4,16,0.25,0.871175696035725
"M_054","Agrypnus binodulusllis",1,24,0.0416666666666667,-0.441064718924623
"M_054","Ammophila clavus",1,24,0.0416666666666667,-0.441064718924623
"M_054","Andrena Knuthi",3,24,0.125,0.175456514561224
"M_054","Andrena benefica",1,24,0.0416666666666667,-0.441064718924623
"M_054","Andrena brassicae",1,24,0.0416666666666667,-0.441064718924623
"M_054","Andrena japonica",2,24,0.0833333333333333,-0.1328041021817
"M_054","Andrena komachi",1,24,0.0416666666666667,-0.441064718924623
"M_054","Andrena opacifovea opacifovea",4,24,0.166666666666667,0.483717131304147
"M_054","Andrena protomias",4,24,0.166666666666667,0.483717131304147
"M_054","Andrena yamamotoi",2,24,0.0833333333333333,-0.1328041021817
"M_054","Anomala albopilosa",1,24,0.0416666666666667,-0.441064718924623
"M_054","Anterhynchium flavomarginatum micado",2,24,0.0833333333333333,-0.1328041021817
"M_054","Anthaxia Proteus",2,24,0.0833333333333333,-0.1328041021817
"M_054","Anthidium septemspinosum",3,24,0.125,0.175456514561224
"M_054","Anthocris scolymus",1,24,0.0416666666666667,-0.441064718924623
"M_054","Anthophora pilipes villosula",3,24,0.125,0.175456514561224
"M_054","Anthrenus verbasci",18,24,0.75,4.79936576570507
"M_054","Apis cerana japonica",23,24,0.958333333333333,6.34066884941969
"M_054","Apis mellifera",15,24,0.625,3.8745839154763
"M_054","Araneidae sp18 M PL 054",1,24,0.0416666666666667,-0.441064718924623
"M_054","Araneidae sp19 M PL 054",1,24,0.0416666666666667,-0.441064718924623
"M_054","Araneidae sp20 M PL 054",1,24,0.0416666666666667,-0.441064718924623
"M_054","Araneidae sp36 M PL 054",1,24,0.0416666666666667,-0.441064718924623
"M_054","Araneidae sp37 M PL 054",1,24,0.0416666666666667,-0.441064718924623
"M_054","Araneidae sp38 M PL 054",1,24,0.0416666666666667,-0.441064718924623
"M_054","Araneidae sp39 M PL 054",1,24,0.0416666666666667,-0.441064718924623
"M_054","Araneidae sp40 M PL 054",1,24,0.0416666666666667,-0.441064718924623
"M_054","Araneidae sp41 M PL 054",1,24,0.0416666666666667,-0.441064718924623
"M_054","Araneidae sp42 M PL 054",1,24,0.0416666666666667,-0.441064718924623
"M_054","Araneidae sp43 M PL 054",1,24,0.0416666666666667,-0.441064718924623
"M_054","Araneidae sp44 M PL 054",1,24,0.0416666666666667,-0.441064718924623
"M_054","Araneidae sp45 M PL 054",1,24,0.0416666666666667,-0.441064718924623
"M_054","Araneidae sp46 M PL 054",1,24,0.0416666666666667,-0.441064718924623
"M_054","Araneidae sp47 M PL 054",1,24,0.0416666666666667,-0.441064718924623
"M_054","Araneidae sp48 M PL 054",1,24,0.0416666666666667,-0.441064718924623
"M_054","Araneidae sp49 M PL 054",1,24,0.0416666666666667,-0.441064718924623
"M_054","Araneidae sp50 M PL 054",1,24,0.0416666666666667,-0.441064718924623
"M_054","Araneidae sp51 M PL 054",1,24,0.0416666666666667,-0.441064718924623
"M_054","Araneidae sp9 M PL 054",1,24,0.0416666666666667,-0.441064718924623
"M_054","Arge similis",5,24,0.208333333333333,0.79197774804707
"M_054","Asclera nigrocya",1,24,0.0416666666666667,-0.441064718924623
"M_054","Athalia japonica",2,24,0.0833333333333333,-0.1328041021817
"M_054","Aulacophora nigripennis",2,24,0.0833333333333333,-0.1328041021817
"M_054","Blitopertha conspurcata",2,24,0.0833333333333333,-0.1328041021817
"M_054","Blitopertha orientalis",1,24,0.0416666666666667,-0.441064718924623
"M_054","Bombus ardens",8,24,0.333333333333333,1.71675959827584
"M_054","Bombus diversus diversus",2,24,0.0833333333333333,-0.1328041021817
"M_054","Bombus hypocrita hypocrita",7,24,0.291666666666667,1.40849898153292
"M_054","Bombus ignitus",9,24,0.375,2.02502021501876
"M_054","Bombylius major",3,24,0.125,0.175456514561224
"M_054","Brachymeria fiskei",1,24,0.0416666666666667,-0.441064718924623
"M_054","Bruchidius dorsalis",2,24,0.0833333333333333,-0.1328041021817
"M_054","Bruchidius urbanus",2,24,0.0833333333333333,-0.1328041021817
"M_054","Byasa alcinous",1,24,0.0416666666666667,-0.441064718924623
"M_054","Callosobruchus chinensis",3,24,0.125,0.175456514561224
"M_054","Camponotus japonicus",2,24,0.0833333333333333,-0.1328041021817
"M_054","Campsomeris annulata",1,24,0.0416666666666667,-0.441064718924623
"M_054","Campsomeris grossa matsumurai",5,24,0.208333333333333,0.79197774804707
"M_054","Campsomeris primatica",5,24,0.208333333333333,0.79197774804707
"M_054","Campsomeris testaceipes",3,24,0.125,0.175456514561224
"M_054","Carpophilus chalybeus",2,24,0.0833333333333333,-0.1328041021817
"M_054","Ceratina esakii",1,24,0.0416666666666667,-0.441064718924623
"M_054","Ceratina flavipes",11,24,0.458333333333333,2.64154144850461
"M_054","Ceratina iwatai",1,24,0.0416666666666667,-0.441064718924623
"M_054","Ceratina japonica",2,24,0.0833333333333333,-0.1328041021817
"M_054","Cerceris albofasciata",1,24,0.0416666666666667,-0.441064718924623
"M_054","Cerceris japonica",3,24,0.125,0.175456514561224
"M_054","Chalicodoma disjunctiformis",2,24,0.0833333333333333,-0.1328041021817
"M_054","Chalicodoma sculpturalis",1,24,0.0416666666666667,-0.441064718924623
"M_054","Chalicodoma sp1 M PL 054",2,24,0.0833333333333333,-0.1328041021817
"M_054","Cheilosia sp1 M PL 054",2,24,0.0833333333333333,-0.1328041021817
"M_054","Chlorophorus japonicus",1,24,0.0416666666666667,-0.441064718924623
"M_054","Cletus rusticus",1,24,0.0416666666666667,-0.441064718924623
"M_054","Cletus trigonus",1,24,0.0416666666666667,-0.441064718924623
"M_054","Coelioxys fenestrata",1,24,0.0416666666666667,-0.441064718924623
"M_054","Coelioxys yanonis",1,24,0.0416666666666667,-0.441064718924623
"M_054","Colletes sp1 M PL 054",1,24,0.0416666666666667,-0.441064718924623
"M_054","Colletes sp2 M PL 054",1,24,0.0416666666666667,-0.441064718924623
"M_054","Cyphononyx dorsalis",1,24,0.0416666666666667,-0.441064718924623
"M_054","Dasytes vulgaris",1,24,0.0416666666666667,-0.441064718924623
"M_054","Dere thoracica",1,24,0.0416666666666667,-0.441064718924623
"M_054","Dermestes haemorrhoidalis",2,24,0.0833333333333333,-0.1328041021817
"M_054","Didea fasciata",1,24,0.0416666666666667,-0.441064718924623
"M_054","Dybowskia reticulata",1,24,0.0416666666666667,-0.441064718924623
"M_054","Ectemnius rubicola",1,24,0.0416666666666667,-0.441064718924623
"M_054","Episyrphus balteatus",10,24,0.416666666666667,2.33328083176169
"M_054","Eristalis cerealis",11,24,0.458333333333333,2.64154144850461
"M_054","Eristalomya tenax",1,24,0.0416666666666667,-0.441064718924623
"M_054","Euapis basalis",1,24,0.0416666666666667,-0.441064718924623
"M_054","Eucetonia pilifera",10,24,0.416666666666667,2.33328083176169
"M_054","Eumenes decorata",1,24,0.0416666666666667,-0.441064718924623
"M_054","Eumenes rubronotatus",1,24,0.0416666666666667,-0.441064718924623
"M_054","Eurema hecabe",3,24,0.125,0.175456514561224
"M_054","Eurystylus coelestialium",3,24,0.125,0.175456514561224
"M_054","Eusphalerum parallelum",1,24,0.0416666666666667,-0.441064718924623
"M_054","Everes argiades",1,24,0.0416666666666667,-0.441064718924623
"M_054","Formica japonica",7,24,0.291666666666667,1.40849898153292
"M_054","Graphium sarpedon nipponum",7,24,0.291666666666667,1.40849898153292
"M_054","Gymnosoma rotundatum",2,24,0.0833333333333333,-0.1328041021817
"M_054","Halictus aerarius",4,24,0.166666666666667,0.483717131304147
"M_054","Helophilus virgatus",5,24,0.208333333333333,0.79197774804707
"M_054","Hylaeus floralis",1,24,0.0416666666666667,-0.441064718924623
"M_054","Hylaeus nippon",1,24,0.0416666666666667,-0.441064718924623
"M_054","Ivela auripes",1,24,0.0416666666666667,-0.441064718924623
"M_054","Lasiogiossum Proximatum",1,24,0.0416666666666667,-0.441064718924623
"M_054","Lasiogiossum japonicum",1,24,0.0416666666666667,-0.441064718924623
"M_054","Lasioglossum baleicum",1,24,0.0416666666666667,-0.441064718924623
"M_054","Lasioglossum duplex",3,24,0.125,0.175456514561224
"M_054","Lasioglossum exiliceps",1,24,0.0416666666666667,-0.441064718924623
"M_054","Lasioglossum japonicum",8,24,0.333333333333333,1.71675959827584
"M_054","Lasioglossum mutilum",2,24,0.0833333333333333,-0.1328041021817
"M_054","Lasioglossum occidens",19,24,0.791666666666667,5.10762638244799
"M_054","Lasioglossum proximatum",1,24,0.0416666666666667,-0.441064718924623
"M_054","Lasioglossum scitulum",2,24,0.0833333333333333,-0.1328041021817
"M_054","Lasioglossum sibiriacum",1,24,0.0416666666666667,-0.441064718924623
"M_054","Lasioglossum sp1 M PL 054",7,24,0.291666666666667,1.40849898153292
"M_054","Lasioglossum sp2 M PL 054",1,24,0.0416666666666667,-0.441064718924623
"M_054","Lasioglossum taniolellum",5,24,0.208333333333333,0.79197774804707
"M_054","Lasius niger",5,24,0.208333333333333,0.79197774804707
"M_054","Lathrophthalmus ocularis",1,24,0.0416666666666667,-0.441064718924623
"M_054","Leptocorixa corbetti",1,24,0.0416666666666667,-0.441064718924623
"M_054","Libythea celtis",1,24,0.0416666666666667,-0.441064718924623
"M_054","Linoetis coeruleipennis",1,24,0.0416666666666667,-0.441064718924623
"M_054","Linotetis coeruleipennis",3,24,0.125,0.175456514561224
"M_054","Lithurgus collaris",1,24,0.0416666666666667,-0.441064718924623
"M_054","Loderus insulicola",1,24,0.0416666666666667,-0.441064718924623
"M_054","Lycaena phlaeas",2,24,0.0833333333333333,-0.1328041021817
"M_054","Macrophya falsifica",2,24,0.0833333333333333,-0.1328041021817
"M_054","Megachile kobensis",3,24,0.125,0.175456514561224
"M_054","Megachile nipponica",4,24,0.166666666666667,0.483717131304147
"M_054","Megachile pseudomonticola",1,24,0.0416666666666667,-0.441064718924623
"M_054","Megachile remota sakagamii",2,24,0.0833333333333333,-0.1328041021817
"M_054","Megachile subalbuta",5,24,0.208333333333333,0.79197774804707
"M_054","Megachile tsurugensis",6,24,0.25,1.10023836478999
"M_054","Megaspis zonata",3,24,0.125,0.175456514561224
"M_054","Melanostoma scalare",3,24,0.125,0.175456514561224
"M_054","Metasyrphus corollae",1,24,0.0416666666666667,-0.441064718924623
"M_054","Metasyrphus nintens",2,24,0.0833333333333333,-0.1328041021817
"M_054","Mordellina sp1 M PL 054",3,24,0.125,0.175456514561224
"M_054","Mordellistena sp1 M PL 054",9,24,0.375,2.02502021501876
"M_054","Neuroptera sp132 M PL 054",1,24,0.0416666666666667,-0.441064718924623
"M_054","Neuroptera sp35 M PL 054",2,24,0.0833333333333333,-0.1328041021817
"M_054","Nipponovalgus angusticollis",1,24,0.0416666666666667,-0.441064718924623
"M_054","Nomada ginran",3,24,0.125,0.175456514561224
"M_054","Nomada japonica",1,24,0.0416666666666667,-0.441064718924623
"M_054","Nomada shepparadana okubira",1,24,0.0416666666666667,-0.441064718924623
"M_054","Nonartha cyaneum",16,24,0.666666666666667,4.18284453221922
"M_054","Nysius sp1 M PL 054",1,24,0.0416666666666667,-0.441064718924623
"M_054","Oracistrocerus drewseni drewseni",3,24,0.125,0.175456514561224
"M_054","Orthoptera sp133 M PL 054",1,24,0.0416666666666667,-0.441064718924623
"M_054","Orthoptera sp134 M PL 054",1,24,0.0416666666666667,-0.441064718924623
"M_054","Orthoptera sp135 M PL 054",1,24,0.0416666666666667,-0.441064718924623
"M_054","Orthoptera sp136 M PL 054",1,24,0.0416666666666667,-0.441064718924623
"M_054","Osmia imaii",3,24,0.125,0.175456514561224
"M_054","Osmia orientalis",1,24,0.0416666666666667,-0.441064718924623
"M_054","Osmia taurus",1,24,0.0416666666666667,-0.441064718924623
"M_054","Oxycetonia jucunda",14,24,0.583333333333333,3.56632329873338
"M_054","Pachyprotasis sp1 M PL 054",1,24,0.0416666666666667,-0.441064718924623
"M_054","Panurginus crawfordi",2,24,0.0833333333333333,-0.1328041021817
"M_054","Papilio xuthus",5,24,0.208333333333333,0.79197774804707
"M_054","Papilix Protenor demetrius",2,24,0.0833333333333333,-0.1328041021817
"M_054","Paragus tibialis",1,24,0.0416666666666667,-0.441064718924623
"M_054","Parnara guttata",7,24,0.291666666666667,1.40849898153292
"M_054","Philopota nigroaenea",7,24,0.291666666666667,1.40849898153292
"M_054","Phyllopertha irregularis",1,24,0.0416666666666667,-0.441064718924623
"M_054","Pieris melete",2,24,0.0833333333333333,-0.1328041021817
"M_054","Pieris rapae",7,24,0.291666666666667,1.40849898153292
"M_054","Pipiza inornata",1,24,0.0416666666666667,-0.441064718924623
"M_054","Polistes jadwigae",6,24,0.25,1.10023836478999
"M_054","Polistes mandarinus",3,24,0.125,0.175456514561224
"M_054","Polistes rothoneyi iwatai",1,24,0.0416666666666667,-0.441064718924623
"M_054","Polistes snelleni",1,24,0.0416666666666667,-0.441064718924623
"M_054","Popillia japonica",2,24,0.0833333333333333,-0.1328041021817
"M_054","Priophorus nigricans",1,24,0.0416666666666667,-0.441064718924623
"M_054","Pristomyrmex punger",7,24,0.291666666666667,1.40849898153292
"M_054","Protaetia orientalis",3,24,0.125,0.175456514561224
"M_054","Pseudomerdon takasaqoensis",1,24,0.0416666666666667,-0.441064718924623
"M_054","Psocoptera sp138 M PL 054",1,24,0.0416666666666667,-0.441064718924623
"M_054","Sastragala scutellata",1,24,0.0416666666666667,-0.441064718924623
"M_054","Scolia historionica japonica",1,24,0.0416666666666667,-0.441064718924623
"M_054","Scolia oculata",3,24,0.125,0.175456514561224
"M_054","Sphaerophoria macrogaster",14,24,0.583333333333333,3.56632329873338
"M_054","Sphaerophoria menthastri",4,24,0.166666666666667,0.483717131304147
"M_054","Sphex diabolicus flammitrichus",1,24,0.0416666666666667,-0.441064718924623
"M_054","Stenodryas clavigera",1,24,0.0416666666666667,-0.441064718924623
"M_054","Stenodynerus chinensis simillimus",2,24,0.0833333333333333,-0.1328041021817
"M_054","Stenodynerus frauenfeldi",2,24,0.0833333333333333,-0.1328041021817
"M_054","Stenodynerus tokyanus tokyanus",1,24,0.0416666666666667,-0.441064718924623
"M_054","Strogylogaster onocleae",1,24,0.0416666666666667,-0.441064718924623
"M_054","Syritta pipiens",3,24,0.125,0.175456514561224
"M_054","Syrphus japonica",1,24,0.0416666666666667,-0.441064718924623
"M_054","Syrphus vitripennis",1,24,0.0416666666666667,-0.441064718924623
"M_054","Tetralonia mitsukurii",1,24,0.0416666666666667,-0.441064718924623
"M_054","Tetralonia nipponens",11,24,0.458333333333333,2.64154144850461
"M_054","Tiphia sp1 M PL 054",2,24,0.0833333333333333,-0.1328041021817
"M_054","Trichius japonicus",1,24,0.0416666666666667,-0.441064718924623
"M_054","Trichoptera sp139 M PL 054",1,24,0.0416666666666667,-0.441064718924623
"M_054","Trichoptera sp140 M PL 054",1,24,0.0416666666666667,-0.441064718924623
"M_054","Unidentified sp1 M PL 054",9,24,0.375,2.02502021501876
"M_054","Unidentified sp10 M PL 054",2,24,0.0833333333333333,-0.1328041021817
"M_054","Unidentified sp100 M PL 054",1,24,0.0416666666666667,-0.441064718924623
"M_054","Unidentified sp101 M PL 054",1,24,0.0416666666666667,-0.441064718924623
"M_054","Unidentified sp102 M PL 054",1,24,0.0416666666666667,-0.441064718924623
"M_054","Unidentified sp103 M PL 054",1,24,0.0416666666666667,-0.441064718924623
"M_054","Unidentified sp104 M PL 054",1,24,0.0416666666666667,-0.441064718924623
"M_054","Unidentified sp105 M PL 054",1,24,0.0416666666666667,-0.441064718924623
"M_054","Unidentified sp106 M PL 054",1,24,0.0416666666666667,-0.441064718924623
"M_054","Unidentified sp107 M PL 054",1,24,0.0416666666666667,-0.441064718924623
"M_054","Unidentified sp108 M PL 054",1,24,0.0416666666666667,-0.441064718924623
"M_054","Unidentified sp109 M PL 054",1,24,0.0416666666666667,-0.441064718924623
"M_054","Unidentified sp11 M PL 054",3,24,0.125,0.175456514561224
"M_054","Unidentified sp110 M PL 054",1,24,0.0416666666666667,-0.441064718924623
"M_054","Unidentified sp111 M PL 054",1,24,0.0416666666666667,-0.441064718924623
"M_054","Unidentified sp112 M PL 054",1,24,0.0416666666666667,-0.441064718924623
"M_054","Unidentified sp113 M PL 054",1,24,0.0416666666666667,-0.441064718924623
"M_054","Unidentified sp114 M PL 054",1,24,0.0416666666666667,-0.441064718924623
"M_054","Unidentified sp115 M PL 054",1,24,0.0416666666666667,-0.441064718924623
"M_054","Unidentified sp116 M PL 054",1,24,0.0416666666666667,-0.441064718924623
"M_054","Unidentified sp117 M PL 054",1,24,0.0416666666666667,-0.441064718924623
"M_054","Unidentified sp118 M PL 054",1,24,0.0416666666666667,-0.441064718924623
"M_054","Unidentified sp119 M PL 054",1,24,0.0416666666666667,-0.441064718924623
"M_054","Unidentified sp12 M PL 054",2,24,0.0833333333333333,-0.1328041021817
"M_054","Unidentified sp120 M PL 054",1,24,0.0416666666666667,-0.441064718924623
"M_054","Unidentified sp121 M PL 054",1,24,0.0416666666666667,-0.441064718924623
"M_054","Unidentified sp122 M PL 054",1,24,0.0416666666666667,-0.441064718924623
"M_054","Unidentified sp123 M PL 054",1,24,0.0416666666666667,-0.441064718924623
"M_054","Unidentified sp124 M PL 054",1,24,0.0416666666666667,-0.441064718924623
"M_054","Unidentified sp125 M PL 054",1,24,0.0416666666666667,-0.441064718924623
"M_054","Unidentified sp126 M PL 054",1,24,0.0416666666666667,-0.441064718924623
"M_054","Unidentified sp127 M PL 054",1,24,0.0416666666666667,-0.441064718924623
"M_054","Unidentified sp128 M PL 054",1,24,0.0416666666666667,-0.441064718924623
"M_054","Unidentified sp129 M PL 054",1,24,0.0416666666666667,-0.441064718924623
"M_054","Unidentified sp13 M PL 054",3,24,0.125,0.175456514561224
"M_054","Unidentified sp130 M PL 054",1,24,0.0416666666666667,-0.441064718924623
"M_054","Unidentified sp131 M PL 054",1,24,0.0416666666666667,-0.441064718924623
"M_054","Unidentified sp137 M PL 054",1,24,0.0416666666666667,-0.441064718924623
"M_054","Unidentified sp14 M PL 054",1,24,0.0416666666666667,-0.441064718924623
"M_054","Unidentified sp15 M PL 054",1,24,0.0416666666666667,-0.441064718924623
"M_054","Unidentified sp16 M PL 054",2,24,0.0833333333333333,-0.1328041021817
"M_054","Unidentified sp17 M PL 054",1,24,0.0416666666666667,-0.441064718924623
"M_054","Unidentified sp2 M PL 054",4,24,0.166666666666667,0.483717131304147
"M_054","Unidentified sp21 M PL 054",2,24,0.0833333333333333,-0.1328041021817
"M_054","Unidentified sp22 M PL 054",2,24,0.0833333333333333,-0.1328041021817
"M_054","Unidentified sp23 M PL 054",2,24,0.0833333333333333,-0.1328041021817
"M_054","Unidentified sp24 M PL 054",2,24,0.0833333333333333,-0.1328041021817
"M_054","Unidentified sp25 M PL 054",2,24,0.0833333333333333,-0.1328041021817
"M_054","Unidentified sp26 M PL 054",2,24,0.0833333333333333,-0.1328041021817
"M_054","Unidentified sp27 M PL 054",2,24,0.0833333333333333,-0.1328041021817
"M_054","Unidentified sp28 M PL 054",2,24,0.0833333333333333,-0.1328041021817
"M_054","Unidentified sp29 M PL 054",1,24,0.0416666666666667,-0.441064718924623
"M_054","Unidentified sp3 M PL 054",4,24,0.166666666666667,0.483717131304147
"M_054","Unidentified sp30 M PL 054",1,24,0.0416666666666667,-0.441064718924623
"M_054","Unidentified sp31 M PL 054",2,24,0.0833333333333333,-0.1328041021817
"M_054","Unidentified sp32 M PL 054",2,24,0.0833333333333333,-0.1328041021817
"M_054","Unidentified sp33 M PL 054",2,24,0.0833333333333333,-0.1328041021817
"M_054","Unidentified sp34 M PL 054",2,24,0.0833333333333333,-0.1328041021817
"M_054","Unidentified sp4 M PL 054",1,24,0.0416666666666667,-0.441064718924623
"M_054","Unidentified sp5 M PL 054",4,24,0.166666666666667,0.483717131304147
"M_054","Unidentified sp52 M PL 054",1,24,0.0416666666666667,-0.441064718924623
"M_054","Unidentified sp53 M PL 054",1,24,0.0416666666666667,-0.441064718924623
"M_054","Unidentified sp54 M PL 054",1,24,0.0416666666666667,-0.441064718924623
"M_054","Unidentified sp55 M PL 054",1,24,0.0416666666666667,-0.441064718924623
"M_054","Unidentified sp56 M PL 054",1,24,0.0416666666666667,-0.441064718924623
"M_054","Unidentified sp57 M PL 054",1,24,0.0416666666666667,-0.441064718924623
"M_054","Unidentified sp58 M PL 054",1,24,0.0416666666666667,-0.441064718924623
"M_054","Unidentified sp59 M PL 054",1,24,0.0416666666666667,-0.441064718924623
"M_054","Unidentified sp6 M PL 054",4,24,0.166666666666667,0.483717131304147
"M_054","Unidentified sp60 M PL 054",1,24,0.0416666666666667,-0.441064718924623
"M_054","Unidentified sp61 M PL 054",1,24,0.0416666666666667,-0.441064718924623
"M_054","Unidentified sp62 M PL 054",1,24,0.0416666666666667,-0.441064718924623
"M_054","Unidentified sp63 M PL 054",1,24,0.0416666666666667,-0.441064718924623
"M_054","Unidentified sp64 M PL 054",1,24,0.0416666666666667,-0.441064718924623
"M_054","Unidentified sp65 M PL 054",1,24,0.0416666666666667,-0.441064718924623
"M_054","Unidentified sp66 M PL 054",1,24,0.0416666666666667,-0.441064718924623
"M_054","Unidentified sp67 M PL 054",1,24,0.0416666666666667,-0.441064718924623
"M_054","Unidentified sp68 M PL 054",1,24,0.0416666666666667,-0.441064718924623
"M_054","Unidentified sp69 M PL 054",1,24,0.0416666666666667,-0.441064718924623
"M_054","Unidentified sp7 M PL 054",2,24,0.0833333333333333,-0.1328041021817
"M_054","Unidentified sp70 M PL 054",1,24,0.0416666666666667,-0.441064718924623
"M_054","Unidentified sp71 M PL 054",1,24,0.0416666666666667,-0.441064718924623
"M_054","Unidentified sp72 M PL 054",1,24,0.0416666666666667,-0.441064718924623
"M_054","Unidentified sp73 M PL 054",1,24,0.0416666666666667,-0.441064718924623
"M_054","Unidentified sp74 M PL 054",1,24,0.0416666666666667,-0.441064718924623
"M_054","Unidentified sp75 M PL 054",1,24,0.0416666666666667,-0.441064718924623
"M_054","Unidentified sp76 M PL 054",1,24,0.0416666666666667,-0.441064718924623
"M_054","Unidentified sp77 M PL 054",1,24,0.0416666666666667,-0.441064718924623
"M_054","Unidentified sp78 M PL 054",1,24,0.0416666666666667,-0.441064718924623
"M_054","Unidentified sp79 M PL 054",1,24,0.0416666666666667,-0.441064718924623
"M_054","Unidentified sp8 M PL 054",1,24,0.0416666666666667,-0.441064718924623
"M_054","Unidentified sp80 M PL 054",1,24,0.0416666666666667,-0.441064718924623
"M_054","Unidentified sp81 M PL 054",1,24,0.0416666666666667,-0.441064718924623
"M_054","Unidentified sp82 M PL 054",1,24,0.0416666666666667,-0.441064718924623
"M_054","Unidentified sp83 M PL 054",1,24,0.0416666666666667,-0.441064718924623
"M_054","Unidentified sp84 M PL 054",1,24,0.0416666666666667,-0.441064718924623
"M_054","Unidentified sp85 M PL 054",1,24,0.0416666666666667,-0.441064718924623
"M_054","Unidentified sp86 M PL 054",1,24,0.0416666666666667,-0.441064718924623
"M_054","Unidentified sp87 M PL 054",1,24,0.0416666666666667,-0.441064718924623
"M_054","Unidentified sp88 M PL 054",1,24,0.0416666666666667,-0.441064718924623
"M_054","Unidentified sp89 M PL 054",1,24,0.0416666666666667,-0.441064718924623
"M_054","Unidentified sp90 M PL 054",1,24,0.0416666666666667,-0.441064718924623
"M_054","Unidentified sp91 M PL 054",1,24,0.0416666666666667,-0.441064718924623
"M_054","Unidentified sp92 M PL 054",1,24,0.0416666666666667,-0.441064718924623
"M_054","Unidentified sp93 M PL 054",1,24,0.0416666666666667,-0.441064718924623
"M_054","Unidentified sp94 M PL 054",1,24,0.0416666666666667,-0.441064718924623
"M_054","Unidentified sp95 M PL 054",1,24,0.0416666666666667,-0.441064718924623
"M_054","Unidentified sp96 M PL 054",1,24,0.0416666666666667,-0.441064718924623
"M_054","Unidentified sp97 M PL 054",1,24,0.0416666666666667,-0.441064718924623
"M_054","Unidentified sp98 M PL 054",1,24,0.0416666666666667,-0.441064718924623
"M_054","Unidentified sp99 M PL 054",1,24,0.0416666666666667,-0.441064718924623
"M_054","Vespa analis insularis",3,24,0.125,0.175456514561224
"M_054","Vespa xanthoptera",12,24,0.5,2.94980206524753
"M_054","Vespula flaviceps lewisi",1,24,0.0416666666666667,-0.441064718924623
"M_054","Vollucella tabanoides",1,24,0.0416666666666667,-0.441064718924623
"M_054","Xptocopa appendiculata circumvolan",1,24,0.0416666666666667,-0.441064718924623
"M_054","Xylocopa appendicuiata circumvolan",1,24,0.0416666666666667,-0.441064718924623
"M_054","Xylocopa appendiculata circumvolan",24,24,1,6.64892946616261
"M_054","Ypthima argus",6,24,0.25,1.10023836478999
"M_054","Zizeeria maha",4,24,0.166666666666667,0.483717131304147
"M_055","Adomerus biguttulus",1,17,0.0588235294117647,-0.50909379745104
"M_055","Agathis sp1 M PL 055",4,17,0.235294117647059,0.752854810637342
"M_055","Aldrichina grahami",1,17,0.0588235294117647,-0.50909379745104
"M_055","Allograpta javana",2,17,0.117647058823529,-0.088444261421579
"M_055","Andrena Knuthi",3,17,0.176470588235294,0.332205274607882
"M_055","Andrena japonicum",1,17,0.0588235294117647,-0.50909379745104
"M_055","Andrena munutula",1,17,0.0588235294117647,-0.50909379745104
"M_055","Anoptius eous",1,17,0.0588235294117647,-0.50909379745104
"M_055","Apis cerana",6,17,0.352941176470588,1.59415388269626
"M_055","Apis mellifera",3,17,0.176470588235294,0.332205274607882
"M_055","Arge nipponensis",1,17,0.0588235294117647,-0.50909379745104
"M_055","Argynnis paphia tsushimana",2,17,0.117647058823529,-0.088444261421579
"M_055","Athemus lineatipennis",3,17,0.176470588235294,0.332205274607882
"M_055","Bagous sp1 M PL 055",1,17,0.0588235294117647,-0.50909379745104
"M_055","Bagous sp2 M PL 055",1,17,0.0588235294117647,-0.50909379745104
"M_055","Bombus diversus",5,17,0.294117647058824,1.1735043466668
"M_055","Bombus hypocrita",1,17,0.0588235294117647,-0.50909379745104
"M_055","Brontaea sp1 M PL 055",1,17,0.0588235294117647,-0.50909379745104
"M_055","Calomicrus sp1 M PL 055",3,17,0.176470588235294,0.332205274607882
"M_055","Campsomeris grossa",1,17,0.0588235294117647,-0.50909379745104
"M_055","Ceratina esakii",1,17,0.0588235294117647,-0.50909379745104
"M_055","Ceratina flavipes",2,17,0.117647058823529,-0.088444261421579
"M_055","Ceratina japonica",4,17,0.235294117647059,0.752854810637342
"M_055","Chaetocnema bicolorata",1,17,0.0588235294117647,-0.50909379745104
"M_055","Cheilosia sp1 M PL 055",1,17,0.0588235294117647,-0.50909379745104
"M_055","Cheitosia sp1 M PL 055",1,17,0.0588235294117647,-0.50909379745104
"M_055","Chelonus sp1 M PL 055",1,17,0.0588235294117647,-0.50909379745104
"M_055","Chrysomya pinguis",2,17,0.117647058823529,-0.088444261421579
"M_055","Colletes patellatus",1,17,0.0588235294117647,-0.50909379745104
"M_055","Conocephalus japonicus",2,17,0.117647058823529,-0.088444261421579
"M_055","Coptosoma parvipictum",1,17,0.0588235294117647,-0.50909379745104
"M_055","Cottetes palellatus",1,17,0.0588235294117647,-0.50909379745104
"M_055","Cryptophilus sp1 M PL 055",1,17,0.0588235294117647,-0.50909379745104
"M_055","Cyphon sp1 M PL 055",2,17,0.117647058823529,-0.088444261421579
"M_055","Cyphononyx dorsalis",1,17,0.0588235294117647,-0.50909379745104
"M_055","Dasyphora sp1 M PL 055",1,17,0.0588235294117647,-0.50909379745104
"M_055","Diasemia litterata",1,17,0.0588235294117647,-0.50909379745104
"M_055","Dienerella sp1 M PL 055",1,17,0.0588235294117647,-0.50909379745104
"M_055","Dienerella sp2 M PL 055",1,17,0.0588235294117647,-0.50909379745104
"M_055","Dolichopus nitidus",5,17,0.294117647058824,1.1735043466668
"M_055","Dolichopus sp1 M PL 055",1,17,0.0588235294117647,-0.50909379745104
"M_055","Dolycoris bacculum",1,17,0.0588235294117647,-0.50909379745104
"M_055","Donacia provostii",1,17,0.0588235294117647,-0.50909379745104
"M_055","Dotichopus nitidus",2,17,0.117647058823529,-0.088444261421579
"M_055","Drosophila sp1 M PL 055",2,17,0.117647058823529,-0.088444261421579
"M_055","Drosophila sp2 M PL 055",1,17,0.0588235294117647,-0.50909379745104
"M_055","Echinomyia mikado",2,17,0.117647058823529,-0.088444261421579
"M_055","Epistrophe sp1 M PL 055",1,17,0.0588235294117647,-0.50909379745104
"M_055","Episyrphus balteatus",8,17,0.470588235294118,2.43545295475519
"M_055","Eristalinus viridis",1,17,0.0588235294117647,-0.50909379745104
"M_055","Eristalis cerealis",5,17,0.294117647058824,1.1735043466668
"M_055","Eristalis kyokoae",4,17,0.235294117647059,0.752854810637342
"M_055","Eristatinus viridis",1,17,0.0588235294117647,-0.50909379745104
"M_055","Eudorilas cruciator",1,17,0.0588235294117647,-0.50909379745104
"M_055","Eumenes micado",1,17,0.0588235294117647,-0.50909379745104
"M_055","Eumenes samurai",3,17,0.176470588235294,0.332205274607882
"M_055","Eurema hecabe",1,17,0.0588235294117647,-0.50909379745104
"M_055","Eurydema rugosum",2,17,0.117647058823529,-0.088444261421579
"M_055","Eutachina sp1 M PL 055",1,17,0.0588235294117647,-0.50909379745104
"M_055","Everes argiades hellotia",1,17,0.0588235294117647,-0.50909379745104
"M_055","Graphomyia rufitibia",2,17,0.117647058823529,-0.088444261421579
"M_055","Gymnosoma sp1 M PL 055",1,17,0.0588235294117647,-0.50909379745104
"M_055","Haplothrips sp1 M PL 055",1,17,0.0588235294117647,-0.50909379745104
"M_055","Helina sp1 M PL 055",4,17,0.235294117647059,0.752854810637342
"M_055","Helina sp2 M PL 055",1,17,0.0588235294117647,-0.50909379745104
"M_055","Helina sp3 M PL 055",2,17,0.117647058823529,-0.088444261421579
"M_055","Helina sp4 M PL 055",1,17,0.0588235294117647,-0.50909379745104
"M_055","Helophilus virgatus",3,17,0.176470588235294,0.332205274607882
"M_055","Hetophilus virgatus",1,17,0.0588235294117647,-0.50909379745104
"M_055","Homoneura extera",4,17,0.235294117647059,0.752854810637342
"M_055","Homoneura sp1 M PL 055",1,17,0.0588235294117647,-0.50909379745104
"M_055","Homoneura sp2 M PL 055",1,17,0.0588235294117647,-0.50909379745104
"M_055","Hydrometra procera",1,17,0.0588235294117647,-0.50909379745104
"M_055","Hylaeus floralis",8,17,0.470588235294118,2.43545295475519
"M_055","Hylaeus macilentus",10,17,0.588235294117647,3.27675202681411
"M_055","Hylaeus noomen",8,17,0.470588235294118,2.43545295475519
"M_055","Hymerria recurvalis",2,17,0.117647058823529,-0.088444261421579
"M_055","Involvutus ilosus",1,17,0.0588235294117647,-0.50909379745104
"M_055","Ischnura asiatica",1,17,0.0588235294117647,-0.50909379745104
"M_055","Lagidina ptatyeerus",1,17,0.0588235294117647,-0.50909379745104
"M_055","Larra sp1 M PL 055",1,17,0.0588235294117647,-0.50909379745104
"M_055","Lasioglossum affine",2,17,0.117647058823529,-0.088444261421579
"M_055","Lasioglossum allodalum",1,17,0.0588235294117647,-0.50909379745104
"M_055","Lasioglossum exiliceps",2,17,0.117647058823529,-0.088444261421579
"M_055","Lasioglossum gorkiense",1,17,0.0588235294117647,-0.50909379745104
"M_055","Lasioglossum japonicum",3,17,0.176470588235294,0.332205274607882
"M_055","Lasioglossum mutilum",2,17,0.117647058823529,-0.088444261421579
"M_055","Lasioglossum percrassicepes",3,17,0.176470588235294,0.332205274607882
"M_055","Lasioglossum scitulum",1,17,0.0588235294117647,-0.50909379745104
"M_055","Lasioglossum sibiriacum",12,17,0.705882352941177,4.11805109887303
"M_055","Limnia sp1 M PL 055",4,17,0.235294117647059,0.752854810637342
"M_055","Limnophora promineus",2,17,0.117647058823529,-0.088444261421579
"M_055","Limnophora sp1 M PL 055",3,17,0.176470588235294,0.332205274607882
"M_055","Limnophora sp2 M PL 055",3,17,0.176470588235294,0.332205274607882
"M_055","Limnophora sp3 M PL 055",2,17,0.117647058823529,-0.088444261421579
"M_055","Limnophora sp4 M PL 055",1,17,0.0588235294117647,-0.50909379745104
"M_055","Limnophora sp5 M PL 055",1,17,0.0588235294117647,-0.50909379745104
"M_055","Limnophora sp6 M PL 055",1,17,0.0588235294117647,-0.50909379745104
"M_055","Lispe sp1 M PL 055",1,17,0.0588235294117647,-0.50909379745104
"M_055","Lucilia caesar",2,17,0.117647058823529,-0.088444261421579
"M_055","Lucilia papuensis",4,17,0.235294117647059,0.752854810637342
"M_055","Lycaena phlaeas daimio",1,17,0.0588235294117647,-0.50909379745104
"M_055","Lygocoris pallens",1,17,0.0588235294117647,-0.50909379745104
"M_055","Masicera sp1 M PL 055",2,17,0.117647058823529,-0.088444261421579
"M_055","Matachius prolongatus",1,17,0.0588235294117647,-0.50909379745104
"M_055","Megachile nipponica",3,17,0.176470588235294,0.332205274607882
"M_055","Megachile tsurugensis",3,17,0.176470588235294,0.332205274607882
"M_055","Megachite nipponica",1,17,0.0588235294117647,-0.50909379745104
"M_055","Megachite tsurugensis",2,17,0.117647058823529,-0.088444261421579
"M_055","Melanostoma mellinum",2,17,0.117647058823529,-0.088444261421579
"M_055","Melanostoma scalare",4,17,0.235294117647059,0.752854810637342
"M_055","Mesembrius flaviceps",4,17,0.235294117647059,0.752854810637342
"M_055","Microdon japonicus",1,17,0.0588235294117647,-0.50909379745104
"M_055","Monolepta fulvicollis",1,17,0.0588235294117647,-0.50909379745104
"M_055","Nomada fukuiana",1,17,0.0588235294117647,-0.50909379745104
"M_055","Nomada nipponica",2,17,0.117647058823529,-0.088444261421579
"M_055","Nysius plebeius",3,17,0.176470588235294,0.332205274607882
"M_055","Ochtera mantis",1,17,0.0588235294117647,-0.50909379745104
"M_055","Odontobracon sp1 M PL 055",1,17,0.0588235294117647,-0.50909379745104
"M_055","Oreumenes decoratus",1,17,0.0588235294117647,-0.50909379745104
"M_055","Orthopagus lunutiper",1,17,0.0588235294117647,-0.50909379745104
"M_055","Osmia taurus",1,17,0.0588235294117647,-0.50909379745104
"M_055","Oulema erichsoni",1,17,0.0588235294117647,-0.50909379745104
"M_055","Oxycetonia jucunda",2,17,0.117647058823529,-0.088444261421579
"M_055","Papilio helenus nicconicolens",2,17,0.117647058823529,-0.088444261421579
"M_055","Paragus haemorrhous",1,17,0.0588235294117647,-0.50909379745104
"M_055","Paragus jozanus",2,17,0.117647058823529,-0.088444261421579
"M_055","Paragus kaemorrhous",2,17,0.117647058823529,-0.088444261421579
"M_055","Paragus quadrifasciatus",1,17,0.0588235294117647,-0.50909379745104
"M_055","Parnara guttata guttata",5,17,0.294117647058824,1.1735043466668
"M_055","Pelopidas mathias oberthueri",3,17,0.176470588235294,0.332205274607882
"M_055","Petaphora maritima",4,17,0.235294117647059,0.752854810637342
"M_055","Phaenicia sericata",1,17,0.0588235294117647,-0.50909379745104
"M_055","Phaonia sp1 M PL 055",2,17,0.117647058823529,-0.088444261421579
"M_055","Phaonia sp2 M PL 055",1,17,0.0588235294117647,-0.50909379745104
"M_055","Phaonia sp3 M PL 055",1,17,0.0588235294117647,-0.50909379745104
"M_055","Phynocoris ornatus",1,17,0.0588235294117647,-0.50909379745104
"M_055","Phytobius sp1 M PL 055",1,17,0.0588235294117647,-0.50909379745104
"M_055","Phytomia zonata",4,17,0.235294117647059,0.752854810637342
"M_055","Piocoris varius",1,17,0.0588235294117647,-0.50909379745104
"M_055","Pipiza lugubrius",2,17,0.117647058823529,-0.088444261421579
"M_055","Platycheirus pennipes",1,17,0.0588235294117647,-0.50909379745104
"M_055","Polistes chinensis antennalis",3,17,0.176470588235294,0.332205274607882
"M_055","Polymerus pekinensis",1,17,0.0588235294117647,-0.50909379745104
"M_055","Polytremis pellucida pellucida",2,17,0.117647058823529,-0.088444261421579
"M_055","Propylea japonica",1,17,0.0588235294117647,-0.50909379745104
"M_055","Psen sp1 M PL 055",1,17,0.0588235294117647,-0.50909379745104
"M_055","Pteronemobius csikii",1,17,0.0588235294117647,-0.50909379745104
"M_055","Ravinia striata",5,17,0.294117647058824,1.1735043466668
"M_055","Rhamphomyia latistriata",1,17,0.0588235294117647,-0.50909379745104
"M_055","Rhinotropidia rostrata",17,17,1,6.22129877902033
"M_055","Rhopalus maculatus",1,17,0.0588235294117647,-0.50909379745104
"M_055","Scotinophara lurida",2,17,0.117647058823529,-0.088444261421579
"M_055","Scymnus hoffmanni",1,17,0.0588235294117647,-0.50909379745104
"M_055","Scymnus jamato",1,17,0.0588235294117647,-0.50909379745104
"M_055","Servillia jokovlewii",1,17,0.0588235294117647,-0.50909379745104
"M_055","Sphaerophoria macrogaster",16,17,0.941176470588235,5.80064924299087
"M_055","Stenodynerus sp1 M PL 055",1,17,0.0588235294117647,-0.50909379745104
"M_055","Stomorhina obsoleta",8,17,0.470588235294118,2.43545295475519
"M_055","Stratiomys sp1 M PL 055",1,17,0.0588235294117647,-0.50909379745104
"M_055","Thelaira nigripes",2,17,0.117647058823529,-0.088444261421579
"M_055","Thelaira sp1 M PL 055",1,17,0.0588235294117647,-0.50909379745104
"M_055","Thoressa varia",1,17,0.0588235294117647,-0.50909379745104
"M_055","Tipula patagiata",1,17,0.0588235294117647,-0.50909379745104
"M_055","Tropidothorax belogolowi",1,17,0.0588235294117647,-0.50909379745104
"M_055","Tropidothorax cruciger",5,17,0.294117647058824,1.1735043466668
"M_055","Unidentified sp1 M PL 055",13,17,0.764705882352941,4.53870063490249
"M_055","Unidentified sp10 M PL 055",1,17,0.0588235294117647,-0.50909379745104
"M_055","Unidentified sp11 M PL 055",2,17,0.117647058823529,-0.088444261421579
"M_055","Unidentified sp12 M PL 055",2,17,0.117647058823529,-0.088444261421579
"M_055","Unidentified sp13 M PL 055",2,17,0.117647058823529,-0.088444261421579
"M_055","Unidentified sp14 M PL 055",1,17,0.0588235294117647,-0.50909379745104
"M_055","Unidentified sp15 M PL 055",2,17,0.117647058823529,-0.088444261421579
"M_055","Unidentified sp16 M PL 055",2,17,0.117647058823529,-0.088444261421579
"M_055","Unidentified sp17 M PL 055",2,17,0.117647058823529,-0.088444261421579
"M_055","Unidentified sp18 M PL 055",1,17,0.0588235294117647,-0.50909379745104
"M_055","Unidentified sp19 M PL 055",1,17,0.0588235294117647,-0.50909379745104
"M_055","Unidentified sp2 M PL 055",2,17,0.117647058823529,-0.088444261421579
"M_055","Unidentified sp20 M PL 055",1,17,0.0588235294117647,-0.50909379745104
"M_055","Unidentified sp21 M PL 055",1,17,0.0588235294117647,-0.50909379745104
"M_055","Unidentified sp22 M PL 055",1,17,0.0588235294117647,-0.50909379745104
"M_055","Unidentified sp23 M PL 055",1,17,0.0588235294117647,-0.50909379745104
"M_055","Unidentified sp3 M PL 055",4,17,0.235294117647059,0.752854810637342
"M_055","Unidentified sp4 M PL 055",3,17,0.176470588235294,0.332205274607882
"M_055","Unidentified sp5 M PL 055",5,17,0.294117647058824,1.1735043466668
"M_055","Unidentified sp6 M PL 055",1,17,0.0588235294117647,-0.50909379745104
"M_055","Unidentified sp7 M PL 055",4,17,0.235294117647059,0.752854810637342
"M_055","Unidentified sp8 M PL 055",1,17,0.0588235294117647,-0.50909379745104
"M_055","Unidentified sp9 M PL 055",2,17,0.117647058823529,-0.088444261421579
"M_055","Vespa simiUima xanthoptera",1,17,0.0588235294117647,-0.50909379745104
"M_055","Vespula tewisii",1,17,0.0588235294117647,-0.50909379745104
"M_055","Vespula vulgaris",1,17,0.0588235294117647,-0.50909379745104
"M_055","Xylocopa appendiculata",1,17,0.0588235294117647,-0.50909379745104
"M_055","Xylocopa appendicutata",2,17,0.117647058823529,-0.088444261421579
"M_055","Ypthima argus",1,17,0.0588235294117647,-0.50909379745104
"M_056","Adelphocoris rubripes",3,22,0.136363636363636,0.192892218664026
"M_056","Alcis angulifera",3,22,0.136363636363636,0.192892218664026
"M_056","Alphostrombocerus komowi",1,22,0.0454545454545455,-0.435729743946416
"M_056","Anaria funebris",1,22,0.0454545454545455,-0.435729743946416
"M_056","Anaspis funagata",8,22,0.363636363636364,1.76444712519013
"M_056","Anastrangalis acotodes",2,22,0.0909090909090909,-0.121418762641195
"M_056","Andrena aburana",1,22,0.0454545454545455,-0.435729743946416
"M_056","Andrena brenihirtiscopa",1,22,0.0454545454545455,-0.435729743946416
"M_056","Andrena lapponica",3,22,0.136363636363636,0.192892218664026
"M_056","Andrena longitibialis",1,22,0.0454545454545455,-0.435729743946416
"M_056","Andrena parathoracina",1,22,0.0454545454545455,-0.435729743946416
"M_056","Andrena togashii",2,22,0.0909090909090909,-0.121418762641195
"M_056","Andrena yamato",1,22,0.0454545454545455,-0.435729743946416
"M_056","Anoploderomorpha excavata",2,22,0.0909090909090909,-0.121418762641195
"M_056","Anthaxia reticulata",1,22,0.0454545454545455,-0.435729743946416
"M_056","Antherophagus nigricornis",1,22,0.0454545454545455,-0.435729743946416
"M_056","Anthocharis cardamines",2,22,0.0909090909090909,-0.121418762641195
"M_056","Apis mellifera",1,22,0.0454545454545455,-0.435729743946416
"M_056","Argynnis paphia",1,22,0.0454545454545455,-0.435729743946416
"M_056","Asemum amurense",1,22,0.0454545454545455,-0.435729743946416
"M_056","Balatala gracilis",2,22,0.0909090909090909,-0.121418762641195
"M_056","Biphyllis throscoides",1,22,0.0454545454545455,-0.435729743946416
"M_056","Bombus ardens",12,22,0.545454545454545,3.02169105041101
"M_056","Bombus beaticola",22,22,1,6.16480086346322
"M_056","Bombus consobrinus",13,22,0.590909090909091,3.33600203171624
"M_056","Bombus diversus",14,22,0.636363636363636,3.65031301302146
"M_056","Bombus honshuensis",20,22,0.909090909090909,5.53617890085278
"M_056","Bombus hypocrita",18,22,0.818181818181818,4.90755693824234
"M_056","Bombylius major",1,22,0.0454545454545455,-0.435729743946416
"M_056","Bornbus beaticola",1,22,0.0454545454545455,-0.435729743946416
"M_056","Bornbus consobrinus",1,22,0.0454545454545455,-0.435729743946416
"M_056","Byturus affinis",2,22,0.0909090909090909,-0.121418762641195
"M_056","Byturus atricollis",1,22,0.0454545454545455,-0.435729743946416
"M_056","Byturus ohtai",2,22,0.0909090909090909,-0.121418762641195
"M_056","Byturus sp1 M PL 056",5,22,0.227272727272727,0.821514181274468
"M_056","Calliphora sp1 M PL 056",3,22,0.136363636363636,0.192892218664026
"M_056","Calliphora sp2 M PL 056",1,22,0.0454545454545455,-0.435729743946416
"M_056","Catoptria permiaca",1,22,0.0454545454545455,-0.435729743946416
"M_056","Cheilosia motodomariensis",4,22,0.181818181818182,0.507203199969247
"M_056","Cheilosia sp1 M PL 056",8,22,0.363636363636364,1.76444712519013
"M_056","Cheilosia sp10 M PL 056",2,22,0.0909090909090909,-0.121418762641195
"M_056","Cheilosia sp11 M PL 056",3,22,0.136363636363636,0.192892218664026
"M_056","Cheilosia sp12 M PL 056",2,22,0.0909090909090909,-0.121418762641195
"M_056","Cheilosia sp13 M PL 056",2,22,0.0909090909090909,-0.121418762641195
"M_056","Cheilosia sp14 M PL 056",2,22,0.0909090909090909,-0.121418762641195
"M_056","Cheilosia sp15 M PL 056",1,22,0.0454545454545455,-0.435729743946416
"M_056","Cheilosia sp16 M PL 056",4,22,0.181818181818182,0.507203199969247
"M_056","Cheilosia sp17 M PL 056",1,22,0.0454545454545455,-0.435729743946416
"M_056","Cheilosia sp18 M PL 056",1,22,0.0454545454545455,-0.435729743946416
"M_056","Cheilosia sp2 M PL 056",3,22,0.136363636363636,0.192892218664026
"M_056","Cheilosia sp3 M PL 056",12,22,0.545454545454545,3.02169105041101
"M_056","Cheilosia sp4 M PL 056",1,22,0.0454545454545455,-0.435729743946416
"M_056","Cheilosia sp5 M PL 056",5,22,0.227272727272727,0.821514181274468
"M_056","Cheilosia sp6 M PL 056",6,22,0.272727272727273,1.13582516257969
"M_056","Cheilosia sp7 M PL 056",1,22,0.0454545454545455,-0.435729743946416
"M_056","Cheilosia sp8 M PL 056",5,22,0.227272727272727,0.821514181274468
"M_056","Cheilosia sp9 M PL 056",2,22,0.0909090909090909,-0.121418762641195
"M_056","Chrysarthia viatica",3,22,0.136363636363636,0.192892218664026
"M_056","Chrysocharis sp1 M PL 056",1,22,0.0454545454545455,-0.435729743946416
"M_056","Colias erate",3,22,0.136363636363636,0.192892218664026
"M_056","Conops flavipes",2,22,0.0909090909090909,-0.121418762641195
"M_056","Corennys sericata",1,22,0.0454545454545455,-0.435729743946416
"M_056","Corymbia succedanea",2,22,0.0909090909090909,-0.121418762641195
"M_056","Corymbia variicornis",2,22,0.0909090909090909,-0.121418762641195
"M_056","Cosmia variegata",1,22,0.0454545454545455,-0.435729743946416
"M_056","Criorhina apicalis",1,22,0.0454545454545455,-0.435729743946416
"M_056","Crossocerus sp1 M PL 056",2,22,0.0909090909090909,-0.121418762641195
"M_056","Cryptocephalus approximatus",2,22,0.0909090909090909,-0.121418762641195
"M_056","Curculio convexus",1,22,0.0454545454545455,-0.435729743946416
"M_056","Dasysyrphus bilineatus",2,22,0.0909090909090909,-0.121418762641195
"M_056","Dasysyrphus tricinctus",1,22,0.0454545454545455,-0.435729743946416
"M_056","Dasytes vulgaris",1,22,0.0454545454545455,-0.435729743946416
"M_056","Dexopollenia flava",3,22,0.136363636363636,0.192892218664026
"M_056","Didea alneti",2,22,0.0909090909090909,-0.121418762641195
"M_056","Didea fasciata",6,22,0.272727272727273,1.13582516257969
"M_056","Didea nikkoensis",1,22,0.0454545454545455,-0.435729743946416
"M_056","Diglyphus minoeus",1,22,0.0454545454545455,-0.435729743946416
"M_056","Dioctria nakanensis",1,22,0.0454545454545455,-0.435729743946416
"M_056","Dolichovespula adulterina",3,22,0.136363636363636,0.192892218664026
"M_056","Dolichovespula norvegicoides",8,22,0.363636363636364,1.76444712519013
"M_056","Ectinohoplia obducta",1,22,0.0454545454545455,-0.435729743946416
"M_056","Empis flavofasalis",6,22,0.272727272727273,1.13582516257969
"M_056","Episyrphus balteatus",1,22,0.0454545454545455,-0.435729743946416
"M_056","Epuraea fergeri",3,22,0.136363636363636,0.192892218664026
"M_056","Epuraea sp1 M PL 056",1,22,0.0454545454545455,-0.435729743946416
"M_056","Eristalis cerealis",2,22,0.0909090909090909,-0.121418762641195
"M_056","Eristalis tenax",21,22,0.954545454545455,5.850489882158
"M_056","Eusphalerum parallelum",10,22,0.454545454545455,2.39306908780057
"M_056","Forficula mikado",1,22,0.0454545454545455,-0.435729743946416
"M_056","Glyphipterix nigromarginata",1,22,0.0454545454545455,-0.435729743946416
"M_056","Gnorimus subopacus",1,22,0.0454545454545455,-0.435729743946416
"M_056","Gonepteryx aspasia",1,22,0.0454545454545455,-0.435729743946416
"M_056","Harmonia axyridis",1,22,0.0454545454545455,-0.435729743946416
"M_056","Helophilus virgatus",3,22,0.136363636363636,0.192892218664026
"M_056","Hoplia communis",2,22,0.0909090909090909,-0.121418762641195
"M_056","Hoplia moerens",2,22,0.0909090909090909,-0.121418762641195
"M_056","Hoshihananomia perlata",1,22,0.0454545454545455,-0.435729743946416
"M_056","Hylaeus paradifformis",1,22,0.0454545454545455,-0.435729743946416
"M_056","Hylaeus thoracius",1,22,0.0454545454545455,-0.435729743946416
"M_056","Inachis io",3,22,0.136363636363636,0.192892218664026
"M_056","Ischyrosyrphus glaucius",1,22,0.0454545454545455,-0.435729743946416
"M_056","Ischyrosyrphus laternarius",1,22,0.0454545454545455,-0.435729743946416
"M_056","Lasiogfossum apristum",1,22,0.0454545454545455,-0.435729743946416
"M_056","Lasiogfossum laeviventre",1,22,0.0454545454545455,-0.435729743946416
"M_056","Lasiogfossum problematicum",1,22,0.0454545454545455,-0.435729743946416
"M_056","Lasioglossum albipes",3,22,0.136363636363636,0.192892218664026
"M_056","Lasioglossum apristum",11,22,0.5,2.70738006910579
"M_056","Lasioglossum atroglaucum",4,22,0.181818181818182,0.507203199969247
"M_056","Lasioglossum harmandi",1,22,0.0454545454545455,-0.435729743946416
"M_056","Lasioglossum laeviventre",14,22,0.636363636363636,3.65031301302146
"M_056","Lasioglossum nipponense",5,22,0.227272727272727,0.821514181274468
"M_056","Lasioglossum problematicum",7,22,0.318181818181818,1.45013614388491
"M_056","Lasioglossum proximatum",1,22,0.0454545454545455,-0.435729743946416
"M_056","Lasioglossum sp K1",2,22,0.0909090909090909,-0.121418762641195
"M_056","Lasioglossum sp K2",1,22,0.0454545454545455,-0.435729743946416
"M_056","Lasioglossum sp1 M PL 056",1,22,0.0454545454545455,-0.435729743946416
"M_056","Leptura arcuata",4,22,0.181818181818182,0.507203199969247
"M_056","Leptura ochraceofasciata",1,22,0.0454545454545455,-0.435729743946416
"M_056","Leucozona lucorum",1,22,0.0454545454545455,-0.435729743946416
"M_056","Libythea celtis",1,22,0.0454545454545455,-0.435729743946416
"M_056","Ligus honshuensis",1,22,0.0454545454545455,-0.435729743946416
"M_056","Lucilia sp1 M PL 056",1,22,0.0454545454545455,-0.435729743946416
"M_056","Lupesus moorii",2,22,0.0909090909090909,-0.121418762641195
"M_056","Macroglossum fringilla",1,22,0.0454545454545455,-0.435729743946416
"M_056","Mallota dimorpha",1,22,0.0454545454545455,-0.435729743946416
"M_056","Megachile sp1 M PL 056",1,22,0.0454545454545455,-0.435729743946416
"M_056","Megachile sumizome",1,22,0.0454545454545455,-0.435729743946416
"M_056","Megachile tsurugensis",1,22,0.0454545454545455,-0.435729743946416
"M_056","Melanostoma mellinum",3,22,0.136363636363636,0.192892218664026
"M_056","Melanostoma scalare",7,22,0.318181818181818,1.45013614388491
"M_056","Melanostoma transversum",15,22,0.681818181818182,3.96462399432668
"M_056","Meligethes morosus",10,22,0.454545454545455,2.39306908780057
"M_056","Meliscaeva cinctella",17,22,0.772727272727273,4.59324595693712
"M_056","Meliscaeva omogensis",2,22,0.0909090909090909,-0.121418762641195
"M_056","Melitaea niphora",1,22,0.0454545454545455,-0.435729743946416
"M_056","Mesembrina resplendens",1,22,0.0454545454545455,-0.435729743946416
"M_056","Metasyrphus ferquens",3,22,0.136363636363636,0.192892218664026
"M_056","Metasyrphus luniger",3,22,0.136363636363636,0.192892218664026
"M_056","Metasyrphus sp1 M PL 056",1,22,0.0454545454545455,-0.435729743946416
"M_056","Micadocantharis japonicus",2,22,0.0909090909090909,-0.121418762641195
"M_056","Mordellistena sp1 M PL 056",2,22,0.0909090909090909,-0.121418762641195
"M_056","Nakanea vicaria",3,22,0.136363636363636,0.192892218664026
"M_056","Nemophora amurensis",1,22,0.0454545454545455,-0.435729743946416
"M_056","Nomada issikii",1,22,0.0454545454545455,-0.435729743946416
"M_056","Nomada sp1 M PL 056",1,22,0.0454545454545455,-0.435729743946416
"M_056","Oedemeronia manicata",1,22,0.0454545454545455,-0.435729743946416
"M_056","Oedemeronia subrobusta",15,22,0.681818181818182,3.96462399432668
"M_056","Oligoneura itoi",4,22,0.181818181818182,0.507203199969247
"M_056","Onesia sp1 M PL 056",3,22,0.136363636363636,0.192892218664026
"M_056","Ourapterix persica",1,22,0.0454545454545455,-0.435729743946416
"M_056","Pachytodes cometes",5,22,0.227272727272727,0.821514181274468
"M_056","Panorpodes paradoxa",3,22,0.136363636363636,0.192892218664026
"M_056","Papilio machaon",2,22,0.0909090909090909,-0.121418762641195
"M_056","Papilio xuthus",1,22,0.0454545454545455,-0.435729743946416
"M_056","Papilla japonica",1,22,0.0454545454545455,-0.435729743946416
"M_056","Parastrangalis nymphula",2,22,0.0909090909090909,-0.121418762641195
"M_056","Parnara guttata",7,22,0.318181818181818,1.45013614388491
"M_056","Parnassius gracialis",1,22,0.0454545454545455,-0.435729743946416
"M_056","Phyllobius picepes",1,22,0.0454545454545455,-0.435729743946416
"M_056","Phytomia zonata",2,22,0.0909090909090909,-0.121418762641195
"M_056","Pidonia aegrota",1,22,0.0454545454545455,-0.435729743946416
"M_056","Pidonia grallatrix",8,22,0.363636363636364,1.76444712519013
"M_056","Pidonia insuturata",2,22,0.0909090909090909,-0.121418762641195
"M_056","Pidonia masakii",1,22,0.0454545454545455,-0.435729743946416
"M_056","Pidonia oyamae",4,22,0.181818181818182,0.507203199969247
"M_056","Pidonia puziloi",2,22,0.0909090909090909,-0.121418762641195
"M_056","Pidonia semiobscura",1,22,0.0454545454545455,-0.435729743946416
"M_056","Pidonia signata",1,22,0.0454545454545455,-0.435729743946416
"M_056","Pidonia signifera",2,22,0.0909090909090909,-0.121418762641195
"M_056","Pidonia testacea",3,22,0.136363636363636,0.192892218664026
"M_056","Pidonia yokoyamai",1,22,0.0454545454545455,-0.435729743946416
"M_056","Pieris napi",3,22,0.136363636363636,0.192892218664026
"M_056","Platycheirus ambiguus",2,22,0.0909090909090909,-0.121418762641195
"M_056","Platycheirus scutatus",11,22,0.5,2.70738006910579
"M_056","Platycheirus sp1 M PL 056",5,22,0.227272727272727,0.821514181274468
"M_056","Platyptilia sachalinensis",1,22,0.0454545454545455,-0.435729743946416
"M_056","Podabrus malthinoides",1,22,0.0454545454545455,-0.435729743946416
"M_056","Pseudalosterna misella",3,22,0.136363636363636,0.192892218664026
"M_056","Psithyrus norvegicus",1,22,0.0454545454545455,-0.435729743946416
"M_056","Psychostrophia melanorgia",1,22,0.0454545454545455,-0.435729743946416
"M_056","Pyrrhata annulicornis",1,22,0.0454545454545455,-0.435729743946416
"M_056","Rapala erata",1,22,0.0454545454545455,-0.435729743946416
"M_056","Rhingia laevigata",1,22,0.0454545454545455,-0.435729743946416
"M_056","Rhogogaster varipes",4,22,0.181818181818182,0.507203199969247
"M_056","Sitarea vibrissata",1,22,0.0454545454545455,-0.435729743946416
"M_056","Speyeria aglaja",3,22,0.136363636363636,0.192892218664026
"M_056","Sphaerophoria javana",1,22,0.0454545454545455,-0.435729743946416
"M_056","Sphaerophoria meuthastri",2,22,0.0909090909090909,-0.121418762641195
"M_056","Sphegina sp1 M PL 056",1,22,0.0454545454545455,-0.435729743946416
"M_056","Stigmus sp1 M PL 056",1,22,0.0454545454545455,-0.435729743946416
"M_056","Strongylogaster sp1 M PL 056",1,22,0.0454545454545455,-0.435729743946416
"M_056","Syngrapha ain",1,22,0.0454545454545455,-0.435729743946416
"M_056","Syrphus ribessii",8,22,0.363636363636364,1.76444712519013
"M_056","Syrphus sp1 M PL 056",2,22,0.0909090909090909,-0.121418762641195
"M_056","Syrphus vitripennis",11,22,0.5,2.70738006910579
"M_056","Tachina jakovlevi",3,22,0.136363636363636,0.192892218664026
"M_056","Tachina luteola",1,22,0.0454545454545455,-0.435729743946416
"M_056","Tachina politula",2,22,0.0909090909090909,-0.121418762641195
"M_056","Tenthredo basizonata",1,22,0.0454545454545455,-0.435729743946416
"M_056","Tenthredo japonica",1,22,0.0454545454545455,-0.435729743946416
"M_056","Unidentified sp1 M PL 056",1,22,0.0454545454545455,-0.435729743946416
"M_056","Unidentified sp10 M PL 056",1,22,0.0454545454545455,-0.435729743946416
"M_056","Unidentified sp100 M PL 056",1,22,0.0454545454545455,-0.435729743946416
"M_056","Unidentified sp101 M PL 056",1,22,0.0454545454545455,-0.435729743946416
"M_056","Unidentified sp102 M PL 056",1,22,0.0454545454545455,-0.435729743946416
"M_056","Unidentified sp103 M PL 056",1,22,0.0454545454545455,-0.435729743946416
"M_056","Unidentified sp104 M PL 056",2,22,0.0909090909090909,-0.121418762641195
"M_056","Unidentified sp105 M PL 056",3,22,0.136363636363636,0.192892218664026
"M_056","Unidentified sp106 M PL 056",1,22,0.0454545454545455,-0.435729743946416
"M_056","Unidentified sp107 M PL 056",1,22,0.0454545454545455,-0.435729743946416
"M_056","Unidentified sp108 M PL 056",2,22,0.0909090909090909,-0.121418762641195
"M_056","Unidentified sp109 M PL 056",1,22,0.0454545454545455,-0.435729743946416
"M_056","Unidentified sp11 M PL 056",1,22,0.0454545454545455,-0.435729743946416
"M_056","Unidentified sp110 M PL 056",1,22,0.0454545454545455,-0.435729743946416
"M_056","Unidentified sp111 M PL 056",1,22,0.0454545454545455,-0.435729743946416
"M_056","Unidentified sp112 M PL 056",1,22,0.0454545454545455,-0.435729743946416
"M_056","Unidentified sp113 M PL 056",1,22,0.0454545454545455,-0.435729743946416
"M_056","Unidentified sp114 M PL 056",1,22,0.0454545454545455,-0.435729743946416
"M_056","Unidentified sp115 M PL 056",1,22,0.0454545454545455,-0.435729743946416
"M_056","Unidentified sp116 M PL 056",1,22,0.0454545454545455,-0.435729743946416
"M_056","Unidentified sp117 M PL 056",1,22,0.0454545454545455,-0.435729743946416
"M_056","Unidentified sp118 M PL 056",1,22,0.0454545454545455,-0.435729743946416
"M_056","Unidentified sp119 M PL 056",1,22,0.0454545454545455,-0.435729743946416
"M_056","Unidentified sp12 M PL 056",1,22,0.0454545454545455,-0.435729743946416
"M_056","Unidentified sp120 M PL 056",1,22,0.0454545454545455,-0.435729743946416
"M_056","Unidentified sp121 M PL 056",1,22,0.0454545454545455,-0.435729743946416
"M_056","Unidentified sp122 M PL 056",1,22,0.0454545454545455,-0.435729743946416
"M_056","Unidentified sp123 M PL 056",1,22,0.0454545454545455,-0.435729743946416
"M_056","Unidentified sp124 M PL 056",1,22,0.0454545454545455,-0.435729743946416
"M_056","Unidentified sp125 M PL 056",1,22,0.0454545454545455,-0.435729743946416
"M_056","Unidentified sp126 M PL 056",1,22,0.0454545454545455,-0.435729743946416
"M_056","Unidentified sp127 M PL 056",1,22,0.0454545454545455,-0.435729743946416
"M_056","Unidentified sp128 M PL 056",1,22,0.0454545454545455,-0.435729743946416
"M_056","Unidentified sp129 M PL 056",1,22,0.0454545454545455,-0.435729743946416
"M_056","Unidentified sp13 M PL 056",1,22,0.0454545454545455,-0.435729743946416
"M_056","Unidentified sp130 M PL 056",1,22,0.0454545454545455,-0.435729743946416
"M_056","Unidentified sp131 M PL 056",1,22,0.0454545454545455,-0.435729743946416
"M_056","Unidentified sp132 M PL 056",1,22,0.0454545454545455,-0.435729743946416
"M_056","Unidentified sp133 M PL 056",1,22,0.0454545454545455,-0.435729743946416
"M_056","Unidentified sp134 M PL 056",1,22,0.0454545454545455,-0.435729743946416
"M_056","Unidentified sp135 M PL 056",1,22,0.0454545454545455,-0.435729743946416
"M_056","Unidentified sp136 M PL 056",1,22,0.0454545454545455,-0.435729743946416
"M_056","Unidentified sp137 M PL 056",1,22,0.0454545454545455,-0.435729743946416
"M_056","Unidentified sp138 M PL 056",1,22,0.0454545454545455,-0.435729743946416
"M_056","Unidentified sp139 M PL 056",1,22,0.0454545454545455,-0.435729743946416
"M_056","Unidentified sp14 M PL 056",1,22,0.0454545454545455,-0.435729743946416
"M_056","Unidentified sp140 M PL 056",1,22,0.0454545454545455,-0.435729743946416
"M_056","Unidentified sp141 M PL 056",1,22,0.0454545454545455,-0.435729743946416
"M_056","Unidentified sp142 M PL 056",1,22,0.0454545454545455,-0.435729743946416
"M_056","Unidentified sp143 M PL 056",1,22,0.0454545454545455,-0.435729743946416
"M_056","Unidentified sp144 M PL 056",1,22,0.0454545454545455,-0.435729743946416
"M_056","Unidentified sp145 M PL 056",1,22,0.0454545454545455,-0.435729743946416
"M_056","Unidentified sp146 M PL 056",1,22,0.0454545454545455,-0.435729743946416
"M_056","Unidentified sp147 M PL 056",1,22,0.0454545454545455,-0.435729743946416
"M_056","Unidentified sp148 M PL 056",1,22,0.0454545454545455,-0.435729743946416
"M_056","Unidentified sp149 M PL 056",1,22,0.0454545454545455,-0.435729743946416
"M_056","Unidentified sp15 M PL 056",2,22,0.0909090909090909,-0.121418762641195
"M_056","Unidentified sp150 M PL 056",1,22,0.0454545454545455,-0.435729743946416
"M_056","Unidentified sp151 M PL 056",1,22,0.0454545454545455,-0.435729743946416
"M_056","Unidentified sp152 M PL 056",1,22,0.0454545454545455,-0.435729743946416
"M_056","Unidentified sp153 M PL 056",1,22,0.0454545454545455,-0.435729743946416
"M_056","Unidentified sp154 M PL 056",1,22,0.0454545454545455,-0.435729743946416
"M_056","Unidentified sp155 M PL 056",1,22,0.0454545454545455,-0.435729743946416
"M_056","Unidentified sp156 M PL 056",1,22,0.0454545454545455,-0.435729743946416
"M_056","Unidentified sp16 M PL 056",1,22,0.0454545454545455,-0.435729743946416
"M_056","Unidentified sp17 M PL 056",1,22,0.0454545454545455,-0.435729743946416
"M_056","Unidentified sp18 M PL 056",1,22,0.0454545454545455,-0.435729743946416
"M_056","Unidentified sp19 M PL 056",3,22,0.136363636363636,0.192892218664026
"M_056","Unidentified sp2 M PL 056",1,22,0.0454545454545455,-0.435729743946416
"M_056","Unidentified sp20 M PL 056",1,22,0.0454545454545455,-0.435729743946416
"M_056","Unidentified sp21 M PL 056",1,22,0.0454545454545455,-0.435729743946416
"M_056","Unidentified sp22 M PL 056",12,22,0.545454545454545,3.02169105041101
"M_056","Unidentified sp23 M PL 056",4,22,0.181818181818182,0.507203199969247
"M_056","Unidentified sp24 M PL 056",1,22,0.0454545454545455,-0.435729743946416
"M_056","Unidentified sp25 M PL 056",6,22,0.272727272727273,1.13582516257969
"M_056","Unidentified sp26 M PL 056",1,22,0.0454545454545455,-0.435729743946416
"M_056","Unidentified sp27 M PL 056",1,22,0.0454545454545455,-0.435729743946416
"M_056","Unidentified sp28 M PL 056",1,22,0.0454545454545455,-0.435729743946416
"M_056","Unidentified sp29 M PL 056",1,22,0.0454545454545455,-0.435729743946416
"M_056","Unidentified sp3 M PL 056",2,22,0.0909090909090909,-0.121418762641195
"M_056","Unidentified sp30 M PL 056",2,22,0.0909090909090909,-0.121418762641195
"M_056","Unidentified sp31 M PL 056",3,22,0.136363636363636,0.192892218664026
"M_056","Unidentified sp32 M PL 056",1,22,0.0454545454545455,-0.435729743946416
"M_056","Unidentified sp33 M PL 056",1,22,0.0454545454545455,-0.435729743946416
"M_056","Unidentified sp34 M PL 056",1,22,0.0454545454545455,-0.435729743946416
"M_056","Unidentified sp35 M PL 056",7,22,0.318181818181818,1.45013614388491
"M_056","Unidentified sp36 M PL 056",1,22,0.0454545454545455,-0.435729743946416
"M_056","Unidentified sp37 M PL 056",5,22,0.227272727272727,0.821514181274468
"M_056","Unidentified sp38 M PL 056",1,22,0.0454545454545455,-0.435729743946416
"M_056","Unidentified sp39 M PL 056",1,22,0.0454545454545455,-0.435729743946416
"M_056","Unidentified sp4 M PL 056",1,22,0.0454545454545455,-0.435729743946416
"M_056","Unidentified sp40 M PL 056",1,22,0.0454545454545455,-0.435729743946416
"M_056","Unidentified sp41 M PL 056",1,22,0.0454545454545455,-0.435729743946416
"M_056","Unidentified sp42 M PL 056",2,22,0.0909090909090909,-0.121418762641195
"M_056","Unidentified sp43 M PL 056",1,22,0.0454545454545455,-0.435729743946416
"M_056","Unidentified sp44 M PL 056",1,22,0.0454545454545455,-0.435729743946416
"M_056","Unidentified sp45 M PL 056",2,22,0.0909090909090909,-0.121418762641195
"M_056","Unidentified sp46 M PL 056",7,22,0.318181818181818,1.45013614388491
"M_056","Unidentified sp47 M PL 056",1,22,0.0454545454545455,-0.435729743946416
"M_056","Unidentified sp48 M PL 056",1,22,0.0454545454545455,-0.435729743946416
"M_056","Unidentified sp49 M PL 056",1,22,0.0454545454545455,-0.435729743946416
"M_056","Unidentified sp5 M PL 056",1,22,0.0454545454545455,-0.435729743946416
"M_056","Unidentified sp50 M PL 056",1,22,0.0454545454545455,-0.435729743946416
"M_056","Unidentified sp51 M PL 056",1,22,0.0454545454545455,-0.435729743946416
"M_056","Unidentified sp52 M PL 056",1,22,0.0454545454545455,-0.435729743946416
"M_056","Unidentified sp53 M PL 056",1,22,0.0454545454545455,-0.435729743946416
"M_056","Unidentified sp54 M PL 056",4,22,0.181818181818182,0.507203199969247
"M_056","Unidentified sp55 M PL 056",1,22,0.0454545454545455,-0.435729743946416
"M_056","Unidentified sp56 M PL 056",2,22,0.0909090909090909,-0.121418762641195
"M_056","Unidentified sp57 M PL 056",1,22,0.0454545454545455,-0.435729743946416
"M_056","Unidentified sp58 M PL 056",2,22,0.0909090909090909,-0.121418762641195
"M_056","Unidentified sp59 M PL 056",4,22,0.181818181818182,0.507203199969247
"M_056","Unidentified sp6 M PL 056",1,22,0.0454545454545455,-0.435729743946416
"M_056","Unidentified sp60 M PL 056",1,22,0.0454545454545455,-0.435729743946416
"M_056","Unidentified sp61 M PL 056",1,22,0.0454545454545455,-0.435729743946416
"M_056","Unidentified sp62 M PL 056",1,22,0.0454545454545455,-0.435729743946416
"M_056","Unidentified sp63 M PL 056",1,22,0.0454545454545455,-0.435729743946416
"M_056","Unidentified sp64 M PL 056",1,22,0.0454545454545455,-0.435729743946416
"M_056","Unidentified sp65 M PL 056",1,22,0.0454545454545455,-0.435729743946416
"M_056","Unidentified sp66 M PL 056",1,22,0.0454545454545455,-0.435729743946416
"M_056","Unidentified sp67 M PL 056",1,22,0.0454545454545455,-0.435729743946416
"M_056","Unidentified sp68 M PL 056",1,22,0.0454545454545455,-0.435729743946416
"M_056","Unidentified sp69 M PL 056",1,22,0.0454545454545455,-0.435729743946416
"M_056","Unidentified sp7 M PL 056",1,22,0.0454545454545455,-0.435729743946416
"M_056","Unidentified sp70 M PL 056",1,22,0.0454545454545455,-0.435729743946416
"M_056","Unidentified sp71 M PL 056",2,22,0.0909090909090909,-0.121418762641195
"M_056","Unidentified sp72 M PL 056",1,22,0.0454545454545455,-0.435729743946416
"M_056","Unidentified sp73 M PL 056",3,22,0.136363636363636,0.192892218664026
"M_056","Unidentified sp74 M PL 056",2,22,0.0909090909090909,-0.121418762641195
"M_056","Unidentified sp75 M PL 056",1,22,0.0454545454545455,-0.435729743946416
"M_056","Unidentified sp76 M PL 056",1,22,0.0454545454545455,-0.435729743946416
"M_056","Unidentified sp77 M PL 056",4,22,0.181818181818182,0.507203199969247
"M_056","Unidentified sp78 M PL 056",1,22,0.0454545454545455,-0.435729743946416
"M_056","Unidentified sp79 M PL 056",1,22,0.0454545454545455,-0.435729743946416
"M_056","Unidentified sp8 M PL 056",2,22,0.0909090909090909,-0.121418762641195
"M_056","Unidentified sp80 M PL 056",1,22,0.0454545454545455,-0.435729743946416
"M_056","Unidentified sp81 M PL 056",1,22,0.0454545454545455,-0.435729743946416
"M_056","Unidentified sp82 M PL 056",2,22,0.0909090909090909,-0.121418762641195
"M_056","Unidentified sp83 M PL 056",1,22,0.0454545454545455,-0.435729743946416
"M_056","Unidentified sp84 M PL 056",1,22,0.0454545454545455,-0.435729743946416
"M_056","Unidentified sp85 M PL 056",2,22,0.0909090909090909,-0.121418762641195
"M_056","Unidentified sp86 M PL 056",1,22,0.0454545454545455,-0.435729743946416
"M_056","Unidentified sp87 M PL 056",1,22,0.0454545454545455,-0.435729743946416
"M_056","Unidentified sp88 M PL 056",1,22,0.0454545454545455,-0.435729743946416
"M_056","Unidentified sp89 M PL 056",2,22,0.0909090909090909,-0.121418762641195
"M_056","Unidentified sp9 M PL 056",1,22,0.0454545454545455,-0.435729743946416
"M_056","Unidentified sp90 M PL 056",1,22,0.0454545454545455,-0.435729743946416
"M_056","Unidentified sp91 M PL 056",1,22,0.0454545454545455,-0.435729743946416
"M_056","Unidentified sp92 M PL 056",1,22,0.0454545454545455,-0.435729743946416
"M_056","Unidentified sp93 M PL 056",5,22,0.227272727272727,0.821514181274468
"M_056","Unidentified sp94 M PL 056",1,22,0.0454545454545455,-0.435729743946416
"M_056","Unidentified sp95 M PL 056",1,22,0.0454545454545455,-0.435729743946416
"M_056","Unidentified sp96 M PL 056",1,22,0.0454545454545455,-0.435729743946416
"M_056","Unidentified sp97 M PL 056",1,22,0.0454545454545455,-0.435729743946416
"M_056","Unidentified sp98 M PL 056",1,22,0.0454545454545455,-0.435729743946416
"M_056","Unidentified sp99 M PL 056",1,22,0.0454545454545455,-0.435729743946416
"M_056","Vanessa indica",1,22,0.0454545454545455,-0.435729743946416
"M_056","Vespa simillima",1,22,0.0454545454545455,-0.435729743946416
"M_056","Vespula austriaca",1,22,0.0454545454545455,-0.435729743946416
"M_056","Vespula schrenckii",1,22,0.0454545454545455,-0.435729743946416
"M_056","Videa alneti",1,22,0.0454545454545455,-0.435729743946416
"M_056","Vollucella jeddona",1,22,0.0454545454545455,-0.435729743946416
"M_056","Vollucella pellucens",1,22,0.0454545454545455,-0.435729743946416
"M_056","Xanthothyxus mongol",3,22,0.136363636363636,0.192892218664026
"M_056","Zophoessa callipteris",5,22,0.227272727272727,0.821514181274468
"M_057","Acanthosoma denticauda",1,37,0.027027027027027,-0.344112706196777
"M_057","Actina jezoensis",1,37,0.027027027027027,-0.344112706196777
"M_057","Adelphocoris triannulatus",1,37,0.027027027027027,-0.344112706196777
"M_057","Agelasa nigriceps",1,37,0.027027027027027,-0.344112706196777
"M_057","Agelastica coerulea",1,37,0.027027027027027,-0.344112706196777
"M_057","Ahlber ferra",1,37,0.027027027027027,-0.344112706196777
"M_057","Allantus nigrocaeleus",1,37,0.027027027027027,-0.344112706196777
"M_057","Alysson cameroni",2,37,0.0540540540540541,-0.0511025619617199
"M_057","Ampedus vestitdus",1,37,0.027027027027027,-0.344112706196777
"M_057","Andrena aburana",1,37,0.027027027027027,-0.344112706196777
"M_057","Andrena akitsushimae",2,37,0.0540540540540541,-0.0511025619617199
"M_057","Andrena brassicae",1,37,0.027027027027027,-0.344112706196777
"M_057","Andrena dentata",3,37,0.0810810810810811,0.241907582273337
"M_057","Andrena halictoides",4,37,0.108108108108108,0.534917726508394
"M_057","Andrena hebes",2,37,0.0540540540540541,-0.0511025619617199
"M_057","Andrena hikosana",1,37,0.027027027027027,-0.344112706196777
"M_057","Andrena ishiharai",1,37,0.027027027027027,-0.344112706196777
"M_057","Andrena kaguya",6,37,0.162162162162162,1.12093801497851
"M_057","Andrena minutula",11,37,0.297297297297297,2.58598873615379
"M_057","Andrena mitakensis",1,37,0.027027027027027,-0.344112706196777
"M_057","Andrena miyamotoi",1,37,0.027027027027027,-0.344112706196777
"M_057","Andrena nawai",1,37,0.027027027027027,-0.344112706196777
"M_057","Andrena opacifovea opacifovea",1,37,0.027027027027027,-0.344112706196777
"M_057","Andrena parathoracica",1,37,0.027027027027027,-0.344112706196777
"M_057","Andrena protomias",1,37,0.027027027027027,-0.344112706196777
"M_057","Andrena sublevigata",1,37,0.027027027027027,-0.344112706196777
"M_057","Andrena subopaca",1,37,0.027027027027027,-0.344112706196777
"M_057","Andrena tsukubana",1,37,0.027027027027027,-0.344112706196777
"M_057","Andrena watasei",3,37,0.0810810810810811,0.241907582273337
"M_057","Andrena yamamotoi",1,37,0.027027027027027,-0.344112706196777
"M_057","Angelasa nigriceps",1,37,0.027027027027027,-0.344112706196777
"M_057","Anthophora pilipes villosula",1,37,0.027027027027027,-0.344112706196777
"M_057","Apis cerana japonica",17,37,0.459459459459459,4.34404960156413
"M_057","Apoderus rubidus",1,37,0.027027027027027,-0.344112706196777
"M_057","Araneidae sp129 M PL 057",1,37,0.027027027027027,-0.344112706196777
"M_057","Araneidae sp130 M PL 057",1,37,0.027027027027027,-0.344112706196777
"M_057","Araneidae sp131 M PL 057",1,37,0.027027027027027,-0.344112706196777
"M_057","Araneidae sp132 M PL 057",1,37,0.027027027027027,-0.344112706196777
"M_057","Araneidae sp133 M PL 057",1,37,0.027027027027027,-0.344112706196777
"M_057","Araneidae sp134 M PL 057",1,37,0.027027027027027,-0.344112706196777
"M_057","Araneidae sp135 M PL 057",1,37,0.027027027027027,-0.344112706196777
"M_057","Araneidae sp136 M PL 057",1,37,0.027027027027027,-0.344112706196777
"M_057","Araneidae sp137 M PL 057",1,37,0.027027027027027,-0.344112706196777
"M_057","Araneidae sp138 M PL 057",1,37,0.027027027027027,-0.344112706196777
"M_057","Araneidae sp139 M PL 057",1,37,0.027027027027027,-0.344112706196777
"M_057","Araneidae sp140 M PL 057",1,37,0.027027027027027,-0.344112706196777
"M_057","Araneidae sp141 M PL 057",1,37,0.027027027027027,-0.344112706196777
"M_057","Araneidae sp142 M PL 057",1,37,0.027027027027027,-0.344112706196777
"M_057","Araneidae sp143 M PL 057",1,37,0.027027027027027,-0.344112706196777
"M_057","Araneidae sp144 M PL 057",1,37,0.027027027027027,-0.344112706196777
"M_057","Araneidae sp70 M PL 057",1,37,0.027027027027027,-0.344112706196777
"M_057","Arasehmia burejana",5,37,0.135135135135135,0.82792787074345
"M_057","Arge similis",1,37,0.027027027027027,-0.344112706196777
"M_057","Arge sp1 M PL 057",1,37,0.027027027027027,-0.344112706196777
"M_057","Asarcuna porcina",3,37,0.0810810810810811,0.241907582273337
"M_057","Asclera nigrocya",1,37,0.027027027027027,-0.344112706196777
"M_057","Asiemphytus deutziae",2,37,0.0540540540540541,-0.0511025619617199
"M_057","Astochia virgatipes",1,37,0.027027027027027,-0.344112706196777
"M_057","Athalia japonica",3,37,0.0810810810810811,0.241907582273337
"M_057","Baccha apicalis",1,37,0.027027027027027,-0.344112706196777
"M_057","Baccha maculata",9,37,0.243243243243243,1.99996844768368
"M_057","Baccha macutata",1,37,0.027027027027027,-0.344112706196777
"M_057","Basilepta ruficolle",1,37,0.027027027027027,-0.344112706196777
"M_057","Batozenellus sp1 M PL 057",1,37,0.027027027027027,-0.344112706196777
"M_057","Betasorrphus seraius",2,37,0.0540540540540541,-0.0511025619617199
"M_057","Betasyrphus seraius",3,37,0.0810810810810811,0.241907582273337
"M_057","Blitopertha orientalis",3,37,0.0810810810810811,0.241907582273337
"M_057","Bombus ardens",14,37,0.378378378378378,3.46501916885896
"M_057","Bombus diversus diversus",37,37,1,10.2042524862653
"M_057","Bombus honshorensis",1,37,0.027027027027027,-0.344112706196777
"M_057","Bombus honshuensis",8,37,0.216216216216216,1.70695830344862
"M_057","Bombus hypocrita hypocrita",18,37,0.486486486486487,4.63705974579919
"M_057","Bombus ignitus",1,37,0.027027027027027,-0.344112706196777
"M_057","Bombus sp1 M PL 057",1,37,0.027027027027027,-0.344112706196777
"M_057","Bombylius major",5,37,0.135135135135135,0.82792787074345
"M_057","Bothrogonia japonica",6,37,0.162162162162162,1.12093801497851
"M_057","Brachyloma curtum",1,37,0.027027027027027,-0.344112706196777
"M_057","Brachyopa bicolor",1,37,0.027027027027027,-0.344112706196777
"M_057","Bruchidius urbanus",2,37,0.0540540540540541,-0.0511025619617199
"M_057","Byctiscus puberulus",6,37,0.162162162162162,1.12093801497851
"M_057","Byturus affinis",5,37,0.135135135135135,0.82792787074345
"M_057","Camponotus kiusiuensis",2,37,0.0540540540540541,-0.0511025619617199
"M_057","Camponotus nipponensis",2,37,0.0540540540540541,-0.0511025619617199
"M_057","Camponotus obscripes",2,37,0.0540540540540541,-0.0511025619617199
"M_057","Campsomeris primatica",1,37,0.027027027027027,-0.344112706196777
"M_057","Carbula humerigera",7,37,0.189189189189189,1.41394815921356
"M_057","Carpophilus chalybeus",4,37,0.108108108108108,0.534917726508394
"M_057","Cassida rubiginosaidalis",1,37,0.027027027027027,-0.344112706196777
"M_057","Cephenius nitobei",3,37,0.0810810810810811,0.241907582273337
"M_057","Ceratina esakii",9,37,0.243243243243243,1.99996844768368
"M_057","Ceratina flavipes",2,37,0.0540540540540541,-0.0511025619617199
"M_057","Ceratina iwatai",2,37,0.0540540540540541,-0.0511025619617199
"M_057","Ceratina japonica",34,37,0.918918918918919,9.3252220535601
"M_057","Ceratina megastigmata",22,37,0.594594594594595,5.80910032273942
"M_057","Ceratina sp1 M PL 057",1,37,0.027027027027027,-0.344112706196777
"M_057","Cerceris carinalis",2,37,0.0540540540540541,-0.0511025619617199
"M_057","Cerceris hortivaga",2,37,0.0540540540540541,-0.0511025619617199
"M_057","Cheilosia omogensis",4,37,0.108108108108108,0.534917726508394
"M_057","Cheilosia sp1 M PL 057",7,37,0.189189189189189,1.41394815921356
"M_057","Cheilosia sp10 M PL 057",1,37,0.027027027027027,-0.344112706196777
"M_057","Cheilosia sp11 M PL 057",1,37,0.027027027027027,-0.344112706196777
"M_057","Cheilosia sp12 M PL 057",1,37,0.027027027027027,-0.344112706196777
"M_057","Cheilosia sp2 M PL 057",9,37,0.243243243243243,1.99996844768368
"M_057","Cheilosia sp3 M PL 057",5,37,0.135135135135135,0.82792787074345
"M_057","Cheilosia sp4 M PL 057",5,37,0.135135135135135,0.82792787074345
"M_057","Cheilosia sp5 M PL 057",5,37,0.135135135135135,0.82792787074345
"M_057","Cheilosia sp6 M PL 057",2,37,0.0540540540540541,-0.0511025619617199
"M_057","Cheilosia sp7 M PL 057",2,37,0.0540540540540541,-0.0511025619617199
"M_057","Cheilosia sp8 M PL 057",1,37,0.027027027027027,-0.344112706196777
"M_057","Cheilosia sp9 M PL 057",1,37,0.027027027027027,-0.344112706196777
"M_057","Cheliosia sp1 M PL 057",1,37,0.027027027027027,-0.344112706196777
"M_057","Choaspes beninminii",1,37,0.027027027027027,-0.344112706196777
"M_057","Choaspes benjaminii",1,37,0.027027027027027,-0.344112706196777
"M_057","Chrysogaster okazakii",1,37,0.027027027027027,-0.344112706196777
"M_057","Chrysotoxum grande",1,37,0.027027027027027,-0.344112706196777
"M_057","Colletes babai",2,37,0.0540540540540541,-0.0511025619617199
"M_057","Colpura lativentristi",1,37,0.027027027027027,-0.344112706196777
"M_057","Coraebus rusticanus",1,37,0.027027027027027,-0.344112706196777
"M_057","Corymbas nipponica",3,37,0.0810810810810811,0.241907582273337
"M_057","Crabro sp1 M PL 057",1,37,0.027027027027027,-0.344112706196777
"M_057","Criorhina japonica",1,37,0.027027027027027,-0.344112706196777
"M_057","Crossocerus walkeri",2,37,0.0540540540540541,-0.0511025619617199
"M_057","Cryptophagus cellaris",1,37,0.027027027027027,-0.344112706196777
"M_057","Daimio tethys",1,37,0.027027027027027,-0.344112706196777
"M_057","Dasysyrphus bilineatus",1,37,0.027027027027027,-0.344112706196777
"M_057","Dasytes vulgaris",2,37,0.0540540540540541,-0.0511025619617199
"M_057","Demonax transilis",2,37,0.0540540540540541,-0.0511025619617199
"M_057","Denticollis nipponensis",1,37,0.027027027027027,-0.344112706196777
"M_057","Dere thoracica",1,37,0.027027027027027,-0.344112706196777
"M_057","Dermaptera sp8 M PL 057",3,37,0.0810810810810811,0.241907582273337
"M_057","Dicranoncus femoralis",1,37,0.027027027027027,-0.344112706196777
"M_057","Didea fasciata",2,37,0.0540540540540541,-0.0511025619617199
"M_057","Dinoptera minuta",1,37,0.027027027027027,-0.344112706196777
"M_057","Dinoptera minuta ticollis",1,37,0.027027027027027,-0.344112706196777
"M_057","Diptera sp90 M PL 057",2,37,0.0540540540540541,-0.0511025619617199
"M_057","Diptera sp91 M PL 057",2,37,0.0540540540540541,-0.0511025619617199
"M_057","Dolichovespula media sugare",2,37,0.0540540540540541,-0.0511025619617199
"M_057","Dromius prolixus",1,37,0.027027027027027,-0.344112706196777
"M_057","Ectemnius nigritarsus",1,37,0.027027027027027,-0.344112706196777
"M_057","Ectemnius radiatus",2,37,0.0540540540540541,-0.0511025619617199
"M_057","Ectemnuis dives",1,37,0.027027027027027,-0.344112706196777
"M_057","Ectemunis or Cranocernus sp1 M PL 057",1,37,0.027027027027027,-0.344112706196777
"M_057","Ectinohoplia obducta",1,37,0.027027027027027,-0.344112706196777
"M_057","Ectinus sericeus",1,37,0.027027027027027,-0.344112706196777
"M_057","Ectophasia sinensis",9,37,0.243243243243243,1.99996844768368
"M_057","Elasmostethus humeralis",2,37,0.0540540540540541,-0.0511025619617199
"M_057","Elasmucha nipponica",2,37,0.0540540540540541,-0.0511025619617199
"M_057","Epeolus melectiformis",3,37,0.0810810810810811,0.241907582273337
"M_057","Ephemeroptera sp344 M PL 057",1,37,0.027027027027027,-0.344112706196777
"M_057","Epilachna niponica",1,37,0.027027027027027,-0.344112706196777
"M_057","Epilichas flabellatus",1,37,0.027027027027027,-0.344112706196777
"M_057","Epistorophe orientaris",1,37,0.027027027027027,-0.344112706196777
"M_057","Epistoropheaino sp1 M PL 057",1,37,0.027027027027027,-0.344112706196777
"M_057","Epistotophe shibakawae",6,37,0.162162162162162,1.12093801497851
"M_057","Episyrphus balteatus",30,37,0.810810810810811,8.15318147661987
"M_057","Episyrphus batteatus",1,37,0.027027027027027,-0.344112706196777
"M_057","Epuraea sp1 M PL 057",17,37,0.459459459459459,4.34404960156413
"M_057","Eristalis cereaiis",1,37,0.027027027027027,-0.344112706196777
"M_057","Eristalis cerealis",16,37,0.432432432432432,4.05103945732908
"M_057","Eristalis cerealis ",1,37,0.027027027027027,-0.344112706196777
"M_057","Eristalomya tenax",3,37,0.0810810810810811,0.241907582273337
"M_057","Eristatis cerealis",1,37,0.027027027027027,-0.344112706196777
"M_057","Erynnis montanus",1,37,0.027027027027027,-0.344112706196777
"M_057","Eucetonia pilifera",1,37,0.027027027027027,-0.344112706196777
"M_057","Eucetonia roelofsi",3,37,0.0810810810810811,0.241907582273337
"M_057","Euctenurapteryx maculicaudaria",1,37,0.027027027027027,-0.344112706196777
"M_057","Eumenes rubronotatus",3,37,0.0810810810810811,0.241907582273337
"M_057","Eumerus iidai",3,37,0.0810810810810811,0.241907582273337
"M_057","Eumerus japonica",1,37,0.027027027027027,-0.344112706196777
"M_057","Eurema hecabe",1,37,0.027027027027027,-0.344112706196777
"M_057","Euricania fascialis",4,37,0.108108108108108,0.534917726508394
"M_057","Eurystylus coelestialium",10,37,0.27027027027027,2.29297859191873
"M_057","Eusphalerum parallelum",1,37,0.027027027027027,-0.344112706196777
"M_057","Eyzarcoris guttiger",1,37,0.027027027027027,-0.344112706196777
"M_057","Formica japonica",1,37,0.027027027027027,-0.344112706196777
"M_057","Formica sp1 M PL 057",3,37,0.0810810810810811,0.241907582273337
"M_057","Formicidae sp1 M PL 057",1,37,0.027027027027027,-0.344112706196777
"M_057","GELECHIIDAE sp1 M PL 057",1,37,0.027027027027027,-0.344112706196777
"M_057","Galerucella vittaticollis",2,37,0.0540540540540541,-0.0511025619617199
"M_057","Ganoxanthus pallidus",3,37,0.0810810810810811,0.241907582273337
"M_057","Geocoris varius",8,37,0.216216216216216,1.70695830344862
"M_057","Gormnosoma rotundatum",1,37,0.027027027027027,-0.344112706196777
"M_057","Gorpis sp1 M PL 057",4,37,0.108108108108108,0.534917726508394
"M_057","Grammographus notabilis",1,37,0.027027027027027,-0.344112706196777
"M_057","Graphomyia maculata",1,37,0.027027027027027,-0.344112706196777
"M_057","Graptomyza ishikawai",4,37,0.108108108108108,0.534917726508394
"M_057","Gymnosoma rotundatum",6,37,0.162162162162162,1.12093801497851
"M_057","Gymnosoma rotundaturm",1,37,0.027027027027027,-0.344112706196777
"M_057","Harima callipteris",1,37,0.027027027027027,-0.344112706196777
"M_057","Harmonia axyridis",1,37,0.027027027027027,-0.344112706196777
"M_057","Harpalus sp1 M PL 057",1,37,0.027027027027027,-0.344112706196777
"M_057","Helophilus virgatus",10,37,0.27027027027027,2.29297859191873
"M_057","Hemaris affinis",1,37,0.027027027027027,-0.344112706196777
"M_057","Homoeocerus dilatatus",1,37,0.027027027027027,-0.344112706196777
"M_057","Hotaria parvula",1,37,0.027027027027027,-0.344112706196777
"M_057","Hylaeus floralis",7,37,0.189189189189189,1.41394815921356
"M_057","Hylaeus globula",7,37,0.189189189189189,1.41394815921356
"M_057","Hylaeus nippon",3,37,0.0810810810810811,0.241907582273337
"M_057","Hylaeus sttbmonticola",1,37,0.027027027027027,-0.344112706196777
"M_057","Hylaeus submonticola",3,37,0.0810810810810811,0.241907582273337
"M_057","Hymenoptera sp383 M PL 057",1,37,0.027027027027027,-0.344112706196777
"M_057","Hymenoptera sp384 M PL 057",1,37,0.027027027027027,-0.344112706196777
"M_057","Idiostrangaiia contracta",1,37,0.027027027027027,-0.344112706196777
"M_057","Idiostrangalia contracta",1,37,0.027027027027027,-0.344112706196777
"M_057","Ilespinae sp1 M PL 057",1,37,0.027027027027027,-0.344112706196777
"M_057","Illeis koebelei",1,37,0.027027027027027,-0.344112706196777
"M_057","Imatisma abdominalis",1,37,0.027027027027027,-0.344112706196777
"M_057","Jmatisma abdominalis",1,37,0.027027027027027,-0.344112706196777
"M_057","Jujiroa sp1 M PL 057",1,37,0.027027027027027,-0.344112706196777
"M_057","Languriomorpha lewisi",1,37,0.027027027027027,-0.344112706196777
"M_057","Languriomorpha nigritarsis",1,37,0.027027027027027,-0.344112706196777
"M_057","Lasio glossum sp1 M PL 057",1,37,0.027027027027027,-0.344112706196777
"M_057","Lasiogiossum japonicum",1,37,0.027027027027027,-0.344112706196777
"M_057","Lasioglossum allodalum",2,37,0.0540540540540541,-0.0511025619617199
"M_057","Lasioglossum apristum",37,37,1,10.2042524862653
"M_057","Lasioglossum baleicum",7,37,0.189189189189189,1.41394815921356
"M_057","Lasioglossum exiliceps",6,37,0.162162162162162,1.12093801497851
"M_057","Lasioglossum hirashimae",5,37,0.135135135135135,0.82792787074345
"M_057","Lasioglossum japonicum",7,37,0.189189189189189,1.41394815921356
"M_057","Lasioglossum nipponense",2,37,0.0540540540540541,-0.0511025619617199
"M_057","Lasioglossum occidens",18,37,0.486486486486487,4.63705974579919
"M_057","Lasioglossum problematicum",1,37,0.027027027027027,-0.344112706196777
"M_057","Lasioglossum sexstrigatum",1,37,0.027027027027027,-0.344112706196777
"M_057","Lasioglossum sibiriacum",10,37,0.27027027027027,2.29297859191873
"M_057","Lasioglossum sp1 M PL 057",14,37,0.378378378378378,3.46501916885896
"M_057","Lasioglossum sp10 M PL 057",1,37,0.027027027027027,-0.344112706196777
"M_057","Lasioglossum sp11 M PL 057",1,37,0.027027027027027,-0.344112706196777
"M_057","Lasioglossum sp12 M PL 057",1,37,0.027027027027027,-0.344112706196777
"M_057","Lasioglossum sp2 M PL 057",4,37,0.108108108108108,0.534917726508394
"M_057","Lasioglossum sp3 M PL 057",1,37,0.027027027027027,-0.344112706196777
"M_057","Lasioglossum sp4 M PL 057",2,37,0.0540540540540541,-0.0511025619617199
"M_057","Lasioglossum sp5 M PL 057",3,37,0.0810810810810811,0.241907582273337
"M_057","Lasioglossum sp6 M PL 057",1,37,0.027027027027027,-0.344112706196777
"M_057","Lasioglossum sp7 M PL 057",1,37,0.027027027027027,-0.344112706196777
"M_057","Lasioglossum sp8 M PL 057",1,37,0.027027027027027,-0.344112706196777
"M_057","Lasioglossum sp9 M PL 057",1,37,0.027027027027027,-0.344112706196777
"M_057","Lasioglossum transpositum",14,37,0.378378378378378,3.46501916885896
"M_057","Lasiogtossum apristum",1,37,0.027027027027027,-0.344112706196777
"M_057","Lasius hayashi",1,37,0.027027027027027,-0.344112706196777
"M_057","Lasius niger",6,37,0.162162162162162,1.12093801497851
"M_057","Lasius sp1 M PL 057",1,37,0.027027027027027,-0.344112706196777
"M_057","Lathrophthalmus viridis",1,37,0.027027027027027,-0.344112706196777
"M_057","Lemula decipiens",1,37,0.027027027027027,-0.344112706196777
"M_057","Leopoldius japonicus",1,37,0.027027027027027,-0.344112706196777
"M_057","Leptura ochraceofasciata",2,37,0.0540540540540541,-0.0511025619617199
"M_057","Lestica collaris",3,37,0.0810810810810811,0.241907582273337
"M_057","Linoetis coeruleipennis",1,37,0.027027027027027,-0.344112706196777
"M_057","Linotetis coeruleipennis",1,37,0.027027027027027,-0.344112706196777
"M_057","Loderus eversmanini obscurus",1,37,0.027027027027027,-0.344112706196777
"M_057","Lycaena phlaeas",1,37,0.027027027027027,-0.344112706196777
"M_057","Lypesthes ater",1,37,0.027027027027027,-0.344112706196777
"M_057","Macrophya apicalis",1,37,0.027027027027027,-0.344112706196777
"M_057","Macrophya sp1 M PL 057",1,37,0.027027027027027,-0.344112706196777
"M_057","Mauoglossum pynhosticta",4,37,0.108108108108108,0.534917726508394
"M_057","Mauoglossum sp1 M PL 057",1,37,0.027027027027027,-0.344112706196777
"M_057","Mecoptera sp485 M PL 057",1,37,0.027027027027027,-0.344112706196777
"M_057","Megachile tsurugensis",6,37,0.162162162162162,1.12093801497851
"M_057","Megachile tsururgensis",1,37,0.027027027027027,-0.344112706196777
"M_057","Megachile yasumatsui",2,37,0.0540540540540541,-0.0511025619617199
"M_057","Megaspis zonata",12,37,0.324324324324324,2.87899888038885
"M_057","Melangyna ezoensis",4,37,0.108108108108108,0.534917726508394
"M_057","Melangyna sp1 M PL 057",1,37,0.027027027027027,-0.344112706196777
"M_057","Melanostoma scalare",26,37,0.702702702702703,6.98114089967964
"M_057","Melanotus annosus",1,37,0.027027027027027,-0.344112706196777
"M_057","Menida violacea",8,37,0.216216216216216,1.70695830344862
"M_057","Metasyrphus corollae",1,37,0.027027027027027,-0.344112706196777
"M_057","Metasyrphus nintens",1,37,0.027027027027027,-0.344112706196777
"M_057","Metialina sp1 M PL 057",3,37,0.0810810810810811,0.241907582273337
"M_057","Microdon japonicus",1,37,0.027027027027027,-0.344112706196777
"M_057","Mimela costata",1,37,0.027027027027027,-0.344112706196777
"M_057","Molipteryx fuliginosa",2,37,0.0540540540540541,-0.0511025619617199
"M_057","Monolepta pallidula",1,37,0.027027027027027,-0.344112706196777
"M_057","Mordellina sp1 M PL 057",6,37,0.162162162162162,1.12093801497851
"M_057","Mordellistena sp1 M PL 057",11,37,0.297297297297297,2.58598873615379
"M_057","Mycalesis francisca",1,37,0.027027027027027,-0.344112706196777
"M_057","Narumyia narumyia",1,37,0.027027027027027,-0.344112706196777
"M_057","Neoascia sp1 M PL 057",1,37,0.027027027027027,-0.344112706196777
"M_057","Neuroptera sp486 M PL 057",1,37,0.027027027027027,-0.344112706196777
"M_057","Nipponovalgus angusticollis",4,37,0.108108108108108,0.534917726508394
"M_057","Nomada aswensis",2,37,0.0540540540540541,-0.0511025619617199
"M_057","Nomada clalii okubira",1,37,0.027027027027027,-0.344112706196777
"M_057","Nomada comparata",1,37,0.027027027027027,-0.344112706196777
"M_057","Nomada esakii",2,37,0.0540540540540541,-0.0511025619617199
"M_057","Nomada flavoguttata japonensis",1,37,0.027027027027027,-0.344112706196777
"M_057","Nomada ginran",5,37,0.135135135135135,0.82792787074345
"M_057","Nomada hakonensis",1,37,0.027027027027027,-0.344112706196777
"M_057","Nomada harimensis",3,37,0.0810810810810811,0.241907582273337
"M_057","Nomada shepparadana okubira",11,37,0.297297297297297,2.58598873615379
"M_057","Nomada shirakii",1,37,0.027027027027027,-0.344112706196777
"M_057","Nomada sp1 M PL 057",1,37,0.027027027027027,-0.344112706196777
"M_057","Nonartha cyaneum",16,37,0.432432432432432,4.05103945732908
"M_057","Nysius sp1 M PL 057",3,37,0.0810810810810811,0.241907582273337
"M_057","Ocholodes ochracea",2,37,0.0540540540540541,-0.0511025619617199
"M_057","Oedemeronia lucidicollis",5,37,0.135135135135135,0.82792787074345
"M_057","Oedemeronia manicata",6,37,0.162162162162162,1.12093801497851
"M_057","Onomaus lautus",11,37,0.297297297297297,2.58598873615379
"M_057","Onthophagus lenzii",1,37,0.027027027027027,-0.344112706196777
"M_057","Onycholyda lucida",1,37,0.027027027027027,-0.344112706196777
"M_057","Orientabia maguna",1,37,0.027027027027027,-0.344112706196777
"M_057","Orthoptera sp126 M PL 057",1,37,0.027027027027027,-0.344112706196777
"M_057","Orthoptera sp127 M PL 057",2,37,0.0540540540540541,-0.0511025619617199
"M_057","Orthoptera sp487 M PL 057",1,37,0.027027027027027,-0.344112706196777
"M_057","Orthoptera sp68 M PL 057",2,37,0.0540540540540541,-0.0511025619617199
"M_057","Orthoptera sp69 M PL 057",3,37,0.0810810810810811,0.241907582273337
"M_057","Osmia cornifrons",1,37,0.027027027027027,-0.344112706196777
"M_057","Oxycetonia jucunda",2,37,0.0540540540540541,-0.0511025619617199
"M_057","Oxyporus basiventris",1,37,0.027027027027027,-0.344112706196777
"M_057","Pachyprotasis hiensis",1,37,0.027027027027027,-0.344112706196777
"M_057","Pachyprotasis sp1 M PL 057",2,37,0.0540540540540541,-0.0511025619617199
"M_057","Pachyprotasis sp2 M PL 057",1,37,0.027027027027027,-0.344112706196777
"M_057","Pachyprotasis sp3 M PL 057",1,37,0.027027027027027,-0.344112706196777
"M_057","Pachytodes cometes",1,37,0.027027027027027,-0.344112706196777
"M_057","Papilix macilentus",1,37,0.027027027027027,-0.344112706196777
"M_057","Paragus jozanus",4,37,0.108108108108108,0.534917726508394
"M_057","Paragus tibialis",8,37,0.216216216216216,1.70695830344862
"M_057","Parapolybia indica",1,37,0.027027027027027,-0.344112706196777
"M_057","Parapolybia varia",1,37,0.027027027027027,-0.344112706196777
"M_057","Parastrangatis nymphula",1,37,0.027027027027027,-0.344112706196777
"M_057","Paratrichius doentzi",1,37,0.027027027027027,-0.344112706196777
"M_057","Paridea angulicollis",1,37,0.027027027027027,-0.344112706196777
"M_057","Parnara guttata",1,37,0.027027027027027,-0.344112706196777
"M_057","Passaloecus clypealis yamato",1,37,0.027027027027027,-0.344112706196777
"M_057","Pelopides jansonis",2,37,0.0540540540540541,-0.0511025619617199
"M_057","Penthesiiea apicalis",1,37,0.027027027027027,-0.344112706196777
"M_057","Penthesilea apicalis",3,37,0.0810810810810811,0.241907582273337
"M_057","Perineura okutanii",1,37,0.027027027027027,-0.344112706196777
"M_057","Phalacrodira aeneostoma",3,37,0.0810810810810811,0.241907582273337
"M_057","Phalangida sp488 M PL 057",1,37,0.027027027027027,-0.344112706196777
"M_057","Philopota nigroaenea",4,37,0.108108108108108,0.534917726508394
"M_057","Phyllobius armatus",3,37,0.0810810810810811,0.241907582273337
"M_057","Phyllopertha irregularis",2,37,0.0540540540540541,-0.0511025619617199
"M_057","Pidonia aegrota",4,37,0.108108108108108,0.534917726508394
"M_057","Pidonia amentata",4,37,0.108108108108108,0.534917726508394
"M_057","Pidonia miwai",1,37,0.027027027027027,-0.344112706196777
"M_057","Pidonia puziloi",4,37,0.108108108108108,0.534917726508394
"M_057","Pidonia signifera",3,37,0.0810810810810811,0.241907582273337
"M_057","Pieris melete",3,37,0.0810810810810811,0.241907582273337
"M_057","Pieris rapae",2,37,0.0540540540540541,-0.0511025619617199
"M_057","Pipiza inornata",2,37,0.0540540540540541,-0.0511025619617199
"M_057","Platycheirus urakawensis",4,37,0.108108108108108,0.534917726508394
"M_057","Plecoptera sp128 M PL 057",2,37,0.0540540540540541,-0.0511025619617199
"M_057","Plecoptera sp489 M PL 057",1,37,0.027027027027027,-0.344112706196777
"M_057","Plecoptera sp490 M PL 057",1,37,0.027027027027027,-0.344112706196777
"M_057","Plecoptera sp491 M PL 057",1,37,0.027027027027027,-0.344112706196777
"M_057","Plecoptera sp492 M PL 057",1,37,0.027027027027027,-0.344112706196777
"M_057","Plecoptera sp493 M PL 057",1,37,0.027027027027027,-0.344112706196777
"M_057","Plecoptera sp494 M PL 057",1,37,0.027027027027027,-0.344112706196777
"M_057","Plecoptera sp495 M PL 057",1,37,0.027027027027027,-0.344112706196777
"M_057","Podabrus malthinoides",1,37,0.027027027027027,-0.344112706196777
"M_057","Polistes mandarinus",3,37,0.0810810810810811,0.241907582273337
"M_057","Polytremis pellucida",1,37,0.027027027027027,-0.344112706196777
"M_057","Popillia japonica",1,37,0.027027027027027,-0.344112706196777
"M_057","Priochirus japonicus",1,37,0.027027027027027,-0.344112706196777
"M_057","Priophorus nigricans",1,37,0.027027027027027,-0.344112706196777
"M_057","Pristosia aeneola",2,37,0.0540540540540541,-0.0511025619617199
"M_057","Prothemus ciusianus",4,37,0.108108108108108,0.534917726508394
"M_057","Psenulus sp1 M PL 057",2,37,0.0540540540540541,-0.0511025619617199
"M_057","Pseudomerdon takasaqoensis",1,37,0.027027027027027,-0.344112706196777
"M_057","Pteroelecta felderi",7,37,0.189189189189189,1.41394815921356
"M_057","Pyrrhalta fuscipennis",1,37,0.027027027027027,-0.344112706196777
"M_057","Rhingia laevigata",2,37,0.0540540540540541,-0.0511025619617199
"M_057","Rhopalum latronum",19,37,0.513513513513513,4.93006989003425
"M_057","Rodolial imbata",1,37,0.027027027027027,-0.344112706196777
"M_057","Servillia luteola",3,37,0.0810810810810811,0.241907582273337
"M_057","Siobla felox",2,37,0.0540540540540541,-0.0511025619617199
"M_057","Sphaerophia viridaenea",1,37,0.027027027027027,-0.344112706196777
"M_057","Sphaerophoria macrogaster",13,37,0.351351351351351,3.1720090246239
"M_057","Sphaerophoria menthastri",8,37,0.216216216216216,1.70695830344862
"M_057","Sphecoid wasp",1,37,0.027027027027027,-0.344112706196777
"M_057","Sphegina clunipes",17,37,0.459459459459459,4.34404960156413
"M_057","Sphegina sp1 M PL 057",6,37,0.162162162162162,1.12093801497851
"M_057","Sphegina sp2 M PL 057",4,37,0.108108108108108,0.534917726508394
"M_057","Sphegina sp3 M PL 057",2,37,0.0540540540540541,-0.0511025619617199
"M_057","Sphegina sp4 M PL 057",1,37,0.027027027027027,-0.344112706196777
"M_057","Stenbluperus nipponensis",1,37,0.027027027027027,-0.344112706196777
"M_057","Stenodynerus tokyanus tokyanus",1,37,0.027027027027027,-0.344112706196777
"M_057","Stenoluperus nipponensis",6,37,0.162162162162162,1.12093801497851
"M_057","Stermophagus japonicus",1,37,0.027027027027027,-0.344112706196777
"M_057","Strangalomorpha tenuis",1,37,0.027027027027027,-0.344112706196777
"M_057","Strogylogaster onocleae",1,37,0.027027027027027,-0.344112706196777
"M_057","Strombocerina koebelei",2,37,0.0540540540540541,-0.0511025619617199
"M_057","Syrphus japonica",1,37,0.027027027027027,-0.344112706196777
"M_057","Syrphus vitripennis",8,37,0.216216216216216,1.70695830344862
"M_057","Tachinus sp1 M PL 057",3,37,0.0810810810810811,0.241907582273337
"M_057","Taxonus fulvicornis",1,37,0.027027027027027,-0.344112706196777
"M_057","Taxonus sp1 M PL 057",1,37,0.027027027027027,-0.344112706196777
"M_057","Temnostoma nitobei",1,37,0.027027027027027,-0.344112706196777
"M_057","Tenthredinidae sp1 M PL 057",1,37,0.027027027027027,-0.344112706196777
"M_057","Tenthredo convagennata",3,37,0.0810810810810811,0.241907582273337
"M_057","Tenthredo finchi seguro",4,37,0.108108108108108,0.534917726508394
"M_057","Tenthredo flavipectus",2,37,0.0540540540540541,-0.0511025619617199
"M_057","Tenthredo hokkaidonis",2,37,0.0540540540540541,-0.0511025619617199
"M_057","Tenthredopsis sp1 M PL 057",1,37,0.027027027027027,-0.344112706196777
"M_057","Tetralonia nipponens",1,37,0.027027027027027,-0.344112706196777
"M_057","Thlaspida cribrosaoidalis",2,37,0.0540540540540541,-0.0511025619617199
"M_057","Thoressa varia",3,37,0.0810810810810811,0.241907582273337
"M_057","Tiphia sp1 M PL 057",2,37,0.0540540540540541,-0.0511025619617199
"M_057","Trachys retteri",2,37,0.0540540540540541,-0.0511025619617199
"M_057","Trachys saundersi",2,37,0.0540540540540541,-0.0511025619617199
"M_057","Trachys sp1 M PL 057",1,37,0.027027027027027,-0.344112706196777
"M_057","Tremus cyanipennis",4,37,0.108108108108108,0.534917726508394
"M_057","Trichius japonicus",2,37,0.0540540540540541,-0.0511025619617199
"M_057","Trichoptera sp496 M PL 057",1,37,0.027027027027027,-0.344112706196777
"M_057","Trichoptera sp497 M PL 057",1,37,0.027027027027027,-0.344112706196777
"M_057","Trichoptera sp498 M PL 057",1,37,0.027027027027027,-0.344112706196777
"M_057","Trichoptera sp499 M PL 057",1,37,0.027027027027027,-0.344112706196777
"M_057","Trichoptera sp500 M PL 057",1,37,0.027027027027027,-0.344112706196777
"M_057","Trichoptera sp501 M PL 057",1,37,0.027027027027027,-0.344112706196777
"M_057","Trichoptera sp502 M PL 057",1,37,0.027027027027027,-0.344112706196777
"M_057","Trichoptera sp503 M PL 057",1,37,0.027027027027027,-0.344112706196777
"M_057","Trpocylon sp1 M PL 057",4,37,0.108108108108108,0.534917726508394
"M_057","Unidentified sp1 M PL 057",11,37,0.297297297297297,2.58598873615379
"M_057","Unidentified sp10 M PL 057",3,37,0.0810810810810811,0.241907582273337
"M_057","Unidentified sp100 M PL 057",2,37,0.0540540540540541,-0.0511025619617199
"M_057","Unidentified sp101 M PL 057",2,37,0.0540540540540541,-0.0511025619617199
"M_057","Unidentified sp102 M PL 057",2,37,0.0540540540540541,-0.0511025619617199
"M_057","Unidentified sp103 M PL 057",1,37,0.027027027027027,-0.344112706196777
"M_057","Unidentified sp104 M PL 057",2,37,0.0540540540540541,-0.0511025619617199
"M_057","Unidentified sp105 M PL 057",2,37,0.0540540540540541,-0.0511025619617199
"M_057","Unidentified sp106 M PL 057",2,37,0.0540540540540541,-0.0511025619617199
"M_057","Unidentified sp107 M PL 057",2,37,0.0540540540540541,-0.0511025619617199
"M_057","Unidentified sp108 M PL 057",2,37,0.0540540540540541,-0.0511025619617199
"M_057","Unidentified sp109 M PL 057",1,37,0.027027027027027,-0.344112706196777
"M_057","Unidentified sp11 M PL 057",7,37,0.189189189189189,1.41394815921356
"M_057","Unidentified sp110 M PL 057",2,37,0.0540540540540541,-0.0511025619617199
"M_057","Unidentified sp111 M PL 057",2,37,0.0540540540540541,-0.0511025619617199
"M_057","Unidentified sp112 M PL 057",2,37,0.0540540540540541,-0.0511025619617199
"M_057","Unidentified sp113 M PL 057",2,37,0.0540540540540541,-0.0511025619617199
"M_057","Unidentified sp114 M PL 057",2,37,0.0540540540540541,-0.0511025619617199
"M_057","Unidentified sp115 M PL 057",2,37,0.0540540540540541,-0.0511025619617199
"M_057","Unidentified sp116 M PL 057",1,37,0.027027027027027,-0.344112706196777
"M_057","Unidentified sp117 M PL 057",1,37,0.027027027027027,-0.344112706196777
"M_057","Unidentified sp118 M PL 057",1,37,0.027027027027027,-0.344112706196777
"M_057","Unidentified sp119 M PL 057",2,37,0.0540540540540541,-0.0511025619617199
"M_057","Unidentified sp12 M PL 057",5,37,0.135135135135135,0.82792787074345
"M_057","Unidentified sp120 M PL 057",1,37,0.027027027027027,-0.344112706196777
"M_057","Unidentified sp121 M PL 057",1,37,0.027027027027027,-0.344112706196777
"M_057","Unidentified sp122 M PL 057",1,37,0.027027027027027,-0.344112706196777
"M_057","Unidentified sp123 M PL 057",2,37,0.0540540540540541,-0.0511025619617199
"M_057","Unidentified sp124 M PL 057",2,37,0.0540540540540541,-0.0511025619617199
"M_057","Unidentified sp125 M PL 057",2,37,0.0540540540540541,-0.0511025619617199
"M_057","Unidentified sp13 M PL 057",4,37,0.108108108108108,0.534917726508394
"M_057","Unidentified sp14 M PL 057",1,37,0.027027027027027,-0.344112706196777
"M_057","Unidentified sp145 M PL 057",1,37,0.027027027027027,-0.344112706196777
"M_057","Unidentified sp146 M PL 057",1,37,0.027027027027027,-0.344112706196777
"M_057","Unidentified sp147 M PL 057",1,37,0.027027027027027,-0.344112706196777
"M_057","Unidentified sp148 M PL 057",1,37,0.027027027027027,-0.344112706196777
"M_057","Unidentified sp149 M PL 057",1,37,0.027027027027027,-0.344112706196777
"M_057","Unidentified sp15 M PL 057",6,37,0.162162162162162,1.12093801497851
"M_057","Unidentified sp150 M PL 057",1,37,0.027027027027027,-0.344112706196777
"M_057","Unidentified sp151 M PL 057",1,37,0.027027027027027,-0.344112706196777
"M_057","Unidentified sp152 M PL 057",1,37,0.027027027027027,-0.344112706196777
"M_057","Unidentified sp153 M PL 057",1,37,0.027027027027027,-0.344112706196777
"M_057","Unidentified sp154 M PL 057",1,37,0.027027027027027,-0.344112706196777
"M_057","Unidentified sp155 M PL 057",1,37,0.027027027027027,-0.344112706196777
"M_057","Unidentified sp156 M PL 057",1,37,0.027027027027027,-0.344112706196777
"M_057","Unidentified sp157 M PL 057",1,37,0.027027027027027,-0.344112706196777
"M_057","Unidentified sp158 M PL 057",1,37,0.027027027027027,-0.344112706196777
"M_057","Unidentified sp159 M PL 057",1,37,0.027027027027027,-0.344112706196777
"M_057","Unidentified sp16 M PL 057",3,37,0.0810810810810811,0.241907582273337
"M_057","Unidentified sp160 M PL 057",1,37,0.027027027027027,-0.344112706196777
"M_057","Unidentified sp161 M PL 057",1,37,0.027027027027027,-0.344112706196777
"M_057","Unidentified sp162 M PL 057",1,37,0.027027027027027,-0.344112706196777
"M_057","Unidentified sp163 M PL 057",1,37,0.027027027027027,-0.344112706196777
"M_057","Unidentified sp164 M PL 057",1,37,0.027027027027027,-0.344112706196777
"M_057","Unidentified sp165 M PL 057",1,37,0.027027027027027,-0.344112706196777
"M_057","Unidentified sp166 M PL 057",1,37,0.027027027027027,-0.344112706196777
"M_057","Unidentified sp167 M PL 057",1,37,0.027027027027027,-0.344112706196777
"M_057","Unidentified sp168 M PL 057",1,37,0.027027027027027,-0.344112706196777
"M_057","Unidentified sp169 M PL 057",1,37,0.027027027027027,-0.344112706196777
"M_057","Unidentified sp17 M PL 057",3,37,0.0810810810810811,0.241907582273337
"M_057","Unidentified sp170 M PL 057",1,37,0.027027027027027,-0.344112706196777
"M_057","Unidentified sp171 M PL 057",1,37,0.027027027027027,-0.344112706196777
"M_057","Unidentified sp172 M PL 057",1,37,0.027027027027027,-0.344112706196777
"M_057","Unidentified sp173 M PL 057",1,37,0.027027027027027,-0.344112706196777
"M_057","Unidentified sp174 M PL 057",1,37,0.027027027027027,-0.344112706196777
"M_057","Unidentified sp175 M PL 057",1,37,0.027027027027027,-0.344112706196777
"M_057","Unidentified sp176 M PL 057",1,37,0.027027027027027,-0.344112706196777
"M_057","Unidentified sp177 M PL 057",1,37,0.027027027027027,-0.344112706196777
"M_057","Unidentified sp178 M PL 057",1,37,0.027027027027027,-0.344112706196777
"M_057","Unidentified sp179 M PL 057",1,37,0.027027027027027,-0.344112706196777
"M_057","Unidentified sp18 M PL 057",3,37,0.0810810810810811,0.241907582273337
"M_057","Unidentified sp180 M PL 057",1,37,0.027027027027027,-0.344112706196777
"M_057","Unidentified sp181 M PL 057",1,37,0.027027027027027,-0.344112706196777
"M_057","Unidentified sp182 M PL 057",1,37,0.027027027027027,-0.344112706196777
"M_057","Unidentified sp183 M PL 057",1,37,0.027027027027027,-0.344112706196777
"M_057","Unidentified sp184 M PL 057",1,37,0.027027027027027,-0.344112706196777
"M_057","Unidentified sp185 M PL 057",1,37,0.027027027027027,-0.344112706196777
"M_057","Unidentified sp186 M PL 057",1,37,0.027027027027027,-0.344112706196777
"M_057","Unidentified sp187 M PL 057",1,37,0.027027027027027,-0.344112706196777
"M_057","Unidentified sp188 M PL 057",1,37,0.027027027027027,-0.344112706196777
"M_057","Unidentified sp189 M PL 057",1,37,0.027027027027027,-0.344112706196777
"M_057","Unidentified sp19 M PL 057",3,37,0.0810810810810811,0.241907582273337
"M_057","Unidentified sp190 M PL 057",1,37,0.027027027027027,-0.344112706196777
"M_057","Unidentified sp191 M PL 057",1,37,0.027027027027027,-0.344112706196777
"M_057","Unidentified sp192 M PL 057",1,37,0.027027027027027,-0.344112706196777
"M_057","Unidentified sp193 M PL 057",1,37,0.027027027027027,-0.344112706196777
"M_057","Unidentified sp194 M PL 057",1,37,0.027027027027027,-0.344112706196777
"M_057","Unidentified sp195 M PL 057",1,37,0.027027027027027,-0.344112706196777
"M_057","Unidentified sp196 M PL 057",1,37,0.027027027027027,-0.344112706196777
"M_057","Unidentified sp197 M PL 057",1,37,0.027027027027027,-0.344112706196777
"M_057","Unidentified sp198 M PL 057",1,37,0.027027027027027,-0.344112706196777
"M_057","Unidentified sp199 M PL 057",1,37,0.027027027027027,-0.344112706196777
"M_057","Unidentified sp2 M PL 057",10,37,0.27027027027027,2.29297859191873
"M_057","Unidentified sp20 M PL 057",3,37,0.0810810810810811,0.241907582273337
"M_057","Unidentified sp200 M PL 057",1,37,0.027027027027027,-0.344112706196777
"M_057","Unidentified sp201 M PL 057",1,37,0.027027027027027,-0.344112706196777
"M_057","Unidentified sp202 M PL 057",1,37,0.027027027027027,-0.344112706196777
"M_057","Unidentified sp203 M PL 057",1,37,0.027027027027027,-0.344112706196777
"M_057","Unidentified sp204 M PL 057",1,37,0.027027027027027,-0.344112706196777
"M_057","Unidentified sp205 M PL 057",1,37,0.027027027027027,-0.344112706196777
"M_057","Unidentified sp206 M PL 057",1,37,0.027027027027027,-0.344112706196777
"M_057","Unidentified sp207 M PL 057",1,37,0.027027027027027,-0.344112706196777
"M_057","Unidentified sp208 M PL 057",1,37,0.027027027027027,-0.344112706196777
"M_057","Unidentified sp209 M PL 057",1,37,0.027027027027027,-0.344112706196777
"M_057","Unidentified sp21 M PL 057",4,37,0.108108108108108,0.534917726508394
"M_057","Unidentified sp210 M PL 057",1,37,0.027027027027027,-0.344112706196777
"M_057","Unidentified sp211 M PL 057",1,37,0.027027027027027,-0.344112706196777
"M_057","Unidentified sp212 M PL 057",1,37,0.027027027027027,-0.344112706196777
"M_057","Unidentified sp213 M PL 057",1,37,0.027027027027027,-0.344112706196777
"M_057","Unidentified sp214 M PL 057",1,37,0.027027027027027,-0.344112706196777
"M_057","Unidentified sp215 M PL 057",1,37,0.027027027027027,-0.344112706196777
"M_057","Unidentified sp216 M PL 057",1,37,0.027027027027027,-0.344112706196777
"M_057","Unidentified sp217 M PL 057",1,37,0.027027027027027,-0.344112706196777
"M_057","Unidentified sp218 M PL 057",1,37,0.027027027027027,-0.344112706196777
"M_057","Unidentified sp219 M PL 057",1,37,0.027027027027027,-0.344112706196777
"M_057","Unidentified sp22 M PL 057",4,37,0.108108108108108,0.534917726508394
"M_057","Unidentified sp220 M PL 057",1,37,0.027027027027027,-0.344112706196777
"M_057","Unidentified sp221 M PL 057",1,37,0.027027027027027,-0.344112706196777
"M_057","Unidentified sp222 M PL 057",1,37,0.027027027027027,-0.344112706196777
"M_057","Unidentified sp223 M PL 057",1,37,0.027027027027027,-0.344112706196777
"M_057","Unidentified sp224 M PL 057",1,37,0.027027027027027,-0.344112706196777
"M_057","Unidentified sp225 M PL 057",1,37,0.027027027027027,-0.344112706196777
"M_057","Unidentified sp226 M PL 057",1,37,0.027027027027027,-0.344112706196777
"M_057","Unidentified sp227 M PL 057",1,37,0.027027027027027,-0.344112706196777
"M_057","Unidentified sp228 M PL 057",1,37,0.027027027027027,-0.344112706196777
"M_057","Unidentified sp229 M PL 057",1,37,0.027027027027027,-0.344112706196777
"M_057","Unidentified sp23 M PL 057",5,37,0.135135135135135,0.82792787074345
"M_057","Unidentified sp230 M PL 057",1,37,0.027027027027027,-0.344112706196777
"M_057","Unidentified sp231 M PL 057",1,37,0.027027027027027,-0.344112706196777
"M_057","Unidentified sp232 M PL 057",1,37,0.027027027027027,-0.344112706196777
"M_057","Unidentified sp233 M PL 057",1,37,0.027027027027027,-0.344112706196777
"M_057","Unidentified sp234 M PL 057",1,37,0.027027027027027,-0.344112706196777
"M_057","Unidentified sp235 M PL 057",1,37,0.027027027027027,-0.344112706196777
"M_057","Unidentified sp236 M PL 057",1,37,0.027027027027027,-0.344112706196777
"M_057","Unidentified sp237 M PL 057",1,37,0.027027027027027,-0.344112706196777
"M_057","Unidentified sp238 M PL 057",1,37,0.027027027027027,-0.344112706196777
"M_057","Unidentified sp239 M PL 057",1,37,0.027027027027027,-0.344112706196777
"M_057","Unidentified sp24 M PL 057",1,37,0.027027027027027,-0.344112706196777
"M_057","Unidentified sp240 M PL 057",1,37,0.027027027027027,-0.344112706196777
"M_057","Unidentified sp241 M PL 057",1,37,0.027027027027027,-0.344112706196777
"M_057","Unidentified sp242 M PL 057",1,37,0.027027027027027,-0.344112706196777
"M_057","Unidentified sp243 M PL 057",1,37,0.027027027027027,-0.344112706196777
"M_057","Unidentified sp244 M PL 057",1,37,0.027027027027027,-0.344112706196777
"M_057","Unidentified sp245 M PL 057",1,37,0.027027027027027,-0.344112706196777
"M_057","Unidentified sp246 M PL 057",1,37,0.027027027027027,-0.344112706196777
"M_057","Unidentified sp247 M PL 057",1,37,0.027027027027027,-0.344112706196777
"M_057","Unidentified sp248 M PL 057",1,37,0.027027027027027,-0.344112706196777
"M_057","Unidentified sp249 M PL 057",1,37,0.027027027027027,-0.344112706196777
"M_057","Unidentified sp25 M PL 057",3,37,0.0810810810810811,0.241907582273337
"M_057","Unidentified sp250 M PL 057",1,37,0.027027027027027,-0.344112706196777
"M_057","Unidentified sp251 M PL 057",1,37,0.027027027027027,-0.344112706196777
"M_057","Unidentified sp252 M PL 057",1,37,0.027027027027027,-0.344112706196777
"M_057","Unidentified sp253 M PL 057",1,37,0.027027027027027,-0.344112706196777
"M_057","Unidentified sp254 M PL 057",1,37,0.027027027027027,-0.344112706196777
"M_057","Unidentified sp255 M PL 057",1,37,0.027027027027027,-0.344112706196777
"M_057","Unidentified sp256 M PL 057",1,37,0.027027027027027,-0.344112706196777
"M_057","Unidentified sp257 M PL 057",1,37,0.027027027027027,-0.344112706196777
"M_057","Unidentified sp258 M PL 057",1,37,0.027027027027027,-0.344112706196777
"M_057","Unidentified sp259 M PL 057",1,37,0.027027027027027,-0.344112706196777
"M_057","Unidentified sp26 M PL 057",3,37,0.0810810810810811,0.241907582273337
"M_057","Unidentified sp260 M PL 057",1,37,0.027027027027027,-0.344112706196777
"M_057","Unidentified sp261 M PL 057",1,37,0.027027027027027,-0.344112706196777
"M_057","Unidentified sp262 M PL 057",1,37,0.027027027027027,-0.344112706196777
"M_057","Unidentified sp263 M PL 057",1,37,0.027027027027027,-0.344112706196777
"M_057","Unidentified sp264 M PL 057",1,37,0.027027027027027,-0.344112706196777
"M_057","Unidentified sp265 M PL 057",1,37,0.027027027027027,-0.344112706196777
"M_057","Unidentified sp266 M PL 057",1,37,0.027027027027027,-0.344112706196777
"M_057","Unidentified sp267 M PL 057",1,37,0.027027027027027,-0.344112706196777
"M_057","Unidentified sp268 M PL 057",1,37,0.027027027027027,-0.344112706196777
"M_057","Unidentified sp269 M PL 057",1,37,0.027027027027027,-0.344112706196777
"M_057","Unidentified sp27 M PL 057",2,37,0.0540540540540541,-0.0511025619617199
"M_057","Unidentified sp270 M PL 057",1,37,0.027027027027027,-0.344112706196777
"M_057","Unidentified sp271 M PL 057",1,37,0.027027027027027,-0.344112706196777
"M_057","Unidentified sp272 M PL 057",1,37,0.027027027027027,-0.344112706196777
"M_057","Unidentified sp273 M PL 057",1,37,0.027027027027027,-0.344112706196777
"M_057","Unidentified sp274 M PL 057",1,37,0.027027027027027,-0.344112706196777
"M_057","Unidentified sp275 M PL 057",1,37,0.027027027027027,-0.344112706196777
"M_057","Unidentified sp276 M PL 057",1,37,0.027027027027027,-0.344112706196777
"M_057","Unidentified sp277 M PL 057",1,37,0.027027027027027,-0.344112706196777
"M_057","Unidentified sp278 M PL 057",1,37,0.027027027027027,-0.344112706196777
"M_057","Unidentified sp279 M PL 057",1,37,0.027027027027027,-0.344112706196777
"M_057","Unidentified sp28 M PL 057",3,37,0.0810810810810811,0.241907582273337
"M_057","Unidentified sp280 M PL 057",1,37,0.027027027027027,-0.344112706196777
"M_057","Unidentified sp281 M PL 057",1,37,0.027027027027027,-0.344112706196777
"M_057","Unidentified sp282 M PL 057",1,37,0.027027027027027,-0.344112706196777
"M_057","Unidentified sp283 M PL 057",1,37,0.027027027027027,-0.344112706196777
"M_057","Unidentified sp284 M PL 057",1,37,0.027027027027027,-0.344112706196777
"M_057","Unidentified sp285 M PL 057",1,37,0.027027027027027,-0.344112706196777
"M_057","Unidentified sp286 M PL 057",1,37,0.027027027027027,-0.344112706196777
"M_057","Unidentified sp287 M PL 057",1,37,0.027027027027027,-0.344112706196777
"M_057","Unidentified sp288 M PL 057",1,37,0.027027027027027,-0.344112706196777
"M_057","Unidentified sp289 M PL 057",1,37,0.027027027027027,-0.344112706196777
"M_057","Unidentified sp29 M PL 057",3,37,0.0810810810810811,0.241907582273337
"M_057","Unidentified sp290 M PL 057",1,37,0.027027027027027,-0.344112706196777
"M_057","Unidentified sp291 M PL 057",1,37,0.027027027027027,-0.344112706196777
"M_057","Unidentified sp292 M PL 057",1,37,0.027027027027027,-0.344112706196777
"M_057","Unidentified sp293 M PL 057",1,37,0.027027027027027,-0.344112706196777
"M_057","Unidentified sp294 M PL 057",1,37,0.027027027027027,-0.344112706196777
"M_057","Unidentified sp295 M PL 057",1,37,0.027027027027027,-0.344112706196777
"M_057","Unidentified sp296 M PL 057",1,37,0.027027027027027,-0.344112706196777
"M_057","Unidentified sp297 M PL 057",1,37,0.027027027027027,-0.344112706196777
"M_057","Unidentified sp298 M PL 057",1,37,0.027027027027027,-0.344112706196777
"M_057","Unidentified sp299 M PL 057",1,37,0.027027027027027,-0.344112706196777
"M_057","Unidentified sp3 M PL 057",8,37,0.216216216216216,1.70695830344862
"M_057","Unidentified sp30 M PL 057",4,37,0.108108108108108,0.534917726508394
"M_057","Unidentified sp300 M PL 057",1,37,0.027027027027027,-0.344112706196777
"M_057","Unidentified sp301 M PL 057",1,37,0.027027027027027,-0.344112706196777
"M_057","Unidentified sp302 M PL 057",1,37,0.027027027027027,-0.344112706196777
"M_057","Unidentified sp303 M PL 057",1,37,0.027027027027027,-0.344112706196777
"M_057","Unidentified sp304 M PL 057",1,37,0.027027027027027,-0.344112706196777
"M_057","Unidentified sp305 M PL 057",1,37,0.027027027027027,-0.344112706196777
"M_057","Unidentified sp306 M PL 057",1,37,0.027027027027027,-0.344112706196777
"M_057","Unidentified sp307 M PL 057",1,37,0.027027027027027,-0.344112706196777
"M_057","Unidentified sp308 M PL 057",1,37,0.027027027027027,-0.344112706196777
"M_057","Unidentified sp309 M PL 057",1,37,0.027027027027027,-0.344112706196777
"M_057","Unidentified sp31 M PL 057",4,37,0.108108108108108,0.534917726508394
"M_057","Unidentified sp310 M PL 057",1,37,0.027027027027027,-0.344112706196777
"M_057","Unidentified sp311 M PL 057",1,37,0.027027027027027,-0.344112706196777
"M_057","Unidentified sp312 M PL 057",1,37,0.027027027027027,-0.344112706196777
"M_057","Unidentified sp313 M PL 057",1,37,0.027027027027027,-0.344112706196777
"M_057","Unidentified sp314 M PL 057",1,37,0.027027027027027,-0.344112706196777
"M_057","Unidentified sp315 M PL 057",1,37,0.027027027027027,-0.344112706196777
"M_057","Unidentified sp316 M PL 057",1,37,0.027027027027027,-0.344112706196777
"M_057","Unidentified sp317 M PL 057",1,37,0.027027027027027,-0.344112706196777
"M_057","Unidentified sp318 M PL 057",1,37,0.027027027027027,-0.344112706196777
"M_057","Unidentified sp319 M PL 057",1,37,0.027027027027027,-0.344112706196777
"M_057","Unidentified sp32 M PL 057",1,37,0.027027027027027,-0.344112706196777
"M_057","Unidentified sp320 M PL 057",1,37,0.027027027027027,-0.344112706196777
"M_057","Unidentified sp321 M PL 057",1,37,0.027027027027027,-0.344112706196777
"M_057","Unidentified sp322 M PL 057",1,37,0.027027027027027,-0.344112706196777
"M_057","Unidentified sp323 M PL 057",1,37,0.027027027027027,-0.344112706196777
"M_057","Unidentified sp324 M PL 057",1,37,0.027027027027027,-0.344112706196777
"M_057","Unidentified sp325 M PL 057",1,37,0.027027027027027,-0.344112706196777
"M_057","Unidentified sp326 M PL 057",1,37,0.027027027027027,-0.344112706196777
"M_057","Unidentified sp327 M PL 057",1,37,0.027027027027027,-0.344112706196777
"M_057","Unidentified sp328 M PL 057",1,37,0.027027027027027,-0.344112706196777
"M_057","Unidentified sp329 M PL 057",1,37,0.027027027027027,-0.344112706196777
"M_057","Unidentified sp33 M PL 057",2,37,0.0540540540540541,-0.0511025619617199
"M_057","Unidentified sp330 M PL 057",1,37,0.027027027027027,-0.344112706196777
"M_057","Unidentified sp331 M PL 057",1,37,0.027027027027027,-0.344112706196777
"M_057","Unidentified sp332 M PL 057",1,37,0.027027027027027,-0.344112706196777
"M_057","Unidentified sp333 M PL 057",1,37,0.027027027027027,-0.344112706196777
"M_057","Unidentified sp334 M PL 057",1,37,0.027027027027027,-0.344112706196777
"M_057","Unidentified sp335 M PL 057",1,37,0.027027027027027,-0.344112706196777
"M_057","Unidentified sp336 M PL 057",1,37,0.027027027027027,-0.344112706196777
"M_057","Unidentified sp337 M PL 057",1,37,0.027027027027027,-0.344112706196777
"M_057","Unidentified sp338 M PL 057",1,37,0.027027027027027,-0.344112706196777
"M_057","Unidentified sp339 M PL 057",1,37,0.027027027027027,-0.344112706196777
"M_057","Unidentified sp34 M PL 057",3,37,0.0810810810810811,0.241907582273337
"M_057","Unidentified sp340 M PL 057",1,37,0.027027027027027,-0.344112706196777
"M_057","Unidentified sp341 M PL 057",1,37,0.027027027027027,-0.344112706196777
"M_057","Unidentified sp342 M PL 057",1,37,0.027027027027027,-0.344112706196777
"M_057","Unidentified sp343 M PL 057",1,37,0.027027027027027,-0.344112706196777
"M_057","Unidentified sp345 M PL 057",1,37,0.027027027027027,-0.344112706196777
"M_057","Unidentified sp346 M PL 057",1,37,0.027027027027027,-0.344112706196777
"M_057","Unidentified sp347 M PL 057",1,37,0.027027027027027,-0.344112706196777
"M_057","Unidentified sp348 M PL 057",1,37,0.027027027027027,-0.344112706196777
"M_057","Unidentified sp349 M PL 057",1,37,0.027027027027027,-0.344112706196777
"M_057","Unidentified sp35 M PL 057",1,37,0.027027027027027,-0.344112706196777
"M_057","Unidentified sp350 M PL 057",1,37,0.027027027027027,-0.344112706196777
"M_057","Unidentified sp351 M PL 057",1,37,0.027027027027027,-0.344112706196777
"M_057","Unidentified sp352 M PL 057",1,37,0.027027027027027,-0.344112706196777
"M_057","Unidentified sp353 M PL 057",1,37,0.027027027027027,-0.344112706196777
"M_057","Unidentified sp354 M PL 057",1,37,0.027027027027027,-0.344112706196777
"M_057","Unidentified sp355 M PL 057",1,37,0.027027027027027,-0.344112706196777
"M_057","Unidentified sp356 M PL 057",1,37,0.027027027027027,-0.344112706196777
"M_057","Unidentified sp357 M PL 057",1,37,0.027027027027027,-0.344112706196777
"M_057","Unidentified sp358 M PL 057",1,37,0.027027027027027,-0.344112706196777
"M_057","Unidentified sp359 M PL 057",1,37,0.027027027027027,-0.344112706196777
"M_057","Unidentified sp36 M PL 057",2,37,0.0540540540540541,-0.0511025619617199
"M_057","Unidentified sp360 M PL 057",1,37,0.027027027027027,-0.344112706196777
"M_057","Unidentified sp361 M PL 057",1,37,0.027027027027027,-0.344112706196777
"M_057","Unidentified sp362 M PL 057",1,37,0.027027027027027,-0.344112706196777
"M_057","Unidentified sp363 M PL 057",1,37,0.027027027027027,-0.344112706196777
"M_057","Unidentified sp364 M PL 057",1,37,0.027027027027027,-0.344112706196777
"M_057","Unidentified sp365 M PL 057",1,37,0.027027027027027,-0.344112706196777
"M_057","Unidentified sp366 M PL 057",1,37,0.027027027027027,-0.344112706196777
"M_057","Unidentified sp367 M PL 057",1,37,0.027027027027027,-0.344112706196777
"M_057","Unidentified sp368 M PL 057",1,37,0.027027027027027,-0.344112706196777
"M_057","Unidentified sp369 M PL 057",1,37,0.027027027027027,-0.344112706196777
"M_057","Unidentified sp37 M PL 057",2,37,0.0540540540540541,-0.0511025619617199
"M_057","Unidentified sp370 M PL 057",1,37,0.027027027027027,-0.344112706196777
"M_057","Unidentified sp371 M PL 057",1,37,0.027027027027027,-0.344112706196777
"M_057","Unidentified sp372 M PL 057",1,37,0.027027027027027,-0.344112706196777
"M_057","Unidentified sp373 M PL 057",1,37,0.027027027027027,-0.344112706196777
"M_057","Unidentified sp374 M PL 057",1,37,0.027027027027027,-0.344112706196777
"M_057","Unidentified sp375 M PL 057",1,37,0.027027027027027,-0.344112706196777
"M_057","Unidentified sp376 M PL 057",1,37,0.027027027027027,-0.344112706196777
"M_057","Unidentified sp377 M PL 057",1,37,0.027027027027027,-0.344112706196777
"M_057","Unidentified sp378 M PL 057",1,37,0.027027027027027,-0.344112706196777
"M_057","Unidentified sp379 M PL 057",1,37,0.027027027027027,-0.344112706196777
"M_057","Unidentified sp38 M PL 057",2,37,0.0540540540540541,-0.0511025619617199
"M_057","Unidentified sp380 M PL 057",1,37,0.027027027027027,-0.344112706196777
"M_057","Unidentified sp381 M PL 057",1,37,0.027027027027027,-0.344112706196777
"M_057","Unidentified sp382 M PL 057",1,37,0.027027027027027,-0.344112706196777
"M_057","Unidentified sp385 M PL 057",1,37,0.027027027027027,-0.344112706196777
"M_057","Unidentified sp386 M PL 057",1,37,0.027027027027027,-0.344112706196777
"M_057","Unidentified sp387 M PL 057",1,37,0.027027027027027,-0.344112706196777
"M_057","Unidentified sp388 M PL 057",1,37,0.027027027027027,-0.344112706196777
"M_057","Unidentified sp389 M PL 057",1,37,0.027027027027027,-0.344112706196777
"M_057","Unidentified sp39 M PL 057",1,37,0.027027027027027,-0.344112706196777
"M_057","Unidentified sp390 M PL 057",1,37,0.027027027027027,-0.344112706196777
"M_057","Unidentified sp391 M PL 057",1,37,0.027027027027027,-0.344112706196777
"M_057","Unidentified sp392 M PL 057",1,37,0.027027027027027,-0.344112706196777
"M_057","Unidentified sp393 M PL 057",1,37,0.027027027027027,-0.344112706196777
"M_057","Unidentified sp394 M PL 057",1,37,0.027027027027027,-0.344112706196777
"M_057","Unidentified sp395 M PL 057",1,37,0.027027027027027,-0.344112706196777
"M_057","Unidentified sp396 M PL 057",1,37,0.027027027027027,-0.344112706196777
"M_057","Unidentified sp397 M PL 057",1,37,0.027027027027027,-0.344112706196777
"M_057","Unidentified sp398 M PL 057",1,37,0.027027027027027,-0.344112706196777
"M_057","Unidentified sp399 M PL 057",1,37,0.027027027027027,-0.344112706196777
"M_057","Unidentified sp4 M PL 057",4,37,0.108108108108108,0.534917726508394
"M_057","Unidentified sp40 M PL 057",3,37,0.0810810810810811,0.241907582273337
"M_057","Unidentified sp400 M PL 057",1,37,0.027027027027027,-0.344112706196777
"M_057","Unidentified sp401 M PL 057",1,37,0.027027027027027,-0.344112706196777
"M_057","Unidentified sp402 M PL 057",1,37,0.027027027027027,-0.344112706196777
"M_057","Unidentified sp403 M PL 057",1,37,0.027027027027027,-0.344112706196777
"M_057","Unidentified sp404 M PL 057",1,37,0.027027027027027,-0.344112706196777
"M_057","Unidentified sp405 M PL 057",1,37,0.027027027027027,-0.344112706196777
"M_057","Unidentified sp406 M PL 057",1,37,0.027027027027027,-0.344112706196777
"M_057","Unidentified sp407 M PL 057",1,37,0.027027027027027,-0.344112706196777
"M_057","Unidentified sp408 M PL 057",1,37,0.027027027027027,-0.344112706196777
"M_057","Unidentified sp409 M PL 057",1,37,0.027027027027027,-0.344112706196777
"M_057","Unidentified sp41 M PL 057",2,37,0.0540540540540541,-0.0511025619617199
"M_057","Unidentified sp410 M PL 057",1,37,0.027027027027027,-0.344112706196777
"M_057","Unidentified sp411 M PL 057",1,37,0.027027027027027,-0.344112706196777
"M_057","Unidentified sp412 M PL 057",1,37,0.027027027027027,-0.344112706196777
"M_057","Unidentified sp413 M PL 057",1,37,0.027027027027027,-0.344112706196777
"M_057","Unidentified sp414 M PL 057",1,37,0.027027027027027,-0.344112706196777
"M_057","Unidentified sp415 M PL 057",1,37,0.027027027027027,-0.344112706196777
"M_057","Unidentified sp416 M PL 057",1,37,0.027027027027027,-0.344112706196777
"M_057","Unidentified sp417 M PL 057",1,37,0.027027027027027,-0.344112706196777
"M_057","Unidentified sp418 M PL 057",1,37,0.027027027027027,-0.344112706196777
"M_057","Unidentified sp419 M PL 057",1,37,0.027027027027027,-0.344112706196777
"M_057","Unidentified sp42 M PL 057",3,37,0.0810810810810811,0.241907582273337
"M_057","Unidentified sp420 M PL 057",1,37,0.027027027027027,-0.344112706196777
"M_057","Unidentified sp421 M PL 057",1,37,0.027027027027027,-0.344112706196777
"M_057","Unidentified sp422 M PL 057",1,37,0.027027027027027,-0.344112706196777
"M_057","Unidentified sp423 M PL 057",1,37,0.027027027027027,-0.344112706196777
"M_057","Unidentified sp424 M PL 057",1,37,0.027027027027027,-0.344112706196777
"M_057","Unidentified sp425 M PL 057",1,37,0.027027027027027,-0.344112706196777
"M_057","Unidentified sp426 M PL 057",1,37,0.027027027027027,-0.344112706196777
"M_057","Unidentified sp427 M PL 057",1,37,0.027027027027027,-0.344112706196777
"M_057","Unidentified sp428 M PL 057",1,37,0.027027027027027,-0.344112706196777
"M_057","Unidentified sp429 M PL 057",1,37,0.027027027027027,-0.344112706196777
"M_057","Unidentified sp43 M PL 057",1,37,0.027027027027027,-0.344112706196777
"M_057","Unidentified sp430 M PL 057",1,37,0.027027027027027,-0.344112706196777
"M_057","Unidentified sp431 M PL 057",1,37,0.027027027027027,-0.344112706196777
"M_057","Unidentified sp432 M PL 057",1,37,0.027027027027027,-0.344112706196777
"M_057","Unidentified sp433 M PL 057",1,37,0.027027027027027,-0.344112706196777
"M_057","Unidentified sp434 M PL 057",1,37,0.027027027027027,-0.344112706196777
"M_057","Unidentified sp435 M PL 057",1,37,0.027027027027027,-0.344112706196777
"M_057","Unidentified sp436 M PL 057",1,37,0.027027027027027,-0.344112706196777
"M_057","Unidentified sp437 M PL 057",1,37,0.027027027027027,-0.344112706196777
"M_057","Unidentified sp438 M PL 057",1,37,0.027027027027027,-0.344112706196777
"M_057","Unidentified sp439 M PL 057",1,37,0.027027027027027,-0.344112706196777
"M_057","Unidentified sp44 M PL 057",3,37,0.0810810810810811,0.241907582273337
"M_057","Unidentified sp440 M PL 057",1,37,0.027027027027027,-0.344112706196777
"M_057","Unidentified sp441 M PL 057",1,37,0.027027027027027,-0.344112706196777
"M_057","Unidentified sp442 M PL 057",1,37,0.027027027027027,-0.344112706196777
"M_057","Unidentified sp443 M PL 057",1,37,0.027027027027027,-0.344112706196777
"M_057","Unidentified sp444 M PL 057",1,37,0.027027027027027,-0.344112706196777
"M_057","Unidentified sp445 M PL 057",1,37,0.027027027027027,-0.344112706196777
"M_057","Unidentified sp446 M PL 057",1,37,0.027027027027027,-0.344112706196777
"M_057","Unidentified sp447 M PL 057",1,37,0.027027027027027,-0.344112706196777
"M_057","Unidentified sp448 M PL 057",1,37,0.027027027027027,-0.344112706196777
"M_057","Unidentified sp449 M PL 057",1,37,0.027027027027027,-0.344112706196777
"M_057","Unidentified sp45 M PL 057",2,37,0.0540540540540541,-0.0511025619617199
"M_057","Unidentified sp450 M PL 057",1,37,0.027027027027027,-0.344112706196777
"M_057","Unidentified sp451 M PL 057",1,37,0.027027027027027,-0.344112706196777
"M_057","Unidentified sp452 M PL 057",1,37,0.027027027027027,-0.344112706196777
"M_057","Unidentified sp453 M PL 057",1,37,0.027027027027027,-0.344112706196777
"M_057","Unidentified sp454 M PL 057",1,37,0.027027027027027,-0.344112706196777
"M_057","Unidentified sp455 M PL 057",1,37,0.027027027027027,-0.344112706196777
"M_057","Unidentified sp456 M PL 057",1,37,0.027027027027027,-0.344112706196777
"M_057","Unidentified sp457 M PL 057",1,37,0.027027027027027,-0.344112706196777
"M_057","Unidentified sp458 M PL 057",1,37,0.027027027027027,-0.344112706196777
"M_057","Unidentified sp459 M PL 057",1,37,0.027027027027027,-0.344112706196777
"M_057","Unidentified sp46 M PL 057",3,37,0.0810810810810811,0.241907582273337
"M_057","Unidentified sp460 M PL 057",1,37,0.027027027027027,-0.344112706196777
"M_057","Unidentified sp461 M PL 057",1,37,0.027027027027027,-0.344112706196777
"M_057","Unidentified sp462 M PL 057",1,37,0.027027027027027,-0.344112706196777
"M_057","Unidentified sp463 M PL 057",1,37,0.027027027027027,-0.344112706196777
"M_057","Unidentified sp464 M PL 057",1,37,0.027027027027027,-0.344112706196777
"M_057","Unidentified sp465 M PL 057",1,37,0.027027027027027,-0.344112706196777
"M_057","Unidentified sp466 M PL 057",1,37,0.027027027027027,-0.344112706196777
"M_057","Unidentified sp467 M PL 057",1,37,0.027027027027027,-0.344112706196777
"M_057","Unidentified sp468 M PL 057",1,37,0.027027027027027,-0.344112706196777
"M_057","Unidentified sp469 M PL 057",1,37,0.027027027027027,-0.344112706196777
"M_057","Unidentified sp47 M PL 057",2,37,0.0540540540540541,-0.0511025619617199
"M_057","Unidentified sp470 M PL 057",1,37,0.027027027027027,-0.344112706196777
"M_057","Unidentified sp471 M PL 057",1,37,0.027027027027027,-0.344112706196777
"M_057","Unidentified sp472 M PL 057",1,37,0.027027027027027,-0.344112706196777
"M_057","Unidentified sp473 M PL 057",1,37,0.027027027027027,-0.344112706196777
"M_057","Unidentified sp474 M PL 057",1,37,0.027027027027027,-0.344112706196777
"M_057","Unidentified sp475 M PL 057",1,37,0.027027027027027,-0.344112706196777
"M_057","Unidentified sp476 M PL 057",1,37,0.027027027027027,-0.344112706196777
"M_057","Unidentified sp477 M PL 057",1,37,0.027027027027027,-0.344112706196777
"M_057","Unidentified sp478 M PL 057",1,37,0.027027027027027,-0.344112706196777
"M_057","Unidentified sp479 M PL 057",1,37,0.027027027027027,-0.344112706196777
"M_057","Unidentified sp48 M PL 057",2,37,0.0540540540540541,-0.0511025619617199
"M_057","Unidentified sp480 M PL 057",1,37,0.027027027027027,-0.344112706196777
"M_057","Unidentified sp481 M PL 057",1,37,0.027027027027027,-0.344112706196777
"M_057","Unidentified sp482 M PL 057",1,37,0.027027027027027,-0.344112706196777
"M_057","Unidentified sp483 M PL 057",1,37,0.027027027027027,-0.344112706196777
"M_057","Unidentified sp484 M PL 057",1,37,0.027027027027027,-0.344112706196777
"M_057","Unidentified sp49 M PL 057",2,37,0.0540540540540541,-0.0511025619617199
"M_057","Unidentified sp5 M PL 057",9,37,0.243243243243243,1.99996844768368
"M_057","Unidentified sp50 M PL 057",2,37,0.0540540540540541,-0.0511025619617199
"M_057","Unidentified sp51 M PL 057",2,37,0.0540540540540541,-0.0511025619617199
"M_057","Unidentified sp52 M PL 057",3,37,0.0810810810810811,0.241907582273337
"M_057","Unidentified sp53 M PL 057",3,37,0.0810810810810811,0.241907582273337
"M_057","Unidentified sp54 M PL 057",2,37,0.0540540540540541,-0.0511025619617199
"M_057","Unidentified sp55 M PL 057",2,37,0.0540540540540541,-0.0511025619617199
"M_057","Unidentified sp56 M PL 057",3,37,0.0810810810810811,0.241907582273337
"M_057","Unidentified sp57 M PL 057",2,37,0.0540540540540541,-0.0511025619617199
"M_057","Unidentified sp58 M PL 057",1,37,0.027027027027027,-0.344112706196777
"M_057","Unidentified sp59 M PL 057",3,37,0.0810810810810811,0.241907582273337
"M_057","Unidentified sp6 M PL 057",7,37,0.189189189189189,1.41394815921356
"M_057","Unidentified sp60 M PL 057",2,37,0.0540540540540541,-0.0511025619617199
"M_057","Unidentified sp61 M PL 057",3,37,0.0810810810810811,0.241907582273337
"M_057","Unidentified sp62 M PL 057",1,37,0.027027027027027,-0.344112706196777
"M_057","Unidentified sp63 M PL 057",3,37,0.0810810810810811,0.241907582273337
"M_057","Unidentified sp64 M PL 057",1,37,0.027027027027027,-0.344112706196777
"M_057","Unidentified sp65 M PL 057",1,37,0.027027027027027,-0.344112706196777
"M_057","Unidentified sp66 M PL 057",2,37,0.0540540540540541,-0.0511025619617199
"M_057","Unidentified sp67 M PL 057",3,37,0.0810810810810811,0.241907582273337
"M_057","Unidentified sp7 M PL 057",5,37,0.135135135135135,0.82792787074345
"M_057","Unidentified sp71 M PL 057",2,37,0.0540540540540541,-0.0511025619617199
"M_057","Unidentified sp72 M PL 057",1,37,0.027027027027027,-0.344112706196777
"M_057","Unidentified sp73 M PL 057",1,37,0.027027027027027,-0.344112706196777
"M_057","Unidentified sp74 M PL 057",1,37,0.027027027027027,-0.344112706196777
"M_057","Unidentified sp75 M PL 057",2,37,0.0540540540540541,-0.0511025619617199
"M_057","Unidentified sp76 M PL 057",2,37,0.0540540540540541,-0.0511025619617199
"M_057","Unidentified sp77 M PL 057",2,37,0.0540540540540541,-0.0511025619617199
"M_057","Unidentified sp78 M PL 057",2,37,0.0540540540540541,-0.0511025619617199
"M_057","Unidentified sp79 M PL 057",1,37,0.027027027027027,-0.344112706196777
"M_057","Unidentified sp80 M PL 057",2,37,0.0540540540540541,-0.0511025619617199
"M_057","Unidentified sp81 M PL 057",2,37,0.0540540540540541,-0.0511025619617199
"M_057","Unidentified sp82 M PL 057",2,37,0.0540540540540541,-0.0511025619617199
"M_057","Unidentified sp83 M PL 057",2,37,0.0540540540540541,-0.0511025619617199
"M_057","Unidentified sp84 M PL 057",2,37,0.0540540540540541,-0.0511025619617199
"M_057","Unidentified sp85 M PL 057",2,37,0.0540540540540541,-0.0511025619617199
"M_057","Unidentified sp86 M PL 057",2,37,0.0540540540540541,-0.0511025619617199
"M_057","Unidentified sp87 M PL 057",2,37,0.0540540540540541,-0.0511025619617199
"M_057","Unidentified sp88 M PL 057",2,37,0.0540540540540541,-0.0511025619617199
"M_057","Unidentified sp89 M PL 057",1,37,0.027027027027027,-0.344112706196777
"M_057","Unidentified sp9 M PL 057",5,37,0.135135135135135,0.82792787074345
"M_057","Unidentified sp92 M PL 057",2,37,0.0540540540540541,-0.0511025619617199
"M_057","Unidentified sp93 M PL 057",2,37,0.0540540540540541,-0.0511025619617199
"M_057","Unidentified sp94 M PL 057",2,37,0.0540540540540541,-0.0511025619617199
"M_057","Unidentified sp95 M PL 057",1,37,0.027027027027027,-0.344112706196777
"M_057","Unidentified sp96 M PL 057",1,37,0.027027027027027,-0.344112706196777
"M_057","Unidentified sp97 M PL 057",1,37,0.027027027027027,-0.344112706196777
"M_057","Unidentified sp98 M PL 057",2,37,0.0540540540540541,-0.0511025619617199
"M_057","Unidentified sp99 M PL 057",2,37,0.0540540540540541,-0.0511025619617199
"M_057","Vespa analis insularis",1,37,0.027027027027027,-0.344112706196777
"M_057","Vespa tropica pulchara",1,37,0.027027027027027,-0.344112706196777
"M_057","Vespa xanthoptera",10,37,0.27027027027027,2.29297859191873
"M_057","Vespula schrenckii",2,37,0.0540540540540541,-0.0511025619617199
"M_057","Vespula shidai",2,37,0.0540540540540541,-0.0511025619617199
"M_057","Vollucella deddona",1,37,0.027027027027027,-0.344112706196777
"M_057","Vollucella jeddona",1,37,0.027027027027027,-0.344112706196777
"M_057","Vollucella nigricans",1,37,0.027027027027027,-0.344112706196777
"M_057","Vollucella tabanoides",2,37,0.0540540540540541,-0.0511025619617199
"M_057","Vuilletus viridis",1,37,0.027027027027027,-0.344112706196777
"M_057","Vuilletus viridissllis",1,37,0.027027027027027,-0.344112706196777
"M_057","Xanthochroa sp1 M PL 057",1,37,0.027027027027027,-0.344112706196777
"M_057","Xylocopa appendiculata circumvolan",1,37,0.027027027027027,-0.344112706196777
"M_057","Zaraea akebii",1,37,0.027027027027027,-0.344112706196777
"M_057","Zaraea fasciata",1,37,0.027027027027027,-0.344112706196777
"M_057","Zeugophora annulata",3,37,0.0810810810810811,0.241907582273337
"M_058","",5,22,0.227272727272727,0.259742403987531
"M_058","Andrena sp1 M PL 058",22,22,1,4.41864112829951
"M_058","Anthidium sp1 M PL 058",6,22,0.272727272727273,0.504383505417647
"M_058","Anthophora femorata",4,22,0.181818181818182,0.0151013025574145
"M_058","Anthophora sp1 M PL 058",2,22,0.0909090909090909,-0.474180900302818
"M_058","Apis mellifera",13,22,0.590909090909091,2.21687121542846
"M_058","Bombus terrestris",8,22,0.363636363636364,0.99366570827788
"M_058","Callophrys rubi",2,22,0.0909090909090909,-0.474180900302818
"M_058","Camponotus aethiops",2,22,0.0909090909090909,-0.474180900302818
"M_058","Ceratina cucurbitina",2,22,0.0909090909090909,-0.474180900302818
"M_058","Cerceris sp1 M PL 058",1,22,0.0454545454545455,-0.718822001732934
"M_058","Colletes sp1 M PL 058",6,22,0.272727272727273,0.504383505417647
"M_058","Conophorus virescens",4,22,0.181818181818182,0.0151013025574145
"M_058","Criptocephalus sp1 M PL 058",4,22,0.181818181818182,0.0151013025574145
"M_058","Eucera sp1 M PL 058",1,22,0.0454545454545455,-0.718822001732934
"M_058","Halictus sp1 M PL 058",7,22,0.318181818181818,0.749024606847764
"M_058","Halyctus sp1 M PL 058",3,22,0.136363636363636,-0.229539798872702
"M_058","Helorus coruscus",1,22,0.0454545454545455,-0.718822001732934
"M_058","Hylaeus nigritus",3,22,0.136363636363636,-0.229539798872702
"M_058","Hylaeus sp2 M PL 058",3,22,0.136363636363636,-0.229539798872702
"M_058","Hylaeus variegatus",1,22,0.0454545454545455,-0.718822001732934
"M_058","Lasioglossum sp1 M PL 058",14,22,0.636363636363636,2.46151231685858
"M_058","Lassiopogon sp1 M PL 058",1,22,0.0454545454545455,-0.718822001732934
"M_058","Megachile sp1 M PL 058",1,22,0.0454545454545455,-0.718822001732934
"M_058","Megachile sp2 M PL 058",5,22,0.227272727272727,0.259742403987531
"M_058","Mordella bipunctata",6,22,0.272727272727273,0.504383505417647
"M_058","Mordellistena pumila",14,22,0.636363636363636,2.46151231685858
"M_058","Myrabilis quadripunctata",7,22,0.318181818181818,0.749024606847764
"M_058","Nomada sp1 M PL 058",5,22,0.227272727272727,0.259742403987531
"M_058","Oedemera barbara",3,22,0.136363636363636,-0.229539798872702
"M_058","Oedemera flavipes",15,22,0.681818181818182,2.70615341828869
"M_058","Oedemera lurida",13,22,0.590909090909091,2.21687121542846
"M_058","Oedemera nobilis",5,22,0.227272727272727,0.259742403987531
"M_058","Osmia sp1 M PL 058",5,22,0.227272727272727,0.259742403987531
"M_058","Oxythyrea funesta",12,22,0.545454545454545,1.97223011399834
"M_058","Papilion machaon",1,22,0.0454545454545455,-0.718822001732934
"M_058","Pieris rapae",1,22,0.0454545454545455,-0.718822001732934
"M_058","Plagiolepsis pigmaea",5,22,0.227272727272727,0.259742403987531
"M_058","Polistes gallicum",3,22,0.136363636363636,-0.229539798872702
"M_058","Psilothrix sp1 M PL 058",8,22,0.363636363636364,0.99366570827788
"M_058","Pyronia tithonus",1,22,0.0454545454545455,-0.718822001732934
"M_058","Rhodanthidium sticticum",10,22,0.454545454545455,1.48294791113811
"M_058","Scolia sp1 M PL 058",4,22,0.181818181818182,0.0151013025574145
"M_058","Seladonia gemmea",7,22,0.318181818181818,0.749024606847764
"M_058","Sphaerophoria sp1 M PL 058",3,22,0.136363636363636,-0.229539798872702
"M_058","Sphecodes sp1 M PL 058",3,22,0.136363636363636,-0.229539798872702
"M_058","Stenopterus rufus",1,22,0.0454545454545455,-0.718822001732934
"M_058","Trichodes apiarius",5,22,0.227272727272727,0.259742403987531
"M_058","Unidentified sp35 M PL 058",8,22,0.363636363636364,0.99366570827788
"M_058","Unidentified sp36 M PL 058",1,22,0.0454545454545455,-0.718822001732934
"M_058","Unidentified sp37 M PL 058",4,22,0.181818181818182,0.0151013025574145
"M_058","Unidentified sp38 M PL 058",4,22,0.181818181818182,0.0151013025574145
"M_058","Unidentified sp39 M PL 058",1,22,0.0454545454545455,-0.718822001732934
"M_058","Unidentified sp40 M PL 058",2,22,0.0909090909090909,-0.474180900302818
"M_058","Unidentified sp41 M PL 058",5,22,0.227272727272727,0.259742403987531
"M_058","Unidentified sp42 M PL 058",3,22,0.136363636363636,-0.229539798872702
"M_058","Unidentified sp43 M PL 058",5,22,0.227272727272727,0.259742403987531
"M_058","Unidentified sp44 M PL 058",1,22,0.0454545454545455,-0.718822001732934
"M_058","Unidentified sp45 M PL 058",1,22,0.0454545454545455,-0.718822001732934
"M_058","Unidentified sp46 M PL 058",2,22,0.0909090909090909,-0.474180900302818
"M_058","Unidentified sp47 M PL 058",1,22,0.0454545454545455,-0.718822001732934
"M_058","Unidentified sp48 M PL 058",1,22,0.0454545454545455,-0.718822001732934
"M_058","Unidentified sp49 M PL 058",1,22,0.0454545454545455,-0.718822001732934
"M_058","Unidentified sp50 M PL 058",1,22,0.0454545454545455,-0.718822001732934
"M_058","Unidentified sp51 M PL 058",1,22,0.0454545454545455,-0.718822001732934
"M_058","Unidentified sp52 M PL 058",1,22,0.0454545454545455,-0.718822001732934
"M_058","Unidentified sp53 M PL 058",3,22,0.136363636363636,-0.229539798872702
"M_058","Unidentified sp54 M PL 058",1,22,0.0454545454545455,-0.718822001732934
"M_058","Unidentified sp55 M PL 058",1,22,0.0454545454545455,-0.718822001732934
"M_058","Unidentified sp56 M PL 058",1,22,0.0454545454545455,-0.718822001732934
"M_058","Unidentified sp57 M PL 058",1,22,0.0454545454545455,-0.718822001732934
"M_058","Unidentified sp58 M PL 058",1,22,0.0454545454545455,-0.718822001732934
"M_058","Unidentified sp59 M PL 058",1,22,0.0454545454545455,-0.718822001732934
"M_058","Unidentified sp60 M PL 058",1,22,0.0454545454545455,-0.718822001732934
"M_058","Unidentified sp61 M PL 058",2,22,0.0909090909090909,-0.474180900302818
"M_058","Unidentified sp62 M PL 058",1,22,0.0454545454545455,-0.718822001732934
"M_058","Unidentified sp63 M PL 058",1,22,0.0454545454545455,-0.718822001732934
"M_058","Unidentified sp64 M PL 058",1,22,0.0454545454545455,-0.718822001732934
"M_058","Vanesa atlantica",1,22,0.0454545454545455,-0.718822001732934
"M_058","Xylocopa sp1 M PL 058",1,22,0.0454545454545455,-0.718822001732934
"M_058","Zygaena sp1 M PL 058",1,22,0.0454545454545455,-0.718822001732934
"M_059","Apis mellifera",4,13,0.307692307692308,-0.316908842343133
"M_059","Centris aenea",13,13,1,1.63458244998037
"M_059","Centris caxiensis",10,13,0.769230769230769,0.984085352539204
"M_059","Centris flavifrons",7,13,0.538461538461538,0.333588255098035
"M_059","Centris fuscata",13,13,1,1.63458244998037
"M_059","Centris obsoleta",1,13,0.0769230769230769,-0.967405939784302
"M_059","Centris sp1 M PL 059",1,13,0.0769230769230769,-0.967405939784302
"M_059","Centris sp2 M PL 059",1,13,0.0769230769230769,-0.967405939784302
"M_059","Centris tarsata",10,13,0.769230769230769,0.984085352539204
"M_059","Centris trigonoides",4,13,0.307692307692308,-0.316908842343133
"M_059","Epicharis sp1 M PL 059",4,13,0.307692307692308,-0.316908842343133
"M_059","Xylocopa grisescens",1,13,0.0769230769230769,-0.967405939784302
"M_059","Xylocopa sp1 M PL 059",2,13,0.153846153846154,-0.750573573970579
"M_060","Acalyptrate sp1 M PL 062",1,59,0.0169491525423729,-0.383835745984446
"M_060","Achaea finita",1,59,0.0169491525423729,-0.383835745984446
"M_060","Acopsis viridicans",3,59,0.0508474576271186,-0.102106143068609
"M_060","Aganais borbonica",1,59,0.0169491525423729,-0.383835745984446
"M_060","Agathidinae sp1 M PL 075",1,59,0.0169491525423729,-0.383835745984446
"M_060","Agrostis atritegulator",1,59,0.0169491525423729,-0.383835745984446
"M_060","Ahasverus advena",10,59,0.169491525423729,0.883947467136819
"M_060","Allograpta nasuta",31,59,0.525423728813559,3.84210829775311
"M_060","Allograpta sp1 M PL 061",1,59,0.0169491525423729,-0.383835745984446
"M_060","Allograpta sp1 M PL 069",1,59,0.0169491525423729,-0.383835745984446
"M_060","Anthomyia faciata",1,59,0.0169491525423729,-0.383835745984446
"M_060","Apis mellifera",59,59,1,7.78632273857482
"M_060","Atherigona orientalis",1,59,0.0169491525423729,-0.383835745984446
"M_060","Atherigona sp1 M PL 061",1,59,0.0169491525423729,-0.383835745984446
"M_060","Bactrocera cucurbitae",2,59,0.0338983050847458,-0.242970944526528
"M_060","Brachymyrmex sp1 M PL 060",1,59,0.0169491525423729,-0.383835745984446
"M_060","Brachymyrmex sp1 M PL 061",2,59,0.0338983050847458,-0.242970944526528
"M_060","Brachymyrmex sp1 M PL 062",7,59,0.11864406779661,0.461353062763064
"M_060","Brachymyrmex sp1 M PL 063",7,59,0.11864406779661,0.461353062763064
"M_060","Brachymyrmex sp1 M PL 064",5,59,0.0847457627118644,0.179623459847227
"M_060","Brachymyrmex sp1 M PL 066",2,59,0.0338983050847458,-0.242970944526528
"M_060","Brachymyrmex sp1 M PL 067",1,59,0.0169491525423729,-0.383835745984446
"M_060","Brachymyrmex sp1 M PL 068",1,59,0.0169491525423729,-0.383835745984446
"M_060","Brachymyrmex sp1 M PL 069",1,59,0.0169491525423729,-0.383835745984446
"M_060","Brachymyrmex sp1 M PL 070",2,59,0.0338983050847458,-0.242970944526528
"M_060","Brachymyrmex sp1 M PL 073",1,59,0.0169491525423729,-0.383835745984446
"M_060","Brachymyrmex sp1 M PL 074",3,59,0.0508474576271186,-0.102106143068609
"M_060","Brachymyrmex sp1 M PL 075",1,59,0.0169491525423729,-0.383835745984446
"M_060","Brachymyrmex sp1 M PL 076",2,59,0.0338983050847458,-0.242970944526528
"M_060","Brachymyrmex sp1 M PL 077",3,59,0.0508474576271186,-0.102106143068609
"M_060","Brachymyrmex sp1 M PL 079",1,59,0.0169491525423729,-0.383835745984446
"M_060","Brachymyrmex sp1 M PL 080",1,59,0.0169491525423729,-0.383835745984446
"M_060","Brachymyrmex sp1 M PL 081",1,59,0.0169491525423729,-0.383835745984446
"M_060","Brachymyrmex sp1 M PL 082",2,59,0.0338983050847458,-0.242970944526528
"M_060","Brachymyrmex sp1 M PL 083",1,59,0.0169491525423729,-0.383835745984446
"M_060","Brachymyrmex sp2 M PL 065",3,59,0.0508474576271186,-0.102106143068609
"M_060","Calcidoidae sp1 M PL 064",1,59,0.0169491525423729,-0.383835745984446
"M_060","Calopsilia florella",1,59,0.0169491525423729,-0.383835745984446
"M_060","Campopleginae sp1 M PL 065",1,59,0.0169491525423729,-0.383835745984446
"M_060","Campopleginae sp1 M PL 076",1,59,0.0169491525423729,-0.383835745984446
"M_060","Cephonodes trochilus",5,59,0.0847457627118644,0.179623459847227
"M_060","Cerambycidae sp1 M PL 065",1,59,0.0169491525423729,-0.383835745984446
"M_060","Cerambycidae sp1 M PL 066",2,59,0.0338983050847458,-0.242970944526528
"M_060","Cerambycidae sp1 M PL 068",1,59,0.0169491525423729,-0.383835745984446
"M_060","Cerambycidae sp1 M PL 075",2,59,0.0338983050847458,-0.242970944526528
"M_060","Cerambycidae sp1 M PL 077",1,59,0.0169491525423729,-0.383835745984446
"M_060","Cerambycidae sp1 M PL 078",1,59,0.0169491525423729,-0.383835745984446
"M_060","Cerambycidae sp2 M PL 075",1,59,0.0169491525423729,-0.383835745984446
"M_060","Ceratitis roas",4,59,0.0677966101694915,0.0387586583893089
"M_060","Chaetocnema sp1 M PL 060",2,59,0.0338983050847458,-0.242970944526528
"M_060","Chaetocnema sp1 M PL 061",4,59,0.0677966101694915,0.0387586583893089
"M_060","Chaetocnema sp1 M PL 062",4,59,0.0677966101694915,0.0387586583893089
"M_060","Chaetocnema sp1 M PL 063",2,59,0.0338983050847458,-0.242970944526528
"M_060","Chaetocnema sp1 M PL 064",8,59,0.135593220338983,0.602217864220982
"M_060","Chaetocnema sp1 M PL 066",1,59,0.0169491525423729,-0.383835745984446
"M_060","Chaetocnema sp1 M PL 068",2,59,0.0338983050847458,-0.242970944526528
"M_060","Chaetocnema sp1 M PL 070",3,59,0.0508474576271186,-0.102106143068609
"M_060","Chaetocnema sp1 M PL 072",2,59,0.0338983050847458,-0.242970944526528
"M_060","Chaetocnema sp1 M PL 073",6,59,0.101694915254237,0.320488261305146
"M_060","Chaetocnema sp1 M PL 074",9,59,0.152542372881356,0.743082665678901
"M_060","Chaetocnema sp1 M PL 075",11,59,0.186440677966102,1.02481226859474
"M_060","Chaetocnema sp1 M PL 076",10,59,0.169491525423729,0.883947467136819
"M_060","Chaetocnema sp1 M PL 077",13,59,0.220338983050847,1.30654187151057
"M_060","Chaetocnema sp1 M PL 078",12,59,0.203389830508475,1.16567707005266
"M_060","Chaetocnema sp1 M PL 079",4,59,0.0677966101694915,0.0387586583893089
"M_060","Chaetocnema sp1 M PL 080",4,59,0.0677966101694915,0.0387586583893089
"M_060","Chaetocnema sp1 M PL 081",9,59,0.152542372881356,0.743082665678901
"M_060","Chaetocnema sp1 M PL 082",6,59,0.101694915254237,0.320488261305146
"M_060","Chaetocnema sp1 M PL 083",3,59,0.0508474576271186,-0.102106143068609
"M_060","Chaetocnema sp2 M PL 065",2,59,0.0338983050847458,-0.242970944526528
"M_060","Cheloninae sp1 M PL 062",1,59,0.0169491525423729,-0.383835745984446
"M_060","Cheloninae sp1 M PL 068",1,59,0.0169491525423729,-0.383835745984446
"M_060","Cheloninae sp1 M PL 073",1,59,0.0169491525423729,-0.383835745984446
"M_060","Cheloninae sp1 M PL 081",1,59,0.0169491525423729,-0.383835745984446
"M_060","Chironomidae sp1 M PL 060",1,59,0.0169491525423729,-0.383835745984446
"M_060","Chrysomya megacephala",36,59,0.610169491525424,4.5464323050427
"M_060","Cicadellidae sp1 M PL 060",1,59,0.0169491525423729,-0.383835745984446
"M_060","Cixiidae sp1 M PL 073",1,59,0.0169491525423729,-0.383835745984446
"M_060","Cixiidae sp1 M PL 077",1,59,0.0169491525423729,-0.383835745984446
"M_060","Condica capensis",1,59,0.0169491525423729,-0.383835745984446
"M_060","Conocephalus sp1 M PL 069",1,59,0.0169491525423729,-0.383835745984446
"M_060","Cotesia sp1 M PL 073",1,59,0.0169491525423729,-0.383835745984446
"M_060","Cratopus psittacus",1,59,0.0169491525423729,-0.383835745984446
"M_060","Cryptinae sp1 M PL 063",1,59,0.0169491525423729,-0.383835745984446
"M_060","Cryptocephalinae sp1 M PL 076",1,59,0.0169491525423729,-0.383835745984446
"M_060","Dasytinae sp1 M PL 061",1,59,0.0169491525423729,-0.383835745984446
"M_060","Dioxyna sororcula",9,59,0.152542372881356,0.743082665678901
"M_060","Diptera sp1 M PL 062",1,59,0.0169491525423729,-0.383835745984446
"M_060","Diptera sp1 M PL 072",1,59,0.0169491525423729,-0.383835745984446
"M_060","Diptera sp2 M PL 072",1,59,0.0169491525423729,-0.383835745984446
"M_060","Dolichopodidae sp1 M PL 069",1,59,0.0169491525423729,-0.383835745984446
"M_060","Drosophila sp1 M PL 064",1,59,0.0169491525423729,-0.383835745984446
"M_060","Drosophila sp1 M PL 068",1,59,0.0169491525423729,-0.383835745984446
"M_060","Drosophila sp2 M PL 065",1,59,0.0169491525423729,-0.383835745984446
"M_060","Dysauxes florida",18,59,0.305084745762712,2.01086587880017
"M_060","Eilema squalida",2,59,0.0338983050847458,-0.242970944526528
"M_060","Episyrphus sp1 M PL 060",1,59,0.0169491525423729,-0.383835745984446
"M_060","Episyrphus sp1 M PL 061",1,59,0.0169491525423729,-0.383835745984446
"M_060","Episyrphus sp1 M PL 062",4,59,0.0677966101694915,0.0387586583893089
"M_060","Episyrphus sp1 M PL 063",1,59,0.0169491525423729,-0.383835745984446
"M_060","Episyrphus sp1 M PL 064",1,59,0.0169491525423729,-0.383835745984446
"M_060","Episyrphus sp1 M PL 067",1,59,0.0169491525423729,-0.383835745984446
"M_060","Episyrphus sp1 M PL 068",2,59,0.0338983050847458,-0.242970944526528
"M_060","Episyrphus sp1 M PL 070",2,59,0.0338983050847458,-0.242970944526528
"M_060","Episyrphus sp1 M PL 071",1,59,0.0169491525423729,-0.383835745984446
"M_060","Episyrphus sp1 M PL 073",4,59,0.0677966101694915,0.0387586583893089
"M_060","Episyrphus sp1 M PL 074",3,59,0.0508474576271186,-0.102106143068609
"M_060","Episyrphus sp1 M PL 075",2,59,0.0338983050847458,-0.242970944526528
"M_060","Episyrphus sp1 M PL 076",1,59,0.0169491525423729,-0.383835745984446
"M_060","Episyrphus sp1 M PL 080",1,59,0.0169491525423729,-0.383835745984446
"M_060","Episyrphus sp1 M PL 081",1,59,0.0169491525423729,-0.383835745984446
"M_060","Episyrphus sp1 M PL 082",1,59,0.0169491525423729,-0.383835745984446
"M_060","Eristalinus flaveolus",23,59,0.389830508474576,2.71518988608976
"M_060","Eumolpinae sp1 M PL 064",1,59,0.0169491525423729,-0.383835745984446
"M_060","Eumolpinae sp1 M PL 075",1,59,0.0169491525423729,-0.383835745984446
"M_060","Eumolpinae sp1 M PL 077",1,59,0.0169491525423729,-0.383835745984446
"M_060","Eumolpinae sp2 M PL 075",1,59,0.0169491525423729,-0.383835745984446
"M_060","Fannia pusio",17,59,0.288135593220339,1.87000107734225
"M_060","Foudia madagascariense",1,59,0.0169491525423729,-0.383835745984446
"M_060","Gelechioidea sp1 M PL 065",2,59,0.0338983050847458,-0.242970944526528
"M_060","Gelechioidea sp1 M PL 073",3,59,0.0508474576271186,-0.102106143068609
"M_060","Gelechioidea sp1 M PL 074",1,59,0.0169491525423729,-0.383835745984446
"M_060","Gelechioidea sp1 M PL 075",1,59,0.0169491525423729,-0.383835745984446
"M_060","Gelechioidea sp1 M PL 076",1,59,0.0169491525423729,-0.383835745984446
"M_060","Gelechioidea sp2 M PL 074",2,59,0.0338983050847458,-0.242970944526528
"M_060","Gelechioidea sp2 M PL 076",1,59,0.0169491525423729,-0.383835745984446
"M_060","Graphomya maculata",7,59,0.11864406779661,0.461353062763064
"M_060","Henotesia narcissus",9,59,0.152542372881356,0.743082665678901
"M_060","Hippotion eson",5,59,0.0847457627118644,0.179623459847227
"M_060","Homoneura quadrivittata",1,59,0.0169491525423729,-0.383835745984446
"M_060","Homoneura sp1 M PL 061",1,59,0.0169491525423729,-0.383835745984446
"M_060","Homoneura sp1 M PL 062",1,59,0.0169491525423729,-0.383835745984446
"M_060","Homoneura sp1 M PL 063",1,59,0.0169491525423729,-0.383835745984446
"M_060","Homoneura sp1 M PL 064",1,59,0.0169491525423729,-0.383835745984446
"M_060","Homoneura sp1 M PL 072",1,59,0.0169491525423729,-0.383835745984446
"M_060","Homoneura sp2 M PL 072",1,59,0.0169491525423729,-0.383835745984446
"M_060","Hyadina sp1 M PL 062",1,59,0.0169491525423729,-0.383835745984446
"M_060","Hyadina sp1 M PL 068",1,59,0.0169491525423729,-0.383835745984446
"M_060","Hydrillodes sp1 M PL 063",1,59,0.0169491525423729,-0.383835745984446
"M_060","Hydrillodes sp1 M PL 069",1,59,0.0169491525423729,-0.383835745984446
"M_060","Hydrotaea fuliginosa",1,59,0.0169491525423729,-0.383835745984446
"M_060","Hyperaspis hottentota",1,59,0.0169491525423729,-0.383835745984446
"M_060","Ischiodon aegyptius",13,59,0.220338983050847,1.30654187151057
"M_060","Lauxania sp1 M PL 066",1,59,0.0169491525423729,-0.383835745984446
"M_060","Lecithoceridae sp1 M PL 063",2,59,0.0338983050847458,-0.242970944526528
"M_060","Lecithoceridae sp1 M PL 064",1,59,0.0169491525423729,-0.383835745984446
"M_060","Lecithoceridae sp1 M PL 067",2,59,0.0338983050847458,-0.242970944526528
"M_060","Lecithoceridae sp1 M PL 071",1,59,0.0169491525423729,-0.383835745984446
"M_060","Lecithoceridae sp1 M PL 073",1,59,0.0169491525423729,-0.383835745984446
"M_060","Lecithoceridae sp1 M PL 076",1,59,0.0169491525423729,-0.383835745984446
"M_060","Lecithoceridae sp1 M PL 080",1,59,0.0169491525423729,-0.383835745984446
"M_060","Lecithoceridae sp1 M PL 081",1,59,0.0169491525423729,-0.383835745984446
"M_060","Lecithoceridae sp2 M PL 064",1,59,0.0169491525423729,-0.383835745984446
"M_060","Leptotes pirithous",10,59,0.169491525423729,0.883947467136819
"M_060","Limnophora quaterna",3,59,0.0508474576271186,-0.102106143068609
"M_060","Limonia sp1 M PL 065",1,59,0.0169491525423729,-0.383835745984446
"M_060","Limoniidae sp1 M PL 064",1,59,0.0169491525423729,-0.383835745984446
"M_060","Lygaeidae sp1 M PL 062",1,59,0.0169491525423729,-0.383835745984446
"M_060","Lygaeidae sp1 M PL 064",3,59,0.0508474576271186,-0.102106143068609
"M_060","Lygaeidae sp1 M PL 067",1,59,0.0169491525423729,-0.383835745984446
"M_060","Lygaeidae sp1 M PL 074",1,59,0.0169491525423729,-0.383835745984446
"M_060","Lygaeidae sp1 M PL 077",1,59,0.0169491525423729,-0.383835745984446
"M_060","Lygaeidae sp1 M PL 078",1,59,0.0169491525423729,-0.383835745984446
"M_060","Lygaeidae sp1 M PL 082",1,59,0.0169491525423729,-0.383835745984446
"M_060","Lygaeidae sp2 M PL 065",1,59,0.0169491525423729,-0.383835745984446
"M_060","Lygistorrhina sp1 M PL 060",1,59,0.0169491525423729,-0.383835745984446
"M_060","Lygistorrhina sp1 M PL 061",1,59,0.0169491525423729,-0.383835745984446
"M_060","Lygistorrhina sp1 M PL 062",1,59,0.0169491525423729,-0.383835745984446
"M_060","Lygistorrhina sp1 M PL 063",2,59,0.0338983050847458,-0.242970944526528
"M_060","Lygistorrhina sp1 M PL 064",5,59,0.0847457627118644,0.179623459847227
"M_060","Lygistorrhina sp1 M PL 066",1,59,0.0169491525423729,-0.383835745984446
"M_060","Lygistorrhina sp1 M PL 071",1,59,0.0169491525423729,-0.383835745984446
"M_060","Lygistorrhina sp1 M PL 072",1,59,0.0169491525423729,-0.383835745984446
"M_060","Lygistorrhina sp1 M PL 073",1,59,0.0169491525423729,-0.383835745984446
"M_060","Lygistorrhina sp1 M PL 074",3,59,0.0508474576271186,-0.102106143068609
"M_060","Lygistorrhina sp1 M PL 075",2,59,0.0338983050847458,-0.242970944526528
"M_060","Lygistorrhina sp1 M PL 076",7,59,0.11864406779661,0.461353062763064
"M_060","Lygistorrhina sp1 M PL 077",1,59,0.0169491525423729,-0.383835745984446
"M_060","Lygistorrhina sp2 M PL 065",1,59,0.0169491525423729,-0.383835745984446
"M_060","Macroglossum milvus",7,59,0.11864406779661,0.461353062763064
"M_060","Mauritiborium undulatus",8,59,0.135593220338983,0.602217864220982
"M_060","Melanagromyza sojae",5,59,0.0847457627118644,0.179623459847227
"M_060","Melanostoma annulipes",16,59,0.271186440677966,1.72913627588433
"M_060","Melanostoma bituberculatum",11,59,0.186440677966102,1.02481226859474
"M_060","Miridae sp1 M PL 060",3,59,0.0508474576271186,-0.102106143068609
"M_060","Miridae sp1 M PL 064",1,59,0.0169491525423729,-0.383835745984446
"M_060","Miridae sp1 M PL 079",1,59,0.0169491525423729,-0.383835745984446
"M_060","Mordellidae sp1 M PL 065",1,59,0.0169491525423729,-0.383835745984446
"M_060","Mordellidae sp1 M PL 066",1,59,0.0169491525423729,-0.383835745984446
"M_060","Mordellidae sp1 M PL 077",1,59,0.0169491525423729,-0.383835745984446
"M_060","Mordellidae sp1 M PL 080",1,59,0.0169491525423729,-0.383835745984446
"M_060","Mordellidae sp1 M PL 081",1,59,0.0169491525423729,-0.383835745984446
"M_060","Mordellidae sp1 M PL 082",1,59,0.0169491525423729,-0.383835745984446
"M_060","Mordellidae sp2 M PL 065",1,59,0.0169491525423729,-0.383835745984446
"M_060","Musca confiscata",1,59,0.0169491525423729,-0.383835745984446
"M_060","Musca domestica",34,59,0.576271186440678,4.26470270212686
"M_060","Mythimna sp1 M PL 064",1,59,0.0169491525423729,-0.383835745984446
"M_060","Nacoleia sp1 M PL 060",4,59,0.0677966101694915,0.0387586583893089
"M_060","Nacoleia sp1 M PL 061",2,59,0.0338983050847458,-0.242970944526528
"M_060","Nacoleia sp1 M PL 062",2,59,0.0338983050847458,-0.242970944526528
"M_060","Nacoleia sp1 M PL 063",2,59,0.0338983050847458,-0.242970944526528
"M_060","Nacoleia sp1 M PL 064",11,59,0.186440677966102,1.02481226859474
"M_060","Nacoleia sp1 M PL 066",2,59,0.0338983050847458,-0.242970944526528
"M_060","Nacoleia sp1 M PL 067",8,59,0.135593220338983,0.602217864220982
"M_060","Nacoleia sp1 M PL 068",4,59,0.0677966101694915,0.0387586583893089
"M_060","Nacoleia sp1 M PL 069",5,59,0.0847457627118644,0.179623459847227
"M_060","Nacoleia sp1 M PL 070",1,59,0.0169491525423729,-0.383835745984446
"M_060","Nacoleia sp1 M PL 071",1,59,0.0169491525423729,-0.383835745984446
"M_060","Nacoleia sp1 M PL 072",1,59,0.0169491525423729,-0.383835745984446
"M_060","Nacoleia sp1 M PL 073",4,59,0.0677966101694915,0.0387586583893089
"M_060","Nacoleia sp1 M PL 074",3,59,0.0508474576271186,-0.102106143068609
"M_060","Nacoleia sp1 M PL 075",3,59,0.0508474576271186,-0.102106143068609
"M_060","Nacoleia sp1 M PL 076",5,59,0.0847457627118644,0.179623459847227
"M_060","Nacoleia sp1 M PL 077",3,59,0.0508474576271186,-0.102106143068609
"M_060","Nacoleia sp1 M PL 079",3,59,0.0508474576271186,-0.102106143068609
"M_060","Nacoleia sp1 M PL 080",3,59,0.0508474576271186,-0.102106143068609
"M_060","Nacoleia sp1 M PL 081",3,59,0.0508474576271186,-0.102106143068609
"M_060","Nacoleia sp1 M PL 082",2,59,0.0338983050847458,-0.242970944526528
"M_060","Nacoleia sp1 M PL 083",1,59,0.0169491525423729,-0.383835745984446
"M_060","Nacoleia sp2 M PL 061",1,59,0.0169491525423729,-0.383835745984446
"M_060","Nacoleia sp2 M PL 063",2,59,0.0338983050847458,-0.242970944526528
"M_060","Nacoleia sp2 M PL 064",1,59,0.0169491525423729,-0.383835745984446
"M_060","Nacoleia sp2 M PL 067",1,59,0.0169491525423729,-0.383835745984446
"M_060","Nacoleia sp2 M PL 068",1,59,0.0169491525423729,-0.383835745984446
"M_060","Nacoleia sp2 M PL 072",2,59,0.0338983050847458,-0.242970944526528
"M_060","Nacoleia sp2 M PL 073",2,59,0.0338983050847458,-0.242970944526528
"M_060","Nacoleia sp2 M PL 075",1,59,0.0169491525423729,-0.383835745984446
"M_060","Nacoleia sp2 M PL 081",1,59,0.0169491525423729,-0.383835745984446
"M_060","Nacoleia sp3 M PL 065",8,59,0.135593220338983,0.602217864220982
"M_060","Nacoleia sp4 M PL 065",2,59,0.0338983050847458,-0.242970944526528
"M_060","Nitidulidae sp1 M PL 077",1,59,0.0169491525423729,-0.383835745984446
"M_060","Nogodinidae sp1 M PL 067",1,59,0.0169491525423729,-0.383835745984446
"M_060","Nyctemera insulare",3,59,0.0508474576271186,-0.102106143068609
"M_060","Ophyra capensis",10,59,0.169491525423729,0.883947467136819
"M_060","Orchisia costata",4,59,0.0677966101694915,0.0387586583893089
"M_060","Ornidia obesa",18,59,0.305084745762712,2.01086587880017
"M_060","Orthellia albigena",8,59,0.135593220338983,0.602217864220982
"M_060","Pachycerina crinicornis",40,59,0.677966101694915,5.10989151087437
"M_060","Paleorhiza sp1 M PL 071",1,59,0.0169491525423729,-0.383835745984446
"M_060","Palexorista sp1 M PL 074",1,59,0.0169491525423729,-0.383835745984446
"M_060","Panara naso",21,59,0.355932203389831,2.43346028317392
"M_060","Papillio manlius",1,59,0.0169491525423729,-0.383835745984446
"M_060","Paragus borbonicus",24,59,0.406779661016949,2.85605468754768
"M_060","Pelecophora intemipta",7,59,0.11864406779661,0.461353062763064
"M_060","Peribaea sp1 M PL 065",1,59,0.0169491525423729,-0.383835745984446
"M_060","Phalanta phalantha",2,59,0.0338983050847458,-0.242970944526528
"M_060","Pheidole megacephala",1,59,0.0169491525423729,-0.383835745984446
"M_060","Phelsuma cepediana",11,59,0.186440677966102,1.02481226859474
"M_060","Phorinia sp1 M PL 061",2,59,0.0338983050847458,-0.242970944526528
"M_060","Phorinia sp1 M PL 062",3,59,0.0508474576271186,-0.102106143068609
"M_060","Phorinia sp1 M PL 063",2,59,0.0338983050847458,-0.242970944526528
"M_060","Phorinia sp1 M PL 066",1,59,0.0169491525423729,-0.383835745984446
"M_060","Phorinia sp1 M PL 067",5,59,0.0847457627118644,0.179623459847227
"M_060","Phorinia sp1 M PL 068",2,59,0.0338983050847458,-0.242970944526528
"M_060","Phorinia sp1 M PL 069",3,59,0.0508474576271186,-0.102106143068609
"M_060","Phorinia sp1 M PL 070",1,59,0.0169491525423729,-0.383835745984446
"M_060","Phorinia sp1 M PL 071",2,59,0.0338983050847458,-0.242970944526528
"M_060","Phorinia sp1 M PL 072",1,59,0.0169491525423729,-0.383835745984446
"M_060","Phorinia sp1 M PL 075",1,59,0.0169491525423729,-0.383835745984446
"M_060","Phorinia sp1 M PL 079",1,59,0.0169491525423729,-0.383835745984446
"M_060","Phorinia sp1 M PL 080",1,59,0.0169491525423729,-0.383835745984446
"M_060","Phorinia sp1 M PL 081",1,59,0.0169491525423729,-0.383835745984446
"M_060","Phorinia sp1 M PL 082",2,59,0.0338983050847458,-0.242970944526528
"M_060","Polistes hebraeus",24,59,0.406779661016949,2.85605468754768
"M_060","Psilopa iceryae",11,59,0.186440677966102,1.02481226859474
"M_060","Psyllidae sp1 M PL 060",1,59,0.0169491525423729,-0.383835745984446
"M_060","Psyllidae sp1 M PL 064",1,59,0.0169491525423729,-0.383835745984446
"M_060","Psyllidae sp1 M PL 073",1,59,0.0169491525423729,-0.383835745984446
"M_060","Pteromalidae sp1 M PL 062",1,59,0.0169491525423729,-0.383835745984446
"M_060","Pteromalidae sp1 M PL 069",1,59,0.0169491525423729,-0.383835745984446
"M_060","Pterophoridae sp1 M PL 062",1,59,0.0169491525423729,-0.383835745984446
"M_060","Pycnonotus jocosus",1,59,0.0169491525423729,-0.383835745984446
"M_060","Remigia frugalis",1,59,0.0169491525423729,-0.383835745984446
"M_060","Sapromyza sp1 M PL 060",1,59,0.0169491525423729,-0.383835745984446
"M_060","Sapromyza sp1 M PL 061",1,59,0.0169491525423729,-0.383835745984446
"M_060","Sapromyza sp1 M PL 064",1,59,0.0169491525423729,-0.383835745984446
"M_060","Sapromyza sp1 M PL 066",1,59,0.0169491525423729,-0.383835745984446
"M_060","Sapromyza sp1 M PL 068",1,59,0.0169491525423729,-0.383835745984446
"M_060","Sapromyza sp1 M PL 072",1,59,0.0169491525423729,-0.383835745984446
"M_060","Sapromyza sp1 M PL 073",2,59,0.0338983050847458,-0.242970944526528
"M_060","Sapromyza sp1 M PL 083",1,59,0.0169491525423729,-0.383835745984446
"M_060","Sarcophaga arno",10,59,0.169491525423729,0.883947467136819
"M_060","Sarrothripinae sp1 M PL 067",1,59,0.0169491525423729,-0.383835745984446
"M_060","Scatopsidae sp1 M PL 063",1,59,0.0169491525423729,-0.383835745984446
"M_060","Scatopsidae sp1 M PL 074",1,59,0.0169491525423729,-0.383835745984446
"M_060","Scirtidae sp1 M PL 060",1,59,0.0169491525423729,-0.383835745984446
"M_060","Scirtidae sp1 M PL 073",1,59,0.0169491525423729,-0.383835745984446
"M_060","Scirtidae sp1 M PL 074",1,59,0.0169491525423729,-0.383835745984446
"M_060","Scirtidae sp2 M PL 060",1,59,0.0169491525423729,-0.383835745984446
"M_060","Scolia carniflex",2,59,0.0338983050847458,-0.242970944526528
"M_060","Scolia oryctophaga",1,59,0.0169491525423729,-0.383835745984446
"M_060","Scopariinae sp1 M PL 065",1,59,0.0169491525423729,-0.383835745984446
"M_060","Scopariinae sp1 M PL 069",1,59,0.0169491525423729,-0.383835745984446
"M_060","Scopariinae sp1 M PL 073",2,59,0.0338983050847458,-0.242970944526528
"M_060","Sepsis lateralis",3,59,0.0508474576271186,-0.102106143068609
"M_060","Simulium sp1 M PL 071",1,59,0.0169491525423729,-0.383835745984446
"M_060","Simulium sp1 M PL 083",1,59,0.0169491525423729,-0.383835745984446
"M_060","Simulium sp2 M PL 071",1,59,0.0169491525423729,-0.383835745984446
"M_060","Siphona sp1 M PL 066",1,59,0.0169491525423729,-0.383835745984446
"M_060","Siphona sp1 M PL 068",1,59,0.0169491525423729,-0.383835745984446
"M_060","Siphona sp1 M PL 076",1,59,0.0169491525423729,-0.383835745984446
"M_060","Spilogona sp1 M PL 064",1,59,0.0169491525423729,-0.383835745984446
"M_060","Spodoptera littoralis",1,59,0.0169491525423729,-0.383835745984446
"M_060","Stomorhina lunata",46,59,0.779661016949153,5.95508031962188
"M_060","Stomoxys calcitrans",16,59,0.271186440677966,1.72913627588433
"M_060","Stomoxys niger",13,59,0.220338983050847,1.30654187151057
"M_060","Strictopterinae sp1 M PL 069",1,59,0.0169491525423729,-0.383835745984446
"M_060","Syritta bulbus",1,59,0.0169491525423729,-0.383835745984446
"M_060","Syritta nigrofemorata",14,59,0.23728813559322,1.44740667296849
"M_060","Syritta sp1 M PL 063",2,59,0.0338983050847458,-0.242970944526528
"M_060","Syritta sp1 M PL 064",1,59,0.0169491525423729,-0.383835745984446
"M_060","Syritta sp1 M PL 066",1,59,0.0169491525423729,-0.383835745984446
"M_060","Syritta sp1 M PL 067",1,59,0.0169491525423729,-0.383835745984446
"M_060","Syritta sp1 M PL 069",1,59,0.0169491525423729,-0.383835745984446
"M_060","Syritta sp1 M PL 070",1,59,0.0169491525423729,-0.383835745984446
"M_060","Syritta sp1 M PL 071",1,59,0.0169491525423729,-0.383835745984446
"M_060","Syritta sp1 M PL 075",1,59,0.0169491525423729,-0.383835745984446
"M_060","Syritta sp1 M PL 081",1,59,0.0169491525423729,-0.383835745984446
"M_060","Syritta sp1 M PL 082",1,59,0.0169491525423729,-0.383835745984446
"M_060","Syritta sp1 M PL 083",1,59,0.0169491525423729,-0.383835745984446
"M_060","Tarundia servillei",4,59,0.0677966101694915,0.0387586583893089
"M_060","Technomyrmex albipes",49,59,0.830508474576271,6.37767472399564
"M_060","Tettigoniidae sp1 M PL 060",1,59,0.0169491525423729,-0.383835745984446
"M_060","Thelairodrino sp1 M PL 070",1,59,0.0169491525423729,-0.383835745984446
"M_060","Thelairodrino sp1 M PL 073",1,59,0.0169491525423729,-0.383835745984446
"M_060","Thysanoplusia orichalcea",1,59,0.0169491525423729,-0.383835745984446
"M_060","Trichoplusia indicator",2,59,0.0338983050847458,-0.242970944526528
"M_060","Trirhithrum sp1 M PL 069",1,59,0.0169491525423729,-0.383835745984446
"M_060","Trirhithrum sp1 M PL 071",3,59,0.0508474576271186,-0.102106143068609
"M_060","Unidentified sp1 M PL 061",1,59,0.0169491525423729,-0.383835745984446
"M_060","Unidentified sp1 M PL 068",1,59,0.0169491525423729,-0.383835745984446
"M_060","Unidentified sp1 M PL 072",1,59,0.0169491525423729,-0.383835745984446
"M_060","Unidentified sp1 M PL 074",1,59,0.0169491525423729,-0.383835745984446
"M_060","Unidentified sp7 M PL 062",2,59,0.0338983050847458,-0.242970944526528
"M_060","Villa unifasciata",33,59,0.559322033898305,4.12383790066894
"M_060","Zaprionus vittiger",1,59,0.0169491525423729,-0.383835745984446
"M_060","Zizeeria knysa",1,59,0.0169491525423729,-0.383835745984446
"M_060","Zosterops mauritianus",8,59,0.135593220338983,0.602217864220982
"M_061","Agrius convolvuli",1,31,0.032258064516129,-0.350039526177026
"M_061","Amblypsilopus sp1 M PL 092",1,31,0.032258064516129,-0.350039526177026
"M_061","Apis mellifera",31,31,1,8.87909540369663
"M_061","Ceratina tabescens",5,31,0.161290322580645,0.880511797806128
"M_061","Chalcidoma disjunctum",4,31,0.129032258064516,0.57287396681034
"M_061","Coleoptera sp4 M PL 085",1,31,0.032258064516129,-0.350039526177026
"M_061","Coleoptera sp5 M PL 085",1,31,0.032258064516129,-0.350039526177026
"M_061","Coleoptera sp5 M PL 104",1,31,0.032258064516129,-0.350039526177026
"M_061","Coleoptera sp7 M PL 101",1,31,0.032258064516129,-0.350039526177026
"M_061","Cratopus aurostriatus",8,31,0.258064516129032,1.80342529079349
"M_061","Dichaetomyia fasciculifera",9,31,0.290322580645161,2.11106312178928
"M_061","Diptera sp1 M PL 084",3,31,0.0967741935483871,0.265236135814551
"M_061","Diptera sp1 M PL 085",3,31,0.0967741935483871,0.265236135814551
"M_061","Diptera sp1 M PL 086",2,31,0.0645161290322581,-0.0424016951812377
"M_061","Diptera sp1 M PL 087",2,31,0.0645161290322581,-0.0424016951812377
"M_061","Diptera sp1 M PL 088",1,31,0.032258064516129,-0.350039526177026
"M_061","Diptera sp1 M PL 089",1,31,0.032258064516129,-0.350039526177026
"M_061","Diptera sp1 M PL 090",2,31,0.0645161290322581,-0.0424016951812377
"M_061","Diptera sp1 M PL 091",2,31,0.0645161290322581,-0.0424016951812377
"M_061","Diptera sp1 M PL 092",2,31,0.0645161290322581,-0.0424016951812377
"M_061","Diptera sp1 M PL 093",2,31,0.0645161290322581,-0.0424016951812377
"M_061","Diptera sp1 M PL 094",1,31,0.032258064516129,-0.350039526177026
"M_061","Diptera sp1 M PL 095",1,31,0.032258064516129,-0.350039526177026
"M_061","Diptera sp1 M PL 096",1,31,0.032258064516129,-0.350039526177026
"M_061","Diptera sp1 M PL 097",1,31,0.032258064516129,-0.350039526177026
"M_061","Diptera sp1 M PL 099",3,31,0.0967741935483871,0.265236135814551
"M_061","Diptera sp1 M PL 101",2,31,0.0645161290322581,-0.0424016951812377
"M_061","Diptera sp1 M PL 102",5,31,0.161290322580645,0.880511797806128
"M_061","Diptera sp1 M PL 104",2,31,0.0645161290322581,-0.0424016951812377
"M_061","Diptera sp1 M PL 105",1,31,0.032258064516129,-0.350039526177026
"M_061","Diptera sp1 M PL 107",2,31,0.0645161290322581,-0.0424016951812377
"M_061","Diptera sp1 M PL 108",1,31,0.032258064516129,-0.350039526177026
"M_061","Diptera sp1 M PL 111",1,31,0.032258064516129,-0.350039526177026
"M_061","Diptera sp1 M PL 114",2,31,0.0645161290322581,-0.0424016951812377
"M_061","Diptera sp1 M PL 115",2,31,0.0645161290322581,-0.0424016951812377
"M_061","Diptera sp1 M PL 118",1,31,0.032258064516129,-0.350039526177026
"M_061","Diptera sp1 M PL 119",2,31,0.0645161290322581,-0.0424016951812377
"M_061","Diptera sp1 M PL 121",1,31,0.032258064516129,-0.350039526177026
"M_061","Diptera sp1 M PL 124",2,31,0.0645161290322581,-0.0424016951812377
"M_061","Diptera sp1 M PL 125",2,31,0.0645161290322581,-0.0424016951812377
"M_061","Diptera sp1 M PL 126",3,31,0.0967741935483871,0.265236135814551
"M_061","Diptera sp1 M PL 127",1,31,0.032258064516129,-0.350039526177026
"M_061","Diptera sp1 M PL 128",3,31,0.0967741935483871,0.265236135814551
"M_061","Diptera sp1 M PL 129",3,31,0.0967741935483871,0.265236135814551
"M_061","Diptera sp1 M PL 130",3,31,0.0967741935483871,0.265236135814551
"M_061","Diptera sp2 M PL 094",1,31,0.032258064516129,-0.350039526177026
"M_061","Diptera sp2 M PL 100",1,31,0.032258064516129,-0.350039526177026
"M_061","Diptera sp2 M PL 102",1,31,0.032258064516129,-0.350039526177026
"M_061","Diptera sp2 M PL 103",1,31,0.032258064516129,-0.350039526177026
"M_061","Diptera sp2 M PL 112",1,31,0.032258064516129,-0.350039526177026
"M_061","Diptera sp2 M PL 123",2,31,0.0645161290322581,-0.0424016951812377
"M_061","Diptera sp2 M PL 126",1,31,0.032258064516129,-0.350039526177026
"M_061","Diptera sp2 M PL 128",1,31,0.032258064516129,-0.350039526177026
"M_061","Diptera sp2 M PL 131",3,31,0.0967741935483871,0.265236135814551
"M_061","Diptera sp3 M PL 084",1,31,0.032258064516129,-0.350039526177026
"M_061","Diptera sp3 M PL 085",1,31,0.032258064516129,-0.350039526177026
"M_061","Diptera sp3 M PL 086",1,31,0.032258064516129,-0.350039526177026
"M_061","Diptera sp3 M PL 087",1,31,0.032258064516129,-0.350039526177026
"M_061","Diptera sp3 M PL 093",1,31,0.032258064516129,-0.350039526177026
"M_061","Diptera sp3 M PL 100",1,31,0.032258064516129,-0.350039526177026
"M_061","Diptera sp3 M PL 111",1,31,0.032258064516129,-0.350039526177026
"M_061","Diptera sp3 M PL 119",1,31,0.032258064516129,-0.350039526177026
"M_061","Diptera sp3 M PL 122",1,31,0.032258064516129,-0.350039526177026
"M_061","Diptera sp3 M PL 124",1,31,0.032258064516129,-0.350039526177026
"M_061","Diptera sp3 M PL 125",1,31,0.032258064516129,-0.350039526177026
"M_061","Diptera sp3 M PL 126",1,31,0.032258064516129,-0.350039526177026
"M_061","Diptera sp4 M PL 086",1,31,0.032258064516129,-0.350039526177026
"M_061","Diptera sp4 M PL 090",1,31,0.032258064516129,-0.350039526177026
"M_061","Diptera sp4 M PL 104",1,31,0.032258064516129,-0.350039526177026
"M_061","Diptera sp4 M PL 106",1,31,0.032258064516129,-0.350039526177026
"M_061","Diptera sp4 M PL 107",1,31,0.032258064516129,-0.350039526177026
"M_061","Diptera sp4 M PL 119",1,31,0.032258064516129,-0.350039526177026
"M_061","Diptera sp4 M PL 124",1,31,0.032258064516129,-0.350039526177026
"M_061","Diptera sp4 M PL 126",1,31,0.032258064516129,-0.350039526177026
"M_061","Diptera sp5 M PL 093",1,31,0.032258064516129,-0.350039526177026
"M_061","Diptera sp5 M PL 101",1,31,0.032258064516129,-0.350039526177026
"M_061","Diptera sp5 M PL 102",1,31,0.032258064516129,-0.350039526177026
"M_061","Diptera sp5 M PL 106",1,31,0.032258064516129,-0.350039526177026
"M_061","Diptera sp6 M PL 101",1,31,0.032258064516129,-0.350039526177026
"M_061","Diptera sp6 M PL 106",1,31,0.032258064516129,-0.350039526177026
"M_061","Diptera sp6 M PL 130",2,31,0.0645161290322581,-0.0424016951812377
"M_061","Diptera sp7 M PL 096",1,31,0.032258064516129,-0.350039526177026
"M_061","Diptera sp7 M PL 098",2,31,0.0645161290322581,-0.0424016951812377
"M_061","Diptera sp7 M PL 128",1,31,0.032258064516129,-0.350039526177026
"M_061","Diptera sp7 M PL 130",1,31,0.032258064516129,-0.350039526177026
"M_061","Diptera sp8 M PL 101",1,31,0.032258064516129,-0.350039526177026
"M_061","Eagris sabadius",4,31,0.129032258064516,0.57287396681034
"M_061","Eristalinus vicarians",12,31,0.387096774193548,3.03397661477665
"M_061","Eristalodes seychellarum",1,31,0.032258064516129,-0.350039526177026
"M_061","Euodynerus cylindricus",1,31,0.032258064516129,-0.350039526177026
"M_061","Forcipomyia litoraurea",1,31,0.032258064516129,-0.350039526177026
"M_061","Forcipomyia sp1 M PL 096",1,31,0.032258064516129,-0.350039526177026
"M_061","Forcipomyia sp1 M PL 098",1,31,0.032258064516129,-0.350039526177026
"M_061","Forcipomyia sp1 M PL 099",1,31,0.032258064516129,-0.350039526177026
"M_061","Forcipomyia sp1 M PL 103",1,31,0.032258064516129,-0.350039526177026
"M_061","Forcipomyia sp1 M PL 105",2,31,0.0645161290322581,-0.0424016951812377
"M_061","Forcipomyia sp1 M PL 106",2,31,0.0645161290322581,-0.0424016951812377
"M_061","Forcipomyia sp1 M PL 121",1,31,0.032258064516129,-0.350039526177026
"M_061","Forcipomyia sp1 M PL 128",2,31,0.0645161290322581,-0.0424016951812377
"M_061","Forcipomyia sp1 M PL 130",2,31,0.0645161290322581,-0.0424016951812377
"M_061","Foudia madagascariensis",1,31,0.032258064516129,-0.350039526177026
"M_061","Geron seychellarum",2,31,0.0645161290322581,-0.0424016951812377
"M_061","Hemipyrellia germana",21,31,0.67741935483871,5.80271709373875
"M_061","Hemipyrellia sp1 M PL 086",2,31,0.0645161290322581,-0.0424016951812377
"M_061","Hemipyrellia sp1 M PL 087",1,31,0.032258064516129,-0.350039526177026
"M_061","Hemipyrellia sp1 M PL 088",1,31,0.032258064516129,-0.350039526177026
"M_061","Hemipyrellia sp1 M PL 093",1,31,0.032258064516129,-0.350039526177026
"M_061","Hemipyrellia sp1 M PL 095",1,31,0.032258064516129,-0.350039526177026
"M_061","Hemipyrellia sp1 M PL 097",1,31,0.032258064516129,-0.350039526177026
"M_061","Hemipyrellia sp1 M PL 098",1,31,0.032258064516129,-0.350039526177026
"M_061","Hemipyrellia sp1 M PL 106",1,31,0.032258064516129,-0.350039526177026
"M_061","Hemipyrellia sp1 M PL 107",1,31,0.032258064516129,-0.350039526177026
"M_061","Hemipyrellia sp1 M PL 108",2,31,0.0645161290322581,-0.0424016951812377
"M_061","Hemipyrellia sp1 M PL 109",2,31,0.0645161290322581,-0.0424016951812377
"M_061","Hemipyrellia sp1 M PL 110",2,31,0.0645161290322581,-0.0424016951812377
"M_061","Hemipyrellia sp1 M PL 111",1,31,0.032258064516129,-0.350039526177026
"M_061","Hemipyrellia sp1 M PL 112",1,31,0.032258064516129,-0.350039526177026
"M_061","Hemipyrellia sp1 M PL 114",1,31,0.032258064516129,-0.350039526177026
"M_061","Hemipyrellia sp1 M PL 115",1,31,0.032258064516129,-0.350039526177026
"M_061","Hemipyrellia sp1 M PL 117",1,31,0.032258064516129,-0.350039526177026
"M_061","Hemipyrellia sp1 M PL 118",2,31,0.0645161290322581,-0.0424016951812377
"M_061","Hemipyrellia sp1 M PL 119",2,31,0.0645161290322581,-0.0424016951812377
"M_061","Hemipyrellia sp1 M PL 123",1,31,0.032258064516129,-0.350039526177026
"M_061","Hemipyrellia sp1 M PL 126",1,31,0.032258064516129,-0.350039526177026
"M_061","Hemipyrellia sp1 M PL 127",1,31,0.032258064516129,-0.350039526177026
"M_061","Hemipyrellia sp1 M PL 129",1,31,0.032258064516129,-0.350039526177026
"M_061","Hemipyrellia sp1 M PL 130",3,31,0.0967741935483871,0.265236135814551
"M_061","Hemipyrellia sp1 M PL 131",2,31,0.0645161290322581,-0.0424016951812377
"M_061","Hymenoptera sp1 M PL 100",1,31,0.032258064516129,-0.350039526177026
"M_061","Hymenoptera sp1 M PL 109",1,31,0.032258064516129,-0.350039526177026
"M_061","Hymenoptera sp4 M PL 092",2,31,0.0645161290322581,-0.0424016951812377
"M_061","Hymenoptera sp4 M PL 105",1,31,0.032258064516129,-0.350039526177026
"M_061","Hymenoptera sp5 M PL 089",1,31,0.032258064516129,-0.350039526177026
"M_061","Hymenoptera sp5 M PL 128",1,31,0.032258064516129,-0.350039526177026
"M_061","Lampides boeticus",3,31,0.0967741935483871,0.265236135814551
"M_061","Lasioglossum mahense",29,31,0.935483870967742,8.26381974170506
"M_061","Leptotes pirithous",4,31,0.129032258064516,0.57287396681034
"M_061","Lygistorrhina sp1 M PL 084",1,31,0.032258064516129,-0.350039526177026
"M_061","Lygistorrhina sp1 M PL 085",1,31,0.032258064516129,-0.350039526177026
"M_061","Lygistorrhina sp1 M PL 086",1,31,0.032258064516129,-0.350039526177026
"M_061","Lygistorrhina sp1 M PL 088",1,31,0.032258064516129,-0.350039526177026
"M_061","Lygistorrhina sp1 M PL 089",1,31,0.032258064516129,-0.350039526177026
"M_061","Lygistorrhina sp1 M PL 091",1,31,0.032258064516129,-0.350039526177026
"M_061","Lygistorrhina sp1 M PL 092",2,31,0.0645161290322581,-0.0424016951812377
"M_061","Lygistorrhina sp1 M PL 093",2,31,0.0645161290322581,-0.0424016951812377
"M_061","Lygistorrhina sp1 M PL 096",2,31,0.0645161290322581,-0.0424016951812377
"M_061","Lygistorrhina sp1 M PL 098",1,31,0.032258064516129,-0.350039526177026
"M_061","Lygistorrhina sp1 M PL 099",1,31,0.032258064516129,-0.350039526177026
"M_061","Lygistorrhina sp1 M PL 100",2,31,0.0645161290322581,-0.0424016951812377
"M_061","Lygistorrhina sp1 M PL 102",2,31,0.0645161290322581,-0.0424016951812377
"M_061","Lygistorrhina sp1 M PL 103",1,31,0.032258064516129,-0.350039526177026
"M_061","Lygistorrhina sp1 M PL 104",2,31,0.0645161290322581,-0.0424016951812377
"M_061","Lygistorrhina sp1 M PL 105",2,31,0.0645161290322581,-0.0424016951812377
"M_061","Lygistorrhina sp1 M PL 106",1,31,0.032258064516129,-0.350039526177026
"M_061","Lygistorrhina sp1 M PL 107",1,31,0.032258064516129,-0.350039526177026
"M_061","Lygistorrhina sp1 M PL 108",1,31,0.032258064516129,-0.350039526177026
"M_061","Lygistorrhina sp1 M PL 109",1,31,0.032258064516129,-0.350039526177026
"M_061","Lygistorrhina sp1 M PL 111",2,31,0.0645161290322581,-0.0424016951812377
"M_061","Lygistorrhina sp1 M PL 112",2,31,0.0645161290322581,-0.0424016951812377
"M_061","Lygistorrhina sp1 M PL 114",1,31,0.032258064516129,-0.350039526177026
"M_061","Lygistorrhina sp1 M PL 115",2,31,0.0645161290322581,-0.0424016951812377
"M_061","Lygistorrhina sp1 M PL 118",1,31,0.032258064516129,-0.350039526177026
"M_061","Lygistorrhina sp1 M PL 119",1,31,0.032258064516129,-0.350039526177026
"M_061","Lygistorrhina sp1 M PL 120",1,31,0.032258064516129,-0.350039526177026
"M_061","Lygistorrhina sp1 M PL 121",1,31,0.032258064516129,-0.350039526177026
"M_061","Lygistorrhina sp1 M PL 124",1,31,0.032258064516129,-0.350039526177026
"M_061","Lygistorrhina sp1 M PL 125",1,31,0.032258064516129,-0.350039526177026
"M_061","Lygistorrhina sp1 M PL 126",2,31,0.0645161290322581,-0.0424016951812377
"M_061","Lygistorrhina sp1 M PL 127",3,31,0.0967741935483871,0.265236135814551
"M_061","Lygistorrhina sp1 M PL 128",3,31,0.0967741935483871,0.265236135814551
"M_061","Lygistorrhina sp1 M PL 130",2,31,0.0645161290322581,-0.0424016951812377
"M_061","Lygistorrhina sp1 M PL 131",2,31,0.0645161290322581,-0.0424016951812377
"M_061","Mabuya sechellensis",4,31,0.129032258064516,0.57287396681034
"M_061","Megachile seychellensis",13,31,0.419354838709677,3.34161444577244
"M_061","Melanostoma annulipes",6,31,0.193548387096774,1.18814962880192
"M_061","Musca domestica",2,31,0.0645161290322581,-0.0424016951812377
"M_061","Neavella albipectus",6,31,0.193548387096774,1.18814962880192
"M_061","Nectarinia dussumieri",13,31,0.419354838709677,3.34161444577244
"M_061","Neophyllomyza approximatonervis",14,31,0.451612903225806,3.64925227676823
"M_061","Ornidia obesa",19,31,0.612903225806452,5.18744143174717
"M_061","Pachycerina seychellensis",8,31,0.258064516129032,1.80342529079349
"M_061","Parasarcophaga hirticeps",12,31,0.387096774193548,3.03397661477665
"M_061","Perissoma aenescens",2,31,0.0645161290322581,-0.0424016951812377
"M_061","Phalanta phalantha",1,31,0.032258064516129,-0.350039526177026
"M_061","Phelsuma sp1 M PL 084",1,31,0.032258064516129,-0.350039526177026
"M_061","Phelsuma sp1 M PL 085",2,31,0.0645161290322581,-0.0424016951812377
"M_061","Phelsuma sp1 M PL 086",1,31,0.032258064516129,-0.350039526177026
"M_061","Phelsuma sp1 M PL 088",4,31,0.129032258064516,0.57287396681034
"M_061","Phelsuma sp1 M PL 089",1,31,0.032258064516129,-0.350039526177026
"M_061","Phelsuma sp1 M PL 090",4,31,0.129032258064516,0.57287396681034
"M_061","Phelsuma sp1 M PL 091",2,31,0.0645161290322581,-0.0424016951812377
"M_061","Phelsuma sp1 M PL 093",1,31,0.032258064516129,-0.350039526177026
"M_061","Phelsuma sp1 M PL 096",2,31,0.0645161290322581,-0.0424016951812377
"M_061","Phelsuma sp1 M PL 097",1,31,0.032258064516129,-0.350039526177026
"M_061","Phelsuma sp1 M PL 098",1,31,0.032258064516129,-0.350039526177026
"M_061","Phelsuma sp1 M PL 099",4,31,0.129032258064516,0.57287396681034
"M_061","Phelsuma sp1 M PL 100",1,31,0.032258064516129,-0.350039526177026
"M_061","Phelsuma sp1 M PL 101",1,31,0.032258064516129,-0.350039526177026
"M_061","Phelsuma sp1 M PL 102",2,31,0.0645161290322581,-0.0424016951812377
"M_061","Phelsuma sp1 M PL 103",2,31,0.0645161290322581,-0.0424016951812377
"M_061","Phelsuma sp1 M PL 104",3,31,0.0967741935483871,0.265236135814551
"M_061","Phelsuma sp1 M PL 105",1,31,0.032258064516129,-0.350039526177026
"M_061","Phelsuma sp1 M PL 107",2,31,0.0645161290322581,-0.0424016951812377
"M_061","Phelsuma sp1 M PL 111",1,31,0.032258064516129,-0.350039526177026
"M_061","Phelsuma sp1 M PL 112",2,31,0.0645161290322581,-0.0424016951812377
"M_061","Phelsuma sp1 M PL 113",2,31,0.0645161290322581,-0.0424016951812377
"M_061","Phelsuma sp1 M PL 114",2,31,0.0645161290322581,-0.0424016951812377
"M_061","Phelsuma sp1 M PL 115",1,31,0.032258064516129,-0.350039526177026
"M_061","Phelsuma sp1 M PL 118",1,31,0.032258064516129,-0.350039526177026
"M_061","Phelsuma sp1 M PL 119",1,31,0.032258064516129,-0.350039526177026
"M_061","Phelsuma sp1 M PL 120",5,31,0.161290322580645,0.880511797806128
"M_061","Phelsuma sp1 M PL 121",4,31,0.129032258064516,0.57287396681034
"M_061","Phelsuma sp1 M PL 122",3,31,0.0967741935483871,0.265236135814551
"M_061","Phelsuma sp1 M PL 123",4,31,0.129032258064516,0.57287396681034
"M_061","Phelsuma sp1 M PL 128",3,31,0.0967741935483871,0.265236135814551
"M_061","Phelsuma sp1 M PL 129",2,31,0.0645161290322581,-0.0424016951812377
"M_061","Phelsuma sp1 M PL 130",1,31,0.032258064516129,-0.350039526177026
"M_061","Phelsuma sp1 M PL 131",2,31,0.0645161290322581,-0.0424016951812377
"M_061","Physiphoa azurea",4,31,0.129032258064516,0.57287396681034
"M_061","Plagiostenopterina cyanosoma",5,31,0.161290322580645,0.880511797806128
"M_061","Polistes olivaceus",10,31,0.32258064516129,2.41870095278507
"M_061","Rhiparida seychellensis",10,31,0.32258064516129,2.41870095278507
"M_061","Rhynchium brunneum",8,31,0.258064516129032,1.80342529079349
"M_061","Scaptodrosophila sp1 M PL 084",1,31,0.032258064516129,-0.350039526177026
"M_061","Scaptodrosophila sp1 M PL 088",1,31,0.032258064516129,-0.350039526177026
"M_061","Scaptodrosophila sp1 M PL 090",1,31,0.032258064516129,-0.350039526177026
"M_061","Scaptodrosophila sp1 M PL 096",1,31,0.032258064516129,-0.350039526177026
"M_061","Scaptodrosophila sp1 M PL 100",1,31,0.032258064516129,-0.350039526177026
"M_061","Scaptodrosophila sp1 M PL 101",2,31,0.0645161290322581,-0.0424016951812377
"M_061","Scaptodrosophila sp1 M PL 102",1,31,0.032258064516129,-0.350039526177026
"M_061","Scaptodrosophila sp1 M PL 104",1,31,0.032258064516129,-0.350039526177026
"M_061","Scaptodrosophila sp1 M PL 106",1,31,0.032258064516129,-0.350039526177026
"M_061","Scaptodrosophila sp1 M PL 107",1,31,0.032258064516129,-0.350039526177026
"M_061","Scaptodrosophila sp1 M PL 108",1,31,0.032258064516129,-0.350039526177026
"M_061","Scaptodrosophila sp1 M PL 120",1,31,0.032258064516129,-0.350039526177026
"M_061","Scaptodrosophila sp1 M PL 122",2,31,0.0645161290322581,-0.0424016951812377
"M_061","Scaptodrosophila sp1 M PL 123",1,31,0.032258064516129,-0.350039526177026
"M_061","Scaptodrosophila sp1 M PL 130",1,31,0.032258064516129,-0.350039526177026
"M_061","Simosyrphus aegyptius",11,31,0.354838709677419,2.72633878378086
"M_061","Tricimba seychellensis",7,31,0.225806451612903,1.49578745979771
"M_061","Trypoxylon errans",1,31,0.032258064516129,-0.350039526177026
"M_061","Unidentified sp1 M PL 098",1,31,0.032258064516129,-0.350039526177026
"M_061","Unidentified sp1 M PL 103",1,31,0.032258064516129,-0.350039526177026
"M_061","Unidentified sp1 M PL 106",1,31,0.032258064516129,-0.350039526177026
"M_061","Unidentified sp1 M PL 112",1,31,0.032258064516129,-0.350039526177026
"M_061","Unidentified sp1 M PL 113",1,31,0.032258064516129,-0.350039526177026
"M_061","Unidentified sp1 M PL 120",1,31,0.032258064516129,-0.350039526177026
"M_061","Unidentified sp1 M PL 122",1,31,0.032258064516129,-0.350039526177026
"M_061","Unidentified sp1 M PL 123",1,31,0.032258064516129,-0.350039526177026
"M_061","Unidentified sp1 M PL 131",1,31,0.032258064516129,-0.350039526177026
"M_061","Unidentified sp2 M PL 084",1,31,0.032258064516129,-0.350039526177026
"M_061","Unidentified sp2 M PL 085",1,31,0.032258064516129,-0.350039526177026
"M_061","Unidentified sp2 M PL 086",1,31,0.032258064516129,-0.350039526177026
"M_061","Unidentified sp2 M PL 087",1,31,0.032258064516129,-0.350039526177026
"M_061","Unidentified sp2 M PL 088",1,31,0.032258064516129,-0.350039526177026
"M_061","Unidentified sp2 M PL 089",1,31,0.032258064516129,-0.350039526177026
"M_061","Unidentified sp2 M PL 090",2,31,0.0645161290322581,-0.0424016951812377
"M_061","Unidentified sp2 M PL 091",1,31,0.032258064516129,-0.350039526177026
"M_061","Unidentified sp2 M PL 092",1,31,0.032258064516129,-0.350039526177026
"M_061","Unidentified sp2 M PL 093",1,31,0.032258064516129,-0.350039526177026
"M_061","Unidentified sp2 M PL 095",1,31,0.032258064516129,-0.350039526177026
"M_061","Unidentified sp2 M PL 096",1,31,0.032258064516129,-0.350039526177026
"M_061","Unidentified sp2 M PL 098",2,31,0.0645161290322581,-0.0424016951812377
"M_061","Unidentified sp2 M PL 099",1,31,0.032258064516129,-0.350039526177026
"M_061","Unidentified sp2 M PL 101",1,31,0.032258064516129,-0.350039526177026
"M_061","Unidentified sp2 M PL 104",1,31,0.032258064516129,-0.350039526177026
"M_061","Unidentified sp2 M PL 105",1,31,0.032258064516129,-0.350039526177026
"M_061","Unidentified sp2 M PL 106",1,31,0.032258064516129,-0.350039526177026
"M_061","Unidentified sp2 M PL 107",1,31,0.032258064516129,-0.350039526177026
"M_061","Unidentified sp2 M PL 111",1,31,0.032258064516129,-0.350039526177026
"M_061","Unidentified sp2 M PL 114",1,31,0.032258064516129,-0.350039526177026
"M_061","Unidentified sp2 M PL 115",1,31,0.032258064516129,-0.350039526177026
"M_061","Unidentified sp2 M PL 118",1,31,0.032258064516129,-0.350039526177026
"M_061","Unidentified sp2 M PL 119",1,31,0.032258064516129,-0.350039526177026
"M_061","Unidentified sp2 M PL 120",2,31,0.0645161290322581,-0.0424016951812377
"M_061","Unidentified sp2 M PL 121",1,31,0.032258064516129,-0.350039526177026
"M_061","Unidentified sp2 M PL 122",1,31,0.032258064516129,-0.350039526177026
"M_061","Unidentified sp2 M PL 124",1,31,0.032258064516129,-0.350039526177026
"M_061","Unidentified sp2 M PL 125",1,31,0.032258064516129,-0.350039526177026
"M_061","Unidentified sp2 M PL 127",1,31,0.032258064516129,-0.350039526177026
"M_061","Unidentified sp2 M PL 129",1,31,0.032258064516129,-0.350039526177026
"M_061","Unidentified sp2 M PL 130",1,31,0.032258064516129,-0.350039526177026
"M_061","Unidentified sp3 M PL 089",1,31,0.032258064516129,-0.350039526177026
"M_061","Unidentified sp3 M PL 090",1,31,0.032258064516129,-0.350039526177026
"M_061","Unidentified sp3 M PL 091",1,31,0.032258064516129,-0.350039526177026
"M_061","Unidentified sp3 M PL 092",1,31,0.032258064516129,-0.350039526177026
"M_061","Unidentified sp3 M PL 094",1,31,0.032258064516129,-0.350039526177026
"M_061","Unidentified sp3 M PL 095",1,31,0.032258064516129,-0.350039526177026
"M_061","Unidentified sp3 M PL 096",1,31,0.032258064516129,-0.350039526177026
"M_061","Unidentified sp3 M PL 098",1,31,0.032258064516129,-0.350039526177026
"M_061","Unidentified sp3 M PL 099",1,31,0.032258064516129,-0.350039526177026
"M_061","Unidentified sp3 M PL 101",1,31,0.032258064516129,-0.350039526177026
"M_061","Unidentified sp3 M PL 102",1,31,0.032258064516129,-0.350039526177026
"M_061","Unidentified sp3 M PL 103",1,31,0.032258064516129,-0.350039526177026
"M_061","Unidentified sp3 M PL 104",1,31,0.032258064516129,-0.350039526177026
"M_061","Unidentified sp3 M PL 105",1,31,0.032258064516129,-0.350039526177026
"M_061","Unidentified sp3 M PL 106",1,31,0.032258064516129,-0.350039526177026
"M_061","Unidentified sp3 M PL 107",3,31,0.0967741935483871,0.265236135814551
"M_061","Unidentified sp3 M PL 114",1,31,0.032258064516129,-0.350039526177026
"M_061","Unidentified sp3 M PL 115",1,31,0.032258064516129,-0.350039526177026
"M_061","Unidentified sp3 M PL 120",1,31,0.032258064516129,-0.350039526177026
"M_061","Unidentified sp3 M PL 121",1,31,0.032258064516129,-0.350039526177026
"M_061","Unidentified sp3 M PL 123",1,31,0.032258064516129,-0.350039526177026
"M_061","Unidentified sp3 M PL 128",1,31,0.032258064516129,-0.350039526177026
"M_061","Unidentified sp3 M PL 129",1,31,0.032258064516129,-0.350039526177026
"M_061","Unidentified sp3 M PL 130",1,31,0.032258064516129,-0.350039526177026
"M_061","Unidentified sp4 M PL 087",1,31,0.032258064516129,-0.350039526177026
"M_061","Unidentified sp4 M PL 089",2,31,0.0645161290322581,-0.0424016951812377
"M_061","Unidentified sp4 M PL 091",1,31,0.032258064516129,-0.350039526177026
"M_061","Unidentified sp4 M PL 093",1,31,0.032258064516129,-0.350039526177026
"M_061","Unidentified sp4 M PL 094",2,31,0.0645161290322581,-0.0424016951812377
"M_061","Unidentified sp4 M PL 096",5,31,0.161290322580645,0.880511797806128
"M_061","Unidentified sp4 M PL 098",1,31,0.032258064516129,-0.350039526177026
"M_061","Unidentified sp4 M PL 099",2,31,0.0645161290322581,-0.0424016951812377
"M_061","Unidentified sp4 M PL 101",1,31,0.032258064516129,-0.350039526177026
"M_061","Unidentified sp4 M PL 102",1,31,0.032258064516129,-0.350039526177026
"M_061","Unidentified sp4 M PL 111",1,31,0.032258064516129,-0.350039526177026
"M_061","Unidentified sp4 M PL 114",1,31,0.032258064516129,-0.350039526177026
"M_061","Unidentified sp4 M PL 115",1,31,0.032258064516129,-0.350039526177026
"M_061","Unidentified sp4 M PL 120",1,31,0.032258064516129,-0.350039526177026
"M_061","Unidentified sp4 M PL 121",2,31,0.0645161290322581,-0.0424016951812377
"M_061","Unidentified sp4 M PL 123",1,31,0.032258064516129,-0.350039526177026
"M_061","Unidentified sp4 M PL 125",1,31,0.032258064516129,-0.350039526177026
"M_061","Unidentified sp4 M PL 128",1,31,0.032258064516129,-0.350039526177026
"M_061","Unidentified sp4 M PL 130",2,31,0.0645161290322581,-0.0424016951812377
"M_061","Unidentified sp5 M PL 090",2,31,0.0645161290322581,-0.0424016951812377
"M_061","Unidentified sp5 M PL 096",1,31,0.032258064516129,-0.350039526177026
"M_061","Unidentified sp5 M PL 098",1,31,0.032258064516129,-0.350039526177026
"M_061","Unidentified sp5 M PL 114",1,31,0.032258064516129,-0.350039526177026
"M_061","Unidentified sp5 M PL 119",1,31,0.032258064516129,-0.350039526177026
"M_061","Unidentified sp5 M PL 121",2,31,0.0645161290322581,-0.0424016951812377
"M_061","Unidentified sp5 M PL 123",2,31,0.0645161290322581,-0.0424016951812377
"M_061","Unidentified sp5 M PL 126",1,31,0.032258064516129,-0.350039526177026
"M_061","Unidentified sp5 M PL 130",1,31,0.032258064516129,-0.350039526177026
"M_061","Unidentified sp6 M PL 089",1,31,0.032258064516129,-0.350039526177026
"M_061","Unidentified sp6 M PL 096",1,31,0.032258064516129,-0.350039526177026
"M_061","Unidentified sp6 M PL 098",2,31,0.0645161290322581,-0.0424016951812377
"M_061","Unidentified sp6 M PL 121",1,31,0.032258064516129,-0.350039526177026
"M_061","Unidentified sp6 M PL 128",1,31,0.032258064516129,-0.350039526177026
"M_061","Unidentified sp7 M PL 121",1,31,0.032258064516129,-0.350039526177026
"M_061","Xylocopa caffra",9,31,0.290322580645161,2.11106312178928
"M_062","Achalarus lycidas",18,157,0.114649681528662,0.171556688992972
"M_062","Acmaeodera culta",26,157,0.165605095541401,0.576657471144316
"M_062","Acmaeodera pulchella",4,157,0.0254777070063694,-0.53736967977188
"M_062","Acmaeops directa",15,157,0.0955414012738854,0.0196438956862182
"M_062","Acmaeops nigripennis",15,157,0.0955414012738854,0.0196438956862182
"M_062","Acontia candefacta",41,157,0.261146496815287,1.33622143767809
"M_062","Aedes vexans",1,157,0.00636942675159236,-0.689282473078634
"M_062","Agapostemon splendens",1,157,0.00636942675159236,-0.689282473078634
"M_062","Agapostemon texanus",121,157,0.770700636942675,5.38722925919153
"M_062","Ageniella accepta",46,157,0.292993630573248,1.58940942652268
"M_062","Agrilus difficilis",13,157,0.0828025477707006,-0.0816312998516179
"M_062","Agrilus egenus",2,157,0.0127388535031847,-0.638644875309716
"M_062","Agriotes insanus",4,157,0.0254777070063694,-0.53736967977188
"M_062","Agromyza aeneoventris",13,157,0.0828025477707006,-0.0816312998516179
"M_062","Agromyza latipes",14,157,0.089171974522293,-0.0309937020826998
"M_062","Agrothereutes limatus",15,157,0.0955414012738854,0.0196438956862182
"M_062","Agrotis ypsilon",17,157,0.10828025477707,0.120919091224054
"M_062","Aldrichia ehrmanii",14,157,0.089171974522293,-0.0309937020826998
"M_062","Allognosta fuscitarsis",1,157,0.00636942675159236,-0.689282473078634
"M_062","Alophora fumosa",24,157,0.152866242038217,0.47538227560648
"M_062","Alophora grandis",1,157,0.00636942675159236,-0.689282473078634
"M_062","Alophora pulverea",1,157,0.00636942675159236,-0.689282473078634
"M_062","Alydus pilosulus",28,157,0.178343949044586,0.677932666682152
"M_062","Alypia octomaculata",1,157,0.00636942675159236,-0.689282473078634
"M_062","Alyson trianguliferus",16,157,0.101910828025478,0.0702814934551362
"M_062","Amblyscirtes samoset",1,157,0.00636942675159236,-0.689282473078634
"M_062","Amegilla walshii",23,157,0.146496815286624,0.424744677837562
"M_062","Ammobia ichneumonea",14,157,0.089171974522293,-0.0309937020826998
"M_062","Ammobia nuda",7,157,0.0445859872611465,-0.385456886465126
"M_062","Ammobia pennsylvanica",7,157,0.0445859872611465,-0.385456886465126
"M_062","Amobia distincta",3,157,0.0191082802547771,-0.588007277540798
"M_062","Anacrabro ocellatus",6,157,0.0382165605095541,-0.436094484234044
"M_062","Ancistrocerus catskillensis",4,157,0.0254777070063694,-0.53736967977188
"M_062","Ancistrocerus tigris",6,157,0.0382165605095541,-0.436094484234044
"M_062","Ancistrocerus unifasciatus",1,157,0.00636942675159236,-0.689282473078634
"M_062","Ancyloxypha numitor",15,157,0.0955414012738854,0.0196438956862182
"M_062","Andrena arabis",4,157,0.0254777070063694,-0.53736967977188
"M_062","Andrena carlini",59,157,0.375796178343949,2.24769819751861
"M_062","Andrena erythrogastra",19,157,0.121019108280255,0.22219428676189
"M_062","Andrena geranii",5,157,0.0318471337579618,-0.486732082002962
"M_062","Andrena illinoensis",6,157,0.0382165605095541,-0.436094484234044
"M_062","Andrena macoupinensis",4,157,0.0254777070063694,-0.53736967977188
"M_062","Andrena mandibularis",9,157,0.0573248407643312,-0.28418169092729
"M_062","Andrena nigrae",5,157,0.0318471337579618,-0.486732082002962
"M_062","Andrena nothoscordi",10,157,0.0636942675159236,-0.233544093158372
"M_062","Andrena nubecula",1,157,0.00636942675159236,-0.689282473078634
"M_062","Andrena oligolege",1,157,0.00636942675159236,-0.689282473078634
"M_062","Andrena personata",3,157,0.0191082802547771,-0.588007277540798
"M_062","Andrena platyparia",1,157,0.00636942675159236,-0.689282473078634
"M_062","Andrena pruni",83,157,0.528662420382166,3.46300054397264
"M_062","Andrena salicacea",27,157,0.171974522292994,0.627295068913234
"M_062","Andrena salicis",9,157,0.0573248407643312,-0.28418169092729
"M_062","Andrena sayi",2,157,0.0127388535031847,-0.638644875309716
"M_062","Andrena spiraeana",71,157,0.452229299363057,2.85534937074563
"M_062","Andrena tridens",4,157,0.0254777070063694,-0.53736967977188
"M_062","Angitia obscura",5,157,0.0318471337579618,-0.486732082002962
"M_062","Anoplius illinoensis",119,157,0.75796178343949,5.28595406365369
"M_062","Anoplius virginiensis",32,157,0.203821656050955,0.880483057757824
"M_062","Anosia plexippus",8,157,0.0509554140127389,-0.334819288696208
"M_062","Anthedon compta",19,157,0.121019108280255,0.22219428676189
"M_062","Anthemurgus passiflorae",47,157,0.299363057324841,1.64004702429159
"M_062","Anthidium cognatum",15,157,0.0955414012738854,0.0196438956862182
"M_062","Anthocomus erichsoni",104,157,0.662420382165605,4.52639009711992
"M_062","Anthomyia radicum",1,157,0.00636942675159236,-0.689282473078634
"M_062","Anthomyiella pluvialis",2,157,0.0127388535031847,-0.638644875309716
"M_062","Anthomyiella pratincola",5,157,0.0318471337579618,-0.486732082002962
"M_062","Anthophora ursina",1,157,0.00636942675159236,-0.689282473078634
"M_062","Anthrax fulvohirta",1,157,0.00636942675159236,-0.689282473078634
"M_062","Anthrax halcyon",4,157,0.0254777070063694,-0.53736967977188
"M_062","Anthrax hypomelas",1,157,0.00636942675159236,-0.689282473078634
"M_062","Anthrax palliata",11,157,0.0700636942675159,-0.182906495389454
"M_062","Anthrax sinuosa",32,157,0.203821656050955,0.880483057757824
"M_062","Anthrenus castaneae",7,157,0.0445859872611465,-0.385456886465126
"M_062","Anthrenus musaeorum",91,157,0.579617834394904,3.86810132612399
"M_062","Apanteles terminalis",2,157,0.0127388535031847,-0.638644875309716
"M_062","Araba tergata",7,157,0.0445859872611465,-0.385456886465126
"M_062","Archytas analis",15,157,0.0955414012738854,0.0196438956862182
"M_062","Archytas aterrima",7,157,0.0445859872611465,-0.385456886465126
"M_062","Archytas hystrix",5,157,0.0318471337579618,-0.486732082002962
"M_062","Argynnis cybele",4,157,0.0254777070063694,-0.53736967977188
"M_062","Asclera puncticollis",10,157,0.0636942675159236,-0.233544093158372
"M_062","Asclera ruficollis",2,157,0.0127388535031847,-0.638644875309716
"M_062","Ashmeadiella bucconis",42,157,0.267515923566879,1.386859035447
"M_062","Aspicera albihirta",1,157,0.00636942675159236,-0.689282473078634
"M_062","Astatus bicolor",6,157,0.0382165605095541,-0.436094484234044
"M_062","Astatus unicolor",1,157,0.00636942675159236,-0.689282473078634
"M_062","Atrytone delaware",2,157,0.0127388535031847,-0.638644875309716
"M_062","Attagenus piceus",1,157,0.00636942675159236,-0.689282473078634
"M_062","Attalus scincetus",5,157,0.0318471337579618,-0.486732082002962
"M_062","Augochlora fervida",1,157,0.00636942675159236,-0.689282473078634
"M_062","Babia 4 guttata",15,157,0.0955414012738854,0.0196438956862182
"M_062","Baccha aurinota",1,157,0.00636942675159236,-0.689282473078634
"M_062","Baccha clavata",1,157,0.00636942675159236,-0.689282473078634
"M_062","Baccha fuscipennis",1,157,0.00636942675159236,-0.689282473078634
"M_062","Baccha tarchetius",34,157,0.21656050955414,0.98175825329566
"M_062","Basilarchia archippus",59,157,0.375796178343949,2.24769819751861
"M_062","Bassus sanctus",3,157,0.0191082802547771,-0.588007277540798
"M_062","Bathycetes scutellaris",1,157,0.00636942675159236,-0.689282473078634
"M_062","Batizonus algidus",42,157,0.267515923566879,1.386859035447
"M_062","Batyle suturalis",12,157,0.0764331210191083,-0.132268897620536
"M_062","Belpharipeza leucophrys",2,157,0.0127388535031847,-0.638644875309716
"M_062","Belvosia bifasciata",4,157,0.0254777070063694,-0.53736967977188
"M_062","Belvosia unifasciata",1,157,0.00636942675159236,-0.689282473078634
"M_062","Bembix nubillipennis",23,157,0.146496815286624,0.424744677837562
"M_062","Bembix spinolae",21,157,0.133757961783439,0.323469482299726
"M_062","Bibio albipennis",60,157,0.382165605095541,2.29833579528753
"M_062","Bibio femoratus",2,157,0.0127388535031847,-0.638644875309716
"M_062","Bibio pallipes",22,157,0.140127388535032,0.374107080068644
"M_062","Bicyrtes 4 fasciata",2,157,0.0127388535031847,-0.638644875309716
"M_062","Bicyrtes ventralis",25,157,0.159235668789809,0.526019873375398
"M_062","Biomyia georgiae",8,157,0.0509554140127389,-0.334819288696208
"M_062","Blepharipeza leucophrys",41,157,0.261146496815287,1.33622143767809
"M_062","Blepharipus harringtonii",3,157,0.0191082802547771,-0.588007277540798
"M_062","Boettcheria cimbicis",2,157,0.0127388535031847,-0.638644875309716
"M_062","Bombias scutellaris",5,157,0.0318471337579618,-0.486732082002962
"M_062","Bombomelecta thoracica",9,157,0.0573248407643312,-0.28418169092729
"M_062","Bombus americanorum",1,157,0.00636942675159236,-0.689282473078634
"M_062","Bombus impatiens",12,157,0.0764331210191083,-0.132268897620536
"M_062","Bombus pennsylvanicus",6,157,0.0382165605095541,-0.436094484234044
"M_062","Bombus ridingsii",3,157,0.0191082802547771,-0.588007277540798
"M_062","Bombylius atriceps",37,157,0.235668789808917,1.13367104660241
"M_062","Bombylius azaleae",10,157,0.0636942675159236,-0.233544093158372
"M_062","Bombylius pulchellus",6,157,0.0382165605095541,-0.436094484234044
"M_062","Borborus equinus",26,157,0.165605095541401,0.576657471144316
"M_062","Brachycoma intermedia",15,157,0.0955414012738854,0.0196438956862182
"M_062","Brachycoma sarcophagina",7,157,0.0445859872611465,-0.385456886465126
"M_062","Brachypalpus frontosus",27,157,0.171974522292994,0.627295068913234
"M_062","Brachypalpus rileyi",24,157,0.152866242038217,0.47538227560648
"M_062","Brachystoma robertsonii",1,157,0.00636942675159236,-0.689282473078634
"M_062","Bracon longicauda",9,157,0.0573248407643312,-0.28418169092729
"M_062","Bracon simplex",28,157,0.178343949044586,0.677932666682152
"M_062","Bracon trifolii",3,157,0.0191082802547771,-0.588007277540798
"M_062","Bracon vernoniae",38,157,0.24203821656051,1.18430864437133
"M_062","Bruchophagus funebris",3,157,0.0191082802547771,-0.588007277540798
"M_062","Bruchus bivulneratus",3,157,0.0191082802547771,-0.588007277540798
"M_062","Bruchus discoideus",6,157,0.0382165605095541,-0.436094484234044
"M_062","Bruchus hibisci",10,157,0.0636942675159236,-0.233544093158372
"M_062","Bruchus minus",2,157,0.0127388535031847,-0.638644875309716
"M_062","Bruchus obsoletus",12,157,0.0764331210191083,-0.132268897620536
"M_062","Bruchus obtectus",2,157,0.0127388535031847,-0.638644875309716
"M_062","Callida punctata",7,157,0.0445859872611465,-0.385456886465126
"M_062","Callimorpha fulvicosta",10,157,0.0636942675159236,-0.233544093158372
"M_062","Callimoxys sanguinicollis",2,157,0.0127388535031847,-0.638644875309716
"M_062","Calliopsis andreniformis",13,157,0.0828025477707006,-0.0816312998516179
"M_062","Calliopsis coloradensis",10,157,0.0636942675159236,-0.233544093158372
"M_062","Calliphora erythrocephala",9,157,0.0573248407643312,-0.28418169092729
"M_062","Calliphora vomitoria",2,157,0.0127388535031847,-0.638644875309716
"M_062","Calocoris rapidus",43,157,0.273885350318471,1.43749663321592
"M_062","Calopteron reticulatum",3,157,0.0191082802547771,-0.588007277540798
"M_062","Calythea albicincta",12,157,0.0764331210191083,-0.132268897620536
"M_062","Campsomeris confluenta",2,157,0.0127388535031847,-0.638644875309716
"M_062","Camptoneura picta",1,157,0.00636942675159236,-0.689282473078634
"M_062","Canthophorus cinctus",4,157,0.0254777070063694,-0.53736967977188
"M_062","Carceris robertsonii",67,157,0.426751592356688,2.65279897966995
"M_062","Carmenta pyralidiformis",11,157,0.0700636942675159,-0.182906495389454
"M_062","Carneades velleripennis",17,157,0.10828025477707,0.120919091224054
"M_062","Celatoria diabroticae",1,157,0.00636942675159236,-0.689282473078634
"M_062","Cemolobus ipomoeae",4,157,0.0254777070063694,-0.53736967977188
"M_062","Cemolobus oligolege",11,157,0.0700636942675159,-0.182906495389454
"M_062","Cemonus inornatus",44,157,0.280254777070064,1.48813423098484
"M_062","Centrias erigerontis",3,157,0.0191082802547771,-0.588007277540798
"M_062","Centrinites strigicollis",38,157,0.24203821656051,1.18430864437133
"M_062","Centrinus perscillus",3,157,0.0191082802547771,-0.588007277540798
"M_062","Centrinus picumnus",9,157,0.0573248407643312,-0.28418169092729
"M_062","Centrinus scutellum album",8,157,0.0509554140127389,-0.334819288696208
"M_062","Ceratina dupla",85,157,0.54140127388535,3.56427573951048
"M_062","Ceratoma caminea",32,157,0.203821656050955,0.880483057757824
"M_062","Ceratomyiella conica",2,157,0.0127388535031847,-0.638644875309716
"M_062","Ceratopogon fusculus",12,157,0.0764331210191083,-0.132268897620536
"M_062","Ceratopogon websteri",26,157,0.165605095541401,0.576657471144316
"M_062","Ceratosmia lignaria",7,157,0.0445859872611465,-0.385456886465126
"M_062","Ceratosoma fasciata",3,157,0.0191082802547771,-0.588007277540798
"M_062","Cerceris clypeata",31,157,0.197452229299363,0.829845459988906
"M_062","Cerceris compar",2,157,0.0127388535031847,-0.638644875309716
"M_062","Cerceris frontata",13,157,0.0828025477707006,-0.0816312998516179
"M_062","Cerceris fulvipes",24,157,0.152866242038217,0.47538227560648
"M_062","Cerceris fumipennis",1,157,0.00636942675159236,-0.689282473078634
"M_062","Cerceris insolita",29,157,0.184713375796178,0.72857026445107
"M_062","Cerceris kennicottii",1,157,0.00636942675159236,-0.689282473078634
"M_062","Cerceris prominens",7,157,0.0445859872611465,-0.385456886465126
"M_062","Cerceris raui",3,157,0.0191082802547771,-0.588007277540798
"M_062","Cerceris robertsonii",1,157,0.00636942675159236,-0.689282473078634
"M_062","Cerceris rufinoda",5,157,0.0318471337579618,-0.486732082002962
"M_062","Cercyonis alope",7,157,0.0445859872611465,-0.385456886465126
"M_062","Ceria abbreviata",12,157,0.0764331210191083,-0.132268897620536
"M_062","Ceropales bipunctata",2,157,0.0127388535031847,-0.638644875309716
"M_062","Ceropales fraterna",1,157,0.00636942675159236,-0.689282473078634
"M_062","Ceropales fulvipes",4,157,0.0254777070063694,-0.53736967977188
"M_062","Ceropales robinsonii",90,157,0.573248407643312,3.81746372835507
"M_062","Chaerocampa tersa",10,157,0.0636942675159236,-0.233544093158372
"M_062","Chaetogaedia analis",1,157,0.00636942675159236,-0.689282473078634
"M_062","Chaetophleps setosa",1,157,0.00636942675159236,-0.689282473078634
"M_062","Chalcis flavipes",7,157,0.0445859872611465,-0.385456886465126
"M_062","Chalcomyia aerea",4,157,0.0254777070063694,-0.53736967977188
"M_062","Chalybion caeruleum",1,157,0.00636942675159236,-0.689282473078634
"M_062","Charidryas nycteis",5,157,0.0318471337579618,-0.486732082002962
"M_062","Chelonus sericeus",2,157,0.0127388535031847,-0.638644875309716
"M_062","Chelostomoides rufimanus",11,157,0.0700636942675159,-0.182906495389454
"M_062","Chelynia foederalis",18,157,0.114649681528662,0.171556688992972
"M_062","Chilosia capillata",45,157,0.286624203821656,1.53877182875376
"M_062","Chilosia cyanescens",6,157,0.0382165605095541,-0.436094484234044
"M_062","Chilosia pallipes",4,157,0.0254777070063694,-0.53736967977188
"M_062","Chilosia petulca",14,157,0.089171974522293,-0.0309937020826998
"M_062","Chilosia punctulata",1,157,0.00636942675159236,-0.689282473078634
"M_062","Chloerocampa tersa",1,157,0.00636942675159236,-0.689282473078634
"M_062","Chloralictus albipennis",63,157,0.401273885350318,2.45024858859428
"M_062","Chloralictus cressonii",8,157,0.0509554140127389,-0.334819288696208
"M_062","Chloralictus foveolatus",6,157,0.0382165605095541,-0.436094484234044
"M_062","Chloralictus illinoensis",28,157,0.178343949044586,0.677932666682152
"M_062","Chloralictus obscurus",5,157,0.0318471337579618,-0.486732082002962
"M_062","Chloralictus smilacinae",6,157,0.0382165605095541,-0.436094484234044
"M_062","Chlorion caeruleum",36,157,0.229299363057325,1.0830334488335
"M_062","Chlorops approximatinervis",4,157,0.0254777070063694,-0.53736967977188
"M_062","Chlorops assimilis",17,157,0.10828025477707,0.120919091224054
"M_062","Chlorops proxima",1,157,0.00636942675159236,-0.689282473078634
"M_062","Chlorops pulverea",3,157,0.0191082802547771,-0.588007277540798
"M_062","Chrysis intricata",3,157,0.0191082802547771,-0.588007277540798
"M_062","Chrysis texana",19,157,0.121019108280255,0.22219428676189
"M_062","Chrysocharis oscinidis",13,157,0.0828025477707006,-0.0816312998516179
"M_062","Chrysochlamys dives",16,157,0.101910828025478,0.0702814934551362
"M_062","Chrysogaster nigripes",10,157,0.0636942675159236,-0.233544093158372
"M_062","Chrysomela similis",1,157,0.00636942675159236,-0.689282473078634
"M_062","Chrysophanus thoe",3,157,0.0191082802547771,-0.588007277540798
"M_062","Chrysops indus",1,157,0.00636942675159236,-0.689282473078634
"M_062","Chrystogaster ontario",15,157,0.0955414012738854,0.0196438956862182
"M_062","Chyliza apicalis",2,157,0.0127388535031847,-0.638644875309716
"M_062","Cistogaster occidua",1,157,0.00636942675159236,-0.689282473078634
"M_062","Clisodon terminalis",9,157,0.0573248407643312,-0.28418169092729
"M_062","Clusia lateralis",11,157,0.0700636942675159,-0.182906495389454
"M_062","Clytiomyia flava",26,157,0.165605095541401,0.576657471144316
"M_062","Clytiomyia fucata",12,157,0.0764331210191083,-0.132268897620536
"M_062","Clytochrysus obscurus",2,157,0.0127388535031847,-0.638644875309716
"M_062","Coccinella 9 notata",5,157,0.0318471337579618,-0.486732082002962
"M_062","Coccinella sanguinea",3,157,0.0191082802547771,-0.588007277540798
"M_062","Coelioxys 8 dentata",23,157,0.146496815286624,0.424744677837562
"M_062","Coelioxys alternata",65,157,0.414012738853503,2.55152378413212
"M_062","Coelioxys germana",12,157,0.0764331210191083,-0.132268897620536
"M_062","Coelioxys modesta",13,157,0.0828025477707006,-0.0816312998516179
"M_062","Coelioxys rufitarsis",8,157,0.0509554140127389,-0.334819288696208
"M_062","Coelioxys sayi",20,157,0.127388535031847,0.272831884530808
"M_062","Coenosia 6 notata",2,157,0.0127388535031847,-0.638644875309716
"M_062","Coenosia fuscopunctata",14,157,0.089171974522293,-0.0309937020826998
"M_062","Coenosia lacteipennis",6,157,0.0382165605095541,-0.436094484234044
"M_062","Colletes albescens",2,157,0.0127388535031847,-0.638644875309716
"M_062","Colletes americanus",1,157,0.00636942675159236,-0.689282473078634
"M_062","Colletes armatus",10,157,0.0636942675159236,-0.233544093158372
"M_062","Colletes brevicornis",1,157,0.00636942675159236,-0.689282473078634
"M_062","Colletes compactus",13,157,0.0828025477707006,-0.0816312998516179
"M_062","Colletes inaequalis",5,157,0.0318471337579618,-0.486732082002962
"M_062","Colletes nudus",48,157,0.305732484076433,1.69068462206051
"M_062","Colletes oligolege",3,157,0.0191082802547771,-0.588007277540798
"M_062","Colletes productus",14,157,0.089171974522293,-0.0309937020826998
"M_062","Colletes similis",1,157,0.00636942675159236,-0.689282473078634
"M_062","Colletes speciosus",3,157,0.0191082802547771,-0.588007277540798
"M_062","Colletes willistonii",22,157,0.140127388535032,0.374107080068644
"M_062","Collops 4 maculatus",31,157,0.197452229299363,0.829845459988906
"M_062","Compsomyia macellaria",7,157,0.0445859872611465,-0.385456886465126
"M_062","Conops sylvosus",22,157,0.140127388535032,0.374107080068644
"M_062","Conops xanthopareus",4,157,0.0254777070063694,-0.53736967977188
"M_062","Cordylura munda",12,157,0.0764331210191083,-0.132268897620536
"M_062","Corimelaena lateralis",2,157,0.0127388535031847,-0.638644875309716
"M_062","Corimelaena pulicaria",25,157,0.159235668789809,0.526019873375398
"M_062","Coriscus ferus",8,157,0.0509554140127389,-0.334819288696208
"M_062","Corizus lateralis",80,157,0.509554140127389,3.31108775066589
"M_062","Corphyra terminalis",2,157,0.0127388535031847,-0.638644875309716
"M_062","Corticaria distinguenda",15,157,0.0955414012738854,0.0196438956862182
"M_062","Cothonaspis stigmata",4,157,0.0254777070063694,-0.53736967977188
"M_062","Crambus laqueatellus",11,157,0.0700636942675159,-0.182906495389454
"M_062","Cremastogaster lineolata",13,157,0.0828025477707006,-0.0816312998516179
"M_062","Cremastus retiniae",7,157,0.0445859872611465,-0.385456886465126
"M_062","Criorhina decora",1,157,0.00636942675159236,-0.689282473078634
"M_062","Criorhina intersistens",1,157,0.00636942675159236,-0.689282473078634
"M_062","Criorhina umbratilis",3,157,0.0191082802547771,-0.588007277540798
"M_062","Cryptocephalus insertus",8,157,0.0509554140127389,-0.334819288696208
"M_062","Cryptocheilus agenioides",5,157,0.0318471337579618,-0.486732082002962
"M_062","Cryptocheilus conicus",3,157,0.0191082802547771,-0.588007277540798
"M_062","Cryptocheilus fulgifrons",6,157,0.0382165605095541,-0.436094484234044
"M_062","Cryptorhopalum haemorrhoidale",14,157,0.089171974522293,-0.0309937020826998
"M_062","Cryptorhopalum triste",7,157,0.0445859872611465,-0.385456886465126
"M_062","Cryptus exulans",35,157,0.222929936305732,1.03239585106458
"M_062","Cryptus persimilis",2,157,0.0127388535031847,-0.638644875309716
"M_062","Culex nigripes",40,157,0.254777070063694,1.28558383990917
"M_062","Culex stimulans",8,157,0.0509554140127389,-0.334819288696208
"M_062","Curtisapis coriacea",1,157,0.00636942675159236,-0.689282473078634
"M_062","Curtisapis forbesii",24,157,0.152866242038217,0.47538227560648
"M_062","Curtisapis fuscipennis",1,157,0.00636942675159236,-0.689282473078634
"M_062","Cyllene decorus",9,157,0.0573248407643312,-0.28418169092729
"M_062","Cynomyia cadaverina",37,157,0.235668789808917,1.13367104660241
"M_062","Cyphocera fucata",9,157,0.0573248407643312,-0.28418169092729
"M_062","Cyphopyga montivaga",13,157,0.0828025477707006,-0.0816312998516179
"M_062","Dacnusa flavicincta",36,157,0.229299363057325,1.0830334488335
"M_062","Deilephila lineata",6,157,0.0382165605095541,-0.436094484234044
"M_062","Diabrotica 12 punctata",17,157,0.10828025477707,0.120919091224054
"M_062","Diabrotica longicornis",5,157,0.0318471337579618,-0.486732082002962
"M_062","Dialonia antennariae",1,157,0.00636942675159236,-0.689282473078634
"M_062","Dianthidium boreale",1,157,0.00636942675159236,-0.689282473078634
"M_062","Diaplazon sycophanta",1,157,0.00636942675159236,-0.689282473078634
"M_062","Diceratosmia conjuncta",53,157,0.337579617834395,1.9438726109051
"M_062","Didea fasciata",17,157,0.10828025477707,0.120919091224054
"M_062","Dilophus serotinus",16,157,0.101910828025478,0.0702814934551362
"M_062","Diptera sp1 M PL 134",2,157,0.0127388535031847,-0.638644875309716
"M_062","Diptera sp2 M PL 134",5,157,0.0318471337579618,-0.486732082002962
"M_062","Diptera sp3 M PL 134",7,157,0.0445859872611465,-0.385456886465126
"M_062","Diptera sp4 M PL 134",3,157,0.0191082802547771,-0.588007277540798
"M_062","Diptera sp6 M PL 134",48,157,0.305732484076433,1.69068462206051
"M_062","Diptera sp7 M PL 134",4,157,0.0254777070063694,-0.53736967977188
"M_062","Disonycha limbicollis",6,157,0.0382165605095541,-0.436094484234044
"M_062","Distichona auriceps",13,157,0.0828025477707006,-0.0816312998516179
"M_062","Ditemnus bidentatus",10,157,0.0636942675159236,-0.233544093158372
"M_062","Dolerus aprilis",17,157,0.10828025477707,0.120919091224054
"M_062","Dolerus bicolor",13,157,0.0828025477707006,-0.0816312998516179
"M_062","Dolerus sericeus",1,157,0.00636942675159236,-0.689282473078634
"M_062","Drasteria erechtea",6,157,0.0382165605095541,-0.436094484234044
"M_062","Drepanium falciferum",16,157,0.101910828025478,0.0702814934551362
"M_062","Drosophila varia",14,157,0.089171974522293,-0.0309937020826998
"M_062","Dynatosoma thoracicum",4,157,0.0254777070063694,-0.53736967977188
"M_062","Ectemnius atriceps",2,157,0.0127388535031847,-0.638644875309716
"M_062","Elachiptera costata",27,157,0.171974522292994,0.627295068913234
"M_062","Elachiptera flavida",4,157,0.0254777070063694,-0.53736967977188
"M_062","Elasmus nigripes",27,157,0.171974522292994,0.627295068913234
"M_062","Elis 5 cincta",59,157,0.375796178343949,2.24769819751861
"M_062","Elis interrupta",2,157,0.0127388535031847,-0.638644875309716
"M_062","Elis thoracica",2,157,0.0127388535031847,-0.638644875309716
"M_062","Ellychnia corrusca",10,157,0.0636942675159236,-0.233544093158372
"M_062","Emphor bombiformis",4,157,0.0254777070063694,-0.53736967977188
"M_062","Emphoropsis floridana",2,157,0.0127388535031847,-0.638644875309716
"M_062","Empis distans",28,157,0.178343949044586,0.677932666682152
"M_062","Empis humilis",6,157,0.0382165605095541,-0.436094484234044
"M_062","Empis loripedis",4,157,0.0254777070063694,-0.53736967977188
"M_062","Empis otiosa",4,157,0.0254777070063694,-0.53736967977188
"M_062","Ennyomma clistoides",7,157,0.0445859872611465,-0.385456886465126
"M_062","Ennyomma globosa",3,157,0.0191082802547771,-0.588007277540798
"M_062","Enoplium 4 punctatum",13,157,0.0828025477707006,-0.0816312998516179
"M_062","Entomognathus texanus",2,157,0.0127388535031847,-0.638644875309716
"M_062","Epalpus signiferus",13,157,0.0828025477707006,-0.0816312998516179
"M_062","Epeolus autumnalis",1,157,0.00636942675159236,-0.689282473078634
"M_062","Epeolus bifasciatus",6,157,0.0382165605095541,-0.436094484234044
"M_062","Epeolus correopsis",8,157,0.0509554140127389,-0.334819288696208
"M_062","Epeolus pusillus",13,157,0.0828025477707006,-0.0816312998516179
"M_062","Epicauta cinerea",2,157,0.0127388535031847,-0.638644875309716
"M_062","Epicauta pennsylvanica",5,157,0.0318471337579618,-0.486732082002962
"M_062","Epicauta trichrus",20,157,0.127388535031847,0.272831884530808
"M_062","Epigrimyia floridensis",14,157,0.089171974522293,-0.0309937020826998
"M_062","Epigrimyia polita",13,157,0.0828025477707006,-0.0816312998516179
"M_062","Epimelissodes atripes",1,157,0.00636942675159236,-0.689282473078634
"M_062","Epimelissodes oligolege",14,157,0.089171974522293,-0.0309937020826998
"M_062","Epurea truncatella",13,157,0.0828025477707006,-0.0816312998516179
"M_062","Epysiron biguttatus",1,157,0.00636942675159236,-0.689282473078634
"M_062","Eristalis bastardi",4,157,0.0254777070063694,-0.53736967977188
"M_062","Eristalis brousi",1,157,0.00636942675159236,-0.689282473078634
"M_062","Eristalis flavipes",5,157,0.0318471337579618,-0.486732082002962
"M_062","Eristalis latifrons",31,157,0.197452229299363,0.829845459988906
"M_062","Eristalis meigenii",18,157,0.114649681528662,0.171556688992972
"M_062","Eristalis tenax",1,157,0.00636942675159236,-0.689282473078634
"M_062","Euaresta bella",2,157,0.0127388535031847,-0.638644875309716
"M_062","Eucerceris zonatus",16,157,0.101910828025478,0.0702814934551362
"M_062","Euchistus ictericus",49,157,0.312101910828025,1.74132221982943
"M_062","Eucoila mellipes",8,157,0.0509554140127389,-0.334819288696208
"M_062","Euderces picipes",4,157,0.0254777070063694,-0.53736967977188
"M_062","Eugnamptus angustatus",19,157,0.121019108280255,0.22219428676189
"M_062","Eugnoriste occidentalis",2,157,0.0127388535031847,-0.638644875309716
"M_062","Eumenes fraternus",42,157,0.267515923566879,1.386859035447
"M_062","Eumyotheria illinoensis",97,157,0.617834394904459,4.1719269127375
"M_062","Euphoria fulgida",29,157,0.184713375796178,0.72857026445107
"M_062","Euphorus mellipes",96,157,0.611464968152866,4.12128931496858
"M_062","Euphyes verna",1,157,0.00636942675159236,-0.689282473078634
"M_062","Eupsyche m album",18,157,0.114649681528662,0.171556688992972
"M_062","Euptoieta claudia",12,157,0.0764331210191083,-0.132268897620536
"M_062","Eurema lisa",21,157,0.133757961783439,0.323469482299726
"M_062","Euryceromyia robertsonii",3,157,0.0191082802547771,-0.588007277540798
"M_062","Eurytoma diastrophi",1,157,0.00636942675159236,-0.689282473078634
"M_062","Euschistus fissilis",11,157,0.0700636942675159,-0.182906495389454
"M_062","Euschistus variolarius",7,157,0.0445859872611465,-0.385456886465126
"M_062","Eutelus flavipes",6,157,0.0382165605095541,-0.436094484234044
"M_062","Euthera tentatrix",5,157,0.0318471337579618,-0.486732082002962
"M_062","Eutrichosoma mirabilis",18,157,0.114649681528662,0.171556688992972
"M_062","Euvanessa antiopa",2,157,0.0127388535031847,-0.638644875309716
"M_062","Euxesta notata",1,157,0.00636942675159236,-0.689282473078634
"M_062","Evylaeus 4 maculatus",1,157,0.00636942675159236,-0.689282473078634
"M_062","Evylaeus arcuatus",90,157,0.573248407643312,3.81746372835507
"M_062","Evylaeus nelumbonis",5,157,0.0318471337579618,-0.486732082002962
"M_062","Evylaeus pectinatus",2,157,0.0127388535031847,-0.638644875309716
"M_062","Evylaeus pectoralis",2,157,0.0127388535031847,-0.638644875309716
"M_062","Evylaeus truncatus",5,157,0.0318471337579618,-0.486732082002962
"M_062","Exetastes obscurus",1,157,0.00636942675159236,-0.689282473078634
"M_062","Exetastes suaveolens",10,157,0.0636942675159236,-0.233544093158372
"M_062","Exoprosopa decora",4,157,0.0254777070063694,-0.53736967977188
"M_062","Exoprosopa emarginata",1,157,0.00636942675159236,-0.689282473078634
"M_062","Exoprosopa fasciata",4,157,0.0254777070063694,-0.53736967977188
"M_062","Exoprosopa fascipennis",15,157,0.0955414012738854,0.0196438956862182
"M_062","Exorista confinis",40,157,0.254777070063694,1.28558383990917
"M_062","Exorista nigripalpis",11,157,0.0700636942675159,-0.182906495389454
"M_062","Feltia subgothica",5,157,0.0318471337579618,-0.486732082002962
"M_062","Figites impatiens",10,157,0.0636942675159236,-0.233544093158372
"M_062","Florilegus condignus",24,157,0.152866242038217,0.47538227560648
"M_062","Foenus tarsatorius",1,157,0.00636942675159236,-0.689282473078634
"M_062","Formica fusca",3,157,0.0191082802547771,-0.588007277540798
"M_062","Formica rufibarbis",36,157,0.229299363057325,1.0830334488335
"M_062","Formica schaufussi",5,157,0.0318471337579618,-0.486732082002962
"M_062","Frontina aletiae",40,157,0.254777070063694,1.28558383990917
"M_062","Frontina archippivora",4,157,0.0254777070063694,-0.53736967977188
"M_062","Frontina frenchii",32,157,0.203821656050955,0.880483057757824
"M_062","Gambrus albonotatus",8,157,0.0509554140127389,-0.334819288696208
"M_062","Gambrus apicatus",2,157,0.0127388535031847,-0.638644875309716
"M_062","Geranomyia canadensis",4,157,0.0254777070063694,-0.53736967977188
"M_062","Geron rufipes",4,157,0.0254777070063694,-0.53736967977188
"M_062","Glypta rufiscutellaris",1,157,0.00636942675159236,-0.689282473078634
"M_062","Glypta simplicipes",17,157,0.10828025477707,0.120919091224054
"M_062","Glyptina spuria",1,157,0.00636942675159236,-0.689282473078634
"M_062","Gnathias ovatus",80,157,0.509554140127389,3.31108775066589
"M_062","Gnathosmia georgica",3,157,0.0191082802547771,-0.588007277540798
"M_062","Gonia exul",36,157,0.229299363057325,1.0830334488335
"M_062","Goniozus cellularis",1,157,0.00636942675159236,-0.689282473078634
"M_062","Gonochrysis perpulchra",6,157,0.0382165605095541,-0.436094484234044
"M_062","Graphomyia americana",3,157,0.0191082802547771,-0.588007277540798
"M_062","Gymnochaeta alcedo",6,157,0.0382165605095541,-0.436094484234044
"M_062","Gymnosoma fuliginosa",2,157,0.0127388535031847,-0.638644875309716
"M_062","Habrobracon gelechiae",1,157,0.00636942675159236,-0.689282473078634
"M_062","Halictoides marginatus",1,157,0.00636942675159236,-0.689282473078634
"M_062","Halictus lerouxii",70,157,0.445859872611465,2.80471177297671
"M_062","Hallictoides marginatus",1,157,0.00636942675159236,-0.689282473078634
"M_062","Haltica carinata",8,157,0.0509554140127389,-0.334819288696208
"M_062","Haltichella ornata",66,157,0.420382165605096,2.60216138190104
"M_062","Haltichella xanticles",6,157,0.0382165605095541,-0.436094484234044
"M_062","Hammomyia paludis",28,157,0.178343949044586,0.677932666682152
"M_062","Harmostes reflexulus",3,157,0.0191082802547771,-0.588007277540798
"M_062","Harrisina americana",11,157,0.0700636942675159,-0.182906495389454
"M_062","Hedychrum parvum",1,157,0.00636942675159236,-0.689282473078634
"M_062","Hedychrum violaceum",13,157,0.0828025477707006,-0.0816312998516179
"M_062","Helicobia 4 setosa",4,157,0.0254777070063694,-0.53736967977188
"M_062","Heliothis armiger",1,157,0.00636942675159236,-0.689282473078634
"M_062","Heliothis dipsaceus",1,157,0.00636942675159236,-0.689282473078634
"M_062","Helophilus divisus",78,157,0.496815286624204,3.20981255512805
"M_062","Helophilus latifrons",37,157,0.235668789808917,1.13367104660241
"M_062","Hemaris axillaris",5,157,0.0318471337579618,-0.486732082002962
"M_062","Hemaris thysbe",5,157,0.0318471337579618,-0.486732082002962
"M_062","Heminomada obliterata",16,157,0.101910828025478,0.0702814934551362
"M_062","Hemiteles gracilariae",38,157,0.24203821656051,1.18430864437133
"M_062","Heodes hypophlaeas",14,157,0.089171974522293,-0.0309937020826998
"M_062","Hesperia montivaga",30,157,0.191082802547771,0.779207862219988
"M_062","Heterosarus parvus",30,157,0.191082802547771,0.779207862219988
"M_062","Hilarella aristalis",10,157,0.0636942675159236,-0.233544093158372
"M_062","Hippelates plebejus",48,157,0.305732484076433,1.69068462206051
"M_062","Hippelates pusio",2,157,0.0127388535031847,-0.638644875309716
"M_062","Hippodamea 13 punctata",1,157,0.00636942675159236,-0.689282473078634
"M_062","Hippodamea 15 maculata",1,157,0.00636942675159236,-0.689282473078634
"M_062","Hippodamea convergens",1,157,0.00636942675159236,-0.689282473078634
"M_062","Hippodamea glacialiis",1,157,0.00636942675159236,-0.689282473078634
"M_062","Hippodamea parenthesis",1,157,0.00636942675159236,-0.689282473078634
"M_062","Hister americanus",22,157,0.140127388535032,0.374107080068644
"M_062","Hister subrotundus",4,157,0.0254777070063694,-0.53736967977188
"M_062","Holcopasites heliopsis",55,157,0.35031847133758,2.04514780644294
"M_062","Holonomada affabilis",41,157,0.261146496815287,1.33622143767809
"M_062","Holonomada placida",3,157,0.0191082802547771,-0.588007277540798
"M_062","Holonomada superba",6,157,0.0382165605095541,-0.436094484234044
"M_062","Holonomada vincta",15,157,0.0955414012738854,0.0196438956862182
"M_062","Holopyga ventralis",4,157,0.0254777070063694,-0.53736967977188
"M_062","Homalomyia prostrata",2,157,0.0127388535031847,-0.638644875309716
"M_062","Hoplisus atricornis",11,157,0.0700636942675159,-0.182906495389454
"M_062","Hoplisus simillimus",10,157,0.0636942675159236,-0.233544093158372
"M_062","Hoplitis cylindricus",20,157,0.127388535031847,0.272831884530808
"M_062","Hyalomyodes triangulifera",14,157,0.089171974522293,-0.0309937020826998
"M_062","Hyalurgus johnsoni",78,157,0.496815286624204,3.20981255512805
"M_062","Hydrophoria ambigua",1,157,0.00636942675159236,-0.689282473078634
"M_062","Hylemyia laevis",6,157,0.0382165605095541,-0.436094484234044
"M_062","Hylemyia plumosa",1,157,0.00636942675159236,-0.689282473078634
"M_062","Hylephila phylaeus",2,157,0.0127388535031847,-0.638644875309716
"M_062","Hylotoma humeralis",16,157,0.101910828025478,0.0702814934551362
"M_062","Hypocrabro 10 maculatus",1,157,0.00636942675159236,-0.689282473078634
"M_062","Hypostena barbata",1,157,0.00636942675159236,-0.689282473078634
"M_062","Hypostena dunningii",8,157,0.0509554140127389,-0.334819288696208
"M_062","Hypostena indecisa",39,157,0.248407643312102,1.23494624214025
"M_062","Hyptia reticulata",26,157,0.165605095541401,0.576657471144316
"M_062","Ichneumon funestus",16,157,0.101910828025478,0.0702814934551362
"M_062","Ichneumon jucundus",16,157,0.101910828025478,0.0702814934551362
"M_062","Ichneumon longulus",29,157,0.184713375796178,0.72857026445107
"M_062","Ichneumon succinctus",5,157,0.0318471337579618,-0.486732082002962
"M_062","Idiolespa analis",1,157,0.00636942675159236,-0.689282473078634
"M_062","Idiostethus subcalvus",7,157,0.0445859872611465,-0.385456886465126
"M_062","Iomelissa violae",7,157,0.0445859872611465,-0.385456886465126
"M_062","Iphiaulax rugator",2,157,0.0127388535031847,-0.638644875309716
"M_062","Isodontia apicalis",20,157,0.127388535031847,0.272831884530808
"M_062","Isodontia macrocephala",1,157,0.00636942675159236,-0.689282473078634
"M_062","Lampronota americana",49,157,0.312101910828025,1.74132221982943
"M_062","Lampronota coxalis",21,157,0.133757961783439,0.323469482299726
"M_062","Lampronota varia",2,157,0.0127388535031847,-0.638644875309716
"M_062","Lasius niger",2,157,0.0127388535031847,-0.638644875309716
"M_062","Leionotus arvensis",41,157,0.261146496815287,1.33622143767809
"M_062","Leionotus clypeatus",4,157,0.0254777070063694,-0.53736967977188
"M_062","Leionotus dorsalis",21,157,0.133757961783439,0.323469482299726
"M_062","Leionotus fulvipes",13,157,0.0828025477707006,-0.0816312998516179
"M_062","Leionotus fundatus",1,157,0.00636942675159236,-0.689282473078634
"M_062","Leionotus illinoensis",9,157,0.0573248407643312,-0.28418169092729
"M_062","Leionotus leucomelas",1,157,0.00636942675159236,-0.689282473078634
"M_062","Leionotus megaera",9,157,0.0573248407643312,-0.28418169092729
"M_062","Leionotus molestus",26,157,0.165605095541401,0.576657471144316
"M_062","Leionotus perennis",4,157,0.0254777070063694,-0.53736967977188
"M_062","Leionotus scrophulariae",23,157,0.146496815286624,0.424744677837562
"M_062","Leionotus vagus",1,157,0.00636942675159236,-0.689282473078634
"M_062","Leptura pubera",76,157,0.484076433121019,3.10853735959022
"M_062","Leptura vittata",18,157,0.114649681528662,0.171556688992972
"M_062","Leskia analis",15,157,0.0955414012738854,0.0196438956862182
"M_062","Leskiomima prima",5,157,0.0318471337579618,-0.486732082002962
"M_062","Leskiomima secunda",5,157,0.0318471337579618,-0.486732082002962
"M_062","Leucania albilinea",3,157,0.0191082802547771,-0.588007277540798
"M_062","Leucopis nigricornis",30,157,0.191082802547771,0.779207862219988
"M_062","Leucosmia albiventria",22,157,0.140127388535032,0.374107080068644
"M_062","Leucostoma nigricornis",1,157,0.00636942675159236,-0.689282473078634
"M_062","Leucostoma siphonina",6,157,0.0382165605095541,-0.436094484234044
"M_062","Limneria eurycreontis",4,157,0.0254777070063694,-0.53736967977188
"M_062","Limneria fura",22,157,0.140127388535032,0.374107080068644
"M_062","Limnobaris prolixa",2,157,0.0127388535031847,-0.638644875309716
"M_062","Limnophora narona",56,157,0.356687898089172,2.09578540421186
"M_062","Limochores taumas",34,157,0.21656050955414,0.98175825329566
"M_062","Limonius griseus",21,157,0.133757961783439,0.323469482299726
"M_062","Lina lapponica",3,157,0.0191082802547771,-0.588007277540798
"M_062","Lindenius errans",9,157,0.0573248407643312,-0.28418169092729
"M_062","Linnaemyia compta",28,157,0.178343949044586,0.677932666682152
"M_062","Lispa albitarsis",39,157,0.248407643312102,1.23494624214025
"M_062","Lispa consanguinea",5,157,0.0318471337579618,-0.486732082002962
"M_062","Lispa uliginosa",4,157,0.0254777070063694,-0.53736967977188
"M_062","Lobioptera indecora",1,157,0.00636942675159236,-0.689282473078634
"M_062","Lonchaea aberrans",1,157,0.00636942675159236,-0.689282473078634
"M_062","Lonchaea parvicornis",7,157,0.0445859872611465,-0.385456886465126
"M_062","Lophocrabro singularis",5,157,0.0318471337579618,-0.486732082002962
"M_062","Lophopompilus atrox",2,157,0.0127388535031847,-0.638644875309716
"M_062","Lophopompilus philadelphicus",10,157,0.0636942675159236,-0.233544093158372
"M_062","Lopidea media",6,157,0.0382165605095541,-0.436094484234044
"M_062","Loxostege similalis",17,157,0.10828025477707,0.120919091224054
"M_062","Lucilia sericata",8,157,0.0509554140127389,-0.334819288696208
"M_062","Lucilia sylvarum",38,157,0.24203821656051,1.18430864437133
"M_062","Luperaltica fuscula",10,157,0.0636942675159236,-0.233544093158372
"M_062","Lygaeus turcicus",14,157,0.089171974522293,-0.0309937020826998
"M_062","Lygus pratensis",6,157,0.0382165605095541,-0.436094484234044
"M_062","Lyroda subita",7,157,0.0445859872611465,-0.385456886465126
"M_062","Machaeris illinoensis",82,157,0.522292993630573,3.41236294620373
"M_062","Macrobasis unicolor",20,157,0.127388535031847,0.272831884530808
"M_062","Macrodyctium apicatus",2,157,0.0127388535031847,-0.638644875309716
"M_062","Macropis steironematis",24,157,0.152866242038217,0.47538227560648
"M_062","Mallota illinoensis",9,157,0.0573248407643312,-0.28418169092729
"M_062","Mallota posticata",20,157,0.127388535031847,0.272831884530808
"M_062","Megachile 6 dentata",5,157,0.0318471337579618,-0.486732082002962
"M_062","Megachile addenda",6,157,0.0382165605095541,-0.436094484234044
"M_062","Megachile generosa",23,157,0.146496815286624,0.424744677837562
"M_062","Megachile mendica",15,157,0.0955414012738854,0.0196438956862182
"M_062","Megachile oligolege",6,157,0.0382165605095541,-0.436094484234044
"M_062","Megachile petulans",1,157,0.00636942675159236,-0.689282473078634
"M_062","Megachile strophostylis",3,157,0.0191082802547771,-0.588007277540798
"M_062","Megilla maculata",11,157,0.0700636942675159,-0.182906495389454
"M_062","Melanostoma mellinum",2,157,0.0127388535031847,-0.638644875309716
"M_062","Melanotus communis",9,157,0.0573248407643312,-0.28418169092729
"M_062","Melissodes agilis",50,157,0.318471337579618,1.79195981759835
"M_062","Melissodes autumnalis",30,157,0.191082802547771,0.779207862219988
"M_062","Melissodes cnici",18,157,0.114649681528662,0.171556688992972
"M_062","Melissodes coloradensis",1,157,0.00636942675159236,-0.689282473078634
"M_062","Melissodes comptoides",3,157,0.0191082802547771,-0.588007277540798
"M_062","Melissodes coreopsis",3,157,0.0191082802547771,-0.588007277540798
"M_062","Melissodes oligolege",5,157,0.0318471337579618,-0.486732082002962
"M_062","Melissodes pallida",10,157,0.0636942675159236,-0.233544093158372
"M_062","Melissodes simillima",12,157,0.0764331210191083,-0.132268897620536
"M_062","Melissodes vernoniana",13,157,0.0828025477707006,-0.0816312998516179
"M_062","Mellota cimbiciformis",2,157,0.0127388535031847,-0.638644875309716
"M_062","Melyris cribrata",3,157,0.0191082802547771,-0.588007277540798
"M_062","Meromyza americana",39,157,0.248407643312102,1.23494624214025
"M_062","Mesogramma geminata",7,157,0.0445859872611465,-0.385456886465126
"M_062","Mesogramma polita",36,157,0.229299363057325,1.0830334488335
"M_062","Methoca stygia",1,157,0.00636942675159236,-0.689282473078634
"M_062","Metopia leucocephala",4,157,0.0254777070063694,-0.53736967977188
"M_062","Metopius polycinctorius",12,157,0.0764331210191083,-0.132268897620536
"M_062","Metopius terminalis",10,157,0.0636942675159236,-0.233544093158372
"M_062","Metoposarcophaga pachyprocta",7,157,0.0445859872611465,-0.385456886465126
"M_062","Microbracon tortricicola",78,157,0.496815286624204,3.20981255512805
"M_062","Microchrysa polita",9,157,0.0573248407643312,-0.28418169092729
"M_062","Microdus simillimus",1,157,0.00636942675159236,-0.689282473078634
"M_062","Microplitis croceipes",10,157,0.0636942675159236,-0.233544093158372
"M_062","Microplitis gortynae",3,157,0.0191082802547771,-0.588007277540798
"M_062","Microstelis lateralis",17,157,0.10828025477707,0.120919091224054
"M_062","Midas clavatus",2,157,0.0127388535031847,-0.638644875309716
"M_062","Midas tibialis",7,157,0.0445859872611465,-0.385456886465126
"M_062","Milesia ornata",21,157,0.133757961783439,0.323469482299726
"M_062","Milichiella lucidula",2,157,0.0127388535031847,-0.638644875309716
"M_062","Mimesa cressonii",1,157,0.00636942675159236,-0.689282473078634
"M_062","Molorchus bimaculatus",1,157,0.00636942675159236,-0.689282473078634
"M_062","Monilosmia canadensis",1,157,0.00636942675159236,-0.689282473078634
"M_062","Monobia 4 dens",2,157,0.0127388535031847,-0.638644875309716
"M_062","Monochrysis parvula",1,157,0.00636942675159236,-0.689282473078634
"M_062","Mordella 8 punctata",46,157,0.292993630573248,1.58940942652268
"M_062","Mordella melaena",11,157,0.0700636942675159,-0.182906495389454
"M_062","Mordella scutellaris",15,157,0.0955414012738854,0.0196438956862182
"M_062","Mordella triloba",1,157,0.00636942675159236,-0.689282473078634
"M_062","Mordellistena aspersa",30,157,0.191082802547771,0.779207862219988
"M_062","Mordellistena biplagiata",17,157,0.10828025477707,0.120919091224054
"M_062","Mordellistena comata",70,157,0.445859872611465,2.80471177297671
"M_062","Mordellistena grammica",3,157,0.0191082802547771,-0.588007277540798
"M_062","Mordellistena lutea",13,157,0.0828025477707006,-0.0816312998516179
"M_062","Mordellistena ornata",13,157,0.0828025477707006,-0.0816312998516179
"M_062","Mordellistena pubescens",9,157,0.0573248407643312,-0.28418169092729
"M_062","Morellia micans",54,157,0.343949044585987,1.99451020867402
"M_062","Musca domestica",12,157,0.0764331210191083,-0.132268897620536
"M_062","Mutilla hexagona",2,157,0.0127388535031847,-0.638644875309716
"M_062","Mutilla scrupea",5,157,0.0318471337579618,-0.486732082002962
"M_062","Mydaea diruta",28,157,0.178343949044586,0.677932666682152
"M_062","Mydaea socialis",1,157,0.00636942675159236,-0.689282473078634
"M_062","Myiolepta nigra",2,157,0.0127388535031847,-0.638644875309716
"M_062","Myiolepta strigilata",1,157,0.00636942675159236,-0.689282473078634
"M_062","Myiolepta varipes",7,157,0.0445859872611465,-0.385456886465126
"M_062","Myocera cremides",4,157,0.0254777070063694,-0.53736967977188
"M_062","Myodites fasciatus",9,157,0.0573248407643312,-0.28418169092729
"M_062","Myopa pilosa",1,157,0.00636942675159236,-0.689282473078634
"M_062","Myospila meditabunda",22,157,0.140127388535032,0.374107080068644
"M_062","Myrmosa unicolor",9,157,0.0573248407643312,-0.28418169092729
"M_062","Nathalis iole",8,157,0.0509554140127389,-0.334819288696208
"M_062","Nematus vertebratus",17,157,0.10828025477707,0.120919091224054
"M_062","Nemognatha vittigera",2,157,0.0127388535031847,-0.638644875309716
"M_062","Nemopoda minuta",1,157,0.00636942675159236,-0.689282473078634
"M_062","Nemotelus glaber",10,157,0.0636942675159236,-0.233544093158372
"M_062","Neofischeria flava",1,157,0.00636942675159236,-0.689282473078634
"M_062","Neotrypetes barbatus",48,157,0.305732484076433,1.69068462206051
"M_062","Neotrypetes productus",1,157,0.00636942675159236,-0.689282473078634
"M_062","Neotrypetes truncatus",3,157,0.0191082802547771,-0.588007277540798
"M_062","Nomada cressonii",29,157,0.184713375796178,0.72857026445107
"M_062","Nomada denticulata",19,157,0.121019108280255,0.22219428676189
"M_062","Nomada illinoensis",10,157,0.0636942675159236,-0.233544093158372
"M_062","Nomada parva",7,157,0.0445859872611465,-0.385456886465126
"M_062","Nomada salicis",8,157,0.0509554140127389,-0.334819288696208
"M_062","Nomada simplex",1,157,0.00636942675159236,-0.689282473078634
"M_062","Nothus varians",5,157,0.0318471337579618,-0.486732082002962
"M_062","Notiphila unicolor",1,157,0.00636942675159236,-0.689282473078634
"M_062","Notoglossa cressonii",6,157,0.0382165605095541,-0.436094484234044
"M_062","Notoglossa emarginata",26,157,0.165605095541401,0.576657471144316
"M_062","Notoglossa inornata",50,157,0.318471337579618,1.79195981759835
"M_062","Notogonidea argentata",37,157,0.235668789808917,1.13367104660241
"M_062","Notozus hyalinus",45,157,0.286624203821656,1.53877182875376
"M_062","Nysson plagiatus",34,157,0.21656050955414,0.98175825329566
"M_062","Ochthera lauta",5,157,0.0318471337579618,-0.486732082002962
"M_062","Ochthera predaceous",39,157,0.248407643312102,1.23494624214025
"M_062","Ocyptera argentea",2,157,0.0127388535031847,-0.638644875309716
"M_062","Ocyptera dosiades",1,157,0.00636942675159236,-0.689282473078634
"M_062","Ocyptera lata",28,157,0.178343949044586,0.677932666682152
"M_062","Ocyptera nigra",33,157,0.210191082802548,0.931120655526742
"M_062","Ocyptera tenuis",8,157,0.0509554140127389,-0.334819288696208
"M_062","Odontalictus ligatus",49,157,0.312101910828025,1.74132221982943
"M_062","Odontalictus nigrirostris",2,157,0.0127388535031847,-0.638644875309716
"M_062","Odontomyia cincta",1,157,0.00636942675159236,-0.689282473078634
"M_062","Odontomyia pubescens",1,157,0.00636942675159236,-0.689282473078634
"M_062","Oligotropus campanulae",5,157,0.0318471337579618,-0.486732082002962
"M_062","Oligotropus oligolege",3,157,0.0191082802547771,-0.588007277540798
"M_062","Onthophagus pennsylvanicus",86,157,0.547770700636943,3.6149133372794
"M_062","Opandrena dubia",1,157,0.00636942675159236,-0.689282473078634
"M_062","Opandrena miserabilis",70,157,0.445859872611465,2.80471177297671
"M_062","Opandrena serotina",4,157,0.0254777070063694,-0.53736967977188
"M_062","Opandrena zizae",1,157,0.00636942675159236,-0.689282473078634
"M_062","Ophion bifoveolatum",7,157,0.0445859872611465,-0.385456886465126
"M_062","Ophyra leucostoma",34,157,0.21656050955414,0.98175825329566
"M_062","Opius fuscipennis",1,157,0.00636942675159236,-0.689282473078634
"M_062","Opsidia gonioides",3,157,0.0191082802547771,-0.588007277540798
"M_062","Orgilus rileyi",22,157,0.140127388535032,0.374107080068644
"M_062","Orphilus glabratus",11,157,0.0700636942675159,-0.182906495389454
"M_062","Ortholomus longiceps",6,157,0.0382165605095541,-0.436094484234044
"M_062","Orthoneura nitida",9,157,0.0573248407643312,-0.28418169092729
"M_062","Orthoneura pictipennis",1,157,0.00636942675159236,-0.689282473078634
"M_062","Oscinis coxendix",151,157,0.961783439490446,6.90635719225907
"M_062","Oscinis trigramma",17,157,0.10828025477707,0.120919091224054
"M_062","Osmia atriventris",13,157,0.0828025477707006,-0.0816312998516179
"M_062","Osmia collinsiae",3,157,0.0191082802547771,-0.588007277540798
"M_062","Osmia illinoensis",2,157,0.0127388535031847,-0.638644875309716
"M_062","Oxacis thoracica",5,157,0.0318471337579618,-0.486732082002962
"M_062","Oxybelus 4 notatus",9,157,0.0573248407643312,-0.28418169092729
"M_062","Oxystoglossa similis",5,157,0.0318471337579618,-0.486732082002962
"M_062","Pachybrachys atomarius",2,157,0.0127388535031847,-0.638644875309716
"M_062","Pachymeria pudica",16,157,0.101910828025478,0.0702814934551362
"M_062","Pachyneuron mesograptae",32,157,0.203821656050955,0.880483057757824
"M_062","Pachyophthalmus floridensis",8,157,0.0509554140127389,-0.334819288696208
"M_062","Pachyophthalmus signatus",65,157,0.414012738853503,2.55152378413212
"M_062","Padabrus tomentosus",11,157,0.0700636942675159,-0.182906495389454
"M_062","Palmodes dimidiata",4,157,0.0254777070063694,-0.53736967977188
"M_062","Pamphila dion",5,157,0.0318471337579618,-0.486732082002962
"M_062","Pamphila hobomok",1,157,0.00636942675159236,-0.689282473078634
"M_062","Panzeria radicum",14,157,0.089171974522293,-0.0309937020826998
"M_062","Papilio asterias",4,157,0.0254777070063694,-0.53736967977188
"M_062","Paradidyma singularis",14,157,0.089171974522293,-0.0309937020826998
"M_062","Paralictus cephalicus",3,157,0.0191082802547771,-0.588007277540798
"M_062","Paralictus platyparius",10,157,0.0636942675159236,-0.233544093158372
"M_062","Paralictus simplex",4,157,0.0254777070063694,-0.53736967977188
"M_062","Parandrena andrenoides",61,157,0.388535031847134,2.34897339305645
"M_062","Paranomia nortonii",4,157,0.0254777070063694,-0.53736967977188
"M_062","Parempis clausa",1,157,0.00636942675159236,-0.689282473078634
"M_062","Peleteria robusta",41,157,0.261146496815287,1.33622143767809
"M_062","Pentaria trifasciata",19,157,0.121019108280255,0.22219428676189
"M_062","Peponapis pruinosa",8,157,0.0509554140127389,-0.334819288696208
"M_062","Perdita 8 maculata",27,157,0.171974522292994,0.627295068913234
"M_062","Perditella boltoniae",3,157,0.0191082802547771,-0.588007277540798
"M_062","Perditella oligolege",1,157,0.00636942675159236,-0.689282473078634
"M_062","Perilampus fulvicornis",32,157,0.203821656050955,0.880483057757824
"M_062","Perilampus platygaster",21,157,0.133757961783439,0.323469482299726
"M_062","Phasioclista metallica",2,157,0.0127388535031847,-0.638644875309716
"M_062","Philampelus pandorus",15,157,0.0955414012738854,0.0196438956862182
"M_062","Philanthus politus",1,157,0.00636942675159236,-0.689282473078634
"M_062","Philanthus punctatus",2,157,0.0127388535031847,-0.638644875309716
"M_062","Philanthus ventilabris",9,157,0.0573248407643312,-0.28418169092729
"M_062","Pholisora catullus",9,157,0.0573248407643312,-0.28418169092729
"M_062","Pholisora hayhurstii",8,157,0.0509554140127389,-0.334819288696208
"M_062","Phor integer",74,157,0.471337579617834,3.00726216405238
"M_062","Phora fungicola",23,157,0.146496815286624,0.424744677837562
"M_062","Phoramia terraenovae",5,157,0.0318471337579618,-0.486732082002962
"M_062","Phorantha asteris",4,157,0.0254777070063694,-0.53736967977188
"M_062","Phorantha humeralis",1,157,0.00636942675159236,-0.689282473078634
"M_062","Phorantha magna",17,157,0.10828025477707,0.120919091224054
"M_062","Phorantha pruinosa",9,157,0.0573248407643312,-0.28418169092729
"M_062","Phorantha purpurascens",11,157,0.0700636942675159,-0.182906495389454
"M_062","Phorantha robertsonii",10,157,0.0636942675159236,-0.233544093158372
"M_062","Phorbia cinerella",46,157,0.292993630573248,1.58940942652268
"M_062","Phormia regina",34,157,0.21656050955414,0.98175825329566
"M_062","Phormia terraenovae",1,157,0.00636942675159236,-0.689282473078634
"M_062","Photinus pyralis",35,157,0.222929936305732,1.03239585106458
"M_062","Phthiria aldrichi",1,157,0.00636942675159236,-0.689282473078634
"M_062","Phthiria cincta",8,157,0.0509554140127389,-0.334819288696208
"M_062","Phthiria sulphurea",7,157,0.0445859872611465,-0.385456886465126
"M_062","Phyciodes tharos",25,157,0.159235668789809,0.526019873375398
"M_062","Phygadeuon vulgaris",8,157,0.0509554140127389,-0.334819288696208
"M_062","Phymata wolffii",1,157,0.00636942675159236,-0.689282473078634
"M_062","Physocephala texana",22,157,0.140127388535032,0.374107080068644
"M_062","Physocephala tibialis",9,157,0.0573248407643312,-0.28418169092729
"M_062","Phyto clesides",36,157,0.229299363057325,1.0830334488335
"M_062","Phytocoris scrupeus",30,157,0.191082802547771,0.779207862219988
"M_062","Phytomyza palpalis",14,157,0.089171974522293,-0.0309937020826998
"M_062","Pimpla notanda",2,157,0.0127388535031847,-0.638644875309716
"M_062","Pimpla notiva",15,157,0.0955414012738854,0.0196438956862182
"M_062","Piophila casei",1,157,0.00636942675159236,-0.689282473078634
"M_062","Pipiza femoralis",25,157,0.159235668789809,0.526019873375398
"M_062","Pipiza festiva",5,157,0.0318471337579618,-0.486732082002962
"M_062","Pipiza pistica",8,157,0.0509554140127389,-0.334819288696208
"M_062","Pipiza pubescens",1,157,0.00636942675159236,-0.689282473078634
"M_062","Pipiza pulchella",13,157,0.0828025477707006,-0.0816312998516179
"M_062","Plagiognathus obscurus",1,157,0.00636942675159236,-0.689282473078634
"M_062","Plagiotoma obliqua",25,157,0.159235668789809,0.526019873375398
"M_062","Planiceps feralis",12,157,0.0764331210191083,-0.132268897620536
"M_062","Planiceps niger",8,157,0.0509554140127389,-0.334819288696208
"M_062","Plusia precationis",11,157,0.0700636942675159,-0.182906495389454
"M_062","Plusia simplex",1,157,0.00636942675159236,-0.689282473078634
"M_062","Podabrus brunnicollis",5,157,0.0318471337579618,-0.486732082002962
"M_062","Podabrus rugulosus",1,157,0.00636942675159236,-0.689282473078634
"M_062","Podabrus tomentosus",6,157,0.0382165605095541,-0.436094484234044
"M_062","Podisus spinosus",7,157,0.0445859872611465,-0.385456886465126
"M_062","Poecilopompilus interruptus",31,157,0.197452229299363,0.829845459988906
"M_062","Poecilopompilus navus",2,157,0.0127388535031847,-0.638644875309716
"M_062","Polidea americana",3,157,0.0191082802547771,-0.588007277540798
"M_062","Polidea areos",1,157,0.00636942675159236,-0.689282473078634
"M_062","Polistes annularis",6,157,0.0382165605095541,-0.436094484234044
"M_062","Polistes pallipes",5,157,0.0318471337579618,-0.486732082002962
"M_062","Polistes rubiginosus",3,157,0.0191082802547771,-0.588007277540798
"M_062","Polistes variatus",26,157,0.165605095541401,0.576657471144316
"M_062","Pollenia rudis",5,157,0.0318471337579618,-0.486732082002962
"M_062","Polyblastus citripes",1,157,0.00636942675159236,-0.689282473078634
"M_062","Polygonia interrogationis",7,157,0.0445859872611465,-0.385456886465126
"M_062","Polysphincta slossinae",60,157,0.382165605095541,2.29833579528753
"M_062","Pompiloides americanus",18,157,0.114649681528662,0.171556688992972
"M_062","Pompiloides divisus",5,157,0.0318471337579618,-0.486732082002962
"M_062","Pompiloides marginatus",1,157,0.00636942675159236,-0.689282473078634
"M_062","Pompiloides subviolaceus",21,157,0.133757961783439,0.323469482299726
"M_062","Pontia protodice",22,157,0.140127388535032,0.374107080068644
"M_062","Porizon albipennis",32,157,0.203821656050955,0.880483057757824
"M_062","Porizon conotracheli",2,157,0.0127388535031847,-0.638644875309716
"M_062","Priocnemoides terminatus",18,157,0.114649681528662,0.171556688992972
"M_062","Priocnemoides unifasciatus",17,157,0.10828025477707,0.120919091224054
"M_062","Priononyx atrata",14,157,0.089171974522293,-0.0309937020826998
"M_062","Priononyx thomae",3,157,0.0191082802547771,-0.588007277540798
"M_062","Proboscimyia siphonina",1,157,0.00636942675159236,-0.689282473078634
"M_062","Proclitus mellipes",2,157,0.0127388535031847,-0.638644875309716
"M_062","Prosopis crataegi",10,157,0.0636942675159236,-0.233544093158372
"M_062","Prosopis eulophi",9,157,0.0573248407643312,-0.28418169092729
"M_062","Prosopis illinoensis",2,157,0.0127388535031847,-0.638644875309716
"M_062","Prosopis nelumbonis",22,157,0.140127388535032,0.374107080068644
"M_062","Prosopis pygmaea",4,157,0.0254777070063694,-0.53736967977188
"M_062","Prosopis saniculae",2,157,0.0127388535031847,-0.638644875309716
"M_062","Prosopis thaspii",49,157,0.312101910828025,1.74132221982943
"M_062","Prosopis ziziae",3,157,0.0191082802547771,-0.588007277540798
"M_062","Protocalliphora splendida",1,157,0.00636942675159236,-0.689282473078634
"M_062","Protoparee celeus",10,157,0.0636942675159236,-0.233544093158372
"M_062","Protothyreopus bigeminus",2,157,0.0127388535031847,-0.638644875309716
"M_062","Protothyreopus rufifemur",21,157,0.133757961783439,0.323469482299726
"M_062","Psammochares relativus",17,157,0.10828025477707,0.120919091224054
"M_062","Psammochares scelestus",1,157,0.00636942675159236,-0.689282473078634
"M_062","Psen tibialis",5,157,0.0318471337579618,-0.486732082002962
"M_062","Pseudagenia mellipes",11,157,0.0700636942675159,-0.182906495389454
"M_062","Pseudocrabro chrysargirus",3,157,0.0191082802547771,-0.588007277540798
"M_062","Pseudomethoca canadensis",5,157,0.0318471337579618,-0.486732082002962
"M_062","Pseudopanurgus albitarsis",4,157,0.0254777070063694,-0.53736967977188
"M_062","Pseudopanurgus asteris",2,157,0.0127388535031847,-0.638644875309716
"M_062","Pseudopanurgus compositarum",6,157,0.0382165605095541,-0.436094484234044
"M_062","Pseudopanurgus labrosiformis",48,157,0.305732484076433,1.69068462206051
"M_062","Pseudopanurgus labrosus",57,157,0.363057324840764,2.14642300198077
"M_062","Pseudopanurgus rudbeckiae",2,157,0.0127388535031847,-0.638644875309716
"M_062","Pseudopanurgus rugosus",1,157,0.00636942675159236,-0.689282473078634
"M_062","Pseudoplisus divisus",7,157,0.0445859872611465,-0.385456886465126
"M_062","Pseudoplisus phaleratus",4,157,0.0254777070063694,-0.53736967977188
"M_062","Pseudosiobla excavata",24,157,0.152866242038217,0.47538227560648
"M_062","Psilodora impatiens",1,157,0.00636942675159236,-0.689282473078634
"M_062","Psilota buccata",4,157,0.0254777070063694,-0.53736967977188
"M_062","Psithyrus laboriosus",2,157,0.0127388535031847,-0.638644875309716
"M_062","Psithyrus variabilis",3,157,0.0191082802547771,-0.588007277540798
"M_062","Psysocephala texana",7,157,0.0445859872611465,-0.385456886465126
"M_062","Pterandrena aliciae",8,157,0.0509554140127389,-0.334819288696208
"M_062","Pterandrena asteris",18,157,0.114649681528662,0.171556688992972
"M_062","Pterandrena helianthi",30,157,0.191082802547771,0.779207862219988
"M_062","Pterandrena krigiana",8,157,0.0509554140127389,-0.334819288696208
"M_062","Pterandrena lauracea",1,157,0.00636942675159236,-0.689282473078634
"M_062","Pterandrena pulchella",5,157,0.0318471337579618,-0.486732082002962
"M_062","Pterandrena solidaginis",7,157,0.0445859872611465,-0.385456886465126
"M_062","Pterochilus 5 fasciatus",3,157,0.0191082802547771,-0.588007277540798
"M_062","Ptilandrena erigeniae",2,157,0.0127388535031847,-0.638644875309716
"M_062","Ptilandrena g  maculati",18,157,0.114649681528662,0.171556688992972
"M_062","Ptilandrena polemonii",6,157,0.0382165605095541,-0.436094484234044
"M_062","Ptilodexia abdominalis",3,157,0.0191082802547771,-0.588007277540798
"M_062","Pyractomena angulata",2,157,0.0127388535031847,-0.638644875309716
"M_062","Pyrota mylabrina",3,157,0.0191082802547771,-0.588007277540798
"M_062","Rhabdopterus picipes",3,157,0.0191082802547771,-0.588007277540798
"M_062","Rhamphomyia gilvipilosa",34,157,0.21656050955414,0.98175825329566
"M_062","Rhamphomyia irregularis",10,157,0.0636942675159236,-0.233544093158372
"M_062","Rhamphomyia limbata",5,157,0.0318471337579618,-0.486732082002962
"M_062","Rhamphomyia mutabilis",1,157,0.00636942675159236,-0.689282473078634
"M_062","Rhamphomyia piligeronis",12,157,0.0764331210191083,-0.132268897620536
"M_062","Rhamphomyia priapulus",21,157,0.133757961783439,0.323469482299726
"M_062","Rhamphomyia rava",3,157,0.0191082802547771,-0.588007277540798
"M_062","Rhingia nasica",14,157,0.089171974522293,-0.0309937020826998
"M_062","Rhipiphorus dimidiatus",1,157,0.00636942675159236,-0.689282473078634
"M_062","Rhipiphorus limbatus",74,157,0.471337579617834,3.00726216405238
"M_062","Rhodobaenus 13 punctatus",2,157,0.0127388535031847,-0.638644875309716
"M_062","Rhopalum pedicellatum",7,157,0.0445859872611465,-0.385456886465126
"M_062","Rivellia 4 fasciata",10,157,0.0636942675159236,-0.233544093158372
"M_062","Rivellia pallida",6,157,0.0382165605095541,-0.436094484234044
"M_062","Rivellia viridulans",1,157,0.00636942675159236,-0.689282473078634
"M_062","Robertsonomyia palpalis",14,157,0.089171974522293,-0.0309937020826998
"M_062","Saparnopolius fulvus",56,157,0.356687898089172,2.09578540421186
"M_062","Sapromyza longipennis",56,157,0.356687898089172,2.09578540421186
"M_062","Sapromyza vulgaris",1,157,0.00636942675159236,-0.689282473078634
"M_062","Sapyga centrata",69,157,0.439490445859873,2.75407417520779
"M_062","Sarcophaga alcedo",3,157,0.0191082802547771,-0.588007277540798
"M_062","Sarcophaga aldrichi",1,157,0.00636942675159236,-0.689282473078634
"M_062","Sarcophaga assidua",19,157,0.121019108280255,0.22219428676189
"M_062","Sarcophaga bullata",1,157,0.00636942675159236,-0.689282473078634
"M_062","Sarcophaga dux sarracenioides",1,157,0.00636942675159236,-0.689282473078634
"M_062","Sarcophaga haemorrhoidalis",6,157,0.0382165605095541,-0.436094484234044
"M_062","Sarcophaga hunteri",13,157,0.0828025477707006,-0.0816312998516179
"M_062","Sarcophaga impar",3,157,0.0191082802547771,-0.588007277540798
"M_062","Sarcophaga marginata",2,157,0.0127388535031847,-0.638644875309716
"M_062","Sarcophaga sinuata",30,157,0.191082802547771,0.779207862219988
"M_062","Sargus viridis",1,157,0.00636942675159236,-0.689282473078634
"M_062","Sarogaster georgica",1,157,0.00636942675159236,-0.689282473078634
"M_062","Sayapis pollicaris",25,157,0.159235668789809,0.526019873375398
"M_062","Sayapis pugnata",2,157,0.0127388535031847,-0.638644875309716
"M_062","Sayapis sayi",6,157,0.0382165605095541,-0.436094484234044
"M_062","Scatophaga furcata",5,157,0.0318471337579618,-0.486732082002962
"M_062","Scatopse pulicaria",102,157,0.64968152866242,4.42511490158209
"M_062","Scenopinus nubillipes",76,157,0.484076433121019,3.10853735959022
"M_062","Scepsis fulvicollis",13,157,0.0828025477707006,-0.0816312998516179
"M_062","Schinia jaguarina",1,157,0.00636942675159236,-0.689282473078634
"M_062","Sciara atrata",16,157,0.101910828025478,0.0702814934551362
"M_062","Sciomyza humilis",7,157,0.0445859872611465,-0.385456886465126
"M_062","Scolia nobilitata",99,157,0.630573248407643,4.27320210827533
"M_062","Scotiptera parvicornis",5,157,0.0318471337579618,-0.486732082002962
"M_062","Scymnus consobrinus",37,157,0.235668789808917,1.13367104660241
"M_062","Senotainia trilineata",25,157,0.159235668789809,0.526019873375398
"M_062","Seoptera colon",1,157,0.00636942675159236,-0.689282473078634
"M_062","Sepsis violacea",9,157,0.0573248407643312,-0.28418169092729
"M_062","Seracosomus silaceus",7,157,0.0445859872611465,-0.385456886465126
"M_062","Seymnus terminatus",3,157,0.0191082802547771,-0.588007277540798
"M_062","Silaon inerme",1,157,0.00636942675159236,-0.689282473078634
"M_062","Simulium pecuarum",3,157,0.0191082802547771,-0.588007277540798
"M_062","Sinea diadema",3,157,0.0191082802547771,-0.588007277540798
"M_062","Siphona geniculata",34,157,0.21656050955414,0.98175825329566
"M_062","Siphonella cinerea",1,157,0.00636942675159236,-0.689282473078634
"M_062","Siphonella inquilina",43,157,0.273885350318471,1.43749663321592
"M_062","Siphoplagia anomala",7,157,0.0445859872611465,-0.385456886465126
"M_062","Siphoplagia flaccidirostris",1,157,0.00636942675159236,-0.689282473078634
"M_062","Smicra debilis",18,157,0.114649681528662,0.171556688992972
"M_062","Smicra torvina",30,157,0.191082802547771,0.779207862219988
"M_062","Sophropompilus ingenuus",7,157,0.0445859872611465,-0.385456886465126
"M_062","Spallanzania hesperidarum",157,157,1,7.21018277887258
"M_062","Speyeria idalia",1,157,0.00636942675159236,-0.689282473078634
"M_062","Sphaerophoria cylindrica",47,157,0.299363057324841,1.64004702429159
"M_062","Sphecodes arvensis",12,157,0.0764331210191083,-0.132268897620536
"M_062","Sphecodes heraclei",18,157,0.114649681528662,0.171556688992972
"M_062","Sphecodes minor",13,157,0.0828025477707006,-0.0816312998516179
"M_062","Sphecodium cressonii",4,157,0.0254777070063694,-0.53736967977188
"M_062","Sphecodium pimpinellae",62,157,0.394904458598726,2.39961099082536
"M_062","Sphecodium smilacinae",16,157,0.101910828025478,0.0702814934551362
"M_062","Sphegina campanulata",1,157,0.00636942675159236,-0.689282473078634
"M_062","Sphex gracilis",5,157,0.0318471337579618,-0.486732082002962
"M_062","Sphex nigricans",4,157,0.0254777070063694,-0.53736967977188
"M_062","Sphex procera",11,157,0.0700636942675159,-0.182906495389454
"M_062","Sphex vulgaris",5,157,0.0318471337579618,-0.486732082002962
"M_062","Sphinx eremitus",1,157,0.00636942675159236,-0.689282473078634
"M_062","Spilomyia 4 fasciata",35,157,0.222929936305732,1.03239585106458
"M_062","Spilomyia hamifera",1,157,0.00636942675159236,-0.689282473078634
"M_062","Spilomyia longicornis",12,157,0.0764331210191083,-0.132268897620536
"M_062","Stelidium trypetinum",4,157,0.0254777070063694,-0.53736967977188
"M_062","Stictiella pictifrons",17,157,0.10828025477707,0.120919091224054
"M_062","Stizus unicinctus",17,157,0.10828025477707,0.120919091224054
"M_062","Stomoxys calcitrans",2,157,0.0127388535031847,-0.638644875309716
"M_062","Strangalia famelica",49,157,0.312101910828025,1.74132221982943
"M_062","Stratiomyia apicula",4,157,0.0254777070063694,-0.53736967977188
"M_062","Stratiomyia discalis",2,157,0.0127388535031847,-0.638644875309716
"M_062","Stratiomyia meigenii",5,157,0.0318471337579618,-0.486732082002962
"M_062","Stratiomyia unilimbata",2,157,0.0127388535031847,-0.638644875309716
"M_062","Strymon titus",5,157,0.0318471337579618,-0.486732082002962
"M_062","Sturmia distincta",3,157,0.0191082802547771,-0.588007277540798
"M_062","Sturmia fraudulenta",5,157,0.0318471337579618,-0.486732082002962
"M_062","Sturmia inquinata",2,157,0.0127388535031847,-0.638644875309716
"M_062","Sturmia nigrita",21,157,0.133757961783439,0.323469482299726
"M_062","Stylogaster neglecta",3,157,0.0191082802547771,-0.588007277540798
"M_062","Symmorphus debilis",1,157,0.00636942675159236,-0.689282473078634
"M_062","Syntomopus americanus",61,157,0.388535031847134,2.34897339305645
"M_062","Syrphus americanus",1,157,0.00636942675159236,-0.689282473078634
"M_062","Syrphus arcuatus",5,157,0.0318471337579618,-0.486732082002962
"M_062","Syrphus ribesii",6,157,0.0382165605095541,-0.436094484234044
"M_062","Syrphus torvus",18,157,0.114649681528662,0.171556688992972
"M_062","Systoechus vulgaris",15,157,0.0955414012738854,0.0196438956862182
"M_062","Systogaster biannulata",7,157,0.0445859872611465,-0.385456886465126
"M_062","Systropus macer",1,157,0.00636942675159236,-0.689282473078634
"M_062","Tachina mella",23,157,0.146496815286624,0.424744677837562
"M_062","Tachina rustica",5,157,0.0318471337579618,-0.486732082002962
"M_062","Tachydromia pusilla",1,157,0.00636942675159236,-0.689282473078634
"M_062","Tachysphex acutus",8,157,0.0509554140127389,-0.334819288696208
"M_062","Tachysphex belfragei",3,157,0.0191082802547771,-0.588007277540798
"M_062","Tachysphex tarsatus",1,157,0.00636942675159236,-0.689282473078634
"M_062","Tachysphex terminatus",4,157,0.0254777070063694,-0.53736967977188
"M_062","Tachytes distinctus",1,157,0.00636942675159236,-0.689282473078634
"M_062","Tachytes harpax",13,157,0.0828025477707006,-0.0816312998516179
"M_062","Tachytes mandibularis",35,157,0.222929936305732,1.03239585106458
"M_062","Tachytes obscurus",102,157,0.64968152866242,4.42511490158209
"M_062","Tachytes pepticus",4,157,0.0254777070063694,-0.53736967977188
"M_062","Tachytes sericatus",4,157,0.0254777070063694,-0.53736967977188
"M_062","Tapinoma sessile",1,157,0.00636942675159236,-0.689282473078634
"M_062","Teleas lineaticeps",26,157,0.165605095541401,0.576657471144316
"M_062","Telephorus bilineatus",12,157,0.0764331210191083,-0.132268897620536
"M_062","Telephorus flavipes",8,157,0.0509554140127389,-0.334819288696208
"M_062","Tetanocera pictipes",10,157,0.0636942675159236,-0.233544093158372
"M_062","Tetrachrysis caerulans",14,157,0.089171974522293,-0.0309937020826998
"M_062","Tetrachrysis montana",15,157,0.0955414012738854,0.0196438956862182
"M_062","Tetrachrysis nitidula",15,157,0.0955414012738854,0.0196438956862182
"M_062","Tetrachrysis venusta",1,157,0.00636942675159236,-0.689282473078634
"M_062","Tetralonia belfragei",31,157,0.197452229299363,0.829845459988906
"M_062","Tetralonia dilecta",17,157,0.10828025477707,0.120919091224054
"M_062","Tetralonia robertsonii",3,157,0.0191082802547771,-0.588007277540798
"M_062","Tetralonia rosae",1,157,0.00636942675159236,-0.689282473078634
"M_062","Teuchocnemis lituratus",5,157,0.0318471337579618,-0.486732082002962
"M_062","Thanaos brizo",21,157,0.133757961783439,0.323469482299726
"M_062","Thanaos juvenalis",19,157,0.121019108280255,0.22219428676189
"M_062","Thanaos martialis",2,157,0.0127388535031847,-0.638644875309716
"M_062","Thecla calanus",39,157,0.248407643312102,1.23494624214025
"M_062","Thecla sylvinus",2,157,0.0127388535031847,-0.638644875309716
"M_062","Themira putris",49,157,0.312101910828025,1.74132221982943
"M_062","Therioplectes illotus",16,157,0.101910828025478,0.0702814934551362
"M_062","Thlipsogaster ater",7,157,0.0445859872611465,-0.385456886465126
"M_062","Thorybes bathyllus",7,157,0.0445859872611465,-0.385456886465126
"M_062","Tiphia clypeata",34,157,0.21656050955414,0.98175825329566
"M_062","Tiphia illinoensis",23,157,0.146496815286624,0.424744677837562
"M_062","Tiphia inornata",43,157,0.273885350318471,1.43749663321592
"M_062","Tiphia robertsoni",1,157,0.00636942675159236,-0.689282473078634
"M_062","Tiphia transversa",57,157,0.363057324840764,2.14642300198077
"M_062","Tiphia vulgaris",11,157,0.0700636942675159,-0.182906495389454
"M_062","Toxoneuron abdominale",2,157,0.0127388535031847,-0.638644875309716
"M_062","Trachandrena claytoniae",3,157,0.0191082802547771,-0.588007277540798
"M_062","Trachandrena crataegi",34,157,0.21656050955414,0.98175825329566
"M_062","Trachandrena hippotes",4,157,0.0254777070063694,-0.53736967977188
"M_062","Trachandrena mariae",1,157,0.00636942675159236,-0.689282473078634
"M_062","Trachandrena nuda",14,157,0.089171974522293,-0.0309937020826998
"M_062","Trachandrena obscura",17,157,0.10828025477707,0.120919091224054
"M_062","Trachandrena oligolege",1,157,0.00636942675159236,-0.689282473078634
"M_062","Trachandrena quintilis",17,157,0.10828025477707,0.120919091224054
"M_062","Trichius affinis",31,157,0.197452229299363,0.829845459988906
"M_062","Trichius piger",1,157,0.00636942675159236,-0.689282473078634
"M_062","Trichophora ruficauda",8,157,0.0509554140127389,-0.334819288696208
"M_062","Trichopoda pennipes",6,157,0.0382165605095541,-0.436094484234044
"M_062","Triepeolus concavus",2,157,0.0127388535031847,-0.638644875309716
"M_062","Triepeolus cressonii",67,157,0.426751592356688,2.65279897966995
"M_062","Triepeolus donatus",95,157,0.605095541401274,4.07065171719966
"M_062","Triepeolus helianthi",33,157,0.210191082802548,0.931120655526742
"M_062","Triepeolus lunatus",1,157,0.00636942675159236,-0.689282473078634
"M_062","Triepeolus micropygius",6,157,0.0382165605095541,-0.436094484234044
"M_062","Triepeolus nevadensis",4,157,0.0254777070063694,-0.53736967977188
"M_062","Triepeolus pennipes",37,157,0.235668789808917,1.13367104660241
"M_062","Triepeolus remigatus",25,157,0.159235668789809,0.526019873375398
"M_062","Triepeolus simplex",18,157,0.114649681528662,0.171556688992972
"M_062","Trineura aterrima",55,157,0.35031847133758,2.04514780644294
"M_062","Trirhabda tomentosa",1,157,0.00636942675159236,-0.689282473078634
"M_062","Trirhoptrasema ashmeadi",9,157,0.0573248407643312,-0.28418169092729
"M_062","Trochilus colubris",4,157,0.0254777070063694,-0.53736967977188
"M_062","Trogus vulpinus",17,157,0.10828025477707,0.120919091224054
"M_062","Tropidia albistylum",1,157,0.00636942675159236,-0.689282473078634
"M_062","Tropidia quadrata",2,157,0.0127388535031847,-0.638644875309716
"M_062","Trypeta finalis",1,157,0.00636942675159236,-0.689282473078634
"M_062","Trypeta humilis",5,157,0.0318471337579618,-0.486732082002962
"M_062","Trypeta solaris",2,157,0.0127388535031847,-0.638644875309716
"M_062","Tryphon affinis",41,157,0.261146496815287,1.33622143767809
"M_062","Trypoxylon clavatum",2,157,0.0127388535031847,-0.638644875309716
"M_062","Trypoxylon tridentatum",8,157,0.0509554140127389,-0.334819288696208
"M_062","Typocerus badius",14,157,0.089171974522293,-0.0309937020826998
"M_062","Typocerus lugubris",59,157,0.375796178343949,2.24769819751861
"M_062","Typocerus sinuatus",27,157,0.171974522292994,0.627295068913234
"M_062","Typocerus velutinus",1,157,0.00636942675159236,-0.689282473078634
"M_062","Uranotes melinus",4,157,0.0254777070063694,-0.53736967977188
"M_062","Urosigalphus femoratus",100,157,0.636942675159236,4.32383970604425
"M_062","Valgus canaliculatus",29,157,0.184713375796178,0.72857026445107
"M_062","Vanessa atalanta",8,157,0.0509554140127389,-0.334819288696208
"M_062","Vanessa cardui",2,157,0.0127388535031847,-0.638644875309716
"M_062","Vanessa huntera",7,157,0.0445859872611465,-0.385456886465126
"M_062","Verbenapis verbenae",2,157,0.0127388535031847,-0.638644875309716
"M_062","Vespula maculata",2,157,0.0127388535031847,-0.638644875309716
"M_062","Vespula vidua",1,157,0.00636942675159236,-0.689282473078634
"M_062","Vipio robertsonii",71,157,0.452229299363057,2.85534937074563
"M_062","Viviania lachnosternae",28,157,0.178343949044586,0.677932666682152
"M_062","Volucella evecta",45,157,0.286624203821656,1.53877182875376
"M_062","Volucella fasciata",1,157,0.00636942675159236,-0.689282473078634
"M_062","Volucella vesiculosa",36,157,0.229299363057325,1.0830334488335
"M_062","Winthemia 4 pustulata",1,157,0.00636942675159236,-0.689282473078634
"M_062","Xanthidia nicippe",1,157,0.00636942675159236,-0.689282473078634
"M_062","Xanthidium luteoloides",21,157,0.133757961783439,0.323469482299726
"M_062","Xanthidium luteolum",3,157,0.0191082802547771,-0.588007277540798
"M_062","Xanthogramma emarginata",1,157,0.00636942675159236,-0.689282473078634
"M_062","Xanthogramma felix",66,157,0.420382165605096,2.60216138190104
"M_062","Xanthomelana arcuata",21,157,0.133757961783439,0.323469482299726
"M_062","Xanthosarus latimanus",4,157,0.0254777070063694,-0.53736967977188
"M_062","Xenoglossa strenua",34,157,0.21656050955414,0.98175825329566
"M_062","Xenoglossodes albata",14,157,0.089171974522293,-0.0309937020826998
"M_062","Xestocrabro 6 maculatus",9,157,0.0573248407643312,-0.28418169092729
"M_062","Xestocrabro texanus",15,157,0.0955414012738854,0.0196438956862182
"M_062","Xestocrabro trifasciatus",3,157,0.0191082802547771,-0.588007277540798
"M_062","Xyalosema armata",2,157,0.0127388535031847,-0.638644875309716
"M_062","Xylota angustiventris",18,157,0.114649681528662,0.171556688992972
"M_062","Xylota bicolor",15,157,0.0955414012738854,0.0196438956862182
"M_062","Xylota fraudulosa",49,157,0.312101910828025,1.74132221982943
"M_062","Zanysson aurinotus",11,157,0.0700636942675159,-0.182906495389454
"M_062","Zanysson plesia",6,157,0.0382165605095541,-0.436094484234044
"M_062","Zaodontomerus calcaratus",6,157,0.0382165605095541,-0.436094484234044
"M_062","Zaperdita maura",6,157,0.0382165605095541,-0.436094484234044
"M_062","Zendalia acolhuus",16,157,0.101910828025478,0.0702814934551362
"M_062","Zendalia zendaloides",1,157,0.00636942675159236,-0.689282473078634
"M_062","Zerene caesonia",2,157,0.0127388535031847,-0.638644875309716
"M_062","Zethus spinipes",7,157,0.0445859872611465,-0.385456886465126
"M_062","Zodion fulvifrons",4,157,0.0254777070063694,-0.53736967977188
"M_062","Zodion nanellum",9,157,0.0573248407643312,-0.28418169092729
"M_062","Zodion obliquefasciatum",4,157,0.0254777070063694,-0.53736967977188
"M_072","Achyra similalis",2,66,0.0303030303030303,-0.537212009652984
"M_072","Agathidinae sp1 M PL 072",1,66,0.0151515151515152,-0.649212574089727
"M_072","Agraulis vanillae",11,66,0.166666666666667,0.470793070277706
"M_072","Agrotis sp1 M PL 072",4,66,0.0606060606060606,-0.313210880779497
"M_072","Allograpta sp1 M PL 072",28,66,0.424242424242424,2.37480266570234
"M_072","Alophophion sp1 M PL 072",1,66,0.0151515151515152,-0.649212574089727
"M_072","Anthomyiidae sp1 M PL 072",25,66,0.378787878787879,2.03880097239211
"M_072","Anthrax sp1 M PL 072",1,66,0.0151515151515152,-0.649212574089727
"M_072","Apis mellifera",38,66,0.575757575757576,3.49480831006978
"M_072","Astylus quadrilineatus",41,66,0.621212121212121,3.83081000338001
"M_072","Audre epulus signata",4,66,0.0606060606060606,-0.313210880779497
"M_072","Augochlora semiramis",66,66,1,6.63082411429859
"M_072","Augochlorella ephyra",32,66,0.484848484848485,2.82280492344932
"M_072","Augochloropsis erato",17,66,0.257575757575758,1.14279645689817
"M_072","Augochloropsis sp2 M PL 072",9,66,0.136363636363636,0.246791941404219
"M_072","Augochloropsis sp3 M PL 072",6,66,0.0909090909090909,-0.0892097519060107
"M_072","Bibionidae sp1 M PL 072",7,66,0.106060606060606,0.0227908125307326
"M_072","Bombus atratus",1,66,0.0151515151515152,-0.649212574089727
"M_072","Bombus bellicosus",16,66,0.242424242424242,1.03079589246142
"M_072","Bombyliidae sp1 M PL 072",17,66,0.257575757575758,1.14279645689817
"M_072","Bombyliidae sp2 M PL 072",12,66,0.181818181818182,0.582793634714449
"M_072","Brachygastra lechiguana",16,66,0.242424242424242,1.03079589246142
"M_072","Braconidae sp1 M PL 072",6,66,0.0909090909090909,-0.0892097519060107
"M_072","Braconinae sp1 M PL 072",1,66,0.0151515151515152,-0.649212574089727
"M_072","Camponotus sp1 M PL 072",20,66,0.303030303030303,1.4787981502084
"M_072","Campsomeris bistrimacula",7,66,0.106060606060606,0.0227908125307326
"M_072","Campsomeris sp2 M PL 072",2,66,0.0303030303030303,-0.537212009652984
"M_072","Cantharidae sp1 M PL 072",20,66,0.303030303030303,1.4787981502084
"M_072","Cantharidae sp2 M PL 072",2,66,0.0303030303030303,-0.537212009652984
"M_072","Ceratina montana",12,66,0.181818181818182,0.582793634714449
"M_072","Ceratina rupestris",2,66,0.0303030303030303,-0.537212009652984
"M_072","Chalcidoidea sp1 M PL 072",3,66,0.0454545454545455,-0.425211445216241
"M_072","Chalcidoidea sp2 M PL 072",1,66,0.0151515151515152,-0.649212574089727
"M_072","Chalepogenus goeldianus",2,66,0.0303030303030303,-0.537212009652984
"M_072","Chauliognathus scriptus",16,66,0.242424242424242,1.03079589246142
"M_072","Chauliognathus sp2 M PL 072",5,66,0.0757575757575758,-0.201210316342754
"M_072","Chilicola sp1 M PL 072",12,66,0.181818181818182,0.582793634714449
"M_072","Chlorion sp1 M PL 072",6,66,0.0909090909090909,-0.0892097519060107
"M_072","Chloropidae sp1 M PL 072",1,66,0.0151515151515152,-0.649212574089727
"M_072","Chlorostilbon aureoventris",1,66,0.0151515151515152,-0.649212574089727
"M_072","Chrysodina sp1 M PL 072",19,66,0.287878787878788,1.36679758577165
"M_072","Chrysomelidae sp1 M PL 072",2,66,0.0303030303030303,-0.537212009652984
"M_072","Chrysomelidae sp2 M PL 072",1,66,0.0151515151515152,-0.649212574089727
"M_072","Chrysomelidae sp3 M PL 072",3,66,0.0454545454545455,-0.425211445216241
"M_072","Chrysomelidae sp4 M PL 072",1,66,0.0151515151515152,-0.649212574089727
"M_072","Chrysomelidae sp5 M PL 072",1,66,0.0151515151515152,-0.649212574089727
"M_072","Chrysopa sp1 M PL 072",2,66,0.0303030303030303,-0.537212009652984
"M_072","Cleridae",1,66,0.0151515151515152,-0.649212574089727
"M_072","Cochliomyia macellaria",8,66,0.121212121212121,0.134791376967476
"M_072","Coelioxys sp1 M PL 072",3,66,0.0454545454545455,-0.425211445216241
"M_072","Colias lesbia",8,66,0.121212121212121,0.134791376967476
"M_072","Colletes cyaneus",3,66,0.0454545454545455,-0.425211445216241
"M_072","Colletes sp1 M PL 072",2,66,0.0303030303030303,-0.537212009652984
"M_072","Colletes sp2 M PL 072",6,66,0.0909090909090909,-0.0892097519060107
"M_072","Conoderus sp1 M PL 072",1,66,0.0151515151515152,-0.649212574089727
"M_072","Copestylum sp1 M PL 072",5,66,0.0757575757575758,-0.201210316342754
"M_072","Coreidae sp1 M PL 072",1,66,0.0151515151515152,-0.649212574089727
"M_072","Corticea immocerina",16,66,0.242424242424242,1.03079589246142
"M_072","Culicidae sp1 M PL 072",4,66,0.0606060606060606,-0.313210880779497
"M_072","Curculionidae sp1 M PL 072",3,66,0.0454545454545455,-0.425211445216241
"M_072","Curculionidae sp2 M PL 072",4,66,0.0606060606060606,-0.313210880779497
"M_072","Curculionidae sp3 M PL 072",1,66,0.0151515151515152,-0.649212574089727
"M_072","Curculionidae sp4 M PL 072",1,66,0.0151515151515152,-0.649212574089727
"M_072","Dactylozodes sp1 M PL 072",5,66,0.0757575757575758,-0.201210316342754
"M_072","Danaus plexipus erippus",1,66,0.0151515151515152,-0.649212574089727
"M_072","Dialictus sp1 M PL 072",11,66,0.166666666666667,0.470793070277706
"M_072","Discodon sp1 M PL 072",11,66,0.166666666666667,0.470793070277706
"M_072","Discodon sp2 M PL 072",15,66,0.227272727272727,0.918795328024679
"M_072","Drosophilidae sp1 M PL 072",15,66,0.227272727272727,0.918795328024679
"M_072","Emesis russula",1,66,0.0151515151515152,-0.649212574089727
"M_072","Entypus ferruginipennis",3,66,0.0454545454545455,-0.425211445216241
"M_072","Entypus sp1 M PL 072",3,66,0.0454545454545455,-0.425211445216241
"M_072","Epicauta sp1 M PL 072",3,66,0.0454545454545455,-0.425211445216241
"M_072","Eristalinus taeniops",3,66,0.0454545454545455,-0.425211445216241
"M_072","Eristalis tenax",3,66,0.0454545454545455,-0.425211445216241
"M_072","Eudesmia australis",3,66,0.0454545454545455,-0.425211445216241
"M_072","Euptoieta claudia hortensia",16,66,0.242424242424242,1.03079589246142
"M_072","Formicidae sp1 M PL 072",1,66,0.0151515151515152,-0.649212574089727
"M_072","Gaesischia sp1 M PL 072",4,66,0.0606060606060606,-0.313210880779497
"M_072","Geometridae sp1 M PL 072",1,66,0.0151515151515152,-0.649212574089727
"M_072","Halictillus sp1 M PL 072",11,66,0.166666666666667,0.470793070277706
"M_072","Harmonia axyrides",2,66,0.0303030303030303,-0.537212009652984
"M_072","Hedriodiscus pulcher",2,66,0.0303030303030303,-0.537212009652984
"M_072","Heteroderes rufangulus",1,66,0.0151515151515152,-0.649212574089727
"M_072","Ichneumonoidea sp1 M PL 072",2,66,0.0303030303030303,-0.537212009652984
"M_072","Ichneumonoidea sp2 M PL 072",1,66,0.0151515151515152,-0.649212574089727
"M_072","Ichneumonoidea sp3 M PL 072",1,66,0.0151515151515152,-0.649212574089727
"M_072","Isepeolus viperinus",2,66,0.0303030303030303,-0.537212009652984
"M_072","Isodontia sp1 M PL 072",2,66,0.0303030303030303,-0.537212009652984
"M_072","Leioproctus indigoticus",4,66,0.0606060606060606,-0.313210880779497
"M_072","Lema sp1 M PL 072",1,66,0.0151515151515152,-0.649212574089727
"M_072","Lerodea eufala",21,66,0.318181818181818,1.59079871464514
"M_072","Leucospis sp1 M PL 072",1,66,0.0151515151515152,-0.649212574089727
"M_072","Libythea carinenta",1,66,0.0151515151515152,-0.649212574089727
"M_072","Linepithema humile",2,66,0.0303030303030303,-0.537212009652984
"M_072","Lucilia sericata",13,66,0.196969696969697,0.694794199151193
"M_072","Megachile sp1 M PL 072",1,66,0.0151515151515152,-0.649212574089727
"M_072","Megachile sp2 M PL 072",1,66,0.0151515151515152,-0.649212574089727
"M_072","Megachile sp3 M PL 072",3,66,0.0454545454545455,-0.425211445216241
"M_072","Megachile sp4 M PL 072",2,66,0.0303030303030303,-0.537212009652984
"M_072","Megachilidae sp1 M PL 072",14,66,0.212121212121212,0.806794763587936
"M_072","Megacyllene insignita",3,66,0.0454545454545455,-0.425211445216241
"M_072","Megacyllene spixi",3,66,0.0454545454545455,-0.425211445216241
"M_072","Melissoptila tandilensis",6,66,0.0909090909090909,-0.0892097519060107
"M_072","Melyridae sp1 M PL 072",10,66,0.151515151515152,0.358792505840963
"M_072","Microgastrinae sp1 M PL 072",3,66,0.0454545454545455,-0.425211445216241
"M_072","Mischocyttarus drewseni",8,66,0.121212121212121,0.134791376967476
"M_072","Mordellidae sp1 M PL 072",8,66,0.121212121212121,0.134791376967476
"M_072","Mordellidae sp2 M PL 072",2,66,0.0303030303030303,-0.537212009652984
"M_072","Muscidae sp1 M PL 072",1,66,0.0151515151515152,-0.649212574089727
"M_072","Mydidae sp1 M PL 072",1,66,0.0151515151515152,-0.649212574089727
"M_072","Neochrysis sp1 M PL 072",3,66,0.0454545454545455,-0.425211445216241
"M_072","Odontocera flavicauda",1,66,0.0151515151515152,-0.649212574089727
"M_072","Palpada sp1 M PL 072",18,66,0.272727272727273,1.25479702133491
"M_072","Pampasatyrus gyrtone",7,66,0.106060606060606,0.0227908125307326
"M_072","Panca subpunctuli",1,66,0.0151515151515152,-0.649212574089727
"M_072","Panurgillus sp1 M PL 072",6,66,0.0909090909090909,-0.0892097519060107
"M_072","Parachytas sp1 M PL 072",12,66,0.181818181818182,0.582793634714449
"M_072","Paramoecerus barbicornis",1,66,0.0151515151515152,-0.649212574089727
"M_072","Paroxystoglossa sp1 M PL 072",1,66,0.0151515151515152,-0.649212574089727
"M_072","Pepsis sp1 M PL 072",3,66,0.0454545454545455,-0.425211445216241
"M_072","Phalacridae sp1 M PL 072",15,66,0.227272727272727,0.918795328024679
"M_072","Photinus fuscus",1,66,0.0151515151515152,-0.649212574089727
"M_072","Platycheirus sp1 M PL 072",15,66,0.227272727272727,0.918795328024679
"M_072","Podagritus sp1 M PL 072",3,66,0.0454545454545455,-0.425211445216241
"M_072","Polistes sp1 M PL 072",12,66,0.181818181818182,0.582793634714449
"M_072","Polybia scutellaris",18,66,0.272727272727273,1.25479702133491
"M_072","Pompilidae sp1 M PL 072",1,66,0.0151515151515152,-0.649212574089727
"M_072","Prionyx sp1 M PL 072",3,66,0.0454545454545455,-0.425211445216241
"M_072","Pseudagapostemon brasiliensis",1,66,0.0151515151515152,-0.649212574089727
"M_072","Pseudagapostemon pampeanus",4,66,0.0606060606060606,-0.313210880779497
"M_072","Pseudagapostemon singularis",1,66,0.0151515151515152,-0.649212574089727
"M_072","Pseudocentron sp1 M PL 072",2,66,0.0303030303030303,-0.537212009652984
"M_072","Pseudodoros sp1 M PL 072",1,66,0.0151515151515152,-0.649212574089727
"M_072","Pyraloidea sp1 M PL 072",1,66,0.0151515151515152,-0.649212574089727
"M_072","Pyrgus sp1 M PL 072",4,66,0.0606060606060606,-0.313210880779497
"M_072","Ruizantheda divaricata",7,66,0.106060606060606,0.0227908125307326
"M_072","Sarcophagidae sp1 M PL 072",21,66,0.318181818181818,1.59079871464514
"M_072","Scelionidae sp1 M PL 072",1,66,0.0151515151515152,-0.649212574089727
"M_072","Sceliphron asiaticum",1,66,0.0151515151515152,-0.649212574089727
"M_072","Sphex sp1 M PL 072",1,66,0.0151515151515152,-0.649212574089727
"M_072","Staphylinidae sp1 M PL 072",5,66,0.0757575757575758,-0.201210316342754
"M_072","Staphylinidae sp2 M PL 072",5,66,0.0757575757575758,-0.201210316342754
"M_072","Stenodynerus sp1 M PL 072",3,66,0.0454545454545455,-0.425211445216241
"M_072","Stenodynerus sp2 M PL 072",1,66,0.0151515151515152,-0.649212574089727
"M_072","Stratiomyidae sp1 M PL 072",1,66,0.0151515151515152,-0.649212574089727
"M_072","Stratiomyidae sp2 M PL 072",1,66,0.0151515151515152,-0.649212574089727
"M_072","Strymon eurytulus",8,66,0.121212121212121,0.134791376967476
"M_072","Synanthedom albicalcarata",1,66,0.0151515151515152,-0.649212574089727
"M_072","Syritta sp1 M PL 072",5,66,0.0757575757575758,-0.201210316342754
"M_072","Syrphidae sp1 M PL 072",6,66,0.0909090909090909,-0.0892097519060107
"M_072","Tabanidae sp1 M PL 072",7,66,0.106060606060606,0.0227908125307326
"M_072","Tachinidae sp1 M PL 072",10,66,0.151515151515152,0.358792505840963
"M_072","Tachypompilus sp1 M PL 072",5,66,0.0757575757575758,-0.201210316342754
"M_072","Tatochila autodice",6,66,0.0909090909090909,-0.0892097519060107
"M_072","Tatochila vanvolxemi",2,66,0.0303030303030303,-0.537212009652984
"M_072","Teochila maenacte",1,66,0.0151515151515152,-0.649212574089727
"M_072","Tephritidae sp1 M PL 072",2,66,0.0303030303030303,-0.537212009652984
"M_072","Tephritidae sp2 M PL 072",1,66,0.0151515151515152,-0.649212574089727
"M_072","Tephritis sp1 M PL 072",3,66,0.0454545454545455,-0.425211445216241
"M_072","Thespieus catochra",8,66,0.121212121212121,0.134791376967476
"M_072","Tipulidae sp1 M PL 072",2,66,0.0303030303030303,-0.537212009652984
"M_072","Toxomerus sp1 M PL 072",35,66,0.53030303030303,3.15880661675955
"M_072","Trichopoda giacomelli",4,66,0.0606060606060606,-0.313210880779497
"M_072","Urosigalphus sp1 M PL 072",1,66,0.0151515151515152,-0.649212574089727
"M_072","Vanessa sp1 M PL 072",32,66,0.484848484848485,2.82280492344932
"M_072","Villa sp1 M PL 072",11,66,0.166666666666667,0.470793070277706
"M_072","Xylocopa augusti",7,66,0.106060606060606,0.0227908125307326
"M_072","Xylocopa ciliata",19,66,0.287878787878788,1.36679758577165
"M_072","Yphthimoides celmis",3,66,0.0454545454545455,-0.425211445216241
"M_072","Zeta canaliculata",4,66,0.0606060606060606,-0.313210880779497
"M_072","Zethus sp1 M PL 072",2,66,0.0303030303030303,-0.537212009652984
"M_073","Agapostemon virescens",1,21,0.0476190476190476,-0.584373485019547
"M_073","Andrena banksi",1,21,0.0476190476190476,-0.584373485019547
"M_073","Andrena confederata",1,21,0.0476190476190476,-0.584373485019547
"M_073","Andrena hilaris",1,21,0.0476190476190476,-0.584373485019547
"M_073","Andrena imitatrix",1,21,0.0476190476190476,-0.584373485019547
"M_073","Andrena perplexa",1,21,0.0476190476190476,-0.584373485019547
"M_073","Andrena spiraeana",1,21,0.0476190476190476,-0.584373485019547
"M_073","Andrena vicina",1,21,0.0476190476190476,-0.584373485019547
"M_073","Anthophora abrupta",1,21,0.0476190476190476,-0.584373485019547
"M_073","Apis mellifera",2,21,0.0952380952380952,-0.370950125273278
"M_073","Augochlora pura",21,21,1,3.68409370990584
"M_073","Augochlorella aurata",10,21,0.476190476190476,1.33643675269688
"M_073","Augochloropsis metallica",5,21,0.238095238095238,0.26931995396553
"M_073","Bombus auricomus",1,21,0.0476190476190476,-0.584373485019547
"M_073","Bombus bimaculatus",5,21,0.238095238095238,0.26931995396553
"M_073","Bombus griseocollis",6,21,0.285714285714286,0.4827433137118
"M_073","Bombus impatiens",11,21,0.523809523809524,1.54986011244315
"M_073","Bombus perplexus",2,21,0.0952380952380952,-0.370950125273278
"M_073","Ceratina calcarata",21,21,1,3.68409370990584
"M_073","Ceratina sp1M PL 073",5,21,0.238095238095238,0.26931995396553
"M_073","Ceratina strenua",4,21,0.19047619047619,0.055896594219261
"M_073","Coelioxys sayi",3,21,0.142857142857143,-0.157526765527008
"M_073","Colletes thoracicus",1,21,0.0476190476190476,-0.584373485019547
"M_073","Hylaeus sp1M PL 073",2,21,0.0952380952380952,-0.370950125273278
"M_073","Lasioglossum  quebecense",1,21,0.0476190476190476,-0.584373485019547
"M_073","Lasioglossum birkmani",4,21,0.19047619047619,0.055896594219261
"M_073","Lasioglossum cressonii",2,21,0.0952380952380952,-0.370950125273278
"M_073","Lasioglossum ephialtum",1,21,0.0476190476190476,-0.584373485019547
"M_073","Lasioglossum fuscipenne",3,21,0.142857142857143,-0.157526765527008
"M_073","Lasioglossum hitchensi",1,21,0.0476190476190476,-0.584373485019547
"M_073","Lasioglossum imitatum",2,21,0.0952380952380952,-0.370950125273278
"M_073","Lasioglossum macoupinens",2,21,0.0952380952380952,-0.370950125273278
"M_073","Lasioglossum oblongum",1,21,0.0476190476190476,-0.584373485019547
"M_073","Lasioglossum obscurum",6,21,0.285714285714286,0.4827433137118
"M_073","Lasioglossum sp1M PL 073",5,21,0.238095238095238,0.26931995396553
"M_073","Lasioglossum subviridatum",1,21,0.0476190476190476,-0.584373485019547
"M_073","Lasioglossum tegulare",2,21,0.0952380952380952,-0.370950125273278
"M_073","Lasioglossum weemsi",2,21,0.0952380952380952,-0.370950125273278
"M_073","Megachile mendica",10,21,0.476190476190476,1.33643675269688
"M_073","Melissodes bimaculata",1,21,0.0476190476190476,-0.584373485019547
"M_073","Ptilothrix bombiformus",3,21,0.142857142857143,-0.157526765527008
"M_073","Seladonia confusa",2,21,0.0952380952380952,-0.370950125273278
"M_074","Amazilia versicolor",2,5,0.4,0.155699788832305
"M_074","Anoura caudifer",2,5,0.4,0.155699788832305
"M_074","Anoura geoffroyi",1,5,0.2,-0.700649049745371
"M_074","Anthracothorax nigricollis",1,5,0.2,-0.700649049745371
"M_074","Bombus brasiliensis",1,5,0.2,-0.700649049745371
"M_074","Clytolaema rubricauda",1,5,0.2,-0.700649049745371
"M_074","Leucochloris albicollis",2,5,0.4,0.155699788832305
"M_074","Lophornis magnificus",1,5,0.2,-0.700649049745371
"M_074","Phaethornis eurynome",5,5,1,2.72474630456533
"M_074","Pygoderma bilabiatum",2,5,0.4,0.155699788832305
"M_074","Thalurania glaucopis",2,5,0.4,0.155699788832305
"M_075","Agathidinae sp",1,34,0.0294117647058824,-0.607154230323837
"M_075","Ahasverus advena Waltle",5,34,0.147058823529412,-0.047565077951637
"M_075","Allograpta nasuta Marquart",20,34,0.588235294117647,2.05089424344411
"M_075","Apis mellifera Linnaeus",28,34,0.823529411764706,3.17007254818851
"M_075","Atherigona orientalis Schiner",1,34,0.0294117647058824,-0.607154230323837
"M_075","Brachymyrmex sp",12,34,0.352941176470588,0.931715938699713
"M_075","Calopsilia florella Fabricius",1,34,0.0294117647058824,-0.607154230323837
"M_075","Campopleginae sp1",1,34,0.0294117647058824,-0.607154230323837
"M_075","Cerambycidae sp1",2,34,0.0588235294117647,-0.467256942230787
"M_075","Cerambycidae sp2",1,34,0.0294117647058824,-0.607154230323837
"M_075","Cerambycidae sp3",1,34,0.0294117647058824,-0.607154230323837
"M_075","Ceratitis roas Karsch",1,34,0.0294117647058824,-0.607154230323837
"M_075","Chaetocnema sp1",34,34,1,4.00945627674681
"M_075","Cheloninae sp1",1,34,0.0294117647058824,-0.607154230323837
"M_075","Cheloninae sp3",1,34,0.0294117647058824,-0.607154230323837
"M_075","Chrysomya megacephala Fabricius",17,34,0.5,1.63120237916496
"M_075","Cixiidae sp1",1,34,0.0294117647058824,-0.607154230323837
"M_075","Cixiidae sp2",1,34,0.0294117647058824,-0.607154230323837
"M_075","Cotesia sp1",1,34,0.0294117647058824,-0.607154230323837
"M_075","Cratopus psittacus Faimaire",1,34,0.0294117647058824,-0.607154230323837
"M_075","Cryptocephalinae sp1",1,34,0.0294117647058824,-0.607154230323837
"M_075","Dasytinae sp1",1,34,0.0294117647058824,-0.607154230323837
"M_075","Dioxyna sororcula Wiedemann",7,34,0.205882352941176,0.232229498234463
"M_075","Diptera sp2",1,34,0.0294117647058824,-0.607154230323837
"M_075","Diptera sp3",1,34,0.0294117647058824,-0.607154230323837
"M_075","Dysauxes florida Joan",18,34,0.529411764705882,1.77109966725801
"M_075","Episyrphus sp near circularis Hull",12,34,0.352941176470588,0.931715938699713
"M_075","Eristalinus flaveolus Bigot",11,34,0.323529411764706,0.791818650606663
"M_075","Eumolpinae sp2",1,34,0.0294117647058824,-0.607154230323837
"M_075","Eumolpinae sp3",2,34,0.0588235294117647,-0.467256942230787
"M_075","Eurytonidae sp1",1,34,0.0294117647058824,-0.607154230323837
"M_075","Fannia pusio Wiedemann",11,34,0.323529411764706,0.791818650606663
"M_075","Gelechioidea sp1",1,34,0.0294117647058824,-0.607154230323837
"M_075","Gelechioidea sp2",5,34,0.147058823529412,-0.047565077951637
"M_075","Gelechioidea sp3",2,34,0.0588235294117647,-0.467256942230787
"M_075","Goniurellia or Dectodes sp",1,34,0.0294117647058824,-0.607154230323837
"M_075","Graphomya maculata Scopoli",1,34,0.0294117647058824,-0.607154230323837
"M_075","Henotesia narcissus Fabricius",2,34,0.0588235294117647,-0.467256942230787
"M_075","Hippotion eson Cramer",1,34,0.0294117647058824,-0.607154230323837
"M_075","Homoneura sp2",1,34,0.0294117647058824,-0.607154230323837
"M_075","Homoneura sp3",1,34,0.0294117647058824,-0.607154230323837
"M_075","Hydrotaea fuliginosa Robineau Desvoidy",1,34,0.0294117647058824,-0.607154230323837
"M_075","Ischiodon aegyptius Wiedemann",7,34,0.205882352941176,0.232229498234463
"M_075","Lecithoceridae sp1",3,34,0.0882352941176471,-0.327359654137737
"M_075","Leptotes pirithous Linnaeus",5,34,0.147058823529412,-0.047565077951637
"M_075","Limnophora quaterna Loew",1,34,0.0294117647058824,-0.607154230323837
"M_075","Lygaeidae sp2",1,34,0.0294117647058824,-0.607154230323837
"M_075","Lygaeidae sp3",1,34,0.0294117647058824,-0.607154230323837
"M_075","Lygaeidae sp5",1,34,0.0294117647058824,-0.607154230323837
"M_075","Lygistorrhina sp",11,34,0.323529411764706,0.791818650606663
"M_075","Macroglossum milvus Boisduval",2,34,0.0588235294117647,-0.467256942230787
"M_075","Mauritiborium undulatus",6,34,0.176470588235294,0.0923322101414131
"M_075","Melanagromyza sojae Zehntner",1,34,0.0294117647058824,-0.607154230323837
"M_075","Melanostoma annulipes Macquart",10,34,0.294117647058824,0.651921362513613
"M_075","Melanostoma bituberculatum Loew",6,34,0.176470588235294,0.0923322101414131
"M_075","Miridae sp1",1,34,0.0294117647058824,-0.607154230323837
"M_075","Mordellidae sp1",1,34,0.0294117647058824,-0.607154230323837
"M_075","Mordellidae sp2",1,34,0.0294117647058824,-0.607154230323837
"M_075","Mordellidae sp3",1,34,0.0294117647058824,-0.607154230323837
"M_075","Musca confiscata Speiser",1,34,0.0294117647058824,-0.607154230323837
"M_075","Musca domestica Linnaeus",20,34,0.588235294117647,2.05089424344411
"M_075","Nacoleia sp1",20,34,0.588235294117647,2.05089424344411
"M_075","Nacoleia sp2",5,34,0.147058823529412,-0.047565077951637
"M_075","Nitidulidae sp1",1,34,0.0294117647058824,-0.607154230323837
"M_075","Nyctemera insulare Boisduval",1,34,0.0294117647058824,-0.607154230323837
"M_075","Ophyra capensis Wiedemann",8,34,0.235294117647059,0.372126786327513
"M_075","Orchisia costata Meigen",2,34,0.0588235294117647,-0.467256942230787
"M_075","Ornidia obesa Fabricius",8,34,0.235294117647059,0.372126786327513
"M_075","Orthellia albigena Stein",3,34,0.0882352941176471,-0.327359654137737
"M_075","Pachycerina crinicornis Thomson",21,34,0.617647058823529,2.19079153153716
"M_075","Palexorista sp1",1,34,0.0294117647058824,-0.607154230323837
"M_075","Panara naso Fabricius",11,34,0.323529411764706,0.791818650606663
"M_075","Paragus borbonicus Macquart",9,34,0.264705882352941,0.512024074420563
"M_075","Pelecophora intemipta All",3,34,0.0882352941176471,-0.327359654137737
"M_075","Phalanta phalantha Drury",1,34,0.0294117647058824,-0.607154230323837
"M_075","Pheidole megacephala Fabricius",1,34,0.0294117647058824,-0.607154230323837
"M_075","Phelsuma cepediana Merrem",3,34,0.0882352941176471,-0.327359654137737
"M_075","Phorinia sp",5,34,0.147058823529412,-0.047565077951637
"M_075","Polistes hebraeus Fabricius",13,34,0.382352941176471,1.07161322679276
"M_075","Psyllidae sp2",1,34,0.0294117647058824,-0.607154230323837
"M_075","Sapromyza sp near  nudiuscula Lamb",4,34,0.117647058823529,-0.187462366044687
"M_075","Sarcophaga arno Curran",7,34,0.205882352941176,0.232229498234463
"M_075","Scatopsidae sp",1,34,0.0294117647058824,-0.607154230323837
"M_075","Scirtidae sp1",1,34,0.0294117647058824,-0.607154230323837
"M_075","Scirtidae sp2",1,34,0.0294117647058824,-0.607154230323837
"M_075","Scolia carniflex Coquillett",1,34,0.0294117647058824,-0.607154230323837
"M_075","Scopariinae sp",2,34,0.0588235294117647,-0.467256942230787
"M_075","Simulium Byssodon sp2",1,34,0.0294117647058824,-0.607154230323837
"M_075","Siphona sp",1,34,0.0294117647058824,-0.607154230323837
"M_075","Stomorhina lunata Fabricius",30,34,0.882352941176471,3.44986712437461
"M_075","Stomoxys calcitrans Linnaeus",10,34,0.294117647058824,0.651921362513613
"M_075","Stomoxys niger Macquart",7,34,0.205882352941176,0.232229498234463
"M_075","Syritta bulbus Walker",1,34,0.0294117647058824,-0.607154230323837
"M_075","Syritta nigrofemorata Macquart",8,34,0.235294117647059,0.372126786327513
"M_075","Syritta spnear abyssinica Rondani",3,34,0.0882352941176471,-0.327359654137737
"M_075","Technomyrmex albipes Smith",24,34,0.705882352941177,2.61048339581631
"M_075","Thelairodrino sp",1,34,0.0294117647058824,-0.607154230323837
"M_075","Thysanoplusia orichalcea Fabricius",1,34,0.0294117647058824,-0.607154230323837
"M_075","Villa unifasciata Macquart",17,34,0.5,1.63120237916496
"M_075","Zosterops mauritianus Gmelin",2,34,0.0588235294117647,-0.467256942230787
"M_076","Apis mellifera",33,33,1,3.19862962700466
"M_076","Bombus brevivillus",1,33,0.0303030303030303,-0.824803866082962
"M_076","Bombus morio",1,33,0.0303030303030303,-0.824803866082962
"M_076","Brachygastra lecheguana",13,33,0.393939393939394,0.683983693824896
"M_076","Frieseomelitta silvestrii",6,33,0.181818181818182,-0.196142382788021
"M_076","Melipona asilvai",5,33,0.151515151515152,-0.32187467944701
"M_076","Melipona quadrifasciata",1,33,0.0303030303030303,-0.824803866082962
"M_076","Mischocyttarus cerberus",1,33,0.0303030303030303,-0.824803866082962
"M_076","Mischocyttarus lanei",6,33,0.181818181818182,-0.196142382788021
"M_076","Partamona sp",2,33,0.0606060606060606,-0.699071569423974
"M_076","Plebeia sp",5,33,0.151515151515152,-0.32187467944701
"M_076","Polistes Canadensis",17,33,0.515151515151515,1.18691288046085
"M_076","Polistes billardieri",1,33,0.0303030303030303,-0.824803866082962
"M_076","Polistes cinerascens",1,33,0.0303030303030303,-0.824803866082962
"M_076","Polistes versicolor",1,33,0.0303030303030303,-0.824803866082962
"M_076","Polybia ignobilis",18,33,0.545454545454545,1.31264517711984
"M_076","Polybia occidentalis",11,33,0.333333333333333,0.432519100506919
"M_076","Polybia paulista",15,33,0.454545454545455,0.935448287142872
"M_076","Polybia sericea",17,33,0.515151515151515,1.18691288046085
"M_076","Protonectarina sylveirae",11,33,0.333333333333333,0.432519100506919
"M_076","Protopolybia exmgua",4,33,0.121212121212121,-0.447606976105998
"M_076","Trigona gr  fuscipennis",1,33,0.0303030303030303,-0.824803866082962
"M_076","Trigona spinipes",12,33,0.363636363636364,0.558251397165908
"M_076","Trigonisca intermedia",5,33,0.151515151515152,-0.32187467944701
"M_076","Trigonisca sp",1,33,0.0303030303030303,-0.824803866082962
"M_077","Amazilia fimbriata",6,14,0.428571428571429,0.431850677760602
"M_077","Aphantochroa cirrhochloris",2,14,0.142857142857143,-0.542581620776141
"M_077","Bombus morio",3,14,0.214285714285714,-0.298973546141955
"M_077","Epicharis obscura",1,14,0.0714285714285714,-0.786189695410326
"M_077","Euglossa chalybeata",1,14,0.0714285714285714,-0.786189695410326
"M_077","Euglossa sp",4,14,0.285714285714286,-0.0553654715077695
"M_077","Glaucis hirsuta",1,14,0.0714285714285714,-0.786189695410326
"M_077","Heliconius erato",3,14,0.214285714285714,-0.298973546141955
"M_077","Heliconius ethilla",3,14,0.214285714285714,-0.298973546141955
"M_077","Heliconius nattereri",6,14,0.428571428571429,0.431850677760602
"M_077","Heliconius numato",3,14,0.214285714285714,-0.298973546141955
"M_077","Heliconius sara",1,14,0.0714285714285714,-0.786189695410326
"M_077","Leucochloris albicollis",1,14,0.0714285714285714,-0.786189695410326
"M_077","Oleria aquata",1,14,0.0714285714285714,-0.786189695410326
"M_077","Paracalystos sp",1,14,0.0714285714285714,-0.786189695410326
"M_077","Phaethornis eurynome",14,14,1,2.38071527483409
"M_077","Phaethornis squalidus",11,14,0.785714285714286,1.64989105093153
"M_077","Rhamphodon naevius",12,14,0.857142857142857,1.89349912556572
"M_077","Saliana triangularis",1,14,0.0714285714285714,-0.786189695410326
"M_077","Strymon oreala",1,14,0.0714285714285714,-0.786189695410326
"M_077","Thalurania glaucopis",10,14,0.714285714285714,1.40628297629734
"M_077","Trigona fulviventris",7,14,0.5,0.675458752394787
"M_11.1","Agrotis ipsilon",1,6,0.166666666666667,-0.92382264307716
"M_11.1","Anothomyia pluvialis",1,6,0.166666666666667,-0.92382264307716
"M_11.1","Apis mellifera",3,6,0.5,0.30794088102572
"M_11.1","Bombus ruderatus",3,6,0.5,0.30794088102572
"M_11.1","Calliphora vemitoria",1,6,0.166666666666667,-0.92382264307716
"M_11.1","Colias crocea",3,6,0.5,0.30794088102572
"M_11.1","Eristalix tenax",1,6,0.166666666666667,-0.92382264307716
"M_11.1","Halictus sp",6,6,1,2.15558616718004
"M_11.1","Lasius niger",1,6,0.166666666666667,-0.92382264307716
"M_11.1","Lucilia sericata",2,6,0.333333333333333,-0.30794088102572
"M_11.1","Musca domestica",4,6,0.666666666666667,0.92382264307716
"M_11.1","Sepsis thoracica",4,6,0.666666666666667,0.92382264307716
"M_11.2","Apis mellifera",12,12,1,2.3094010767585
"M_11.2","Borbo borbonica",3,12,0.25,-0.288675134594813
"M_11.2","Leptotes pirithous",5,12,0.416666666666667,0.288675134594813
"M_11.2","Lucilia sp",1,12,0.0833333333333333,-0.866025403784439
"M_11.2","Megachile sp",3,12,0.25,-0.288675134594813
"M_11.2","Musca domestica",2,12,0.166666666666667,-0.577350269189626
"M_11.2","Ornidia obesa",1,12,0.0833333333333333,-0.866025403784439
"M_11.2","Phalantha phalantha",2,12,0.166666666666667,-0.577350269189626
"M_11.2","Phelsuma ornata",10,12,0.833333333333333,1.73205080756888
"M_11.2","Protaetia aurichalcea",1,12,0.0833333333333333,-0.866025403784439
"M_11.2","Stratiomydae sp",6,12,0.5,0.577350269189626
"M_11.2","Syrphid sp",3,12,0.25,-0.288675134594813
"M_11.2","Xylocopa fenestrata",3,12,0.25,-0.288675134594813
