"especie","ID","Grado","Grado_max","Grado_relativo","Z_Grado"
"Agapostemon.coloradensis","M_005",2,37,0.0540540540540541,-0.522722443156277
"Agapostemon.sp1.M.PL.005","M_005",2,37,0.0540540540540541,-0.522722443156277
"Agapostemon.sp1.M.PL.040","M_040",2,6,0.333333333333333,-1.2579336245388
"Agapostemon.splendens","M_005",4,37,0.108108108108108,-0.237096917187595
"Agapostemon.splendens","M_062",1,121,0.00826446280991736,-0.70653148633059
"Agapostemon.texanus","M_062",121,121,1,4.80121606008558
"Agapostemon.virescens","M_073",1,21,0.0476190476190476,-0.584373485019547
"Alloscirtetica.antarctica","M_022",1,7,0.142857142857143,-0.877058019307029
"Alloscirtetica.gayi","M_001",2,16,0.125,-0.438753804794369
"Alloscirtetica.herbsti","M_023",1,4,0.25,-0.948683298050514
"Alloscirtetica.rufitarsis","M_001",3,16,0.1875,-0.19712127461776
"Alloscirtetica.rufitarsis","M_002",1,8,0.125,-0.755704334827634
"Alloscirtetica.sp","M_001",9,16,0.5625,1.25267390644189
"Alloscirtetica.sp","M_002",2,8,0.25,-0.312705241997642
"Alloscirtetica.sp1.M.PL.022","M_022",1,7,0.142857142857143,-0.877058019307029
"Amegilla.albigena","M_015",14,104,0.134615384615385,1.02732753925282
"Amegilla.canifrons","M_039",5,13,0.384615384615385,-0.172292196901579
"Amegilla.canifrons","M_050",2,8,0.25,-0.766748476233537
"Amegilla.dulcifera.subflavescens","M_044",8,21,0.380952380952381,0.676735970017046
"Amegilla.fasciata","M_016",4,14,0.285714285714286,0.451886800728091
"Amegilla.femorata","M_058",4,22,0.181818181818182,-0.362816123809589
"Amegilla.quadrifasciata","M_015",7,104,0.0673076923076923,0.204742356041147
"Amegilla.quadrifasciata","M_050",3,8,0.375,-0.340777100548239
"Amegilla.quadrifasciata","M_039",3,13,0.230769230769231,-0.646095738380922
"Amegilla.quadrifasciata","M_016",2,14,0.142857142857143,-0.30125786715206
"Amegilla.sp1.M.PL.050","M_050",3,8,0.375,-0.340777100548239
"Amegilla.sp1.M.PL.058","M_039",8,13,0.615384615384615,0.538413115317435
"Amegilla.walshii","M_062",23,121,0.190082644628099,0.303222230512374
"Ammobates.oraniensis","M_015",2,104,0.0192307692307692,-0.382818489110048
"Andrena.aburana","M_056",1,22,0.0454545454545455,-0.652606156545778
"Andrena.aburana","M_057",1,37,0.027027027027027,-0.526844277609662
"Andrena.akitsushimae","M_057",2,37,0.0540540540540541,-0.395524042241081
"Andrena.akitsushimae","M_021",2,25,0.08,-0.398500742577033
"Andrena.alfkenella","M_015",2,104,0.0192307692307692,-0.382818489110048
"Andrena.alleghaniensis","M_033",3,11,0.272727272727273,-1.30328677981716
"Andrena.amamiensis","M_044",2,21,0.0952380952380952,-0.463830271584717
"Andrena.apacheorum","M_005",2,37,0.0540540540540541,-0.522722443156277
"Andrena.arabis","M_062",4,121,0.0330578512396694,-0.568837797670186
"Andrena.arabis","M_025",1,7,0.142857142857143,-1.1195857368787
"Andrena.assimilis","M_016",1,14,0.0714285714285714,-0.677830201092136
"Andrena.athenensis","M_015",1,104,0.00961538461538462,-0.500330658140287
"Andrena.balcanica","M_015",4,104,0.0384615384615385,-0.14779415104957
"Andrena.banksi","M_073",1,21,0.0476190476190476,-0.584373485019547
"Andrena.barbilabris","M_047",1,13,0.0769230769230769,-0.690601582497468
"Andrena.benefica","M_021",1,25,0.04,-0.577139006490875
"Andrena.benefica","M_054",1,24,0.0416666666666667,-0.58379925155005
"Andrena.benefica","M_053",1,15,0.0666666666666667,-0.681181667409623
"Andrena.bicolor","M_015",3,104,0.0288461538461538,-0.265306320079809
"Andrena.bicolor","M_016",1,14,0.0714285714285714,-0.677830201092136
"Andrena.bicolorata","M_015",1,104,0.00961538461538462,-0.500330658140287
"Andrena.bimaculata","M_016",1,14,0.0714285714285714,-0.677830201092136
"Andrena.braccata","M_005",1,37,0.027027027027027,-0.665535206140618
"Andrena.bradleyi","M_033",5,11,0.454545454545455,-0.394016933433096
"Andrena.brassicae","M_057",1,37,0.027027027027027,-0.526844277609662
"Andrena.brassicae","M_054",1,24,0.0416666666666667,-0.58379925155005
"Andrena.brenihirtiscopa","M_056",1,22,0.0454545454545455,-0.652606156545778
"Andrena.brevihirtiscopa","M_021",3,25,0.12,-0.219862478663191
"Andrena.canadensis","M_005",2,37,0.0540540540540541,-0.522722443156277
"Andrena.caneae","M_015",6,104,0.0576923076923077,0.0872301870109083
"Andrena.carbonaria","M_015",8,104,0.0769230769230769,0.322254525071387
"Andrena.carlini","M_033",5,11,0.454545454545455,-0.394016933433096
"Andrena.carlini","M_062",59,121,0.487603305785124,1.95554649443722
"Andrena.carlini","M_025",7,7,1,1.70884138786749
"Andrena.carlini","M_032",4,6,0.666666666666667,1.42950280198031
"Andrena.carolina","M_033",4,11,0.363636363636364,-0.84865185662513
"Andrena.ceanothi","M_025",1,7,0.142857142857143,-1.1195857368787
"Andrena.chrysosceles","M_007",1,10,0.1,-0.568903074579574
"Andrena.cinereophila","M_015",1,104,0.00961538461538462,-0.500330658140287
"Andrena.clarkella","M_047",2,13,0.153846153846154,-0.303190938657425
"Andrena.clypeata","M_015",6,104,0.0576923076923077,0.0872301870109083
"Andrena.combaella","M_015",1,104,0.00961538461538462,-0.500330658140287
"Andrena.concinna","M_015",3,104,0.0288461538461538,-0.265306320079809
"Andrena.confederata","M_073",1,21,0.0476190476190476,-0.584373485019547
"Andrena.crassana","M_015",4,104,0.0384615384615385,-0.14779415104957
"Andrena.crataegi","M_005",9,37,0.243243243243243,0.476966897734109
"Andrena.cressoni","M_032",2,6,0.333333333333333,0.0304149532336237
"Andrena.dentata","M_057",3,37,0.0810810810810811,-0.264203806872501
"Andrena.dentata","M_021",2,25,0.08,-0.398500742577033
"Andrena.dentata","M_053",3,15,0.2,-0.122263376201727
"Andrena.distinguenda","M_015",4,104,0.0384615384615385,-0.14779415104957
"Andrena.dunningi","M_025",1,7,0.142857142857143,-1.1195857368787
"Andrena.edashigei","M_044",3,21,0.142857142857143,-0.273735897984423
"Andrena.edwiniae","M_005",2,37,0.0540540540540541,-0.522722443156277
"Andrena.erigeniae","M_025",4,7,0.571428571428571,0.294627825494395
"Andrena.erythrogastra","M_062",19,121,0.15702479338843,0.119630645631835
"Andrena.erythronii","M_032",1,6,0.166666666666667,-0.669128971139721
"Andrena.esakki","M_044",1,21,0.0476190476190476,-0.653924645185011
"Andrena.flavipes","M_015",16,104,0.153846153846154,1.2623518773133
"Andrena.forbesii","M_032",3,6,0.5,0.729958877606968
"Andrena.fulva","M_047",3,13,0.230769230769231,0.0842197051826181
"Andrena.fulvitarsis","M_015",1,104,0.00961538461538462,-0.500330658140287
"Andrena.fuscipes","M_047",1,13,0.0769230769230769,-0.690601582497468
"Andrena.gallinula","M_015",1,104,0.00961538461538462,-0.500330658140287
"Andrena.gardineri","M_005",1,37,0.027027027027027,-0.665535206140618
"Andrena.geranii","M_062",5,121,0.0413223140495868,-0.522939901450051
"Andrena.grossella","M_015",3,104,0.0288461538461538,-0.265306320079809
"Andrena.haemorrhoa","M_006",3,10,0.3,-0.174504949503245
"Andrena.haemorrhoa","M_047",5,13,0.384615384615385,0.859040992862705
"Andrena.haemorrhoa.japonibia","M_021",1,25,0.04,-0.577139006490875
"Andrena.halictoides","M_021",1,25,0.04,-0.577139006490875
"Andrena.halictoides","M_057",4,37,0.108108108108108,-0.132883571503921
"Andrena.halictoides","M_053",1,15,0.0666666666666667,-0.681181667409623
"Andrena.hattorfiana","M_015",1,104,0.00961538461538462,-0.500330658140287
"Andrena.hebes","M_057",2,37,0.0540540540540541,-0.395524042241081
"Andrena.hesperia","M_015",7,104,0.0673076923076923,0.204742356041147
"Andrena.hikosana","M_053",1,15,0.0666666666666667,-0.681181667409623
"Andrena.hikosana","M_021",6,25,0.24,0.316052313078336
"Andrena.hikosana","M_057",1,37,0.027027027027027,-0.526844277609662
"Andrena.hilaris","M_073",1,21,0.0476190476190476,-0.584373485019547
"Andrena.hirashimai","M_044",1,21,0.0476190476190476,-0.653924645185011
"Andrena.hispania","M_016",4,14,0.285714285714286,0.451886800728091
"Andrena.humilis","M_015",19,104,0.182692307692308,1.61488838440402
"Andrena.hyemala","M_015",1,104,0.00961538461538462,-0.500330658140287
"Andrena.illinoensis","M_062",6,121,0.0495867768595041,-0.477042005229917
"Andrena.imatrix","M_025",1,7,0.142857142857143,-1.1195857368787
"Andrena.imitatrix","M_005",1,37,0.027027027027027,-0.665535206140618
"Andrena.imitatrix","M_073",1,21,0.0476190476190476,-0.584373485019547
"Andrena.impunctata","M_015",1,104,0.00961538461538462,-0.500330658140287
"Andrena.irgeniae","M_032",4,6,0.666666666666667,1.42950280198031
"Andrena.ishiharai","M_057",1,37,0.027027027027027,-0.526844277609662
"Andrena.ishiharai","M_021",1,25,0.04,-0.577139006490875
"Andrena.japonica","M_054",2,24,0.0833333333333333,-0.389199501033366
"Andrena.japonicum","M_055",1,12,0.0833333333333333,-0.736271454932668
"Andrena.kaguya","M_057",6,37,0.162162162162162,0.12975689923324
"Andrena.kaguya","M_021",1,25,0.04,-0.577139006490875
"Andrena.kaguya","M_053",2,15,0.133333333333333,-0.401722521805675
"Andrena.Knuthi","M_053",3,15,0.2,-0.122263376201727
"Andrena.Knuthi","M_055",3,12,0.25,-0.0460169659332917
"Andrena.Knuthi","M_021",1,25,0.04,-0.577139006490875
"Andrena.Knuthi","M_054",3,24,0.125,-0.194599750516683
"Andrena.Knuthi","M_044",2,21,0.0952380952380952,-0.463830271584717
"Andrena.komachi","M_053",3,15,0.2,-0.122263376201727
"Andrena.komachi","M_054",1,24,0.0416666666666667,-0.58379925155005
"Andrena.komachi","M_021",3,25,0.12,-0.219862478663191
"Andrena.kriechbaumeri","M_015",3,104,0.0288461538461538,-0.265306320079809
"Andrena.lamiana","M_015",6,104,0.0576923076923077,0.0872301870109083
"Andrena.lapponica","M_047",2,13,0.153846153846154,-0.303190938657425
"Andrena.lapponica","M_056",3,22,0.136363636363636,-0.343222497146298
"Andrena.lewisi","M_005",1,37,0.027027027027027,-0.665535206140618
"Andrena.longitibialis","M_053",4,15,0.266666666666667,0.157195769402221
"Andrena.longitibialis","M_021",1,25,0.04,-0.577139006490875
"Andrena.longitibialis","M_056",1,22,0.0454545454545455,-0.652606156545778
"Andrena.macoupinensis","M_062",4,121,0.0330578512396694,-0.568837797670186
"Andrena.madronitens","M_005",14,37,0.378378378378378,1.19103071265581
"Andrena.mandibularis","M_062",9,121,0.0743801652892562,-0.339348316569512
"Andrena.mandibularis","M_033",6,11,0.545454545454545,0.0606179897589381
"Andrena.mansonii","M_032",3,6,0.5,0.729958877606968
"Andrena.melanochroa","M_004",1,8,0.125,-0.574800907851677
"Andrena.mikado","M_053",4,15,0.266666666666667,0.157195769402221
"Andrena.minutula","M_021",4,25,0.16,-0.0412242147493482
"Andrena.minutula","M_057",11,37,0.297297297297297,0.786358076076142
"Andrena.minutula","M_053",2,15,0.133333333333333,-0.401722521805675
"Andrena.miranda","M_004",2,8,0.25,-0.0359250567407299
"Andrena.miserabilis","M_032",2,6,0.333333333333333,0.0304149532336237
"Andrena.mitakensis","M_057",1,37,0.027027027027027,-0.526844277609662
"Andrena.miyamotoi","M_057",1,37,0.027027027027027,-0.526844277609662
"Andrena.miyamotoi","M_021",1,25,0.04,-0.577139006490875
"Andrena.mocsaryi","M_015",12,104,0.115384615384615,0.792303201192343
"Andrena.mucronata","M_015",6,104,0.0576923076923077,0.0872301870109083
"Andrena.munutula","M_055",1,12,0.0833333333333333,-0.736271454932668
"Andrena.nana","M_015",1,104,0.00961538461538462,-0.500330658140287
"Andrena.nasonii","M_025",3,7,0.428571428571429,-0.176776695296637
"Andrena.nawai","M_057",1,37,0.027027027027027,-0.526844277609662
"Andrena.nigrae","M_062",5,121,0.0413223140495868,-0.522939901450051
"Andrena.nigrihirta","M_025",6,7,0.857142857142857,1.23743686707646
"Andrena.nigroaenea","M_015",6,104,0.0576923076923077,0.0872301870109083
"Andrena.nigroaenea","M_016",2,14,0.142857142857143,-0.30125786715206
"Andrena.nigroaenea","M_047",3,13,0.230769230769231,0.0842197051826181
"Andrena.nivalis","M_004",2,8,0.25,-0.0359250567407299
"Andrena.nobilis","M_015",2,104,0.0192307692307692,-0.382818489110048
"Andrena.nothoscordi","M_062",10,121,0.0826446280991736,-0.293450420349378
"Andrena.nubecula","M_062",1,121,0.00826446280991736,-0.70653148633059
"Andrena.okabei","M_053",1,15,0.0666666666666667,-0.681181667409623
"Andrena.oligolege","M_062",1,121,0.00826446280991736,-0.70653148633059
"Andrena.omogensis","M_021",1,25,0.04,-0.577139006490875
"Andrena.opacifovea","M_044",2,21,0.0952380952380952,-0.463830271584717
"Andrena.opacifovea.opacifovea","M_054",4,24,0.166666666666667,0
"Andrena.opacifovea.opacifovea","M_057",1,37,0.027027027027027,-0.526844277609662
"Andrena.opacifovea.opacifovea","M_021",2,25,0.08,-0.398500742577033
"Andrena.optata","M_015",2,104,0.0192307692307692,-0.382818489110048
"Andrena.oralis","M_015",2,104,0.0192307692307692,-0.382818489110048
"Andrena.orientata","M_015",1,104,0.00961538461538462,-0.500330658140287
"Andrena.osyychniuki","M_015",5,104,0.0480769230769231,-0.0302819820193309
"Andrena.panurgimorpha","M_015",1,104,0.00961538461538462,-0.500330658140287
"Andrena.panurgina","M_015",1,104,0.00961538461538462,-0.500330658140287
"Andrena.parathoracica","M_057",1,37,0.027027027027027,-0.526844277609662
"Andrena.parathoracina","M_056",1,22,0.0454545454545455,-0.652606156545778
"Andrena.perplexa","M_073",1,21,0.0476190476190476,-0.584373485019547
"Andrena.personata","M_032",1,6,0.166666666666667,-0.669128971139721
"Andrena.personata","M_025",1,7,0.142857142857143,-1.1195857368787
"Andrena.personata","M_062",3,121,0.0247933884297521,-0.614735693890321
"Andrena.placida","M_005",1,37,0.027027027027027,-0.665535206140618
"Andrena.platyparia","M_062",1,121,0.00826446280991736,-0.70653148633059
"Andrena.prostomias","M_053",1,15,0.0666666666666667,-0.681181667409623
"Andrena.protomias","M_054",4,24,0.166666666666667,0
"Andrena.protomias","M_057",1,37,0.027027027027027,-0.526844277609662
"Andrena.pruni","M_062",83,121,0.685950413223141,3.05709600372046
"Andrena.prunorum","M_005",4,37,0.108108108108108,-0.237096917187595
"Andrena.pubescens","M_006",2,10,0.2,-0.473656291508807
"Andrena.pubescens","M_007",1,10,0.1,-0.568903074579574
"Andrena.regularis","M_033",7,11,0.636363636363636,0.515252912950972
"Andrena.rufosignata","M_004",1,8,0.125,-0.574800907851677
"Andrena.rugosa","M_032",3,6,0.5,0.729958877606968
"Andrena.rugothorace","M_015",17,104,0.163461538461538,1.37986404634354
"Andrena.salicacea","M_062",27,121,0.223140495867769,0.486813815392913
"Andrena.salicis","M_062",9,121,0.0743801652892562,-0.339348316569512
"Andrena.sayi","M_062",2,121,0.0165289256198347,-0.660633590110455
"Andrena.schmiedeknechti","M_015",6,104,0.0576923076923077,0.0872301870109083
"Andrena.schulzi","M_015",13,104,0.125,0.909815370222582
"Andrena.scita","M_015",1,104,0.00961538461538462,-0.500330658140287
"Andrena.sigmundi","M_004",1,8,0.125,-0.574800907851677
"Andrena.simontornyella","M_015",2,104,0.0192307692307692,-0.382818489110048
"Andrena.sp1.M.PL.005","M_005",3,37,0.0810810810810811,-0.379909680171936
"Andrena.sp1.M.PL.012","M_012",1,14,0.0714285714285714,-0.774596669241483
"Andrena.sp1.M.PL.015","M_015",4,104,0.0384615384615385,-0.14779415104957
"Andrena.sp1.M.PL.016","M_016",1,14,0.0714285714285714,-0.677830201092136
"Andrena.sp1.M.PL.032","M_032",1,6,0.166666666666667,-0.669128971139721
"Andrena.sp1.M.PL.047","M_047",3,13,0.230769230769231,0.0842197051826181
"Andrena.sp1.M.PL.053","M_053",1,15,0.0666666666666667,-0.681181667409623
"Andrena.sp1.M.PL.058","M_058",22,22,1,3.21351423945636
"Andrena.sp2.M.PL.015","M_015",1,104,0.00961538461538462,-0.500330658140287
"Andrena.sp3.M.PL.015","M_015",1,104,0.00961538461538462,-0.500330658140287
"Andrena.spiraeana","M_062",71,121,0.586776859504132,2.50632124907884
"Andrena.spiraeana","M_073",1,21,0.0476190476190476,-0.584373485019547
"Andrena.squalida","M_016",2,14,0.142857142857143,-0.30125786715206
"Andrena.stellaria","M_021",2,25,0.08,-0.398500742577033
"Andrena.sublevigata","M_057",1,37,0.027027027027027,-0.526844277609662
"Andrena.sublevigata","M_021",1,25,0.04,-0.577139006490875
"Andrena.subopaca","M_057",1,37,0.027027027027027,-0.526844277609662
"Andrena.taraxaci","M_053",2,15,0.133333333333333,-0.401722521805675
"Andrena.taraxaci","M_015",1,104,0.00961538461538462,-0.500330658140287
"Andrena.tarsata","M_047",1,13,0.0769230769230769,-0.690601582497468
"Andrena.thaspii","M_004",1,8,0.125,-0.574800907851677
"Andrena.thomsoni","M_015",1,104,0.00961538461538462,-0.500330658140287
"Andrena.togashii","M_056",2,22,0.0909090909090909,-0.497914326846038
"Andrena.tomora","M_015",2,104,0.0192307692307692,-0.382818489110048
"Andrena.tridens","M_025",5,7,0.714285714285714,0.766032346285427
"Andrena.tridens","M_062",4,121,0.0330578512396694,-0.568837797670186
"Andrena.trucatilabris","M_015",4,104,0.0384615384615385,-0.14779415104957
"Andrena.tsukubana","M_021",1,25,0.04,-0.577139006490875
"Andrena.tsukubana","M_057",1,37,0.027027027027027,-0.526844277609662
"Andrena.ventricosa","M_015",4,104,0.0384615384615385,-0.14779415104957
"Andrena.vicina","M_005",10,37,0.27027027027027,0.61977966071845
"Andrena.vicina","M_073",1,21,0.0476190476190476,-0.584373485019547
"Andrena.vicina","M_033",8,11,0.727272727272727,0.969887836143006
"Andrena.violae","M_025",1,7,0.142857142857143,-1.1195857368787
"Andrena.vucana","M_039",1,13,0.0769230769230769,-1.11989927986026
"Andrena.w.scripta","M_004",2,8,0.25,-0.0359250567407299
"Andrena.washingtoni","M_005",2,37,0.0540540540540541,-0.522722443156277
"Andrena.watasei","M_057",3,37,0.0810810810810811,-0.264203806872501
"Andrena.watasei","M_053",4,15,0.266666666666667,0.157195769402221
"Andrena.westensis","M_015",8,104,0.0769230769230769,0.322254525071387
"Andrena.wheeleri","M_004",1,8,0.125,-0.574800907851677
"Andrena.wilkella","M_006",5,10,0.5,0.42379773450788
"Andrena.wilkella","M_004",1,8,0.125,-0.574800907851677
"Andrena.wilkella","M_047",1,13,0.0769230769230769,-0.690601582497468
"Andrena.wollestoni","M_008",2,6,0.333333333333333,-0.773717943298663
"Andrena.yamamoto","M_021",6,25,0.24,0.316052313078336
"Andrena.yamamotoi","M_054",2,24,0.0833333333333333,-0.389199501033366
"Andrena.yamamotoi","M_057",1,37,0.027027027027027,-0.526844277609662
"Andrena.yamato","M_056",1,22,0.0454545454545455,-0.652606156545778
"Andrena.ziziaeformis","M_025",2,7,0.285714285714286,-0.648181216087669
"Anthidiellum.sp1.M.PL.030","M_030",1,8,0.125,-0.480459892751428
"Anthidiellum.strigatum","M_016",2,14,0.142857142857143,-0.30125786715206
"Anthidiellum.strigatum.luteum","M_015",18,104,0.173076923076923,1.49737621537378
"Anthidium.adriani","M_001",1,16,0.0625,-0.680386334970978
"Anthidium.chilensis","M_001",8,16,0.5,1.01104137626528
"Anthidium.chubuti","M_022",3,7,0.428571428571429,0
"Anthidium.cognatum","M_062",15,121,0.12396694214876,-0.0639609392487039
"Anthidium.dalmaticum","M_015",1,104,0.00961538461538462,-0.500330658140287
"Anthidium.decaspilum","M_001",4,16,0.25,0.044511255558849
"Anthidium.florentinum","M_015",7,104,0.0673076923076923,0.204742356041147
"Anthidium.funereum","M_001",7,16,0.4375,0.769408846088676
"Anthidium.funereum","M_002",3,8,0.375,0.130293850832351
"Anthidium.gayi","M_001",5,16,0.3125,0.286143785735458
"Anthidium.manicatum","M_008",1,6,0.166666666666667,-1.35400640077266
"Anthidium.manicatum","M_015",1,104,0.00961538461538462,-0.500330658140287
"Anthidium.rubriceps","M_023",1,4,0.25,-0.948683298050514
"Anthidium.septemspinosum","M_054",3,24,0.125,-0.194599750516683
"Anthidium.sp","M_003",7,7,1,1.3907589749183
"Anthidium.sp","M_002",2,8,0.25,-0.312705241997642
"Anthidium.sp","M_001",1,16,0.0625,-0.680386334970978
"Anthidium.sp1.M.PL.058","M_058",6,22,0.272727272727273,0.0345539165532942
"Anthidium.sticticum","M_058",10,22,0.454545454545455,0.829293997279061
"Anthidium.taeniatum","M_015",2,104,0.0192307692307692,-0.382818489110048
"Anthidium.tenuiflorae","M_005",1,37,0.027027027027027,-0.665535206140618
"Anthidium.undulatum","M_015",1,104,0.00961538461538462,-0.500330658140287
"Anthocopa.andrenoides","M_015",5,104,0.0480769230769231,-0.0302819820193309
"Anthocopa.bidentata","M_015",1,104,0.00961538461538462,-0.500330658140287
"Anthocopa.bisulca","M_015",3,104,0.0288461538461538,-0.265306320079809
"Anthocopa.obtusa","M_015",4,104,0.0384615384615385,-0.14779415104957
"Anthocopa.papaveris","M_015",1,104,0.00961538461538462,-0.500330658140287
"Anthocopa.perezi","M_015",1,104,0.00961538461538462,-0.500330658140287
"Anthocopa.scutellaris","M_015",1,104,0.00961538461538462,-0.500330658140287
"Anthocopa.spinigera","M_015",2,104,0.0192307692307692,-0.382818489110048
"Anthocopa.yermasoyiae.corcyraea","M_015",2,104,0.0192307692307692,-0.382818489110048
"Anthophora.abrupta","M_073",1,21,0.0476190476190476,-0.584373485019547
"Anthophora.acervorum","M_016",1,14,0.0714285714285714,-0.677830201092136
"Anthophora.agama","M_015",5,104,0.0480769230769231,-0.0302819820193309
"Anthophora.alluardii","M_039",6,13,0.461538461538462,0.0646095738380922
"Anthophora.alluardii","M_050",1,8,0.125,-1.19271985191884
"Anthophora.alluaudi","M_008",6,6,1,1.54743588659733
"Anthophora.alluaudi","M_012",8,14,0.571428571428571,0.919833544724261
"Anthophora.atroalba","M_015",8,104,0.0769230769230769,0.322254525071387
"Anthophora.bomboides","M_005",1,37,0.027027027027027,-0.665535206140618
"Anthophora.canescens","M_015",2,104,0.0192307692307692,-0.382818489110048
"Anthophora.dispar","M_016",2,14,0.142857142857143,-0.30125786715206
"Anthophora.dufouri","M_015",4,104,0.0384615384615385,-0.14779415104957
"Anthophora.garrula","M_015",1,104,0.00961538461538462,-0.500330658140287
"Anthophora.incerta","M_001",3,16,0.1875,-0.19712127461776
"Anthophora.magnilabris","M_015",1,104,0.00961538461538462,-0.500330658140287
"Anthophora.neomexicana","M_005",1,37,0.027027027027027,-0.665535206140618
"Anthophora.nigrocincta","M_015",4,104,0.0384615384615385,-0.14779415104957
"Anthophora.occidentalis","M_005",1,37,0.027027027027027,-0.665535206140618
"Anthophora.ochroleuca","M_015",2,104,0.0192307692307692,-0.382818489110048
"Anthophora.orotavae","M_039",5,13,0.384615384615385,-0.172292196901579
"Anthophora.orotavae","M_050",3,8,0.375,-0.340777100548239
"Anthophora.pilipes","M_015",5,104,0.0480769230769231,-0.0302819820193309
"Anthophora.pilipes.villosula","M_054",3,24,0.125,-0.194599750516683
"Anthophora.pilipes.villosula","M_057",1,37,0.027027027027027,-0.526844277609662
"Anthophora.plumipes","M_007",1,10,0.1,-0.568903074579574
"Anthophora.retusa","M_015",1,104,0.00961538461538462,-0.500330658140287
"Anthophora.rubricrus","M_015",16,104,0.153846153846154,1.2623518773133
"Anthophora.simillima","M_005",11,37,0.297297297297297,0.762592423702791
"Anthophora.smithi","M_005",3,37,0.0810810810810811,-0.379909680171936
"Anthophora.sp","M_001",2,16,0.125,-0.438753804794369
"Anthophora.sp1.M.PL.016","M_016",1,14,0.0714285714285714,-0.677830201092136
"Anthophora.sp1.M.PL.058","M_058",2,22,0.0909090909090909,-0.760186164172473
"Anthophora.ursina","M_062",1,121,0.00826446280991736,-0.70653148633059
"Apis.cerana","M_055",6,12,0.5,0.989364767565772
"Apis.cerana","M_021",11,25,0.44,1.20924363264755
"Apis.cerana","M_053",2,15,0.133333333333333,-0.401722521805675
"Apis.cerana","M_044",3,21,0.142857142857143,-0.273735897984423
"Apis.cerana.japonica","M_054",23,24,0.958333333333333,3.69739525981698
"Apis.cerana.japonica","M_057",17,37,0.459459459459459,1.57427948828762
"Apis.mellifera","M_055",3,12,0.25,-0.0460169659332917
"Apis.mellifera","M_005",22,37,0.594594594594595,2.33353281653054
"Apis.mellifera","M_015",104,104,1,11.6034227519743
"Apis.mellifera","M_053",11,15,0.733333333333333,2.11340978862986
"Apis.mellifera","M_059",4,13,0.307692307692308,-0.316908842343133
"Apis.mellifera","M_028",4,10,0.4,0.264877448518217
"Apis.mellifera","M_040",6,6,1,1.06440537460975
"Apis.mellifera","M_072",38,66,0.575757575757576,2.17784969712969
"Apis.mellifera","M_039",6,13,0.461538461538462,0.0646095738380922
"Apis.mellifera","M_060",59,59,1,NA
"Apis.mellifera","M_061",31,31,1,1.14613976618751
"Apis.mellifera","M_012",6,14,0.428571428571429,0.435710626448334
"Apis.mellifera","M_11.1",3,6,0.5,-0.577350269189626
"Apis.mellifera","M_056",1,22,0.0454545454545455,-0.652606156545778
"Apis.mellifera","M_058",13,22,0.590909090909091,1.42534905782339
"Apis.mellifera","M_076",34,34,1,2.97370679255529
"Apis.mellifera","M_008",6,6,1,1.54743588659733
"Apis.mellifera","M_030",8,8,1,3.36321924925999
"Apis.mellifera","M_031",17,17,1,2.53463739505017
"Apis.mellifera","M_11.2",12,12,1,1.15470053837925
"Apis.mellifera","M_046",5,9,0.555555555555556,-1.0914103126635
"Apis.mellifera","M_016",14,14,1,4.21761014012884
"Apis.mellifera","M_054",15,24,0.625,2.14059725568351
"Apis.mellifera","M_035",19,19,1,2.00922464387348
"Apis.mellifera","M_036",3,3,1,NA
"Apis.mellifera","M_041",11,11,1,0.707106781186547
"Apis.mellifera","M_073",2,21,0.0952380952380952,-0.370950125273278
"Apis.mellifera","M_023",2,4,0.5,0
"Apis.mellifera","M_013",3,3,1,NA
"Apis.mellifera","M_025",6,7,0.857142857142857,1.23743686707646
"Apis.mellifera","M_034",18,21,0.857142857142857,1.60111190178385
"Apis.mellifera","M_047",13,13,1,3.95832614358305
"Apis.mellifera","M_044",2,21,0.0952380952380952,-0.463830271584717
"Apis.mellifera","M_019",1,13,0.0769230769230769,-0.572593799653756
"Apis.mellifera","M_050",2,8,0.25,-0.766748476233537
"Apis.mellifera","M_033",5,11,0.454545454545455,-0.394016933433096
"Apis.mellifera","M_021",5,25,0.2,0.137414049164494
"Apis.mellifera","M_049",5,11,0.454545454545455,0.173102341766158
"Apis.mellifera","M_032",6,6,1,2.828590650727
"Apis.mellifera","M_017",1,5,0.2,-1.09544511501033
"Apis.mellifera","M_007",1,10,0.1,-0.568903074579574
"Apis.mellifera","M_014",3,10,0.3,-0.352672807929299
"Apis.mellifera","M_029",1,11,0.0909090909090909,-0.666990842064705
"Apis.mellifera.Linnaeus","M_075",28,28,1,NA
"Arhysosage.bifasciata","M_023",2,4,0.5,0
"Ashmeadiella.bucconis","M_062",42,121,0.347107438016529,1.17528225869493
"Augochlora.fervida","M_062",1,121,0.00826446280991736,-0.70653148633059
"Augochlora.pura","M_073",21,21,1,3.68409370990584
"Augochlora.pura","M_025",4,7,0.571428571428571,0.294627825494395
"Augochlora.pura","M_032",1,6,0.166666666666667,-0.669128971139721
"Augochlora.semiramis","M_072",66,66,1,4.30650771732216
"Augochlora.sp1.M.PL.030","M_030",1,8,0.125,-0.480459892751428
"Augochlora.sp1.M.PL.031","M_031",3,17,0.176470588235294,-0.492512479606906
"Augochlora.sp2.M.PL.030","M_030",1,8,0.125,-0.480459892751428
"Augochlorella.aurata","M_073",10,21,0.476190476190476,1.33643675269688
"Augochlorella.ephyra","M_072",32,66,0.484848484848485,1.72170869280273
"Augochlorella.striata","M_032",1,6,0.166666666666667,-0.669128971139721
"Augochloropsis.erato","M_072",17,66,0.257575757575758,0.581356181985338
"Augochloropsis.metallica","M_073",5,21,0.238095238095238,0.26931995396553
"Augochloropsis.sp1.M.PL.023","M_023",1,4,0.25,-0.948683298050514
"Augochloropsis.sp1.M.PL.030","M_030",1,8,0.125,-0.480459892751428
"Augochloropsis.sp1.M.PL.031","M_031",5,17,0.294117647058824,-0.0600624975130372
"Augochloropsis.sp2.M.PL.031","M_031",1,17,0.0588235294117647,-0.924962461700774
"Augochloropsis.sp2.M.PL.072","M_072",9,66,0.136363636363636,-0.0268318237839387
"Augochloropsis.sp3.M.PL.031","M_031",1,17,0.0588235294117647,-0.924962461700774
"Augochloropsis.sp3.M.PL.072","M_072",6,66,0.0909090909090909,-0.254902325947417
"Bombias.scutellaris","M_062",5,121,0.0413223140495868,-0.522939901450051
"Bombus.agrorum","M_049",11,11,1,1.95358357136092
"Bombus.alpinus","M_009",1,1,1,NA
"Bombus.americanorum","M_005",3,37,0.0810810810810811,-0.379909680171936
"Bombus.americanorum","M_062",1,121,0.00826446280991736,-0.70653148633059
"Bombus.appositus","M_005",15,37,0.405405405405405,1.33384347564015
"Bombus.ardens","M_054",8,24,0.333333333333333,0.778399002066733
"Bombus.ardens","M_053",9,15,0.6,1.55449149742196
"Bombus.ardens","M_056",12,22,0.545454545454545,1.04900397015136
"Bombus.ardens","M_057",14,37,0.378378378378378,1.18031878218188
"Bombus.ardens","M_021",8,25,0.32,0.673328840906021
"Bombus.argillaceus","M_015",11,104,0.105769230769231,0.674791032162104
"Bombus.atratus","M_031",6,17,0.352941176470588,0.156162493533897
"Bombus.atratus","M_072",1,66,0.0151515151515152,-0.635019829553215
"Bombus.auricomus","M_073",1,21,0.0476190476190476,-0.584373485019547
"Bombus.beaticola","M_056",22,22,1,2.59592226714876
"Bombus.bellicosus","M_072",16,66,0.242424242424242,0.505332681264178
"Bombus.bifarius","M_005",21,37,0.567567567567568,2.1907200535462
"Bombus.bimaculatus","M_025",7,7,1,1.70884138786749
"Bombus.bimaculatus","M_073",5,21,0.238095238095238,0.26931995396553
"Bombus.bohemicus","M_047",4,13,0.307692307692308,0.471630349022661
"Bombus.brasiliensis","M_074",1,1,1,NA
"Bombus.brevivillus","M_076",1,34,0.0294117647058824,-0.552005452510264
"Bombus.canariensis","M_012",14,14,1,2.37220229955204
"Bombus.centralis","M_005",5,37,0.135135135135135,-0.0942841542032541
"Bombus.consobrinus","M_056",13,22,0.590909090909091,1.2036957998511
"Bombus.cryptarum","M_047",1,13,0.0769230769230769,-0.690601582497468
"Bombus.dahlbomii","M_002",8,8,1,2.34528931498231
"Bombus.dahlbomii","M_034",21,21,1,2.03777878408854
"Bombus.dahlbomii","M_003",3,7,0.428571428571429,-0.198679853559757
"Bombus.dahlbomii","M_051",10,10,1,3.42533112995411
"Bombus.dahlbomii","M_001",7,16,0.4375,0.769408846088676
"Bombus.diversus","M_053",13,15,0.866666666666667,2.67232807983775
"Bombus.diversus","M_056",14,22,0.636363636363636,1.35838762955084
"Bombus.diversus","M_055",5,12,0.416666666666667,0.644237523066084
"Bombus.diversus.diversus","M_057",37,37,1,4.20068419565923
"Bombus.diversus.diversus","M_054",2,24,0.0833333333333333,-0.389199501033366
"Bombus.diversus.diversus","M_021",25,25,1,3.71017932744134
"Bombus.dorsalis","M_005",1,37,0.027027027027027,-0.665535206140618
"Bombus.edwardsi","M_005",37,37,1,4.47572426129565
"Bombus.fervidus","M_005",6,37,0.162162162162162,0.0485286087810867
"Bombus.flavifrons","M_005",16,37,0.432432432432432,1.4766562386245
"Bombus.fulvida","M_005",2,37,0.0540540540540541,-0.522722443156277
"Bombus.griseocollis","M_032",4,6,0.666666666666667,1.42950280198031
"Bombus.griseocollis","M_073",6,21,0.285714285714286,0.4827433137118
"Bombus.honshorensis","M_057",1,37,0.027027027027027,-0.526844277609662
"Bombus.honshuensis","M_056",20,22,0.909090909090909,2.28653860774928
"Bombus.honshuensis","M_021",25,25,1,3.71017932744134
"Bombus.honshuensis","M_057",8,37,0.216216216216216,0.392397369970401
"Bombus.hortorum","M_006",5,10,0.5,0.42379773450788
"Bombus.hortorum","M_018",8,15,0.533333333333333,0.533001790889026
"Bombus.hortorum","M_043",7,10,0.7,0.996249773709006
"Bombus.hortorum","M_007",1,10,0.1,-0.568903074579574
"Bombus.hortorum","M_049",2,11,0.181818181818182,-0.717138273031226
"Bombus.hortorum","M_038",2,2,1,NA
"Bombus.hortotum","M_028",3,10,0.3,-0.122251130085331
"Bombus.hunti","M_005",30,37,0.810810810810811,3.47603492040527
"Bombus.hyperboreus","M_014",1,10,0.1,-0.775880177444458
"Bombus.hyperboreus","M_009",1,1,1,NA
"Bombus.hypnorum","M_049",2,11,0.181818181818182,-0.717138273031226
"Bombus.hypocrita","M_056",18,22,0.818181818181818,1.9771549483498
"Bombus.hypocrita","M_055",1,12,0.0833333333333333,-0.736271454932668
"Bombus.hypocrita.hypocrita","M_057",18,37,0.486486486486487,1.7055997236562
"Bombus.hypocrita.hypocrita","M_021",14,25,0.56,1.74515842438908
"Bombus.hypocrita.hypocrita","M_054",7,24,0.291666666666667,0.58379925155005
"Bombus.ignitus","M_053",10,15,0.666666666666667,1.83395064302591
"Bombus.ignitus","M_054",9,24,0.375,0.972998752583416
"Bombus.ignitus","M_057",1,37,0.027027027027027,-0.526844277609662
"Bombus.ignitus","M_021",1,25,0.04,-0.577139006490875
"Bombus.impatiens","M_062",12,121,0.0991735537190083,-0.201654627909108
"Bombus.impatiens","M_073",11,21,0.523809523809524,1.54986011244315
"Bombus.jonellus","M_047",6,13,0.461538461538462,1.24645163670275
"Bombus.juxtus","M_005",27,37,0.72972972972973,3.04759663145224
"Bombus.kirbyellus","M_005",8,37,0.216216216216216,0.334154134749768
"Bombus.lapidarius","M_007",10,10,1,2.39538136665084
"Bombus.lapidarius","M_047",4,13,0.307692307692308,0.471630349022661
"Bombus.lapidarius","M_018",8,15,0.533333333333333,0.533001790889026
"Bombus.lapidarius","M_017",4,5,0.8,0.730296743340222
"Bombus.lapidarius","M_046",6,9,0.666666666666667,-0.606339062590832
"Bombus.lapidarius","M_037",4,4,1,0.833333333333333
"Bombus.lapidarius","M_043",4,10,0.4,0.0398499909483602
"Bombus.lapidarius","M_006",1,10,0.1,-0.772807633514369
"Bombus.lucorum","M_049",9,11,0.818181818181818,1.36008982816267
"Bombus.lucorum","M_047",8,13,0.615384615384615,2.02127292438283
"Bombus.lucorum","M_016",2,14,0.142857142857143,-0.30125786715206
"Bombus.lucorum","M_043",1,10,0.1,-0.916549791812285
"Bombus.lucorum","M_018",2,15,0.133333333333333,-0.746202507244636
"Bombus.lucorum","M_037",1,4,0.25,-1.16666666666667
"Bombus.morio","M_077",3,7,0.428571428571429,-0.08032193289025
"Bombus.morio","M_076",1,34,0.0294117647058824,-0.552005452510264
"Bombus.morrisoni","M_005",12,37,0.324324324324324,0.905405186687132
"Bombus.muscorum","M_047",1,13,0.0769230769230769,-0.690601582497468
"Bombus.muscorum","M_017",2,5,0.4,-0.486864495560147
"Bombus.nevadensis","M_005",5,37,0.135135135135135,-0.0942841542032541
"Bombus.occidentalis","M_005",32,37,0.864864864864865,3.76166044637395
"Bombus.pascuorum","M_017",5,5,1,1.33887736279041
"Bombus.pascuorum","M_046",9,9,1,0.848874687627165
"Bombus.pascuorum","M_006",10,10,1,1.91955444453569
"Bombus.pascuorum","M_037",4,4,1,0.833333333333333
"Bombus.pascuorum","M_018",15,15,1,2.0254068053783
"Bombus.pascuorum","M_043",10,10,1,1.95264955646965
"Bombus.pascuorum","M_007",7,10,0.7,1.40728655290737
"Bombus.pascuorum","M_047",8,13,0.615384615384615,2.02127292438283
"Bombus.pascuorum","M_038",2,2,1,NA
"Bombus.pennsylvanicus","M_062",6,121,0.0495867768595041,-0.477042005229917
"Bombus.pennsylvanicus","M_025",2,7,0.285714285714286,-0.648181216087669
"Bombus.pennsylvanicus","M_005",1,37,0.027027027027027,-0.665535206140618
"Bombus.perplexus","M_004",2,8,0.25,-0.0359250567407299
"Bombus.perplexus","M_073",2,21,0.0952380952380952,-0.370950125273278
"Bombus.polaris","M_014",10,10,1,1.12855298537376
"Bombus.polaris","M_024",2,2,1,NA
"Bombus.pratorum","M_047",3,13,0.230769230769231,0.0842197051826181
"Bombus.pratorum","M_049",7,11,0.636363636363636,0.766596084964413
"Bombus.pratorum","M_006",3,10,0.3,-0.174504949503245
"Bombus.pratorum","M_018",3,15,0.2,-0.533001790889026
"Bombus.pratorum","M_043",3,10,0.3,-0.278949936638522
"Bombus.pratorum","M_007",3,10,0.3,0.0898268012494066
"Bombus.pullatus","M_031",7,17,0.411764705882353,0.372387484580831
"Bombus.ridingsii","M_062",3,121,0.0247933884297521,-0.614735693890321
"Bombus.ruderatus","M_11.1",3,6,0.5,-0.577350269189626
"Bombus.ruderatus","M_051",3,10,0.3,0.278308154308772
"Bombus.ruderatus","M_018",1,15,0.0666666666666667,-0.959403223600247
"Bombus.ruderatus","M_028",1,10,0.1,-0.896508287292428
"Bombus.ruderatus","M_043",1,10,0.1,-0.916549791812285
"Bombus.rufocinctus","M_005",12,37,0.324324324324324,0.905405186687132
"Bombus.rupestris","M_047",2,13,0.153846153846154,-0.303190938657425
"Bombus.soroeensis","M_043",2,10,0.2,-0.597749864225403
"Bombus.soroeensis","M_018",2,15,0.133333333333333,-0.746202507244636
"Bombus.sp1.M.PL.010","M_010",4,4,1,NA
"Bombus.sp1.M.PL.020","M_020",7,7,1,NA
"Bombus.sp1.M.PL.036","M_036",3,3,1,NA
"Bombus.sp1.M.PL.047","M_047",7,13,0.538461538461538,1.63386228054279
"Bombus.sp1.M.PL.057","M_057",1,37,0.027027027027027,-0.526844277609662
"Bombus.sp2.M.PL.047","M_047",6,13,0.461538461538462,1.24645163670275
"Bombus.terestis","M_049",7,11,0.636363636363636,0.766596084964413
"Bombus.ternarius","M_004",2,8,0.25,-0.0359250567407299
"Bombus.terrestris","M_058",8,22,0.363636363636364,0.431923956916178
"Bombus.terrestris","M_046",9,9,1,0.848874687627165
"Bombus.terrestris","M_018",5,15,0.333333333333333,-0.106600358177805
"Bombus.terrestris","M_047",1,13,0.0769230769230769,-0.690601582497468
"Bombus.terrestris","M_017",2,5,0.4,-0.486864495560147
"Bombus.terrestris","M_015",13,104,0.125,0.909815370222582
"Bombus.terrestris","M_043",3,10,0.3,-0.278949936638522
"Bombus.terrestris","M_029",1,11,0.0909090909090909,-0.666990842064705
"Bombus.terrestris","M_037",2,4,0.5,-0.5
"Bombus.terrestris","M_028",4,10,0.4,0.264877448518217
"Bombus.terrestris.lucorum","M_006",10,10,1,1.91955444453569
"Bombus.terrestris.lucorum","M_007",3,10,0.3,0.0898268012494066
"Bombus.terricola","M_033",5,11,0.454545454545455,-0.394016933433096
"Bombus.terricola","M_004",4,8,0.5,1.04182664548116
"Bombus.vagans","M_004",8,8,1,3.19733004992495
"Bombus.volucelloides","M_031",9,17,0.529411764705882,0.804837466674699
"Cadeguala.albopilosa","M_034",9,21,0.428571428571429,0.291111254869791
"Cadeguala.occidentalis","M_001",4,16,0.25,0.044511255558849
"Cadeguala.occipitalis","M_034",3,21,0.142857142857143,-0.582222509739582
"Caenohalictus.movilicornis","M_034",5,21,0.238095238095238,-0.291111254869791
"Caenohalictus.sp","M_002",8,8,1,2.34528931498231
"Caenohalictus.sp","M_001",11,16,0.6875,1.73593896679511
"Caenohalictus.sp1.M.PL.023","M_023",1,4,0.25,-0.948683298050514
"Caenohalictus.sp1.M.PL.051","M_051",1,10,0.1,-0.620841267304183
"Caenohalictus.sp2","M_001",1,16,0.0625,-0.680386334970978
"Caenohalictus.sp2.M.PL.023","M_023",1,4,0.25,-0.948683298050514
"Caenohalictus.sp2.M.PL.051","M_051",1,10,0.1,-0.620841267304183
"Caenohalictus.sp3","M_001",1,16,0.0625,-0.680386334970978
"Calliopsis.andreniformis","M_062",13,121,0.107438016528926,-0.155756731688973
"Calliopsis.coloradensis","M_062",10,121,0.0826446280991736,-0.293450420349378
"Callonychium.mandibulare","M_023",3,4,0.75,0.948683298050514
"Caupolicana.dimidiata","M_001",1,16,0.0625,-0.680386334970978
"Cemolobus.ipomoeae","M_062",4,121,0.0330578512396694,-0.568837797670186
"Cemolobus.oligolege","M_062",11,121,0.0909090909090909,-0.247552524129243
"Centris.aenea","M_059",13,13,1,1.63458244998037
"Centris.cana","M_002",1,8,0.125,-0.755704334827634
"Centris.caxiensis","M_059",10,13,0.769230769230769,0.984085352539204
"Centris.cineraria","M_001",15,16,0.9375,2.70246908750155
"Centris.cineraria","M_002",3,8,0.375,0.130293850832351
"Centris.dirrhoda","M_035",2,19,0.105263157894737,-0.490054791188654
"Centris.flavifrons","M_059",7,13,0.538461538461538,0.333588255098035
"Centris.fuscata","M_059",13,13,1,1.63458244998037
"Centris.muralis","M_023",1,4,0.25,-0.948683298050514
"Centris.nigerrima","M_001",4,16,0.25,0.044511255558849
"Centris.nigerrima","M_002",2,8,0.25,-0.312705241997642
"Centris.obsoleta","M_059",1,13,0.0769230769230769,-0.967405939784302
"Centris.sp","M_001",1,16,0.0625,-0.680386334970978
"Centris.sp1.M.PL.023","M_023",2,4,0.5,0
"Centris.sp1.M.PL.035","M_035",2,19,0.105263157894737,-0.490054791188654
"Centris.sp1.M.PL.040","M_040",3,6,0.5,-0.677348874751661
"Centris.sp1.M.PL.059","M_059",1,13,0.0769230769230769,-0.967405939784302
"Centris.sp2.M.PL.040","M_040",3,6,0.5,-0.677348874751661
"Centris.sp2.M.PL.059","M_059",1,13,0.0769230769230769,-0.967405939784302
"Centris.tarsata","M_059",10,13,0.769230769230769,0.984085352539204
"Centris.trigonoides","M_059",4,13,0.307692307692308,-0.316908842343133
"Ceratina.acuta","M_015",12,104,0.115384615384615,0.792303201192343
"Ceratina.bispinosa","M_015",8,104,0.0769230769230769,0.322254525071387
"Ceratina.calcarata","M_073",21,21,1,3.68409370990584
"Ceratina.calcarata","M_025",3,7,0.428571428571429,-0.176776695296637
"Ceratina.cucurbitina","M_016",7,14,0.5,1.58160380254832
"Ceratina.cucurbitina","M_058",2,22,0.0909090909090909,-0.760186164172473
"Ceratina.cucurbitina","M_015",1,104,0.00961538461538462,-0.500330658140287
"Ceratina.cyanea","M_016",4,14,0.285714285714286,0.451886800728091
"Ceratina.cyanea","M_015",1,104,0.00961538461538462,-0.500330658140287
"Ceratina.dallatorreana","M_015",2,104,0.0192307692307692,-0.382818489110048
"Ceratina.dentiventris","M_015",8,104,0.0769230769230769,0.322254525071387
"Ceratina.dupla","M_062",85,121,0.702479338842975,3.14889179616073
"Ceratina.esakii","M_057",9,37,0.243243243243243,0.523717605338981
"Ceratina.esakii","M_055",1,12,0.0833333333333333,-0.736271454932668
"Ceratina.esakii","M_054",1,24,0.0416666666666667,-0.58379925155005
"Ceratina.esakii","M_021",1,25,0.04,-0.577139006490875
"Ceratina.flavipes","M_054",11,24,0.458333333333333,1.36219825361678
"Ceratina.flavipes","M_053",7,15,0.466666666666667,0.995573206214065
"Ceratina.flavipes","M_057",2,37,0.0540540540540541,-0.395524042241081
"Ceratina.flavipes","M_055",2,12,0.166666666666667,-0.39114421043298
"Ceratina.flavipes","M_021",1,25,0.04,-0.577139006490875
"Ceratina.iwatai","M_057",2,37,0.0540540540540541,-0.395524042241081
"Ceratina.iwatai","M_053",1,15,0.0666666666666667,-0.681181667409623
"Ceratina.iwatai","M_054",1,24,0.0416666666666667,-0.58379925155005
"Ceratina.japonica","M_057",34,37,0.918918918918919,3.80672348955349
"Ceratina.japonica","M_053",15,15,1,3.23124637104565
"Ceratina.japonica","M_021",8,25,0.32,0.673328840906021
"Ceratina.japonica","M_055",4,12,0.333333333333333,0.299110278566396
"Ceratina.japonica","M_054",2,24,0.0833333333333333,-0.389199501033366
"Ceratina.loewi","M_015",13,104,0.125,0.909815370222582
"Ceratina.megastigmata","M_057",22,37,0.594594594594595,2.23088066513053
"Ceratina.megastigmata","M_021",23,25,0.92,3.35290279961366
"Ceratina.megastigmata","M_053",7,15,0.466666666666667,0.995573206214065
"Ceratina.metallica","M_032",1,6,0.166666666666667,-0.669128971139721
"Ceratina.mocsaryi","M_016",3,14,0.214285714285714,0.0753144667880151
"Ceratina.montana","M_072",12,66,0.181818181818182,0.20123867837954
"Ceratina.nigra","M_015",2,104,0.0192307692307692,-0.382818489110048
"Ceratina.nigrolabiata","M_015",9,104,0.0865384615384615,0.439766694101626
"Ceratina.okinawana","M_044",1,21,0.0476190476190476,-0.653924645185011
"Ceratina.parvula","M_015",1,104,0.00961538461538462,-0.500330658140287
"Ceratina.rupestris","M_072",2,66,0.0303030303030303,-0.558996328832056
"Ceratina.satoi","M_044",2,21,0.0952380952380952,-0.463830271584717
"Ceratina.sp1.M.PL.005","M_005",3,37,0.0810810810810811,-0.379909680171936
"Ceratina.sp1.M.PL.030","M_030",1,8,0.125,-0.480459892751428
"Ceratina.sp1.M.PL.031","M_031",4,17,0.235294117647059,-0.276287488559971
"Ceratina.sp1.M.PL.057","M_057",1,37,0.027027027027027,-0.526844277609662
"Ceratina.sp1M.PL.073","M_073",5,21,0.238095238095238,0.26931995396553
"Ceratina.strenua","M_073",4,21,0.19047619047619,0.055896594219261
"Ceratina.tabescens","M_061",5,31,0.161290322580645,-1.04500978681803
"Chalepogenus.caeruleus","M_051",1,10,0.1,-0.620841267304183
"Chalepogenus.caeruleus","M_023",1,4,0.25,-0.948683298050514
"Chalepogenus.goeldianus","M_072",2,66,0.0303030303030303,-0.558996328832056
"Chalicodoma.albocristata","M_015",4,104,0.0384615384615385,-0.14779415104957
"Chalicodoma.disjunctiformis","M_054",2,24,0.0833333333333333,-0.389199501033366
"Chalicodoma.disjunctiformis","M_044",1,21,0.0476190476190476,-0.653924645185011
"Chalicodoma.ericetorum","M_015",8,104,0.0769230769230769,0.322254525071387
"Chalicodoma.hungarica","M_015",1,104,0.00961538461538462,-0.500330658140287
"Chalicodoma.lefebvrei","M_015",3,104,0.0288461538461538,-0.265306320079809
"Chalicodoma.manicata","M_015",4,104,0.0384615384615385,-0.14779415104957
"Chalicodoma.montenegrensis","M_015",1,104,0.00961538461538462,-0.500330658140287
"Chalicodoma.parietina.nestorea","M_015",11,104,0.105769230769231,0.674791032162104
"Chalicodoma.pyrenaica","M_015",2,104,0.0192307692307692,-0.382818489110048
"Chalicodoma.sculpturalis","M_054",1,24,0.0416666666666667,-0.58379925155005
"Chalicodoma.sculpturalis","M_021",1,25,0.04,-0.577139006490875
"Chalicodoma.sp1.M.PL.054","M_054",2,24,0.0833333333333333,-0.389199501033366
"Chelostoma.appendiculatum","M_015",1,104,0.00961538461538462,-0.500330658140287
"Chelostoma.campanularum","M_015",2,104,0.0192307692307692,-0.382818489110048
"Chelostoma.emarginatum","M_015",5,104,0.0480769230769231,-0.0302819820193309
"Chelostoma.hellenicum","M_015",1,104,0.00961538461538462,-0.500330658140287
"Chelostoma.transversum","M_015",6,104,0.0576923076923077,0.0872301870109083
"Chilicola.sp","M_002",1,8,0.125,-0.755704334827634
"Chilicola.sp","M_001",2,16,0.125,-0.438753804794369
"Chilicola.sp1.M.PL.051","M_051",1,10,0.1,-0.620841267304183
"Chilicola.sp1.M.PL.072","M_072",12,66,0.181818181818182,0.20123867837954
"Chilicola.sp2.M.PL.051","M_051",1,10,0.1,-0.620841267304183
"Chilicola.sp3.M.PL.051","M_051",1,10,0.1,-0.620841267304183
"Chloralictus.albipennis","M_062",63,121,0.520661157024793,2.13913807931776
"Chloralictus.cressonii","M_062",8,121,0.0661157024793388,-0.385246212789647
"Chloralictus.foveolatus","M_062",6,121,0.0495867768595041,-0.477042005229917
"Chloralictus.illinoensis","M_062",28,121,0.231404958677686,0.532711711613048
"Chloralictus.obscurus","M_062",5,121,0.0413223140495868,-0.522939901450051
"Chloralictus.smilacinae","M_062",6,121,0.0495867768595041,-0.477042005229917
"Coelioxys.8.dentata","M_062",23,121,0.190082644628099,0.303222230512374
"Coelioxys.afra","M_015",1,104,0.00961538461538462,-0.500330658140287
"Coelioxys.alternata","M_062",65,121,0.537190082644628,2.23093387175803
"Coelioxys.aurolimbata","M_015",3,104,0.0288461538461538,-0.265306320079809
"Coelioxys.breris","M_021",1,25,0.04,-0.577139006490875
"Coelioxys.fenestrata","M_054",1,24,0.0416666666666667,-0.58379925155005
"Coelioxys.germana","M_062",12,121,0.0991735537190083,-0.201654627909108
"Coelioxys.modesta","M_062",13,121,0.107438016528926,-0.155756731688973
"Coelioxys.moesta","M_005",2,37,0.0540540540540541,-0.522722443156277
"Coelioxys.rufitarsis","M_062",8,121,0.0661157024793388,-0.385246212789647
"Coelioxys.rufocaudata","M_015",3,104,0.0288461538461538,-0.265306320079809
"Coelioxys.sayi","M_062",20,121,0.165289256198347,0.16552854185197
"Coelioxys.sayi","M_073",3,21,0.142857142857143,-0.157526765527008
"Coelioxys.sp","M_001",1,16,0.0625,-0.680386334970978
"Coelioxys.sp1.M.PL.053","M_053",1,15,0.0666666666666667,-0.681181667409623
"Coelioxys.sp1.M.PL.072","M_072",3,66,0.0454545454545455,-0.482972828110896
"Coelioxys.yanonis","M_054",1,24,0.0416666666666667,-0.58379925155005
"Colletes.acutus","M_016",3,14,0.214285714285714,0.0753144667880151
"Colletes.albescens","M_062",2,121,0.0165289256198347,-0.660633590110455
"Colletes.americanus","M_062",1,121,0.00826446280991736,-0.70653148633059
"Colletes.americanus","M_005",2,37,0.0540540540540541,-0.522722443156277
"Colletes.araucariae","M_001",1,16,0.0625,-0.680386334970978
"Colletes.armatus","M_062",10,121,0.0826446280991736,-0.293450420349378
"Colletes.babai","M_057",2,37,0.0540540540540541,-0.395524042241081
"Colletes.brevicornis","M_062",1,121,0.00826446280991736,-0.70653148633059
"Colletes.caspicus","M_016",4,14,0.285714285714286,0.451886800728091
"Colletes.compactus","M_062",13,121,0.107438016528926,-0.155756731688973
"Colletes.cunicularius","M_047",1,13,0.0769230769230769,-0.690601582497468
"Colletes.cyaneus","M_072",3,66,0.0454545454545455,-0.482972828110896
"Colletes.dimidiatus","M_008",2,6,0.333333333333333,-0.773717943298663
"Colletes.eous","M_015",1,104,0.00961538461538462,-0.500330658140287
"Colletes.fodiens","M_016",1,14,0.0714285714285714,-0.677830201092136
"Colletes.foveolaris","M_015",1,104,0.00961538461538462,-0.500330658140287
"Colletes.fulvipes","M_002",1,8,0.125,-0.755704334827634
"Colletes.fulvipes","M_001",1,16,0.0625,-0.680386334970978
"Colletes.inaequalis","M_033",5,11,0.454545454545455,-0.394016933433096
"Colletes.inaequalis","M_062",5,121,0.0413223140495868,-0.522939901450051
"Colletes.kincaidi","M_005",4,37,0.108108108108108,-0.237096917187595
"Colletes.lycii","M_023",2,4,0.5,0
"Colletes.nudus","M_062",48,121,0.396694214876033,1.45066963601574
"Colletes.oligolege","M_062",3,121,0.0247933884297521,-0.614735693890321
"Colletes.oromontis","M_005",10,37,0.27027027027027,0.61977966071845
"Colletes.patellatus","M_055",1,12,0.0833333333333333,-0.736271454932668
"Colletes.perforator","M_053",1,15,0.0666666666666667,-0.681181667409623
"Colletes.perforator","M_044",2,21,0.0952380952380952,-0.463830271584717
"Colletes.productus","M_062",14,121,0.115702479338843,-0.109858835468839
"Colletes.seminitidus","M_051",4,10,0.4,0.727882865115249
"Colletes.sieverti","M_005",1,37,0.027027027027027,-0.665535206140618
"Colletes.similis","M_062",1,121,0.00826446280991736,-0.70653148633059
"Colletes.sp","M_002",1,8,0.125,-0.755704334827634
"Colletes.sp","M_001",1,16,0.0625,-0.680386334970978
"Colletes.sp1.M.PL.005","M_005",1,37,0.027027027027027,-0.665535206140618
"Colletes.sp1.M.PL.016","M_016",2,14,0.142857142857143,-0.30125786715206
"Colletes.sp1.M.PL.054","M_054",1,24,0.0416666666666667,-0.58379925155005
"Colletes.sp1.M.PL.058","M_058",6,22,0.272727272727273,0.0345539165532942
"Colletes.sp1.M.PL.072","M_072",2,66,0.0303030303030303,-0.558996328832056
"Colletes.sp2.M.PL.054","M_054",1,24,0.0416666666666667,-0.58379925155005
"Colletes.sp2.M.PL.072","M_072",6,66,0.0909090909090909,-0.254902325947417
"Colletes.speciosus","M_062",3,121,0.0247933884297521,-0.614735693890321
"Colletes.spectabilis","M_015",2,104,0.0192307692307692,-0.382818489110048
"Colletes.succinctus","M_047",1,13,0.0769230769230769,-0.690601582497468
"Colletes.succintus","M_016",3,14,0.214285714285714,0.0753144667880151
"Colletes.thoracicus","M_073",1,21,0.0476190476190476,-0.584373485019547
"Colletes.willistonii","M_062",22,121,0.181818181818182,0.257324334292239
"Corynura.aff..atrovirens","M_034",1,21,0.0476190476190476,-0.873333764609373
"Corynura.aff..lepida","M_034",1,21,0.0476190476190476,-0.873333764609373
"Corynura.corynogastra","M_034",2,21,0.0952380952380952,-0.727778137174477
"Corynura.patagonica","M_034",10,21,0.476190476190476,0.436666882304686
"Corynura.prothysteres","M_051",3,10,0.3,0.278308154308772
"Corynura.rubella","M_034",3,21,0.142857142857143,-0.582222509739582
"Corynura.sp","M_001",1,16,0.0625,-0.680386334970978
"Corynura.sp1.M.PL.051","M_051",1,10,0.1,-0.620841267304183
"Creightonella.albisecta","M_015",6,104,0.0576923076923077,0.0872301870109083
"Dasypoda.cingulata","M_016",4,14,0.285714285714286,0.451886800728091
"Dasypoda.iberica","M_016",1,14,0.0714285714285714,-0.677830201092136
"Dasypoda.sp1.M.PL.015","M_015",1,104,0.00961538461538462,-0.500330658140287
"Diadasia.patagonica","M_023",1,4,0.25,-0.948683298050514
"Dialictus.abanci","M_025",6,7,0.857142857142857,1.23743686707646
"Dialictus.coeruleus","M_032",1,6,0.166666666666667,-0.669128971139721
"Dialictus.cressoni","M_004",4,8,0.5,1.04182664548116
"Dialictus.cressonii","M_025",3,7,0.428571428571429,-0.176776695296637
"Dialictus.imitatus","M_004",2,8,0.25,-0.0359250567407299
"Dialictus.imitatus","M_032",1,6,0.166666666666667,-0.669128971139721
"Dialictus.oblongus","M_032",1,6,0.166666666666667,-0.669128971139721
"Dialictus.obscurus","M_032",1,6,0.166666666666667,-0.669128971139721
"Dialictus.pilosus","M_033",3,11,0.272727272727273,-1.30328677981716
"Dialictus.sp","M_001",1,16,0.0625,-0.680386334970978
"Dialictus.sp1.M.PL.004","M_004",8,8,1,3.19733004992495
"Dialictus.sp1.M.PL.023","M_023",3,4,0.75,0.948683298050514
"Dialictus.sp1.M.PL.030","M_030",3,8,0.375,0.617734147823264
"Dialictus.sp1.M.PL.031","M_031",3,17,0.176470588235294,-0.492512479606906
"Dialictus.sp1.M.PL.072","M_072",11,66,0.166666666666667,0.12521517765838
"Dialictus.sp2.M.PL.023","M_023",3,4,0.75,0.948683298050514
"Dialictus.sp2.M.PL.030","M_030",1,8,0.125,-0.480459892751428
"Dialictus.sp2.M.PL.031","M_031",1,17,0.0588235294117647,-0.924962461700774
"Dialictus.zephyrus","M_032",1,6,0.166666666666667,-0.669128971139721
"Dianthidium.boreale","M_062",1,121,0.00826446280991736,-0.70653148633059
"Diceratosmia.conjuncta","M_062",53,121,0.43801652892562,1.68015911711642
"Diphaglossa.gayi","M_034",4,21,0.19047619047619,-0.436666882304686
"Emphoropsis.floridana","M_062",2,121,0.0165289256198347,-0.660633590110455
"Eoanthidium.elongatum","M_015",5,104,0.0480769230769231,-0.0302819820193309
"Eoanthidium.insulare","M_015",1,104,0.00961538461538462,-0.500330658140287
"Epeolus.autumnalis","M_062",1,121,0.00826446280991736,-0.70653148633059
"Epeolus.bifasciatus","M_062",6,121,0.0495867768595041,-0.477042005229917
"Epeolus.correopsis","M_062",8,121,0.0661157024793388,-0.385246212789647
"Epeolus.fallax","M_016",1,14,0.0714285714285714,-0.677830201092136
"Epeolus.helianthi","M_005",1,37,0.027027027027027,-0.665535206140618
"Epeolus.melectiformis","M_057",3,37,0.0810810810810811,-0.264203806872501
"Epeolus.pusillus","M_062",13,121,0.107438016528926,-0.155756731688973
"Epicharis.obscura","M_077",1,7,0.142857142857143,-0.883541261792749
"Epicharis.sp1.M.PL.059","M_059",4,13,0.307692307692308,-0.316908842343133
"Eucera.albofasciata","M_015",10,104,0.0961538461538462,0.557278863131865
"Eucera.bidentata","M_015",32,104,0.307692307692308,3.14254658179713
"Eucera.clypeata","M_015",33,104,0.317307692307692,3.26005875082737
"Eucera.furfurea","M_015",13,104,0.125,0.909815370222582
"Eucera.gracilipes","M_050",7,8,0.875,1.36310840219296
"Eucera.gracilipes","M_008",4,6,0.666666666666667,0.386858971649331
"Eucera.gracilipes","M_039",13,13,1,1.72292196901579
"Eucera.hispaliensis","M_016",1,14,0.0714285714285714,-0.677830201092136
"Eucera.nigrescens.contraria","M_015",1,104,0.00961538461538462,-0.500330658140287
"Eucera.nigrilabris.rufitarsis","M_015",1,104,0.00961538461538462,-0.500330658140287
"Eucera.parnassia","M_015",11,104,0.105769230769231,0.674791032162104
"Eucera.punctulata","M_015",1,104,0.00961538461538462,-0.500330658140287
"Eucera.seminuda","M_015",21,104,0.201923076923077,1.8499127224645
"Eucera.sp1.M.PL.015","M_015",1,104,0.00961538461538462,-0.500330658140287
"Eucera.sp1.M.PL.058","M_058",1,22,0.0454545454545455,-0.958871184353915
"Eucera.sp2.M.PL.015","M_015",1,104,0.00961538461538462,-0.500330658140287
"Euglossa.chalybeata","M_077",1,7,0.142857142857143,-0.883541261792749
"Euglossa.cordata","M_030",2,8,0.25,0.0686371275359183
"Euglossa.cordata","M_035",4,19,0.210526315789474,-0.196021916475461
"Euglossa.jamaicensis","M_040",6,6,1,1.06440537460975
"Euglossa.sp","M_077",4,7,0.571428571428571,0.321287731560999
"Euglossa.sp1.M.PL.031","M_031",8,17,0.470588235294118,0.588612475627765
"Eulaema.meriana","M_031",2,17,0.117647058823529,-0.70873747065384
"Eulaema.nigrita","M_030",1,8,0.125,-0.480459892751428
"Euryglossa.sp1.M.PL.019","M_019",2,13,0.153846153846154,-0.26721043983842
"Euryglossa.sp2.M.PL.019","M_019",2,13,0.153846153846154,-0.26721043983842
"Euryglossa.sp3.M.PL.019","M_019",1,13,0.0769230769230769,-0.572593799653756
"Evylaeus.4.maculatus","M_062",1,121,0.00826446280991736,-0.70653148633059
"Evylaeus.arcuatus","M_062",90,121,0.743801652892562,3.3783812772614
"Evylaeus.divergens","M_004",2,8,0.25,-0.0359250567407299
"Evylaeus.macoupinensis","M_025",5,7,0.714285714285714,0.766032346285427
"Evylaeus.nelumbonis","M_062",5,121,0.0413223140495868,-0.522939901450051
"Evylaeus.pectinatus","M_062",2,121,0.0165289256198347,-0.660633590110455
"Evylaeus.pectoralis","M_062",2,121,0.0165289256198347,-0.660633590110455
"Evylaeus.quebecensis","M_004",4,8,0.5,1.04182664548116
"Evylaeus.sp1.M.PL.051","M_051",2,10,0.2,-0.171266556497706
"Evylaeus.truncatus","M_062",5,121,0.0413223140495868,-0.522939901450051
"Exomalopsis.sp1.M.PL.030","M_030",1,8,0.125,-0.480459892751428
"Exomalopsis.sp1.M.PL.031","M_031",3,17,0.176470588235294,-0.492512479606906
"Exomalopsis.sp1.M.PL.035","M_035",4,19,0.210526315789474,-0.196021916475461
"Florilegus.condignus","M_062",24,121,0.198347107438017,0.349120126732509
"Frieseomelitta.silvestrii","M_076",6,34,0.176470588235294,-0.0178066275003311
"Gaesischia.sp1.M.PL.072","M_072",4,66,0.0606060606060606,-0.406949327389737
"Gnathosmia.georgica","M_062",3,121,0.0247933884297521,-0.614735693890321
"Habropoda.tarsata","M_015",8,104,0.0769230769230769,0.322254525071387
"Halictillus.sp1.M.PL.072","M_072",11,66,0.166666666666667,0.12521517765838
"Halictoides.marginatus","M_062",1,121,0.00826446280991736,-0.70653148633059
"Halictus.aerarius","M_054",4,24,0.166666666666667,0
"Halictus.asperulus","M_015",3,104,0.0288461538461538,-0.265306320079809
"Halictus.brunnescens","M_015",10,104,0.0961538461538462,0.557278863131865
"Halictus.calceatus","M_049",1,11,0.0909090909090909,-1.01388514463035
"Halictus.cephalicus","M_015",6,104,0.0576923076923077,0.0872301870109083
"Halictus.chloralictus","M_005",10,37,0.27027027027027,0.61977966071845
"Halictus.confusus","M_004",1,8,0.125,-0.574800907851677
"Halictus.confusus","M_047",1,13,0.0769230769230769,-0.690601582497468
"Halictus.confusus","M_032",1,6,0.166666666666667,-0.669128971139721
"Halictus.confusus","M_073",2,21,0.0952380952380952,-0.370950125273278
"Halictus.fendleri","M_005",1,37,0.027027027027027,-0.665535206140618
"Halictus.fulvipes","M_016",1,14,0.0714285714285714,-0.677830201092136
"Halictus.gemmeus","M_058",7,22,0.318181818181818,0.233238936734736
"Halictus.gemmeus","M_015",10,104,0.0961538461538462,0.557278863131865
"Halictus.gemmeus","M_016",1,14,0.0714285714285714,-0.677830201092136
"Halictus.graecus","M_015",3,104,0.0288461538461538,-0.265306320079809
"Halictus.lerouxi","M_005",1,37,0.027027027027027,-0.665535206140618
"Halictus.lerouxii","M_062",70,121,0.578512396694215,2.46042335285871
"Halictus.leucopus","M_049",2,11,0.181818181818182,-0.717138273031226
"Halictus.manitonellus","M_005",2,37,0.0540540540540541,-0.522722443156277
"Halictus.medionitens","M_005",5,37,0.135135135135135,-0.0942841542032541
"Halictus.pollinus","M_015",5,104,0.0480769230769231,-0.0302819820193309
"Halictus.pulzenus","M_005",17,37,0.459459459459459,1.61946900160884
"Halictus.pyrenaicus","M_058",5,22,0.227272727272727,-0.164131103628148
"Halictus.quadricinctus","M_016",6,14,0.428571428571429,1.20503146860824
"Halictus.quadrinotatus","M_049",4,11,0.363636363636364,-0.12364452983297
"Halictus.resurgens","M_015",11,104,0.105769230769231,0.674791032162104
"Halictus.rubicundus","M_004",2,8,0.25,-0.0359250567407299
"Halictus.scabiosae","M_015",15,104,0.144230769230769,1.14483970828306
"Halictus.scabiosae","M_016",1,14,0.0714285714285714,-0.677830201092136
"Halictus.smaragdulus","M_015",18,104,0.173076923076923,1.49737621537378
"Halictus.smaragdulus","M_016",1,14,0.0714285714285714,-0.677830201092136
"Halictus.sp","M_11.1",6,6,1,1.15470053837925
"Halictus.sp1.M.PL.005","M_005",10,37,0.27027027027027,0.61977966071845
"Halictus.sp1.M.PL.012","M_012",2,14,0.142857142857143,-0.53253521010352
"Halictus.sp1.M.PL.015","M_015",2,104,0.0192307692307692,-0.382818489110048
"Halictus.sp1.M.PL.058","M_058",7,22,0.318181818181818,0.233238936734736
"Halictus.sp2.M.PL.005","M_005",8,37,0.216216216216216,0.334154134749768
"Halictus.sp2.M.PL.015","M_015",1,104,0.00961538461538462,-0.500330658140287
"Halictus.sp3.M.PL.005","M_005",11,37,0.297297297297297,0.762592423702791
"Halictus.subauratus","M_015",3,104,0.0288461538461538,-0.265306320079809
"Halictus.tectus","M_015",3,104,0.0288461538461538,-0.265306320079809
"Halictus.tetrazonius","M_015",16,104,0.153846153846154,1.2623518773133
"Heriades.coelostomus","M_015",3,104,0.0288461538461538,-0.265306320079809
"Heriades.crenudatus","M_016",1,14,0.0714285714285714,-0.677830201092136
"Heriades.crenulatus","M_015",1,104,0.00961538461538462,-0.500330658140287
"Heriades.dalmaticus","M_015",8,104,0.0769230769230769,0.322254525071387
"Heriades.gracilior","M_005",3,37,0.0810810810810811,-0.379909680171936
"Heriades.trucorum","M_015",3,104,0.0288461538461538,-0.265306320079809
"Heterosarus.parvus","M_062",30,121,0.247933884297521,0.624507504053317
"Heterosarus.sp1.M.PL.051","M_051",2,10,0.2,-0.171266556497706
"Holcopasites.heliopsis","M_062",55,121,0.454545454545455,1.77195490955669
"Hoplitis.crenulata","M_015",8,104,0.0769230769230769,0.322254525071387
"Hoplitis.curvipes","M_015",2,104,0.0192307692307692,-0.382818489110048
"Hoplitis.cylindricus","M_062",20,121,0.165289256198347,0.16552854185197
"Hoplitis.fabrei","M_015",4,104,0.0384615384615385,-0.14779415104957
"Hoplitis.manicata","M_015",5,104,0.0480769230769231,-0.0302819820193309
"Hoplitis.pallicornis","M_015",1,104,0.00961538461538462,-0.500330658140287
"Hoplitis.pici","M_015",3,104,0.0288461538461538,-0.265306320079809
"Hoplitis.producta","M_004",1,8,0.125,-0.574800907851677
"Hoplitis.rufohirta","M_015",1,104,0.00961538461538462,-0.500330658140287
"Hoplitis.sp1.M.PL.015","M_015",1,104,0.00961538461538462,-0.500330658140287
"Hoplitis.sp2.M.PL.015","M_015",1,104,0.00961538461538462,-0.500330658140287
"Hoplitis.sybarita","M_015",6,104,0.0576923076923077,0.0872301870109083
"Hylaeus.agilis","M_028",2,10,0.2,-0.50937970868888
"Hylaeus.annularis","M_047",1,13,0.0769230769230769,-0.690601582497468
"Hylaeus.basalis","M_004",1,8,0.125,-0.574800907851677
"Hylaeus.bifasciatus","M_015",2,104,0.0192307692307692,-0.382818489110048
"Hylaeus.brevicornis","M_047",1,13,0.0769230769230769,-0.690601582497468
"Hylaeus.ellipticus","M_004",1,8,0.125,-0.574800907851677
"Hylaeus.floralis","M_055",8,12,0.666666666666667,1.67961925656515
"Hylaeus.floralis","M_057",7,37,0.189189189189189,0.261077134601821
"Hylaeus.floralis","M_054",1,24,0.0416666666666667,-0.58379925155005
"Hylaeus.floralis","M_021",2,25,0.08,-0.398500742577033
"Hylaeus.globula","M_057",7,37,0.189189189189189,0.261077134601821
"Hylaeus.globula","M_021",8,25,0.32,0.673328840906021
"Hylaeus.imparilis","M_015",3,104,0.0288461538461538,-0.265306320079809
"Hylaeus.insularum","M_044",18,21,0.857142857142857,2.57767970601998
"Hylaeus.lineolatus","M_015",8,104,0.0769230769230769,0.322254525071387
"Hylaeus.macilentus","M_055",10,12,0.833333333333333,2.36987374556452
"Hylaeus.meridionalis","M_015",8,104,0.0769230769230769,0.322254525071387
"Hylaeus.nigritus","M_058",3,22,0.136363636363636,-0.561501143991031
"Hylaeus.nippon","M_057",3,37,0.0810810810810811,-0.264203806872501
"Hylaeus.nippon","M_054",1,24,0.0416666666666667,-0.58379925155005
"Hylaeus.nippon","M_021",1,25,0.04,-0.577139006490875
"Hylaeus.noomen","M_055",8,12,0.666666666666667,1.67961925656515
"Hylaeus.paradifformis","M_056",1,22,0.0454545454545455,-0.652606156545778
"Hylaeus.pictus","M_015",1,104,0.00961538461538462,-0.500330658140287
"Hylaeus.punctatus","M_015",8,104,0.0769230769230769,0.322254525071387
"Hylaeus.relegatus","M_029",1,11,0.0909090909090909,-0.666990842064705
"Hylaeus.relegatus","M_028",1,10,0.1,-0.896508287292428
"Hylaeus.semipersonatus","M_019",1,13,0.0769230769230769,-0.572593799653756
"Hylaeus.signatus","M_015",1,104,0.00961538461538462,-0.500330658140287
"Hylaeus.sp1.M.PL.019","M_019",1,13,0.0769230769230769,-0.572593799653756
"Hylaeus.sp1.M.PL.028","M_028",2,10,0.2,-0.50937970868888
"Hylaeus.sp1.M.PL.029","M_029",3,11,0.272727272727273,-0.0952844060092436
"Hylaeus.sp1.M.PL.031","M_031",1,17,0.0588235294117647,-0.924962461700774
"Hylaeus.sp1.M.PL.047","M_047",1,13,0.0769230769230769,-0.690601582497468
"Hylaeus.sp1.M.PL.050","M_050",3,8,0.375,-0.340777100548239
"Hylaeus.sp1.M.PL.058","M_039",2,13,0.153846153846154,-0.882997509120594
"Hylaeus.sp1M.PL.073","M_073",2,21,0.0952380952380952,-0.370950125273278
"Hylaeus.sp2.M.PL.058","M_058",3,22,0.136363636363636,-0.561501143991031
"Hylaeus.stevensi","M_004",1,8,0.125,-0.574800907851677
"Hylaeus.sttbmonticola","M_057",1,37,0.027027027027027,-0.526844277609662
"Hylaeus.submonticola","M_057",3,37,0.0810810810810811,-0.264203806872501
"Hylaeus.thoracius","M_056",1,22,0.0454545454545455,-0.652606156545778
"Hylaeus.variegatus","M_015",3,104,0.0288461538461538,-0.265306320079809
"Hylaeus.variegatus","M_058",1,22,0.0454545454545455,-0.958871184353915
"Hyphesma.sp1.M.PL.019","M_019",1,13,0.0769230769230769,-0.572593799653756
"Icteranthidium.grohmanni","M_015",11,104,0.105769230769231,0.674791032162104
"Isepeolus.niveiventris","M_001",1,16,0.0625,-0.680386334970978
"Isepeolus.viperinus","M_072",2,66,0.0303030303030303,-0.558996328832056
"Lasioglossum..quebecense","M_073",1,21,0.0476190476190476,-0.584373485019547
"Lasioglossum.actifrons","M_008",3,6,0.5,-0.193429485824666
"Lasioglossum.aegyptiellun","M_016",1,14,0.0714285714285714,-0.677830201092136
"Lasioglossum.aeratum","M_015",2,104,0.0192307692307692,-0.382818489110048
"Lasioglossum.affine","M_055",2,12,0.166666666666667,-0.39114421043298
"Lasioglossum.albipes","M_056",3,22,0.136363636363636,-0.343222497146298
"Lasioglossum.albocinctum","M_016",4,14,0.285714285714286,0.451886800728091
"Lasioglossum.allodalum","M_055",1,12,0.0833333333333333,-0.736271454932668
"Lasioglossum.allodalum","M_057",2,37,0.0540540540540541,-0.395524042241081
"Lasioglossum.amamiensis","M_044",3,21,0.142857142857143,-0.273735897984423
"Lasioglossum.anellum","M_015",17,104,0.163461538461538,1.37986404634354
"Lasioglossum.apristum","M_057",37,37,1,4.20068419565923
"Lasioglossum.apristum","M_021",17,25,0.68,2.2810732161306
"Lasioglossum.apristum","M_056",11,22,0.5,0.894312140451621
"Lasioglossum.apristum","M_053",2,15,0.133333333333333,-0.401722521805675
"Lasioglossum.atroglaucum","M_056",4,22,0.181818181818182,-0.188530667446558
"Lasioglossum.baleicum","M_057",7,37,0.189189189189189,0.261077134601821
"Lasioglossum.baleicum","M_021",1,25,0.04,-0.577139006490875
"Lasioglossum.baleicum","M_053",1,15,0.0666666666666667,-0.681181667409623
"Lasioglossum.baleicum","M_054",1,24,0.0416666666666667,-0.58379925155005
"Lasioglossum.birkmani","M_073",4,21,0.19047619047619,0.055896594219261
"Lasioglossum.brevicome","M_015",1,104,0.00961538461538462,-0.500330658140287
"Lasioglossum.calceatum","M_006",1,10,0.1,-0.772807633514369
"Lasioglossum.calceatum","M_007",1,10,0.1,-0.568903074579574
"Lasioglossum.callizonium","M_016",1,14,0.0714285714285714,-0.677830201092136
"Lasioglossum.chalcodes","M_012",3,14,0.214285714285714,-0.290473750965556
"Lasioglossum.chalcodes","M_008",1,6,0.166666666666667,-1.35400640077266
"Lasioglossum.convexiusculum","M_015",1,104,0.00961538461538462,-0.500330658140287
"Lasioglossum.crassepunctatum","M_015",1,104,0.00961538461538462,-0.500330658140287
"Lasioglossum.cressonii","M_073",2,21,0.0952380952380952,-0.370950125273278
"Lasioglossum.cristula.donatum","M_015",9,104,0.0865384615384615,0.439766694101626
"Lasioglossum.duplex","M_021",2,25,0.08,-0.398500742577033
"Lasioglossum.duplex","M_054",3,24,0.125,-0.194599750516683
"Lasioglossum.ephialtum","M_073",1,21,0.0476190476190476,-0.584373485019547
"Lasioglossum.evylaeus","M_050",8,8,1,1.78907977787825
"Lasioglossum.evylaeus","M_039",13,13,1,1.72292196901579
"Lasioglossum.exiliceps","M_057",6,37,0.162162162162162,0.12975689923324
"Lasioglossum.exiliceps","M_021",4,25,0.16,-0.0412242147493482
"Lasioglossum.exiliceps","M_055",2,12,0.166666666666667,-0.39114421043298
"Lasioglossum.exiliceps","M_054",1,24,0.0416666666666667,-0.58379925155005
"Lasioglossum.forbesii","M_032",1,6,0.166666666666667,-0.669128971139721
"Lasioglossum.fratellum","M_047",5,13,0.384615384615385,0.859040992862705
"Lasioglossum.fuscipenne","M_073",3,21,0.142857142857143,-0.157526765527008
"Lasioglossum.gorkiense","M_055",1,12,0.0833333333333333,-0.736271454932668
"Lasioglossum.harmandi","M_056",1,22,0.0454545454545455,-0.652606156545778
"Lasioglossum.hirashimae","M_057",5,37,0.135135135135135,-0.00156333613534024
"Lasioglossum.hitchensi","M_073",1,21,0.0476190476190476,-0.584373485019547
"Lasioglossum.imitatum","M_073",2,21,0.0952380952380952,-0.370950125273278
"Lasioglossum.immunitum","M_016",8,14,0.571428571428571,1.95817613648839
"Lasioglossum.japonicum","M_054",8,24,0.333333333333333,0.778399002066733
"Lasioglossum.japonicum","M_055",3,12,0.25,-0.0460169659332917
"Lasioglossum.japonicum","M_057",7,37,0.189189189189189,0.261077134601821
"Lasioglossum.japonicum","M_021",2,25,0.08,-0.398500742577033
"Lasioglossum.kansuense","M_021",3,25,0.12,-0.219862478663191
"Lasioglossum.laeviventre","M_056",14,22,0.636363636363636,1.35838762955084
"Lasioglossum.laticeps.hellenicum","M_015",3,104,0.0288461538461538,-0.265306320079809
"Lasioglossum.leucopus","M_047",1,13,0.0769230769230769,-0.690601582497468
"Lasioglossum.leucozonium","M_006",1,10,0.1,-0.772807633514369
"Lasioglossum.leucozonium","M_047",3,13,0.230769230769231,0.0842197051826181
"Lasioglossum.leucozonium.clusium","M_015",1,104,0.00961538461538462,-0.500330658140287
"Lasioglossum.limbelloides","M_015",10,104,0.0961538461538462,0.557278863131865
"Lasioglossum.limbellum","M_015",1,104,0.00961538461538462,-0.500330658140287
"Lasioglossum.lineare","M_015",16,104,0.153846153846154,1.2623518773133
"Lasioglossum.littorale","M_016",7,14,0.5,1.58160380254832
"Lasioglossum.loetum","M_012",3,14,0.214285714285714,-0.290473750965556
"Lasioglossum.lucidulum","M_015",2,104,0.0192307692307692,-0.382818489110048
"Lasioglossum.macoupinens","M_073",2,21,0.0952380952380952,-0.370950125273278
"Lasioglossum.mahense","M_061",29,31,0.935483870967742,0.977589800571701
"Lasioglossum.malachurum","M_015",38,104,0.365384615384615,3.84761959597856
"Lasioglossum.marginatum","M_015",24,104,0.230769230769231,2.20244922955521
"Lasioglossum.mediterraneum","M_015",6,104,0.0576923076923077,0.0872301870109083
"Lasioglossum.mesosclerum","M_015",1,104,0.00961538461538462,-0.500330658140287
"Lasioglossum.mutilum","M_055",2,12,0.166666666666667,-0.39114421043298
"Lasioglossum.mutilum","M_054",2,24,0.0833333333333333,-0.389199501033366
"Lasioglossum.nigripes","M_015",1,104,0.00961538461538462,-0.500330658140287
"Lasioglossum.nipponense","M_056",5,22,0.227272727272727,-0.0338388377468181
"Lasioglossum.nipponense","M_057",2,37,0.0540540540540541,-0.395524042241081
"Lasioglossum.nitidulum.fudakowskii","M_015",2,104,0.0192307692307692,-0.382818489110048
"Lasioglossum.nutilum","M_044",6,21,0.285714285714286,0.296547222816458
"Lasioglossum.oblongum","M_073",1,21,0.0476190476190476,-0.584373485019547
"Lasioglossum.obscuratum.acerbum","M_015",6,104,0.0576923076923077,0.0872301870109083
"Lasioglossum.obscurum","M_073",6,21,0.285714285714286,0.4827433137118
"Lasioglossum.occidens","M_054",19,24,0.791666666666667,2.91899625775025
"Lasioglossum.occidens","M_057",18,37,0.486486486486487,1.7055997236562
"Lasioglossum.occidens","M_053",1,15,0.0666666666666667,-0.681181667409623
"Lasioglossum.occidens","M_021",8,25,0.32,0.673328840906021
"Lasioglossum.pallens","M_016",1,14,0.0714285714285714,-0.677830201092136
"Lasioglossum.pauxillum","M_015",9,104,0.0865384615384615,0.439766694101626
"Lasioglossum.percrassicepes","M_055",3,12,0.25,-0.0460169659332917
"Lasioglossum.politum","M_015",6,104,0.0576923076923077,0.0872301870109083
"Lasioglossum.prasinum","M_016",9,14,0.642857142857143,2.33474847042847
"Lasioglossum.problematicum","M_021",5,25,0.2,0.137414049164494
"Lasioglossum.problematicum","M_056",7,22,0.318181818181818,0.275544821652662
"Lasioglossum.problematicum","M_057",1,37,0.027027027027027,-0.526844277609662
"Lasioglossum.proximatum","M_054",1,24,0.0416666666666667,-0.58379925155005
"Lasioglossum.proximatum","M_021",3,25,0.12,-0.219862478663191
"Lasioglossum.proximatum","M_056",1,22,0.0454545454545455,-0.652606156545778
"Lasioglossum.punctatissimum","M_047",6,13,0.461538461538462,1.24645163670275
"Lasioglossum.punctatissimum","M_016",7,14,0.5,1.58160380254832
"Lasioglossum.pygmaeum.patulum","M_015",3,104,0.0288461538461538,-0.265306320079809
"Lasioglossum.quadrinotatum","M_015",3,104,0.0288461538461538,-0.265306320079809
"Lasioglossum.scitulum","M_055",1,12,0.0833333333333333,-0.736271454932668
"Lasioglossum.scitulum","M_054",2,24,0.0833333333333333,-0.389199501033366
"Lasioglossum.sexmaculatum","M_047",1,13,0.0769230769230769,-0.690601582497468
"Lasioglossum.sexstrigatum","M_021",2,25,0.08,-0.398500742577033
"Lasioglossum.sexstrigatum","M_057",1,37,0.027027027027027,-0.526844277609662
"Lasioglossum.sibiriacum","M_054",1,24,0.0416666666666667,-0.58379925155005
"Lasioglossum.sibiriacum","M_055",12,12,1,3.0601282345639
"Lasioglossum.sibiriacum","M_057",10,37,0.27027027027027,0.655037840707562
"Lasioglossum.sibiriacum","M_053",2,15,0.133333333333333,-0.401722521805675
"Lasioglossum.sordidum","M_028",10,10,1,2.58764892013951
"Lasioglossum.sordidum","M_029",3,11,0.272727272727273,-0.0952844060092436
"Lasioglossum.sp.K1","M_056",2,22,0.0909090909090909,-0.497914326846038
"Lasioglossum.sp.K2","M_056",1,22,0.0454545454545455,-0.652606156545778
"Lasioglossum.sp1.M.PL.015","M_015",1,104,0.00961538461538462,-0.500330658140287
"Lasioglossum.sp1.M.PL.016","M_016",6,14,0.428571428571429,1.20503146860824
"Lasioglossum.sp1.M.PL.019","M_019",7,13,0.538461538461538,1.25970635923826
"Lasioglossum.sp1.M.PL.021","M_021",9,25,0.36,0.851967104819863
"Lasioglossum.sp1.M.PL.027","M_027",4,6,0.666666666666667,0.307793505625546
"Lasioglossum.sp1.M.PL.028","M_028",8,10,0.8,1.81339176293241
"Lasioglossum.sp1.M.PL.029","M_029",9,11,0.818181818181818,1.61983490215714
"Lasioglossum.sp1.M.PL.044","M_044",3,21,0.142857142857143,-0.273735897984423
"Lasioglossum.sp1.M.PL.047","M_047",4,13,0.307692307692308,0.471630349022661
"Lasioglossum.sp1.M.PL.053","M_053",10,15,0.666666666666667,1.83395064302591
"Lasioglossum.sp1.M.PL.054","M_054",7,24,0.291666666666667,0.58379925155005
"Lasioglossum.sp1.M.PL.056","M_056",1,22,0.0454545454545455,-0.652606156545778
"Lasioglossum.sp1.M.PL.057","M_057",14,37,0.378378378378378,1.18031878218188
"Lasioglossum.sp1.M.PL.058","M_058",14,22,0.636363636363636,1.62403407800483
"Lasioglossum.sp10.M.PL.019","M_019",1,13,0.0769230769230769,-0.572593799653756
"Lasioglossum.sp10.M.PL.057","M_057",1,37,0.027027027027027,-0.526844277609662
"Lasioglossum.sp11.M.PL.019","M_019",1,13,0.0769230769230769,-0.572593799653756
"Lasioglossum.sp11.M.PL.057","M_057",1,37,0.027027027027027,-0.526844277609662
"Lasioglossum.sp12.M.PL.057","M_057",1,37,0.027027027027027,-0.526844277609662
"Lasioglossum.sp1M.PL.073","M_073",5,21,0.238095238095238,0.26931995396553
"Lasioglossum.sp2.M.PL.019","M_019",1,13,0.0769230769230769,-0.572593799653756
"Lasioglossum.sp2.M.PL.021","M_021",6,25,0.24,0.316052313078336
"Lasioglossum.sp2.M.PL.044","M_044",2,21,0.0952380952380952,-0.463830271584717
"Lasioglossum.sp2.M.PL.053","M_053",8,15,0.533333333333333,1.27503235181801
"Lasioglossum.sp2.M.PL.054","M_054",1,24,0.0416666666666667,-0.58379925155005
"Lasioglossum.sp2.M.PL.057","M_057",4,37,0.108108108108108,-0.132883571503921
"Lasioglossum.sp3.M.PL.019","M_019",2,13,0.153846153846154,-0.26721043983842
"Lasioglossum.sp3.M.PL.021","M_021",2,25,0.08,-0.398500742577033
"Lasioglossum.sp3.M.PL.044","M_044",1,21,0.0476190476190476,-0.653924645185011
"Lasioglossum.sp3.M.PL.053","M_053",5,15,0.333333333333333,0.436654915006169
"Lasioglossum.sp3.M.PL.057","M_057",1,37,0.027027027027027,-0.526844277609662
"Lasioglossum.sp4.M.PL.019","M_019",2,13,0.153846153846154,-0.26721043983842
"Lasioglossum.sp4.M.PL.021","M_021",2,25,0.08,-0.398500742577033
"Lasioglossum.sp4.M.PL.053","M_053",4,15,0.266666666666667,0.157195769402221
"Lasioglossum.sp4.M.PL.057","M_057",2,37,0.0540540540540541,-0.395524042241081
"Lasioglossum.sp5.M.PL.019","M_019",3,13,0.230769230769231,0.0381729199769171
"Lasioglossum.sp5.M.PL.021","M_021",1,25,0.04,-0.577139006490875
"Lasioglossum.sp5.M.PL.053","M_053",3,15,0.2,-0.122263376201727
"Lasioglossum.sp5.M.PL.057","M_057",3,37,0.0810810810810811,-0.264203806872501
"Lasioglossum.sp6.M.PL.019","M_019",13,13,1,3.09200651813028
"Lasioglossum.sp6.M.PL.021","M_021",1,25,0.04,-0.577139006490875
"Lasioglossum.sp6.M.PL.053","M_053",1,15,0.0666666666666667,-0.681181667409623
"Lasioglossum.sp6.M.PL.057","M_057",1,37,0.027027027027027,-0.526844277609662
"Lasioglossum.sp7.M.PL.019","M_019",1,13,0.0769230769230769,-0.572593799653756
"Lasioglossum.sp7.M.PL.053","M_053",1,15,0.0666666666666667,-0.681181667409623
"Lasioglossum.sp7.M.PL.057","M_057",1,37,0.027027027027027,-0.526844277609662
"Lasioglossum.sp8.M.PL.019","M_019",6,13,0.461538461538462,0.954322999422927
"Lasioglossum.sp8.M.PL.053","M_053",1,15,0.0666666666666667,-0.681181667409623
"Lasioglossum.sp8.M.PL.057","M_057",1,37,0.027027027027027,-0.526844277609662
"Lasioglossum.sp9.M.PL.019","M_019",2,13,0.153846153846154,-0.26721043983842
"Lasioglossum.sp9.M.PL.057","M_057",1,37,0.027027027027027,-0.526844277609662
"Lasioglossum.subaenescens.asiaticum","M_015",1,104,0.00961538461538462,-0.500330658140287
"Lasioglossum.subopacum","M_044",9,21,0.428571428571429,0.86683034361734
"Lasioglossum.subviridatum","M_073",1,21,0.0476190476190476,-0.584373485019547
"Lasioglossum.taniolellum","M_054",5,24,0.208333333333333,0.194599750516683
"Lasioglossum.taniolellum","M_021",1,25,0.04,-0.577139006490875
"Lasioglossum.tegulare","M_073",2,21,0.0952380952380952,-0.370950125273278
"Lasioglossum.transitorium","M_015",1,104,0.00961538461538462,-0.500330658140287
"Lasioglossum.transpositum","M_021",11,25,0.44,1.20924363264755
"Lasioglossum.transpositum","M_057",14,37,0.378378378378378,1.18031878218188
"Lasioglossum.villosulum","M_015",6,104,0.0576923076923077,0.0872301870109083
"Lasioglossum.villosulum","M_006",1,10,0.1,-0.772807633514369
"Lasioglossum.villosulum","M_047",4,13,0.307692307692308,0.471630349022661
"Lasioglossum.villosulum","M_016",1,14,0.0714285714285714,-0.677830201092136
"Lasioglossum.villosulum","M_007",1,10,0.1,-0.568903074579574
"Lasioglossum.viride","M_008",4,6,0.666666666666667,0.386858971649331
"Lasioglossum.weemsi","M_073",2,21,0.0952380952380952,-0.370950125273278
"Lasioglossum.zonulum","M_015",2,104,0.0192307692307692,-0.382818489110048
"Leioproctus.boltonii","M_029",1,11,0.0909090909090909,-0.666990842064705
"Leioproctus.boltonii","M_028",1,10,0.1,-0.896508287292428
"Leioproctus.fulvescens","M_029",9,11,0.818181818181818,1.61983490215714
"Leioproctus.fulvescens","M_027",6,6,1,1.3337718577107
"Leioproctus.fulvescens","M_028",4,10,0.4,0.264877448518217
"Leioproctus.imitatus","M_029",1,11,0.0909090909090909,-0.666990842064705
"Leioproctus.imitatus","M_028",1,10,0.1,-0.896508287292428
"Leioproctus.indigoticus","M_072",4,66,0.0606060606060606,-0.406949327389737
"Leioproctus.maritimus","M_029",1,11,0.0909090909090909,-0.666990842064705
"Leioproctus.maritimus","M_027",1,6,0.166666666666667,-1.23117402250218
"Leioproctus.maritimus","M_028",1,10,0.1,-0.896508287292428
"Leioproctus.monticola","M_028",4,10,0.4,0.264877448518217
"Leioproctus.sp1.M.PL.019","M_019",11,13,0.846153846153846,2.48123979849961
"Leioproctus.sp1.M.PL.027","M_027",4,6,0.666666666666667,0.307793505625546
"Leioproctus.sp1.M.PL.028","M_028",6,10,0.6,1.03913460572531
"Leioproctus.sp1.M.PL.029","M_029",11,11,1,2.1915413382126
"Leioproctus.sp2.M.PL.019","M_019",5,13,0.384615384615385,0.64893963960759
"Leioproctus.sp2.M.PL.027","M_027",2,6,0.333333333333333,-0.718184846459608
"Leioproctus.sp2.M.PL.028","M_028",5,10,0.5,0.652006027121766
"Leioproctus.sp2.M.PL.029","M_029",5,11,0.454545454545455,0.476422030046218
"Leioproctus.sp3.M.PL.019","M_019",1,13,0.0769230769230769,-0.572593799653756
"Leioproctus.sp3.M.PL.028","M_028",4,10,0.4,0.264877448518217
"Leioproctus.sp3.M.PL.029","M_029",2,11,0.181818181818182,-0.381137624036974
"Leioproctus.sp4.M.PL.019","M_019",2,13,0.153846153846154,-0.26721043983842
"Leioproctus.sp4.M.PL.028","M_028",1,10,0.1,-0.896508287292428
"Leioproctus.sp4.M.PL.029","M_029",1,11,0.0909090909090909,-0.666990842064705
"Leioproctus.sp5.M.PL.019","M_019",1,13,0.0769230769230769,-0.572593799653756
"Leioproctus.sp5.M.PL.028","M_028",1,10,0.1,-0.896508287292428
"Leioproctus.sp5.M.PL.029","M_029",1,11,0.0909090909090909,-0.666990842064705
"Leucosmia.albiventria","M_062",22,121,0.181818181818182,0.257324334292239
"Liphanthus.sabulosus","M_001",3,16,0.1875,-0.19712127461776
"Liphanthus.sp2","M_001",1,16,0.0625,-0.680386334970978
"Lithurgus.collaris","M_054",1,24,0.0416666666666667,-0.58379925155005
"Macropis.labiata","M_049",2,11,0.181818181818182,-0.717138273031226
"Macropis.steironematis","M_062",24,121,0.198347107438017,0.349120126732509
"Manuelia.gayi","M_051",3,10,0.3,0.278308154308772
"Manuelia.postica","M_051",4,10,0.4,0.727882865115249
"Megachile.6.dentata","M_062",5,121,0.0413223140495868,-0.522939901450051
"Megachile.addenda","M_062",6,121,0.0495867768595041,-0.477042005229917
"Megachile.canariensis","M_008",5,6,0.833333333333333,0.967147429123328
"Megachile.gemula.albula","M_005",1,37,0.027027027027027,-0.665535206140618
"Megachile.generosa","M_062",23,121,0.190082644628099,0.303222230512374
"Megachile.giraudi.bicoloriventris","M_015",2,104,0.0192307692307692,-0.382818489110048
"Megachile.japonica","M_053",1,15,0.0666666666666667,-0.681181667409623
"Megachile.kobensis","M_054",3,24,0.125,-0.194599750516683
"Megachile.leachella","M_016",1,14,0.0714285714285714,-0.677830201092136
"Megachile.maritima","M_016",3,14,0.214285714285714,0.0753144667880151
"Megachile.mendica","M_073",10,21,0.476190476190476,1.33643675269688
"Megachile.mendica","M_062",15,121,0.12396694214876,-0.0639609392487039
"Megachile.nipponica","M_054",4,24,0.166666666666667,0
"Megachile.nipponica","M_055",3,12,0.25,-0.0460169659332917
"Megachile.nipponica.amamiensis","M_044",1,21,0.0476190476190476,-0.653924645185011
"Megachile.okinawana","M_044",4,21,0.19047619047619,-0.0836415243841293
"Megachile.oligolege","M_062",6,121,0.0495867768595041,-0.477042005229917
"Megachile.pacifica","M_015",1,104,0.00961538461538462,-0.500330658140287
"Megachile.petulans","M_062",1,121,0.00826446280991736,-0.70653148633059
"Megachile.pilidens","M_015",15,104,0.144230769230769,1.14483970828306
"Megachile.pilidens","M_016",3,14,0.214285714285714,0.0753144667880151
"Megachile.pseudomonticola","M_054",1,24,0.0416666666666667,-0.58379925155005
"Megachile.pugnata","M_005",5,37,0.135135135135135,-0.0942841542032541
"Megachile.relativa","M_005",4,37,0.108108108108108,-0.237096917187595
"Megachile.remota","M_053",1,15,0.0666666666666667,-0.681181667409623
"Megachile.remota.sakagamii","M_054",2,24,0.0833333333333333,-0.389199501033366
"Megachile.remota.sakagamii","M_021",1,25,0.04,-0.577139006490875
"Megachile.semirufa","M_002",4,8,0.5,0.573292943662343
"Megachile.semirufa","M_001",16,16,1,2.94410161767816
"Megachile.semirufa","M_003",1,7,0.142857142857143,-0.993399267798783
"Megachile.seychellensis","M_061",13,31,0.419354838709677,-0.370809924354783
"Megachile.sp","M_11.2",3,12,0.25,-0.577350269189626
"Megachile.sp1","M_001",13,16,0.8125,2.21920402714833
"Megachile.sp1","M_002",4,8,0.5,0.573292943662343
"Megachile.sp1.M.PL.005","M_005",2,37,0.0540540540540541,-0.522722443156277
"Megachile.sp1.M.PL.015","M_015",17,104,0.163461538461538,1.37986404634354
"Megachile.sp1.M.PL.019","M_019",1,13,0.0769230769230769,-0.572593799653756
"Megachile.sp1.M.PL.022","M_022",7,7,1,1.75411603861406
"Megachile.sp1.M.PL.023","M_023",3,4,0.75,0.948683298050514
"Megachile.sp1.M.PL.030","M_030",1,8,0.125,-0.480459892751428
"Megachile.sp1.M.PL.051","M_051",1,10,0.1,-0.620841267304183
"Megachile.sp1.M.PL.056","M_056",1,22,0.0454545454545455,-0.652606156545778
"Megachile.sp1.M.PL.058","M_058",1,22,0.0454545454545455,-0.958871184353915
"Megachile.sp1.M.PL.072","M_072",1,66,0.0151515151515152,-0.635019829553215
"Megachile.sp2","M_001",6,16,0.375,0.527776315912067
"Megachile.sp2","M_002",1,8,0.125,-0.755704334827634
"Megachile.sp2.M.PL.015","M_015",2,104,0.0192307692307692,-0.382818489110048
"Megachile.sp2.M.PL.022","M_022",4,7,0.571428571428571,0.438529009653515
"Megachile.sp2.M.PL.023","M_023",4,4,1,1.89736659610103
"Megachile.sp2.M.PL.051","M_051",1,10,0.1,-0.620841267304183
"Megachile.sp2.M.PL.058","M_058",5,22,0.227272727272727,-0.164131103628148
"Megachile.sp2.M.PL.072","M_072",1,66,0.0151515151515152,-0.635019829553215
"Megachile.sp3.M.PL.015","M_015",2,104,0.0192307692307692,-0.382818489110048
"Megachile.sp3.M.PL.072","M_072",3,66,0.0454545454545455,-0.482972828110896
"Megachile.sp4","M_002",1,8,0.125,-0.755704334827634
"Megachile.sp4.M.PL.015","M_015",1,104,0.00961538461538462,-0.500330658140287
"Megachile.sp4.M.PL.072","M_072",2,66,0.0303030303030303,-0.558996328832056
"Megachile.sp5","M_003",3,7,0.428571428571429,-0.198679853559757
"Megachile.sp5","M_002",3,8,0.375,0.130293850832351
"Megachile.strophostylis","M_062",3,121,0.0247933884297521,-0.614735693890321
"Megachile.subalbuta","M_054",5,24,0.208333333333333,0.194599750516683
"Megachile.sumizome","M_056",1,22,0.0454545454545455,-0.652606156545778
"Megachile.texana","M_005",2,37,0.0540540540540541,-0.522722443156277
"Megachile.tsurugensis","M_057",6,37,0.162162162162162,0.12975689923324
"Megachile.tsurugensis","M_055",3,12,0.25,-0.0460169659332917
"Megachile.tsurugensis","M_054",6,24,0.25,0.389199501033366
"Megachile.tsurugensis","M_021",3,25,0.12,-0.219862478663191
"Megachile.tsurugensis","M_056",1,22,0.0454545454545455,-0.652606156545778
"Megachile.tsurugensis","M_053",2,15,0.133333333333333,-0.401722521805675
"Megachile.tsururgensis","M_057",1,37,0.027027027027027,-0.526844277609662
"Megachile.versicolor","M_047",1,13,0.0769230769230769,-0.690601582497468
"Megachile.vidua","M_005",1,37,0.027027027027027,-0.665535206140618
"Megachile.villipes","M_015",1,104,0.00961538461538462,-0.500330658140287
"Megachile.willughbiella","M_006",1,10,0.1,-0.772807633514369
"Megachile.wootoni","M_005",12,37,0.324324324324324,0.905405186687132
"Megachile.wootoni.calogaster","M_005",5,37,0.135135135135135,-0.0942841542032541
"Megachile.yasumatsui","M_057",2,37,0.0540540540540541,-0.395524042241081
"Megilla.maculata","M_062",11,121,0.0909090909090909,-0.247552524129243
"Melecta.albifrons.albovaria","M_015",2,104,0.0192307692307692,-0.382818489110048
"Melecta.curvispina","M_008",3,6,0.5,-0.193429485824666
"Melecta.tuberculata","M_015",4,104,0.0384615384615385,-0.14779415104957
"Melipona.asilvai","M_076",5,34,0.147058823529412,-0.124646392502318
"Melipona.compresipes","M_031",1,17,0.0588235294117647,-0.924962461700774
"Melipona.favosa","M_030",3,8,0.375,0.617734147823264
"Melipona.quadrifasciata","M_076",1,34,0.0294117647058824,-0.552005452510264
"Melipona.scutellaris","M_031",13,17,0.764705882352941,1.66973743086244
"Melissodes.agilis","M_062",50,121,0.413223140495868,1.54246542845601
"Melissodes.aurigenia","M_005",1,37,0.027027027027027,-0.665535206140618
"Melissodes.autumnalis","M_062",30,121,0.247933884297521,0.624507504053317
"Melissodes.bimaculata","M_073",1,21,0.0476190476190476,-0.584373485019547
"Melissodes.cnici","M_062",18,121,0.148760330578512,0.0737327494117003
"Melissodes.coloradensis","M_062",1,121,0.00826446280991736,-0.70653148633059
"Melissodes.comptoides","M_062",3,121,0.0247933884297521,-0.614735693890321
"Melissodes.coreopsis","M_062",3,121,0.0247933884297521,-0.614735693890321
"Melissodes.fremonti","M_005",2,37,0.0540540540540541,-0.522722443156277
"Melissodes.oligolege","M_062",5,121,0.0413223140495868,-0.522939901450051
"Melissodes.pallida","M_062",10,121,0.0826446280991736,-0.293450420349378
"Melissodes.simillima","M_062",12,121,0.0991735537190083,-0.201654627909108
"Melissodes.sp1.M.PL.005","M_005",1,37,0.027027027027027,-0.665535206140618
"Melissodes.vernoniana","M_062",13,121,0.107438016528926,-0.155756731688973
"Melissoptila.tandilensis","M_072",6,66,0.0909090909090909,-0.254902325947417
"Mesanthidium.carduele","M_015",1,104,0.00961538461538462,-0.500330658140287
"Mesonychium.gayi","M_001",2,16,0.125,-0.438753804794369
"Metallinella.brevicornis","M_015",11,104,0.105769230769231,0.674791032162104
"Microstelis.lateralis","M_062",17,121,0.140495867768595,0.0278348531915655
"Monilosmia.canadensis","M_062",1,121,0.00826446280991736,-0.70653148633059
"Nomada.asozuana","M_053",1,15,0.0666666666666667,-0.681181667409623
"Nomada.aswensis","M_057",2,37,0.0540540540540541,-0.395524042241081
"Nomada.babiyi","M_015",1,104,0.00961538461538462,-0.500330658140287
"Nomada.basalis","M_015",8,104,0.0769230769230769,0.322254525071387
"Nomada.bishopii","M_025",1,7,0.142857142857143,-1.1195857368787
"Nomada.callimorpha","M_015",1,104,0.00961538461538462,-0.500330658140287
"Nomada.clalii.okubira","M_057",1,37,0.027027027027027,-0.526844277609662
"Nomada.comparata","M_057",1,37,0.027027027027027,-0.526844277609662
"Nomada.corcyraea","M_015",1,104,0.00961538461538462,-0.500330658140287
"Nomada.cressonii","M_062",29,121,0.239669421487603,0.578609607833182
"Nomada.cuneata","M_004",1,8,0.125,-0.574800907851677
"Nomada.denticulata","M_062",19,121,0.15702479338843,0.119630645631835
"Nomada.diervillae","M_053",1,15,0.0666666666666667,-0.681181667409623
"Nomada.distinguenda","M_015",1,104,0.00961538461538462,-0.500330658140287
"Nomada.eos","M_015",3,104,0.0288461538461538,-0.265306320079809
"Nomada.erythrocephala","M_015",1,104,0.00961538461538462,-0.500330658140287
"Nomada.esakii","M_057",2,37,0.0540540540540541,-0.395524042241081
"Nomada.femoralis","M_015",9,104,0.0865384615384615,0.439766694101626
"Nomada.flava","M_047",1,13,0.0769230769230769,-0.690601582497468
"Nomada.flavoguttata.japonensis","M_057",1,37,0.027027027027027,-0.526844277609662
"Nomada.fucata","M_015",4,104,0.0384615384615385,-0.14779415104957
"Nomada.fukuiana","M_055",1,12,0.0833333333333333,-0.736271454932668
"Nomada.galloisi","M_021",2,25,0.08,-0.398500742577033
"Nomada.ginran","M_057",5,37,0.135135135135135,-0.00156333613534024
"Nomada.ginran","M_021",3,25,0.12,-0.219862478663191
"Nomada.ginran","M_054",3,24,0.125,-0.194599750516683
"Nomada.hakonensis","M_057",1,37,0.027027027027027,-0.526844277609662
"Nomada.hakonensis","M_021",1,25,0.04,-0.577139006490875
"Nomada.harimensis","M_057",3,37,0.0810810810810811,-0.264203806872501
"Nomada.illinoensis","M_062",10,121,0.0826446280991736,-0.293450420349378
"Nomada.imperialis","M_015",2,104,0.0192307692307692,-0.382818489110048
"Nomada.issikii","M_056",1,22,0.0454545454545455,-0.652606156545778
"Nomada.japonica","M_053",1,15,0.0666666666666667,-0.681181667409623
"Nomada.japonica","M_054",1,24,0.0416666666666667,-0.58379925155005
"Nomada.lucidula","M_015",7,104,0.0673076923076923,0.204742356041147
"Nomada.luteola","M_032",1,6,0.166666666666667,-0.669128971139721
"Nomada.luteola","M_025",1,7,0.142857142857143,-1.1195857368787
"Nomada.mavromoustakisi","M_015",1,104,0.00961538461538462,-0.500330658140287
"Nomada.muinensis","M_053",1,15,0.0666666666666667,-0.681181667409623
"Nomada.mutabilis","M_016",1,14,0.0714285714285714,-0.677830201092136
"Nomada.mutsuensis","M_053",1,15,0.0666666666666667,-0.681181667409623
"Nomada.nipponica","M_055",2,12,0.166666666666667,-0.39114421043298
"Nomada.nobilia","M_015",5,104,0.0480769230769231,-0.0302819820193309
"Nomada.pacifica","M_021",2,25,0.08,-0.398500742577033
"Nomada.panzeri","M_047",2,13,0.153846153846154,-0.303190938657425
"Nomada.parva","M_062",7,121,0.0578512396694215,-0.431144109009782
"Nomada.perplexa","M_025",4,7,0.571428571428571,0.294627825494395
"Nomada.propinqua","M_015",8,104,0.0769230769230769,0.322254525071387
"Nomada.pygmaea","M_025",3,7,0.428571428571429,-0.176776695296637
"Nomada.rubricolis","M_015",3,104,0.0288461538461538,-0.265306320079809
"Nomada.ruficornis","M_047",1,13,0.0769230769230769,-0.690601582497468
"Nomada.rufipes","M_047",1,13,0.0769230769230769,-0.690601582497468
"Nomada.salicis","M_062",8,121,0.0661157024793388,-0.385246212789647
"Nomada.sayi","M_004",1,8,0.125,-0.574800907851677
"Nomada.sayi","M_025",1,7,0.142857142857143,-1.1195857368787
"Nomada.shepparadana.okubira","M_057",11,37,0.297297297297297,0.786358076076142
"Nomada.shepparadana.okubira","M_054",1,24,0.0416666666666667,-0.58379925155005
"Nomada.shirakii","M_057",1,37,0.027027027027027,-0.526844277609662
"Nomada.simplex","M_062",1,121,0.00826446280991736,-0.70653148633059
"Nomada.sp1.M.PL.005","M_005",2,37,0.0540540540540541,-0.522722443156277
"Nomada.sp1.M.PL.015","M_015",1,104,0.00961538461538462,-0.500330658140287
"Nomada.sp1.M.PL.025","M_025",6,7,0.857142857142857,1.23743686707646
"Nomada.sp1.M.PL.047","M_047",2,13,0.153846153846154,-0.303190938657425
"Nomada.sp1.M.PL.053","M_053",1,15,0.0666666666666667,-0.681181667409623
"Nomada.sp1.M.PL.056","M_056",1,22,0.0454545454545455,-0.652606156545778
"Nomada.sp1.M.PL.057","M_057",1,37,0.027027027027027,-0.526844277609662
"Nomada.sp1.M.PL.058","M_058",5,22,0.227272727272727,-0.164131103628148
"Nomada.succinta","M_015",1,104,0.00961538461538462,-0.500330658140287
"Nomada.trispinosa","M_015",2,104,0.0192307692307692,-0.382818489110048
"Nomia.pavonula","M_044",2,21,0.0952380952380952,-0.463830271584717
"Nomia.sp1.M.PL.015","M_015",1,104,0.00961538461538462,-0.500330658140287
"Nomioides.facilis","M_015",3,104,0.0288461538461538,-0.265306320079809
"Oligotropus.campanulae","M_062",5,121,0.0413223140495868,-0.522939901450051
"Oligotropus.oligolege","M_062",3,121,0.0247933884297521,-0.614735693890321
"Osmia.abnormis","M_005",1,37,0.027027027027027,-0.665535206140618
"Osmia.albolateralis","M_005",1,37,0.027027027027027,-0.665535206140618
"Osmia.apicata","M_015",1,104,0.00961538461538462,-0.500330658140287
"Osmia.atriventris","M_062",13,121,0.107438016528926,-0.155756731688973
"Osmia.atriventris","M_025",2,7,0.285714285714286,-0.648181216087669
"Osmia.aurulenta","M_015",24,104,0.230769230769231,2.20244922955521
"Osmia.bella","M_005",1,37,0.027027027027027,-0.665535206140618
"Osmia.brevis","M_005",1,37,0.027027027027027,-0.665535206140618
"Osmia.bruneri","M_005",7,37,0.189189189189189,0.191341371765428
"Osmia.caerulescens","M_015",1,104,0.00961538461538462,-0.500330658140287
"Osmia.canariensis","M_008",3,6,0.5,-0.193429485824666
"Osmia.collinsiae","M_062",3,121,0.0247933884297521,-0.614735693890321
"Osmia.coloradella","M_005",2,37,0.0540540540540541,-0.522722443156277
"Osmia.conjucta","M_025",6,7,0.857142857142857,1.23743686707646
"Osmia.cornifrons","M_057",1,37,0.027027027027027,-0.526844277609662
"Osmia.densa","M_005",9,37,0.243243243243243,0.476966897734109
"Osmia.fulgida","M_005",4,37,0.108108108108108,-0.237096917187595
"Osmia.fulviventris","M_015",8,104,0.0769230769230769,0.322254525071387
"Osmia.hypoleuca","M_005",3,37,0.0810810810810811,-0.379909680171936
"Osmia.illinoensis","M_062",2,121,0.0165289256198347,-0.660633590110455
"Osmia.imaii","M_054",3,24,0.125,-0.194599750516683
"Osmia.latrellei","M_015",2,104,0.0192307692307692,-0.382818489110048
"Osmia.lignaria","M_004",1,8,0.125,-0.574800907851677
"Osmia.lignaria","M_025",3,7,0.428571428571429,-0.176776695296637
"Osmia.longiceps","M_015",1,104,0.00961538461538462,-0.500330658140287
"Osmia.megacephala","M_005",1,37,0.027027027027027,-0.665535206140618
"Osmia.melanogaster","M_015",6,104,0.0576923076923077,0.0872301870109083
"Osmia.melanotricha","M_005",6,37,0.162162162162162,0.0485286087810867
"Osmia.moreensis","M_015",1,104,0.00961538461538462,-0.500330658140287
"Osmia.mustelina","M_015",1,104,0.00961538461538462,-0.500330658140287
"Osmia.nana","M_015",1,104,0.00961538461538462,-0.500330658140287
"Osmia.nicosiana","M_015",1,104,0.00961538461538462,-0.500330658140287
"Osmia.nigrifrons","M_005",2,37,0.0540540540540541,-0.522722443156277
"Osmia.orientalis","M_054",1,24,0.0416666666666667,-0.58379925155005
"Osmia.orientalis","M_021",1,25,0.04,-0.577139006490875
"Osmia.pentstemonis","M_005",5,37,0.135135135135135,-0.0942841542032541
"Osmia.phaceliae","M_005",5,37,0.135135135135135,-0.0942841542032541
"Osmia.propinqua","M_005",5,37,0.135135135135135,-0.0942841542032541
"Osmia.proxima","M_004",2,8,0.25,-0.0359250567407299
"Osmia.pumila","M_004",1,8,0.125,-0.574800907851677
"Osmia.pusilla","M_005",1,37,0.027027027027027,-0.665535206140618
"Osmia.rohweri","M_005",1,37,0.027027027027027,-0.665535206140618
"Osmia.signata","M_015",3,104,0.0288461538461538,-0.265306320079809
"Osmia.simillima","M_025",1,7,0.142857142857143,-1.1195857368787
"Osmia.sp1.M.PL.005","M_005",3,37,0.0810810810810811,-0.379909680171936
"Osmia.sp1.M.PL.015","M_015",2,104,0.0192307692307692,-0.382818489110048
"Osmia.sp1.M.PL.016","M_016",1,14,0.0714285714285714,-0.677830201092136
"Osmia.sp1.M.PL.025","M_025",5,7,0.714285714285714,0.766032346285427
"Osmia.sp1.M.PL.058","M_058",5,22,0.227272727272727,-0.164131103628148
"Osmia.subcornuta","M_015",1,104,0.00961538461538462,-0.500330658140287
"Osmia.taurus","M_054",1,24,0.0416666666666667,-0.58379925155005
"Osmia.taurus","M_055",1,12,0.0833333333333333,-0.736271454932668
"Osmia.taurus","M_021",2,25,0.08,-0.398500742577033
"Osmia.versicolor","M_015",6,104,0.0576923076923077,0.0872301870109083
"Osmia.wardiana","M_005",1,37,0.027027027027027,-0.665535206140618
"Panurgillus.sp1.M.PL.072","M_072",6,66,0.0909090909090909,-0.254902325947417
"Panurginus.crawfordi","M_054",2,24,0.0833333333333333,-0.389199501033366
"Panurginus.cressoniellus","M_005",5,37,0.135135135135135,-0.0942841542032541
"Panurginus.sp1.M.PL.005","M_005",5,37,0.135135135135135,-0.0942841542032541
"Panurgus.sp1.M.PL.016","M_016",1,14,0.0714285714285714,-0.677830201092136
"Paralictus.cephalicus","M_062",3,121,0.0247933884297521,-0.614735693890321
"Paralictus.platyparius","M_062",10,121,0.0826446280991736,-0.293450420349378
"Paralictus.simplex","M_062",4,121,0.0330578512396694,-0.568837797670186
"Paranomia.nortonii","M_062",4,121,0.0330578512396694,-0.568837797670186
"Paroxystoglossa.sp1.M.PL.072","M_072",1,66,0.0151515151515152,-0.635019829553215
"Partamona.sp","M_076",2,34,0.0588235294117647,-0.445165687508277
"Peponapis.pruinosa","M_062",8,121,0.0661157024793388,-0.385246212789647
"Perdita.8.maculata","M_062",27,121,0.223140495867769,0.486813815392913
"Pereirapis.sp1.M.PL.030","M_030",3,8,0.375,0.617734147823264
"Plebeia.sp","M_076",5,34,0.147058823529412,-0.124646392502318
"Prosopis.basalis","M_005",7,37,0.189189189189189,0.191341371765428
"Prosopis.coloradensis","M_005",1,37,0.027027027027027,-0.665535206140618
"Prosopis.communis","M_049",1,11,0.0909090909090909,-1.01388514463035
"Prosopis.crataegi","M_062",10,121,0.0826446280991736,-0.293450420349378
"Prosopis.cressoni","M_005",1,37,0.027027027027027,-0.665535206140618
"Prosopis.elliptica","M_005",13,37,0.351351351351351,1.04821794967147
"Prosopis.episcopalis","M_005",3,37,0.0810810810810811,-0.379909680171936
"Prosopis.eulophi","M_062",9,121,0.0743801652892562,-0.339348316569512
"Prosopis.illinoensis","M_062",2,121,0.0165289256198347,-0.660633590110455
"Prosopis.nelumbonis","M_062",22,121,0.181818181818182,0.257324334292239
"Prosopis.pygmaea","M_062",4,121,0.0330578512396694,-0.568837797670186
"Prosopis.saniculae","M_062",2,121,0.0165289256198347,-0.660633590110455
"Prosopis.sp1.M.PL.005","M_005",1,37,0.027027027027027,-0.665535206140618
"Prosopis.thaspii","M_062",49,121,0.40495867768595,1.49656753223588
"Prosopis.tridentula","M_005",1,37,0.027027027027027,-0.665535206140618
"Prosopis.varifrons","M_005",11,37,0.297297297297297,0.762592423702791
"Prosopis.wootoni","M_005",4,37,0.108108108108108,-0.237096917187595
"Prosopis.ziziae","M_062",3,121,0.0247933884297521,-0.614735693890321
"Protosmia.tauricola","M_015",1,104,0.00961538461538462,-0.500330658140287
"Proxylocopa.olivieri","M_015",3,104,0.0288461538461538,-0.265306320079809
"Psaenythia.rufipes","M_023",4,4,1,1.89736659610103
"Pseudagapostemon.brasiliensis","M_072",1,66,0.0151515151515152,-0.635019829553215
"Pseudagapostemon.pampeanus","M_072",4,66,0.0606060606060606,-0.406949327389737
"Pseudagapostemon.singularis","M_072",1,66,0.0151515151515152,-0.635019829553215
"Pseudapis.diversipes","M_015",3,104,0.0288461538461538,-0.265306320079809
"Pseudapis.monstrosa","M_015",2,104,0.0192307692307692,-0.382818489110048
"Pseudapis.unidentata","M_015",1,104,0.00961538461538462,-0.500330658140287
"Pseudoanthidium.alpinum","M_015",1,104,0.00961538461538462,-0.500330658140287
"Pseudoanthidium.cribratum","M_015",1,104,0.00961538461538462,-0.500330658140287
"Pseudoanthidium.lituratum","M_015",1,104,0.00961538461538462,-0.500330658140287
"Pseudoheriades.asiaticus","M_015",4,104,0.0384615384615385,-0.14779415104957
"Pseudoheriades.hofferi","M_015",1,104,0.00961538461538462,-0.500330658140287
"Pseudopanurgus.albitarsis","M_062",4,121,0.0330578512396694,-0.568837797670186
"Pseudopanurgus.asteris","M_062",2,121,0.0165289256198347,-0.660633590110455
"Pseudopanurgus.compositarum","M_062",6,121,0.0495867768595041,-0.477042005229917
"Pseudopanurgus.labrosiformis","M_062",48,121,0.396694214876033,1.45066963601574
"Pseudopanurgus.labrosus","M_062",57,121,0.471074380165289,1.86375070199696
"Pseudopanurgus.rudbeckiae","M_062",2,121,0.0165289256198347,-0.660633590110455
"Pseudopanurgus.rugosus","M_062",1,121,0.00826446280991736,-0.70653148633059
"Ptilothrix.bombiformus","M_073",3,21,0.142857142857143,-0.157526765527008
"Pyrobombus.impatiens","M_033",7,11,0.636363636363636,0.515252912950972
"Pyrobombus.perplexus","M_033",5,11,0.454545454545455,-0.394016933433096
"Pyrobombus.sandersoni","M_033",9,11,0.818181818181818,1.42452275933504
"Pyrobombus.ternarius","M_033",11,11,1,2.33379260571911
"Rhodanthidium.caturigense","M_015",2,104,0.0192307692307692,-0.382818489110048
"Rhodanthidium.septemdentatum","M_015",33,104,0.317307692307692,3.26005875082737
"Rophites.algirus.graecus","M_015",3,104,0.0288461538461538,-0.265306320079809
"Rophites.quinquespinosus","M_015",2,104,0.0192307692307692,-0.382818489110048
"Ruizantheda.divaricata","M_072",7,66,0.106060606060606,-0.178878825226258
"Ruizantheda.mutabilis","M_051",6,10,0.6,1.6270322867282
"Ruizantheda.mutabilis","M_001",2,16,0.125,-0.438753804794369
"Ruizantheda.nigrocaerulea","M_051",2,10,0.2,-0.171266556497706
"Ruizantheda.proxima","M_051",1,10,0.1,-0.620841267304183
"Sarogaster.georgica","M_062",1,121,0.00826446280991736,-0.70653148633059
"Sphecodes.arvensis","M_062",12,121,0.0991735537190083,-0.201654627909108
"Sphecodes.ephippius","M_015",3,104,0.0288461538461538,-0.265306320079809
"Sphecodes.ephippius","M_047",1,13,0.0769230769230769,-0.690601582497468
"Sphecodes.geoffrellus","M_047",1,13,0.0769230769230769,-0.690601582497468
"Sphecodes.heraclei","M_062",18,121,0.148760330578512,0.0737327494117003
"Sphecodes.hirtellus","M_016",1,14,0.0714285714285714,-0.677830201092136
"Sphecodes.marginatus","M_050",6,8,0.75,0.937137026507657
"Sphecodes.marginatus","M_012",1,14,0.0714285714285714,-0.774596669241483
"Sphecodes.marginatus","M_039",1,13,0.0769230769230769,-1.11989927986026
"Sphecodes.minor","M_062",13,121,0.107438016528926,-0.155756731688973
"Sphecodes.pellucidus","M_016",1,14,0.0714285714285714,-0.677830201092136
"Sphecodes.pellucidus","M_047",1,13,0.0769230769230769,-0.690601582497468
"Sphecodes.ruficrus","M_012",1,14,0.0714285714285714,-0.774596669241483
"Sphecodes.sophiae","M_005",7,37,0.189189189189189,0.191341371765428
"Sphecodes.sp1.M.PL.004","M_004",1,8,0.125,-0.574800907851677
"Sphecodes.sp1.M.PL.021","M_021",1,25,0.04,-0.577139006490875
"Sphecodes.sp1.M.PL.047","M_047",1,13,0.0769230769230769,-0.690601582497468
"Sphecodes.sp1.M.PL.058","M_058",3,22,0.136363636363636,-0.561501143991031
"Spinoliella.sp1.M.PL.022","M_022",2,7,0.285714285714286,-0.438529009653515
"Stelis.punctulatissima","M_015",1,104,0.00961538461538462,-0.500330658140287
"Stelis.signata","M_016",2,14,0.142857142857143,-0.30125786715206
"Svastrides.melanura","M_001",1,16,0.0625,-0.680386334970978
"Svastrides.melanura","M_051",1,10,0.1,-0.620841267304183
"Svastrides.zebra","M_023",2,4,0.5,0
"Systropha.planidens","M_015",1,104,0.00961538461538462,-0.500330658140287
"Tapinotaspis.caerulea","M_001",1,16,0.0625,-0.680386334970978
"Tapinotaspis.herbsti","M_001",1,16,0.0625,-0.680386334970978
"Tetralonia.alternans","M_015",11,104,0.105769230769231,0.674791032162104
"Tetralonia.belfragei","M_062",31,121,0.256198347107438,0.670405400273452
"Tetralonia.berlandi","M_016",2,14,0.142857142857143,-0.30125786715206
"Tetralonia.dilecta","M_062",17,121,0.140495867768595,0.0278348531915655
"Tetralonia.mitsukurii","M_021",2,25,0.08,-0.398500742577033
"Tetralonia.mitsukurii","M_054",1,24,0.0416666666666667,-0.58379925155005
"Tetralonia.nipponens","M_054",11,24,0.458333333333333,1.36219825361678
"Tetralonia.nipponens","M_057",1,37,0.027027027027027,-0.526844277609662
"Tetralonia.nipponens","M_021",1,25,0.04,-0.577139006490875
"Tetralonia.nipponensis","M_053",6,15,0.4,0.716114060610117
"Tetralonia.okinawae.okinawae","M_044",11,21,0.523809523809524,1.24701909081793
"Tetralonia.robertsonii","M_062",3,121,0.0247933884297521,-0.614735693890321
"Tetralonia.rosae","M_062",1,121,0.00826446280991736,-0.70653148633059
"Thyreus.histrionicus","M_012",3,14,0.214285714285714,-0.290473750965556
"Thyreus.ramosus","M_015",6,104,0.0576923076923077,0.0872301870109083
"Thyreus.truncatus","M_015",1,104,0.00961538461538462,-0.500330658140287
"Triepeolus.concavus","M_062",2,121,0.0165289256198347,-0.660633590110455
"Triepeolus.cressonii","M_062",67,121,0.553719008264463,2.3227296641983
"Triepeolus.donatus","M_062",95,121,0.785123966942149,3.60787075836208
"Triepeolus.helianthi","M_062",33,121,0.272727272727273,0.762201192713721
"Triepeolus.helianthi.grandior","M_005",1,37,0.027027027027027,-0.665535206140618
"Triepeolus.lunatus","M_062",1,121,0.00826446280991736,-0.70653148633059
"Triepeolus.micropygius","M_062",6,121,0.0495867768595041,-0.477042005229917
"Triepeolus.nevadensis","M_062",4,121,0.0330578512396694,-0.568837797670186
"Triepeolus.pennipes","M_062",37,121,0.305785123966942,0.94579277759426
"Triepeolus.remigatus","M_062",25,121,0.206611570247934,0.395018022952643
"Triepeolus.simplex","M_062",18,121,0.148760330578512,0.0737327494117003
"Trigona.angustula","M_030",1,8,0.125,-0.480459892751428
"Trigona.fulviventris","M_077",7,7,1,1.52611672491475
"Trigona.gr..fuscipennis","M_076",1,34,0.0294117647058824,-0.552005452510264
"Trigona.spinipes","M_076",12,34,0.352941176470588,0.623231962511588
"Trigonisca.intermedia","M_076",5,34,0.147058823529412,-0.124646392502318
"Trigonisca.sp","M_076",1,34,0.0294117647058824,-0.552005452510264
"Xanthosarus.latimanus","M_062",4,121,0.0330578512396694,-0.568837797670186
"Xenoglossa.strenua","M_062",34,121,0.28099173553719,0.808099088933856
"Xenoglossodes.albata","M_062",14,121,0.115702479338843,-0.109858835468839
"Xylocopa.amamensis","M_044",21,21,1,3.14796282682087
"Xylocopa.appendicuiata.circumvolan","M_054",1,24,0.0416666666666667,-0.58379925155005
"Xylocopa.appendiculata","M_055",1,12,0.0833333333333333,-0.736271454932668
"Xylocopa.appendiculata.circumvolan","M_054",24,24,1,3.89199501033366
"Xylocopa.appendiculata.circumvolan","M_057",1,37,0.027027027027027,-0.526844277609662
"Xylocopa.appendicutata","M_055",2,12,0.166666666666667,-0.39114421043298
"Xylocopa.augusti","M_072",7,66,0.106060606060606,-0.178878825226258
"Xylocopa.caffra","M_061",9,31,0.290322580645161,-0.707909855586404
"Xylocopa.cantabrita","M_016",7,14,0.5,1.58160380254832
"Xylocopa.ciliata","M_072",19,66,0.287878787878788,0.733403183427657
"Xylocopa.darwini","M_026",80,80,1,NA
"Xylocopa.darwini","M_042",11,11,1,NA
"Xylocopa.fenestrata","M_11.2",3,12,0.25,-0.577350269189626
"Xylocopa.fibriata","M_030",1,8,0.125,-0.480459892751428
"Xylocopa.grisescens","M_059",1,13,0.0769230769230769,-0.967405939784302
"Xylocopa.iris","M_015",8,104,0.0769230769230769,0.322254525071387
"Xylocopa.sp1.M.PL.031","M_031",10,17,0.588235294117647,1.02106245772163
"Xylocopa.sp1.M.PL.035","M_035",1,19,0.0526315789473684,-0.63707122854525
"Xylocopa.sp1.M.PL.040","M_040",5,6,0.833333333333333,0.483820624822615
"Xylocopa.sp1.M.PL.041","M_041",6,11,0.545454545454545,-0.707106781186547
"Xylocopa.sp1.M.PL.058","M_058",1,22,0.0454545454545455,-0.958871184353915
"Xylocopa.sp1.M.PL.059","M_059",2,13,0.153846153846154,-0.750573573970579
"Xylocopa.violacea","M_015",5,104,0.0480769230769231,-0.0302819820193309
"Xylocopa.violacea","M_016",1,14,0.0714285714285714,-0.677830201092136
"Xylocopa.virginica.virginica","M_025",6,7,0.857142857142857,1.23743686707646
