"sp.armonizado","ID","familia","Grado","n.familia","GFE","n.plantas.ID","n.familias.ID","Grado.relativo","Grado.relativo.familias","Z_Grado","Family","Genus","DIT.final"
"Agapostemon sp1 M PL 005","M_005","Halictidae",2,2,0.5,84,28,0.0238095238095238,0.0714285714285714,-0.523271819464998,NA,NA,NA
"Agapostemon sp1 M PL 040","M_040","Halictidae",2,2,0,12,6,0.166666666666667,0.333333333333333,-1.2579336245388,NA,NA,NA
"Agapostemon splendens","M_062","Halictidae",1,1,0,450,83,0.00222222222222222,0.0120481927710843,-0.707565570178455,"Halictidae","Agapostemon",2.38
"Agapostemon splendens","M_005","Halictidae",4,4,0.666666666666667,84,28,0.0476190476190476,0.142857142857143,-0.240961682532928,"Halictidae","Agapostemon",2.38
"Agapostemon texanus","M_062","Halictidae",120,33,0.890907502838676,450,83,0.266666666666667,0.397590361445783,4.76916415787089,"Halictidae","Agapostemon",2.04
"Agapostemon virescens","M_073","Halictidae",1,1,0,30,18,0.0333333333333333,0.0555555555555556,-0.587149728513621,"Halictidae","Agapostemon",2.308
"Alloscirtetica antarctica","M_022","Apidae",1,1,0,8,4,0.125,0.25,-0.877058019307029,NA,NA,NA
"Alloscirtetica gayi","M_001","Apidae",2,2,0.5,44,17,0.0454545454545455,0.117647058823529,-0.438753804794369,"Apidae","Alloscirtetica",3.102
"Alloscirtetica herbsti","M_023","Apidae",1,1,0,16,11,0.0625,0.0909090909090909,-0.948683298050514,NA,NA,NA
"Alloscirtetica rufitarsis","M_002","Apidae",1,1,0,21,12,0.0476190476190476,0.0833333333333333,-0.755704334827634,"Apidae","Alloscirtetica",3.36
"Alloscirtetica rufitarsis","M_001","Apidae",3,3,0.666666666666667,44,17,0.0681818181818182,0.176470588235294,-0.19712127461776,"Apidae","Alloscirtetica",3.36
"Alloscirtetica sp","M_001","Apidae",9,6,0.6875,44,17,0.204545454545455,0.352941176470588,1.25267390644189,NA,NA,NA
"Alloscirtetica sp","M_002","Apidae",2,1,0,21,12,0.0952380952380952,0.0833333333333333,-0.312705241997642,NA,NA,NA
"Alloscirtetica sp1 M PL 022","M_022","Apidae",1,1,0,8,4,0.125,0.25,-0.877058019307029,NA,NA,NA
"Amegilla albigena","M_015","Apidae",14,8,0.826530612244898,127,39,0.110236220472441,0.205128205128205,0.850643745124398,"Apidae","Amegilla",3.12
"Amegilla canifrons","M_050","Apidae",2,2,0.5,12,9,0.166666666666667,0.222222222222222,-0.933799055647682,"Apidae","Amegilla",5.38
"Amegilla canifrons","M_039","Apidae",5,4,0.72,16,10,0.3125,0.4,-0.278973147533129,"Apidae","Amegilla",5.38
"Amegilla dulcifera subflavescens","M_044","Apidae",8,6,0.73469387755102,64,34,0.125,0.176470588235294,0.676735970017046,NA,NA,NA
"Amegilla fasciata","M_016","Apidae",4,4,0.75,24,14,0.166666666666667,0.285714285714286,0.379293195627669,"Apidae","Amegilla",3.95
"Amegilla quadrifasciata","M_016","Apidae",2,2,0.5,24,14,0.0833333333333333,0.142857142857143,-0.334670466730296,"Apidae","Amegilla",4.02
"Amegilla quadrifasciata","M_039","Apidae",3,3,0.666666666666667,16,10,0.1875,0.3,-0.735474661678249,"Apidae","Amegilla",4.02
"Amegilla quadrifasciata","M_015","Apidae",7,4,0.612244897959184,127,39,0.0551181102362205,0.102564102564103,0.125980722072512,"Apidae","Amegilla",4.02
"Amegilla quadrifasciata","M_050","Apidae",3,2,0.444444444444444,12,9,0.25,0.222222222222222,-0.49147318718299,"Apidae","Amegilla",4.02
"Amegilla sp1 M PL 050","M_050","Apidae",3,3,0.666666666666667,12,9,0.25,0.333333333333333,-0.49147318718299,NA,NA,NA
"Amegilla sp1 M PL 058","M_039","Apidae",8,5,0.78125,16,10,0.5,0.5,0.405779123684551,NA,NA,NA
"Amegilla walshii","M_062","Apidae",23,12,0.875,450,83,0.0511111111111111,0.144578313253012,0.304939085427307,NA,NA,NA
"Ammobates oraniensis","M_015","Apidae",2,2,0.5,127,39,0.015748031496063,0.0512820512820513,-0.391635722964549,"Apidae","Ammobates",2.1
"Andrena aburana","M_056","Andrenidae",1,1,1,60,20,0.0166666666666667,0.05,-0.652606156545778,NA,NA,NA
"Andrena aburana","M_057","Andrenidae",1,1,0,87,39,0.0114942528735632,0.0256410256410256,-0.526844277609662,NA,NA,NA
"Andrena akitsushimae","M_021","Andrenidae",2,1,0,77,36,0.025974025974026,0.0277777777777778,-0.398500742577033,NA,NA,NA
"Andrena akitsushimae","M_057","Andrenidae",2,1,0,87,39,0.0229885057471264,0.0256410256410256,-0.395524042241081,NA,NA,NA
"Andrena alfkenella","M_015","Andrenidae",2,2,0.5,127,39,0.015748031496063,0.0512820512820513,-0.391635722964549,"Andrenidae","Andrena",1.47
"Andrena alleghaniensis","M_033","Andrenidae",3,3,0.5,11,4,0.272727272727273,0.75,-1.30328677981716,"Andrenidae","Andrena",1.44
"Andrena amamiensis","M_044","Andrenidae",2,2,0.5,64,34,0.03125,0.0588235294117647,-0.463830271584717,NA,NA,NA
"Andrena apacheorum","M_005","Andrenidae",2,2,0,84,28,0.0238095238095238,0.0714285714285714,-0.523271819464998,NA,NA,NA
"Andrena arabis","M_062","Andrenidae",4,4,0.666666666666667,450,83,0.00888888888888889,0.0481927710843374,-0.569496753504942,"Andrenidae","Andrena",2.1
"Andrena arabis","M_025","Andrenidae",1,1,1,13,11,0.0769230769230769,0.0909090909090909,-1.1195857368787,"Andrenidae","Andrena",2.1
"Andrena assimilis","M_016","Andrenidae",1,1,0,24,14,0.0416666666666667,0.0714285714285714,-0.691652297909279,"Andrenidae","Andrena",3.29
"Andrena athenensis","M_015","Andrenidae",1,1,0,127,39,0.0078740157480315,0.0256410256410256,-0.495159011971961,"Andrenidae","Andrena",2.3
"Andrena banksi","M_073","Andrenidae",1,1,0,30,18,0.0333333333333333,0.0555555555555556,-0.587149728513621,NA,NA,NA
"Andrena barbilabris","M_047","Andrenidae",1,1,0,18,8,0.0555555555555556,0.125,-0.701872737225941,"Andrenidae","Andrena",2.32
"Andrena benefica","M_021","Andrenidae",1,1,0,77,36,0.012987012987013,0.0277777777777778,-0.577139006490875,NA,NA,NA
"Andrena benefica","M_054","Andrenidae",1,1,0,82,40,0.0121951219512195,0.025,-0.587989990263029,NA,NA,NA
"Andrena benefica","M_053","Andrenidae",1,1,0,64,27,0.015625,0.037037037037037,-0.681181667409623,NA,NA,NA
"Andrena bicolor","M_016","Andrenidae",1,1,1,24,14,0.0416666666666667,0.0714285714285714,-0.691652297909279,"Andrenidae","Andrena",2.01
"Andrena bicolor","M_015","Andrenidae",3,2,0.444444444444444,127,39,0.0236220472440945,0.0512820512820513,-0.288112433957137,"Andrenidae","Andrena",2.01
"Andrena bicolorata","M_015","Andrenidae",1,1,0,127,39,0.0078740157480315,0.0256410256410256,-0.495159011971961,"Andrenidae","Andrena",2.83
"Andrena bimaculata","M_016","Andrenidae",1,1,0,24,14,0.0416666666666667,0.0714285714285714,-0.691652297909279,"Andrenidae","Andrena",2.71
"Andrena braccata","M_005","Andrenidae",1,1,0,84,28,0.0119047619047619,0.0357142857142857,-0.664426887931033,NA,NA,NA
"Andrena bradleyi","M_033","Andrenidae",5,2,0.32,11,4,0.454545454545455,0.5,-0.394016933433096,NA,NA,NA
"Andrena brassicae","M_057","Andrenidae",1,1,0,87,39,0.0114942528735632,0.0256410256410256,-0.526844277609662,NA,NA,NA
"Andrena brassicae","M_054","Andrenidae",1,1,0,82,40,0.0121951219512195,0.025,-0.587989990263029,NA,NA,NA
"Andrena brenihirtiscopa","M_056","Andrenidae",1,1,0,60,20,0.0166666666666667,0.05,-0.652606156545778,NA,NA,NA
"Andrena brevihirtiscopa","M_021","Andrenidae",3,3,0.5,77,36,0.038961038961039,0.0833333333333333,-0.219862478663191,NA,NA,NA
"Andrena canadensis","M_005","Andrenidae",2,1,0,84,28,0.0238095238095238,0.0357142857142857,-0.523271819464998,NA,NA,NA
"Andrena caneae","M_015","Andrenidae",6,4,0.666666666666667,127,39,0.047244094488189,0.102564102564103,0.0224574330651,NA,NA,NA
"Andrena carlini","M_032","Andrenidae",4,4,0.666666666666667,7,5,0.571428571428571,0.8,1.38169855941551,"Andrenidae","Andrena",2.9
"Andrena carlini","M_033","Andrenidae",5,3,0.375,11,4,0.454545454545455,0.75,-0.394016933433096,"Andrenidae","Andrena",2.9
"Andrena carlini","M_025","Andrenidae",7,6,0.8,13,11,0.538461538461538,0.545454545454545,1.70884138786749,"Andrenidae","Andrena",2.9
"Andrena carlini","M_062","Andrenidae",58,33,0.956555171088043,450,83,0.128888888888889,0.397590361445783,1.91574194661829,"Andrenidae","Andrena",2.9
"Andrena carolina","M_033","Andrenidae",4,2,0.375,11,4,0.363636363636364,0.5,-0.84865185662513,"Andrenidae","Andrena",2.09
"Andrena ceanothi","M_025","Andrenidae",1,1,0,13,11,0.0769230769230769,0.0909090909090909,-1.1195857368787,NA,NA,NA
"Andrena chrysosceles","M_007","Andrenidae",1,1,0,13,6,0.0769230769230769,0.166666666666667,-0.566666666666667,"Andrenidae","Andrena",1.87
"Andrena cinereophila","M_015","Andrenidae",1,1,0,127,39,0.0078740157480315,0.0256410256410256,-0.495159011971961,"Andrenidae","Andrena",1.99
"Andrena clarkella","M_047","Andrenidae",2,1,0,18,8,0.111111111111111,0.125,-0.316698674114144,"Andrenidae","Andrena",2.97
"Andrena combaella","M_015","Andrenidae",1,1,1,127,39,0.0078740157480315,0.0256410256410256,-0.495159011971961,"Andrenidae","Andrena",2.12
"Andrena concinna","M_015","Andrenidae",3,2,0,127,39,0.0236220472440945,0.0512820512820513,-0.288112433957137,"Andrenidae","Andrena",2.67
"Andrena confederata","M_073","Andrenidae",1,1,0,30,18,0.0333333333333333,0.0555555555555556,-0.587149728513621,NA,NA,NA
"Andrena crassana","M_015","Andrenidae",4,2,0.375,127,39,0.031496062992126,0.0512820512820513,-0.184589144949725,"Andrenidae","Andrena",1.45
"Andrena crataegi","M_005","Andrenidae",9,4,0.518518518518519,84,28,0.107142857142857,0.142857142857143,0.464813659797247,"Andrenidae","Andrena",1.81
"Andrena cressoni","M_032","Andrenidae",2,2,0.5,7,5,0.285714285714286,0.4,0,"Andrenidae","Andrena",2.06
"Andrena dentata","M_021","Andrenidae",2,2,0.5,77,36,0.025974025974026,0.0555555555555556,-0.398500742577033,NA,NA,NA
"Andrena dentata","M_057","Andrenidae",3,3,0.5,87,39,0.0344827586206897,0.0769230769230769,-0.264203806872501,NA,NA,NA
"Andrena dentata","M_053","Andrenidae",3,3,0.5,64,27,0.046875,0.111111111111111,-0.122263376201727,NA,NA,NA
"Andrena distinguenda","M_015","Andrenidae",4,4,0.75,127,39,0.031496062992126,0.102564102564103,-0.184589144949725,"Andrenidae","Andrena",1.56
"Andrena dunningi","M_025","Andrenidae",1,1,1,13,11,0.0769230769230769,0.0909090909090909,-1.1195857368787,"Andrenidae","Andrena",2.64
"Andrena edashigei","M_044","Andrenidae",3,3,0.666666666666667,64,34,0.046875,0.0882352941176471,-0.273735897984423,NA,NA,NA
"Andrena edwiniae","M_005","Andrenidae",2,2,0.5,84,28,0.0238095238095238,0.0714285714285714,-0.523271819464998,NA,NA,NA
"Andrena erigeniae","M_025","Andrenidae",4,4,0.666666666666667,13,11,0.307692307692308,0.363636363636364,0.294627825494395,"Andrenidae","Andrena",2.1
"Andrena erythrogastra","M_062","Andrenidae",19,10,0.859375,450,83,0.0422222222222222,0.120481927710843,0.120847329862623,NA,NA,NA
"Andrena erythronii","M_032","Andrenidae",1,1,0,7,5,0.142857142857143,0.2,-0.690849279707757,NA,NA,NA
"Andrena esakki","M_044","Andrenidae",1,1,0,64,34,0.015625,0.0294117647058824,-0.653924645185011,NA,NA,NA
"Andrena flavipes","M_015","Andrenidae",16,10,0.857142857142857,127,39,0.125984251968504,0.256410256410256,1.05769032313922,"Andrenidae","Andrena",2.36
"Andrena forbesii","M_032","Andrenidae",3,3,0.666666666666667,7,5,0.428571428571429,0.6,0.690849279707757,"Andrenidae","Andrena",2.2
"Andrena fulva","M_047","Andrenidae",3,2,0.444444444444444,18,8,0.166666666666667,0.25,0.0684753889976528,"Andrenidae","Andrena",2.72
"Andrena fulvitarsis","M_015","Andrenidae",1,1,1,127,39,0.0078740157480315,0.0256410256410256,-0.495159011971961,"Andrenidae","Andrena",2
"Andrena fuscipes","M_047","Andrenidae",1,1,0,18,8,0.0555555555555556,0.125,-0.701872737225941,"Andrenidae","Andrena",2.21
"Andrena gallinula","M_015","Andrenidae",1,1,0,127,39,0.0078740157480315,0.0256410256410256,-0.495159011971961,NA,NA,NA
"Andrena gardineri","M_005","Andrenidae",1,1,0,84,28,0.0119047619047619,0.0357142857142857,-0.664426887931033,NA,NA,NA
"Andrena geranii","M_062","Andrenidae",5,4,0.666666666666667,450,83,0.0111111111111111,0.0481927710843374,-0.523473814613771,NA,NA,NA
"Andrena grossella","M_015","Andrenidae",3,2,0.444444444444444,127,39,0.0236220472440945,0.0512820512820513,-0.288112433957137,"Andrenidae","Andrena",2.28
"Andrena haemorrhoa","M_006","Andrenidae",3,2,0.444444444444444,11,5,0.272727272727273,0.4,-0.0342103946971034,"Andrenidae","Andrena",2.49
"Andrena haemorrhoa","M_047","Andrenidae",5,3,0.5,18,8,0.277777777777778,0.375,0.838823515221247,"Andrenidae","Andrena",2.49
"Andrena haemorrhoa japonibia","M_021","Andrenidae",1,1,0,77,36,0.012987012987013,0.0277777777777778,-0.577139006490875,"Andrenidae","Andrena",2.54
"Andrena halictoides","M_021","Andrenidae",1,1,0,77,36,0.012987012987013,0.0277777777777778,-0.577139006490875,NA,NA,NA
"Andrena halictoides","M_057","Andrenidae",4,3,0.625,87,39,0.0459770114942529,0.0769230769230769,-0.132883571503921,NA,NA,NA
"Andrena halictoides","M_053","Andrenidae",1,1,0,64,27,0.015625,0.037037037037037,-0.681181667409623,NA,NA,NA
"Andrena hattorfiana","M_015","Andrenidae",1,1,0,127,39,0.0078740157480315,0.0256410256410256,-0.495159011971961,"Andrenidae","Andrena",2.71
"Andrena hebes","M_057","Andrenidae",2,2,0.5,87,39,0.0229885057471264,0.0512820512820513,-0.395524042241081,NA,NA,NA
"Andrena hesperia","M_015","Andrenidae",7,3,0.653061224489796,127,39,0.0551181102362205,0.0769230769230769,0.125980722072512,"Andrenidae","Andrena",1.92
"Andrena hikosana","M_057","Andrenidae",1,1,0,87,39,0.0114942528735632,0.0256410256410256,-0.526844277609662,NA,NA,NA
"Andrena hikosana","M_021","Andrenidae",6,4,0.625,77,36,0.0779220779220779,0.111111111111111,0.316052313078336,NA,NA,NA
"Andrena hikosana","M_053","Andrenidae",1,1,0,64,27,0.015625,0.037037037037037,-0.681181667409623,NA,NA,NA
"Andrena hilaris","M_073","Andrenidae",1,1,0,30,18,0.0333333333333333,0.0555555555555556,-0.587149728513621,NA,NA,NA
"Andrena hirashimai","M_044","Andrenidae",1,1,0,64,34,0.015625,0.0294117647058824,-0.653924645185011,NA,NA,NA
"Andrena hispania","M_016","Andrenidae",4,4,0.666666666666667,24,14,0.166666666666667,0.285714285714286,0.379293195627669,"Andrenidae","Andrena",2.95
"Andrena humilis","M_015","Andrenidae",19,8,0.8046875,127,39,0.149606299212598,0.205128205128205,1.36826019016146,"Andrenidae","Andrena",2.25
"Andrena hyemala","M_015","Andrenidae",1,1,0,127,39,0.0078740157480315,0.0256410256410256,-0.495159011971961,"Andrenidae","Andrena",1.27
"Andrena illinoensis","M_062","Andrenidae",6,6,0.833333333333333,450,83,0.0133333333333333,0.072289156626506,-0.4774508757226,NA,NA,NA
"Andrena imatrix","M_025","Andrenidae",1,1,0,13,11,0.0769230769230769,0.0909090909090909,-1.1195857368787,NA,NA,NA
"Andrena imitatrix","M_005","Andrenidae",1,1,0,84,28,0.0119047619047619,0.0357142857142857,-0.664426887931033,"Andrenidae","Andrena",4.49
"Andrena imitatrix","M_073","Andrenidae",1,1,0,30,18,0.0333333333333333,0.0555555555555556,-0.587149728513621,"Andrenidae","Andrena",4.49
"Andrena impunctata","M_015","Andrenidae",1,1,0,127,39,0.0078740157480315,0.0256410256410256,-0.495159011971961,"Andrenidae","Andrena",1.24
"Andrena irgeniae","M_032","Andrenidae",4,4,0.666666666666667,7,5,0.571428571428571,0.8,1.38169855941551,NA,NA,NA
"Andrena ishiharai","M_021","Andrenidae",1,1,0,77,36,0.012987012987013,0.0277777777777778,-0.577139006490875,NA,NA,NA
"Andrena ishiharai","M_057","Andrenidae",1,1,0,87,39,0.0114942528735632,0.0256410256410256,-0.526844277609662,NA,NA,NA
"Andrena japonica","M_054","Andrenidae",2,2,0.5,82,40,0.024390243902439,0.05,-0.393076181336058,"Andrenidae","Andrena",1.22
"Andrena japonicum","M_055","Andrenidae",1,1,0,41,19,0.024390243902439,0.0526315789473684,-0.726174538156345,"Andrenidae","Andrena",1.22
"Andrena kaguya","M_021","Andrenidae",1,1,0,77,36,0.012987012987013,0.0277777777777778,-0.577139006490875,NA,NA,NA
"Andrena kaguya","M_053","Andrenidae",2,2,0.5,64,27,0.03125,0.0740740740740741,-0.401722521805675,NA,NA,NA
"Andrena kaguya","M_057","Andrenidae",6,5,0.777777777777778,87,39,0.0689655172413793,0.128205128205128,0.12975689923324,NA,NA,NA
"Andrena Knuthi","M_044","Andrenidae",2,2,0.5,64,34,0.03125,0.0588235294117647,-0.463830271584717,NA,NA,NA
"Andrena Knuthi","M_054","Andrenidae",3,2,0,82,40,0.0365853658536585,0.05,-0.198162372409087,NA,NA,NA
"Andrena Knuthi","M_021","Andrenidae",1,1,0,77,36,0.012987012987013,0.0277777777777778,-0.577139006490875,NA,NA,NA
"Andrena Knuthi","M_053","Andrenidae",3,3,0.666666666666667,64,27,0.046875,0.111111111111111,-0.122263376201727,NA,NA,NA
"Andrena Knuthi","M_055","Andrenidae",3,3,0.5,41,19,0.0731707317073171,0.157894736842105,-0.0558595798581803,NA,NA,NA
"Andrena komachi","M_021","Andrenidae",3,3,0.5,77,36,0.038961038961039,0.0833333333333333,-0.219862478663191,NA,NA,NA
"Andrena komachi","M_054","Andrenidae",2,2,0.5,82,40,0.024390243902439,0.05,-0.393076181336058,NA,NA,NA
"Andrena komachi","M_053","Andrenidae",3,3,0.666666666666667,64,27,0.046875,0.111111111111111,-0.122263376201727,NA,NA,NA
"Andrena kriechbaumeri","M_015","Andrenidae",3,2,0,127,39,0.0236220472440945,0.0512820512820513,-0.288112433957137,"Andrenidae","Andrena",2.1
"Andrena lamiana","M_015","Andrenidae",6,4,0.625,127,39,0.047244094488189,0.102564102564103,0.0224574330651,"Andrenidae","Andrena",1.31
"Andrena lapponica","M_056","Andrenidae",3,2,0,60,20,0.05,0.1,-0.343222497146298,"Andrenidae","Andrena",2.54
"Andrena lapponica","M_047","Andrenidae",2,1,0,18,8,0.111111111111111,0.125,-0.316698674114144,"Andrenidae","Andrena",2.54
"Andrena lewisi","M_005","Andrenidae",1,1,0,84,28,0.0119047619047619,0.0357142857142857,-0.664426887931033,NA,NA,NA
"Andrena longitibialis","M_053","Andrenidae",4,3,0.444444444444444,64,27,0.0625,0.111111111111111,0.157195769402221,"Andrenidae","Andrena",1.59
"Andrena longitibialis","M_021","Andrenidae",1,1,0,77,36,0.012987012987013,0.0277777777777778,-0.577139006490875,"Andrenidae","Andrena",1.59
"Andrena longitibialis","M_056","Andrenidae",1,1,0,60,20,0.0166666666666667,0.05,-0.652606156545778,"Andrenidae","Andrena",1.59
"Andrena macoupinensis","M_062","Andrenidae",4,3,0.5,450,83,0.00888888888888889,0.036144578313253,-0.569496753504942,NA,NA,NA
"Andrena madronitens","M_005","Andrenidae",14,8,0.733727810650888,84,28,0.166666666666667,0.285714285714286,1.17058900212742,NA,NA,NA
"Andrena mandibularis","M_033","Andrenidae",6,2,0,11,4,0.545454545454545,0.5,0.0606179897589381,"Andrenidae","Andrena",1.87
"Andrena mandibularis","M_062","Andrenidae",9,9,0.875,450,83,0.02,0.108433734939759,-0.339382059049087,"Andrenidae","Andrena",1.87
"Andrena mansonii","M_032","Andrenidae",3,3,0.666666666666667,7,5,0.428571428571429,0.6,0.690849279707757,NA,NA,NA
"Andrena melanochroa","M_004","Andrenidae",1,1,0,10,9,0.1,0.111111111111111,-0.58775344093241,"Andrenidae","Andrena",1.7
"Andrena mikado","M_053","Andrenidae",4,2,0.375,64,27,0.0625,0.0740740740740741,0.157195769402221,NA,NA,NA
"Andrena minutula","M_053","Andrenidae",2,2,0.5,64,27,0.03125,0.0740740740740741,-0.401722521805675,"Andrenidae","Andrena",1.42
"Andrena minutula","M_021","Andrenidae",4,4,0.666666666666667,77,36,0.051948051948052,0.111111111111111,-0.0412242147493482,"Andrenidae","Andrena",1.42
"Andrena minutula","M_057","Andrenidae",11,7,0.76,87,39,0.126436781609195,0.179487179487179,0.786358076076142,"Andrenidae","Andrena",1.42
"Andrena miranda","M_004","Andrenidae",2,2,0.5,10,9,0.2,0.222222222222222,-0.0551018850874134,"Andrenidae","Andrena",1.9
"Andrena miserabilis","M_032","Andrenidae",2,2,0.5,7,5,0.285714285714286,0.4,0,"Andrenidae","Andrena",1.7
"Andrena mitakensis","M_057","Andrenidae",1,1,0,87,39,0.0114942528735632,0.0256410256410256,-0.526844277609662,NA,NA,NA
"Andrena miyamotoi","M_021","Andrenidae",1,1,0,77,36,0.012987012987013,0.0277777777777778,-0.577139006490875,NA,NA,NA
"Andrena miyamotoi","M_057","Andrenidae",1,1,0,87,39,0.0114942528735632,0.0256410256410256,-0.526844277609662,NA,NA,NA
"Andrena mocsaryi","M_015","Andrenidae",12,8,0.847222222222222,127,39,0.094488188976378,0.205128205128205,0.643597167109574,"Andrenidae","Andrena",2.19
"Andrena mucronata","M_015","Andrenidae",6,4,0.666666666666667,127,39,0.047244094488189,0.102564102564103,0.0224574330651,"Andrenidae","Andrena",2.84
"Andrena munutula","M_055","Andrenidae",1,1,0,41,19,0.024390243902439,0.0526315789473684,-0.726174538156345,NA,NA,NA
"Andrena nana","M_015","Andrenidae",1,1,0,127,39,0.0078740157480315,0.0256410256410256,-0.495159011971961,"Andrenidae","Andrena",1.64
"Andrena nasonii","M_025","Andrenidae",3,3,0.5,13,11,0.230769230769231,0.272727272727273,-0.176776695296637,"Andrenidae","Andrena",1.59
"Andrena nawai","M_057","Andrenidae",1,1,0,87,39,0.0114942528735632,0.0256410256410256,-0.526844277609662,NA,NA,NA
"Andrena nigrae","M_062","Andrenidae",5,5,0.8,450,83,0.0111111111111111,0.0602409638554217,-0.523473814613771,NA,NA,NA
"Andrena nigrihirta","M_025","Andrenidae",6,6,0.8,13,11,0.461538461538462,0.545454545454545,1.23743686707646,NA,NA,NA
"Andrena nigroaenea","M_015","Andrenidae",6,6,0.8,127,39,0.047244094488189,0.153846153846154,0.0224574330651,"Andrenidae","Andrena",2.84
"Andrena nigroaenea","M_047","Andrenidae",3,2,0.444444444444444,18,8,0.166666666666667,0.25,0.0684753889976528,"Andrenidae","Andrena",2.84
"Andrena nigroaenea","M_016","Andrenidae",2,2,0,24,14,0.0833333333333333,0.142857142857143,-0.334670466730296,"Andrenidae","Andrena",2.84
"Andrena nivalis","M_004","Andrenidae",2,2,0.5,10,9,0.2,0.222222222222222,-0.0551018850874134,"Andrenidae","Andrena",2.69
"Andrena nobilis","M_015","Andrenidae",2,1,0,127,39,0.015748031496063,0.0256410256410256,-0.391635722964549,"Andrenidae","Andrena",2.66
"Andrena nothoscordi","M_062","Andrenidae",10,10,0.888888888888889,450,83,0.0222222222222222,0.120481927710843,-0.293359120157916,NA,NA,NA
"Andrena nubecula","M_062","Andrenidae",1,1,0,450,83,0.00222222222222222,0.0120481927710843,-0.707565570178455,"Andrenidae","Andrena",1.17
"Andrena okabei","M_053","Andrenidae",1,1,0,64,27,0.015625,0.037037037037037,-0.681181667409623,NA,NA,NA
"Andrena oligolege","M_062","Andrenidae",1,1,0,450,83,0.00222222222222222,0.0120481927710843,-0.707565570178455,NA,NA,NA
"Andrena omogensis","M_021","Andrenidae",1,1,0,77,36,0.012987012987013,0.0277777777777778,-0.577139006490875,NA,NA,NA
"Andrena opacifovea","M_044","Andrenidae",2,2,0.5,64,34,0.03125,0.0588235294117647,-0.463830271584717,NA,NA,NA
"Andrena opacifovea opacifovea","M_057","Andrenidae",1,1,0,87,39,0.0114942528735632,0.0256410256410256,-0.526844277609662,NA,NA,NA
"Andrena opacifovea opacifovea","M_021","Andrenidae",2,1,1,77,36,0.025974025974026,0.0277777777777778,-0.398500742577033,NA,NA,NA
"Andrena opacifovea opacifovea","M_054","Andrenidae",4,4,0.75,82,40,0.0487804878048781,0.1,-0.00324856348211617,NA,NA,NA
"Andrena optata","M_015","Andrenidae",2,2,0.5,127,39,0.015748031496063,0.0512820512820513,-0.391635722964549,"Andrenidae","Andrena",2.37
"Andrena oralis","M_015","Andrenidae",2,2,0.5,127,39,0.015748031496063,0.0512820512820513,-0.391635722964549,"Andrenidae","Andrena",1.96
"Andrena panurgimorpha","M_015","Andrenidae",1,1,0,127,39,0.0078740157480315,0.0256410256410256,-0.495159011971961,"Andrenidae","Andrena",1.98
"Andrena panurgina","M_015","Andrenidae",1,1,0,127,39,0.0078740157480315,0.0256410256410256,-0.495159011971961,"Andrenidae","Andrena",1.69
"Andrena parathoracica","M_057","Andrenidae",1,1,0,87,39,0.0114942528735632,0.0256410256410256,-0.526844277609662,NA,NA,NA
"Andrena parathoracina","M_056","Andrenidae",1,1,0,60,20,0.0166666666666667,0.05,-0.652606156545778,NA,NA,NA
"Andrena perplexa","M_073","Andrenidae",1,1,0,30,18,0.0333333333333333,0.0555555555555556,-0.587149728513621,NA,NA,NA
"Andrena personata","M_025","Andrenidae",1,1,0,13,11,0.0769230769230769,0.0909090909090909,-1.1195857368787,"Andrenidae","Andrena",1.2
"Andrena personata","M_062","Andrenidae",3,2,0.444444444444444,450,83,0.00666666666666667,0.0240963855421687,-0.615519692396113,"Andrenidae","Andrena",1.2
"Andrena personata","M_032","Andrenidae",1,1,0,7,5,0.142857142857143,0.2,-0.690849279707757,"Andrenidae","Andrena",1.2
"Andrena platyparia","M_062","Andrenidae",1,1,0,450,83,0.00222222222222222,0.0120481927710843,-0.707565570178455,NA,NA,NA
"Andrena prostomias","M_053","Andrenidae",1,1,0,64,27,0.015625,0.037037037037037,-0.681181667409623,NA,NA,NA
"Andrena protomias","M_054","Andrenidae",4,3,0.625,82,40,0.0487804878048781,0.075,-0.00324856348211617,NA,NA,NA
"Andrena protomias","M_057","Andrenidae",1,1,0,87,39,0.0114942528735632,0.0256410256410256,-0.526844277609662,NA,NA,NA
"Andrena pruni","M_062","Andrenidae",84,36,0.949845679012346,450,83,0.186666666666667,0.433734939759036,3.11233835778874,"Andrenidae","Andrena",2.5
"Andrena prunorum","M_005","Andrenidae",4,2,0,84,28,0.0476190476190476,0.0714285714285714,-0.240961682532928,NA,NA,NA
"Andrena regularis","M_033","Andrenidae",7,3,0.277777777777778,11,4,0.636363636363636,0.75,0.515252912950972,NA,NA,NA
"Andrena rufosignata","M_004","Andrenidae",1,1,0,10,9,0.1,0.111111111111111,-0.58775344093241,NA,NA,NA
"Andrena rugosa","M_032","Andrenidae",3,3,0.5,7,5,0.428571428571429,0.6,0.690849279707757,"Andrenidae","Andrena",2.07
"Andrena rugothorace","M_015","Andrenidae",17,10,0.85207100591716,127,39,0.133858267716535,0.256410256410256,1.16121361214663,"Andrenidae","Andrena",1.45
"Andrena salicacea","M_062","Andrenidae",27,18,0.9216,450,83,0.06,0.216867469879518,0.489030840991991,NA,NA,NA
"Andrena salicis","M_062","Andrenidae",9,7,0.816326530612245,450,83,0.02,0.0843373493975904,-0.339382059049087,NA,NA,NA
"Andrena sayi","M_062","Andrenidae",2,2,0.5,450,83,0.00444444444444444,0.0240963855421687,-0.661542631287284,NA,NA,NA
"Andrena schmiedeknechti","M_015","Andrenidae",6,5,0.72,127,39,0.047244094488189,0.128205128205128,0.0224574330651,"Andrenidae","Andrena",2.56
"Andrena schulzi","M_015","Andrenidae",13,7,0.760330578512397,127,39,0.102362204724409,0.179487179487179,0.747120456116986,"Andrenidae","Andrena",1.32
"Andrena scita","M_015","Andrenidae",1,1,0,127,39,0.0078740157480315,0.0256410256410256,-0.495159011971961,"Andrenidae","Andrena",2.9
"Andrena sigmundi","M_004","Andrenidae",1,1,0,10,9,0.1,0.111111111111111,-0.58775344093241,NA,NA,NA
"Andrena simontornyella","M_015","Andrenidae",2,2,0,127,39,0.015748031496063,0.0512820512820513,-0.391635722964549,"Andrenidae","Andrena",1.38
"Andrena sp1 M PL 005","M_005","Andrenidae",3,1,0,84,28,0.0357142857142857,0.0357142857142857,-0.382116750998963,NA,NA,NA
"Andrena sp1 M PL 012","M_012","Andrenidae",1,1,0,14,10,0.0714285714285714,0.1,-0.872009295040585,NA,NA,NA
"Andrena sp1 M PL 015","M_015","Andrenidae",4,4,0.666666666666667,127,39,0.031496062992126,0.102564102564103,-0.184589144949725,NA,NA,NA
"Andrena sp1 M PL 016","M_016","Andrenidae",1,1,1,24,14,0.0416666666666667,0.0714285714285714,-0.691652297909279,NA,NA,NA
"Andrena sp1 M PL 032","M_032","Andrenidae",1,1,0,7,5,0.142857142857143,0.2,-0.690849279707757,NA,NA,NA
"Andrena sp1 M PL 047","M_047","Andrenidae",3,3,0.666666666666667,18,8,0.166666666666667,0.375,0.0684753889976528,NA,NA,NA
"Andrena sp1 M PL 053","M_053","Andrenidae",1,1,0,64,27,0.015625,0.037037037037037,-0.681181667409623,NA,NA,NA
"Andrena sp1 M PL 058","M_058","Andrenidae",22,11,0.877551020408163,28,15,0.785714285714286,0.733333333333333,2.9952351015036,NA,NA,NA
"Andrena sp2 M PL 015","M_015","Andrenidae",1,1,0,127,39,0.0078740157480315,0.0256410256410256,-0.495159011971961,NA,NA,NA
"Andrena sp3 M PL 015","M_015","Andrenidae",1,1,1,127,39,0.0078740157480315,0.0256410256410256,-0.495159011971961,NA,NA,NA
"Andrena spiraeana","M_073","Andrenidae",1,1,0,30,18,0.0333333333333333,0.0555555555555556,-0.587149728513621,"Andrenidae","Andrena",1.94
"Andrena spiraeana","M_062","Andrenidae",71,31,0.936111111111111,450,83,0.157777777777778,0.373493975903614,2.51404015220352,"Andrenidae","Andrena",1.94
"Andrena stellaria","M_021","Andrenidae",2,1,0,77,36,0.025974025974026,0.0277777777777778,-0.398500742577033,NA,NA,NA
"Andrena sublevigata","M_021","Andrenidae",1,1,0,77,36,0.012987012987013,0.0277777777777778,-0.577139006490875,NA,NA,NA
"Andrena sublevigata","M_057","Andrenidae",1,1,0,87,39,0.0114942528735632,0.0256410256410256,-0.526844277609662,NA,NA,NA
"Andrena subopaca","M_057","Andrenidae",1,1,0,87,39,0.0114942528735632,0.0256410256410256,-0.526844277609662,"Andrenidae","Andrena",1.39
"Andrena taraxaci","M_053","Andrenidae",2,2,0,64,27,0.03125,0.0740740740740741,-0.401722521805675,"Andrenidae","Andrena",2.17
"Andrena taraxaci","M_015","Andrenidae",1,1,0,127,39,0.0078740157480315,0.0256410256410256,-0.495159011971961,"Andrenidae","Andrena",2.17
"Andrena tarsata","M_047","Andrenidae",1,1,0,18,8,0.0555555555555556,0.125,-0.701872737225941,"Andrenidae","Andrena",1.71
"Andrena thaspii","M_004","Andrenidae",1,1,0,10,9,0.1,0.111111111111111,-0.58775344093241,NA,NA,NA
"Andrena togashii","M_056","Andrenidae",2,2,0,60,20,0.0333333333333333,0.1,-0.497914326846038,NA,NA,NA
"Andrena tomora","M_015","Andrenidae",2,1,0,127,39,0.015748031496063,0.0256410256410256,-0.391635722964549,"Andrenidae","Andrena",1.38
"Andrena tridens","M_025","Andrenidae",5,5,0.75,13,11,0.384615384615385,0.454545454545455,0.766032346285427,NA,NA,NA
"Andrena tridens","M_062","Andrenidae",4,2,0.375,450,83,0.00888888888888889,0.0240963855421687,-0.569496753504942,NA,NA,NA
"Andrena tsukubana","M_021","Andrenidae",1,1,0,77,36,0.012987012987013,0.0277777777777778,-0.577139006490875,NA,NA,NA
"Andrena tsukubana","M_057","Andrenidae",1,1,0,87,39,0.0114942528735632,0.0256410256410256,-0.526844277609662,NA,NA,NA
"Andrena ventricosa","M_015","Andrenidae",4,4,0.75,127,39,0.031496062992126,0.102564102564103,-0.184589144949725,"Andrenidae","Andrena",1.72
"Andrena vicina","M_005","Andrenidae",10,5,0.5625,84,28,0.119047619047619,0.178571428571429,0.605968728263282,"Andrenidae","Andrena",2.54
"Andrena vicina","M_073","Andrenidae",1,1,0,30,18,0.0333333333333333,0.0555555555555556,-0.587149728513621,"Andrenidae","Andrena",2.54
"Andrena vicina","M_033","Andrenidae",8,4,0.448979591836735,11,4,0.727272727272727,1,0.969887836143006,"Andrenidae","Andrena",2.54
"Andrena violae","M_025","Andrenidae",1,1,0,13,11,0.0769230769230769,0.0909090909090909,-1.1195857368787,"Andrenidae","Andrena",2.3
"Andrena w scripta","M_004","Andrenidae",2,2,0.5,10,9,0.2,0.222222222222222,-0.0551018850874134,"Andrenidae","Andrena",1.74
"Andrena washingtoni","M_005","Andrenidae",2,2,0,84,28,0.0238095238095238,0.0714285714285714,-0.523271819464998,NA,NA,NA
"Andrena watasei","M_057","Andrenidae",3,2,0.444444444444444,87,39,0.0344827586206897,0.0512820512820513,-0.264203806872501,NA,NA,NA
"Andrena watasei","M_053","Andrenidae",4,3,0.625,64,27,0.0625,0.111111111111111,0.157195769402221,NA,NA,NA
"Andrena westensis","M_015","Andrenidae",8,6,0.73469387755102,127,39,0.062992125984252,0.153846153846154,0.229504011079925,"Andrenidae","Andrena",2.3
"Andrena wheeleri","M_004","Andrenidae",1,1,0,10,9,0.1,0.111111111111111,-0.58775344093241,NA,NA,NA
"Andrena wilkella","M_006","Andrenidae",5,2,0.32,11,5,0.454545454545455,0.4,0.649997499244964,"Andrenidae","Andrena",2.36
"Andrena wilkella","M_004","Andrenidae",1,1,0,10,9,0.1,0.111111111111111,-0.58775344093241,"Andrenidae","Andrena",2.36
"Andrena wilkella","M_047","Andrenidae",1,1,0,18,8,0.0555555555555556,0.125,-0.701872737225941,"Andrenidae","Andrena",2.36
"Andrena yamamoto","M_021","Andrenidae",6,4,0.625,77,36,0.0779220779220779,0.111111111111111,0.316052313078336,NA,NA,NA
"Andrena yamamotoi","M_054","Andrenidae",2,2,0,82,40,0.024390243902439,0.05,-0.393076181336058,NA,NA,NA
"Andrena yamamotoi","M_057","Andrenidae",1,1,0,87,39,0.0114942528735632,0.0256410256410256,-0.526844277609662,NA,NA,NA
"Andrena yamato","M_056","Andrenidae",1,1,0,60,20,0.0166666666666667,0.05,-0.652606156545778,NA,NA,NA
"Andrena ziziaeformis","M_025","Andrenidae",2,2,0.5,13,11,0.153846153846154,0.181818181818182,-0.648181216087669,NA,NA,NA
"Anthidiellum sp1 M PL 030","M_030","Megachilidae",1,1,0,17,9,0.0588235294117647,0.111111111111111,-0.499227377623237,NA,NA,NA
"Anthidium adriani","M_001","Megachilidae",1,1,0,44,17,0.0227272727272727,0.0588235294117647,-0.680386334970978,NA,NA,NA
"Anthidium chilensis","M_001","Megachilidae",8,7,0.833333333333333,44,17,0.181818181818182,0.411764705882353,1.01104137626528,"Megachilidae","Anthidium",1.2
"Anthidium chubuti","M_022","Megachilidae",3,3,0.5,8,4,0.375,0.75,0,"Megachilidae","Anthidium",3.69
"Anthidium cognatum","M_062","Megachilidae",15,12,0.906666666666667,450,83,0.0333333333333333,0.144578313253012,-0.0632444257020608,NA,NA,NA
"Anthidium dalmaticum","M_015","Megachilidae",1,1,0,127,39,0.0078740157480315,0.0256410256410256,-0.495159011971961,"Megachilidae","Anthidium",3.02
"Anthidium decaspilum","M_001","Megachilidae",4,2,0.375,44,17,0.0909090909090909,0.117647058823529,0.044511255558849,"Megachilidae","Anthidium",3.2
"Anthidium florentinum","M_015","Megachilidae",7,4,0.612244897959184,127,39,0.0551181102362205,0.102564102564103,0.125980722072512,"Megachilidae","Anthidium",3.92
"Anthidium funereum","M_001","Megachilidae",7,4,0.56,44,17,0.159090909090909,0.235294117647059,0.769408846088676,"Megachilidae","Anthidium",3.2
"Anthidium funereum","M_002","Megachilidae",3,2,0,21,12,0.142857142857143,0.166666666666667,0.130293850832351,"Megachilidae","Anthidium",3.2
"Anthidium gayi","M_001","Megachilidae",5,3,0.56,44,17,0.113636363636364,0.176470588235294,0.286143785735458,NA,NA,NA
"Anthidium manicatum","M_008","Megachilidae",1,1,0,10,8,0.1,0.125,-1.31482248609257,"Megachilidae","Anthidium",3.51
"Anthidium manicatum","M_015","Megachilidae",1,1,0,127,39,0.0078740157480315,0.0256410256410256,-0.495159011971961,"Megachilidae","Anthidium",3.51
"Anthidium rubriceps","M_023","Megachilidae",1,1,0,16,11,0.0625,0.0909090909090909,-0.948683298050514,NA,NA,NA
"Anthidium septemspinosum","M_054","Megachilidae",3,3,0.666666666666667,82,40,0.0365853658536585,0.075,-0.198162372409087,"Megachilidae","Anthidium",3.5
"Anthidium sp","M_001","Megachilidae",1,1,0,44,17,0.0227272727272727,0.0588235294117647,-0.680386334970978,NA,NA,NA
"Anthidium sp","M_002","Megachilidae",2,2,0.5,21,12,0.0952380952380952,0.166666666666667,-0.312705241997642,NA,NA,NA
"Anthidium sp","M_003","Megachilidae",7,5,0.775510204081633,8,6,0.875,0.833333333333333,1.3907589749183,NA,NA,NA
"Anthidium sp1 M PL 058","M_058","Megachilidae",6,5,0.75,28,15,0.214285714285714,0.333333333333333,0.0579722922871664,NA,NA,NA
"Anthidium taeniatum","M_015","Megachilidae",2,2,0.5,127,39,0.015748031496063,0.0512820512820513,-0.391635722964549,"Megachilidae","Anthidium",2.56
"Anthidium tenuiflorae","M_005","Megachilidae",1,1,0,84,28,0.0119047619047619,0.0357142857142857,-0.664426887931033,NA,NA,NA
"Anthidium undulatum","M_015","Megachilidae",1,1,0,127,39,0.0078740157480315,0.0256410256410256,-0.495159011971961,"Megachilidae","Anthidium",2.57
"Anthocopa obtusa","M_015","Megachilidae",4,3,0.625,127,39,0.031496062992126,0.0769230769230769,-0.184589144949725,NA,NA,NA
"Anthophora abrupta","M_073","Apidae",1,1,0,30,18,0.0333333333333333,0.0555555555555556,-0.587149728513621,"Andrenidae","Anthophora",3.9
"Anthophora acervorum","M_016","Apidae",1,1,0,24,14,0.0416666666666667,0.0714285714285714,-0.691652297909279,NA,NA,NA
"Anthophora agama","M_015","Apidae",5,4,0.72,127,39,0.0393700787401575,0.102564102564103,-0.0810658559423123,NA,NA,NA
"Anthophora alluaudi","M_008","Apidae",6,5,0.72,10,8,0.6,0.625,1.25765629104507,"Apidae","Anthophora",4.16
"Anthophora alluaudi","M_012","Apidae",8,7,0.84375,14,10,0.571428571428571,0.7,2.01938994640978,"Apidae","Anthophora",4.16
"Anthophora atroalba","M_015","Apidae",8,7,0.816326530612245,127,39,0.062992125984252,0.179487179487179,0.229504011079925,"Apidae","Anthophora",3.88
"Anthophora bomboides","M_005","Apidae",1,1,1,84,28,0.0119047619047619,0.0357142857142857,-0.664426887931033,NA,NA,NA
"Anthophora canescens","M_015","Apidae",2,2,0.5,127,39,0.015748031496063,0.0512820512820513,-0.391635722964549,"Apidae","Anthophora",4.78
"Anthophora dispar","M_016","Apidae",2,2,0,24,14,0.0833333333333333,0.142857142857143,-0.334670466730296,"Apidae","Anthophora",4.36
"Anthophora incerta","M_001","Apidae",3,3,0.666666666666667,44,17,0.0681818181818182,0.176470588235294,-0.19712127461776,"Apidae","Anthophora",4.13
"Anthophora neomexicana","M_005","Apidae",1,1,1,84,28,0.0119047619047619,0.0357142857142857,-0.664426887931033,NA,NA,NA
"Anthophora occidentalis","M_005","Apidae",1,1,1,84,28,0.0119047619047619,0.0357142857142857,-0.664426887931033,NA,NA,NA
"Anthophora orotavae","M_039","Apidae",5,4,0.72,16,10,0.3125,0.4,-0.278973147533129,"Apidae","Anthophora",3.12
"Anthophora orotavae","M_050","Apidae",3,3,0.666666666666667,12,9,0.25,0.333333333333333,-0.49147318718299,"Apidae","Anthophora",3.12
"Anthophora pilipes villosula","M_057","Apidae",1,1,0,87,39,0.0114942528735632,0.0256410256410256,-0.526844277609662,NA,NA,NA
"Anthophora pilipes villosula","M_054","Apidae",3,3,0.5,82,40,0.0365853658536585,0.075,-0.198162372409087,NA,NA,NA
"Anthophora plumipes","M_007","Apidae",1,1,0,13,6,0.0769230769230769,0.166666666666667,-0.566666666666667,"Apidae","Anthophora",4.26
"Anthophora retusa","M_015","Apidae",1,1,0,127,39,0.0078740157480315,0.0256410256410256,-0.495159011971961,"Apidae","Anthophora",3.73
"Anthophora rubricrus","M_015","Apidae",16,10,0.857142857142857,127,39,0.125984251968504,0.256410256410256,1.05769032313922,NA,NA,NA
"Anthophora simillima","M_005","Apidae",11,6,0.775510204081633,84,28,0.130952380952381,0.214285714285714,0.747123796729317,NA,NA,NA
"Anthophora sp","M_001","Apidae",2,2,0.5,44,17,0.0454545454545455,0.117647058823529,-0.438753804794369,NA,NA,NA
"Anthophora sp1 M PL 016","M_016","Apidae",1,1,0,24,14,0.0416666666666667,0.0714285714285714,-0.691652297909279,NA,NA,NA
"Anthophora sp1 M PL 058","M_058","Apidae",2,2,0.5,28,15,0.0714285714285714,0.133333333333333,-0.676343410016941,NA,NA,NA
"Anthophora ursina","M_062","Apidae",1,1,0,450,83,0.00222222222222222,0.0120481927710843,-0.707565570178455,NA,NA,NA
"Apis cerana","M_044","Apidae",3,3,0.666666666666667,64,34,0.046875,0.0882352941176471,-0.273735897984423,"Apidae","Apis",2.38
"Apis cerana","M_055","Apidae",6,4,0.625,41,19,0.146341463414634,0.210526315789474,0.949612857589066,"Apidae","Apis",2.38
"Apis cerana","M_021","Apidae",11,10,0.892561983471074,77,36,0.142857142857143,0.277777777777778,1.20924363264755,"Apidae","Apis",2.38
"Apis cerana","M_053","Apidae",2,2,0,64,27,0.03125,0.0740740740740741,-0.401722521805675,"Apidae","Apis",2.38
"Apis cerana japonica","M_057","Apidae",17,11,0.8671875,87,39,0.195402298850575,0.282051282051282,1.57427948828762,"Apidae","Apis",2.38
"Apis cerana japonica","M_054","Apidae",23,20,0.943310657596372,82,40,0.280487804878049,0.5,3.70011380613033,"Apidae","Apis",2.38
"Apis mellifera","M_055","Apidae",3,3,0.5,41,19,0.0731707317073171,0.157894736842105,-0.0558595798581803,"Apidae","Apis",3.01
"Apis mellifera","M_028","Apidae",4,4,0.75,31,16,0.129032258064516,0.25,0.264877448518217,"Apidae","Apis",3.01
"Apis mellifera","M_053","Apidae",11,7,0.8125,64,27,0.171875,0.259259259259259,2.11340978862986,"Apidae","Apis",3.01
"Apis mellifera","M_046","Apidae",5,5,0.75,12,7,0.416666666666667,0.714285714285714,-1.0914103126635,"Apidae","Apis",3.01
"Apis mellifera","M_040","Apidae",6,3,0.5,12,6,0.5,0.5,1.06440537460975,"Apidae","Apis",3.01
"Apis mellifera","M_033","Apidae",5,3,0.375,11,4,0.454545454545455,0.75,-0.394016933433096,"Apidae","Apis",3.01
"Apis mellifera","M_036","Apidae",3,2,0,4,3,0.75,0.666666666666667,NA,"Apidae","Apis",3.01
"Apis mellifera","M_021","Apidae",5,5,0.8,77,36,0.0649350649350649,0.138888888888889,0.137414049164494,"Apidae","Apis",3.01
"Apis mellifera","M_015","Apidae",104,34,0.94005540166205,127,39,0.818897637795276,0.871794871794872,10.1677397557915,"Apidae","Apis",3.01
"Apis mellifera","M_025","Apidae",6,5,0.75,13,11,0.461538461538462,0.454545454545455,1.23743686707646,"Apidae","Apis",3.01
"Apis mellifera","M_016","Apidae",14,8,0.791666666666667,24,14,0.583333333333333,0.571428571428571,3.9491115074175,"Apidae","Apis",3.01
"Apis mellifera","M_019","Apidae",1,1,0,20,12,0.05,0.0833333333333333,-0.572593799653756,"Apidae","Apis",3.01
"Apis mellifera","M_11.1","Apidae",3,3,0.5,8,7,0.375,0.428571428571429,-0.577350269189626,"Apidae","Apis",3.01
"Apis mellifera","M_054","Apidae",15,13,0.911242603550296,82,40,0.182926829268293,0.325,2.14080333471456,"Apidae","Apis",3.01
"Apis mellifera","M_11.2","Apidae",12,8,0.84375,13,9,0.923076923076923,0.888888888888889,1.15470053837925,"Apidae","Apis",3.01
"Apis mellifera","M_061","Apidae",31,21,0.929845422116528,33,23,0.939393939393939,0.91304347826087,1.14613976618751,"Apidae","Apis",3.01
"Apis mellifera","M_050","Apidae",2,2,0.5,12,9,0.166666666666667,0.222222222222222,-0.933799055647682,"Apidae","Apis",3.01
"Apis mellifera","M_072","Apidae",38,12,0.618775510204082,86,29,0.441860465116279,0.413793103448276,2.17784969712969,"Apidae","Apis",3.01
"Apis mellifera","M_008","Apidae",6,6,0.8,10,8,0.6,0.75,1.25765629104507,"Apidae","Apis",3.01
"Apis mellifera","M_014","Apidae",3,3,0.666666666666667,10,8,0.3,0.375,-0.352672807929299,"Apidae","Apis",3.01
"Apis mellifera","M_034","Apidae",18,8,0.753086419753086,23,10,0.782608695652174,0.8,1.60111190178385,"Apidae","Apis",3.01
"Apis mellifera","M_059","Apidae",4,1,0,13,1,0.307692307692308,1,-0.316908842343133,"Apidae","Apis",3.01
"Apis mellifera","M_044","Apidae",2,2,0.5,64,34,0.03125,0.0588235294117647,-0.463830271584717,"Apidae","Apis",3.01
"Apis mellifera","M_013","Apidae",3,1,0,3,1,1,1,NA,"Apidae","Apis",3.01
"Apis mellifera","M_041","Apidae",11,7,0.790123456790123,14,9,0.785714285714286,0.777777777777778,0.707106781186547,"Apidae","Apis",3.01
"Apis mellifera","M_005","Apidae",22,12,0.858131487889273,84,28,0.261904761904762,0.428571428571429,2.2998295498557,"Apidae","Apis",3.01
"Apis mellifera","M_039","Apidae",6,5,0.777777777777778,16,10,0.375,0.5,-0.0507223904605689,"Apidae","Apis",3.01
"Apis mellifera","M_073","Apidae",2,2,0.5,30,18,0.0666666666666667,0.111111111111111,-0.375981843697318,"Apidae","Apis",3.01
"Apis mellifera","M_076","Apidae",33,1,1,38,1,0.868421052631579,1,2.96111712065619,"Apidae","Apis",3.01
"Apis mellifera","M_056","Apidae",1,1,0,60,20,0.0166666666666667,0.05,-0.652606156545778,"Apidae","Apis",3.01
"Apis mellifera","M_049","Apidae",5,3,0.375,16,9,0.3125,0.333333333333333,0.327326835353989,"Apidae","Apis",3.01
"Apis mellifera","M_031","Apidae",17,14,0.915555555555556,40,20,0.425,0.7,2.47296507665495,"Apidae","Apis",3.01
"Apis mellifera","M_030","Apidae",8,6,0.8,17,9,0.470588235294118,0.666666666666667,3.24497795455104,"Apidae","Apis",3.01
"Apis mellifera","M_032","Apidae",6,5,0.72,7,5,0.857142857142857,1,2.76339711883103,"Apidae","Apis",3.01
"Apis mellifera","M_047","Apidae",13,6,0.644628099173554,18,8,0.722222222222222,0.75,3.92021602011562,"Apidae","Apis",3.01
"Apis mellifera","M_060","Apidae",59,26,0.8896,59,26,1,1,NA,"Apidae","Apis",3.01
"Apis mellifera","M_007","Apidae",1,1,0,13,6,0.0769230769230769,0.166666666666667,-0.566666666666667,"Apidae","Apis",3.01
"Apis mellifera","M_017","Apidae",1,1,0,7,5,0.142857142857143,0.2,-1.09544511501033,"Apidae","Apis",3.01
"Apis mellifera","M_058","Apidae",13,8,0.839506172839506,28,15,0.464285714285714,0.533333333333333,1.34302477131935,"Apidae","Apis",3.01
"Apis mellifera","M_029","Apidae",1,1,0,25,11,0.04,0.0909090909090909,-0.666990842064705,"Apidae","Apis",3.01
"Apis mellifera","M_023","Apidae",2,2,0.5,16,11,0.125,0.181818181818182,0,"Apidae","Apis",3.01
"Apis mellifera","M_035","Apidae",19,12,0.897777777777778,27,15,0.703703703703704,0.8,2.00922464387348,"Apidae","Apis",3.01
"Apis mellifera","M_012","Apidae",6,5,0.777777777777778,14,10,0.428571428571429,0.5,1.19327587742396,"Apidae","Apis",3.01
"Apis mellifera Linnaeus","M_075","Apidae",28,18,0.9184,28,18,1,1,NA,NA,NA,NA
"Arhysosage bifasciata","M_023","Andrenidae",2,1,0,16,11,0.125,0.0909090909090909,0,NA,NA,NA
"Ashmeadiella bucconis","M_062","Megachilidae",42,23,0.8310322156476,450,83,0.0933333333333333,0.27710843373494,1.17937492435956,"Megachilidae","Ashmeadiella",1.78
"Augochlora fervida","M_062","Halictidae",1,1,0,450,83,0.00222222222222222,0.0120481927710843,-0.707565570178455,NA,NA,NA
"Augochlora pura","M_073","Halictidae",21,13,0.792243767313019,30,18,0.7,0.722222222222222,3.63620796781242,"Halictidae","Augochlora",1.64
"Augochlora pura","M_025","Halictidae",4,4,0.666666666666667,13,11,0.307692307692308,0.363636363636364,0.294627825494395,"Halictidae","Augochlora",1.64
"Augochlora pura","M_032","Halictidae",1,1,0,7,5,0.142857142857143,0.2,-0.690849279707757,"Halictidae","Augochlora",1.64
"Augochlora semiramis","M_072","Halictidae",66,22,0.76397146254459,86,29,0.767441860465116,0.758620689655172,4.30650771732216,NA,NA,NA
"Augochlora sp1 M PL 030","M_030","Halictidae",1,1,1,17,9,0.0588235294117647,0.111111111111111,-0.499227377623237,NA,NA,NA
"Augochlora sp1 M PL 031","M_031","Halictidae",3,3,0.666666666666667,40,20,0.075,0.15,-0.545320504082887,NA,NA,NA
"Augochlora sp2 M PL 030","M_030","Halictidae",1,1,0,17,9,0.0588235294117647,0.111111111111111,-0.499227377623237,NA,NA,NA
"Augochlorella aurata","M_073","Halictidae",10,8,0.84375,30,18,0.333333333333333,0.444444444444444,1.3133612348331,"Halictidae","Augochlorella",1.405
"Augochlorella ephyra","M_072","Halictidae",32,13,0.655612244897959,86,29,0.372093023255814,0.448275862068966,1.72170869280273,NA,NA,NA
"Augochlorella striata","M_032","Halictidae",1,1,0,7,5,0.142857142857143,0.2,-0.690849279707757,NA,NA,NA
"Augochloropsis erato","M_072","Halictidae",17,7,0.6328125,86,29,0.197674418604651,0.241379310344828,0.581356181985338,NA,NA,NA
"Augochloropsis metallica","M_073","Halictidae",5,5,0.8,30,18,0.166666666666667,0.277777777777778,0.257521810751588,NA,NA,NA
"Augochloropsis sp1 M PL 023","M_023","Halictidae",1,1,0,16,11,0.0625,0.0909090909090909,-0.948683298050514,NA,NA,NA
"Augochloropsis sp1 M PL 030","M_030","Halictidae",1,1,1,17,9,0.0588235294117647,0.111111111111111,-0.499227377623237,NA,NA,NA
"Augochloropsis sp1 M PL 031","M_031","Halictidae",5,4,0.625,40,20,0.125,0.2,-0.114136849691767,NA,NA,NA
"Augochloropsis sp2 M PL 031","M_031","Halictidae",1,1,0,40,20,0.025,0.05,-0.976504158474007,NA,NA,NA
"Augochloropsis sp2 M PL 072","M_072","Halictidae",9,3,0.375,86,29,0.104651162790698,0.103448275862069,-0.0268318237839387,NA,NA,NA
"Augochloropsis sp3 M PL 031","M_031","Halictidae",1,1,0,40,20,0.025,0.05,-0.976504158474007,NA,NA,NA
"Augochloropsis sp3 M PL 072","M_072","Halictidae",6,2,0.444444444444444,86,29,0.0697674418604651,0.0689655172413793,-0.254902325947417,NA,NA,NA
"Bombias scutellaris","M_062","Megachilidae",6,6,0.8,450,83,0.0133333333333333,0.072289156626506,-0.4774508757226,NA,NA,NA
"Bombus alpinus","M_009","Apidae",1,1,0,1,1,1,1,NA,"Apidae","Bombus",3.89
"Bombus americanorum","M_005","Apidae",3,3,0.5,84,28,0.0357142857142857,0.107142857142857,-0.382116750998963,NA,NA,NA
"Bombus americanorum","M_062","Apidae",1,1,0,450,83,0.00222222222222222,0.0120481927710843,-0.707565570178455,NA,NA,NA
"Bombus appositus","M_005","Apidae",15,7,0.8125,84,28,0.178571428571429,0.25,1.31174407059346,NA,NA,NA
"Bombus ardens","M_057","Apidae",14,10,0.863905325443787,87,39,0.160919540229885,0.256410256410256,1.18031878218188,"Apidae","Bombus",4.98
"Bombus ardens","M_056","Apidae",12,8,0.814814814814815,60,20,0.2,0.4,1.04900397015136,"Apidae","Bombus",4.98
"Bombus ardens","M_021","Apidae",8,7,0.816326530612245,77,36,0.103896103896104,0.194444444444444,0.673328840906021,"Apidae","Bombus",4.98
"Bombus ardens","M_054","Apidae",8,7,0.816326530612245,82,40,0.0975609756097561,0.175,0.776406672225767,"Apidae","Bombus",4.98
"Bombus ardens","M_053","Apidae",9,6,0.78125,64,27,0.140625,0.222222222222222,1.55449149742196,"Apidae","Bombus",4.98
"Bombus argillaceus","M_015","Apidae",11,9,0.859504132231405,127,39,0.0866141732283465,0.230769230769231,0.540073878102161,"Apidae","Bombus",4.71
"Bombus atratus","M_072","Apidae",1,1,1,86,29,0.0116279069767442,0.0344827586206897,-0.635019829553215,"Apidae","Bombus",5.66
"Bombus atratus","M_031","Apidae",6,5,0.72,40,20,0.15,0.25,0.101454977503793,"Apidae","Bombus",5.66
"Bombus auricomus","M_073","Apidae",1,1,0,30,18,0.0333333333333333,0.0555555555555556,-0.587149728513621,NA,NA,NA
"Bombus beaticola","M_056","Apidae",22,11,0.835555555555556,60,20,0.366666666666667,0.55,2.59592226714876,NA,NA,NA
"Bombus bellicosus","M_072","Apidae",16,7,0.666666666666667,86,29,0.186046511627907,0.241379310344828,0.505332681264178,NA,NA,NA
"Bombus bifarius","M_005","Apidae",21,12,0.888888888888889,84,28,0.25,0.428571428571429,2.15867448138967,"Apidae","Bombus",2.89
"Bombus bimaculatus","M_073","Apidae",5,4,0.666666666666667,30,18,0.166666666666667,0.222222222222222,0.257521810751588,"Apidae","Bombus",4.07
"Bombus bimaculatus","M_025","Apidae",7,6,0.8,13,11,0.538461538461538,0.545454545454545,1.70884138786749,"Apidae","Bombus",4.07
"Bombus bohemicus","M_047","Apidae",4,2,0.5,18,8,0.222222222222222,0.25,0.45364945210945,"Apidae","Bombus",4.86
"Bombus brasiliensis","M_074","Apidae",1,1,0,1,1,1,1,NA,"Apidae","Bombus",4.4
"Bombus brevivillus","M_076","Apidae",1,1,1,38,1,0.0263157894736842,1,-0.559220261176556,"Apidae","Bombus",4.5
"Bombus centralis","M_005","Apidae",5,3,0.5,84,28,0.0595238095238095,0.107142857142857,-0.0998066140668934,"Apidae","Bombus",3.06
"Bombus consobrinus","M_056","Apidae",13,7,0.793388429752066,60,20,0.216666666666667,0.35,1.2036957998511,"Apidae","Bombus",3.68
"Bombus cryptarum","M_047","Apidae",1,1,0,18,8,0.0555555555555556,0.125,-0.701872737225941,"Apidae","Bombus",4.25
"Bombus dahlbomii","M_002","Apidae",8,5,0.666666666666667,21,12,0.380952380952381,0.416666666666667,2.34528931498231,"Apidae","Bombus",6.055
"Bombus dahlbomii","M_001","Apidae",7,5,0.72,44,17,0.159090909090909,0.294117647058824,0.769408846088676,"Apidae","Bombus",6.055
"Bombus dahlbomii","M_003","Apidae",3,3,0.666666666666667,8,6,0.375,0.5,-0.198679853559757,"Apidae","Bombus",6.055
"Bombus dahlbomii","M_051","Apidae",10,9,0.88,13,12,0.769230769230769,0.75,3.42533112995411,"Apidae","Bombus",6.055
"Bombus dahlbomii","M_034","Apidae",21,9,0.770975056689342,23,10,0.91304347826087,0.9,2.03777878408854,"Apidae","Bombus",6.055
"Bombus diversus","M_055","Apidae",5,5,0.75,41,19,0.121951219512195,0.263157894736842,0.614455378439984,"Apidae","Bombus",5.445
"Bombus diversus","M_056","Apidae",14,7,0.791666666666667,60,20,0.233333333333333,0.35,1.35838762955084,"Apidae","Bombus",5.445
"Bombus diversus","M_053","Apidae",13,6,0.763888888888889,64,27,0.203125,0.222222222222222,2.67232807983775,"Apidae","Bombus",5.445
"Bombus diversus diversus","M_054","Apidae",2,2,0.5,82,40,0.024390243902439,0.05,-0.393076181336058,"Apidae","Bombus",5.14
"Bombus diversus diversus","M_021","Apidae",25,17,0.923611111111111,77,36,0.324675324675325,0.472222222222222,3.71017932744134,"Apidae","Bombus",5.14
"Bombus diversus diversus","M_057","Apidae",37,17,0.91265306122449,87,39,0.425287356321839,0.435897435897436,4.20068419565923,"Apidae","Bombus",5.14
"Bombus dorsalis","M_005","Apidae",1,1,0,84,28,0.0119047619047619,0.0357142857142857,-0.664426887931033,NA,NA,NA
"Bombus edwardsi","M_005","Apidae",37,16,0.864197530864198,84,28,0.44047619047619,0.571428571428571,4.41715557684623,NA,NA,NA
"Bombus fervidus","M_005","Apidae",6,4,0.666666666666667,84,28,0.0714285714285714,0.142857142857143,0.0413484543991416,"Apidae","Bombus",3.48
"Bombus flavifrons","M_005","Apidae",16,9,0.828402366863905,84,28,0.19047619047619,0.321428571428571,1.45289913905949,"Apidae","Bombus",2.89
"Bombus fulvida","M_005","Apidae",2,2,0.5,84,28,0.0238095238095238,0.0714285714285714,-0.523271819464998,NA,NA,NA
"Bombus griseocollis","M_073","Apidae",6,5,0.72,30,18,0.2,0.277777777777778,0.46868969556789,"Apidae","Bombus",4.87
"Bombus griseocollis","M_032","Apidae",4,3,0.444444444444444,7,5,0.571428571428571,0.6,1.38169855941551,"Apidae","Bombus",4.87
"Bombus honshorensis","M_057","Apidae",1,1,1,87,39,0.0114942528735632,0.0256410256410256,-0.526844277609662,NA,NA,NA
"Bombus honshuensis","M_056","Apidae",20,12,0.8671875,60,20,0.333333333333333,0.6,2.28653860774928,"Apidae","Bombus",6.1
"Bombus honshuensis","M_021","Apidae",25,15,0.892561983471074,77,36,0.324675324675325,0.416666666666667,3.71017932744134,"Apidae","Bombus",6.1
"Bombus honshuensis","M_057","Apidae",8,6,0.8125,87,39,0.0919540229885057,0.153846153846154,0.392397369970401,"Apidae","Bombus",6.1
"Bombus hortorum","M_018","Apidae",8,6,0.8125,22,11,0.363636363636364,0.545454545454545,0.533001790889026,"Apidae","Bombus",4.54
"Bombus hortorum","M_038","Apidae",2,2,0.5,3,3,0.666666666666667,0.666666666666667,NA,"Apidae","Bombus",4.54
"Bombus hortorum","M_007","Apidae",1,1,0,13,6,0.0769230769230769,0.166666666666667,-0.566666666666667,"Apidae","Bombus",4.54
"Bombus hortorum","M_006","Apidae",5,2,0.32,11,5,0.454545454545455,0.4,0.649997499244964,"Apidae","Bombus",4.54
"Bombus hortorum","M_049","Apidae",2,2,0,16,9,0.125,0.222222222222222,-0.654653670707977,"Apidae","Bombus",4.54
"Bombus hortorum","M_043","Apidae",7,5,0.775510204081633,15,9,0.466666666666667,0.555555555555556,0.996249773709006,"Apidae","Bombus",4.54
"Bombus hortotum","M_028","Apidae",3,3,0.666666666666667,31,16,0.0967741935483871,0.1875,-0.122251130085331,"Apidae","Bombus",4.74
"Bombus hunti","M_005","Apidae",30,13,0.884297520661157,84,28,0.357142857142857,0.464285714285714,3.42907009758398,"Apidae","Bombus",5.13
"Bombus hyperboreus","M_014","Apidae",1,1,0,10,8,0.1,0.125,-0.775880177444458,"Apidae","Bombus",7.6
"Bombus hyperboreus","M_009","Apidae",1,1,0,1,1,1,1,NA,"Apidae","Bombus",7.6
"Bombus hypnorum","M_049","Apidae",2,1,0,16,9,0.125,0.111111111111111,-0.654653670707977,"Apidae","Bombus",4.07
"Bombus hypocrita","M_056","Apidae",18,11,0.84375,60,20,0.3,0.55,1.9771549483498,"Apidae","Bombus",5.4
"Bombus hypocrita","M_055","Apidae",1,1,0,41,19,0.024390243902439,0.0526315789473684,-0.726174538156345,"Apidae","Bombus",5.4
"Bombus hypocrita hypocrita","M_054","Apidae",7,7,0.833333333333333,82,40,0.0853658536585366,0.175,0.581492863298797,"Apidae","Bombus",5.4
"Bombus hypocrita hypocrita","M_057","Apidae",18,14,0.899653979238754,87,39,0.206896551724138,0.358974358974359,1.7055997236562,"Apidae","Bombus",5.4
"Bombus hypocrita hypocrita","M_021","Apidae",14,11,0.887755102040816,77,36,0.181818181818182,0.305555555555556,1.74515842438908,"Apidae","Bombus",5.4
"Bombus ignitus","M_021","Apidae",1,1,0,77,36,0.012987012987013,0.0277777777777778,-0.577139006490875,"Apidae","Bombus",6.3
"Bombus ignitus","M_057","Apidae",1,1,0,87,39,0.0114942528735632,0.0256410256410256,-0.526844277609662,"Apidae","Bombus",6.3
"Bombus ignitus","M_053","Apidae",10,6,0.76,64,27,0.15625,0.222222222222222,1.83395064302591,"Apidae","Bombus",6.3
"Bombus ignitus","M_054","Apidae",9,9,0.875,82,40,0.109756097560976,0.225,0.971320481152738,"Apidae","Bombus",6.3
"Bombus impatiens","M_062","Apidae",12,10,0.88,450,83,0.0266666666666667,0.120481927710843,-0.201313242375574,"Apidae","Bombus",3.9
"Bombus impatiens","M_073","Apidae",11,6,0.6,30,18,0.366666666666667,0.333333333333333,1.5245291196494,"Apidae","Bombus",3.9
"Bombus jonellus","M_047","Apidae",6,3,0.5,18,8,0.333333333333333,0.375,1.22399757833304,"Apidae","Bombus",5.08
"Bombus juxtus","M_005","Apidae",27,14,0.888888888888889,84,28,0.321428571428571,0.5,3.00560489218588,NA,NA,NA
"Bombus kirbyellus","M_005","Apidae",8,4,0.56,84,28,0.0952380952380952,0.142857142857143,0.323658591331212,NA,NA,NA
"Bombus lapidarius","M_037","Apidae",4,2,0.375,5,3,0.8,0.666666666666667,0.833333333333333,"Apidae","Bombus",4.28
"Bombus lapidarius","M_018","Apidae",8,3,0.53125,22,11,0.363636363636364,0.272727272727273,0.533001790889026,"Apidae","Bombus",4.28
"Bombus lapidarius","M_043","Apidae",4,2,0.5,15,9,0.266666666666667,0.222222222222222,0.0398499909483602,"Apidae","Bombus",4.28
"Bombus lapidarius","M_007","Apidae",10,5,0.68,13,6,0.769230769230769,0.833333333333333,2.13333333333333,"Apidae","Bombus",4.28
"Bombus lapidarius","M_006","Apidae",1,1,0,11,5,0.0909090909090909,0.2,-0.718418288639171,"Apidae","Bombus",4.28
"Bombus lapidarius","M_046","Apidae",6,4,0.722222222222222,12,7,0.5,0.571428571428571,-0.606339062590832,"Apidae","Bombus",4.28
"Bombus lapidarius","M_017","Apidae",4,4,0.75,7,5,0.571428571428571,0.8,0.730296743340222,"Apidae","Bombus",4.28
"Bombus lapidarius","M_047","Apidae",4,2,0.375,18,8,0.222222222222222,0.25,0.45364945210945,"Apidae","Bombus",4.28
"Bombus lucorum","M_018","Apidae",2,1,0,22,11,0.0909090909090909,0.0909090909090909,-0.746202507244636,"Apidae","Bombus",4.28
"Bombus lucorum","M_016","Apidae",2,2,0.5,24,14,0.0833333333333333,0.142857142857143,-0.334670466730296,"Apidae","Bombus",4.28
"Bombus lucorum","M_047","Apidae",8,3,0.53125,18,8,0.444444444444444,0.375,1.99434570455664,"Apidae","Bombus",4.28
"Bombus lucorum","M_037","Apidae",1,1,0,5,3,0.2,0.333333333333333,-1.16666666666667,"Apidae","Bombus",4.28
"Bombus lucorum","M_043","Apidae",1,1,0,15,9,0.0666666666666667,0.111111111111111,-0.916549791812285,"Apidae","Bombus",4.28
"Bombus lucorum","M_049","Apidae",9,5,0.765432098765432,16,9,0.5625,0.555555555555556,1.63663417676994,"Apidae","Bombus",4.28
"Bombus morio","M_076","Apidae",1,1,1,38,1,0.0263157894736842,1,-0.559220261176556,"Apidae","Bombus",5
"Bombus morio","M_077","Apidae",3,1,0,12,1,0.25,1,-0.08032193289025,"Apidae","Bombus",5
"Bombus morrisoni","M_005","Apidae",12,6,0.75,84,28,0.142857142857143,0.214285714285714,0.888278865195351,NA,NA,NA
"Bombus muscorum","M_017","Apidae",2,2,0.5,7,5,0.285714285714286,0.4,-0.486864495560147,"Apidae","Bombus",4.21
"Bombus muscorum","M_047","Apidae",1,1,0,18,8,0.0555555555555556,0.125,-0.701872737225941,"Apidae","Bombus",4.21
"Bombus nevadensis","M_005","Apidae",5,5,0.75,84,28,0.0595238095238095,0.178571428571429,-0.0998066140668934,"Apidae","Bombus",5.06
"Bombus occidentalis","M_005","Apidae",32,15,0.86094674556213,84,28,0.380952380952381,0.535714285714286,3.71138023451605,"Apidae","Bombus",3.89
"Bombus pascuorum","M_046","Apidae",9,6,0.775510204081633,12,7,0.75,0.857142857142857,0.848874687627165,"Apidae","Bombus",3.91
"Bombus pascuorum","M_018","Apidae",15,8,0.806122448979592,22,11,0.681818181818182,0.727272727272727,2.0254068053783,"Apidae","Bombus",3.91
"Bombus pascuorum","M_047","Apidae",8,5,0.612244897959184,18,8,0.444444444444444,0.625,1.99434570455664,"Apidae","Bombus",3.91
"Bombus pascuorum","M_017","Apidae",5,3,0.56,7,5,0.714285714285714,0.6,1.33887736279041,"Apidae","Bombus",3.91
"Bombus pascuorum","M_038","Apidae",2,2,0.5,3,3,0.666666666666667,0.666666666666667,NA,"Apidae","Bombus",3.91
"Bombus pascuorum","M_007","Apidae",7,4,0.693877551020408,13,6,0.538461538461538,0.666666666666667,1.23333333333333,"Apidae","Bombus",3.91
"Bombus pascuorum","M_006","Apidae",10,4,0.493827160493827,11,5,0.909090909090909,0.8,2.36051723410013,"Apidae","Bombus",3.91
"Bombus pascuorum","M_037","Apidae",4,3,0.625,5,3,0.8,1,0.833333333333333,"Apidae","Bombus",3.91
"Bombus pascuorum","M_043","Apidae",10,7,0.790123456790123,15,9,0.666666666666667,0.777777777777778,1.95264955646965,"Apidae","Bombus",3.91
"Bombus pennsylvanicus","M_025","Apidae",2,2,0,13,11,0.153846153846154,0.181818181818182,-0.648181216087669,"Apidae","Bombus",6
"Bombus pennsylvanicus","M_005","Apidae",1,1,0,84,28,0.0119047619047619,0.0357142857142857,-0.664426887931033,"Apidae","Bombus",6
"Bombus pennsylvanicus","M_062","Apidae",6,6,0.833333333333333,450,83,0.0133333333333333,0.072289156626506,-0.4774508757226,"Apidae","Bombus",6
"Bombus perplexus","M_004","Apidae",2,2,0.5,10,9,0.2,0.222222222222222,-0.0551018850874134,NA,NA,NA
"Bombus perplexus","M_073","Apidae",2,2,0.5,30,18,0.0666666666666667,0.111111111111111,-0.375981843697318,NA,NA,NA
"Bombus polaris","M_014","Apidae",10,8,0.86,10,8,1,1,1.12855298537376,NA,NA,NA
"Bombus polaris","M_024","Apidae",2,2,0,2,2,1,1,NA,NA,NA,NA
"Bombus pratorum","M_043","Apidae",3,2,0,15,9,0.2,0.222222222222222,-0.278949936638522,"Apidae","Bombus",4.03
"Bombus pratorum","M_018","Apidae",3,2,0,22,11,0.136363636363636,0.181818181818182,-0.533001790889026,"Apidae","Bombus",4.03
"Bombus pratorum","M_006","Apidae",3,2,0.444444444444444,11,5,0.272727272727273,0.4,-0.0342103946971034,"Apidae","Bombus",4.03
"Bombus pratorum","M_049","Apidae",7,4,0.612244897959184,16,9,0.4375,0.444444444444444,0.981980506061966,"Apidae","Bombus",4.03
"Bombus pratorum","M_047","Apidae",3,3,0.666666666666667,18,8,0.166666666666667,0.375,0.0684753889976528,"Apidae","Bombus",4.03
"Bombus pratorum","M_007","Apidae",3,1,0,13,6,0.230769230769231,0.166666666666667,0.0333333333333333,"Apidae","Bombus",4.03
"Bombus pullatus","M_031","Apidae",7,7,0.833333333333333,40,20,0.175,0.35,0.317046804699353,NA,NA,NA
"Bombus ridingsii","M_062","Apidae",3,1,0,450,83,0.00666666666666667,0.0120481927710843,-0.615519692396113,"Apidae","Bombus",5.44
"Bombus ruderatus","M_028","Apidae",1,1,0,31,16,0.032258064516129,0.0625,-0.896508287292428,"Apidae","Bombus",5.04
"Bombus ruderatus","M_051","Apidae",3,3,0.666666666666667,13,12,0.230769230769231,0.25,0.278308154308772,"Apidae","Bombus",5.04
"Bombus ruderatus","M_043","Apidae",1,1,0,15,9,0.0666666666666667,0.111111111111111,-0.916549791812285,"Apidae","Bombus",5.04
"Bombus ruderatus","M_11.1","Apidae",3,3,0.5,8,7,0.375,0.428571428571429,-0.577350269189626,"Apidae","Bombus",5.04
"Bombus ruderatus","M_018","Apidae",1,1,0,22,11,0.0454545454545455,0.0909090909090909,-0.959403223600247,"Apidae","Bombus",5.04
"Bombus rupestris","M_047","Apidae",2,2,0.5,18,8,0.111111111111111,0.25,-0.316698674114144,"Apidae","Bombus",5.62
"Bombus soroeensis","M_043","Apidae",2,2,0.5,15,9,0.133333333333333,0.222222222222222,-0.597749864225403,"Apidae","Bombus",3.98
"Bombus soroeensis","M_018","Apidae",2,2,0.5,22,11,0.0909090909090909,0.181818181818182,-0.746202507244636,"Apidae","Bombus",3.98
"Bombus sp1 M PL 010","M_010","Apidae",4,3,0.625,4,3,1,1,NA,NA,NA,NA
"Bombus sp1 M PL 020","M_020","Apidae",7,6,0.777777777777778,7,6,1,1,NA,NA,NA,NA
"Bombus sp1 M PL 036","M_036","Apidae",3,3,0.5,4,3,0.75,1,NA,NA,NA,NA
"Bombus sp1 M PL 047","M_047","Apidae",7,4,0.612244897959184,18,8,0.388888888888889,0.5,1.60917164144484,NA,NA,NA
"Bombus sp1 M PL 057","M_057","Apidae",1,1,0,87,39,0.0114942528735632,0.0256410256410256,-0.526844277609662,NA,NA,NA
"Bombus sp2 M PL 047","M_047","Apidae",6,3,0.5,18,8,0.333333333333333,0.375,1.22399757833304,NA,NA,NA
"Bombus ternarius","M_004","Apidae",2,2,0.5,10,9,0.2,0.222222222222222,-0.0551018850874134,NA,NA,NA
"Bombus terrestris","M_046","Apidae",9,7,0.8125,12,7,0.75,1,0.848874687627165,"Apidae","Bombus",4.69
"Bombus terrestris","M_015","Apidae",13,10,0.875,127,39,0.102362204724409,0.256410256410256,0.747120456116986,"Apidae","Bombus",4.69
"Bombus terrestris","M_017","Apidae",2,2,0.5,7,5,0.285714285714286,0.4,-0.486864495560147,"Apidae","Bombus",4.69
"Bombus terrestris","M_018","Apidae",5,3,0.56,22,11,0.227272727272727,0.272727272727273,-0.106600358177805,"Apidae","Bombus",4.69
"Bombus terrestris","M_037","Apidae",2,1,0,5,3,0.4,0.333333333333333,-0.5,"Apidae","Bombus",4.69
"Bombus terrestris","M_043","Apidae",3,3,0.666666666666667,15,9,0.2,0.333333333333333,-0.278949936638522,"Apidae","Bombus",4.69
"Bombus terrestris","M_047","Apidae",1,1,0,18,8,0.0555555555555556,0.125,-0.701872737225941,"Apidae","Bombus",4.69
"Bombus terrestris","M_058","Apidae",8,6,0.777777777777778,28,15,0.285714285714286,0.4,0.42513014343922,"Apidae","Bombus",4.69
"Bombus terrestris","M_028","Apidae",4,4,0.75,31,16,0.129032258064516,0.25,0.264877448518217,"Apidae","Bombus",4.69
"Bombus terrestris","M_029","Apidae",1,1,0,25,11,0.04,0.0909090909090909,-0.666990842064705,"Apidae","Bombus",4.69
"Bombus terricola","M_033","Apidae",5,3,0.56,11,4,0.454545454545455,0.75,-0.394016933433096,NA,NA,NA
"Bombus terricola","M_004","Apidae",4,4,0.75,10,9,0.4,0.444444444444444,1.01020122660258,NA,NA,NA
"Bombus vagans","M_004","Apidae",8,7,0.84375,10,9,0.8,0.777777777777778,3.14080744998256,"Apidae","Bombus",3.56
"Bombus volucelloides","M_031","Apidae",9,8,0.84375,40,20,0.225,0.4,0.748230459090473,NA,NA,NA
"Cadeguala albopilosa","M_034","Colletidae",9,6,0.790123456790123,23,10,0.391304347826087,0.6,0.291111254869791,NA,NA,NA
"Cadeguala occidentalis","M_001","Colletidae",4,3,0.625,44,17,0.0909090909090909,0.176470588235294,0.044511255558849,"Colletidae","Cadeguala",3.3
"Cadeguala occipitalis","M_034","Colletidae",3,2,0.444444444444444,23,10,0.130434782608696,0.2,-0.582222509739582,NA,NA,NA
"Caenohalictus movilicornis","M_034","Halictidae",5,4,0.72,23,10,0.217391304347826,0.4,-0.291111254869791,NA,NA,NA
"Caenohalictus sp","M_001","Halictidae",11,7,0.78125,44,17,0.25,0.411764705882353,1.73593896679511,NA,NA,NA
"Caenohalictus sp","M_002","Halictidae",8,7,0.816326530612245,21,12,0.380952380952381,0.583333333333333,2.34528931498231,NA,NA,NA
"Caenohalictus sp1 M PL 023","M_023","Halictidae",1,1,0,16,11,0.0625,0.0909090909090909,-0.948683298050514,NA,NA,NA
"Caenohalictus sp1 M PL 051","M_051","Halictidae",1,1,0,13,12,0.0769230769230769,0.0833333333333333,-0.620841267304183,NA,NA,NA
"Caenohalictus sp2","M_001","Halictidae",1,1,0,44,17,0.0227272727272727,0.0588235294117647,-0.680386334970978,NA,NA,NA
"Caenohalictus sp2 M PL 023","M_023","Halictidae",1,1,0,16,11,0.0625,0.0909090909090909,-0.948683298050514,NA,NA,NA
"Caenohalictus sp2 M PL 051","M_051","Halictidae",1,1,0,13,12,0.0769230769230769,0.0833333333333333,-0.620841267304183,NA,NA,NA
"Caenohalictus sp3","M_001","Halictidae",1,1,0,44,17,0.0227272727272727,0.0588235294117647,-0.680386334970978,NA,NA,NA
"Calliopsis andreniformis","M_062","Andrenidae",13,9,0.863905325443787,450,83,0.0288888888888889,0.108433734939759,-0.155290303484403,"Andrenidae","Calliopsis",1.36
"Calliopsis coloradensis","M_062","Andrenidae",10,9,0.875,450,83,0.0222222222222222,0.108433734939759,-0.293359120157916,"Andrenidae","Calliopsis",1.65
"Callonychium mandibulare","M_023","Andrenidae",3,1,0,16,11,0.1875,0.0909090909090909,0.948683298050514,NA,NA,NA
"Caupolicana dimidiata","M_001","Colletidae",1,1,0,44,17,0.0227272727272727,0.0588235294117647,-0.680386334970978,NA,NA,NA
"Cemolobus ipomoeae","M_062","Apidae",4,4,0.666666666666667,450,83,0.00888888888888889,0.0481927710843374,-0.569496753504942,NA,NA,NA
"Cemolobus oligolege","M_062","Apidae",11,8,0.84375,450,83,0.0244444444444444,0.0963855421686747,-0.247336181266745,NA,NA,NA
"Centris aenea","M_059","Apidae",13,1,0,13,1,1,1,1.63458244998037,"Apidae","Centris",4.7
"Centris cana","M_002","Apidae",1,1,0,21,12,0.0476190476190476,0.0833333333333333,-0.755704334827634,NA,NA,NA
"Centris caxiensis","M_059","Apidae",10,1,0,13,1,0.769230769230769,1,0.984085352539204,"Apidae","Centris",4.2
"Centris cineraria","M_002","Apidae",3,1,0,21,12,0.142857142857143,0.0833333333333333,0.130293850832351,"Apidae","Centris",5.108
"Centris cineraria","M_001","Apidae",15,7,0.764444444444444,44,17,0.340909090909091,0.411764705882353,2.70246908750155,"Apidae","Centris",5.108
"Centris dirrhoda","M_035","Apidae",2,2,0.5,27,15,0.0740740740740741,0.133333333333333,-0.490054791188654,NA,NA,NA
"Centris flavifrons","M_059","Apidae",7,1,0,13,1,0.538461538461538,1,0.333588255098035,"Apidae","Centris",5.5
"Centris fuscata","M_059","Apidae",13,1,0,13,1,1,1,1.63458244998037,"Apidae","Centris",4.8
"Centris muralis","M_023","Apidae",1,1,0,16,11,0.0625,0.0909090909090909,-0.948683298050514,NA,NA,NA
"Centris nigerrima","M_001","Apidae",4,3,0.625,44,17,0.0909090909090909,0.176470588235294,0.044511255558849,"Apidae","Centris",4.836
"Centris nigerrima","M_002","Apidae",2,1,0,21,12,0.0952380952380952,0.0833333333333333,-0.312705241997642,"Apidae","Centris",4.836
"Centris obsoleta","M_059","Apidae",1,1,0,13,1,0.0769230769230769,1,-0.967405939784302,"Apidae","Centris",6.5
"Centris sp","M_001","Apidae",1,1,0,44,17,0.0227272727272727,0.0588235294117647,-0.680386334970978,NA,NA,NA
"Centris sp1 M PL 023","M_023","Apidae",2,2,0.5,16,11,0.125,0.181818181818182,0,NA,NA,NA
"Centris sp1 M PL 035","M_035","Apidae",2,2,0.5,27,15,0.0740740740740741,0.133333333333333,-0.490054791188654,NA,NA,NA
"Centris sp1 M PL 040","M_040","Apidae",3,3,0.666666666666667,12,6,0.25,0.5,-0.677348874751661,NA,NA,NA
"Centris sp1 M PL 059","M_059","Apidae",1,1,0,13,1,0.0769230769230769,1,-0.967405939784302,NA,NA,NA
"Centris sp2 M PL 040","M_040","Apidae",3,2,0,12,6,0.25,0.333333333333333,-0.677348874751661,NA,NA,NA
"Centris sp2 M PL 059","M_059","Apidae",1,1,0,13,1,0.0769230769230769,1,-0.967405939784302,NA,NA,NA
"Centris tarsata","M_059","Apidae",10,1,0,13,1,0.769230769230769,1,0.984085352539204,"Apidae","Centris",3
"Centris trigonoides","M_059","Apidae",4,1,0,13,1,0.307692307692308,1,-0.316908842343133,"Apidae","Centris",3
"Ceratina acuta","M_015","Apidae",12,7,0.791666666666667,127,39,0.094488188976378,0.179487179487179,0.643597167109574,"Apidae","Ceratina",1.55
"Ceratina bispinosa","M_015","Apidae",8,5,0.6875,127,39,0.062992125984252,0.128205128205128,0.229504011079925,"Apidae","Ceratina",1
"Ceratina calcarata","M_025","Apidae",3,3,0.666666666666667,13,11,0.230769230769231,0.272727272727273,-0.176776695296637,"Apidae","Ceratina",1.41
"Ceratina calcarata","M_073","Apidae",21,12,0.795847750865052,30,18,0.7,0.666666666666667,3.63620796781242,"Apidae","Ceratina",1.41
"Ceratina cucurbitina","M_016","Apidae",7,6,0.777777777777778,24,14,0.291666666666667,0.428571428571429,1.45023868916462,"Apidae","Ceratina",1.43
"Ceratina cucurbitina","M_058","Apidae",2,2,0,28,15,0.0714285714285714,0.133333333333333,-0.676343410016941,"Apidae","Ceratina",1.43
"Ceratina cucurbitina","M_015","Apidae",1,1,0,127,39,0.0078740157480315,0.0256410256410256,-0.495159011971961,"Apidae","Ceratina",1.43
"Ceratina cyanea","M_015","Apidae",1,1,0,127,39,0.0078740157480315,0.0256410256410256,-0.495159011971961,"Apidae","Ceratina",1.35
"Ceratina cyanea","M_016","Apidae",4,4,0.666666666666667,24,14,0.166666666666667,0.285714285714286,0.379293195627669,"Apidae","Ceratina",1.35
"Ceratina dallatorreana","M_015","Apidae",2,2,0.5,127,39,0.015748031496063,0.0512820512820513,-0.391635722964549,"Apidae","Ceratina",1.16
"Ceratina dentiventris","M_015","Apidae",8,5,0.612244897959184,127,39,0.062992125984252,0.128205128205128,0.229504011079925,"Apidae","Ceratina",1.13
"Ceratina dupla","M_062","Apidae",84,36,0.950755555555556,450,83,0.186666666666667,0.433734939759036,3.11233835778874,"Apidae","Ceratina",1.42
"Ceratina esakii","M_054","Apidae",1,1,0,82,40,0.0121951219512195,0.025,-0.587989990263029,NA,NA,NA
"Ceratina esakii","M_057","Apidae",9,9,0.875,87,39,0.103448275862069,0.230769230769231,0.523717605338981,NA,NA,NA
"Ceratina esakii","M_021","Apidae",1,1,0,77,36,0.012987012987013,0.0277777777777778,-0.577139006490875,NA,NA,NA
"Ceratina esakii","M_055","Apidae",1,1,0,41,19,0.024390243902439,0.0526315789473684,-0.726174538156345,NA,NA,NA
"Ceratina flavipes","M_021","Apidae",1,1,1,77,36,0.012987012987013,0.0277777777777778,-0.577139006490875,"Apidae","Ceratina",1.71
"Ceratina flavipes","M_055","Apidae",2,2,0.5,41,19,0.0487804878048781,0.105263157894737,-0.391017059007262,"Apidae","Ceratina",1.71
"Ceratina flavipes","M_053","Apidae",7,6,0.816326530612245,64,27,0.109375,0.222222222222222,0.995573206214065,"Apidae","Ceratina",1.71
"Ceratina flavipes","M_057","Apidae",2,2,0.5,87,39,0.0229885057471264,0.0512820512820513,-0.395524042241081,"Apidae","Ceratina",1.71
"Ceratina flavipes","M_054","Apidae",11,9,0.84,82,40,0.134146341463415,0.225,1.36114809900668,"Apidae","Ceratina",1.71
"Ceratina iwatai","M_057","Apidae",2,2,0.5,87,39,0.0229885057471264,0.0512820512820513,-0.395524042241081,NA,NA,NA
"Ceratina iwatai","M_054","Apidae",1,1,0,82,40,0.0121951219512195,0.025,-0.587989990263029,NA,NA,NA
"Ceratina iwatai","M_053","Apidae",1,1,0,64,27,0.015625,0.037037037037037,-0.681181667409623,NA,NA,NA
"Ceratina japonica","M_053","Apidae",15,10,0.86734693877551,64,27,0.234375,0.37037037037037,3.23124637104565,"Apidae","Ceratina",1.22
"Ceratina japonica","M_055","Apidae",4,4,0.666666666666667,41,19,0.0975609756097561,0.210526315789474,0.279297899290902,"Apidae","Ceratina",1.22
"Ceratina japonica","M_054","Apidae",2,2,0.5,82,40,0.024390243902439,0.05,-0.393076181336058,"Apidae","Ceratina",1.22
"Ceratina japonica","M_021","Apidae",8,6,0.8125,77,36,0.103896103896104,0.166666666666667,0.673328840906021,"Apidae","Ceratina",1.22
"Ceratina japonica","M_057","Apidae",34,20,0.92578125,87,39,0.390804597701149,0.512820512820513,3.80672348955349,"Apidae","Ceratina",1.22
"Ceratina loewi","M_015","Apidae",13,7,0.805555555555556,127,39,0.102362204724409,0.179487179487179,0.747120456116986,"Apidae","Ceratina",1.76
"Ceratina megastigmata","M_021","Apidae",23,12,0.875283446712018,77,36,0.298701298701299,0.333333333333333,3.35290279961366,NA,NA,NA
"Ceratina megastigmata","M_053","Apidae",7,5,0.666666666666667,64,27,0.109375,0.185185185185185,0.995573206214065,NA,NA,NA
"Ceratina megastigmata","M_057","Apidae",22,14,0.90249433106576,87,39,0.252873563218391,0.358974358974359,2.23088066513053,NA,NA,NA
"Ceratina metallica","M_032","Apidae",1,1,0,7,5,0.142857142857143,0.2,-0.690849279707757,NA,NA,NA
"Ceratina mocsaryi","M_016","Apidae",3,3,0.5,24,14,0.125,0.214285714285714,0.0223113644486864,"Apidae","Ceratina",1.82
"Ceratina montana","M_072","Apidae",12,5,0.58,86,29,0.13953488372093,0.172413793103448,0.20123867837954,NA,NA,NA
"Ceratina nigra","M_015","Apidae",2,2,0,127,39,0.015748031496063,0.0512820512820513,-0.391635722964549,NA,NA,NA
"Ceratina nigrolabiata","M_015","Apidae",9,5,0.6875,127,39,0.0708661417322835,0.128205128205128,0.333027300087337,"Apidae","Ceratina",1.33
"Ceratina okinawana","M_044","Apidae",1,1,0,64,34,0.015625,0.0294117647058824,-0.653924645185011,"Apidae","Ceratina",1.41
"Ceratina parvula","M_015","Apidae",1,1,0,127,39,0.0078740157480315,0.0256410256410256,-0.495159011971961,"Apidae","Ceratina",0.77
"Ceratina rupestris","M_072","Apidae",2,2,0,86,29,0.0232558139534884,0.0689655172413793,-0.558996328832056,NA,NA,NA
"Ceratina satoi","M_044","Apidae",2,2,0.5,64,34,0.03125,0.0588235294117647,-0.463830271584717,NA,NA,NA
"Ceratina sp1 M PL 005","M_005","Apidae",3,3,0.5,84,28,0.0357142857142857,0.107142857142857,-0.382116750998963,NA,NA,NA
"Ceratina sp1 M PL 030","M_030","Apidae",1,1,0,17,9,0.0588235294117647,0.111111111111111,-0.499227377623237,NA,NA,NA
"Ceratina sp1 M PL 031","M_031","Apidae",4,3,0.5,40,20,0.1,0.15,-0.329728676887327,NA,NA,NA
"Ceratina sp1 M PL 057","M_057","Apidae",1,1,0,87,39,0.0114942528735632,0.0256410256410256,-0.526844277609662,NA,NA,NA
"Ceratina sp1M PL 073","M_073","Apidae",5,4,0.666666666666667,30,18,0.166666666666667,0.222222222222222,0.257521810751588,NA,NA,NA
"Ceratina strenua","M_073","Apidae",4,3,0.444444444444444,30,18,0.133333333333333,0.166666666666667,0.0463539259352859,NA,NA,NA
"Ceratina tabescens","M_061","Apidae",5,4,0.72,33,23,0.151515151515152,0.173913043478261,-1.04500978681803,NA,NA,NA
"Chalepogenus caeruleus","M_023","Apidae",1,1,0,16,11,0.0625,0.0909090909090909,-0.948683298050514,NA,NA,NA
"Chalepogenus caeruleus","M_051","Apidae",1,1,0,13,12,0.0769230769230769,0.0833333333333333,-0.620841267304183,NA,NA,NA
"Chalepogenus goeldianus","M_072","Apidae",2,2,0,86,29,0.0232558139534884,0.0689655172413793,-0.558996328832056,NA,NA,NA
"Chalicodoma disjunctiformis","M_044","Megachilidae",1,1,0,64,34,0.015625,0.0294117647058824,-0.653924645185011,NA,NA,NA
"Chalicodoma disjunctiformis","M_054","Megachilidae",2,2,0,82,40,0.024390243902439,0.05,-0.393076181336058,NA,NA,NA
"Chalicodoma sculpturalis","M_021","Megachilidae",1,1,0,77,36,0.012987012987013,0.0277777777777778,-0.577139006490875,NA,NA,NA
"Chalicodoma sculpturalis","M_054","Megachilidae",1,1,0,82,40,0.0121951219512195,0.025,-0.587989990263029,NA,NA,NA
"Chalicodoma sp1 M PL 054","M_054","Megachilidae",2,2,0.5,82,40,0.024390243902439,0.05,-0.393076181336058,NA,NA,NA
"Chelostoma campanularum","M_015","Megachilidae",2,2,0.5,127,39,0.015748031496063,0.0512820512820513,-0.391635722964549,"Megachilidae","Chelostoma",1
"Chelostoma emarginatum","M_015","Megachilidae",5,3,0.56,127,39,0.0393700787401575,0.0769230769230769,-0.0810658559423123,"Megachilidae","Chelostoma",1.13
"Chelostoma hellenicum","M_015","Megachilidae",1,1,0,127,39,0.0078740157480315,0.0256410256410256,-0.495159011971961,"Megachilidae","Chelostoma",0.96
"Chelostoma transversum","M_015","Megachilidae",6,6,0.833333333333333,127,39,0.047244094488189,0.153846153846154,0.0224574330651,NA,NA,NA
"Chilicola sp","M_001","Colletidae",2,2,0,44,17,0.0454545454545455,0.117647058823529,-0.438753804794369,NA,NA,NA
"Chilicola sp","M_002","Colletidae",1,1,1,21,12,0.0476190476190476,0.0833333333333333,-0.755704334827634,NA,NA,NA
"Chilicola sp1 M PL 051","M_051","Colletidae",1,1,0,13,12,0.0769230769230769,0.0833333333333333,-0.620841267304183,NA,NA,NA
"Chilicola sp1 M PL 072","M_072","Colletidae",12,5,0.644628099173554,86,29,0.13953488372093,0.172413793103448,0.20123867837954,NA,NA,NA
"Chilicola sp2 M PL 051","M_051","Colletidae",1,1,0,13,12,0.0769230769230769,0.0833333333333333,-0.620841267304183,NA,NA,NA
"Chilicola sp3 M PL 051","M_051","Colletidae",1,1,0,13,12,0.0769230769230769,0.0833333333333333,-0.620841267304183,NA,NA,NA
"Chloralictus albipennis","M_062","Halictidae",63,30,0.939638600538255,450,83,0.14,0.36144578313253,2.14585664107415,NA,NA,NA
"Chloralictus cressonii","M_062","Halictidae",8,4,0.666666666666667,450,83,0.0177777777777778,0.0481927710843374,-0.385404997940258,NA,NA,NA
"Chloralictus foveolatus","M_062","Halictidae",6,3,0.611111111111111,450,83,0.0133333333333333,0.036144578313253,-0.4774508757226,NA,NA,NA
"Chloralictus illinoensis","M_062","Halictidae",28,16,0.907372400756144,450,83,0.0622222222222222,0.192771084337349,0.535053779883162,NA,NA,NA
"Chloralictus obscurus","M_062","Halictidae",5,5,0.8,450,83,0.0111111111111111,0.0602409638554217,-0.523473814613771,NA,NA,NA
"Chloralictus smilacinae","M_062","Halictidae",6,5,0.72,450,83,0.0133333333333333,0.0602409638554217,-0.4774508757226,NA,NA,NA
"Coelioxys 8 dentata","M_062","Megachilidae",23,13,0.847107438016529,450,83,0.0511111111111111,0.156626506024096,0.304939085427307,NA,NA,NA
"Coelioxys alternata","M_062","Megachilidae",65,31,0.943519619500594,450,83,0.144444444444444,0.373493975903614,2.23790251885649,NA,NA,NA
"Coelioxys breris","M_021","Megachilidae",1,1,0,77,36,0.012987012987013,0.0277777777777778,-0.577139006490875,NA,NA,NA
"Coelioxys fenestrata","M_054","Megachilidae",1,1,0,82,40,0.0121951219512195,0.025,-0.587989990263029,NA,NA,NA
"Coelioxys germana","M_062","Megachilidae",12,11,0.892561983471074,450,83,0.0266666666666667,0.132530120481928,-0.201313242375574,NA,NA,NA
"Coelioxys modesta","M_062","Megachilidae",13,10,0.875,450,83,0.0288888888888889,0.120481927710843,-0.155290303484403,NA,NA,NA
"Coelioxys moesta","M_005","Megachilidae",2,2,0,84,28,0.0238095238095238,0.0714285714285714,-0.523271819464998,NA,NA,NA
"Coelioxys rufitarsis","M_062","Megachilidae",8,6,0.73469387755102,450,83,0.0177777777777778,0.072289156626506,-0.385404997940258,NA,NA,NA
"Coelioxys rufocaudata","M_015","Megachilidae",3,2,0.444444444444444,127,39,0.0236220472440945,0.0512820512820513,-0.288112433957137,NA,NA,NA
"Coelioxys sayi","M_062","Megachilidae",20,14,0.880886426592798,450,83,0.0444444444444444,0.168674698795181,0.166870268753794,NA,NA,NA
"Coelioxys sayi","M_073","Megachilidae",3,3,0.5,30,18,0.1,0.166666666666667,-0.164813958881016,NA,NA,NA
"Coelioxys sp","M_001","Megachilidae",1,1,1,44,17,0.0227272727272727,0.0588235294117647,-0.680386334970978,NA,NA,NA
"Coelioxys sp1 M PL 053","M_053","Megachilidae",1,1,0,64,27,0.015625,0.037037037037037,-0.681181667409623,NA,NA,NA
"Coelioxys sp1 M PL 072","M_072","Megachilidae",3,1,0,86,29,0.0348837209302326,0.0344827586206897,-0.482972828110896,NA,NA,NA
"Coelioxys yanonis","M_054","Megachilidae",1,1,0,82,40,0.0121951219512195,0.025,-0.587989990263029,NA,NA,NA
"Colletes acutus","M_016","Colletidae",3,3,0.5,24,14,0.125,0.214285714285714,0.0223113644486864,"Colletidae","Colletes",2.78
"Colletes albescens","M_062","Colletidae",2,2,0.5,450,83,0.00444444444444444,0.0240963855421687,-0.661542631287284,NA,NA,NA
"Colletes americanus","M_005","Colletidae",2,2,0.5,84,28,0.0238095238095238,0.0714285714285714,-0.523271819464998,NA,NA,NA
"Colletes americanus","M_062","Colletidae",1,1,0,450,83,0.00222222222222222,0.0120481927710843,-0.707565570178455,NA,NA,NA
"Colletes araucariae","M_001","Colletidae",1,1,0,44,17,0.0227272727272727,0.0588235294117647,-0.680386334970978,"Colletidae","Colletes",2.417
"Colletes armatus","M_062","Colletidae",10,3,0.493827160493827,450,83,0.0222222222222222,0.036144578313253,-0.293359120157916,NA,NA,NA
"Colletes babai","M_057","Colletidae",2,2,0.5,87,39,0.0229885057471264,0.0512820512820513,-0.395524042241081,NA,NA,NA
"Colletes brevicornis","M_062","Colletidae",1,1,0,450,83,0.00222222222222222,0.0120481927710843,-0.707565570178455,NA,NA,NA
"Colletes caspicus","M_016","Colletidae",4,4,0.666666666666667,24,14,0.166666666666667,0.285714285714286,0.379293195627669,"Colletidae","Colletes",3.24
"Colletes compactus","M_062","Colletidae",13,7,0.833333333333333,450,83,0.0288888888888889,0.0843373493975904,-0.155290303484403,"Colletidae","Colletes",3.143
"Colletes cunicularius","M_047","Colletidae",1,1,0,18,8,0.0555555555555556,0.125,-0.701872737225941,"Colletidae","Colletes",3.33
"Colletes cyaneus","M_072","Colletidae",3,3,0.666666666666667,86,29,0.0348837209302326,0.103448275862069,-0.482972828110896,NA,NA,NA
"Colletes dimidiatus","M_008","Colletidae",2,2,0,10,8,0.2,0.25,-0.800326730665041,"Colletidae","Colletes",3.84
"Colletes eous","M_015","Colletidae",1,1,0,127,39,0.0078740157480315,0.0256410256410256,-0.495159011971961,"Colletidae","Colletes",2.63
"Colletes fodiens","M_016","Colletidae",1,1,1,24,14,0.0416666666666667,0.0714285714285714,-0.691652297909279,"Colletidae","Colletes",2.46
"Colletes foveolaris","M_015","Colletidae",1,1,0,127,39,0.0078740157480315,0.0256410256410256,-0.495159011971961,"Colletidae","Colletes",2.59
"Colletes fulvipes","M_001","Colletidae",1,1,0,44,17,0.0227272727272727,0.0588235294117647,-0.680386334970978,NA,NA,NA
"Colletes fulvipes","M_002","Colletidae",1,1,0,21,12,0.0476190476190476,0.0833333333333333,-0.755704334827634,NA,NA,NA
"Colletes inaequalis","M_033","Colletidae",5,3,0.56,11,4,0.454545454545455,0.75,-0.394016933433096,NA,NA,NA
"Colletes inaequalis","M_062","Colletidae",5,4,0.666666666666667,450,83,0.0111111111111111,0.0481927710843374,-0.523473814613771,NA,NA,NA
"Colletes kincaidi","M_005","Colletidae",4,3,0.5,84,28,0.0476190476190476,0.107142857142857,-0.240961682532928,"Colletidae","Colletes",1.97
"Colletes lycii","M_023","Colletidae",2,2,0.5,16,11,0.125,0.181818181818182,0,NA,NA,NA
"Colletes nudus","M_062","Colletidae",48,27,0.913741820345033,450,83,0.106666666666667,0.325301204819277,1.45551255770658,NA,NA,NA
"Colletes oligolege","M_062","Colletidae",3,3,0.5,450,83,0.00666666666666667,0.036144578313253,-0.615519692396113,NA,NA,NA
"Colletes oromontis","M_005","Colletidae",10,6,0.76,84,28,0.119047619047619,0.214285714285714,0.605968728263282,NA,NA,NA
"Colletes patellatus","M_055","Colletidae",1,1,0,41,19,0.024390243902439,0.0526315789473684,-0.726174538156345,NA,NA,NA
"Colletes perforator","M_044","Colletidae",2,1,0,64,34,0.03125,0.0294117647058824,-0.463830271584717,NA,NA,NA
"Colletes perforator","M_053","Colletidae",1,1,0,64,27,0.015625,0.037037037037037,-0.681181667409623,NA,NA,NA
"Colletes productus","M_062","Colletidae",14,12,0.899408284023669,450,83,0.0311111111111111,0.144578313253012,-0.109267364593232,NA,NA,NA
"Colletes seminitidus","M_051","Colletidae",4,3,0.444444444444444,13,12,0.307692307692308,0.25,0.727882865115249,NA,NA,NA
"Colletes sieverti","M_005","Colletidae",1,1,0,84,28,0.0119047619047619,0.0357142857142857,-0.664426887931033,NA,NA,NA
"Colletes similis","M_062","Colletidae",1,1,0,450,83,0.00222222222222222,0.0120481927710843,-0.707565570178455,"Colletidae","Colletes",2.41
"Colletes sp","M_001","Colletidae",1,1,0,44,17,0.0227272727272727,0.0588235294117647,-0.680386334970978,NA,NA,NA
"Colletes sp","M_002","Colletidae",1,1,0,21,12,0.0476190476190476,0.0833333333333333,-0.755704334827634,NA,NA,NA
"Colletes sp1 M PL 005","M_005","Colletidae",1,1,0,84,28,0.0119047619047619,0.0357142857142857,-0.664426887931033,NA,NA,NA
"Colletes sp1 M PL 016","M_016","Colletidae",2,2,0.5,24,14,0.0833333333333333,0.142857142857143,-0.334670466730296,NA,NA,NA
"Colletes sp1 M PL 054","M_054","Colletidae",1,1,0,82,40,0.0121951219512195,0.025,-0.587989990263029,NA,NA,NA
"Colletes sp1 M PL 058","M_058","Colletidae",6,4,0.625,28,15,0.214285714285714,0.266666666666667,0.0579722922871664,NA,NA,NA
"Colletes sp1 M PL 072","M_072","Colletidae",2,2,0,86,29,0.0232558139534884,0.0689655172413793,-0.558996328832056,NA,NA,NA
"Colletes sp2 M PL 054","M_054","Colletidae",1,1,0,82,40,0.0121951219512195,0.025,-0.587989990263029,NA,NA,NA
"Colletes sp2 M PL 072","M_072","Colletidae",6,2,0.444444444444444,86,29,0.0697674418604651,0.0689655172413793,-0.254902325947417,NA,NA,NA
"Colletes speciosus","M_062","Colletidae",3,3,0.666666666666667,450,83,0.00666666666666667,0.036144578313253,-0.615519692396113,NA,NA,NA
"Colletes succinctus","M_047","Colletidae",1,1,0,18,8,0.0555555555555556,0.125,-0.701872737225941,"Colletidae","Colletes",2.99
"Colletes thoracicus","M_073","Colletidae",1,1,0,30,18,0.0333333333333333,0.0555555555555556,-0.587149728513621,NA,NA,NA
"Colletes willistonii","M_062","Colletidae",22,12,0.861678004535147,450,83,0.0488888888888889,0.144578313253012,0.258916146536136,NA,NA,NA
"Corynura aff  atrovirens","M_034","Halictidae",1,1,0,23,10,0.0434782608695652,0.1,-0.873333764609373,NA,NA,NA
"Corynura aff  lepida","M_034","Halictidae",1,1,0,23,10,0.0434782608695652,0.1,-0.873333764609373,NA,NA,NA
"Corynura corynogastra","M_034","Halictidae",2,1,0,23,10,0.0869565217391304,0.1,-0.727778137174477,NA,NA,NA
"Corynura patagonica","M_034","Halictidae",10,5,0.6,23,10,0.434782608695652,0.5,0.436666882304686,NA,NA,NA
"Corynura prothysteres","M_051","Halictidae",3,3,0.666666666666667,13,12,0.230769230769231,0.25,0.278308154308772,NA,NA,NA
"Corynura rubella","M_034","Halictidae",3,2,0.444444444444444,23,10,0.130434782608696,0.2,-0.582222509739582,NA,NA,NA
"Corynura sp","M_001","Halictidae",1,1,0,44,17,0.0227272727272727,0.0588235294117647,-0.680386334970978,NA,NA,NA
"Corynura sp1 M PL 051","M_051","Halictidae",1,1,0,13,12,0.0769230769230769,0.0833333333333333,-0.620841267304183,NA,NA,NA
"Dasypoda cingulata","M_016","Melittidae",4,4,0.75,24,14,0.166666666666667,0.285714285714286,0.379293195627669,"Melittidae","Dasypoda",3.44
"Dasypoda iberica","M_016","Melittidae",1,1,0,24,14,0.0416666666666667,0.0714285714285714,-0.691652297909279,"Melittidae","Dasypoda",2.9
"Dasypoda sp1 M PL 015","M_015","Melittidae",1,1,0,127,39,0.0078740157480315,0.0256410256410256,-0.495159011971961,NA,NA,NA
"Diadasia patagonica","M_023","Apidae",1,1,0,16,11,0.0625,0.0909090909090909,-0.948683298050514,NA,NA,NA
"Dialictus abanci","M_025","Halictidae",6,5,0.777777777777778,13,11,0.461538461538462,0.454545454545455,1.23743686707646,NA,NA,NA
"Dialictus coeruleus","M_032","Halictidae",1,1,0,7,5,0.142857142857143,0.2,-0.690849279707757,NA,NA,NA
"Dialictus cressoni","M_004","Halictidae",4,4,0.75,10,9,0.4,0.444444444444444,1.01020122660258,NA,NA,NA
"Dialictus cressonii","M_025","Halictidae",3,3,0.5,13,11,0.230769230769231,0.272727272727273,-0.176776695296637,NA,NA,NA
"Dialictus imitatus","M_004","Halictidae",2,2,0.5,10,9,0.2,0.222222222222222,-0.0551018850874134,NA,NA,NA
"Dialictus imitatus","M_032","Halictidae",1,1,0,7,5,0.142857142857143,0.2,-0.690849279707757,NA,NA,NA
"Dialictus oblongus","M_032","Halictidae",1,1,0,7,5,0.142857142857143,0.2,-0.690849279707757,NA,NA,NA
"Dialictus obscurus","M_032","Halictidae",1,1,0,7,5,0.142857142857143,0.2,-0.690849279707757,NA,NA,NA
"Dialictus pilosus","M_033","Halictidae",3,3,0.5,11,4,0.272727272727273,0.75,-1.30328677981716,NA,NA,NA
"Dialictus sp","M_001","Halictidae",1,1,0,44,17,0.0227272727272727,0.0588235294117647,-0.680386334970978,NA,NA,NA
"Dialictus sp1 M PL 004","M_004","Halictidae",8,8,0.875,10,9,0.8,0.888888888888889,3.14080744998256,NA,NA,NA
"Dialictus sp1 M PL 023","M_023","Halictidae",3,2,0.444444444444444,16,11,0.1875,0.181818181818182,0.948683298050514,NA,NA,NA
"Dialictus sp1 M PL 030","M_030","Halictidae",3,3,0.666666666666667,17,9,0.176470588235294,0.333333333333333,0.570545574426557,NA,NA,NA
"Dialictus sp1 M PL 031","M_031","Halictidae",3,3,0.5,40,20,0.075,0.15,-0.545320504082887,NA,NA,NA
"Dialictus sp1 M PL 072","M_072","Halictidae",11,6,0.74,86,29,0.127906976744186,0.206896551724138,0.12521517765838,NA,NA,NA
"Dialictus sp2 M PL 023","M_023","Halictidae",3,3,0.666666666666667,16,11,0.1875,0.272727272727273,0.948683298050514,NA,NA,NA
"Dialictus sp2 M PL 030","M_030","Halictidae",1,1,1,17,9,0.0588235294117647,0.111111111111111,-0.499227377623237,NA,NA,NA
"Dialictus sp2 M PL 031","M_031","Halictidae",1,1,0,40,20,0.025,0.05,-0.976504158474007,NA,NA,NA
"Dialictus zephyrus","M_032","Halictidae",1,1,0,7,5,0.142857142857143,0.2,-0.690849279707757,NA,NA,NA
"Dianthidium boreale","M_062","Megachilidae",1,1,0,450,83,0.00222222222222222,0.0120481927710843,-0.707565570178455,NA,NA,NA
"Diceratosmia conjuncta","M_062","Megachilidae",52,27,0.938271604938272,450,83,0.115555555555556,0.325301204819277,1.63960431327127,NA,NA,NA
"Diphaglossa gayi","M_034","Colletidae",4,3,0.625,23,10,0.173913043478261,0.3,-0.436666882304686,"Colletidae","Diphaglossa",2.11
"Emphoropsis floridana","M_062","Apidae",2,2,0.5,450,83,0.00444444444444444,0.0240963855421687,-0.661542631287284,NA,NA,NA
"Eoanthidium insulare","M_015","Megachilidae",1,1,0,127,39,0.0078740157480315,0.0256410256410256,-0.495159011971961,"Megachilidae","Eoanthidium",2.4
"Epeolus autumnalis","M_062","Apidae",1,1,0,450,83,0.00222222222222222,0.0120481927710843,-0.707565570178455,NA,NA,NA
"Epeolus bifasciatus","M_062","Apidae",6,5,0.777777777777778,450,83,0.0133333333333333,0.0602409638554217,-0.4774508757226,NA,NA,NA
"Epeolus correopsis","M_062","Apidae",8,6,0.8,450,83,0.0177777777777778,0.072289156626506,-0.385404997940258,NA,NA,NA
"Epeolus fallax","M_016","Apidae",1,1,0,24,14,0.0416666666666667,0.0714285714285714,-0.691652297909279,"Apidae","Epeolus",2.51
"Epeolus helianthi","M_005","Apidae",1,1,0,84,28,0.0119047619047619,0.0357142857142857,-0.664426887931033,NA,NA,NA
"Epeolus melectiformis","M_057","Apidae",3,3,0.666666666666667,87,39,0.0344827586206897,0.0769230769230769,-0.264203806872501,NA,NA,NA
"Epeolus pusillus","M_062","Apidae",13,10,0.87603305785124,450,83,0.0288888888888889,0.120481927710843,-0.155290303484403,NA,NA,NA
"Epicharis obscura","M_077","Apidae",1,1,0,12,1,0.0833333333333333,1,-0.883541261792749,NA,NA,NA
"Epicharis sp1 M PL 059","M_059","Apidae",4,1,0,13,1,0.307692307692308,1,-0.316908842343133,NA,NA,NA
"Eucera albofasciata","M_015","Apidae",10,6,0.78,127,39,0.078740157480315,0.153846153846154,0.436550589094749,"Apidae","Eucera",2.91
"Eucera bidentata","M_015","Apidae",32,16,0.84423305588585,127,39,0.251968503937008,0.41025641025641,2.71406294725782,"Apidae","Eucera",2.19
"Eucera clypeata","M_015","Apidae",33,16,0.886666666666667,127,39,0.259842519685039,0.41025641025641,2.81758623626523,"Apidae","Eucera",3.05
"Eucera furfurea","M_015","Apidae",13,9,0.86,127,39,0.102362204724409,0.230769230769231,0.747120456116986,"Apidae","Eucera",3.28
"Eucera gracilipes","M_008","Apidae",4,4,0.666666666666667,10,8,0.4,0.5,0.228664780190012,"Apidae","Eucera",3.84
"Eucera gracilipes","M_039","Apidae",13,8,0.85207100591716,16,10,0.8125,0.8,1.54703290904735,"Apidae","Eucera",3.84
"Eucera gracilipes","M_050","Apidae",7,7,0.833333333333333,12,9,0.583333333333333,0.777777777777778,1.27783028667578,"Apidae","Eucera",3.84
"Eucera hispaliensis","M_016","Apidae",1,1,0,24,14,0.0416666666666667,0.0714285714285714,-0.691652297909279,NA,NA,NA
"Eucera parnassia","M_015","Apidae",11,7,0.826446280991736,127,39,0.0866141732283465,0.179487179487179,0.540073878102161,"Apidae","Eucera",2.88
"Eucera punctulata","M_015","Apidae",1,1,1,127,39,0.0078740157480315,0.0256410256410256,-0.495159011971961,"Apidae","Eucera",3.28
"Eucera seminuda","M_015","Apidae",21,10,0.87,127,39,0.165354330708661,0.256410256410256,1.57530676817628,"Apidae","Eucera",2.91
"Eucera sp1 M PL 015","M_015","Apidae",1,1,1,127,39,0.0078740157480315,0.0256410256410256,-0.495159011971961,NA,NA,NA
"Eucera sp1 M PL 058","M_058","Apidae",1,1,0,28,15,0.0357142857142857,0.0666666666666667,-0.859922335592968,NA,NA,NA
"Eucera sp2 M PL 015","M_015","Apidae",1,1,0,127,39,0.0078740157480315,0.0256410256410256,-0.495159011971961,NA,NA,NA
"Euglossa chalybeata","M_077","Apidae",1,1,0,12,1,0.0833333333333333,1,-0.883541261792749,"Apidae","Euglossa",3.6
"Euglossa cordata","M_030","Apidae",2,2,0,17,9,0.117647058823529,0.222222222222222,0.0356590984016598,"Apidae","Euglossa",3.4
"Euglossa cordata","M_035","Apidae",4,2,0.5,27,15,0.148148148148148,0.133333333333333,-0.196021916475461,"Apidae","Euglossa",3.4
"Euglossa jamaicensis","M_040","Apidae",6,3,0.444444444444444,12,6,0.5,0.5,1.06440537460975,NA,NA,NA
"Euglossa sp","M_077","Apidae",4,1,0,12,1,0.333333333333333,1,0.321287731560999,NA,NA,NA
"Euglossa sp1 M PL 031","M_031","Apidae",8,4,0.611111111111111,40,20,0.2,0.2,0.532638631894913,NA,NA,NA
"Eulaema meriana","M_031","Apidae",2,1,0,40,20,0.05,0.05,-0.760912331278447,"Apidae","Eulaema",6.8
"Eulaema nigrita","M_030","Apidae",1,1,0,17,9,0.0588235294117647,0.111111111111111,-0.499227377623237,"Apidae","Eulaema",5.1
"Euryglossa sp1 M PL 019","M_019","Colletidae",2,2,0.5,20,12,0.1,0.166666666666667,-0.26721043983842,NA,NA,NA
"Euryglossa sp2 M PL 019","M_019","Colletidae",2,2,0.5,20,12,0.1,0.166666666666667,-0.26721043983842,NA,NA,NA
"Euryglossa sp3 M PL 019","M_019","Colletidae",1,1,0,20,12,0.05,0.0833333333333333,-0.572593799653756,NA,NA,NA
"Evylaeus 4 maculatus","M_062","Halictidae",1,1,0,450,83,0.00222222222222222,0.0120481927710843,-0.707565570178455,NA,NA,NA
"Evylaeus arcuatus","M_062","Halictidae",90,29,0.89625,450,83,0.2,0.349397590361446,3.38847599113576,NA,NA,NA
"Evylaeus divergens","M_004","Halictidae",2,2,0.5,10,9,0.2,0.222222222222222,-0.0551018850874134,NA,NA,NA
"Evylaeus macoupinensis","M_025","Halictidae",5,4,0.72,13,11,0.384615384615385,0.363636363636364,0.766032346285427,NA,NA,NA
"Evylaeus nelumbonis","M_062","Halictidae",5,2,0.32,450,83,0.0111111111111111,0.0240963855421687,-0.523473814613771,NA,NA,NA
"Evylaeus pectinatus","M_062","Halictidae",2,2,0.5,450,83,0.00444444444444444,0.0240963855421687,-0.661542631287284,NA,NA,NA
"Evylaeus pectoralis","M_062","Halictidae",2,2,0.5,450,83,0.00444444444444444,0.0240963855421687,-0.661542631287284,NA,NA,NA
"Evylaeus quebecensis","M_004","Halictidae",4,4,0.75,10,9,0.4,0.444444444444444,1.01020122660258,NA,NA,NA
"Evylaeus sp1 M PL 051","M_051","Halictidae",2,2,0.5,13,12,0.153846153846154,0.166666666666667,-0.171266556497706,NA,NA,NA
"Evylaeus truncatus","M_062","Halictidae",5,5,0.75,450,83,0.0111111111111111,0.0602409638554217,-0.523473814613771,NA,NA,NA
"Exomalopsis sp1 M PL 030","M_030","Apidae",1,1,0,17,9,0.0588235294117647,0.111111111111111,-0.499227377623237,NA,NA,NA
"Exomalopsis sp1 M PL 031","M_031","Apidae",3,3,0.666666666666667,40,20,0.075,0.15,-0.545320504082887,NA,NA,NA
"Exomalopsis sp1 M PL 035","M_035","Apidae",4,4,0.666666666666667,27,15,0.148148148148148,0.266666666666667,-0.196021916475461,NA,NA,NA
"Florilegus condignus","M_062","Apidae",24,20,0.941398865784499,450,83,0.0533333333333333,0.240963855421687,0.350962024318478,NA,NA,NA
"Frieseomelitta silvestrii","M_076","Apidae",6,1,1,38,1,0.157894736842105,1,-0.00916754526518941,"Apidae","Frieseomelitta",1
"Gaesischia sp1 M PL 072","M_072","Apidae",4,3,0.625,86,29,0.0465116279069767,0.103448275862069,-0.406949327389737,NA,NA,NA
"Gnathosmia georgica","M_062","Megachilidae",3,3,0.666666666666667,450,83,0.00666666666666667,0.036144578313253,-0.615519692396113,NA,NA,NA
"Habropoda tarsata","M_015","Apidae",8,6,0.777777777777778,127,39,0.062992125984252,0.153846153846154,0.229504011079925,"Apidae","Habropoda",4.49
"Halictillus sp1 M PL 072","M_072","Halictidae",11,5,0.56198347107438,86,29,0.127906976744186,0.172413793103448,0.12521517765838,NA,NA,NA
"Halictoides marginatus","M_062","Halictidae",1,1,0,450,83,0.00222222222222222,0.0120481927710843,-0.707565570178455,NA,NA,NA
"Halictus aerarius","M_054","Halictidae",4,4,0.666666666666667,82,40,0.0487804878048781,0.1,-0.00324856348211617,NA,NA,NA
"Halictus asperulus","M_015","Halictidae",3,3,0.666666666666667,127,39,0.0236220472440945,0.0769230769230769,-0.288112433957137,"Halictidae","Halictus",1.56
"Halictus brunnescens","M_015","Halictidae",10,6,0.641975308641975,127,39,0.078740157480315,0.153846153846154,0.436550589094749,"Halictidae","Halictus",3.07
"Halictus chloralictus","M_005","Halictidae",10,7,0.816326530612245,84,28,0.119047619047619,0.25,0.605968728263282,NA,NA,NA
"Halictus fendleri","M_005","Halictidae",1,1,0,84,28,0.0119047619047619,0.0357142857142857,-0.664426887931033,NA,NA,NA
"Halictus fulvipes","M_016","Halictidae",1,1,0,24,14,0.0416666666666667,0.0714285714285714,-0.691652297909279,"Halictidae","Halictus",2.06
"Halictus graecus","M_015","Halictidae",3,2,0.444444444444444,127,39,0.0236220472440945,0.0512820512820513,-0.288112433957137,"Halictidae","Halictus",2.58
"Halictus lerouxi","M_005","Halictidae",1,1,0,84,28,0.0119047619047619,0.0357142857142857,-0.664426887931033,NA,NA,NA
"Halictus lerouxii","M_062","Halictidae",70,33,0.928757396449704,450,83,0.155555555555556,0.397590361445783,2.46801721331234,NA,NA,NA
"Halictus manitonellus","M_005","Halictidae",2,2,0.5,84,28,0.0238095238095238,0.0714285714285714,-0.523271819464998,NA,NA,NA
"Halictus medionitens","M_005","Halictidae",5,2,0.32,84,28,0.0595238095238095,0.0714285714285714,-0.0998066140668934,NA,NA,NA
"Halictus pollinus","M_015","Halictidae",5,3,0.56,127,39,0.0393700787401575,0.0769230769230769,-0.0810658559423123,NA,NA,NA
"Halictus pulzenus","M_005","Halictidae",17,8,0.781065088757396,84,28,0.202380952380952,0.285714285714286,1.59405420752553,NA,NA,NA
"Halictus quadricinctus","M_016","Halictidae",6,4,0.625,24,14,0.25,0.285714285714286,1.09325685798563,"Halictidae","Halictus",2.85
"Halictus resurgens","M_015","Halictidae",11,6,0.661157024793388,127,39,0.0866141732283465,0.153846153846154,0.540073878102161,"Halictidae","Halictus",1.98
"Halictus rubicundus","M_004","Halictidae",2,2,0.5,10,9,0.2,0.222222222222222,-0.0551018850874134,"Halictidae","Halictus",2.1
"Halictus scabiosae","M_015","Halictidae",15,7,0.63265306122449,127,39,0.118110236220472,0.179487179487179,0.95416703413181,"Halictidae","Halictus",2.52
"Halictus scabiosae","M_016","Halictidae",1,1,0,24,14,0.0416666666666667,0.0714285714285714,-0.691652297909279,"Halictidae","Halictus",2.52
"Halictus sp","M_11.1","Halictidae",6,5,0.75,8,7,0.75,0.714285714285714,1.15470053837925,NA,NA,NA
"Halictus sp1 M PL 005","M_005","Halictidae",10,6,0.73469387755102,84,28,0.119047619047619,0.214285714285714,0.605968728263282,NA,NA,NA
"Halictus sp1 M PL 012","M_012","Halictidae",2,2,0.5,14,10,0.142857142857143,0.2,-0.458952260547676,NA,NA,NA
"Halictus sp1 M PL 015","M_015","Halictidae",2,1,0,127,39,0.015748031496063,0.0256410256410256,-0.391635722964549,NA,NA,NA
"Halictus sp1 M PL 058","M_058","Halictidae",7,6,0.777777777777778,28,15,0.25,0.4,0.241551217863193,NA,NA,NA
"Halictus sp2 M PL 005","M_005","Halictidae",8,5,0.666666666666667,84,28,0.0952380952380952,0.178571428571429,0.323658591331212,NA,NA,NA
"Halictus sp2 M PL 015","M_015","Halictidae",1,1,0,127,39,0.0078740157480315,0.0256410256410256,-0.495159011971961,NA,NA,NA
"Halictus sp3 M PL 005","M_005","Halictidae",11,6,0.6,84,28,0.130952380952381,0.214285714285714,0.747123796729317,NA,NA,NA
"Halictus tectus","M_015","Halictidae",3,3,0.666666666666667,127,39,0.0236220472440945,0.0769230769230769,-0.288112433957137,NA,NA,NA
"Halictus tetrazonius","M_015","Halictidae",16,10,0.86734693877551,127,39,0.125984251968504,0.256410256410256,1.05769032313922,"Halictidae","Halictus",1.94
"Heriades coelostomus","M_015","Megachilidae",3,2,0,127,39,0.0236220472440945,0.0512820512820513,-0.288112433957137,NA,NA,NA
"Heriades crenudatus","M_016","Megachilidae",1,1,0,24,14,0.0416666666666667,0.0714285714285714,-0.691652297909279,NA,NA,NA
"Heriades gracilior","M_005","Megachilidae",3,2,0,84,28,0.0357142857142857,0.0714285714285714,-0.382116750998963,NA,NA,NA
"Heterosarus parvus","M_062","Andrenidae",30,19,0.9184,450,83,0.0666666666666667,0.228915662650602,0.627099657665504,NA,NA,NA
"Heterosarus sp1 M PL 051","M_051","Andrenidae",2,2,0.5,13,12,0.153846153846154,0.166666666666667,-0.171266556497706,NA,NA,NA
"Holcopasites heliopsis","M_062","Apidae",55,29,0.922115785089546,450,83,0.122222222222222,0.349397590361446,1.77767312994478,NA,NA,NA
"Hoplitis curvipes","M_015","Megachilidae",2,2,0.5,127,39,0.015748031496063,0.0512820512820513,-0.391635722964549,"Megachilidae","Hoplitis",3.11
"Hoplitis cylindricus","M_062","Megachilidae",20,11,0.871111111111111,450,83,0.0444444444444444,0.132530120481928,0.166870268753794,NA,NA,NA
"Hoplitis fabrei","M_015","Megachilidae",4,2,0.5,127,39,0.031496062992126,0.0512820512820513,-0.184589144949725,"Megachilidae","Hoplitis",2.29
"Hoplitis manicata","M_015","Megachilidae",5,4,0.72,127,39,0.0393700787401575,0.102564102564103,-0.0810658559423123,"Megachilidae","Hoplitis",3.02
"Hoplitis pallicornis","M_015","Megachilidae",1,1,0,127,39,0.0078740157480315,0.0256410256410256,-0.495159011971961,"Megachilidae","Hoplitis",2.44
"Hoplitis pici","M_015","Megachilidae",3,2,0.444444444444444,127,39,0.0236220472440945,0.0512820512820513,-0.288112433957137,"Megachilidae","Hoplitis",2.34
"Hoplitis producta","M_004","Megachilidae",1,1,0,10,9,0.1,0.111111111111111,-0.58775344093241,"Megachilidae","Hoplitis",1.56
"Hoplitis rufohirta","M_015","Megachilidae",1,1,0,127,39,0.0078740157480315,0.0256410256410256,-0.495159011971961,NA,NA,NA
"Hoplitis sp1 M PL 015","M_015","Megachilidae",1,1,0,127,39,0.0078740157480315,0.0256410256410256,-0.495159011971961,NA,NA,NA
"Hoplitis sp2 M PL 015","M_015","Megachilidae",1,1,0,127,39,0.0078740157480315,0.0256410256410256,-0.495159011971961,NA,NA,NA
"Hoplitis sybarita","M_015","Megachilidae",6,5,0.777777777777778,127,39,0.047244094488189,0.128205128205128,0.0224574330651,NA,NA,NA
"Hylaeus agilis","M_028","Colletidae",2,2,0,31,16,0.0645161290322581,0.125,-0.50937970868888,NA,NA,NA
"Hylaeus annularis","M_047","Colletidae",1,1,0,18,8,0.0555555555555556,0.125,-0.701872737225941,"Colletidae","Hylaeus",1.26
"Hylaeus basalis","M_004","Colletidae",1,1,0,10,9,0.1,0.111111111111111,-0.58775344093241,"Colletidae","Hylaeus",1.85
"Hylaeus bifasciatus","M_015","Colletidae",2,2,0.5,127,39,0.015748031496063,0.0512820512820513,-0.391635722964549,"Colletidae","Hylaeus",1.75
"Hylaeus brevicornis","M_047","Colletidae",1,1,0,18,8,0.0555555555555556,0.125,-0.701872737225941,"Colletidae","Hylaeus",0.98
"Hylaeus ellipticus","M_004","Colletidae",1,1,0,10,9,0.1,0.111111111111111,-0.58775344093241,NA,NA,NA
"Hylaeus floralis","M_057","Colletidae",7,6,0.777777777777778,87,39,0.0804597701149425,0.153846153846154,0.261077134601821,NA,NA,NA
"Hylaeus floralis","M_021","Colletidae",2,2,0.5,77,36,0.025974025974026,0.0555555555555556,-0.398500742577033,NA,NA,NA
"Hylaeus floralis","M_054","Colletidae",1,1,0,82,40,0.0121951219512195,0.025,-0.587989990263029,NA,NA,NA
"Hylaeus floralis","M_055","Colletidae",8,6,0.777777777777778,41,19,0.195121951219512,0.315789473684211,1.61992781588723,NA,NA,NA
"Hylaeus globula","M_021","Colletidae",8,8,0.857142857142857,77,36,0.103896103896104,0.222222222222222,0.673328840906021,NA,NA,NA
"Hylaeus globula","M_057","Colletidae",7,4,0.64,87,39,0.0804597701149425,0.102564102564103,0.261077134601821,NA,NA,NA
"Hylaeus imparilis","M_015","Colletidae",3,2,0.444444444444444,127,39,0.0236220472440945,0.0512820512820513,-0.288112433957137,"Colletidae","Hylaeus",1
"Hylaeus insularum","M_044","Colletidae",18,11,0.877551020408163,64,34,0.28125,0.323529411764706,2.57767970601998,NA,NA,NA
"Hylaeus lineolatus","M_015","Colletidae",8,6,0.777777777777778,127,39,0.062992125984252,0.153846153846154,0.229504011079925,"Colletidae","Hylaeus",1.1
"Hylaeus macilentus","M_055","Colletidae",11,9,0.875,41,19,0.268292682926829,0.473684210526316,2.62540025333448,NA,NA,NA
"Hylaeus meridionalis","M_015","Colletidae",8,5,0.78125,127,39,0.062992125984252,0.128205128205128,0.229504011079925,"Colletidae","Hylaeus",1.51
"Hylaeus nigritus","M_058","Colletidae",3,3,0.666666666666667,28,15,0.107142857142857,0.2,-0.492764484440914,"Colletidae","Hylaeus",1.57
"Hylaeus nippon","M_057","Colletidae",3,3,0.666666666666667,87,39,0.0344827586206897,0.0769230769230769,-0.264203806872501,NA,NA,NA
"Hylaeus nippon","M_021","Colletidae",1,1,0,77,36,0.012987012987013,0.0277777777777778,-0.577139006490875,NA,NA,NA
"Hylaeus nippon","M_054","Colletidae",1,1,0,82,40,0.0121951219512195,0.025,-0.587989990263029,NA,NA,NA
"Hylaeus noomen","M_055","Colletidae",8,7,0.816326530612245,41,19,0.195121951219512,0.368421052631579,1.61992781588723,NA,NA,NA
"Hylaeus paradifformis","M_056","Colletidae",1,1,0,60,20,0.0166666666666667,0.05,-0.652606156545778,NA,NA,NA
"Hylaeus pictus","M_015","Colletidae",1,1,0,127,39,0.0078740157480315,0.0256410256410256,-0.495159011971961,"Colletidae","Hylaeus",1.25
"Hylaeus punctatus","M_015","Colletidae",8,8,0.857142857142857,127,39,0.062992125984252,0.205128205128205,0.229504011079925,"Colletidae","Hylaeus",1.23
"Hylaeus relegatus","M_029","Colletidae",1,1,0,25,11,0.04,0.0909090909090909,-0.666990842064705,NA,NA,NA
"Hylaeus relegatus","M_028","Colletidae",1,1,0,31,16,0.032258064516129,0.0625,-0.896508287292428,NA,NA,NA
"Hylaeus semipersonatus","M_019","Colletidae",1,1,0,20,12,0.05,0.0833333333333333,-0.572593799653756,NA,NA,NA
"Hylaeus signatus","M_015","Colletidae",1,1,0,127,39,0.0078740157480315,0.0256410256410256,-0.495159011971961,"Colletidae","Hylaeus",1.63
"Hylaeus sp1 M PL 019","M_019","Colletidae",1,1,0,20,12,0.05,0.0833333333333333,-0.572593799653756,NA,NA,NA
"Hylaeus sp1 M PL 028","M_028","Colletidae",2,2,0.5,31,16,0.0645161290322581,0.125,-0.50937970868888,NA,NA,NA
"Hylaeus sp1 M PL 029","M_029","Colletidae",3,3,0.666666666666667,25,11,0.12,0.272727272727273,-0.0952844060092436,NA,NA,NA
"Hylaeus sp1 M PL 031","M_031","Colletidae",1,1,0,40,20,0.025,0.05,-0.976504158474007,NA,NA,NA
"Hylaeus sp1 M PL 047","M_047","Colletidae",1,1,0,18,8,0.0555555555555556,0.125,-0.701872737225941,NA,NA,NA
"Hylaeus sp1 M PL 050","M_050","Colletidae",3,2,0.444444444444444,12,9,0.25,0.222222222222222,-0.49147318718299,NA,NA,NA
"Hylaeus sp1 M PL 058","M_039","Colletidae",2,1,0,16,10,0.125,0.1,-0.963725418750809,NA,NA,NA
"Hylaeus sp1M PL 073","M_073","Colletidae",2,2,0.5,30,18,0.0666666666666667,0.111111111111111,-0.375981843697318,NA,NA,NA
"Hylaeus sp2 M PL 058","M_058","Colletidae",3,3,0.666666666666667,28,15,0.107142857142857,0.2,-0.492764484440914,NA,NA,NA
"Hylaeus stevensi","M_004","Colletidae",1,1,0,10,9,0.1,0.111111111111111,-0.58775344093241,NA,NA,NA
"Hylaeus sttbmonticola","M_057","Colletidae",1,1,0,87,39,0.0114942528735632,0.0256410256410256,-0.526844277609662,NA,NA,NA
"Hylaeus submonticola","M_057","Colletidae",3,2,0.444444444444444,87,39,0.0344827586206897,0.0512820512820513,-0.264203806872501,NA,NA,NA
"Hylaeus thoracius","M_056","Colletidae",1,1,0,60,20,0.0166666666666667,0.05,-0.652606156545778,NA,NA,NA
"Hylaeus variegatus","M_058","Colletidae",1,1,0,28,15,0.0357142857142857,0.0666666666666667,-0.859922335592968,"Colletidae","Hylaeus",1.32
"Hylaeus variegatus","M_015","Colletidae",3,3,0.666666666666667,127,39,0.0236220472440945,0.0769230769230769,-0.288112433957137,"Colletidae","Hylaeus",1.32
"Hyphesma sp1 M PL 019","M_019","Colletidae",1,1,0,20,12,0.05,0.0833333333333333,-0.572593799653756,NA,NA,NA
"Icteranthidium grohmanni","M_015","Megachilidae",11,6,0.760330578512397,127,39,0.0866141732283465,0.153846153846154,0.540073878102161,"Megachilidae","Icteranthidium",3.07
"Isepeolus niveiventris","M_001","Apidae",1,1,1,44,17,0.0227272727272727,0.0588235294117647,-0.680386334970978,NA,NA,NA
"Isepeolus viperinus","M_072","Apidae",2,1,0,86,29,0.0232558139534884,0.0344827586206897,-0.558996328832056,NA,NA,NA
"Lasioglossum  quebecense","M_073","Halictidae",1,1,0,30,18,0.0333333333333333,0.0555555555555556,-0.587149728513621,NA,NA,NA
"Lasioglossum aeratum","M_015","Halictidae",2,2,0,127,39,0.015748031496063,0.0512820512820513,-0.391635722964549,"Halictidae","Lasioglossum",1.08
"Lasioglossum affine","M_055","Halictidae",2,2,0,41,19,0.0487804878048781,0.105263157894737,-0.391017059007262,NA,NA,NA
"Lasioglossum albipes","M_056","Halictidae",3,3,0.5,60,20,0.05,0.15,-0.343222497146298,"Halictidae","Lasioglossum",1.59
"Lasioglossum albocinctum","M_016","Halictidae",4,4,0.666666666666667,24,14,0.166666666666667,0.285714285714286,0.379293195627669,"Halictidae","Lasioglossum",2.6
"Lasioglossum allodalum","M_055","Halictidae",1,1,0,41,19,0.024390243902439,0.0526315789473684,-0.726174538156345,NA,NA,NA
"Lasioglossum allodalum","M_057","Halictidae",2,2,0.5,87,39,0.0229885057471264,0.0512820512820513,-0.395524042241081,NA,NA,NA
"Lasioglossum amamiensis","M_044","Halictidae",3,3,0.666666666666667,64,34,0.046875,0.0882352941176471,-0.273735897984423,NA,NA,NA
"Lasioglossum anellum","M_015","Halictidae",17,16,0.9296875,127,39,0.133858267716535,0.41025641025641,1.16121361214663,"Halictidae","Lasioglossum",1.19
"Lasioglossum apristum","M_057","Halictidae",37,20,0.916955017301038,87,39,0.425287356321839,0.512820512820513,4.20068419565923,NA,NA,NA
"Lasioglossum apristum","M_021","Halictidae",17,10,0.836734693877551,77,36,0.220779220779221,0.277777777777778,2.2810732161306,NA,NA,NA
"Lasioglossum apristum","M_053","Halictidae",2,2,0,64,27,0.03125,0.0740740740740741,-0.401722521805675,NA,NA,NA
"Lasioglossum apristum","M_056","Halictidae",11,11,0.9,60,20,0.183333333333333,0.55,0.894312140451621,NA,NA,NA
"Lasioglossum atroglaucum","M_056","Halictidae",4,3,0.625,60,20,0.0666666666666667,0.15,-0.188530667446558,NA,NA,NA
"Lasioglossum baleicum","M_021","Halictidae",1,1,0,77,36,0.012987012987013,0.0277777777777778,-0.577139006490875,NA,NA,NA
"Lasioglossum baleicum","M_057","Halictidae",7,6,0.8,87,39,0.0804597701149425,0.153846153846154,0.261077134601821,NA,NA,NA
"Lasioglossum baleicum","M_053","Halictidae",1,1,0,64,27,0.015625,0.037037037037037,-0.681181667409623,NA,NA,NA
"Lasioglossum baleicum","M_054","Halictidae",1,1,1,82,40,0.0121951219512195,0.025,-0.587989990263029,NA,NA,NA
"Lasioglossum birkmani","M_073","Halictidae",4,4,0.75,30,18,0.133333333333333,0.222222222222222,0.0463539259352859,NA,NA,NA
"Lasioglossum brevicome","M_015","Halictidae",1,1,0,127,39,0.0078740157480315,0.0256410256410256,-0.495159011971961,"Halictidae","Lasioglossum",1.38
"Lasioglossum calceatum","M_006","Halictidae",1,1,0,11,5,0.0909090909090909,0.2,-0.718418288639171,"Halictidae","Lasioglossum",1.77
"Lasioglossum calceatum","M_007","Halictidae",1,1,0,13,6,0.0769230769230769,0.166666666666667,-0.566666666666667,"Halictidae","Lasioglossum",1.77
"Lasioglossum callizonium","M_016","Halictidae",1,1,0,24,14,0.0416666666666667,0.0714285714285714,-0.691652297909279,"Halictidae","Lasioglossum",2.24
"Lasioglossum chalcodes","M_012","Halictidae",3,2,0.444444444444444,14,10,0.214285714285714,0.2,-0.0458952260547676,"Halictidae","Lasioglossum",2.27
"Lasioglossum chalcodes","M_008","Halictidae",1,1,0,10,8,0.1,0.125,-1.31482248609257,"Halictidae","Lasioglossum",2.27
"Lasioglossum convexiusculum","M_015","Halictidae",1,1,0,127,39,0.0078740157480315,0.0256410256410256,-0.495159011971961,"Halictidae","Lasioglossum",1.59
"Lasioglossum crassepunctatum","M_015","Halictidae",1,1,0,127,39,0.0078740157480315,0.0256410256410256,-0.495159011971961,"Halictidae","Lasioglossum",1.46
"Lasioglossum cressonii","M_073","Halictidae",2,2,0.5,30,18,0.0666666666666667,0.111111111111111,-0.375981843697318,"Halictidae","Lasioglossum",1.29
"Lasioglossum duplex","M_054","Halictidae",3,3,0.666666666666667,82,40,0.0365853658536585,0.075,-0.198162372409087,NA,NA,NA
"Lasioglossum duplex","M_021","Halictidae",2,2,0.5,77,36,0.025974025974026,0.0555555555555556,-0.398500742577033,NA,NA,NA
"Lasioglossum ephialtum","M_073","Halictidae",1,1,0,30,18,0.0333333333333333,0.0555555555555556,-0.587149728513621,"Halictidae","Lasioglossum",1.2
"Lasioglossum evylaeus","M_039","Halictidae",13,9,0.847222222222222,16,10,0.8125,0.9,1.54703290904735,NA,NA,NA
"Lasioglossum evylaeus","M_050","Halictidae",8,7,0.816326530612245,12,9,0.666666666666667,0.777777777777778,1.72015615514047,NA,NA,NA
"Lasioglossum exiliceps","M_021","Halictidae",4,4,0.666666666666667,77,36,0.051948051948052,0.111111111111111,-0.0412242147493482,NA,NA,NA
"Lasioglossum exiliceps","M_054","Halictidae",1,1,0,82,40,0.0121951219512195,0.025,-0.587989990263029,NA,NA,NA
"Lasioglossum exiliceps","M_057","Halictidae",6,4,0.722222222222222,87,39,0.0689655172413793,0.102564102564103,0.12975689923324,NA,NA,NA
"Lasioglossum exiliceps","M_055","Halictidae",2,2,0,41,19,0.0487804878048781,0.105263157894737,-0.391017059007262,NA,NA,NA
"Lasioglossum forbesii","M_032","Halictidae",1,1,0,7,5,0.142857142857143,0.2,-0.690849279707757,NA,NA,NA
"Lasioglossum fratellum","M_047","Halictidae",5,4,0.72,18,8,0.277777777777778,0.5,0.838823515221247,"Halictidae","Lasioglossum",1.45
"Lasioglossum fuscipenne","M_073","Halictidae",3,3,0.666666666666667,30,18,0.1,0.166666666666667,-0.164813958881016,"Halictidae","Lasioglossum",2.1
"Lasioglossum gorkiense","M_055","Halictidae",1,1,0,41,19,0.024390243902439,0.0526315789473684,-0.726174538156345,"Halictidae","Lasioglossum",1.88
"Lasioglossum harmandi","M_056","Halictidae",1,1,1,60,20,0.0166666666666667,0.05,-0.652606156545778,NA,NA,NA
"Lasioglossum hirashimae","M_057","Halictidae",5,4,0.666666666666667,87,39,0.0574712643678161,0.102564102564103,-0.00156333613534024,NA,NA,NA
"Lasioglossum hitchensi","M_073","Halictidae",1,1,0,30,18,0.0333333333333333,0.0555555555555556,-0.587149728513621,"Halictidae","Lasioglossum",1.16
"Lasioglossum imitatum","M_073","Halictidae",2,2,0.5,30,18,0.0666666666666667,0.111111111111111,-0.375981843697318,"Halictidae","Lasioglossum",0.98
"Lasioglossum immunitum","M_016","Halictidae",8,6,0.73469387755102,24,14,0.333333333333333,0.428571428571429,1.8072205203436,"Halictidae","Lasioglossum",1.96
"Lasioglossum japonicum","M_054","Halictidae",8,6,0.73469387755102,82,40,0.0975609756097561,0.15,0.776406672225767,NA,NA,NA
"Lasioglossum japonicum","M_021","Halictidae",2,2,0.5,77,36,0.025974025974026,0.0555555555555556,-0.398500742577033,NA,NA,NA
"Lasioglossum japonicum","M_057","Halictidae",7,5,0.775510204081633,87,39,0.0804597701149425,0.128205128205128,0.261077134601821,NA,NA,NA
"Lasioglossum japonicum","M_055","Halictidae",3,3,0.5,41,19,0.0731707317073171,0.157894736842105,-0.0558595798581803,NA,NA,NA
"Lasioglossum kansuense","M_021","Halictidae",3,3,0.666666666666667,77,36,0.038961038961039,0.0833333333333333,-0.219862478663191,NA,NA,NA
"Lasioglossum laeviventre","M_056","Halictidae",14,6,0.760330578512397,60,20,0.233333333333333,0.3,1.35838762955084,NA,NA,NA
"Lasioglossum leucopus","M_047","Halictidae",1,1,0,18,8,0.0555555555555556,0.125,-0.701872737225941,"Halictidae","Lasioglossum",1.11
"Lasioglossum leucozonium","M_006","Halictidae",1,1,0,11,5,0.0909090909090909,0.2,-0.718418288639171,"Halictidae","Lasioglossum",1.84
"Lasioglossum leucozonium","M_047","Halictidae",3,2,0,18,8,0.166666666666667,0.25,0.0684753889976528,"Halictidae","Lasioglossum",1.84
"Lasioglossum limbelloides","M_015","Halictidae",10,8,0.84375,127,39,0.078740157480315,0.205128205128205,0.436550589094749,"Halictidae","Lasioglossum",1.31
"Lasioglossum limbellum","M_015","Halictidae",1,1,0,127,39,0.0078740157480315,0.0256410256410256,-0.495159011971961,"Halictidae","Lasioglossum",1.31
"Lasioglossum lineare","M_015","Halictidae",16,11,0.890625,127,39,0.125984251968504,0.282051282051282,1.05769032313922,"Halictidae","Lasioglossum",1.39
"Lasioglossum littorale","M_016","Halictidae",7,7,0.833333333333333,24,14,0.291666666666667,0.5,1.45023868916462,"Halictidae","Lasioglossum",1.35
"Lasioglossum loetum","M_012","Halictidae",3,3,0.666666666666667,14,10,0.214285714285714,0.3,-0.0458952260547676,"Halictidae","Lasioglossum",1.37
"Lasioglossum lucidulum","M_015","Halictidae",2,2,0.5,127,39,0.015748031496063,0.0512820512820513,-0.391635722964549,"Halictidae","Lasioglossum",0.78
"Lasioglossum macoupinens","M_073","Halictidae",2,2,0.5,30,18,0.0666666666666667,0.111111111111111,-0.375981843697318,"Halictidae","Lasioglossum",1.19
"Lasioglossum mahense","M_061","Halictidae",29,21,0.927297668038409,33,23,0.878787878787879,0.91304347826087,0.977589800571701,NA,NA,NA
"Lasioglossum malachurum","M_015","Halictidae",38,18,0.890432098765432,127,39,0.299212598425197,0.461538461538462,3.33520268130229,"Halictidae","Lasioglossum",1.57
"Lasioglossum marginatum","M_015","Halictidae",24,16,0.919753086419753,127,39,0.188976377952756,0.41025641025641,1.88587663519852,"Halictidae","Lasioglossum",1.56
"Lasioglossum mediterraneum","M_015","Halictidae",6,6,0.8,127,39,0.047244094488189,0.153846153846154,0.0224574330651,"Halictidae","Lasioglossum",1.61
"Lasioglossum mesosclerum","M_015","Halictidae",1,1,0,127,39,0.0078740157480315,0.0256410256410256,-0.495159011971961,"Halictidae","Lasioglossum",1.1
"Lasioglossum mutilum","M_054","Halictidae",2,2,0.5,82,40,0.024390243902439,0.05,-0.393076181336058,NA,NA,NA
"Lasioglossum mutilum","M_055","Halictidae",2,2,0,41,19,0.0487804878048781,0.105263157894737,-0.391017059007262,NA,NA,NA
"Lasioglossum nigripes","M_015","Halictidae",1,1,0,127,39,0.0078740157480315,0.0256410256410256,-0.495159011971961,"Halictidae","Lasioglossum",2.15
"Lasioglossum nipponense","M_057","Halictidae",2,2,0.5,87,39,0.0229885057471264,0.0512820512820513,-0.395524042241081,NA,NA,NA
"Lasioglossum nipponense","M_056","Halictidae",5,4,0.72,60,20,0.0833333333333333,0.2,-0.0338388377468181,NA,NA,NA
"Lasioglossum nutilum","M_044","Halictidae",6,6,0.8,64,34,0.09375,0.176470588235294,0.296547222816458,NA,NA,NA
"Lasioglossum oblongum","M_073","Halictidae",1,1,0,30,18,0.0333333333333333,0.0555555555555556,-0.587149728513621,"Halictidae","Lasioglossum",1.23
"Lasioglossum obscurum","M_073","Halictidae",6,6,0.833333333333333,30,18,0.2,0.333333333333333,0.46868969556789,"Halictidae","Lasioglossum",1.17
"Lasioglossum occidens","M_021","Halictidae",8,7,0.833333333333333,77,36,0.103896103896104,0.194444444444444,0.673328840906021,"Halictidae","Lasioglossum",2.26
"Lasioglossum occidens","M_057","Halictidae",18,12,0.875,87,39,0.206896551724138,0.307692307692308,1.7055997236562,"Halictidae","Lasioglossum",2.26
"Lasioglossum occidens","M_053","Halictidae",1,1,0,64,27,0.015625,0.037037037037037,-0.681181667409623,"Halictidae","Lasioglossum",2.26
"Lasioglossum occidens","M_054","Halictidae",19,13,0.878892733564014,82,40,0.231707317073171,0.325,2.92045857042245,"Halictidae","Lasioglossum",2.26
"Lasioglossum pallens","M_016","Halictidae",1,1,0,24,14,0.0416666666666667,0.0714285714285714,-0.691652297909279,"Halictidae","Lasioglossum",1.56
"Lasioglossum pauxillum","M_015","Halictidae",9,6,0.775510204081633,127,39,0.0708661417322835,0.153846153846154,0.333027300087337,"Halictidae","Lasioglossum",1.18
"Lasioglossum percrassicepes","M_055","Halictidae",3,3,0.666666666666667,41,19,0.0731707317073171,0.157894736842105,-0.0558595798581803,NA,NA,NA
"Lasioglossum politum","M_015","Halictidae",6,5,0.777777777777778,127,39,0.047244094488189,0.128205128205128,0.0224574330651,"Halictidae","Lasioglossum",0.85
"Lasioglossum prasinum","M_016","Halictidae",9,8,0.864197530864198,24,14,0.375,0.571428571428571,2.16420235152258,"Halictidae","Lasioglossum",1.76
"Lasioglossum problematicum","M_021","Halictidae",5,5,0.75,77,36,0.0649350649350649,0.138888888888889,0.137414049164494,NA,NA,NA
"Lasioglossum problematicum","M_057","Halictidae",1,1,0,87,39,0.0114942528735632,0.0256410256410256,-0.526844277609662,NA,NA,NA
"Lasioglossum problematicum","M_056","Halictidae",7,7,0.857142857142857,60,20,0.116666666666667,0.35,0.275544821652662,NA,NA,NA
"Lasioglossum proximatum","M_021","Halictidae",3,2,0,77,36,0.038961038961039,0.0555555555555556,-0.219862478663191,"Halictidae","Lasioglossum",2.43
"Lasioglossum proximatum","M_056","Halictidae",1,1,0,60,20,0.0166666666666667,0.05,-0.652606156545778,"Halictidae","Lasioglossum",2.43
"Lasioglossum proximatum","M_054","Halictidae",1,1,0,82,40,0.0121951219512195,0.025,-0.587989990263029,"Halictidae","Lasioglossum",2.43
"Lasioglossum punctatissimum","M_016","Halictidae",7,6,0.777777777777778,24,14,0.291666666666667,0.428571428571429,1.45023868916462,"Halictidae","Lasioglossum",1.29
"Lasioglossum punctatissimum","M_047","Halictidae",6,6,0.8,18,8,0.333333333333333,0.75,1.22399757833304,"Halictidae","Lasioglossum",1.29
"Lasioglossum quadrinotatum","M_015","Halictidae",3,2,0,127,39,0.0236220472440945,0.0512820512820513,-0.288112433957137,"Halictidae","Lasioglossum",1.59
"Lasioglossum scitulum","M_054","Halictidae",2,2,0.5,82,40,0.024390243902439,0.05,-0.393076181336058,"Halictidae","Lasioglossum",2.31
"Lasioglossum scitulum","M_055","Halictidae",1,1,0,41,19,0.024390243902439,0.0526315789473684,-0.726174538156345,"Halictidae","Lasioglossum",2.31
"Lasioglossum sexmaculatum","M_047","Halictidae",1,1,0,18,8,0.0555555555555556,0.125,-0.701872737225941,"Halictidae","Lasioglossum",1.84
"Lasioglossum sexstrigatum","M_021","Halictidae",2,2,0.5,77,36,0.025974025974026,0.0555555555555556,-0.398500742577033,"Halictidae","Lasioglossum",1.27
"Lasioglossum sexstrigatum","M_057","Halictidae",1,1,0,87,39,0.0114942528735632,0.0256410256410256,-0.526844277609662,"Halictidae","Lasioglossum",1.27
"Lasioglossum sibiriacum","M_054","Halictidae",1,1,1,82,40,0.0121951219512195,0.025,-0.587989990263029,NA,NA,NA
"Lasioglossum sibiriacum","M_057","Halictidae",10,8,0.839506172839506,87,39,0.114942528735632,0.205128205128205,0.655037840707562,NA,NA,NA
"Lasioglossum sibiriacum","M_053","Halictidae",2,2,0,64,27,0.03125,0.0740740740740741,-0.401722521805675,NA,NA,NA
"Lasioglossum sibiriacum","M_055","Halictidae",12,8,0.84375,41,19,0.292682926829268,0.421052631578947,2.96055773248356,NA,NA,NA
"Lasioglossum sordidum","M_028","Halictidae",10,8,0.84375,31,16,0.32258064516129,0.5,2.58764892013951,"Halictidae","Lasioglossum",1.29
"Lasioglossum sordidum","M_029","Halictidae",3,3,0.5,25,11,0.12,0.272727272727273,-0.0952844060092436,"Halictidae","Lasioglossum",1.29
"Lasioglossum sp K1","M_056","Halictidae",2,2,0.5,60,20,0.0333333333333333,0.1,-0.497914326846038,NA,NA,NA
"Lasioglossum sp K2","M_056","Halictidae",1,1,0,60,20,0.0166666666666667,0.05,-0.652606156545778,NA,NA,NA
"Lasioglossum sp1 M PL 015","M_015","Halictidae",1,1,0,127,39,0.0078740157480315,0.0256410256410256,-0.495159011971961,NA,NA,NA
"Lasioglossum sp1 M PL 016","M_016","Halictidae",6,5,0.72,24,14,0.25,0.357142857142857,1.09325685798563,NA,NA,NA
"Lasioglossum sp1 M PL 019","M_019","Halictidae",7,4,0.612244897959184,20,12,0.35,0.333333333333333,1.25970635923826,NA,NA,NA
"Lasioglossum sp1 M PL 021","M_021","Halictidae",9,5,0.72,77,36,0.116883116883117,0.138888888888889,0.851967104819863,NA,NA,NA
"Lasioglossum sp1 M PL 027","M_027","Halictidae",4,2,0,8,4,0.5,0.5,0.307793505625546,NA,NA,NA
"Lasioglossum sp1 M PL 028","M_028","Halictidae",8,6,0.777777777777778,31,16,0.258064516129032,0.375,1.81339176293241,NA,NA,NA
"Lasioglossum sp1 M PL 029","M_029","Halictidae",9,5,0.612244897959184,25,11,0.36,0.454545454545455,1.61983490215714,NA,NA,NA
"Lasioglossum sp1 M PL 044","M_044","Halictidae",3,3,0.666666666666667,64,34,0.046875,0.0882352941176471,-0.273735897984423,NA,NA,NA
"Lasioglossum sp1 M PL 047","M_047","Halictidae",4,3,0.625,18,8,0.222222222222222,0.375,0.45364945210945,NA,NA,NA
"Lasioglossum sp1 M PL 053","M_053","Halictidae",10,4,0.493827160493827,64,27,0.15625,0.148148148148148,1.83395064302591,NA,NA,NA
"Lasioglossum sp1 M PL 054","M_054","Halictidae",7,4,0.64,82,40,0.0853658536585366,0.1,0.581492863298797,NA,NA,NA
"Lasioglossum sp1 M PL 056","M_056","Halictidae",1,1,1,60,20,0.0166666666666667,0.05,-0.652606156545778,NA,NA,NA
"Lasioglossum sp1 M PL 057","M_057","Halictidae",14,11,0.875739644970414,87,39,0.160919540229885,0.282051282051282,1.18031878218188,NA,NA,NA
"Lasioglossum sp1 M PL 058","M_058","Halictidae",14,8,0.839506172839506,28,15,0.5,0.533333333333333,1.52660369689538,NA,NA,NA
"Lasioglossum sp10 M PL 019","M_019","Halictidae",1,1,0,20,12,0.05,0.0833333333333333,-0.572593799653756,NA,NA,NA
"Lasioglossum sp10 M PL 057","M_057","Halictidae",1,1,0,87,39,0.0114942528735632,0.0256410256410256,-0.526844277609662,NA,NA,NA
"Lasioglossum sp11 M PL 019","M_019","Halictidae",1,1,0,20,12,0.05,0.0833333333333333,-0.572593799653756,NA,NA,NA
"Lasioglossum sp11 M PL 057","M_057","Halictidae",1,1,0,87,39,0.0114942528735632,0.0256410256410256,-0.526844277609662,NA,NA,NA
"Lasioglossum sp12 M PL 057","M_057","Halictidae",1,1,1,87,39,0.0114942528735632,0.0256410256410256,-0.526844277609662,NA,NA,NA
"Lasioglossum sp1M PL 073","M_073","Halictidae",5,4,0.72,30,18,0.166666666666667,0.222222222222222,0.257521810751588,NA,NA,NA
"Lasioglossum sp2 M PL 019","M_019","Halictidae",1,1,0,20,12,0.05,0.0833333333333333,-0.572593799653756,NA,NA,NA
"Lasioglossum sp2 M PL 021","M_021","Halictidae",6,5,0.72,77,36,0.0779220779220779,0.138888888888889,0.316052313078336,NA,NA,NA
"Lasioglossum sp2 M PL 044","M_044","Halictidae",2,2,0,64,34,0.03125,0.0588235294117647,-0.463830271584717,NA,NA,NA
"Lasioglossum sp2 M PL 053","M_053","Halictidae",8,8,0.875,64,27,0.125,0.296296296296296,1.27503235181801,NA,NA,NA
"Lasioglossum sp2 M PL 054","M_054","Halictidae",1,1,0,82,40,0.0121951219512195,0.025,-0.587989990263029,NA,NA,NA
"Lasioglossum sp2 M PL 057","M_057","Halictidae",4,4,0.75,87,39,0.0459770114942529,0.102564102564103,-0.132883571503921,NA,NA,NA
"Lasioglossum sp3 M PL 019","M_019","Halictidae",2,2,0.5,20,12,0.1,0.166666666666667,-0.26721043983842,NA,NA,NA
"Lasioglossum sp3 M PL 021","M_021","Halictidae",2,1,0,77,36,0.025974025974026,0.0277777777777778,-0.398500742577033,NA,NA,NA
"Lasioglossum sp3 M PL 044","M_044","Halictidae",1,1,0,64,34,0.015625,0.0294117647058824,-0.653924645185011,NA,NA,NA
"Lasioglossum sp3 M PL 053","M_053","Halictidae",5,4,0.72,64,27,0.078125,0.148148148148148,0.436654915006169,NA,NA,NA
"Lasioglossum sp3 M PL 057","M_057","Halictidae",1,1,0,87,39,0.0114942528735632,0.0256410256410256,-0.526844277609662,NA,NA,NA
"Lasioglossum sp4 M PL 019","M_019","Halictidae",2,2,0.5,20,12,0.1,0.166666666666667,-0.26721043983842,NA,NA,NA
"Lasioglossum sp4 M PL 021","M_021","Halictidae",2,2,0,77,36,0.025974025974026,0.0555555555555556,-0.398500742577033,NA,NA,NA
"Lasioglossum sp4 M PL 053","M_053","Halictidae",4,4,0.75,64,27,0.0625,0.148148148148148,0.157195769402221,NA,NA,NA
"Lasioglossum sp4 M PL 057","M_057","Halictidae",2,2,0,87,39,0.0229885057471264,0.0512820512820513,-0.395524042241081,NA,NA,NA
"Lasioglossum sp5 M PL 019","M_019","Halictidae",3,3,0.666666666666667,20,12,0.15,0.25,0.0381729199769171,NA,NA,NA
"Lasioglossum sp5 M PL 021","M_021","Halictidae",1,1,1,77,36,0.012987012987013,0.0277777777777778,-0.577139006490875,NA,NA,NA
"Lasioglossum sp5 M PL 053","M_053","Halictidae",3,3,0.666666666666667,64,27,0.046875,0.111111111111111,-0.122263376201727,NA,NA,NA
"Lasioglossum sp5 M PL 057","M_057","Halictidae",3,3,0.5,87,39,0.0344827586206897,0.0769230769230769,-0.264203806872501,NA,NA,NA
"Lasioglossum sp6 M PL 019","M_019","Halictidae",13,8,0.792899408284024,20,12,0.65,0.666666666666667,3.09200651813028,NA,NA,NA
"Lasioglossum sp6 M PL 021","M_021","Halictidae",1,1,0,77,36,0.012987012987013,0.0277777777777778,-0.577139006490875,NA,NA,NA
"Lasioglossum sp6 M PL 053","M_053","Halictidae",1,1,0,64,27,0.015625,0.037037037037037,-0.681181667409623,NA,NA,NA
"Lasioglossum sp6 M PL 057","M_057","Halictidae",1,1,1,87,39,0.0114942528735632,0.0256410256410256,-0.526844277609662,NA,NA,NA
"Lasioglossum sp7 M PL 019","M_019","Halictidae",1,1,0,20,12,0.05,0.0833333333333333,-0.572593799653756,NA,NA,NA
"Lasioglossum sp7 M PL 053","M_053","Halictidae",1,1,0,64,27,0.015625,0.037037037037037,-0.681181667409623,NA,NA,NA
"Lasioglossum sp7 M PL 057","M_057","Halictidae",1,1,0,87,39,0.0114942528735632,0.0256410256410256,-0.526844277609662,NA,NA,NA
"Lasioglossum sp8 M PL 019","M_019","Halictidae",6,3,0.5,20,12,0.3,0.25,0.954322999422927,NA,NA,NA
"Lasioglossum sp8 M PL 053","M_053","Halictidae",1,1,0,64,27,0.015625,0.037037037037037,-0.681181667409623,NA,NA,NA
"Lasioglossum sp8 M PL 057","M_057","Halictidae",1,1,0,87,39,0.0114942528735632,0.0256410256410256,-0.526844277609662,NA,NA,NA
"Lasioglossum sp9 M PL 019","M_019","Halictidae",2,2,0.5,20,12,0.1,0.166666666666667,-0.26721043983842,NA,NA,NA
"Lasioglossum sp9 M PL 057","M_057","Halictidae",1,1,0,87,39,0.0114942528735632,0.0256410256410256,-0.526844277609662,NA,NA,NA
"Lasioglossum subopacum","M_044","Halictidae",9,8,0.84375,64,34,0.140625,0.235294117647059,0.86683034361734,"Halictidae","Lasioglossum",2.89
"Lasioglossum subviridatum","M_073","Halictidae",1,1,0,30,18,0.0333333333333333,0.0555555555555556,-0.587149728513621,"Halictidae","Lasioglossum",1.2
"Lasioglossum taniolellum","M_021","Halictidae",1,1,0,77,36,0.012987012987013,0.0277777777777778,-0.577139006490875,NA,NA,NA
"Lasioglossum taniolellum","M_054","Halictidae",5,5,0.8,82,40,0.0609756097560976,0.125,0.191665245444855,NA,NA,NA
"Lasioglossum tegulare","M_073","Halictidae",2,2,0,30,18,0.0666666666666667,0.111111111111111,-0.375981843697318,"Halictidae","Lasioglossum",0.94
"Lasioglossum transitorium","M_015","Halictidae",1,1,0,127,39,0.0078740157480315,0.0256410256410256,-0.495159011971961,"Halictidae","Lasioglossum",1.24
"Lasioglossum transpositum","M_057","Halictidae",14,8,0.804733727810651,87,39,0.160919540229885,0.205128205128205,1.18031878218188,NA,NA,NA
"Lasioglossum transpositum","M_021","Halictidae",11,7,0.78125,77,36,0.142857142857143,0.194444444444444,1.20924363264755,NA,NA,NA
"Lasioglossum villosulum","M_007","Halictidae",1,1,0,13,6,0.0769230769230769,0.166666666666667,-0.566666666666667,"Halictidae","Lasioglossum",1.38
"Lasioglossum villosulum","M_006","Halictidae",1,1,0,11,5,0.0909090909090909,0.2,-0.718418288639171,"Halictidae","Lasioglossum",1.38
"Lasioglossum villosulum","M_016","Halictidae",1,1,0,24,14,0.0416666666666667,0.0714285714285714,-0.691652297909279,"Halictidae","Lasioglossum",1.38
"Lasioglossum villosulum","M_015","Halictidae",6,2,0.277777777777778,127,39,0.047244094488189,0.0512820512820513,0.0224574330651,"Halictidae","Lasioglossum",1.38
"Lasioglossum villosulum","M_047","Halictidae",4,3,0.444444444444444,18,8,0.222222222222222,0.375,0.45364945210945,"Halictidae","Lasioglossum",1.38
"Lasioglossum viride","M_008","Halictidae",4,4,0.75,10,8,0.4,0.5,0.228664780190012,"Halictidae","Lasioglossum",1.76
"Lasioglossum weemsi","M_073","Halictidae",2,2,0.5,30,18,0.0666666666666667,0.111111111111111,-0.375981843697318,NA,NA,NA
"Lasioglossum zonulum","M_015","Halictidae",2,2,0,127,39,0.015748031496063,0.0512820512820513,-0.391635722964549,"Halictidae","Lasioglossum",1.98
"Leioproctus boltonii","M_028","Colletidae",1,1,0,31,16,0.032258064516129,0.0625,-0.896508287292428,NA,NA,NA
"Leioproctus boltonii","M_029","Colletidae",1,1,0,25,11,0.04,0.0909090909090909,-0.666990842064705,NA,NA,NA
"Leioproctus fulvescens","M_028","Colletidae",4,2,0.375,31,16,0.129032258064516,0.125,0.264877448518217,NA,NA,NA
"Leioproctus fulvescens","M_029","Colletidae",9,4,0.448979591836735,25,11,0.36,0.363636363636364,1.61983490215714,NA,NA,NA
"Leioproctus fulvescens","M_027","Colletidae",6,4,0.625,8,4,0.75,1,1.3337718577107,NA,NA,NA
"Leioproctus imitatus","M_029","Colletidae",1,1,0,25,11,0.04,0.0909090909090909,-0.666990842064705,NA,NA,NA
"Leioproctus imitatus","M_028","Colletidae",1,1,0,31,16,0.032258064516129,0.0625,-0.896508287292428,NA,NA,NA
"Leioproctus indigoticus","M_072","Colletidae",4,3,0.444444444444444,86,29,0.0465116279069767,0.103448275862069,-0.406949327389737,NA,NA,NA
"Leioproctus maritimus","M_028","Colletidae",1,1,0,31,16,0.032258064516129,0.0625,-0.896508287292428,NA,NA,NA
"Leioproctus maritimus","M_029","Colletidae",1,1,1,25,11,0.04,0.0909090909090909,-0.666990842064705,NA,NA,NA
"Leioproctus maritimus","M_027","Colletidae",1,1,1,8,4,0.125,0.25,-1.23117402250218,NA,NA,NA
"Leioproctus monticola","M_028","Colletidae",4,3,0.5,31,16,0.129032258064516,0.1875,0.264877448518217,NA,NA,NA
"Leioproctus sp1 M PL 019","M_019","Colletidae",11,7,0.793388429752066,20,12,0.55,0.583333333333333,2.48123979849961,NA,NA,NA
"Leioproctus sp1 M PL 027","M_027","Colletidae",4,4,0.666666666666667,8,4,0.5,1,0.307793505625546,NA,NA,NA
"Leioproctus sp1 M PL 028","M_028","Colletidae",6,5,0.72,31,16,0.193548387096774,0.3125,1.03913460572531,NA,NA,NA
"Leioproctus sp1 M PL 029","M_029","Colletidae",11,6,0.73469387755102,25,11,0.44,0.545454545454545,2.1915413382126,NA,NA,NA
"Leioproctus sp2 M PL 019","M_019","Colletidae",5,3,0.56,20,12,0.25,0.25,0.64893963960759,NA,NA,NA
"Leioproctus sp2 M PL 027","M_027","Colletidae",2,2,0,8,4,0.25,0.5,-0.718184846459608,NA,NA,NA
"Leioproctus sp2 M PL 028","M_028","Colletidae",5,3,0.56,31,16,0.161290322580645,0.1875,0.652006027121766,NA,NA,NA
"Leioproctus sp2 M PL 029","M_029","Colletidae",5,4,0.625,25,11,0.2,0.363636363636364,0.476422030046218,NA,NA,NA
"Leioproctus sp3 M PL 019","M_019","Colletidae",1,1,0,20,12,0.05,0.0833333333333333,-0.572593799653756,NA,NA,NA
"Leioproctus sp3 M PL 028","M_028","Colletidae",4,3,0.5,31,16,0.129032258064516,0.1875,0.264877448518217,NA,NA,NA
"Leioproctus sp3 M PL 029","M_029","Colletidae",2,2,0.5,25,11,0.08,0.181818181818182,-0.381137624036974,NA,NA,NA
"Leioproctus sp4 M PL 019","M_019","Colletidae",2,2,0.5,20,12,0.1,0.166666666666667,-0.26721043983842,NA,NA,NA
"Leioproctus sp4 M PL 028","M_028","Colletidae",1,1,0,31,16,0.032258064516129,0.0625,-0.896508287292428,NA,NA,NA
"Leioproctus sp4 M PL 029","M_029","Colletidae",1,1,0,25,11,0.04,0.0909090909090909,-0.666990842064705,NA,NA,NA
"Leioproctus sp5 M PL 019","M_019","Colletidae",1,1,0,20,12,0.05,0.0833333333333333,-0.572593799653756,NA,NA,NA
"Leioproctus sp5 M PL 028","M_028","Colletidae",1,1,0,31,16,0.032258064516129,0.0625,-0.896508287292428,NA,NA,NA
"Leioproctus sp5 M PL 029","M_029","Colletidae",1,1,0,25,11,0.04,0.0909090909090909,-0.666990842064705,NA,NA,NA
"Leucosmia albiventria","M_062","Megachilidae",22,15,0.920415224913495,450,83,0.0488888888888889,0.180722891566265,0.258916146536136,NA,NA,NA
"Liphanthus sabulosus","M_001","Andrenidae",3,3,0.666666666666667,44,17,0.0681818181818182,0.176470588235294,-0.19712127461776,"Andrenidae","Liphanthus",1.237
"Liphanthus sp2","M_001","Andrenidae",1,1,0,44,17,0.0227272727272727,0.0588235294117647,-0.680386334970978,NA,NA,NA
"Lithurgus collaris","M_054","Megachilidae",1,1,0,82,40,0.0121951219512195,0.025,-0.587989990263029,NA,NA,NA
"Macropis labiata","M_049","Melittidae",2,2,0.5,16,9,0.125,0.222222222222222,-0.654653670707977,NA,NA,NA
"Macropis steironematis","M_062","Melittidae",25,17,0.925170068027211,450,83,0.0555555555555556,0.204819277108434,0.396984963209649,NA,NA,NA
"Manuelia gayi","M_051","Apidae",3,3,0.666666666666667,13,12,0.230769230769231,0.25,0.278308154308772,"Apidae","Manuelia",1.8
"Manuelia postica","M_051","Apidae",4,4,0.75,13,12,0.307692307692308,0.333333333333333,0.727882865115249,"Apidae","Manuelia",1.7
"Megachile 6 dentata","M_062","Megachilidae",5,4,0.625,450,83,0.0111111111111111,0.0481927710843374,-0.523473814613771,NA,NA,NA
"Megachile addenda","M_062","Megachilidae",6,4,0.722222222222222,450,83,0.0133333333333333,0.0481927710843374,-0.4774508757226,NA,NA,NA
"Megachile canariensis","M_008","Megachilidae",5,5,0.75,10,8,0.5,0.625,0.743160535617538,"Megachilidae","Megachile",3.07
"Megachile gemula albula","M_005","Megachilidae",1,1,1,84,28,0.0119047619047619,0.0357142857142857,-0.664426887931033,"Megachilidae","Megachile",3.62
"Megachile generosa","M_062","Megachilidae",23,13,0.835,450,83,0.0511111111111111,0.156626506024096,0.304939085427307,NA,NA,NA
"Megachile japonica","M_053","Megachilidae",1,1,0,64,27,0.015625,0.037037037037037,-0.681181667409623,NA,NA,NA
"Megachile kobensis","M_054","Megachilidae",3,2,0.444444444444444,82,40,0.0365853658536585,0.05,-0.198162372409087,NA,NA,NA
"Megachile leachella","M_016","Megachilidae",1,1,0,24,14,0.0416666666666667,0.0714285714285714,-0.691652297909279,"Megachilidae","Megachile",2.7
"Megachile maritima","M_016","Megachilidae",3,3,0.666666666666667,24,14,0.125,0.214285714285714,0.0223113644486864,"Megachilidae","Megachile",3.78
"Megachile mendica","M_062","Megachilidae",15,10,0.833333333333333,450,83,0.0333333333333333,0.120481927710843,-0.0632444257020608,"Megachilidae","Megachile",3.3
"Megachile mendica","M_073","Megachilidae",10,6,0.73469387755102,30,18,0.333333333333333,0.333333333333333,1.3133612348331,"Megachilidae","Megachile",3.3
"Megachile nipponica","M_054","Megachilidae",4,4,0.666666666666667,82,40,0.0487804878048781,0.1,-0.00324856348211617,NA,NA,NA
"Megachile nipponica","M_055","Megachilidae",3,3,0.5,41,19,0.0731707317073171,0.157894736842105,-0.0558595798581803,NA,NA,NA
"Megachile nipponica amamiensis","M_044","Megachilidae",1,1,0,64,34,0.015625,0.0294117647058824,-0.653924645185011,NA,NA,NA
"Megachile okinawana","M_044","Megachilidae",4,2,0,64,34,0.0625,0.0588235294117647,-0.0836415243841293,NA,NA,NA
"Megachile oligolege","M_062","Megachilidae",6,5,0.72,450,83,0.0133333333333333,0.0602409638554217,-0.4774508757226,NA,NA,NA
"Megachile pacifica","M_015","Megachilidae",1,1,0,127,39,0.0078740157480315,0.0256410256410256,-0.495159011971961,NA,NA,NA
"Megachile petulans","M_062","Megachilidae",1,1,0,450,83,0.00222222222222222,0.0120481927710843,-0.707565570178455,NA,NA,NA
"Megachile pseudomonticola","M_054","Megachilidae",1,1,0,82,40,0.0121951219512195,0.025,-0.587989990263029,NA,NA,NA
"Megachile pugnata","M_005","Megachilidae",5,3,0.5,84,28,0.0595238095238095,0.107142857142857,-0.0998066140668934,"Megachilidae","Megachile",3.1
"Megachile relativa","M_005","Megachilidae",4,3,0.444444444444444,84,28,0.0476190476190476,0.107142857142857,-0.240961682532928,"Megachilidae","Megachile",2.68
"Megachile remota","M_053","Megachilidae",1,1,0,64,27,0.015625,0.037037037037037,-0.681181667409623,NA,NA,NA
"Megachile remota sakagamii","M_021","Megachilidae",1,1,0,77,36,0.012987012987013,0.0277777777777778,-0.577139006490875,NA,NA,NA
"Megachile remota sakagamii","M_054","Megachilidae",2,2,0.5,82,40,0.024390243902439,0.05,-0.393076181336058,NA,NA,NA
"Megachile semirufa","M_001","Megachilidae",16,10,0.85207100591716,44,17,0.363636363636364,0.588235294117647,2.94410161767816,"Megachilidae","Megachile",4.19
"Megachile semirufa","M_002","Megachilidae",4,4,0.666666666666667,21,12,0.19047619047619,0.333333333333333,0.573292943662343,"Megachilidae","Megachile",4.19
"Megachile semirufa","M_003","Megachilidae",1,1,0,8,6,0.125,0.166666666666667,-0.993399267798783,"Megachilidae","Megachile",4.19
"Megachile seychellensis","M_061","Megachilidae",13,10,0.875739644970414,33,23,0.393939393939394,0.434782608695652,-0.370809924354783,NA,NA,NA
"Megachile sp","M_11.2","Megachilidae",3,3,0.5,13,9,0.230769230769231,0.333333333333333,-0.577350269189626,NA,NA,NA
"Megachile sp1","M_001","Megachilidae",13,9,0.864197530864198,44,17,0.295454545454545,0.529411764705882,2.21920402714833,NA,NA,NA
"Megachile sp1","M_002","Megachilidae",4,4,0.666666666666667,21,12,0.19047619047619,0.333333333333333,0.573292943662343,NA,NA,NA
"Megachile sp1 M PL 005","M_005","Megachilidae",2,2,0,84,28,0.0238095238095238,0.0714285714285714,-0.523271819464998,NA,NA,NA
"Megachile sp1 M PL 015","M_015","Megachilidae",17,11,0.859375,127,39,0.133858267716535,0.282051282051282,1.16121361214663,NA,NA,NA
"Megachile sp1 M PL 019","M_019","Megachilidae",1,1,0,20,12,0.05,0.0833333333333333,-0.572593799653756,NA,NA,NA
"Megachile sp1 M PL 022","M_022","Megachilidae",7,4,0.56,8,4,0.875,1,1.75411603861406,NA,NA,NA
"Megachile sp1 M PL 023","M_023","Megachilidae",3,3,0.666666666666667,16,11,0.1875,0.272727272727273,0.948683298050514,NA,NA,NA
"Megachile sp1 M PL 030","M_030","Megachilidae",1,1,0,17,9,0.0588235294117647,0.111111111111111,-0.499227377623237,NA,NA,NA
"Megachile sp1 M PL 051","M_051","Megachilidae",1,1,0,13,12,0.0769230769230769,0.0833333333333333,-0.620841267304183,NA,NA,NA
"Megachile sp1 M PL 056","M_056","Megachilidae",1,1,1,60,20,0.0166666666666667,0.05,-0.652606156545778,NA,NA,NA
"Megachile sp1 M PL 058","M_058","Megachilidae",1,1,0,28,15,0.0357142857142857,0.0666666666666667,-0.859922335592968,NA,NA,NA
"Megachile sp1 M PL 072","M_072","Megachilidae",1,1,0,86,29,0.0116279069767442,0.0344827586206897,-0.635019829553215,NA,NA,NA
"Megachile sp2","M_001","Megachilidae",6,5,0.72,44,17,0.136363636363636,0.294117647058824,0.527776315912067,NA,NA,NA
"Megachile sp2","M_002","Megachilidae",1,1,0,21,12,0.0476190476190476,0.0833333333333333,-0.755704334827634,NA,NA,NA
"Megachile sp2 M PL 015","M_015","Megachilidae",2,1,0,127,39,0.015748031496063,0.0256410256410256,-0.391635722964549,NA,NA,NA
"Megachile sp2 M PL 022","M_022","Megachilidae",4,3,0.444444444444444,8,4,0.5,0.75,0.438529009653515,NA,NA,NA
"Megachile sp2 M PL 023","M_023","Megachilidae",4,3,0.625,16,11,0.25,0.272727272727273,1.89736659610103,NA,NA,NA
"Megachile sp2 M PL 051","M_051","Megachilidae",1,1,0,13,12,0.0769230769230769,0.0833333333333333,-0.620841267304183,NA,NA,NA
"Megachile sp2 M PL 058","M_058","Megachilidae",5,4,0.666666666666667,28,15,0.178571428571429,0.266666666666667,-0.12560663328886,NA,NA,NA
"Megachile sp2 M PL 072","M_072","Megachilidae",1,1,0,86,29,0.0116279069767442,0.0344827586206897,-0.635019829553215,NA,NA,NA
"Megachile sp3 M PL 015","M_015","Megachilidae",2,2,0.5,127,39,0.015748031496063,0.0512820512820513,-0.391635722964549,NA,NA,NA
"Megachile sp3 M PL 072","M_072","Megachilidae",3,2,0.444444444444444,86,29,0.0348837209302326,0.0689655172413793,-0.482972828110896,NA,NA,NA
"Megachile sp4","M_002","Megachilidae",1,1,0,21,12,0.0476190476190476,0.0833333333333333,-0.755704334827634,NA,NA,NA
"Megachile sp4 M PL 015","M_015","Megachilidae",1,1,0,127,39,0.0078740157480315,0.0256410256410256,-0.495159011971961,NA,NA,NA
"Megachile sp4 M PL 072","M_072","Megachilidae",2,2,0,86,29,0.0232558139534884,0.0689655172413793,-0.558996328832056,NA,NA,NA
"Megachile sp5","M_002","Megachilidae",3,3,0.666666666666667,21,12,0.142857142857143,0.25,0.130293850832351,NA,NA,NA
"Megachile sp5","M_003","Megachilidae",3,3,0.666666666666667,8,6,0.375,0.5,-0.198679853559757,NA,NA,NA
"Megachile strophostylis","M_062","Megachilidae",3,3,0.666666666666667,450,83,0.00666666666666667,0.036144578313253,-0.615519692396113,NA,NA,NA
"Megachile subalbuta","M_054","Megachilidae",5,4,0.72,82,40,0.0609756097560976,0.1,0.191665245444855,NA,NA,NA
"Megachile sumizome","M_056","Megachilidae",1,1,1,60,20,0.0166666666666667,0.05,-0.652606156545778,NA,NA,NA
"Megachile texana","M_005","Megachilidae",2,2,0,84,28,0.0238095238095238,0.0714285714285714,-0.523271819464998,"Megachilidae","Megachile",3.65
"Megachile tsurugensis","M_021","Megachilidae",3,3,0.666666666666667,77,36,0.038961038961039,0.0833333333333333,-0.219862478663191,NA,NA,NA
"Megachile tsurugensis","M_055","Megachilidae",3,3,0.5,41,19,0.0731707317073171,0.157894736842105,-0.0558595798581803,NA,NA,NA
"Megachile tsurugensis","M_057","Megachilidae",6,5,0.72,87,39,0.0689655172413793,0.128205128205128,0.12975689923324,NA,NA,NA
"Megachile tsurugensis","M_053","Megachilidae",2,1,0,64,27,0.03125,0.037037037037037,-0.401722521805675,NA,NA,NA
"Megachile tsurugensis","M_056","Megachilidae",1,1,0,60,20,0.0166666666666667,0.05,-0.652606156545778,NA,NA,NA
"Megachile tsurugensis","M_054","Megachilidae",6,6,0.8,82,40,0.0731707317073171,0.15,0.386579054371826,NA,NA,NA
"Megachile tsururgensis","M_057","Megachilidae",1,1,0,87,39,0.0114942528735632,0.0256410256410256,-0.526844277609662,NA,NA,NA
"Megachile versicolor","M_047","Megachilidae",1,1,0,18,8,0.0555555555555556,0.125,-0.701872737225941,"Megachilidae","Megachile",3.3
"Megachile vidua","M_005","Megachilidae",1,1,1,84,28,0.0119047619047619,0.0357142857142857,-0.664426887931033,NA,NA,NA
"Megachile villipes","M_015","Megachilidae",1,1,0,127,39,0.0078740157480315,0.0256410256410256,-0.495159011971961,NA,NA,NA
"Megachile willughbiella","M_006","Megachilidae",1,1,0,11,5,0.0909090909090909,0.2,-0.718418288639171,"Megachilidae","Megachile",3.41
"Megachile wootoni","M_005","Megachilidae",12,6,0.716049382716049,84,28,0.142857142857143,0.214285714285714,0.888278865195351,NA,NA,NA
"Megachile wootoni calogaster","M_005","Megachilidae",5,2,0,84,28,0.0595238095238095,0.0714285714285714,-0.0998066140668934,NA,NA,NA
"Megachile yasumatsui","M_057","Megachilidae",2,2,0,87,39,0.0229885057471264,0.0512820512820513,-0.395524042241081,NA,NA,NA
"Megilla maculata","M_062","Apidae",11,8,0.839506172839506,450,83,0.0244444444444444,0.0963855421686747,-0.247336181266745,NA,NA,NA
"Melecta curvispina","M_008","Apidae",3,3,0.666666666666667,10,8,0.3,0.375,-0.285830975237515,"Apidae","Melecta",3
"Melecta tuberculata","M_015","Apidae",4,4,0.75,127,39,0.031496062992126,0.102564102564103,-0.184589144949725,"Apidae","Melecta",3.5
"Melipona asilvai","M_076","Apidae",5,1,1,38,1,0.131578947368421,1,-0.119178088447463,NA,NA,NA
"Melipona favosa","M_030","Apidae",3,3,0.5,17,9,0.176470588235294,0.333333333333333,0.570545574426557,NA,NA,NA
"Melipona quadrifasciata","M_076","Apidae",1,1,1,38,1,0.0263157894736842,1,-0.559220261176556,"Apidae","Melipona",3
"Melipona scutellaris","M_031","Apidae",13,11,0.892561983471074,40,20,0.325,0.55,1.61059776787271,NA,NA,NA
"Melissodes agilis","M_062","Apidae",49,23,0.936722552731206,450,83,0.108888888888889,0.27710843373494,1.50153549659775,"Apidae","Melissodes",3.24
"Melissodes aurigenia","M_005","Apidae",1,1,1,84,28,0.0119047619047619,0.0357142857142857,-0.664426887931033,NA,NA,NA
"Melissodes autumnalis","M_062","Apidae",30,14,0.888888888888889,450,83,0.0666666666666667,0.168674698795181,0.627099657665504,NA,NA,NA
"Melissodes bimaculata","M_073","Apidae",1,1,0,30,18,0.0333333333333333,0.0555555555555556,-0.587149728513621,NA,NA,NA
"Melissodes cnici","M_062","Apidae",18,12,0.887573964497041,450,83,0.04,0.144578313253012,0.0748243909714522,NA,NA,NA
"Melissodes coloradensis","M_062","Apidae",1,1,0,450,83,0.00222222222222222,0.0120481927710843,-0.707565570178455,NA,NA,NA
"Melissodes comptoides","M_062","Apidae",3,2,0.444444444444444,450,83,0.00666666666666667,0.0240963855421687,-0.615519692396113,NA,NA,NA
"Melissodes coreopsis","M_062","Apidae",3,3,0.666666666666667,450,83,0.00666666666666667,0.036144578313253,-0.615519692396113,"Apidae","Melissodes",2.6
"Melissodes fremonti","M_005","Apidae",2,2,0,84,28,0.0238095238095238,0.0714285714285714,-0.523271819464998,NA,NA,NA
"Melissodes oligolege","M_062","Apidae",5,5,0.8,450,83,0.0111111111111111,0.0602409638554217,-0.523473814613771,NA,NA,NA
"Melissodes pallida","M_062","Apidae",9,7,0.8125,450,83,0.02,0.0843373493975904,-0.339382059049087,NA,NA,NA
"Melissodes simillima","M_062","Apidae",11,6,0.73469387755102,450,83,0.0244444444444444,0.072289156626506,-0.247336181266745,NA,NA,NA
"Melissodes sp1 M PL 005","M_005","Apidae",1,1,0,84,28,0.0119047619047619,0.0357142857142857,-0.664426887931033,NA,NA,NA
"Melissodes vernoniana","M_062","Apidae",13,6,0.56198347107438,450,83,0.0288888888888889,0.072289156626506,-0.155290303484403,NA,NA,NA
"Melissoptila tandilensis","M_072","Apidae",6,3,0.32,86,29,0.0697674418604651,0.103448275862069,-0.254902325947417,NA,NA,NA
"Mesonychium gayi","M_001","Apidae",2,1,0,44,17,0.0454545454545455,0.0588235294117647,-0.438753804794369,NA,NA,NA
"Microstelis lateralis","M_062","Megachilidae",17,11,0.875739644970414,450,83,0.0377777777777778,0.132530120481928,0.0288014520802812,NA,NA,NA
"Monilosmia canadensis","M_062","Megachilidae",1,1,0,450,83,0.00222222222222222,0.0120481927710843,-0.707565570178455,NA,NA,NA
"Nomada asozuana","M_053","Apidae",1,1,0,64,27,0.015625,0.037037037037037,-0.681181667409623,NA,NA,NA
"Nomada aswensis","M_057","Apidae",2,2,0,87,39,0.0229885057471264,0.0512820512820513,-0.395524042241081,NA,NA,NA
"Nomada babiyi","M_015","Apidae",1,1,1,127,39,0.0078740157480315,0.0256410256410256,-0.495159011971961,"Apidae","Nomada",0.87
"Nomada basalis","M_015","Apidae",8,7,0.816326530612245,127,39,0.062992125984252,0.179487179487179,0.229504011079925,"Apidae","Nomada",1.77
"Nomada bishopii","M_025","Apidae",1,1,0,13,11,0.0769230769230769,0.0909090909090909,-1.1195857368787,NA,NA,NA
"Nomada clalii okubira","M_057","Apidae",1,1,0,87,39,0.0114942528735632,0.0256410256410256,-0.526844277609662,NA,NA,NA
"Nomada comparata","M_057","Apidae",1,1,0,87,39,0.0114942528735632,0.0256410256410256,-0.526844277609662,NA,NA,NA
"Nomada corcyraea","M_015","Apidae",1,1,0,127,39,0.0078740157480315,0.0256410256410256,-0.495159011971961,"Apidae","Nomada",1.29
"Nomada cressonii","M_062","Apidae",29,14,0.875739644970414,450,83,0.0644444444444444,0.168674698795181,0.581076718774333,NA,NA,NA
"Nomada cuneata","M_004","Apidae",1,1,0,10,9,0.1,0.111111111111111,-0.58775344093241,NA,NA,NA
"Nomada denticulata","M_062","Apidae",19,14,0.901234567901235,450,83,0.0422222222222222,0.168674698795181,0.120847329862623,NA,NA,NA
"Nomada diervillae","M_053","Apidae",1,1,0,64,27,0.015625,0.037037037037037,-0.681181667409623,NA,NA,NA
"Nomada distinguenda","M_015","Apidae",1,1,0,127,39,0.0078740157480315,0.0256410256410256,-0.495159011971961,"Apidae","Nomada",1.07
"Nomada eos","M_015","Apidae",3,3,0.5,127,39,0.0236220472440945,0.0769230769230769,-0.288112433957137,"Apidae","Nomada",1.75
"Nomada erythrocephala","M_015","Apidae",1,1,1,127,39,0.0078740157480315,0.0256410256410256,-0.495159011971961,"Apidae","Nomada",1.58
"Nomada esakii","M_057","Apidae",2,2,0.5,87,39,0.0229885057471264,0.0512820512820513,-0.395524042241081,NA,NA,NA
"Nomada femoralis","M_015","Apidae",9,8,0.857142857142857,127,39,0.0708661417322835,0.205128205128205,0.333027300087337,"Apidae","Nomada",1.63
"Nomada flava","M_047","Apidae",1,1,0,18,8,0.0555555555555556,0.125,-0.701872737225941,"Apidae","Nomada",1.86
"Nomada flavoguttata japonensis","M_057","Apidae",1,1,0,87,39,0.0114942528735632,0.0256410256410256,-0.526844277609662,NA,NA,NA
"Nomada fucata","M_015","Apidae",4,2,0.375,127,39,0.031496062992126,0.0512820512820513,-0.184589144949725,"Apidae","Nomada",1.88
"Nomada fukuiana","M_055","Apidae",1,1,0,41,19,0.024390243902439,0.0526315789473684,-0.726174538156345,NA,NA,NA
"Nomada galloisi","M_021","Apidae",2,2,0.5,77,36,0.025974025974026,0.0555555555555556,-0.398500742577033,NA,NA,NA
"Nomada ginran","M_021","Apidae",3,3,0.5,77,36,0.038961038961039,0.0833333333333333,-0.219862478663191,NA,NA,NA
"Nomada ginran","M_054","Apidae",3,3,0.666666666666667,82,40,0.0365853658536585,0.075,-0.198162372409087,NA,NA,NA
"Nomada ginran","M_057","Apidae",5,5,0.8,87,39,0.0574712643678161,0.128205128205128,-0.00156333613534024,NA,NA,NA
"Nomada hakonensis","M_057","Apidae",1,1,0,87,39,0.0114942528735632,0.0256410256410256,-0.526844277609662,NA,NA,NA
"Nomada hakonensis","M_021","Apidae",1,1,0,77,36,0.012987012987013,0.0277777777777778,-0.577139006490875,NA,NA,NA
"Nomada harimensis","M_057","Apidae",3,3,0.666666666666667,87,39,0.0344827586206897,0.0769230769230769,-0.264203806872501,NA,NA,NA
"Nomada illinoensis","M_062","Apidae",10,8,0.839506172839506,450,83,0.0222222222222222,0.0963855421686747,-0.293359120157916,NA,NA,NA
"Nomada imperialis","M_015","Apidae",2,2,0,127,39,0.015748031496063,0.0512820512820513,-0.391635722964549,"Apidae","Nomada",2.55
"Nomada issikii","M_056","Apidae",1,1,0,60,20,0.0166666666666667,0.05,-0.652606156545778,NA,NA,NA
"Nomada japonica","M_054","Apidae",1,1,0,82,40,0.0121951219512195,0.025,-0.587989990263029,NA,NA,NA
"Nomada japonica","M_053","Apidae",1,1,0,64,27,0.015625,0.037037037037037,-0.681181667409623,NA,NA,NA
"Nomada lucidula","M_015","Apidae",7,6,0.777777777777778,127,39,0.0551181102362205,0.153846153846154,0.125980722072512,"Apidae","Nomada",2.43
"Nomada luteola","M_025","Apidae",1,1,0,13,11,0.0769230769230769,0.0909090909090909,-1.1195857368787,NA,NA,NA
"Nomada luteola","M_032","Apidae",1,1,0,7,5,0.142857142857143,0.2,-0.690849279707757,NA,NA,NA
"Nomada mavromoustakisi","M_015","Apidae",1,1,0,127,39,0.0078740157480315,0.0256410256410256,-0.495159011971961,"Apidae","Nomada",0.84
"Nomada muinensis","M_053","Apidae",1,1,0,64,27,0.015625,0.037037037037037,-0.681181667409623,NA,NA,NA
"Nomada mutabilis","M_016","Apidae",1,1,1,24,14,0.0416666666666667,0.0714285714285714,-0.691652297909279,"Apidae","Nomada",1.72
"Nomada mutsuensis","M_053","Apidae",1,1,0,64,27,0.015625,0.037037037037037,-0.681181667409623,NA,NA,NA
"Nomada nipponica","M_055","Apidae",2,1,0,41,19,0.0487804878048781,0.0526315789473684,-0.391017059007262,NA,NA,NA
"Nomada pacifica","M_021","Apidae",2,1,0,77,36,0.025974025974026,0.0277777777777778,-0.398500742577033,NA,NA,NA
"Nomada panzeri","M_047","Apidae",2,2,0,18,8,0.111111111111111,0.25,-0.316698674114144,"Apidae","Nomada",1.63
"Nomada parva","M_062","Apidae",7,7,0.857142857142857,450,83,0.0155555555555556,0.0843373493975904,-0.431427936831429,NA,NA,NA
"Nomada perplexa","M_025","Apidae",4,4,0.666666666666667,13,11,0.307692307692308,0.363636363636364,0.294627825494395,NA,NA,NA
"Nomada propinqua","M_015","Apidae",8,7,0.84375,127,39,0.062992125984252,0.179487179487179,0.229504011079925,"Apidae","Nomada",1.74
"Nomada pygmaea","M_025","Apidae",3,3,0.5,13,11,0.230769230769231,0.272727272727273,-0.176776695296637,NA,NA,NA
"Nomada ruficornis","M_047","Apidae",1,1,0,18,8,0.0555555555555556,0.125,-0.701872737225941,"Apidae","Nomada",1.79
"Nomada rufipes","M_047","Apidae",1,1,0,18,8,0.0555555555555556,0.125,-0.701872737225941,"Apidae","Nomada",1.45
"Nomada salicis","M_062","Apidae",8,7,0.816326530612245,450,83,0.0177777777777778,0.0843373493975904,-0.385404997940258,NA,NA,NA
"Nomada sayi","M_004","Apidae",1,1,0,10,9,0.1,0.111111111111111,-0.58775344093241,NA,NA,NA
"Nomada sayi","M_025","Apidae",1,1,0,13,11,0.0769230769230769,0.0909090909090909,-1.1195857368787,NA,NA,NA
"Nomada shepparadana okubira","M_054","Apidae",1,1,1,82,40,0.0121951219512195,0.025,-0.587989990263029,NA,NA,NA
"Nomada shepparadana okubira","M_057","Apidae",11,8,0.839506172839506,87,39,0.126436781609195,0.205128205128205,0.786358076076142,NA,NA,NA
"Nomada shirakii","M_057","Apidae",1,1,0,87,39,0.0114942528735632,0.0256410256410256,-0.526844277609662,NA,NA,NA
"Nomada simplex","M_062","Apidae",1,1,0,450,83,0.00222222222222222,0.0120481927710843,-0.707565570178455,NA,NA,NA
"Nomada sp1 M PL 005","M_005","Apidae",2,1,0,84,28,0.0238095238095238,0.0357142857142857,-0.523271819464998,NA,NA,NA
"Nomada sp1 M PL 015","M_015","Apidae",1,1,0,127,39,0.0078740157480315,0.0256410256410256,-0.495159011971961,NA,NA,NA
"Nomada sp1 M PL 025","M_025","Apidae",6,5,0.72,13,11,0.461538461538462,0.454545454545455,1.23743686707646,NA,NA,NA
"Nomada sp1 M PL 047","M_047","Apidae",2,2,0.5,18,8,0.111111111111111,0.25,-0.316698674114144,NA,NA,NA
"Nomada sp1 M PL 053","M_053","Apidae",1,1,0,64,27,0.015625,0.037037037037037,-0.681181667409623,NA,NA,NA
"Nomada sp1 M PL 056","M_056","Apidae",1,1,0,60,20,0.0166666666666667,0.05,-0.652606156545778,NA,NA,NA
"Nomada sp1 M PL 057","M_057","Apidae",1,1,0,87,39,0.0114942528735632,0.0256410256410256,-0.526844277609662,NA,NA,NA
"Nomada sp1 M PL 058","M_058","Apidae",5,3,0.5,28,15,0.178571428571429,0.2,-0.12560663328886,NA,NA,NA
"Nomada succinta","M_015","Apidae",1,1,1,127,39,0.0078740157480315,0.0256410256410256,-0.495159011971961,NA,NA,NA
"Nomada trispinosa","M_015","Apidae",2,2,0.5,127,39,0.015748031496063,0.0512820512820513,-0.391635722964549,"Apidae","Nomada",1.64
"Nomia pavonula","M_044","Halictidae",2,2,0.5,64,34,0.03125,0.0588235294117647,-0.463830271584717,NA,NA,NA
"Nomia sp1 M PL 015","M_015","Halictidae",1,1,0,127,39,0.0078740157480315,0.0256410256410256,-0.495159011971961,NA,NA,NA
"Nomioides facilis","M_015","Halictidae",3,3,0.666666666666667,127,39,0.0236220472440945,0.0769230769230769,-0.288112433957137,"Halictidae","Nomioides",0.8
"Oligotropus campanulae","M_062","Megachilidae",5,5,0.8,450,83,0.0111111111111111,0.0602409638554217,-0.523473814613771,NA,NA,NA
"Oligotropus oligolege","M_062","Megachilidae",3,3,0.5,450,83,0.00666666666666667,0.036144578313253,-0.615519692396113,NA,NA,NA
"Osmia abnormis","M_005","Megachilidae",1,1,0,84,28,0.0119047619047619,0.0357142857142857,-0.664426887931033,NA,NA,NA
"Osmia albolateralis","M_005","Megachilidae",1,1,0,84,28,0.0119047619047619,0.0357142857142857,-0.664426887931033,NA,NA,NA
"Osmia apicata","M_015","Megachilidae",1,1,1,127,39,0.0078740157480315,0.0256410256410256,-0.495159011971961,"Megachilidae","Osmia",3.24
"Osmia atriventris","M_062","Megachilidae",13,9,0.84297520661157,450,83,0.0288888888888889,0.108433734939759,-0.155290303484403,"Megachilidae","Osmia",2.08
"Osmia atriventris","M_025","Megachilidae",2,2,0.5,13,11,0.153846153846154,0.181818181818182,-0.648181216087669,"Megachilidae","Osmia",2.08
"Osmia aurulenta","M_015","Megachilidae",24,14,0.888429752066116,127,39,0.188976377952756,0.358974358974359,1.88587663519852,"Megachilidae","Osmia",2.92
"Osmia bella","M_005","Megachilidae",1,1,0,84,28,0.0119047619047619,0.0357142857142857,-0.664426887931033,NA,NA,NA
"Osmia brevis","M_005","Megachilidae",1,1,0,84,28,0.0119047619047619,0.0357142857142857,-0.664426887931033,NA,NA,NA
"Osmia bruneri","M_005","Megachilidae",7,4,0.625,84,28,0.0833333333333333,0.142857142857143,0.182503522865177,"Megachilidae","Osmia",2.1
"Osmia caerulescens","M_015","Megachilidae",1,1,0,127,39,0.0078740157480315,0.0256410256410256,-0.495159011971961,"Megachilidae","Osmia",2.37
"Osmia collinsiae","M_062","Megachilidae",3,2,0.444444444444444,450,83,0.00666666666666667,0.0240963855421687,-0.615519692396113,"Megachilidae","Osmia",2.7
"Osmia coloradella","M_005","Megachilidae",2,2,0,84,28,0.0238095238095238,0.0714285714285714,-0.523271819464998,NA,NA,NA
"Osmia conjucta","M_025","Megachilidae",6,6,0.8,13,11,0.461538461538462,0.545454545454545,1.23743686707646,NA,NA,NA
"Osmia cornifrons","M_057","Megachilidae",1,1,0,87,39,0.0114942528735632,0.0256410256410256,-0.526844277609662,NA,NA,NA
"Osmia densa","M_005","Megachilidae",9,6,0.775510204081633,84,28,0.107142857142857,0.214285714285714,0.464813659797247,NA,NA,NA
"Osmia fulgida","M_005","Megachilidae",4,2,0.375,84,28,0.0476190476190476,0.0714285714285714,-0.240961682532928,NA,NA,NA
"Osmia fulviventris","M_015","Megachilidae",8,6,0.73469387755102,127,39,0.062992125984252,0.153846153846154,0.229504011079925,NA,NA,NA
"Osmia hypoleuca","M_005","Megachilidae",3,2,0,84,28,0.0357142857142857,0.0714285714285714,-0.382116750998963,NA,NA,NA
"Osmia illinoensis","M_062","Megachilidae",2,2,0,450,83,0.00444444444444444,0.0240963855421687,-0.661542631287284,NA,NA,NA
"Osmia imaii","M_054","Megachilidae",3,3,0.666666666666667,82,40,0.0365853658536585,0.075,-0.198162372409087,NA,NA,NA
"Osmia lignaria","M_025","Megachilidae",3,3,0.5,13,11,0.230769230769231,0.272727272727273,-0.176776695296637,"Megachilidae","Osmia",2.9
"Osmia lignaria","M_004","Megachilidae",1,1,0,10,9,0.1,0.111111111111111,-0.58775344093241,"Megachilidae","Osmia",2.9
"Osmia megacephala","M_005","Megachilidae",1,1,1,84,28,0.0119047619047619,0.0357142857142857,-0.664426887931033,NA,NA,NA
"Osmia melanogaster","M_015","Megachilidae",6,3,0.5,127,39,0.047244094488189,0.0769230769230769,0.0224574330651,"Megachilidae","Osmia",2.66
"Osmia melanotricha","M_005","Megachilidae",6,4,0.666666666666667,84,28,0.0714285714285714,0.142857142857143,0.0413484543991416,NA,NA,NA
"Osmia moreensis","M_015","Megachilidae",1,1,0,127,39,0.0078740157480315,0.0256410256410256,-0.495159011971961,"Megachilidae","Osmia",2.18
"Osmia mustelina","M_015","Megachilidae",1,1,1,127,39,0.0078740157480315,0.0256410256410256,-0.495159011971961,"Megachilidae","Osmia",3.92
"Osmia nana","M_015","Megachilidae",1,1,0,127,39,0.0078740157480315,0.0256410256410256,-0.495159011971961,"Megachilidae","Osmia",1.35
"Osmia nigrifrons","M_005","Megachilidae",2,1,0,84,28,0.0238095238095238,0.0357142857142857,-0.523271819464998,"Megachilidae","Osmia",2.43
"Osmia orientalis","M_021","Megachilidae",1,1,0,77,36,0.012987012987013,0.0277777777777778,-0.577139006490875,NA,NA,NA
"Osmia orientalis","M_054","Megachilidae",1,1,0,82,40,0.0121951219512195,0.025,-0.587989990263029,NA,NA,NA
"Osmia pentstemonis","M_005","Megachilidae",5,3,0.444444444444444,84,28,0.0595238095238095,0.107142857142857,-0.0998066140668934,"Megachilidae","Osmia",1.75
"Osmia phaceliae","M_005","Megachilidae",5,4,0.666666666666667,84,28,0.0595238095238095,0.142857142857143,-0.0998066140668934,NA,NA,NA
"Osmia propinqua","M_005","Megachilidae",5,3,0.56,84,28,0.0595238095238095,0.107142857142857,-0.0998066140668934,NA,NA,NA
"Osmia proxima","M_004","Megachilidae",2,2,0.5,10,9,0.2,0.222222222222222,-0.0551018850874134,"Megachilidae","Osmia",2.16
"Osmia pumila","M_004","Megachilidae",1,1,0,10,9,0.1,0.111111111111111,-0.58775344093241,"Megachilidae","Osmia",1.9
"Osmia pusilla","M_005","Megachilidae",1,1,0,84,28,0.0119047619047619,0.0357142857142857,-0.664426887931033,"Megachilidae","Osmia",1.58
"Osmia rohweri","M_005","Megachilidae",1,1,0,84,28,0.0119047619047619,0.0357142857142857,-0.664426887931033,NA,NA,NA
"Osmia signata","M_015","Megachilidae",3,2,0.444444444444444,127,39,0.0236220472440945,0.0512820512820513,-0.288112433957137,"Megachilidae","Osmia",2.71
"Osmia simillima","M_025","Megachilidae",1,1,0,13,11,0.0769230769230769,0.0909090909090909,-1.1195857368787,"Megachilidae","Osmia",2.53
"Osmia sp1 M PL 005","M_005","Megachilidae",3,3,0.666666666666667,84,28,0.0357142857142857,0.107142857142857,-0.382116750998963,NA,NA,NA
"Osmia sp1 M PL 015","M_015","Megachilidae",2,2,0.5,127,39,0.015748031496063,0.0512820512820513,-0.391635722964549,NA,NA,NA
"Osmia sp1 M PL 016","M_016","Megachilidae",1,1,0,24,14,0.0416666666666667,0.0714285714285714,-0.691652297909279,NA,NA,NA
"Osmia sp1 M PL 025","M_025","Megachilidae",5,5,0.75,13,11,0.384615384615385,0.454545454545455,0.766032346285427,NA,NA,NA
"Osmia sp1 M PL 058","M_058","Megachilidae",5,5,0.75,28,15,0.178571428571429,0.333333333333333,-0.12560663328886,NA,NA,NA
"Osmia subcornuta","M_015","Megachilidae",1,1,0,127,39,0.0078740157480315,0.0256410256410256,-0.495159011971961,"Megachilidae","Osmia",2.41
"Osmia taurus","M_021","Megachilidae",2,1,0,77,36,0.025974025974026,0.0277777777777778,-0.398500742577033,NA,NA,NA
"Osmia taurus","M_055","Megachilidae",1,1,1,41,19,0.024390243902439,0.0526315789473684,-0.726174538156345,NA,NA,NA
"Osmia taurus","M_054","Megachilidae",1,1,0,82,40,0.0121951219512195,0.025,-0.587989990263029,NA,NA,NA
"Osmia versicolor","M_015","Megachilidae",6,4,0.666666666666667,127,39,0.047244094488189,0.102564102564103,0.0224574330651,"Megachilidae","Osmia",1.78
"Osmia wardiana","M_005","Megachilidae",1,1,1,84,28,0.0119047619047619,0.0357142857142857,-0.664426887931033,NA,NA,NA
"Panurgillus sp1 M PL 072","M_072","Andrenidae",6,4,0.64,86,29,0.0697674418604651,0.137931034482759,-0.254902325947417,NA,NA,NA
"Panurginus crawfordi","M_054","Andrenidae",2,1,0,82,40,0.024390243902439,0.025,-0.393076181336058,NA,NA,NA
"Panurginus cressoniellus","M_005","Andrenidae",5,3,0.444444444444444,84,28,0.0595238095238095,0.107142857142857,-0.0998066140668934,NA,NA,NA
"Panurginus sp1 M PL 005","M_005","Andrenidae",5,4,0.666666666666667,84,28,0.0595238095238095,0.142857142857143,-0.0998066140668934,NA,NA,NA
"Panurgus sp1 M PL 016","M_016","Andrenidae",1,1,1,24,14,0.0416666666666667,0.0714285714285714,-0.691652297909279,NA,NA,NA
"Paralictus cephalicus","M_062","Halictidae",3,3,0.5,450,83,0.00666666666666667,0.036144578313253,-0.615519692396113,NA,NA,NA
"Paralictus platyparius","M_062","Halictidae",10,8,0.814814814814815,450,83,0.0222222222222222,0.0963855421686747,-0.293359120157916,NA,NA,NA
"Paralictus simplex","M_062","Halictidae",4,4,0.666666666666667,450,83,0.00888888888888889,0.0481927710843374,-0.569496753504942,NA,NA,NA
"Paranomia nortonii","M_062","Halictidae",4,4,0.666666666666667,450,83,0.00888888888888889,0.0481927710843374,-0.569496753504942,NA,NA,NA
"Paroxystoglossa sp1 M PL 072","M_072","Halictidae",1,1,0,86,29,0.0116279069767442,0.0344827586206897,-0.635019829553215,NA,NA,NA
"Partamona sp","M_076","Apidae",2,1,1,38,1,0.0526315789473684,1,-0.449209717994283,NA,NA,NA
"Peponapis pruinosa","M_062","Apidae",8,5,0.722222222222222,450,83,0.0177777777777778,0.0602409638554217,-0.385404997940258,"Apidae","Peponapis",3.16
"Perdita 8 maculata","M_062","Andrenidae",27,15,0.875283446712018,450,83,0.06,0.180722891566265,0.489030840991991,NA,NA,NA
"Pereirapis sp1 M PL 030","M_030","Halictidae",3,2,0,17,9,0.176470588235294,0.222222222222222,0.570545574426557,NA,NA,NA
"Plebeia sp","M_076","Apidae",5,1,1,38,1,0.131578947368421,1,-0.119178088447463,NA,NA,NA
"Prosopis basalis","M_005","Colletidae",7,4,0.64,84,28,0.0833333333333333,0.142857142857143,0.182503522865177,NA,NA,NA
"Prosopis coloradensis","M_005","Colletidae",1,1,0,84,28,0.0119047619047619,0.0357142857142857,-0.664426887931033,NA,NA,NA
"Prosopis communis","M_049","Colletidae",1,1,0,16,9,0.0625,0.111111111111111,-0.981980506061966,NA,NA,NA
"Prosopis crataegi","M_062","Colletidae",10,10,0.9,450,83,0.0222222222222222,0.120481927710843,-0.293359120157916,NA,NA,NA
"Prosopis cressoni","M_005","Colletidae",1,1,0,84,28,0.0119047619047619,0.0357142857142857,-0.664426887931033,NA,NA,NA
"Prosopis elliptica","M_005","Colletidae",13,6,0.775510204081633,84,28,0.154761904761905,0.214285714285714,1.02943393366139,NA,NA,NA
"Prosopis episcopalis","M_005","Colletidae",3,3,0.5,84,28,0.0357142857142857,0.107142857142857,-0.382116750998963,NA,NA,NA
"Prosopis eulophi","M_062","Colletidae",9,8,0.857142857142857,450,83,0.02,0.0963855421686747,-0.339382059049087,NA,NA,NA
"Prosopis illinoensis","M_062","Colletidae",2,2,0.5,450,83,0.00444444444444444,0.0240963855421687,-0.661542631287284,NA,NA,NA
"Prosopis nelumbonis","M_062","Colletidae",22,16,0.920634920634921,450,83,0.0488888888888889,0.192771084337349,0.258916146536136,NA,NA,NA
"Prosopis pygmaea","M_062","Colletidae",4,2,0.375,450,83,0.00888888888888889,0.0240963855421687,-0.569496753504942,NA,NA,NA
"Prosopis saniculae","M_062","Colletidae",2,1,0,450,83,0.00444444444444444,0.0120481927710843,-0.661542631287284,NA,NA,NA
"Prosopis sp1 M PL 005","M_005","Colletidae",1,1,0,84,28,0.0119047619047619,0.0357142857142857,-0.664426887931033,NA,NA,NA
"Prosopis thaspii","M_062","Colletidae",49,25,0.930839002267574,450,83,0.108888888888889,0.301204819277108,1.50153549659775,NA,NA,NA
"Prosopis tridentula","M_005","Colletidae",1,1,0,84,28,0.0119047619047619,0.0357142857142857,-0.664426887931033,NA,NA,NA
"Prosopis varifrons","M_005","Colletidae",11,4,0.53125,84,28,0.130952380952381,0.142857142857143,0.747123796729317,NA,NA,NA
"Prosopis wootoni","M_005","Colletidae",4,3,0.444444444444444,84,28,0.0476190476190476,0.107142857142857,-0.240961682532928,NA,NA,NA
"Prosopis ziziae","M_062","Colletidae",3,3,0.5,450,83,0.00666666666666667,0.036144578313253,-0.615519692396113,NA,NA,NA
"Protosmia tauricola","M_015","Megachilidae",1,1,0,127,39,0.0078740157480315,0.0256410256410256,-0.495159011971961,NA,NA,NA
"Psaenythia rufipes","M_023","Andrenidae",4,2,0.5,16,11,0.25,0.181818181818182,1.89736659610103,NA,NA,NA
"Pseudagapostemon brasiliensis","M_072","Halictidae",1,1,0,86,29,0.0116279069767442,0.0344827586206897,-0.635019829553215,NA,NA,NA
"Pseudagapostemon pampeanus","M_072","Halictidae",4,1,0,86,29,0.0465116279069767,0.0344827586206897,-0.406949327389737,NA,NA,NA
"Pseudagapostemon singularis","M_072","Halictidae",1,1,0,86,29,0.0116279069767442,0.0344827586206897,-0.635019829553215,NA,NA,NA
"Pseudoanthidium alpinum","M_015","Megachilidae",1,1,0,127,39,0.0078740157480315,0.0256410256410256,-0.495159011971961,"Megachilidae","Pseudoanthidium",2.14
"Pseudoanthidium cribratum","M_015","Megachilidae",1,1,0,127,39,0.0078740157480315,0.0256410256410256,-0.495159011971961,NA,NA,NA
"Pseudoheriades asiaticus","M_015","Megachilidae",4,2,0,127,39,0.031496062992126,0.0512820512820513,-0.184589144949725,NA,NA,NA
"Pseudopanurgus albitarsis","M_062","Andrenidae",4,4,0.75,450,83,0.00888888888888889,0.0481927710843374,-0.569496753504942,NA,NA,NA
"Pseudopanurgus asteris","M_062","Andrenidae",2,2,0,450,83,0.00444444444444444,0.0240963855421687,-0.661542631287284,NA,NA,NA
"Pseudopanurgus compositarum","M_062","Andrenidae",6,6,0.833333333333333,450,83,0.0133333333333333,0.072289156626506,-0.4774508757226,NA,NA,NA
"Pseudopanurgus labrosiformis","M_062","Andrenidae",48,24,0.93,450,83,0.106666666666667,0.289156626506024,1.45551255770658,NA,NA,NA
"Pseudopanurgus labrosus","M_062","Andrenidae",57,24,0.919378698224852,450,83,0.126666666666667,0.289156626506024,1.86971900772712,NA,NA,NA
"Pseudopanurgus rudbeckiae","M_062","Andrenidae",2,2,0,450,83,0.00444444444444444,0.0240963855421687,-0.661542631287284,NA,NA,NA
"Pseudopanurgus rugosus","M_062","Andrenidae",1,1,0,450,83,0.00222222222222222,0.0120481927710843,-0.707565570178455,NA,NA,NA
"Ptilothrix bombiformus","M_073","Apidae",3,3,0.666666666666667,30,18,0.1,0.166666666666667,-0.164813958881016,NA,NA,NA
"Pyrobombus impatiens","M_033","Apidae",7,2,0.244897959183674,11,4,0.636363636363636,0.5,0.515252912950972,"Apidae","Pyrobombus",4.42
"Pyrobombus perplexus","M_033","Apidae",5,3,0.64,11,4,0.454545454545455,0.75,-0.394016933433096,NA,NA,NA
"Pyrobombus sandersoni","M_033","Apidae",9,3,0.493827160493827,11,4,0.818181818181818,0.75,1.42452275933504,NA,NA,NA
"Pyrobombus ternarius","M_033","Apidae",11,4,0.46,11,4,1,1,2.33379260571911,"Apidae","Pyrobombus",3.17
"Rhodanthidium caturigense","M_015","Megachilidae",2,2,0.5,127,39,0.015748031496063,0.0512820512820513,-0.391635722964549,"Megachilidae","Rhodanthidium",2.82
"Rhodanthidium septemdentatum","M_015","Megachilidae",33,14,0.855359001040583,127,39,0.259842519685039,0.358974358974359,2.81758623626523,"Megachilidae","Rhodanthidium",3.38
"Rophites quinquespinosus","M_015","Halictidae",2,1,0,127,39,0.015748031496063,0.0256410256410256,-0.391635722964549,"Halictidae","Rophites",2.28
"Ruizantheda divaricata","M_072","Halictidae",7,4,0.5,86,29,0.0813953488372093,0.137931034482759,-0.178878825226258,NA,NA,NA
"Ruizantheda mutabilis","M_001","Halictidae",2,2,0.5,44,17,0.0454545454545455,0.117647058823529,-0.438753804794369,"Halictidae","Ruizantheda",1.68
"Ruizantheda mutabilis","M_051","Halictidae",6,6,0.833333333333333,13,12,0.461538461538462,0.5,1.6270322867282,"Halictidae","Ruizantheda",1.68
"Ruizantheda nigrocaerulea","M_051","Halictidae",2,2,0.5,13,12,0.153846153846154,0.166666666666667,-0.171266556497706,NA,NA,NA
"Ruizantheda proxima","M_051","Halictidae",1,1,0,13,12,0.0769230769230769,0.0833333333333333,-0.620841267304183,NA,NA,NA
"Sarogaster georgica","M_062","Megachilidae",1,1,1,450,83,0.00222222222222222,0.0120481927710843,-0.707565570178455,NA,NA,NA
"Sphecodes arvensis","M_062","Halictidae",12,9,0.861111111111111,450,83,0.0266666666666667,0.108433734939759,-0.201313242375574,NA,NA,NA
"Sphecodes ephippius","M_047","Halictidae",1,1,0,18,8,0.0555555555555556,0.125,-0.701872737225941,"Halictidae","Sphecodes",1.53
"Sphecodes ephippius","M_015","Halictidae",3,3,0.5,127,39,0.0236220472440945,0.0769230769230769,-0.288112433957137,"Halictidae","Sphecodes",1.53
"Sphecodes geoffrellus","M_047","Halictidae",1,1,0,18,8,0.0555555555555556,0.125,-0.701872737225941,"Halictidae","Sphecodes",1.07
"Sphecodes heraclei","M_062","Halictidae",18,9,0.777777777777778,450,83,0.04,0.108433734939759,0.0748243909714522,NA,NA,NA
"Sphecodes hirtellus","M_016","Halictidae",1,1,0,24,14,0.0416666666666667,0.0714285714285714,-0.691652297909279,"Halictidae","Sphecodes",1.02
"Sphecodes marginatus","M_012","Halictidae",1,1,1,14,10,0.0714285714285714,0.1,-0.872009295040585,"Halictidae","Sphecodes",1.01
"Sphecodes marginatus","M_039","Halictidae",1,1,1,16,10,0.0625,0.1,-1.19197617582337,"Halictidae","Sphecodes",1.01
"Sphecodes marginatus","M_050","Halictidae",6,6,0.8,12,9,0.5,0.666666666666667,0.835504418211084,"Halictidae","Sphecodes",1.01
"Sphecodes minor","M_062","Halictidae",13,9,0.809917355371901,450,83,0.0288888888888889,0.108433734939759,-0.155290303484403,NA,NA,NA
"Sphecodes pellucidus","M_047","Halictidae",1,1,0,18,8,0.0555555555555556,0.125,-0.701872737225941,"Halictidae","Sphecodes",1.74
"Sphecodes pellucidus","M_016","Halictidae",1,1,1,24,14,0.0416666666666667,0.0714285714285714,-0.691652297909279,"Halictidae","Sphecodes",1.74
"Sphecodes ruficrus","M_012","Halictidae",1,1,1,14,10,0.0714285714285714,0.1,-0.872009295040585,"Halictidae","Sphecodes",1.56
"Sphecodes sophiae","M_005","Halictidae",7,4,0.56,84,28,0.0833333333333333,0.142857142857143,0.182503522865177,NA,NA,NA
"Sphecodes sp1 M PL 004","M_004","Halictidae",1,1,0,10,9,0.1,0.111111111111111,-0.58775344093241,NA,NA,NA
"Sphecodes sp1 M PL 021","M_021","Halictidae",1,1,1,77,36,0.012987012987013,0.0277777777777778,-0.577139006490875,NA,NA,NA
"Sphecodes sp1 M PL 047","M_047","Halictidae",1,1,0,18,8,0.0555555555555556,0.125,-0.701872737225941,NA,NA,NA
"Sphecodes sp1 M PL 058","M_058","Halictidae",3,3,0.666666666666667,28,15,0.107142857142857,0.2,-0.492764484440914,NA,NA,NA
"Spinoliella sp1 M PL 022","M_022","Andrenidae",2,1,1,8,4,0.25,0.25,-0.438529009653515,NA,NA,NA
"Stelis punctulatissima","M_015","Megachilidae",1,1,0,127,39,0.0078740157480315,0.0256410256410256,-0.495159011971961,"Megachilidae","Stelis",2.58
"Stelis signata","M_016","Megachilidae",2,2,0.5,24,14,0.0833333333333333,0.142857142857143,-0.334670466730296,"Megachilidae","Stelis",1.99
"Svastrides melanura","M_001","Apidae",1,1,0,44,17,0.0227272727272727,0.0588235294117647,-0.680386334970978,NA,NA,NA
"Svastrides melanura","M_051","Apidae",1,1,0,13,12,0.0769230769230769,0.0833333333333333,-0.620841267304183,NA,NA,NA
"Svastrides zebra","M_023","Apidae",2,2,0.5,16,11,0.125,0.181818181818182,0,NA,NA,NA
"Systropha planidens","M_015","Halictidae",1,1,0,127,39,0.0078740157480315,0.0256410256410256,-0.495159011971961,"Halictidae","Systropha",2.12
"Tapinotaspis caerulea","M_001","Apidae",1,1,0,44,17,0.0227272727272727,0.0588235294117647,-0.680386334970978,NA,NA,NA
"Tapinotaspis herbsti","M_001","Apidae",1,1,0,44,17,0.0227272727272727,0.0588235294117647,-0.680386334970978,NA,NA,NA
"Tetralonia alternans","M_015","Apidae",11,8,0.82,127,39,0.0866141732283465,0.205128205128205,0.540073878102161,NA,NA,NA
"Tetralonia belfragei","M_062","Apidae",31,20,0.931122448979592,450,83,0.0688888888888889,0.240963855421687,0.673122596556675,NA,NA,NA
"Tetralonia berlandi","M_016","Apidae",2,2,0,24,14,0.0833333333333333,0.142857142857143,-0.334670466730296,NA,NA,NA
"Tetralonia dilecta","M_062","Apidae",17,7,0.72189349112426,450,83,0.0377777777777778,0.0843373493975904,0.0288014520802812,NA,NA,NA
"Tetralonia mitsukurii","M_054","Apidae",1,1,0,82,40,0.0121951219512195,0.025,-0.587989990263029,NA,NA,NA
"Tetralonia mitsukurii","M_021","Apidae",2,2,0.5,77,36,0.025974025974026,0.0555555555555556,-0.398500742577033,NA,NA,NA
"Tetralonia nipponens","M_021","Apidae",1,1,0,77,36,0.012987012987013,0.0277777777777778,-0.577139006490875,NA,NA,NA
"Tetralonia nipponens","M_054","Apidae",11,10,0.88,82,40,0.134146341463415,0.25,1.36114809900668,NA,NA,NA
"Tetralonia nipponens","M_057","Apidae",1,1,0,87,39,0.0114942528735632,0.0256410256410256,-0.526844277609662,NA,NA,NA
"Tetralonia nipponensis","M_053","Apidae",6,5,0.777777777777778,64,27,0.09375,0.185185185185185,0.716114060610117,NA,NA,NA
"Tetralonia okinawae okinawae","M_044","Apidae",11,8,0.839506172839506,64,34,0.171875,0.235294117647059,1.24701909081793,NA,NA,NA
"Tetralonia robertsonii","M_062","Apidae",3,3,0.666666666666667,450,83,0.00666666666666667,0.036144578313253,-0.615519692396113,NA,NA,NA
"Tetralonia rosae","M_062","Apidae",1,1,1,450,83,0.00222222222222222,0.0120481927710843,-0.707565570178455,NA,NA,NA
"Thyreus histrionicus","M_012","Apidae",3,2,0.444444444444444,14,10,0.214285714285714,0.2,-0.0458952260547676,"Apidae","Thyreus",3.05
"Thyreus ramosus","M_015","Apidae",6,3,0.5,127,39,0.047244094488189,0.0769230769230769,0.0224574330651,"Apidae","Thyreus",2.37
"Thyreus truncatus","M_015","Apidae",1,1,0,127,39,0.0078740157480315,0.0256410256410256,-0.495159011971961,"Apidae","Thyreus",2.5
"Triepeolus concavus","M_062","Apidae",2,2,0.5,450,83,0.00444444444444444,0.0240963855421687,-0.661542631287284,NA,NA,NA
"Triepeolus cressonii","M_062","Apidae",67,32,0.933412604042806,450,83,0.148888888888889,0.385542168674699,2.32994839663883,NA,NA,NA
"Triepeolus donatus","M_062","Apidae",95,34,0.93129520052597,450,83,0.211111111111111,0.409638554216867,3.61859068559162,NA,NA,NA
"Triepeolus helianthi","M_062","Apidae",33,16,0.886576482830385,450,83,0.0733333333333333,0.192771084337349,0.765168474339017,NA,NA,NA
"Triepeolus helianthi grandior","M_005","Apidae",1,1,0,84,28,0.0119047619047619,0.0357142857142857,-0.664426887931033,NA,NA,NA
"Triepeolus lunatus","M_062","Apidae",1,1,0,450,83,0.00222222222222222,0.0120481927710843,-0.707565570178455,NA,NA,NA
"Triepeolus micropygius","M_062","Apidae",6,5,0.75,450,83,0.0133333333333333,0.0602409638554217,-0.4774508757226,NA,NA,NA
"Triepeolus nevadensis","M_062","Apidae",4,4,0.75,450,83,0.00888888888888889,0.0481927710843374,-0.569496753504942,NA,NA,NA
"Triepeolus pennipes","M_062","Apidae",37,20,0.90738813735692,450,83,0.0822222222222222,0.240963855421687,0.949260229903701,NA,NA,NA
"Triepeolus remigatus","M_062","Apidae",26,14,0.878472222222222,450,83,0.0577777777777778,0.168674698795181,0.44300790210082,NA,NA,NA
"Triepeolus simplex","M_062","Apidae",18,10,0.775510204081633,450,83,0.04,0.120481927710843,0.0748243909714522,NA,NA,NA
"Trigona angustula","M_030","Apidae",1,1,0,17,9,0.0588235294117647,0.111111111111111,-0.499227377623237,NA,NA,NA
"Trigona fulviventris","M_077","Apidae",7,1,0,12,1,0.583333333333333,1,1.52611672491475,"Apidae","Trigona",1.4
"Trigona gr  fuscipennis","M_076","Apidae",1,1,1,38,1,0.0263157894736842,1,-0.559220261176556,NA,NA,NA
"Trigona spinipes","M_076","Apidae",12,1,1,38,1,0.315789473684211,1,0.650895713828451,"Apidae","Trigona",1.8
"Trigonisca intermedia","M_076","Apidae",5,1,1,38,1,0.131578947368421,1,-0.119178088447463,NA,NA,NA
"Trigonisca sp","M_076","Apidae",1,1,1,38,1,0.0263157894736842,1,-0.559220261176556,NA,NA,NA
"Xanthosarus latimanus","M_062","Megachilidae",4,2,0.375,450,83,0.00888888888888889,0.0240963855421687,-0.569496753504942,NA,NA,NA
"Xenoglossa strenua","M_062","Apidae",34,19,0.897777777777778,450,83,0.0755555555555556,0.228915662650602,0.811191413230188,NA,NA,NA
"Xenoglossodes albata","M_062","Apidae",14,9,0.84297520661157,450,83,0.0311111111111111,0.108433734939759,-0.109267364593232,NA,NA,NA
"Xylocopa amamensis","M_044","Apidae",21,14,0.906574394463668,64,34,0.328125,0.411764705882353,3.14796282682087,NA,NA,NA
"Xylocopa appendicuiata circumvolan","M_054","Apidae",1,1,1,82,40,0.0121951219512195,0.025,-0.587989990263029,NA,NA,NA
"Xylocopa appendiculata","M_055","Apidae",1,1,0,41,19,0.024390243902439,0.0526315789473684,-0.726174538156345,NA,NA,NA
"Xylocopa appendiculata circumvolan","M_054","Apidae",24,17,0.921487603305785,82,40,0.292682926829268,0.425,3.8950276150573,NA,NA,NA
"Xylocopa appendiculata circumvolan","M_057","Apidae",1,1,0,87,39,0.0114942528735632,0.0256410256410256,-0.526844277609662,NA,NA,NA
"Xylocopa appendicutata","M_055","Apidae",2,2,0.5,41,19,0.0487804878048781,0.105263157894737,-0.391017059007262,NA,NA,NA
"Xylocopa augusti","M_072","Apidae",7,6,0.8,86,29,0.0813953488372093,0.206896551724138,-0.178878825226258,NA,NA,NA
"Xylocopa caffra","M_061","Apidae",9,6,0.814814814814815,33,23,0.272727272727273,0.260869565217391,-0.707909855586404,NA,NA,NA
"Xylocopa cantabrita","M_016","Apidae",7,6,0.777777777777778,24,14,0.291666666666667,0.428571428571429,1.45023868916462,"Apidae","Xylocopa",5.62
"Xylocopa ciliata","M_072","Apidae",19,7,0.578125,86,29,0.22093023255814,0.241379310344828,0.733403183427657,NA,NA,NA
"Xylocopa darwini","M_026","Apidae",80,31,0.913223140495868,80,31,1,1,NA,NA,NA,NA
"Xylocopa darwini","M_042","Apidae",11,8,0.814814814814815,11,8,1,1,NA,NA,NA,NA
"Xylocopa fenestrata","M_11.2","Apidae",3,3,0.5,13,9,0.230769230769231,0.333333333333333,-0.577350269189626,NA,NA,NA
"Xylocopa grisescens","M_059","Apidae",1,1,0,13,1,0.0769230769230769,1,-0.967405939784302,"Apidae","Xylocopa",7.7
"Xylocopa iris","M_015","Apidae",8,6,0.8125,127,39,0.062992125984252,0.153846153846154,0.229504011079925,"Apidae","Xylocopa",4.34
"Xylocopa sp1 M PL 031","M_031","Apidae",10,9,0.864197530864198,40,20,0.25,0.45,0.963822286286033,NA,NA,NA
"Xylocopa sp1 M PL 035","M_035","Apidae",1,1,1,27,15,0.037037037037037,0.0666666666666667,-0.63707122854525,NA,NA,NA
"Xylocopa sp1 M PL 040","M_040","Apidae",5,2,0,12,6,0.416666666666667,0.333333333333333,0.483820624822615,NA,NA,NA
"Xylocopa sp1 M PL 041","M_041","Apidae",6,5,0.72,14,9,0.428571428571429,0.555555555555556,-0.707106781186547,NA,NA,NA
"Xylocopa sp1 M PL 058","M_058","Apidae",1,1,0,28,15,0.0357142857142857,0.0666666666666667,-0.859922335592968,NA,NA,NA
"Xylocopa sp1 M PL 059","M_059","Apidae",2,1,0,13,1,0.153846153846154,1,-0.750573573970579,NA,NA,NA
"Xylocopa violacea","M_016","Apidae",1,1,0,24,14,0.0416666666666667,0.0714285714285714,-0.691652297909279,"Apidae","Xylocopa",6.67
"Xylocopa violacea","M_015","Apidae",5,5,0.8,127,39,0.0393700787401575,0.128205128205128,-0.0810658559423123,"Apidae","Xylocopa",6.67
"Xylocopa virginica virginica","M_025","Apidae",6,5,0.75,13,11,0.461538461538462,0.454545454545455,1.23743686707646,"Apidae","Xylocopa",5.64
