"especie","ID","genero","Familia","DIT","umbral","size","es.umbral"
"Agapostemon.splendens","M_005","Agapostemon","Halictidae",2.38,1,"Grande",FALSE
"Andrena.crataegi","M_005","Andrena","Andrenidae",1.81,1,"Grande",FALSE
"Andrena.imitatrix","M_005","Andrena","Andrenidae",4.49,1,"Grande",FALSE
"Andrena.vicina","M_005","Andrena","Andrenidae",2.54,1,"Grande",FALSE
"Apis.mellifera","M_005","Apis","Apidae",2.9,1,"Grande",FALSE
"Bombus.bifarius","M_005","Bombus","Apidae",2.89,1,"Grande",FALSE
"Bombus.centralis","M_005","Bombus","Apidae",3.06,1,"Grande",FALSE
"Bombus.fervidus","M_005","Bombus","Apidae",3.48,1,"Grande",FALSE
"Bombus.flavifrons","M_005","Bombus","Apidae",2.89,1,"Grande",FALSE
"Bombus.hunti","M_005","Bombus","Apidae",5.13,1,"Grande",FALSE
"Bombus.nevadensis","M_005","Bombus","Apidae",5.06,1,"Grande",FALSE
"Bombus.occidentalis","M_005","Bombus","Apidae",3.89,1,"Grande",FALSE
"Bombus.pennsylvanicus","M_005","Bombus","Apidae",6,1,"Grande",FALSE
"Colletes.kincaidi","M_005","Colletes","Colletidae",1.97,1,"Grande",FALSE
"Megachile.gemula.albula","M_005","Megachile","Megachilidae",3.62,1,"Grande",FALSE
"Megachile.pugnata","M_005","Megachile","Megachilidae",3.1,1,"Grande",FALSE
"Megachile.relativa","M_005","Megachile","Megachilidae",2.68,1,"Grande",FALSE
"Megachile.texana","M_005","Megachile","Megachilidae",3.65,1,"Grande",FALSE
"Osmia.bruneri","M_005","Osmia","Megachilidae",2.1,1,"Grande",FALSE
"Osmia.nigrifrons","M_005","Osmia","Megachilidae",2.43,1,"Grande",FALSE
"Osmia.pentstemonis","M_005","Osmia","Megachilidae",1.75,1,"Grande",FALSE
"Osmia.pusilla","M_005","Osmia","Megachilidae",1.58,1,"Grande",FALSE
"Agapostemon.splendens","M_005","Agapostemon","Halictidae",2.38,2,"Grande",TRUE
"Andrena.crataegi","M_005","Andrena","Andrenidae",1.81,2,"Pequena",TRUE
"Andrena.imitatrix","M_005","Andrena","Andrenidae",4.49,2,"Grande",TRUE
"Andrena.vicina","M_005","Andrena","Andrenidae",2.54,2,"Grande",TRUE
"Apis.mellifera","M_005","Apis","Apidae",2.9,2,"Grande",TRUE
"Bombus.bifarius","M_005","Bombus","Apidae",2.89,2,"Grande",TRUE
"Bombus.centralis","M_005","Bombus","Apidae",3.06,2,"Grande",TRUE
"Bombus.fervidus","M_005","Bombus","Apidae",3.48,2,"Grande",TRUE
"Bombus.flavifrons","M_005","Bombus","Apidae",2.89,2,"Grande",TRUE
"Bombus.hunti","M_005","Bombus","Apidae",5.13,2,"Grande",TRUE
"Bombus.nevadensis","M_005","Bombus","Apidae",5.06,2,"Grande",TRUE
"Bombus.occidentalis","M_005","Bombus","Apidae",3.89,2,"Grande",TRUE
"Bombus.pennsylvanicus","M_005","Bombus","Apidae",6,2,"Grande",TRUE
"Colletes.kincaidi","M_005","Colletes","Colletidae",1.97,2,"Pequena",TRUE
"Megachile.gemula.albula","M_005","Megachile","Megachilidae",3.62,2,"Grande",TRUE
"Megachile.pugnata","M_005","Megachile","Megachilidae",3.1,2,"Grande",TRUE
"Megachile.relativa","M_005","Megachile","Megachilidae",2.68,2,"Grande",TRUE
"Megachile.texana","M_005","Megachile","Megachilidae",3.65,2,"Grande",TRUE
"Osmia.bruneri","M_005","Osmia","Megachilidae",2.1,2,"Grande",TRUE
"Osmia.nigrifrons","M_005","Osmia","Megachilidae",2.43,2,"Grande",TRUE
"Osmia.pentstemonis","M_005","Osmia","Megachilidae",1.75,2,"Pequena",TRUE
"Osmia.pusilla","M_005","Osmia","Megachilidae",1.58,2,"Pequena",TRUE
"Agapostemon.splendens","M_005","Agapostemon","Halictidae",2.38,3,"Pequena",TRUE
"Andrena.crataegi","M_005","Andrena","Andrenidae",1.81,3,"Pequena",TRUE
"Andrena.imitatrix","M_005","Andrena","Andrenidae",4.49,3,"Grande",TRUE
"Andrena.vicina","M_005","Andrena","Andrenidae",2.54,3,"Pequena",TRUE
"Apis.mellifera","M_005","Apis","Apidae",2.9,3,"Pequena",TRUE
"Bombus.bifarius","M_005","Bombus","Apidae",2.89,3,"Pequena",TRUE
"Bombus.centralis","M_005","Bombus","Apidae",3.06,3,"Grande",TRUE
"Bombus.fervidus","M_005","Bombus","Apidae",3.48,3,"Grande",TRUE
"Bombus.flavifrons","M_005","Bombus","Apidae",2.89,3,"Pequena",TRUE
"Bombus.hunti","M_005","Bombus","Apidae",5.13,3,"Grande",TRUE
"Bombus.nevadensis","M_005","Bombus","Apidae",5.06,3,"Grande",TRUE
"Bombus.occidentalis","M_005","Bombus","Apidae",3.89,3,"Grande",TRUE
"Bombus.pennsylvanicus","M_005","Bombus","Apidae",6,3,"Grande",TRUE
"Colletes.kincaidi","M_005","Colletes","Colletidae",1.97,3,"Pequena",TRUE
"Megachile.gemula.albula","M_005","Megachile","Megachilidae",3.62,3,"Grande",TRUE
"Megachile.pugnata","M_005","Megachile","Megachilidae",3.1,3,"Grande",TRUE
"Megachile.relativa","M_005","Megachile","Megachilidae",2.68,3,"Pequena",TRUE
"Megachile.texana","M_005","Megachile","Megachilidae",3.65,3,"Grande",TRUE
"Osmia.bruneri","M_005","Osmia","Megachilidae",2.1,3,"Pequena",TRUE
"Osmia.nigrifrons","M_005","Osmia","Megachilidae",2.43,3,"Pequena",TRUE
"Osmia.pentstemonis","M_005","Osmia","Megachilidae",1.75,3,"Pequena",TRUE
"Osmia.pusilla","M_005","Osmia","Megachilidae",1.58,3,"Pequena",TRUE
"Agapostemon.splendens","M_005","Agapostemon","Halictidae",2.38,4,"Pequena",TRUE
"Andrena.crataegi","M_005","Andrena","Andrenidae",1.81,4,"Pequena",TRUE
"Andrena.imitatrix","M_005","Andrena","Andrenidae",4.49,4,"Grande",TRUE
"Andrena.vicina","M_005","Andrena","Andrenidae",2.54,4,"Pequena",TRUE
"Apis.mellifera","M_005","Apis","Apidae",2.9,4,"Pequena",TRUE
"Bombus.bifarius","M_005","Bombus","Apidae",2.89,4,"Pequena",TRUE
"Bombus.centralis","M_005","Bombus","Apidae",3.06,4,"Pequena",TRUE
"Bombus.fervidus","M_005","Bombus","Apidae",3.48,4,"Pequena",TRUE
"Bombus.flavifrons","M_005","Bombus","Apidae",2.89,4,"Pequena",TRUE
"Bombus.hunti","M_005","Bombus","Apidae",5.13,4,"Grande",TRUE
"Bombus.nevadensis","M_005","Bombus","Apidae",5.06,4,"Grande",TRUE
"Bombus.occidentalis","M_005","Bombus","Apidae",3.89,4,"Pequena",TRUE
"Bombus.pennsylvanicus","M_005","Bombus","Apidae",6,4,"Grande",TRUE
"Colletes.kincaidi","M_005","Colletes","Colletidae",1.97,4,"Pequena",TRUE
"Megachile.gemula.albula","M_005","Megachile","Megachilidae",3.62,4,"Pequena",TRUE
"Megachile.pugnata","M_005","Megachile","Megachilidae",3.1,4,"Pequena",TRUE
"Megachile.relativa","M_005","Megachile","Megachilidae",2.68,4,"Pequena",TRUE
"Megachile.texana","M_005","Megachile","Megachilidae",3.65,4,"Pequena",TRUE
"Osmia.bruneri","M_005","Osmia","Megachilidae",2.1,4,"Pequena",TRUE
"Osmia.nigrifrons","M_005","Osmia","Megachilidae",2.43,4,"Pequena",TRUE
"Osmia.pentstemonis","M_005","Osmia","Megachilidae",1.75,4,"Pequena",TRUE
"Osmia.pusilla","M_005","Osmia","Megachilidae",1.58,4,"Pequena",TRUE
"Agapostemon.splendens","M_005","Agapostemon","Halictidae",2.38,5,"Pequena",TRUE
"Andrena.crataegi","M_005","Andrena","Andrenidae",1.81,5,"Pequena",TRUE
"Andrena.imitatrix","M_005","Andrena","Andrenidae",4.49,5,"Pequena",TRUE
"Andrena.vicina","M_005","Andrena","Andrenidae",2.54,5,"Pequena",TRUE
"Apis.mellifera","M_005","Apis","Apidae",2.9,5,"Pequena",TRUE
"Bombus.bifarius","M_005","Bombus","Apidae",2.89,5,"Pequena",TRUE
"Bombus.centralis","M_005","Bombus","Apidae",3.06,5,"Pequena",TRUE
"Bombus.fervidus","M_005","Bombus","Apidae",3.48,5,"Pequena",TRUE
"Bombus.flavifrons","M_005","Bombus","Apidae",2.89,5,"Pequena",TRUE
"Bombus.hunti","M_005","Bombus","Apidae",5.13,5,"Grande",TRUE
"Bombus.nevadensis","M_005","Bombus","Apidae",5.06,5,"Grande",TRUE
"Bombus.occidentalis","M_005","Bombus","Apidae",3.89,5,"Pequena",TRUE
"Bombus.pennsylvanicus","M_005","Bombus","Apidae",6,5,"Grande",TRUE
"Colletes.kincaidi","M_005","Colletes","Colletidae",1.97,5,"Pequena",TRUE
"Megachile.gemula.albula","M_005","Megachile","Megachilidae",3.62,5,"Pequena",TRUE
"Megachile.pugnata","M_005","Megachile","Megachilidae",3.1,5,"Pequena",TRUE
"Megachile.relativa","M_005","Megachile","Megachilidae",2.68,5,"Pequena",TRUE
"Megachile.texana","M_005","Megachile","Megachilidae",3.65,5,"Pequena",TRUE
"Osmia.bruneri","M_005","Osmia","Megachilidae",2.1,5,"Pequena",TRUE
"Osmia.nigrifrons","M_005","Osmia","Megachilidae",2.43,5,"Pequena",TRUE
"Osmia.pentstemonis","M_005","Osmia","Megachilidae",1.75,5,"Pequena",TRUE
"Osmia.pusilla","M_005","Osmia","Megachilidae",1.58,5,"Pequena",TRUE
"Agapostemon.splendens","M_005","Agapostemon","Halictidae",2.38,6,"Pequena",FALSE
"Andrena.crataegi","M_005","Andrena","Andrenidae",1.81,6,"Pequena",FALSE
"Andrena.imitatrix","M_005","Andrena","Andrenidae",4.49,6,"Pequena",FALSE
"Andrena.vicina","M_005","Andrena","Andrenidae",2.54,6,"Pequena",FALSE
"Apis.mellifera","M_005","Apis","Apidae",2.9,6,"Pequena",FALSE
"Bombus.bifarius","M_005","Bombus","Apidae",2.89,6,"Pequena",FALSE
"Bombus.centralis","M_005","Bombus","Apidae",3.06,6,"Pequena",FALSE
"Bombus.fervidus","M_005","Bombus","Apidae",3.48,6,"Pequena",FALSE
"Bombus.flavifrons","M_005","Bombus","Apidae",2.89,6,"Pequena",FALSE
"Bombus.hunti","M_005","Bombus","Apidae",5.13,6,"Pequena",FALSE
"Bombus.nevadensis","M_005","Bombus","Apidae",5.06,6,"Pequena",FALSE
"Bombus.occidentalis","M_005","Bombus","Apidae",3.89,6,"Pequena",FALSE
"Bombus.pennsylvanicus","M_005","Bombus","Apidae",6,6,"Pequena",FALSE
"Colletes.kincaidi","M_005","Colletes","Colletidae",1.97,6,"Pequena",FALSE
"Megachile.gemula.albula","M_005","Megachile","Megachilidae",3.62,6,"Pequena",FALSE
"Megachile.pugnata","M_005","Megachile","Megachilidae",3.1,6,"Pequena",FALSE
"Megachile.relativa","M_005","Megachile","Megachilidae",2.68,6,"Pequena",FALSE
"Megachile.texana","M_005","Megachile","Megachilidae",3.65,6,"Pequena",FALSE
"Osmia.bruneri","M_005","Osmia","Megachilidae",2.1,6,"Pequena",FALSE
"Osmia.nigrifrons","M_005","Osmia","Megachilidae",2.43,6,"Pequena",FALSE
"Osmia.pentstemonis","M_005","Osmia","Megachilidae",1.75,6,"Pequena",FALSE
"Osmia.pusilla","M_005","Osmia","Megachilidae",1.58,6,"Pequena",FALSE
"Agapostemon.splendens","M_005","Agapostemon","Halictidae",2.38,7,"Pequena",FALSE
"Andrena.crataegi","M_005","Andrena","Andrenidae",1.81,7,"Pequena",FALSE
"Andrena.imitatrix","M_005","Andrena","Andrenidae",4.49,7,"Pequena",FALSE
"Andrena.vicina","M_005","Andrena","Andrenidae",2.54,7,"Pequena",FALSE
"Apis.mellifera","M_005","Apis","Apidae",2.9,7,"Pequena",FALSE
"Bombus.bifarius","M_005","Bombus","Apidae",2.89,7,"Pequena",FALSE
"Bombus.centralis","M_005","Bombus","Apidae",3.06,7,"Pequena",FALSE
"Bombus.fervidus","M_005","Bombus","Apidae",3.48,7,"Pequena",FALSE
"Bombus.flavifrons","M_005","Bombus","Apidae",2.89,7,"Pequena",FALSE
"Bombus.hunti","M_005","Bombus","Apidae",5.13,7,"Pequena",FALSE
"Bombus.nevadensis","M_005","Bombus","Apidae",5.06,7,"Pequena",FALSE
"Bombus.occidentalis","M_005","Bombus","Apidae",3.89,7,"Pequena",FALSE
"Bombus.pennsylvanicus","M_005","Bombus","Apidae",6,7,"Pequena",FALSE
"Colletes.kincaidi","M_005","Colletes","Colletidae",1.97,7,"Pequena",FALSE
"Megachile.gemula.albula","M_005","Megachile","Megachilidae",3.62,7,"Pequena",FALSE
"Megachile.pugnata","M_005","Megachile","Megachilidae",3.1,7,"Pequena",FALSE
"Megachile.relativa","M_005","Megachile","Megachilidae",2.68,7,"Pequena",FALSE
"Megachile.texana","M_005","Megachile","Megachilidae",3.65,7,"Pequena",FALSE
"Osmia.bruneri","M_005","Osmia","Megachilidae",2.1,7,"Pequena",FALSE
"Osmia.nigrifrons","M_005","Osmia","Megachilidae",2.43,7,"Pequena",FALSE
"Osmia.pentstemonis","M_005","Osmia","Megachilidae",1.75,7,"Pequena",FALSE
"Osmia.pusilla","M_005","Osmia","Megachilidae",1.58,7,"Pequena",FALSE
"Agapostemon.splendens","M_005","Agapostemon","Halictidae",2.38,8,"Pequena",FALSE
"Andrena.crataegi","M_005","Andrena","Andrenidae",1.81,8,"Pequena",FALSE
"Andrena.imitatrix","M_005","Andrena","Andrenidae",4.49,8,"Pequena",FALSE
"Andrena.vicina","M_005","Andrena","Andrenidae",2.54,8,"Pequena",FALSE
"Apis.mellifera","M_005","Apis","Apidae",2.9,8,"Pequena",FALSE
"Bombus.bifarius","M_005","Bombus","Apidae",2.89,8,"Pequena",FALSE
"Bombus.centralis","M_005","Bombus","Apidae",3.06,8,"Pequena",FALSE
"Bombus.fervidus","M_005","Bombus","Apidae",3.48,8,"Pequena",FALSE
"Bombus.flavifrons","M_005","Bombus","Apidae",2.89,8,"Pequena",FALSE
"Bombus.hunti","M_005","Bombus","Apidae",5.13,8,"Pequena",FALSE
"Bombus.nevadensis","M_005","Bombus","Apidae",5.06,8,"Pequena",FALSE
"Bombus.occidentalis","M_005","Bombus","Apidae",3.89,8,"Pequena",FALSE
"Bombus.pennsylvanicus","M_005","Bombus","Apidae",6,8,"Pequena",FALSE
"Colletes.kincaidi","M_005","Colletes","Colletidae",1.97,8,"Pequena",FALSE
"Megachile.gemula.albula","M_005","Megachile","Megachilidae",3.62,8,"Pequena",FALSE
"Megachile.pugnata","M_005","Megachile","Megachilidae",3.1,8,"Pequena",FALSE
"Megachile.relativa","M_005","Megachile","Megachilidae",2.68,8,"Pequena",FALSE
"Megachile.texana","M_005","Megachile","Megachilidae",3.65,8,"Pequena",FALSE
"Osmia.bruneri","M_005","Osmia","Megachilidae",2.1,8,"Pequena",FALSE
"Osmia.nigrifrons","M_005","Osmia","Megachilidae",2.43,8,"Pequena",FALSE
"Osmia.pentstemonis","M_005","Osmia","Megachilidae",1.75,8,"Pequena",FALSE
"Osmia.pusilla","M_005","Osmia","Megachilidae",1.58,8,"Pequena",FALSE
"Agapostemon.splendens","M_005","Agapostemon","Halictidae",2.38,9,"Pequena",FALSE
"Andrena.crataegi","M_005","Andrena","Andrenidae",1.81,9,"Pequena",FALSE
"Andrena.imitatrix","M_005","Andrena","Andrenidae",4.49,9,"Pequena",FALSE
"Andrena.vicina","M_005","Andrena","Andrenidae",2.54,9,"Pequena",FALSE
"Apis.mellifera","M_005","Apis","Apidae",2.9,9,"Pequena",FALSE
"Bombus.bifarius","M_005","Bombus","Apidae",2.89,9,"Pequena",FALSE
"Bombus.centralis","M_005","Bombus","Apidae",3.06,9,"Pequena",FALSE
"Bombus.fervidus","M_005","Bombus","Apidae",3.48,9,"Pequena",FALSE
"Bombus.flavifrons","M_005","Bombus","Apidae",2.89,9,"Pequena",FALSE
"Bombus.hunti","M_005","Bombus","Apidae",5.13,9,"Pequena",FALSE
"Bombus.nevadensis","M_005","Bombus","Apidae",5.06,9,"Pequena",FALSE
"Bombus.occidentalis","M_005","Bombus","Apidae",3.89,9,"Pequena",FALSE
"Bombus.pennsylvanicus","M_005","Bombus","Apidae",6,9,"Pequena",FALSE
"Colletes.kincaidi","M_005","Colletes","Colletidae",1.97,9,"Pequena",FALSE
"Megachile.gemula.albula","M_005","Megachile","Megachilidae",3.62,9,"Pequena",FALSE
"Megachile.pugnata","M_005","Megachile","Megachilidae",3.1,9,"Pequena",FALSE
"Megachile.relativa","M_005","Megachile","Megachilidae",2.68,9,"Pequena",FALSE
"Megachile.texana","M_005","Megachile","Megachilidae",3.65,9,"Pequena",FALSE
"Osmia.bruneri","M_005","Osmia","Megachilidae",2.1,9,"Pequena",FALSE
"Osmia.nigrifrons","M_005","Osmia","Megachilidae",2.43,9,"Pequena",FALSE
"Osmia.pentstemonis","M_005","Osmia","Megachilidae",1.75,9,"Pequena",FALSE
"Osmia.pusilla","M_005","Osmia","Megachilidae",1.58,9,"Pequena",FALSE
"Agapostemon.splendens","M_062","Agapostemon","Halictidae",2.38,1,"Grande",FALSE
"Agapostemon.texanus","M_062","Agapostemon","Halictidae",2.04,1,"Grande",FALSE
"Andrena.arabis","M_062","Andrena","Andrenidae",2.1,1,"Grande",FALSE
"Andrena.carlini","M_062","Andrena","Andrenidae",2.9,1,"Grande",FALSE
"Andrena.mandibularis","M_062","Andrena","Andrenidae",1.87,1,"Grande",FALSE
"Andrena.nubecula","M_062","Andrena","Andrenidae",1.17,1,"Grande",FALSE
"Andrena.personata","M_062","Andrena","Andrenidae",1.2,1,"Grande",FALSE
"Andrena.pruni","M_062","Andrena","Andrenidae",2.5,1,"Grande",FALSE
"Andrena.spiraeana","M_062","Andrena","Andrenidae",1.94,1,"Grande",FALSE
"Ashmeadiella.bucconis","M_062","","Megachilidae",1.78,1,"Grande",FALSE
"Bombus.impatiens","M_062","Bombus","Apidae",4.42,1,"Grande",FALSE
"Bombus.impatiens","M_062","Bombus","Apidae",3.38,1,"Grande",FALSE
"Bombus.pennsylvanicus","M_062","Bombus","Apidae",6,1,"Grande",FALSE
"Bombus.ridingsii","M_062","Bombus","Apidae",5.44,1,"Grande",FALSE
"Calliopsis.andreniformis","M_062","Calliopsis","Andrenidae",1.36,1,"Grande",FALSE
"Calliopsis.coloradensis","M_062","Calliopsis","Andrenidae",1.65,1,"Grande",FALSE
"Ceratina.dupla","M_062","Ceratina","Apidae",1.42,1,"Grande",FALSE
"Colletes.compactus","M_062","Colletes","Colletidae",3.143,1,"Grande",FALSE
"Colletes.similis","M_062","Colletes","Colletidae",2.37,1,"Grande",FALSE
"Megachile.mendica","M_062","Megachile","Megachilidae",3.3,1,"Grande",FALSE
"Melissodes.agilis","M_062","Melissodes","Apidae",3.24,1,"Grande",FALSE
"Melissodes.coreopsis","M_062","Melissodes","Apidae",2.6,1,"Grande",FALSE
"Osmia.atriventris","M_062","Osmia","Megachilidae",2.08,1,"Grande",FALSE
"Osmia.collinsiae","M_062","Osmia","Megachilidae",2.7,1,"Grande",FALSE
"Peponapis.pruinosa","M_062","Peponapis","Apidae",3.16,1,"Grande",FALSE
"Agapostemon.splendens","M_062","Agapostemon","Halictidae",2.38,2,"Grande",TRUE
"Agapostemon.texanus","M_062","Agapostemon","Halictidae",2.04,2,"Grande",TRUE
"Andrena.arabis","M_062","Andrena","Andrenidae",2.1,2,"Grande",TRUE
"Andrena.carlini","M_062","Andrena","Andrenidae",2.9,2,"Grande",TRUE
"Andrena.mandibularis","M_062","Andrena","Andrenidae",1.87,2,"Pequena",TRUE
"Andrena.nubecula","M_062","Andrena","Andrenidae",1.17,2,"Pequena",TRUE
"Andrena.personata","M_062","Andrena","Andrenidae",1.2,2,"Pequena",TRUE
"Andrena.pruni","M_062","Andrena","Andrenidae",2.5,2,"Grande",TRUE
"Andrena.spiraeana","M_062","Andrena","Andrenidae",1.94,2,"Pequena",TRUE
"Ashmeadiella.bucconis","M_062","","Megachilidae",1.78,2,"Pequena",TRUE
"Bombus.impatiens","M_062","Bombus","Apidae",4.42,2,"Grande",TRUE
"Bombus.impatiens","M_062","Bombus","Apidae",3.38,2,"Grande",TRUE
"Bombus.pennsylvanicus","M_062","Bombus","Apidae",6,2,"Grande",TRUE
"Bombus.ridingsii","M_062","Bombus","Apidae",5.44,2,"Grande",TRUE
"Calliopsis.andreniformis","M_062","Calliopsis","Andrenidae",1.36,2,"Pequena",TRUE
"Calliopsis.coloradensis","M_062","Calliopsis","Andrenidae",1.65,2,"Pequena",TRUE
"Ceratina.dupla","M_062","Ceratina","Apidae",1.42,2,"Pequena",TRUE
"Colletes.compactus","M_062","Colletes","Colletidae",3.143,2,"Grande",TRUE
"Colletes.similis","M_062","Colletes","Colletidae",2.37,2,"Grande",TRUE
"Megachile.mendica","M_062","Megachile","Megachilidae",3.3,2,"Grande",TRUE
"Melissodes.agilis","M_062","Melissodes","Apidae",3.24,2,"Grande",TRUE
"Melissodes.coreopsis","M_062","Melissodes","Apidae",2.6,2,"Grande",TRUE
"Osmia.atriventris","M_062","Osmia","Megachilidae",2.08,2,"Grande",TRUE
"Osmia.collinsiae","M_062","Osmia","Megachilidae",2.7,2,"Grande",TRUE
"Peponapis.pruinosa","M_062","Peponapis","Apidae",3.16,2,"Grande",TRUE
"Agapostemon.splendens","M_062","Agapostemon","Halictidae",2.38,3,"Pequena",TRUE
"Agapostemon.texanus","M_062","Agapostemon","Halictidae",2.04,3,"Pequena",TRUE
"Andrena.arabis","M_062","Andrena","Andrenidae",2.1,3,"Pequena",TRUE
"Andrena.carlini","M_062","Andrena","Andrenidae",2.9,3,"Pequena",TRUE
"Andrena.mandibularis","M_062","Andrena","Andrenidae",1.87,3,"Pequena",TRUE
"Andrena.nubecula","M_062","Andrena","Andrenidae",1.17,3,"Pequena",TRUE
"Andrena.personata","M_062","Andrena","Andrenidae",1.2,3,"Pequena",TRUE
"Andrena.pruni","M_062","Andrena","Andrenidae",2.5,3,"Pequena",TRUE
"Andrena.spiraeana","M_062","Andrena","Andrenidae",1.94,3,"Pequena",TRUE
"Ashmeadiella.bucconis","M_062","","Megachilidae",1.78,3,"Pequena",TRUE
"Bombus.impatiens","M_062","Bombus","Apidae",4.42,3,"Grande",TRUE
"Bombus.impatiens","M_062","Bombus","Apidae",3.38,3,"Grande",TRUE
"Bombus.pennsylvanicus","M_062","Bombus","Apidae",6,3,"Grande",TRUE
"Bombus.ridingsii","M_062","Bombus","Apidae",5.44,3,"Grande",TRUE
"Calliopsis.andreniformis","M_062","Calliopsis","Andrenidae",1.36,3,"Pequena",TRUE
"Calliopsis.coloradensis","M_062","Calliopsis","Andrenidae",1.65,3,"Pequena",TRUE
"Ceratina.dupla","M_062","Ceratina","Apidae",1.42,3,"Pequena",TRUE
"Colletes.compactus","M_062","Colletes","Colletidae",3.143,3,"Grande",TRUE
"Colletes.similis","M_062","Colletes","Colletidae",2.37,3,"Pequena",TRUE
"Megachile.mendica","M_062","Megachile","Megachilidae",3.3,3,"Grande",TRUE
"Melissodes.agilis","M_062","Melissodes","Apidae",3.24,3,"Grande",TRUE
"Melissodes.coreopsis","M_062","Melissodes","Apidae",2.6,3,"Pequena",TRUE
"Osmia.atriventris","M_062","Osmia","Megachilidae",2.08,3,"Pequena",TRUE
"Osmia.collinsiae","M_062","Osmia","Megachilidae",2.7,3,"Pequena",TRUE
"Peponapis.pruinosa","M_062","Peponapis","Apidae",3.16,3,"Grande",TRUE
"Agapostemon.splendens","M_062","Agapostemon","Halictidae",2.38,4,"Pequena",TRUE
"Agapostemon.texanus","M_062","Agapostemon","Halictidae",2.04,4,"Pequena",TRUE
"Andrena.arabis","M_062","Andrena","Andrenidae",2.1,4,"Pequena",TRUE
"Andrena.carlini","M_062","Andrena","Andrenidae",2.9,4,"Pequena",TRUE
"Andrena.mandibularis","M_062","Andrena","Andrenidae",1.87,4,"Pequena",TRUE
"Andrena.nubecula","M_062","Andrena","Andrenidae",1.17,4,"Pequena",TRUE
"Andrena.personata","M_062","Andrena","Andrenidae",1.2,4,"Pequena",TRUE
"Andrena.pruni","M_062","Andrena","Andrenidae",2.5,4,"Pequena",TRUE
"Andrena.spiraeana","M_062","Andrena","Andrenidae",1.94,4,"Pequena",TRUE
"Ashmeadiella.bucconis","M_062","","Megachilidae",1.78,4,"Pequena",TRUE
"Bombus.impatiens","M_062","Bombus","Apidae",4.42,4,"Grande",TRUE
"Bombus.impatiens","M_062","Bombus","Apidae",3.38,4,"Pequena",TRUE
"Bombus.pennsylvanicus","M_062","Bombus","Apidae",6,4,"Grande",TRUE
"Bombus.ridingsii","M_062","Bombus","Apidae",5.44,4,"Grande",TRUE
"Calliopsis.andreniformis","M_062","Calliopsis","Andrenidae",1.36,4,"Pequena",TRUE
"Calliopsis.coloradensis","M_062","Calliopsis","Andrenidae",1.65,4,"Pequena",TRUE
"Ceratina.dupla","M_062","Ceratina","Apidae",1.42,4,"Pequena",TRUE
"Colletes.compactus","M_062","Colletes","Colletidae",3.143,4,"Pequena",TRUE
"Colletes.similis","M_062","Colletes","Colletidae",2.37,4,"Pequena",TRUE
"Megachile.mendica","M_062","Megachile","Megachilidae",3.3,4,"Pequena",TRUE
"Melissodes.agilis","M_062","Melissodes","Apidae",3.24,4,"Pequena",TRUE
"Melissodes.coreopsis","M_062","Melissodes","Apidae",2.6,4,"Pequena",TRUE
"Osmia.atriventris","M_062","Osmia","Megachilidae",2.08,4,"Pequena",TRUE
"Osmia.collinsiae","M_062","Osmia","Megachilidae",2.7,4,"Pequena",TRUE
"Peponapis.pruinosa","M_062","Peponapis","Apidae",3.16,4,"Pequena",TRUE
"Agapostemon.splendens","M_062","Agapostemon","Halictidae",2.38,5,"Pequena",TRUE
"Agapostemon.texanus","M_062","Agapostemon","Halictidae",2.04,5,"Pequena",TRUE
"Andrena.arabis","M_062","Andrena","Andrenidae",2.1,5,"Pequena",TRUE
"Andrena.carlini","M_062","Andrena","Andrenidae",2.9,5,"Pequena",TRUE
"Andrena.mandibularis","M_062","Andrena","Andrenidae",1.87,5,"Pequena",TRUE
"Andrena.nubecula","M_062","Andrena","Andrenidae",1.17,5,"Pequena",TRUE
"Andrena.personata","M_062","Andrena","Andrenidae",1.2,5,"Pequena",TRUE
"Andrena.pruni","M_062","Andrena","Andrenidae",2.5,5,"Pequena",TRUE
"Andrena.spiraeana","M_062","Andrena","Andrenidae",1.94,5,"Pequena",TRUE
"Ashmeadiella.bucconis","M_062","","Megachilidae",1.78,5,"Pequena",TRUE
"Bombus.impatiens","M_062","Bombus","Apidae",4.42,5,"Pequena",TRUE
"Bombus.impatiens","M_062","Bombus","Apidae",3.38,5,"Pequena",TRUE
"Bombus.pennsylvanicus","M_062","Bombus","Apidae",6,5,"Grande",TRUE
"Bombus.ridingsii","M_062","Bombus","Apidae",5.44,5,"Grande",TRUE
"Calliopsis.andreniformis","M_062","Calliopsis","Andrenidae",1.36,5,"Pequena",TRUE
"Calliopsis.coloradensis","M_062","Calliopsis","Andrenidae",1.65,5,"Pequena",TRUE
"Ceratina.dupla","M_062","Ceratina","Apidae",1.42,5,"Pequena",TRUE
"Colletes.compactus","M_062","Colletes","Colletidae",3.143,5,"Pequena",TRUE
"Colletes.similis","M_062","Colletes","Colletidae",2.37,5,"Pequena",TRUE
"Megachile.mendica","M_062","Megachile","Megachilidae",3.3,5,"Pequena",TRUE
"Melissodes.agilis","M_062","Melissodes","Apidae",3.24,5,"Pequena",TRUE
"Melissodes.coreopsis","M_062","Melissodes","Apidae",2.6,5,"Pequena",TRUE
"Osmia.atriventris","M_062","Osmia","Megachilidae",2.08,5,"Pequena",TRUE
"Osmia.collinsiae","M_062","Osmia","Megachilidae",2.7,5,"Pequena",TRUE
"Peponapis.pruinosa","M_062","Peponapis","Apidae",3.16,5,"Pequena",TRUE
"Agapostemon.splendens","M_062","Agapostemon","Halictidae",2.38,6,"Pequena",FALSE
"Agapostemon.texanus","M_062","Agapostemon","Halictidae",2.04,6,"Pequena",FALSE
"Andrena.arabis","M_062","Andrena","Andrenidae",2.1,6,"Pequena",FALSE
"Andrena.carlini","M_062","Andrena","Andrenidae",2.9,6,"Pequena",FALSE
"Andrena.mandibularis","M_062","Andrena","Andrenidae",1.87,6,"Pequena",FALSE
"Andrena.nubecula","M_062","Andrena","Andrenidae",1.17,6,"Pequena",FALSE
"Andrena.personata","M_062","Andrena","Andrenidae",1.2,6,"Pequena",FALSE
"Andrena.pruni","M_062","Andrena","Andrenidae",2.5,6,"Pequena",FALSE
"Andrena.spiraeana","M_062","Andrena","Andrenidae",1.94,6,"Pequena",FALSE
"Ashmeadiella.bucconis","M_062","","Megachilidae",1.78,6,"Pequena",FALSE
"Bombus.impatiens","M_062","Bombus","Apidae",4.42,6,"Pequena",FALSE
"Bombus.impatiens","M_062","Bombus","Apidae",3.38,6,"Pequena",FALSE
"Bombus.pennsylvanicus","M_062","Bombus","Apidae",6,6,"Pequena",FALSE
"Bombus.ridingsii","M_062","Bombus","Apidae",5.44,6,"Pequena",FALSE
"Calliopsis.andreniformis","M_062","Calliopsis","Andrenidae",1.36,6,"Pequena",FALSE
"Calliopsis.coloradensis","M_062","Calliopsis","Andrenidae",1.65,6,"Pequena",FALSE
"Ceratina.dupla","M_062","Ceratina","Apidae",1.42,6,"Pequena",FALSE
"Colletes.compactus","M_062","Colletes","Colletidae",3.143,6,"Pequena",FALSE
"Colletes.similis","M_062","Colletes","Colletidae",2.37,6,"Pequena",FALSE
"Megachile.mendica","M_062","Megachile","Megachilidae",3.3,6,"Pequena",FALSE
"Melissodes.agilis","M_062","Melissodes","Apidae",3.24,6,"Pequena",FALSE
"Melissodes.coreopsis","M_062","Melissodes","Apidae",2.6,6,"Pequena",FALSE
"Osmia.atriventris","M_062","Osmia","Megachilidae",2.08,6,"Pequena",FALSE
"Osmia.collinsiae","M_062","Osmia","Megachilidae",2.7,6,"Pequena",FALSE
"Peponapis.pruinosa","M_062","Peponapis","Apidae",3.16,6,"Pequena",FALSE
"Agapostemon.splendens","M_062","Agapostemon","Halictidae",2.38,7,"Pequena",FALSE
"Agapostemon.texanus","M_062","Agapostemon","Halictidae",2.04,7,"Pequena",FALSE
"Andrena.arabis","M_062","Andrena","Andrenidae",2.1,7,"Pequena",FALSE
"Andrena.carlini","M_062","Andrena","Andrenidae",2.9,7,"Pequena",FALSE
"Andrena.mandibularis","M_062","Andrena","Andrenidae",1.87,7,"Pequena",FALSE
"Andrena.nubecula","M_062","Andrena","Andrenidae",1.17,7,"Pequena",FALSE
"Andrena.personata","M_062","Andrena","Andrenidae",1.2,7,"Pequena",FALSE
"Andrena.pruni","M_062","Andrena","Andrenidae",2.5,7,"Pequena",FALSE
"Andrena.spiraeana","M_062","Andrena","Andrenidae",1.94,7,"Pequena",FALSE
"Ashmeadiella.bucconis","M_062","","Megachilidae",1.78,7,"Pequena",FALSE
"Bombus.impatiens","M_062","Bombus","Apidae",4.42,7,"Pequena",FALSE
"Bombus.impatiens","M_062","Bombus","Apidae",3.38,7,"Pequena",FALSE
"Bombus.pennsylvanicus","M_062","Bombus","Apidae",6,7,"Pequena",FALSE
"Bombus.ridingsii","M_062","Bombus","Apidae",5.44,7,"Pequena",FALSE
"Calliopsis.andreniformis","M_062","Calliopsis","Andrenidae",1.36,7,"Pequena",FALSE
"Calliopsis.coloradensis","M_062","Calliopsis","Andrenidae",1.65,7,"Pequena",FALSE
"Ceratina.dupla","M_062","Ceratina","Apidae",1.42,7,"Pequena",FALSE
"Colletes.compactus","M_062","Colletes","Colletidae",3.143,7,"Pequena",FALSE
"Colletes.similis","M_062","Colletes","Colletidae",2.37,7,"Pequena",FALSE
"Megachile.mendica","M_062","Megachile","Megachilidae",3.3,7,"Pequena",FALSE
"Melissodes.agilis","M_062","Melissodes","Apidae",3.24,7,"Pequena",FALSE
"Melissodes.coreopsis","M_062","Melissodes","Apidae",2.6,7,"Pequena",FALSE
"Osmia.atriventris","M_062","Osmia","Megachilidae",2.08,7,"Pequena",FALSE
"Osmia.collinsiae","M_062","Osmia","Megachilidae",2.7,7,"Pequena",FALSE
"Peponapis.pruinosa","M_062","Peponapis","Apidae",3.16,7,"Pequena",FALSE
"Agapostemon.splendens","M_062","Agapostemon","Halictidae",2.38,8,"Pequena",FALSE
"Agapostemon.texanus","M_062","Agapostemon","Halictidae",2.04,8,"Pequena",FALSE
"Andrena.arabis","M_062","Andrena","Andrenidae",2.1,8,"Pequena",FALSE
"Andrena.carlini","M_062","Andrena","Andrenidae",2.9,8,"Pequena",FALSE
"Andrena.mandibularis","M_062","Andrena","Andrenidae",1.87,8,"Pequena",FALSE
"Andrena.nubecula","M_062","Andrena","Andrenidae",1.17,8,"Pequena",FALSE
"Andrena.personata","M_062","Andrena","Andrenidae",1.2,8,"Pequena",FALSE
"Andrena.pruni","M_062","Andrena","Andrenidae",2.5,8,"Pequena",FALSE
"Andrena.spiraeana","M_062","Andrena","Andrenidae",1.94,8,"Pequena",FALSE
"Ashmeadiella.bucconis","M_062","","Megachilidae",1.78,8,"Pequena",FALSE
"Bombus.impatiens","M_062","Bombus","Apidae",4.42,8,"Pequena",FALSE
"Bombus.impatiens","M_062","Bombus","Apidae",3.38,8,"Pequena",FALSE
"Bombus.pennsylvanicus","M_062","Bombus","Apidae",6,8,"Pequena",FALSE
"Bombus.ridingsii","M_062","Bombus","Apidae",5.44,8,"Pequena",FALSE
"Calliopsis.andreniformis","M_062","Calliopsis","Andrenidae",1.36,8,"Pequena",FALSE
"Calliopsis.coloradensis","M_062","Calliopsis","Andrenidae",1.65,8,"Pequena",FALSE
"Ceratina.dupla","M_062","Ceratina","Apidae",1.42,8,"Pequena",FALSE
"Colletes.compactus","M_062","Colletes","Colletidae",3.143,8,"Pequena",FALSE
"Colletes.similis","M_062","Colletes","Colletidae",2.37,8,"Pequena",FALSE
"Megachile.mendica","M_062","Megachile","Megachilidae",3.3,8,"Pequena",FALSE
"Melissodes.agilis","M_062","Melissodes","Apidae",3.24,8,"Pequena",FALSE
"Melissodes.coreopsis","M_062","Melissodes","Apidae",2.6,8,"Pequena",FALSE
"Osmia.atriventris","M_062","Osmia","Megachilidae",2.08,8,"Pequena",FALSE
"Osmia.collinsiae","M_062","Osmia","Megachilidae",2.7,8,"Pequena",FALSE
"Peponapis.pruinosa","M_062","Peponapis","Apidae",3.16,8,"Pequena",FALSE
"Agapostemon.splendens","M_062","Agapostemon","Halictidae",2.38,9,"Pequena",FALSE
"Agapostemon.texanus","M_062","Agapostemon","Halictidae",2.04,9,"Pequena",FALSE
"Andrena.arabis","M_062","Andrena","Andrenidae",2.1,9,"Pequena",FALSE
"Andrena.carlini","M_062","Andrena","Andrenidae",2.9,9,"Pequena",FALSE
"Andrena.mandibularis","M_062","Andrena","Andrenidae",1.87,9,"Pequena",FALSE
"Andrena.nubecula","M_062","Andrena","Andrenidae",1.17,9,"Pequena",FALSE
"Andrena.personata","M_062","Andrena","Andrenidae",1.2,9,"Pequena",FALSE
"Andrena.pruni","M_062","Andrena","Andrenidae",2.5,9,"Pequena",FALSE
"Andrena.spiraeana","M_062","Andrena","Andrenidae",1.94,9,"Pequena",FALSE
"Ashmeadiella.bucconis","M_062","","Megachilidae",1.78,9,"Pequena",FALSE
"Bombus.impatiens","M_062","Bombus","Apidae",4.42,9,"Pequena",FALSE
"Bombus.impatiens","M_062","Bombus","Apidae",3.38,9,"Pequena",FALSE
"Bombus.pennsylvanicus","M_062","Bombus","Apidae",6,9,"Pequena",FALSE
"Bombus.ridingsii","M_062","Bombus","Apidae",5.44,9,"Pequena",FALSE
"Calliopsis.andreniformis","M_062","Calliopsis","Andrenidae",1.36,9,"Pequena",FALSE
"Calliopsis.coloradensis","M_062","Calliopsis","Andrenidae",1.65,9,"Pequena",FALSE
"Ceratina.dupla","M_062","Ceratina","Apidae",1.42,9,"Pequena",FALSE
"Colletes.compactus","M_062","Colletes","Colletidae",3.143,9,"Pequena",FALSE
"Colletes.similis","M_062","Colletes","Colletidae",2.37,9,"Pequena",FALSE
"Megachile.mendica","M_062","Megachile","Megachilidae",3.3,9,"Pequena",FALSE
"Melissodes.agilis","M_062","Melissodes","Apidae",3.24,9,"Pequena",FALSE
"Melissodes.coreopsis","M_062","Melissodes","Apidae",2.6,9,"Pequena",FALSE
"Osmia.atriventris","M_062","Osmia","Megachilidae",2.08,9,"Pequena",FALSE
"Osmia.collinsiae","M_062","Osmia","Megachilidae",2.7,9,"Pequena",FALSE
"Peponapis.pruinosa","M_062","Peponapis","Apidae",3.16,9,"Pequena",FALSE
"Alloscirtetica.gayi","M_001","Alloscirtetica","Apidae",3.102,1,"Grande",FALSE
"Alloscirtetica.rufitarsis","M_001","Alloscirtetica","Apidae",3.36,1,"Grande",FALSE
"Alloscirtetica.sp","M_001","Alloscirtetica","Apidae",2.9,1,"Grande",FALSE
"Anthidium.chilensis","M_001","Anthidium","Megachilidae",1.2,1,"Grande",FALSE
"Anthidium.decaspilum","M_001","Anthidium","Megachilidae",3.2,1,"Grande",FALSE
"Anthidium.funereum","M_001","Anthidium","Megachilidae",3.2,1,"Grande",FALSE
"Anthidium.sp","M_001","Anthidium","Megachilidae",3.34,1,"Grande",FALSE
"Anthophora.incerta","M_001","Anthophora","Apidae",4.13,1,"Grande",FALSE
"Anthophora.sp","M_001","Anthophora","Apidae",4.13,1,"Grande",FALSE
"Bombus.dahlbomii","M_001","Bombus","Apidae",6.01,1,"Grande",FALSE
"Bombus.dahlbomii","M_001","Bombus","Apidae",6.1,1,"Grande",FALSE
"Cadeguala.occidentalis","M_001","Cadeguala","Colletidae",3.3,1,"Grande",FALSE
"Caenohalictus.sp","M_001","Caenohalictus","Halictidae",1.3,1,"Grande",FALSE
"Caenohalictus.sp2","M_001","Caenohalictus","Halictidae",1.3,1,"Grande",FALSE
"Caenohalictus.sp3","M_001","Caenohalictus","Halictidae",1.3,1,"Grande",FALSE
"Centris.cineraria","M_001","Centris","Apidae",5.108,1,"Grande",FALSE
"Centris.nigerrima","M_001","Centris","Apidae",4.836,1,"Grande",FALSE
"Centris.sp","M_001","Centris","Apidae",5.4,1,"Grande",FALSE
"Colletes.araucariae","M_001","Colletes","Colletidae",2.417,1,"Grande",FALSE
"Colletes.sp","M_001","Colletes","Colletidae",2.9,1,"Grande",FALSE
"Dialictus.sp","M_001","Dialictus","Halictidae",1.2,1,"Grande",FALSE
"Liphanthus.sabulosus","M_001","Liphanthus","Andrenidae",1.237,1,"Grande",FALSE
"Megachile.semirufa","M_001","Megachile","Megachilidae",4.19,1,"Grande",FALSE
"Megachile.sp1","M_001","Megachile","Megachilidae",3.2,1,"Grande",FALSE
"Megachile.sp2","M_001","Megachile","Megachilidae",3.2,1,"Grande",FALSE
"Ruizantheda.mutabilis","M_001","Ruizantheda","Halictidae",1.68,1,"Grande",FALSE
"Alloscirtetica.gayi","M_001","Alloscirtetica","Apidae",3.102,2,"Grande",TRUE
"Alloscirtetica.rufitarsis","M_001","Alloscirtetica","Apidae",3.36,2,"Grande",TRUE
"Alloscirtetica.sp","M_001","Alloscirtetica","Apidae",2.9,2,"Grande",TRUE
"Anthidium.chilensis","M_001","Anthidium","Megachilidae",1.2,2,"Pequena",TRUE
"Anthidium.decaspilum","M_001","Anthidium","Megachilidae",3.2,2,"Grande",TRUE
"Anthidium.funereum","M_001","Anthidium","Megachilidae",3.2,2,"Grande",TRUE
"Anthidium.sp","M_001","Anthidium","Megachilidae",3.34,2,"Grande",TRUE
"Anthophora.incerta","M_001","Anthophora","Apidae",4.13,2,"Grande",TRUE
"Anthophora.sp","M_001","Anthophora","Apidae",4.13,2,"Grande",TRUE
"Bombus.dahlbomii","M_001","Bombus","Apidae",6.01,2,"Grande",TRUE
"Bombus.dahlbomii","M_001","Bombus","Apidae",6.1,2,"Grande",TRUE
"Cadeguala.occidentalis","M_001","Cadeguala","Colletidae",3.3,2,"Grande",TRUE
"Caenohalictus.sp","M_001","Caenohalictus","Halictidae",1.3,2,"Pequena",TRUE
"Caenohalictus.sp2","M_001","Caenohalictus","Halictidae",1.3,2,"Pequena",TRUE
"Caenohalictus.sp3","M_001","Caenohalictus","Halictidae",1.3,2,"Pequena",TRUE
"Centris.cineraria","M_001","Centris","Apidae",5.108,2,"Grande",TRUE
"Centris.nigerrima","M_001","Centris","Apidae",4.836,2,"Grande",TRUE
"Centris.sp","M_001","Centris","Apidae",5.4,2,"Grande",TRUE
"Colletes.araucariae","M_001","Colletes","Colletidae",2.417,2,"Grande",TRUE
"Colletes.sp","M_001","Colletes","Colletidae",2.9,2,"Grande",TRUE
"Dialictus.sp","M_001","Dialictus","Halictidae",1.2,2,"Pequena",TRUE
"Liphanthus.sabulosus","M_001","Liphanthus","Andrenidae",1.237,2,"Pequena",TRUE
"Megachile.semirufa","M_001","Megachile","Megachilidae",4.19,2,"Grande",TRUE
"Megachile.sp1","M_001","Megachile","Megachilidae",3.2,2,"Grande",TRUE
"Megachile.sp2","M_001","Megachile","Megachilidae",3.2,2,"Grande",TRUE
"Ruizantheda.mutabilis","M_001","Ruizantheda","Halictidae",1.68,2,"Pequena",TRUE
"Alloscirtetica.gayi","M_001","Alloscirtetica","Apidae",3.102,3,"Grande",TRUE
"Alloscirtetica.rufitarsis","M_001","Alloscirtetica","Apidae",3.36,3,"Grande",TRUE
"Alloscirtetica.sp","M_001","Alloscirtetica","Apidae",2.9,3,"Pequena",TRUE
"Anthidium.chilensis","M_001","Anthidium","Megachilidae",1.2,3,"Pequena",TRUE
"Anthidium.decaspilum","M_001","Anthidium","Megachilidae",3.2,3,"Grande",TRUE
"Anthidium.funereum","M_001","Anthidium","Megachilidae",3.2,3,"Grande",TRUE
"Anthidium.sp","M_001","Anthidium","Megachilidae",3.34,3,"Grande",TRUE
"Anthophora.incerta","M_001","Anthophora","Apidae",4.13,3,"Grande",TRUE
"Anthophora.sp","M_001","Anthophora","Apidae",4.13,3,"Grande",TRUE
"Bombus.dahlbomii","M_001","Bombus","Apidae",6.01,3,"Grande",TRUE
"Bombus.dahlbomii","M_001","Bombus","Apidae",6.1,3,"Grande",TRUE
"Cadeguala.occidentalis","M_001","Cadeguala","Colletidae",3.3,3,"Grande",TRUE
"Caenohalictus.sp","M_001","Caenohalictus","Halictidae",1.3,3,"Pequena",TRUE
"Caenohalictus.sp2","M_001","Caenohalictus","Halictidae",1.3,3,"Pequena",TRUE
"Caenohalictus.sp3","M_001","Caenohalictus","Halictidae",1.3,3,"Pequena",TRUE
"Centris.cineraria","M_001","Centris","Apidae",5.108,3,"Grande",TRUE
"Centris.nigerrima","M_001","Centris","Apidae",4.836,3,"Grande",TRUE
"Centris.sp","M_001","Centris","Apidae",5.4,3,"Grande",TRUE
"Colletes.araucariae","M_001","Colletes","Colletidae",2.417,3,"Pequena",TRUE
"Colletes.sp","M_001","Colletes","Colletidae",2.9,3,"Pequena",TRUE
"Dialictus.sp","M_001","Dialictus","Halictidae",1.2,3,"Pequena",TRUE
"Liphanthus.sabulosus","M_001","Liphanthus","Andrenidae",1.237,3,"Pequena",TRUE
"Megachile.semirufa","M_001","Megachile","Megachilidae",4.19,3,"Grande",TRUE
"Megachile.sp1","M_001","Megachile","Megachilidae",3.2,3,"Grande",TRUE
"Megachile.sp2","M_001","Megachile","Megachilidae",3.2,3,"Grande",TRUE
"Ruizantheda.mutabilis","M_001","Ruizantheda","Halictidae",1.68,3,"Pequena",TRUE
"Alloscirtetica.gayi","M_001","Alloscirtetica","Apidae",3.102,4,"Pequena",TRUE
"Alloscirtetica.rufitarsis","M_001","Alloscirtetica","Apidae",3.36,4,"Pequena",TRUE
"Alloscirtetica.sp","M_001","Alloscirtetica","Apidae",2.9,4,"Pequena",TRUE
"Anthidium.chilensis","M_001","Anthidium","Megachilidae",1.2,4,"Pequena",TRUE
"Anthidium.decaspilum","M_001","Anthidium","Megachilidae",3.2,4,"Pequena",TRUE
"Anthidium.funereum","M_001","Anthidium","Megachilidae",3.2,4,"Pequena",TRUE
"Anthidium.sp","M_001","Anthidium","Megachilidae",3.34,4,"Pequena",TRUE
"Anthophora.incerta","M_001","Anthophora","Apidae",4.13,4,"Grande",TRUE
"Anthophora.sp","M_001","Anthophora","Apidae",4.13,4,"Grande",TRUE
"Bombus.dahlbomii","M_001","Bombus","Apidae",6.01,4,"Grande",TRUE
"Bombus.dahlbomii","M_001","Bombus","Apidae",6.1,4,"Grande",TRUE
"Cadeguala.occidentalis","M_001","Cadeguala","Colletidae",3.3,4,"Pequena",TRUE
"Caenohalictus.sp","M_001","Caenohalictus","Halictidae",1.3,4,"Pequena",TRUE
"Caenohalictus.sp2","M_001","Caenohalictus","Halictidae",1.3,4,"Pequena",TRUE
"Caenohalictus.sp3","M_001","Caenohalictus","Halictidae",1.3,4,"Pequena",TRUE
"Centris.cineraria","M_001","Centris","Apidae",5.108,4,"Grande",TRUE
"Centris.nigerrima","M_001","Centris","Apidae",4.836,4,"Grande",TRUE
"Centris.sp","M_001","Centris","Apidae",5.4,4,"Grande",TRUE
"Colletes.araucariae","M_001","Colletes","Colletidae",2.417,4,"Pequena",TRUE
"Colletes.sp","M_001","Colletes","Colletidae",2.9,4,"Pequena",TRUE
"Dialictus.sp","M_001","Dialictus","Halictidae",1.2,4,"Pequena",TRUE
"Liphanthus.sabulosus","M_001","Liphanthus","Andrenidae",1.237,4,"Pequena",TRUE
"Megachile.semirufa","M_001","Megachile","Megachilidae",4.19,4,"Grande",TRUE
"Megachile.sp1","M_001","Megachile","Megachilidae",3.2,4,"Pequena",TRUE
"Megachile.sp2","M_001","Megachile","Megachilidae",3.2,4,"Pequena",TRUE
"Ruizantheda.mutabilis","M_001","Ruizantheda","Halictidae",1.68,4,"Pequena",TRUE
"Alloscirtetica.gayi","M_001","Alloscirtetica","Apidae",3.102,5,"Pequena",TRUE
"Alloscirtetica.rufitarsis","M_001","Alloscirtetica","Apidae",3.36,5,"Pequena",TRUE
"Alloscirtetica.sp","M_001","Alloscirtetica","Apidae",2.9,5,"Pequena",TRUE
"Anthidium.chilensis","M_001","Anthidium","Megachilidae",1.2,5,"Pequena",TRUE
"Anthidium.decaspilum","M_001","Anthidium","Megachilidae",3.2,5,"Pequena",TRUE
"Anthidium.funereum","M_001","Anthidium","Megachilidae",3.2,5,"Pequena",TRUE
"Anthidium.sp","M_001","Anthidium","Megachilidae",3.34,5,"Pequena",TRUE
"Anthophora.incerta","M_001","Anthophora","Apidae",4.13,5,"Pequena",TRUE
"Anthophora.sp","M_001","Anthophora","Apidae",4.13,5,"Pequena",TRUE
"Bombus.dahlbomii","M_001","Bombus","Apidae",6.01,5,"Grande",TRUE
"Bombus.dahlbomii","M_001","Bombus","Apidae",6.1,5,"Grande",TRUE
"Cadeguala.occidentalis","M_001","Cadeguala","Colletidae",3.3,5,"Pequena",TRUE
"Caenohalictus.sp","M_001","Caenohalictus","Halictidae",1.3,5,"Pequena",TRUE
"Caenohalictus.sp2","M_001","Caenohalictus","Halictidae",1.3,5,"Pequena",TRUE
"Caenohalictus.sp3","M_001","Caenohalictus","Halictidae",1.3,5,"Pequena",TRUE
"Centris.cineraria","M_001","Centris","Apidae",5.108,5,"Grande",TRUE
"Centris.nigerrima","M_001","Centris","Apidae",4.836,5,"Pequena",TRUE
"Centris.sp","M_001","Centris","Apidae",5.4,5,"Grande",TRUE
"Colletes.araucariae","M_001","Colletes","Colletidae",2.417,5,"Pequena",TRUE
"Colletes.sp","M_001","Colletes","Colletidae",2.9,5,"Pequena",TRUE
"Dialictus.sp","M_001","Dialictus","Halictidae",1.2,5,"Pequena",TRUE
"Liphanthus.sabulosus","M_001","Liphanthus","Andrenidae",1.237,5,"Pequena",TRUE
"Megachile.semirufa","M_001","Megachile","Megachilidae",4.19,5,"Pequena",TRUE
"Megachile.sp1","M_001","Megachile","Megachilidae",3.2,5,"Pequena",TRUE
"Megachile.sp2","M_001","Megachile","Megachilidae",3.2,5,"Pequena",TRUE
"Ruizantheda.mutabilis","M_001","Ruizantheda","Halictidae",1.68,5,"Pequena",TRUE
"Alloscirtetica.gayi","M_001","Alloscirtetica","Apidae",3.102,6,"Pequena",TRUE
"Alloscirtetica.rufitarsis","M_001","Alloscirtetica","Apidae",3.36,6,"Pequena",TRUE
"Alloscirtetica.sp","M_001","Alloscirtetica","Apidae",2.9,6,"Pequena",TRUE
"Anthidium.chilensis","M_001","Anthidium","Megachilidae",1.2,6,"Pequena",TRUE
"Anthidium.decaspilum","M_001","Anthidium","Megachilidae",3.2,6,"Pequena",TRUE
"Anthidium.funereum","M_001","Anthidium","Megachilidae",3.2,6,"Pequena",TRUE
"Anthidium.sp","M_001","Anthidium","Megachilidae",3.34,6,"Pequena",TRUE
"Anthophora.incerta","M_001","Anthophora","Apidae",4.13,6,"Pequena",TRUE
"Anthophora.sp","M_001","Anthophora","Apidae",4.13,6,"Pequena",TRUE
"Bombus.dahlbomii","M_001","Bombus","Apidae",6.01,6,"Grande",TRUE
"Bombus.dahlbomii","M_001","Bombus","Apidae",6.1,6,"Grande",TRUE
"Cadeguala.occidentalis","M_001","Cadeguala","Colletidae",3.3,6,"Pequena",TRUE
"Caenohalictus.sp","M_001","Caenohalictus","Halictidae",1.3,6,"Pequena",TRUE
"Caenohalictus.sp2","M_001","Caenohalictus","Halictidae",1.3,6,"Pequena",TRUE
"Caenohalictus.sp3","M_001","Caenohalictus","Halictidae",1.3,6,"Pequena",TRUE
"Centris.cineraria","M_001","Centris","Apidae",5.108,6,"Pequena",TRUE
"Centris.nigerrima","M_001","Centris","Apidae",4.836,6,"Pequena",TRUE
"Centris.sp","M_001","Centris","Apidae",5.4,6,"Pequena",TRUE
"Colletes.araucariae","M_001","Colletes","Colletidae",2.417,6,"Pequena",TRUE
"Colletes.sp","M_001","Colletes","Colletidae",2.9,6,"Pequena",TRUE
"Dialictus.sp","M_001","Dialictus","Halictidae",1.2,6,"Pequena",TRUE
"Liphanthus.sabulosus","M_001","Liphanthus","Andrenidae",1.237,6,"Pequena",TRUE
"Megachile.semirufa","M_001","Megachile","Megachilidae",4.19,6,"Pequena",TRUE
"Megachile.sp1","M_001","Megachile","Megachilidae",3.2,6,"Pequena",TRUE
"Megachile.sp2","M_001","Megachile","Megachilidae",3.2,6,"Pequena",TRUE
"Ruizantheda.mutabilis","M_001","Ruizantheda","Halictidae",1.68,6,"Pequena",TRUE
"Alloscirtetica.gayi","M_001","Alloscirtetica","Apidae",3.102,7,"Pequena",FALSE
"Alloscirtetica.rufitarsis","M_001","Alloscirtetica","Apidae",3.36,7,"Pequena",FALSE
"Alloscirtetica.sp","M_001","Alloscirtetica","Apidae",2.9,7,"Pequena",FALSE
"Anthidium.chilensis","M_001","Anthidium","Megachilidae",1.2,7,"Pequena",FALSE
"Anthidium.decaspilum","M_001","Anthidium","Megachilidae",3.2,7,"Pequena",FALSE
"Anthidium.funereum","M_001","Anthidium","Megachilidae",3.2,7,"Pequena",FALSE
"Anthidium.sp","M_001","Anthidium","Megachilidae",3.34,7,"Pequena",FALSE
"Anthophora.incerta","M_001","Anthophora","Apidae",4.13,7,"Pequena",FALSE
"Anthophora.sp","M_001","Anthophora","Apidae",4.13,7,"Pequena",FALSE
"Bombus.dahlbomii","M_001","Bombus","Apidae",6.01,7,"Pequena",FALSE
"Bombus.dahlbomii","M_001","Bombus","Apidae",6.1,7,"Pequena",FALSE
"Cadeguala.occidentalis","M_001","Cadeguala","Colletidae",3.3,7,"Pequena",FALSE
"Caenohalictus.sp","M_001","Caenohalictus","Halictidae",1.3,7,"Pequena",FALSE
"Caenohalictus.sp2","M_001","Caenohalictus","Halictidae",1.3,7,"Pequena",FALSE
"Caenohalictus.sp3","M_001","Caenohalictus","Halictidae",1.3,7,"Pequena",FALSE
"Centris.cineraria","M_001","Centris","Apidae",5.108,7,"Pequena",FALSE
"Centris.nigerrima","M_001","Centris","Apidae",4.836,7,"Pequena",FALSE
"Centris.sp","M_001","Centris","Apidae",5.4,7,"Pequena",FALSE
"Colletes.araucariae","M_001","Colletes","Colletidae",2.417,7,"Pequena",FALSE
"Colletes.sp","M_001","Colletes","Colletidae",2.9,7,"Pequena",FALSE
"Dialictus.sp","M_001","Dialictus","Halictidae",1.2,7,"Pequena",FALSE
"Liphanthus.sabulosus","M_001","Liphanthus","Andrenidae",1.237,7,"Pequena",FALSE
"Megachile.semirufa","M_001","Megachile","Megachilidae",4.19,7,"Pequena",FALSE
"Megachile.sp1","M_001","Megachile","Megachilidae",3.2,7,"Pequena",FALSE
"Megachile.sp2","M_001","Megachile","Megachilidae",3.2,7,"Pequena",FALSE
"Ruizantheda.mutabilis","M_001","Ruizantheda","Halictidae",1.68,7,"Pequena",FALSE
"Alloscirtetica.gayi","M_001","Alloscirtetica","Apidae",3.102,8,"Pequena",FALSE
"Alloscirtetica.rufitarsis","M_001","Alloscirtetica","Apidae",3.36,8,"Pequena",FALSE
"Alloscirtetica.sp","M_001","Alloscirtetica","Apidae",2.9,8,"Pequena",FALSE
"Anthidium.chilensis","M_001","Anthidium","Megachilidae",1.2,8,"Pequena",FALSE
"Anthidium.decaspilum","M_001","Anthidium","Megachilidae",3.2,8,"Pequena",FALSE
"Anthidium.funereum","M_001","Anthidium","Megachilidae",3.2,8,"Pequena",FALSE
"Anthidium.sp","M_001","Anthidium","Megachilidae",3.34,8,"Pequena",FALSE
"Anthophora.incerta","M_001","Anthophora","Apidae",4.13,8,"Pequena",FALSE
"Anthophora.sp","M_001","Anthophora","Apidae",4.13,8,"Pequena",FALSE
"Bombus.dahlbomii","M_001","Bombus","Apidae",6.01,8,"Pequena",FALSE
"Bombus.dahlbomii","M_001","Bombus","Apidae",6.1,8,"Pequena",FALSE
"Cadeguala.occidentalis","M_001","Cadeguala","Colletidae",3.3,8,"Pequena",FALSE
"Caenohalictus.sp","M_001","Caenohalictus","Halictidae",1.3,8,"Pequena",FALSE
"Caenohalictus.sp2","M_001","Caenohalictus","Halictidae",1.3,8,"Pequena",FALSE
"Caenohalictus.sp3","M_001","Caenohalictus","Halictidae",1.3,8,"Pequena",FALSE
"Centris.cineraria","M_001","Centris","Apidae",5.108,8,"Pequena",FALSE
"Centris.nigerrima","M_001","Centris","Apidae",4.836,8,"Pequena",FALSE
"Centris.sp","M_001","Centris","Apidae",5.4,8,"Pequena",FALSE
"Colletes.araucariae","M_001","Colletes","Colletidae",2.417,8,"Pequena",FALSE
"Colletes.sp","M_001","Colletes","Colletidae",2.9,8,"Pequena",FALSE
"Dialictus.sp","M_001","Dialictus","Halictidae",1.2,8,"Pequena",FALSE
"Liphanthus.sabulosus","M_001","Liphanthus","Andrenidae",1.237,8,"Pequena",FALSE
"Megachile.semirufa","M_001","Megachile","Megachilidae",4.19,8,"Pequena",FALSE
"Megachile.sp1","M_001","Megachile","Megachilidae",3.2,8,"Pequena",FALSE
"Megachile.sp2","M_001","Megachile","Megachilidae",3.2,8,"Pequena",FALSE
"Ruizantheda.mutabilis","M_001","Ruizantheda","Halictidae",1.68,8,"Pequena",FALSE
"Alloscirtetica.gayi","M_001","Alloscirtetica","Apidae",3.102,9,"Pequena",FALSE
"Alloscirtetica.rufitarsis","M_001","Alloscirtetica","Apidae",3.36,9,"Pequena",FALSE
"Alloscirtetica.sp","M_001","Alloscirtetica","Apidae",2.9,9,"Pequena",FALSE
"Anthidium.chilensis","M_001","Anthidium","Megachilidae",1.2,9,"Pequena",FALSE
"Anthidium.decaspilum","M_001","Anthidium","Megachilidae",3.2,9,"Pequena",FALSE
"Anthidium.funereum","M_001","Anthidium","Megachilidae",3.2,9,"Pequena",FALSE
"Anthidium.sp","M_001","Anthidium","Megachilidae",3.34,9,"Pequena",FALSE
"Anthophora.incerta","M_001","Anthophora","Apidae",4.13,9,"Pequena",FALSE
"Anthophora.sp","M_001","Anthophora","Apidae",4.13,9,"Pequena",FALSE
"Bombus.dahlbomii","M_001","Bombus","Apidae",6.01,9,"Pequena",FALSE
"Bombus.dahlbomii","M_001","Bombus","Apidae",6.1,9,"Pequena",FALSE
"Cadeguala.occidentalis","M_001","Cadeguala","Colletidae",3.3,9,"Pequena",FALSE
"Caenohalictus.sp","M_001","Caenohalictus","Halictidae",1.3,9,"Pequena",FALSE
"Caenohalictus.sp2","M_001","Caenohalictus","Halictidae",1.3,9,"Pequena",FALSE
"Caenohalictus.sp3","M_001","Caenohalictus","Halictidae",1.3,9,"Pequena",FALSE
"Centris.cineraria","M_001","Centris","Apidae",5.108,9,"Pequena",FALSE
"Centris.nigerrima","M_001","Centris","Apidae",4.836,9,"Pequena",FALSE
"Centris.sp","M_001","Centris","Apidae",5.4,9,"Pequena",FALSE
"Colletes.araucariae","M_001","Colletes","Colletidae",2.417,9,"Pequena",FALSE
"Colletes.sp","M_001","Colletes","Colletidae",2.9,9,"Pequena",FALSE
"Dialictus.sp","M_001","Dialictus","Halictidae",1.2,9,"Pequena",FALSE
"Liphanthus.sabulosus","M_001","Liphanthus","Andrenidae",1.237,9,"Pequena",FALSE
"Megachile.semirufa","M_001","Megachile","Megachilidae",4.19,9,"Pequena",FALSE
"Megachile.sp1","M_001","Megachile","Megachilidae",3.2,9,"Pequena",FALSE
"Megachile.sp2","M_001","Megachile","Megachilidae",3.2,9,"Pequena",FALSE
"Ruizantheda.mutabilis","M_001","Ruizantheda","Halictidae",1.68,9,"Pequena",FALSE
"Alloscirtetica.rufitarsis","M_002","Alloscirtetica","Apidae",3.36,1,"Grande",FALSE
"Alloscirtetica.sp","M_002","Alloscirtetica","Apidae",2.9,1,"Grande",FALSE
"Anthidium.funereum","M_002","Anthidium","Megachilidae",3.2,1,"Grande",FALSE
"Anthidium.sp","M_002","Anthidium","Megachilidae",3.34,1,"Grande",FALSE
"Bombus.dahlbomii","M_002","Bombus","Apidae",6.01,1,"Grande",FALSE
"Bombus.dahlbomii","M_002","Bombus","Apidae",6.1,1,"Grande",FALSE
"Caenohalictus.sp","M_002","Caenohalictus","Halictidae",1.3,1,"Grande",FALSE
"Centris.cineraria","M_002","Centris","Apidae",5.108,1,"Grande",FALSE
"Centris.nigerrima","M_002","Centris","Apidae",4.836,1,"Grande",FALSE
"Colletes.sp","M_002","Colletes","Colletidae",2.9,1,"Grande",FALSE
"Megachile.semirufa","M_002","Megachile","Megachilidae",4.19,1,"Grande",FALSE
"Megachile.sp1","M_002","Megachile","Megachilidae",3.2,1,"Grande",FALSE
"Megachile.sp2","M_002","Megachile","Megachilidae",3.2,1,"Grande",FALSE
"Megachile.sp4","M_002","Megachile","Megachilidae",3.2,1,"Grande",FALSE
"Megachile.sp5","M_002","Megachile","Megachilidae",3.2,1,"Grande",FALSE
"Alloscirtetica.rufitarsis","M_002","Alloscirtetica","Apidae",3.36,2,"Grande",FALSE
"Alloscirtetica.sp","M_002","Alloscirtetica","Apidae",2.9,2,"Grande",FALSE
"Anthidium.funereum","M_002","Anthidium","Megachilidae",3.2,2,"Grande",FALSE
"Anthidium.sp","M_002","Anthidium","Megachilidae",3.34,2,"Grande",FALSE
"Bombus.dahlbomii","M_002","Bombus","Apidae",6.01,2,"Grande",FALSE
"Bombus.dahlbomii","M_002","Bombus","Apidae",6.1,2,"Grande",FALSE
"Caenohalictus.sp","M_002","Caenohalictus","Halictidae",1.3,2,"Pequena",FALSE
"Centris.cineraria","M_002","Centris","Apidae",5.108,2,"Grande",FALSE
"Centris.nigerrima","M_002","Centris","Apidae",4.836,2,"Grande",FALSE
"Colletes.sp","M_002","Colletes","Colletidae",2.9,2,"Grande",FALSE
"Megachile.semirufa","M_002","Megachile","Megachilidae",4.19,2,"Grande",FALSE
"Megachile.sp1","M_002","Megachile","Megachilidae",3.2,2,"Grande",FALSE
"Megachile.sp2","M_002","Megachile","Megachilidae",3.2,2,"Grande",FALSE
"Megachile.sp4","M_002","Megachile","Megachilidae",3.2,2,"Grande",FALSE
"Megachile.sp5","M_002","Megachile","Megachilidae",3.2,2,"Grande",FALSE
"Alloscirtetica.rufitarsis","M_002","Alloscirtetica","Apidae",3.36,3,"Grande",FALSE
"Alloscirtetica.sp","M_002","Alloscirtetica","Apidae",2.9,3,"Pequena",FALSE
"Anthidium.funereum","M_002","Anthidium","Megachilidae",3.2,3,"Grande",FALSE
"Anthidium.sp","M_002","Anthidium","Megachilidae",3.34,3,"Grande",FALSE
"Bombus.dahlbomii","M_002","Bombus","Apidae",6.01,3,"Grande",FALSE
"Bombus.dahlbomii","M_002","Bombus","Apidae",6.1,3,"Grande",FALSE
"Caenohalictus.sp","M_002","Caenohalictus","Halictidae",1.3,3,"Pequena",FALSE
"Centris.cineraria","M_002","Centris","Apidae",5.108,3,"Grande",FALSE
"Centris.nigerrima","M_002","Centris","Apidae",4.836,3,"Grande",FALSE
"Colletes.sp","M_002","Colletes","Colletidae",2.9,3,"Pequena",FALSE
"Megachile.semirufa","M_002","Megachile","Megachilidae",4.19,3,"Grande",FALSE
"Megachile.sp1","M_002","Megachile","Megachilidae",3.2,3,"Grande",FALSE
"Megachile.sp2","M_002","Megachile","Megachilidae",3.2,3,"Grande",FALSE
"Megachile.sp4","M_002","Megachile","Megachilidae",3.2,3,"Grande",FALSE
"Megachile.sp5","M_002","Megachile","Megachilidae",3.2,3,"Grande",FALSE
"Alloscirtetica.rufitarsis","M_002","Alloscirtetica","Apidae",3.36,4,"Pequena",TRUE
"Alloscirtetica.sp","M_002","Alloscirtetica","Apidae",2.9,4,"Pequena",TRUE
"Anthidium.funereum","M_002","Anthidium","Megachilidae",3.2,4,"Pequena",TRUE
"Anthidium.sp","M_002","Anthidium","Megachilidae",3.34,4,"Pequena",TRUE
"Bombus.dahlbomii","M_002","Bombus","Apidae",6.01,4,"Grande",TRUE
"Bombus.dahlbomii","M_002","Bombus","Apidae",6.1,4,"Grande",TRUE
"Caenohalictus.sp","M_002","Caenohalictus","Halictidae",1.3,4,"Pequena",TRUE
"Centris.cineraria","M_002","Centris","Apidae",5.108,4,"Grande",TRUE
"Centris.nigerrima","M_002","Centris","Apidae",4.836,4,"Grande",TRUE
"Colletes.sp","M_002","Colletes","Colletidae",2.9,4,"Pequena",TRUE
"Megachile.semirufa","M_002","Megachile","Megachilidae",4.19,4,"Grande",TRUE
"Megachile.sp1","M_002","Megachile","Megachilidae",3.2,4,"Pequena",TRUE
"Megachile.sp2","M_002","Megachile","Megachilidae",3.2,4,"Pequena",TRUE
"Megachile.sp4","M_002","Megachile","Megachilidae",3.2,4,"Pequena",TRUE
"Megachile.sp5","M_002","Megachile","Megachilidae",3.2,4,"Pequena",TRUE
"Alloscirtetica.rufitarsis","M_002","Alloscirtetica","Apidae",3.36,5,"Pequena",TRUE
"Alloscirtetica.sp","M_002","Alloscirtetica","Apidae",2.9,5,"Pequena",TRUE
"Anthidium.funereum","M_002","Anthidium","Megachilidae",3.2,5,"Pequena",TRUE
"Anthidium.sp","M_002","Anthidium","Megachilidae",3.34,5,"Pequena",TRUE
"Bombus.dahlbomii","M_002","Bombus","Apidae",6.01,5,"Grande",TRUE
"Bombus.dahlbomii","M_002","Bombus","Apidae",6.1,5,"Grande",TRUE
"Caenohalictus.sp","M_002","Caenohalictus","Halictidae",1.3,5,"Pequena",TRUE
"Centris.cineraria","M_002","Centris","Apidae",5.108,5,"Grande",TRUE
"Centris.nigerrima","M_002","Centris","Apidae",4.836,5,"Pequena",TRUE
"Colletes.sp","M_002","Colletes","Colletidae",2.9,5,"Pequena",TRUE
"Megachile.semirufa","M_002","Megachile","Megachilidae",4.19,5,"Pequena",TRUE
"Megachile.sp1","M_002","Megachile","Megachilidae",3.2,5,"Pequena",TRUE
"Megachile.sp2","M_002","Megachile","Megachilidae",3.2,5,"Pequena",TRUE
"Megachile.sp4","M_002","Megachile","Megachilidae",3.2,5,"Pequena",TRUE
"Megachile.sp5","M_002","Megachile","Megachilidae",3.2,5,"Pequena",TRUE
"Alloscirtetica.rufitarsis","M_002","Alloscirtetica","Apidae",3.36,6,"Pequena",TRUE
"Alloscirtetica.sp","M_002","Alloscirtetica","Apidae",2.9,6,"Pequena",TRUE
"Anthidium.funereum","M_002","Anthidium","Megachilidae",3.2,6,"Pequena",TRUE
"Anthidium.sp","M_002","Anthidium","Megachilidae",3.34,6,"Pequena",TRUE
"Bombus.dahlbomii","M_002","Bombus","Apidae",6.01,6,"Grande",TRUE
"Bombus.dahlbomii","M_002","Bombus","Apidae",6.1,6,"Grande",TRUE
"Caenohalictus.sp","M_002","Caenohalictus","Halictidae",1.3,6,"Pequena",TRUE
"Centris.cineraria","M_002","Centris","Apidae",5.108,6,"Pequena",TRUE
"Centris.nigerrima","M_002","Centris","Apidae",4.836,6,"Pequena",TRUE
"Colletes.sp","M_002","Colletes","Colletidae",2.9,6,"Pequena",TRUE
"Megachile.semirufa","M_002","Megachile","Megachilidae",4.19,6,"Pequena",TRUE
"Megachile.sp1","M_002","Megachile","Megachilidae",3.2,6,"Pequena",TRUE
"Megachile.sp2","M_002","Megachile","Megachilidae",3.2,6,"Pequena",TRUE
"Megachile.sp4","M_002","Megachile","Megachilidae",3.2,6,"Pequena",TRUE
"Megachile.sp5","M_002","Megachile","Megachilidae",3.2,6,"Pequena",TRUE
"Alloscirtetica.rufitarsis","M_002","Alloscirtetica","Apidae",3.36,7,"Pequena",FALSE
"Alloscirtetica.sp","M_002","Alloscirtetica","Apidae",2.9,7,"Pequena",FALSE
"Anthidium.funereum","M_002","Anthidium","Megachilidae",3.2,7,"Pequena",FALSE
"Anthidium.sp","M_002","Anthidium","Megachilidae",3.34,7,"Pequena",FALSE
"Bombus.dahlbomii","M_002","Bombus","Apidae",6.01,7,"Pequena",FALSE
"Bombus.dahlbomii","M_002","Bombus","Apidae",6.1,7,"Pequena",FALSE
"Caenohalictus.sp","M_002","Caenohalictus","Halictidae",1.3,7,"Pequena",FALSE
"Centris.cineraria","M_002","Centris","Apidae",5.108,7,"Pequena",FALSE
"Centris.nigerrima","M_002","Centris","Apidae",4.836,7,"Pequena",FALSE
"Colletes.sp","M_002","Colletes","Colletidae",2.9,7,"Pequena",FALSE
"Megachile.semirufa","M_002","Megachile","Megachilidae",4.19,7,"Pequena",FALSE
"Megachile.sp1","M_002","Megachile","Megachilidae",3.2,7,"Pequena",FALSE
"Megachile.sp2","M_002","Megachile","Megachilidae",3.2,7,"Pequena",FALSE
"Megachile.sp4","M_002","Megachile","Megachilidae",3.2,7,"Pequena",FALSE
"Megachile.sp5","M_002","Megachile","Megachilidae",3.2,7,"Pequena",FALSE
"Alloscirtetica.rufitarsis","M_002","Alloscirtetica","Apidae",3.36,8,"Pequena",FALSE
"Alloscirtetica.sp","M_002","Alloscirtetica","Apidae",2.9,8,"Pequena",FALSE
"Anthidium.funereum","M_002","Anthidium","Megachilidae",3.2,8,"Pequena",FALSE
"Anthidium.sp","M_002","Anthidium","Megachilidae",3.34,8,"Pequena",FALSE
"Bombus.dahlbomii","M_002","Bombus","Apidae",6.01,8,"Pequena",FALSE
"Bombus.dahlbomii","M_002","Bombus","Apidae",6.1,8,"Pequena",FALSE
"Caenohalictus.sp","M_002","Caenohalictus","Halictidae",1.3,8,"Pequena",FALSE
"Centris.cineraria","M_002","Centris","Apidae",5.108,8,"Pequena",FALSE
"Centris.nigerrima","M_002","Centris","Apidae",4.836,8,"Pequena",FALSE
"Colletes.sp","M_002","Colletes","Colletidae",2.9,8,"Pequena",FALSE
"Megachile.semirufa","M_002","Megachile","Megachilidae",4.19,8,"Pequena",FALSE
"Megachile.sp1","M_002","Megachile","Megachilidae",3.2,8,"Pequena",FALSE
"Megachile.sp2","M_002","Megachile","Megachilidae",3.2,8,"Pequena",FALSE
"Megachile.sp4","M_002","Megachile","Megachilidae",3.2,8,"Pequena",FALSE
"Megachile.sp5","M_002","Megachile","Megachilidae",3.2,8,"Pequena",FALSE
"Alloscirtetica.rufitarsis","M_002","Alloscirtetica","Apidae",3.36,9,"Pequena",FALSE
"Alloscirtetica.sp","M_002","Alloscirtetica","Apidae",2.9,9,"Pequena",FALSE
"Anthidium.funereum","M_002","Anthidium","Megachilidae",3.2,9,"Pequena",FALSE
"Anthidium.sp","M_002","Anthidium","Megachilidae",3.34,9,"Pequena",FALSE
"Bombus.dahlbomii","M_002","Bombus","Apidae",6.01,9,"Pequena",FALSE
"Bombus.dahlbomii","M_002","Bombus","Apidae",6.1,9,"Pequena",FALSE
"Caenohalictus.sp","M_002","Caenohalictus","Halictidae",1.3,9,"Pequena",FALSE
"Centris.cineraria","M_002","Centris","Apidae",5.108,9,"Pequena",FALSE
"Centris.nigerrima","M_002","Centris","Apidae",4.836,9,"Pequena",FALSE
"Colletes.sp","M_002","Colletes","Colletidae",2.9,9,"Pequena",FALSE
"Megachile.semirufa","M_002","Megachile","Megachilidae",4.19,9,"Pequena",FALSE
"Megachile.sp1","M_002","Megachile","Megachilidae",3.2,9,"Pequena",FALSE
"Megachile.sp2","M_002","Megachile","Megachilidae",3.2,9,"Pequena",FALSE
"Megachile.sp4","M_002","Megachile","Megachilidae",3.2,9,"Pequena",FALSE
"Megachile.sp5","M_002","Megachile","Megachilidae",3.2,9,"Pequena",FALSE
"Amegilla.albigena","M_015","Amegilla","Apidae",3.02,1,"Grande",TRUE
"Amegilla.quadrifasciata","M_015","Amegilla","Apidae",3.64,1,"Grande",TRUE
"Andrena.alfkenella","M_015","Andrena","Andrenidae",1.33,1,"Grande",TRUE
"Andrena.bicolor","M_015","Andrena","Andrenidae",2.05,1,"Grande",TRUE
"Andrena.combaella","M_015","Andrena","Andrenidae",2.34,1,"Grande",TRUE
"Andrena.flavipes","M_015","Andrena","Andrenidae",1.71,1,"Grande",TRUE
"Andrena.hattorfiana","M_015","Andrena","Andrenidae",2.71,1,"Grande",TRUE
"Andrena.nana","M_015","Andrena","Andrenidae",1.58,1,"Grande",TRUE
"Andrena.nigroaenea","M_015","Andrena","Andrenidae",2.97,1,"Grande",TRUE
"Andrena.nigroaenea","M_015","Andrena","Andrenidae",2.84,1,"Grande",TRUE
"Andrena.simontornyella","M_015","Andrena","Andrenidae",1.31,1,"Grande",TRUE
"Andrena.taraxaci","M_015","Andrena","Andrenidae",1.68,1,"Grande",TRUE
"Andrena.ventricosa","M_015","Andrena","Andrenidae",1.63,1,"Grande",TRUE
"Anthidiellum.strigatum.luteum","M_015","Anthidiellum","Megachilidae",2.44,1,"Grande",TRUE
"Anthidium.manicatum","M_015","Anthidium","Megachilidae",3.44,1,"Grande",TRUE
"Anthophora.atroalba","M_015","Anthophora","Apidae",3.67,1,"Grande",TRUE
"Apis.mellifera","M_015","Apis","Apidae",2.9,1,"Grande",TRUE
"Bombus.terrestris","M_015","Bombus","Apidae",4.78,1,"Grande",TRUE
"Bombus.terrestris","M_015","Bombus","Apidae",4.7,1,"Grande",TRUE
"Ceratina.cucurbitina","M_015","Ceratina","Apidae",1.36,1,"Grande",TRUE
"Ceratina.cyanea","M_015","Ceratina","Apidae",1.24,1,"Grande",TRUE
"Ceratina.nigrolabiata","M_015","Ceratina","Apidae",1.34,1,"Grande",TRUE
"Chelostoma.appendiculatum","M_015","Chelostoma","Megachilidae",0.95,1,"Pequena",TRUE
"Eucera.clypeata","M_015","Eucera","Apidae",2.75,1,"Grande",TRUE
"Eucera.nigrescens.contraria","M_015","Eucera","Apidae",3.34,1,"Grande",TRUE
"Eucera.nigrilabris.rufitarsis","M_015","Eucera","Apidae",3.65,1,"Grande",TRUE
"Eucera.seminuda","M_015","Eucera","Apidae",2.65,1,"Grande",TRUE
"Habropoda.tarsata","M_015","Habropoda","Apidae",3,1,"Grande",TRUE
"Halictus.scabiosae","M_015","Halictus","Halictidae",2.4,1,"Grande",TRUE
"Halictus.scabiosae","M_015","Halictus","Halictidae",2.5,1,"Grande",TRUE
"Halictus.smaragdulus","M_015","Halictus","Halictidae",1.11,1,"Grande",TRUE
"Halictus.subauratus","M_015","Halictus","Halictidae",1.68,1,"Grande",TRUE
"Heriades.crenulatus","M_015","Heriades","Megachilidae",1.53,1,"Grande",TRUE
"Heriades.trucorum","M_015","Heriades","Megachilidae",1.64,1,"Grande",TRUE
"Hylaeus.imparilis","M_015","Hylaeus","Colletidae",0.99,1,"Pequena",TRUE
"Hylaeus.punctatus","M_015","Hylaeus","Colletidae",1.19,1,"Grande",TRUE
"Hylaeus.signatus","M_015","Hylaeus","Colletidae",1.81,1,"Grande",TRUE
"Hylaeus.variegatus","M_015","Hylaeus","Colletidae",2.12,1,"Grande",TRUE
"Lasioglossum.aeratum","M_015","Lasioglossum","Halictidae",0.92,1,"Pequena",TRUE
"Lasioglossum.brevicome","M_015","Lasioglossum","Halictidae",1.38,1,"Grande",TRUE
"Lasioglossum.laticeps.hellenicum","M_015","Lasioglossum","Halictidae",1.47,1,"Grande",TRUE
"Lasioglossum.limbellum","M_015","Lasioglossum","Halictidae",1.32,1,"Grande",TRUE
"Lasioglossum.lineare","M_015","Lasioglossum","Halictidae",1.35,1,"Grande",TRUE
"Lasioglossum.lucidulum","M_015","Lasioglossum","Halictidae",1.28,1,"Grande",TRUE
"Lasioglossum.malachurum","M_015","Lasioglossum","Halictidae",1.65,1,"Grande",TRUE
"Lasioglossum.marginatum","M_015","Lasioglossum","Halictidae",1.65,1,"Grande",TRUE
"Lasioglossum.mediterraneum","M_015","Lasioglossum","Halictidae",3.34,1,"Grande",TRUE
"Lasioglossum.mesosclerum","M_015","Lasioglossum","Halictidae",1.25,1,"Grande",TRUE
"Lasioglossum.nigripes","M_015","Lasioglossum","Halictidae",1.95,1,"Grande",TRUE
"Lasioglossum.nitidulum.fudakowskii","M_015","Lasioglossum","Halictidae",1.24,1,"Grande",TRUE
"Lasioglossum.pauxillum","M_015","Lasioglossum","Halictidae",1.115,1,"Grande",TRUE
"Lasioglossum.politum","M_015","Lasioglossum","Halictidae",0.85,1,"Pequena",TRUE
"Lasioglossum.pygmaeum.patulum","M_015","Lasioglossum","Halictidae",1.14,1,"Grande",TRUE
"Lasioglossum.quadrinotatum","M_015","Lasioglossum","Halictidae",1.72,1,"Grande",TRUE
"Lasioglossum.villosulum","M_015","Lasioglossum","Halictidae",1.32,1,"Grande",TRUE
"Lasioglossum.zonulum","M_015","Lasioglossum","Halictidae",1.97,1,"Grande",TRUE
"Megachile.pilidens","M_015","Megachile","Megachilidae",2.67,1,"Grande",TRUE
"Osmia.aurulenta","M_015","Osmia","Megachilidae",2.78,1,"Grande",TRUE
"Osmia.caerulescens","M_015","Osmia","Megachilidae",2.34,1,"Grande",TRUE
"Osmia.melanogaster","M_015","Osmia","Megachilidae",2.84,1,"Grande",TRUE
"Pseudapis.diversipes","M_015","Pseudapis","Halictidae",1.78,1,"Grande",TRUE
"Rhodanthidium.septemdentatum","M_015","Rhodanthidium","Megachilidae",3.28,1,"Grande",TRUE
"Rophites.quinquespinosus","M_015","Rophites","Halictidae",2.13,1,"Grande",TRUE
"Systropha.planidens","M_015","Systropha","Halictidae",2.17,1,"Grande",TRUE
"Xylocopa.iris","M_015","Xylocopa","Apidae",4.33,1,"Grande",TRUE
"Xylocopa.violacea","M_015","Xylocopa","Apidae",7.8,1,"Grande",TRUE
"Amegilla.albigena","M_015","Amegilla","Apidae",3.02,2,"Grande",TRUE
"Amegilla.quadrifasciata","M_015","Amegilla","Apidae",3.64,2,"Grande",TRUE
"Andrena.alfkenella","M_015","Andrena","Andrenidae",1.33,2,"Pequena",TRUE
"Andrena.bicolor","M_015","Andrena","Andrenidae",2.05,2,"Grande",TRUE
"Andrena.combaella","M_015","Andrena","Andrenidae",2.34,2,"Grande",TRUE
"Andrena.flavipes","M_015","Andrena","Andrenidae",1.71,2,"Pequena",TRUE
"Andrena.hattorfiana","M_015","Andrena","Andrenidae",2.71,2,"Grande",TRUE
"Andrena.nana","M_015","Andrena","Andrenidae",1.58,2,"Pequena",TRUE
"Andrena.nigroaenea","M_015","Andrena","Andrenidae",2.97,2,"Grande",TRUE
"Andrena.nigroaenea","M_015","Andrena","Andrenidae",2.84,2,"Grande",TRUE
"Andrena.simontornyella","M_015","Andrena","Andrenidae",1.31,2,"Pequena",TRUE
"Andrena.taraxaci","M_015","Andrena","Andrenidae",1.68,2,"Pequena",TRUE
"Andrena.ventricosa","M_015","Andrena","Andrenidae",1.63,2,"Pequena",TRUE
"Anthidiellum.strigatum.luteum","M_015","Anthidiellum","Megachilidae",2.44,2,"Grande",TRUE
"Anthidium.manicatum","M_015","Anthidium","Megachilidae",3.44,2,"Grande",TRUE
"Anthophora.atroalba","M_015","Anthophora","Apidae",3.67,2,"Grande",TRUE
"Apis.mellifera","M_015","Apis","Apidae",2.9,2,"Grande",TRUE
"Bombus.terrestris","M_015","Bombus","Apidae",4.78,2,"Grande",TRUE
"Bombus.terrestris","M_015","Bombus","Apidae",4.7,2,"Grande",TRUE
"Ceratina.cucurbitina","M_015","Ceratina","Apidae",1.36,2,"Pequena",TRUE
"Ceratina.cyanea","M_015","Ceratina","Apidae",1.24,2,"Pequena",TRUE
"Ceratina.nigrolabiata","M_015","Ceratina","Apidae",1.34,2,"Pequena",TRUE
"Chelostoma.appendiculatum","M_015","Chelostoma","Megachilidae",0.95,2,"Pequena",TRUE
"Eucera.clypeata","M_015","Eucera","Apidae",2.75,2,"Grande",TRUE
"Eucera.nigrescens.contraria","M_015","Eucera","Apidae",3.34,2,"Grande",TRUE
"Eucera.nigrilabris.rufitarsis","M_015","Eucera","Apidae",3.65,2,"Grande",TRUE
"Eucera.seminuda","M_015","Eucera","Apidae",2.65,2,"Grande",TRUE
"Habropoda.tarsata","M_015","Habropoda","Apidae",3,2,"Grande",TRUE
"Halictus.scabiosae","M_015","Halictus","Halictidae",2.4,2,"Grande",TRUE
"Halictus.scabiosae","M_015","Halictus","Halictidae",2.5,2,"Grande",TRUE
"Halictus.smaragdulus","M_015","Halictus","Halictidae",1.11,2,"Pequena",TRUE
"Halictus.subauratus","M_015","Halictus","Halictidae",1.68,2,"Pequena",TRUE
"Heriades.crenulatus","M_015","Heriades","Megachilidae",1.53,2,"Pequena",TRUE
"Heriades.trucorum","M_015","Heriades","Megachilidae",1.64,2,"Pequena",TRUE
"Hylaeus.imparilis","M_015","Hylaeus","Colletidae",0.99,2,"Pequena",TRUE
"Hylaeus.punctatus","M_015","Hylaeus","Colletidae",1.19,2,"Pequena",TRUE
"Hylaeus.signatus","M_015","Hylaeus","Colletidae",1.81,2,"Pequena",TRUE
"Hylaeus.variegatus","M_015","Hylaeus","Colletidae",2.12,2,"Grande",TRUE
"Lasioglossum.aeratum","M_015","Lasioglossum","Halictidae",0.92,2,"Pequena",TRUE
"Lasioglossum.brevicome","M_015","Lasioglossum","Halictidae",1.38,2,"Pequena",TRUE
"Lasioglossum.laticeps.hellenicum","M_015","Lasioglossum","Halictidae",1.47,2,"Pequena",TRUE
"Lasioglossum.limbellum","M_015","Lasioglossum","Halictidae",1.32,2,"Pequena",TRUE
"Lasioglossum.lineare","M_015","Lasioglossum","Halictidae",1.35,2,"Pequena",TRUE
"Lasioglossum.lucidulum","M_015","Lasioglossum","Halictidae",1.28,2,"Pequena",TRUE
"Lasioglossum.malachurum","M_015","Lasioglossum","Halictidae",1.65,2,"Pequena",TRUE
"Lasioglossum.marginatum","M_015","Lasioglossum","Halictidae",1.65,2,"Pequena",TRUE
"Lasioglossum.mediterraneum","M_015","Lasioglossum","Halictidae",3.34,2,"Grande",TRUE
"Lasioglossum.mesosclerum","M_015","Lasioglossum","Halictidae",1.25,2,"Pequena",TRUE
"Lasioglossum.nigripes","M_015","Lasioglossum","Halictidae",1.95,2,"Pequena",TRUE
"Lasioglossum.nitidulum.fudakowskii","M_015","Lasioglossum","Halictidae",1.24,2,"Pequena",TRUE
"Lasioglossum.pauxillum","M_015","Lasioglossum","Halictidae",1.115,2,"Pequena",TRUE
"Lasioglossum.politum","M_015","Lasioglossum","Halictidae",0.85,2,"Pequena",TRUE
"Lasioglossum.pygmaeum.patulum","M_015","Lasioglossum","Halictidae",1.14,2,"Pequena",TRUE
"Lasioglossum.quadrinotatum","M_015","Lasioglossum","Halictidae",1.72,2,"Pequena",TRUE
"Lasioglossum.villosulum","M_015","Lasioglossum","Halictidae",1.32,2,"Pequena",TRUE
"Lasioglossum.zonulum","M_015","Lasioglossum","Halictidae",1.97,2,"Pequena",TRUE
"Megachile.pilidens","M_015","Megachile","Megachilidae",2.67,2,"Grande",TRUE
"Osmia.aurulenta","M_015","Osmia","Megachilidae",2.78,2,"Grande",TRUE
"Osmia.caerulescens","M_015","Osmia","Megachilidae",2.34,2,"Grande",TRUE
"Osmia.melanogaster","M_015","Osmia","Megachilidae",2.84,2,"Grande",TRUE
"Pseudapis.diversipes","M_015","Pseudapis","Halictidae",1.78,2,"Pequena",TRUE
"Rhodanthidium.septemdentatum","M_015","Rhodanthidium","Megachilidae",3.28,2,"Grande",TRUE
"Rophites.quinquespinosus","M_015","Rophites","Halictidae",2.13,2,"Grande",TRUE
"Systropha.planidens","M_015","Systropha","Halictidae",2.17,2,"Grande",TRUE
"Xylocopa.iris","M_015","Xylocopa","Apidae",4.33,2,"Grande",TRUE
"Xylocopa.violacea","M_015","Xylocopa","Apidae",7.8,2,"Grande",TRUE
"Amegilla.albigena","M_015","Amegilla","Apidae",3.02,3,"Grande",TRUE
"Amegilla.quadrifasciata","M_015","Amegilla","Apidae",3.64,3,"Grande",TRUE
"Andrena.alfkenella","M_015","Andrena","Andrenidae",1.33,3,"Pequena",TRUE
"Andrena.bicolor","M_015","Andrena","Andrenidae",2.05,3,"Pequena",TRUE
"Andrena.combaella","M_015","Andrena","Andrenidae",2.34,3,"Pequena",TRUE
"Andrena.flavipes","M_015","Andrena","Andrenidae",1.71,3,"Pequena",TRUE
"Andrena.hattorfiana","M_015","Andrena","Andrenidae",2.71,3,"Pequena",TRUE
"Andrena.nana","M_015","Andrena","Andrenidae",1.58,3,"Pequena",TRUE
"Andrena.nigroaenea","M_015","Andrena","Andrenidae",2.97,3,"Pequena",TRUE
"Andrena.nigroaenea","M_015","Andrena","Andrenidae",2.84,3,"Pequena",TRUE
"Andrena.simontornyella","M_015","Andrena","Andrenidae",1.31,3,"Pequena",TRUE
"Andrena.taraxaci","M_015","Andrena","Andrenidae",1.68,3,"Pequena",TRUE
"Andrena.ventricosa","M_015","Andrena","Andrenidae",1.63,3,"Pequena",TRUE
"Anthidiellum.strigatum.luteum","M_015","Anthidiellum","Megachilidae",2.44,3,"Pequena",TRUE
"Anthidium.manicatum","M_015","Anthidium","Megachilidae",3.44,3,"Grande",TRUE
"Anthophora.atroalba","M_015","Anthophora","Apidae",3.67,3,"Grande",TRUE
"Apis.mellifera","M_015","Apis","Apidae",2.9,3,"Pequena",TRUE
"Bombus.terrestris","M_015","Bombus","Apidae",4.78,3,"Grande",TRUE
"Bombus.terrestris","M_015","Bombus","Apidae",4.7,3,"Grande",TRUE
"Ceratina.cucurbitina","M_015","Ceratina","Apidae",1.36,3,"Pequena",TRUE
"Ceratina.cyanea","M_015","Ceratina","Apidae",1.24,3,"Pequena",TRUE
"Ceratina.nigrolabiata","M_015","Ceratina","Apidae",1.34,3,"Pequena",TRUE
"Chelostoma.appendiculatum","M_015","Chelostoma","Megachilidae",0.95,3,"Pequena",TRUE
"Eucera.clypeata","M_015","Eucera","Apidae",2.75,3,"Pequena",TRUE
"Eucera.nigrescens.contraria","M_015","Eucera","Apidae",3.34,3,"Grande",TRUE
"Eucera.nigrilabris.rufitarsis","M_015","Eucera","Apidae",3.65,3,"Grande",TRUE
"Eucera.seminuda","M_015","Eucera","Apidae",2.65,3,"Pequena",TRUE
"Habropoda.tarsata","M_015","Habropoda","Apidae",3,3,"Pequena",TRUE
"Halictus.scabiosae","M_015","Halictus","Halictidae",2.4,3,"Pequena",TRUE
"Halictus.scabiosae","M_015","Halictus","Halictidae",2.5,3,"Pequena",TRUE
"Halictus.smaragdulus","M_015","Halictus","Halictidae",1.11,3,"Pequena",TRUE
"Halictus.subauratus","M_015","Halictus","Halictidae",1.68,3,"Pequena",TRUE
"Heriades.crenulatus","M_015","Heriades","Megachilidae",1.53,3,"Pequena",TRUE
"Heriades.trucorum","M_015","Heriades","Megachilidae",1.64,3,"Pequena",TRUE
"Hylaeus.imparilis","M_015","Hylaeus","Colletidae",0.99,3,"Pequena",TRUE
"Hylaeus.punctatus","M_015","Hylaeus","Colletidae",1.19,3,"Pequena",TRUE
"Hylaeus.signatus","M_015","Hylaeus","Colletidae",1.81,3,"Pequena",TRUE
"Hylaeus.variegatus","M_015","Hylaeus","Colletidae",2.12,3,"Pequena",TRUE
"Lasioglossum.aeratum","M_015","Lasioglossum","Halictidae",0.92,3,"Pequena",TRUE
"Lasioglossum.brevicome","M_015","Lasioglossum","Halictidae",1.38,3,"Pequena",TRUE
"Lasioglossum.laticeps.hellenicum","M_015","Lasioglossum","Halictidae",1.47,3,"Pequena",TRUE
"Lasioglossum.limbellum","M_015","Lasioglossum","Halictidae",1.32,3,"Pequena",TRUE
"Lasioglossum.lineare","M_015","Lasioglossum","Halictidae",1.35,3,"Pequena",TRUE
"Lasioglossum.lucidulum","M_015","Lasioglossum","Halictidae",1.28,3,"Pequena",TRUE
"Lasioglossum.malachurum","M_015","Lasioglossum","Halictidae",1.65,3,"Pequena",TRUE
"Lasioglossum.marginatum","M_015","Lasioglossum","Halictidae",1.65,3,"Pequena",TRUE
"Lasioglossum.mediterraneum","M_015","Lasioglossum","Halictidae",3.34,3,"Grande",TRUE
"Lasioglossum.mesosclerum","M_015","Lasioglossum","Halictidae",1.25,3,"Pequena",TRUE
"Lasioglossum.nigripes","M_015","Lasioglossum","Halictidae",1.95,3,"Pequena",TRUE
"Lasioglossum.nitidulum.fudakowskii","M_015","Lasioglossum","Halictidae",1.24,3,"Pequena",TRUE
"Lasioglossum.pauxillum","M_015","Lasioglossum","Halictidae",1.115,3,"Pequena",TRUE
"Lasioglossum.politum","M_015","Lasioglossum","Halictidae",0.85,3,"Pequena",TRUE
"Lasioglossum.pygmaeum.patulum","M_015","Lasioglossum","Halictidae",1.14,3,"Pequena",TRUE
"Lasioglossum.quadrinotatum","M_015","Lasioglossum","Halictidae",1.72,3,"Pequena",TRUE
"Lasioglossum.villosulum","M_015","Lasioglossum","Halictidae",1.32,3,"Pequena",TRUE
"Lasioglossum.zonulum","M_015","Lasioglossum","Halictidae",1.97,3,"Pequena",TRUE
"Megachile.pilidens","M_015","Megachile","Megachilidae",2.67,3,"Pequena",TRUE
"Osmia.aurulenta","M_015","Osmia","Megachilidae",2.78,3,"Pequena",TRUE
"Osmia.caerulescens","M_015","Osmia","Megachilidae",2.34,3,"Pequena",TRUE
"Osmia.melanogaster","M_015","Osmia","Megachilidae",2.84,3,"Pequena",TRUE
"Pseudapis.diversipes","M_015","Pseudapis","Halictidae",1.78,3,"Pequena",TRUE
"Rhodanthidium.septemdentatum","M_015","Rhodanthidium","Megachilidae",3.28,3,"Grande",TRUE
"Rophites.quinquespinosus","M_015","Rophites","Halictidae",2.13,3,"Pequena",TRUE
"Systropha.planidens","M_015","Systropha","Halictidae",2.17,3,"Pequena",TRUE
"Xylocopa.iris","M_015","Xylocopa","Apidae",4.33,3,"Grande",TRUE
"Xylocopa.violacea","M_015","Xylocopa","Apidae",7.8,3,"Grande",TRUE
"Amegilla.albigena","M_015","Amegilla","Apidae",3.02,4,"Pequena",TRUE
"Amegilla.quadrifasciata","M_015","Amegilla","Apidae",3.64,4,"Pequena",TRUE
"Andrena.alfkenella","M_015","Andrena","Andrenidae",1.33,4,"Pequena",TRUE
"Andrena.bicolor","M_015","Andrena","Andrenidae",2.05,4,"Pequena",TRUE
"Andrena.combaella","M_015","Andrena","Andrenidae",2.34,4,"Pequena",TRUE
"Andrena.flavipes","M_015","Andrena","Andrenidae",1.71,4,"Pequena",TRUE
"Andrena.hattorfiana","M_015","Andrena","Andrenidae",2.71,4,"Pequena",TRUE
"Andrena.nana","M_015","Andrena","Andrenidae",1.58,4,"Pequena",TRUE
"Andrena.nigroaenea","M_015","Andrena","Andrenidae",2.97,4,"Pequena",TRUE
"Andrena.nigroaenea","M_015","Andrena","Andrenidae",2.84,4,"Pequena",TRUE
"Andrena.simontornyella","M_015","Andrena","Andrenidae",1.31,4,"Pequena",TRUE
"Andrena.taraxaci","M_015","Andrena","Andrenidae",1.68,4,"Pequena",TRUE
"Andrena.ventricosa","M_015","Andrena","Andrenidae",1.63,4,"Pequena",TRUE
"Anthidiellum.strigatum.luteum","M_015","Anthidiellum","Megachilidae",2.44,4,"Pequena",TRUE
"Anthidium.manicatum","M_015","Anthidium","Megachilidae",3.44,4,"Pequena",TRUE
"Anthophora.atroalba","M_015","Anthophora","Apidae",3.67,4,"Pequena",TRUE
"Apis.mellifera","M_015","Apis","Apidae",2.9,4,"Pequena",TRUE
"Bombus.terrestris","M_015","Bombus","Apidae",4.78,4,"Grande",TRUE
"Bombus.terrestris","M_015","Bombus","Apidae",4.7,4,"Grande",TRUE
"Ceratina.cucurbitina","M_015","Ceratina","Apidae",1.36,4,"Pequena",TRUE
"Ceratina.cyanea","M_015","Ceratina","Apidae",1.24,4,"Pequena",TRUE
"Ceratina.nigrolabiata","M_015","Ceratina","Apidae",1.34,4,"Pequena",TRUE
"Chelostoma.appendiculatum","M_015","Chelostoma","Megachilidae",0.95,4,"Pequena",TRUE
"Eucera.clypeata","M_015","Eucera","Apidae",2.75,4,"Pequena",TRUE
"Eucera.nigrescens.contraria","M_015","Eucera","Apidae",3.34,4,"Pequena",TRUE
"Eucera.nigrilabris.rufitarsis","M_015","Eucera","Apidae",3.65,4,"Pequena",TRUE
"Eucera.seminuda","M_015","Eucera","Apidae",2.65,4,"Pequena",TRUE
"Habropoda.tarsata","M_015","Habropoda","Apidae",3,4,"Pequena",TRUE
"Halictus.scabiosae","M_015","Halictus","Halictidae",2.4,4,"Pequena",TRUE
"Halictus.scabiosae","M_015","Halictus","Halictidae",2.5,4,"Pequena",TRUE
"Halictus.smaragdulus","M_015","Halictus","Halictidae",1.11,4,"Pequena",TRUE
"Halictus.subauratus","M_015","Halictus","Halictidae",1.68,4,"Pequena",TRUE
"Heriades.crenulatus","M_015","Heriades","Megachilidae",1.53,4,"Pequena",TRUE
"Heriades.trucorum","M_015","Heriades","Megachilidae",1.64,4,"Pequena",TRUE
"Hylaeus.imparilis","M_015","Hylaeus","Colletidae",0.99,4,"Pequena",TRUE
"Hylaeus.punctatus","M_015","Hylaeus","Colletidae",1.19,4,"Pequena",TRUE
"Hylaeus.signatus","M_015","Hylaeus","Colletidae",1.81,4,"Pequena",TRUE
"Hylaeus.variegatus","M_015","Hylaeus","Colletidae",2.12,4,"Pequena",TRUE
"Lasioglossum.aeratum","M_015","Lasioglossum","Halictidae",0.92,4,"Pequena",TRUE
"Lasioglossum.brevicome","M_015","Lasioglossum","Halictidae",1.38,4,"Pequena",TRUE
"Lasioglossum.laticeps.hellenicum","M_015","Lasioglossum","Halictidae",1.47,4,"Pequena",TRUE
"Lasioglossum.limbellum","M_015","Lasioglossum","Halictidae",1.32,4,"Pequena",TRUE
"Lasioglossum.lineare","M_015","Lasioglossum","Halictidae",1.35,4,"Pequena",TRUE
"Lasioglossum.lucidulum","M_015","Lasioglossum","Halictidae",1.28,4,"Pequena",TRUE
"Lasioglossum.malachurum","M_015","Lasioglossum","Halictidae",1.65,4,"Pequena",TRUE
"Lasioglossum.marginatum","M_015","Lasioglossum","Halictidae",1.65,4,"Pequena",TRUE
"Lasioglossum.mediterraneum","M_015","Lasioglossum","Halictidae",3.34,4,"Pequena",TRUE
"Lasioglossum.mesosclerum","M_015","Lasioglossum","Halictidae",1.25,4,"Pequena",TRUE
"Lasioglossum.nigripes","M_015","Lasioglossum","Halictidae",1.95,4,"Pequena",TRUE
"Lasioglossum.nitidulum.fudakowskii","M_015","Lasioglossum","Halictidae",1.24,4,"Pequena",TRUE
"Lasioglossum.pauxillum","M_015","Lasioglossum","Halictidae",1.115,4,"Pequena",TRUE
"Lasioglossum.politum","M_015","Lasioglossum","Halictidae",0.85,4,"Pequena",TRUE
"Lasioglossum.pygmaeum.patulum","M_015","Lasioglossum","Halictidae",1.14,4,"Pequena",TRUE
"Lasioglossum.quadrinotatum","M_015","Lasioglossum","Halictidae",1.72,4,"Pequena",TRUE
"Lasioglossum.villosulum","M_015","Lasioglossum","Halictidae",1.32,4,"Pequena",TRUE
"Lasioglossum.zonulum","M_015","Lasioglossum","Halictidae",1.97,4,"Pequena",TRUE
"Megachile.pilidens","M_015","Megachile","Megachilidae",2.67,4,"Pequena",TRUE
"Osmia.aurulenta","M_015","Osmia","Megachilidae",2.78,4,"Pequena",TRUE
"Osmia.caerulescens","M_015","Osmia","Megachilidae",2.34,4,"Pequena",TRUE
"Osmia.melanogaster","M_015","Osmia","Megachilidae",2.84,4,"Pequena",TRUE
"Pseudapis.diversipes","M_015","Pseudapis","Halictidae",1.78,4,"Pequena",TRUE
"Rhodanthidium.septemdentatum","M_015","Rhodanthidium","Megachilidae",3.28,4,"Pequena",TRUE
"Rophites.quinquespinosus","M_015","Rophites","Halictidae",2.13,4,"Pequena",TRUE
"Systropha.planidens","M_015","Systropha","Halictidae",2.17,4,"Pequena",TRUE
"Xylocopa.iris","M_015","Xylocopa","Apidae",4.33,4,"Grande",TRUE
"Xylocopa.violacea","M_015","Xylocopa","Apidae",7.8,4,"Grande",TRUE
"Amegilla.albigena","M_015","Amegilla","Apidae",3.02,5,"Pequena",FALSE
"Amegilla.quadrifasciata","M_015","Amegilla","Apidae",3.64,5,"Pequena",FALSE
"Andrena.alfkenella","M_015","Andrena","Andrenidae",1.33,5,"Pequena",FALSE
"Andrena.bicolor","M_015","Andrena","Andrenidae",2.05,5,"Pequena",FALSE
"Andrena.combaella","M_015","Andrena","Andrenidae",2.34,5,"Pequena",FALSE
"Andrena.flavipes","M_015","Andrena","Andrenidae",1.71,5,"Pequena",FALSE
"Andrena.hattorfiana","M_015","Andrena","Andrenidae",2.71,5,"Pequena",FALSE
"Andrena.nana","M_015","Andrena","Andrenidae",1.58,5,"Pequena",FALSE
"Andrena.nigroaenea","M_015","Andrena","Andrenidae",2.97,5,"Pequena",FALSE
"Andrena.nigroaenea","M_015","Andrena","Andrenidae",2.84,5,"Pequena",FALSE
"Andrena.simontornyella","M_015","Andrena","Andrenidae",1.31,5,"Pequena",FALSE
"Andrena.taraxaci","M_015","Andrena","Andrenidae",1.68,5,"Pequena",FALSE
"Andrena.ventricosa","M_015","Andrena","Andrenidae",1.63,5,"Pequena",FALSE
"Anthidiellum.strigatum.luteum","M_015","Anthidiellum","Megachilidae",2.44,5,"Pequena",FALSE
"Anthidium.manicatum","M_015","Anthidium","Megachilidae",3.44,5,"Pequena",FALSE
"Anthophora.atroalba","M_015","Anthophora","Apidae",3.67,5,"Pequena",FALSE
"Apis.mellifera","M_015","Apis","Apidae",2.9,5,"Pequena",FALSE
"Bombus.terrestris","M_015","Bombus","Apidae",4.78,5,"Pequena",FALSE
"Bombus.terrestris","M_015","Bombus","Apidae",4.7,5,"Pequena",FALSE
"Ceratina.cucurbitina","M_015","Ceratina","Apidae",1.36,5,"Pequena",FALSE
"Ceratina.cyanea","M_015","Ceratina","Apidae",1.24,5,"Pequena",FALSE
"Ceratina.nigrolabiata","M_015","Ceratina","Apidae",1.34,5,"Pequena",FALSE
"Chelostoma.appendiculatum","M_015","Chelostoma","Megachilidae",0.95,5,"Pequena",FALSE
"Eucera.clypeata","M_015","Eucera","Apidae",2.75,5,"Pequena",FALSE
"Eucera.nigrescens.contraria","M_015","Eucera","Apidae",3.34,5,"Pequena",FALSE
"Eucera.nigrilabris.rufitarsis","M_015","Eucera","Apidae",3.65,5,"Pequena",FALSE
"Eucera.seminuda","M_015","Eucera","Apidae",2.65,5,"Pequena",FALSE
"Habropoda.tarsata","M_015","Habropoda","Apidae",3,5,"Pequena",FALSE
"Halictus.scabiosae","M_015","Halictus","Halictidae",2.4,5,"Pequena",FALSE
"Halictus.scabiosae","M_015","Halictus","Halictidae",2.5,5,"Pequena",FALSE
"Halictus.smaragdulus","M_015","Halictus","Halictidae",1.11,5,"Pequena",FALSE
"Halictus.subauratus","M_015","Halictus","Halictidae",1.68,5,"Pequena",FALSE
"Heriades.crenulatus","M_015","Heriades","Megachilidae",1.53,5,"Pequena",FALSE
"Heriades.trucorum","M_015","Heriades","Megachilidae",1.64,5,"Pequena",FALSE
"Hylaeus.imparilis","M_015","Hylaeus","Colletidae",0.99,5,"Pequena",FALSE
"Hylaeus.punctatus","M_015","Hylaeus","Colletidae",1.19,5,"Pequena",FALSE
"Hylaeus.signatus","M_015","Hylaeus","Colletidae",1.81,5,"Pequena",FALSE
"Hylaeus.variegatus","M_015","Hylaeus","Colletidae",2.12,5,"Pequena",FALSE
"Lasioglossum.aeratum","M_015","Lasioglossum","Halictidae",0.92,5,"Pequena",FALSE
"Lasioglossum.brevicome","M_015","Lasioglossum","Halictidae",1.38,5,"Pequena",FALSE
"Lasioglossum.laticeps.hellenicum","M_015","Lasioglossum","Halictidae",1.47,5,"Pequena",FALSE
"Lasioglossum.limbellum","M_015","Lasioglossum","Halictidae",1.32,5,"Pequena",FALSE
"Lasioglossum.lineare","M_015","Lasioglossum","Halictidae",1.35,5,"Pequena",FALSE
"Lasioglossum.lucidulum","M_015","Lasioglossum","Halictidae",1.28,5,"Pequena",FALSE
"Lasioglossum.malachurum","M_015","Lasioglossum","Halictidae",1.65,5,"Pequena",FALSE
"Lasioglossum.marginatum","M_015","Lasioglossum","Halictidae",1.65,5,"Pequena",FALSE
"Lasioglossum.mediterraneum","M_015","Lasioglossum","Halictidae",3.34,5,"Pequena",FALSE
"Lasioglossum.mesosclerum","M_015","Lasioglossum","Halictidae",1.25,5,"Pequena",FALSE
"Lasioglossum.nigripes","M_015","Lasioglossum","Halictidae",1.95,5,"Pequena",FALSE
"Lasioglossum.nitidulum.fudakowskii","M_015","Lasioglossum","Halictidae",1.24,5,"Pequena",FALSE
"Lasioglossum.pauxillum","M_015","Lasioglossum","Halictidae",1.115,5,"Pequena",FALSE
"Lasioglossum.politum","M_015","Lasioglossum","Halictidae",0.85,5,"Pequena",FALSE
"Lasioglossum.pygmaeum.patulum","M_015","Lasioglossum","Halictidae",1.14,5,"Pequena",FALSE
"Lasioglossum.quadrinotatum","M_015","Lasioglossum","Halictidae",1.72,5,"Pequena",FALSE
"Lasioglossum.villosulum","M_015","Lasioglossum","Halictidae",1.32,5,"Pequena",FALSE
"Lasioglossum.zonulum","M_015","Lasioglossum","Halictidae",1.97,5,"Pequena",FALSE
"Megachile.pilidens","M_015","Megachile","Megachilidae",2.67,5,"Pequena",FALSE
"Osmia.aurulenta","M_015","Osmia","Megachilidae",2.78,5,"Pequena",FALSE
"Osmia.caerulescens","M_015","Osmia","Megachilidae",2.34,5,"Pequena",FALSE
"Osmia.melanogaster","M_015","Osmia","Megachilidae",2.84,5,"Pequena",FALSE
"Pseudapis.diversipes","M_015","Pseudapis","Halictidae",1.78,5,"Pequena",FALSE
"Rhodanthidium.septemdentatum","M_015","Rhodanthidium","Megachilidae",3.28,5,"Pequena",FALSE
"Rophites.quinquespinosus","M_015","Rophites","Halictidae",2.13,5,"Pequena",FALSE
"Systropha.planidens","M_015","Systropha","Halictidae",2.17,5,"Pequena",FALSE
"Xylocopa.iris","M_015","Xylocopa","Apidae",4.33,5,"Pequena",FALSE
"Xylocopa.violacea","M_015","Xylocopa","Apidae",7.8,5,"Grande",FALSE
"Amegilla.albigena","M_015","Amegilla","Apidae",3.02,6,"Pequena",FALSE
"Amegilla.quadrifasciata","M_015","Amegilla","Apidae",3.64,6,"Pequena",FALSE
"Andrena.alfkenella","M_015","Andrena","Andrenidae",1.33,6,"Pequena",FALSE
"Andrena.bicolor","M_015","Andrena","Andrenidae",2.05,6,"Pequena",FALSE
"Andrena.combaella","M_015","Andrena","Andrenidae",2.34,6,"Pequena",FALSE
"Andrena.flavipes","M_015","Andrena","Andrenidae",1.71,6,"Pequena",FALSE
"Andrena.hattorfiana","M_015","Andrena","Andrenidae",2.71,6,"Pequena",FALSE
"Andrena.nana","M_015","Andrena","Andrenidae",1.58,6,"Pequena",FALSE
"Andrena.nigroaenea","M_015","Andrena","Andrenidae",2.97,6,"Pequena",FALSE
"Andrena.nigroaenea","M_015","Andrena","Andrenidae",2.84,6,"Pequena",FALSE
"Andrena.simontornyella","M_015","Andrena","Andrenidae",1.31,6,"Pequena",FALSE
"Andrena.taraxaci","M_015","Andrena","Andrenidae",1.68,6,"Pequena",FALSE
"Andrena.ventricosa","M_015","Andrena","Andrenidae",1.63,6,"Pequena",FALSE
"Anthidiellum.strigatum.luteum","M_015","Anthidiellum","Megachilidae",2.44,6,"Pequena",FALSE
"Anthidium.manicatum","M_015","Anthidium","Megachilidae",3.44,6,"Pequena",FALSE
"Anthophora.atroalba","M_015","Anthophora","Apidae",3.67,6,"Pequena",FALSE
"Apis.mellifera","M_015","Apis","Apidae",2.9,6,"Pequena",FALSE
"Bombus.terrestris","M_015","Bombus","Apidae",4.78,6,"Pequena",FALSE
"Bombus.terrestris","M_015","Bombus","Apidae",4.7,6,"Pequena",FALSE
"Ceratina.cucurbitina","M_015","Ceratina","Apidae",1.36,6,"Pequena",FALSE
"Ceratina.cyanea","M_015","Ceratina","Apidae",1.24,6,"Pequena",FALSE
"Ceratina.nigrolabiata","M_015","Ceratina","Apidae",1.34,6,"Pequena",FALSE
"Chelostoma.appendiculatum","M_015","Chelostoma","Megachilidae",0.95,6,"Pequena",FALSE
"Eucera.clypeata","M_015","Eucera","Apidae",2.75,6,"Pequena",FALSE
"Eucera.nigrescens.contraria","M_015","Eucera","Apidae",3.34,6,"Pequena",FALSE
"Eucera.nigrilabris.rufitarsis","M_015","Eucera","Apidae",3.65,6,"Pequena",FALSE
"Eucera.seminuda","M_015","Eucera","Apidae",2.65,6,"Pequena",FALSE
"Habropoda.tarsata","M_015","Habropoda","Apidae",3,6,"Pequena",FALSE
"Halictus.scabiosae","M_015","Halictus","Halictidae",2.4,6,"Pequena",FALSE
"Halictus.scabiosae","M_015","Halictus","Halictidae",2.5,6,"Pequena",FALSE
"Halictus.smaragdulus","M_015","Halictus","Halictidae",1.11,6,"Pequena",FALSE
"Halictus.subauratus","M_015","Halictus","Halictidae",1.68,6,"Pequena",FALSE
"Heriades.crenulatus","M_015","Heriades","Megachilidae",1.53,6,"Pequena",FALSE
"Heriades.trucorum","M_015","Heriades","Megachilidae",1.64,6,"Pequena",FALSE
"Hylaeus.imparilis","M_015","Hylaeus","Colletidae",0.99,6,"Pequena",FALSE
"Hylaeus.punctatus","M_015","Hylaeus","Colletidae",1.19,6,"Pequena",FALSE
"Hylaeus.signatus","M_015","Hylaeus","Colletidae",1.81,6,"Pequena",FALSE
"Hylaeus.variegatus","M_015","Hylaeus","Colletidae",2.12,6,"Pequena",FALSE
"Lasioglossum.aeratum","M_015","Lasioglossum","Halictidae",0.92,6,"Pequena",FALSE
"Lasioglossum.brevicome","M_015","Lasioglossum","Halictidae",1.38,6,"Pequena",FALSE
"Lasioglossum.laticeps.hellenicum","M_015","Lasioglossum","Halictidae",1.47,6,"Pequena",FALSE
"Lasioglossum.limbellum","M_015","Lasioglossum","Halictidae",1.32,6,"Pequena",FALSE
"Lasioglossum.lineare","M_015","Lasioglossum","Halictidae",1.35,6,"Pequena",FALSE
"Lasioglossum.lucidulum","M_015","Lasioglossum","Halictidae",1.28,6,"Pequena",FALSE
"Lasioglossum.malachurum","M_015","Lasioglossum","Halictidae",1.65,6,"Pequena",FALSE
"Lasioglossum.marginatum","M_015","Lasioglossum","Halictidae",1.65,6,"Pequena",FALSE
"Lasioglossum.mediterraneum","M_015","Lasioglossum","Halictidae",3.34,6,"Pequena",FALSE
"Lasioglossum.mesosclerum","M_015","Lasioglossum","Halictidae",1.25,6,"Pequena",FALSE
"Lasioglossum.nigripes","M_015","Lasioglossum","Halictidae",1.95,6,"Pequena",FALSE
"Lasioglossum.nitidulum.fudakowskii","M_015","Lasioglossum","Halictidae",1.24,6,"Pequena",FALSE
"Lasioglossum.pauxillum","M_015","Lasioglossum","Halictidae",1.115,6,"Pequena",FALSE
"Lasioglossum.politum","M_015","Lasioglossum","Halictidae",0.85,6,"Pequena",FALSE
"Lasioglossum.pygmaeum.patulum","M_015","Lasioglossum","Halictidae",1.14,6,"Pequena",FALSE
"Lasioglossum.quadrinotatum","M_015","Lasioglossum","Halictidae",1.72,6,"Pequena",FALSE
"Lasioglossum.villosulum","M_015","Lasioglossum","Halictidae",1.32,6,"Pequena",FALSE
"Lasioglossum.zonulum","M_015","Lasioglossum","Halictidae",1.97,6,"Pequena",FALSE
"Megachile.pilidens","M_015","Megachile","Megachilidae",2.67,6,"Pequena",FALSE
"Osmia.aurulenta","M_015","Osmia","Megachilidae",2.78,6,"Pequena",FALSE
"Osmia.caerulescens","M_015","Osmia","Megachilidae",2.34,6,"Pequena",FALSE
"Osmia.melanogaster","M_015","Osmia","Megachilidae",2.84,6,"Pequena",FALSE
"Pseudapis.diversipes","M_015","Pseudapis","Halictidae",1.78,6,"Pequena",FALSE
"Rhodanthidium.septemdentatum","M_015","Rhodanthidium","Megachilidae",3.28,6,"Pequena",FALSE
"Rophites.quinquespinosus","M_015","Rophites","Halictidae",2.13,6,"Pequena",FALSE
"Systropha.planidens","M_015","Systropha","Halictidae",2.17,6,"Pequena",FALSE
"Xylocopa.iris","M_015","Xylocopa","Apidae",4.33,6,"Pequena",FALSE
"Xylocopa.violacea","M_015","Xylocopa","Apidae",7.8,6,"Grande",FALSE
"Amegilla.albigena","M_015","Amegilla","Apidae",3.02,7,"Pequena",FALSE
"Amegilla.quadrifasciata","M_015","Amegilla","Apidae",3.64,7,"Pequena",FALSE
"Andrena.alfkenella","M_015","Andrena","Andrenidae",1.33,7,"Pequena",FALSE
"Andrena.bicolor","M_015","Andrena","Andrenidae",2.05,7,"Pequena",FALSE
"Andrena.combaella","M_015","Andrena","Andrenidae",2.34,7,"Pequena",FALSE
"Andrena.flavipes","M_015","Andrena","Andrenidae",1.71,7,"Pequena",FALSE
"Andrena.hattorfiana","M_015","Andrena","Andrenidae",2.71,7,"Pequena",FALSE
"Andrena.nana","M_015","Andrena","Andrenidae",1.58,7,"Pequena",FALSE
"Andrena.nigroaenea","M_015","Andrena","Andrenidae",2.97,7,"Pequena",FALSE
"Andrena.nigroaenea","M_015","Andrena","Andrenidae",2.84,7,"Pequena",FALSE
"Andrena.simontornyella","M_015","Andrena","Andrenidae",1.31,7,"Pequena",FALSE
"Andrena.taraxaci","M_015","Andrena","Andrenidae",1.68,7,"Pequena",FALSE
"Andrena.ventricosa","M_015","Andrena","Andrenidae",1.63,7,"Pequena",FALSE
"Anthidiellum.strigatum.luteum","M_015","Anthidiellum","Megachilidae",2.44,7,"Pequena",FALSE
"Anthidium.manicatum","M_015","Anthidium","Megachilidae",3.44,7,"Pequena",FALSE
"Anthophora.atroalba","M_015","Anthophora","Apidae",3.67,7,"Pequena",FALSE
"Apis.mellifera","M_015","Apis","Apidae",2.9,7,"Pequena",FALSE
"Bombus.terrestris","M_015","Bombus","Apidae",4.78,7,"Pequena",FALSE
"Bombus.terrestris","M_015","Bombus","Apidae",4.7,7,"Pequena",FALSE
"Ceratina.cucurbitina","M_015","Ceratina","Apidae",1.36,7,"Pequena",FALSE
"Ceratina.cyanea","M_015","Ceratina","Apidae",1.24,7,"Pequena",FALSE
"Ceratina.nigrolabiata","M_015","Ceratina","Apidae",1.34,7,"Pequena",FALSE
"Chelostoma.appendiculatum","M_015","Chelostoma","Megachilidae",0.95,7,"Pequena",FALSE
"Eucera.clypeata","M_015","Eucera","Apidae",2.75,7,"Pequena",FALSE
"Eucera.nigrescens.contraria","M_015","Eucera","Apidae",3.34,7,"Pequena",FALSE
"Eucera.nigrilabris.rufitarsis","M_015","Eucera","Apidae",3.65,7,"Pequena",FALSE
"Eucera.seminuda","M_015","Eucera","Apidae",2.65,7,"Pequena",FALSE
"Habropoda.tarsata","M_015","Habropoda","Apidae",3,7,"Pequena",FALSE
"Halictus.scabiosae","M_015","Halictus","Halictidae",2.4,7,"Pequena",FALSE
"Halictus.scabiosae","M_015","Halictus","Halictidae",2.5,7,"Pequena",FALSE
"Halictus.smaragdulus","M_015","Halictus","Halictidae",1.11,7,"Pequena",FALSE
"Halictus.subauratus","M_015","Halictus","Halictidae",1.68,7,"Pequena",FALSE
"Heriades.crenulatus","M_015","Heriades","Megachilidae",1.53,7,"Pequena",FALSE
"Heriades.trucorum","M_015","Heriades","Megachilidae",1.64,7,"Pequena",FALSE
"Hylaeus.imparilis","M_015","Hylaeus","Colletidae",0.99,7,"Pequena",FALSE
"Hylaeus.punctatus","M_015","Hylaeus","Colletidae",1.19,7,"Pequena",FALSE
"Hylaeus.signatus","M_015","Hylaeus","Colletidae",1.81,7,"Pequena",FALSE
"Hylaeus.variegatus","M_015","Hylaeus","Colletidae",2.12,7,"Pequena",FALSE
"Lasioglossum.aeratum","M_015","Lasioglossum","Halictidae",0.92,7,"Pequena",FALSE
"Lasioglossum.brevicome","M_015","Lasioglossum","Halictidae",1.38,7,"Pequena",FALSE
"Lasioglossum.laticeps.hellenicum","M_015","Lasioglossum","Halictidae",1.47,7,"Pequena",FALSE
"Lasioglossum.limbellum","M_015","Lasioglossum","Halictidae",1.32,7,"Pequena",FALSE
"Lasioglossum.lineare","M_015","Lasioglossum","Halictidae",1.35,7,"Pequena",FALSE
"Lasioglossum.lucidulum","M_015","Lasioglossum","Halictidae",1.28,7,"Pequena",FALSE
"Lasioglossum.malachurum","M_015","Lasioglossum","Halictidae",1.65,7,"Pequena",FALSE
"Lasioglossum.marginatum","M_015","Lasioglossum","Halictidae",1.65,7,"Pequena",FALSE
"Lasioglossum.mediterraneum","M_015","Lasioglossum","Halictidae",3.34,7,"Pequena",FALSE
"Lasioglossum.mesosclerum","M_015","Lasioglossum","Halictidae",1.25,7,"Pequena",FALSE
"Lasioglossum.nigripes","M_015","Lasioglossum","Halictidae",1.95,7,"Pequena",FALSE
"Lasioglossum.nitidulum.fudakowskii","M_015","Lasioglossum","Halictidae",1.24,7,"Pequena",FALSE
"Lasioglossum.pauxillum","M_015","Lasioglossum","Halictidae",1.115,7,"Pequena",FALSE
"Lasioglossum.politum","M_015","Lasioglossum","Halictidae",0.85,7,"Pequena",FALSE
"Lasioglossum.pygmaeum.patulum","M_015","Lasioglossum","Halictidae",1.14,7,"Pequena",FALSE
"Lasioglossum.quadrinotatum","M_015","Lasioglossum","Halictidae",1.72,7,"Pequena",FALSE
"Lasioglossum.villosulum","M_015","Lasioglossum","Halictidae",1.32,7,"Pequena",FALSE
"Lasioglossum.zonulum","M_015","Lasioglossum","Halictidae",1.97,7,"Pequena",FALSE
"Megachile.pilidens","M_015","Megachile","Megachilidae",2.67,7,"Pequena",FALSE
"Osmia.aurulenta","M_015","Osmia","Megachilidae",2.78,7,"Pequena",FALSE
"Osmia.caerulescens","M_015","Osmia","Megachilidae",2.34,7,"Pequena",FALSE
"Osmia.melanogaster","M_015","Osmia","Megachilidae",2.84,7,"Pequena",FALSE
"Pseudapis.diversipes","M_015","Pseudapis","Halictidae",1.78,7,"Pequena",FALSE
"Rhodanthidium.septemdentatum","M_015","Rhodanthidium","Megachilidae",3.28,7,"Pequena",FALSE
"Rophites.quinquespinosus","M_015","Rophites","Halictidae",2.13,7,"Pequena",FALSE
"Systropha.planidens","M_015","Systropha","Halictidae",2.17,7,"Pequena",FALSE
"Xylocopa.iris","M_015","Xylocopa","Apidae",4.33,7,"Pequena",FALSE
"Xylocopa.violacea","M_015","Xylocopa","Apidae",7.8,7,"Grande",FALSE
"Amegilla.albigena","M_015","Amegilla","Apidae",3.02,8,"Pequena",FALSE
"Amegilla.quadrifasciata","M_015","Amegilla","Apidae",3.64,8,"Pequena",FALSE
"Andrena.alfkenella","M_015","Andrena","Andrenidae",1.33,8,"Pequena",FALSE
"Andrena.bicolor","M_015","Andrena","Andrenidae",2.05,8,"Pequena",FALSE
"Andrena.combaella","M_015","Andrena","Andrenidae",2.34,8,"Pequena",FALSE
"Andrena.flavipes","M_015","Andrena","Andrenidae",1.71,8,"Pequena",FALSE
"Andrena.hattorfiana","M_015","Andrena","Andrenidae",2.71,8,"Pequena",FALSE
"Andrena.nana","M_015","Andrena","Andrenidae",1.58,8,"Pequena",FALSE
"Andrena.nigroaenea","M_015","Andrena","Andrenidae",2.97,8,"Pequena",FALSE
"Andrena.nigroaenea","M_015","Andrena","Andrenidae",2.84,8,"Pequena",FALSE
"Andrena.simontornyella","M_015","Andrena","Andrenidae",1.31,8,"Pequena",FALSE
"Andrena.taraxaci","M_015","Andrena","Andrenidae",1.68,8,"Pequena",FALSE
"Andrena.ventricosa","M_015","Andrena","Andrenidae",1.63,8,"Pequena",FALSE
"Anthidiellum.strigatum.luteum","M_015","Anthidiellum","Megachilidae",2.44,8,"Pequena",FALSE
"Anthidium.manicatum","M_015","Anthidium","Megachilidae",3.44,8,"Pequena",FALSE
"Anthophora.atroalba","M_015","Anthophora","Apidae",3.67,8,"Pequena",FALSE
"Apis.mellifera","M_015","Apis","Apidae",2.9,8,"Pequena",FALSE
"Bombus.terrestris","M_015","Bombus","Apidae",4.78,8,"Pequena",FALSE
"Bombus.terrestris","M_015","Bombus","Apidae",4.7,8,"Pequena",FALSE
"Ceratina.cucurbitina","M_015","Ceratina","Apidae",1.36,8,"Pequena",FALSE
"Ceratina.cyanea","M_015","Ceratina","Apidae",1.24,8,"Pequena",FALSE
"Ceratina.nigrolabiata","M_015","Ceratina","Apidae",1.34,8,"Pequena",FALSE
"Chelostoma.appendiculatum","M_015","Chelostoma","Megachilidae",0.95,8,"Pequena",FALSE
"Eucera.clypeata","M_015","Eucera","Apidae",2.75,8,"Pequena",FALSE
"Eucera.nigrescens.contraria","M_015","Eucera","Apidae",3.34,8,"Pequena",FALSE
"Eucera.nigrilabris.rufitarsis","M_015","Eucera","Apidae",3.65,8,"Pequena",FALSE
"Eucera.seminuda","M_015","Eucera","Apidae",2.65,8,"Pequena",FALSE
"Habropoda.tarsata","M_015","Habropoda","Apidae",3,8,"Pequena",FALSE
"Halictus.scabiosae","M_015","Halictus","Halictidae",2.4,8,"Pequena",FALSE
"Halictus.scabiosae","M_015","Halictus","Halictidae",2.5,8,"Pequena",FALSE
"Halictus.smaragdulus","M_015","Halictus","Halictidae",1.11,8,"Pequena",FALSE
"Halictus.subauratus","M_015","Halictus","Halictidae",1.68,8,"Pequena",FALSE
"Heriades.crenulatus","M_015","Heriades","Megachilidae",1.53,8,"Pequena",FALSE
"Heriades.trucorum","M_015","Heriades","Megachilidae",1.64,8,"Pequena",FALSE
"Hylaeus.imparilis","M_015","Hylaeus","Colletidae",0.99,8,"Pequena",FALSE
"Hylaeus.punctatus","M_015","Hylaeus","Colletidae",1.19,8,"Pequena",FALSE
"Hylaeus.signatus","M_015","Hylaeus","Colletidae",1.81,8,"Pequena",FALSE
"Hylaeus.variegatus","M_015","Hylaeus","Colletidae",2.12,8,"Pequena",FALSE
"Lasioglossum.aeratum","M_015","Lasioglossum","Halictidae",0.92,8,"Pequena",FALSE
"Lasioglossum.brevicome","M_015","Lasioglossum","Halictidae",1.38,8,"Pequena",FALSE
"Lasioglossum.laticeps.hellenicum","M_015","Lasioglossum","Halictidae",1.47,8,"Pequena",FALSE
"Lasioglossum.limbellum","M_015","Lasioglossum","Halictidae",1.32,8,"Pequena",FALSE
"Lasioglossum.lineare","M_015","Lasioglossum","Halictidae",1.35,8,"Pequena",FALSE
"Lasioglossum.lucidulum","M_015","Lasioglossum","Halictidae",1.28,8,"Pequena",FALSE
"Lasioglossum.malachurum","M_015","Lasioglossum","Halictidae",1.65,8,"Pequena",FALSE
"Lasioglossum.marginatum","M_015","Lasioglossum","Halictidae",1.65,8,"Pequena",FALSE
"Lasioglossum.mediterraneum","M_015","Lasioglossum","Halictidae",3.34,8,"Pequena",FALSE
"Lasioglossum.mesosclerum","M_015","Lasioglossum","Halictidae",1.25,8,"Pequena",FALSE
"Lasioglossum.nigripes","M_015","Lasioglossum","Halictidae",1.95,8,"Pequena",FALSE
"Lasioglossum.nitidulum.fudakowskii","M_015","Lasioglossum","Halictidae",1.24,8,"Pequena",FALSE
"Lasioglossum.pauxillum","M_015","Lasioglossum","Halictidae",1.115,8,"Pequena",FALSE
"Lasioglossum.politum","M_015","Lasioglossum","Halictidae",0.85,8,"Pequena",FALSE
"Lasioglossum.pygmaeum.patulum","M_015","Lasioglossum","Halictidae",1.14,8,"Pequena",FALSE
"Lasioglossum.quadrinotatum","M_015","Lasioglossum","Halictidae",1.72,8,"Pequena",FALSE
"Lasioglossum.villosulum","M_015","Lasioglossum","Halictidae",1.32,8,"Pequena",FALSE
"Lasioglossum.zonulum","M_015","Lasioglossum","Halictidae",1.97,8,"Pequena",FALSE
"Megachile.pilidens","M_015","Megachile","Megachilidae",2.67,8,"Pequena",FALSE
"Osmia.aurulenta","M_015","Osmia","Megachilidae",2.78,8,"Pequena",FALSE
"Osmia.caerulescens","M_015","Osmia","Megachilidae",2.34,8,"Pequena",FALSE
"Osmia.melanogaster","M_015","Osmia","Megachilidae",2.84,8,"Pequena",FALSE
"Pseudapis.diversipes","M_015","Pseudapis","Halictidae",1.78,8,"Pequena",FALSE
"Rhodanthidium.septemdentatum","M_015","Rhodanthidium","Megachilidae",3.28,8,"Pequena",FALSE
"Rophites.quinquespinosus","M_015","Rophites","Halictidae",2.13,8,"Pequena",FALSE
"Systropha.planidens","M_015","Systropha","Halictidae",2.17,8,"Pequena",FALSE
"Xylocopa.iris","M_015","Xylocopa","Apidae",4.33,8,"Pequena",FALSE
"Xylocopa.violacea","M_015","Xylocopa","Apidae",7.8,8,"Pequena",FALSE
"Amegilla.albigena","M_015","Amegilla","Apidae",3.02,9,"Pequena",FALSE
"Amegilla.quadrifasciata","M_015","Amegilla","Apidae",3.64,9,"Pequena",FALSE
"Andrena.alfkenella","M_015","Andrena","Andrenidae",1.33,9,"Pequena",FALSE
"Andrena.bicolor","M_015","Andrena","Andrenidae",2.05,9,"Pequena",FALSE
"Andrena.combaella","M_015","Andrena","Andrenidae",2.34,9,"Pequena",FALSE
"Andrena.flavipes","M_015","Andrena","Andrenidae",1.71,9,"Pequena",FALSE
"Andrena.hattorfiana","M_015","Andrena","Andrenidae",2.71,9,"Pequena",FALSE
"Andrena.nana","M_015","Andrena","Andrenidae",1.58,9,"Pequena",FALSE
"Andrena.nigroaenea","M_015","Andrena","Andrenidae",2.97,9,"Pequena",FALSE
"Andrena.nigroaenea","M_015","Andrena","Andrenidae",2.84,9,"Pequena",FALSE
"Andrena.simontornyella","M_015","Andrena","Andrenidae",1.31,9,"Pequena",FALSE
"Andrena.taraxaci","M_015","Andrena","Andrenidae",1.68,9,"Pequena",FALSE
"Andrena.ventricosa","M_015","Andrena","Andrenidae",1.63,9,"Pequena",FALSE
"Anthidiellum.strigatum.luteum","M_015","Anthidiellum","Megachilidae",2.44,9,"Pequena",FALSE
"Anthidium.manicatum","M_015","Anthidium","Megachilidae",3.44,9,"Pequena",FALSE
"Anthophora.atroalba","M_015","Anthophora","Apidae",3.67,9,"Pequena",FALSE
"Apis.mellifera","M_015","Apis","Apidae",2.9,9,"Pequena",FALSE
"Bombus.terrestris","M_015","Bombus","Apidae",4.78,9,"Pequena",FALSE
"Bombus.terrestris","M_015","Bombus","Apidae",4.7,9,"Pequena",FALSE
"Ceratina.cucurbitina","M_015","Ceratina","Apidae",1.36,9,"Pequena",FALSE
"Ceratina.cyanea","M_015","Ceratina","Apidae",1.24,9,"Pequena",FALSE
"Ceratina.nigrolabiata","M_015","Ceratina","Apidae",1.34,9,"Pequena",FALSE
"Chelostoma.appendiculatum","M_015","Chelostoma","Megachilidae",0.95,9,"Pequena",FALSE
"Eucera.clypeata","M_015","Eucera","Apidae",2.75,9,"Pequena",FALSE
"Eucera.nigrescens.contraria","M_015","Eucera","Apidae",3.34,9,"Pequena",FALSE
"Eucera.nigrilabris.rufitarsis","M_015","Eucera","Apidae",3.65,9,"Pequena",FALSE
"Eucera.seminuda","M_015","Eucera","Apidae",2.65,9,"Pequena",FALSE
"Habropoda.tarsata","M_015","Habropoda","Apidae",3,9,"Pequena",FALSE
"Halictus.scabiosae","M_015","Halictus","Halictidae",2.4,9,"Pequena",FALSE
"Halictus.scabiosae","M_015","Halictus","Halictidae",2.5,9,"Pequena",FALSE
"Halictus.smaragdulus","M_015","Halictus","Halictidae",1.11,9,"Pequena",FALSE
"Halictus.subauratus","M_015","Halictus","Halictidae",1.68,9,"Pequena",FALSE
"Heriades.crenulatus","M_015","Heriades","Megachilidae",1.53,9,"Pequena",FALSE
"Heriades.trucorum","M_015","Heriades","Megachilidae",1.64,9,"Pequena",FALSE
"Hylaeus.imparilis","M_015","Hylaeus","Colletidae",0.99,9,"Pequena",FALSE
"Hylaeus.punctatus","M_015","Hylaeus","Colletidae",1.19,9,"Pequena",FALSE
"Hylaeus.signatus","M_015","Hylaeus","Colletidae",1.81,9,"Pequena",FALSE
"Hylaeus.variegatus","M_015","Hylaeus","Colletidae",2.12,9,"Pequena",FALSE
"Lasioglossum.aeratum","M_015","Lasioglossum","Halictidae",0.92,9,"Pequena",FALSE
"Lasioglossum.brevicome","M_015","Lasioglossum","Halictidae",1.38,9,"Pequena",FALSE
"Lasioglossum.laticeps.hellenicum","M_015","Lasioglossum","Halictidae",1.47,9,"Pequena",FALSE
"Lasioglossum.limbellum","M_015","Lasioglossum","Halictidae",1.32,9,"Pequena",FALSE
"Lasioglossum.lineare","M_015","Lasioglossum","Halictidae",1.35,9,"Pequena",FALSE
"Lasioglossum.lucidulum","M_015","Lasioglossum","Halictidae",1.28,9,"Pequena",FALSE
"Lasioglossum.malachurum","M_015","Lasioglossum","Halictidae",1.65,9,"Pequena",FALSE
"Lasioglossum.marginatum","M_015","Lasioglossum","Halictidae",1.65,9,"Pequena",FALSE
"Lasioglossum.mediterraneum","M_015","Lasioglossum","Halictidae",3.34,9,"Pequena",FALSE
"Lasioglossum.mesosclerum","M_015","Lasioglossum","Halictidae",1.25,9,"Pequena",FALSE
"Lasioglossum.nigripes","M_015","Lasioglossum","Halictidae",1.95,9,"Pequena",FALSE
"Lasioglossum.nitidulum.fudakowskii","M_015","Lasioglossum","Halictidae",1.24,9,"Pequena",FALSE
"Lasioglossum.pauxillum","M_015","Lasioglossum","Halictidae",1.115,9,"Pequena",FALSE
"Lasioglossum.politum","M_015","Lasioglossum","Halictidae",0.85,9,"Pequena",FALSE
"Lasioglossum.pygmaeum.patulum","M_015","Lasioglossum","Halictidae",1.14,9,"Pequena",FALSE
"Lasioglossum.quadrinotatum","M_015","Lasioglossum","Halictidae",1.72,9,"Pequena",FALSE
"Lasioglossum.villosulum","M_015","Lasioglossum","Halictidae",1.32,9,"Pequena",FALSE
"Lasioglossum.zonulum","M_015","Lasioglossum","Halictidae",1.97,9,"Pequena",FALSE
"Megachile.pilidens","M_015","Megachile","Megachilidae",2.67,9,"Pequena",FALSE
"Osmia.aurulenta","M_015","Osmia","Megachilidae",2.78,9,"Pequena",FALSE
"Osmia.caerulescens","M_015","Osmia","Megachilidae",2.34,9,"Pequena",FALSE
"Osmia.melanogaster","M_015","Osmia","Megachilidae",2.84,9,"Pequena",FALSE
"Pseudapis.diversipes","M_015","Pseudapis","Halictidae",1.78,9,"Pequena",FALSE
"Rhodanthidium.septemdentatum","M_015","Rhodanthidium","Megachilidae",3.28,9,"Pequena",FALSE
"Rophites.quinquespinosus","M_015","Rophites","Halictidae",2.13,9,"Pequena",FALSE
"Systropha.planidens","M_015","Systropha","Halictidae",2.17,9,"Pequena",FALSE
"Xylocopa.iris","M_015","Xylocopa","Apidae",4.33,9,"Pequena",FALSE
"Xylocopa.violacea","M_015","Xylocopa","Apidae",7.8,9,"Pequena",FALSE
"Amegilla.fasciata","M_016","Amegilla","Apidae",3.29,1,"Grande",FALSE
"Amegilla.quadrifasciata","M_016","Amegilla","Apidae",3.64,1,"Grande",FALSE
"Andrena.bicolor","M_016","Andrena","Andrenidae",2.05,1,"Grande",FALSE
"Andrena.bimaculata","M_016","Andrena","Andrenidae",2.72,1,"Grande",FALSE
"Andrena.hispania","M_016","Andrena","Andrenidae",2.95,1,"Grande",FALSE
"Andrena.nigroaenea","M_016","Andrena","Andrenidae",2.97,1,"Grande",FALSE
"Andrena.nigroaenea","M_016","Andrena","Andrenidae",2.84,1,"Grande",FALSE
"Anthophora.dispar","M_016","Anthophora","Apidae",3.67,1,"Grande",FALSE
"Apis.mellifera","M_016","Apis","Apidae",2.9,1,"Grande",FALSE
"Bombus.lucorum","M_016","Bombus","Apidae",4.78,1,"Grande",FALSE
"Bombus.lucorum","M_016","Bombus","Apidae",3.75,1,"Grande",FALSE
"Ceratina.cucurbitina","M_016","Ceratina","Apidae",1.36,1,"Grande",FALSE
"Ceratina.cyanea","M_016","Ceratina","Apidae",1.24,1,"Grande",FALSE
"Colletes.acutus","M_016","Colletes","Colletidae",2.57,1,"Grande",FALSE
"Colletes.fodiens","M_016","Colletes","Colletidae",2.6,1,"Grande",FALSE
"Colletes.succintus","M_016","Colletes","Colletidae",3,1,"Grande",FALSE
"Dasypoda.cingulata","M_016","","Melittidae",2.17,1,"Grande",FALSE
"Halictus.fulvipes","M_016","Halictus","Halictidae",2.13,1,"Grande",FALSE
"Halictus.quadricinctus","M_016","Halictus","Halictidae",2.84,1,"Grande",FALSE
"Halictus.scabiosae","M_016","Halictus","Halictidae",2.4,1,"Grande",FALSE
"Halictus.scabiosae","M_016","Halictus","Halictidae",2.5,1,"Grande",FALSE
"Halictus.smaragdulus","M_016","Halictus","Halictidae",1.11,1,"Grande",FALSE
"Lasioglossum.albocinctum","M_016","Lasioglossum","Halictidae",2.28,1,"Grande",FALSE
"Lasioglossum.pallens","M_016","Lasioglossum","Halictidae",1.59,1,"Grande",FALSE
"Lasioglossum.punctatissimum","M_016","Lasioglossum","Halictidae",1.21,1,"Grande",FALSE
"Lasioglossum.villosulum","M_016","Lasioglossum","Halictidae",1.32,1,"Grande",FALSE
"Megachile.pilidens","M_016","Megachile","Megachilidae",2.67,1,"Grande",FALSE
"Xylocopa.cantabrita","M_016","Xylocopa","Apidae",5.71,1,"Grande",FALSE
"Xylocopa.violacea","M_016","Xylocopa","Apidae",7.8,1,"Grande",FALSE
"Amegilla.fasciata","M_016","Amegilla","Apidae",3.29,2,"Grande",TRUE
"Amegilla.quadrifasciata","M_016","Amegilla","Apidae",3.64,2,"Grande",TRUE
"Andrena.bicolor","M_016","Andrena","Andrenidae",2.05,2,"Grande",TRUE
"Andrena.bimaculata","M_016","Andrena","Andrenidae",2.72,2,"Grande",TRUE
"Andrena.hispania","M_016","Andrena","Andrenidae",2.95,2,"Grande",TRUE
"Andrena.nigroaenea","M_016","Andrena","Andrenidae",2.97,2,"Grande",TRUE
"Andrena.nigroaenea","M_016","Andrena","Andrenidae",2.84,2,"Grande",TRUE
"Anthophora.dispar","M_016","Anthophora","Apidae",3.67,2,"Grande",TRUE
"Apis.mellifera","M_016","Apis","Apidae",2.9,2,"Grande",TRUE
"Bombus.lucorum","M_016","Bombus","Apidae",4.78,2,"Grande",TRUE
"Bombus.lucorum","M_016","Bombus","Apidae",3.75,2,"Grande",TRUE
"Ceratina.cucurbitina","M_016","Ceratina","Apidae",1.36,2,"Pequena",TRUE
"Ceratina.cyanea","M_016","Ceratina","Apidae",1.24,2,"Pequena",TRUE
"Colletes.acutus","M_016","Colletes","Colletidae",2.57,2,"Grande",TRUE
"Colletes.fodiens","M_016","Colletes","Colletidae",2.6,2,"Grande",TRUE
"Colletes.succintus","M_016","Colletes","Colletidae",3,2,"Grande",TRUE
"Dasypoda.cingulata","M_016","","Melittidae",2.17,2,"Grande",TRUE
"Halictus.fulvipes","M_016","Halictus","Halictidae",2.13,2,"Grande",TRUE
"Halictus.quadricinctus","M_016","Halictus","Halictidae",2.84,2,"Grande",TRUE
"Halictus.scabiosae","M_016","Halictus","Halictidae",2.4,2,"Grande",TRUE
"Halictus.scabiosae","M_016","Halictus","Halictidae",2.5,2,"Grande",TRUE
"Halictus.smaragdulus","M_016","Halictus","Halictidae",1.11,2,"Pequena",TRUE
"Lasioglossum.albocinctum","M_016","Lasioglossum","Halictidae",2.28,2,"Grande",TRUE
"Lasioglossum.pallens","M_016","Lasioglossum","Halictidae",1.59,2,"Pequena",TRUE
"Lasioglossum.punctatissimum","M_016","Lasioglossum","Halictidae",1.21,2,"Pequena",TRUE
"Lasioglossum.villosulum","M_016","Lasioglossum","Halictidae",1.32,2,"Pequena",TRUE
"Megachile.pilidens","M_016","Megachile","Megachilidae",2.67,2,"Grande",TRUE
"Xylocopa.cantabrita","M_016","Xylocopa","Apidae",5.71,2,"Grande",TRUE
"Xylocopa.violacea","M_016","Xylocopa","Apidae",7.8,2,"Grande",TRUE
"Amegilla.fasciata","M_016","Amegilla","Apidae",3.29,3,"Grande",TRUE
"Amegilla.quadrifasciata","M_016","Amegilla","Apidae",3.64,3,"Grande",TRUE
"Andrena.bicolor","M_016","Andrena","Andrenidae",2.05,3,"Pequena",TRUE
"Andrena.bimaculata","M_016","Andrena","Andrenidae",2.72,3,"Pequena",TRUE
"Andrena.hispania","M_016","Andrena","Andrenidae",2.95,3,"Pequena",TRUE
"Andrena.nigroaenea","M_016","Andrena","Andrenidae",2.97,3,"Pequena",TRUE
"Andrena.nigroaenea","M_016","Andrena","Andrenidae",2.84,3,"Pequena",TRUE
"Anthophora.dispar","M_016","Anthophora","Apidae",3.67,3,"Grande",TRUE
"Apis.mellifera","M_016","Apis","Apidae",2.9,3,"Pequena",TRUE
"Bombus.lucorum","M_016","Bombus","Apidae",4.78,3,"Grande",TRUE
"Bombus.lucorum","M_016","Bombus","Apidae",3.75,3,"Grande",TRUE
"Ceratina.cucurbitina","M_016","Ceratina","Apidae",1.36,3,"Pequena",TRUE
"Ceratina.cyanea","M_016","Ceratina","Apidae",1.24,3,"Pequena",TRUE
"Colletes.acutus","M_016","Colletes","Colletidae",2.57,3,"Pequena",TRUE
"Colletes.fodiens","M_016","Colletes","Colletidae",2.6,3,"Pequena",TRUE
"Colletes.succintus","M_016","Colletes","Colletidae",3,3,"Pequena",TRUE
"Dasypoda.cingulata","M_016","","Melittidae",2.17,3,"Pequena",TRUE
"Halictus.fulvipes","M_016","Halictus","Halictidae",2.13,3,"Pequena",TRUE
"Halictus.quadricinctus","M_016","Halictus","Halictidae",2.84,3,"Pequena",TRUE
"Halictus.scabiosae","M_016","Halictus","Halictidae",2.4,3,"Pequena",TRUE
"Halictus.scabiosae","M_016","Halictus","Halictidae",2.5,3,"Pequena",TRUE
"Halictus.smaragdulus","M_016","Halictus","Halictidae",1.11,3,"Pequena",TRUE
"Lasioglossum.albocinctum","M_016","Lasioglossum","Halictidae",2.28,3,"Pequena",TRUE
"Lasioglossum.pallens","M_016","Lasioglossum","Halictidae",1.59,3,"Pequena",TRUE
"Lasioglossum.punctatissimum","M_016","Lasioglossum","Halictidae",1.21,3,"Pequena",TRUE
"Lasioglossum.villosulum","M_016","Lasioglossum","Halictidae",1.32,3,"Pequena",TRUE
"Megachile.pilidens","M_016","Megachile","Megachilidae",2.67,3,"Pequena",TRUE
"Xylocopa.cantabrita","M_016","Xylocopa","Apidae",5.71,3,"Grande",TRUE
"Xylocopa.violacea","M_016","Xylocopa","Apidae",7.8,3,"Grande",TRUE
"Amegilla.fasciata","M_016","Amegilla","Apidae",3.29,4,"Pequena",FALSE
"Amegilla.quadrifasciata","M_016","Amegilla","Apidae",3.64,4,"Pequena",FALSE
"Andrena.bicolor","M_016","Andrena","Andrenidae",2.05,4,"Pequena",FALSE
"Andrena.bimaculata","M_016","Andrena","Andrenidae",2.72,4,"Pequena",FALSE
"Andrena.hispania","M_016","Andrena","Andrenidae",2.95,4,"Pequena",FALSE
"Andrena.nigroaenea","M_016","Andrena","Andrenidae",2.97,4,"Pequena",FALSE
"Andrena.nigroaenea","M_016","Andrena","Andrenidae",2.84,4,"Pequena",FALSE
"Anthophora.dispar","M_016","Anthophora","Apidae",3.67,4,"Pequena",FALSE
"Apis.mellifera","M_016","Apis","Apidae",2.9,4,"Pequena",FALSE
"Bombus.lucorum","M_016","Bombus","Apidae",4.78,4,"Grande",FALSE
"Bombus.lucorum","M_016","Bombus","Apidae",3.75,4,"Pequena",FALSE
"Ceratina.cucurbitina","M_016","Ceratina","Apidae",1.36,4,"Pequena",FALSE
"Ceratina.cyanea","M_016","Ceratina","Apidae",1.24,4,"Pequena",FALSE
"Colletes.acutus","M_016","Colletes","Colletidae",2.57,4,"Pequena",FALSE
"Colletes.fodiens","M_016","Colletes","Colletidae",2.6,4,"Pequena",FALSE
"Colletes.succintus","M_016","Colletes","Colletidae",3,4,"Pequena",FALSE
"Dasypoda.cingulata","M_016","","Melittidae",2.17,4,"Pequena",FALSE
"Halictus.fulvipes","M_016","Halictus","Halictidae",2.13,4,"Pequena",FALSE
"Halictus.quadricinctus","M_016","Halictus","Halictidae",2.84,4,"Pequena",FALSE
"Halictus.scabiosae","M_016","Halictus","Halictidae",2.4,4,"Pequena",FALSE
"Halictus.scabiosae","M_016","Halictus","Halictidae",2.5,4,"Pequena",FALSE
"Halictus.smaragdulus","M_016","Halictus","Halictidae",1.11,4,"Pequena",FALSE
"Lasioglossum.albocinctum","M_016","Lasioglossum","Halictidae",2.28,4,"Pequena",FALSE
"Lasioglossum.pallens","M_016","Lasioglossum","Halictidae",1.59,4,"Pequena",FALSE
"Lasioglossum.punctatissimum","M_016","Lasioglossum","Halictidae",1.21,4,"Pequena",FALSE
"Lasioglossum.villosulum","M_016","Lasioglossum","Halictidae",1.32,4,"Pequena",FALSE
"Megachile.pilidens","M_016","Megachile","Megachilidae",2.67,4,"Pequena",FALSE
"Xylocopa.cantabrita","M_016","Xylocopa","Apidae",5.71,4,"Grande",FALSE
"Xylocopa.violacea","M_016","Xylocopa","Apidae",7.8,4,"Grande",FALSE
"Amegilla.fasciata","M_016","Amegilla","Apidae",3.29,5,"Pequena",FALSE
"Amegilla.quadrifasciata","M_016","Amegilla","Apidae",3.64,5,"Pequena",FALSE
"Andrena.bicolor","M_016","Andrena","Andrenidae",2.05,5,"Pequena",FALSE
"Andrena.bimaculata","M_016","Andrena","Andrenidae",2.72,5,"Pequena",FALSE
"Andrena.hispania","M_016","Andrena","Andrenidae",2.95,5,"Pequena",FALSE
"Andrena.nigroaenea","M_016","Andrena","Andrenidae",2.97,5,"Pequena",FALSE
"Andrena.nigroaenea","M_016","Andrena","Andrenidae",2.84,5,"Pequena",FALSE
"Anthophora.dispar","M_016","Anthophora","Apidae",3.67,5,"Pequena",FALSE
"Apis.mellifera","M_016","Apis","Apidae",2.9,5,"Pequena",FALSE
"Bombus.lucorum","M_016","Bombus","Apidae",4.78,5,"Pequena",FALSE
"Bombus.lucorum","M_016","Bombus","Apidae",3.75,5,"Pequena",FALSE
"Ceratina.cucurbitina","M_016","Ceratina","Apidae",1.36,5,"Pequena",FALSE
"Ceratina.cyanea","M_016","Ceratina","Apidae",1.24,5,"Pequena",FALSE
"Colletes.acutus","M_016","Colletes","Colletidae",2.57,5,"Pequena",FALSE
"Colletes.fodiens","M_016","Colletes","Colletidae",2.6,5,"Pequena",FALSE
"Colletes.succintus","M_016","Colletes","Colletidae",3,5,"Pequena",FALSE
"Dasypoda.cingulata","M_016","","Melittidae",2.17,5,"Pequena",FALSE
"Halictus.fulvipes","M_016","Halictus","Halictidae",2.13,5,"Pequena",FALSE
"Halictus.quadricinctus","M_016","Halictus","Halictidae",2.84,5,"Pequena",FALSE
"Halictus.scabiosae","M_016","Halictus","Halictidae",2.4,5,"Pequena",FALSE
"Halictus.scabiosae","M_016","Halictus","Halictidae",2.5,5,"Pequena",FALSE
"Halictus.smaragdulus","M_016","Halictus","Halictidae",1.11,5,"Pequena",FALSE
"Lasioglossum.albocinctum","M_016","Lasioglossum","Halictidae",2.28,5,"Pequena",FALSE
"Lasioglossum.pallens","M_016","Lasioglossum","Halictidae",1.59,5,"Pequena",FALSE
"Lasioglossum.punctatissimum","M_016","Lasioglossum","Halictidae",1.21,5,"Pequena",FALSE
"Lasioglossum.villosulum","M_016","Lasioglossum","Halictidae",1.32,5,"Pequena",FALSE
"Megachile.pilidens","M_016","Megachile","Megachilidae",2.67,5,"Pequena",FALSE
"Xylocopa.cantabrita","M_016","Xylocopa","Apidae",5.71,5,"Grande",FALSE
"Xylocopa.violacea","M_016","Xylocopa","Apidae",7.8,5,"Grande",FALSE
"Amegilla.fasciata","M_016","Amegilla","Apidae",3.29,6,"Pequena",FALSE
"Amegilla.quadrifasciata","M_016","Amegilla","Apidae",3.64,6,"Pequena",FALSE
"Andrena.bicolor","M_016","Andrena","Andrenidae",2.05,6,"Pequena",FALSE
"Andrena.bimaculata","M_016","Andrena","Andrenidae",2.72,6,"Pequena",FALSE
"Andrena.hispania","M_016","Andrena","Andrenidae",2.95,6,"Pequena",FALSE
"Andrena.nigroaenea","M_016","Andrena","Andrenidae",2.97,6,"Pequena",FALSE
"Andrena.nigroaenea","M_016","Andrena","Andrenidae",2.84,6,"Pequena",FALSE
"Anthophora.dispar","M_016","Anthophora","Apidae",3.67,6,"Pequena",FALSE
"Apis.mellifera","M_016","Apis","Apidae",2.9,6,"Pequena",FALSE
"Bombus.lucorum","M_016","Bombus","Apidae",4.78,6,"Pequena",FALSE
"Bombus.lucorum","M_016","Bombus","Apidae",3.75,6,"Pequena",FALSE
"Ceratina.cucurbitina","M_016","Ceratina","Apidae",1.36,6,"Pequena",FALSE
"Ceratina.cyanea","M_016","Ceratina","Apidae",1.24,6,"Pequena",FALSE
"Colletes.acutus","M_016","Colletes","Colletidae",2.57,6,"Pequena",FALSE
"Colletes.fodiens","M_016","Colletes","Colletidae",2.6,6,"Pequena",FALSE
"Colletes.succintus","M_016","Colletes","Colletidae",3,6,"Pequena",FALSE
"Dasypoda.cingulata","M_016","","Melittidae",2.17,6,"Pequena",FALSE
"Halictus.fulvipes","M_016","Halictus","Halictidae",2.13,6,"Pequena",FALSE
"Halictus.quadricinctus","M_016","Halictus","Halictidae",2.84,6,"Pequena",FALSE
"Halictus.scabiosae","M_016","Halictus","Halictidae",2.4,6,"Pequena",FALSE
"Halictus.scabiosae","M_016","Halictus","Halictidae",2.5,6,"Pequena",FALSE
"Halictus.smaragdulus","M_016","Halictus","Halictidae",1.11,6,"Pequena",FALSE
"Lasioglossum.albocinctum","M_016","Lasioglossum","Halictidae",2.28,6,"Pequena",FALSE
"Lasioglossum.pallens","M_016","Lasioglossum","Halictidae",1.59,6,"Pequena",FALSE
"Lasioglossum.punctatissimum","M_016","Lasioglossum","Halictidae",1.21,6,"Pequena",FALSE
"Lasioglossum.villosulum","M_016","Lasioglossum","Halictidae",1.32,6,"Pequena",FALSE
"Megachile.pilidens","M_016","Megachile","Megachilidae",2.67,6,"Pequena",FALSE
"Xylocopa.cantabrita","M_016","Xylocopa","Apidae",5.71,6,"Pequena",FALSE
"Xylocopa.violacea","M_016","Xylocopa","Apidae",7.8,6,"Grande",FALSE
"Amegilla.fasciata","M_016","Amegilla","Apidae",3.29,7,"Pequena",FALSE
"Amegilla.quadrifasciata","M_016","Amegilla","Apidae",3.64,7,"Pequena",FALSE
"Andrena.bicolor","M_016","Andrena","Andrenidae",2.05,7,"Pequena",FALSE
"Andrena.bimaculata","M_016","Andrena","Andrenidae",2.72,7,"Pequena",FALSE
"Andrena.hispania","M_016","Andrena","Andrenidae",2.95,7,"Pequena",FALSE
"Andrena.nigroaenea","M_016","Andrena","Andrenidae",2.97,7,"Pequena",FALSE
"Andrena.nigroaenea","M_016","Andrena","Andrenidae",2.84,7,"Pequena",FALSE
"Anthophora.dispar","M_016","Anthophora","Apidae",3.67,7,"Pequena",FALSE
"Apis.mellifera","M_016","Apis","Apidae",2.9,7,"Pequena",FALSE
"Bombus.lucorum","M_016","Bombus","Apidae",4.78,7,"Pequena",FALSE
"Bombus.lucorum","M_016","Bombus","Apidae",3.75,7,"Pequena",FALSE
"Ceratina.cucurbitina","M_016","Ceratina","Apidae",1.36,7,"Pequena",FALSE
"Ceratina.cyanea","M_016","Ceratina","Apidae",1.24,7,"Pequena",FALSE
"Colletes.acutus","M_016","Colletes","Colletidae",2.57,7,"Pequena",FALSE
"Colletes.fodiens","M_016","Colletes","Colletidae",2.6,7,"Pequena",FALSE
"Colletes.succintus","M_016","Colletes","Colletidae",3,7,"Pequena",FALSE
"Dasypoda.cingulata","M_016","","Melittidae",2.17,7,"Pequena",FALSE
"Halictus.fulvipes","M_016","Halictus","Halictidae",2.13,7,"Pequena",FALSE
"Halictus.quadricinctus","M_016","Halictus","Halictidae",2.84,7,"Pequena",FALSE
"Halictus.scabiosae","M_016","Halictus","Halictidae",2.4,7,"Pequena",FALSE
"Halictus.scabiosae","M_016","Halictus","Halictidae",2.5,7,"Pequena",FALSE
"Halictus.smaragdulus","M_016","Halictus","Halictidae",1.11,7,"Pequena",FALSE
"Lasioglossum.albocinctum","M_016","Lasioglossum","Halictidae",2.28,7,"Pequena",FALSE
"Lasioglossum.pallens","M_016","Lasioglossum","Halictidae",1.59,7,"Pequena",FALSE
"Lasioglossum.punctatissimum","M_016","Lasioglossum","Halictidae",1.21,7,"Pequena",FALSE
"Lasioglossum.villosulum","M_016","Lasioglossum","Halictidae",1.32,7,"Pequena",FALSE
"Megachile.pilidens","M_016","Megachile","Megachilidae",2.67,7,"Pequena",FALSE
"Xylocopa.cantabrita","M_016","Xylocopa","Apidae",5.71,7,"Pequena",FALSE
"Xylocopa.violacea","M_016","Xylocopa","Apidae",7.8,7,"Grande",FALSE
"Amegilla.fasciata","M_016","Amegilla","Apidae",3.29,8,"Pequena",FALSE
"Amegilla.quadrifasciata","M_016","Amegilla","Apidae",3.64,8,"Pequena",FALSE
"Andrena.bicolor","M_016","Andrena","Andrenidae",2.05,8,"Pequena",FALSE
"Andrena.bimaculata","M_016","Andrena","Andrenidae",2.72,8,"Pequena",FALSE
"Andrena.hispania","M_016","Andrena","Andrenidae",2.95,8,"Pequena",FALSE
"Andrena.nigroaenea","M_016","Andrena","Andrenidae",2.97,8,"Pequena",FALSE
"Andrena.nigroaenea","M_016","Andrena","Andrenidae",2.84,8,"Pequena",FALSE
"Anthophora.dispar","M_016","Anthophora","Apidae",3.67,8,"Pequena",FALSE
"Apis.mellifera","M_016","Apis","Apidae",2.9,8,"Pequena",FALSE
"Bombus.lucorum","M_016","Bombus","Apidae",4.78,8,"Pequena",FALSE
"Bombus.lucorum","M_016","Bombus","Apidae",3.75,8,"Pequena",FALSE
"Ceratina.cucurbitina","M_016","Ceratina","Apidae",1.36,8,"Pequena",FALSE
"Ceratina.cyanea","M_016","Ceratina","Apidae",1.24,8,"Pequena",FALSE
"Colletes.acutus","M_016","Colletes","Colletidae",2.57,8,"Pequena",FALSE
"Colletes.fodiens","M_016","Colletes","Colletidae",2.6,8,"Pequena",FALSE
"Colletes.succintus","M_016","Colletes","Colletidae",3,8,"Pequena",FALSE
"Dasypoda.cingulata","M_016","","Melittidae",2.17,8,"Pequena",FALSE
"Halictus.fulvipes","M_016","Halictus","Halictidae",2.13,8,"Pequena",FALSE
"Halictus.quadricinctus","M_016","Halictus","Halictidae",2.84,8,"Pequena",FALSE
"Halictus.scabiosae","M_016","Halictus","Halictidae",2.4,8,"Pequena",FALSE
"Halictus.scabiosae","M_016","Halictus","Halictidae",2.5,8,"Pequena",FALSE
"Halictus.smaragdulus","M_016","Halictus","Halictidae",1.11,8,"Pequena",FALSE
"Lasioglossum.albocinctum","M_016","Lasioglossum","Halictidae",2.28,8,"Pequena",FALSE
"Lasioglossum.pallens","M_016","Lasioglossum","Halictidae",1.59,8,"Pequena",FALSE
"Lasioglossum.punctatissimum","M_016","Lasioglossum","Halictidae",1.21,8,"Pequena",FALSE
"Lasioglossum.villosulum","M_016","Lasioglossum","Halictidae",1.32,8,"Pequena",FALSE
"Megachile.pilidens","M_016","Megachile","Megachilidae",2.67,8,"Pequena",FALSE
"Xylocopa.cantabrita","M_016","Xylocopa","Apidae",5.71,8,"Pequena",FALSE
"Xylocopa.violacea","M_016","Xylocopa","Apidae",7.8,8,"Pequena",FALSE
"Amegilla.fasciata","M_016","Amegilla","Apidae",3.29,9,"Pequena",FALSE
"Amegilla.quadrifasciata","M_016","Amegilla","Apidae",3.64,9,"Pequena",FALSE
"Andrena.bicolor","M_016","Andrena","Andrenidae",2.05,9,"Pequena",FALSE
"Andrena.bimaculata","M_016","Andrena","Andrenidae",2.72,9,"Pequena",FALSE
"Andrena.hispania","M_016","Andrena","Andrenidae",2.95,9,"Pequena",FALSE
"Andrena.nigroaenea","M_016","Andrena","Andrenidae",2.97,9,"Pequena",FALSE
"Andrena.nigroaenea","M_016","Andrena","Andrenidae",2.84,9,"Pequena",FALSE
"Anthophora.dispar","M_016","Anthophora","Apidae",3.67,9,"Pequena",FALSE
"Apis.mellifera","M_016","Apis","Apidae",2.9,9,"Pequena",FALSE
"Bombus.lucorum","M_016","Bombus","Apidae",4.78,9,"Pequena",FALSE
"Bombus.lucorum","M_016","Bombus","Apidae",3.75,9,"Pequena",FALSE
"Ceratina.cucurbitina","M_016","Ceratina","Apidae",1.36,9,"Pequena",FALSE
"Ceratina.cyanea","M_016","Ceratina","Apidae",1.24,9,"Pequena",FALSE
"Colletes.acutus","M_016","Colletes","Colletidae",2.57,9,"Pequena",FALSE
"Colletes.fodiens","M_016","Colletes","Colletidae",2.6,9,"Pequena",FALSE
"Colletes.succintus","M_016","Colletes","Colletidae",3,9,"Pequena",FALSE
"Dasypoda.cingulata","M_016","","Melittidae",2.17,9,"Pequena",FALSE
"Halictus.fulvipes","M_016","Halictus","Halictidae",2.13,9,"Pequena",FALSE
"Halictus.quadricinctus","M_016","Halictus","Halictidae",2.84,9,"Pequena",FALSE
"Halictus.scabiosae","M_016","Halictus","Halictidae",2.4,9,"Pequena",FALSE
"Halictus.scabiosae","M_016","Halictus","Halictidae",2.5,9,"Pequena",FALSE
"Halictus.smaragdulus","M_016","Halictus","Halictidae",1.11,9,"Pequena",FALSE
"Lasioglossum.albocinctum","M_016","Lasioglossum","Halictidae",2.28,9,"Pequena",FALSE
"Lasioglossum.pallens","M_016","Lasioglossum","Halictidae",1.59,9,"Pequena",FALSE
"Lasioglossum.punctatissimum","M_016","Lasioglossum","Halictidae",1.21,9,"Pequena",FALSE
"Lasioglossum.villosulum","M_016","Lasioglossum","Halictidae",1.32,9,"Pequena",FALSE
"Megachile.pilidens","M_016","Megachile","Megachilidae",2.67,9,"Pequena",FALSE
"Xylocopa.cantabrita","M_016","Xylocopa","Apidae",5.71,9,"Pequena",FALSE
"Xylocopa.violacea","M_016","Xylocopa","Apidae",7.8,9,"Pequena",FALSE
"Amegilla.quadrifasciata","M_050","Amegilla","Apidae",3.64,1,"Grande",FALSE
"Apis.mellifera","M_050","Apis","Apidae",2.9,1,"Grande",FALSE
"Amegilla.quadrifasciata","M_050","Amegilla","Apidae",3.64,2,"Grande",FALSE
"Apis.mellifera","M_050","Apis","Apidae",2.9,2,"Grande",FALSE
"Amegilla.quadrifasciata","M_050","Amegilla","Apidae",3.64,3,"Grande",FALSE
"Apis.mellifera","M_050","Apis","Apidae",2.9,3,"Pequena",FALSE
"Amegilla.quadrifasciata","M_050","Amegilla","Apidae",3.64,4,"Pequena",FALSE
"Apis.mellifera","M_050","Apis","Apidae",2.9,4,"Pequena",FALSE
"Amegilla.quadrifasciata","M_050","Amegilla","Apidae",3.64,5,"Pequena",FALSE
"Apis.mellifera","M_050","Apis","Apidae",2.9,5,"Pequena",FALSE
"Amegilla.quadrifasciata","M_050","Amegilla","Apidae",3.64,6,"Pequena",FALSE
"Apis.mellifera","M_050","Apis","Apidae",2.9,6,"Pequena",FALSE
"Amegilla.quadrifasciata","M_050","Amegilla","Apidae",3.64,7,"Pequena",FALSE
"Apis.mellifera","M_050","Apis","Apidae",2.9,7,"Pequena",FALSE
"Amegilla.quadrifasciata","M_050","Amegilla","Apidae",3.64,8,"Pequena",FALSE
"Apis.mellifera","M_050","Apis","Apidae",2.9,8,"Pequena",FALSE
"Amegilla.quadrifasciata","M_050","Amegilla","Apidae",3.64,9,"Pequena",FALSE
"Apis.mellifera","M_050","Apis","Apidae",2.9,9,"Pequena",FALSE
"Amegilla.quadrifasciata","M_039","Amegilla","Apidae",3.64,1,"Grande",FALSE
"Apis.mellifera","M_039","Apis","Apidae",2.9,1,"Grande",FALSE
"Amegilla.quadrifasciata","M_039","Amegilla","Apidae",3.64,2,"Grande",FALSE
"Apis.mellifera","M_039","Apis","Apidae",2.9,2,"Grande",FALSE
"Amegilla.quadrifasciata","M_039","Amegilla","Apidae",3.64,3,"Grande",FALSE
"Apis.mellifera","M_039","Apis","Apidae",2.9,3,"Pequena",FALSE
"Amegilla.quadrifasciata","M_039","Amegilla","Apidae",3.64,4,"Pequena",FALSE
"Apis.mellifera","M_039","Apis","Apidae",2.9,4,"Pequena",FALSE
"Amegilla.quadrifasciata","M_039","Amegilla","Apidae",3.64,5,"Pequena",FALSE
"Apis.mellifera","M_039","Apis","Apidae",2.9,5,"Pequena",FALSE
"Amegilla.quadrifasciata","M_039","Amegilla","Apidae",3.64,6,"Pequena",FALSE
"Apis.mellifera","M_039","Apis","Apidae",2.9,6,"Pequena",FALSE
"Amegilla.quadrifasciata","M_039","Amegilla","Apidae",3.64,7,"Pequena",FALSE
"Apis.mellifera","M_039","Apis","Apidae",2.9,7,"Pequena",FALSE
"Amegilla.quadrifasciata","M_039","Amegilla","Apidae",3.64,8,"Pequena",FALSE
"Apis.mellifera","M_039","Apis","Apidae",2.9,8,"Pequena",FALSE
"Amegilla.quadrifasciata","M_039","Amegilla","Apidae",3.64,9,"Pequena",FALSE
"Apis.mellifera","M_039","Apis","Apidae",2.9,9,"Pequena",FALSE
"Andrena.alleghaniensis","M_033","Andrena","Andrenidae",1.44,1,"Grande",FALSE
"Andrena.carlini","M_033","Andrena","Andrenidae",2.9,1,"Grande",FALSE
"Andrena.carolina","M_033","Andrena","Andrenidae",2.09,1,"Grande",FALSE
"Andrena.mandibularis","M_033","Andrena","Andrenidae",1.87,1,"Grande",FALSE
"Andrena.vicina","M_033","Andrena","Andrenidae",2.54,1,"Grande",FALSE
"Apis.mellifera","M_033","Apis","Apidae",2.9,1,"Grande",FALSE
"Pyrobombus.impatiens","M_033","Pyrobombus","Apidae",4.42,1,"Grande",FALSE
"Pyrobombus.ternarius","M_033","Pyrobombus","Apidae",3.17,1,"Grande",FALSE
"Andrena.alleghaniensis","M_033","Andrena","Andrenidae",1.44,2,"Pequena",TRUE
"Andrena.carlini","M_033","Andrena","Andrenidae",2.9,2,"Grande",TRUE
"Andrena.carolina","M_033","Andrena","Andrenidae",2.09,2,"Grande",TRUE
"Andrena.mandibularis","M_033","Andrena","Andrenidae",1.87,2,"Pequena",TRUE
"Andrena.vicina","M_033","Andrena","Andrenidae",2.54,2,"Grande",TRUE
"Apis.mellifera","M_033","Apis","Apidae",2.9,2,"Grande",TRUE
"Pyrobombus.impatiens","M_033","Pyrobombus","Apidae",4.42,2,"Grande",TRUE
"Pyrobombus.ternarius","M_033","Pyrobombus","Apidae",3.17,2,"Grande",TRUE
"Andrena.alleghaniensis","M_033","Andrena","Andrenidae",1.44,3,"Pequena",FALSE
"Andrena.carlini","M_033","Andrena","Andrenidae",2.9,3,"Pequena",FALSE
"Andrena.carolina","M_033","Andrena","Andrenidae",2.09,3,"Pequena",FALSE
"Andrena.mandibularis","M_033","Andrena","Andrenidae",1.87,3,"Pequena",FALSE
"Andrena.vicina","M_033","Andrena","Andrenidae",2.54,3,"Pequena",FALSE
"Apis.mellifera","M_033","Apis","Apidae",2.9,3,"Pequena",FALSE
"Pyrobombus.impatiens","M_033","Pyrobombus","Apidae",4.42,3,"Grande",FALSE
"Pyrobombus.ternarius","M_033","Pyrobombus","Apidae",3.17,3,"Grande",FALSE
"Andrena.alleghaniensis","M_033","Andrena","Andrenidae",1.44,4,"Pequena",FALSE
"Andrena.carlini","M_033","Andrena","Andrenidae",2.9,4,"Pequena",FALSE
"Andrena.carolina","M_033","Andrena","Andrenidae",2.09,4,"Pequena",FALSE
"Andrena.mandibularis","M_033","Andrena","Andrenidae",1.87,4,"Pequena",FALSE
"Andrena.vicina","M_033","Andrena","Andrenidae",2.54,4,"Pequena",FALSE
"Apis.mellifera","M_033","Apis","Apidae",2.9,4,"Pequena",FALSE
"Pyrobombus.impatiens","M_033","Pyrobombus","Apidae",4.42,4,"Grande",FALSE
"Pyrobombus.ternarius","M_033","Pyrobombus","Apidae",3.17,4,"Pequena",FALSE
"Andrena.alleghaniensis","M_033","Andrena","Andrenidae",1.44,5,"Pequena",FALSE
"Andrena.carlini","M_033","Andrena","Andrenidae",2.9,5,"Pequena",FALSE
"Andrena.carolina","M_033","Andrena","Andrenidae",2.09,5,"Pequena",FALSE
"Andrena.mandibularis","M_033","Andrena","Andrenidae",1.87,5,"Pequena",FALSE
"Andrena.vicina","M_033","Andrena","Andrenidae",2.54,5,"Pequena",FALSE
"Apis.mellifera","M_033","Apis","Apidae",2.9,5,"Pequena",FALSE
"Pyrobombus.impatiens","M_033","Pyrobombus","Apidae",4.42,5,"Pequena",FALSE
"Pyrobombus.ternarius","M_033","Pyrobombus","Apidae",3.17,5,"Pequena",FALSE
"Andrena.alleghaniensis","M_033","Andrena","Andrenidae",1.44,6,"Pequena",FALSE
"Andrena.carlini","M_033","Andrena","Andrenidae",2.9,6,"Pequena",FALSE
"Andrena.carolina","M_033","Andrena","Andrenidae",2.09,6,"Pequena",FALSE
"Andrena.mandibularis","M_033","Andrena","Andrenidae",1.87,6,"Pequena",FALSE
"Andrena.vicina","M_033","Andrena","Andrenidae",2.54,6,"Pequena",FALSE
"Apis.mellifera","M_033","Apis","Apidae",2.9,6,"Pequena",FALSE
"Pyrobombus.impatiens","M_033","Pyrobombus","Apidae",4.42,6,"Pequena",FALSE
"Pyrobombus.ternarius","M_033","Pyrobombus","Apidae",3.17,6,"Pequena",FALSE
"Andrena.alleghaniensis","M_033","Andrena","Andrenidae",1.44,7,"Pequena",FALSE
"Andrena.carlini","M_033","Andrena","Andrenidae",2.9,7,"Pequena",FALSE
"Andrena.carolina","M_033","Andrena","Andrenidae",2.09,7,"Pequena",FALSE
"Andrena.mandibularis","M_033","Andrena","Andrenidae",1.87,7,"Pequena",FALSE
"Andrena.vicina","M_033","Andrena","Andrenidae",2.54,7,"Pequena",FALSE
"Apis.mellifera","M_033","Apis","Apidae",2.9,7,"Pequena",FALSE
"Pyrobombus.impatiens","M_033","Pyrobombus","Apidae",4.42,7,"Pequena",FALSE
"Pyrobombus.ternarius","M_033","Pyrobombus","Apidae",3.17,7,"Pequena",FALSE
"Andrena.alleghaniensis","M_033","Andrena","Andrenidae",1.44,8,"Pequena",FALSE
"Andrena.carlini","M_033","Andrena","Andrenidae",2.9,8,"Pequena",FALSE
"Andrena.carolina","M_033","Andrena","Andrenidae",2.09,8,"Pequena",FALSE
"Andrena.mandibularis","M_033","Andrena","Andrenidae",1.87,8,"Pequena",FALSE
"Andrena.vicina","M_033","Andrena","Andrenidae",2.54,8,"Pequena",FALSE
"Apis.mellifera","M_033","Apis","Apidae",2.9,8,"Pequena",FALSE
"Pyrobombus.impatiens","M_033","Pyrobombus","Apidae",4.42,8,"Pequena",FALSE
"Pyrobombus.ternarius","M_033","Pyrobombus","Apidae",3.17,8,"Pequena",FALSE
"Andrena.alleghaniensis","M_033","Andrena","Andrenidae",1.44,9,"Pequena",FALSE
"Andrena.carlini","M_033","Andrena","Andrenidae",2.9,9,"Pequena",FALSE
"Andrena.carolina","M_033","Andrena","Andrenidae",2.09,9,"Pequena",FALSE
"Andrena.mandibularis","M_033","Andrena","Andrenidae",1.87,9,"Pequena",FALSE
"Andrena.vicina","M_033","Andrena","Andrenidae",2.54,9,"Pequena",FALSE
"Apis.mellifera","M_033","Apis","Apidae",2.9,9,"Pequena",FALSE
"Pyrobombus.impatiens","M_033","Pyrobombus","Apidae",4.42,9,"Pequena",FALSE
"Pyrobombus.ternarius","M_033","Pyrobombus","Apidae",3.17,9,"Pequena",FALSE
"Andrena.arabis","M_025","Andrena","Andrenidae",2.1,1,"Grande",FALSE
"Andrena.carlini","M_025","Andrena","Andrenidae",2.9,1,"Grande",FALSE
"Andrena.dunningi","M_025","Andrena","Andrenidae",2.64,1,"Grande",FALSE
"Andrena.erigeniae","M_025","Andrena","Andrenidae",2.1,1,"Grande",FALSE
"Andrena.nasonii","M_025","Andrena","Andrenidae",1.59,1,"Grande",FALSE
"Andrena.personata","M_025","Andrena","Andrenidae",1.2,1,"Grande",FALSE
"Andrena.violae","M_025","Andrena","Andrenidae",2.3,1,"Grande",FALSE
"Apis.mellifera","M_025","Apis","Apidae",2.9,1,"Grande",FALSE
"Augochlora.pura","M_025","Augochlora","Halictidae",1.64,1,"Grande",FALSE
"Bombus.bimaculatus","M_025","Bombus","Apidae",4.07,1,"Grande",FALSE
"Bombus.pennsylvanicus","M_025","Bombus","Apidae",6,1,"Grande",FALSE
"Ceratina.calcarata","M_025","Ceratina","Apidae",1.41,1,"Grande",FALSE
"Lassioglossum.fuscipenne","M_025","Lassioglossum","Halictidae",2.1,1,"Grande",FALSE
"Osmia.atriventris","M_025","Osmia","Megachilidae",2.08,1,"Grande",FALSE
"Osmia.lignaria","M_025","Osmia","Megachilidae",2.9,1,"Grande",FALSE
"Osmia.simillima","M_025","Osmia","Megachilidae",2.53,1,"Grande",FALSE
"Xylocopa.virginica.virginica","M_025","Xylocopa","Apidae",5.64,1,"Grande",FALSE
"Andrena.arabis","M_025","Andrena","Andrenidae",2.1,2,"Grande",TRUE
"Andrena.carlini","M_025","Andrena","Andrenidae",2.9,2,"Grande",TRUE
"Andrena.dunningi","M_025","Andrena","Andrenidae",2.64,2,"Grande",TRUE
"Andrena.erigeniae","M_025","Andrena","Andrenidae",2.1,2,"Grande",TRUE
"Andrena.nasonii","M_025","Andrena","Andrenidae",1.59,2,"Pequena",TRUE
"Andrena.personata","M_025","Andrena","Andrenidae",1.2,2,"Pequena",TRUE
"Andrena.violae","M_025","Andrena","Andrenidae",2.3,2,"Grande",TRUE
"Apis.mellifera","M_025","Apis","Apidae",2.9,2,"Grande",TRUE
"Augochlora.pura","M_025","Augochlora","Halictidae",1.64,2,"Pequena",TRUE
"Bombus.bimaculatus","M_025","Bombus","Apidae",4.07,2,"Grande",TRUE
"Bombus.pennsylvanicus","M_025","Bombus","Apidae",6,2,"Grande",TRUE
"Ceratina.calcarata","M_025","Ceratina","Apidae",1.41,2,"Pequena",TRUE
"Lassioglossum.fuscipenne","M_025","Lassioglossum","Halictidae",2.1,2,"Grande",TRUE
"Osmia.atriventris","M_025","Osmia","Megachilidae",2.08,2,"Grande",TRUE
"Osmia.lignaria","M_025","Osmia","Megachilidae",2.9,2,"Grande",TRUE
"Osmia.simillima","M_025","Osmia","Megachilidae",2.53,2,"Grande",TRUE
"Xylocopa.virginica.virginica","M_025","Xylocopa","Apidae",5.64,2,"Grande",TRUE
"Andrena.arabis","M_025","Andrena","Andrenidae",2.1,3,"Pequena",TRUE
"Andrena.carlini","M_025","Andrena","Andrenidae",2.9,3,"Pequena",TRUE
"Andrena.dunningi","M_025","Andrena","Andrenidae",2.64,3,"Pequena",TRUE
"Andrena.erigeniae","M_025","Andrena","Andrenidae",2.1,3,"Pequena",TRUE
"Andrena.nasonii","M_025","Andrena","Andrenidae",1.59,3,"Pequena",TRUE
"Andrena.personata","M_025","Andrena","Andrenidae",1.2,3,"Pequena",TRUE
"Andrena.violae","M_025","Andrena","Andrenidae",2.3,3,"Pequena",TRUE
"Apis.mellifera","M_025","Apis","Apidae",2.9,3,"Pequena",TRUE
"Augochlora.pura","M_025","Augochlora","Halictidae",1.64,3,"Pequena",TRUE
"Bombus.bimaculatus","M_025","Bombus","Apidae",4.07,3,"Grande",TRUE
"Bombus.pennsylvanicus","M_025","Bombus","Apidae",6,3,"Grande",TRUE
"Ceratina.calcarata","M_025","Ceratina","Apidae",1.41,3,"Pequena",TRUE
"Lassioglossum.fuscipenne","M_025","Lassioglossum","Halictidae",2.1,3,"Pequena",TRUE
"Osmia.atriventris","M_025","Osmia","Megachilidae",2.08,3,"Pequena",TRUE
"Osmia.lignaria","M_025","Osmia","Megachilidae",2.9,3,"Pequena",TRUE
"Osmia.simillima","M_025","Osmia","Megachilidae",2.53,3,"Pequena",TRUE
"Xylocopa.virginica.virginica","M_025","Xylocopa","Apidae",5.64,3,"Grande",TRUE
"Andrena.arabis","M_025","Andrena","Andrenidae",2.1,4,"Pequena",TRUE
"Andrena.carlini","M_025","Andrena","Andrenidae",2.9,4,"Pequena",TRUE
"Andrena.dunningi","M_025","Andrena","Andrenidae",2.64,4,"Pequena",TRUE
"Andrena.erigeniae","M_025","Andrena","Andrenidae",2.1,4,"Pequena",TRUE
"Andrena.nasonii","M_025","Andrena","Andrenidae",1.59,4,"Pequena",TRUE
"Andrena.personata","M_025","Andrena","Andrenidae",1.2,4,"Pequena",TRUE
"Andrena.violae","M_025","Andrena","Andrenidae",2.3,4,"Pequena",TRUE
"Apis.mellifera","M_025","Apis","Apidae",2.9,4,"Pequena",TRUE
"Augochlora.pura","M_025","Augochlora","Halictidae",1.64,4,"Pequena",TRUE
"Bombus.bimaculatus","M_025","Bombus","Apidae",4.07,4,"Grande",TRUE
"Bombus.pennsylvanicus","M_025","Bombus","Apidae",6,4,"Grande",TRUE
"Ceratina.calcarata","M_025","Ceratina","Apidae",1.41,4,"Pequena",TRUE
"Lassioglossum.fuscipenne","M_025","Lassioglossum","Halictidae",2.1,4,"Pequena",TRUE
"Osmia.atriventris","M_025","Osmia","Megachilidae",2.08,4,"Pequena",TRUE
"Osmia.lignaria","M_025","Osmia","Megachilidae",2.9,4,"Pequena",TRUE
"Osmia.simillima","M_025","Osmia","Megachilidae",2.53,4,"Pequena",TRUE
"Xylocopa.virginica.virginica","M_025","Xylocopa","Apidae",5.64,4,"Grande",TRUE
"Andrena.arabis","M_025","Andrena","Andrenidae",2.1,5,"Pequena",TRUE
"Andrena.carlini","M_025","Andrena","Andrenidae",2.9,5,"Pequena",TRUE
"Andrena.dunningi","M_025","Andrena","Andrenidae",2.64,5,"Pequena",TRUE
"Andrena.erigeniae","M_025","Andrena","Andrenidae",2.1,5,"Pequena",TRUE
"Andrena.nasonii","M_025","Andrena","Andrenidae",1.59,5,"Pequena",TRUE
"Andrena.personata","M_025","Andrena","Andrenidae",1.2,5,"Pequena",TRUE
"Andrena.violae","M_025","Andrena","Andrenidae",2.3,5,"Pequena",TRUE
"Apis.mellifera","M_025","Apis","Apidae",2.9,5,"Pequena",TRUE
"Augochlora.pura","M_025","Augochlora","Halictidae",1.64,5,"Pequena",TRUE
"Bombus.bimaculatus","M_025","Bombus","Apidae",4.07,5,"Pequena",TRUE
"Bombus.pennsylvanicus","M_025","Bombus","Apidae",6,5,"Grande",TRUE
"Ceratina.calcarata","M_025","Ceratina","Apidae",1.41,5,"Pequena",TRUE
"Lassioglossum.fuscipenne","M_025","Lassioglossum","Halictidae",2.1,5,"Pequena",TRUE
"Osmia.atriventris","M_025","Osmia","Megachilidae",2.08,5,"Pequena",TRUE
"Osmia.lignaria","M_025","Osmia","Megachilidae",2.9,5,"Pequena",TRUE
"Osmia.simillima","M_025","Osmia","Megachilidae",2.53,5,"Pequena",TRUE
"Xylocopa.virginica.virginica","M_025","Xylocopa","Apidae",5.64,5,"Grande",TRUE
"Andrena.arabis","M_025","Andrena","Andrenidae",2.1,6,"Pequena",FALSE
"Andrena.carlini","M_025","Andrena","Andrenidae",2.9,6,"Pequena",FALSE
"Andrena.dunningi","M_025","Andrena","Andrenidae",2.64,6,"Pequena",FALSE
"Andrena.erigeniae","M_025","Andrena","Andrenidae",2.1,6,"Pequena",FALSE
"Andrena.nasonii","M_025","Andrena","Andrenidae",1.59,6,"Pequena",FALSE
"Andrena.personata","M_025","Andrena","Andrenidae",1.2,6,"Pequena",FALSE
"Andrena.violae","M_025","Andrena","Andrenidae",2.3,6,"Pequena",FALSE
"Apis.mellifera","M_025","Apis","Apidae",2.9,6,"Pequena",FALSE
"Augochlora.pura","M_025","Augochlora","Halictidae",1.64,6,"Pequena",FALSE
"Bombus.bimaculatus","M_025","Bombus","Apidae",4.07,6,"Pequena",FALSE
"Bombus.pennsylvanicus","M_025","Bombus","Apidae",6,6,"Pequena",FALSE
"Ceratina.calcarata","M_025","Ceratina","Apidae",1.41,6,"Pequena",FALSE
"Lassioglossum.fuscipenne","M_025","Lassioglossum","Halictidae",2.1,6,"Pequena",FALSE
"Osmia.atriventris","M_025","Osmia","Megachilidae",2.08,6,"Pequena",FALSE
"Osmia.lignaria","M_025","Osmia","Megachilidae",2.9,6,"Pequena",FALSE
"Osmia.simillima","M_025","Osmia","Megachilidae",2.53,6,"Pequena",FALSE
"Xylocopa.virginica.virginica","M_025","Xylocopa","Apidae",5.64,6,"Pequena",FALSE
"Andrena.arabis","M_025","Andrena","Andrenidae",2.1,7,"Pequena",FALSE
"Andrena.carlini","M_025","Andrena","Andrenidae",2.9,7,"Pequena",FALSE
"Andrena.dunningi","M_025","Andrena","Andrenidae",2.64,7,"Pequena",FALSE
"Andrena.erigeniae","M_025","Andrena","Andrenidae",2.1,7,"Pequena",FALSE
"Andrena.nasonii","M_025","Andrena","Andrenidae",1.59,7,"Pequena",FALSE
"Andrena.personata","M_025","Andrena","Andrenidae",1.2,7,"Pequena",FALSE
"Andrena.violae","M_025","Andrena","Andrenidae",2.3,7,"Pequena",FALSE
"Apis.mellifera","M_025","Apis","Apidae",2.9,7,"Pequena",FALSE
"Augochlora.pura","M_025","Augochlora","Halictidae",1.64,7,"Pequena",FALSE
"Bombus.bimaculatus","M_025","Bombus","Apidae",4.07,7,"Pequena",FALSE
"Bombus.pennsylvanicus","M_025","Bombus","Apidae",6,7,"Pequena",FALSE
"Ceratina.calcarata","M_025","Ceratina","Apidae",1.41,7,"Pequena",FALSE
"Lassioglossum.fuscipenne","M_025","Lassioglossum","Halictidae",2.1,7,"Pequena",FALSE
"Osmia.atriventris","M_025","Osmia","Megachilidae",2.08,7,"Pequena",FALSE
"Osmia.lignaria","M_025","Osmia","Megachilidae",2.9,7,"Pequena",FALSE
"Osmia.simillima","M_025","Osmia","Megachilidae",2.53,7,"Pequena",FALSE
"Xylocopa.virginica.virginica","M_025","Xylocopa","Apidae",5.64,7,"Pequena",FALSE
"Andrena.arabis","M_025","Andrena","Andrenidae",2.1,8,"Pequena",FALSE
"Andrena.carlini","M_025","Andrena","Andrenidae",2.9,8,"Pequena",FALSE
"Andrena.dunningi","M_025","Andrena","Andrenidae",2.64,8,"Pequena",FALSE
"Andrena.erigeniae","M_025","Andrena","Andrenidae",2.1,8,"Pequena",FALSE
"Andrena.nasonii","M_025","Andrena","Andrenidae",1.59,8,"Pequena",FALSE
"Andrena.personata","M_025","Andrena","Andrenidae",1.2,8,"Pequena",FALSE
"Andrena.violae","M_025","Andrena","Andrenidae",2.3,8,"Pequena",FALSE
"Apis.mellifera","M_025","Apis","Apidae",2.9,8,"Pequena",FALSE
"Augochlora.pura","M_025","Augochlora","Halictidae",1.64,8,"Pequena",FALSE
"Bombus.bimaculatus","M_025","Bombus","Apidae",4.07,8,"Pequena",FALSE
"Bombus.pennsylvanicus","M_025","Bombus","Apidae",6,8,"Pequena",FALSE
"Ceratina.calcarata","M_025","Ceratina","Apidae",1.41,8,"Pequena",FALSE
"Lassioglossum.fuscipenne","M_025","Lassioglossum","Halictidae",2.1,8,"Pequena",FALSE
"Osmia.atriventris","M_025","Osmia","Megachilidae",2.08,8,"Pequena",FALSE
"Osmia.lignaria","M_025","Osmia","Megachilidae",2.9,8,"Pequena",FALSE
"Osmia.simillima","M_025","Osmia","Megachilidae",2.53,8,"Pequena",FALSE
"Xylocopa.virginica.virginica","M_025","Xylocopa","Apidae",5.64,8,"Pequena",FALSE
"Andrena.arabis","M_025","Andrena","Andrenidae",2.1,9,"Pequena",FALSE
"Andrena.carlini","M_025","Andrena","Andrenidae",2.9,9,"Pequena",FALSE
"Andrena.dunningi","M_025","Andrena","Andrenidae",2.64,9,"Pequena",FALSE
"Andrena.erigeniae","M_025","Andrena","Andrenidae",2.1,9,"Pequena",FALSE
"Andrena.nasonii","M_025","Andrena","Andrenidae",1.59,9,"Pequena",FALSE
"Andrena.personata","M_025","Andrena","Andrenidae",1.2,9,"Pequena",FALSE
"Andrena.violae","M_025","Andrena","Andrenidae",2.3,9,"Pequena",FALSE
"Apis.mellifera","M_025","Apis","Apidae",2.9,9,"Pequena",FALSE
"Augochlora.pura","M_025","Augochlora","Halictidae",1.64,9,"Pequena",FALSE
"Bombus.bimaculatus","M_025","Bombus","Apidae",4.07,9,"Pequena",FALSE
"Bombus.pennsylvanicus","M_025","Bombus","Apidae",6,9,"Pequena",FALSE
"Ceratina.calcarata","M_025","Ceratina","Apidae",1.41,9,"Pequena",FALSE
"Lassioglossum.fuscipenne","M_025","Lassioglossum","Halictidae",2.1,9,"Pequena",FALSE
"Osmia.atriventris","M_025","Osmia","Megachilidae",2.08,9,"Pequena",FALSE
"Osmia.lignaria","M_025","Osmia","Megachilidae",2.9,9,"Pequena",FALSE
"Osmia.simillima","M_025","Osmia","Megachilidae",2.53,9,"Pequena",FALSE
"Xylocopa.virginica.virginica","M_025","Xylocopa","Apidae",5.64,9,"Pequena",FALSE
"Andrena.barbilabris","M_047","Andrena","Andrenidae",2.1,1,"Grande",FALSE
"Andrena.clarkella","M_047","Andrena","Andrenidae",3.1,1,"Grande",FALSE
"Andrena.fulva","M_047","Andrena","Andrenidae",2.86,1,"Grande",FALSE
"Andrena.fuscipes","M_047","Andrena","Andrenidae",2,1,"Grande",FALSE
"Andrena.haemorrhoa","M_047","Andrena","Andrenidae",2.54,1,"Grande",FALSE
"Andrena.lapponica","M_047","Andrena","Andrenidae",2.66,1,"Grande",FALSE
"Andrena.nigroaenea","M_047","Andrena","Andrenidae",2.97,1,"Grande",FALSE
"Andrena.nigroaenea","M_047","Andrena","Andrenidae",2.84,1,"Grande",FALSE
"Andrena.wilkella","M_047","Andrena","Andrenidae",2.34,1,"Grande",FALSE
"Apis.mellifera","M_047","Apis","Apidae",2.9,1,"Grande",FALSE
"Bombus.bohemicus","M_047","Bombus","Apidae",4.1,1,"Grande",FALSE
"Bombus.jonellus","M_047","Bombus","Apidae",3.99,1,"Grande",FALSE
"Bombus.lapidarius","M_047","Bombus","Apidae",3.98,1,"Grande",FALSE
"Bombus.lucorum","M_047","Bombus","Apidae",4.78,1,"Grande",FALSE
"Bombus.lucorum","M_047","Bombus","Apidae",3.75,1,"Grande",FALSE
"Bombus.muscorum","M_047","Bombus","Apidae",3.84,1,"Grande",FALSE
"Bombus.pascuorum","M_047","Bombus","Apidae",3.72,1,"Grande",FALSE
"Bombus.pratorum","M_047","Bombus","Apidae",4.21,1,"Grande",FALSE
"Bombus.rupestris","M_047","Bombus","Apidae",5.81,1,"Grande",FALSE
"Bombus.terrestris","M_047","Bombus","Apidae",4.78,1,"Grande",FALSE
"Bombus.terrestris","M_047","Bombus","Apidae",4.7,1,"Grande",FALSE
"Colletes.cunicularius","M_047","Colletes","Colletidae",3.62,1,"Grande",FALSE
"Colletes.succinctus","M_047","Colletes","Colletidae",3,1,"Grande",FALSE
"Halictus.confusus","M_047","Halictus","Halictidae",1.41,1,"Grande",FALSE
"Hylaeus.annularis","M_047","Hylaeus","Colletidae",4,1,"Grande",FALSE
"Hylaeus.brevicornis","M_047","Hylaeus","Colletidae",1,1,"Pequena",FALSE
"Lasioglossum.fratellum","M_047","Lasioglossum","Halictidae",1.16,1,"Grande",FALSE
"Lasioglossum.leucopus","M_047","Lasioglossum","Halictidae",1.2,1,"Grande",FALSE
"Lasioglossum.leucozonium","M_047","Lasioglossum","Halictidae",1.86,1,"Grande",FALSE
"Lasioglossum.punctatissimum","M_047","Lasioglossum","Halictidae",1.21,1,"Grande",FALSE
"Lasioglossum.villosulum","M_047","Lasioglossum","Halictidae",1.32,1,"Grande",FALSE
"Megachile.versicolor","M_047","Megachile","Megachilidae",3.25,1,"Grande",FALSE
"Andrena.barbilabris","M_047","Andrena","Andrenidae",2.1,2,"Grande",TRUE
"Andrena.clarkella","M_047","Andrena","Andrenidae",3.1,2,"Grande",TRUE
"Andrena.fulva","M_047","Andrena","Andrenidae",2.86,2,"Grande",TRUE
"Andrena.fuscipes","M_047","Andrena","Andrenidae",2,2,"Pequena",TRUE
"Andrena.haemorrhoa","M_047","Andrena","Andrenidae",2.54,2,"Grande",TRUE
"Andrena.lapponica","M_047","Andrena","Andrenidae",2.66,2,"Grande",TRUE
"Andrena.nigroaenea","M_047","Andrena","Andrenidae",2.97,2,"Grande",TRUE
"Andrena.nigroaenea","M_047","Andrena","Andrenidae",2.84,2,"Grande",TRUE
"Andrena.wilkella","M_047","Andrena","Andrenidae",2.34,2,"Grande",TRUE
"Apis.mellifera","M_047","Apis","Apidae",2.9,2,"Grande",TRUE
"Bombus.bohemicus","M_047","Bombus","Apidae",4.1,2,"Grande",TRUE
"Bombus.jonellus","M_047","Bombus","Apidae",3.99,2,"Grande",TRUE
"Bombus.lapidarius","M_047","Bombus","Apidae",3.98,2,"Grande",TRUE
"Bombus.lucorum","M_047","Bombus","Apidae",4.78,2,"Grande",TRUE
"Bombus.lucorum","M_047","Bombus","Apidae",3.75,2,"Grande",TRUE
"Bombus.muscorum","M_047","Bombus","Apidae",3.84,2,"Grande",TRUE
"Bombus.pascuorum","M_047","Bombus","Apidae",3.72,2,"Grande",TRUE
"Bombus.pratorum","M_047","Bombus","Apidae",4.21,2,"Grande",TRUE
"Bombus.rupestris","M_047","Bombus","Apidae",5.81,2,"Grande",TRUE
"Bombus.terrestris","M_047","Bombus","Apidae",4.78,2,"Grande",TRUE
"Bombus.terrestris","M_047","Bombus","Apidae",4.7,2,"Grande",TRUE
"Colletes.cunicularius","M_047","Colletes","Colletidae",3.62,2,"Grande",TRUE
"Colletes.succinctus","M_047","Colletes","Colletidae",3,2,"Grande",TRUE
"Halictus.confusus","M_047","Halictus","Halictidae",1.41,2,"Pequena",TRUE
"Hylaeus.annularis","M_047","Hylaeus","Colletidae",4,2,"Grande",TRUE
"Hylaeus.brevicornis","M_047","Hylaeus","Colletidae",1,2,"Pequena",TRUE
"Lasioglossum.fratellum","M_047","Lasioglossum","Halictidae",1.16,2,"Pequena",TRUE
"Lasioglossum.leucopus","M_047","Lasioglossum","Halictidae",1.2,2,"Pequena",TRUE
"Lasioglossum.leucozonium","M_047","Lasioglossum","Halictidae",1.86,2,"Pequena",TRUE
"Lasioglossum.punctatissimum","M_047","Lasioglossum","Halictidae",1.21,2,"Pequena",TRUE
"Lasioglossum.villosulum","M_047","Lasioglossum","Halictidae",1.32,2,"Pequena",TRUE
"Megachile.versicolor","M_047","Megachile","Megachilidae",3.25,2,"Grande",TRUE
"Andrena.barbilabris","M_047","Andrena","Andrenidae",2.1,3,"Pequena",TRUE
"Andrena.clarkella","M_047","Andrena","Andrenidae",3.1,3,"Grande",TRUE
"Andrena.fulva","M_047","Andrena","Andrenidae",2.86,3,"Pequena",TRUE
"Andrena.fuscipes","M_047","Andrena","Andrenidae",2,3,"Pequena",TRUE
"Andrena.haemorrhoa","M_047","Andrena","Andrenidae",2.54,3,"Pequena",TRUE
"Andrena.lapponica","M_047","Andrena","Andrenidae",2.66,3,"Pequena",TRUE
"Andrena.nigroaenea","M_047","Andrena","Andrenidae",2.97,3,"Pequena",TRUE
"Andrena.nigroaenea","M_047","Andrena","Andrenidae",2.84,3,"Pequena",TRUE
"Andrena.wilkella","M_047","Andrena","Andrenidae",2.34,3,"Pequena",TRUE
"Apis.mellifera","M_047","Apis","Apidae",2.9,3,"Pequena",TRUE
"Bombus.bohemicus","M_047","Bombus","Apidae",4.1,3,"Grande",TRUE
"Bombus.jonellus","M_047","Bombus","Apidae",3.99,3,"Grande",TRUE
"Bombus.lapidarius","M_047","Bombus","Apidae",3.98,3,"Grande",TRUE
"Bombus.lucorum","M_047","Bombus","Apidae",4.78,3,"Grande",TRUE
"Bombus.lucorum","M_047","Bombus","Apidae",3.75,3,"Grande",TRUE
"Bombus.muscorum","M_047","Bombus","Apidae",3.84,3,"Grande",TRUE
"Bombus.pascuorum","M_047","Bombus","Apidae",3.72,3,"Grande",TRUE
"Bombus.pratorum","M_047","Bombus","Apidae",4.21,3,"Grande",TRUE
"Bombus.rupestris","M_047","Bombus","Apidae",5.81,3,"Grande",TRUE
"Bombus.terrestris","M_047","Bombus","Apidae",4.78,3,"Grande",TRUE
"Bombus.terrestris","M_047","Bombus","Apidae",4.7,3,"Grande",TRUE
"Colletes.cunicularius","M_047","Colletes","Colletidae",3.62,3,"Grande",TRUE
"Colletes.succinctus","M_047","Colletes","Colletidae",3,3,"Pequena",TRUE
"Halictus.confusus","M_047","Halictus","Halictidae",1.41,3,"Pequena",TRUE
"Hylaeus.annularis","M_047","Hylaeus","Colletidae",4,3,"Grande",TRUE
"Hylaeus.brevicornis","M_047","Hylaeus","Colletidae",1,3,"Pequena",TRUE
"Lasioglossum.fratellum","M_047","Lasioglossum","Halictidae",1.16,3,"Pequena",TRUE
"Lasioglossum.leucopus","M_047","Lasioglossum","Halictidae",1.2,3,"Pequena",TRUE
"Lasioglossum.leucozonium","M_047","Lasioglossum","Halictidae",1.86,3,"Pequena",TRUE
"Lasioglossum.punctatissimum","M_047","Lasioglossum","Halictidae",1.21,3,"Pequena",TRUE
"Lasioglossum.villosulum","M_047","Lasioglossum","Halictidae",1.32,3,"Pequena",TRUE
"Megachile.versicolor","M_047","Megachile","Megachilidae",3.25,3,"Grande",TRUE
"Andrena.barbilabris","M_047","Andrena","Andrenidae",2.1,4,"Pequena",TRUE
"Andrena.clarkella","M_047","Andrena","Andrenidae",3.1,4,"Pequena",TRUE
"Andrena.fulva","M_047","Andrena","Andrenidae",2.86,4,"Pequena",TRUE
"Andrena.fuscipes","M_047","Andrena","Andrenidae",2,4,"Pequena",TRUE
"Andrena.haemorrhoa","M_047","Andrena","Andrenidae",2.54,4,"Pequena",TRUE
"Andrena.lapponica","M_047","Andrena","Andrenidae",2.66,4,"Pequena",TRUE
"Andrena.nigroaenea","M_047","Andrena","Andrenidae",2.97,4,"Pequena",TRUE
"Andrena.nigroaenea","M_047","Andrena","Andrenidae",2.84,4,"Pequena",TRUE
"Andrena.wilkella","M_047","Andrena","Andrenidae",2.34,4,"Pequena",TRUE
"Apis.mellifera","M_047","Apis","Apidae",2.9,4,"Pequena",TRUE
"Bombus.bohemicus","M_047","Bombus","Apidae",4.1,4,"Grande",TRUE
"Bombus.jonellus","M_047","Bombus","Apidae",3.99,4,"Pequena",TRUE
"Bombus.lapidarius","M_047","Bombus","Apidae",3.98,4,"Pequena",TRUE
"Bombus.lucorum","M_047","Bombus","Apidae",4.78,4,"Grande",TRUE
"Bombus.lucorum","M_047","Bombus","Apidae",3.75,4,"Pequena",TRUE
"Bombus.muscorum","M_047","Bombus","Apidae",3.84,4,"Pequena",TRUE
"Bombus.pascuorum","M_047","Bombus","Apidae",3.72,4,"Pequena",TRUE
"Bombus.pratorum","M_047","Bombus","Apidae",4.21,4,"Grande",TRUE
"Bombus.rupestris","M_047","Bombus","Apidae",5.81,4,"Grande",TRUE
"Bombus.terrestris","M_047","Bombus","Apidae",4.78,4,"Grande",TRUE
"Bombus.terrestris","M_047","Bombus","Apidae",4.7,4,"Grande",TRUE
"Colletes.cunicularius","M_047","Colletes","Colletidae",3.62,4,"Pequena",TRUE
"Colletes.succinctus","M_047","Colletes","Colletidae",3,4,"Pequena",TRUE
"Halictus.confusus","M_047","Halictus","Halictidae",1.41,4,"Pequena",TRUE
"Hylaeus.annularis","M_047","Hylaeus","Colletidae",4,4,"Pequena",TRUE
"Hylaeus.brevicornis","M_047","Hylaeus","Colletidae",1,4,"Pequena",TRUE
"Lasioglossum.fratellum","M_047","Lasioglossum","Halictidae",1.16,4,"Pequena",TRUE
"Lasioglossum.leucopus","M_047","Lasioglossum","Halictidae",1.2,4,"Pequena",TRUE
"Lasioglossum.leucozonium","M_047","Lasioglossum","Halictidae",1.86,4,"Pequena",TRUE
"Lasioglossum.punctatissimum","M_047","Lasioglossum","Halictidae",1.21,4,"Pequena",TRUE
"Lasioglossum.villosulum","M_047","Lasioglossum","Halictidae",1.32,4,"Pequena",TRUE
"Megachile.versicolor","M_047","Megachile","Megachilidae",3.25,4,"Pequena",TRUE
"Andrena.barbilabris","M_047","Andrena","Andrenidae",2.1,5,"Pequena",FALSE
"Andrena.clarkella","M_047","Andrena","Andrenidae",3.1,5,"Pequena",FALSE
"Andrena.fulva","M_047","Andrena","Andrenidae",2.86,5,"Pequena",FALSE
"Andrena.fuscipes","M_047","Andrena","Andrenidae",2,5,"Pequena",FALSE
"Andrena.haemorrhoa","M_047","Andrena","Andrenidae",2.54,5,"Pequena",FALSE
"Andrena.lapponica","M_047","Andrena","Andrenidae",2.66,5,"Pequena",FALSE
"Andrena.nigroaenea","M_047","Andrena","Andrenidae",2.97,5,"Pequena",FALSE
"Andrena.nigroaenea","M_047","Andrena","Andrenidae",2.84,5,"Pequena",FALSE
"Andrena.wilkella","M_047","Andrena","Andrenidae",2.34,5,"Pequena",FALSE
"Apis.mellifera","M_047","Apis","Apidae",2.9,5,"Pequena",FALSE
"Bombus.bohemicus","M_047","Bombus","Apidae",4.1,5,"Pequena",FALSE
"Bombus.jonellus","M_047","Bombus","Apidae",3.99,5,"Pequena",FALSE
"Bombus.lapidarius","M_047","Bombus","Apidae",3.98,5,"Pequena",FALSE
"Bombus.lucorum","M_047","Bombus","Apidae",4.78,5,"Pequena",FALSE
"Bombus.lucorum","M_047","Bombus","Apidae",3.75,5,"Pequena",FALSE
"Bombus.muscorum","M_047","Bombus","Apidae",3.84,5,"Pequena",FALSE
"Bombus.pascuorum","M_047","Bombus","Apidae",3.72,5,"Pequena",FALSE
"Bombus.pratorum","M_047","Bombus","Apidae",4.21,5,"Pequena",FALSE
"Bombus.rupestris","M_047","Bombus","Apidae",5.81,5,"Grande",FALSE
"Bombus.terrestris","M_047","Bombus","Apidae",4.78,5,"Pequena",FALSE
"Bombus.terrestris","M_047","Bombus","Apidae",4.7,5,"Pequena",FALSE
"Colletes.cunicularius","M_047","Colletes","Colletidae",3.62,5,"Pequena",FALSE
"Colletes.succinctus","M_047","Colletes","Colletidae",3,5,"Pequena",FALSE
"Halictus.confusus","M_047","Halictus","Halictidae",1.41,5,"Pequena",FALSE
"Hylaeus.annularis","M_047","Hylaeus","Colletidae",4,5,"Pequena",FALSE
"Hylaeus.brevicornis","M_047","Hylaeus","Colletidae",1,5,"Pequena",FALSE
"Lasioglossum.fratellum","M_047","Lasioglossum","Halictidae",1.16,5,"Pequena",FALSE
"Lasioglossum.leucopus","M_047","Lasioglossum","Halictidae",1.2,5,"Pequena",FALSE
"Lasioglossum.leucozonium","M_047","Lasioglossum","Halictidae",1.86,5,"Pequena",FALSE
"Lasioglossum.punctatissimum","M_047","Lasioglossum","Halictidae",1.21,5,"Pequena",FALSE
"Lasioglossum.villosulum","M_047","Lasioglossum","Halictidae",1.32,5,"Pequena",FALSE
"Megachile.versicolor","M_047","Megachile","Megachilidae",3.25,5,"Pequena",FALSE
"Andrena.barbilabris","M_047","Andrena","Andrenidae",2.1,6,"Pequena",FALSE
"Andrena.clarkella","M_047","Andrena","Andrenidae",3.1,6,"Pequena",FALSE
"Andrena.fulva","M_047","Andrena","Andrenidae",2.86,6,"Pequena",FALSE
"Andrena.fuscipes","M_047","Andrena","Andrenidae",2,6,"Pequena",FALSE
"Andrena.haemorrhoa","M_047","Andrena","Andrenidae",2.54,6,"Pequena",FALSE
"Andrena.lapponica","M_047","Andrena","Andrenidae",2.66,6,"Pequena",FALSE
"Andrena.nigroaenea","M_047","Andrena","Andrenidae",2.97,6,"Pequena",FALSE
"Andrena.nigroaenea","M_047","Andrena","Andrenidae",2.84,6,"Pequena",FALSE
"Andrena.wilkella","M_047","Andrena","Andrenidae",2.34,6,"Pequena",FALSE
"Apis.mellifera","M_047","Apis","Apidae",2.9,6,"Pequena",FALSE
"Bombus.bohemicus","M_047","Bombus","Apidae",4.1,6,"Pequena",FALSE
"Bombus.jonellus","M_047","Bombus","Apidae",3.99,6,"Pequena",FALSE
"Bombus.lapidarius","M_047","Bombus","Apidae",3.98,6,"Pequena",FALSE
"Bombus.lucorum","M_047","Bombus","Apidae",4.78,6,"Pequena",FALSE
"Bombus.lucorum","M_047","Bombus","Apidae",3.75,6,"Pequena",FALSE
"Bombus.muscorum","M_047","Bombus","Apidae",3.84,6,"Pequena",FALSE
"Bombus.pascuorum","M_047","Bombus","Apidae",3.72,6,"Pequena",FALSE
"Bombus.pratorum","M_047","Bombus","Apidae",4.21,6,"Pequena",FALSE
"Bombus.rupestris","M_047","Bombus","Apidae",5.81,6,"Pequena",FALSE
"Bombus.terrestris","M_047","Bombus","Apidae",4.78,6,"Pequena",FALSE
"Bombus.terrestris","M_047","Bombus","Apidae",4.7,6,"Pequena",FALSE
"Colletes.cunicularius","M_047","Colletes","Colletidae",3.62,6,"Pequena",FALSE
"Colletes.succinctus","M_047","Colletes","Colletidae",3,6,"Pequena",FALSE
"Halictus.confusus","M_047","Halictus","Halictidae",1.41,6,"Pequena",FALSE
"Hylaeus.annularis","M_047","Hylaeus","Colletidae",4,6,"Pequena",FALSE
"Hylaeus.brevicornis","M_047","Hylaeus","Colletidae",1,6,"Pequena",FALSE
"Lasioglossum.fratellum","M_047","Lasioglossum","Halictidae",1.16,6,"Pequena",FALSE
"Lasioglossum.leucopus","M_047","Lasioglossum","Halictidae",1.2,6,"Pequena",FALSE
"Lasioglossum.leucozonium","M_047","Lasioglossum","Halictidae",1.86,6,"Pequena",FALSE
"Lasioglossum.punctatissimum","M_047","Lasioglossum","Halictidae",1.21,6,"Pequena",FALSE
"Lasioglossum.villosulum","M_047","Lasioglossum","Halictidae",1.32,6,"Pequena",FALSE
"Megachile.versicolor","M_047","Megachile","Megachilidae",3.25,6,"Pequena",FALSE
"Andrena.barbilabris","M_047","Andrena","Andrenidae",2.1,7,"Pequena",FALSE
"Andrena.clarkella","M_047","Andrena","Andrenidae",3.1,7,"Pequena",FALSE
"Andrena.fulva","M_047","Andrena","Andrenidae",2.86,7,"Pequena",FALSE
"Andrena.fuscipes","M_047","Andrena","Andrenidae",2,7,"Pequena",FALSE
"Andrena.haemorrhoa","M_047","Andrena","Andrenidae",2.54,7,"Pequena",FALSE
"Andrena.lapponica","M_047","Andrena","Andrenidae",2.66,7,"Pequena",FALSE
"Andrena.nigroaenea","M_047","Andrena","Andrenidae",2.97,7,"Pequena",FALSE
"Andrena.nigroaenea","M_047","Andrena","Andrenidae",2.84,7,"Pequena",FALSE
"Andrena.wilkella","M_047","Andrena","Andrenidae",2.34,7,"Pequena",FALSE
"Apis.mellifera","M_047","Apis","Apidae",2.9,7,"Pequena",FALSE
"Bombus.bohemicus","M_047","Bombus","Apidae",4.1,7,"Pequena",FALSE
"Bombus.jonellus","M_047","Bombus","Apidae",3.99,7,"Pequena",FALSE
"Bombus.lapidarius","M_047","Bombus","Apidae",3.98,7,"Pequena",FALSE
"Bombus.lucorum","M_047","Bombus","Apidae",4.78,7,"Pequena",FALSE
"Bombus.lucorum","M_047","Bombus","Apidae",3.75,7,"Pequena",FALSE
"Bombus.muscorum","M_047","Bombus","Apidae",3.84,7,"Pequena",FALSE
"Bombus.pascuorum","M_047","Bombus","Apidae",3.72,7,"Pequena",FALSE
"Bombus.pratorum","M_047","Bombus","Apidae",4.21,7,"Pequena",FALSE
"Bombus.rupestris","M_047","Bombus","Apidae",5.81,7,"Pequena",FALSE
"Bombus.terrestris","M_047","Bombus","Apidae",4.78,7,"Pequena",FALSE
"Bombus.terrestris","M_047","Bombus","Apidae",4.7,7,"Pequena",FALSE
"Colletes.cunicularius","M_047","Colletes","Colletidae",3.62,7,"Pequena",FALSE
"Colletes.succinctus","M_047","Colletes","Colletidae",3,7,"Pequena",FALSE
"Halictus.confusus","M_047","Halictus","Halictidae",1.41,7,"Pequena",FALSE
"Hylaeus.annularis","M_047","Hylaeus","Colletidae",4,7,"Pequena",FALSE
"Hylaeus.brevicornis","M_047","Hylaeus","Colletidae",1,7,"Pequena",FALSE
"Lasioglossum.fratellum","M_047","Lasioglossum","Halictidae",1.16,7,"Pequena",FALSE
"Lasioglossum.leucopus","M_047","Lasioglossum","Halictidae",1.2,7,"Pequena",FALSE
"Lasioglossum.leucozonium","M_047","Lasioglossum","Halictidae",1.86,7,"Pequena",FALSE
"Lasioglossum.punctatissimum","M_047","Lasioglossum","Halictidae",1.21,7,"Pequena",FALSE
"Lasioglossum.villosulum","M_047","Lasioglossum","Halictidae",1.32,7,"Pequena",FALSE
"Megachile.versicolor","M_047","Megachile","Megachilidae",3.25,7,"Pequena",FALSE
"Andrena.barbilabris","M_047","Andrena","Andrenidae",2.1,8,"Pequena",FALSE
"Andrena.clarkella","M_047","Andrena","Andrenidae",3.1,8,"Pequena",FALSE
"Andrena.fulva","M_047","Andrena","Andrenidae",2.86,8,"Pequena",FALSE
"Andrena.fuscipes","M_047","Andrena","Andrenidae",2,8,"Pequena",FALSE
"Andrena.haemorrhoa","M_047","Andrena","Andrenidae",2.54,8,"Pequena",FALSE
"Andrena.lapponica","M_047","Andrena","Andrenidae",2.66,8,"Pequena",FALSE
"Andrena.nigroaenea","M_047","Andrena","Andrenidae",2.97,8,"Pequena",FALSE
"Andrena.nigroaenea","M_047","Andrena","Andrenidae",2.84,8,"Pequena",FALSE
"Andrena.wilkella","M_047","Andrena","Andrenidae",2.34,8,"Pequena",FALSE
"Apis.mellifera","M_047","Apis","Apidae",2.9,8,"Pequena",FALSE
"Bombus.bohemicus","M_047","Bombus","Apidae",4.1,8,"Pequena",FALSE
"Bombus.jonellus","M_047","Bombus","Apidae",3.99,8,"Pequena",FALSE
"Bombus.lapidarius","M_047","Bombus","Apidae",3.98,8,"Pequena",FALSE
"Bombus.lucorum","M_047","Bombus","Apidae",4.78,8,"Pequena",FALSE
"Bombus.lucorum","M_047","Bombus","Apidae",3.75,8,"Pequena",FALSE
"Bombus.muscorum","M_047","Bombus","Apidae",3.84,8,"Pequena",FALSE
"Bombus.pascuorum","M_047","Bombus","Apidae",3.72,8,"Pequena",FALSE
"Bombus.pratorum","M_047","Bombus","Apidae",4.21,8,"Pequena",FALSE
"Bombus.rupestris","M_047","Bombus","Apidae",5.81,8,"Pequena",FALSE
"Bombus.terrestris","M_047","Bombus","Apidae",4.78,8,"Pequena",FALSE
"Bombus.terrestris","M_047","Bombus","Apidae",4.7,8,"Pequena",FALSE
"Colletes.cunicularius","M_047","Colletes","Colletidae",3.62,8,"Pequena",FALSE
"Colletes.succinctus","M_047","Colletes","Colletidae",3,8,"Pequena",FALSE
"Halictus.confusus","M_047","Halictus","Halictidae",1.41,8,"Pequena",FALSE
"Hylaeus.annularis","M_047","Hylaeus","Colletidae",4,8,"Pequena",FALSE
"Hylaeus.brevicornis","M_047","Hylaeus","Colletidae",1,8,"Pequena",FALSE
"Lasioglossum.fratellum","M_047","Lasioglossum","Halictidae",1.16,8,"Pequena",FALSE
"Lasioglossum.leucopus","M_047","Lasioglossum","Halictidae",1.2,8,"Pequena",FALSE
"Lasioglossum.leucozonium","M_047","Lasioglossum","Halictidae",1.86,8,"Pequena",FALSE
"Lasioglossum.punctatissimum","M_047","Lasioglossum","Halictidae",1.21,8,"Pequena",FALSE
"Lasioglossum.villosulum","M_047","Lasioglossum","Halictidae",1.32,8,"Pequena",FALSE
"Megachile.versicolor","M_047","Megachile","Megachilidae",3.25,8,"Pequena",FALSE
"Andrena.barbilabris","M_047","Andrena","Andrenidae",2.1,9,"Pequena",FALSE
"Andrena.clarkella","M_047","Andrena","Andrenidae",3.1,9,"Pequena",FALSE
"Andrena.fulva","M_047","Andrena","Andrenidae",2.86,9,"Pequena",FALSE
"Andrena.fuscipes","M_047","Andrena","Andrenidae",2,9,"Pequena",FALSE
"Andrena.haemorrhoa","M_047","Andrena","Andrenidae",2.54,9,"Pequena",FALSE
"Andrena.lapponica","M_047","Andrena","Andrenidae",2.66,9,"Pequena",FALSE
"Andrena.nigroaenea","M_047","Andrena","Andrenidae",2.97,9,"Pequena",FALSE
"Andrena.nigroaenea","M_047","Andrena","Andrenidae",2.84,9,"Pequena",FALSE
"Andrena.wilkella","M_047","Andrena","Andrenidae",2.34,9,"Pequena",FALSE
"Apis.mellifera","M_047","Apis","Apidae",2.9,9,"Pequena",FALSE
"Bombus.bohemicus","M_047","Bombus","Apidae",4.1,9,"Pequena",FALSE
"Bombus.jonellus","M_047","Bombus","Apidae",3.99,9,"Pequena",FALSE
"Bombus.lapidarius","M_047","Bombus","Apidae",3.98,9,"Pequena",FALSE
"Bombus.lucorum","M_047","Bombus","Apidae",4.78,9,"Pequena",FALSE
"Bombus.lucorum","M_047","Bombus","Apidae",3.75,9,"Pequena",FALSE
"Bombus.muscorum","M_047","Bombus","Apidae",3.84,9,"Pequena",FALSE
"Bombus.pascuorum","M_047","Bombus","Apidae",3.72,9,"Pequena",FALSE
"Bombus.pratorum","M_047","Bombus","Apidae",4.21,9,"Pequena",FALSE
"Bombus.rupestris","M_047","Bombus","Apidae",5.81,9,"Pequena",FALSE
"Bombus.terrestris","M_047","Bombus","Apidae",4.78,9,"Pequena",FALSE
"Bombus.terrestris","M_047","Bombus","Apidae",4.7,9,"Pequena",FALSE
"Colletes.cunicularius","M_047","Colletes","Colletidae",3.62,9,"Pequena",FALSE
"Colletes.succinctus","M_047","Colletes","Colletidae",3,9,"Pequena",FALSE
"Halictus.confusus","M_047","Halictus","Halictidae",1.41,9,"Pequena",FALSE
"Hylaeus.annularis","M_047","Hylaeus","Colletidae",4,9,"Pequena",FALSE
"Hylaeus.brevicornis","M_047","Hylaeus","Colletidae",1,9,"Pequena",FALSE
"Lasioglossum.fratellum","M_047","Lasioglossum","Halictidae",1.16,9,"Pequena",FALSE
"Lasioglossum.leucopus","M_047","Lasioglossum","Halictidae",1.2,9,"Pequena",FALSE
"Lasioglossum.leucozonium","M_047","Lasioglossum","Halictidae",1.86,9,"Pequena",FALSE
"Lasioglossum.punctatissimum","M_047","Lasioglossum","Halictidae",1.21,9,"Pequena",FALSE
"Lasioglossum.villosulum","M_047","Lasioglossum","Halictidae",1.32,9,"Pequena",FALSE
"Megachile.versicolor","M_047","Megachile","Megachilidae",3.25,9,"Pequena",FALSE
"Andrena.carlini","M_032","Andrena","Andrenidae",2.9,1,"Grande",FALSE
"Andrena.cressoni","M_032","Andrena","Andrenidae",2.06,1,"Grande",FALSE
"Andrena.forbesii","M_032","Andrena","Andrenidae",2.2,1,"Grande",FALSE
"Andrena.miserabilis","M_032","Andrena","Andrenidae",1.7,1,"Grande",FALSE
"Andrena.personata","M_032","Andrena","Andrenidae",1.2,1,"Grande",FALSE
"Andrena.rugosa","M_032","Andrena","Andrenidae",2.07,1,"Grande",FALSE
"Apis.mellifera","M_032","Apis","Apidae",2.9,1,"Grande",FALSE
"Augochlora.pura","M_032","Augochlora","Halictidae",1.64,1,"Grande",FALSE
"Bombus.griseocollis","M_032","Bombus","Apidae",4.87,1,"Grande",FALSE
"Halictus.confusus","M_032","Halictus","Halictidae",1.41,1,"Grande",FALSE
"Andrena.carlini","M_032","Andrena","Andrenidae",2.9,2,"Grande",TRUE
"Andrena.cressoni","M_032","Andrena","Andrenidae",2.06,2,"Grande",TRUE
"Andrena.forbesii","M_032","Andrena","Andrenidae",2.2,2,"Grande",TRUE
"Andrena.miserabilis","M_032","Andrena","Andrenidae",1.7,2,"Pequena",TRUE
"Andrena.personata","M_032","Andrena","Andrenidae",1.2,2,"Pequena",TRUE
"Andrena.rugosa","M_032","Andrena","Andrenidae",2.07,2,"Grande",TRUE
"Apis.mellifera","M_032","Apis","Apidae",2.9,2,"Grande",TRUE
"Augochlora.pura","M_032","Augochlora","Halictidae",1.64,2,"Pequena",TRUE
"Bombus.griseocollis","M_032","Bombus","Apidae",4.87,2,"Grande",TRUE
"Halictus.confusus","M_032","Halictus","Halictidae",1.41,2,"Pequena",TRUE
"Andrena.carlini","M_032","Andrena","Andrenidae",2.9,3,"Pequena",FALSE
"Andrena.cressoni","M_032","Andrena","Andrenidae",2.06,3,"Pequena",FALSE
"Andrena.forbesii","M_032","Andrena","Andrenidae",2.2,3,"Pequena",FALSE
"Andrena.miserabilis","M_032","Andrena","Andrenidae",1.7,3,"Pequena",FALSE
"Andrena.personata","M_032","Andrena","Andrenidae",1.2,3,"Pequena",FALSE
"Andrena.rugosa","M_032","Andrena","Andrenidae",2.07,3,"Pequena",FALSE
"Apis.mellifera","M_032","Apis","Apidae",2.9,3,"Pequena",FALSE
"Augochlora.pura","M_032","Augochlora","Halictidae",1.64,3,"Pequena",FALSE
"Bombus.griseocollis","M_032","Bombus","Apidae",4.87,3,"Grande",FALSE
"Halictus.confusus","M_032","Halictus","Halictidae",1.41,3,"Pequena",FALSE
"Andrena.carlini","M_032","Andrena","Andrenidae",2.9,4,"Pequena",FALSE
"Andrena.cressoni","M_032","Andrena","Andrenidae",2.06,4,"Pequena",FALSE
"Andrena.forbesii","M_032","Andrena","Andrenidae",2.2,4,"Pequena",FALSE
"Andrena.miserabilis","M_032","Andrena","Andrenidae",1.7,4,"Pequena",FALSE
"Andrena.personata","M_032","Andrena","Andrenidae",1.2,4,"Pequena",FALSE
"Andrena.rugosa","M_032","Andrena","Andrenidae",2.07,4,"Pequena",FALSE
"Apis.mellifera","M_032","Apis","Apidae",2.9,4,"Pequena",FALSE
"Augochlora.pura","M_032","Augochlora","Halictidae",1.64,4,"Pequena",FALSE
"Bombus.griseocollis","M_032","Bombus","Apidae",4.87,4,"Grande",FALSE
"Halictus.confusus","M_032","Halictus","Halictidae",1.41,4,"Pequena",FALSE
"Andrena.carlini","M_032","Andrena","Andrenidae",2.9,5,"Pequena",FALSE
"Andrena.cressoni","M_032","Andrena","Andrenidae",2.06,5,"Pequena",FALSE
"Andrena.forbesii","M_032","Andrena","Andrenidae",2.2,5,"Pequena",FALSE
"Andrena.miserabilis","M_032","Andrena","Andrenidae",1.7,5,"Pequena",FALSE
"Andrena.personata","M_032","Andrena","Andrenidae",1.2,5,"Pequena",FALSE
"Andrena.rugosa","M_032","Andrena","Andrenidae",2.07,5,"Pequena",FALSE
"Apis.mellifera","M_032","Apis","Apidae",2.9,5,"Pequena",FALSE
"Augochlora.pura","M_032","Augochlora","Halictidae",1.64,5,"Pequena",FALSE
"Bombus.griseocollis","M_032","Bombus","Apidae",4.87,5,"Pequena",FALSE
"Halictus.confusus","M_032","Halictus","Halictidae",1.41,5,"Pequena",FALSE
"Andrena.carlini","M_032","Andrena","Andrenidae",2.9,6,"Pequena",FALSE
"Andrena.cressoni","M_032","Andrena","Andrenidae",2.06,6,"Pequena",FALSE
"Andrena.forbesii","M_032","Andrena","Andrenidae",2.2,6,"Pequena",FALSE
"Andrena.miserabilis","M_032","Andrena","Andrenidae",1.7,6,"Pequena",FALSE
"Andrena.personata","M_032","Andrena","Andrenidae",1.2,6,"Pequena",FALSE
"Andrena.rugosa","M_032","Andrena","Andrenidae",2.07,6,"Pequena",FALSE
"Apis.mellifera","M_032","Apis","Apidae",2.9,6,"Pequena",FALSE
"Augochlora.pura","M_032","Augochlora","Halictidae",1.64,6,"Pequena",FALSE
"Bombus.griseocollis","M_032","Bombus","Apidae",4.87,6,"Pequena",FALSE
"Halictus.confusus","M_032","Halictus","Halictidae",1.41,6,"Pequena",FALSE
"Andrena.carlini","M_032","Andrena","Andrenidae",2.9,7,"Pequena",FALSE
"Andrena.cressoni","M_032","Andrena","Andrenidae",2.06,7,"Pequena",FALSE
"Andrena.forbesii","M_032","Andrena","Andrenidae",2.2,7,"Pequena",FALSE
"Andrena.miserabilis","M_032","Andrena","Andrenidae",1.7,7,"Pequena",FALSE
"Andrena.personata","M_032","Andrena","Andrenidae",1.2,7,"Pequena",FALSE
"Andrena.rugosa","M_032","Andrena","Andrenidae",2.07,7,"Pequena",FALSE
"Apis.mellifera","M_032","Apis","Apidae",2.9,7,"Pequena",FALSE
"Augochlora.pura","M_032","Augochlora","Halictidae",1.64,7,"Pequena",FALSE
"Bombus.griseocollis","M_032","Bombus","Apidae",4.87,7,"Pequena",FALSE
"Halictus.confusus","M_032","Halictus","Halictidae",1.41,7,"Pequena",FALSE
"Andrena.carlini","M_032","Andrena","Andrenidae",2.9,8,"Pequena",FALSE
"Andrena.cressoni","M_032","Andrena","Andrenidae",2.06,8,"Pequena",FALSE
"Andrena.forbesii","M_032","Andrena","Andrenidae",2.2,8,"Pequena",FALSE
"Andrena.miserabilis","M_032","Andrena","Andrenidae",1.7,8,"Pequena",FALSE
"Andrena.personata","M_032","Andrena","Andrenidae",1.2,8,"Pequena",FALSE
"Andrena.rugosa","M_032","Andrena","Andrenidae",2.07,8,"Pequena",FALSE
"Apis.mellifera","M_032","Apis","Apidae",2.9,8,"Pequena",FALSE
"Augochlora.pura","M_032","Augochlora","Halictidae",1.64,8,"Pequena",FALSE
"Bombus.griseocollis","M_032","Bombus","Apidae",4.87,8,"Pequena",FALSE
"Halictus.confusus","M_032","Halictus","Halictidae",1.41,8,"Pequena",FALSE
"Andrena.carlini","M_032","Andrena","Andrenidae",2.9,9,"Pequena",FALSE
"Andrena.cressoni","M_032","Andrena","Andrenidae",2.06,9,"Pequena",FALSE
"Andrena.forbesii","M_032","Andrena","Andrenidae",2.2,9,"Pequena",FALSE
"Andrena.miserabilis","M_032","Andrena","Andrenidae",1.7,9,"Pequena",FALSE
"Andrena.personata","M_032","Andrena","Andrenidae",1.2,9,"Pequena",FALSE
"Andrena.rugosa","M_032","Andrena","Andrenidae",2.07,9,"Pequena",FALSE
"Apis.mellifera","M_032","Apis","Apidae",2.9,9,"Pequena",FALSE
"Augochlora.pura","M_032","Augochlora","Halictidae",1.64,9,"Pequena",FALSE
"Bombus.griseocollis","M_032","Bombus","Apidae",4.87,9,"Pequena",FALSE
"Halictus.confusus","M_032","Halictus","Halictidae",1.41,9,"Pequena",FALSE
"Andrena.chrysosceles","M_007","Andrena","Andrenidae",1.84,1,"Grande",FALSE
"Anthophora.plumipes","M_007","Anthophora","Apidae",4.17,1,"Grande",FALSE
"Apis.mellifera","M_007","Apis","Apidae",2.9,1,"Grande",FALSE
"Bombus.hortorum","M_007","Bombus","Apidae",4.56,1,"Grande",FALSE
"Bombus.hortorum","M_007","Bombus","Apidae",4.74,1,"Grande",FALSE
"Bombus.lapidarius","M_007","Bombus","Apidae",3.98,1,"Grande",FALSE
"Bombus.pascuorum","M_007","Bombus","Apidae",3.72,1,"Grande",FALSE
"Bombus.pratorum","M_007","Bombus","Apidae",4.21,1,"Grande",FALSE
"Bombus.terrestris.lucorum","M_007","Bombus","Apidae",4.78,1,"Grande",FALSE
"Lasioglossum.calceatum","M_007","Lasioglossum","Halictidae",1.78,1,"Grande",FALSE
"Lasioglossum.villosulum","M_007","Lasioglossum","Halictidae",1.32,1,"Grande",FALSE
"Andrena.chrysosceles","M_007","Andrena","Andrenidae",1.84,2,"Pequena",TRUE
"Anthophora.plumipes","M_007","Anthophora","Apidae",4.17,2,"Grande",TRUE
"Apis.mellifera","M_007","Apis","Apidae",2.9,2,"Grande",TRUE
"Bombus.hortorum","M_007","Bombus","Apidae",4.56,2,"Grande",TRUE
"Bombus.hortorum","M_007","Bombus","Apidae",4.74,2,"Grande",TRUE
"Bombus.lapidarius","M_007","Bombus","Apidae",3.98,2,"Grande",TRUE
"Bombus.pascuorum","M_007","Bombus","Apidae",3.72,2,"Grande",TRUE
"Bombus.pratorum","M_007","Bombus","Apidae",4.21,2,"Grande",TRUE
"Bombus.terrestris.lucorum","M_007","Bombus","Apidae",4.78,2,"Grande",TRUE
"Lasioglossum.calceatum","M_007","Lasioglossum","Halictidae",1.78,2,"Pequena",TRUE
"Lasioglossum.villosulum","M_007","Lasioglossum","Halictidae",1.32,2,"Pequena",TRUE
"Andrena.chrysosceles","M_007","Andrena","Andrenidae",1.84,3,"Pequena",TRUE
"Anthophora.plumipes","M_007","Anthophora","Apidae",4.17,3,"Grande",TRUE
"Apis.mellifera","M_007","Apis","Apidae",2.9,3,"Pequena",TRUE
"Bombus.hortorum","M_007","Bombus","Apidae",4.56,3,"Grande",TRUE
"Bombus.hortorum","M_007","Bombus","Apidae",4.74,3,"Grande",TRUE
"Bombus.lapidarius","M_007","Bombus","Apidae",3.98,3,"Grande",TRUE
"Bombus.pascuorum","M_007","Bombus","Apidae",3.72,3,"Grande",TRUE
"Bombus.pratorum","M_007","Bombus","Apidae",4.21,3,"Grande",TRUE
"Bombus.terrestris.lucorum","M_007","Bombus","Apidae",4.78,3,"Grande",TRUE
"Lasioglossum.calceatum","M_007","Lasioglossum","Halictidae",1.78,3,"Pequena",TRUE
"Lasioglossum.villosulum","M_007","Lasioglossum","Halictidae",1.32,3,"Pequena",TRUE
"Andrena.chrysosceles","M_007","Andrena","Andrenidae",1.84,4,"Pequena",TRUE
"Anthophora.plumipes","M_007","Anthophora","Apidae",4.17,4,"Grande",TRUE
"Apis.mellifera","M_007","Apis","Apidae",2.9,4,"Pequena",TRUE
"Bombus.hortorum","M_007","Bombus","Apidae",4.56,4,"Grande",TRUE
"Bombus.hortorum","M_007","Bombus","Apidae",4.74,4,"Grande",TRUE
"Bombus.lapidarius","M_007","Bombus","Apidae",3.98,4,"Pequena",TRUE
"Bombus.pascuorum","M_007","Bombus","Apidae",3.72,4,"Pequena",TRUE
"Bombus.pratorum","M_007","Bombus","Apidae",4.21,4,"Grande",TRUE
"Bombus.terrestris.lucorum","M_007","Bombus","Apidae",4.78,4,"Grande",TRUE
"Lasioglossum.calceatum","M_007","Lasioglossum","Halictidae",1.78,4,"Pequena",TRUE
"Lasioglossum.villosulum","M_007","Lasioglossum","Halictidae",1.32,4,"Pequena",TRUE
"Andrena.chrysosceles","M_007","Andrena","Andrenidae",1.84,5,"Pequena",FALSE
"Anthophora.plumipes","M_007","Anthophora","Apidae",4.17,5,"Pequena",FALSE
"Apis.mellifera","M_007","Apis","Apidae",2.9,5,"Pequena",FALSE
"Bombus.hortorum","M_007","Bombus","Apidae",4.56,5,"Pequena",FALSE
"Bombus.hortorum","M_007","Bombus","Apidae",4.74,5,"Pequena",FALSE
"Bombus.lapidarius","M_007","Bombus","Apidae",3.98,5,"Pequena",FALSE
"Bombus.pascuorum","M_007","Bombus","Apidae",3.72,5,"Pequena",FALSE
"Bombus.pratorum","M_007","Bombus","Apidae",4.21,5,"Pequena",FALSE
"Bombus.terrestris.lucorum","M_007","Bombus","Apidae",4.78,5,"Pequena",FALSE
"Lasioglossum.calceatum","M_007","Lasioglossum","Halictidae",1.78,5,"Pequena",FALSE
"Lasioglossum.villosulum","M_007","Lasioglossum","Halictidae",1.32,5,"Pequena",FALSE
"Andrena.chrysosceles","M_007","Andrena","Andrenidae",1.84,6,"Pequena",FALSE
"Anthophora.plumipes","M_007","Anthophora","Apidae",4.17,6,"Pequena",FALSE
"Apis.mellifera","M_007","Apis","Apidae",2.9,6,"Pequena",FALSE
"Bombus.hortorum","M_007","Bombus","Apidae",4.56,6,"Pequena",FALSE
"Bombus.hortorum","M_007","Bombus","Apidae",4.74,6,"Pequena",FALSE
"Bombus.lapidarius","M_007","Bombus","Apidae",3.98,6,"Pequena",FALSE
"Bombus.pascuorum","M_007","Bombus","Apidae",3.72,6,"Pequena",FALSE
"Bombus.pratorum","M_007","Bombus","Apidae",4.21,6,"Pequena",FALSE
"Bombus.terrestris.lucorum","M_007","Bombus","Apidae",4.78,6,"Pequena",FALSE
"Lasioglossum.calceatum","M_007","Lasioglossum","Halictidae",1.78,6,"Pequena",FALSE
"Lasioglossum.villosulum","M_007","Lasioglossum","Halictidae",1.32,6,"Pequena",FALSE
"Andrena.chrysosceles","M_007","Andrena","Andrenidae",1.84,7,"Pequena",FALSE
"Anthophora.plumipes","M_007","Anthophora","Apidae",4.17,7,"Pequena",FALSE
"Apis.mellifera","M_007","Apis","Apidae",2.9,7,"Pequena",FALSE
"Bombus.hortorum","M_007","Bombus","Apidae",4.56,7,"Pequena",FALSE
"Bombus.hortorum","M_007","Bombus","Apidae",4.74,7,"Pequena",FALSE
"Bombus.lapidarius","M_007","Bombus","Apidae",3.98,7,"Pequena",FALSE
"Bombus.pascuorum","M_007","Bombus","Apidae",3.72,7,"Pequena",FALSE
"Bombus.pratorum","M_007","Bombus","Apidae",4.21,7,"Pequena",FALSE
"Bombus.terrestris.lucorum","M_007","Bombus","Apidae",4.78,7,"Pequena",FALSE
"Lasioglossum.calceatum","M_007","Lasioglossum","Halictidae",1.78,7,"Pequena",FALSE
"Lasioglossum.villosulum","M_007","Lasioglossum","Halictidae",1.32,7,"Pequena",FALSE
"Andrena.chrysosceles","M_007","Andrena","Andrenidae",1.84,8,"Pequena",FALSE
"Anthophora.plumipes","M_007","Anthophora","Apidae",4.17,8,"Pequena",FALSE
"Apis.mellifera","M_007","Apis","Apidae",2.9,8,"Pequena",FALSE
"Bombus.hortorum","M_007","Bombus","Apidae",4.56,8,"Pequena",FALSE
"Bombus.hortorum","M_007","Bombus","Apidae",4.74,8,"Pequena",FALSE
"Bombus.lapidarius","M_007","Bombus","Apidae",3.98,8,"Pequena",FALSE
"Bombus.pascuorum","M_007","Bombus","Apidae",3.72,8,"Pequena",FALSE
"Bombus.pratorum","M_007","Bombus","Apidae",4.21,8,"Pequena",FALSE
"Bombus.terrestris.lucorum","M_007","Bombus","Apidae",4.78,8,"Pequena",FALSE
"Lasioglossum.calceatum","M_007","Lasioglossum","Halictidae",1.78,8,"Pequena",FALSE
"Lasioglossum.villosulum","M_007","Lasioglossum","Halictidae",1.32,8,"Pequena",FALSE
"Andrena.chrysosceles","M_007","Andrena","Andrenidae",1.84,9,"Pequena",FALSE
"Anthophora.plumipes","M_007","Anthophora","Apidae",4.17,9,"Pequena",FALSE
"Apis.mellifera","M_007","Apis","Apidae",2.9,9,"Pequena",FALSE
"Bombus.hortorum","M_007","Bombus","Apidae",4.56,9,"Pequena",FALSE
"Bombus.hortorum","M_007","Bombus","Apidae",4.74,9,"Pequena",FALSE
"Bombus.lapidarius","M_007","Bombus","Apidae",3.98,9,"Pequena",FALSE
"Bombus.pascuorum","M_007","Bombus","Apidae",3.72,9,"Pequena",FALSE
"Bombus.pratorum","M_007","Bombus","Apidae",4.21,9,"Pequena",FALSE
"Bombus.terrestris.lucorum","M_007","Bombus","Apidae",4.78,9,"Pequena",FALSE
"Lasioglossum.calceatum","M_007","Lasioglossum","Halictidae",1.78,9,"Pequena",FALSE
"Lasioglossum.villosulum","M_007","Lasioglossum","Halictidae",1.32,9,"Pequena",FALSE
"Andrena.haemorrhoa","M_006","Andrena","Andrenidae",2.54,1,"Grande",FALSE
"Andrena.wilkella","M_006","Andrena","Andrenidae",2.34,1,"Grande",FALSE
"Bombus.hortorum","M_006","Bombus","Apidae",4.56,1,"Grande",FALSE
"Bombus.hortorum","M_006","Bombus","Apidae",4.74,1,"Grande",FALSE
"Bombus.lapidarius","M_006","Bombus","Apidae",3.98,1,"Grande",FALSE
"Bombus.pascuorum","M_006","Bombus","Apidae",3.72,1,"Grande",FALSE
"Bombus.pratorum","M_006","Bombus","Apidae",4.21,1,"Grande",FALSE
"Bombus.terrestris.lucorum","M_006","Bombus","Apidae",4.78,1,"Grande",FALSE
"Lasioglossum.calceatum","M_006","Lasioglossum","Halictidae",1.78,1,"Grande",FALSE
"Lasioglossum.leucozonium","M_006","Lasioglossum","Halictidae",1.86,1,"Grande",FALSE
"Lasioglossum.villosulum","M_006","Lasioglossum","Halictidae",1.32,1,"Grande",FALSE
"Megachile.willughbiella","M_006","Megachile","Megachilidae",3.26,1,"Grande",FALSE
"Andrena.haemorrhoa","M_006","Andrena","Andrenidae",2.54,2,"Grande",TRUE
"Andrena.wilkella","M_006","Andrena","Andrenidae",2.34,2,"Grande",TRUE
"Bombus.hortorum","M_006","Bombus","Apidae",4.56,2,"Grande",TRUE
"Bombus.hortorum","M_006","Bombus","Apidae",4.74,2,"Grande",TRUE
"Bombus.lapidarius","M_006","Bombus","Apidae",3.98,2,"Grande",TRUE
"Bombus.pascuorum","M_006","Bombus","Apidae",3.72,2,"Grande",TRUE
"Bombus.pratorum","M_006","Bombus","Apidae",4.21,2,"Grande",TRUE
"Bombus.terrestris.lucorum","M_006","Bombus","Apidae",4.78,2,"Grande",TRUE
"Lasioglossum.calceatum","M_006","Lasioglossum","Halictidae",1.78,2,"Pequena",TRUE
"Lasioglossum.leucozonium","M_006","Lasioglossum","Halictidae",1.86,2,"Pequena",TRUE
"Lasioglossum.villosulum","M_006","Lasioglossum","Halictidae",1.32,2,"Pequena",TRUE
"Megachile.willughbiella","M_006","Megachile","Megachilidae",3.26,2,"Grande",TRUE
"Andrena.haemorrhoa","M_006","Andrena","Andrenidae",2.54,3,"Pequena",TRUE
"Andrena.wilkella","M_006","Andrena","Andrenidae",2.34,3,"Pequena",TRUE
"Bombus.hortorum","M_006","Bombus","Apidae",4.56,3,"Grande",TRUE
"Bombus.hortorum","M_006","Bombus","Apidae",4.74,3,"Grande",TRUE
"Bombus.lapidarius","M_006","Bombus","Apidae",3.98,3,"Grande",TRUE
"Bombus.pascuorum","M_006","Bombus","Apidae",3.72,3,"Grande",TRUE
"Bombus.pratorum","M_006","Bombus","Apidae",4.21,3,"Grande",TRUE
"Bombus.terrestris.lucorum","M_006","Bombus","Apidae",4.78,3,"Grande",TRUE
"Lasioglossum.calceatum","M_006","Lasioglossum","Halictidae",1.78,3,"Pequena",TRUE
"Lasioglossum.leucozonium","M_006","Lasioglossum","Halictidae",1.86,3,"Pequena",TRUE
"Lasioglossum.villosulum","M_006","Lasioglossum","Halictidae",1.32,3,"Pequena",TRUE
"Megachile.willughbiella","M_006","Megachile","Megachilidae",3.26,3,"Grande",TRUE
"Andrena.haemorrhoa","M_006","Andrena","Andrenidae",2.54,4,"Pequena",TRUE
"Andrena.wilkella","M_006","Andrena","Andrenidae",2.34,4,"Pequena",TRUE
"Bombus.hortorum","M_006","Bombus","Apidae",4.56,4,"Grande",TRUE
"Bombus.hortorum","M_006","Bombus","Apidae",4.74,4,"Grande",TRUE
"Bombus.lapidarius","M_006","Bombus","Apidae",3.98,4,"Pequena",TRUE
"Bombus.pascuorum","M_006","Bombus","Apidae",3.72,4,"Pequena",TRUE
"Bombus.pratorum","M_006","Bombus","Apidae",4.21,4,"Grande",TRUE
"Bombus.terrestris.lucorum","M_006","Bombus","Apidae",4.78,4,"Grande",TRUE
"Lasioglossum.calceatum","M_006","Lasioglossum","Halictidae",1.78,4,"Pequena",TRUE
"Lasioglossum.leucozonium","M_006","Lasioglossum","Halictidae",1.86,4,"Pequena",TRUE
"Lasioglossum.villosulum","M_006","Lasioglossum","Halictidae",1.32,4,"Pequena",TRUE
"Megachile.willughbiella","M_006","Megachile","Megachilidae",3.26,4,"Pequena",TRUE
"Andrena.haemorrhoa","M_006","Andrena","Andrenidae",2.54,5,"Pequena",FALSE
"Andrena.wilkella","M_006","Andrena","Andrenidae",2.34,5,"Pequena",FALSE
"Bombus.hortorum","M_006","Bombus","Apidae",4.56,5,"Pequena",FALSE
"Bombus.hortorum","M_006","Bombus","Apidae",4.74,5,"Pequena",FALSE
"Bombus.lapidarius","M_006","Bombus","Apidae",3.98,5,"Pequena",FALSE
"Bombus.pascuorum","M_006","Bombus","Apidae",3.72,5,"Pequena",FALSE
"Bombus.pratorum","M_006","Bombus","Apidae",4.21,5,"Pequena",FALSE
"Bombus.terrestris.lucorum","M_006","Bombus","Apidae",4.78,5,"Pequena",FALSE
"Lasioglossum.calceatum","M_006","Lasioglossum","Halictidae",1.78,5,"Pequena",FALSE
"Lasioglossum.leucozonium","M_006","Lasioglossum","Halictidae",1.86,5,"Pequena",FALSE
"Lasioglossum.villosulum","M_006","Lasioglossum","Halictidae",1.32,5,"Pequena",FALSE
"Megachile.willughbiella","M_006","Megachile","Megachilidae",3.26,5,"Pequena",FALSE
"Andrena.haemorrhoa","M_006","Andrena","Andrenidae",2.54,6,"Pequena",FALSE
"Andrena.wilkella","M_006","Andrena","Andrenidae",2.34,6,"Pequena",FALSE
"Bombus.hortorum","M_006","Bombus","Apidae",4.56,6,"Pequena",FALSE
"Bombus.hortorum","M_006","Bombus","Apidae",4.74,6,"Pequena",FALSE
"Bombus.lapidarius","M_006","Bombus","Apidae",3.98,6,"Pequena",FALSE
"Bombus.pascuorum","M_006","Bombus","Apidae",3.72,6,"Pequena",FALSE
"Bombus.pratorum","M_006","Bombus","Apidae",4.21,6,"Pequena",FALSE
"Bombus.terrestris.lucorum","M_006","Bombus","Apidae",4.78,6,"Pequena",FALSE
"Lasioglossum.calceatum","M_006","Lasioglossum","Halictidae",1.78,6,"Pequena",FALSE
"Lasioglossum.leucozonium","M_006","Lasioglossum","Halictidae",1.86,6,"Pequena",FALSE
"Lasioglossum.villosulum","M_006","Lasioglossum","Halictidae",1.32,6,"Pequena",FALSE
"Megachile.willughbiella","M_006","Megachile","Megachilidae",3.26,6,"Pequena",FALSE
"Andrena.haemorrhoa","M_006","Andrena","Andrenidae",2.54,7,"Pequena",FALSE
"Andrena.wilkella","M_006","Andrena","Andrenidae",2.34,7,"Pequena",FALSE
"Bombus.hortorum","M_006","Bombus","Apidae",4.56,7,"Pequena",FALSE
"Bombus.hortorum","M_006","Bombus","Apidae",4.74,7,"Pequena",FALSE
"Bombus.lapidarius","M_006","Bombus","Apidae",3.98,7,"Pequena",FALSE
"Bombus.pascuorum","M_006","Bombus","Apidae",3.72,7,"Pequena",FALSE
"Bombus.pratorum","M_006","Bombus","Apidae",4.21,7,"Pequena",FALSE
"Bombus.terrestris.lucorum","M_006","Bombus","Apidae",4.78,7,"Pequena",FALSE
"Lasioglossum.calceatum","M_006","Lasioglossum","Halictidae",1.78,7,"Pequena",FALSE
"Lasioglossum.leucozonium","M_006","Lasioglossum","Halictidae",1.86,7,"Pequena",FALSE
"Lasioglossum.villosulum","M_006","Lasioglossum","Halictidae",1.32,7,"Pequena",FALSE
"Megachile.willughbiella","M_006","Megachile","Megachilidae",3.26,7,"Pequena",FALSE
"Andrena.haemorrhoa","M_006","Andrena","Andrenidae",2.54,8,"Pequena",FALSE
"Andrena.wilkella","M_006","Andrena","Andrenidae",2.34,8,"Pequena",FALSE
"Bombus.hortorum","M_006","Bombus","Apidae",4.56,8,"Pequena",FALSE
"Bombus.hortorum","M_006","Bombus","Apidae",4.74,8,"Pequena",FALSE
"Bombus.lapidarius","M_006","Bombus","Apidae",3.98,8,"Pequena",FALSE
"Bombus.pascuorum","M_006","Bombus","Apidae",3.72,8,"Pequena",FALSE
"Bombus.pratorum","M_006","Bombus","Apidae",4.21,8,"Pequena",FALSE
"Bombus.terrestris.lucorum","M_006","Bombus","Apidae",4.78,8,"Pequena",FALSE
"Lasioglossum.calceatum","M_006","Lasioglossum","Halictidae",1.78,8,"Pequena",FALSE
"Lasioglossum.leucozonium","M_006","Lasioglossum","Halictidae",1.86,8,"Pequena",FALSE
"Lasioglossum.villosulum","M_006","Lasioglossum","Halictidae",1.32,8,"Pequena",FALSE
"Megachile.willughbiella","M_006","Megachile","Megachilidae",3.26,8,"Pequena",FALSE
"Andrena.haemorrhoa","M_006","Andrena","Andrenidae",2.54,9,"Pequena",FALSE
"Andrena.wilkella","M_006","Andrena","Andrenidae",2.34,9,"Pequena",FALSE
"Bombus.hortorum","M_006","Bombus","Apidae",4.56,9,"Pequena",FALSE
"Bombus.hortorum","M_006","Bombus","Apidae",4.74,9,"Pequena",FALSE
"Bombus.lapidarius","M_006","Bombus","Apidae",3.98,9,"Pequena",FALSE
"Bombus.pascuorum","M_006","Bombus","Apidae",3.72,9,"Pequena",FALSE
"Bombus.pratorum","M_006","Bombus","Apidae",4.21,9,"Pequena",FALSE
"Bombus.terrestris.lucorum","M_006","Bombus","Apidae",4.78,9,"Pequena",FALSE
"Lasioglossum.calceatum","M_006","Lasioglossum","Halictidae",1.78,9,"Pequena",FALSE
"Lasioglossum.leucozonium","M_006","Lasioglossum","Halictidae",1.86,9,"Pequena",FALSE
"Lasioglossum.villosulum","M_006","Lasioglossum","Halictidae",1.32,9,"Pequena",FALSE
"Megachile.willughbiella","M_006","Megachile","Megachilidae",3.26,9,"Pequena",FALSE
"Andrena.haemorrhoa.japonibia","M_021","Andrena","Andrenidae",2.54,1,"Grande",FALSE
"Andrena.longitibialis","M_021","Andrena","Andrenidae",1.59,1,"Grande",FALSE
"Andrena.minutula","M_021","Andrena","Andrenidae",1.59,1,"Grande",FALSE
"Andrena.minutula","M_021","Andrena","Andrenidae",1.5,1,"Grande",FALSE
"Apis.cerana","M_021","Apis","Apidae",2.38,1,"Grande",FALSE
"Apis.mellifera","M_021","Apis","Apidae",2.9,1,"Grande",FALSE
"Bombus.ardens","M_021","Bombus","Apidae",4.98,1,"Grande",FALSE
"Bombus.diversus.diversus","M_021","Bombus","Apidae",5.49,1,"Grande",FALSE
"Bombus.diversus.diversus","M_021","Bombus","Apidae",4.79,1,"Grande",FALSE
"Bombus.honshuensis","M_021","Bombus","Apidae",6.1,1,"Grande",FALSE
"Bombus.hypocrita.hypocrita","M_021","Bombus","Apidae",5.4,1,"Grande",FALSE
"Bombus.ignitus","M_021","Bombus","Apidae",6.3,1,"Grande",FALSE
"Ceratina.flavipes","M_021","Ceratina","Apidae",1.71,1,"Grande",FALSE
"Ceratina.japonica","M_021","Ceratina","Apidae",1.22,1,"Grande",FALSE
"Lasioglossum.occidens","M_021","Lasioglossum","Halictidae",2.26,1,"Grande",FALSE
"Lasioglossum.proximatum","M_021","Lasioglossum","Halictidae",2.43,1,"Grande",FALSE
"Andrena.haemorrhoa.japonibia","M_021","Andrena","Andrenidae",2.54,2,"Grande",TRUE
"Andrena.longitibialis","M_021","Andrena","Andrenidae",1.59,2,"Pequena",TRUE
"Andrena.minutula","M_021","Andrena","Andrenidae",1.59,2,"Pequena",TRUE
"Andrena.minutula","M_021","Andrena","Andrenidae",1.5,2,"Pequena",TRUE
"Apis.cerana","M_021","Apis","Apidae",2.38,2,"Grande",TRUE
"Apis.mellifera","M_021","Apis","Apidae",2.9,2,"Grande",TRUE
"Bombus.ardens","M_021","Bombus","Apidae",4.98,2,"Grande",TRUE
"Bombus.diversus.diversus","M_021","Bombus","Apidae",5.49,2,"Grande",TRUE
"Bombus.diversus.diversus","M_021","Bombus","Apidae",4.79,2,"Grande",TRUE
"Bombus.honshuensis","M_021","Bombus","Apidae",6.1,2,"Grande",TRUE
"Bombus.hypocrita.hypocrita","M_021","Bombus","Apidae",5.4,2,"Grande",TRUE
"Bombus.ignitus","M_021","Bombus","Apidae",6.3,2,"Grande",TRUE
"Ceratina.flavipes","M_021","Ceratina","Apidae",1.71,2,"Pequena",TRUE
"Ceratina.japonica","M_021","Ceratina","Apidae",1.22,2,"Pequena",TRUE
"Lasioglossum.occidens","M_021","Lasioglossum","Halictidae",2.26,2,"Grande",TRUE
"Lasioglossum.proximatum","M_021","Lasioglossum","Halictidae",2.43,2,"Grande",TRUE
"Andrena.haemorrhoa.japonibia","M_021","Andrena","Andrenidae",2.54,3,"Pequena",TRUE
"Andrena.longitibialis","M_021","Andrena","Andrenidae",1.59,3,"Pequena",TRUE
"Andrena.minutula","M_021","Andrena","Andrenidae",1.59,3,"Pequena",TRUE
"Andrena.minutula","M_021","Andrena","Andrenidae",1.5,3,"Pequena",TRUE
"Apis.cerana","M_021","Apis","Apidae",2.38,3,"Pequena",TRUE
"Apis.mellifera","M_021","Apis","Apidae",2.9,3,"Pequena",TRUE
"Bombus.ardens","M_021","Bombus","Apidae",4.98,3,"Grande",TRUE
"Bombus.diversus.diversus","M_021","Bombus","Apidae",5.49,3,"Grande",TRUE
"Bombus.diversus.diversus","M_021","Bombus","Apidae",4.79,3,"Grande",TRUE
"Bombus.honshuensis","M_021","Bombus","Apidae",6.1,3,"Grande",TRUE
"Bombus.hypocrita.hypocrita","M_021","Bombus","Apidae",5.4,3,"Grande",TRUE
"Bombus.ignitus","M_021","Bombus","Apidae",6.3,3,"Grande",TRUE
"Ceratina.flavipes","M_021","Ceratina","Apidae",1.71,3,"Pequena",TRUE
"Ceratina.japonica","M_021","Ceratina","Apidae",1.22,3,"Pequena",TRUE
"Lasioglossum.occidens","M_021","Lasioglossum","Halictidae",2.26,3,"Pequena",TRUE
"Lasioglossum.proximatum","M_021","Lasioglossum","Halictidae",2.43,3,"Pequena",TRUE
"Andrena.haemorrhoa.japonibia","M_021","Andrena","Andrenidae",2.54,4,"Pequena",TRUE
"Andrena.longitibialis","M_021","Andrena","Andrenidae",1.59,4,"Pequena",TRUE
"Andrena.minutula","M_021","Andrena","Andrenidae",1.59,4,"Pequena",TRUE
"Andrena.minutula","M_021","Andrena","Andrenidae",1.5,4,"Pequena",TRUE
"Apis.cerana","M_021","Apis","Apidae",2.38,4,"Pequena",TRUE
"Apis.mellifera","M_021","Apis","Apidae",2.9,4,"Pequena",TRUE
"Bombus.ardens","M_021","Bombus","Apidae",4.98,4,"Grande",TRUE
"Bombus.diversus.diversus","M_021","Bombus","Apidae",5.49,4,"Grande",TRUE
"Bombus.diversus.diversus","M_021","Bombus","Apidae",4.79,4,"Grande",TRUE
"Bombus.honshuensis","M_021","Bombus","Apidae",6.1,4,"Grande",TRUE
"Bombus.hypocrita.hypocrita","M_021","Bombus","Apidae",5.4,4,"Grande",TRUE
"Bombus.ignitus","M_021","Bombus","Apidae",6.3,4,"Grande",TRUE
"Ceratina.flavipes","M_021","Ceratina","Apidae",1.71,4,"Pequena",TRUE
"Ceratina.japonica","M_021","Ceratina","Apidae",1.22,4,"Pequena",TRUE
"Lasioglossum.occidens","M_021","Lasioglossum","Halictidae",2.26,4,"Pequena",TRUE
"Lasioglossum.proximatum","M_021","Lasioglossum","Halictidae",2.43,4,"Pequena",TRUE
"Andrena.haemorrhoa.japonibia","M_021","Andrena","Andrenidae",2.54,5,"Pequena",TRUE
"Andrena.longitibialis","M_021","Andrena","Andrenidae",1.59,5,"Pequena",TRUE
"Andrena.minutula","M_021","Andrena","Andrenidae",1.59,5,"Pequena",TRUE
"Andrena.minutula","M_021","Andrena","Andrenidae",1.5,5,"Pequena",TRUE
"Apis.cerana","M_021","Apis","Apidae",2.38,5,"Pequena",TRUE
"Apis.mellifera","M_021","Apis","Apidae",2.9,5,"Pequena",TRUE
"Bombus.ardens","M_021","Bombus","Apidae",4.98,5,"Pequena",TRUE
"Bombus.diversus.diversus","M_021","Bombus","Apidae",5.49,5,"Grande",TRUE
"Bombus.diversus.diversus","M_021","Bombus","Apidae",4.79,5,"Pequena",TRUE
"Bombus.honshuensis","M_021","Bombus","Apidae",6.1,5,"Grande",TRUE
"Bombus.hypocrita.hypocrita","M_021","Bombus","Apidae",5.4,5,"Grande",TRUE
"Bombus.ignitus","M_021","Bombus","Apidae",6.3,5,"Grande",TRUE
"Ceratina.flavipes","M_021","Ceratina","Apidae",1.71,5,"Pequena",TRUE
"Ceratina.japonica","M_021","Ceratina","Apidae",1.22,5,"Pequena",TRUE
"Lasioglossum.occidens","M_021","Lasioglossum","Halictidae",2.26,5,"Pequena",TRUE
"Lasioglossum.proximatum","M_021","Lasioglossum","Halictidae",2.43,5,"Pequena",TRUE
"Andrena.haemorrhoa.japonibia","M_021","Andrena","Andrenidae",2.54,6,"Pequena",TRUE
"Andrena.longitibialis","M_021","Andrena","Andrenidae",1.59,6,"Pequena",TRUE
"Andrena.minutula","M_021","Andrena","Andrenidae",1.59,6,"Pequena",TRUE
"Andrena.minutula","M_021","Andrena","Andrenidae",1.5,6,"Pequena",TRUE
"Apis.cerana","M_021","Apis","Apidae",2.38,6,"Pequena",TRUE
"Apis.mellifera","M_021","Apis","Apidae",2.9,6,"Pequena",TRUE
"Bombus.ardens","M_021","Bombus","Apidae",4.98,6,"Pequena",TRUE
"Bombus.diversus.diversus","M_021","Bombus","Apidae",5.49,6,"Pequena",TRUE
"Bombus.diversus.diversus","M_021","Bombus","Apidae",4.79,6,"Pequena",TRUE
"Bombus.honshuensis","M_021","Bombus","Apidae",6.1,6,"Grande",TRUE
"Bombus.hypocrita.hypocrita","M_021","Bombus","Apidae",5.4,6,"Pequena",TRUE
"Bombus.ignitus","M_021","Bombus","Apidae",6.3,6,"Grande",TRUE
"Ceratina.flavipes","M_021","Ceratina","Apidae",1.71,6,"Pequena",TRUE
"Ceratina.japonica","M_021","Ceratina","Apidae",1.22,6,"Pequena",TRUE
"Lasioglossum.occidens","M_021","Lasioglossum","Halictidae",2.26,6,"Pequena",TRUE
"Lasioglossum.proximatum","M_021","Lasioglossum","Halictidae",2.43,6,"Pequena",TRUE
"Andrena.haemorrhoa.japonibia","M_021","Andrena","Andrenidae",2.54,7,"Pequena",FALSE
"Andrena.longitibialis","M_021","Andrena","Andrenidae",1.59,7,"Pequena",FALSE
"Andrena.minutula","M_021","Andrena","Andrenidae",1.59,7,"Pequena",FALSE
"Andrena.minutula","M_021","Andrena","Andrenidae",1.5,7,"Pequena",FALSE
"Apis.cerana","M_021","Apis","Apidae",2.38,7,"Pequena",FALSE
"Apis.mellifera","M_021","Apis","Apidae",2.9,7,"Pequena",FALSE
"Bombus.ardens","M_021","Bombus","Apidae",4.98,7,"Pequena",FALSE
"Bombus.diversus.diversus","M_021","Bombus","Apidae",5.49,7,"Pequena",FALSE
"Bombus.diversus.diversus","M_021","Bombus","Apidae",4.79,7,"Pequena",FALSE
"Bombus.honshuensis","M_021","Bombus","Apidae",6.1,7,"Pequena",FALSE
"Bombus.hypocrita.hypocrita","M_021","Bombus","Apidae",5.4,7,"Pequena",FALSE
"Bombus.ignitus","M_021","Bombus","Apidae",6.3,7,"Pequena",FALSE
"Ceratina.flavipes","M_021","Ceratina","Apidae",1.71,7,"Pequena",FALSE
"Ceratina.japonica","M_021","Ceratina","Apidae",1.22,7,"Pequena",FALSE
"Lasioglossum.occidens","M_021","Lasioglossum","Halictidae",2.26,7,"Pequena",FALSE
"Lasioglossum.proximatum","M_021","Lasioglossum","Halictidae",2.43,7,"Pequena",FALSE
"Andrena.haemorrhoa.japonibia","M_021","Andrena","Andrenidae",2.54,8,"Pequena",FALSE
"Andrena.longitibialis","M_021","Andrena","Andrenidae",1.59,8,"Pequena",FALSE
"Andrena.minutula","M_021","Andrena","Andrenidae",1.59,8,"Pequena",FALSE
"Andrena.minutula","M_021","Andrena","Andrenidae",1.5,8,"Pequena",FALSE
"Apis.cerana","M_021","Apis","Apidae",2.38,8,"Pequena",FALSE
"Apis.mellifera","M_021","Apis","Apidae",2.9,8,"Pequena",FALSE
"Bombus.ardens","M_021","Bombus","Apidae",4.98,8,"Pequena",FALSE
"Bombus.diversus.diversus","M_021","Bombus","Apidae",5.49,8,"Pequena",FALSE
"Bombus.diversus.diversus","M_021","Bombus","Apidae",4.79,8,"Pequena",FALSE
"Bombus.honshuensis","M_021","Bombus","Apidae",6.1,8,"Pequena",FALSE
"Bombus.hypocrita.hypocrita","M_021","Bombus","Apidae",5.4,8,"Pequena",FALSE
"Bombus.ignitus","M_021","Bombus","Apidae",6.3,8,"Pequena",FALSE
"Ceratina.flavipes","M_021","Ceratina","Apidae",1.71,8,"Pequena",FALSE
"Ceratina.japonica","M_021","Ceratina","Apidae",1.22,8,"Pequena",FALSE
"Lasioglossum.occidens","M_021","Lasioglossum","Halictidae",2.26,8,"Pequena",FALSE
"Lasioglossum.proximatum","M_021","Lasioglossum","Halictidae",2.43,8,"Pequena",FALSE
"Andrena.haemorrhoa.japonibia","M_021","Andrena","Andrenidae",2.54,9,"Pequena",FALSE
"Andrena.longitibialis","M_021","Andrena","Andrenidae",1.59,9,"Pequena",FALSE
"Andrena.minutula","M_021","Andrena","Andrenidae",1.59,9,"Pequena",FALSE
"Andrena.minutula","M_021","Andrena","Andrenidae",1.5,9,"Pequena",FALSE
"Apis.cerana","M_021","Apis","Apidae",2.38,9,"Pequena",FALSE
"Apis.mellifera","M_021","Apis","Apidae",2.9,9,"Pequena",FALSE
"Bombus.ardens","M_021","Bombus","Apidae",4.98,9,"Pequena",FALSE
"Bombus.diversus.diversus","M_021","Bombus","Apidae",5.49,9,"Pequena",FALSE
"Bombus.diversus.diversus","M_021","Bombus","Apidae",4.79,9,"Pequena",FALSE
"Bombus.honshuensis","M_021","Bombus","Apidae",6.1,9,"Pequena",FALSE
"Bombus.hypocrita.hypocrita","M_021","Bombus","Apidae",5.4,9,"Pequena",FALSE
"Bombus.ignitus","M_021","Bombus","Apidae",6.3,9,"Pequena",FALSE
"Ceratina.flavipes","M_021","Ceratina","Apidae",1.71,9,"Pequena",FALSE
"Ceratina.japonica","M_021","Ceratina","Apidae",1.22,9,"Pequena",FALSE
"Lasioglossum.occidens","M_021","Lasioglossum","Halictidae",2.26,9,"Pequena",FALSE
"Lasioglossum.proximatum","M_021","Lasioglossum","Halictidae",2.43,9,"Pequena",FALSE
"Andrena.imitatrix","M_073","Andrena","Andrenidae",4.49,1,"Grande",TRUE
"Andrena.spiraeana","M_073","Andrena","Andrenidae",1.94,1,"Grande",TRUE
"Andrena.vicina","M_073","Andrena","Andrenidae",2.54,1,"Grande",TRUE
"Anthophora.abrupta","M_073","Anthophora","Andrenidae",3.9,1,"Grande",TRUE
"Apis.mellifera","M_073","Apis","Apidae",2.9,1,"Grande",TRUE
"Augochlora.pura","M_073","Augochlora","Halictidae",1.64,1,"Grande",TRUE
"Augochlorella.aurata","M_073","","Halictidae",1.405,1,"Grande",TRUE
"Bombus.bimaculatus","M_073","Bombus","Apidae",4.07,1,"Grande",TRUE
"Bombus.griseocollis","M_073","Bombus","Apidae",4.87,1,"Grande",TRUE
"Bombus.impatiens","M_073","Bombus","Apidae",4.42,1,"Grande",TRUE
"Bombus.impatiens","M_073","Bombus","Apidae",3.38,1,"Grande",TRUE
"Ceratina.calcarata","M_073","Ceratina","Apidae",1.41,1,"Grande",TRUE
"Halictus.confusus","M_073","Halictus","Halictidae",1.41,1,"Grande",TRUE
"Lasioglossum.cressonii","M_073","Lasioglossum","Halictidae",1.29,1,"Grande",TRUE
"Lasioglossum.ephialtum","M_073","Lasioglossum","Halictidae",1.2,1,"Grande",TRUE
"Lasioglossum.fuscipenne","M_073","Lasioglossum","Halictidae",2.1,1,"Grande",TRUE
"Lasioglossum.hitchensi","M_073","Lasioglossum","Halictidae",1.16,1,"Grande",TRUE
"Lasioglossum.imitatum","M_073","Lasioglossum","Halictidae",0.98,1,"Pequena",TRUE
"Lasioglossum.macoupinens","M_073","Lasioglossum","Halictidae",1.19,1,"Grande",TRUE
"Lasioglossum.oblongum","M_073","Lasioglossum","Halictidae",1.23,1,"Grande",TRUE
"Lasioglossum.obscurum","M_073","Lasioglossum","Halictidae",1.17,1,"Grande",TRUE
"Lasioglossum.subviridatum","M_073","Lasioglossum","Halictidae",1.2,1,"Grande",TRUE
"Lasioglossum.tegulare","M_073","Lasioglossum","Halictidae",0.94,1,"Pequena",TRUE
"Megachile.mendica","M_073","Megachile","Megachilidae",3.3,1,"Grande",TRUE
"Andrena.imitatrix","M_073","Andrena","Andrenidae",4.49,2,"Grande",TRUE
"Andrena.spiraeana","M_073","Andrena","Andrenidae",1.94,2,"Pequena",TRUE
"Andrena.vicina","M_073","Andrena","Andrenidae",2.54,2,"Grande",TRUE
"Anthophora.abrupta","M_073","Anthophora","Andrenidae",3.9,2,"Grande",TRUE
"Apis.mellifera","M_073","Apis","Apidae",2.9,2,"Grande",TRUE
"Augochlora.pura","M_073","Augochlora","Halictidae",1.64,2,"Pequena",TRUE
"Augochlorella.aurata","M_073","","Halictidae",1.405,2,"Pequena",TRUE
"Bombus.bimaculatus","M_073","Bombus","Apidae",4.07,2,"Grande",TRUE
"Bombus.griseocollis","M_073","Bombus","Apidae",4.87,2,"Grande",TRUE
"Bombus.impatiens","M_073","Bombus","Apidae",4.42,2,"Grande",TRUE
"Bombus.impatiens","M_073","Bombus","Apidae",3.38,2,"Grande",TRUE
"Ceratina.calcarata","M_073","Ceratina","Apidae",1.41,2,"Pequena",TRUE
"Halictus.confusus","M_073","Halictus","Halictidae",1.41,2,"Pequena",TRUE
"Lasioglossum.cressonii","M_073","Lasioglossum","Halictidae",1.29,2,"Pequena",TRUE
"Lasioglossum.ephialtum","M_073","Lasioglossum","Halictidae",1.2,2,"Pequena",TRUE
"Lasioglossum.fuscipenne","M_073","Lasioglossum","Halictidae",2.1,2,"Grande",TRUE
"Lasioglossum.hitchensi","M_073","Lasioglossum","Halictidae",1.16,2,"Pequena",TRUE
"Lasioglossum.imitatum","M_073","Lasioglossum","Halictidae",0.98,2,"Pequena",TRUE
"Lasioglossum.macoupinens","M_073","Lasioglossum","Halictidae",1.19,2,"Pequena",TRUE
"Lasioglossum.oblongum","M_073","Lasioglossum","Halictidae",1.23,2,"Pequena",TRUE
"Lasioglossum.obscurum","M_073","Lasioglossum","Halictidae",1.17,2,"Pequena",TRUE
"Lasioglossum.subviridatum","M_073","Lasioglossum","Halictidae",1.2,2,"Pequena",TRUE
"Lasioglossum.tegulare","M_073","Lasioglossum","Halictidae",0.94,2,"Pequena",TRUE
"Megachile.mendica","M_073","Megachile","Megachilidae",3.3,2,"Grande",TRUE
"Andrena.imitatrix","M_073","Andrena","Andrenidae",4.49,3,"Grande",TRUE
"Andrena.spiraeana","M_073","Andrena","Andrenidae",1.94,3,"Pequena",TRUE
"Andrena.vicina","M_073","Andrena","Andrenidae",2.54,3,"Pequena",TRUE
"Anthophora.abrupta","M_073","Anthophora","Andrenidae",3.9,3,"Grande",TRUE
"Apis.mellifera","M_073","Apis","Apidae",2.9,3,"Pequena",TRUE
"Augochlora.pura","M_073","Augochlora","Halictidae",1.64,3,"Pequena",TRUE
"Augochlorella.aurata","M_073","","Halictidae",1.405,3,"Pequena",TRUE
"Bombus.bimaculatus","M_073","Bombus","Apidae",4.07,3,"Grande",TRUE
"Bombus.griseocollis","M_073","Bombus","Apidae",4.87,3,"Grande",TRUE
"Bombus.impatiens","M_073","Bombus","Apidae",4.42,3,"Grande",TRUE
"Bombus.impatiens","M_073","Bombus","Apidae",3.38,3,"Grande",TRUE
"Ceratina.calcarata","M_073","Ceratina","Apidae",1.41,3,"Pequena",TRUE
"Halictus.confusus","M_073","Halictus","Halictidae",1.41,3,"Pequena",TRUE
"Lasioglossum.cressonii","M_073","Lasioglossum","Halictidae",1.29,3,"Pequena",TRUE
"Lasioglossum.ephialtum","M_073","Lasioglossum","Halictidae",1.2,3,"Pequena",TRUE
"Lasioglossum.fuscipenne","M_073","Lasioglossum","Halictidae",2.1,3,"Pequena",TRUE
"Lasioglossum.hitchensi","M_073","Lasioglossum","Halictidae",1.16,3,"Pequena",TRUE
"Lasioglossum.imitatum","M_073","Lasioglossum","Halictidae",0.98,3,"Pequena",TRUE
"Lasioglossum.macoupinens","M_073","Lasioglossum","Halictidae",1.19,3,"Pequena",TRUE
"Lasioglossum.oblongum","M_073","Lasioglossum","Halictidae",1.23,3,"Pequena",TRUE
"Lasioglossum.obscurum","M_073","Lasioglossum","Halictidae",1.17,3,"Pequena",TRUE
"Lasioglossum.subviridatum","M_073","Lasioglossum","Halictidae",1.2,3,"Pequena",TRUE
"Lasioglossum.tegulare","M_073","Lasioglossum","Halictidae",0.94,3,"Pequena",TRUE
"Megachile.mendica","M_073","Megachile","Megachilidae",3.3,3,"Grande",TRUE
"Andrena.imitatrix","M_073","Andrena","Andrenidae",4.49,4,"Grande",TRUE
"Andrena.spiraeana","M_073","Andrena","Andrenidae",1.94,4,"Pequena",TRUE
"Andrena.vicina","M_073","Andrena","Andrenidae",2.54,4,"Pequena",TRUE
"Anthophora.abrupta","M_073","Anthophora","Andrenidae",3.9,4,"Pequena",TRUE
"Apis.mellifera","M_073","Apis","Apidae",2.9,4,"Pequena",TRUE
"Augochlora.pura","M_073","Augochlora","Halictidae",1.64,4,"Pequena",TRUE
"Augochlorella.aurata","M_073","","Halictidae",1.405,4,"Pequena",TRUE
"Bombus.bimaculatus","M_073","Bombus","Apidae",4.07,4,"Grande",TRUE
"Bombus.griseocollis","M_073","Bombus","Apidae",4.87,4,"Grande",TRUE
"Bombus.impatiens","M_073","Bombus","Apidae",4.42,4,"Grande",TRUE
"Bombus.impatiens","M_073","Bombus","Apidae",3.38,4,"Pequena",TRUE
"Ceratina.calcarata","M_073","Ceratina","Apidae",1.41,4,"Pequena",TRUE
"Halictus.confusus","M_073","Halictus","Halictidae",1.41,4,"Pequena",TRUE
"Lasioglossum.cressonii","M_073","Lasioglossum","Halictidae",1.29,4,"Pequena",TRUE
"Lasioglossum.ephialtum","M_073","Lasioglossum","Halictidae",1.2,4,"Pequena",TRUE
"Lasioglossum.fuscipenne","M_073","Lasioglossum","Halictidae",2.1,4,"Pequena",TRUE
"Lasioglossum.hitchensi","M_073","Lasioglossum","Halictidae",1.16,4,"Pequena",TRUE
"Lasioglossum.imitatum","M_073","Lasioglossum","Halictidae",0.98,4,"Pequena",TRUE
"Lasioglossum.macoupinens","M_073","Lasioglossum","Halictidae",1.19,4,"Pequena",TRUE
"Lasioglossum.oblongum","M_073","Lasioglossum","Halictidae",1.23,4,"Pequena",TRUE
"Lasioglossum.obscurum","M_073","Lasioglossum","Halictidae",1.17,4,"Pequena",TRUE
"Lasioglossum.subviridatum","M_073","Lasioglossum","Halictidae",1.2,4,"Pequena",TRUE
"Lasioglossum.tegulare","M_073","Lasioglossum","Halictidae",0.94,4,"Pequena",TRUE
"Megachile.mendica","M_073","Megachile","Megachilidae",3.3,4,"Pequena",TRUE
"Andrena.imitatrix","M_073","Andrena","Andrenidae",4.49,5,"Pequena",FALSE
"Andrena.spiraeana","M_073","Andrena","Andrenidae",1.94,5,"Pequena",FALSE
"Andrena.vicina","M_073","Andrena","Andrenidae",2.54,5,"Pequena",FALSE
"Anthophora.abrupta","M_073","Anthophora","Andrenidae",3.9,5,"Pequena",FALSE
"Apis.mellifera","M_073","Apis","Apidae",2.9,5,"Pequena",FALSE
"Augochlora.pura","M_073","Augochlora","Halictidae",1.64,5,"Pequena",FALSE
"Augochlorella.aurata","M_073","","Halictidae",1.405,5,"Pequena",FALSE
"Bombus.bimaculatus","M_073","Bombus","Apidae",4.07,5,"Pequena",FALSE
"Bombus.griseocollis","M_073","Bombus","Apidae",4.87,5,"Pequena",FALSE
"Bombus.impatiens","M_073","Bombus","Apidae",4.42,5,"Pequena",FALSE
"Bombus.impatiens","M_073","Bombus","Apidae",3.38,5,"Pequena",FALSE
"Ceratina.calcarata","M_073","Ceratina","Apidae",1.41,5,"Pequena",FALSE
"Halictus.confusus","M_073","Halictus","Halictidae",1.41,5,"Pequena",FALSE
"Lasioglossum.cressonii","M_073","Lasioglossum","Halictidae",1.29,5,"Pequena",FALSE
"Lasioglossum.ephialtum","M_073","Lasioglossum","Halictidae",1.2,5,"Pequena",FALSE
"Lasioglossum.fuscipenne","M_073","Lasioglossum","Halictidae",2.1,5,"Pequena",FALSE
"Lasioglossum.hitchensi","M_073","Lasioglossum","Halictidae",1.16,5,"Pequena",FALSE
"Lasioglossum.imitatum","M_073","Lasioglossum","Halictidae",0.98,5,"Pequena",FALSE
"Lasioglossum.macoupinens","M_073","Lasioglossum","Halictidae",1.19,5,"Pequena",FALSE
"Lasioglossum.oblongum","M_073","Lasioglossum","Halictidae",1.23,5,"Pequena",FALSE
"Lasioglossum.obscurum","M_073","Lasioglossum","Halictidae",1.17,5,"Pequena",FALSE
"Lasioglossum.subviridatum","M_073","Lasioglossum","Halictidae",1.2,5,"Pequena",FALSE
"Lasioglossum.tegulare","M_073","Lasioglossum","Halictidae",0.94,5,"Pequena",FALSE
"Megachile.mendica","M_073","Megachile","Megachilidae",3.3,5,"Pequena",FALSE
"Andrena.imitatrix","M_073","Andrena","Andrenidae",4.49,6,"Pequena",FALSE
"Andrena.spiraeana","M_073","Andrena","Andrenidae",1.94,6,"Pequena",FALSE
"Andrena.vicina","M_073","Andrena","Andrenidae",2.54,6,"Pequena",FALSE
"Anthophora.abrupta","M_073","Anthophora","Andrenidae",3.9,6,"Pequena",FALSE
"Apis.mellifera","M_073","Apis","Apidae",2.9,6,"Pequena",FALSE
"Augochlora.pura","M_073","Augochlora","Halictidae",1.64,6,"Pequena",FALSE
"Augochlorella.aurata","M_073","","Halictidae",1.405,6,"Pequena",FALSE
"Bombus.bimaculatus","M_073","Bombus","Apidae",4.07,6,"Pequena",FALSE
"Bombus.griseocollis","M_073","Bombus","Apidae",4.87,6,"Pequena",FALSE
"Bombus.impatiens","M_073","Bombus","Apidae",4.42,6,"Pequena",FALSE
"Bombus.impatiens","M_073","Bombus","Apidae",3.38,6,"Pequena",FALSE
"Ceratina.calcarata","M_073","Ceratina","Apidae",1.41,6,"Pequena",FALSE
"Halictus.confusus","M_073","Halictus","Halictidae",1.41,6,"Pequena",FALSE
"Lasioglossum.cressonii","M_073","Lasioglossum","Halictidae",1.29,6,"Pequena",FALSE
"Lasioglossum.ephialtum","M_073","Lasioglossum","Halictidae",1.2,6,"Pequena",FALSE
"Lasioglossum.fuscipenne","M_073","Lasioglossum","Halictidae",2.1,6,"Pequena",FALSE
"Lasioglossum.hitchensi","M_073","Lasioglossum","Halictidae",1.16,6,"Pequena",FALSE
"Lasioglossum.imitatum","M_073","Lasioglossum","Halictidae",0.98,6,"Pequena",FALSE
"Lasioglossum.macoupinens","M_073","Lasioglossum","Halictidae",1.19,6,"Pequena",FALSE
"Lasioglossum.oblongum","M_073","Lasioglossum","Halictidae",1.23,6,"Pequena",FALSE
"Lasioglossum.obscurum","M_073","Lasioglossum","Halictidae",1.17,6,"Pequena",FALSE
"Lasioglossum.subviridatum","M_073","Lasioglossum","Halictidae",1.2,6,"Pequena",FALSE
"Lasioglossum.tegulare","M_073","Lasioglossum","Halictidae",0.94,6,"Pequena",FALSE
"Megachile.mendica","M_073","Megachile","Megachilidae",3.3,6,"Pequena",FALSE
"Andrena.imitatrix","M_073","Andrena","Andrenidae",4.49,7,"Pequena",FALSE
"Andrena.spiraeana","M_073","Andrena","Andrenidae",1.94,7,"Pequena",FALSE
"Andrena.vicina","M_073","Andrena","Andrenidae",2.54,7,"Pequena",FALSE
"Anthophora.abrupta","M_073","Anthophora","Andrenidae",3.9,7,"Pequena",FALSE
"Apis.mellifera","M_073","Apis","Apidae",2.9,7,"Pequena",FALSE
"Augochlora.pura","M_073","Augochlora","Halictidae",1.64,7,"Pequena",FALSE
"Augochlorella.aurata","M_073","","Halictidae",1.405,7,"Pequena",FALSE
"Bombus.bimaculatus","M_073","Bombus","Apidae",4.07,7,"Pequena",FALSE
"Bombus.griseocollis","M_073","Bombus","Apidae",4.87,7,"Pequena",FALSE
"Bombus.impatiens","M_073","Bombus","Apidae",4.42,7,"Pequena",FALSE
"Bombus.impatiens","M_073","Bombus","Apidae",3.38,7,"Pequena",FALSE
"Ceratina.calcarata","M_073","Ceratina","Apidae",1.41,7,"Pequena",FALSE
"Halictus.confusus","M_073","Halictus","Halictidae",1.41,7,"Pequena",FALSE
"Lasioglossum.cressonii","M_073","Lasioglossum","Halictidae",1.29,7,"Pequena",FALSE
"Lasioglossum.ephialtum","M_073","Lasioglossum","Halictidae",1.2,7,"Pequena",FALSE
"Lasioglossum.fuscipenne","M_073","Lasioglossum","Halictidae",2.1,7,"Pequena",FALSE
"Lasioglossum.hitchensi","M_073","Lasioglossum","Halictidae",1.16,7,"Pequena",FALSE
"Lasioglossum.imitatum","M_073","Lasioglossum","Halictidae",0.98,7,"Pequena",FALSE
"Lasioglossum.macoupinens","M_073","Lasioglossum","Halictidae",1.19,7,"Pequena",FALSE
"Lasioglossum.oblongum","M_073","Lasioglossum","Halictidae",1.23,7,"Pequena",FALSE
"Lasioglossum.obscurum","M_073","Lasioglossum","Halictidae",1.17,7,"Pequena",FALSE
"Lasioglossum.subviridatum","M_073","Lasioglossum","Halictidae",1.2,7,"Pequena",FALSE
"Lasioglossum.tegulare","M_073","Lasioglossum","Halictidae",0.94,7,"Pequena",FALSE
"Megachile.mendica","M_073","Megachile","Megachilidae",3.3,7,"Pequena",FALSE
"Andrena.imitatrix","M_073","Andrena","Andrenidae",4.49,8,"Pequena",FALSE
"Andrena.spiraeana","M_073","Andrena","Andrenidae",1.94,8,"Pequena",FALSE
"Andrena.vicina","M_073","Andrena","Andrenidae",2.54,8,"Pequena",FALSE
"Anthophora.abrupta","M_073","Anthophora","Andrenidae",3.9,8,"Pequena",FALSE
"Apis.mellifera","M_073","Apis","Apidae",2.9,8,"Pequena",FALSE
"Augochlora.pura","M_073","Augochlora","Halictidae",1.64,8,"Pequena",FALSE
"Augochlorella.aurata","M_073","","Halictidae",1.405,8,"Pequena",FALSE
"Bombus.bimaculatus","M_073","Bombus","Apidae",4.07,8,"Pequena",FALSE
"Bombus.griseocollis","M_073","Bombus","Apidae",4.87,8,"Pequena",FALSE
"Bombus.impatiens","M_073","Bombus","Apidae",4.42,8,"Pequena",FALSE
"Bombus.impatiens","M_073","Bombus","Apidae",3.38,8,"Pequena",FALSE
"Ceratina.calcarata","M_073","Ceratina","Apidae",1.41,8,"Pequena",FALSE
"Halictus.confusus","M_073","Halictus","Halictidae",1.41,8,"Pequena",FALSE
"Lasioglossum.cressonii","M_073","Lasioglossum","Halictidae",1.29,8,"Pequena",FALSE
"Lasioglossum.ephialtum","M_073","Lasioglossum","Halictidae",1.2,8,"Pequena",FALSE
"Lasioglossum.fuscipenne","M_073","Lasioglossum","Halictidae",2.1,8,"Pequena",FALSE
"Lasioglossum.hitchensi","M_073","Lasioglossum","Halictidae",1.16,8,"Pequena",FALSE
"Lasioglossum.imitatum","M_073","Lasioglossum","Halictidae",0.98,8,"Pequena",FALSE
"Lasioglossum.macoupinens","M_073","Lasioglossum","Halictidae",1.19,8,"Pequena",FALSE
"Lasioglossum.oblongum","M_073","Lasioglossum","Halictidae",1.23,8,"Pequena",FALSE
"Lasioglossum.obscurum","M_073","Lasioglossum","Halictidae",1.17,8,"Pequena",FALSE
"Lasioglossum.subviridatum","M_073","Lasioglossum","Halictidae",1.2,8,"Pequena",FALSE
"Lasioglossum.tegulare","M_073","Lasioglossum","Halictidae",0.94,8,"Pequena",FALSE
"Megachile.mendica","M_073","Megachile","Megachilidae",3.3,8,"Pequena",FALSE
"Andrena.imitatrix","M_073","Andrena","Andrenidae",4.49,9,"Pequena",FALSE
"Andrena.spiraeana","M_073","Andrena","Andrenidae",1.94,9,"Pequena",FALSE
"Andrena.vicina","M_073","Andrena","Andrenidae",2.54,9,"Pequena",FALSE
"Anthophora.abrupta","M_073","Anthophora","Andrenidae",3.9,9,"Pequena",FALSE
"Apis.mellifera","M_073","Apis","Apidae",2.9,9,"Pequena",FALSE
"Augochlora.pura","M_073","Augochlora","Halictidae",1.64,9,"Pequena",FALSE
"Augochlorella.aurata","M_073","","Halictidae",1.405,9,"Pequena",FALSE
"Bombus.bimaculatus","M_073","Bombus","Apidae",4.07,9,"Pequena",FALSE
"Bombus.griseocollis","M_073","Bombus","Apidae",4.87,9,"Pequena",FALSE
"Bombus.impatiens","M_073","Bombus","Apidae",4.42,9,"Pequena",FALSE
"Bombus.impatiens","M_073","Bombus","Apidae",3.38,9,"Pequena",FALSE
"Ceratina.calcarata","M_073","Ceratina","Apidae",1.41,9,"Pequena",FALSE
"Halictus.confusus","M_073","Halictus","Halictidae",1.41,9,"Pequena",FALSE
"Lasioglossum.cressonii","M_073","Lasioglossum","Halictidae",1.29,9,"Pequena",FALSE
"Lasioglossum.ephialtum","M_073","Lasioglossum","Halictidae",1.2,9,"Pequena",FALSE
"Lasioglossum.fuscipenne","M_073","Lasioglossum","Halictidae",2.1,9,"Pequena",FALSE
"Lasioglossum.hitchensi","M_073","Lasioglossum","Halictidae",1.16,9,"Pequena",FALSE
"Lasioglossum.imitatum","M_073","Lasioglossum","Halictidae",0.98,9,"Pequena",FALSE
"Lasioglossum.macoupinens","M_073","Lasioglossum","Halictidae",1.19,9,"Pequena",FALSE
"Lasioglossum.oblongum","M_073","Lasioglossum","Halictidae",1.23,9,"Pequena",FALSE
"Lasioglossum.obscurum","M_073","Lasioglossum","Halictidae",1.17,9,"Pequena",FALSE
"Lasioglossum.subviridatum","M_073","Lasioglossum","Halictidae",1.2,9,"Pequena",FALSE
"Lasioglossum.tegulare","M_073","Lasioglossum","Halictidae",0.94,9,"Pequena",FALSE
"Megachile.mendica","M_073","Megachile","Megachilidae",3.3,9,"Pequena",FALSE
"Andrena.japonica","M_054","Andrena","Andrenidae",1.22,1,"Grande",FALSE
"Anthidium.septemspinosum","M_054","Anthidium","Megachilidae",3,1,"Grande",FALSE
"Apis.cerana.japonica","M_054","Apis","Apidae",2.38,1,"Grande",FALSE
"Apis.mellifera","M_054","Apis","Apidae",2.9,1,"Grande",FALSE
"Bombus.ardens","M_054","Bombus","Apidae",4.98,1,"Grande",FALSE
"Bombus.diversus.diversus","M_054","Bombus","Apidae",5.49,1,"Grande",FALSE
"Bombus.diversus.diversus","M_054","Bombus","Apidae",4.79,1,"Grande",FALSE
"Bombus.hypocrita.hypocrita","M_054","Bombus","Apidae",5.4,1,"Grande",FALSE
"Bombus.ignitus","M_054","Bombus","Apidae",6.3,1,"Grande",FALSE
"Ceratina.flavipes","M_054","Ceratina","Apidae",1.71,1,"Grande",FALSE
"Ceratina.japonica","M_054","Ceratina","Apidae",1.22,1,"Grande",FALSE
"Lasioglossum.occidens","M_054","Lasioglossum","Halictidae",2.26,1,"Grande",FALSE
"Lasioglossum.proximatum","M_054","Lasioglossum","Halictidae",2.43,1,"Grande",FALSE
"Lasioglossum.scitulum","M_054","Lasioglossum","Halictidae",2.31,1,"Grande",FALSE
"Andrena.japonica","M_054","Andrena","Andrenidae",1.22,2,"Pequena",TRUE
"Anthidium.septemspinosum","M_054","Anthidium","Megachilidae",3,2,"Grande",TRUE
"Apis.cerana.japonica","M_054","Apis","Apidae",2.38,2,"Grande",TRUE
"Apis.mellifera","M_054","Apis","Apidae",2.9,2,"Grande",TRUE
"Bombus.ardens","M_054","Bombus","Apidae",4.98,2,"Grande",TRUE
"Bombus.diversus.diversus","M_054","Bombus","Apidae",5.49,2,"Grande",TRUE
"Bombus.diversus.diversus","M_054","Bombus","Apidae",4.79,2,"Grande",TRUE
"Bombus.hypocrita.hypocrita","M_054","Bombus","Apidae",5.4,2,"Grande",TRUE
"Bombus.ignitus","M_054","Bombus","Apidae",6.3,2,"Grande",TRUE
"Ceratina.flavipes","M_054","Ceratina","Apidae",1.71,2,"Pequena",TRUE
"Ceratina.japonica","M_054","Ceratina","Apidae",1.22,2,"Pequena",TRUE
"Lasioglossum.occidens","M_054","Lasioglossum","Halictidae",2.26,2,"Grande",TRUE
"Lasioglossum.proximatum","M_054","Lasioglossum","Halictidae",2.43,2,"Grande",TRUE
"Lasioglossum.scitulum","M_054","Lasioglossum","Halictidae",2.31,2,"Grande",TRUE
"Andrena.japonica","M_054","Andrena","Andrenidae",1.22,3,"Pequena",TRUE
"Anthidium.septemspinosum","M_054","Anthidium","Megachilidae",3,3,"Pequena",TRUE
"Apis.cerana.japonica","M_054","Apis","Apidae",2.38,3,"Pequena",TRUE
"Apis.mellifera","M_054","Apis","Apidae",2.9,3,"Pequena",TRUE
"Bombus.ardens","M_054","Bombus","Apidae",4.98,3,"Grande",TRUE
"Bombus.diversus.diversus","M_054","Bombus","Apidae",5.49,3,"Grande",TRUE
"Bombus.diversus.diversus","M_054","Bombus","Apidae",4.79,3,"Grande",TRUE
"Bombus.hypocrita.hypocrita","M_054","Bombus","Apidae",5.4,3,"Grande",TRUE
"Bombus.ignitus","M_054","Bombus","Apidae",6.3,3,"Grande",TRUE
"Ceratina.flavipes","M_054","Ceratina","Apidae",1.71,3,"Pequena",TRUE
"Ceratina.japonica","M_054","Ceratina","Apidae",1.22,3,"Pequena",TRUE
"Lasioglossum.occidens","M_054","Lasioglossum","Halictidae",2.26,3,"Pequena",TRUE
"Lasioglossum.proximatum","M_054","Lasioglossum","Halictidae",2.43,3,"Pequena",TRUE
"Lasioglossum.scitulum","M_054","Lasioglossum","Halictidae",2.31,3,"Pequena",TRUE
"Andrena.japonica","M_054","Andrena","Andrenidae",1.22,4,"Pequena",TRUE
"Anthidium.septemspinosum","M_054","Anthidium","Megachilidae",3,4,"Pequena",TRUE
"Apis.cerana.japonica","M_054","Apis","Apidae",2.38,4,"Pequena",TRUE
"Apis.mellifera","M_054","Apis","Apidae",2.9,4,"Pequena",TRUE
"Bombus.ardens","M_054","Bombus","Apidae",4.98,4,"Grande",TRUE
"Bombus.diversus.diversus","M_054","Bombus","Apidae",5.49,4,"Grande",TRUE
"Bombus.diversus.diversus","M_054","Bombus","Apidae",4.79,4,"Grande",TRUE
"Bombus.hypocrita.hypocrita","M_054","Bombus","Apidae",5.4,4,"Grande",TRUE
"Bombus.ignitus","M_054","Bombus","Apidae",6.3,4,"Grande",TRUE
"Ceratina.flavipes","M_054","Ceratina","Apidae",1.71,4,"Pequena",TRUE
"Ceratina.japonica","M_054","Ceratina","Apidae",1.22,4,"Pequena",TRUE
"Lasioglossum.occidens","M_054","Lasioglossum","Halictidae",2.26,4,"Pequena",TRUE
"Lasioglossum.proximatum","M_054","Lasioglossum","Halictidae",2.43,4,"Pequena",TRUE
"Lasioglossum.scitulum","M_054","Lasioglossum","Halictidae",2.31,4,"Pequena",TRUE
"Andrena.japonica","M_054","Andrena","Andrenidae",1.22,5,"Pequena",TRUE
"Anthidium.septemspinosum","M_054","Anthidium","Megachilidae",3,5,"Pequena",TRUE
"Apis.cerana.japonica","M_054","Apis","Apidae",2.38,5,"Pequena",TRUE
"Apis.mellifera","M_054","Apis","Apidae",2.9,5,"Pequena",TRUE
"Bombus.ardens","M_054","Bombus","Apidae",4.98,5,"Pequena",TRUE
"Bombus.diversus.diversus","M_054","Bombus","Apidae",5.49,5,"Grande",TRUE
"Bombus.diversus.diversus","M_054","Bombus","Apidae",4.79,5,"Pequena",TRUE
"Bombus.hypocrita.hypocrita","M_054","Bombus","Apidae",5.4,5,"Grande",TRUE
"Bombus.ignitus","M_054","Bombus","Apidae",6.3,5,"Grande",TRUE
"Ceratina.flavipes","M_054","Ceratina","Apidae",1.71,5,"Pequena",TRUE
"Ceratina.japonica","M_054","Ceratina","Apidae",1.22,5,"Pequena",TRUE
"Lasioglossum.occidens","M_054","Lasioglossum","Halictidae",2.26,5,"Pequena",TRUE
"Lasioglossum.proximatum","M_054","Lasioglossum","Halictidae",2.43,5,"Pequena",TRUE
"Lasioglossum.scitulum","M_054","Lasioglossum","Halictidae",2.31,5,"Pequena",TRUE
"Andrena.japonica","M_054","Andrena","Andrenidae",1.22,6,"Pequena",FALSE
"Anthidium.septemspinosum","M_054","Anthidium","Megachilidae",3,6,"Pequena",FALSE
"Apis.cerana.japonica","M_054","Apis","Apidae",2.38,6,"Pequena",FALSE
"Apis.mellifera","M_054","Apis","Apidae",2.9,6,"Pequena",FALSE
"Bombus.ardens","M_054","Bombus","Apidae",4.98,6,"Pequena",FALSE
"Bombus.diversus.diversus","M_054","Bombus","Apidae",5.49,6,"Pequena",FALSE
"Bombus.diversus.diversus","M_054","Bombus","Apidae",4.79,6,"Pequena",FALSE
"Bombus.hypocrita.hypocrita","M_054","Bombus","Apidae",5.4,6,"Pequena",FALSE
"Bombus.ignitus","M_054","Bombus","Apidae",6.3,6,"Grande",FALSE
"Ceratina.flavipes","M_054","Ceratina","Apidae",1.71,6,"Pequena",FALSE
"Ceratina.japonica","M_054","Ceratina","Apidae",1.22,6,"Pequena",FALSE
"Lasioglossum.occidens","M_054","Lasioglossum","Halictidae",2.26,6,"Pequena",FALSE
"Lasioglossum.proximatum","M_054","Lasioglossum","Halictidae",2.43,6,"Pequena",FALSE
"Lasioglossum.scitulum","M_054","Lasioglossum","Halictidae",2.31,6,"Pequena",FALSE
"Andrena.japonica","M_054","Andrena","Andrenidae",1.22,7,"Pequena",FALSE
"Anthidium.septemspinosum","M_054","Anthidium","Megachilidae",3,7,"Pequena",FALSE
"Apis.cerana.japonica","M_054","Apis","Apidae",2.38,7,"Pequena",FALSE
"Apis.mellifera","M_054","Apis","Apidae",2.9,7,"Pequena",FALSE
"Bombus.ardens","M_054","Bombus","Apidae",4.98,7,"Pequena",FALSE
"Bombus.diversus.diversus","M_054","Bombus","Apidae",5.49,7,"Pequena",FALSE
"Bombus.diversus.diversus","M_054","Bombus","Apidae",4.79,7,"Pequena",FALSE
"Bombus.hypocrita.hypocrita","M_054","Bombus","Apidae",5.4,7,"Pequena",FALSE
"Bombus.ignitus","M_054","Bombus","Apidae",6.3,7,"Pequena",FALSE
"Ceratina.flavipes","M_054","Ceratina","Apidae",1.71,7,"Pequena",FALSE
"Ceratina.japonica","M_054","Ceratina","Apidae",1.22,7,"Pequena",FALSE
"Lasioglossum.occidens","M_054","Lasioglossum","Halictidae",2.26,7,"Pequena",FALSE
"Lasioglossum.proximatum","M_054","Lasioglossum","Halictidae",2.43,7,"Pequena",FALSE
"Lasioglossum.scitulum","M_054","Lasioglossum","Halictidae",2.31,7,"Pequena",FALSE
"Andrena.japonica","M_054","Andrena","Andrenidae",1.22,8,"Pequena",FALSE
"Anthidium.septemspinosum","M_054","Anthidium","Megachilidae",3,8,"Pequena",FALSE
"Apis.cerana.japonica","M_054","Apis","Apidae",2.38,8,"Pequena",FALSE
"Apis.mellifera","M_054","Apis","Apidae",2.9,8,"Pequena",FALSE
"Bombus.ardens","M_054","Bombus","Apidae",4.98,8,"Pequena",FALSE
"Bombus.diversus.diversus","M_054","Bombus","Apidae",5.49,8,"Pequena",FALSE
"Bombus.diversus.diversus","M_054","Bombus","Apidae",4.79,8,"Pequena",FALSE
"Bombus.hypocrita.hypocrita","M_054","Bombus","Apidae",5.4,8,"Pequena",FALSE
"Bombus.ignitus","M_054","Bombus","Apidae",6.3,8,"Pequena",FALSE
"Ceratina.flavipes","M_054","Ceratina","Apidae",1.71,8,"Pequena",FALSE
"Ceratina.japonica","M_054","Ceratina","Apidae",1.22,8,"Pequena",FALSE
"Lasioglossum.occidens","M_054","Lasioglossum","Halictidae",2.26,8,"Pequena",FALSE
"Lasioglossum.proximatum","M_054","Lasioglossum","Halictidae",2.43,8,"Pequena",FALSE
"Lasioglossum.scitulum","M_054","Lasioglossum","Halictidae",2.31,8,"Pequena",FALSE
"Andrena.japonica","M_054","Andrena","Andrenidae",1.22,9,"Pequena",FALSE
"Anthidium.septemspinosum","M_054","Anthidium","Megachilidae",3,9,"Pequena",FALSE
"Apis.cerana.japonica","M_054","Apis","Apidae",2.38,9,"Pequena",FALSE
"Apis.mellifera","M_054","Apis","Apidae",2.9,9,"Pequena",FALSE
"Bombus.ardens","M_054","Bombus","Apidae",4.98,9,"Pequena",FALSE
"Bombus.diversus.diversus","M_054","Bombus","Apidae",5.49,9,"Pequena",FALSE
"Bombus.diversus.diversus","M_054","Bombus","Apidae",4.79,9,"Pequena",FALSE
"Bombus.hypocrita.hypocrita","M_054","Bombus","Apidae",5.4,9,"Pequena",FALSE
"Bombus.ignitus","M_054","Bombus","Apidae",6.3,9,"Pequena",FALSE
"Ceratina.flavipes","M_054","Ceratina","Apidae",1.71,9,"Pequena",FALSE
"Ceratina.japonica","M_054","Ceratina","Apidae",1.22,9,"Pequena",FALSE
"Lasioglossum.occidens","M_054","Lasioglossum","Halictidae",2.26,9,"Pequena",FALSE
"Lasioglossum.proximatum","M_054","Lasioglossum","Halictidae",2.43,9,"Pequena",FALSE
"Lasioglossum.scitulum","M_054","Lasioglossum","Halictidae",2.31,9,"Pequena",FALSE
"Andrena.japonicum","M_055","Andrena","Andrenidae",1.22,1,"Grande",FALSE
"Apis.cerana","M_055","Apis","Apidae",2.38,1,"Grande",FALSE
"Apis.mellifera","M_055","Apis","Apidae",2.9,1,"Grande",FALSE
"Bombus.diversus","M_055","Bombus","Apidae",5.4,1,"Grande",FALSE
"Bombus.diversus","M_055","Bombus","Apidae",5.49,1,"Grande",FALSE
"Bombus.hypocrita","M_055","Bombus","Apidae",5.4,1,"Grande",FALSE
"Ceratina.flavipes","M_055","Ceratina","Apidae",1.71,1,"Grande",FALSE
"Ceratina.japonica","M_055","Ceratina","Apidae",1.22,1,"Grande",FALSE
"Lasioglossum.scitulum","M_055","Lasioglossum","Halictidae",2.31,1,"Grande",FALSE
"Andrena.japonicum","M_055","Andrena","Andrenidae",1.22,2,"Pequena",TRUE
"Apis.cerana","M_055","Apis","Apidae",2.38,2,"Grande",TRUE
"Apis.mellifera","M_055","Apis","Apidae",2.9,2,"Grande",TRUE
"Bombus.diversus","M_055","Bombus","Apidae",5.4,2,"Grande",TRUE
"Bombus.diversus","M_055","Bombus","Apidae",5.49,2,"Grande",TRUE
"Bombus.hypocrita","M_055","Bombus","Apidae",5.4,2,"Grande",TRUE
"Ceratina.flavipes","M_055","Ceratina","Apidae",1.71,2,"Pequena",TRUE
"Ceratina.japonica","M_055","Ceratina","Apidae",1.22,2,"Pequena",TRUE
"Lasioglossum.scitulum","M_055","Lasioglossum","Halictidae",2.31,2,"Grande",TRUE
"Andrena.japonicum","M_055","Andrena","Andrenidae",1.22,3,"Pequena",TRUE
"Apis.cerana","M_055","Apis","Apidae",2.38,3,"Pequena",TRUE
"Apis.mellifera","M_055","Apis","Apidae",2.9,3,"Pequena",TRUE
"Bombus.diversus","M_055","Bombus","Apidae",5.4,3,"Grande",TRUE
"Bombus.diversus","M_055","Bombus","Apidae",5.49,3,"Grande",TRUE
"Bombus.hypocrita","M_055","Bombus","Apidae",5.4,3,"Grande",TRUE
"Ceratina.flavipes","M_055","Ceratina","Apidae",1.71,3,"Pequena",TRUE
"Ceratina.japonica","M_055","Ceratina","Apidae",1.22,3,"Pequena",TRUE
"Lasioglossum.scitulum","M_055","Lasioglossum","Halictidae",2.31,3,"Pequena",TRUE
"Andrena.japonicum","M_055","Andrena","Andrenidae",1.22,4,"Pequena",TRUE
"Apis.cerana","M_055","Apis","Apidae",2.38,4,"Pequena",TRUE
"Apis.mellifera","M_055","Apis","Apidae",2.9,4,"Pequena",TRUE
"Bombus.diversus","M_055","Bombus","Apidae",5.4,4,"Grande",TRUE
"Bombus.diversus","M_055","Bombus","Apidae",5.49,4,"Grande",TRUE
"Bombus.hypocrita","M_055","Bombus","Apidae",5.4,4,"Grande",TRUE
"Ceratina.flavipes","M_055","Ceratina","Apidae",1.71,4,"Pequena",TRUE
"Ceratina.japonica","M_055","Ceratina","Apidae",1.22,4,"Pequena",TRUE
"Lasioglossum.scitulum","M_055","Lasioglossum","Halictidae",2.31,4,"Pequena",TRUE
"Andrena.japonicum","M_055","Andrena","Andrenidae",1.22,5,"Pequena",TRUE
"Apis.cerana","M_055","Apis","Apidae",2.38,5,"Pequena",TRUE
"Apis.mellifera","M_055","Apis","Apidae",2.9,5,"Pequena",TRUE
"Bombus.diversus","M_055","Bombus","Apidae",5.4,5,"Grande",TRUE
"Bombus.diversus","M_055","Bombus","Apidae",5.49,5,"Grande",TRUE
"Bombus.hypocrita","M_055","Bombus","Apidae",5.4,5,"Grande",TRUE
"Ceratina.flavipes","M_055","Ceratina","Apidae",1.71,5,"Pequena",TRUE
"Ceratina.japonica","M_055","Ceratina","Apidae",1.22,5,"Pequena",TRUE
"Lasioglossum.scitulum","M_055","Lasioglossum","Halictidae",2.31,5,"Pequena",TRUE
"Andrena.japonicum","M_055","Andrena","Andrenidae",1.22,6,"Pequena",FALSE
"Apis.cerana","M_055","Apis","Apidae",2.38,6,"Pequena",FALSE
"Apis.mellifera","M_055","Apis","Apidae",2.9,6,"Pequena",FALSE
"Bombus.diversus","M_055","Bombus","Apidae",5.4,6,"Pequena",FALSE
"Bombus.diversus","M_055","Bombus","Apidae",5.49,6,"Pequena",FALSE
"Bombus.hypocrita","M_055","Bombus","Apidae",5.4,6,"Pequena",FALSE
"Ceratina.flavipes","M_055","Ceratina","Apidae",1.71,6,"Pequena",FALSE
"Ceratina.japonica","M_055","Ceratina","Apidae",1.22,6,"Pequena",FALSE
"Lasioglossum.scitulum","M_055","Lasioglossum","Halictidae",2.31,6,"Pequena",FALSE
"Andrena.japonicum","M_055","Andrena","Andrenidae",1.22,7,"Pequena",FALSE
"Apis.cerana","M_055","Apis","Apidae",2.38,7,"Pequena",FALSE
"Apis.mellifera","M_055","Apis","Apidae",2.9,7,"Pequena",FALSE
"Bombus.diversus","M_055","Bombus","Apidae",5.4,7,"Pequena",FALSE
"Bombus.diversus","M_055","Bombus","Apidae",5.49,7,"Pequena",FALSE
"Bombus.hypocrita","M_055","Bombus","Apidae",5.4,7,"Pequena",FALSE
"Ceratina.flavipes","M_055","Ceratina","Apidae",1.71,7,"Pequena",FALSE
"Ceratina.japonica","M_055","Ceratina","Apidae",1.22,7,"Pequena",FALSE
"Lasioglossum.scitulum","M_055","Lasioglossum","Halictidae",2.31,7,"Pequena",FALSE
"Andrena.japonicum","M_055","Andrena","Andrenidae",1.22,8,"Pequena",FALSE
"Apis.cerana","M_055","Apis","Apidae",2.38,8,"Pequena",FALSE
"Apis.mellifera","M_055","Apis","Apidae",2.9,8,"Pequena",FALSE
"Bombus.diversus","M_055","Bombus","Apidae",5.4,8,"Pequena",FALSE
"Bombus.diversus","M_055","Bombus","Apidae",5.49,8,"Pequena",FALSE
"Bombus.hypocrita","M_055","Bombus","Apidae",5.4,8,"Pequena",FALSE
"Ceratina.flavipes","M_055","Ceratina","Apidae",1.71,8,"Pequena",FALSE
"Ceratina.japonica","M_055","Ceratina","Apidae",1.22,8,"Pequena",FALSE
"Lasioglossum.scitulum","M_055","Lasioglossum","Halictidae",2.31,8,"Pequena",FALSE
"Andrena.japonicum","M_055","Andrena","Andrenidae",1.22,9,"Pequena",FALSE
"Apis.cerana","M_055","Apis","Apidae",2.38,9,"Pequena",FALSE
"Apis.mellifera","M_055","Apis","Apidae",2.9,9,"Pequena",FALSE
"Bombus.diversus","M_055","Bombus","Apidae",5.4,9,"Pequena",FALSE
"Bombus.diversus","M_055","Bombus","Apidae",5.49,9,"Pequena",FALSE
"Bombus.hypocrita","M_055","Bombus","Apidae",5.4,9,"Pequena",FALSE
"Ceratina.flavipes","M_055","Ceratina","Apidae",1.71,9,"Pequena",FALSE
"Ceratina.japonica","M_055","Ceratina","Apidae",1.22,9,"Pequena",FALSE
"Lasioglossum.scitulum","M_055","Lasioglossum","Halictidae",2.31,9,"Pequena",FALSE
"Andrena.lapponica","M_056","Andrena","Andrenidae",2.66,1,"Grande",FALSE
"Andrena.longitibialis","M_056","Andrena","Andrenidae",1.59,1,"Grande",FALSE
"Apis.mellifera","M_056","Apis","Apidae",2.9,1,"Grande",FALSE
"Bombus.ardens","M_056","Bombus","Apidae",4.98,1,"Grande",FALSE
"Bombus.diversus","M_056","Bombus","Apidae",5.4,1,"Grande",FALSE
"Bombus.diversus","M_056","Bombus","Apidae",5.49,1,"Grande",FALSE
"Bombus.honshuensis","M_056","Bombus","Apidae",6.1,1,"Grande",FALSE
"Bombus.hypocrita","M_056","Bombus","Apidae",5.4,1,"Grande",FALSE
"Lasioglossum.albipes","M_056","Lasioglossum","Halictidae",1.62,1,"Grande",FALSE
"Lasioglossum.proximatum","M_056","Lasioglossum","Halictidae",2.43,1,"Grande",FALSE
"Lasioglossum.sp.K1","M_056","Lasioglossum","Halictidae",1.47,1,"Grande",FALSE
"Lasioglossum.sp.K2","M_056","Lasioglossum","Halictidae",1.47,1,"Grande",FALSE
"Andrena.lapponica","M_056","Andrena","Andrenidae",2.66,2,"Grande",TRUE
"Andrena.longitibialis","M_056","Andrena","Andrenidae",1.59,2,"Pequena",TRUE
"Apis.mellifera","M_056","Apis","Apidae",2.9,2,"Grande",TRUE
"Bombus.ardens","M_056","Bombus","Apidae",4.98,2,"Grande",TRUE
"Bombus.diversus","M_056","Bombus","Apidae",5.4,2,"Grande",TRUE
"Bombus.diversus","M_056","Bombus","Apidae",5.49,2,"Grande",TRUE
"Bombus.honshuensis","M_056","Bombus","Apidae",6.1,2,"Grande",TRUE
"Bombus.hypocrita","M_056","Bombus","Apidae",5.4,2,"Grande",TRUE
"Lasioglossum.albipes","M_056","Lasioglossum","Halictidae",1.62,2,"Pequena",TRUE
"Lasioglossum.proximatum","M_056","Lasioglossum","Halictidae",2.43,2,"Grande",TRUE
"Lasioglossum.sp.K1","M_056","Lasioglossum","Halictidae",1.47,2,"Pequena",TRUE
"Lasioglossum.sp.K2","M_056","Lasioglossum","Halictidae",1.47,2,"Pequena",TRUE
"Andrena.lapponica","M_056","Andrena","Andrenidae",2.66,3,"Pequena",TRUE
"Andrena.longitibialis","M_056","Andrena","Andrenidae",1.59,3,"Pequena",TRUE
"Apis.mellifera","M_056","Apis","Apidae",2.9,3,"Pequena",TRUE
"Bombus.ardens","M_056","Bombus","Apidae",4.98,3,"Grande",TRUE
"Bombus.diversus","M_056","Bombus","Apidae",5.4,3,"Grande",TRUE
"Bombus.diversus","M_056","Bombus","Apidae",5.49,3,"Grande",TRUE
"Bombus.honshuensis","M_056","Bombus","Apidae",6.1,3,"Grande",TRUE
"Bombus.hypocrita","M_056","Bombus","Apidae",5.4,3,"Grande",TRUE
"Lasioglossum.albipes","M_056","Lasioglossum","Halictidae",1.62,3,"Pequena",TRUE
"Lasioglossum.proximatum","M_056","Lasioglossum","Halictidae",2.43,3,"Pequena",TRUE
"Lasioglossum.sp.K1","M_056","Lasioglossum","Halictidae",1.47,3,"Pequena",TRUE
"Lasioglossum.sp.K2","M_056","Lasioglossum","Halictidae",1.47,3,"Pequena",TRUE
"Andrena.lapponica","M_056","Andrena","Andrenidae",2.66,4,"Pequena",TRUE
"Andrena.longitibialis","M_056","Andrena","Andrenidae",1.59,4,"Pequena",TRUE
"Apis.mellifera","M_056","Apis","Apidae",2.9,4,"Pequena",TRUE
"Bombus.ardens","M_056","Bombus","Apidae",4.98,4,"Grande",TRUE
"Bombus.diversus","M_056","Bombus","Apidae",5.4,4,"Grande",TRUE
"Bombus.diversus","M_056","Bombus","Apidae",5.49,4,"Grande",TRUE
"Bombus.honshuensis","M_056","Bombus","Apidae",6.1,4,"Grande",TRUE
"Bombus.hypocrita","M_056","Bombus","Apidae",5.4,4,"Grande",TRUE
"Lasioglossum.albipes","M_056","Lasioglossum","Halictidae",1.62,4,"Pequena",TRUE
"Lasioglossum.proximatum","M_056","Lasioglossum","Halictidae",2.43,4,"Pequena",TRUE
"Lasioglossum.sp.K1","M_056","Lasioglossum","Halictidae",1.47,4,"Pequena",TRUE
"Lasioglossum.sp.K2","M_056","Lasioglossum","Halictidae",1.47,4,"Pequena",TRUE
"Andrena.lapponica","M_056","Andrena","Andrenidae",2.66,5,"Pequena",TRUE
"Andrena.longitibialis","M_056","Andrena","Andrenidae",1.59,5,"Pequena",TRUE
"Apis.mellifera","M_056","Apis","Apidae",2.9,5,"Pequena",TRUE
"Bombus.ardens","M_056","Bombus","Apidae",4.98,5,"Pequena",TRUE
"Bombus.diversus","M_056","Bombus","Apidae",5.4,5,"Grande",TRUE
"Bombus.diversus","M_056","Bombus","Apidae",5.49,5,"Grande",TRUE
"Bombus.honshuensis","M_056","Bombus","Apidae",6.1,5,"Grande",TRUE
"Bombus.hypocrita","M_056","Bombus","Apidae",5.4,5,"Grande",TRUE
"Lasioglossum.albipes","M_056","Lasioglossum","Halictidae",1.62,5,"Pequena",TRUE
"Lasioglossum.proximatum","M_056","Lasioglossum","Halictidae",2.43,5,"Pequena",TRUE
"Lasioglossum.sp.K1","M_056","Lasioglossum","Halictidae",1.47,5,"Pequena",TRUE
"Lasioglossum.sp.K2","M_056","Lasioglossum","Halictidae",1.47,5,"Pequena",TRUE
"Andrena.lapponica","M_056","Andrena","Andrenidae",2.66,6,"Pequena",FALSE
"Andrena.longitibialis","M_056","Andrena","Andrenidae",1.59,6,"Pequena",FALSE
"Apis.mellifera","M_056","Apis","Apidae",2.9,6,"Pequena",FALSE
"Bombus.ardens","M_056","Bombus","Apidae",4.98,6,"Pequena",FALSE
"Bombus.diversus","M_056","Bombus","Apidae",5.4,6,"Pequena",FALSE
"Bombus.diversus","M_056","Bombus","Apidae",5.49,6,"Pequena",FALSE
"Bombus.honshuensis","M_056","Bombus","Apidae",6.1,6,"Grande",FALSE
"Bombus.hypocrita","M_056","Bombus","Apidae",5.4,6,"Pequena",FALSE
"Lasioglossum.albipes","M_056","Lasioglossum","Halictidae",1.62,6,"Pequena",FALSE
"Lasioglossum.proximatum","M_056","Lasioglossum","Halictidae",2.43,6,"Pequena",FALSE
"Lasioglossum.sp.K1","M_056","Lasioglossum","Halictidae",1.47,6,"Pequena",FALSE
"Lasioglossum.sp.K2","M_056","Lasioglossum","Halictidae",1.47,6,"Pequena",FALSE
"Andrena.lapponica","M_056","Andrena","Andrenidae",2.66,7,"Pequena",FALSE
"Andrena.longitibialis","M_056","Andrena","Andrenidae",1.59,7,"Pequena",FALSE
"Apis.mellifera","M_056","Apis","Apidae",2.9,7,"Pequena",FALSE
"Bombus.ardens","M_056","Bombus","Apidae",4.98,7,"Pequena",FALSE
"Bombus.diversus","M_056","Bombus","Apidae",5.4,7,"Pequena",FALSE
"Bombus.diversus","M_056","Bombus","Apidae",5.49,7,"Pequena",FALSE
"Bombus.honshuensis","M_056","Bombus","Apidae",6.1,7,"Pequena",FALSE
"Bombus.hypocrita","M_056","Bombus","Apidae",5.4,7,"Pequena",FALSE
"Lasioglossum.albipes","M_056","Lasioglossum","Halictidae",1.62,7,"Pequena",FALSE
"Lasioglossum.proximatum","M_056","Lasioglossum","Halictidae",2.43,7,"Pequena",FALSE
"Lasioglossum.sp.K1","M_056","Lasioglossum","Halictidae",1.47,7,"Pequena",FALSE
"Lasioglossum.sp.K2","M_056","Lasioglossum","Halictidae",1.47,7,"Pequena",FALSE
"Andrena.lapponica","M_056","Andrena","Andrenidae",2.66,8,"Pequena",FALSE
"Andrena.longitibialis","M_056","Andrena","Andrenidae",1.59,8,"Pequena",FALSE
"Apis.mellifera","M_056","Apis","Apidae",2.9,8,"Pequena",FALSE
"Bombus.ardens","M_056","Bombus","Apidae",4.98,8,"Pequena",FALSE
"Bombus.diversus","M_056","Bombus","Apidae",5.4,8,"Pequena",FALSE
"Bombus.diversus","M_056","Bombus","Apidae",5.49,8,"Pequena",FALSE
"Bombus.honshuensis","M_056","Bombus","Apidae",6.1,8,"Pequena",FALSE
"Bombus.hypocrita","M_056","Bombus","Apidae",5.4,8,"Pequena",FALSE
"Lasioglossum.albipes","M_056","Lasioglossum","Halictidae",1.62,8,"Pequena",FALSE
"Lasioglossum.proximatum","M_056","Lasioglossum","Halictidae",2.43,8,"Pequena",FALSE
"Lasioglossum.sp.K1","M_056","Lasioglossum","Halictidae",1.47,8,"Pequena",FALSE
"Lasioglossum.sp.K2","M_056","Lasioglossum","Halictidae",1.47,8,"Pequena",FALSE
"Andrena.lapponica","M_056","Andrena","Andrenidae",2.66,9,"Pequena",FALSE
"Andrena.longitibialis","M_056","Andrena","Andrenidae",1.59,9,"Pequena",FALSE
"Apis.mellifera","M_056","Apis","Apidae",2.9,9,"Pequena",FALSE
"Bombus.ardens","M_056","Bombus","Apidae",4.98,9,"Pequena",FALSE
"Bombus.diversus","M_056","Bombus","Apidae",5.4,9,"Pequena",FALSE
"Bombus.diversus","M_056","Bombus","Apidae",5.49,9,"Pequena",FALSE
"Bombus.honshuensis","M_056","Bombus","Apidae",6.1,9,"Pequena",FALSE
"Bombus.hypocrita","M_056","Bombus","Apidae",5.4,9,"Pequena",FALSE
"Lasioglossum.albipes","M_056","Lasioglossum","Halictidae",1.62,9,"Pequena",FALSE
"Lasioglossum.proximatum","M_056","Lasioglossum","Halictidae",2.43,9,"Pequena",FALSE
"Lasioglossum.sp.K1","M_056","Lasioglossum","Halictidae",1.47,9,"Pequena",FALSE
"Lasioglossum.sp.K2","M_056","Lasioglossum","Halictidae",1.47,9,"Pequena",FALSE
"Andrena.longitibialis","M_053","Andrena","Andrenidae",1.59,1,"Grande",FALSE
"Andrena.minutula","M_053","Andrena","Andrenidae",1.59,1,"Grande",FALSE
"Andrena.minutula","M_053","Andrena","Andrenidae",1.5,1,"Grande",FALSE
"Andrena.taraxaci","M_053","Andrena","Andrenidae",1.68,1,"Grande",FALSE
"Apis.cerana","M_053","Apis","Apidae",2.38,1,"Grande",FALSE
"Apis.mellifera","M_053","Apis","Apidae",2.9,1,"Grande",FALSE
"Bombus.ardens","M_053","Bombus","Apidae",4.98,1,"Grande",FALSE
"Bombus.diversus","M_053","Bombus","Apidae",5.4,1,"Grande",FALSE
"Bombus.diversus","M_053","Bombus","Apidae",5.49,1,"Grande",FALSE
"Bombus.ignitus","M_053","Bombus","Apidae",6.3,1,"Grande",FALSE
"Ceratina.flavipes","M_053","Ceratina","Apidae",1.71,1,"Grande",FALSE
"Ceratina.japonica","M_053","Ceratina","Apidae",1.22,1,"Grande",FALSE
"Lasioglossum.occidens","M_053","Lasioglossum","Halictidae",2.26,1,"Grande",FALSE
"Andrena.longitibialis","M_053","Andrena","Andrenidae",1.59,2,"Pequena",TRUE
"Andrena.minutula","M_053","Andrena","Andrenidae",1.59,2,"Pequena",TRUE
"Andrena.minutula","M_053","Andrena","Andrenidae",1.5,2,"Pequena",TRUE
"Andrena.taraxaci","M_053","Andrena","Andrenidae",1.68,2,"Pequena",TRUE
"Apis.cerana","M_053","Apis","Apidae",2.38,2,"Grande",TRUE
"Apis.mellifera","M_053","Apis","Apidae",2.9,2,"Grande",TRUE
"Bombus.ardens","M_053","Bombus","Apidae",4.98,2,"Grande",TRUE
"Bombus.diversus","M_053","Bombus","Apidae",5.4,2,"Grande",TRUE
"Bombus.diversus","M_053","Bombus","Apidae",5.49,2,"Grande",TRUE
"Bombus.ignitus","M_053","Bombus","Apidae",6.3,2,"Grande",TRUE
"Ceratina.flavipes","M_053","Ceratina","Apidae",1.71,2,"Pequena",TRUE
"Ceratina.japonica","M_053","Ceratina","Apidae",1.22,2,"Pequena",TRUE
"Lasioglossum.occidens","M_053","Lasioglossum","Halictidae",2.26,2,"Grande",TRUE
"Andrena.longitibialis","M_053","Andrena","Andrenidae",1.59,3,"Pequena",TRUE
"Andrena.minutula","M_053","Andrena","Andrenidae",1.59,3,"Pequena",TRUE
"Andrena.minutula","M_053","Andrena","Andrenidae",1.5,3,"Pequena",TRUE
"Andrena.taraxaci","M_053","Andrena","Andrenidae",1.68,3,"Pequena",TRUE
"Apis.cerana","M_053","Apis","Apidae",2.38,3,"Pequena",TRUE
"Apis.mellifera","M_053","Apis","Apidae",2.9,3,"Pequena",TRUE
"Bombus.ardens","M_053","Bombus","Apidae",4.98,3,"Grande",TRUE
"Bombus.diversus","M_053","Bombus","Apidae",5.4,3,"Grande",TRUE
"Bombus.diversus","M_053","Bombus","Apidae",5.49,3,"Grande",TRUE
"Bombus.ignitus","M_053","Bombus","Apidae",6.3,3,"Grande",TRUE
"Ceratina.flavipes","M_053","Ceratina","Apidae",1.71,3,"Pequena",TRUE
"Ceratina.japonica","M_053","Ceratina","Apidae",1.22,3,"Pequena",TRUE
"Lasioglossum.occidens","M_053","Lasioglossum","Halictidae",2.26,3,"Pequena",TRUE
"Andrena.longitibialis","M_053","Andrena","Andrenidae",1.59,4,"Pequena",TRUE
"Andrena.minutula","M_053","Andrena","Andrenidae",1.59,4,"Pequena",TRUE
"Andrena.minutula","M_053","Andrena","Andrenidae",1.5,4,"Pequena",TRUE
"Andrena.taraxaci","M_053","Andrena","Andrenidae",1.68,4,"Pequena",TRUE
"Apis.cerana","M_053","Apis","Apidae",2.38,4,"Pequena",TRUE
"Apis.mellifera","M_053","Apis","Apidae",2.9,4,"Pequena",TRUE
"Bombus.ardens","M_053","Bombus","Apidae",4.98,4,"Grande",TRUE
"Bombus.diversus","M_053","Bombus","Apidae",5.4,4,"Grande",TRUE
"Bombus.diversus","M_053","Bombus","Apidae",5.49,4,"Grande",TRUE
"Bombus.ignitus","M_053","Bombus","Apidae",6.3,4,"Grande",TRUE
"Ceratina.flavipes","M_053","Ceratina","Apidae",1.71,4,"Pequena",TRUE
"Ceratina.japonica","M_053","Ceratina","Apidae",1.22,4,"Pequena",TRUE
"Lasioglossum.occidens","M_053","Lasioglossum","Halictidae",2.26,4,"Pequena",TRUE
"Andrena.longitibialis","M_053","Andrena","Andrenidae",1.59,5,"Pequena",TRUE
"Andrena.minutula","M_053","Andrena","Andrenidae",1.59,5,"Pequena",TRUE
"Andrena.minutula","M_053","Andrena","Andrenidae",1.5,5,"Pequena",TRUE
"Andrena.taraxaci","M_053","Andrena","Andrenidae",1.68,5,"Pequena",TRUE
"Apis.cerana","M_053","Apis","Apidae",2.38,5,"Pequena",TRUE
"Apis.mellifera","M_053","Apis","Apidae",2.9,5,"Pequena",TRUE
"Bombus.ardens","M_053","Bombus","Apidae",4.98,5,"Pequena",TRUE
"Bombus.diversus","M_053","Bombus","Apidae",5.4,5,"Grande",TRUE
"Bombus.diversus","M_053","Bombus","Apidae",5.49,5,"Grande",TRUE
"Bombus.ignitus","M_053","Bombus","Apidae",6.3,5,"Grande",TRUE
"Ceratina.flavipes","M_053","Ceratina","Apidae",1.71,5,"Pequena",TRUE
"Ceratina.japonica","M_053","Ceratina","Apidae",1.22,5,"Pequena",TRUE
"Lasioglossum.occidens","M_053","Lasioglossum","Halictidae",2.26,5,"Pequena",TRUE
"Andrena.longitibialis","M_053","Andrena","Andrenidae",1.59,6,"Pequena",FALSE
"Andrena.minutula","M_053","Andrena","Andrenidae",1.59,6,"Pequena",FALSE
"Andrena.minutula","M_053","Andrena","Andrenidae",1.5,6,"Pequena",FALSE
"Andrena.taraxaci","M_053","Andrena","Andrenidae",1.68,6,"Pequena",FALSE
"Apis.cerana","M_053","Apis","Apidae",2.38,6,"Pequena",FALSE
"Apis.mellifera","M_053","Apis","Apidae",2.9,6,"Pequena",FALSE
"Bombus.ardens","M_053","Bombus","Apidae",4.98,6,"Pequena",FALSE
"Bombus.diversus","M_053","Bombus","Apidae",5.4,6,"Pequena",FALSE
"Bombus.diversus","M_053","Bombus","Apidae",5.49,6,"Pequena",FALSE
"Bombus.ignitus","M_053","Bombus","Apidae",6.3,6,"Grande",FALSE
"Ceratina.flavipes","M_053","Ceratina","Apidae",1.71,6,"Pequena",FALSE
"Ceratina.japonica","M_053","Ceratina","Apidae",1.22,6,"Pequena",FALSE
"Lasioglossum.occidens","M_053","Lasioglossum","Halictidae",2.26,6,"Pequena",FALSE
"Andrena.longitibialis","M_053","Andrena","Andrenidae",1.59,7,"Pequena",FALSE
"Andrena.minutula","M_053","Andrena","Andrenidae",1.59,7,"Pequena",FALSE
"Andrena.minutula","M_053","Andrena","Andrenidae",1.5,7,"Pequena",FALSE
"Andrena.taraxaci","M_053","Andrena","Andrenidae",1.68,7,"Pequena",FALSE
"Apis.cerana","M_053","Apis","Apidae",2.38,7,"Pequena",FALSE
"Apis.mellifera","M_053","Apis","Apidae",2.9,7,"Pequena",FALSE
"Bombus.ardens","M_053","Bombus","Apidae",4.98,7,"Pequena",FALSE
"Bombus.diversus","M_053","Bombus","Apidae",5.4,7,"Pequena",FALSE
"Bombus.diversus","M_053","Bombus","Apidae",5.49,7,"Pequena",FALSE
"Bombus.ignitus","M_053","Bombus","Apidae",6.3,7,"Pequena",FALSE
"Ceratina.flavipes","M_053","Ceratina","Apidae",1.71,7,"Pequena",FALSE
"Ceratina.japonica","M_053","Ceratina","Apidae",1.22,7,"Pequena",FALSE
"Lasioglossum.occidens","M_053","Lasioglossum","Halictidae",2.26,7,"Pequena",FALSE
"Andrena.longitibialis","M_053","Andrena","Andrenidae",1.59,8,"Pequena",FALSE
"Andrena.minutula","M_053","Andrena","Andrenidae",1.59,8,"Pequena",FALSE
"Andrena.minutula","M_053","Andrena","Andrenidae",1.5,8,"Pequena",FALSE
"Andrena.taraxaci","M_053","Andrena","Andrenidae",1.68,8,"Pequena",FALSE
"Apis.cerana","M_053","Apis","Apidae",2.38,8,"Pequena",FALSE
"Apis.mellifera","M_053","Apis","Apidae",2.9,8,"Pequena",FALSE
"Bombus.ardens","M_053","Bombus","Apidae",4.98,8,"Pequena",FALSE
"Bombus.diversus","M_053","Bombus","Apidae",5.4,8,"Pequena",FALSE
"Bombus.diversus","M_053","Bombus","Apidae",5.49,8,"Pequena",FALSE
"Bombus.ignitus","M_053","Bombus","Apidae",6.3,8,"Pequena",FALSE
"Ceratina.flavipes","M_053","Ceratina","Apidae",1.71,8,"Pequena",FALSE
"Ceratina.japonica","M_053","Ceratina","Apidae",1.22,8,"Pequena",FALSE
"Lasioglossum.occidens","M_053","Lasioglossum","Halictidae",2.26,8,"Pequena",FALSE
"Andrena.longitibialis","M_053","Andrena","Andrenidae",1.59,9,"Pequena",FALSE
"Andrena.minutula","M_053","Andrena","Andrenidae",1.59,9,"Pequena",FALSE
"Andrena.minutula","M_053","Andrena","Andrenidae",1.5,9,"Pequena",FALSE
"Andrena.taraxaci","M_053","Andrena","Andrenidae",1.68,9,"Pequena",FALSE
"Apis.cerana","M_053","Apis","Apidae",2.38,9,"Pequena",FALSE
"Apis.mellifera","M_053","Apis","Apidae",2.9,9,"Pequena",FALSE
"Bombus.ardens","M_053","Bombus","Apidae",4.98,9,"Pequena",FALSE
"Bombus.diversus","M_053","Bombus","Apidae",5.4,9,"Pequena",FALSE
"Bombus.diversus","M_053","Bombus","Apidae",5.49,9,"Pequena",FALSE
"Bombus.ignitus","M_053","Bombus","Apidae",6.3,9,"Pequena",FALSE
"Ceratina.flavipes","M_053","Ceratina","Apidae",1.71,9,"Pequena",FALSE
"Ceratina.japonica","M_053","Ceratina","Apidae",1.22,9,"Pequena",FALSE
"Lasioglossum.occidens","M_053","Lasioglossum","Halictidae",2.26,9,"Pequena",FALSE
"Andrena.melanochroa","M_004","Andrena","Andrenidae",1.7,1,"Grande",FALSE
"Andrena.miranda","M_004","Andrena","Andrenidae",1.9,1,"Grande",FALSE
"Andrena.nivalis","M_004","Andrena","Andrenidae",2.69,1,"Grande",FALSE
"Andrena.w.scripta","M_004","Andrena","Andrenidae",1.74,1,"Grande",FALSE
"Andrena.wilkella","M_004","Andrena","Andrenidae",2.34,1,"Grande",FALSE
"Bombus.vagans","M_004","Bombus","Apidae",3.56,1,"Grande",FALSE
"Halictus.confusus","M_004","Halictus","Halictidae",1.41,1,"Grande",FALSE
"Halictus.rubicundus","M_004","Halictus","Halictidae",2.21,1,"Grande",FALSE
"Hoplitis.producta","M_004","Hoplitis","Megachilidae",1.56,1,"Grande",FALSE
"Hylaeus.basalis","M_004","Hylaeus","Colletidae",1.85,1,"Grande",FALSE
"Osmia.lignaria","M_004","Osmia","Megachilidae",2.9,1,"Grande",FALSE
"Osmia.proxima","M_004","Osmia","Megachilidae",2.16,1,"Grande",FALSE
"Osmia.pumila","M_004","Osmia","Megachilidae",1.9,1,"Grande",FALSE
"Andrena.melanochroa","M_004","Andrena","Andrenidae",1.7,2,"Pequena",TRUE
"Andrena.miranda","M_004","Andrena","Andrenidae",1.9,2,"Pequena",TRUE
"Andrena.nivalis","M_004","Andrena","Andrenidae",2.69,2,"Grande",TRUE
"Andrena.w.scripta","M_004","Andrena","Andrenidae",1.74,2,"Pequena",TRUE
"Andrena.wilkella","M_004","Andrena","Andrenidae",2.34,2,"Grande",TRUE
"Bombus.vagans","M_004","Bombus","Apidae",3.56,2,"Grande",TRUE
"Halictus.confusus","M_004","Halictus","Halictidae",1.41,2,"Pequena",TRUE
"Halictus.rubicundus","M_004","Halictus","Halictidae",2.21,2,"Grande",TRUE
"Hoplitis.producta","M_004","Hoplitis","Megachilidae",1.56,2,"Pequena",TRUE
"Hylaeus.basalis","M_004","Hylaeus","Colletidae",1.85,2,"Pequena",TRUE
"Osmia.lignaria","M_004","Osmia","Megachilidae",2.9,2,"Grande",TRUE
"Osmia.proxima","M_004","Osmia","Megachilidae",2.16,2,"Grande",TRUE
"Osmia.pumila","M_004","Osmia","Megachilidae",1.9,2,"Pequena",TRUE
"Andrena.melanochroa","M_004","Andrena","Andrenidae",1.7,3,"Pequena",FALSE
"Andrena.miranda","M_004","Andrena","Andrenidae",1.9,3,"Pequena",FALSE
"Andrena.nivalis","M_004","Andrena","Andrenidae",2.69,3,"Pequena",FALSE
"Andrena.w.scripta","M_004","Andrena","Andrenidae",1.74,3,"Pequena",FALSE
"Andrena.wilkella","M_004","Andrena","Andrenidae",2.34,3,"Pequena",FALSE
"Bombus.vagans","M_004","Bombus","Apidae",3.56,3,"Grande",FALSE
"Halictus.confusus","M_004","Halictus","Halictidae",1.41,3,"Pequena",FALSE
"Halictus.rubicundus","M_004","Halictus","Halictidae",2.21,3,"Pequena",FALSE
"Hoplitis.producta","M_004","Hoplitis","Megachilidae",1.56,3,"Pequena",FALSE
"Hylaeus.basalis","M_004","Hylaeus","Colletidae",1.85,3,"Pequena",FALSE
"Osmia.lignaria","M_004","Osmia","Megachilidae",2.9,3,"Pequena",FALSE
"Osmia.proxima","M_004","Osmia","Megachilidae",2.16,3,"Pequena",FALSE
"Osmia.pumila","M_004","Osmia","Megachilidae",1.9,3,"Pequena",FALSE
"Andrena.melanochroa","M_004","Andrena","Andrenidae",1.7,4,"Pequena",FALSE
"Andrena.miranda","M_004","Andrena","Andrenidae",1.9,4,"Pequena",FALSE
"Andrena.nivalis","M_004","Andrena","Andrenidae",2.69,4,"Pequena",FALSE
"Andrena.w.scripta","M_004","Andrena","Andrenidae",1.74,4,"Pequena",FALSE
"Andrena.wilkella","M_004","Andrena","Andrenidae",2.34,4,"Pequena",FALSE
"Bombus.vagans","M_004","Bombus","Apidae",3.56,4,"Pequena",FALSE
"Halictus.confusus","M_004","Halictus","Halictidae",1.41,4,"Pequena",FALSE
"Halictus.rubicundus","M_004","Halictus","Halictidae",2.21,4,"Pequena",FALSE
"Hoplitis.producta","M_004","Hoplitis","Megachilidae",1.56,4,"Pequena",FALSE
"Hylaeus.basalis","M_004","Hylaeus","Colletidae",1.85,4,"Pequena",FALSE
"Osmia.lignaria","M_004","Osmia","Megachilidae",2.9,4,"Pequena",FALSE
"Osmia.proxima","M_004","Osmia","Megachilidae",2.16,4,"Pequena",FALSE
"Osmia.pumila","M_004","Osmia","Megachilidae",1.9,4,"Pequena",FALSE
"Andrena.melanochroa","M_004","Andrena","Andrenidae",1.7,5,"Pequena",FALSE
"Andrena.miranda","M_004","Andrena","Andrenidae",1.9,5,"Pequena",FALSE
"Andrena.nivalis","M_004","Andrena","Andrenidae",2.69,5,"Pequena",FALSE
"Andrena.w.scripta","M_004","Andrena","Andrenidae",1.74,5,"Pequena",FALSE
"Andrena.wilkella","M_004","Andrena","Andrenidae",2.34,5,"Pequena",FALSE
"Bombus.vagans","M_004","Bombus","Apidae",3.56,5,"Pequena",FALSE
"Halictus.confusus","M_004","Halictus","Halictidae",1.41,5,"Pequena",FALSE
"Halictus.rubicundus","M_004","Halictus","Halictidae",2.21,5,"Pequena",FALSE
"Hoplitis.producta","M_004","Hoplitis","Megachilidae",1.56,5,"Pequena",FALSE
"Hylaeus.basalis","M_004","Hylaeus","Colletidae",1.85,5,"Pequena",FALSE
"Osmia.lignaria","M_004","Osmia","Megachilidae",2.9,5,"Pequena",FALSE
"Osmia.proxima","M_004","Osmia","Megachilidae",2.16,5,"Pequena",FALSE
"Osmia.pumila","M_004","Osmia","Megachilidae",1.9,5,"Pequena",FALSE
"Andrena.melanochroa","M_004","Andrena","Andrenidae",1.7,6,"Pequena",FALSE
"Andrena.miranda","M_004","Andrena","Andrenidae",1.9,6,"Pequena",FALSE
"Andrena.nivalis","M_004","Andrena","Andrenidae",2.69,6,"Pequena",FALSE
"Andrena.w.scripta","M_004","Andrena","Andrenidae",1.74,6,"Pequena",FALSE
"Andrena.wilkella","M_004","Andrena","Andrenidae",2.34,6,"Pequena",FALSE
"Bombus.vagans","M_004","Bombus","Apidae",3.56,6,"Pequena",FALSE
"Halictus.confusus","M_004","Halictus","Halictidae",1.41,6,"Pequena",FALSE
"Halictus.rubicundus","M_004","Halictus","Halictidae",2.21,6,"Pequena",FALSE
"Hoplitis.producta","M_004","Hoplitis","Megachilidae",1.56,6,"Pequena",FALSE
"Hylaeus.basalis","M_004","Hylaeus","Colletidae",1.85,6,"Pequena",FALSE
"Osmia.lignaria","M_004","Osmia","Megachilidae",2.9,6,"Pequena",FALSE
"Osmia.proxima","M_004","Osmia","Megachilidae",2.16,6,"Pequena",FALSE
"Osmia.pumila","M_004","Osmia","Megachilidae",1.9,6,"Pequena",FALSE
"Andrena.melanochroa","M_004","Andrena","Andrenidae",1.7,7,"Pequena",FALSE
"Andrena.miranda","M_004","Andrena","Andrenidae",1.9,7,"Pequena",FALSE
"Andrena.nivalis","M_004","Andrena","Andrenidae",2.69,7,"Pequena",FALSE
"Andrena.w.scripta","M_004","Andrena","Andrenidae",1.74,7,"Pequena",FALSE
"Andrena.wilkella","M_004","Andrena","Andrenidae",2.34,7,"Pequena",FALSE
"Bombus.vagans","M_004","Bombus","Apidae",3.56,7,"Pequena",FALSE
"Halictus.confusus","M_004","Halictus","Halictidae",1.41,7,"Pequena",FALSE
"Halictus.rubicundus","M_004","Halictus","Halictidae",2.21,7,"Pequena",FALSE
"Hoplitis.producta","M_004","Hoplitis","Megachilidae",1.56,7,"Pequena",FALSE
"Hylaeus.basalis","M_004","Hylaeus","Colletidae",1.85,7,"Pequena",FALSE
"Osmia.lignaria","M_004","Osmia","Megachilidae",2.9,7,"Pequena",FALSE
"Osmia.proxima","M_004","Osmia","Megachilidae",2.16,7,"Pequena",FALSE
"Osmia.pumila","M_004","Osmia","Megachilidae",1.9,7,"Pequena",FALSE
"Andrena.melanochroa","M_004","Andrena","Andrenidae",1.7,8,"Pequena",FALSE
"Andrena.miranda","M_004","Andrena","Andrenidae",1.9,8,"Pequena",FALSE
"Andrena.nivalis","M_004","Andrena","Andrenidae",2.69,8,"Pequena",FALSE
"Andrena.w.scripta","M_004","Andrena","Andrenidae",1.74,8,"Pequena",FALSE
"Andrena.wilkella","M_004","Andrena","Andrenidae",2.34,8,"Pequena",FALSE
"Bombus.vagans","M_004","Bombus","Apidae",3.56,8,"Pequena",FALSE
"Halictus.confusus","M_004","Halictus","Halictidae",1.41,8,"Pequena",FALSE
"Halictus.rubicundus","M_004","Halictus","Halictidae",2.21,8,"Pequena",FALSE
"Hoplitis.producta","M_004","Hoplitis","Megachilidae",1.56,8,"Pequena",FALSE
"Hylaeus.basalis","M_004","Hylaeus","Colletidae",1.85,8,"Pequena",FALSE
"Osmia.lignaria","M_004","Osmia","Megachilidae",2.9,8,"Pequena",FALSE
"Osmia.proxima","M_004","Osmia","Megachilidae",2.16,8,"Pequena",FALSE
"Osmia.pumila","M_004","Osmia","Megachilidae",1.9,8,"Pequena",FALSE
"Andrena.melanochroa","M_004","Andrena","Andrenidae",1.7,9,"Pequena",FALSE
"Andrena.miranda","M_004","Andrena","Andrenidae",1.9,9,"Pequena",FALSE
"Andrena.nivalis","M_004","Andrena","Andrenidae",2.69,9,"Pequena",FALSE
"Andrena.w.scripta","M_004","Andrena","Andrenidae",1.74,9,"Pequena",FALSE
"Andrena.wilkella","M_004","Andrena","Andrenidae",2.34,9,"Pequena",FALSE
"Bombus.vagans","M_004","Bombus","Apidae",3.56,9,"Pequena",FALSE
"Halictus.confusus","M_004","Halictus","Halictidae",1.41,9,"Pequena",FALSE
"Halictus.rubicundus","M_004","Halictus","Halictidae",2.21,9,"Pequena",FALSE
"Hoplitis.producta","M_004","Hoplitis","Megachilidae",1.56,9,"Pequena",FALSE
"Hylaeus.basalis","M_004","Hylaeus","Colletidae",1.85,9,"Pequena",FALSE
"Osmia.lignaria","M_004","Osmia","Megachilidae",2.9,9,"Pequena",FALSE
"Osmia.proxima","M_004","Osmia","Megachilidae",2.16,9,"Pequena",FALSE
"Osmia.pumila","M_004","Osmia","Megachilidae",1.9,9,"Pequena",FALSE
"Andrena.minutula","M_057","Andrena","Andrenidae",1.59,1,"Grande",FALSE
"Andrena.minutula","M_057","Andrena","Andrenidae",1.5,1,"Grande",FALSE
"Andrena.subopaca","M_057","Andrena","Andrenidae",1.47,1,"Grande",FALSE
"Apis.cerana.japonica","M_057","Apis","Apidae",2.38,1,"Grande",FALSE
"Bombus.ardens","M_057","Bombus","Apidae",4.98,1,"Grande",FALSE
"Bombus.diversus.diversus","M_057","Bombus","Apidae",5.49,1,"Grande",FALSE
"Bombus.diversus.diversus","M_057","Bombus","Apidae",4.79,1,"Grande",FALSE
"Bombus.honshuensis","M_057","Bombus","Apidae",6.1,1,"Grande",FALSE
"Bombus.hypocrita.hypocrita","M_057","Bombus","Apidae",5.4,1,"Grande",FALSE
"Bombus.ignitus","M_057","Bombus","Apidae",6.3,1,"Grande",FALSE
"Ceratina.flavipes","M_057","Ceratina","Apidae",1.71,1,"Grande",FALSE
"Ceratina.japonica","M_057","Ceratina","Apidae",1.22,1,"Grande",FALSE
"Lasioglossum.occidens","M_057","Lasioglossum","Halictidae",2.26,1,"Grande",FALSE
"Andrena.minutula","M_057","Andrena","Andrenidae",1.59,2,"Pequena",TRUE
"Andrena.minutula","M_057","Andrena","Andrenidae",1.5,2,"Pequena",TRUE
"Andrena.subopaca","M_057","Andrena","Andrenidae",1.47,2,"Pequena",TRUE
"Apis.cerana.japonica","M_057","Apis","Apidae",2.38,2,"Grande",TRUE
"Bombus.ardens","M_057","Bombus","Apidae",4.98,2,"Grande",TRUE
"Bombus.diversus.diversus","M_057","Bombus","Apidae",5.49,2,"Grande",TRUE
"Bombus.diversus.diversus","M_057","Bombus","Apidae",4.79,2,"Grande",TRUE
"Bombus.honshuensis","M_057","Bombus","Apidae",6.1,2,"Grande",TRUE
"Bombus.hypocrita.hypocrita","M_057","Bombus","Apidae",5.4,2,"Grande",TRUE
"Bombus.ignitus","M_057","Bombus","Apidae",6.3,2,"Grande",TRUE
"Ceratina.flavipes","M_057","Ceratina","Apidae",1.71,2,"Pequena",TRUE
"Ceratina.japonica","M_057","Ceratina","Apidae",1.22,2,"Pequena",TRUE
"Lasioglossum.occidens","M_057","Lasioglossum","Halictidae",2.26,2,"Grande",TRUE
"Andrena.minutula","M_057","Andrena","Andrenidae",1.59,3,"Pequena",TRUE
"Andrena.minutula","M_057","Andrena","Andrenidae",1.5,3,"Pequena",TRUE
"Andrena.subopaca","M_057","Andrena","Andrenidae",1.47,3,"Pequena",TRUE
"Apis.cerana.japonica","M_057","Apis","Apidae",2.38,3,"Pequena",TRUE
"Bombus.ardens","M_057","Bombus","Apidae",4.98,3,"Grande",TRUE
"Bombus.diversus.diversus","M_057","Bombus","Apidae",5.49,3,"Grande",TRUE
"Bombus.diversus.diversus","M_057","Bombus","Apidae",4.79,3,"Grande",TRUE
"Bombus.honshuensis","M_057","Bombus","Apidae",6.1,3,"Grande",TRUE
"Bombus.hypocrita.hypocrita","M_057","Bombus","Apidae",5.4,3,"Grande",TRUE
"Bombus.ignitus","M_057","Bombus","Apidae",6.3,3,"Grande",TRUE
"Ceratina.flavipes","M_057","Ceratina","Apidae",1.71,3,"Pequena",TRUE
"Ceratina.japonica","M_057","Ceratina","Apidae",1.22,3,"Pequena",TRUE
"Lasioglossum.occidens","M_057","Lasioglossum","Halictidae",2.26,3,"Pequena",TRUE
"Andrena.minutula","M_057","Andrena","Andrenidae",1.59,4,"Pequena",TRUE
"Andrena.minutula","M_057","Andrena","Andrenidae",1.5,4,"Pequena",TRUE
"Andrena.subopaca","M_057","Andrena","Andrenidae",1.47,4,"Pequena",TRUE
"Apis.cerana.japonica","M_057","Apis","Apidae",2.38,4,"Pequena",TRUE
"Bombus.ardens","M_057","Bombus","Apidae",4.98,4,"Grande",TRUE
"Bombus.diversus.diversus","M_057","Bombus","Apidae",5.49,4,"Grande",TRUE
"Bombus.diversus.diversus","M_057","Bombus","Apidae",4.79,4,"Grande",TRUE
"Bombus.honshuensis","M_057","Bombus","Apidae",6.1,4,"Grande",TRUE
"Bombus.hypocrita.hypocrita","M_057","Bombus","Apidae",5.4,4,"Grande",TRUE
"Bombus.ignitus","M_057","Bombus","Apidae",6.3,4,"Grande",TRUE
"Ceratina.flavipes","M_057","Ceratina","Apidae",1.71,4,"Pequena",TRUE
"Ceratina.japonica","M_057","Ceratina","Apidae",1.22,4,"Pequena",TRUE
"Lasioglossum.occidens","M_057","Lasioglossum","Halictidae",2.26,4,"Pequena",TRUE
"Andrena.minutula","M_057","Andrena","Andrenidae",1.59,5,"Pequena",TRUE
"Andrena.minutula","M_057","Andrena","Andrenidae",1.5,5,"Pequena",TRUE
"Andrena.subopaca","M_057","Andrena","Andrenidae",1.47,5,"Pequena",TRUE
"Apis.cerana.japonica","M_057","Apis","Apidae",2.38,5,"Pequena",TRUE
"Bombus.ardens","M_057","Bombus","Apidae",4.98,5,"Pequena",TRUE
"Bombus.diversus.diversus","M_057","Bombus","Apidae",5.49,5,"Grande",TRUE
"Bombus.diversus.diversus","M_057","Bombus","Apidae",4.79,5,"Pequena",TRUE
"Bombus.honshuensis","M_057","Bombus","Apidae",6.1,5,"Grande",TRUE
"Bombus.hypocrita.hypocrita","M_057","Bombus","Apidae",5.4,5,"Grande",TRUE
"Bombus.ignitus","M_057","Bombus","Apidae",6.3,5,"Grande",TRUE
"Ceratina.flavipes","M_057","Ceratina","Apidae",1.71,5,"Pequena",TRUE
"Ceratina.japonica","M_057","Ceratina","Apidae",1.22,5,"Pequena",TRUE
"Lasioglossum.occidens","M_057","Lasioglossum","Halictidae",2.26,5,"Pequena",TRUE
"Andrena.minutula","M_057","Andrena","Andrenidae",1.59,6,"Pequena",TRUE
"Andrena.minutula","M_057","Andrena","Andrenidae",1.5,6,"Pequena",TRUE
"Andrena.subopaca","M_057","Andrena","Andrenidae",1.47,6,"Pequena",TRUE
"Apis.cerana.japonica","M_057","Apis","Apidae",2.38,6,"Pequena",TRUE
"Bombus.ardens","M_057","Bombus","Apidae",4.98,6,"Pequena",TRUE
"Bombus.diversus.diversus","M_057","Bombus","Apidae",5.49,6,"Pequena",TRUE
"Bombus.diversus.diversus","M_057","Bombus","Apidae",4.79,6,"Pequena",TRUE
"Bombus.honshuensis","M_057","Bombus","Apidae",6.1,6,"Grande",TRUE
"Bombus.hypocrita.hypocrita","M_057","Bombus","Apidae",5.4,6,"Pequena",TRUE
"Bombus.ignitus","M_057","Bombus","Apidae",6.3,6,"Grande",TRUE
"Ceratina.flavipes","M_057","Ceratina","Apidae",1.71,6,"Pequena",TRUE
"Ceratina.japonica","M_057","Ceratina","Apidae",1.22,6,"Pequena",TRUE
"Lasioglossum.occidens","M_057","Lasioglossum","Halictidae",2.26,6,"Pequena",TRUE
"Andrena.minutula","M_057","Andrena","Andrenidae",1.59,7,"Pequena",FALSE
"Andrena.minutula","M_057","Andrena","Andrenidae",1.5,7,"Pequena",FALSE
"Andrena.subopaca","M_057","Andrena","Andrenidae",1.47,7,"Pequena",FALSE
"Apis.cerana.japonica","M_057","Apis","Apidae",2.38,7,"Pequena",FALSE
"Bombus.ardens","M_057","Bombus","Apidae",4.98,7,"Pequena",FALSE
"Bombus.diversus.diversus","M_057","Bombus","Apidae",5.49,7,"Pequena",FALSE
"Bombus.diversus.diversus","M_057","Bombus","Apidae",4.79,7,"Pequena",FALSE
"Bombus.honshuensis","M_057","Bombus","Apidae",6.1,7,"Pequena",FALSE
"Bombus.hypocrita.hypocrita","M_057","Bombus","Apidae",5.4,7,"Pequena",FALSE
"Bombus.ignitus","M_057","Bombus","Apidae",6.3,7,"Pequena",FALSE
"Ceratina.flavipes","M_057","Ceratina","Apidae",1.71,7,"Pequena",FALSE
"Ceratina.japonica","M_057","Ceratina","Apidae",1.22,7,"Pequena",FALSE
"Lasioglossum.occidens","M_057","Lasioglossum","Halictidae",2.26,7,"Pequena",FALSE
"Andrena.minutula","M_057","Andrena","Andrenidae",1.59,8,"Pequena",FALSE
"Andrena.minutula","M_057","Andrena","Andrenidae",1.5,8,"Pequena",FALSE
"Andrena.subopaca","M_057","Andrena","Andrenidae",1.47,8,"Pequena",FALSE
"Apis.cerana.japonica","M_057","Apis","Apidae",2.38,8,"Pequena",FALSE
"Bombus.ardens","M_057","Bombus","Apidae",4.98,8,"Pequena",FALSE
"Bombus.diversus.diversus","M_057","Bombus","Apidae",5.49,8,"Pequena",FALSE
"Bombus.diversus.diversus","M_057","Bombus","Apidae",4.79,8,"Pequena",FALSE
"Bombus.honshuensis","M_057","Bombus","Apidae",6.1,8,"Pequena",FALSE
"Bombus.hypocrita.hypocrita","M_057","Bombus","Apidae",5.4,8,"Pequena",FALSE
"Bombus.ignitus","M_057","Bombus","Apidae",6.3,8,"Pequena",FALSE
"Ceratina.flavipes","M_057","Ceratina","Apidae",1.71,8,"Pequena",FALSE
"Ceratina.japonica","M_057","Ceratina","Apidae",1.22,8,"Pequena",FALSE
"Lasioglossum.occidens","M_057","Lasioglossum","Halictidae",2.26,8,"Pequena",FALSE
"Andrena.minutula","M_057","Andrena","Andrenidae",1.59,9,"Pequena",FALSE
"Andrena.minutula","M_057","Andrena","Andrenidae",1.5,9,"Pequena",FALSE
"Andrena.subopaca","M_057","Andrena","Andrenidae",1.47,9,"Pequena",FALSE
"Apis.cerana.japonica","M_057","Apis","Apidae",2.38,9,"Pequena",FALSE
"Bombus.ardens","M_057","Bombus","Apidae",4.98,9,"Pequena",FALSE
"Bombus.diversus.diversus","M_057","Bombus","Apidae",5.49,9,"Pequena",FALSE
"Bombus.diversus.diversus","M_057","Bombus","Apidae",4.79,9,"Pequena",FALSE
"Bombus.honshuensis","M_057","Bombus","Apidae",6.1,9,"Pequena",FALSE
"Bombus.hypocrita.hypocrita","M_057","Bombus","Apidae",5.4,9,"Pequena",FALSE
"Bombus.ignitus","M_057","Bombus","Apidae",6.3,9,"Pequena",FALSE
"Ceratina.flavipes","M_057","Ceratina","Apidae",1.71,9,"Pequena",FALSE
"Ceratina.japonica","M_057","Ceratina","Apidae",1.22,9,"Pequena",FALSE
"Lasioglossum.occidens","M_057","Lasioglossum","Halictidae",2.26,9,"Pequena",FALSE
"Anthidium.chubuti","M_022","Anthidium","Megachilidae",3.69,1,"Grande",FALSE
"Anthidium.chubuti","M_022","Anthidium","Megachilidae",3.69,2,"Grande",FALSE
"Anthidium.chubuti","M_022","Anthidium","Megachilidae",3.69,3,"Grande",FALSE
"Anthidium.chubuti","M_022","Anthidium","Megachilidae",3.69,4,"Pequena",FALSE
"Anthidium.chubuti","M_022","Anthidium","Megachilidae",3.69,5,"Pequena",FALSE
"Anthidium.chubuti","M_022","Anthidium","Megachilidae",3.69,6,"Pequena",FALSE
"Anthidium.chubuti","M_022","Anthidium","Megachilidae",3.69,7,"Pequena",FALSE
"Anthidium.chubuti","M_022","Anthidium","Megachilidae",3.69,8,"Pequena",FALSE
"Anthidium.chubuti","M_022","Anthidium","Megachilidae",3.69,9,"Pequena",FALSE
"Anthidium.manicatum","M_008","Anthidium","Megachilidae",3.44,1,"Grande",FALSE
"Apis.mellifera","M_008","Apis","Apidae",2.9,1,"Grande",FALSE
"Anthidium.manicatum","M_008","Anthidium","Megachilidae",3.44,2,"Grande",FALSE
"Apis.mellifera","M_008","Apis","Apidae",2.9,2,"Grande",FALSE
"Anthidium.manicatum","M_008","Anthidium","Megachilidae",3.44,3,"Grande",FALSE
"Apis.mellifera","M_008","Apis","Apidae",2.9,3,"Pequena",FALSE
"Anthidium.manicatum","M_008","Anthidium","Megachilidae",3.44,4,"Pequena",FALSE
"Apis.mellifera","M_008","Apis","Apidae",2.9,4,"Pequena",FALSE
"Anthidium.manicatum","M_008","Anthidium","Megachilidae",3.44,5,"Pequena",FALSE
"Apis.mellifera","M_008","Apis","Apidae",2.9,5,"Pequena",FALSE
"Anthidium.manicatum","M_008","Anthidium","Megachilidae",3.44,6,"Pequena",FALSE
"Apis.mellifera","M_008","Apis","Apidae",2.9,6,"Pequena",FALSE
"Anthidium.manicatum","M_008","Anthidium","Megachilidae",3.44,7,"Pequena",FALSE
"Apis.mellifera","M_008","Apis","Apidae",2.9,7,"Pequena",FALSE
"Anthidium.manicatum","M_008","Anthidium","Megachilidae",3.44,8,"Pequena",FALSE
"Apis.mellifera","M_008","Apis","Apidae",2.9,8,"Pequena",FALSE
"Anthidium.manicatum","M_008","Anthidium","Megachilidae",3.44,9,"Pequena",FALSE
"Apis.mellifera","M_008","Apis","Apidae",2.9,9,"Pequena",FALSE
"Anthidium.sp","M_003","Anthidium","Megachilidae",3.34,1,"Grande",FALSE
"Bombus.dahlbomii","M_003","Bombus","Apidae",6.01,1,"Grande",FALSE
"Bombus.dahlbomii","M_003","Bombus","Apidae",6.1,1,"Grande",FALSE
"Megachile.semirufa","M_003","Megachile","Megachilidae",4.19,1,"Grande",FALSE
"Megachile.sp5","M_003","Megachile","Megachilidae",3.2,1,"Grande",FALSE
"Anthidium.sp","M_003","Anthidium","Megachilidae",3.34,2,"Grande",FALSE
"Bombus.dahlbomii","M_003","Bombus","Apidae",6.01,2,"Grande",FALSE
"Bombus.dahlbomii","M_003","Bombus","Apidae",6.1,2,"Grande",FALSE
"Megachile.semirufa","M_003","Megachile","Megachilidae",4.19,2,"Grande",FALSE
"Megachile.sp5","M_003","Megachile","Megachilidae",3.2,2,"Grande",FALSE
"Anthidium.sp","M_003","Anthidium","Megachilidae",3.34,3,"Grande",FALSE
"Bombus.dahlbomii","M_003","Bombus","Apidae",6.01,3,"Grande",FALSE
"Bombus.dahlbomii","M_003","Bombus","Apidae",6.1,3,"Grande",FALSE
"Megachile.semirufa","M_003","Megachile","Megachilidae",4.19,3,"Grande",FALSE
"Megachile.sp5","M_003","Megachile","Megachilidae",3.2,3,"Grande",FALSE
"Anthidium.sp","M_003","Anthidium","Megachilidae",3.34,4,"Pequena",FALSE
"Bombus.dahlbomii","M_003","Bombus","Apidae",6.01,4,"Grande",FALSE
"Bombus.dahlbomii","M_003","Bombus","Apidae",6.1,4,"Grande",FALSE
"Megachile.semirufa","M_003","Megachile","Megachilidae",4.19,4,"Grande",FALSE
"Megachile.sp5","M_003","Megachile","Megachilidae",3.2,4,"Pequena",FALSE
"Anthidium.sp","M_003","Anthidium","Megachilidae",3.34,5,"Pequena",TRUE
"Bombus.dahlbomii","M_003","Bombus","Apidae",6.01,5,"Grande",TRUE
"Bombus.dahlbomii","M_003","Bombus","Apidae",6.1,5,"Grande",TRUE
"Megachile.semirufa","M_003","Megachile","Megachilidae",4.19,5,"Pequena",TRUE
"Megachile.sp5","M_003","Megachile","Megachilidae",3.2,5,"Pequena",TRUE
"Anthidium.sp","M_003","Anthidium","Megachilidae",3.34,6,"Pequena",TRUE
"Bombus.dahlbomii","M_003","Bombus","Apidae",6.01,6,"Grande",TRUE
"Bombus.dahlbomii","M_003","Bombus","Apidae",6.1,6,"Grande",TRUE
"Megachile.semirufa","M_003","Megachile","Megachilidae",4.19,6,"Pequena",TRUE
"Megachile.sp5","M_003","Megachile","Megachilidae",3.2,6,"Pequena",TRUE
"Anthidium.sp","M_003","Anthidium","Megachilidae",3.34,7,"Pequena",FALSE
"Bombus.dahlbomii","M_003","Bombus","Apidae",6.01,7,"Pequena",FALSE
"Bombus.dahlbomii","M_003","Bombus","Apidae",6.1,7,"Pequena",FALSE
"Megachile.semirufa","M_003","Megachile","Megachilidae",4.19,7,"Pequena",FALSE
"Megachile.sp5","M_003","Megachile","Megachilidae",3.2,7,"Pequena",FALSE
"Anthidium.sp","M_003","Anthidium","Megachilidae",3.34,8,"Pequena",FALSE
"Bombus.dahlbomii","M_003","Bombus","Apidae",6.01,8,"Pequena",FALSE
"Bombus.dahlbomii","M_003","Bombus","Apidae",6.1,8,"Pequena",FALSE
"Megachile.semirufa","M_003","Megachile","Megachilidae",4.19,8,"Pequena",FALSE
"Megachile.sp5","M_003","Megachile","Megachilidae",3.2,8,"Pequena",FALSE
"Anthidium.sp","M_003","Anthidium","Megachilidae",3.34,9,"Pequena",FALSE
"Bombus.dahlbomii","M_003","Bombus","Apidae",6.01,9,"Pequena",FALSE
"Bombus.dahlbomii","M_003","Bombus","Apidae",6.1,9,"Pequena",FALSE
"Megachile.semirufa","M_003","Megachile","Megachilidae",4.19,9,"Pequena",FALSE
"Megachile.sp5","M_003","Megachile","Megachilidae",3.2,9,"Pequena",FALSE
"Apis.cerana","M_044","Apis","Apidae",2.38,1,"Grande",FALSE
"Apis.mellifera","M_044","Apis","Apidae",2.9,1,"Grande",FALSE
"Ceratina.okinawana","M_044","Ceratina","Apidae",1.41,1,"Grande",FALSE
"Lasioglossum.subopacum","M_044","Lasioglossum","Halictidae",2.89,1,"Grande",FALSE
"Apis.cerana","M_044","Apis","Apidae",2.38,2,"Grande",FALSE
"Apis.mellifera","M_044","Apis","Apidae",2.9,2,"Grande",FALSE
"Ceratina.okinawana","M_044","Ceratina","Apidae",1.41,2,"Pequena",FALSE
"Lasioglossum.subopacum","M_044","Lasioglossum","Halictidae",2.89,2,"Grande",FALSE
"Apis.cerana","M_044","Apis","Apidae",2.38,3,"Pequena",FALSE
"Apis.mellifera","M_044","Apis","Apidae",2.9,3,"Pequena",FALSE
"Ceratina.okinawana","M_044","Ceratina","Apidae",1.41,3,"Pequena",FALSE
"Lasioglossum.subopacum","M_044","Lasioglossum","Halictidae",2.89,3,"Pequena",FALSE
"Apis.cerana","M_044","Apis","Apidae",2.38,4,"Pequena",FALSE
"Apis.mellifera","M_044","Apis","Apidae",2.9,4,"Pequena",FALSE
"Ceratina.okinawana","M_044","Ceratina","Apidae",1.41,4,"Pequena",FALSE
"Lasioglossum.subopacum","M_044","Lasioglossum","Halictidae",2.89,4,"Pequena",FALSE
"Apis.cerana","M_044","Apis","Apidae",2.38,5,"Pequena",FALSE
"Apis.mellifera","M_044","Apis","Apidae",2.9,5,"Pequena",FALSE
"Ceratina.okinawana","M_044","Ceratina","Apidae",1.41,5,"Pequena",FALSE
"Lasioglossum.subopacum","M_044","Lasioglossum","Halictidae",2.89,5,"Pequena",FALSE
"Apis.cerana","M_044","Apis","Apidae",2.38,6,"Pequena",FALSE
"Apis.mellifera","M_044","Apis","Apidae",2.9,6,"Pequena",FALSE
"Ceratina.okinawana","M_044","Ceratina","Apidae",1.41,6,"Pequena",FALSE
"Lasioglossum.subopacum","M_044","Lasioglossum","Halictidae",2.89,6,"Pequena",FALSE
"Apis.cerana","M_044","Apis","Apidae",2.38,7,"Pequena",FALSE
"Apis.mellifera","M_044","Apis","Apidae",2.9,7,"Pequena",FALSE
"Ceratina.okinawana","M_044","Ceratina","Apidae",1.41,7,"Pequena",FALSE
"Lasioglossum.subopacum","M_044","Lasioglossum","Halictidae",2.89,7,"Pequena",FALSE
"Apis.cerana","M_044","Apis","Apidae",2.38,8,"Pequena",FALSE
"Apis.mellifera","M_044","Apis","Apidae",2.9,8,"Pequena",FALSE
"Ceratina.okinawana","M_044","Ceratina","Apidae",1.41,8,"Pequena",FALSE
"Lasioglossum.subopacum","M_044","Lasioglossum","Halictidae",2.89,8,"Pequena",FALSE
"Apis.cerana","M_044","Apis","Apidae",2.38,9,"Pequena",FALSE
"Apis.mellifera","M_044","Apis","Apidae",2.9,9,"Pequena",FALSE
"Ceratina.okinawana","M_044","Ceratina","Apidae",1.41,9,"Pequena",FALSE
"Lasioglossum.subopacum","M_044","Lasioglossum","Halictidae",2.89,9,"Pequena",FALSE
"Apis.mellifera","M_035","Apis","Apidae",2.9,1,"Grande",FALSE
"Euglossa.cordata","M_035","Euglossa","Apidae",3.4,1,"Grande",FALSE
"Euglossa.cordata","M_035","Euglossa","Apidae",3.44,1,"Grande",FALSE
"Apis.mellifera","M_035","Apis","Apidae",2.9,2,"Grande",FALSE
"Euglossa.cordata","M_035","Euglossa","Apidae",3.4,2,"Grande",FALSE
"Euglossa.cordata","M_035","Euglossa","Apidae",3.44,2,"Grande",FALSE
"Apis.mellifera","M_035","Apis","Apidae",2.9,3,"Pequena",FALSE
"Euglossa.cordata","M_035","Euglossa","Apidae",3.4,3,"Grande",FALSE
"Euglossa.cordata","M_035","Euglossa","Apidae",3.44,3,"Grande",FALSE
"Apis.mellifera","M_035","Apis","Apidae",2.9,4,"Pequena",FALSE
"Euglossa.cordata","M_035","Euglossa","Apidae",3.4,4,"Pequena",FALSE
"Euglossa.cordata","M_035","Euglossa","Apidae",3.44,4,"Pequena",FALSE
"Apis.mellifera","M_035","Apis","Apidae",2.9,5,"Pequena",FALSE
"Euglossa.cordata","M_035","Euglossa","Apidae",3.4,5,"Pequena",FALSE
"Euglossa.cordata","M_035","Euglossa","Apidae",3.44,5,"Pequena",FALSE
"Apis.mellifera","M_035","Apis","Apidae",2.9,6,"Pequena",FALSE
"Euglossa.cordata","M_035","Euglossa","Apidae",3.4,6,"Pequena",FALSE
"Euglossa.cordata","M_035","Euglossa","Apidae",3.44,6,"Pequena",FALSE
"Apis.mellifera","M_035","Apis","Apidae",2.9,7,"Pequena",FALSE
"Euglossa.cordata","M_035","Euglossa","Apidae",3.4,7,"Pequena",FALSE
"Euglossa.cordata","M_035","Euglossa","Apidae",3.44,7,"Pequena",FALSE
"Apis.mellifera","M_035","Apis","Apidae",2.9,8,"Pequena",FALSE
"Euglossa.cordata","M_035","Euglossa","Apidae",3.4,8,"Pequena",FALSE
"Euglossa.cordata","M_035","Euglossa","Apidae",3.44,8,"Pequena",FALSE
"Apis.mellifera","M_035","Apis","Apidae",2.9,9,"Pequena",FALSE
"Euglossa.cordata","M_035","Euglossa","Apidae",3.4,9,"Pequena",FALSE
"Euglossa.cordata","M_035","Euglossa","Apidae",3.44,9,"Pequena",FALSE
"Apis.mellifera","M_072","Apis","Apidae",2.9,1,"Grande",FALSE
"Bombus.atratus","M_072","Bombus","Apidae",5.66,1,"Grande",FALSE
"Apis.mellifera","M_072","Apis","Apidae",2.9,2,"Grande",FALSE
"Bombus.atratus","M_072","Bombus","Apidae",5.66,2,"Grande",FALSE
"Apis.mellifera","M_072","Apis","Apidae",2.9,3,"Pequena",FALSE
"Bombus.atratus","M_072","Bombus","Apidae",5.66,3,"Grande",FALSE
"Apis.mellifera","M_072","Apis","Apidae",2.9,4,"Pequena",FALSE
"Bombus.atratus","M_072","Bombus","Apidae",5.66,4,"Grande",FALSE
"Apis.mellifera","M_072","Apis","Apidae",2.9,5,"Pequena",FALSE
"Bombus.atratus","M_072","Bombus","Apidae",5.66,5,"Grande",FALSE
"Apis.mellifera","M_072","Apis","Apidae",2.9,6,"Pequena",FALSE
"Bombus.atratus","M_072","Bombus","Apidae",5.66,6,"Pequena",FALSE
"Apis.mellifera","M_072","Apis","Apidae",2.9,7,"Pequena",FALSE
"Bombus.atratus","M_072","Bombus","Apidae",5.66,7,"Pequena",FALSE
"Apis.mellifera","M_072","Apis","Apidae",2.9,8,"Pequena",FALSE
"Bombus.atratus","M_072","Bombus","Apidae",5.66,8,"Pequena",FALSE
"Apis.mellifera","M_072","Apis","Apidae",2.9,9,"Pequena",FALSE
"Bombus.atratus","M_072","Bombus","Apidae",5.66,9,"Pequena",FALSE
"Apis.mellifera","M_060","Apis","Apidae",2.9,1,"Grande",FALSE
"Apis.mellifera","M_060","Apis","Apidae",2.9,2,"Grande",FALSE
"Apis.mellifera","M_060","Apis","Apidae",2.9,3,"Pequena",FALSE
"Apis.mellifera","M_060","Apis","Apidae",2.9,4,"Pequena",FALSE
"Apis.mellifera","M_060","Apis","Apidae",2.9,5,"Pequena",FALSE
"Apis.mellifera","M_060","Apis","Apidae",2.9,6,"Pequena",FALSE
"Apis.mellifera","M_060","Apis","Apidae",2.9,7,"Pequena",FALSE
"Apis.mellifera","M_060","Apis","Apidae",2.9,8,"Pequena",FALSE
"Apis.mellifera","M_060","Apis","Apidae",2.9,9,"Pequena",FALSE
"Apis.mellifera","M_046","Apis","Apidae",2.9,1,"Grande",FALSE
"Bombus.lapidarius","M_046","Bombus","Apidae",3.98,1,"Grande",FALSE
"Bombus.pascuorum","M_046","Bombus","Apidae",3.72,1,"Grande",FALSE
"Bombus.terrestris","M_046","Bombus","Apidae",4.78,1,"Grande",FALSE
"Bombus.terrestris","M_046","Bombus","Apidae",4.7,1,"Grande",FALSE
"Apis.mellifera","M_046","Apis","Apidae",2.9,2,"Grande",FALSE
"Bombus.lapidarius","M_046","Bombus","Apidae",3.98,2,"Grande",FALSE
"Bombus.pascuorum","M_046","Bombus","Apidae",3.72,2,"Grande",FALSE
"Bombus.terrestris","M_046","Bombus","Apidae",4.78,2,"Grande",FALSE
"Bombus.terrestris","M_046","Bombus","Apidae",4.7,2,"Grande",FALSE
"Apis.mellifera","M_046","Apis","Apidae",2.9,3,"Pequena",FALSE
"Bombus.lapidarius","M_046","Bombus","Apidae",3.98,3,"Grande",FALSE
"Bombus.pascuorum","M_046","Bombus","Apidae",3.72,3,"Grande",FALSE
"Bombus.terrestris","M_046","Bombus","Apidae",4.78,3,"Grande",FALSE
"Bombus.terrestris","M_046","Bombus","Apidae",4.7,3,"Grande",FALSE
"Apis.mellifera","M_046","Apis","Apidae",2.9,4,"Pequena",FALSE
"Bombus.lapidarius","M_046","Bombus","Apidae",3.98,4,"Pequena",FALSE
"Bombus.pascuorum","M_046","Bombus","Apidae",3.72,4,"Pequena",FALSE
"Bombus.terrestris","M_046","Bombus","Apidae",4.78,4,"Grande",FALSE
"Bombus.terrestris","M_046","Bombus","Apidae",4.7,4,"Grande",FALSE
"Apis.mellifera","M_046","Apis","Apidae",2.9,5,"Pequena",FALSE
"Bombus.lapidarius","M_046","Bombus","Apidae",3.98,5,"Pequena",FALSE
"Bombus.pascuorum","M_046","Bombus","Apidae",3.72,5,"Pequena",FALSE
"Bombus.terrestris","M_046","Bombus","Apidae",4.78,5,"Pequena",FALSE
"Bombus.terrestris","M_046","Bombus","Apidae",4.7,5,"Pequena",FALSE
"Apis.mellifera","M_046","Apis","Apidae",2.9,6,"Pequena",FALSE
"Bombus.lapidarius","M_046","Bombus","Apidae",3.98,6,"Pequena",FALSE
"Bombus.pascuorum","M_046","Bombus","Apidae",3.72,6,"Pequena",FALSE
"Bombus.terrestris","M_046","Bombus","Apidae",4.78,6,"Pequena",FALSE
"Bombus.terrestris","M_046","Bombus","Apidae",4.7,6,"Pequena",FALSE
"Apis.mellifera","M_046","Apis","Apidae",2.9,7,"Pequena",FALSE
"Bombus.lapidarius","M_046","Bombus","Apidae",3.98,7,"Pequena",FALSE
"Bombus.pascuorum","M_046","Bombus","Apidae",3.72,7,"Pequena",FALSE
"Bombus.terrestris","M_046","Bombus","Apidae",4.78,7,"Pequena",FALSE
"Bombus.terrestris","M_046","Bombus","Apidae",4.7,7,"Pequena",FALSE
"Apis.mellifera","M_046","Apis","Apidae",2.9,8,"Pequena",FALSE
"Bombus.lapidarius","M_046","Bombus","Apidae",3.98,8,"Pequena",FALSE
"Bombus.pascuorum","M_046","Bombus","Apidae",3.72,8,"Pequena",FALSE
"Bombus.terrestris","M_046","Bombus","Apidae",4.78,8,"Pequena",FALSE
"Bombus.terrestris","M_046","Bombus","Apidae",4.7,8,"Pequena",FALSE
"Apis.mellifera","M_046","Apis","Apidae",2.9,9,"Pequena",FALSE
"Bombus.lapidarius","M_046","Bombus","Apidae",3.98,9,"Pequena",FALSE
"Bombus.pascuorum","M_046","Bombus","Apidae",3.72,9,"Pequena",FALSE
"Bombus.terrestris","M_046","Bombus","Apidae",4.78,9,"Pequena",FALSE
"Bombus.terrestris","M_046","Bombus","Apidae",4.7,9,"Pequena",FALSE
"Apis.mellifera","M_031","Apis","Apidae",2.9,1,"Grande",FALSE
"Bombus.atratus","M_031","Bombus","Apidae",5.66,1,"Grande",FALSE
"Apis.mellifera","M_031","Apis","Apidae",2.9,2,"Grande",FALSE
"Bombus.atratus","M_031","Bombus","Apidae",5.66,2,"Grande",FALSE
"Apis.mellifera","M_031","Apis","Apidae",2.9,3,"Pequena",FALSE
"Bombus.atratus","M_031","Bombus","Apidae",5.66,3,"Grande",FALSE
"Apis.mellifera","M_031","Apis","Apidae",2.9,4,"Pequena",FALSE
"Bombus.atratus","M_031","Bombus","Apidae",5.66,4,"Grande",FALSE
"Apis.mellifera","M_031","Apis","Apidae",2.9,5,"Pequena",FALSE
"Bombus.atratus","M_031","Bombus","Apidae",5.66,5,"Grande",FALSE
"Apis.mellifera","M_031","Apis","Apidae",2.9,6,"Pequena",FALSE
"Bombus.atratus","M_031","Bombus","Apidae",5.66,6,"Pequena",FALSE
"Apis.mellifera","M_031","Apis","Apidae",2.9,7,"Pequena",FALSE
"Bombus.atratus","M_031","Bombus","Apidae",5.66,7,"Pequena",FALSE
"Apis.mellifera","M_031","Apis","Apidae",2.9,8,"Pequena",FALSE
"Bombus.atratus","M_031","Bombus","Apidae",5.66,8,"Pequena",FALSE
"Apis.mellifera","M_031","Apis","Apidae",2.9,9,"Pequena",FALSE
"Bombus.atratus","M_031","Bombus","Apidae",5.66,9,"Pequena",FALSE
"Apis.mellifera","M_076","Apis","Apidae",2.9,1,"Grande",FALSE
"Bombus.brevivillus","M_076","Bombus","Apidae",3.8,1,"Grande",FALSE
"Bombus.morio","M_076","Bombus","Apidae",6.04,1,"Grande",FALSE
"Melipona.quadrifasciata","M_076","Melipona","Apidae",3.81,1,"Grande",FALSE
"Trigona.spinipes","M_076","Trigona","Apidae",1.8,1,"Grande",FALSE
"Apis.mellifera","M_076","Apis","Apidae",2.9,2,"Grande",FALSE
"Bombus.brevivillus","M_076","Bombus","Apidae",3.8,2,"Grande",FALSE
"Bombus.morio","M_076","Bombus","Apidae",6.04,2,"Grande",FALSE
"Melipona.quadrifasciata","M_076","Melipona","Apidae",3.81,2,"Grande",FALSE
"Trigona.spinipes","M_076","Trigona","Apidae",1.8,2,"Pequena",FALSE
"Apis.mellifera","M_076","Apis","Apidae",2.9,3,"Pequena",FALSE
"Bombus.brevivillus","M_076","Bombus","Apidae",3.8,3,"Grande",FALSE
"Bombus.morio","M_076","Bombus","Apidae",6.04,3,"Grande",FALSE
"Melipona.quadrifasciata","M_076","Melipona","Apidae",3.81,3,"Grande",FALSE
"Trigona.spinipes","M_076","Trigona","Apidae",1.8,3,"Pequena",FALSE
"Apis.mellifera","M_076","Apis","Apidae",2.9,4,"Pequena",FALSE
"Bombus.brevivillus","M_076","Bombus","Apidae",3.8,4,"Pequena",FALSE
"Bombus.morio","M_076","Bombus","Apidae",6.04,4,"Grande",FALSE
"Melipona.quadrifasciata","M_076","Melipona","Apidae",3.81,4,"Pequena",FALSE
"Trigona.spinipes","M_076","Trigona","Apidae",1.8,4,"Pequena",FALSE
"Apis.mellifera","M_076","Apis","Apidae",2.9,5,"Pequena",FALSE
"Bombus.brevivillus","M_076","Bombus","Apidae",3.8,5,"Pequena",FALSE
"Bombus.morio","M_076","Bombus","Apidae",6.04,5,"Grande",FALSE
"Melipona.quadrifasciata","M_076","Melipona","Apidae",3.81,5,"Pequena",FALSE
"Trigona.spinipes","M_076","Trigona","Apidae",1.8,5,"Pequena",FALSE
"Apis.mellifera","M_076","Apis","Apidae",2.9,6,"Pequena",FALSE
"Bombus.brevivillus","M_076","Bombus","Apidae",3.8,6,"Pequena",FALSE
"Bombus.morio","M_076","Bombus","Apidae",6.04,6,"Grande",FALSE
"Melipona.quadrifasciata","M_076","Melipona","Apidae",3.81,6,"Pequena",FALSE
"Trigona.spinipes","M_076","Trigona","Apidae",1.8,6,"Pequena",FALSE
"Apis.mellifera","M_076","Apis","Apidae",2.9,7,"Pequena",FALSE
"Bombus.brevivillus","M_076","Bombus","Apidae",3.8,7,"Pequena",FALSE
"Bombus.morio","M_076","Bombus","Apidae",6.04,7,"Pequena",FALSE
"Melipona.quadrifasciata","M_076","Melipona","Apidae",3.81,7,"Pequena",FALSE
"Trigona.spinipes","M_076","Trigona","Apidae",1.8,7,"Pequena",FALSE
"Apis.mellifera","M_076","Apis","Apidae",2.9,8,"Pequena",FALSE
"Bombus.brevivillus","M_076","Bombus","Apidae",3.8,8,"Pequena",FALSE
"Bombus.morio","M_076","Bombus","Apidae",6.04,8,"Pequena",FALSE
"Melipona.quadrifasciata","M_076","Melipona","Apidae",3.81,8,"Pequena",FALSE
"Trigona.spinipes","M_076","Trigona","Apidae",1.8,8,"Pequena",FALSE
"Apis.mellifera","M_076","Apis","Apidae",2.9,9,"Pequena",FALSE
"Bombus.brevivillus","M_076","Bombus","Apidae",3.8,9,"Pequena",FALSE
"Bombus.morio","M_076","Bombus","Apidae",6.04,9,"Pequena",FALSE
"Melipona.quadrifasciata","M_076","Melipona","Apidae",3.81,9,"Pequena",FALSE
"Trigona.spinipes","M_076","Trigona","Apidae",1.8,9,"Pequena",FALSE
"Apis.mellifera","M_058","Apis","Apidae",2.9,1,"Grande",FALSE
"Bombus.terrestris","M_058","Bombus","Apidae",4.78,1,"Grande",FALSE
"Bombus.terrestris","M_058","Bombus","Apidae",4.7,1,"Grande",FALSE
"Ceratina.cucurbitina","M_058","Ceratina","Apidae",1.36,1,"Grande",FALSE
"Hylaeus.nigritus","M_058","Hylaeus","Colletidae",1.607,1,"Grande",FALSE
"Hylaeus.variegatus","M_058","Hylaeus","Colletidae",2.12,1,"Grande",FALSE
"Apis.mellifera","M_058","Apis","Apidae",2.9,2,"Grande",TRUE
"Bombus.terrestris","M_058","Bombus","Apidae",4.78,2,"Grande",TRUE
"Bombus.terrestris","M_058","Bombus","Apidae",4.7,2,"Grande",TRUE
"Ceratina.cucurbitina","M_058","Ceratina","Apidae",1.36,2,"Pequena",TRUE
"Hylaeus.nigritus","M_058","Hylaeus","Colletidae",1.607,2,"Pequena",TRUE
"Hylaeus.variegatus","M_058","Hylaeus","Colletidae",2.12,2,"Grande",TRUE
"Apis.mellifera","M_058","Apis","Apidae",2.9,3,"Pequena",TRUE
"Bombus.terrestris","M_058","Bombus","Apidae",4.78,3,"Grande",TRUE
"Bombus.terrestris","M_058","Bombus","Apidae",4.7,3,"Grande",TRUE
"Ceratina.cucurbitina","M_058","Ceratina","Apidae",1.36,3,"Pequena",TRUE
"Hylaeus.nigritus","M_058","Hylaeus","Colletidae",1.607,3,"Pequena",TRUE
"Hylaeus.variegatus","M_058","Hylaeus","Colletidae",2.12,3,"Pequena",TRUE
"Apis.mellifera","M_058","Apis","Apidae",2.9,4,"Pequena",TRUE
"Bombus.terrestris","M_058","Bombus","Apidae",4.78,4,"Grande",TRUE
"Bombus.terrestris","M_058","Bombus","Apidae",4.7,4,"Grande",TRUE
"Ceratina.cucurbitina","M_058","Ceratina","Apidae",1.36,4,"Pequena",TRUE
"Hylaeus.nigritus","M_058","Hylaeus","Colletidae",1.607,4,"Pequena",TRUE
"Hylaeus.variegatus","M_058","Hylaeus","Colletidae",2.12,4,"Pequena",TRUE
"Apis.mellifera","M_058","Apis","Apidae",2.9,5,"Pequena",FALSE
"Bombus.terrestris","M_058","Bombus","Apidae",4.78,5,"Pequena",FALSE
"Bombus.terrestris","M_058","Bombus","Apidae",4.7,5,"Pequena",FALSE
"Ceratina.cucurbitina","M_058","Ceratina","Apidae",1.36,5,"Pequena",FALSE
"Hylaeus.nigritus","M_058","Hylaeus","Colletidae",1.607,5,"Pequena",FALSE
"Hylaeus.variegatus","M_058","Hylaeus","Colletidae",2.12,5,"Pequena",FALSE
"Apis.mellifera","M_058","Apis","Apidae",2.9,6,"Pequena",FALSE
"Bombus.terrestris","M_058","Bombus","Apidae",4.78,6,"Pequena",FALSE
"Bombus.terrestris","M_058","Bombus","Apidae",4.7,6,"Pequena",FALSE
"Ceratina.cucurbitina","M_058","Ceratina","Apidae",1.36,6,"Pequena",FALSE
"Hylaeus.nigritus","M_058","Hylaeus","Colletidae",1.607,6,"Pequena",FALSE
"Hylaeus.variegatus","M_058","Hylaeus","Colletidae",2.12,6,"Pequena",FALSE
"Apis.mellifera","M_058","Apis","Apidae",2.9,7,"Pequena",FALSE
"Bombus.terrestris","M_058","Bombus","Apidae",4.78,7,"Pequena",FALSE
"Bombus.terrestris","M_058","Bombus","Apidae",4.7,7,"Pequena",FALSE
"Ceratina.cucurbitina","M_058","Ceratina","Apidae",1.36,7,"Pequena",FALSE
"Hylaeus.nigritus","M_058","Hylaeus","Colletidae",1.607,7,"Pequena",FALSE
"Hylaeus.variegatus","M_058","Hylaeus","Colletidae",2.12,7,"Pequena",FALSE
"Apis.mellifera","M_058","Apis","Apidae",2.9,8,"Pequena",FALSE
"Bombus.terrestris","M_058","Bombus","Apidae",4.78,8,"Pequena",FALSE
"Bombus.terrestris","M_058","Bombus","Apidae",4.7,8,"Pequena",FALSE
"Ceratina.cucurbitina","M_058","Ceratina","Apidae",1.36,8,"Pequena",FALSE
"Hylaeus.nigritus","M_058","Hylaeus","Colletidae",1.607,8,"Pequena",FALSE
"Hylaeus.variegatus","M_058","Hylaeus","Colletidae",2.12,8,"Pequena",FALSE
"Apis.mellifera","M_058","Apis","Apidae",2.9,9,"Pequena",FALSE
"Bombus.terrestris","M_058","Bombus","Apidae",4.78,9,"Pequena",FALSE
"Bombus.terrestris","M_058","Bombus","Apidae",4.7,9,"Pequena",FALSE
"Ceratina.cucurbitina","M_058","Ceratina","Apidae",1.36,9,"Pequena",FALSE
"Hylaeus.nigritus","M_058","Hylaeus","Colletidae",1.607,9,"Pequena",FALSE
"Hylaeus.variegatus","M_058","Hylaeus","Colletidae",2.12,9,"Pequena",FALSE
"Apis.mellifera","M_11.2","Apis","Apidae",2.9,1,"Grande",FALSE
"Megachile.sp","M_11.2","Megachile","Megachilidae",3.2,1,"Grande",FALSE
"Apis.mellifera","M_11.2","Apis","Apidae",2.9,2,"Grande",FALSE
"Megachile.sp","M_11.2","Megachile","Megachilidae",3.2,2,"Grande",FALSE
"Apis.mellifera","M_11.2","Apis","Apidae",2.9,3,"Pequena",FALSE
"Megachile.sp","M_11.2","Megachile","Megachilidae",3.2,3,"Grande",FALSE
"Apis.mellifera","M_11.2","Apis","Apidae",2.9,4,"Pequena",FALSE
"Megachile.sp","M_11.2","Megachile","Megachilidae",3.2,4,"Pequena",FALSE
"Apis.mellifera","M_11.2","Apis","Apidae",2.9,5,"Pequena",FALSE
"Megachile.sp","M_11.2","Megachile","Megachilidae",3.2,5,"Pequena",FALSE
"Apis.mellifera","M_11.2","Apis","Apidae",2.9,6,"Pequena",FALSE
"Megachile.sp","M_11.2","Megachile","Megachilidae",3.2,6,"Pequena",FALSE
"Apis.mellifera","M_11.2","Apis","Apidae",2.9,7,"Pequena",FALSE
"Megachile.sp","M_11.2","Megachile","Megachilidae",3.2,7,"Pequena",FALSE
"Apis.mellifera","M_11.2","Apis","Apidae",2.9,8,"Pequena",FALSE
"Megachile.sp","M_11.2","Megachile","Megachilidae",3.2,8,"Pequena",FALSE
"Apis.mellifera","M_11.2","Apis","Apidae",2.9,9,"Pequena",FALSE
"Megachile.sp","M_11.2","Megachile","Megachilidae",3.2,9,"Pequena",FALSE
"Apis.mellifera","M_061","Apis","Apidae",2.9,1,"Grande",FALSE
"Apis.mellifera","M_061","Apis","Apidae",2.9,2,"Grande",FALSE
"Apis.mellifera","M_061","Apis","Apidae",2.9,3,"Pequena",FALSE
"Apis.mellifera","M_061","Apis","Apidae",2.9,4,"Pequena",FALSE
"Apis.mellifera","M_061","Apis","Apidae",2.9,5,"Pequena",FALSE
"Apis.mellifera","M_061","Apis","Apidae",2.9,6,"Pequena",FALSE
"Apis.mellifera","M_061","Apis","Apidae",2.9,7,"Pequena",FALSE
"Apis.mellifera","M_061","Apis","Apidae",2.9,8,"Pequena",FALSE
"Apis.mellifera","M_061","Apis","Apidae",2.9,9,"Pequena",FALSE
"Apis.mellifera","M_041","Apis","Apidae",2.9,1,"Grande",FALSE
"Apis.mellifera","M_041","Apis","Apidae",2.9,2,"Grande",FALSE
"Apis.mellifera","M_041","Apis","Apidae",2.9,3,"Pequena",FALSE
"Apis.mellifera","M_041","Apis","Apidae",2.9,4,"Pequena",FALSE
"Apis.mellifera","M_041","Apis","Apidae",2.9,5,"Pequena",FALSE
"Apis.mellifera","M_041","Apis","Apidae",2.9,6,"Pequena",FALSE
"Apis.mellifera","M_041","Apis","Apidae",2.9,7,"Pequena",FALSE
"Apis.mellifera","M_041","Apis","Apidae",2.9,8,"Pequena",FALSE
"Apis.mellifera","M_041","Apis","Apidae",2.9,9,"Pequena",FALSE
"Apis.mellifera","M_11.1","Apis","Apidae",2.9,1,"Grande",FALSE
"Bombus.ruderatus","M_11.1","Bombus","Apidae",5.58,1,"Grande",FALSE
"Halictus.sp","M_11.1","Halictus","Halictidae",1.49,1,"Grande",FALSE
"Apis.mellifera","M_11.1","Apis","Apidae",2.9,2,"Grande",FALSE
"Bombus.ruderatus","M_11.1","Bombus","Apidae",5.58,2,"Grande",FALSE
"Halictus.sp","M_11.1","Halictus","Halictidae",1.49,2,"Pequena",FALSE
"Apis.mellifera","M_11.1","Apis","Apidae",2.9,3,"Pequena",FALSE
"Bombus.ruderatus","M_11.1","Bombus","Apidae",5.58,3,"Grande",FALSE
"Halictus.sp","M_11.1","Halictus","Halictidae",1.49,3,"Pequena",FALSE
"Apis.mellifera","M_11.1","Apis","Apidae",2.9,4,"Pequena",FALSE
"Bombus.ruderatus","M_11.1","Bombus","Apidae",5.58,4,"Grande",FALSE
"Halictus.sp","M_11.1","Halictus","Halictidae",1.49,4,"Pequena",FALSE
"Apis.mellifera","M_11.1","Apis","Apidae",2.9,5,"Pequena",FALSE
"Bombus.ruderatus","M_11.1","Bombus","Apidae",5.58,5,"Grande",FALSE
"Halictus.sp","M_11.1","Halictus","Halictidae",1.49,5,"Pequena",FALSE
"Apis.mellifera","M_11.1","Apis","Apidae",2.9,6,"Pequena",FALSE
"Bombus.ruderatus","M_11.1","Bombus","Apidae",5.58,6,"Pequena",FALSE
"Halictus.sp","M_11.1","Halictus","Halictidae",1.49,6,"Pequena",FALSE
"Apis.mellifera","M_11.1","Apis","Apidae",2.9,7,"Pequena",FALSE
"Bombus.ruderatus","M_11.1","Bombus","Apidae",5.58,7,"Pequena",FALSE
"Halictus.sp","M_11.1","Halictus","Halictidae",1.49,7,"Pequena",FALSE
"Apis.mellifera","M_11.1","Apis","Apidae",2.9,8,"Pequena",FALSE
"Bombus.ruderatus","M_11.1","Bombus","Apidae",5.58,8,"Pequena",FALSE
"Halictus.sp","M_11.1","Halictus","Halictidae",1.49,8,"Pequena",FALSE
"Apis.mellifera","M_11.1","Apis","Apidae",2.9,9,"Pequena",FALSE
"Bombus.ruderatus","M_11.1","Bombus","Apidae",5.58,9,"Pequena",FALSE
"Halictus.sp","M_11.1","Halictus","Halictidae",1.49,9,"Pequena",FALSE
"Apis.mellifera","M_014","Apis","Apidae",2.9,1,"Grande",FALSE
"Apis.mellifera","M_014","Apis","Apidae",2.9,2,"Grande",FALSE
"Apis.mellifera","M_014","Apis","Apidae",2.9,3,"Pequena",FALSE
"Apis.mellifera","M_014","Apis","Apidae",2.9,4,"Pequena",FALSE
"Apis.mellifera","M_014","Apis","Apidae",2.9,5,"Pequena",FALSE
"Apis.mellifera","M_014","Apis","Apidae",2.9,6,"Pequena",FALSE
"Apis.mellifera","M_014","Apis","Apidae",2.9,7,"Pequena",FALSE
"Apis.mellifera","M_014","Apis","Apidae",2.9,8,"Pequena",FALSE
"Apis.mellifera","M_014","Apis","Apidae",2.9,9,"Pequena",FALSE
"Apis.mellifera","M_040","Apis","Apidae",2.9,1,"Grande",FALSE
"Apis.mellifera","M_040","Apis","Apidae",2.9,2,"Grande",FALSE
"Apis.mellifera","M_040","Apis","Apidae",2.9,3,"Pequena",FALSE
"Apis.mellifera","M_040","Apis","Apidae",2.9,4,"Pequena",FALSE
"Apis.mellifera","M_040","Apis","Apidae",2.9,5,"Pequena",FALSE
"Apis.mellifera","M_040","Apis","Apidae",2.9,6,"Pequena",FALSE
"Apis.mellifera","M_040","Apis","Apidae",2.9,7,"Pequena",FALSE
"Apis.mellifera","M_040","Apis","Apidae",2.9,8,"Pequena",FALSE
"Apis.mellifera","M_040","Apis","Apidae",2.9,9,"Pequena",FALSE
"Apis.mellifera","M_028","Apis","Apidae",2.9,1,"Grande",FALSE
"Bombus.hortotum","M_028","Bombus","Apidae",4.74,1,"Grande",FALSE
"Bombus.ruderatus","M_028","Bombus","Apidae",5.58,1,"Grande",FALSE
"Bombus.terrestris","M_028","Bombus","Apidae",4.78,1,"Grande",FALSE
"Bombus.terrestris","M_028","Bombus","Apidae",4.7,1,"Grande",FALSE
"Lasioglossum.sordidum","M_028","Lasioglossum","Halictidae",1.29,1,"Grande",FALSE
"Apis.mellifera","M_028","Apis","Apidae",2.9,2,"Grande",FALSE
"Bombus.hortotum","M_028","Bombus","Apidae",4.74,2,"Grande",FALSE
"Bombus.ruderatus","M_028","Bombus","Apidae",5.58,2,"Grande",FALSE
"Bombus.terrestris","M_028","Bombus","Apidae",4.78,2,"Grande",FALSE
"Bombus.terrestris","M_028","Bombus","Apidae",4.7,2,"Grande",FALSE
"Lasioglossum.sordidum","M_028","Lasioglossum","Halictidae",1.29,2,"Pequena",FALSE
"Apis.mellifera","M_028","Apis","Apidae",2.9,3,"Pequena",FALSE
"Bombus.hortotum","M_028","Bombus","Apidae",4.74,3,"Grande",FALSE
"Bombus.ruderatus","M_028","Bombus","Apidae",5.58,3,"Grande",FALSE
"Bombus.terrestris","M_028","Bombus","Apidae",4.78,3,"Grande",FALSE
"Bombus.terrestris","M_028","Bombus","Apidae",4.7,3,"Grande",FALSE
"Lasioglossum.sordidum","M_028","Lasioglossum","Halictidae",1.29,3,"Pequena",FALSE
"Apis.mellifera","M_028","Apis","Apidae",2.9,4,"Pequena",FALSE
"Bombus.hortotum","M_028","Bombus","Apidae",4.74,4,"Grande",FALSE
"Bombus.ruderatus","M_028","Bombus","Apidae",5.58,4,"Grande",FALSE
"Bombus.terrestris","M_028","Bombus","Apidae",4.78,4,"Grande",FALSE
"Bombus.terrestris","M_028","Bombus","Apidae",4.7,4,"Grande",FALSE
"Lasioglossum.sordidum","M_028","Lasioglossum","Halictidae",1.29,4,"Pequena",FALSE
"Apis.mellifera","M_028","Apis","Apidae",2.9,5,"Pequena",FALSE
"Bombus.hortotum","M_028","Bombus","Apidae",4.74,5,"Pequena",FALSE
"Bombus.ruderatus","M_028","Bombus","Apidae",5.58,5,"Grande",FALSE
"Bombus.terrestris","M_028","Bombus","Apidae",4.78,5,"Pequena",FALSE
"Bombus.terrestris","M_028","Bombus","Apidae",4.7,5,"Pequena",FALSE
"Lasioglossum.sordidum","M_028","Lasioglossum","Halictidae",1.29,5,"Pequena",FALSE
"Apis.mellifera","M_028","Apis","Apidae",2.9,6,"Pequena",FALSE
"Bombus.hortotum","M_028","Bombus","Apidae",4.74,6,"Pequena",FALSE
"Bombus.ruderatus","M_028","Bombus","Apidae",5.58,6,"Pequena",FALSE
"Bombus.terrestris","M_028","Bombus","Apidae",4.78,6,"Pequena",FALSE
"Bombus.terrestris","M_028","Bombus","Apidae",4.7,6,"Pequena",FALSE
"Lasioglossum.sordidum","M_028","Lasioglossum","Halictidae",1.29,6,"Pequena",FALSE
"Apis.mellifera","M_028","Apis","Apidae",2.9,7,"Pequena",FALSE
"Bombus.hortotum","M_028","Bombus","Apidae",4.74,7,"Pequena",FALSE
"Bombus.ruderatus","M_028","Bombus","Apidae",5.58,7,"Pequena",FALSE
"Bombus.terrestris","M_028","Bombus","Apidae",4.78,7,"Pequena",FALSE
"Bombus.terrestris","M_028","Bombus","Apidae",4.7,7,"Pequena",FALSE
"Lasioglossum.sordidum","M_028","Lasioglossum","Halictidae",1.29,7,"Pequena",FALSE
"Apis.mellifera","M_028","Apis","Apidae",2.9,8,"Pequena",FALSE
"Bombus.hortotum","M_028","Bombus","Apidae",4.74,8,"Pequena",FALSE
"Bombus.ruderatus","M_028","Bombus","Apidae",5.58,8,"Pequena",FALSE
"Bombus.terrestris","M_028","Bombus","Apidae",4.78,8,"Pequena",FALSE
"Bombus.terrestris","M_028","Bombus","Apidae",4.7,8,"Pequena",FALSE
"Lasioglossum.sordidum","M_028","Lasioglossum","Halictidae",1.29,8,"Pequena",FALSE
"Apis.mellifera","M_028","Apis","Apidae",2.9,9,"Pequena",FALSE
"Bombus.hortotum","M_028","Bombus","Apidae",4.74,9,"Pequena",FALSE
"Bombus.ruderatus","M_028","Bombus","Apidae",5.58,9,"Pequena",FALSE
"Bombus.terrestris","M_028","Bombus","Apidae",4.78,9,"Pequena",FALSE
"Bombus.terrestris","M_028","Bombus","Apidae",4.7,9,"Pequena",FALSE
"Lasioglossum.sordidum","M_028","Lasioglossum","Halictidae",1.29,9,"Pequena",FALSE
"Apis.mellifera","M_059","Apis","Apidae",2.9,1,"Grande",FALSE
"Centris.aenea","M_059","Centris","Apidae",4.7,1,"Grande",FALSE
"Centris.caxiensis","M_059","Centris","Apidae",4.2,1,"Grande",FALSE
"Centris.flavifrons","M_059","Centris","Apidae",5.5,1,"Grande",FALSE
"Centris.fuscata","M_059","Centris","Apidae",4.8,1,"Grande",FALSE
"Centris.obsoleta","M_059","Centris","Apidae",6.5,1,"Grande",FALSE
"Centris.tarsata","M_059","Centris","Apidae",6.7,1,"Grande",FALSE
"Centris.trigonoides","M_059","Centris","Apidae",3,1,"Grande",FALSE
"Xylocopa.grisescens","M_059","Xylocopa","Apidae",7.5,1,"Grande",FALSE
"Apis.mellifera","M_059","Apis","Apidae",2.9,2,"Grande",FALSE
"Centris.aenea","M_059","Centris","Apidae",4.7,2,"Grande",FALSE
"Centris.caxiensis","M_059","Centris","Apidae",4.2,2,"Grande",FALSE
"Centris.flavifrons","M_059","Centris","Apidae",5.5,2,"Grande",FALSE
"Centris.fuscata","M_059","Centris","Apidae",4.8,2,"Grande",FALSE
"Centris.obsoleta","M_059","Centris","Apidae",6.5,2,"Grande",FALSE
"Centris.tarsata","M_059","Centris","Apidae",6.7,2,"Grande",FALSE
"Centris.trigonoides","M_059","Centris","Apidae",3,2,"Grande",FALSE
"Xylocopa.grisescens","M_059","Xylocopa","Apidae",7.5,2,"Grande",FALSE
"Apis.mellifera","M_059","Apis","Apidae",2.9,3,"Pequena",TRUE
"Centris.aenea","M_059","Centris","Apidae",4.7,3,"Grande",TRUE
"Centris.caxiensis","M_059","Centris","Apidae",4.2,3,"Grande",TRUE
"Centris.flavifrons","M_059","Centris","Apidae",5.5,3,"Grande",TRUE
"Centris.fuscata","M_059","Centris","Apidae",4.8,3,"Grande",TRUE
"Centris.obsoleta","M_059","Centris","Apidae",6.5,3,"Grande",TRUE
"Centris.tarsata","M_059","Centris","Apidae",6.7,3,"Grande",TRUE
"Centris.trigonoides","M_059","Centris","Apidae",3,3,"Pequena",TRUE
"Xylocopa.grisescens","M_059","Xylocopa","Apidae",7.5,3,"Grande",TRUE
"Apis.mellifera","M_059","Apis","Apidae",2.9,4,"Pequena",TRUE
"Centris.aenea","M_059","Centris","Apidae",4.7,4,"Grande",TRUE
"Centris.caxiensis","M_059","Centris","Apidae",4.2,4,"Grande",TRUE
"Centris.flavifrons","M_059","Centris","Apidae",5.5,4,"Grande",TRUE
"Centris.fuscata","M_059","Centris","Apidae",4.8,4,"Grande",TRUE
"Centris.obsoleta","M_059","Centris","Apidae",6.5,4,"Grande",TRUE
"Centris.tarsata","M_059","Centris","Apidae",6.7,4,"Grande",TRUE
"Centris.trigonoides","M_059","Centris","Apidae",3,4,"Pequena",TRUE
"Xylocopa.grisescens","M_059","Xylocopa","Apidae",7.5,4,"Grande",TRUE
"Apis.mellifera","M_059","Apis","Apidae",2.9,5,"Pequena",TRUE
"Centris.aenea","M_059","Centris","Apidae",4.7,5,"Pequena",TRUE
"Centris.caxiensis","M_059","Centris","Apidae",4.2,5,"Pequena",TRUE
"Centris.flavifrons","M_059","Centris","Apidae",5.5,5,"Grande",TRUE
"Centris.fuscata","M_059","Centris","Apidae",4.8,5,"Pequena",TRUE
"Centris.obsoleta","M_059","Centris","Apidae",6.5,5,"Grande",TRUE
"Centris.tarsata","M_059","Centris","Apidae",6.7,5,"Grande",TRUE
"Centris.trigonoides","M_059","Centris","Apidae",3,5,"Pequena",TRUE
"Xylocopa.grisescens","M_059","Xylocopa","Apidae",7.5,5,"Grande",TRUE
"Apis.mellifera","M_059","Apis","Apidae",2.9,6,"Pequena",TRUE
"Centris.aenea","M_059","Centris","Apidae",4.7,6,"Pequena",TRUE
"Centris.caxiensis","M_059","Centris","Apidae",4.2,6,"Pequena",TRUE
"Centris.flavifrons","M_059","Centris","Apidae",5.5,6,"Pequena",TRUE
"Centris.fuscata","M_059","Centris","Apidae",4.8,6,"Pequena",TRUE
"Centris.obsoleta","M_059","Centris","Apidae",6.5,6,"Grande",TRUE
"Centris.tarsata","M_059","Centris","Apidae",6.7,6,"Grande",TRUE
"Centris.trigonoides","M_059","Centris","Apidae",3,6,"Pequena",TRUE
"Xylocopa.grisescens","M_059","Xylocopa","Apidae",7.5,6,"Grande",TRUE
"Apis.mellifera","M_059","Apis","Apidae",2.9,7,"Pequena",FALSE
"Centris.aenea","M_059","Centris","Apidae",4.7,7,"Pequena",FALSE
"Centris.caxiensis","M_059","Centris","Apidae",4.2,7,"Pequena",FALSE
"Centris.flavifrons","M_059","Centris","Apidae",5.5,7,"Pequena",FALSE
"Centris.fuscata","M_059","Centris","Apidae",4.8,7,"Pequena",FALSE
"Centris.obsoleta","M_059","Centris","Apidae",6.5,7,"Pequena",FALSE
"Centris.tarsata","M_059","Centris","Apidae",6.7,7,"Pequena",FALSE
"Centris.trigonoides","M_059","Centris","Apidae",3,7,"Pequena",FALSE
"Xylocopa.grisescens","M_059","Xylocopa","Apidae",7.5,7,"Grande",FALSE
"Apis.mellifera","M_059","Apis","Apidae",2.9,8,"Pequena",FALSE
"Centris.aenea","M_059","Centris","Apidae",4.7,8,"Pequena",FALSE
"Centris.caxiensis","M_059","Centris","Apidae",4.2,8,"Pequena",FALSE
"Centris.flavifrons","M_059","Centris","Apidae",5.5,8,"Pequena",FALSE
"Centris.fuscata","M_059","Centris","Apidae",4.8,8,"Pequena",FALSE
"Centris.obsoleta","M_059","Centris","Apidae",6.5,8,"Pequena",FALSE
"Centris.tarsata","M_059","Centris","Apidae",6.7,8,"Pequena",FALSE
"Centris.trigonoides","M_059","Centris","Apidae",3,8,"Pequena",FALSE
"Xylocopa.grisescens","M_059","Xylocopa","Apidae",7.5,8,"Pequena",FALSE
"Apis.mellifera","M_059","Apis","Apidae",2.9,9,"Pequena",FALSE
"Centris.aenea","M_059","Centris","Apidae",4.7,9,"Pequena",FALSE
"Centris.caxiensis","M_059","Centris","Apidae",4.2,9,"Pequena",FALSE
"Centris.flavifrons","M_059","Centris","Apidae",5.5,9,"Pequena",FALSE
"Centris.fuscata","M_059","Centris","Apidae",4.8,9,"Pequena",FALSE
"Centris.obsoleta","M_059","Centris","Apidae",6.5,9,"Pequena",FALSE
"Centris.tarsata","M_059","Centris","Apidae",6.7,9,"Pequena",FALSE
"Centris.trigonoides","M_059","Centris","Apidae",3,9,"Pequena",FALSE
"Xylocopa.grisescens","M_059","Xylocopa","Apidae",7.5,9,"Pequena",FALSE
"Apis.mellifera","M_012","Apis","Apidae",2.9,1,"Grande",FALSE
"Apis.mellifera","M_012","Apis","Apidae",2.9,2,"Grande",FALSE
"Apis.mellifera","M_012","Apis","Apidae",2.9,3,"Pequena",FALSE
"Apis.mellifera","M_012","Apis","Apidae",2.9,4,"Pequena",FALSE
"Apis.mellifera","M_012","Apis","Apidae",2.9,5,"Pequena",FALSE
"Apis.mellifera","M_012","Apis","Apidae",2.9,6,"Pequena",FALSE
"Apis.mellifera","M_012","Apis","Apidae",2.9,7,"Pequena",FALSE
"Apis.mellifera","M_012","Apis","Apidae",2.9,8,"Pequena",FALSE
"Apis.mellifera","M_012","Apis","Apidae",2.9,9,"Pequena",FALSE
"Apis.mellifera","M_049","Apis","Apidae",2.9,1,"Grande",FALSE
"Bombus.hortorum","M_049","Bombus","Apidae",4.56,1,"Grande",FALSE
"Bombus.hortorum","M_049","Bombus","Apidae",4.74,1,"Grande",FALSE
"Bombus.hypnorum","M_049","Bombus","Apidae",3.95,1,"Grande",FALSE
"Bombus.lucorum","M_049","Bombus","Apidae",4.78,1,"Grande",FALSE
"Bombus.lucorum","M_049","Bombus","Apidae",3.75,1,"Grande",FALSE
"Bombus.pratorum","M_049","Bombus","Apidae",4.21,1,"Grande",FALSE
"Apis.mellifera","M_049","Apis","Apidae",2.9,2,"Grande",FALSE
"Bombus.hortorum","M_049","Bombus","Apidae",4.56,2,"Grande",FALSE
"Bombus.hortorum","M_049","Bombus","Apidae",4.74,2,"Grande",FALSE
"Bombus.hypnorum","M_049","Bombus","Apidae",3.95,2,"Grande",FALSE
"Bombus.lucorum","M_049","Bombus","Apidae",4.78,2,"Grande",FALSE
"Bombus.lucorum","M_049","Bombus","Apidae",3.75,2,"Grande",FALSE
"Bombus.pratorum","M_049","Bombus","Apidae",4.21,2,"Grande",FALSE
"Apis.mellifera","M_049","Apis","Apidae",2.9,3,"Pequena",FALSE
"Bombus.hortorum","M_049","Bombus","Apidae",4.56,3,"Grande",FALSE
"Bombus.hortorum","M_049","Bombus","Apidae",4.74,3,"Grande",FALSE
"Bombus.hypnorum","M_049","Bombus","Apidae",3.95,3,"Grande",FALSE
"Bombus.lucorum","M_049","Bombus","Apidae",4.78,3,"Grande",FALSE
"Bombus.lucorum","M_049","Bombus","Apidae",3.75,3,"Grande",FALSE
"Bombus.pratorum","M_049","Bombus","Apidae",4.21,3,"Grande",FALSE
"Apis.mellifera","M_049","Apis","Apidae",2.9,4,"Pequena",FALSE
"Bombus.hortorum","M_049","Bombus","Apidae",4.56,4,"Grande",FALSE
"Bombus.hortorum","M_049","Bombus","Apidae",4.74,4,"Grande",FALSE
"Bombus.hypnorum","M_049","Bombus","Apidae",3.95,4,"Pequena",FALSE
"Bombus.lucorum","M_049","Bombus","Apidae",4.78,4,"Grande",FALSE
"Bombus.lucorum","M_049","Bombus","Apidae",3.75,4,"Pequena",FALSE
"Bombus.pratorum","M_049","Bombus","Apidae",4.21,4,"Grande",FALSE
"Apis.mellifera","M_049","Apis","Apidae",2.9,5,"Pequena",FALSE
"Bombus.hortorum","M_049","Bombus","Apidae",4.56,5,"Pequena",FALSE
"Bombus.hortorum","M_049","Bombus","Apidae",4.74,5,"Pequena",FALSE
"Bombus.hypnorum","M_049","Bombus","Apidae",3.95,5,"Pequena",FALSE
"Bombus.lucorum","M_049","Bombus","Apidae",4.78,5,"Pequena",FALSE
"Bombus.lucorum","M_049","Bombus","Apidae",3.75,5,"Pequena",FALSE
"Bombus.pratorum","M_049","Bombus","Apidae",4.21,5,"Pequena",FALSE
"Apis.mellifera","M_049","Apis","Apidae",2.9,6,"Pequena",FALSE
"Bombus.hortorum","M_049","Bombus","Apidae",4.56,6,"Pequena",FALSE
"Bombus.hortorum","M_049","Bombus","Apidae",4.74,6,"Pequena",FALSE
"Bombus.hypnorum","M_049","Bombus","Apidae",3.95,6,"Pequena",FALSE
"Bombus.lucorum","M_049","Bombus","Apidae",4.78,6,"Pequena",FALSE
"Bombus.lucorum","M_049","Bombus","Apidae",3.75,6,"Pequena",FALSE
"Bombus.pratorum","M_049","Bombus","Apidae",4.21,6,"Pequena",FALSE
"Apis.mellifera","M_049","Apis","Apidae",2.9,7,"Pequena",FALSE
"Bombus.hortorum","M_049","Bombus","Apidae",4.56,7,"Pequena",FALSE
"Bombus.hortorum","M_049","Bombus","Apidae",4.74,7,"Pequena",FALSE
"Bombus.hypnorum","M_049","Bombus","Apidae",3.95,7,"Pequena",FALSE
"Bombus.lucorum","M_049","Bombus","Apidae",4.78,7,"Pequena",FALSE
"Bombus.lucorum","M_049","Bombus","Apidae",3.75,7,"Pequena",FALSE
"Bombus.pratorum","M_049","Bombus","Apidae",4.21,7,"Pequena",FALSE
"Apis.mellifera","M_049","Apis","Apidae",2.9,8,"Pequena",FALSE
"Bombus.hortorum","M_049","Bombus","Apidae",4.56,8,"Pequena",FALSE
"Bombus.hortorum","M_049","Bombus","Apidae",4.74,8,"Pequena",FALSE
"Bombus.hypnorum","M_049","Bombus","Apidae",3.95,8,"Pequena",FALSE
"Bombus.lucorum","M_049","Bombus","Apidae",4.78,8,"Pequena",FALSE
"Bombus.lucorum","M_049","Bombus","Apidae",3.75,8,"Pequena",FALSE
"Bombus.pratorum","M_049","Bombus","Apidae",4.21,8,"Pequena",FALSE
"Apis.mellifera","M_049","Apis","Apidae",2.9,9,"Pequena",FALSE
"Bombus.hortorum","M_049","Bombus","Apidae",4.56,9,"Pequena",FALSE
"Bombus.hortorum","M_049","Bombus","Apidae",4.74,9,"Pequena",FALSE
"Bombus.hypnorum","M_049","Bombus","Apidae",3.95,9,"Pequena",FALSE
"Bombus.lucorum","M_049","Bombus","Apidae",4.78,9,"Pequena",FALSE
"Bombus.lucorum","M_049","Bombus","Apidae",3.75,9,"Pequena",FALSE
"Bombus.pratorum","M_049","Bombus","Apidae",4.21,9,"Pequena",FALSE
"Apis.mellifera","M_034","Apis","Apidae",2.9,1,"Grande",FALSE
"Bombus.dahlbomii","M_034","Bombus","Apidae",6.01,1,"Grande",FALSE
"Bombus.dahlbomii","M_034","Bombus","Apidae",6.1,1,"Grande",FALSE
"Diphaglossa.gayi","M_034","Diphaglossa","Colletidae",2.11,1,"Grande",FALSE
"Apis.mellifera","M_034","Apis","Apidae",2.9,2,"Grande",FALSE
"Bombus.dahlbomii","M_034","Bombus","Apidae",6.01,2,"Grande",FALSE
"Bombus.dahlbomii","M_034","Bombus","Apidae",6.1,2,"Grande",FALSE
"Diphaglossa.gayi","M_034","Diphaglossa","Colletidae",2.11,2,"Grande",FALSE
"Apis.mellifera","M_034","Apis","Apidae",2.9,3,"Pequena",FALSE
"Bombus.dahlbomii","M_034","Bombus","Apidae",6.01,3,"Grande",FALSE
"Bombus.dahlbomii","M_034","Bombus","Apidae",6.1,3,"Grande",FALSE
"Diphaglossa.gayi","M_034","Diphaglossa","Colletidae",2.11,3,"Pequena",FALSE
"Apis.mellifera","M_034","Apis","Apidae",2.9,4,"Pequena",FALSE
"Bombus.dahlbomii","M_034","Bombus","Apidae",6.01,4,"Grande",FALSE
"Bombus.dahlbomii","M_034","Bombus","Apidae",6.1,4,"Grande",FALSE
"Diphaglossa.gayi","M_034","Diphaglossa","Colletidae",2.11,4,"Pequena",FALSE
"Apis.mellifera","M_034","Apis","Apidae",2.9,5,"Pequena",FALSE
"Bombus.dahlbomii","M_034","Bombus","Apidae",6.01,5,"Grande",FALSE
"Bombus.dahlbomii","M_034","Bombus","Apidae",6.1,5,"Grande",FALSE
"Diphaglossa.gayi","M_034","Diphaglossa","Colletidae",2.11,5,"Pequena",FALSE
"Apis.mellifera","M_034","Apis","Apidae",2.9,6,"Pequena",FALSE
"Bombus.dahlbomii","M_034","Bombus","Apidae",6.01,6,"Grande",FALSE
"Bombus.dahlbomii","M_034","Bombus","Apidae",6.1,6,"Grande",FALSE
"Diphaglossa.gayi","M_034","Diphaglossa","Colletidae",2.11,6,"Pequena",FALSE
"Apis.mellifera","M_034","Apis","Apidae",2.9,7,"Pequena",FALSE
"Bombus.dahlbomii","M_034","Bombus","Apidae",6.01,7,"Pequena",FALSE
"Bombus.dahlbomii","M_034","Bombus","Apidae",6.1,7,"Pequena",FALSE
"Diphaglossa.gayi","M_034","Diphaglossa","Colletidae",2.11,7,"Pequena",FALSE
"Apis.mellifera","M_034","Apis","Apidae",2.9,8,"Pequena",FALSE
"Bombus.dahlbomii","M_034","Bombus","Apidae",6.01,8,"Pequena",FALSE
"Bombus.dahlbomii","M_034","Bombus","Apidae",6.1,8,"Pequena",FALSE
"Diphaglossa.gayi","M_034","Diphaglossa","Colletidae",2.11,8,"Pequena",FALSE
"Apis.mellifera","M_034","Apis","Apidae",2.9,9,"Pequena",FALSE
"Bombus.dahlbomii","M_034","Bombus","Apidae",6.01,9,"Pequena",FALSE
"Bombus.dahlbomii","M_034","Bombus","Apidae",6.1,9,"Pequena",FALSE
"Diphaglossa.gayi","M_034","Diphaglossa","Colletidae",2.11,9,"Pequena",FALSE
"Apis.mellifera","M_030","Apis","Apidae",2.9,1,"Grande",FALSE
"Euglossa.cordata","M_030","Euglossa","Apidae",3.4,1,"Grande",FALSE
"Euglossa.cordata","M_030","Euglossa","Apidae",3.44,1,"Grande",FALSE
"Apis.mellifera","M_030","Apis","Apidae",2.9,2,"Grande",FALSE
"Euglossa.cordata","M_030","Euglossa","Apidae",3.4,2,"Grande",FALSE
"Euglossa.cordata","M_030","Euglossa","Apidae",3.44,2,"Grande",FALSE
"Apis.mellifera","M_030","Apis","Apidae",2.9,3,"Pequena",FALSE
"Euglossa.cordata","M_030","Euglossa","Apidae",3.4,3,"Grande",FALSE
"Euglossa.cordata","M_030","Euglossa","Apidae",3.44,3,"Grande",FALSE
"Apis.mellifera","M_030","Apis","Apidae",2.9,4,"Pequena",FALSE
"Euglossa.cordata","M_030","Euglossa","Apidae",3.4,4,"Pequena",FALSE
"Euglossa.cordata","M_030","Euglossa","Apidae",3.44,4,"Pequena",FALSE
"Apis.mellifera","M_030","Apis","Apidae",2.9,5,"Pequena",FALSE
"Euglossa.cordata","M_030","Euglossa","Apidae",3.4,5,"Pequena",FALSE
"Euglossa.cordata","M_030","Euglossa","Apidae",3.44,5,"Pequena",FALSE
"Apis.mellifera","M_030","Apis","Apidae",2.9,6,"Pequena",FALSE
"Euglossa.cordata","M_030","Euglossa","Apidae",3.4,6,"Pequena",FALSE
"Euglossa.cordata","M_030","Euglossa","Apidae",3.44,6,"Pequena",FALSE
"Apis.mellifera","M_030","Apis","Apidae",2.9,7,"Pequena",FALSE
"Euglossa.cordata","M_030","Euglossa","Apidae",3.4,7,"Pequena",FALSE
"Euglossa.cordata","M_030","Euglossa","Apidae",3.44,7,"Pequena",FALSE
"Apis.mellifera","M_030","Apis","Apidae",2.9,8,"Pequena",FALSE
"Euglossa.cordata","M_030","Euglossa","Apidae",3.4,8,"Pequena",FALSE
"Euglossa.cordata","M_030","Euglossa","Apidae",3.44,8,"Pequena",FALSE
"Apis.mellifera","M_030","Apis","Apidae",2.9,9,"Pequena",FALSE
"Euglossa.cordata","M_030","Euglossa","Apidae",3.4,9,"Pequena",FALSE
"Euglossa.cordata","M_030","Euglossa","Apidae",3.44,9,"Pequena",FALSE
"Apis.mellifera","M_013","Apis","Apidae",2.9,1,"Grande",FALSE
"Apis.mellifera","M_013","Apis","Apidae",2.9,2,"Grande",FALSE
"Apis.mellifera","M_013","Apis","Apidae",2.9,3,"Pequena",FALSE
"Apis.mellifera","M_013","Apis","Apidae",2.9,4,"Pequena",FALSE
"Apis.mellifera","M_013","Apis","Apidae",2.9,5,"Pequena",FALSE
"Apis.mellifera","M_013","Apis","Apidae",2.9,6,"Pequena",FALSE
"Apis.mellifera","M_013","Apis","Apidae",2.9,7,"Pequena",FALSE
"Apis.mellifera","M_013","Apis","Apidae",2.9,8,"Pequena",FALSE
"Apis.mellifera","M_013","Apis","Apidae",2.9,9,"Pequena",FALSE
"Apis.mellifera","M_036","Apis","Apidae",2.9,1,"Grande",FALSE
"Apis.mellifera","M_036","Apis","Apidae",2.9,2,"Grande",FALSE
"Apis.mellifera","M_036","Apis","Apidae",2.9,3,"Pequena",FALSE
"Apis.mellifera","M_036","Apis","Apidae",2.9,4,"Pequena",FALSE
"Apis.mellifera","M_036","Apis","Apidae",2.9,5,"Pequena",FALSE
"Apis.mellifera","M_036","Apis","Apidae",2.9,6,"Pequena",FALSE
"Apis.mellifera","M_036","Apis","Apidae",2.9,7,"Pequena",FALSE
"Apis.mellifera","M_036","Apis","Apidae",2.9,8,"Pequena",FALSE
"Apis.mellifera","M_036","Apis","Apidae",2.9,9,"Pequena",FALSE
"Apis.mellifera","M_017","Apis","Apidae",2.9,1,"Grande",FALSE
"Bombus.lapidarius","M_017","Bombus","Apidae",3.98,1,"Grande",FALSE
"Bombus.muscorum","M_017","Bombus","Apidae",3.84,1,"Grande",FALSE
"Bombus.pascuorum","M_017","Bombus","Apidae",3.72,1,"Grande",FALSE
"Bombus.terrestris","M_017","Bombus","Apidae",4.78,1,"Grande",FALSE
"Bombus.terrestris","M_017","Bombus","Apidae",4.7,1,"Grande",FALSE
"Apis.mellifera","M_017","Apis","Apidae",2.9,2,"Grande",FALSE
"Bombus.lapidarius","M_017","Bombus","Apidae",3.98,2,"Grande",FALSE
"Bombus.muscorum","M_017","Bombus","Apidae",3.84,2,"Grande",FALSE
"Bombus.pascuorum","M_017","Bombus","Apidae",3.72,2,"Grande",FALSE
"Bombus.terrestris","M_017","Bombus","Apidae",4.78,2,"Grande",FALSE
"Bombus.terrestris","M_017","Bombus","Apidae",4.7,2,"Grande",FALSE
"Apis.mellifera","M_017","Apis","Apidae",2.9,3,"Pequena",FALSE
"Bombus.lapidarius","M_017","Bombus","Apidae",3.98,3,"Grande",FALSE
"Bombus.muscorum","M_017","Bombus","Apidae",3.84,3,"Grande",FALSE
"Bombus.pascuorum","M_017","Bombus","Apidae",3.72,3,"Grande",FALSE
"Bombus.terrestris","M_017","Bombus","Apidae",4.78,3,"Grande",FALSE
"Bombus.terrestris","M_017","Bombus","Apidae",4.7,3,"Grande",FALSE
"Apis.mellifera","M_017","Apis","Apidae",2.9,4,"Pequena",TRUE
"Bombus.lapidarius","M_017","Bombus","Apidae",3.98,4,"Pequena",TRUE
"Bombus.muscorum","M_017","Bombus","Apidae",3.84,4,"Pequena",TRUE
"Bombus.pascuorum","M_017","Bombus","Apidae",3.72,4,"Pequena",TRUE
"Bombus.terrestris","M_017","Bombus","Apidae",4.78,4,"Grande",TRUE
"Bombus.terrestris","M_017","Bombus","Apidae",4.7,4,"Grande",TRUE
"Apis.mellifera","M_017","Apis","Apidae",2.9,5,"Pequena",FALSE
"Bombus.lapidarius","M_017","Bombus","Apidae",3.98,5,"Pequena",FALSE
"Bombus.muscorum","M_017","Bombus","Apidae",3.84,5,"Pequena",FALSE
"Bombus.pascuorum","M_017","Bombus","Apidae",3.72,5,"Pequena",FALSE
"Bombus.terrestris","M_017","Bombus","Apidae",4.78,5,"Pequena",FALSE
"Bombus.terrestris","M_017","Bombus","Apidae",4.7,5,"Pequena",FALSE
"Apis.mellifera","M_017","Apis","Apidae",2.9,6,"Pequena",FALSE
"Bombus.lapidarius","M_017","Bombus","Apidae",3.98,6,"Pequena",FALSE
"Bombus.muscorum","M_017","Bombus","Apidae",3.84,6,"Pequena",FALSE
"Bombus.pascuorum","M_017","Bombus","Apidae",3.72,6,"Pequena",FALSE
"Bombus.terrestris","M_017","Bombus","Apidae",4.78,6,"Pequena",FALSE
"Bombus.terrestris","M_017","Bombus","Apidae",4.7,6,"Pequena",FALSE
"Apis.mellifera","M_017","Apis","Apidae",2.9,7,"Pequena",FALSE
"Bombus.lapidarius","M_017","Bombus","Apidae",3.98,7,"Pequena",FALSE
"Bombus.muscorum","M_017","Bombus","Apidae",3.84,7,"Pequena",FALSE
"Bombus.pascuorum","M_017","Bombus","Apidae",3.72,7,"Pequena",FALSE
"Bombus.terrestris","M_017","Bombus","Apidae",4.78,7,"Pequena",FALSE
"Bombus.terrestris","M_017","Bombus","Apidae",4.7,7,"Pequena",FALSE
"Apis.mellifera","M_017","Apis","Apidae",2.9,8,"Pequena",FALSE
"Bombus.lapidarius","M_017","Bombus","Apidae",3.98,8,"Pequena",FALSE
"Bombus.muscorum","M_017","Bombus","Apidae",3.84,8,"Pequena",FALSE
"Bombus.pascuorum","M_017","Bombus","Apidae",3.72,8,"Pequena",FALSE
"Bombus.terrestris","M_017","Bombus","Apidae",4.78,8,"Pequena",FALSE
"Bombus.terrestris","M_017","Bombus","Apidae",4.7,8,"Pequena",FALSE
"Apis.mellifera","M_017","Apis","Apidae",2.9,9,"Pequena",FALSE
"Bombus.lapidarius","M_017","Bombus","Apidae",3.98,9,"Pequena",FALSE
"Bombus.muscorum","M_017","Bombus","Apidae",3.84,9,"Pequena",FALSE
"Bombus.pascuorum","M_017","Bombus","Apidae",3.72,9,"Pequena",FALSE
"Bombus.terrestris","M_017","Bombus","Apidae",4.78,9,"Pequena",FALSE
"Bombus.terrestris","M_017","Bombus","Apidae",4.7,9,"Pequena",FALSE
"Apis.mellifera","M_029","Apis","Apidae",2.9,1,"Grande",FALSE
"Bombus.terrestris","M_029","Bombus","Apidae",4.78,1,"Grande",FALSE
"Bombus.terrestris","M_029","Bombus","Apidae",4.7,1,"Grande",FALSE
"Lasioglossum.sordidum","M_029","Lasioglossum","Halictidae",1.29,1,"Grande",FALSE
"Apis.mellifera","M_029","Apis","Apidae",2.9,2,"Grande",FALSE
"Bombus.terrestris","M_029","Bombus","Apidae",4.78,2,"Grande",FALSE
"Bombus.terrestris","M_029","Bombus","Apidae",4.7,2,"Grande",FALSE
"Lasioglossum.sordidum","M_029","Lasioglossum","Halictidae",1.29,2,"Pequena",FALSE
"Apis.mellifera","M_029","Apis","Apidae",2.9,3,"Pequena",FALSE
"Bombus.terrestris","M_029","Bombus","Apidae",4.78,3,"Grande",FALSE
"Bombus.terrestris","M_029","Bombus","Apidae",4.7,3,"Grande",FALSE
"Lasioglossum.sordidum","M_029","Lasioglossum","Halictidae",1.29,3,"Pequena",FALSE
"Apis.mellifera","M_029","Apis","Apidae",2.9,4,"Pequena",FALSE
"Bombus.terrestris","M_029","Bombus","Apidae",4.78,4,"Grande",FALSE
"Bombus.terrestris","M_029","Bombus","Apidae",4.7,4,"Grande",FALSE
"Lasioglossum.sordidum","M_029","Lasioglossum","Halictidae",1.29,4,"Pequena",FALSE
"Apis.mellifera","M_029","Apis","Apidae",2.9,5,"Pequena",FALSE
"Bombus.terrestris","M_029","Bombus","Apidae",4.78,5,"Pequena",FALSE
"Bombus.terrestris","M_029","Bombus","Apidae",4.7,5,"Pequena",FALSE
"Lasioglossum.sordidum","M_029","Lasioglossum","Halictidae",1.29,5,"Pequena",FALSE
"Apis.mellifera","M_029","Apis","Apidae",2.9,6,"Pequena",FALSE
"Bombus.terrestris","M_029","Bombus","Apidae",4.78,6,"Pequena",FALSE
"Bombus.terrestris","M_029","Bombus","Apidae",4.7,6,"Pequena",FALSE
"Lasioglossum.sordidum","M_029","Lasioglossum","Halictidae",1.29,6,"Pequena",FALSE
"Apis.mellifera","M_029","Apis","Apidae",2.9,7,"Pequena",FALSE
"Bombus.terrestris","M_029","Bombus","Apidae",4.78,7,"Pequena",FALSE
"Bombus.terrestris","M_029","Bombus","Apidae",4.7,7,"Pequena",FALSE
"Lasioglossum.sordidum","M_029","Lasioglossum","Halictidae",1.29,7,"Pequena",FALSE
"Apis.mellifera","M_029","Apis","Apidae",2.9,8,"Pequena",FALSE
"Bombus.terrestris","M_029","Bombus","Apidae",4.78,8,"Pequena",FALSE
"Bombus.terrestris","M_029","Bombus","Apidae",4.7,8,"Pequena",FALSE
"Lasioglossum.sordidum","M_029","Lasioglossum","Halictidae",1.29,8,"Pequena",FALSE
"Apis.mellifera","M_029","Apis","Apidae",2.9,9,"Pequena",FALSE
"Bombus.terrestris","M_029","Bombus","Apidae",4.78,9,"Pequena",FALSE
"Bombus.terrestris","M_029","Bombus","Apidae",4.7,9,"Pequena",FALSE
"Lasioglossum.sordidum","M_029","Lasioglossum","Halictidae",1.29,9,"Pequena",FALSE
"Apis.mellifera","M_019","Apis","Apidae",2.9,1,"Grande",FALSE
"Apis.mellifera","M_019","Apis","Apidae",2.9,2,"Grande",FALSE
"Apis.mellifera","M_019","Apis","Apidae",2.9,3,"Pequena",FALSE
"Apis.mellifera","M_019","Apis","Apidae",2.9,4,"Pequena",FALSE
"Apis.mellifera","M_019","Apis","Apidae",2.9,5,"Pequena",FALSE
"Apis.mellifera","M_019","Apis","Apidae",2.9,6,"Pequena",FALSE
"Apis.mellifera","M_019","Apis","Apidae",2.9,7,"Pequena",FALSE
"Apis.mellifera","M_019","Apis","Apidae",2.9,8,"Pequena",FALSE
"Apis.mellifera","M_019","Apis","Apidae",2.9,9,"Pequena",FALSE
"Apis.mellifera","M_023","Apis","Apidae",2.9,1,"Grande",FALSE
"Apis.mellifera","M_023","Apis","Apidae",2.9,2,"Grande",FALSE
"Apis.mellifera","M_023","Apis","Apidae",2.9,3,"Pequena",FALSE
"Apis.mellifera","M_023","Apis","Apidae",2.9,4,"Pequena",FALSE
"Apis.mellifera","M_023","Apis","Apidae",2.9,5,"Pequena",FALSE
"Apis.mellifera","M_023","Apis","Apidae",2.9,6,"Pequena",FALSE
"Apis.mellifera","M_023","Apis","Apidae",2.9,7,"Pequena",FALSE
"Apis.mellifera","M_023","Apis","Apidae",2.9,8,"Pequena",FALSE
"Apis.mellifera","M_023","Apis","Apidae",2.9,9,"Pequena",FALSE
"Bombus.alpinus","M_009","Bombus","Apidae",5.28,1,"Grande",FALSE
"Bombus.alpinus","M_009","Bombus","Apidae",5.28,2,"Grande",FALSE
"Bombus.alpinus","M_009","Bombus","Apidae",5.28,3,"Grande",FALSE
"Bombus.alpinus","M_009","Bombus","Apidae",5.28,4,"Grande",FALSE
"Bombus.alpinus","M_009","Bombus","Apidae",5.28,5,"Grande",FALSE
"Bombus.alpinus","M_009","Bombus","Apidae",5.28,6,"Pequena",FALSE
"Bombus.alpinus","M_009","Bombus","Apidae",5.28,7,"Pequena",FALSE
"Bombus.alpinus","M_009","Bombus","Apidae",5.28,8,"Pequena",FALSE
"Bombus.alpinus","M_009","Bombus","Apidae",5.28,9,"Pequena",FALSE
"Bombus.brasiliensis","M_074","Bombus","Apidae",4.4,1,"Grande",FALSE
"Bombus.brasiliensis","M_074","Bombus","Apidae",4.4,2,"Grande",FALSE
"Bombus.brasiliensis","M_074","Bombus","Apidae",4.4,3,"Grande",FALSE
"Bombus.brasiliensis","M_074","Bombus","Apidae",4.4,4,"Grande",FALSE
"Bombus.brasiliensis","M_074","Bombus","Apidae",4.4,5,"Pequena",FALSE
"Bombus.brasiliensis","M_074","Bombus","Apidae",4.4,6,"Pequena",FALSE
"Bombus.brasiliensis","M_074","Bombus","Apidae",4.4,7,"Pequena",FALSE
"Bombus.brasiliensis","M_074","Bombus","Apidae",4.4,8,"Pequena",FALSE
"Bombus.brasiliensis","M_074","Bombus","Apidae",4.4,9,"Pequena",FALSE
"Bombus.dahlbomii","M_051","Bombus","Apidae",6.01,1,"Grande",FALSE
"Bombus.dahlbomii","M_051","Bombus","Apidae",6.1,1,"Grande",FALSE
"Bombus.ruderatus","M_051","Bombus","Apidae",5.58,1,"Grande",FALSE
"Manuelia.gayi","M_051","Manuelia","Apidae",1.8,1,"Grande",FALSE
"Manuelia.postica","M_051","Manuelia","Apidae",1.7,1,"Grande",FALSE
"Ruizantheda.mutabilis","M_051","Ruizantheda","Halictidae",1.68,1,"Grande",FALSE
"Bombus.dahlbomii","M_051","Bombus","Apidae",6.01,2,"Grande",TRUE
"Bombus.dahlbomii","M_051","Bombus","Apidae",6.1,2,"Grande",TRUE
"Bombus.ruderatus","M_051","Bombus","Apidae",5.58,2,"Grande",TRUE
"Manuelia.gayi","M_051","Manuelia","Apidae",1.8,2,"Pequena",TRUE
"Manuelia.postica","M_051","Manuelia","Apidae",1.7,2,"Pequena",TRUE
"Ruizantheda.mutabilis","M_051","Ruizantheda","Halictidae",1.68,2,"Pequena",TRUE
"Bombus.dahlbomii","M_051","Bombus","Apidae",6.01,3,"Grande",TRUE
"Bombus.dahlbomii","M_051","Bombus","Apidae",6.1,3,"Grande",TRUE
"Bombus.ruderatus","M_051","Bombus","Apidae",5.58,3,"Grande",TRUE
"Manuelia.gayi","M_051","Manuelia","Apidae",1.8,3,"Pequena",TRUE
"Manuelia.postica","M_051","Manuelia","Apidae",1.7,3,"Pequena",TRUE
"Ruizantheda.mutabilis","M_051","Ruizantheda","Halictidae",1.68,3,"Pequena",TRUE
"Bombus.dahlbomii","M_051","Bombus","Apidae",6.01,4,"Grande",TRUE
"Bombus.dahlbomii","M_051","Bombus","Apidae",6.1,4,"Grande",TRUE
"Bombus.ruderatus","M_051","Bombus","Apidae",5.58,4,"Grande",TRUE
"Manuelia.gayi","M_051","Manuelia","Apidae",1.8,4,"Pequena",TRUE
"Manuelia.postica","M_051","Manuelia","Apidae",1.7,4,"Pequena",TRUE
"Ruizantheda.mutabilis","M_051","Ruizantheda","Halictidae",1.68,4,"Pequena",TRUE
"Bombus.dahlbomii","M_051","Bombus","Apidae",6.01,5,"Grande",TRUE
"Bombus.dahlbomii","M_051","Bombus","Apidae",6.1,5,"Grande",TRUE
"Bombus.ruderatus","M_051","Bombus","Apidae",5.58,5,"Grande",TRUE
"Manuelia.gayi","M_051","Manuelia","Apidae",1.8,5,"Pequena",TRUE
"Manuelia.postica","M_051","Manuelia","Apidae",1.7,5,"Pequena",TRUE
"Ruizantheda.mutabilis","M_051","Ruizantheda","Halictidae",1.68,5,"Pequena",TRUE
"Bombus.dahlbomii","M_051","Bombus","Apidae",6.01,6,"Grande",TRUE
"Bombus.dahlbomii","M_051","Bombus","Apidae",6.1,6,"Grande",TRUE
"Bombus.ruderatus","M_051","Bombus","Apidae",5.58,6,"Pequena",TRUE
"Manuelia.gayi","M_051","Manuelia","Apidae",1.8,6,"Pequena",TRUE
"Manuelia.postica","M_051","Manuelia","Apidae",1.7,6,"Pequena",TRUE
"Ruizantheda.mutabilis","M_051","Ruizantheda","Halictidae",1.68,6,"Pequena",TRUE
"Bombus.dahlbomii","M_051","Bombus","Apidae",6.01,7,"Pequena",FALSE
"Bombus.dahlbomii","M_051","Bombus","Apidae",6.1,7,"Pequena",FALSE
"Bombus.ruderatus","M_051","Bombus","Apidae",5.58,7,"Pequena",FALSE
"Manuelia.gayi","M_051","Manuelia","Apidae",1.8,7,"Pequena",FALSE
"Manuelia.postica","M_051","Manuelia","Apidae",1.7,7,"Pequena",FALSE
"Ruizantheda.mutabilis","M_051","Ruizantheda","Halictidae",1.68,7,"Pequena",FALSE
"Bombus.dahlbomii","M_051","Bombus","Apidae",6.01,8,"Pequena",FALSE
"Bombus.dahlbomii","M_051","Bombus","Apidae",6.1,8,"Pequena",FALSE
"Bombus.ruderatus","M_051","Bombus","Apidae",5.58,8,"Pequena",FALSE
"Manuelia.gayi","M_051","Manuelia","Apidae",1.8,8,"Pequena",FALSE
"Manuelia.postica","M_051","Manuelia","Apidae",1.7,8,"Pequena",FALSE
"Ruizantheda.mutabilis","M_051","Ruizantheda","Halictidae",1.68,8,"Pequena",FALSE
"Bombus.dahlbomii","M_051","Bombus","Apidae",6.01,9,"Pequena",FALSE
"Bombus.dahlbomii","M_051","Bombus","Apidae",6.1,9,"Pequena",FALSE
"Bombus.ruderatus","M_051","Bombus","Apidae",5.58,9,"Pequena",FALSE
"Manuelia.gayi","M_051","Manuelia","Apidae",1.8,9,"Pequena",FALSE
"Manuelia.postica","M_051","Manuelia","Apidae",1.7,9,"Pequena",FALSE
"Ruizantheda.mutabilis","M_051","Ruizantheda","Halictidae",1.68,9,"Pequena",FALSE
"Bombus.hortorum","M_043","Bombus","Apidae",4.56,1,"Grande",FALSE
"Bombus.hortorum","M_043","Bombus","Apidae",4.74,1,"Grande",FALSE
"Bombus.lapidarius","M_043","Bombus","Apidae",3.98,1,"Grande",FALSE
"Bombus.lucorum","M_043","Bombus","Apidae",4.78,1,"Grande",FALSE
"Bombus.lucorum","M_043","Bombus","Apidae",3.75,1,"Grande",FALSE
"Bombus.pascuorum","M_043","Bombus","Apidae",3.72,1,"Grande",FALSE
"Bombus.pratorum","M_043","Bombus","Apidae",4.21,1,"Grande",FALSE
"Bombus.ruderatus","M_043","Bombus","Apidae",5.58,1,"Grande",FALSE
"Bombus.soroeensis","M_043","Bombus","Apidae",3.45,1,"Grande",FALSE
"Bombus.terrestris","M_043","Bombus","Apidae",4.78,1,"Grande",FALSE
"Bombus.terrestris","M_043","Bombus","Apidae",4.7,1,"Grande",FALSE
"Bombus.hortorum","M_043","Bombus","Apidae",4.56,2,"Grande",FALSE
"Bombus.hortorum","M_043","Bombus","Apidae",4.74,2,"Grande",FALSE
"Bombus.lapidarius","M_043","Bombus","Apidae",3.98,2,"Grande",FALSE
"Bombus.lucorum","M_043","Bombus","Apidae",4.78,2,"Grande",FALSE
"Bombus.lucorum","M_043","Bombus","Apidae",3.75,2,"Grande",FALSE
"Bombus.pascuorum","M_043","Bombus","Apidae",3.72,2,"Grande",FALSE
"Bombus.pratorum","M_043","Bombus","Apidae",4.21,2,"Grande",FALSE
"Bombus.ruderatus","M_043","Bombus","Apidae",5.58,2,"Grande",FALSE
"Bombus.soroeensis","M_043","Bombus","Apidae",3.45,2,"Grande",FALSE
"Bombus.terrestris","M_043","Bombus","Apidae",4.78,2,"Grande",FALSE
"Bombus.terrestris","M_043","Bombus","Apidae",4.7,2,"Grande",FALSE
"Bombus.hortorum","M_043","Bombus","Apidae",4.56,3,"Grande",FALSE
"Bombus.hortorum","M_043","Bombus","Apidae",4.74,3,"Grande",FALSE
"Bombus.lapidarius","M_043","Bombus","Apidae",3.98,3,"Grande",FALSE
"Bombus.lucorum","M_043","Bombus","Apidae",4.78,3,"Grande",FALSE
"Bombus.lucorum","M_043","Bombus","Apidae",3.75,3,"Grande",FALSE
"Bombus.pascuorum","M_043","Bombus","Apidae",3.72,3,"Grande",FALSE
"Bombus.pratorum","M_043","Bombus","Apidae",4.21,3,"Grande",FALSE
"Bombus.ruderatus","M_043","Bombus","Apidae",5.58,3,"Grande",FALSE
"Bombus.soroeensis","M_043","Bombus","Apidae",3.45,3,"Grande",FALSE
"Bombus.terrestris","M_043","Bombus","Apidae",4.78,3,"Grande",FALSE
"Bombus.terrestris","M_043","Bombus","Apidae",4.7,3,"Grande",FALSE
"Bombus.hortorum","M_043","Bombus","Apidae",4.56,4,"Grande",TRUE
"Bombus.hortorum","M_043","Bombus","Apidae",4.74,4,"Grande",TRUE
"Bombus.lapidarius","M_043","Bombus","Apidae",3.98,4,"Pequena",TRUE
"Bombus.lucorum","M_043","Bombus","Apidae",4.78,4,"Grande",TRUE
"Bombus.lucorum","M_043","Bombus","Apidae",3.75,4,"Pequena",TRUE
"Bombus.pascuorum","M_043","Bombus","Apidae",3.72,4,"Pequena",TRUE
"Bombus.pratorum","M_043","Bombus","Apidae",4.21,4,"Grande",TRUE
"Bombus.ruderatus","M_043","Bombus","Apidae",5.58,4,"Grande",TRUE
"Bombus.soroeensis","M_043","Bombus","Apidae",3.45,4,"Pequena",TRUE
"Bombus.terrestris","M_043","Bombus","Apidae",4.78,4,"Grande",TRUE
"Bombus.terrestris","M_043","Bombus","Apidae",4.7,4,"Grande",TRUE
"Bombus.hortorum","M_043","Bombus","Apidae",4.56,5,"Pequena",FALSE
"Bombus.hortorum","M_043","Bombus","Apidae",4.74,5,"Pequena",FALSE
"Bombus.lapidarius","M_043","Bombus","Apidae",3.98,5,"Pequena",FALSE
"Bombus.lucorum","M_043","Bombus","Apidae",4.78,5,"Pequena",FALSE
"Bombus.lucorum","M_043","Bombus","Apidae",3.75,5,"Pequena",FALSE
"Bombus.pascuorum","M_043","Bombus","Apidae",3.72,5,"Pequena",FALSE
"Bombus.pratorum","M_043","Bombus","Apidae",4.21,5,"Pequena",FALSE
"Bombus.ruderatus","M_043","Bombus","Apidae",5.58,5,"Grande",FALSE
"Bombus.soroeensis","M_043","Bombus","Apidae",3.45,5,"Pequena",FALSE
"Bombus.terrestris","M_043","Bombus","Apidae",4.78,5,"Pequena",FALSE
"Bombus.terrestris","M_043","Bombus","Apidae",4.7,5,"Pequena",FALSE
"Bombus.hortorum","M_043","Bombus","Apidae",4.56,6,"Pequena",FALSE
"Bombus.hortorum","M_043","Bombus","Apidae",4.74,6,"Pequena",FALSE
"Bombus.lapidarius","M_043","Bombus","Apidae",3.98,6,"Pequena",FALSE
"Bombus.lucorum","M_043","Bombus","Apidae",4.78,6,"Pequena",FALSE
"Bombus.lucorum","M_043","Bombus","Apidae",3.75,6,"Pequena",FALSE
"Bombus.pascuorum","M_043","Bombus","Apidae",3.72,6,"Pequena",FALSE
"Bombus.pratorum","M_043","Bombus","Apidae",4.21,6,"Pequena",FALSE
"Bombus.ruderatus","M_043","Bombus","Apidae",5.58,6,"Pequena",FALSE
"Bombus.soroeensis","M_043","Bombus","Apidae",3.45,6,"Pequena",FALSE
"Bombus.terrestris","M_043","Bombus","Apidae",4.78,6,"Pequena",FALSE
"Bombus.terrestris","M_043","Bombus","Apidae",4.7,6,"Pequena",FALSE
"Bombus.hortorum","M_043","Bombus","Apidae",4.56,7,"Pequena",FALSE
"Bombus.hortorum","M_043","Bombus","Apidae",4.74,7,"Pequena",FALSE
"Bombus.lapidarius","M_043","Bombus","Apidae",3.98,7,"Pequena",FALSE
"Bombus.lucorum","M_043","Bombus","Apidae",4.78,7,"Pequena",FALSE
"Bombus.lucorum","M_043","Bombus","Apidae",3.75,7,"Pequena",FALSE
"Bombus.pascuorum","M_043","Bombus","Apidae",3.72,7,"Pequena",FALSE
"Bombus.pratorum","M_043","Bombus","Apidae",4.21,7,"Pequena",FALSE
"Bombus.ruderatus","M_043","Bombus","Apidae",5.58,7,"Pequena",FALSE
"Bombus.soroeensis","M_043","Bombus","Apidae",3.45,7,"Pequena",FALSE
"Bombus.terrestris","M_043","Bombus","Apidae",4.78,7,"Pequena",FALSE
"Bombus.terrestris","M_043","Bombus","Apidae",4.7,7,"Pequena",FALSE
"Bombus.hortorum","M_043","Bombus","Apidae",4.56,8,"Pequena",FALSE
"Bombus.hortorum","M_043","Bombus","Apidae",4.74,8,"Pequena",FALSE
"Bombus.lapidarius","M_043","Bombus","Apidae",3.98,8,"Pequena",FALSE
"Bombus.lucorum","M_043","Bombus","Apidae",4.78,8,"Pequena",FALSE
"Bombus.lucorum","M_043","Bombus","Apidae",3.75,8,"Pequena",FALSE
"Bombus.pascuorum","M_043","Bombus","Apidae",3.72,8,"Pequena",FALSE
"Bombus.pratorum","M_043","Bombus","Apidae",4.21,8,"Pequena",FALSE
"Bombus.ruderatus","M_043","Bombus","Apidae",5.58,8,"Pequena",FALSE
"Bombus.soroeensis","M_043","Bombus","Apidae",3.45,8,"Pequena",FALSE
"Bombus.terrestris","M_043","Bombus","Apidae",4.78,8,"Pequena",FALSE
"Bombus.terrestris","M_043","Bombus","Apidae",4.7,8,"Pequena",FALSE
"Bombus.hortorum","M_043","Bombus","Apidae",4.56,9,"Pequena",FALSE
"Bombus.hortorum","M_043","Bombus","Apidae",4.74,9,"Pequena",FALSE
"Bombus.lapidarius","M_043","Bombus","Apidae",3.98,9,"Pequena",FALSE
"Bombus.lucorum","M_043","Bombus","Apidae",4.78,9,"Pequena",FALSE
"Bombus.lucorum","M_043","Bombus","Apidae",3.75,9,"Pequena",FALSE
"Bombus.pascuorum","M_043","Bombus","Apidae",3.72,9,"Pequena",FALSE
"Bombus.pratorum","M_043","Bombus","Apidae",4.21,9,"Pequena",FALSE
"Bombus.ruderatus","M_043","Bombus","Apidae",5.58,9,"Pequena",FALSE
"Bombus.soroeensis","M_043","Bombus","Apidae",3.45,9,"Pequena",FALSE
"Bombus.terrestris","M_043","Bombus","Apidae",4.78,9,"Pequena",FALSE
"Bombus.terrestris","M_043","Bombus","Apidae",4.7,9,"Pequena",FALSE
"Bombus.hortorum","M_038","Bombus","Apidae",4.56,1,"Grande",FALSE
"Bombus.hortorum","M_038","Bombus","Apidae",4.74,1,"Grande",FALSE
"Bombus.pascuorum","M_038","Bombus","Apidae",3.72,1,"Grande",FALSE
"Bombus.hortorum","M_038","Bombus","Apidae",4.56,2,"Grande",FALSE
"Bombus.hortorum","M_038","Bombus","Apidae",4.74,2,"Grande",FALSE
"Bombus.pascuorum","M_038","Bombus","Apidae",3.72,2,"Grande",FALSE
"Bombus.hortorum","M_038","Bombus","Apidae",4.56,3,"Grande",FALSE
"Bombus.hortorum","M_038","Bombus","Apidae",4.74,3,"Grande",FALSE
"Bombus.pascuorum","M_038","Bombus","Apidae",3.72,3,"Grande",FALSE
"Bombus.hortorum","M_038","Bombus","Apidae",4.56,4,"Grande",FALSE
"Bombus.hortorum","M_038","Bombus","Apidae",4.74,4,"Grande",FALSE
"Bombus.pascuorum","M_038","Bombus","Apidae",3.72,4,"Pequena",FALSE
"Bombus.hortorum","M_038","Bombus","Apidae",4.56,5,"Pequena",FALSE
"Bombus.hortorum","M_038","Bombus","Apidae",4.74,5,"Pequena",FALSE
"Bombus.pascuorum","M_038","Bombus","Apidae",3.72,5,"Pequena",FALSE
"Bombus.hortorum","M_038","Bombus","Apidae",4.56,6,"Pequena",FALSE
"Bombus.hortorum","M_038","Bombus","Apidae",4.74,6,"Pequena",FALSE
"Bombus.pascuorum","M_038","Bombus","Apidae",3.72,6,"Pequena",FALSE
"Bombus.hortorum","M_038","Bombus","Apidae",4.56,7,"Pequena",FALSE
"Bombus.hortorum","M_038","Bombus","Apidae",4.74,7,"Pequena",FALSE
"Bombus.pascuorum","M_038","Bombus","Apidae",3.72,7,"Pequena",FALSE
"Bombus.hortorum","M_038","Bombus","Apidae",4.56,8,"Pequena",FALSE
"Bombus.hortorum","M_038","Bombus","Apidae",4.74,8,"Pequena",FALSE
"Bombus.pascuorum","M_038","Bombus","Apidae",3.72,8,"Pequena",FALSE
"Bombus.hortorum","M_038","Bombus","Apidae",4.56,9,"Pequena",FALSE
"Bombus.hortorum","M_038","Bombus","Apidae",4.74,9,"Pequena",FALSE
"Bombus.pascuorum","M_038","Bombus","Apidae",3.72,9,"Pequena",FALSE
"Bombus.hortorum","M_018","Bombus","Apidae",4.56,1,"Grande",FALSE
"Bombus.hortorum","M_018","Bombus","Apidae",4.74,1,"Grande",FALSE
"Bombus.lapidarius","M_018","Bombus","Apidae",3.98,1,"Grande",FALSE
"Bombus.lucorum","M_018","Bombus","Apidae",4.78,1,"Grande",FALSE
"Bombus.lucorum","M_018","Bombus","Apidae",3.75,1,"Grande",FALSE
"Bombus.pascuorum","M_018","Bombus","Apidae",3.72,1,"Grande",FALSE
"Bombus.pratorum","M_018","Bombus","Apidae",4.21,1,"Grande",FALSE
"Bombus.ruderatus","M_018","Bombus","Apidae",5.58,1,"Grande",FALSE
"Bombus.soroeensis","M_018","Bombus","Apidae",3.45,1,"Grande",FALSE
"Bombus.terrestris","M_018","Bombus","Apidae",4.78,1,"Grande",FALSE
"Bombus.terrestris","M_018","Bombus","Apidae",4.7,1,"Grande",FALSE
"Bombus.hortorum","M_018","Bombus","Apidae",4.56,2,"Grande",FALSE
"Bombus.hortorum","M_018","Bombus","Apidae",4.74,2,"Grande",FALSE
"Bombus.lapidarius","M_018","Bombus","Apidae",3.98,2,"Grande",FALSE
"Bombus.lucorum","M_018","Bombus","Apidae",4.78,2,"Grande",FALSE
"Bombus.lucorum","M_018","Bombus","Apidae",3.75,2,"Grande",FALSE
"Bombus.pascuorum","M_018","Bombus","Apidae",3.72,2,"Grande",FALSE
"Bombus.pratorum","M_018","Bombus","Apidae",4.21,2,"Grande",FALSE
"Bombus.ruderatus","M_018","Bombus","Apidae",5.58,2,"Grande",FALSE
"Bombus.soroeensis","M_018","Bombus","Apidae",3.45,2,"Grande",FALSE
"Bombus.terrestris","M_018","Bombus","Apidae",4.78,2,"Grande",FALSE
"Bombus.terrestris","M_018","Bombus","Apidae",4.7,2,"Grande",FALSE
"Bombus.hortorum","M_018","Bombus","Apidae",4.56,3,"Grande",FALSE
"Bombus.hortorum","M_018","Bombus","Apidae",4.74,3,"Grande",FALSE
"Bombus.lapidarius","M_018","Bombus","Apidae",3.98,3,"Grande",FALSE
"Bombus.lucorum","M_018","Bombus","Apidae",4.78,3,"Grande",FALSE
"Bombus.lucorum","M_018","Bombus","Apidae",3.75,3,"Grande",FALSE
"Bombus.pascuorum","M_018","Bombus","Apidae",3.72,3,"Grande",FALSE
"Bombus.pratorum","M_018","Bombus","Apidae",4.21,3,"Grande",FALSE
"Bombus.ruderatus","M_018","Bombus","Apidae",5.58,3,"Grande",FALSE
"Bombus.soroeensis","M_018","Bombus","Apidae",3.45,3,"Grande",FALSE
"Bombus.terrestris","M_018","Bombus","Apidae",4.78,3,"Grande",FALSE
"Bombus.terrestris","M_018","Bombus","Apidae",4.7,3,"Grande",FALSE
"Bombus.hortorum","M_018","Bombus","Apidae",4.56,4,"Grande",TRUE
"Bombus.hortorum","M_018","Bombus","Apidae",4.74,4,"Grande",TRUE
"Bombus.lapidarius","M_018","Bombus","Apidae",3.98,4,"Pequena",TRUE
"Bombus.lucorum","M_018","Bombus","Apidae",4.78,4,"Grande",TRUE
"Bombus.lucorum","M_018","Bombus","Apidae",3.75,4,"Pequena",TRUE
"Bombus.pascuorum","M_018","Bombus","Apidae",3.72,4,"Pequena",TRUE
"Bombus.pratorum","M_018","Bombus","Apidae",4.21,4,"Grande",TRUE
"Bombus.ruderatus","M_018","Bombus","Apidae",5.58,4,"Grande",TRUE
"Bombus.soroeensis","M_018","Bombus","Apidae",3.45,4,"Pequena",TRUE
"Bombus.terrestris","M_018","Bombus","Apidae",4.78,4,"Grande",TRUE
"Bombus.terrestris","M_018","Bombus","Apidae",4.7,4,"Grande",TRUE
"Bombus.hortorum","M_018","Bombus","Apidae",4.56,5,"Pequena",FALSE
"Bombus.hortorum","M_018","Bombus","Apidae",4.74,5,"Pequena",FALSE
"Bombus.lapidarius","M_018","Bombus","Apidae",3.98,5,"Pequena",FALSE
"Bombus.lucorum","M_018","Bombus","Apidae",4.78,5,"Pequena",FALSE
"Bombus.lucorum","M_018","Bombus","Apidae",3.75,5,"Pequena",FALSE
"Bombus.pascuorum","M_018","Bombus","Apidae",3.72,5,"Pequena",FALSE
"Bombus.pratorum","M_018","Bombus","Apidae",4.21,5,"Pequena",FALSE
"Bombus.ruderatus","M_018","Bombus","Apidae",5.58,5,"Grande",FALSE
"Bombus.soroeensis","M_018","Bombus","Apidae",3.45,5,"Pequena",FALSE
"Bombus.terrestris","M_018","Bombus","Apidae",4.78,5,"Pequena",FALSE
"Bombus.terrestris","M_018","Bombus","Apidae",4.7,5,"Pequena",FALSE
"Bombus.hortorum","M_018","Bombus","Apidae",4.56,6,"Pequena",FALSE
"Bombus.hortorum","M_018","Bombus","Apidae",4.74,6,"Pequena",FALSE
"Bombus.lapidarius","M_018","Bombus","Apidae",3.98,6,"Pequena",FALSE
"Bombus.lucorum","M_018","Bombus","Apidae",4.78,6,"Pequena",FALSE
"Bombus.lucorum","M_018","Bombus","Apidae",3.75,6,"Pequena",FALSE
"Bombus.pascuorum","M_018","Bombus","Apidae",3.72,6,"Pequena",FALSE
"Bombus.pratorum","M_018","Bombus","Apidae",4.21,6,"Pequena",FALSE
"Bombus.ruderatus","M_018","Bombus","Apidae",5.58,6,"Pequena",FALSE
"Bombus.soroeensis","M_018","Bombus","Apidae",3.45,6,"Pequena",FALSE
"Bombus.terrestris","M_018","Bombus","Apidae",4.78,6,"Pequena",FALSE
"Bombus.terrestris","M_018","Bombus","Apidae",4.7,6,"Pequena",FALSE
"Bombus.hortorum","M_018","Bombus","Apidae",4.56,7,"Pequena",FALSE
"Bombus.hortorum","M_018","Bombus","Apidae",4.74,7,"Pequena",FALSE
"Bombus.lapidarius","M_018","Bombus","Apidae",3.98,7,"Pequena",FALSE
"Bombus.lucorum","M_018","Bombus","Apidae",4.78,7,"Pequena",FALSE
"Bombus.lucorum","M_018","Bombus","Apidae",3.75,7,"Pequena",FALSE
"Bombus.pascuorum","M_018","Bombus","Apidae",3.72,7,"Pequena",FALSE
"Bombus.pratorum","M_018","Bombus","Apidae",4.21,7,"Pequena",FALSE
"Bombus.ruderatus","M_018","Bombus","Apidae",5.58,7,"Pequena",FALSE
"Bombus.soroeensis","M_018","Bombus","Apidae",3.45,7,"Pequena",FALSE
"Bombus.terrestris","M_018","Bombus","Apidae",4.78,7,"Pequena",FALSE
"Bombus.terrestris","M_018","Bombus","Apidae",4.7,7,"Pequena",FALSE
"Bombus.hortorum","M_018","Bombus","Apidae",4.56,8,"Pequena",FALSE
"Bombus.hortorum","M_018","Bombus","Apidae",4.74,8,"Pequena",FALSE
"Bombus.lapidarius","M_018","Bombus","Apidae",3.98,8,"Pequena",FALSE
"Bombus.lucorum","M_018","Bombus","Apidae",4.78,8,"Pequena",FALSE
"Bombus.lucorum","M_018","Bombus","Apidae",3.75,8,"Pequena",FALSE
"Bombus.pascuorum","M_018","Bombus","Apidae",3.72,8,"Pequena",FALSE
"Bombus.pratorum","M_018","Bombus","Apidae",4.21,8,"Pequena",FALSE
"Bombus.ruderatus","M_018","Bombus","Apidae",5.58,8,"Pequena",FALSE
"Bombus.soroeensis","M_018","Bombus","Apidae",3.45,8,"Pequena",FALSE
"Bombus.terrestris","M_018","Bombus","Apidae",4.78,8,"Pequena",FALSE
"Bombus.terrestris","M_018","Bombus","Apidae",4.7,8,"Pequena",FALSE
"Bombus.hortorum","M_018","Bombus","Apidae",4.56,9,"Pequena",FALSE
"Bombus.hortorum","M_018","Bombus","Apidae",4.74,9,"Pequena",FALSE
"Bombus.lapidarius","M_018","Bombus","Apidae",3.98,9,"Pequena",FALSE
"Bombus.lucorum","M_018","Bombus","Apidae",4.78,9,"Pequena",FALSE
"Bombus.lucorum","M_018","Bombus","Apidae",3.75,9,"Pequena",FALSE
"Bombus.pascuorum","M_018","Bombus","Apidae",3.72,9,"Pequena",FALSE
"Bombus.pratorum","M_018","Bombus","Apidae",4.21,9,"Pequena",FALSE
"Bombus.ruderatus","M_018","Bombus","Apidae",5.58,9,"Pequena",FALSE
"Bombus.soroeensis","M_018","Bombus","Apidae",3.45,9,"Pequena",FALSE
"Bombus.terrestris","M_018","Bombus","Apidae",4.78,9,"Pequena",FALSE
"Bombus.terrestris","M_018","Bombus","Apidae",4.7,9,"Pequena",FALSE
"Bombus.lapidarius","M_037","Bombus","Apidae",3.98,1,"Grande",FALSE
"Bombus.lucorum","M_037","Bombus","Apidae",4.78,1,"Grande",FALSE
"Bombus.lucorum","M_037","Bombus","Apidae",3.75,1,"Grande",FALSE
"Bombus.pascuorum","M_037","Bombus","Apidae",3.72,1,"Grande",FALSE
"Bombus.terrestris","M_037","Bombus","Apidae",4.78,1,"Grande",FALSE
"Bombus.terrestris","M_037","Bombus","Apidae",4.7,1,"Grande",FALSE
"Bombus.lapidarius","M_037","Bombus","Apidae",3.98,2,"Grande",FALSE
"Bombus.lucorum","M_037","Bombus","Apidae",4.78,2,"Grande",FALSE
"Bombus.lucorum","M_037","Bombus","Apidae",3.75,2,"Grande",FALSE
"Bombus.pascuorum","M_037","Bombus","Apidae",3.72,2,"Grande",FALSE
"Bombus.terrestris","M_037","Bombus","Apidae",4.78,2,"Grande",FALSE
"Bombus.terrestris","M_037","Bombus","Apidae",4.7,2,"Grande",FALSE
"Bombus.lapidarius","M_037","Bombus","Apidae",3.98,3,"Grande",FALSE
"Bombus.lucorum","M_037","Bombus","Apidae",4.78,3,"Grande",FALSE
"Bombus.lucorum","M_037","Bombus","Apidae",3.75,3,"Grande",FALSE
"Bombus.pascuorum","M_037","Bombus","Apidae",3.72,3,"Grande",FALSE
"Bombus.terrestris","M_037","Bombus","Apidae",4.78,3,"Grande",FALSE
"Bombus.terrestris","M_037","Bombus","Apidae",4.7,3,"Grande",FALSE
"Bombus.lapidarius","M_037","Bombus","Apidae",3.98,4,"Pequena",TRUE
"Bombus.lucorum","M_037","Bombus","Apidae",4.78,4,"Grande",TRUE
"Bombus.lucorum","M_037","Bombus","Apidae",3.75,4,"Pequena",TRUE
"Bombus.pascuorum","M_037","Bombus","Apidae",3.72,4,"Pequena",TRUE
"Bombus.terrestris","M_037","Bombus","Apidae",4.78,4,"Grande",TRUE
"Bombus.terrestris","M_037","Bombus","Apidae",4.7,4,"Grande",TRUE
"Bombus.lapidarius","M_037","Bombus","Apidae",3.98,5,"Pequena",FALSE
"Bombus.lucorum","M_037","Bombus","Apidae",4.78,5,"Pequena",FALSE
"Bombus.lucorum","M_037","Bombus","Apidae",3.75,5,"Pequena",FALSE
"Bombus.pascuorum","M_037","Bombus","Apidae",3.72,5,"Pequena",FALSE
"Bombus.terrestris","M_037","Bombus","Apidae",4.78,5,"Pequena",FALSE
"Bombus.terrestris","M_037","Bombus","Apidae",4.7,5,"Pequena",FALSE
"Bombus.lapidarius","M_037","Bombus","Apidae",3.98,6,"Pequena",FALSE
"Bombus.lucorum","M_037","Bombus","Apidae",4.78,6,"Pequena",FALSE
"Bombus.lucorum","M_037","Bombus","Apidae",3.75,6,"Pequena",FALSE
"Bombus.pascuorum","M_037","Bombus","Apidae",3.72,6,"Pequena",FALSE
"Bombus.terrestris","M_037","Bombus","Apidae",4.78,6,"Pequena",FALSE
"Bombus.terrestris","M_037","Bombus","Apidae",4.7,6,"Pequena",FALSE
"Bombus.lapidarius","M_037","Bombus","Apidae",3.98,7,"Pequena",FALSE
"Bombus.lucorum","M_037","Bombus","Apidae",4.78,7,"Pequena",FALSE
"Bombus.lucorum","M_037","Bombus","Apidae",3.75,7,"Pequena",FALSE
"Bombus.pascuorum","M_037","Bombus","Apidae",3.72,7,"Pequena",FALSE
"Bombus.terrestris","M_037","Bombus","Apidae",4.78,7,"Pequena",FALSE
"Bombus.terrestris","M_037","Bombus","Apidae",4.7,7,"Pequena",FALSE
"Bombus.lapidarius","M_037","Bombus","Apidae",3.98,8,"Pequena",FALSE
"Bombus.lucorum","M_037","Bombus","Apidae",4.78,8,"Pequena",FALSE
"Bombus.lucorum","M_037","Bombus","Apidae",3.75,8,"Pequena",FALSE
"Bombus.pascuorum","M_037","Bombus","Apidae",3.72,8,"Pequena",FALSE
"Bombus.terrestris","M_037","Bombus","Apidae",4.78,8,"Pequena",FALSE
"Bombus.terrestris","M_037","Bombus","Apidae",4.7,8,"Pequena",FALSE
"Bombus.lapidarius","M_037","Bombus","Apidae",3.98,9,"Pequena",FALSE
"Bombus.lucorum","M_037","Bombus","Apidae",4.78,9,"Pequena",FALSE
"Bombus.lucorum","M_037","Bombus","Apidae",3.75,9,"Pequena",FALSE
"Bombus.pascuorum","M_037","Bombus","Apidae",3.72,9,"Pequena",FALSE
"Bombus.terrestris","M_037","Bombus","Apidae",4.78,9,"Pequena",FALSE
"Bombus.terrestris","M_037","Bombus","Apidae",4.7,9,"Pequena",FALSE
"Bombus.morio","M_077","Bombus","Apidae",6.04,1,"Grande",FALSE
"Euglossa.chalybeata","M_077","Euglossa","Apidae",3.7,1,"Grande",FALSE
"Euglossa.sp","M_077","Euglossa","Apidae",3.55,1,"Grande",FALSE
"Trigona.fulviventris","M_077","Trigona","Apidae",1.46,1,"Grande",FALSE
"Bombus.morio","M_077","Bombus","Apidae",6.04,2,"Grande",FALSE
"Euglossa.chalybeata","M_077","Euglossa","Apidae",3.7,2,"Grande",FALSE
"Euglossa.sp","M_077","Euglossa","Apidae",3.55,2,"Grande",FALSE
"Trigona.fulviventris","M_077","Trigona","Apidae",1.46,2,"Pequena",FALSE
"Bombus.morio","M_077","Bombus","Apidae",6.04,3,"Grande",FALSE
"Euglossa.chalybeata","M_077","Euglossa","Apidae",3.7,3,"Grande",FALSE
"Euglossa.sp","M_077","Euglossa","Apidae",3.55,3,"Grande",FALSE
"Trigona.fulviventris","M_077","Trigona","Apidae",1.46,3,"Pequena",FALSE
"Bombus.morio","M_077","Bombus","Apidae",6.04,4,"Grande",FALSE
"Euglossa.chalybeata","M_077","Euglossa","Apidae",3.7,4,"Pequena",FALSE
"Euglossa.sp","M_077","Euglossa","Apidae",3.55,4,"Pequena",FALSE
"Trigona.fulviventris","M_077","Trigona","Apidae",1.46,4,"Pequena",FALSE
"Bombus.morio","M_077","Bombus","Apidae",6.04,5,"Grande",FALSE
"Euglossa.chalybeata","M_077","Euglossa","Apidae",3.7,5,"Pequena",FALSE
"Euglossa.sp","M_077","Euglossa","Apidae",3.55,5,"Pequena",FALSE
"Trigona.fulviventris","M_077","Trigona","Apidae",1.46,5,"Pequena",FALSE
"Bombus.morio","M_077","Bombus","Apidae",6.04,6,"Grande",FALSE
"Euglossa.chalybeata","M_077","Euglossa","Apidae",3.7,6,"Pequena",FALSE
"Euglossa.sp","M_077","Euglossa","Apidae",3.55,6,"Pequena",FALSE
"Trigona.fulviventris","M_077","Trigona","Apidae",1.46,6,"Pequena",FALSE
"Bombus.morio","M_077","Bombus","Apidae",6.04,7,"Pequena",FALSE
"Euglossa.chalybeata","M_077","Euglossa","Apidae",3.7,7,"Pequena",FALSE
"Euglossa.sp","M_077","Euglossa","Apidae",3.55,7,"Pequena",FALSE
"Trigona.fulviventris","M_077","Trigona","Apidae",1.46,7,"Pequena",FALSE
"Bombus.morio","M_077","Bombus","Apidae",6.04,8,"Pequena",FALSE
"Euglossa.chalybeata","M_077","Euglossa","Apidae",3.7,8,"Pequena",FALSE
"Euglossa.sp","M_077","Euglossa","Apidae",3.55,8,"Pequena",FALSE
"Trigona.fulviventris","M_077","Trigona","Apidae",1.46,8,"Pequena",FALSE
"Bombus.morio","M_077","Bombus","Apidae",6.04,9,"Pequena",FALSE
"Euglossa.chalybeata","M_077","Euglossa","Apidae",3.7,9,"Pequena",FALSE
"Euglossa.sp","M_077","Euglossa","Apidae",3.55,9,"Pequena",FALSE
"Trigona.fulviventris","M_077","Trigona","Apidae",1.46,9,"Pequena",FALSE
