site,year,date,codigo.p,no.esp.p,codigo.i,no.esp.i,obs.time,no.fl.obs,no.fl.visit,observer
V4,2006,2006-11-13,ela.ang,p0001,NA,NA,09:10,60,0,Beni
V4,2006,2006-11-06,ela.ang,p0001,bom.opi,i0002,10:18,190,11,Nachu
V4,2006,2006-11-06,ela.ang,p0001,bom.opi,i0002,10:18,190,4,Nachu
V4,2006,2006-11-13,ela.ang,p0001,api.mel,i0070,11:26,60,26,Beni
V4,2006,2006-11-13,ela.ang,p0001,bom.opi,i0002,11:39,70,8,Beni
V4,2006,2006-11-06,ela.ang,p0001,bom.opi,i0002,10:18,190,5,Nachu
V1,2008,2008-11-11,zuc.pun,p0003,cen.bre,i0007,08:35:00,700,1,Nachu
V1,2011,2011-11-08,zuc.pun,p0003,NA,NA,13:00,100,0,enzo
V4,2011,2011-10-28,zuc.pun,p0003,cen.bre,i0007,13:04,40,1,nachu
V1,2011,2011-11-08,zuc.pun,p0003,cop.ari,i0044,11:22,500,2,nachu
V1,2011,2011-11-04,zuc.pun,p0003,col.cog,i0169,09:35,110,1,silvia
V1,2007,2007-11-20,zuc.pun,p0003,api.mel,i0070,14:28,200,3,Nachu
V1,2007,2007-11-27,zuc.pun,p0003,xyl.ord,i0001,07:29,300,6,Nachu
V4,2009,2009-11-09,zuc.pun,p0003,bom.opi,i0002,09:57:00,540,13,nachu
V4,2008,2008-11-07,zuc.pun,p0003,bom.opi,i0002,10:41:00,700,24,Nachu
V4,2009,2009-11-11,zuc.pun,p0003,cen.bre,i0007,12:18:00,640,2,Nachu
V4,2008,2008-10-31,zuc.pun,p0003,api.mel,i0070,10:20:00,1000,2,Nachu
V4,2009,2009-11-04,zuc.pun,p0003,bom.opi,i0002,10:06:00,700,3,Nachu
V1,2011,2011-11-04,zuc.pun,p0003,aug.sp,i0228,10:00,300,1,silvia
V1,2011,2011-12-20,zuc.pun,p0003,bab.elo,i0075,10:11,200,1,silvia
V4,2009,2009-11-30,zuc.pun,p0003,cop.ari,i0044,09:30:00,120,1,Nachu
V4,2011,2011-11-11,zuc.pun,p0003,aug.sp,i0228,11:40,1000,1,nachu
V4,2009,2009-10-28,zuc.pun,p0003,cen.bre,i0007,09:56:00,90,2,nachu
V4,2010,2010-11-26,zuc.pun,p0003,xyl.ord,i0001,8:31:00,900,7,Nachu
V1,2011,2011-11-04,zuc.pun,p0003,cos.chi,i0077,10:50,136,6,silvia
V1,2011,2011-11-11,zuc.pun,p0003,xyl.ord,i0001,13:10,400,30,nachu
V1,2009,2009-11-05,zuc.pun,p0003,lei.abd,i0030,11:02:00,250,1,Rocio
V1,2008,2008-12-05,zuc.pun,p0003,cen.bre,i0007,11:18:00,300,4,Nachu
V4,2011,2011-11-08,zuc.pun,p0003,api.mel,i0070,10:15,500,13,nachu
V1,2009,2009-12-11,zuc.pun,p0003,amm.sp1,i0126,11:05:00,180,15,Rocio
V3,2006,2006-11-13,zuc.pun,p0003,api.mel,i0070,13:43,200,9,Erica
V1,2009,2009-11-05,zuc.pun,p0003,NA,NA,11:49:00,600,0,Nachu
V1,2009,2009-11-11,zuc.pun,p0003,NA,NA,10:43:00,60,0,Belen
V4,2011,2011-11-18,zuc.pun,p0003,api.mel,i0070,12:00,800,1,silvia
V4,2009,2009-11-09,zuc.pun,p0003,xyl.ord,i0001,10:50:00,400,8,nachu
V1,2011,2011-11-04,zuc.pun,p0003,chi.sp1,i0033,10:00,300,1,silvia
V1,2008,2008-11-04,zuc.pun,p0003,col.lyc,i0170,08:31:00,1200,3,Nachu
V1,2011,2011-11-04,zuc.pun,p0003,NA,NA,11:08,40,3,enzo
V1,2011,2011-11-04,zuc.pun,p0003,xyl.ord,i0001,10:00,300,15,silvia
V4,2011,2011-11-18,zuc.pun,p0003,NA,NA,10:41,300,0,silvia
V1,2008,2008-11-11,zuc.pun,p0003,cen.bre,i0007,08:35:00,700,11,Nachu
V4,2011,2011-11-18,zuc.pun,p0003,api.mel,i0070,12:00,800,1,silvia
V1,2006,2006-11-13,zuc.pun,p0003,cen.bre,i0007,11:30,250,2,Jimena
V1,2008,2008-12-05,zuc.pun,p0003,cen.bre,i0007,10:38:00,68,1,Nachu
V4,2011,2011-11-04,zuc.pun,p0003,api.mel,i0070,11:49,700,4,nachu
V1,2009,2009-11-05,zuc.pun,p0003,cen.bre,i0007,11:02:00,250,5,Rocio
V4,2007,2007-11-27,zuc.pun,p0003,NA,NA,11:45,90,0,Nachu
V4,2011,2011-11-11,zuc.pun,p0003,api.mel,i0070,10:09,300,5,silvia
V4,2008,2008-11-18,zuc.pun,p0003,api.mel,i0070,09:32:00,2000,4,Nachu
V1,2008,2008-11-21,zuc.pun,p0003,bom.opi,i0002,10:19:00,500,1,Nachu
V4,2011,2011-11-18,zuc.pun,p0003,api.mel,i0070,12:00,800,1,silvia
V4,2011,2011-11-11,zuc.pun,p0003,meg.cte,i0015,11:40,1000,6,nachu
V4,2011,2011-11-11,zuc.pun,p0003,dih.sp1,i0031,10:09,300,2,silvia
V4,2006,2006-10-30,zuc.pun,p0003,lepid4,i0082,12:48,55,1,Erica
V1,2010,2010-11-26,zuc.pun,p0003,cen.bre,i0007,12:32:00,90,5,Nachu
V1,2008,2008-11-11,zuc.pun,p0003,cop.ari,i0044,08:35:00,700,1,Nachu
V3,2006,2006-11-13,zuc.pun,p0003,api.mel,i0070,09:40,400,3,Erica
V1,2011,2011-11-29,zuc.pun,p0003,dih.sp1,i0031,10:28,130,2,silvia
V1,2011,2011-11-29,zuc.pun,p0003,cen.bre,i0007,10:37,250,7,silvia
V4,2010,2010-11-19,zuc.pun,p0003,api.mel,i0070,14:03,46,2,silvia
V1,2007,2007-11-08,zuc.pun,p0003,cop.ari,i0044,17:37,500,1,Nachu
V4,2011,2011-11-01,zuc.pun,p0003,aug.sp,i0228,08:40,50,2,enzo
V4,2010,2010-11-10,zuc.pun,p0003,cop.ari,i0044,8:04,300,3,silvia
V4,2011,2011-11-11,zuc.pun,p0003,aug.sp,i0228,11:40,1000,1,nachu
V1,2008,2008-11-04,zuc.pun,p0003,meg.C,i0140,10:08:00,200,2,Nachu
V4,2008,2008-10-31,zuc.pun,p0003,bom.opi,i0002,10:20:00,1000,2,Nachu
V4,2011,2011-11-22,zuc.pun,p0003,NA,NA,11:20,400,0,silvia
V1,2006,2006-11-13,zuc.pun,p0003,coe.jor,i0005,13:35,150,5,Jimena
V1,2011,2011-11-01,zuc.pun,p0003,cop.sp2,i0052,12:41,30,1,enzo
V4,2011,2011-11-18,zuc.pun,p0003,api.mel,i0070,11:46,900,1,silvia
V4,2010,2010-12-10,zuc.pun,p0003,dih.sp1,i0031,8:55,30,1,nachu
V4,2011,2011-10-28,zuc.pun,p0003,cae.sp1,i0022,13:04,40,1,nachu
V1,2010,2010-11-26,zuc.pun,p0003,allo.sp1,i0111,11:52:00,2000,3,Nachu
V4,2011,2011-12-20,zuc.pun,p0003,NA,NA,11:56,400,0,silvia
V4,2010,2010-11-26,zuc.pun,p0003,cop.ari,i0044,7:37:00,54,1,Nachu
V1,2011,2011-11-01,zuc.pun,p0003,allo.sp1,i0111,11:23,300,2,nachu
V1,2009,2009-11-11,zuc.pun,p0003,lei.abd,i0030,10:18:00,200,1,Nachu
V4,2007,2007-11-15,zuc.pun,p0003,api.mel,i0070,09:43,200,7,Nachu
V1,2010,2010-11-10,zuc.pun,p0003,psa.phi,i0100,13:32,500,2,silvia
V1,2010,2010-12-10,zuc.pun,p0003,str.eur,i0131,11:11,4,1,silvia
V1,2009,2009-10-28,zuc.pun,p0003,mes.jen,i0011,11:29:00,10,1,nachu
V1,2009,2009-11-25,zuc.pun,p0003,tac.sp10,i0191,12:09:00,1600,1,nachu
V1,2008,2008-11-11,zuc.pun,p0003,cen.bre,i0007,08:35:00,700,4,Nachu
V1,2009,2009-11-11,zuc.pun,p0003,lei.abd,i0030,10:18:00,200,1,Nachu
V4,2007,2007-11-15,zuc.pun,p0003,xyl.ord,i0001,09:43,200,9,Nachu
V1,2011,2011-11-04,zuc.pun,p0003,col.cog,i0169,10:00,300,1,silvia
V4,2008,2008-10-28,zuc.pun,p0003,zet.sp1,i0037,13:00:00,40,3,Nachu
V1,2007,2007-11-08,zuc.pun,p0003,api.mel,i0070,17:50,400,1,Nachu
V4,2009,2009-11-11,zuc.pun,p0003,bom.opi,i0002,12:18:00,640,3,Nachu
V4,2011,2011-12-02,zuc.pun,p0003,meg.cte,i0015,10:08,30,1,nachu
V4,2007,2007-11-15,zuc.pun,p0003,antho.sp1,i0136,07:34,200,1,Nachu
V1,2009,2009-11-11,zuc.pun,p0003,lei.abd,i0030,10:18:00,200,1,Nachu
V1,2009,2009-11-30,zuc.pun,p0003,NA,NA,13:01:00,40,0,Nachu
V1,2008,2008-11-21,zuc.pun,p0003,dih.sp1,i0031,12:15:00,80,1,Nachu
V4,2008,2008-11-07,zuc.pun,p0003,api.mel,i0070,10:41:00,700,1,Nachu
V4,2011,2011-11-01,zuc.pun,p0003,col.cog,i0169,09:59,400,3,nachu
V1,2008,2008-11-21,zuc.pun,p0003,meg.A,i0003,11:48:00,600,1,Nachu
V4,2011,2011-11-04,zuc.pun,p0003,api.mel,i0070,13:06,700,3,nachu
V4,2011,2011-11-01,zuc.pun,p0003,col.cog,i0169,09:59,400,2,nachu
V4,2011,2011-11-22,zuc.pun,p0003,api.mel,i0070,11:10,400,1,silvia
V4,2008,2008-10-28,zuc.pun,p0003,sva.zeb,i0110,13:00:00,40,4,Nachu
V4,2011,2011-11-18,zuc.pun,p0003,api.mel,i0070,11:46,900,1,silvia
V1,2009,2009-11-09,zuc.pun,p0003,dih.sp1,i0031,12:25:00,60,2,Belen
V4,2011,2011-11-18,zuc.pun,p0003,api.mel,i0070,11:46,900,8,silvia
V1,2011,2011-11-04,zuc.pun,p0003,col.cog,i0169,09:35,110,1,silvia
V4,2011,2011-11-08,zuc.pun,p0003,api.mel,i0070,10:21,100,1,enzo
V1,2007,2007-11-20,zuc.pun,p0003,cop.ari,i0044,14:28,200,1,Nachu
V4,2011,2011-12-02,zuc.pun,p0003,wil.cha,i0096,10:12,80,13,silvia
V1,2007,2007-11-08,zuc.pun,p0003,api.mel,i0070,17:37,500,5,Nachu
V2,2006,2006-10-30,zuc.pun,p0003,NA,NA,08:51,25,0,Diego
V4,2009,2009-11-09,zuc.pun,p0003,col.cog,i0169,10:50:00,400,2,nachu
V1,2011,2011-11-04,zuc.pun,p0003,col.cog,i0169,09:35,110,1,silvia
V1,2009,2009-11-05,zuc.pun,p0003,cos.chi,i0077,09:41:00,90,1,Belen
V1,2008,2008-12-05,zuc.pun,p0003,pol.cav,i0039,10:38:00,68,2,Nachu
V1,2011,2011-11-04,zuc.pun,p0003,cop.ari,i0044,10:01,400,1,nachu
V4,2009,2009-12-02,zuc.pun,p0003,NA,NA,10:13:00,30,0,Nachu
V3,2006,2006-11-06,zuc.pun,p0003,api.mel,i0070,11:23,20,1,Diego
V4,2008,2008-12-02,zuc.pun,p0003,cen.bre,i0007,11:32:00,49,4,Nachu
V1,2008,2008-11-21,zuc.pun,p0003,ise.vac,i0106,12:15:00,80,1,Nachu
V4,2006,2006-11-20,zuc.pun,p0003,xyl.ord,i0001,10:09,50,1,Diego
V4,2008,2008-11-18,zuc.pun,p0003,cop.ari,i0044,12:04:00,1200,2,Nachu
V4,2009,2009-11-25,zuc.pun,p0003,NA,NA,10:51:00,176,0,nachu
V1,2008,2008-11-11,zuc.pun,p0003,xyl.ord,i0001,08:35:00,700,7,Nachu
V1,2011,2011-11-08,zuc.pun,p0003,cop.ari,i0044,11:22,500,2,nachu
V4,2011,2011-11-04,zuc.pun,p0003,api.mel,i0070,11:49,700,4,nachu
V4,2010,2010-12-10,zuc.pun,p0003,cop.ari,i0044,8:35,200,1,nachu
V1,2009,2009-11-30,zuc.pun,p0003,sva.zeb,i0110,12:26:00,640,1,Nachu
V4,2009,2009-11-04,zuc.pun,p0003,meg.pse,i0212,10:06:00,700,1,Nachu
V4,2007,2007-11-15,zuc.pun,p0003,api.mel,i0070,09:57,250,12,Nachu
V1,2011,2011-12-02,zuc.pun,p0003,cen.bre,i0007,13:15,250,1,silvia
V4,2011,2011-11-01,zuc.pun,p0003,xyl.ord,i0001,08:40,50,68,enzo
V1,2008,2008-11-11,zuc.pun,p0003,mes.jen,i0011,10:42:00,700,1,Nachu
V4,2011,2011-11-08,zuc.pun,p0003,api.mel,i0070,10:15,500,5,nachu
V4,2006,2006-11-20,zuc.pun,p0003,api.mel,i0070,13:14,25,2,Diego
V1,2009,2009-11-09,zuc.pun,p0003,cam.pun,i0128,12:33:00,400,2,nachu
V1,2009,2009-10-28,zuc.pun,p0003,mes.jen,i0011,11:29:00,10,1,nachu
V1,2011,2011-11-22,zuc.pun,p0003,cop.ari,i0044,13:38,250,1,silvia
V4,2011,2011-11-04,zuc.pun,p0003,aug.sp,i0228,12:39,40,3,enzo
V4,2011,2011-11-18,zuc.pun,p0003,cos.chi,i0077,12:00,800,1,silvia
V1,2008,2008-11-04,zuc.pun,p0003,NA,NA,13:25:00,60,0,Nachu
V4,2011,2011-12-20,zuc.pun,p0003,NA,NA,12:56,400,0,silvia
V1,2008,2008-12-05,zuc.pun,p0003,meg.cte,i0015,10:38:00,68,2,Nachu
V4,2009,2009-11-04,zuc.pun,p0003,cop.ari,i0044,10:06:00,700,3,Nachu
V2,2006,2006-11-20,zuc.pun,p0003,meg.A,i0003,10:57,700,40,Jimena
V4,2009,2009-11-09,zuc.pun,p0003,bom.opi,i0002,09:50:00,640,4,nachu
V4,2006,2006-11-20,zuc.pun,p0003,col.ara,i0168,11:24,40,1,Diego
V1,2009,2009-11-25,zuc.pun,p0003,NA,NA,12:16:00,50,0,Belen
V4,2011,2011-11-18,zuc.pun,p0003,cen.bre,i0007,12:00,800,1,silvia
V4,2007,2007-11-08,zuc.pun,p0003,api.mel,i0070,16:30,400,4,Nachu
V4,2011,2011-11-11,zuc.pun,p0003,cop.ari,i0044,09:19,1300,1,silvia
V4,2008,2008-12-02,zuc.pun,p0003,cen.bre,i0007,10:09:00,11,1,Nachu
V4,2011,2011-11-08,zuc.pun,p0003,cop.ari,i0044,10:15,500,2,nachu
V1,2009,2009-11-11,zuc.pun,p0003,NA,NA,10:02:00,30,0,Belen
V1,2011,2011-11-04,zuc.pun,p0003,api.mel,i0070,11:08,40,5,enzo
V3,2006,2006-11-06,zuc.pun,p0003,xyl.ord,i0001,11:49,40,1,Diego
V4,2011,2011-11-11,zuc.pun,p0003,cop.ari,i0044,09:19,1300,1,silvia
V1,2011,2011-11-04,zuc.pun,p0003,cop.ari,i0044,09:53,700,1,nachu
V4,2011,2011-11-11,zuc.pun,p0003,aug.sp,i0228,13:11,40,1,enzo
V4,2008,2008-10-31,zuc.pun,p0003,meg.C,i0140,11:12:00,300,1,Nachu
V3,2006,2006-11-20,zuc.pun,p0003,NA,NA,11:42,18,0,Beni
V4,2007,2007-12-11,zuc.pun,p0003,bombil8,i0085,11:18,14,1,Erica
V1,2011,2011-11-04,zuc.pun,p0003,aug.sp,i0228,09:35,110,4,silvia
V1,2008,2008-11-21,zuc.pun,p0003,col.cog,i0169,10:19:00,500,2,Nachu
V4,2011,2011-11-18,zuc.pun,p0003,api.mel,i0070,12:00,800,1,silvia
V1,2008,2008-11-21,zuc.pun,p0003,mes.jen,i0011,10:19:00,500,4,Nachu
V4,2006,2006-11-20,zuc.pun,p0003,api.mel,i0070,10:09,50,3,Diego
V1,2010,2010-12-03,zuc.pun,p0003,NA,NA,8:31,27,0,silvia
V1,2008,2008-12-05,zuc.pun,p0003,NA,NA,10:08:00,16,0,Nachu
V4,2011,2011-11-04,zuc.pun,p0003,api.mel,i0070,11:49,700,4,nachu
V4,2006,2006-11-20,zuc.pun,p0003,xyl.ord,i0001,10:23,60,53,Diego
V4,2009,2009-11-09,zuc.pun,p0003,NA,NA,11:13:00,40,0,Belen
V1,2011,2011-11-29,zuc.pun,p0003,NA,NA,10:28,130,1,silvia
V1,2009,2009-12-11,zuc.pun,p0003,col.sp1,i0232,11:10:00,180,1,Rocio
V1,2007,2007-11-20,zuc.pun,p0003,cen.bre,i0007,14:00,150,5,Nachu
V1,2011,2011-11-04,zuc.pun,p0003,aug.sp,i0228,10:01,400,5,nachu
V4,2007,2007-12-11,zuc.pun,p0003,bombil8,i0085,11:18,14,1,Erica
V4,2011,2011-11-08,zuc.pun,p0003,api.mel,i0070,10:15,500,13,nachu
V1,2011,2011-12-02,zuc.pun,p0003,cen.bre,i0007,13:07,100,10,nachu
V4,2009,2009-11-25,zuc.pun,p0003,NA,NA,10:23:00,50,0,Belen
V4,2010,2010-12-10,zuc.pun,p0003,str.eur,i0131,8:26,60,1,nachu
V4,2011,2011-11-11,zuc.pun,p0003,cop.ari,i0044,09:04,80,3,enzo
V4,2007,2007-11-15,zuc.pun,p0003,xyl.ord,i0001,09:32,120,4,Nachu
V1,2011,2011-11-04,zuc.pun,p0003,allo.sp1,i0111,10:00,300,1,silvia
V4,2008,2008-12-02,zuc.pun,p0003,NA,NA,11:20:00,200,0,Nachu
V4,2011,2011-11-01,zuc.pun,p0003,bom.opi,i0002,09:59,400,3,nachu
V1,2011,2011-11-11,zuc.pun,p0003,col.cog,i0169,13:10,400,2,nachu
V1,2009,2009-11-11,zuc.pun,p0003,lei.abd,i0030,10:18:00,200,1,Nachu
V4,2008,2008-10-31,zuc.pun,p0003,xyl.ord,i0001,10:20:00,1000,5,Nachu
V1,2011,2011-11-04,zuc.pun,p0003,aug.sp,i0228,10:01,400,5,nachu
V1,2009,2009-11-11,zuc.pun,p0003,lei.abd,i0030,10:18:00,200,1,Nachu
V4,2011,2011-11-11,zuc.pun,p0003,cop.ari,i0044,09:19,1300,1,silvia
V4,2010,2010-12-10,zuc.pun,p0003,str.eur,i0131,8:35,200,1,nachu
V1,2009,2009-10-28,zuc.pun,p0003,allo.sp1,i0111,12:15:00,30,8,rocio
V4,2011,2011-11-04,zuc.pun,p0003,NA,NA,13:47,60,2,enzo
V1,2009,2009-11-11,zuc.pun,p0003,lei.abd,i0030,10:18:00,200,1,Nachu
V1,2011,2011-10-28,zuc.pun,p0003,cop.ari,i0044,10:57,210,1,nachu
V1,2011,2011-11-04,zuc.pun,p0003,col.cog,i0169,10:01,400,1,nachu
V1,2007,2007-11-20,zuc.pun,p0003,api.mel,i0070,14:28,200,1,Nachu
V4,2011,2011-12-02,zuc.pun,p0003,col.cog,i0169,09:02,100,1,nachu
V1,2009,2009-11-11,zuc.pun,p0003,col.cog,i0169,10:32:00,800,1,Nachu
V1,2008,2008-11-21,zuc.pun,p0003,coe.inc,i0154,10:19:00,500,1,Nachu
V1,2008,2008-11-21,zuc.pun,p0003,lei.abd,i0030,11:48:00,600,1,Nachu
V1,2011,2011-11-18,zuc.pun,p0003,cen.bre,i0007,13:43,300,7,diego
V4,2011,2011-11-08,zuc.pun,p0003,str.eur,i0131,09:26,400,2,nachu
V1,2010,2010-11-19,zuc.pun,p0003,api.mel,i0070,10:22,300,1,silvia
V4,2011,2011-11-11,zuc.pun,p0003,cop.ari,i0044,09:06,400,11,nachu
V1,2009,2009-12-11,zuc.pun,p0003,bombil8,i0085,11:05:00,180,1,Rocio
V4,2011,2011-11-11,zuc.pun,p0003,cop.ari,i0044,09:15,400,1,nachu
V4,2010,2010-11-10,zuc.pun,p0003,cop.ari,i0044,8:04,300,2,silvia
V1,2010,2010-12-10,zuc.pun,p0003,NA,NA,10:47,5,0,silvia
V4,2007,2007-11-15,zuc.pun,p0003,antho.sp1,i0136,07:34,200,2,Nachu
V4,2009,2009-11-25,zuc.pun,p0003,NA,NA,11:04:00,1600,0,nachu
V1,2009,2009-11-09,zuc.pun,p0003,xyl.ord,i0001,12:30:00,1000,12,Rocio
V4,2008,2008-10-31,zuc.pun,p0003,sva.zeb,i0110,10:20:00,1000,2,Nachu
V4,2009,2009-11-04,zuc.pun,p0003,dih.sp1,i0031,11:03:00,140,1,Nachu
V4,2010,2010-11-26,zuc.pun,p0003,cop.ari,i0044,8:31:00,900,4,Nachu
V1,2007,2007-11-08,zuc.pun,p0003,api.mel,i0070,17:37,500,1,Nachu
V4,2011,2011-11-08,zuc.pun,p0003,coe.sp7,i0313,10:15,500,4,nachu
V1,2007,2007-11-27,zuc.pun,p0003,bombil8,i0085,09:16,60,1,Nachu
V1,2009,2009-10-28,zuc.pun,p0003,aug.sp,i0228,11:29:00,10,1,nachu
V4,2011,2011-11-08,zuc.pun,p0003,str.eur,i0131,10:15,500,3,nachu
V1,2011,2011-11-25,zuc.pun,p0003,cam.pun,i0128,12:34,200,1,silvia
V1,2011,2011-11-25,zuc.pun,p0003,cam.pun,i0128,12:34,200,1,silvia
V4,2008,2008-10-31,zuc.pun,p0003,dih.sp1,i0031,10:20:00,1000,1,Nachu
V1,2011,2011-11-01,zuc.pun,p0003,col.cog,i0169,11:36,200,2,nachu
V1,2009,2009-11-11,zuc.pun,p0003,lei.abd,i0030,10:18:00,200,1,Nachu
V4,2010,2010-11-26,zuc.pun,p0003,cen.bre,i0007,8:31:00,900,3,Nachu
V4,2011,2011-11-11,zuc.pun,p0003,bom.opi,i0002,09:19,1300,3,silvia
V4,2008,2008-11-18,zuc.pun,p0003,api.mel,i0070,11:58:00,300,1,Nachu
V4,2008,2008-11-18,zuc.pun,p0003,cop.ari,i0044,12:04:00,1200,2,Nachu
V1,2011,2011-11-04,zuc.pun,p0003,aug.sp,i0228,10:35,70,2,enzo
V3,2006,2006-11-13,zuc.pun,p0003,bom.opi,i0002,09:40,400,1,Erica
V4,2011,2011-11-11,zuc.pun,p0003,api.mel,i0070,09:33,200,5,enzo
V1,2011,2011-11-08,zuc.pun,p0003,meg.cte,i0015,11:22,500,2,nachu
V1,2009,2009-11-09,zuc.pun,p0003,xyl.ord,i0001,12:14:00,400,3,Rocio
V1,2008,2008-11-21,zuc.pun,p0003,mes.jen,i0011,10:19:00,500,2,Nachu
V1,2009,2009-11-05,zuc.pun,p0003,bom.opi,i0002,12:06:00,160,3,Rocio
V4,2011,2011-11-11,zuc.pun,p0003,cen.bre,i0007,11:40,1000,2,nachu
V4,2010,2010-12-10,zuc.pun,p0003,str.eur,i0131,8:35,200,2,nachu
V4,2011,2011-11-04,zuc.pun,p0003,col.cog,i0169,11:49,700,1,nachu
V4,2007,2007-11-06,zuc.pun,p0003,str.eur,i0131,12:21,200,1,Nachu
V1,2011,2011-11-04,zuc.pun,p0003,meg.A,i0003,09:53,700,2,nachu
V4,2008,2008-12-02,zuc.pun,p0003,col.cog,i0169,11:32:00,49,2,Nachu
V4,2008,2008-12-02,zuc.pun,p0003,cen.bre,i0007,11:32:00,49,7,Nachu
V1,2011,2011-11-11,zuc.pun,p0003,col.cog,i0169,13:10,400,1,nachu
V4,2007,2007-11-02,zuc.pun,p0003,NA,NA,10:44,200,0,Nachu
V1,2010,2010-11-26,zuc.pun,p0003,meg.A,i0003,11:52:00,2000,1,Nachu
V1,2009,2009-12-11,zuc.pun,p0003,aug.sp,i0228,11:05:00,180,5,Rocio
V4,2011,2011-11-18,zuc.pun,p0003,api.mel,i0070,12:00,800,1,silvia
V1,2011,2011-11-04,zuc.pun,p0003,chi.sp1,i0033,10:00,300,1,silvia
V1,2009,2009-12-11,zuc.pun,p0003,meg.C,i0140,11:10:00,180,1,Rocio
V4,2006,2006-11-06,zuc.pun,p0003,api.mel,i0070,14:25,900,16,Nachu
V4,2011,2011-11-11,zuc.pun,p0003,col.cog,i0169,10:09,300,1,silvia
V1,2009,2009-11-11,zuc.pun,p0003,cen.bre,i0007,10:51:00,80,8,Nachu
V2,2006,2006-11-20,zuc.pun,p0003,cen.bre,i0007,10:57,700,15,Jimena
V4,2009,2009-11-09,zuc.pun,p0003,col.cog,i0169,10:54:00,500,1,Rocio
V1,2009,2009-11-09,zuc.pun,p0003,cen.bre,i0007,12:14:00,400,3,Rocio
V1,2010,2010-12-10,zuc.pun,p0003,syr.sp1,i0045,11:11,4,1,silvia
V1,2006,2006-11-13,zuc.pun,p0003,api.mel,i0070,11:30,250,8,Jimena
V1,2009,2009-11-05,zuc.pun,p0003,cen.bre,i0007,12:06:00,160,26,Rocio
V4,2011,2011-11-04,zuc.pun,p0003,col.bre,i0019,11:49,700,1,nachu
V4,2008,2008-11-18,zuc.pun,p0003,api.mel,i0070,12:04:00,1200,2,Nachu
V1,2009,2009-11-18,zuc.pun,p0003,epi.sp,i0145,10:16:00,420,1,Rocio
V1,2010,2010-11-26,zuc.pun,p0003,mes.jen,i0011,12:32:00,90,1,Nachu
V4,2011,2011-11-11,zuc.pun,p0003,api.mel,i0070,09:33,200,3,enzo
V1,2011,2011-11-04,zuc.pun,p0003,chi.sp1,i0033,09:35,110,1,silvia
V3,2006,2006-11-20,zuc.pun,p0003,NA,NA,13:40,25,0,Beni
V1,2008,2008-11-04,zuc.pun,p0003,col.lyc,i0170,08:31:00,1200,2,Nachu
V1,2010,2010-12-03,zuc.pun,p0003,cen.bre,i0007,11:44,20,4,silvia
V1,2008,2008-11-04,zuc.pun,p0003,col.lyc,i0170,08:31:00,1200,1,Nachu
V1,2009,2009-11-25,zuc.pun,p0003,meg.C,i0140,12:36:00,2640,1,nachu
V1,2010,2010-11-26,zuc.pun,p0003,cen.bre,i0007,12:32:00,90,2,Nachu
V1,2008,2008-11-11,zuc.pun,p0003,ant.rub,i0108,10:19:00,2000,1,Nachu
V4,2011,2011-11-08,zuc.pun,p0003,aug.sp,i0228,09:26,400,1,nachu
V4,2011,2011-11-01,zuc.pun,p0003,xyl.ord,i0001,10:16,500,42,nachu
V1,2009,2009-11-05,zuc.pun,p0003,cen.bre,i0007,09:41:00,90,9,Belen
V4,2011,2011-11-04,zuc.pun,p0003,aug.sp,i0228,13:06,700,1,nachu
V4,2011,2011-11-11,zuc.pun,p0003,cop.ari,i0044,09:15,400,4,nachu
V4,2011,2011-11-11,zuc.pun,p0003,cop.ari,i0044,09:33,200,4,enzo
V1,2009,2009-11-05,zuc.pun,p0003,col.cog,i0169,11:26:00,90,1,Nachu
V1,2009,2009-11-25,zuc.pun,p0003,xyl.spl,i0094,13:17:00,40,2,Belen
V1,2011,2011-11-18,zuc.pun,p0003,pse.sp,i0167,13:21,300,3,diego
V4,2008,2008-10-31,zuc.pun,p0003,zet.sp1,i0037,11:12:00,300,1,Nachu
V4,2009,2009-10-28,zuc.pun,p0003,col.cog,i0169,09:56:00,90,1,nachu
V3,2006,2006-11-13,zuc.pun,p0003,NA,NA,08:15,350,0,Erica
V1,2008,2008-11-04,zuc.pun,p0003,amm.sp1,i0126,08:31:00,1200,2,Nachu
V1,2010,2010-11-26,zuc.pun,p0003,sva.zeb,i0110,11:52:00,2000,4,Nachu
V4,2011,2011-11-11,zuc.pun,p0003,cop.ari,i0044,10:35,100,5,enzo
V4,2008,2008-10-31,zuc.pun,p0003,sva.zeb,i0110,10:20:00,1000,1,Nachu
V4,2008,2008-10-31,zuc.pun,p0003,sva.zeb,i0110,11:12:00,300,1,Nachu
V1,2011,2011-11-04,zuc.pun,p0003,pse.sp,i0167,09:35,110,1,silvia
V1,2009,2009-11-05,zuc.pun,p0003,cen.bre,i0007,09:52:00,225,30,Rocio
V4,2011,2011-11-08,zuc.pun,p0003,zet.sp1,i0037,10:21,100,4,enzo
V4,2010,2010-11-26,zuc.pun,p0003,cop.ari,i0044,8:31:00,900,1,Nachu
V4,2009,2009-11-23,zuc.pun,p0003,bom.opi,i0002,10:10:00,200,15,rocio
V4,2010,2010-12-10,zuc.pun,p0003,sva.zeb,i0110,8:26,60,1,nachu
V4,2010,2010-11-19,zuc.pun,p0003,api.mel,i0070,11:36,0,13,silvia
V4,2006,2006-11-13,zuc.pun,p0003,api.mel,i0070,12:48,1800,4,Beni
V4,2011,2011-11-11,zuc.pun,p0003,cop.ari,i0044,09:19,1300,1,silvia
V3,2006,2006-11-13,zuc.pun,p0003,hir.sp1,i0051,10:00,750,1,Erica
V1,2007,2007-11-08,zuc.pun,p0003,cop.ari,i0044,17:37,500,1,Nachu
V1,2011,2011-11-25,zuc.pun,p0003,cam.pun,i0128,12:34,200,1,silvia
V4,2011,2011-11-11,zuc.pun,p0003,cop.ari,i0044,10:35,100,2,enzo
V1,2009,2009-12-11,zuc.pun,p0003,meg.A,i0003,11:10:00,180,1,Rocio
V4,2011,2011-11-08,zuc.pun,p0003,pir.com,i0132,10:15,500,2,nachu
V4,2010,2010-12-10,zuc.pun,p0003,pse.sp,i0167,8:26,60,1,nachu
V1,2008,2008-11-21,zuc.pun,p0003,cen.bre,i0007,11:48:00,600,17,Nachu
V1,2010,2010-11-19,zuc.pun,p0003,api.mel,i0070,8:52,250,4,silvia
V1,2009,2009-11-11,zuc.pun,p0003,lei.abd,i0030,09:24:00,30,1,Belen
V1,2009,2009-11-30,zuc.pun,p0003,bombil9,i0183,12:26:00,640,2,Nachu
V1,2007,2007-11-08,zuc.pun,p0003,cop.ari,i0044,17:50,400,2,Nachu
V1,2010,2010-11-26,zuc.pun,p0003,mes.jen,i0011,10:39:00,300,3,Nachu
V4,2008,2008-11-07,zuc.pun,p0003,tac.sp10,i0191,10:41:00,700,2,Nachu
V4,2011,2011-11-18,zuc.pun,p0003,api.mel,i0070,11:46,900,1,silvia
V1,2008,2008-12-05,zuc.pun,p0003,aug.sp,i0228,11:18:00,300,4,Nachu
V4,2008,2008-12-02,zuc.pun,p0003,ant.fri,i0012,13:13:00,300,1,Nachu
V4,2008,2008-10-31,zuc.pun,p0003,cop.ari,i0044,10:09:00,700,1,Nachu
V4,2011,2011-11-11,zuc.pun,p0003,cen.bre,i0007,11:40,1000,2,nachu
V1,2010,2010-11-26,zuc.pun,p0003,allo.sp1,i0111,11:52:00,2000,1,Nachu
V4,2009,2009-11-04,zuc.pun,p0003,allo.sp1,i0111,11:03:00,140,1,Nachu
V4,2006,2006-11-20,zuc.pun,p0003,api.mel,i0070,10:23,60,10,Diego
V4,2011,2011-11-18,zuc.pun,p0003,cop.ari,i0044,11:46,900,1,silvia
V4,2011,2011-12-02,zuc.pun,p0003,cen.bre,i0007,10:08,30,3,nachu
V1,2009,2009-11-05,zuc.pun,p0003,dih.sp1,i0031,09:41:00,90,1,Belen
V4,2010,2010-11-26,zuc.pun,p0003,cop.ari,i0044,7:37:00,54,1,Nachu
V4,2011,2011-11-11,zuc.pun,p0003,cop.ari,i0044,09:04,80,1,enzo
V1,2006,2006-11-13,zuc.pun,p0003,api.mel,i0070,11:30,250,2,Jimena
V1,2008,2008-11-21,zuc.pun,p0003,coe.inc,i0154,10:19:00,500,1,Nachu
V4,2011,2011-11-11,zuc.pun,p0003,cop.ari,i0044,09:15,400,1,nachu
V1,2009,2009-12-02,zuc.pun,p0003,str.eur,i0131,11:55:00,150,1,Nachu
V1,2008,2008-12-05,zuc.pun,p0003,amm.sp1,i0126,11:18:00,300,3,Nachu
V4,2008,2008-11-18,zuc.pun,p0003,zet.sp1,i0037,11:58:00,300,2,Nachu
V1,2011,2011-11-04,zuc.pun,p0003,aug.sp,i0228,10:01,400,5,nachu
V4,2006,2006-11-20,zuc.pun,p0003,api.mel,i0070,10:09,50,10,Diego
V1,2009,2009-11-09,zuc.pun,p0003,NA,NA,13:17:00,40,0,Belen
V4,2006,2006-11-13,zuc.pun,p0003,NA,NA,10:01,100,0,Beni
V1,2007,2007-11-15,zuc.pun,p0003,cen.bre,i0007,11:51,50,6,Nachu
V1,2011,2011-11-18,zuc.pun,p0003,lepid11,i0215,13:43,300,1,diego
V1,2010,2010-12-03,zuc.pun,p0003,cop.sp2,i0052,9:48,50,1,silvia
V4,2011,2011-12-20,zuc.pun,p0003,NA,NA,12:31,300,0,silvia
V4,2010,2010-11-26,zuc.pun,p0003,api.mel,i0070,9:45:00,300,3,Nachu
V4,2011,2011-12-02,zuc.pun,p0003,coe.sp7,i0313,10:12,80,1,silvia
V4,2010,2010-11-19,zuc.pun,p0003,cop.ari,i0044,14:18,20,1,silvia
V4,2009,2009-11-04,zuc.pun,p0003,col.cog,i0169,10:06:00,700,1,Nachu
V4,2010,2010-12-17,zuc.pun,p0003,aug.sp,i0228,10:31,14,1,nachu
V4,2010,2010-12-10,zuc.pun,p0003,aug.sp,i0228,8:26,60,1,nachu
V4,2010,2010-12-10,zuc.pun,p0003,str.eur,i0131,8:26,60,1,nachu
V4,2011,2011-11-11,zuc.pun,p0003,cop.ari,i0044,09:19,1300,8,silvia
V1,2011,2011-11-01,zuc.pun,p0003,api.mel,i0070,12:41,30,2,enzo
V1,2011,2011-11-04,zuc.pun,p0003,aug.sp,i0228,10:35,70,2,enzo
V1,2011,2011-11-08,zuc.pun,p0003,col.cog,i0169,11:22,500,1,nachu
V4,2011,2011-11-08,zuc.pun,p0003,str.eur,i0131,10:15,500,3,nachu
V4,2008,2008-11-18,zuc.pun,p0003,cop.ari,i0044,12:04:00,1200,2,Nachu
V1,2008,2008-11-21,zuc.pun,p0003,coe.jor,i0005,10:19:00,500,2,Nachu
V4,2011,2011-11-11,zuc.pun,p0003,cop.ari,i0044,09:19,1300,1,silvia
V1,2009,2009-11-18,zuc.pun,p0003,NA,NA,10:05:00,100,0,Rocio
V4,2011,2011-11-11,zuc.pun,p0003,cop.ari,i0044,09:19,1300,1,silvia
V4,2008,2008-10-31,zuc.pun,p0003,api.mel,i0070,10:20:00,1000,2,Nachu
V1,2010,2010-11-26,zuc.pun,p0003,cop.ari,i0044,11:52:00,2000,1,Nachu
V4,2011,2011-11-11,zuc.pun,p0003,bom.opi,i0002,09:33,200,1,enzo
V4,2007,2007-11-08,zuc.pun,p0003,api.mel,i0070,16:30,400,1,Nachu
V4,2006,2006-11-06,zuc.pun,p0003,api.mel,i0070,11:15,800,2,Nachu
V4,2007,2007-12-04,zuc.pun,p0003,dih.sp1,i0031,11:48,7,1,Erica
V1,2010,2010-12-03,zuc.pun,p0003,bombil8,i0085,9:48,50,1,silvia
V1,2011,2011-11-18,zuc.pun,p0003,dih.sp1,i0031,13:29,300,2,diego
V4,2011,2011-11-04,zuc.pun,p0003,api.mel,i0070,11:49,700,4,nachu
V4,2011,2011-11-11,zuc.pun,p0003,cop.ari,i0044,10:09,300,1,silvia
V4,2011,2011-11-04,zuc.pun,p0003,api.mel,i0070,11:49,700,4,nachu
V4,2011,2011-11-11,zuc.pun,p0003,api.mel,i0070,10:35,100,3,enzo
V4,2011,2011-11-18,zuc.pun,p0003,api.mel,i0070,12:00,800,1,silvia
V4,2010,2010-11-26,zuc.pun,p0003,xyl.ord,i0001,9:45:00,300,10,Nachu
V4,2011,2011-11-18,zuc.pun,p0003,api.mel,i0070,12:00,800,1,silvia
V1,2009,2009-12-02,zuc.pun,p0003,sphecid1,i0121,11:55:00,150,2,Nachu
V4,2009,2009-11-11,zuc.pun,p0003,NA,NA,13:05:00,300,0,Nachu
V1,2009,2009-11-09,zuc.pun,p0003,cal.sp1,i0214,12:25:00,60,1,Belen
V1,2010,2010-11-10,zuc.pun,p0003,api.mel,i0070,13:32,500,7,silvia
V1,2011,2011-11-08,zuc.pun,p0003,col.bre,i0019,11:22,500,2,nachu
V1,2008,2008-11-21,zuc.pun,p0003,cen.bre,i0007,10:19:00,500,3,Nachu
V4,2007,2007-11-15,zuc.pun,p0003,cen.bre,i0007,10:43,220,6,Nachu
V1,2011,2011-11-04,zuc.pun,p0003,col.bre,i0019,10:50,136,1,silvia
V1,2008,2008-11-21,zuc.pun,p0003,aug.sp,i0228,10:19:00,500,2,Nachu
V1,2011,2011-11-01,zuc.pun,p0003,NA,NA,11:36,200,2,nachu
V4,2011,2011-11-04,zuc.pun,p0003,aug.sp,i0228,12:39,40,1,enzo
V1,2006,2006-11-20,zuc.pun,p0003,NA,NA,12:00,50,0,Erica
V4,2011,2011-11-01,zuc.pun,p0003,xyl.ord,i0001,08:40,50,13,enzo
V4,2011,2011-11-22,zuc.pun,p0003,bab.elo,i0075,11:10,300,1,silvia
V4,2011,2011-11-11,zuc.pun,p0003,cop.ari,i0044,09:04,80,2,enzo
V4,2010,2010-11-26,zuc.pun,p0003,api.mel,i0070,8:31:00,900,1,Nachu
V4,2008,2008-10-31,zuc.pun,p0003,api.mel,i0070,10:20:00,1000,1,Nachu
V1,2011,2011-11-04,zuc.pun,p0003,lon.rob,i0172,10:01,400,2,nachu
V1,2009,2009-11-25,zuc.pun,p0003,tac.sp10,i0191,12:09:00,1600,1,nachu
V1,2009,2009-11-05,zuc.pun,p0003,bombil8,i0085,12:06:00,160,1,Rocio
V1,2007,2007-11-20,zuc.pun,p0003,mes.jen,i0011,13:35,100,9,Nachu
V1,2009,2009-11-09,zuc.pun,p0003,xyl.ord,i0001,12:30:00,1000,6,Rocio
V1,2011,2011-11-04,zuc.pun,p0003,col.cog,i0169,10:00,300,1,silvia
V4,2009,2009-10-28,zuc.pun,p0003,col.cog,i0169,09:56:00,90,1,nachu
V1,2008,2008-11-11,zuc.pun,p0003,mes.jen,i0011,10:42:00,700,2,Nachu
V4,2008,2008-10-31,zuc.pun,p0003,api.mel,i0070,10:20:00,1000,2,Nachu
V4,2006,2006-11-20,zuc.pun,p0003,api.mel,i0070,13:06,50,3,Diego
V3,2006,2006-11-13,zuc.pun,p0003,api.mel,i0070,13:43,200,13,Erica
V4,2006,2006-11-20,zuc.pun,p0003,api.mel,i0070,11:49,50,7,Diego
V2,2006,2006-11-06,zuc.pun,p0003,NA,NA,12:58,75,0,Diego
V4,2011,2011-11-01,zuc.pun,p0003,aug.sp,i0228,10:16,500,2,nachu
V3,2006,2006-11-13,zuc.pun,p0003,zet.sp1,i0037,13:25,260,1,Erica
V1,2006,2006-11-20,zuc.pun,p0003,NA,NA,12:36,70,0,Erica
V1,2011,2011-11-01,zuc.pun,p0003,allo.sp1,i0111,11:23,300,1,nachu
V4,2011,2011-10-28,zuc.pun,p0003,zet.sp1,i0037,12:57,16,1,nachu
V4,2010,2010-12-10,zuc.pun,p0003,str.eur,i0131,8:26,60,1,nachu
V1,2011,2011-11-08,zuc.pun,p0003,cop.ari,i0044,11:22,500,2,nachu
V4,2006,2006-11-20,zuc.pun,p0003,cen.bre,i0007,11:33,50,1,Diego
V4,2011,2011-11-11,zuc.pun,p0003,cos.chi,i0077,09:45,300,3,silvia
V4,2011,2011-11-11,zuc.pun,p0003,NA,NA,10:19,700,0,nachu
V1,2011,2011-11-18,zuc.pun,p0003,api.mel,i0070,13:21,300,15,diego
V4,2010,2010-11-10,zuc.pun,p0003,cop.ari,i0044,8:04,300,4,silvia
V1,2007,2007-11-08,zuc.pun,p0003,cen.bre,i0007,15:34,200,2,Nachu
V4,2010,2010-11-10,zuc.pun,p0003,cop.ari,i0044,8:04,300,1,silvia
V1,2006,2006-11-13,zuc.pun,p0003,cen.bre,i0007,11:30,250,5,Jimena
V4,2009,2009-12-02,zuc.pun,p0003,xyl.ord,i0001,10:07:00,31,1,Nachu
V4,2008,2008-12-02,zuc.pun,p0003,zet.sp1,i0037,13:13:00,300,1,Nachu
V3,2006,2006-11-13,zuc.pun,p0003,api.mel,i0070,13:31,600,25,Erica
V4,2010,2010-12-10,zuc.pun,p0003,sva.zeb,i0110,8:26,60,3,nachu
V4,2011,2011-11-18,zuc.pun,p0003,col.ara,i0168,11:46,900,1,silvia
V1,2009,2009-11-25,zuc.pun,p0003,tac.sp10,i0191,12:09:00,1600,1,nachu
V1,2011,2011-11-18,zuc.pun,p0003,mes.jen,i0011,12:37,350,2,silvia
V4,2010,2010-12-10,zuc.pun,p0003,cop.ari,i0044,8:09,14,3,silvia
V1,2007,2007-11-20,zuc.pun,p0003,xyl.ord,i0001,13:49,330,9,Nachu
V1,2011,2011-11-01,zuc.pun,p0003,api.mel,i0070,12:41,30,4,enzo
V1,2010,2010-11-10,zuc.pun,p0003,api.mel,i0070,13:32,500,1,silvia
V1,2011,2011-11-01,zuc.pun,p0003,allo.sp1,i0111,11:23,300,1,nachu
V4,2008,2008-10-31,zuc.pun,p0003,bom.opi,i0002,09:54:00,50,2,Nachu
V4,2011,2011-11-11,zuc.pun,p0003,api.mel,i0070,10:09,300,2,silvia
V1,2010,2010-11-26,zuc.pun,p0003,cop.ari,i0044,11:52:00,2000,4,Nachu
V4,2006,2006-11-06,zuc.pun,p0003,api.mel,i0070,09:30,624,3,Nachu
V1,2010,2010-11-26,zuc.pun,p0003,allo.sp1,i0111,11:52:00,2000,1,Nachu
V1,2009,2009-11-05,zuc.pun,p0003,api.mel,i0070,09:12:00,100,2,Belen
V4,2011,2011-11-18,zuc.pun,p0003,api.mel,i0070,11:46,900,1,silvia
V1,2011,2011-11-04,zuc.pun,p0003,allo.sp1,i0111,10:00,300,1,silvia
V1,2011,2011-11-04,zuc.pun,p0003,api.mel,i0070,11:08,40,2,enzo
V1,2008,2008-12-05,zuc.pun,p0003,cen.bre,i0007,11:18:00,300,1,Nachu
V1,2009,2009-11-11,zuc.pun,p0003,lei.abd,i0030,10:18:00,200,1,Nachu
V1,2010,2010-12-03,zuc.pun,p0003,cen.bre,i0007,11:53,59,1,silvia
V1,2007,2007-11-08,zuc.pun,p0003,api.mel,i0070,17:50,400,1,Nachu
V1,2009,2009-11-05,zuc.pun,p0003,meg.A,i0003,09:26:00,180,2,Belen
V4,2007,2007-11-02,zuc.pun,p0003,api.mel,i0070,10:51,60,9,Nachu
V4,2009,2009-10-28,zuc.pun,p0003,col.cog,i0169,09:56:00,90,5,nachu
V4,2011,2011-11-18,zuc.pun,p0003,api.mel,i0070,12:00,800,1,silvia
V1,2011,2011-12-20,zuc.pun,p0003,aug.sp,i0228,08:11,121,5,silvia
V1,2010,2010-12-10,zuc.pun,p0003,NA,NA,12:29,7,1,nachu
V4,2008,2008-11-18,zuc.pun,p0003,col.cog,i0169,09:32:00,2000,1,Nachu
V4,2008,2008-11-18,zuc.pun,p0003,bom.opi,i0002,12:04:00,1200,4,Nachu
V4,2006,2006-11-20,zuc.pun,p0003,api.mel,i0070,13:06,50,10,Diego
V1,2011,2011-11-04,zuc.pun,p0003,meg.cte,i0015,09:53,700,2,nachu
V3,2006,2006-11-13,zuc.pun,p0003,api.mel,i0070,13:31,30,14,Erica
V4,2011,2011-11-04,zuc.pun,p0003,api.mel,i0070,11:49,700,4,nachu
V4,2011,2011-11-11,zuc.pun,p0003,api.mel,i0070,09:15,400,9,nachu
V4,2011,2011-11-04,zuc.pun,p0003,aug.sp,i0228,12:39,40,3,enzo
V1,2011,2011-11-04,zuc.pun,p0003,lon.cha,i0309,10:50,136,1,silvia
V2,2006,2006-11-13,zuc.pun,p0003,NA,NA,09:37,50,0,Diego
V4,2011,2011-11-18,zuc.pun,p0003,api.mel,i0070,11:46,900,1,silvia
V1,2009,2009-11-05,zuc.pun,p0003,cen.bre,i0007,09:12:00,100,3,Belen
V4,2011,2011-11-04,zuc.pun,p0003,NA,NA,13:06,700,2,nachu
V4,2006,2006-11-20,zuc.pun,p0003,cen.bre,i0007,11:24,40,7,Diego
V1,2008,2008-11-21,zuc.pun,p0003,aug.sp,i0228,10:19:00,500,2,Nachu
V4,2006,2006-11-06,zuc.pun,p0003,api.mel,i0070,14:25,900,20,Nachu
V1,2011,2011-11-29,zuc.pun,p0003,wil.cha,i0096,10:37,250,6,silvia
V4,2007,2007-11-08,zuc.pun,p0003,api.mel,i0070,16:30,400,3,Nachu
V4,2009,2009-11-04,zuc.pun,p0003,meg.C,i0140,10:33:00,15,1,belen
V1,2010,2010-11-19,zuc.pun,p0003,cen.bre,i0007,8:52,250,2,silvia
V1,2009,2009-11-09,zuc.pun,p0003,bom.opi,i0002,12:30:00,1000,15,Rocio
V1,2011,2011-11-04,zuc.pun,p0003,NA,NA,09:53,700,1,nachu
V1,2009,2009-11-23,zuc.pun,p0003,aug.sp,i0228,11:24:00,30,2,rocio
V1,2011,2011-11-01,zuc.pun,p0003,NA,NA,11:36,200,2,nachu
V1,2009,2009-12-11,zuc.pun,p0003,hypa.sp1,i0127,11:10:00,180,1,Rocio
V4,2010,2010-12-10,zuc.pun,p0003,dih.sp1,i0031,8:55,30,1,nachu
V1,2009,2009-10-28,zuc.pun,p0003,aud.sp,i0178,13:33:00,11,2,rocio
V4,2011,2011-11-01,zuc.pun,p0003,bom.opi,i0002,10:16,500,2,nachu
V1,2011,2011-11-01,zuc.pun,p0003,dia.pat,i0164,11:23,300,3,nachu
V1,2011,2011-11-04,zuc.pun,p0003,bom.opi,i0002,10:50,136,2,silvia
V1,2009,2009-12-11,zuc.pun,p0003,aug.sp,i0228,11:05:00,180,4,Rocio
V4,2011,2011-11-08,zuc.pun,p0003,cop.ari,i0044,10:15,500,2,nachu
V1,2009,2009-11-18,zuc.pun,p0003,dor.sp1,i0272,10:16:00,420,1,Rocio
V4,2009,2009-10-28,zuc.pun,p0003,col.cog,i0169,09:56:00,90,2,nachu
V4,2011,2011-11-11,zuc.pun,p0003,cen.bre,i0007,11:40,1000,1,nachu
V4,2010,2010-11-05,zuc.pun,p0003,NA,NA,12:20,100,0,silvia
V1,2009,2009-11-25,zuc.pun,p0003,tac.sp10,i0191,12:09:00,1600,1,nachu
V4,2011,2011-11-18,zuc.pun,p0003,api.mel,i0070,11:46,900,1,silvia
V4,2011,2011-11-22,zuc.pun,p0003,api.mel,i0070,11:10,400,1,silvia
V1,2011,2011-11-04,zuc.pun,p0003,aug.sp,i0228,10:01,400,5,nachu
V4,2010,2010-11-26,zuc.pun,p0003,cen.bre,i0007,8:31:00,900,3,Nachu
V4,2011,2011-11-22,zuc.pun,p0003,api.mel,i0070,11:10,400,1,silvia
V1,2011,2011-11-22,zuc.pun,p0003,aug.sp,i0228,12:57,400,1,silvia
V4,2011,2011-11-08,zuc.pun,p0003,api.mel,i0070,10:15,500,5,nachu
V4,2008,2008-11-18,zuc.pun,p0003,api.mel,i0070,11:58:00,300,1,Nachu
V1,2010,2010-11-19,zuc.pun,p0003,cop.ari,i0044,8:32,140,2,silvia
V1,2011,2011-12-02,zuc.pun,p0003,col.cog,i0169,13:15,250,1,silvia
V4,2011,2011-11-22,zuc.pun,p0003,col.bre,i0019,11:10,400,1,silvia
V4,2006,2006-11-20,zuc.pun,p0003,api.mel,i0070,10:32,80,5,Diego
V4,2011,2011-11-08,zuc.pun,p0003,api.mel,i0070,10:15,500,5,nachu
V1,2007,2007-11-20,zuc.pun,p0003,api.mel,i0070,14:28,200,1,Nachu
V4,2006,2006-11-20,zuc.pun,p0003,api.mel,i0070,10:32,80,5,Diego
V1,2011,2011-11-18,zuc.pun,p0003,cop.ari,i0044,13:36,300,5,diego
V1,2008,2008-11-21,zuc.pun,p0003,col.cog,i0169,11:48:00,600,1,Nachu
V1,2009,2009-10-28,zuc.pun,p0003,aud.sp,i0178,11:29:00,10,6,nachu
V4,2009,2009-10-28,zuc.pun,p0003,dih.sp1,i0031,09:56:00,90,1,nachu
V4,2010,2010-12-17,zuc.pun,p0003,zet.sp1,i0037,10:31,14,1,nachu
V4,2011,2011-11-11,zuc.pun,p0003,zet.sp1,i0037,09:45,300,2,silvia
V4,2011,2011-11-08,zuc.pun,p0003,api.mel,i0070,10:15,500,13,nachu
V4,2011,2011-11-11,zuc.pun,p0003,cen.bre,i0007,11:40,1000,2,nachu
V4,2010,2010-11-19,zuc.pun,p0003,cop.ari,i0044,14:12,60,1,silvia
V4,2010,2010-11-19,zuc.pun,p0003,cop.ari,i0044,14:12,60,6,silvia
V4,2011,2011-11-04,zuc.pun,p0003,aug.sp,i0228,12:39,40,4,enzo
V4,2007,2007-12-11,zuc.pun,p0003,amm.sp1,i0126,11:18,14,2,Erica
V1,2011,2011-11-29,zuc.pun,p0003,aug.sp,i0228,10:28,130,1,silvia
V1,2011,2011-11-01,zuc.pun,p0003,allo.sp1,i0111,11:23,300,1,nachu
V1,2010,2010-11-05,zuc.pun,p0003,cen.bre,i0007,9:30,57,7,silvia
V4,2011,2011-11-18,zuc.pun,p0003,api.mel,i0070,11:46,900,1,silvia
V1,2008,2008-11-21,zuc.pun,p0003,cen.bre,i0007,11:48:00,600,13,Nachu
V1,2011,2011-11-22,zuc.pun,p0003,cen.bre,i0007,13:38,250,3,silvia
V1,2008,2008-12-05,zuc.pun,p0003,mes.jen,i0011,10:38:00,68,2,Nachu
V4,2008,2008-11-18,zuc.pun,p0003,bom.opi,i0002,09:32:00,2000,2,Nachu
V1,2011,2011-11-04,zuc.pun,p0003,NA,NA,11:08,40,2,enzo
V4,2011,2011-11-08,zuc.pun,p0003,api.mel,i0070,10:15,500,13,nachu
V1,2011,2011-11-01,zuc.pun,p0003,api.mel,i0070,12:41,30,2,enzo
V1,2008,2008-12-05,zuc.pun,p0003,cen.bre,i0007,11:18:00,300,2,Nachu
V4,2010,2010-11-19,zuc.pun,p0003,api.mel,i0070,14:03,46,2,silvia
V1,2011,2011-11-04,zuc.pun,p0003,aug.sp,i0228,10:35,70,1,enzo
V1,2009,2009-11-05,zuc.pun,p0003,col.cog,i0169,11:02:00,250,4,Rocio
V1,2011,2011-11-04,zuc.pun,p0003,allo.sp1,i0111,10:00,300,1,silvia
V4,2009,2009-10-28,zuc.pun,p0003,col.cog,i0169,09:56:00,90,3,nachu
V4,2009,2009-11-30,zuc.pun,p0003,sva.zeb,i0110,10:51:00,150,2,Nachu
V1,2010,2010-11-19,zuc.pun,p0003,api.mel,i0070,10:22,300,4,silvia
V4,2011,2011-11-11,zuc.pun,p0003,cop.ari,i0044,09:15,400,2,nachu
V4,2011,2011-11-04,zuc.pun,p0003,NA,NA,11:49,700,2,nachu
V1,2009,2009-11-05,zuc.pun,p0003,xyl.spl,i0094,12:06:00,160,3,Rocio
V4,2009,2009-11-11,zuc.pun,p0003,cen.bre,i0007,12:18:00,640,4,Nachu
V1,2007,2007-11-08,zuc.pun,p0003,api.mel,i0070,17:37,500,2,Nachu
V4,2010,2010-11-10,zuc.pun,p0003,cop.ari,i0044,8:04,300,4,silvia
V4,2011,2011-11-08,zuc.pun,p0003,cen.bre,i0007,09:26,400,1,nachu
V4,2011,2011-11-11,zuc.pun,p0003,cop.ari,i0044,10:35,100,3,enzo
V4,2011,2011-11-04,zuc.pun,p0003,api.mel,i0070,11:49,700,4,nachu
V4,2009,2009-11-04,zuc.pun,p0003,dih.sp1,i0031,11:03:00,140,1,Nachu
V1,2011,2011-11-04,zuc.pun,p0003,meg.A,i0003,09:53,700,2,nachu
V4,2011,2011-11-08,zuc.pun,p0003,api.mel,i0070,09:26,400,4,nachu
V1,2009,2009-12-11,zuc.pun,p0003,aug.sp,i0228,11:05:00,180,5,Rocio
V4,2011,2011-12-02,zuc.pun,p0003,dih.sp1,i0031,10:31,150,2,silvia
V1,2010,2010-11-26,zuc.pun,p0003,cen.bre,i0007,11:52:00,2000,1,Nachu
V4,2008,2008-10-31,zuc.pun,p0003,api.mel,i0070,11:12:00,300,2,Nachu
V4,2011,2011-11-08,zuc.pun,p0003,bombil9,i0183,10:15,500,3,nachu
V1,2007,2007-11-08,zuc.pun,p0003,api.mel,i0070,17:50,400,3,Nachu
V4,2008,2008-11-18,zuc.pun,p0003,cop.ari,i0044,09:32:00,2000,6,Nachu
V1,2009,2009-11-11,zuc.pun,p0003,lei.abd,i0030,10:18:00,200,1,Nachu
V4,2009,2009-11-30,zuc.pun,p0003,NA,NA,10:02:00,300,0,Nachu
V4,2011,2011-11-08,zuc.pun,p0003,thy.sp1,i0034,09:26,400,1,nachu
V1,2011,2011-11-04,zuc.pun,p0003,pse.sp,i0167,09:53,700,1,nachu
V1,2009,2009-11-11,zuc.pun,p0003,lei.abd,i0030,10:18:00,200,1,Nachu
V1,2008,2008-12-05,zuc.pun,p0003,NA,NA,10:52:00,4,0,Nachu
V1,2009,2009-11-11,zuc.pun,p0003,lei.abd,i0030,09:24:00,30,1,Belen
V1,2011,2011-11-04,zuc.pun,p0003,lei.abd,i0030,10:00,300,1,silvia
V4,2011,2011-11-22,zuc.pun,p0003,cos.chi,i0077,11:10,300,1,silvia
V1,2011,2011-11-04,zuc.pun,p0003,col.cog,i0169,09:35,110,1,silvia
V4,2011,2011-11-08,zuc.pun,p0003,zet.sp1,i0037,09:26,400,3,nachu
V1,2008,2008-11-21,zuc.pun,p0003,col.cog,i0169,10:19:00,500,2,Nachu
V3,2006,2006-11-13,zuc.pun,p0003,bom.opi,i0002,13:49,360,6,Erica
V1,2011,2011-11-04,zuc.pun,p0003,lon.rob,i0172,10:01,400,2,nachu
V1,2010,2010-12-03,zuc.pun,p0003,NA,NA,9:48,50,1,silvia
V1,2009,2009-11-25,zuc.pun,p0003,zet.sp1,i0037,12:54:00,50,3,Belen
V4,2006,2006-11-20,zuc.pun,p0003,api.mel,i0070,10:09,50,7,Diego
V4,2010,2010-12-10,zuc.pun,p0003,dih.sp1,i0031,8:55,30,3,nachu
V1,2009,2009-11-05,zuc.pun,p0003,lei.abd,i0030,11:02:00,250,1,Rocio
V4,2011,2011-11-08,zuc.pun,p0003,aug.sp,i0228,09:38,50,2,enzo
V1,2010,2010-11-19,zuc.pun,p0003,api.mel,i0070,8:52,250,3,silvia
V1,2010,2010-12-10,zuc.pun,p0003,NA,NA,12:29,7,1,nachu
V1,2011,2011-11-04,zuc.pun,p0003,aug.sp,i0228,10:35,70,4,enzo
V1,2010,2010-12-10,zuc.pun,p0003,NA,NA,12:29,7,1,nachu
V4,2010,2010-12-10,zuc.pun,p0003,bombil8,i0085,8:26,60,1,nachu
V4,2010,2010-12-10,zuc.pun,p0003,cop.ari,i0044,8:35,200,1,nachu
V4,2009,2009-11-25,zuc.pun,p0003,col.cog,i0169,11:25:00,640,3,nachu
V1,2010,2010-12-10,zuc.pun,p0003,mes.jen,i0011,12:29,7,2,nachu
V1,2009,2009-11-25,zuc.pun,p0003,NA,NA,13:47:00,128,0,nachu
V1,2009,2009-11-30,zuc.pun,p0003,NA,NA,12:37:00,45,0,Rocio
V1,2011,2011-11-29,zuc.pun,p0003,sphecid1,i0121,10:37,250,1,silvia
V4,2008,2008-11-18,zuc.pun,p0003,zet.sp1,i0037,12:04:00,1200,3,Nachu
V4,2010,2010-11-26,zuc.pun,p0003,cop.ari,i0044,8:31:00,900,1,Nachu
V4,2010,2010-12-10,zuc.pun,p0003,dih.sp1,i0031,8:26,60,1,nachu
V4,2011,2011-11-08,zuc.pun,p0003,api.mel,i0070,10:15,500,13,nachu
V4,2008,2008-11-07,zuc.pun,p0003,tri.lat,i0098,08:42:00,190,3,Nachu
V4,2011,2011-11-04,zuc.pun,p0003,NA,NA,13:06,700,2,nachu
V1,2010,2010-11-26,zuc.pun,p0003,cen.bre,i0007,10:39:00,300,3,Nachu
V1,2009,2009-11-25,zuc.pun,p0003,cen.bre,i0007,12:36:00,2640,10,nachu
V4,2010,2010-11-26,zuc.pun,p0003,col.cog,i0169,7:37:00,54,1,Nachu
V4,2009,2009-11-18,zuc.pun,p0003,NA,NA,13:28:00,1000,0,Rocio
V4,2008,2008-10-31,zuc.pun,p0003,xyl.ord,i0001,10:09:00,700,3,Nachu
V4,2008,2008-11-18,zuc.pun,p0003,cop.ari,i0044,12:04:00,1200,1,Nachu
V4,2011,2011-10-28,zuc.pun,p0003,zet.sp1,i0037,12:57,16,3,nachu
V4,2011,2011-11-18,zuc.pun,p0003,api.mel,i0070,12:00,800,1,silvia
V1,2011,2011-11-04,zuc.pun,p0003,aug.sp,i0228,10:00,300,1,silvia
V4,2011,2011-11-11,zuc.pun,p0003,cop.ari,i0044,11:40,1000,1,nachu
V1,2008,2008-11-11,zuc.pun,p0003,tri.lat,i0098,10:42:00,700,1,Nachu
V4,2010,2010-12-10,zuc.pun,p0003,str.eur,i0131,8:35,200,1,nachu
V4,2011,2011-11-08,zuc.pun,p0003,cop.ari,i0044,10:15,500,2,nachu
V1,2011,2011-11-04,zuc.pun,p0003,aug.sp,i0228,10:00,300,1,silvia
V1,2009,2009-11-11,zuc.pun,p0003,lei.abd,i0030,09:24:00,30,1,Belen
V4,2008,2008-10-31,zuc.pun,p0003,api.mel,i0070,11:12:00,300,4,Nachu
V1,2011,2011-11-01,zuc.pun,p0003,allo.sp1,i0111,11:36,200,1,nachu
V4,2006,2006-11-20,zuc.pun,p0003,cen.bre,i0007,11:33,50,10,Diego
V4,2011,2011-11-08,zuc.pun,p0003,str.eur,i0131,10:15,500,3,nachu
V4,2011,2011-11-01,zuc.pun,p0003,tac.sp10,i0191,10:16,500,6,nachu
V4,2010,2010-12-10,zuc.pun,p0003,cop.sp2,i0052,8:35,200,1,nachu
V4,2007,2007-11-15,zuc.pun,p0003,cop.ari,i0044,09:02,200,1,Nachu
V4,2010,2010-12-10,zuc.pun,p0003,str.eur,i0131,8:35,200,1,nachu
V4,2011,2011-11-11,zuc.pun,p0003,cop.ari,i0044,10:09,300,1,silvia
V4,2011,2011-11-18,zuc.pun,p0003,api.mel,i0070,12:00,800,1,silvia
V4,2008,2008-10-31,zuc.pun,p0003,sva.zeb,i0110,10:20:00,1000,1,Nachu
V1,2008,2008-11-21,zuc.pun,p0003,aug.sp,i0228,11:48:00,600,1,Nachu
V4,2011,2011-11-08,zuc.pun,p0003,api.mel,i0070,10:15,500,5,nachu
V1,2007,2007-11-08,zuc.pun,p0003,cop.ari,i0044,15:34,200,1,Nachu
V4,2008,2008-10-31,zuc.pun,p0003,meg.C,i0140,10:20:00,1000,2,Nachu
V1,2011,2011-11-04,zuc.pun,p0003,xyl.ord,i0001,09:35,110,1,silvia
V1,2010,2010-11-26,zuc.pun,p0003,cen.bre,i0007,11:52:00,2000,1,Nachu
V4,2010,2010-11-10,zuc.pun,p0003,cop.ari,i0044,8:04,300,2,silvia
V4,2011,2011-11-01,zuc.pun,p0003,dia.pat,i0164,09:59,400,2,nachu
V4,2007,2007-11-15,zuc.pun,p0003,api.mel,i0070,10:09,100,7,Nachu
V1,2009,2009-11-25,zuc.pun,p0003,tac.sp10,i0191,12:09:00,1600,1,nachu
V4,2008,2008-10-31,zuc.pun,p0003,dih.sp1,i0031,10:20:00,1000,1,Nachu
V4,2011,2011-11-01,zuc.pun,p0003,str.eur,i0131,08:40,50,2,enzo
V4,2010,2010-12-17,zuc.pun,p0003,col.cog,i0169,10:31,14,1,nachu
V4,2011,2011-11-18,zuc.pun,p0003,cop.ari,i0044,11:46,900,1,silvia
V4,2010,2010-12-10,zuc.pun,p0003,cop.sp2,i0052,8:35,200,1,nachu
V4,2010,2010-11-26,zuc.pun,p0003,cop.ari,i0044,7:37:00,54,1,Nachu
V1,2011,2011-11-01,zuc.pun,p0003,NA,NA,11:36,200,2,nachu
V1,2011,2011-11-11,zuc.pun,p0003,col.cog,i0169,13:10,400,2,nachu
V1,2011,2011-11-11,zuc.pun,p0003,str.eur,i0131,13:10,400,1,nachu
V3,2006,2006-11-13,zuc.pun,p0003,hir.sp1,i0051,13:43,200,1,Erica
V4,2007,2007-11-15,zuc.pun,p0003,api.mel,i0070,10:43,220,11,Nachu
V4,2006,2006-11-06,zuc.pun,p0003,NA,NA,13:02,900,0,Nachu
V1,2011,2011-11-01,zuc.pun,p0003,allo.sp1,i0111,11:23,300,2,nachu
V1,2011,2011-11-08,zuc.pun,p0003,aug.sp,i0228,11:22,500,1,nachu
V1,2008,2008-11-21,zuc.pun,p0003,coe.inc,i0154,10:19:00,500,1,Nachu
V1,2011,2011-11-18,zuc.pun,p0003,aug.sp,i0228,12:37,350,4,silvia
V1,2009,2009-11-25,zuc.pun,p0003,tac.sp10,i0191,12:09:00,1600,1,nachu
V1,2008,2008-12-05,zuc.pun,p0003,aug.sp,i0228,11:18:00,300,5,Nachu
V1,2010,2010-11-26,zuc.pun,p0003,cop.ari,i0044,11:52:00,2000,1,Nachu
V1,2008,2008-11-04,zuc.pun,p0003,col.lyc,i0170,10:08:00,200,1,Nachu
V4,2011,2011-11-08,zuc.pun,p0003,aug.sp,i0228,10:21,100,4,enzo
V1,2011,2011-10-28,zuc.pun,p0003,str.eur,i0131,10:57,210,3,nachu
V1,2008,2008-11-21,zuc.pun,p0003,ana.ine,i0013,11:48:00,600,1,Nachu
V1,2007,2007-11-08,zuc.pun,p0003,api.mel,i0070,17:37,500,3,Nachu
V4,2009,2009-11-11,zuc.pun,p0003,NA,NA,12:39:00,30,0,Belen
V1,2011,2011-11-04,zuc.pun,p0003,col.cog,i0169,10:50,136,1,silvia
V4,2010,2010-12-10,zuc.pun,p0003,amm.sp1,i0126,8:09,14,2,silvia
V4,2006,2006-11-20,zuc.pun,p0003,api.mel,i0070,13:06,50,2,Diego
V4,2011,2011-11-11,zuc.pun,p0003,api.mel,i0070,10:09,300,2,silvia
V1,2011,2011-11-08,zuc.pun,p0003,col.cog,i0169,11:22,500,2,nachu
V1,2010,2010-11-19,zuc.pun,p0003,api.mel,i0070,8:52,250,10,silvia
V1,2011,2011-11-04,zuc.pun,p0003,aug.sp,i0228,10:35,70,3,enzo
V4,2011,2011-12-02,zuc.pun,p0003,cen.bre,i0007,10:12,80,17,silvia
V4,2011,2011-11-11,zuc.pun,p0003,cop.ari,i0044,10:09,300,7,silvia
V4,2011,2011-11-08,zuc.pun,p0003,aug.sp,i0228,10:21,100,2,enzo
V4,2010,2010-11-26,zuc.pun,p0003,col.cog,i0169,7:37:00,54,2,Nachu
V1,2011,2011-11-04,zuc.pun,p0003,lon.rob,i0172,10:01,400,2,nachu
V1,2010,2010-11-26,zuc.pun,p0003,cen.bre,i0007,10:39:00,300,17,Nachu
V1,2011,2011-12-20,zuc.pun,p0003,aug.sp,i0228,08:11,121,1,silvia
V4,2010,2010-11-19,zuc.pun,p0003,api.mel,i0070,11:36,0,6,silvia
V1,2009,2009-11-18,zuc.pun,p0003,cen.bre,i0007,11:19:00,400,4,Nachu
V1,2007,2007-11-08,zuc.pun,p0003,api.mel,i0070,17:37,500,2,Nachu
V4,2011,2011-11-11,zuc.pun,p0003,cop.ari,i0044,09:19,1300,1,silvia
V4,2011,2011-11-11,zuc.pun,p0003,aug.sp,i0228,13:11,40,1,enzo
V1,2007,2007-11-27,zuc.pun,p0003,aug.sp,i0228,09:16,60,1,Nachu
V4,2010,2010-11-26,zuc.pun,p0003,api.mel,i0070,9:45:00,300,8,Nachu
V4,2011,2011-11-11,zuc.pun,p0003,cop.ari,i0044,09:19,1300,1,silvia
V4,2010,2010-12-10,zuc.pun,p0003,bombil8,i0085,8:35,200,1,nachu
V1,2010,2010-11-19,zuc.pun,p0003,NA,NA,10:22,300,1,silvia
V1,2009,2009-12-11,zuc.pun,p0003,col.cog,i0169,11:10:00,180,1,Rocio
V4,2010,2010-11-10,zuc.pun,p0003,cop.ari,i0044,8:04,300,4,silvia
V1,2007,2007-11-08,zuc.pun,p0003,cop.ari,i0044,17:37,500,2,Nachu
V4,2011,2011-11-01,zuc.pun,p0003,col.cog,i0169,09:59,400,2,nachu
V4,2011,2011-11-18,zuc.pun,p0003,api.mel,i0070,12:00,800,1,silvia
V1,2011,2011-11-04,zuc.pun,p0003,meg.A,i0003,10:50,136,2,silvia
V1,2010,2010-11-19,zuc.pun,p0003,api.mel,i0070,10:22,300,1,silvia
V4,2011,2011-11-11,zuc.pun,p0003,api.mel,i0070,10:35,100,2,enzo
V1,2011,2011-11-22,zuc.pun,p0003,NA,NA,12:57,400,0,silvia
V4,2008,2008-10-31,zuc.pun,p0003,xyl.spl,i0094,11:12:00,300,8,Nachu
V1,2008,2008-11-21,zuc.pun,p0003,aug.sp,i0228,11:48:00,600,1,Nachu
V1,2009,2009-11-25,zuc.pun,p0003,cen.lya,i0006,12:09:00,1600,5,nachu
V4,2008,2008-12-02,zuc.pun,p0003,bombil8,i0085,10:09:00,11,1,Nachu
V4,2009,2009-10-28,zuc.pun,p0003,col.cog,i0169,09:56:00,90,1,nachu
V1,2011,2011-11-01,zuc.pun,p0003,NA,NA,11:36,200,1,nachu
V1,2011,2011-11-22,zuc.pun,p0003,sva.zeb,i0110,13:38,250,2,silvia
V4,2011,2011-11-11,zuc.pun,p0003,cam.mus,i0072,09:45,300,1,silvia
V4,2010,2010-11-19,zuc.pun,p0003,api.mel,i0070,11:36,0,5,silvia
V4,2011,2011-12-02,zuc.pun,p0003,zet.sp1,i0037,09:02,100,2,nachu
V4,2009,2009-10-28,zuc.pun,p0003,col.cog,i0169,09:56:00,90,3,nachu
V1,2008,2008-11-04,zuc.pun,p0003,zet.sp1,i0037,08:31:00,1200,2,Nachu
V4,2011,2011-11-04,zuc.pun,p0003,api.mel,i0070,11:49,700,4,nachu
V1,2011,2011-11-01,zuc.pun,p0003,NA,NA,11:36,200,1,nachu
V1,2008,2008-11-21,zuc.pun,p0003,col.cog,i0169,11:48:00,600,2,Nachu
V1,2011,2011-12-20,zuc.pun,p0003,NA,NA,10:45,105,0,silvia
V4,2011,2011-11-18,zuc.pun,p0003,cop.ari,i0044,11:46,900,1,silvia
V1,2010,2010-11-26,zuc.pun,p0003,cen.bre,i0007,11:52:00,2000,2,Nachu
V4,2008,2008-11-11,zuc.pun,p0003,amm.sp1,i0126,13:29:00,200,1,Nachu
V1,2010,2010-11-26,zuc.pun,p0003,cen.bre,i0007,11:52:00,2000,20,Nachu
V4,2011,2011-12-02,zuc.pun,p0003,col.cog,i0169,10:12,80,1,silvia
V1,2008,2008-12-05,zuc.pun,p0003,cen.bre,i0007,11:18:00,300,12,Nachu
V2,2006,2006-11-06,zuc.pun,p0003,NA,NA,12:41,22,0,Diego
V4,2006,2006-11-20,zuc.pun,p0003,api.mel,i0070,13:06,50,5,Diego
V1,2011,2011-11-04,zuc.pun,p0003,aug.sp,i0228,10:01,400,5,nachu
V4,2008,2008-11-18,zuc.pun,p0003,api.mel,i0070,09:32:00,2000,1,Nachu
V1,2008,2008-11-04,zuc.pun,p0003,col.lyc,i0170,10:30:00,300,1,Nachu
V1,2011,2011-11-04,zuc.pun,p0003,lon.rob,i0172,10:01,400,1,nachu
V1,2010,2010-11-19,zuc.pun,p0003,NA,NA,8:52,250,1,silvia
V4,2010,2010-12-10,zuc.pun,p0003,col.cog,i0169,8:35,200,2,nachu
V4,2010,2010-11-26,zuc.pun,p0003,col.cog,i0169,9:33:00,190,1,Nachu
V4,2008,2008-11-18,zuc.pun,p0003,col.cog,i0169,12:04:00,1200,1,Nachu
V4,2006,2006-11-20,zuc.pun,p0003,api.mel,i0070,13:06,50,11,Diego
V2,2006,2006-10-30,hel.don,p0004,api.mel,i0070,12:11,55,1,Diego
V1,2011,2011-12-20,hel.don,p0004,amm.sp1,i0126,09:09,250,1,silvia
V1,2011,2011-12-13,hel.don,p0004,str.eur,i0131,11:55,50,2,nachu
V1,2007,2007-12-11,hel.don,p0004,cop.sp2,i0052,08:45,11,2,Nachu
V4,2008,2008-11-18,hel.don,p0004,meg.cte,i0015,11:05:00,13,3,Nachu
V4,2010,2010-11-05,hel.don,p0004,dia.sp1,i0073,11:54,24,1,silvia
V4,2008,2008-12-02,hel.don,p0004,amm.sp1,i0126,11:06:00,46,1,Nachu
V1,2011,2011-12-20,hel.don,p0004,coe.sp7,i0313,09:09,250,1,silvia
V1,2011,2011-12-13,hel.don,p0004,zet.sp1,i0037,11:55,50,2,nachu
V1,2011,2011-12-20,hel.don,p0004,cos.chi,i0077,09:09,250,1,silvia
V1,2011,2011-12-13,hel.don,p0004,aug.sp,i0228,12:00,12,3,silvia
V1,2008,2008-12-05,hel.don,p0004,amm.sp1,i0126,09:07:00,41,4,Nachu
V1,2007,2007-11-20,hel.don,p0004,meg.A,i0003,13:14,25,2,Nachu
V4,2007,2007-12-11,hel.don,p0004,aug.sp,i0228,10:41,5,1,Nachu
V1,2011,2011-12-13,hel.don,p0004,psa.ruf,i0023,13:10,15,1,silvia
V1,2010,2010-12-03,hel.don,p0004,NA,NA,10:43,18,0,silvia
V1,2010,2010-11-10,hel.don,p0004,NA,NA,12:21,10,1,silvia
V1,2007,2007-11-20,hel.don,p0004,psa.ruf,i0023,13:14,25,1,Nachu
V1,2011,2011-12-06,hel.don,p0004,aug.sp,i0228,10:00:00,57,9,silvia
V1,2008,2008-11-11,hel.don,p0004,cos.chi,i0077,08:48:00,40,2,Nachu
V4,2011,2011-11-11,hel.don,p0004,pir.com,i0132,09:10,16,1,silvia
V1,2011,2011-12-20,hel.don,p0004,aug.sp,i0228,08:40,41,5,silvia
V3,2006,2006-10-24,hel.don,p0004,NA,NA,14:47,70,0,Diego
V3,2006,2006-10-16,hel.don,p0004,lepid3,i0079,12:44,96,1,Nachu
V1,2007,2007-12-11,hel.don,p0004,bombil8,i0085,07:42,12,1,Nachu
V4,2009,2009-12-02,hel.don,p0004,NA,NA,10:28:00,8,0,Nachu
V4,2007,2007-12-04,hel.don,p0004,bom.opi,i0002,12:36,2,1,Erica
V1,2011,2011-12-02,hel.don,p0004,tat.aut,i0076,12:25,3,1,silvia
V4,2008,2008-10-24,hel.don,p0004,meg.C,i0140,09:44:00,2,2,Nachu
V4,2008,2008-11-11,hel.don,p0004,meg.cte,i0015,13:43:00,13,2,Nachu
V1,2007,2007-12-11,hel.don,p0004,bombil8,i0085,07:42,12,1,Nachu
V1,2011,2011-12-13,hel.don,p0004,meg.cte,i0015,13:10,15,1,silvia
V1,2011,2011-12-13,hel.don,p0004,NA,NA,11:55,50,0,nachu
V4,2008,2008-11-18,hel.don,p0004,meg.cte,i0015,11:05:00,13,1,Nachu
V1,2010,2010-11-10,hel.don,p0004,NA,NA,13:13,2,0,silvia
V4,2007,2007-12-11,hel.don,p0004,bombil8,i0085,10:41,5,1,Nachu
V1,2008,2008-11-11,hel.don,p0004,pir.com,i0132,08:48:00,40,2,Nachu
V4,2011,2011-11-18,hel.don,p0004,pir.com,i0132,10:58,200,1,silvia
V4,2011,2011-11-18,hel.don,p0004,pse.sp,i0167,10:58,200,1,silvia
V1,2011,2011-12-13,hel.don,p0004,cos.chi,i0077,13:10,15,1,silvia
V4,2009,2009-11-18,hel.don,p0004,ant.rub,i0108,12:30:00,5,2,Nachu
V1,2007,2007-12-11,hel.don,p0004,bombil8,i0085,07:42,12,1,Nachu
V4,2010,2010-11-26,hel.don,p0004,cop.sp2,i0052,7:52:00,90,1,Nachu
V1,2011,2011-12-20,hel.don,p0004,orthop2,i0081,09:09,250,1,silvia
V4,2011,2011-11-18,hel.don,p0004,pir.com,i0132,10:58,200,1,silvia
V1,2010,2010-11-10,hel.don,p0004,pir.com,i0132,12:21,10,1,silvia
V4,2011,2011-11-11,hel.don,p0004,str.eur,i0131,10:28,140,1,nachu
V1,2011,2011-12-13,hel.don,p0004,cos.chi,i0077,11:55,50,1,nachu
V4,2007,2007-12-11,hel.don,p0004,aug.sp,i0228,10:41,5,2,Nachu
V1,2008,2008-12-17,hel.don,p0004,aug.sp,i0228,09:43:00,6,2,Nachu
V4,2007,2007-12-04,hel.don,p0004,cop.ari,i0044,11:51,5,1,Erica
V1,2011,2011-12-13,hel.don,p0004,dia.pat,i0164,12:00,12,2,silvia
V1,2008,2008-11-21,hel.don,p0004,amm.sp1,i0126,09:17:00,32,2,Nachu
V1,2008,2008-11-11,hel.don,p0004,meg.cte,i0015,08:48:00,40,2,Nachu
V1,2011,2011-12-13,hel.don,p0004,meg.cte,i0015,11:55,50,1,nachu
V1,2011,2011-12-06,hel.don,p0004,dia.pat,i0164,10:00:00,57,2,silvia
V4,2011,2011-11-11,hel.don,p0004,NA,NA,09:26,160,0,silvia
V3,2006,2006-10-16,hel.don,p0004,NA,NA,13:08,6,0,Erica
V4,2008,2008-11-18,hel.don,p0004,cos.chi,i0077,10:45:00,11,1,Nachu
V4,2008,2008-12-02,hel.don,p0004,amm.sp1,i0126,09:48:00,24,1,Nachu
V4,2007,2007-12-11,hel.don,p0004,bombil8,i0085,10:41,5,1,Nachu
V4,2008,2008-12-02,hel.don,p0004,bombil8,i0085,09:19:00,10,1,Nachu
V1,2011,2011-12-06,hel.don,p0004,zet.sp1,i0037,10:00:00,57,4,silvia
V1,2011,2011-12-06,hel.don,p0004,dih.sp1,i0031,10:00:00,57,1,silvia
V1,2007,2007-12-11,hel.don,p0004,cop.sp2,i0052,08:45,11,1,Nachu
V4,2010,2010-11-26,hel.don,p0004,aug.sp,i0228,7:52:00,90,1,Nachu
V1,2007,2007-12-11,hel.don,p0004,bombil8,i0085,08:45,11,1,Nachu
V4,2010,2010-11-19,hel.don,p0004,NA,NA,12:37,31,0,silvia
V1,2011,2011-11-08,hel.don,p0004,NA,NA,12:09,3,1,nachu
V1,2011,2011-12-02,hel.don,p0004,NA,NA,12:14,14,0,nachu
V3,2006,2006-10-24,hel.don,p0004,NA,NA,11:09,35,0,Diego
V4,2011,2011-11-11,hel.don,p0004,ise.vac,i0106,10:28,140,1,nachu
V4,2007,2007-11-15,hel.don,p0004,cop.ari,i0044,08:46,4,2,Nachu
V4,2011,2011-11-04,hel.don,p0004,tat.aut,i0076,11:38,3,2,nachu
V1,2011,2011-12-20,hel.don,p0004,aug.sp,i0228,09:09,250,3,silvia
V4,2010,2010-11-26,hel.don,p0004,cop.ari,i0044,7:28:00,5,1,Nachu
V1,2011,2011-12-02,hel.don,p0004,lep.nig,i0016,12:25,3,1,silvia
V3,2006,2006-10-16,hel.don,p0004,NA,NA,12:52,22,0,Nachu
V1,2010,2010-11-10,hel.don,p0004,lepid3,i0079,12:21,10,1,silvia
V4,2008,2008-10-28,hel.don,p0004,aud.sp,i0178,12:20:00,2,1,Nachu
V4,2008,2008-12-02,hel.don,p0004,dih.sp1,i0031,09:19:00,10,4,Nachu
V4,2010,2010-10-28,hel.don,p0004,NA,NA,9:30:00,2,0,Nachu
V1,2011,2011-12-13,hel.don,p0004,NA,NA,11:55,50,3,nachu
V4,2008,2008-11-18,hel.don,p0004,meg.cte,i0015,10:45:00,11,3,Nachu
V1,2007,2007-12-11,hel.don,p0004,aug.sp,i0228,08:45,11,1,Nachu
V4,2008,2008-10-31,hel.don,p0004,aug.sp,i0228,09:00:00,7,1,Nachu
V1,2008,2008-12-05,hel.don,p0004,aug.sp,i0228,09:07:00,41,1,Nachu
V4,2011,2011-11-18,hel.don,p0004,NA,NA,10:58,200,1,silvia
V4,2007,2007-12-04,hel.don,p0004,bombil8,i0085,10:25,40,1,Erica
V4,2011,2011-10-28,hel.don,p0004,NA,NA,11:28,2,0,nachu
V1,2011,2011-12-20,hel.don,p0004,aug.sp,i0228,09:09,250,2,silvia
V1,2011,2011-12-13,hel.don,p0004,cos.chi,i0077,13:10,15,1,silvia
V4,2008,2008-11-07,hel.don,p0004,NA,NA,09:23:00,30,0,Nachu
V3,2006,2006-10-30,hel.don,p0004,NA,NA,12:35,10,0,Jimena
V1,2011,2011-12-13,hel.don,p0004,meg.gom,i0308,13:10,15,1,silvia
V3,2006,2006-10-24,hel.don,p0004,NA,NA,11:15,70,0,Diego
V4,2007,2007-12-11,hel.don,p0004,cop.sp2,i0052,10:41,5,1,Nachu
V1,2011,2011-11-29,hel.don,p0004,col.ara,i0168,12:56,112,1,silvia
V4,2007,2007-12-11,hel.don,p0004,amm.sp1,i0126,10:41,5,1,Nachu
V4,2011,2011-12-13,hel.don,p0004,NA,NA,08:41,31,0,nachu
V4,2008,2008-10-24,hel.don,p0004,aud.sp,i0178,10:46:00,4,1,Nachu
V4,2008,2008-12-02,hel.don,p0004,bombil8,i0085,09:48:00,24,4,Nachu
V1,2008,2008-12-17,hel.don,p0004,amm.sp1,i0126,09:43:00,6,1,Nachu
V1,2008,2008-11-11,hel.don,p0004,bom.opi,i0002,09:11:00,80,2,Nachu
V1,2011,2011-12-20,hel.don,p0004,cos.chi,i0077,09:09,250,1,silvia
V1,2008,2008-11-11,hel.don,p0004,dia.sp1,i0073,08:48:00,40,1,Nachu
V1,2011,2011-12-20,hel.don,p0004,str.eur,i0131,08:40,41,1,silvia
V1,2008,2008-11-21,hel.don,p0004,NA,NA,09:40:00,11,0,Nachu
V4,2008,2008-11-07,hel.don,p0004,NA,NA,09:03:00,3,0,Nachu
V1,2007,2007-12-11,hel.don,p0004,aug.sp,i0228,08:45,11,1,Nachu
V1,2007,2007-12-11,hel.don,p0004,aug.sp,i0228,08:45,11,6,Nachu
V4,2007,2007-12-11,hel.don,p0004,bombil8,i0085,10:41,5,1,Nachu
V1,2007,2007-12-11,hel.don,p0004,aug.sp,i0228,08:45,11,4,Nachu
V4,2010,2010-11-26,hel.don,p0004,cop.sp2,i0052,8:03:00,28,1,Nachu
V1,2007,2007-12-11,hel.don,p0004,bombil8,i0085,07:42,12,1,Nachu
V1,2011,2011-12-20,hel.don,p0004,amm.sp1,i0126,09:09,250,7,silvia
V4,2011,2011-11-08,hel.don,p0004,pir.com,i0132,10:53,12,1,nachu
V1,2011,2011-12-13,hel.don,p0004,str.eur,i0131,11:55,50,1,nachu
V4,2008,2008-11-18,hel.don,p0004,cos.chi,i0077,10:45:00,11,1,Nachu
V4,2010,2010-11-10,hel.don,p0004,NA,NA,10:17,27,0,silvia
V1,2011,2011-12-13,hel.don,p0004,NA,NA,11:55,50,2,nachu
V1,2007,2007-11-15,hel.don,p0004,cos.chi,i0077,11:59,3,1,Nachu
V4,2008,2008-12-02,hel.don,p0004,dih.sp1,i0031,09:19:00,10,2,Nachu
V1,2011,2011-12-20,hel.don,p0004,NA,NA,09:09,250,0,silvia
V4,2010,2010-11-10,hel.don,p0004,cop.sp2,i0052,9:42,7,1,silvia
V4,2007,2007-12-11,hel.don,p0004,dih.sp1,i0031,10:41,5,1,Nachu
V1,2010,2010-11-19,hel.don,p0004,NA,NA,10:56,10,0,silvia
V4,2008,2008-11-18,hel.don,p0004,dih.sp1,i0031,11:05:00,13,1,Nachu
V4,2007,2007-12-11,hel.don,p0004,bombil8,i0085,10:41,5,1,Nachu
V3,2006,2006-10-30,hel.don,p0004,bombil3,i0069,12:08,50,2,Jimena
V1,2008,2008-11-11,hel.don,p0004,meg.cte,i0015,08:48:00,40,2,Nachu
V4,2007,2007-11-27,hel.don,p0004,dih.sp1,i0031,11:27,46,1,Nachu
V1,2008,2008-10-24,hel.don,p0004,NA,NA,14:57:00,30,0,Nachu
V4,2007,2007-12-11,hel.don,p0004,amm.sp1,i0126,10:41,5,1,Nachu
V3,2006,2006-10-24,hel.don,p0004,NA,NA,12:06,70,0,Diego
V1,2007,2007-12-11,hel.don,p0004,bombil8,i0085,07:42,12,1,Nachu
V1,2008,2008-11-21,hel.don,p0004,cos.chi,i0077,09:17:00,32,1,Nachu
V4,2007,2007-12-11,hel.don,p0004,aug.sp,i0228,10:41,5,1,Nachu
V1,2010,2010-11-05,hel.don,p0004,NA,NA,10:05,3,0,silvia
V1,2011,2011-12-13,hel.don,p0004,meg.cte,i0015,11:55,50,7,nachu
V4,2010,2010-11-26,hel.don,p0004,api.mel,i0070,8:03:00,28,5,Nachu
V4,2008,2008-11-11,hel.don,p0004,meg.cte,i0015,13:43:00,13,2,Nachu
V4,2008,2008-11-18,hel.don,p0004,dih.sp1,i0031,11:05:00,13,1,Nachu
V4,2009,2009-11-30,hel.don,p0004,NA,NA,13:08:00,6,0,belen
V4,2011,2011-11-04,hel.don,p0004,meg.A,i0003,11:38,3,1,nachu
V1,2011,2011-12-20,hel.don,p0004,aug.sp,i0228,08:40,41,1,silvia
V4,2011,2011-10-28,hel.don,p0004,pse.sp,i0167,12:17,3,1,silvia
V1,2008,2008-11-11,hel.don,p0004,meg.cte,i0015,09:11:00,80,2,Nachu
V1,2011,2011-12-06,hel.don,p0004,amm.sp1,i0126,10:00:00,57,3,silvia
V1,2011,2011-12-13,hel.don,p0004,amm.sp1,i0126,13:10,15,1,silvia
V4,2011,2011-12-13,hel.don,p0004,psa.ruf,i0023,10:25,20,1,nachu
V2,2006,2006-10-30,hel.don,p0004,NA,NA,11:10,80,0,Diego
V1,2008,2008-12-17,hel.don,p0004,dih.sp1,i0031,09:43:00,6,1,Nachu
V4,2007,2007-12-04,hel.don,p0004,NA,NA,10:32,18,0,Nachu
V1,2011,2011-12-13,hel.don,p0004,meg.cte,i0015,11:55,50,2,nachu
V1,2007,2007-12-11,hel.don,p0004,bombil8,i0085,07:42,12,1,Nachu
V2,2006,2006-10-30,hel.don,p0004,NA,NA,09:08,100,0,Diego
V4,2008,2008-11-18,hel.don,p0004,dih.sp1,i0031,11:34:00,13,1,Nachu
V1,2010,2010-10-28,hel.don,p0004,meg.cte,i0015,11:14:00,13,1,Nachu
V4,2007,2007-12-04,hel.don,p0004,NA,NA,12:08,10,0,Erica
V1,2008,2008-12-17,hel.don,p0004,aug.sp,i0228,09:43:00,6,1,Nachu
V4,2008,2008-10-24,hel.don,p0004,aud.sp,i0178,10:46:00,4,2,Nachu
V1,2008,2008-12-05,hel.don,p0004,amm.sp1,i0126,09:07:00,41,2,Nachu
V1,2007,2007-12-11,hel.don,p0004,bombil8,i0085,07:42,12,1,Nachu
V1,2007,2007-12-11,hel.don,p0004,bombil8,i0085,07:42,12,1,Nachu
V1,2010,2010-12-03,hel.don,p0004,NA,NA,12:23,18,0,silvia
V4,2010,2010-11-19,hel.don,p0004,NA,NA,11:43,10,0,silvia
V1,2007,2007-11-27,hel.don,p0004,aug.sp,i0228,08:26,10,4,Nachu
V1,2010,2010-10-28,hel.don,p0004,meg.cte,i0015,11:14:00,13,1,Nachu
V4,2007,2007-12-11,hel.don,p0004,cop.sp2,i0052,10:41,5,1,Nachu
V4,2011,2011-11-18,hel.don,p0004,meg.arg,i0295,10:58,200,1,silvia
V4,2011,2011-11-18,hel.don,p0004,syr.sp1,i0045,10:58,200,1,silvia
V4,2011,2011-10-28,hel.don,p0004,meg.cte,i0015,12:17,3,2,silvia
V4,2008,2008-11-18,hel.don,p0004,aug.sp,i0228,11:05:00,13,2,Nachu
V1,2011,2011-12-13,hel.don,p0004,cos.chi,i0077,11:55,50,1,nachu
V4,2011,2011-11-11,hel.don,p0004,str.eur,i0131,10:28,140,5,nachu
V3,2006,2006-10-16,hel.don,p0004,NA,NA,12:35,10,0,Nachu
V1,2008,2008-12-17,hel.don,p0004,bombil8,i0085,09:43:00,6,1,Nachu
V4,2007,2007-12-11,hel.don,p0004,aug.sp,i0228,10:41,5,1,Nachu
V4,2009,2009-11-09,hel.don,p0004,NA,NA,10:43:00,1,0,nachu
V1,2011,2011-12-13,hel.don,p0004,zet.sp1,i0037,11:55,50,2,nachu
V4,2011,2011-12-02,hel.don,p0004,NA,NA,09:37,3,1,nachu
V4,2011,2011-10-28,hel.don,p0004,pir.com,i0132,12:17,3,2,silvia
V1,2010,2010-11-05,hel.don,p0004,NA,NA,10:13,17,0,silvia
V1,2006,2006-10-16,hel.don,p0004,NA,NA,16:29,13,0,Nachu
V1,2011,2011-12-20,hel.don,p0004,cos.chi,i0077,08:40,41,1,silvia
V2,2006,2006-10-30,hel.don,p0004,api.mel,i0070,12:52,120,1,Diego
V1,2008,2008-11-21,hel.don,p0004,dih.sp1,i0031,09:17:00,32,1,Nachu
V4,2007,2007-12-11,hel.don,p0004,NA,NA,10:41,12,0,Erica
V4,2011,2011-11-25,hel.don,p0004,meg.cte,i0015,09:53,3,2,silvia
V1,2010,2010-11-05,hel.don,p0004,NA,NA,9:51,7,0,silvia
V4,2007,2007-12-04,hel.don,p0004,api.mel,i0070,10:25,40,2,Erica
V1,2008,2008-11-11,hel.don,p0004,orthop1,i0080,10:12:00,11,1,Nachu
V1,2008,2008-11-04,hel.don,p0004,NA,NA,08:53:00,4,0,Nachu
V1,2008,2008-12-05,hel.don,p0004,amm.sp1,i0126,09:07:00,41,2,Nachu
V4,2008,2008-12-02,hel.don,p0004,meg.cte,i0015,11:06:00,46,1,Nachu
V4,2008,2008-11-18,hel.don,p0004,meg.cte,i0015,11:05:00,13,1,Nachu
V4,2007,2007-12-11,hel.don,p0004,dih.sp1,i0031,10:41,5,1,Nachu
V1,2007,2007-12-11,hel.don,p0004,bombil8,i0085,07:42,12,1,Nachu
V4,2007,2007-12-11,hel.don,p0004,aug.sp,i0228,10:41,5,1,Nachu
V4,2007,2007-11-27,hel.don,p0004,api.mel,i0070,11:27,46,6,Nachu
V4,2007,2007-12-11,hel.don,p0004,cop.sp2,i0052,10:41,5,1,Nachu
V4,2008,2008-10-28,hel.don,p0004,amm.sp1,i0126,12:20:00,2,1,Nachu
V4,2011,2011-12-13,hel.don,p0004,NA,NA,10:25,20,2,nachu
V1,2007,2007-11-13,hel.don,p0004,aug.sp,i0228,15:26,26,1,Nachu
V1,2008,2008-11-11,hel.don,p0004,aug.sp,i0228,08:48:00,40,1,Nachu
V1,2008,2008-11-04,hel.don,p0004,amm.sp1,i0126,08:00:00,29,2,Nachu
V1,2008,2008-12-05,hel.don,p0004,amm.sp1,i0126,08:55:00,28,1,Nachu
V1,2007,2007-11-13,hel.don,p0004,psa.phi,i0100,15:26,26,1,Nachu
V4,2007,2007-12-11,men.dec,p0006,dih.sp1,i0031,11:40,19,1,Erica
V4,2007,2007-12-11,men.dec,p0006,dih.sp1,i0031,11:18,7,2,Erica
V4,2007,2007-12-11,men.dec,p0006,dih.sp1,i0031,11:56,20,2,Erica
V4,2010,2010-10-28,men.dec,p0006,NA,NA,10:11:00,30,0,Nachu
V4,2006,2006-11-13,men.dec,p0006,NA,NA,11:46,50,0,Beni
V4,2007,2007-12-11,men.dec,p0006,dih.sp1,i0031,10:51,8,1,Erica
V4,2007,2007-12-11,men.dec,p0006,dih.sp1,i0031,11:40,19,4,Erica
V1,2011,2011-11-08,men.dec,p0006,pir.com,i0132,11:50,38,1,nachu
V1,2008,2008-11-04,men.dec,p0006,aug.sp,i0228,08:53:00,60,1,Nachu
V3,2006,2006-11-13,men.dec,p0006,NA,NA,10:06,700,0,Erica
V3,2006,2006-11-13,men.dec,p0006,NA,NA,09:24,3,0,Erica
V1,2011,2011-12-13,men.dec,p0006,lon.rob,i0172,12:12,24,1,nachu
V1,2011,2011-11-04,men.dec,p0006,NA,NA,10:33,4,0,silvia
V3,2006,2006-11-13,men.dec,p0006,NA,NA,09:54,57,0,Erica
V4,2010,2010-10-22,men.dec,p0006,NA,NA,13:33,23,0,silvia
V4,2007,2007-12-11,men.dec,p0006,dih.sp1,i0031,11:35,18,1,Erica
V4,2010,2010-10-22,men.dec,p0006,NA,NA,13:51,8,0,silvia
V4,2009,2009-10-19,men.dec,p0006,NA,NA,13:33:00,1,0,rocio
V4,2007,2007-12-11,men.dec,p0006,bombil8,i0085,11:56,20,1,Erica
V4,2008,2008-11-07,men.dec,p0006,aud.sp,i0178,09:30:00,60,1,Nachu
V4,2011,2011-10-18,men.dec,p0006,col.cog,i0169,09:26,21,3,nachu
V4,2011,2011-10-21,men.dec,p0006,str.eur,i0131,12:10,38,3,nachu
V4,2007,2007-12-11,men.dec,p0006,dih.sp1,i0031,11:09,13,1,Nachu
V4,2009,2009-10-28,men.dec,p0006,NA,NA,10:48:00,3,0,Belen
V1,2010,2010-10-28,men.dec,p0006,NA,NA,13:26,20,0,silvia
V1,2008,2008-11-04,men.dec,p0006,NA,NA,09:23:00,80,0,Nachu
V4,2007,2007-12-11,men.dec,p0006,dih.sp1,i0031,11:09,13,1,Nachu
V1,2010,2010-10-28,men.dec,p0006,api.mel,i0070,13:16:00,40,15,Nachu
V4,2007,2007-12-11,men.dec,p0006,bombil8,i0085,11:40,19,1,Erica
V4,2010,2010-10-22,men.dec,p0006,api.mel,i0070,14:21,46,14,silvia
V4,2010,2010-11-19,men.dec,p0006,NA,NA,11:25,42,0,silvia
V1,2006,2006-11-13,men.dec,p0006,NA,NA,08:45,110,0,Jimena
V4,2007,2007-12-04,men.dec,p0006,mes.jen,i0011,11:51,50,4,Nachu
V4,2011,2011-11-08,men.dec,p0006,NA,NA,08:32,62,0,nachu
V4,2009,2009-11-25,men.dec,p0006,NA,NA,10:35:00,28,0,nachu
V4,2009,2009-10-28,men.dec,p0006,NA,NA,09:22:00,3,0,Belen
V1,2011,2011-11-04,men.dec,p0006,aug.sp,i0228,09:52,50,17,enzo
V1,2011,2011-11-04,men.dec,p0006,aug.sp,i0228,09:10,68,2,silvia
V4,2010,2010-10-28,men.dec,p0006,NA,NA,9:53:00,70,0,Nachu
V1,2009,2009-11-18,men.dec,p0006,NA,NA,11:29:00,38,0,Nachu
V4,2007,2007-12-11,men.dec,p0006,aug.sp,i0228,11:40,19,2,Erica
V1,2010,2010-11-19,men.dec,p0006,cos.chi,i0077,9:00,40,1,silvia
V1,2011,2011-11-04,men.dec,p0006,NA,NA,08:56,40,1,nachu
V1,2008,2008-11-21,men.dec,p0006,bib.sp1,i0137,09:46:00,48,1,Nachu
V1,2011,2011-11-11,men.dec,p0006,amm.sp1,i0126,13:30,38,5,silvia
V4,2008,2008-12-02,men.dec,p0006,amm.sp1,i0126,10:03:00,5,1,Nachu
V4,2010,2010-12-10,men.dec,p0006,tat.aut,i0076,9:44,5,4,nachu
V4,2008,2008-12-17,men.dec,p0006,pir.com,i0132,11:46:00,13,6,Nachu
V4,2010,2010-10-28,men.dec,p0006,NA,NA,8:30:00,20,0,Nachu
V4,2006,2006-11-13,men.dec,p0006,NA,NA,09:40,26,0,Beni
V1,2008,2008-11-11,men.dec,p0006,cos.chi,i0077,10:12:00,80,1,Nachu
V4,2011,2011-11-01,men.dec,p0006,NA,NA,08:35,40,0,nachu
V3,2006,2006-11-06,men.dec,p0006,NA,NA,11:41,37,0,Diego
V4,2011,2011-12-13,men.dec,p0006,api.mel,i0070,09:07,115,5,silvia
V4,2011,2011-10-25,men.dec,p0006,chi.sp1,i0033,08:17,7,1,silvia
V1,2008,2008-11-21,men.dec,p0006,cos.chi,i0077,11:28:00,47,2,Nachu
V4,2009,2009-11-18,men.dec,p0006,NA,NA,13:28:00,10,0,Nachu
V4,2009,2009-10-26,men.dec,p0006,NA,NA,12:16:00,1,0,nachu
V4,2011,2011-10-25,men.dec,p0006,chi.sp1,i0033,08:17,7,1,silvia
V4,2009,2009-10-26,men.dec,p0006,NA,NA,12:23:00,6,0,Rocio
V1,2011,2011-11-04,men.dec,p0006,aug.sp,i0228,08:56,40,1,nachu
V4,2010,2010-12-17,men.dec,p0006,NA,NA,9:49,1,0,nachu
V4,2008,2008-11-18,men.dec,p0006,amm.sp1,i0126,09:56:00,6,1,Nachu
V4,2011,2011-12-13,men.dec,p0006,NA,NA,10:31,100,0,silvia
V4,2007,2007-12-11,men.dec,p0006,amm.sp1,i0126,11:35,18,1,Erica
V4,2010,2010-10-28,men.dec,p0006,NA,NA,10:29,41,0,silvia
V4,2011,2011-12-13,men.dec,p0006,dih.sp1,i0031,08:35,21,5,silvia
V1,2008,2008-11-21,men.dec,p0006,amm.sp1,i0126,09:46:00,48,1,Nachu
V3,2006,2006-11-20,men.dec,p0006,NA,NA,10:58,4,0,Beni
V4,2009,2009-12-11,men.dec,p0006,NA,NA,12:53:00,10,0,Rocio
V4,2011,2011-10-21,men.dec,p0006,NA,NA,12:10,38,1,nachu
V4,2011,2011-11-11,men.dec,p0006,NA,NA,10:29,20,0,enzo
V4,2011,2011-12-20,men.dec,p0006,lepid11,i0215,12:25,20,2,silvia
V1,2006,2006-11-13,men.dec,p0006,NA,NA,13:09,50,0,Jimena
V3,2006,2006-11-20,men.dec,p0006,NA,NA,10:47,6,0,Beni
V4,2011,2011-11-04,men.dec,p0006,aug.sp,i0228,12:50,74,2,silvia
V1,2011,2011-12-13,men.dec,p0006,amm.sp1,i0126,12:12,24,2,nachu
V1,2011,2011-11-04,men.dec,p0006,cae.sp1,i0022,08:56,40,1,nachu
V4,2008,2008-11-07,men.dec,p0006,dih.sp1,i0031,09:30:00,60,1,Nachu
V4,2009,2009-11-18,men.dec,p0006,NA,NA,12:15:00,30,0,Nachu
V1,2011,2011-10-21,men.dec,p0006,NA,NA,10:00,3,1,nachu
V4,2011,2011-10-21,men.dec,p0006,mele.sp,i0307,13:40,43,1,silvia
V4,2007,2007-12-11,men.dec,p0006,dih.sp1,i0031,11:40,19,1,Erica
V4,2007,2007-12-11,men.dec,p0006,dih.sp1,i0031,11:50,15,1,Erica
V1,2008,2008-10-28,men.dec,p0006,NA,NA,10:52:00,12,0,Nachu
V1,2011,2011-11-11,men.dec,p0006,cha.sp1,i0062,12:00,40,2,nachu
V4,2010,2010-11-05,men.dec,p0006,dia.sp1,i0073,11:33,100,1,silvia
V4,2008,2008-12-02,men.dec,p0006,amm.sp1,i0126,12:17:00,37,2,Nachu
V4,2007,2007-12-11,men.dec,p0006,dih.sp1,i0031,11:40,19,2,Erica
V3,2006,2006-11-20,men.dec,p0006,NA,NA,12:06,3,0,Beni
V1,2011,2011-12-13,men.dec,p0006,NA,NA,12:41,31,8,silvia
V1,2010,2010-10-28,men.dec,p0006,NA,NA,11:59:00,40,0,Nachu
V1,2008,2008-11-21,men.dec,p0006,amm.sp1,i0126,11:28:00,47,17,Nachu
V4,2011,2011-11-04,men.dec,p0006,NA,NA,11:43,13,0,nachu
V1,2010,2010-11-05,men.dec,p0006,api.mel,i0070,8:59,122,8,silvia
V4,2007,2007-12-11,men.dec,p0006,dih.sp1,i0031,11:09,13,1,Nachu
V1,2011,2011-11-08,men.dec,p0006,dih.sp1,i0031,11:50,38,1,nachu
V1,2008,2008-11-11,men.dec,p0006,amm.sp1,i0126,10:12:00,80,3,Nachu
V1,2011,2011-11-29,men.dec,p0006,amm.sp1,i0126,13:22,32,4,silvia
V4,2007,2007-12-11,men.dec,p0006,api.mel,i0070,10:56,7,4,Erica
V1,2011,2011-11-04,men.dec,p0006,aug.sp,i0228,09:42,120,1,nachu
V3,2006,2006-11-13,men.dec,p0006,NA,NA,13:55,10,0,Erica
V4,2010,2010-10-22,men.dec,p0006,api.mel,i0070,14:21,46,7,silvia
V4,2009,2009-11-11,men.dec,p0006,hym.sp8,i0261,12:50:00,10,1,Belen
V4,2011,NA,men.dec,p0006,dih.sp1,i0031,10:33,23,1,julian
V1,2011,2011-11-11,men.dec,p0006,dih.sp1,i0031,12:00,40,1,nachu
V1,2006,2006-11-13,men.dec,p0006,syr.sp1,i0045,09:31,19,19,Jimena
V4,2006,2006-11-13,men.dec,p0006,NA,NA,11:18,6,0,Beni
V3,2006,2006-11-20,men.dec,p0006,NA,NA,11:49,6,0,Beni
V4,2011,2011-10-21,men.dec,p0006,NA,NA,12:10,38,3,nachu
V1,2011,2011-12-20,men.dec,p0006,NA,NA,09:55,42,0,silvia
V1,2011,2011-11-04,men.dec,p0006,aug.sp,i0228,09:52,50,3,enzo
V4,2011,2011-10-21,men.dec,p0006,mel.sp,i0304,12:10,38,4,nachu
V4,2011,2011-10-21,men.dec,p0006,tat.aut,i0076,12:10,38,4,nachu
V4,2009,2009-10-26,men.dec,p0006,NA,NA,13:46:00,2,0,Belen
V4,2007,2007-12-11,men.dec,p0006,dih.sp1,i0031,11:09,13,1,Nachu
V1,2011,2011-12-13,men.dec,p0006,psa.phi,i0100,12:12,24,6,nachu
V4,2010,2010-11-26,men.dec,p0006,cop.ari,i0044,7:23:00,100,19,Nachu
V2,2006,2006-11-13,men.dec,p0006,NA,NA,10:20,50,0,Diego
V4,2008,2008-12-12,men.dec,p0006,NA,NA,11:25:00,7,0,Nachu
V4,2008,2008-12-02,men.dec,p0006,amm.sp1,i0126,12:17:00,37,2,Nachu
V1,2011,2011-11-08,men.dec,p0006,meg.A,i0003,11:50,38,4,nachu
V4,2006,2006-11-06,men.dec,p0006,NA,NA,10:25,56,0,Nachu
V4,2007,2007-12-11,men.dec,p0006,dih.sp1,i0031,10:51,8,1,Erica
V4,2007,2007-12-11,men.dec,p0006,dih.sp1,i0031,11:30,13,1,Erica
V4,2011,2011-10-28,men.dec,p0006,amm.sp1,i0126,13:12,25,1,nachu
V1,2008,2008-11-04,men.dec,p0006,amm.sp1,i0126,12:00:00,11,2,Nachu
V4,2011,2011-10-21,men.dec,p0006,cos.chi,i0077,13:40,43,4,silvia
V4,2010,2010-11-26,men.dec,p0006,cop.ari,i0044,8:17:00,21,2,Nachu
V4,2010,2010-11-05,men.dec,p0006,NA,NA,11:40,3,0,silvia
V1,2011,2011-11-01,men.dec,p0006,amm.sp1,i0126,12:35,8,3,nachu
V4,2009,2009-11-18,men.dec,p0006,NA,NA,13:53:00,40,0,Nachu
V4,2011,2011-10-25,men.dec,p0006,NA,NA,08:45,14,0,nachu
V4,2008,2008-12-02,men.dec,p0006,lepid11,i0215,10:41:00,38,2,Nachu
V4,2006,2006-10-30,men.dec,p0006,NA,NA,10:06,16,0,Erica
V4,2007,2007-12-11,men.dec,p0006,bombil8,i0085,11:18,7,1,Erica
V1,2011,2011-11-04,men.dec,p0006,meg.A,i0003,09:42,120,4,nachu
V4,2007,2007-12-11,men.dec,p0006,amm.sp1,i0126,11:18,7,1,Erica
V4,2008,2008-12-12,men.dec,p0006,NA,NA,08:55:00,23,0,Nachu
V4,2010,2010-12-10,men.dec,p0006,lepid11,i0215,9:18,4,1,nachu
V4,2010,2010-12-10,men.dec,p0006,dih.sp1,i0031,9:44,5,1,nachu
V4,2007,2007-12-04,men.dec,p0006,NA,NA,11:51,18,0,Erica
V4,2007,2007-12-11,men.dec,p0006,dih.sp1,i0031,11:35,18,1,Erica
V1,2011,2011-11-04,men.dec,p0006,dih.sp1,i0031,08:52,43,6,silvia
V1,2008,2008-11-04,men.dec,p0006,aug.sp,i0228,08:53:00,60,2,Nachu
V4,2010,2010-11-26,men.dec,p0006,cop.ari,i0044,7:23:00,100,3,Nachu
V4,2007,2007-12-04,men.dec,p0006,api.mel,i0070,10:23,24,7,Nachu
V4,2007,2007-12-11,men.dec,p0006,dih.sp1,i0031,11:30,8,1,Erica
V1,2008,2008-12-05,men.dec,p0006,dih.sp1,i0031,12:04:00,7,1,Nachu
V4,2010,2010-11-26,men.dec,p0006,lepid11,i0215,9:18:00,13,2,Nachu
V1,2011,2011-11-04,men.dec,p0006,pse.sp,i0167,09:42,120,3,nachu
V4,2011,2011-11-25,men.dec,p0006,NA,NA,09:05,16,0,silvia
V4,2007,2007-12-11,men.dec,p0006,bombil8,i0085,11:02,10,1,Erica
V4,2007,2007-12-11,men.dec,p0006,bombil8,i0085,11:35,18,1,Erica
V4,2007,2007-12-11,men.dec,p0006,dih.sp1,i0031,11:35,18,1,Erica
V4,2011,2011-10-21,men.dec,p0006,NA,NA,12:10,38,3,nachu
V4,2011,2011-11-04,men.dec,p0006,str.eur,i0131,12:37,60,1,nachu
V4,2007,2007-12-11,men.dec,p0006,dih.sp1,i0031,11:30,13,1,Erica
V4,2007,2007-12-11,men.dec,p0006,aug.sp,i0228,11:40,19,3,Erica
V4,2007,2007-12-11,men.dec,p0006,cop.ari,i0044,11:07,13,3,Erica
V4,2011,2011-10-21,men.dec,p0006,aug.sp,i0228,12:34,10,1,nachu
V4,2007,2007-12-11,men.dec,p0006,dih.sp1,i0031,10:56,7,1,Erica
V4,2007,2007-12-11,men.dec,p0006,dih.sp1,i0031,11:30,13,1,Erica
V4,2007,2007-12-11,men.dec,p0006,bombil8,i0085,11:56,20,1,Erica
V4,2008,2008-12-02,men.dec,p0006,dia.pat,i0164,12:17:00,37,2,Nachu
V4,2007,2007-12-11,men.dec,p0006,aug.sp,i0228,11:50,15,3,Erica
V1,2011,2011-12-06,men.dec,p0006,aug.sp,i0228,09:08:00,48,1,silvia
V1,2010,2010-12-03,men.dec,p0006,NA,NA,11:53,13,0,silvia
V1,2009,2009-11-30,men.dec,p0006,cos.chi,i0077,11:43:00,4,1,Nachu
V4,2011,2011-10-25,men.dec,p0006,NA,NA,10:22,2,0,silvia
V4,2009,2009-11-30,men.dec,p0006,NA,NA,09:59:00,3,0,Rocio
V1,2010,2010-10-22,men.dec,p0006,NA,NA,10:50:00,20,0,Nachu
V3,2006,2006-11-13,men.dec,p0006,NA,NA,11:35,13,0,Erica
V1,2011,2011-12-13,men.dec,p0006,lepid11,i0215,12:12,24,1,nachu
V1,2010,2010-11-19,men.dec,p0006,NA,NA,8:32,10,0,silvia
V4,2009,2009-11-09,men.dec,p0006,NA,NA,10:06:00,27,0,nachu
V4,2007,2007-12-11,men.dec,p0006,dih.sp1,i0031,11:02,10,1,Erica
V4,2006,2006-10-30,men.dec,p0006,NA,NA,09:26,18,0,Erica
V4,2011,2011-11-11,men.dec,p0006,dih.sp1,i0031,08:52,18,2,silvia
V4,2009,2009-11-09,men.dec,p0006,NA,NA,11:00:00,15,0,Rocio
V1,2010,2010-10-28,men.dec,p0006,api.mel,i0070,13:43:00,14,5,Nachu
V4,2007,2007-12-04,men.dec,p0006,mes.jen,i0011,12:19,50,5,Erica
V4,2009,2009-11-30,men.dec,p0006,NA,NA,09:48:00,13,0,Nachu
V4,2008,2008-11-11,men.dec,p0006,NA,NA,13:00:00,71,0,Nachu
V1,2011,2011-12-13,men.dec,p0006,mes.jen,i0011,12:41,31,5,silvia
V1,2009,2009-11-05,men.dec,p0006,NA,NA,10:39:00,4,0,Belen
V4,2011,2011-11-04,men.dec,p0006,NA,NA,13:05,15,0,enzo
V4,2011,2011-11-08,men.dec,p0006,cop.ari,i0044,09:09,20,5,enzo
V4,2009,2009-11-11,men.dec,p0006,NA,NA,11:46:00,11,0,Nachu
V4,2009,2009-11-30,men.dec,p0006,NA,NA,10:52:00,18,0,Rocio
V4,2010,2010-11-05,men.dec,p0006,api.mel,i0070,12:00,46,20,silvia
V4,2007,2007-12-11,men.dec,p0006,dih.sp1,i0031,11:30,8,1,Erica
V1,2006,2006-11-20,men.dec,p0006,NA,NA,09:20,15,0,Erica
V3,2006,2006-11-13,men.dec,p0006,NA,NA,12:57,4,0,Erica
V4,2006,2006-11-06,men.dec,p0006,hir.sp1,i0051,13:58,55,1,Nachu
V1,2008,2008-11-21,men.dec,p0006,dih.sp1,i0031,09:46:00,48,1,Nachu
V4,2007,2007-12-11,men.dec,p0006,bombil8,i0085,11:30,8,1,Erica
V4,2011,2011-11-04,men.dec,p0006,NA,NA,11:50,50,0,enzo
V4,2009,2009-11-18,men.dec,p0006,NA,NA,13:00:00,25,0,Rocio
V4,2008,2008-11-07,men.dec,p0006,dih.sp1,i0031,09:03:00,30,1,Nachu
V4,2010,2010-12-10,men.dec,p0006,dih.sp1,i0031,9:18,4,1,nachu
V4,2008,2008-11-07,men.dec,p0006,meg.C,i0140,11:52:00,28,8,Nachu
V1,2011,2011-11-01,men.dec,p0006,aug.sp,i0228,12:35,8,4,nachu
V1,2011,2011-11-04,men.dec,p0006,str.eur,i0131,09:42,120,9,nachu
V4,2007,2007-12-11,men.dec,p0006,aug.sp,i0228,11:40,19,2,Erica
V1,2009,2009-11-05,men.dec,p0006,NA,NA,11:58:00,8,0,Rocio
V1,2011,2011-11-29,men.dec,p0006,pse.sp,i0167,09:39,32,2,silvia
V4,2007,2007-12-11,men.dec,p0006,bombil8,i0085,11:30,8,1,Erica
V2,2006,2007-01-19,men.dec,p0006,aug.sp,i0228,10:28,4,1,Nachu
V1,2010,2010-12-03,men.dec,p0006,NA,NA,11:28,33,0,silvia
V4,2007,2007-12-11,men.dec,p0006,dih.sp1,i0031,11:30,8,2,Erica
V4,2007,2007-12-11,men.dec,p0006,dih.sp1,i0031,11:30,13,1,Erica
V4,2011,2011-10-21,men.dec,p0006,str.eur,i0131,12:10,38,14,nachu
V1,2010,2010-10-28,men.dec,p0006,NA,NA,12:51:00,20,0,Nachu
V4,2009,2009-11-23,men.dec,p0006,NA,NA,09:17:00,13,0,rocio
V4,2007,2007-12-11,men.dec,p0006,bombil8,i0085,11:30,8,1,Erica
V4,2008,2008-12-17,men.dec,p0006,NA,NA,11:08:00,7,0,Nachu
V4,2009,2009-11-25,men.dec,p0006,ase.mon,i0180,10:06:00,36,1,nachu
V1,2010,2010-10-28,men.dec,p0006,NA,NA,13:43:00,14,2,Nachu
V1,2011,2011-11-01,men.dec,p0006,psa.phi,i0100,11:27,17,1,enzo
V4,2007,2007-12-11,men.dec,p0006,bombil8,i0085,11:35,18,1,Erica
V1,2010,2010-11-26,men.dec,p0006,lepid11,i0215,11:37:00,25,1,Nachu
V1,2010,2010-10-22,men.dec,p0006,NA,NA,11:14:00,20,0,Nachu
V4,2011,2011-12-13,men.dec,p0006,mes.jen,i0011,09:00,16,1,nachu
V1,2008,2008-12-05,men.dec,p0006,aug.sp,i0228,11:42:00,5,1,Nachu
V1,2011,2011-11-01,men.dec,p0006,psa.phi,i0100,11:27,17,2,enzo
V4,2007,2007-12-04,men.dec,p0006,str.eur,i0131,12:02,13,1,Erica
V1,2008,2008-12-05,men.dec,p0006,dih.sp1,i0031,12:04:00,7,4,Nachu
V1,2008,2008-11-21,men.dec,p0006,amm.sp1,i0126,12:20:00,34,2,Nachu
V4,2008,2008-12-02,men.dec,p0006,amm.sp1,i0126,12:17:00,37,1,Nachu
V4,2011,2011-11-04,men.dec,p0006,str.eur,i0131,12:37,60,5,nachu
V4,2007,2007-12-11,men.dec,p0006,bombil8,i0085,11:23,8,1,Erica
V4,2007,2007-12-11,men.dec,p0006,bombil8,i0085,11:50,15,1,Erica
V4,2009,2009-10-26,men.dec,p0006,NA,NA,12:23:00,4,0,Belen
V4,2007,2007-12-04,men.dec,p0006,mes.jen,i0011,11:51,50,2,Nachu
V1,2009,2009-11-05,men.dec,p0006,NA,NA,11:25:00,50,0,Belen
V4,2007,2007-11-02,men.dec,p0006,cop.ari,i0044,09:44,70,11,Nachu
V4,2007,2007-12-11,men.dec,p0006,aug.sp,i0228,11:40,19,3,Erica
V4,2011,2011-12-13,men.dec,p0006,api.mel,i0070,09:00,16,9,nachu
V4,2010,2010-12-10,men.dec,p0006,dih.sp1,i0031,8:45,2,2,nachu
V4,2007,2007-12-11,men.dec,p0006,dih.sp1,i0031,11:07,13,8,Erica
V4,2007,2007-11-27,men.dec,p0006,dih.sp1,i0031,11:27,40,4,Nachu
V4,2009,2009-12-02,men.dec,p0006,dih.sp1,i0031,09:21:00,6,2,Belen
V1,2008,2008-11-11,men.dec,p0006,NA,NA,11:19:00,8,0,Nachu
V1,2011,2011-11-29,men.dec,p0006,NA,NA,09:15,12,0,silvia
V1,2011,2011-12-20,men.dec,p0006,bombil8,i0085,09:40,85,1,silvia
V4,2007,2007-12-11,men.dec,p0006,dih.sp1,i0031,11:09,13,1,Nachu
V1,2010,2010-11-19,men.dec,p0006,api.mel,i0070,9:56,29,10,silvia
V4,2010,2010-11-26,men.dec,p0006,api.mel,i0070,7:23:00,100,4,Nachu
V1,2011,2011-11-29,men.dec,p0006,amm.sp1,i0126,13:22,32,2,silvia
V1,2006,2006-11-20,men.dec,p0006,NA,NA,09:40,18,0,Erica
V4,2007,2007-12-11,men.dec,p0006,bombil8,i0085,11:35,18,1,Erica
V1,2011,2011-11-04,men.dec,p0006,meg.A,i0003,09:42,120,2,nachu
V4,2007,2007-12-11,men.dec,p0006,dih.sp1,i0031,11:50,15,1,Erica
V4,2007,2007-11-27,men.dec,p0006,api.mel,i0070,11:27,40,28,Nachu
V4,2007,2007-12-11,men.dec,p0006,cop.sp2,i0052,11:56,20,2,Erica
V1,2011,2011-11-08,men.dec,p0006,pir.com,i0132,12:09,70,17,nachu
V3,2006,2006-10-30,men.dec,p0006,chi.sp1,i0033,12:21,9,1,Jimena
V4,2007,2007-12-11,men.dec,p0006,amm.sp1,i0126,11:56,20,1,Erica
V4,2007,2007-12-11,men.dec,p0006,aug.sp,i0228,11:50,15,1,Erica
V4,2007,2007-11-27,men.dec,p0006,bom.opi,i0002,11:36,11,1,Nachu
V1,2011,2011-11-04,men.dec,p0006,cae.sp1,i0022,09:42,120,2,nachu
V4,2011,2011-11-11,men.dec,p0006,NA,NA,12:43,40,4,enzo
V3,2006,2006-11-13,men.dec,p0006,NA,NA,08:34,6,0,Erica
V4,2007,2007-12-11,men.dec,p0006,dih.sp1,i0031,10:51,8,1,Erica
V1,2011,2011-11-04,men.dec,p0006,dih.sp1,i0031,09:42,120,2,nachu
V4,2007,2007-12-11,men.dec,p0006,dih.sp1,i0031,11:35,18,1,Erica
V4,2011,2011-12-02,men.dec,p0006,NA,NA,09:31,10,0,nachu
V4,2009,2009-12-02,men.dec,p0006,NA,NA,10:01:00,3,0,Nachu
V4,2011,NA,men.dec,p0006,amm.sp1,i0126,12:42,27,1,julian
V1,2009,2009-11-05,men.dec,p0006,meg.C,i0140,11:07:00,24,2,Belen
V4,2011,2011-10-21,men.dec,p0006,sph.sp2,i0123,13:40,43,4,silvia
V4,2007,2007-12-11,men.dec,p0006,dih.sp1,i0031,10:51,8,1,Erica
V1,2008,2008-11-04,men.dec,p0006,aug.sp,i0228,08:53:00,60,2,Nachu
V4,2011,2011-11-08,men.dec,p0006,NA,NA,08:45,20,0,enzo
V4,2009,2009-10-28,men.dec,p0006,NA,NA,10:31:00,5,0,nachu
V4,2007,2007-12-11,men.dec,p0006,dih.sp1,i0031,10:51,8,1,Erica
V4,2010,2010-11-10,men.dec,p0006,cop.ari,i0044,8:38,0,24,silvia
V4,2010,2010-11-10,men.dec,p0006,api.mel,i0070,8:27,74,11,silvia
V1,2008,2008-11-21,men.dec,p0006,amm.sp1,i0126,11:28:00,47,1,Nachu
V4,2010,2010-11-26,men.dec,p0006,NA,NA,8:39:00,23,0,Nachu
V4,2009,2009-11-11,men.dec,p0006,NA,NA,11:48:00,20,0,Belen
V4,2009,2009-11-30,men.dec,p0006,dih.sp1,i0031,10:57:00,80,1,Nachu
V4,2007,2007-11-27,men.dec,p0006,zet.sp1,i0037,11:36,11,1,Nachu
V1,2009,2009-11-05,men.dec,p0006,NA,NA,12:39:00,8,0,Nachu
V1,2010,2010-11-19,men.dec,p0006,cen.bre,i0007,10:47,35,1,silvia
V4,2007,2007-12-11,men.dec,p0006,dih.sp1,i0031,11:02,10,2,Erica
V1,2006,2006-11-20,men.dec,p0006,NA,NA,10:48,150,0,Erica
V1,2010,2010-12-03,men.dec,p0006,cos.chi,i0077,10:34,11,2,silvia
V1,2011,2011-12-13,men.dec,p0006,NA,NA,12:12,24,4,nachu
V4,2011,2011-11-25,men.dec,p0006,NA,NA,10:30,29,3,silvia
V4,2010,2010-11-10,men.dec,p0006,api.mel,i0070,8:38,0,10,silvia
V4,2010,2010-11-26,men.dec,p0006,cop.ari,i0044,7:23:00,100,1,Nachu
V1,2011,2011-12-20,men.dec,p0006,amm.sp1,i0126,09:40,85,3,silvia
V4,2007,2007-12-11,men.dec,p0006,bombil8,i0085,11:02,10,1,Erica
V4,2007,2007-12-11,men.dec,p0006,dih.sp1,i0031,11:50,15,1,Erica
V1,2011,2011-11-29,men.dec,p0006,NA,NA,12:24,25,0,silvia
V4,2007,2007-12-04,men.dec,p0006,mes.jen,i0011,12:19,50,24,Erica
V1,2011,2011-11-18,men.dec,p0006,pir.com,i0132,09:49,30,3,silvia
V4,2006,2006-11-06,men.dec,p0006,NA,NA,12:43,9,0,Nachu
V4,2007,2007-11-27,men.dec,p0006,api.mel,i0070,11:27,40,12,Nachu
V4,2010,2010-10-22,men.dec,p0006,syr.sp1,i0045,12:34:00,20,3,Nachu
V4,2007,2007-12-11,men.dec,p0006,bombil8,i0085,11:35,18,1,Erica
V4,2007,2007-11-27,men.dec,p0006,pir.com,i0132,11:00,46,4,Nachu
V1,2008,2008-11-11,men.dec,p0006,NA,NA,10:54:00,40,0,Nachu
V1,2011,2011-11-04,men.dec,p0006,aug.sp,i0228,08:56,40,1,nachu
V4,2008,2008-10-24,men.dec,p0006,NA,NA,10:17:00,7,0,Nachu
V1,2011,2011-11-29,men.dec,p0006,amm.sp1,i0126,09:39,32,7,silvia
V1,2009,2009-11-05,men.dec,p0006,NA,NA,09:35:00,13,0,Nachu
V4,2007,2007-12-11,men.dec,p0006,bombil8,i0085,11:30,8,1,Erica
V1,2009,2009-11-25,men.dec,p0006,NA,NA,13:35:00,7,0,nachu
V3,2006,2006-11-20,men.dec,p0006,NA,NA,10:53,4,0,Beni
V4,2011,2011-10-28,men.dec,p0006,ise.vac,i0106,13:12,25,3,nachu
V4,2010,2010-11-26,men.dec,p0006,cop.ari,i0044,8:17:00,21,5,Nachu
V4,2008,2008-12-17,men.dec,p0006,NA,NA,11:02:00,10,0,Nachu
V4,2007,2007-12-11,men.dec,p0006,dih.sp1,i0031,11:50,15,1,Erica
V1,2010,2010-10-28,men.dec,p0006,api.mel,i0070,11:53:00,15,1,Nachu
V4,2011,2011-10-28,men.dec,p0006,amm.sp1,i0126,13:12,25,1,nachu
V1,2011,2011-11-18,men.dec,p0006,amm.sp1,i0126,09:55,17,1,silvia
V1,2008,2008-11-04,men.dec,p0006,aud.sp,i0178,10:53:00,10,1,Nachu
V4,2011,2011-10-21,men.dec,p0006,ise.vac,i0106,13:40,43,1,silvia
V4,2010,2010-12-10,men.dec,p0006,dih.sp1,i0031,9:44,5,1,nachu
V4,2007,2007-12-11,men.dec,p0006,bombil8,i0085,11:40,19,1,Erica
V1,2009,2009-11-30,men.dec,p0006,NA,NA,13:11:00,8,0,Rocio
V4,2007,2007-12-11,men.dec,p0006,cop.sp2,i0052,11:09,13,1,Nachu
V1,2011,2011-11-04,men.dec,p0006,aug.sp,i0228,09:42,120,3,nachu
V4,2009,2009-11-04,men.dec,p0006,xyl.ord,i0001,12:09:00,3,1,Nachu
V4,2007,2007-12-11,men.dec,p0006,dih.sp1,i0031,11:02,10,1,Erica
V4,2011,2011-10-21,men.dec,p0006,tat.aut,i0076,12:34,10,1,nachu
V1,2008,2008-11-04,men.dec,p0006,NA,NA,12:29:00,9,0,Nachu
V4,2009,2009-11-30,men.dec,p0006,NA,NA,10:14:00,25,0,Rocio
V4,2007,2007-12-11,men.dec,p0006,dih.sp1,i0031,11:40,19,3,Erica
V3,2006,2006-11-06,men.dec,p0006,NA,NA,11:17,4,0,Diego
V4,2010,2010-11-26,men.dec,p0006,cop.ari,i0044,8:25:00,15,1,Nachu
V4,2007,2007-12-11,men.dec,p0006,aug.sp,i0228,11:40,19,2,Erica
V4,2008,2008-10-31,men.dec,p0006,psa.ruf,i0023,11:33:00,4,3,Nachu
V1,2008,2008-12-05,men.dec,p0006,NA,NA,10:45:00,4,0,Nachu
V4,2008,2008-11-07,men.dec,p0006,api.mel,i0070,11:04:00,47,5,Nachu
V1,2011,2011-11-04,men.dec,p0006,NA,NA,08:45,41,0,silvia
V1,2010,2010-11-26,men.dec,p0006,NA,NA,11:25:00,10,0,Nachu
V1,2011,2011-11-04,men.dec,p0006,amm.sp1,i0126,09:52,50,10,enzo
V4,2009,2009-12-02,men.dec,p0006,dih.sp1,i0031,09:15:00,13,1,Belen
V4,2007,2007-12-11,men.dec,p0006,bombil8,i0085,11:02,10,1,Erica
V4,2007,2007-12-11,men.dec,p0006,bombil8,i0085,11:35,18,1,Erica
V1,2011,2011-11-04,men.dec,p0006,aug.sp,i0228,08:56,40,1,nachu
V4,2008,2008-10-31,men.dec,p0006,meg.C,i0140,11:40:00,6,1,Nachu
V1,2011,2011-11-04,men.dec,p0006,cop.ari,i0044,09:10,68,2,silvia
V4,2007,2007-12-04,men.dec,p0006,mes.jen,i0011,12:19,50,2,Erica
V1,2009,2009-11-05,men.dec,p0006,NA,NA,10:31:00,6,0,Rocio
V3,2006,2006-10-30,men.dec,p0006,NA,NA,13:20,10,0,Jimena
V1,2011,2011-11-04,men.dec,p0006,cae.sp1,i0022,08:56,40,1,nachu
V1,2011,2011-11-08,men.dec,p0006,pir.com,i0132,12:09,70,23,nachu
V4,2011,2011-11-08,men.dec,p0006,cop.ari,i0044,09:49,50,3,nachu
V4,2007,2007-12-11,men.dec,p0006,dih.sp1,i0031,11:23,8,1,Erica
V4,2007,2007-12-11,men.dec,p0006,dih.sp1,i0031,11:35,18,1,Erica
V4,2008,2008-11-18,men.dec,p0006,NA,NA,12:10:00,19,0,Nachu
V4,2007,2007-12-11,men.dec,p0006,dih.sp1,i0031,11:40,19,1,Erica
V4,2011,2011-10-21,men.dec,p0006,meg.L,i0297,12:10,38,2,nachu
V4,2010,2010-12-10,men.dec,p0006,dih.sp1,i0031,9:44,5,1,nachu
V4,2009,2009-12-02,men.dec,p0006,NA,NA,11:56:00,17,0,Belen
V4,2011,2011-12-20,men.dec,p0006,amm.sp1,i0126,12:43,17,2,silvia
V1,2010,2010-11-10,men.dec,p0006,NA,NA,13:13,64,0,silvia
V4,2009,2009-11-18,men.dec,p0006,NA,NA,12:42:00,30,0,Rocio
V1,2008,2008-10-21,men.dec,p0006,ana.ine,i0013,11:54:00,4,1,Nachu
V1,2009,2009-11-11,men.dec,p0006,NA,NA,10:59:00,20,0,Belen
V1,2009,2009-11-18,men.dec,p0006,NA,NA,11:32:00,18,0,Rocio
V4,2010,2010-11-26,men.dec,p0006,pir.com,i0132,8:25:00,15,1,Nachu
V4,2007,2007-12-11,men.dec,p0006,dih.sp1,i0031,10:51,8,1,Erica
V1,2011,2011-12-13,men.dec,p0006,bombil7,i0116,12:48,8,5,nachu
V4,2007,2007-12-11,men.dec,p0006,bombil8,i0085,11:56,20,1,Erica
V1,2008,2008-12-05,men.dec,p0006,aug.sp,i0228,11:42:00,5,3,Nachu
V1,2006,2006-11-20,men.dec,p0006,NA,NA,13:05,11,0,Erica
V3,2006,2006-11-20,men.dec,p0006,NA,NA,12:11,4,0,Beni
V4,2011,2011-11-01,men.dec,p0006,aug.sp,i0228,10:07,10,3,enzo
V4,2011,2011-12-13,men.dec,p0006,NA,NA,09:07,115,2,silvia
V4,2011,2011-12-13,men.dec,p0006,api.mel,i0070,09:07,115,9,silvia
V4,2007,2007-12-11,men.dec,p0006,bombil8,i0085,11:23,8,1,Erica
V4,2008,2008-11-07,men.dec,p0006,ant.oed,i0067,11:04:00,47,1,Nachu
V4,2011,2011-12-20,men.dec,p0006,NA,NA,12:13,27,0,silvia
V4,2007,2007-12-11,men.dec,p0006,bombil8,i0085,10:56,7,2,Erica
V3,2006,2006-11-13,men.dec,p0006,NA,NA,12:12,55,0,Erica
V1,2011,2011-11-04,men.dec,p0006,aug.sp,i0228,09:10,68,2,silvia
V4,2007,2007-12-11,men.dec,p0006,dih.sp1,i0031,10:56,7,1,Erica
V4,2011,2011-11-11,men.dec,p0006,NA,NA,12:43,40,2,enzo
V4,2011,2011-11-04,men.dec,p0006,str.eur,i0131,12:37,60,4,nachu
V4,2010,2010-11-19,men.dec,p0006,NA,NA,12:37,100,0,silvia
V1,2011,2011-11-01,men.dec,p0006,meg.jor,i0298,12:30,40,4,enzo
V4,2008,2008-11-18,men.dec,p0006,NA,NA,10:23:00,30,0,Nachu
V4,2007,2007-12-11,men.dec,p0006,dih.sp1,i0031,11:30,13,1,Erica
V4,2007,2007-12-11,men.dec,p0006,bombil8,i0085,11:35,18,1,Erica
V4,2007,2007-11-08,men.dec,p0006,NA,NA,17:17,40,0,Nachu
V4,2011,2011-12-13,men.dec,p0006,dih.sp1,i0031,08:35,21,1,silvia
V1,2011,2011-11-11,men.dec,p0006,cop.ari,i0044,12:00,40,19,nachu
V4,2010,2010-10-22,men.dec,p0006,NA,NA,13:41:00,35,0,Nachu
V4,2011,2011-12-20,men.dec,p0006,aug.sp,i0228,12:43,17,2,silvia
V4,2011,2011-11-04,men.dec,p0006,amm.sp1,i0126,12:50,74,12,silvia
V1,2008,2008-12-17,men.dec,p0006,NA,NA,10:24:00,5,0,Nachu
V2,2006,2006-10-30,men.dec,p0006,NA,NA,13:00,16,0,Diego
V1,2009,2009-11-11,men.dec,p0006,NA,NA,09:32:00,14,0,Nachu
V1,2011,2011-11-08,men.dec,p0006,psa.phi,i0100,12:20,40,3,enzo
V4,2007,2007-12-11,men.dec,p0006,dih.sp1,i0031,11:40,19,3,Erica
V1,2011,2011-11-08,men.dec,p0006,pir.com,i0132,12:20,40,2,enzo
V4,2009,2009-11-04,men.dec,p0006,NA,NA,10:16:00,18,0,belen
V4,2008,2008-12-02,men.dec,p0006,amm.sp1,i0126,12:17:00,37,1,Nachu
V1,2011,2011-12-13,men.dec,p0006,mes.jen,i0011,12:41,31,5,silvia
V4,2010,2010-11-19,men.dec,p0006,NA,NA,11:43,72,0,silvia
V3,2006,2006-11-13,men.dec,p0006,NA,NA,08:15,10,0,Erica
V1,2008,2008-11-21,men.dec,p0006,amm.sp1,i0126,11:28:00,47,1,Nachu
V1,2011,2011-12-02,sen.aph,p0009,hemip6,i0319,13:00,86,1,silvia
V1,2011,2011-11-04,sen.aph,p0009,aug.sp,i0228,10:25,92,3,silvia
V1,2011,2011-11-01,sen.aph,p0009,NA,NA,12:26,43,0,nachu
V1,2011,2011-10-21,sen.aph,p0009,cam.pun,i0128,10:15,24,1,silvia
V4,2009,2009-11-04,sen.aph,p0009,xyl.ord,i0001,12:09:00,56,9,Nachu
V1,2010,2010-11-10,sen.aph,p0009,cos.chi,i0077,12:08,500,1,silvia
V4,2009,2009-11-18,sen.aph,p0009,NA,NA,13:41:00,100,0,Nachu
V4,2006,2006-10-30,sen.aph,p0009,cam.mus,i0072,09:32,34,6,Erica
V1,2006,2006-11-13,sen.aph,p0009,NA,NA,12:00,200,0,Jimena
V4,2009,2009-11-25,sen.aph,p0009,NA,NA,10:06:00,90,0,nachu
V1,2011,2011-10-28,sen.aph,p0009,aug.sp,i0228,09:03,40,2,enzo
V1,2007,2007-11-08,sen.aph,p0009,hir.sp1,i0051,15:11,110,1,Nachu
V1,2011,2011-10-21,sen.aph,p0009,cam.pun,i0128,10:15,24,1,silvia
V4,2006,2006-10-30,sen.aph,p0009,cam.mus,i0072,09:32,34,8,Erica
V1,2011,2011-11-08,sen.aph,p0009,cop.sp2,i0052,12:04,60,1,enzo
V1,2007,2007-11-08,sen.aph,p0009,hir.sp1,i0051,15:11,110,1,Nachu
V4,2011,2011-11-04,sen.aph,p0009,aug.sp,i0228,12:58,40,2,nachu
V2,2006,2006-10-30,sen.aph,p0009,NA,NA,08:39,30,0,Diego
V1,2010,2010-11-26,sen.aph,p0009,cen.bre,i0007,12:21:00,120,12,Nachu
V1,2011,2011-10-28,sen.aph,p0009,NA,NA,10:22,28,1,nachu
V1,2009,2009-10-28,sen.aph,p0009,aug.sp,i0228,13:11:00,13,2,rocio
V1,2008,2008-11-04,sen.aph,p0009,NA,NA,12:23:00,60,0,Nachu
V1,2009,2009-11-23,sen.aph,p0009,hemip3,i0220,12:53:00,12,2,Belen
V2,2006,2006-11-13,sen.aph,p0009,bom.opi,i0002,11:12,200,1,Diego
V1,2007,2007-11-06,sen.aph,p0009,hir.sp1,i0051,08:03,190,4,Nachu
V1,2011,2011-10-28,sen.aph,p0009,cam.pun,i0128,09:38,32,1,silvia
V1,2011,2011-10-21,sen.aph,p0009,NA,NA,10:15,24,0,silvia
V4,2010,2010-11-19,sen.aph,p0009,cam.mus,i0072,13:06,160,1,silvia
V1,2011,2011-11-04,sen.aph,p0009,aug.sp,i0228,10:25,92,1,silvia
V1,2009,2009-10-26,sen.aph,p0009,NA,NA,11:17:00,5,0,nachu
V1,2011,2011-10-21,sen.aph,p0009,cam.pun,i0128,10:15,24,1,silvia
V1,2007,2007-11-15,sen.aph,p0009,hir.sp1,i0051,11:45,300,2,Nachu
V1,2010,2010-10-28,sen.aph,p0009,NA,NA,12:28:00,150,0,Nachu
V1,2007,2007-11-02,sen.aph,p0009,aug.sp,i0228,11:58,110,1,Nachu
V1,2011,2011-11-08,sen.aph,p0009,aug.sp,i0228,13:31,20,1,enzo
V1,2007,2007-11-20,sen.aph,p0009,cos.chi,i0077,16:13,250,1,Nachu
V1,2011,2011-10-18,sen.aph,p0009,aug.sp,i0228,13:28,22,1,nachu
V4,2007,2007-10-29,sen.aph,p0009,xyl.ord,i0001,18:48,50,4,Nachu
V1,2010,2010-10-22,sen.aph,p0009,cam.pun,i0128,11:50,45,1,silvia
V1,2011,2011-10-18,sen.aph,p0009,aug.sp,i0228,13:28,22,2,nachu
V1,2009,2009-12-11,sen.aph,p0009,NA,NA,10:13:00,23,0,Rocio
V1,2011,2011-11-08,sen.aph,p0009,NA,NA,13:31,20,1,enzo
V1,2007,2007-11-06,sen.aph,p0009,hir.sp1,i0051,08:03,190,2,Nachu
V1,2011,2011-11-08,sen.aph,p0009,hir.sp1,i0051,12:04,60,2,enzo
V1,2009,2009-12-11,sen.aph,p0009,dih.sp1,i0031,10:28:00,80,2,Rocio
V1,2009,2009-11-11,sen.aph,p0009,NA,NA,10:13:00,30,0,Nachu
V1,2011,2011-10-28,sen.aph,p0009,aug.sp,i0228,10:06,130,1,nachu
V1,2009,2009-10-28,sen.aph,p0009,aug.sp,i0228,13:11:00,13,1,rocio
V4,2011,2011-11-11,sen.aph,p0009,hir.sp1,i0051,12:21,30,2,enzo
V1,2007,2007-11-06,sen.aph,p0009,hir.sp1,i0051,08:03,190,1,Nachu
V1,2011,2011-10-28,sen.aph,p0009,NA,NA,09:53,20,0,enzo
V1,2006,2006-11-20,sen.aph,p0009,aug.sp,i0228,10:10,200,1,Erica
V1,2007,2007-11-20,sen.aph,p0009,hypa.sp1,i0127,15:57,180,1,Nachu
V1,2008,2008-11-21,sen.aph,p0009,pol.cav,i0039,10:53:00,90,1,Nachu
V1,2011,2011-10-28,sen.aph,p0009,aug.sp,i0228,09:38,32,1,silvia
V4,2009,2009-11-09,sen.aph,p0009,meg.C,i0140,10:56:00,70,1,nachu
V1,2011,2011-10-28,sen.aph,p0009,cop.ari,i0044,10:06,130,3,nachu
V1,2009,2009-12-11,sen.aph,p0009,dih.sp1,i0031,10:28:00,80,2,Rocio
V4,2006,2006-10-30,sen.aph,p0009,cam.mus,i0072,09:32,34,3,Erica
V1,2007,2007-11-02,sen.aph,p0009,aug.sp,i0228,13:08,300,2,Nachu
V1,2011,2011-10-11,sen.aph,p0009,NA,NA,13:42,13,0,silvia
V1,2007,2007-11-06,sen.aph,p0009,hir.sp1,i0051,08:03,190,2,Nachu
V1,2009,2009-11-30,sen.aph,p0009,NA,NA,13:00:00,100,0,Rocio
V1,2011,2011-11-04,sen.aph,p0009,cam.mus,i0072,10:40,39,1,silvia
V1,2009,2009-10-28,sen.aph,p0009,NA,NA,13:50:00,20,0,Belen
V1,2011,2011-11-01,sen.aph,p0009,hir.sp1,i0051,12:02,30,1,enzo
V1,2009,2009-11-30,sen.aph,p0009,pompil2,i0036,12:43:00,60,5,Rocio
V1,2010,2010-11-10,sen.aph,p0009,cos.chi,i0077,12:08,500,1,silvia
V4,2006,2006-10-30,sen.aph,p0009,cam.mus,i0072,09:32,34,3,Erica
V4,2009,2009-11-30,sen.aph,p0009,NA,NA,10:40:00,70,0,Rocio
V1,2009,2009-11-23,sen.aph,p0009,NA,NA,12:33:00,200,0,rocio
V1,2010,2010-11-10,sen.aph,p0009,cos.chi,i0077,12:08,500,1,silvia
V1,2007,2007-11-08,sen.aph,p0009,hir.sp1,i0051,15:11,110,1,Nachu
V1,2009,2009-11-05,sen.aph,p0009,NA,NA,11:20:00,160,0,Nachu
V1,2010,2010-11-10,sen.aph,p0009,cam.pun,i0128,12:08,500,1,silvia
V1,2011,2011-11-04,sen.aph,p0009,bombil3,i0069,10:45,60,1,nachu
V1,2010,2010-12-03,sen.aph,p0009,aug.sp,i0228,9:40,70,3,silvia
V1,2008,2008-11-04,sen.aph,p0009,aug.sp,i0228,10:53:00,150,1,Nachu
V4,2011,2011-11-04,sen.aph,p0009,aug.sp,i0228,12:58,40,2,nachu
V4,2006,2006-10-30,sen.aph,p0009,cam.mus,i0072,09:32,34,6,Erica
V1,2011,2011-12-02,sen.aph,p0009,aug.sp,i0228,13:00,86,3,silvia
V1,2010,2010-12-10,sen.aph,p0009,NA,NA,11:26,8,0,silvia
V1,2011,2011-11-01,sen.aph,p0009,hir.sp1,i0051,12:02,30,1,enzo
V1,2007,2007-11-27,sen.aph,p0009,bom.opi,i0002,09:00,180,3,Nachu
V1,2011,2011-10-14,sen.aph,p0009,NA,NA,11:45,20,0,nachu
V4,2010,2010-11-19,sen.aph,p0009,xyl.ord,i0001,13:19,180,7,silvia
V1,2007,2007-10-29,sen.aph,p0009,NA,NA,16:15,30,0,Nachu
V1,2010,2010-10-28,sen.aph,p0009,NA,NA,13:35,16,0,silvia
V1,2006,2006-11-20,sen.aph,p0009,meg.A,i0003,10:10,200,2,Erica
V1,2011,2011-10-25,sen.aph,p0009,cae.sp1,i0022,11:36,150,1,silvia
V1,2011,2011-11-04,sen.aph,p0009,NA,NA,10:45,60,1,nachu
V1,2011,2011-11-04,sen.aph,p0009,cam.mus,i0072,10:40,39,1,silvia
V1,2009,2009-11-25,sen.aph,p0009,NA,NA,12:10:00,20,0,Belen
V1,2010,2010-12-03,sen.aph,p0009,cam.pun,i0128,8:21,300,1,silvia
V1,2009,2009-11-30,sen.aph,p0009,NA,NA,12:40:00,80,0,Nachu
V2,2006,2006-11-13,sen.aph,p0009,bom.opi,i0002,10:49,42,2,Diego
V1,2011,2011-11-04,sen.aph,p0009,pol.cav,i0039,09:23,100,2,enzo
V1,2011,2011-11-04,sen.aph,p0009,aug.sp,i0228,10:25,92,3,silvia
V1,2009,2009-11-18,sen.aph,p0009,cen.bre,i0007,11:38:00,300,8,Rocio
V1,2009,2009-11-09,sen.aph,p0009,cam.pun,i0128,12:54:00,150,1,nachu
V1,2011,2011-10-28,sen.aph,p0009,cam.pun,i0128,09:38,32,1,silvia
V1,2011,2011-10-21,sen.aph,p0009,NA,NA,10:06,5,0,silvia
V1,2009,2009-11-05,sen.aph,p0009,cos.chi,i0077,09:34:00,80,2,Belen
V1,2011,2011-10-21,sen.aph,p0009,NA,NA,10:15,24,0,silvia
V1,2007,2007-11-20,sen.aph,p0009,asi.sp1,i0055,15:57,180,1,Nachu
V2,2006,2006-11-20,sen.aph,p0009,aug.sp,i0228,11:15,100,15,Jimena
V1,2007,2007-11-08,sen.aph,p0009,hir.sp1,i0051,15:11,110,1,Nachu
V1,2009,2009-10-28,sen.aph,p0009,aug.sp,i0228,11:21:00,70,1,nachu
V1,2009,2009-10-21,sen.aph,p0009,aug.sp,i0228,12:44:00,10,1,belen
V1,2011,2011-10-21,sen.aph,p0009,NA,NA,10:15,24,0,silvia
V1,2011,2011-11-29,sen.aph,p0009,dih.sp1,i0031,10:52,35,1,silvia
V1,2009,2009-11-05,sen.aph,p0009,NA,NA,10:55:00,500,0,Rocio
V4,2007,2007-11-06,sen.aph,p0009,xyl.ord,i0001,12:02,170,5,Nachu
V1,2009,2009-11-25,sen.aph,p0009,NA,NA,13:35:00,40,0,nachu
V1,2007,2007-11-15,sen.aph,p0009,hir.sp1,i0051,11:45,300,4,Nachu
V1,2011,2011-11-04,sen.aph,p0009,aug.sp,i0228,10:25,92,10,silvia
V4,2011,2011-11-08,sen.aph,p0009,zet.sp1,i0037,10:42,15,1,enzo
V4,2011,2011-11-11,sen.aph,p0009,hir.sp1,i0051,12:21,30,1,enzo
V4,2009,2009-11-04,sen.aph,p0009,NA,NA,10:56:00,10,0,belen
V4,2011,2011-11-01,sen.aph,p0009,cen.bre,i0007,09:49,25,1,nachu
V1,2010,2010-12-10,sen.aph,p0009,NA,NA,10:56,13,0,silvia
V1,2009,2009-11-30,sen.aph,p0009,aug.sp,i0228,12:43:00,60,4,Rocio
V1,2011,2011-10-18,sen.aph,p0009,dih.sp1,i0031,13:28,22,1,nachu
V1,2010,2010-12-03,sen.aph,p0009,cop.ari,i0044,8:21,300,1,silvia
V1,2009,2009-11-25,sen.aph,p0009,cam.pun,i0128,13:04:00,15,1,Belen
V1,2008,2008-10-28,sen.aph,p0009,aug.sp,i0228,11:32:00,60,1,Nachu
V4,2009,2009-11-09,sen.aph,p0009,meg.C,i0140,10:56:00,70,4,nachu
V1,2009,2009-10-28,sen.aph,p0009,aug.sp,i0228,11:15:00,11,2,nachu
V1,2010,2010-10-22,sen.aph,p0009,aug.sp,i0228,11:45:00,60,1,Nachu
V1,2009,2009-12-02,sen.aph,p0009,cos.chi,i0077,12:15:00,15,1,Nachu
V1,2011,2011-10-28,sen.aph,p0009,aug.sp,i0228,10:49,60,1,enzo
V1,2009,2009-11-05,sen.aph,p0009,aug.sp,i0228,12:50:00,200,2,Nachu
V4,2010,2010-11-19,sen.aph,p0009,NA,NA,12:12,46,0,silvia
V1,2009,2009-11-25,sen.aph,p0009,NA,NA,12:43:00,700,0,nachu
V2,2006,2006-11-20,sen.aph,p0009,bom.opi,i0002,11:15,100,2,Jimena
V1,2011,2011-11-01,sen.aph,p0009,hir.sp1,i0051,12:02,30,2,enzo
V1,2011,2011-10-21,sen.aph,p0009,cam.pun,i0128,10:15,24,1,silvia
V4,2006,2006-10-30,sen.aph,p0009,cam.mus,i0072,09:32,34,5,Erica
V1,2009,2009-11-18,sen.aph,p0009,cop.ari,i0044,10:06:00,600,3,Nachu
V1,2007,2007-11-08,sen.aph,p0009,hir.sp1,i0051,15:11,110,1,Nachu
V2,2006,2006-11-13,sen.aph,p0009,aug.sp,i0228,10:56,200,2,Diego
V1,2010,2010-12-03,sen.aph,p0009,NA,NA,8:21,300,1,silvia
V1,2007,2007-11-15,sen.aph,p0009,hir.sp1,i0051,11:45,300,1,Nachu
V1,2011,2011-11-08,sen.aph,p0009,aug.sp,i0228,13:31,20,2,enzo
V1,2011,2011-11-04,sen.aph,p0009,cam.mus,i0072,10:40,39,1,silvia
V4,2009,2009-11-09,sen.aph,p0009,meg.C,i0140,10:56:00,70,2,nachu
V1,2009,2009-11-18,sen.aph,p0009,hir.sp1,i0051,11:38:00,300,10,Rocio
V1,2009,2009-12-11,sen.aph,p0009,NA,NA,10:55:00,22,0,Rocio
V1,2009,2009-10-28,sen.aph,p0009,aug.sp,i0228,13:11:00,13,3,rocio
V1,2010,2010-12-03,sen.aph,p0009,cop.ari,i0044,9:10,33,1,silvia
V1,2007,2007-11-08,sen.aph,p0009,hir.sp1,i0051,15:11,110,1,Nachu
V1,2007,2007-11-13,sen.aph,p0009,cop.ari,i0044,15:48,160,1,Nachu
V4,2011,2011-11-08,sen.aph,p0009,hir.sp1,i0051,10:42,15,1,enzo
V1,2009,2009-11-18,sen.aph,p0009,hir.sp1,i0051,11:38:00,300,5,Rocio
V1,2011,2011-11-08,sen.aph,p0009,zet.sp1,i0037,12:04,60,3,enzo
V1,2011,2011-10-21,sen.aph,p0009,cam.pun,i0128,10:15,24,1,silvia
V1,2009,2009-11-25,sen.aph,p0009,cam.pun,i0128,13:04:00,15,1,Belen
V4,2006,2006-10-30,sen.aph,p0009,cam.mus,i0072,09:32,34,4,Erica
V1,2011,2011-10-18,sen.aph,p0009,NA,NA,13:28,22,4,nachu
V1,2009,2009-11-25,sen.aph,p0009,hir.sp1,i0051,13:23:00,400,1,nachu
V1,2007,2007-11-20,sen.aph,p0009,cen.bre,i0007,16:13,250,13,Nachu
V1,2010,2010-12-03,sen.aph,p0009,cos.chi,i0077,8:21,300,3,silvia
V1,2007,2007-11-02,sen.aph,p0009,aug.sp,i0228,13:08,300,1,Nachu
V1,2009,2009-10-28,sen.aph,p0009,aug.sp,i0228,13:11:00,13,1,rocio
V1,2009,2009-11-05,sen.aph,p0009,NA,NA,09:46:00,80,0,Rocio
V1,2010,2010-10-22,sen.aph,p0009,dia.sp1,i0073,11:50,45,1,silvia
V1,2011,2011-11-01,sen.aph,p0009,cop.ari,i0044,12:02,30,1,enzo
V1,2010,2010-12-10,sen.aph,p0009,NA,NA,11:06,25,0,nachu
V4,2011,2011-11-04,sen.aph,p0009,NA,NA,12:58,40,2,nachu
V1,2011,2011-10-28,sen.aph,p0009,cam.pun,i0128,09:38,32,1,silvia
V1,2009,2009-12-11,sen.aph,p0009,dih.sp1,i0031,10:28:00,80,2,Rocio
V1,2010,2010-10-28,sen.aph,p0009,aug.sp,i0228,12:33:00,90,1,Nachu
V1,2011,2011-10-28,sen.aph,p0009,cam.pun,i0128,09:38,32,1,silvia
V1,2008,2008-11-11,sen.aph,p0009,amm.sp1,i0126,11:00:00,62,2,Nachu
V4,2011,2011-11-08,sen.aph,p0009,NA,NA,10:23,30,0,nachu
V1,2011,2011-11-04,sen.aph,p0009,hir.sp1,i0051,09:23,100,2,enzo
V1,2009,2009-11-11,sen.aph,p0009,NA,NA,10:17:00,40,0,Belen
V4,2006,2006-10-30,sen.aph,p0009,cam.mus,i0072,09:32,34,3,Erica
V1,2011,2011-10-21,sen.aph,p0009,cam.pun,i0128,10:15,24,4,silvia
V1,2011,2011-11-08,sen.aph,p0009,zet.sp1,i0037,12:04,60,4,enzo
V1,2011,2011-10-25,sen.aph,p0009,aug.sp,i0228,12:00,11,1,nachu
V1,2009,2009-12-11,sen.aph,p0009,dih.sp1,i0031,10:28:00,80,1,Rocio
V1,2011,2011-11-08,sen.aph,p0009,zet.sp1,i0037,12:04,60,3,enzo
V1,2010,2010-11-10,sen.aph,p0009,NA,NA,13:32,80,0,silvia
V1,2011,2011-10-18,sen.aph,p0009,aug.sp,i0228,13:28,22,2,nachu
V1,2011,2011-11-04,sen.aph,p0009,pol.cav,i0039,09:23,100,3,enzo
V1,2010,2010-11-05,sen.aph,p0009,NA,NA,8:59,450,0,silvia
V2,2006,2006-11-13,sen.aph,p0009,NA,NA,10:34,20,0,Diego
V4,2011,2011-11-08,sen.aph,p0009,hir.sp1,i0051,10:42,15,2,enzo
V1,2006,2006-11-20,sen.aph,p0009,aug.sp,i0228,10:36,50,3,Erica
V1,2009,2009-10-28,sen.aph,p0009,aug.sp,i0228,11:15:00,11,1,nachu
V1,2009,2009-10-28,sen.aph,p0009,NA,NA,11:29:00,10,0,nachu
V4,2011,2011-11-08,sen.aph,p0009,zet.sp1,i0037,10:42,15,1,enzo
V1,2010,2010-11-19,sen.aph,p0009,NA,NA,9:00,70,0,silvia
V1,2010,2010-11-05,sen.aph,p0009,hir.sp1,i0051,7:36,100,1,silvia
V1,2011,2011-10-28,sen.aph,p0009,syr.sp1,i0045,09:03,40,2,enzo
V1,2010,2010-10-28,sen.aph,p0009,NA,NA,13:26,80,0,silvia
V1,2011,2011-10-18,sen.aph,p0009,dih.sp1,i0031,13:28,22,1,nachu
V1,2007,2007-11-08,sen.aph,p0009,hir.sp1,i0051,15:11,110,1,Nachu
V1,2010,2010-12-10,sen.aph,p0009,NA,NA,11:48,6,0,nachu
V1,2007,2007-11-08,sen.aph,p0009,hir.sp1,i0051,14:11,300,2,Nachu
V1,2009,2009-11-25,sen.aph,p0009,hir.sp1,i0051,13:04:00,15,1,Belen
V1,2007,2007-11-02,sen.aph,p0009,NA,NA,12:51,90,0,Nachu
V1,2010,2010-12-03,sen.aph,p0009,aug.sp,i0228,9:40,70,1,silvia
V1,2009,2009-10-28,sen.aph,p0009,aug.sp,i0228,11:21:00,70,2,nachu
V4,2010,2010-11-26,sen.aph,p0009,aug.sp,i0228,9:11:00,120,1,Nachu
V1,2011,2011-11-04,sen.aph,p0009,aug.sp,i0228,09:23,100,2,enzo
V1,2007,2007-11-13,sen.aph,p0009,cen.bre,i0007,17:17,100,3,Nachu
V1,2011,2011-10-21,sen.aph,p0009,NA,NA,10:15,24,0,silvia
V1,2011,2011-11-04,sen.aph,p0009,hir.sp1,i0051,09:23,100,1,enzo
V1,2009,2009-11-05,sen.aph,p0009,NA,NA,10:07:00,30,0,Belen
V4,2006,2006-11-13,sen.aph,p0009,cam.mus,i0072,12:42,40,1,Beni
V4,2010,2010-11-26,sen.aph,p0009,aug.sp,i0228,9:11:00,120,1,Nachu
V1,2008,2008-10-28,sen.aph,p0009,aug.sp,i0228,11:32:00,60,1,Nachu
V1,2011,2011-10-21,sen.aph,p0009,cam.pun,i0128,10:15,24,1,silvia
V1,2009,2009-11-23,sen.aph,p0009,cam.pun,i0128,12:53:00,12,12,Belen
V1,2011,2011-10-25,sen.aph,p0009,cae.sp1,i0022,11:36,150,1,silvia
V1,2009,2009-11-18,sen.aph,p0009,NA,NA,11:49:00,80,0,Nachu
V1,2010,2010-11-05,sen.aph,p0009,cop.ari,i0044,7:36,100,1,silvia
V4,2009,2009-11-25,sen.aph,p0009,NA,NA,11:11:00,60,0,nachu
V1,2008,2008-12-17,sen.aph,p0009,NA,NA,10:34:00,5,0,Nachu
V1,2011,2011-11-04,sen.aph,p0009,NA,NA,10:23,50,0,nachu
V1,2011,2011-11-08,sen.aph,p0009,NA,NA,13:09,110,0,nachu
V1,2009,2009-11-25,sen.aph,p0009,cam.pun,i0128,13:04:00,15,1,Belen
V1,2010,2010-11-05,sen.aph,p0009,NA,NA,8:20,70,0,silvia
V1,2011,2011-11-01,sen.aph,p0009,NA,NA,11:52,26,0,nachu
V1,2011,2011-11-08,sen.aph,p0009,zet.sp1,i0037,12:04,60,1,enzo
V1,2009,2009-11-09,sen.aph,p0009,NA,NA,12:38:00,260,0,Rocio
V2,2006,2006-11-13,sen.aph,p0009,meg.C,i0140,10:56,200,1,Diego
V1,2011,2011-10-21,sen.aph,p0009,NA,NA,10:15,24,0,silvia
V1,2011,2011-10-21,sen.aph,p0009,NA,NA,10:15,24,0,silvia
V1,2007,2007-11-02,sen.aph,p0009,meg.A,i0003,11:52,600,2,Nachu
V1,2006,2006-11-20,sen.aph,p0009,aug.sp,i0228,10:18,250,5,Erica
V1,2010,2010-12-03,sen.aph,p0009,NA,NA,8:37,35,1,silvia
V4,2010,2010-11-26,sen.aph,p0009,aug.sp,i0228,9:11:00,120,1,Nachu
V1,2010,2010-12-03,sen.aph,p0009,cop.ari,i0044,8:21,300,1,silvia
V1,2011,2011-10-28,sen.aph,p0009,cam.pun,i0128,09:38,32,1,silvia
V1,2011,2011-10-04,lyc.chi,p0011,dih.sp1,i0031,09:15,10,1,silvia
V4,2009,2009-10-05,lyc.chi,p0011,xyl.ord,i0001,11:07:00,12,4,Belen-rocio
V4,2011,2011-11-25,lyc.chi,p0011,vill.sp1,i0114,10:22,22,1,silvia
V4,2009,2009-10-21,lyc.chi,p0011,xyl.ord,i0001,10:14:00,15,6,nachu
V3,2006,2006-10-09,lyc.chi,p0011,bom.opi,i0002,17:40,30,7,Diego
V4,2007,2007-10-19,lyc.chi,p0011,NA,NA,09:02,20,0,diego
V4,2009,2009-10-14,lyc.chi,p0011,NA,NA,10:20:00,10,0,Nachu
V1,2011,2011-12-06,lyc.chi,p0011,aug.sp,i0228,09:19:00,19,1,silvia
V1,2011,2011-12-06,lyc.chi,p0011,aug.sp,i0228,10:30:00,98,1,silvia
V1,2011,2011-12-02,lyc.chi,p0011,dih.sp1,i0031,12:16,9,1,silvia
V4,2009,2009-10-14,lyc.chi,p0011,NA,NA,10:06:00,4,0,Nachu
V1,2010,2010-10-28,lyc.chi,p0011,NA,NA,12:13:00,30,0,Nachu
V4,2007,2007-10-02,lyc.chi,p0011,xyl.ord,i0001,10:08,15,2,Nachu
V4,2009,2009-10-12,lyc.chi,p0011,NA,NA,11:22:00,6,0,Belen-rocio
V4,2009,2009-10-19,lyc.chi,p0011,dih.sp1,i0031,12:04:00,8,1,nachu
V1,2006,2007-01-19,lyc.chi,p0011,cop.ari,i0044,09:52,30,20,Diego
V1,2009,2009-10-26,lyc.chi,p0011,NA,NA,10:12:00,3,0,Rocio
V4,2007,2007-10-02,lyc.chi,p0011,xyl.ord,i0001,10:16,10,1,Nachu
V4,2009,2009-10-12,lyc.chi,p0011,NA,NA,11:22:00,31,0,Belen-rocio
V1,2006,2007-01-19,lyc.chi,p0011,xyl.ord,i0001,08:38,50,27,Diego
V4,2008,2008-10-07,lyc.chi,p0011,NA,NA,10:33:00,4,0,Nachu
V1,2011,2011-11-25,lyc.chi,p0011,NA,NA,12:40,16,0,silvia
V1,2007,2007-10-02,lyc.chi,p0011,xyl.spl,i0094,12:54,60,11,Erica
V4,2009,2009-10-14,lyc.chi,p0011,bom.opi,i0002,11:26:00,18,1,Nachu
V4,2009,2009-10-21,lyc.chi,p0011,xyl.ord,i0001,10:55:00,12,5,rocio
V1,2007,2007-10-02,lyc.chi,p0011,syr.sp1,i0045,12:23,50,6,Nachu
V4,2009,2009-10-26,lyc.chi,p0011,NA,NA,13:41:00,6,0,Rocio
V4,2011,2011-10-25,lyc.chi,p0011,NA,NA,08:36,16,0,silvia
V1,2007,2007-10-02,lyc.chi,p0011,allo.bre,i0112,12:23,50,6,Nachu
V1,2006,2007-01-19,lyc.chi,p0011,xyl.ord,i0001,08:13,50,6,Diego
V1,2006,2006-10-16,lyc.chi,p0011,NA,NA,15:54,7,0,Nachu
V1,2009,2009-10-07,lyc.chi,p0011,NA,NA,10:14:00,8,0,Belen-rocio
V4,2011,2011-11-25,lyc.chi,p0011,aug.sp,i0228,10:22,22,1,silvia
V1,2006,2007-01-19,lyc.chi,p0011,meg.A,i0003,08:38,50,5,Diego
V1,2010,2010-10-06,lyc.chi,p0011,NA,NA,9:08,4,0,silvia
V4,2009,2009-10-21,lyc.chi,p0011,NA,NA,10:57:00,12,0,belen
V2,2006,2006-10-09,lyc.chi,p0011,NA,NA,15:43,14,0,Diego
V2,2006,2007-01-19,lyc.chi,p0011,NA,NA,10:55,10,0,Nachu
V1,2011,2011-10-04,lyc.chi,p0011,aug.sp,i0228,09:15,10,1,silvia
V4,2007,2007-10-02,lyc.chi,p0011,xyl.ord,i0001,10:09,25,12,Nachu
V1,2006,2007-01-19,lyc.chi,p0011,cop.sp2,i0052,09:17,20,1,Diego
V1,2010,2010-10-28,lyc.chi,p0011,NA,NA,13:26,11,0,silvia
V1,2006,2007-01-19,lyc.chi,p0011,cop.ari,i0044,08:13,50,3,Diego
V4,2007,2007-10-02,lyc.chi,p0011,NA,NA,08:33,10,0,Nachu
V1,2009,2009-10-21,lyc.chi,p0011,NA,NA,12:41:00,11,0,nachu
V1,2009,2009-10-19,lyc.chi,p0011,api.mel,i0070,10:10:00,20,10,rocio
V1,2007,2007-10-02,lyc.chi,p0011,aug.sp,i0228,12:54,60,1,Erica
V3,2006,2006-10-09,lyc.chi,p0011,cop.ari,i0044,17:40,30,3,Diego
V1,2011,2011-12-02,lyc.chi,p0011,NA,NA,12:38,8,1,silvia
V1,2006,2006-10-09,lyc.chi,p0011,api.mel,i0070,13:09,40,4,Diego
V1,2011,2011-12-06,lyc.chi,p0011,NA,NA,09:13:00,6,0,silvia
V4,2010,2010-10-28,lyc.chi,p0011,NA,NA,10:16:00,3,0,Nachu
V1,2009,2009-10-21,lyc.chi,p0011,aug.sp,i0228,11:50:00,10,3,rocio
V1,2006,2007-01-19,lyc.chi,p0011,cop.sp2,i0052,09:34,10,1,Diego
V4,2010,2010-09-15,lyc.chi,p0011,NA,NA,10:54,14,0,silvia
V4,2010,2010-10-06,lyc.chi,p0011,NA,NA,10:50,5,0,silvia
V1,2011,2011-11-25,lyc.chi,p0011,vill.sp1,i0114,13:01,6,1,silvia
V1,2009,2009-10-07,lyc.chi,p0011,NA,NA,10:13:00,19,0,Belen-rocio
V4,2007,2007-10-02,lyc.chi,p0011,syr.sp1,i0045,10:26,90,1,Nachu
V4,2010,2010-10-06,lyc.chi,p0011,NA,NA,11:41,18,0,silvia
V4,2010,2010-10-28,lyc.chi,p0011,NA,NA,10:13,7,0,silvia
V1,2006,2007-01-19,lyc.chi,p0011,aug.sp,i0228,09:17,20,2,Diego
V1,2006,2007-01-19,lyc.chi,p0011,NA,NA,10:35,20,0,Diego
V1,2006,2006-10-09,lyc.chi,p0011,api.mel,i0070,13:09,40,10,Diego
V1,2009,2009-10-21,lyc.chi,p0011,NA,NA,12:19:00,10,0,belen
V4,2011,2011-11-25,lyc.chi,p0011,NA,NA,11:00,29,0,silvia
V4,2008,2008-10-07,lyc.chi,p0011,NA,NA,12:08:00,8,0,Nachu
V2,2006,2006-10-09,lyc.chi,p0011,api.mel,i0070,15:48,40,12,Diego
V1,2007,2007-10-02,lyc.chi,p0011,dih.sp1,i0031,12:23,50,1,Nachu
V3,2006,2006-10-09,lyc.chi,p0011,api.mel,i0070,17:48,40,7,Diego
V4,2009,2009-10-21,lyc.chi,p0011,NA,NA,09:50:00,8,0,nachu
V1,2009,2009-10-19,lyc.chi,p0011,NA,NA,10:21:00,8,0,nachu
V1,2006,2007-01-19,lyc.chi,p0011,aug.sp,i0228,09:17,20,1,Diego
V4,2010,2010-10-06,lyc.chi,p0011,NA,NA,11:29,6,0,silvia
V1,2011,2011-11-29,lyc.chi,p0011,bombil9,i0183,10:07,45,2,silvia
V1,2006,2007-01-19,lyc.chi,p0011,cop.sp2,i0052,08:13,50,1,Diego
V4,2009,2009-10-21,lyc.chi,p0011,cop.ari,i0044,10:14:00,15,5,nachu
V1,2011,2011-10-21,lyc.chi,p0011,cop.ari,i0044,09:30,5,1,silvia
V1,2009,2009-10-14,lyc.chi,p0011,NA,NA,13:16:00,7,0,rocio
V4,2007,2007-10-02,lyc.chi,p0011,api.mel,i0070,10:26,90,14,Nachu
V4,2009,2009-10-21,lyc.chi,p0011,NA,NA,10:15:00,10,0,rocio
V2,2006,2007-01-19,lyc.chi,p0011,aug.sp,i0228,10:55,10,3,Nachu
V4,2008,2008-10-07,lyc.chi,p0011,api.mel,i0070,12:02:00,8,1,Diego
V4,2007,2007-10-25,lyc.chi,p0011,NA,NA,08:55,9,0,Nachu
V3,2006,2006-11-13,ver.bon,p0012,NA,NA,11:46,20,0,Erica
V4,2006,2006-11-06,ver.bon,p0012,NA,NA,13:14,825,0,Nachu
V4,2011,2011-12-02,sal.gil,p0017,meg.L,i0297,08:08,180,17,nachu
V4,2011,2011-11-25,sal.gil,p0017,NA,NA,09:20,120,3,silvia
V4,2008,2008-10-31,sal.gil,p0017,NA,NA,11:40:00,5,0,Nachu
V4,2011,2011-11-04,sal.gil,p0017,NA,NA,12:06,150,1,nachu
V4,2006,2006-10-30,sal.gil,p0017,NA,NA,10:18,16,0,Erica
V4,2011,2011-11-01,sal.gil,p0017,xyl.ord,i0001,08:15,30,2,enzo
V4,2011,2011-11-04,sal.gil,p0017,NA,NA,12:06,150,1,nachu
V4,2008,2008-10-24,sal.gil,p0017,NA,NA,09:50:00,60,0,Nachu
V4,2010,2010-11-05,sal.gil,p0017,NA,NA,11:21,250,1,silvia
V4,2011,2011-12-13,sal.gil,p0017,NA,NA,08:35,200,7,nachu
V1,2011,2011-11-29,sal.gil,p0017,ant.and,i0150,12:24,89,2,silvia
V4,2011,2011-11-04,sal.gil,p0017,NA,NA,12:06,150,1,nachu
V4,2011,2011-11-04,sal.gil,p0017,meg.jor,i0298,11:56,50,2,enzo
V4,2011,2011-11-04,sal.gil,p0017,chi.sp1,i0033,11:50,300,1,silvia
V4,2008,2008-10-31,sal.gil,p0017,dih.sp1,i0031,11:53:00,35,1,Nachu
V4,2010,2010-11-05,sal.gil,p0017,NA,NA,11:33,140,0,silvia
V4,2011,2011-12-06,sal.gil,p0017,bombil7,i0116,12:20:00,300,2,silvia
V4,2011,2011-11-22,sal.gil,p0017,NA,NA,10:15,120,0,silvia
V4,2011,2011-10-21,sal.gil,p0017,meg.C,i0140,13:00,22,1,nachu
V4,2008,2008-12-17,sal.gil,p0017,NA,NA,11:02:00,9,0,Nachu
V4,2011,2011-12-02,sal.gil,p0017,meg.L,i0297,08:08,180,16,nachu
V4,2008,2008-12-02,sal.gil,p0017,meg.cte,i0015,09:27:00,32,1,Nachu
V4,2011,2011-11-04,sal.gil,p0017,NA,NA,12:06,150,1,nachu
V4,2008,2008-12-12,sal.gil,p0017,NA,NA,11:44:00,3,0,Nachu
V4,2011,2011-11-04,sal.gil,p0017,NA,NA,12:06,150,1,nachu
V4,2011,2011-10-21,sal.gil,p0017,NA,NA,12:12,42,1,silvia
V4,2011,2011-11-04,sal.gil,p0017,chi.sp1,i0033,11:50,300,1,silvia
V4,2008,2008-12-12,sal.gil,p0017,bom.opi,i0002,08:58:00,13,2,Nachu
V4,2008,2008-10-28,sal.gil,p0017,NA,NA,13:21:00,13,0,Nachu
V4,2011,2011-11-04,sal.gil,p0017,NA,NA,12:06,150,1,nachu
V4,2011,2011-11-08,sal.gil,p0017,hym.sp9,i0262,08:51,30,1,enzo
V4,2011,2011-12-06,sal.gil,p0017,meg.lut,i0293,fuera del censo,163,2,silvia
V4,2011,2011-11-08,sal.gil,p0017,NA,NA,08:55,250,36,nachu
V4,2011,2011-11-04,sal.gil,p0017,chi.sp1,i0033,11:50,300,1,silvia
V1,2011,2011-11-29,sal.gil,p0017,NA,NA,12:00,1200,1,silvia
V4,2009,2009-11-30,sal.gil,p0017,NA,NA,10:52:00,16,0,Rocio
V4,2011,2011-11-04,sal.gil,p0017,dia.pat,i0164,11:56,50,2,enzo
V4,2011,NA,sal.gil,p0017,aud.sp,i0178,13:42,50,1,enzo
V4,2011,2011-10-28,sal.gil,p0017,NA,NA,11:28,6,0,nachu
V4,2011,2011-11-04,sal.gil,p0017,chi.sp1,i0033,11:50,300,1,silvia
V4,2011,2011-12-13,sal.gil,p0017,meg.L,i0297,08:35,200,13,nachu
V4,2011,2011-12-06,sal.gil,p0017,meg.arg,i0295,fuera del censo,163,4,silvia
V4,2011,2011-12-06,sal.gil,p0017,meg.cte,i0015,fuera del censo,800,1,silvia
V4,2010,2010-11-10,sal.gil,p0017,NA,NA,8:18,500,0,silvia
V4,2011,2011-10-28,sal.gil,p0017,pse.sp,i0167,11:25,60,1,silvia
V4,2006,2006-11-06,sal.gil,p0017,NA,NA,10:43,24,0,Nachu
V4,2011,2011-10-21,sal.gil,p0017,chi.sp1,i0033,13:20,4,1,silvia
V4,2010,2010-11-19,sal.gil,p0017,NA,NA,13:54,10,1,silvia
V4,2011,2011-10-21,sal.gil,p0017,chi.sp1,i0033,12:12,42,1,silvia
V4,2011,2011-11-04,sal.gil,p0017,NA,NA,12:06,150,1,nachu
V4,2011,2011-10-21,sal.gil,p0017,chi.sp1,i0033,12:12,42,1,silvia
V4,2008,2008-10-24,sal.gil,p0017,bom.opi,i0002,10:34:00,30,2,Nachu
V4,2010,2010-10-22,sal.gil,p0017,NA,NA,12:34:00,9,0,Nachu
V4,2011,2011-12-06,sal.gil,p0017,xyl.ord,i0001,12:20:00,300,4,silvia
V4,2011,2011-10-21,sal.gil,p0017,meg.L,i0297,12:12,42,3,silvia
V4,2011,2011-10-21,sal.gil,p0017,NA,NA,12:12,42,1,silvia
V4,2008,2008-12-02,sal.gil,p0017,bom.opi,i0002,09:06:00,28,16,Nachu
V4,2011,2011-11-08,sal.gil,p0017,pse.sp,i0167,08:51,30,1,enzo
V4,2011,2011-10-21,sal.gil,p0017,chi.sp1,i0033,12:12,42,1,silvia
V4,2011,2011-12-06,sal.gil,p0017,bombil7,i0116,11:39:00,300,2,silvia
V4,2010,2010-10-28,sal.gil,p0017,NA,NA,10:11:00,400,0,Nachu
V4,2010,2010-10-22,sal.gil,p0017,NA,NA,13:41:00,50,0,Nachu
V4,2011,2011-11-04,sal.gil,p0017,NA,NA,12:06,150,1,nachu
V4,2011,2011-11-01,sal.gil,p0017,xyl.ord,i0001,08:04,250,48,nachu
V4,2011,2011-12-02,sal.gil,p0017,dih.sp1,i0031,09:45,50,1,nachu
V4,2011,2011-11-04,sal.gil,p0017,chi.sp1,i0033,11:45,250,1,silvia
V4,2011,2011-10-21,sal.gil,p0017,meg.C,i0140,13:00,22,1,nachu
V4,2011,2011-11-08,sal.gil,p0017,bom.opi,i0002,08:38,300,3,nachu
V4,2008,2008-12-17,sal.gil,p0017,meg.cte,i0015,11:26:00,70,1,Nachu
V4,2011,2011-10-21,sal.gil,p0017,chi.sp1,i0033,12:12,42,1,silvia
V4,2011,2011-10-21,sal.gil,p0017,chi.sp1,i0033,12:12,42,1,silvia
V4,2007,2007-12-11,sal.gil,p0017,ant.vig,i0107,10:35,70,13,Erica
V4,2008,2008-10-31,sal.gil,p0017,dih.sp1,i0031,11:53:00,35,1,Nachu
V4,2011,2011-11-25,sal.gil,p0017,pac.arg,i0303,09:20,120,1,silvia
V4,2008,2008-12-12,sal.gil,p0017,NA,NA,12:09:00,9,0,Nachu
V4,2010,2010-11-05,sal.gil,p0017,NA,NA,11:00,100,0,silvia
V4,2011,2011-12-13,sal.gil,p0017,NA,NA,09:13,100,0,silvia
V4,2011,2011-10-21,sal.gil,p0017,chi.sp1,i0033,12:12,42,1,silvia
V4,2011,2011-11-04,sal.gil,p0017,NA,NA,12:06,150,1,nachu
V1,2011,2011-11-29,sal.gil,p0017,bom.opi,i0002,12:50,100,7,silvia
V4,2011,2011-10-21,sal.gil,p0017,chi.sp1,i0033,13:20,4,1,silvia
V4,2008,2008-12-02,sal.gil,p0017,meg.C,i0140,09:27:00,32,5,Nachu
V4,2008,2008-12-02,sal.gil,p0017,meg.cte,i0015,12:49:00,39,1,Nachu
V4,2011,2011-12-02,sal.gil,p0017,NA,NA,09:10,200,0,nachu
V4,2011,2011-12-02,sal.gil,p0017,cen.bre,i0007,09:45,50,5,nachu
V4,2011,2011-12-06,sal.gil,p0017,sva.zeb,i0110,12:20:00,300,4,silvia
V4,2008,2008-10-31,sal.gil,p0017,dih.sp1,i0031,11:53:00,35,1,Nachu
V4,2011,2011-12-13,sal.gil,p0017,cen.bre,i0007,08:53,300,3,silvia
V4,2011,2011-12-13,sal.gil,p0017,cen.bre,i0007,08:35,200,3,nachu
V4,2011,2011-10-21,sal.gil,p0017,chi.sp1,i0033,12:12,42,1,silvia
V4,2011,2011-11-04,sal.gil,p0017,chi.sp1,i0033,11:50,300,2,silvia
V4,2009,2009-11-18,sal.gil,p0017,ant.fri,i0012,12:30:00,7,1,Nachu
V4,2011,2011-11-11,sal.gil,p0017,NA,NA,10:19,60,0,enzo
V4,2008,2008-12-02,sal.gil,p0017,dih.sp1,i0031,09:27:00,32,1,Nachu
V4,2011,2011-12-06,sal.gil,p0017,thy.aet,i0299,11:46:00,800,4,silvia
V4,2011,2011-11-04,sal.gil,p0017,NA,NA,12:06,150,1,nachu
V4,2006,2006-11-13,sal.gil,p0017,NA,NA,12:08,14,0,Beni
V4,2008,2008-10-17,sal.gil,p0017,NA,NA,11:55:00,4,0,Nachu
V4,2011,2011-12-13,sal.gil,p0017,dia.pat,i0164,08:53,300,8,silvia
V4,2011,2011-12-06,sal.gil,p0017,col.ara,i0168,11:39:00,300,3,silvia
V4,2011,2011-10-21,sal.gil,p0017,chi.sp1,i0033,13:20,4,1,silvia
V4,2011,2011-10-25,sal.gil,p0017,NA,NA,08:38,15,0,enzo
V4,2007,2007-12-04,sal.gil,p0017,bom.opi,i0002,10:52,150,6,Erica
V4,2011,2011-12-13,sal.gil,p0017,dia.pat,i0164,08:53,300,10,silvia
V4,2011,2011-10-21,sal.gil,p0017,chi.sp1,i0033,13:20,4,1,silvia
V4,2011,2011-12-13,sal.gil,p0017,cos.chi,i0077,09:36,100,6,nachu
V4,2010,2010-11-10,sal.gil,p0017,bom.opi,i0002,8:38,0,8,silvia
V4,2007,2007-11-27,sal.gil,p0017,NA,NA,11:53,17,0,Nachu
V4,2008,2008-10-28,sal.gil,p0017,NA,NA,13:26:00,20,0,Nachu
V4,2011,2011-12-13,sal.gil,p0017,cos.chi,i0077,09:36,100,9,nachu
V4,2011,2011-11-11,sal.gil,p0017,pir.com,i0132,10:43,300,1,nachu
V4,2010,2010-11-26,sal.gil,p0017,xyl.ord,i0001,7:41:00,6,2,Nachu
V4,2011,2011-10-21,sal.gil,p0017,sva.zeb,i0110,13:00,22,3,nachu
V4,2009,2009-11-25,sal.gil,p0017,dia.pat,i0164,09:53:00,90,25,nachu
V4,2011,2011-10-28,sal.gil,p0017,psa.ruf,i0023,11:51,30,1,enzo
V4,2011,2011-11-04,sal.gil,p0017,NA,NA,12:06,150,1,nachu
V4,2011,2011-11-11,sal.gil,p0017,meg.A,i0003,10:43,300,3,nachu
V4,2011,2011-12-02,sal.gil,p0017,wil.cha,i0096,10:25,60,8,nachu
V4,2008,2008-12-02,sal.gil,p0017,dih.sp1,i0031,09:27:00,32,2,Nachu
V4,2011,NA,sal.gil,p0017,meg.cte,i0015,13:42,50,3,enzo
V4,2008,2008-11-11,sal.gil,p0017,NA,NA,13:09:00,4,0,Nachu
V4,2011,2011-11-04,sal.gil,p0017,chi.sp1,i0033,11:50,300,1,silvia
V4,2008,2008-11-18,sal.gil,p0017,NA,NA,10:09:00,6,0,Nachu
V4,2011,2011-11-11,sal.gil,p0017,bom.opi,i0002,10:43,300,1,nachu
V4,2011,2011-11-04,sal.gil,p0017,chi.sp1,i0033,11:45,250,1,silvia
V4,2008,2008-11-18,sal.gil,p0017,NA,NA,11:05:00,10,0,Nachu
V4,2011,2011-12-13,sal.gil,p0017,cos.chi,i0077,09:36,100,9,nachu
V4,2011,2011-10-21,sal.gil,p0017,chi.sp1,i0033,12:12,42,1,silvia
V4,2007,2007-12-11,sal.gil,p0017,ant.vig,i0107,10:35,70,4,Erica
V4,2011,2011-10-21,sal.gil,p0017,chi.sp1,i0033,12:12,42,1,silvia
V4,2011,2011-11-04,sal.gil,p0017,cen.bre,i0007,12:06,150,2,nachu
V4,2011,2011-11-04,sal.gil,p0017,NA,NA,11:43,40,0,nachu
V4,2011,2011-11-11,sal.gil,p0017,meg.A,i0003,10:43,300,2,nachu
V4,2010,2010-11-05,sal.gil,p0017,bom.opi,i0002,11:21,250,13,silvia
V4,2008,2008-11-07,sal.gil,p0017,NA,NA,10:28:00,9,0,Nachu
V4,2011,2011-10-25,sal.gil,p0017,NA,NA,08:13,150,0,nachu
V1,2006,2006-11-20,sal.gil,p0017,NA,NA,10:25,3,0,Erica
V4,2009,2009-12-02,sal.gil,p0017,NA,NA,10:22:00,15,0,Nachu
V4,2006,2006-10-30,sal.gil,p0017,NA,NA,13:35,8,0,Erica
V4,2011,2011-10-25,sal.gil,p0017,NA,NA,09:08,10,0,enzo
V4,2011,2011-11-04,sal.gil,p0017,chi.sp1,i0033,11:50,300,1,silvia
V4,2011,2011-12-13,sal.gil,p0017,xyl.spl,i0094,09:36,100,21,nachu
V4,2008,2008-12-17,sal.gil,p0017,bom.opi,i0002,13:26:00,70,1,Nachu
V4,2008,2008-12-02,sal.gil,p0017,aug.sp,i0228,09:27:00,32,1,Nachu
V4,2011,NA,sal.gil,p0017,meg.jor,i0298,13:42,50,2,enzo
V4,2011,2011-11-18,sal.gil,p0017,NA,NA,10:35,125,0,silvia
V4,2011,2011-10-21,sal.gil,p0017,chi.sp1,i0033,12:12,42,1,silvia
V1,2011,2011-11-29,sal.gil,p0017,meg.L,i0297,12:10,200,7,silvia
V4,2011,2011-11-08,sal.gil,p0017,bom.opi,i0002,08:55,250,1,nachu
V1,2011,2011-11-29,sal.gil,p0017,xyl.ord,i0001,12:10,200,13,silvia
V4,2011,2011-12-06,sal.gil,p0017,thy.aet,i0299,11:39:00,300,3,silvia
V4,2011,2011-10-21,sal.gil,p0017,meg.L,i0297,12:12,42,2,silvia
V4,2011,2011-10-28,sal.gil,p0017,pse.sp,i0167,11:51,30,1,enzo
V4,2011,2011-11-04,sal.gil,p0017,chi.sp1,i0033,11:50,300,1,silvia
V4,2011,2011-10-21,sal.gil,p0017,chi.sp1,i0033,13:20,4,1,silvia
V4,2010,2010-11-10,bud.men,p0018,cop.sp2,i0052,9:34,26,1,silvia
V4,2009,2009-10-28,bud.men,p0018,cop.ari,i0044,10:17:00,100,3,nachu
V4,2008,2008-10-17,bud.men,p0018,pir.com,i0132,11:08:00,200,1,Nachu
V4,2011,2011-10-14,bud.men,p0018,cop.sp2,i0052,13:44:00,900,1,silvia
V4,2011,2011-10-11,bud.men,p0018,tac.sp10,i0191,09:30,2000,1,silvia
V4,2007,2007-11-02,bud.men,p0018,bib.sp1,i0137,10:23,200,1,Nachu
V4,2008,2008-10-24,bud.men,p0018,bib.sp1,i0137,11:13:00,250,1,Nachu
V4,2010,2010-11-10,bud.men,p0018,cop.ari,i0044,8:47,55,5,silvia
V4,2011,2011-10-18,bud.men,p0018,tac.sp10,i0191,10:00,3000,4,nachu
V4,2011,2011-10-04,bud.men,p0018,cop.sp2,i0052,12:50,300,1,silvia
V4,2011,2011-10-04,bud.men,p0018,cop.sp2,i0052,13:03,300,1,silvia
V1,2010,2010-10-28,bud.men,p0018,NA,NA,12:09,300,1,silvia
V4,2007,2007-11-08,bud.men,p0018,NA,NA,16:50,40,0,Nachu
V4,2009,2009-10-26,bud.men,p0018,aug.sp,i0228,13:35:00,200,2,nachu
V4,2010,2010-11-10,bud.men,p0018,NA,NA,8:33,55,1,silvia
V1,2011,2011-10-14,bud.men,p0018,cop.ari,i0044,10:40:00,300,22,silvia
V4,2010,2010-11-10,bud.men,p0018,cop.sp2,i0052,8:47,55,1,silvia
V4,2007,2007-11-02,bud.men,p0018,bib.sp1,i0137,10:23,200,1,Nachu
V4,2011,2011-10-18,bud.men,p0018,tac.sp10,i0191,10:00,3000,2,nachu
V1,2011,2011-10-14,bud.men,p0018,cop.ari,i0044,10:40:00,300,1,silvia
V1,2011,2011-10-14,bud.men,p0018,cop.ari,i0044,10:40:00,300,1,silvia
V1,2011,2011-10-14,bud.men,p0018,cop.ari,i0044,10:40:00,300,1,silvia
V4,2011,2011-10-18,bud.men,p0018,str.eur,i0131,10:00,3000,2,nachu
V4,2011,2011-10-04,bud.men,p0018,tac.sp10,i0191,13:03,300,1,silvia
V4,2011,2011-10-18,bud.men,p0018,str.eur,i0131,10:00,3000,2,nachu
V4,2008,2008-10-24,bud.men,p0018,bib.sp1,i0137,11:13:00,250,1,Nachu
V1,2011,2011-10-21,bud.men,p0018,ise.vac,i0106,09:35,800,1,nachu
V4,2011,2011-10-14,bud.men,p0018,NA,NA,13:44:00,900,0,silvia
V4,2007,2007-11-02,bud.men,p0018,cop.sp2,i0052,10:23,200,1,Nachu
V4,2011,2011-10-04,bud.men,p0018,cop.sp2,i0052,13:03,300,1,silvia
V4,2011,2011-10-18,bud.men,p0018,str.eur,i0131,10:00,3000,1,nachu
V4,2008,2008-11-07,bud.men,p0018,com.ful,i0059,09:15:00,300,2,Nachu
V4,2011,2011-10-04,bud.men,p0018,str.eur,i0131,13:03,300,1,silvia
V4,2011,2011-10-18,bud.men,p0018,cha.sp1,i0062,10:00,3000,1,nachu
V1,2008,2008-11-04,bud.men,p0018,amm.sp1,i0126,08:40:00,1000,3,Nachu
V4,2009,2009-10-28,bud.men,p0018,cop.ari,i0044,10:17:00,100,3,nachu
V4,2011,2011-10-14,bud.men,p0018,NA,NA,13:44:00,900,0,silvia
V4,2006,2006-10-30,bud.men,p0018,amm.sp1,i0126,10:46,750,2,Erica
V4,2011,2011-10-04,bud.men,p0018,cop.sp2,i0052,13:03,300,1,silvia
V4,2008,2008-10-24,bud.men,p0018,bib.sp1,i0137,11:13:00,250,2,Nachu
V4,2010,2010-11-19,bud.men,p0018,NA,NA,13:42,30,0,silvia
V1,2011,2011-10-21,bud.men,p0018,tac.sp10,i0191,09:35,800,2,nachu
V4,2011,2011-10-04,bud.men,p0018,NA,NA,12:50,300,0,silvia
V1,2011,2011-10-14,bud.men,p0018,cop.ari,i0044,10:40:00,300,1,silvia
V4,2011,2011-10-21,bud.men,p0018,tac.sp10,i0191,12:55,1000,3,nachu
V4,2011,2011-10-14,bud.men,p0018,cop.sp2,i0052,13:44:00,900,1,silvia
V4,2011,2011-10-14,bud.men,p0018,tac.sp10,i0191,13:44:00,900,1,silvia
V4,2010,2010-11-10,bud.men,p0018,cop.sp2,i0052,8:47,55,2,silvia
V4,2009,2009-10-28,bud.men,p0018,cop.ari,i0044,10:17:00,100,3,nachu
V1,2011,2011-10-21,bud.men,p0018,dih.sp1,i0031,09:35,800,1,nachu
V1,2008,2008-11-04,bud.men,p0018,tac.sp10,i0191,08:40:00,1000,1,Nachu
V4,2011,2011-10-18,bud.men,p0018,cop.sp2,i0052,10:00,3000,2,nachu
V4,2010,2010-10-22,bud.men,p0018,cos.chi,i0077,13:35:00,500,1,Nachu
V4,2011,2011-10-04,bud.men,p0018,tac.sp10,i0191,13:03,300,1,silvia
V4,2009,2009-10-26,bud.men,p0018,exo.sp1,i0068,13:35:00,200,1,nachu
V4,2010,2010-10-22,bud.men,p0018,cos.chi,i0077,13:35:00,500,1,Nachu
V4,2011,2011-10-18,bud.men,p0018,cop.sp2,i0052,10:00,3000,2,nachu
V4,2008,2008-10-17,bud.men,p0018,cop.sp2,i0052,11:08:00,200,1,Nachu
V4,2011,2011-10-18,bud.men,p0018,tac.sp10,i0191,10:00,3000,4,nachu
V4,2008,2008-10-17,bud.men,p0018,cop.sp2,i0052,11:08:00,200,1,Nachu
V4,2006,2006-10-30,bud.men,p0018,mel.coc,i0017,10:52,1000,3,Erica
V4,2008,2008-11-07,bud.men,p0018,tac.sp10,i0191,09:15:00,300,2,Nachu
V4,2008,2008-10-17,bud.men,p0018,asi.sp1,i0055,11:08:00,200,1,Nachu
V4,2011,2011-10-11,bud.men,p0018,syr.sp1,i0045,09:30,2000,3,silvia
V4,2011,2011-10-25,bud.men,p0018,NA,NA,08:55,1000,2,nachu
V1,2011,2011-10-14,bud.men,p0018,cop.sp2,i0052,10:40:00,300,1,silvia
V4,2009,2009-10-26,bud.men,p0018,aud.sp,i0178,13:35:00,200,1,nachu
V4,2010,2010-10-22,bud.men,p0018,cop.ari,i0044,13:35:00,500,1,Nachu
V4,2011,2011-10-14,bud.men,p0018,cop.sp2,i0052,13:44:00,900,1,silvia
V1,2008,2008-11-04,bud.men,p0018,tac.sp10,i0191,08:40:00,1000,2,Nachu
V1,2011,2011-10-14,bud.men,p0018,cop.ari,i0044,10:40:00,300,1,silvia
V4,2011,2011-10-04,bud.men,p0018,cop.ari,i0044,12:50,300,1,silvia
V4,2009,2009-10-26,bud.men,p0018,aud.sp,i0178,13:35:00,200,1,nachu
V4,2011,2011-10-04,bud.men,p0018,tac.sp10,i0191,12:50,300,1,silvia
V4,2011,2011-10-04,bud.men,p0018,str.eur,i0131,13:03,300,1,silvia
V4,2011,2011-10-28,bud.men,p0018,NA,NA,11:39,34,1,nachu
V4,2011,2011-10-21,bud.men,p0018,bombil12,i0208,12:55,1000,2,nachu
V1,2011,2011-10-28,bud.men,p0018,aug.sp,i0228,09:22,400,2,nachu
V1,2008,2008-11-04,bud.men,p0018,cop.sp2,i0052,08:40:00,1000,1,Nachu
V4,2008,2008-11-07,bud.men,p0018,tac.sp10,i0191,09:15:00,300,1,Nachu
V4,2011,2011-10-18,bud.men,p0018,tac.sp10,i0191,10:00,3000,4,nachu
V4,2011,2011-10-18,bud.men,p0018,tac.sp10,i0191,10:00,3000,4,nachu
V1,2011,2011-10-21,bud.men,p0018,tac.sp10,i0191,09:35,800,1,nachu
V4,2011,2011-10-11,bud.men,p0018,NA,NA,09:30,2000,0,silvia
V4,2008,2008-11-07,bud.men,p0018,tac.sp10,i0191,09:15:00,300,1,Nachu
V4,2011,2011-10-04,bud.men,p0018,cop.sp2,i0052,13:03,300,1,silvia
V4,2011,2011-10-04,bud.men,p0018,cop.ari,i0044,13:03,300,1,silvia
V4,2011,2011-10-18,bud.men,p0018,cha.sp1,i0062,10:00,3000,1,nachu
V1,2011,2011-10-21,bud.men,p0018,cae.sp1,i0022,09:35,800,2,nachu
V1,2008,2008-11-04,bud.men,p0018,tac.sp10,i0191,08:40:00,1000,1,Nachu
V1,2011,2011-10-14,bud.men,p0018,cop.ari,i0044,10:40:00,300,1,silvia
V4,2006,2006-10-30,bud.men,p0018,exo.sp1,i0068,10:52,1000,6,Erica
V4,2011,2011-10-04,bud.men,p0018,cop.sp2,i0052,12:50,300,1,silvia
V4,2011,2011-10-18,bud.men,p0018,cop.sp2,i0052,10:00,3000,2,nachu
V4,2011,2011-10-04,bud.men,p0018,cop.sp2,i0052,12:50,300,1,silvia
V1,2008,2008-11-04,bud.men,p0018,tac.sp10,i0191,08:40:00,1000,3,Nachu
V4,2011,2011-10-18,bud.men,p0018,cop.sp2,i0052,10:00,3000,2,nachu
V1,2011,2011-10-14,bud.men,p0018,cop.sp2,i0052,10:40:00,300,1,silvia
V4,2011,2011-10-18,bud.men,p0018,tac.sp10,i0191,10:00,3000,4,nachu
V4,2011,2011-10-21,bud.men,p0018,bombil10,i0206,12:55,1000,2,nachu
V1,2011,2011-10-14,bud.men,p0018,tac.sp10,i0191,10:40:00,300,1,silvia
V4,2009,2009-10-26,bud.men,p0018,aud.sp,i0178,13:35:00,200,2,nachu
V1,2011,2011-10-21,bud.men,p0018,tac.sp10,i0191,09:35,800,1,nachu
V4,2007,2007-11-02,bud.men,p0018,bib.sp1,i0137,10:23,200,1,Nachu
V4,2010,2010-10-22,bud.men,p0018,cos.chi,i0077,13:35:00,500,1,Nachu
V4,2006,2006-10-30,bud.men,p0018,hir.sp1,i0051,10:46,750,3,Erica
V4,2010,2010-10-28,bud.men,p0018,cop.ari,i0044,10:06:00,600,1,Nachu
V4,2011,2011-10-14,bud.men,p0018,tac.sp10,i0191,13:44:00,900,1,silvia
V4,2011,2011-10-04,bud.men,p0018,cop.ari,i0044,13:03,300,1,silvia
V4,2011,2011-10-21,bud.men,p0018,tac.sp10,i0191,12:55,1000,4,nachu
V4,2006,2006-10-30,bud.men,p0018,aug.sp,i0228,10:52,1000,6,Erica
V4,2008,2008-10-17,bud.men,p0018,asi.sp1,i0055,11:08:00,200,1,Nachu
V4,2011,2011-10-04,bud.men,p0018,NA,NA,12:50,300,0,silvia
V1,2010,2010-10-28,bud.men,p0018,cop.sp2,i0052,12:19,200,2,silvia
V4,2009,2009-10-26,bud.men,p0018,dih.sp1,i0031,13:35:00,200,1,nachu
V4,2009,2009-10-28,bud.men,p0018,aug.sp,i0228,10:17:00,100,1,nachu
V4,2008,2008-10-24,bud.men,p0018,bib.sp1,i0137,11:13:00,250,1,Nachu
V1,2008,2008-11-04,bud.men,p0018,tac.sp10,i0191,08:40:00,1000,2,Nachu
V4,2008,2008-10-17,bud.men,p0018,str.eur,i0131,11:08:00,200,1,Nachu
V1,2008,2008-11-04,bud.men,p0018,tac.sp10,i0191,08:40:00,1000,1,Nachu
V4,2009,2009-10-26,bud.men,p0018,aud.sp,i0178,13:35:00,200,2,nachu
V4,2011,2011-10-18,bud.men,p0018,NA,NA,10:00,3000,1,nachu
V1,2011,2011-10-28,bud.men,p0018,cop.ari,i0044,09:22,400,11,nachu
V4,2011,2011-10-21,bud.men,p0018,vill.sp1,i0114,12:55,1000,2,nachu
V1,2008,2008-11-04,bud.men,p0018,tac.sp10,i0191,08:40:00,1000,1,Nachu
V4,2011,2011-10-04,bud.men,p0018,aug.sp,i0228,13:03,300,1,silvia
V1,2007,2007-11-13,bud.men,p0018,cop.ari,i0044,16:57,600,2,Nachu
V4,2011,2011-10-04,bud.men,p0018,NA,NA,12:50,300,0,silvia
V1,2011,2011-10-14,bud.men,p0018,tac.sp10,i0191,10:40:00,300,1,silvia
V4,2011,2011-10-04,bud.men,p0018,tac.sp10,i0191,13:03,300,1,silvia
V4,2011,2011-10-14,bud.men,p0018,cop.sp2,i0052,13:44:00,900,1,silvia
V4,2011,2011-10-25,bud.men,p0018,NA,NA,08:55,1000,2,nachu
V4,2008,2008-10-24,bud.men,p0018,bib.sp1,i0137,11:13:00,250,2,Nachu
V4,2011,2011-10-04,bud.men,p0018,tac.sp10,i0191,12:50,300,1,silvia
V4,2011,2011-10-04,bud.men,p0018,cop.sp2,i0052,12:50,300,1,silvia
V1,2011,2011-10-28,bud.men,p0018,meg.jor,i0298,09:22,400,2,nachu
V4,2011,2011-10-25,bud.men,p0018,NA,NA,08:55,1000,2,nachu
V4,2010,2010-10-28,bud.men,p0018,cop.ari,i0044,10:06:00,600,1,Nachu
V1,2008,2008-11-04,bud.men,p0018,tac.sp10,i0191,08:40:00,1000,1,Nachu
V4,2009,2009-10-26,bud.men,p0018,aud.sp,i0178,13:35:00,200,1,nachu
V4,2008,2008-10-24,bud.men,p0018,aud.sp,i0178,11:13:00,250,2,Nachu
V1,2007,2007-11-13,bud.men,p0018,cop.ari,i0044,16:57,600,2,Nachu
V4,2008,2008-10-24,bud.men,p0018,bib.sp1,i0137,11:13:00,250,1,Nachu
V4,2011,2011-10-04,bud.men,p0018,aug.sp,i0228,13:03,300,1,silvia
V4,2011,2011-10-04,bud.men,p0018,tac.sp10,i0191,13:03,300,1,silvia
V4,2011,2011-10-11,bud.men,p0018,cop.sp2,i0052,09:30,2000,1,silvia
V4,2011,2011-10-28,bud.men,p0018,NA,NA,11:39,34,1,nachu
V1,2011,2011-10-21,bud.men,p0018,amm.sp1,i0126,09:35,800,1,nachu
V1,2011,2011-10-14,bud.men,p0018,cop.sp2,i0052,10:40:00,300,1,silvia
V1,2011,2011-10-21,bud.men,p0018,vill.sp1,i0114,09:35,800,2,nachu
V4,2011,2011-10-21,bud.men,p0018,cae.sp1,i0022,12:55,1000,1,nachu
V4,2011,2011-10-18,bud.men,p0018,aug.sp,i0228,10:00,3000,1,nachu
V1,2011,2011-10-21,bud.men,p0018,cha.sp1,i0062,09:35,800,1,nachu
V4,2011,2011-10-04,bud.men,p0018,tac.sp10,i0191,13:03,300,1,silvia
V4,2011,2011-10-04,bud.men,p0018,tac.sp10,i0191,13:03,300,1,silvia
V4,2011,2011-10-04,bud.men,p0018,cop.sp2,i0052,12:50,300,1,silvia
V1,2011,2011-10-21,bud.men,p0018,tac.sp10,i0191,09:35,800,1,nachu
V1,2011,2011-10-21,bud.men,p0018,NA,NA,09:35,800,1,nachu
V4,2011,2011-10-14,bud.men,p0018,NA,NA,13:44:00,900,0,silvia
V4,2011,2011-10-04,bud.men,p0018,cop.sp2,i0052,13:03,300,1,silvia
V4,2006,2006-10-30,bud.men,p0018,hir.sp1,i0051,10:46,750,1,Erica
V4,2008,2008-11-07,bud.men,p0018,tac.sp15,i0196,09:15:00,300,1,Nachu
V4,2011,2011-10-04,bud.men,p0018,cop.sp2,i0052,12:50,300,1,silvia
V4,2011,2011-10-04,bud.men,p0018,cop.ari,i0044,13:03,300,1,silvia
V4,2011,2011-10-11,bud.men,p0018,tac.sp10,i0191,09:30,2000,12,silvia
V4,2011,2011-10-14,bud.men,p0018,cha.sp1,i0062,13:44:00,900,1,silvia
V4,2011,2011-10-18,bud.men,p0018,xyl.ord,i0001,10:00,3000,1,nachu
V4,2011,2011-10-14,bud.men,p0018,cop.sp2,i0052,13:44:00,900,1,silvia
V4,2011,2011-10-11,bud.men,p0018,cha.sp1,i0062,09:30,2000,1,silvia
V1,2011,2011-10-14,bud.men,p0018,cop.ari,i0044,10:40:00,300,1,silvia
V4,2008,2008-10-17,bud.men,p0018,asi.sp1,i0055,11:08:00,200,1,Nachu
V4,2011,2011-10-04,bud.men,p0018,str.eur,i0131,13:03,300,3,silvia
V4,2011,2011-10-04,bud.men,p0018,tac.sp10,i0191,12:50,300,1,silvia
V1,2011,2011-10-14,bud.men,p0018,cop.ari,i0044,10:40:00,300,1,silvia
V4,2011,2011-10-25,bud.men,p0018,NA,NA,08:55,1000,2,nachu
V4,2011,2011-10-18,bud.men,p0018,cop.ari,i0044,10:00,3000,1,nachu
V1,2011,2011-10-21,bud.men,p0018,str.eur,i0131,09:35,800,2,nachu
V4,2011,2011-10-14,bud.men,p0018,str.eur,i0131,13:44:00,900,1,silvia
V1,2011,2011-10-14,bud.men,p0018,cop.sp2,i0052,10:40:00,300,1,silvia
V1,2011,2011-10-28,bud.men,p0018,amm.sp1,i0126,09:22,400,1,nachu
V4,2011,2011-10-04,bud.men,p0018,tac.sp10,i0191,13:03,300,1,silvia
V4,2008,2008-11-07,bud.men,p0018,com.ful,i0059,09:15:00,300,2,Nachu
V1,2011,2011-11-11,bud.men,p0018,amm.sp1,i0126,12:36,80,2,nachu
V1,2011,2011-10-21,bud.men,p0018,tac.sp10,i0191,09:35,800,2,nachu
V4,2011,2011-10-14,bud.men,p0018,aug.sp,i0228,13:44:00,900,1,silvia
V1,2011,2011-10-14,bud.men,p0018,cop.ari,i0044,10:40:00,300,3,silvia
V4,2011,2011-10-14,bud.men,p0018,tac.sp10,i0191,13:44:00,900,1,silvia
V4,2008,2008-10-24,bud.men,p0018,bib.sp1,i0137,11:13:00,250,2,Nachu
V1,2010,2010-10-28,bud.men,p0018,NA,NA,12:09,300,1,silvia
V4,2011,2011-10-14,bud.men,p0018,cae.sp1,i0022,13:44:00,900,1,silvia
V4,2008,2008-10-24,bud.men,p0018,aud.sp,i0178,11:13:00,250,2,Nachu
V4,2011,2011-10-04,bud.men,p0018,tac.sp10,i0191,12:50,300,1,silvia
V4,2011,2011-10-21,bud.men,p0018,dih.sp1,i0031,12:55,1000,1,nachu
V4,2011,2011-10-04,bud.men,p0018,tac.sp10,i0191,13:03,300,1,silvia
V4,2011,2011-10-18,bud.men,p0018,cop.ari,i0044,10:00,3000,2,nachu
V4,2011,2011-10-14,bud.men,p0018,cop.sp2,i0052,13:44:00,900,1,silvia
V4,2009,2009-10-26,bud.men,p0018,aug.sp,i0228,13:35:00,200,2,nachu
V4,2011,2011-10-04,bud.men,p0018,cop.ari,i0044,13:03,300,1,silvia
V4,2011,2011-10-21,bud.men,p0018,cop.sp2,i0052,12:55,1000,1,nachu
V1,2011,2011-10-14,bud.men,p0018,cop.sp2,i0052,10:40:00,300,1,silvia
V4,2011,2011-10-04,bud.men,p0018,cop.sp2,i0052,13:03,300,1,silvia
V4,2011,2011-10-04,bud.men,p0018,str.eur,i0131,12:50,300,1,silvia
V4,2007,2007-11-02,bud.men,p0018,cop.ari,i0044,10:23,200,1,Nachu
V4,2011,2011-10-04,bud.men,p0018,cop.sp2,i0052,13:03,300,1,silvia
V1,2010,2010-10-28,bud.men,p0018,aug.sp,i0228,12:19,200,2,silvia
V4,2011,2011-10-14,bud.men,p0018,tac.sp10,i0191,13:44:00,900,1,silvia
V4,2011,2011-10-18,bud.men,p0018,str.eur,i0131,10:00,3000,1,nachu
V4,2011,2011-10-21,bud.men,p0018,pol.cav,i0039,12:55,1000,2,nachu
V4,2011,2011-10-14,bud.men,p0018,cop.sp2,i0052,13:44:00,900,1,silvia
V4,2010,2010-11-10,bud.men,p0018,cop.sp2,i0052,8:47,55,1,silvia
V4,2008,2008-10-17,bud.men,p0018,asi.sp1,i0055,11:08:00,200,1,Nachu
V4,2011,2011-10-18,bud.men,p0018,tac.sp10,i0191,10:00,3000,4,nachu
V4,2011,2011-10-18,bud.men,p0018,NA,NA,10:00,3000,1,nachu
V4,2011,2011-10-11,bud.men,p0018,cop.ari,i0044,09:30,2000,8,silvia
V4,2010,2010-10-22,bud.men,p0018,cop.ari,i0044,13:35:00,500,1,Nachu
V4,2011,2011-10-25,bud.men,p0018,NA,NA,08:55,1000,2,nachu
V4,2011,2011-10-04,bud.men,p0018,cop.ari,i0044,12:50,300,1,silvia
V4,2011,2011-10-04,bud.men,p0018,lon.rob,i0172,13:03,300,1,silvia
V4,2010,2010-10-22,bud.men,p0018,cop.ari,i0044,13:35:00,500,2,Nachu
V4,2011,2011-10-18,bud.men,p0018,str.eur,i0131,10:00,3000,1,nachu
V4,2011,2011-10-21,bud.men,p0018,tac.sp10,i0191,12:55,1000,3,nachu
V4,2011,2011-10-18,bud.men,p0018,cae.sp1,i0022,10:00,3000,1,nachu
V4,2011,2011-10-21,bud.men,p0018,tac.sp10,i0191,12:55,1000,3,nachu
V4,2007,2007-11-08,bud.men,p0018,cam.mus,i0072,16:08,200,4,Nachu
V4,2010,2010-11-10,bud.men,p0018,cop.sp2,i0052,8:47,55,1,silvia
V4,2011,2011-10-04,bud.men,p0018,cop.ari,i0044,12:50,300,1,silvia
V4,2011,2011-10-04,bud.men,p0018,com.ful,i0059,13:03,300,1,silvia
V4,2008,2008-10-24,bud.men,p0018,bib.sp1,i0137,11:13:00,250,2,Nachu
V4,2011,2011-10-14,bud.men,p0018,tac.sp10,i0191,13:44:00,900,1,silvia
V4,2011,2011-10-18,bud.men,p0018,str.eur,i0131,10:00,3000,2,nachu
V4,2011,2011-10-04,bud.men,p0018,tac.sp10,i0191,13:03,300,1,silvia
V4,2009,2009-10-26,bud.men,p0018,cop.sp2,i0052,13:35:00,200,2,nachu
V4,2011,2011-10-14,bud.men,p0018,cop.sp2,i0052,13:44:00,900,1,silvia
V4,2011,2011-10-04,bud.men,p0018,zet.sp1,i0037,13:03,300,1,silvia
V1,2011,2011-10-21,bud.men,p0018,tac.sp10,i0191,09:35,800,1,nachu
V4,2007,2007-11-02,bud.men,p0018,bib.sp1,i0137,10:23,200,1,Nachu
V4,2009,2009-10-26,bud.men,p0018,dih.sp1,i0031,13:35:00,200,1,nachu
V1,2010,2010-10-28,aca.ser,p0019,NA,NA,11:59:00,40,0,Nachu
V4,2011,2011-12-13,aca.ser,p0019,bombil10,i0206,09:00,300,3,nachu
V4,2008,2008-10-24,aca.ser,p0019,exo.sp1,i0068,09:19:00,360,5,Nachu
V4,2010,2010-10-22,aca.ser,p0019,cop.ari,i0044,12:47:00,200,3,Nachu
V4,2010,2010-10-14,aca.ser,p0019,NA,NA,9:49:00,1000,0,Nachu
V4,2010,2010-10-22,aca.ser,p0019,cha.sp1,i0062,13:12,50,1,silvia
V2,2006,2007-01-19,aca.ser,p0019,cop.sp2,i0052,10:38,280,2,Nachu
V1,2008,2008-10-21,aca.ser,p0019,bombil3,i0069,11:46:00,1000,2,Nachu
V1,2010,2010-10-22,aca.ser,p0019,NA,NA,10:36,200,0,silvia
V4,2010,2010-10-22,aca.ser,p0019,cop.ari,i0044,14:12:00,2000,7,Nachu
V1,2007,2007-10-25,aca.ser,p0019,bombil3,i0069,12:46,1000,3,Nachu
V4,2009,2009-10-12,aca.ser,p0019,NA,NA,11:40:00,5,0,Belen-rocio
V4,2010,2010-10-28,aca.ser,p0019,cop.ari,i0044,9:13:00,400,10,Nachu
V4,2009,2009-10-26,aca.ser,p0019,NA,NA,12:25:00,400,0,nachu
V1,2011,2011-12-02,aca.ser,p0019,bombil10,i0206,12:30,800,17,nachu
V1,2009,2009-10-21,aca.ser,p0019,NA,NA,11:48:00,20,0,nachu
V1,2008,2008-10-21,aca.ser,p0019,bombil3,i0069,11:46:00,1000,3,Nachu
V4,2008,2008-10-24,aca.ser,p0019,exo.sp1,i0068,09:19:00,360,2,Nachu
V4,2011,2011-11-04,aca.ser,p0019,bombil11,i0207,12:32,200,13,nachu
V1,2011,2011-12-06,aca.ser,p0019,NA,NA,08:54:00,28,0,silvia
V4,2009,2009-10-26,aca.ser,p0019,NA,NA,11:53:00,16,0,nachu
V4,2011,2011-12-02,aca.ser,p0019,NA,NA,10:06,46,0,silvia
V4,2008,2008-10-07,aca.ser,p0019,aud.sp,i0178,12:43:00,900,1,Nachu
V4,2010,2010-10-06,aca.ser,p0019,NA,NA,11:16,400,0,diego
V1,2007,2007-11-06,aca.ser,p0019,bib.sp1,i0137,10:01,800,1,Nachu
V4,2009,2009-10-26,aca.ser,p0019,aug.sp,i0228,12:06:00,120,1,nachu
V2,2006,2007-01-19,aca.ser,p0019,NA,NA,10:10,120,0,Nachu
V4,2009,2009-10-28,aca.ser,p0019,bombil10,i0206,10:01:00,200,10,rocio
V4,2011,2011-10-28,aca.ser,p0019,NA,NA,11:55,40,0,nachu
V4,2010,2010-10-28,aca.ser,p0019,cop.ari,i0044,8:06:00,200,3,Nachu
V4,2010,2010-10-22,aca.ser,p0019,str.eur,i0131,14:12:00,2000,1,Nachu
V4,2010,2010-10-14,aca.ser,p0019,NA,NA,10:28:00,30,0,Nachu
V4,2009,2009-10-19,aca.ser,p0019,aud.sp,i0178,12:59:00,59,1,rocio
V1,2010,2010-10-22,aca.ser,p0019,cop.ari,i0044,11:15:00,500,3,Nachu
V1,2011,2011-12-02,aca.ser,p0019,bombil10,i0206,12:30,800,1,nachu
V4,2010,2010-10-28,aca.ser,p0019,cop.ari,i0044,8:37:00,1500,10,Nachu
V4,2007,2007-10-25,aca.ser,p0019,NA,NA,13:38,360,0,Nachu
V2,2006,2007-01-19,aca.ser,p0019,str.eur,i0131,10:38,280,1,Nachu
V2,2006,2007-01-19,aca.ser,p0019,cop.sp2,i0052,08:24,80,1,Nachu
V4,2010,2010-10-14,aca.ser,p0019,syr.sp1,i0045,9:42:00,800,4,Nachu
V4,2009,2009-10-26,aca.ser,p0019,aug.sp,i0228,12:06:00,120,11,nachu
V4,2010,2010-10-28,aca.ser,p0019,cop.sp2,i0052,9:13:00,400,2,Nachu
V1,2007,2007-11-02,aca.ser,p0019,NA,NA,12:17,100,0,Nachu
V4,2010,2010-10-22,aca.ser,p0019,cop.sp2,i0052,14:12:00,2000,3,Nachu
V4,2008,2008-11-07,aca.ser,p0019,exo.sp1,i0068,11:51:00,50,3,Nachu
V4,2011,2011-12-02,aca.ser,p0019,NA,NA,09:40,18,0,silvia
V1,2011,2011-12-02,aca.ser,p0019,dih.sp1,i0031,12:30,800,2,nachu
V4,2009,2009-10-21,aca.ser,p0019,NA,NA,09:32:00,15,0,rocio
V4,2009,2009-10-14,aca.ser,p0019,NA,NA,10:29:00,20,0,Nachu
V4,2010,2010-10-14,aca.ser,p0019,NA,NA,9:56:00,150,0,Nachu
V4,2008,2008-10-17,aca.ser,p0019,bombil3,i0069,11:47:00,500,5,Nachu
V1,2008,2008-10-21,aca.ser,p0019,cen.lya,i0006,12:34:00,200,5,Nachu
V2,2006,2007-01-19,aca.ser,p0019,cop.sp2,i0052,08:24,80,2,Nachu
V1,2010,2010-10-22,aca.ser,p0019,NA,NA,10:50:00,30,0,Nachu
V4,2011,2011-12-13,aca.ser,p0019,NA,NA,09:43,600,0,nachu
V1,2007,2007-10-23,aca.ser,p0019,NA,NA,10:04,400,0,Nachu
V1,2011,2011-12-02,aca.ser,p0019,NA,NA,13:05,42,0,silvia
V4,2010,2010-10-28,aca.ser,p0019,cop.ari,i0044,8:06:00,200,5,Nachu
V1,2007,2007-10-29,aca.ser,p0019,tac.sp5,i0138,15:20,1000,1,Nachu
V4,2008,2008-11-07,aca.ser,p0019,vill.sp1,i0114,12:00:00,800,3,Nachu
V1,2011,2011-12-02,aca.ser,p0019,bombil7,i0116,12:30,800,5,nachu
V1,2011,2011-10-18,aca.ser,p0019,NA,NA,13:00,60,0,nachu
V4,2010,2010-10-28,aca.ser,p0019,cop.ari,i0044,8:06:00,200,2,Nachu
V1,2011,2011-12-06,aca.ser,p0019,NA,NA,10:55:00,50,0,silvia
V4,2010,2010-10-06,aca.ser,p0019,NA,NA,11:16,600,0,silvia
V1,2007,2007-11-06,aca.ser,p0019,bombil7,i0116,10:01,800,1,Nachu
V1,2011,2011-12-02,aca.ser,p0019,bombil10,i0206,12:30,800,6,nachu
V1,2009,2009-10-26,aca.ser,p0019,cop.ari,i0044,11:10:00,3,3,Belen
V1,2010,2010-10-22,aca.ser,p0019,cop.ari,i0044,10:35:00,30,1,Nachu
V4,2011,2011-11-04,aca.ser,p0019,bombil10,i0206,12:32,200,1,nachu
V4,2010,2010-10-22,aca.ser,p0019,cop.sp2,i0052,14:12:00,2000,5,Nachu
V4,2010,2010-10-22,aca.ser,p0019,cop.sp2,i0052,13:51,650,1,silvia
V1,2011,2011-12-02,aca.ser,p0019,NA,NA,12:01,90,0,nachu
V1,2010,2010-11-05,aca.ser,p0019,NA,NA,8:59,15,0,silvia
V4,2009,2009-10-12,aca.ser,p0019,NA,NA,11:41:00,4,0,Belen-rocio
V4,2010,2010-11-05,aca.ser,p0019,NA,NA,12:49,800,0,silvia
V1,2007,2007-10-23,aca.ser,p0019,aug.sp,i0228,09:56,530,11,Nachu
V4,2009,2009-10-21,aca.ser,p0019,NA,NA,10:00:00,130,0,rocio
V4,2010,2010-11-05,aca.ser,p0019,exo.sp1,i0068,12:10,1200,4,silvia
V1,2007,2007-10-29,aca.ser,p0019,dia.sp1,i0073,15:20,1000,5,Nachu
V1,2010,2010-10-22,aca.ser,p0019,NA,NA,10:26:00,250,0,Nachu
V4,2010,2010-10-28,aca.ser,p0019,NA,NA,8:30:00,800,0,Nachu
V4,2009,2009-10-26,aca.ser,p0019,bombil3,i0069,13:58:00,300,3,nachu
V1,2008,2008-10-17,aca.ser,p0019,NA,NA,14:51:00,500,0,Nachu
V4,2010,2010-10-14,aca.ser,p0019,syr.sp1,i0045,9:42:00,800,4,Nachu
V2,2006,2007-01-19,aca.ser,p0019,cop.sp2,i0052,10:38,280,3,Nachu
V4,2009,2009-10-26,aca.ser,p0019,exo.sp1,i0068,13:26:00,60,1,Rocio
V1,2010,2010-10-06,aca.ser,p0019,NA,NA,9:18,2000,0,silvia
V1,2008,2008-10-21,aca.ser,p0019,tac.sp10,i0191,11:46:00,1000,10,Nachu
V4,2008,2008-11-07,aca.ser,p0019,bombil11,i0207,11:51:00,50,1,Nachu
V4,2010,2010-10-14,aca.ser,p0019,NA,NA,10:07,120,0,silvia
V4,2010,2010-10-28,aca.ser,p0019,bombil11,i0207,9:17,52,3,silvia
V4,2008,2008-10-10,aca.ser,p0019,aud.sp,i0178,14:18:00,600,1,Nachu
V2,2006,2006-10-30,aca.ser,p0019,NA,NA,12:11,126,0,Diego
V1,2008,2008-10-21,aca.ser,p0019,bombil3,i0069,11:46:00,1000,5,Nachu
V4,2008,2008-10-07,aca.ser,p0019,bombil3,i0069,12:43:00,900,2,Nachu
V4,2009,2009-11-04,aca.ser,p0019,NA,NA,09:34:00,80,0,belen
V1,2007,2007-10-25,aca.ser,p0019,bombil3,i0069,12:46,1000,3,Nachu
V4,2011,2011-12-13,aca.ser,p0019,bombil10,i0206,09:00,300,2,nachu
V4,2008,2008-10-24,aca.ser,p0019,sar.sp1,i0202,09:19:00,360,2,Nachu
V1,2008,2008-10-21,aca.ser,p0019,bombil3,i0069,12:34:00,200,3,Nachu
V2,2006,2007-01-19,aca.ser,p0019,cop.sp2,i0052,08:24,80,10,Nachu
V4,2008,2008-10-07,aca.ser,p0019,bombil3,i0069,12:43:00,900,10,Nachu
V2,2006,2006-10-24,aca.ser,p0019,NA,NA,12:17,100,0,Erica
V1,2007,2007-11-06,aca.ser,p0019,NA,NA,09:55,500,0,Nachu
V4,2008,2008-10-17,aca.ser,p0019,bombil3,i0069,11:47:00,500,6,Nachu
V4,2009,2009-10-19,aca.ser,p0019,NA,NA,12:15:00,30,0,rocio
V4,2009,2009-10-28,aca.ser,p0019,NA,NA,09:57:00,30,0,Belen
V1,2011,2011-12-02,aca.ser,p0019,dih.sp1,i0031,12:30,800,1,nachu
V1,2007,2007-10-23,aca.ser,p0019,NA,NA,09:49,400,0,Nachu
V4,2009,2009-11-09,aca.ser,p0019,NA,NA,11:13:00,40,0,nachu
V1,2011,2011-12-02,aca.ser,p0019,aug.sp,i0228,13:16,300,22,nachu
V4,2011,2011-12-06,aca.ser,p0019,NA,NA,13:14:00,500,1,silvia
V4,2008,2008-10-28,aca.ser,p0019,NA,NA,12:42:00,170,0,Nachu
V4,2008,2008-11-07,aca.ser,p0019,vill.sp1,i0114,11:51:00,50,3,Nachu
V4,2008,2008-10-21,aca.ser,p0019,bombil3,i0069,14:28:00,300,1,Nachu
V4,2010,2010-11-10,aca.ser,p0019,cam.mus,i0072,9:04,160,6,silvia
V4,2008,2008-10-31,aca.ser,p0019,NA,NA,11:47:00,50,0,Nachu
V1,2007,2007-10-23,aca.ser,p0019,bombil3,i0069,09:56,530,6,Nachu
V2,2006,2006-10-30,aca.ser,p0019,NA,NA,11:02,13,0,Diego
V4,2010,2010-10-14,aca.ser,p0019,NA,NA,10:28:00,30,0,Nachu
V4,2010,2010-10-14,aca.ser,p0019,NA,NA,9:56:00,150,0,Nachu
V1,2010,2010-10-22,aca.ser,p0019,syr.sp1,i0045,12:00:00,300,3,Nachu
V2,2006,2006-10-24,aca.ser,p0019,exo.sp1,i0068,12:08,50,2,Erica
V4,2009,2009-11-04,aca.ser,p0019,NA,NA,09:54:00,140,0,Nachu
V4,2011,2011-11-04,aca.ser,p0019,bombil11,i0207,12:32,200,10,nachu
V1,2011,2011-12-02,aca.ser,p0019,bombil11,i0207,13:16,300,2,nachu
V4,2009,2009-10-21,aca.ser,p0019,NA,NA,09:19:00,25,0,belen
V1,2010,2010-10-06,aca.ser,p0019,NA,NA,8:40,400,0,silvia
V4,2007,2007-10-29,aca.ser,p0019,amm.sp1,i0126,15:00,210,20,Erica
V1,2011,2011-12-02,aca.ser,p0019,bombil10,i0206,12:30,800,5,nachu
V1,2007,2007-11-06,aca.ser,p0019,bombil3,i0069,10:01,800,1,Nachu
V1,2007,2007-10-29,aca.ser,p0019,bombil10,i0206,15:20,1000,1,Nachu
V4,2010,2010-10-14,aca.ser,p0019,NA,NA,9:49:00,1000,0,Nachu
V4,2007,2007-10-25,aca.ser,p0019,cop.sp2,i0052,08:13,450,1,Nachu
V4,2008,2008-10-28,aca.ser,p0019,emp.sp2,i0186,13:22:00,200,5,Diego
V2,2006,2007-01-19,aca.ser,p0019,cop.sp2,i0052,08:24,80,1,Nachu
V1,2011,2011-12-06,aca.ser,p0019,NA,NA,09:04:00,800,0,silvia
V4,2008,2008-10-07,aca.ser,p0019,bombil3,i0069,12:43:00,900,2,Nachu
V4,2009,2009-10-19,aca.ser,p0019,NA,NA,12:52:00,74,0,nachu
V4,2009,2009-10-19,aca.ser,p0019,NA,NA,13:00:00,60,0,nachu
V4,2010,2010-10-22,aca.ser,p0019,NA,NA,13:58:00,100,0,Nachu
V4,2007,2007-10-25,aca.ser,p0019,cop.sp2,i0052,08:13,450,1,Nachu
V4,2009,2009-10-19,aca.ser,p0019,exo.sp1,i0068,12:59:00,59,5,rocio
V1,2010,2010-10-28,aca.ser,p0019,vill.sp1,i0114,13:49:00,100,2,Nachu
V1,2010,2010-10-22,aca.ser,p0019,NA,NA,11:14:00,30,0,Nachu
V1,2008,2008-10-21,aca.ser,p0019,cen.lya,i0006,12:34:00,200,10,Nachu
V4,2009,2009-10-21,aca.ser,p0019,NA,NA,09:04:00,7,0,belen
V1,2008,2008-10-21,aca.ser,p0019,cop.sp2,i0052,12:34:00,200,3,Nachu
V1,2010,2010-10-22,aca.ser,p0019,bombil9,i0183,12:00:00,300,2,Nachu
V4,2009,2009-10-28,sch.fas,p0021,cam.mus,i0072,09:47:00,300,1,nachu
V4,2009,2009-10-28,sch.fas,p0021,cam.mus,i0072,09:47:00,300,1,nachu
V4,2008,2008-10-24,sch.fas,p0021,exo.sp1,i0068,11:34:00,200,1,Nachu
V3,2006,2006-10-30,sch.fas,p0021,com.ful,i0059,09:05,2500,10,Jimena
V4,2009,2009-10-28,sch.fas,p0021,cam.mus,i0072,09:47:00,300,1,nachu
V1,2010,2010-10-22,sch.fas,p0021,syr.sp1,i0045,9:56:00,5000,1,Nachu
V3,2006,2006-10-30,sch.fas,p0021,com.ful,i0059,09:05,2500,10,Jimena
V3,2006,2006-10-30,sch.fas,p0021,com.ful,i0059,09:05,2500,10,Jimena
V1,2010,2010-10-22,sch.fas,p0021,cop.ari,i0044,10:35:00,1000,3,Nachu
V4,2007,2007-11-02,sch.fas,p0021,cop.ari,i0044,09:35,400,2,Nachu
V4,2007,2007-10-29,sch.fas,p0021,bombil3,i0069,18:00,600,1,Nachu
V4,2009,2009-11-04,sch.fas,p0021,bombil10,i0206,10:31:00,50,1,Nachu
V4,2007,2007-10-29,sch.fas,p0021,cam.mus,i0072,18:15,400,1,Nachu
V4,2006,2006-10-24,sch.fas,p0021,NA,NA,11:11,2000,0,Jimena
V3,2006,2006-10-30,sch.fas,p0021,syr.sp1,i0045,09:11,2500,10,Jimena
V4,2008,2008-10-24,sch.fas,p0021,bib.sp1,i0137,11:34:00,200,1,Nachu
V4,2009,2009-10-28,sch.fas,p0021,cam.mus,i0072,09:47:00,300,1,nachu
V4,2010,2010-10-22,sch.fas,p0021,cop.sp2,i0052,14:13,400,1,silvia
V1,2010,2010-10-22,sch.fas,p0021,exo.sp1,i0068,11:26,3000,1,silvia
V4,2009,2009-10-28,sch.fas,p0021,cam.mus,i0072,09:47:00,300,1,nachu
V4,2009,2009-10-28,sch.fas,p0021,cam.mus,i0072,09:47:00,300,1,nachu
V1,2010,2010-10-28,sch.fas,p0021,meg.A,i0003,11:48,350,1,silvia
V2,2006,2006-10-24,sch.fas,p0021,cop.ari,i0044,10:02,500,2,Jimena
V1,2010,2010-10-06,sch.fas,p0021,cam.pun,i0128,9:38,1200,4,silvia
V4,2009,2009-10-28,sch.fas,p0021,cam.mus,i0072,09:47:00,300,1,nachu
V1,2008,2008-11-04,sch.fas,p0021,exo.sp1,i0068,09:31:00,300,4,Nachu
V1,2009,2009-11-11,sch.fas,p0021,NA,NA,10:00:00,60,0,Nachu
V1,2009,2009-11-18,sch.fas,p0021,cop.ari,i0044,11:03:00,140,2,Nachu
V3,2006,2006-10-30,sch.fas,p0021,syr.sp1,i0045,09:05,2500,10,Jimena
V4,2008,2008-10-10,sch.fas,p0021,aug.sp,i0228,13:24:00,1000,2,Nachu
V4,2007,2007-11-02,sch.fas,p0021,cop.ari,i0044,09:35,400,2,Nachu
V4,2007,2007-10-29,sch.fas,p0021,cam.mus,i0072,18:15,400,1,Nachu
V4,2009,2009-10-28,sch.fas,p0021,cam.mus,i0072,09:47:00,300,1,nachu
V4,2006,2006-10-24,sch.fas,p0021,cop.ari,i0044,11:52,1750,5,Jimena
V4,2009,2009-11-11,sch.fas,p0021,NA,NA,11:51:00,800,0,Nachu
V4,2007,2007-10-29,sch.fas,p0021,cam.mus,i0072,18:15,400,1,Nachu
V4,2009,2009-10-28,sch.fas,p0021,aug.sp,i0228,09:47:00,300,3,nachu
V2,2006,2006-11-06,sch.fas,p0021,NA,NA,13:05,8,0,Diego
V1,2009,2009-11-18,sch.fas,p0021,cam.pun,i0128,10:36:00,50,2,Nachu
V4,2007,2007-10-29,sch.fas,p0021,cop.ari,i0044,18:05,300,3,Nachu
V4,2009,2009-11-04,sch.fas,p0021,bombil10,i0206,10:31:00,50,1,Nachu
V1,2008,2008-10-28,sch.fas,p0021,syr.sp1,i0045,10:01:00,40,2,Nachu
V4,2009,2009-10-28,sch.fas,p0021,cam.mus,i0072,09:47:00,300,1,nachu
V1,2010,2010-10-22,sch.fas,p0021,syr.sp1,i0045,11:40,1900,1,silvia
V4,2009,2009-10-21,sch.fas,p0021,NA,NA,09:25:00,80,0,nachu
V3,2006,2006-10-30,sch.fas,p0021,cop.ari,i0044,09:11,2500,10,Jimena
V1,2010,2010-10-22,sch.fas,p0021,cop.sp2,i0052,11:40,1900,1,silvia
V4,2009,2009-10-28,sch.fas,p0021,cam.mus,i0072,09:47:00,300,1,nachu
V1,2006,2006-10-24,sch.fas,p0021,bab.elo,i0075,15:16,300,6,Beni
V1,2008,2008-11-04,sch.fas,p0021,exo.sp1,i0068,09:15:00,300,1,Nachu
V4,2009,2009-10-28,sch.fas,p0021,cam.mus,i0072,09:47:00,300,1,nachu
V4,2008,2008-10-10,sch.fas,p0021,aug.sp,i0228,13:24:00,1000,2,Nachu
V1,2010,2010-10-28,sch.fas,p0021,NA,NA,12:45:00,100,0,Nachu
V4,2009,2009-11-11,sch.fas,p0021,NA,NA,12:19:00,40,0,Belen
V4,2007,2007-11-02,sch.fas,p0021,api.mel,i0070,09:35,400,20,Nachu
V4,2010,2010-10-22,sch.fas,p0021,cop.sp2,i0052,14:13,400,1,silvia
V4,2010,2010-10-14,sch.fas,p0021,syr.sp1,i0045,10:16:00,40,1,Nachu
V3,2006,2006-10-30,sch.fas,p0021,com.ful,i0059,09:11,2500,10,Jimena
V4,2009,2009-10-28,sch.fas,p0021,cam.mus,i0072,09:47:00,300,1,nachu
V1,2008,2008-11-04,sch.fas,p0021,exo.sp1,i0068,09:31:00,300,2,Nachu
V4,2008,2008-10-24,sch.fas,p0021,cop.sp2,i0052,11:34:00,200,2,Nachu
V4,2009,2009-10-28,sch.fas,p0021,cam.mus,i0072,09:47:00,300,1,nachu
V1,2008,2008-11-04,sch.fas,p0021,bombil11,i0207,09:15:00,300,2,Nachu
V4,2009,2009-11-18,sch.fas,p0021,NA,NA,12:30:00,500,0,Nachu
V4,2008,2008-10-10,sch.fas,p0021,bombil3,i0069,13:24:00,1000,1,Nachu
V4,2008,2008-10-10,sch.fas,p0021,aug.sp,i0228,13:24:00,1000,2,Nachu
V2,2006,2006-10-30,sch.fas,p0021,NA,NA,10:44,80,0,Diego
V4,2008,2008-10-10,sch.fas,p0021,aug.sp,i0228,13:24:00,1000,2,Nachu
V4,2009,2009-11-04,sch.fas,p0021,bombil10,i0206,10:31:00,50,1,Nachu
V4,2009,2009-10-28,sch.fas,p0021,cam.mus,i0072,09:47:00,300,1,nachu
V3,2006,2006-10-30,sch.fas,p0021,com.ful,i0059,09:05,2500,10,Jimena
V4,2009,2009-10-28,sch.fas,p0021,NA,NA,10:36:00,100,0,rocio
V4,2010,2010-10-22,sch.fas,p0021,syr.sp1,i0045,14:13,400,4,silvia
V1,2009,2009-10-26,sch.fas,p0021,aug.sp,i0228,11:20:00,150,9,Rocio
V1,2009,2009-11-18,sch.fas,p0021,cam.pun,i0128,10:36:00,50,2,Nachu
V4,2009,2009-10-28,sch.fas,p0021,cam.mus,i0072,09:47:00,300,1,nachu
V4,2009,2009-10-28,sch.fas,p0021,cam.mus,i0072,09:47:00,300,1,nachu
V1,2010,2010-10-06,sch.fas,p0021,cam.pun,i0128,9:38,1200,3,silvia
V3,2006,2006-10-30,sch.fas,p0021,tox.sp1,i0049,09:11,2500,15,Jimena
V1,2009,2009-11-05,sch.fas,p0021,bombil10,i0206,10:55:00,150,1,Belen
V1,2008,2008-11-04,sch.fas,p0021,exo.sp1,i0068,09:15:00,300,9,Nachu
V4,2008,2008-10-10,sch.fas,p0021,bombil3,i0069,13:24:00,1000,1,Nachu
V4,2009,2009-11-18,sch.fas,p0021,NA,NA,12:54:00,250,0,Rocio
V4,2009,2009-10-28,sch.fas,p0021,cam.mus,i0072,09:47:00,300,1,nachu
V1,2010,2010-10-28,sch.fas,p0021,hir.sp1,i0051,11:48,350,1,silvia
V1,2008,2008-11-04,sch.fas,p0021,bombil3,i0069,09:15:00,300,4,Nachu
V4,2007,2007-11-02,sch.fas,p0021,syr.sp1,i0045,09:12,30,1,Nachu
V4,2007,2007-10-29,sch.fas,p0021,cam.mus,i0072,18:15,400,1,Nachu
V1,2009,2009-11-05,sch.fas,p0021,cop.ari,i0044,12:50:00,200,2,Nachu
V1,2008,2008-11-04,sch.fas,p0021,exo.sp1,i0068,09:31:00,300,8,Nachu
V1,2009,2009-11-05,sch.fas,p0021,exo.sp1,i0068,12:50:00,200,1,Nachu
V4,2008,2008-10-10,sch.fas,p0021,cop.sp2,i0052,13:24:00,1000,3,Nachu
V1,2010,2010-10-22,sch.fas,p0021,com.ful,i0059,11:26,3000,1,silvia
V4,2006,2006-10-24,sch.fas,p0021,cam.mus,i0072,15:02,400,5,Jimena
V4,2010,2010-11-10,sch.fas,p0021,NA,NA,10:30,200,0,silvia
V3,2006,2006-10-24,sch.fas,p0021,NA,NA,11:38,50,0,Diego
V4,2009,2009-10-28,sch.fas,p0021,cam.mus,i0072,09:47:00,300,1,nachu
V4,2008,2008-10-10,sch.fas,p0021,com.ful,i0059,13:24:00,1000,5,Nachu
V1,2008,2008-10-28,sch.fas,p0021,syr.sp1,i0045,10:01:00,40,2,Nachu
V1,2010,2010-10-28,sch.fas,p0021,syr.sp1,i0045,11:48,350,2,silvia
V4,2009,2009-10-28,sch.fas,p0021,cam.mus,i0072,09:47:00,300,1,nachu
V3,2006,2006-10-24,sch.fas,p0021,NA,NA,12:39,200,0,Diego
V1,2009,2009-11-05,sch.fas,p0021,NA,NA,11:17:00,10,0,Rocio
V1,2010,2010-11-05,sch.fas,p0021,NA,NA,8:37,50,0,silvia
V3,2006,2006-10-24,sch.fas,p0021,NA,NA,15:31,200,0,Diego
V1,2009,2009-10-28,sch.fas,p0021,aug.sp,i0228,12:25:00,50,1,rocio
V2,2006,2006-10-24,sch.fas,p0021,cop.ari,i0044,10:02,200,3,Erica
V1,2009,2009-11-05,sch.fas,p0021,NA,NA,09:48:00,300,0,Nachu
V4,2007,2007-11-02,sch.fas,p0021,NA,NA,09:03,300,0,Nachu
V1,2008,2008-11-04,sch.fas,p0021,exo.sp1,i0068,12:57:00,300,1,Nachu
V1,2008,2008-11-04,sch.fas,p0021,exo.sp1,i0068,09:31:00,300,3,Nachu
V1,2007,2007-11-06,sch.fas,p0021,NA,NA,09:07,50,0,Nachu
V1,2008,2008-11-04,sch.fas,p0021,bombil3,i0069,09:15:00,300,2,Nachu
V4,2009,2009-11-30,sch.fas,p0021,NA,NA,09:59:00,50,0,Rocio
V4,2006,2006-10-24,sch.fas,p0021,bombil3,i0069,15:02,400,3,Jimena
V1,2008,2008-11-04,sch.fas,p0021,exo.sp1,i0068,09:31:00,300,6,Nachu
V4,2010,2010-10-14,sch.fas,p0021,syr.sp1,i0045,10:16:00,40,1,Nachu
V4,2007,2007-10-29,sch.fas,p0021,cam.mus,i0072,18:15,400,1,Nachu
V4,2009,2009-10-28,sch.fas,p0021,cam.mus,i0072,09:47:00,300,1,nachu
V2,2006,2006-10-24,sch.fas,p0021,NA,NA,11:23,100,0,Erica
V1,2010,2010-10-22,sch.fas,p0021,NA,NA,9:56,450,0,silvia
V4,2008,2008-10-10,sch.fas,p0021,com.ful,i0059,13:24:00,1000,2,Nachu
V1,2008,2008-11-21,sen.pin,p0022,sph.sp3,i0256,12:34:00,6,1,Nachu
V1,2011,2011-11-08,sen.pin,p0022,cop.ari,i0044,11:55,90,11,nachu
V1,2011,2011-10-18,sen.pin,p0022,NA,NA,13:45,200,0,nachu
V1,2011,2011-10-21,sen.pin,p0022,str.eur,i0131,10:10,12,1,nachu
V4,2009,2009-10-28,sen.pin,p0022,bombil10,i0206,11:18:00,80,1,rocio
V1,2011,2011-10-18,sen.pin,p0022,NA,NA,13:45,200,0,nachu
V1,2011,2011-12-02,sen.pin,p0022,NA,NA,12:08,120,9,nachu
V1,2011,2011-10-25,sen.pin,p0022,ise.vac,i0106,11:25,112,1,silvia
V4,2011,2011-10-25,sen.pin,p0022,NA,NA,09:10,25,1,nachu
V1,2011,2011-10-18,sen.pin,p0022,NA,NA,13:45,200,0,nachu
V1,2011,2011-10-28,sen.pin,p0022,cae.sp1,i0022,08:45,26,3,nachu
V1,2011,2011-10-18,sen.pin,p0022,pir.com,i0132,13:40,100,1,nachu
V1,2011,2011-11-08,sen.pin,p0022,cop.ari,i0044,11:55,90,15,nachu
V1,2011,2011-12-02,sen.pin,p0022,NA,NA,12:16,63,1,silvia
V1,2011,2011-11-18,sen.pin,p0022,cha.sp1,i0062,13:19,120,3,silvia
V1,2011,2011-12-13,sen.pin,p0022,cos.chi,i0077,12:20,230,4,silvia
V1,2011,2011-10-18,sen.pin,p0022,str.eur,i0131,13:45,200,2,nachu
V1,2011,2011-11-08,sen.pin,p0022,cop.ari,i0044,11:56,40,5,enzo
V1,2011,2011-12-02,sen.pin,p0022,tac.sp1,i0038,12:16,63,2,silvia
V4,2008,2008-10-31,sen.pin,p0022,aug.sp,i0228,12:00:00,38,2,Nachu
V1,2011,2011-11-11,sen.pin,p0022,cop.ari,i0044,12:52,350,1,silvia
V4,2008,2008-10-31,sen.pin,p0022,orthop2,i0081,12:00:00,38,1,Nachu
V1,2011,2011-11-08,sen.pin,p0022,cop.ari,i0044,11:55,90,11,nachu
V1,2011,2011-11-04,sen.pin,p0022,amm.sp1,i0126,09:16,30,2,enzo
V1,2011,2011-11-11,sen.pin,p0022,cop.sp2,i0052,12:10,40,1,nachu
V1,2011,2011-10-14,sen.pin,p0022,cop.ari,i0044,11:53,36,1,nachu
V1,2011,2011-11-01,sen.pin,p0022,cop.sp2,i0052,11:56,40,2,enzo
V1,2011,2011-11-08,sen.pin,p0022,hir.sp1,i0051,11:56,40,2,enzo
V1,2009,2009-11-30,sen.pin,p0022,cos.chi,i0077,11:43:00,60,6,Nachu
V1,2009,2009-11-25,sen.pin,p0022,vill.sp1,i0114,12:25:00,500,1,nachu
V4,2008,2008-11-11,sen.pin,p0022,hym.sp3,i0257,14:00:00,120,1,Nachu
V1,2011,2011-11-11,sen.pin,p0022,cop.ari,i0044,12:52,350,1,silvia
V1,2011,2011-11-11,sen.pin,p0022,cop.ari,i0044,12:52,350,1,silvia
V1,2011,2011-11-04,sen.pin,p0022,NA,NA,09:07,42,1,nachu
V1,2011,2011-11-04,sen.pin,p0022,cop.ari,i0044,09:16,30,5,enzo
V4,2011,2011-11-01,sen.pin,p0022,amm.sp1,i0126,09:44,28,7,nachu
V1,2011,2011-11-11,sen.pin,p0022,pir.com,i0132,12:52,350,1,silvia
V1,2011,2011-10-18,sen.pin,p0022,cen.bre,i0007,13:45,200,3,nachu
V4,2009,2009-10-28,sen.pin,p0022,sar.sp1,i0202,11:18:00,80,1,rocio
V4,2009,2009-10-28,sen.pin,p0022,cop.ari,i0044,11:18:00,80,5,rocio
V4,2011,NA,sen.pin,p0022,tat.aut,i0076,12:21,100,1,julian
V1,2011,2011-11-08,sen.pin,p0022,str.eur,i0131,11:55,90,1,nachu
V4,2009,2009-11-09,sen.pin,p0022,aug.sp,i0228,10:50:00,22,1,nachu
V1,2008,2008-10-24,sen.pin,p0022,cam.pun,i0128,14:50:00,35,1,Diego
V1,2011,2011-11-11,sen.pin,p0022,cop.ari,i0044,12:52,350,1,silvia
V1,2011,2011-12-06,sen.pin,p0022,cos.chi,i0077,09:50:00,250,1,silvia
V4,2009,2009-11-04,sen.pin,p0022,NA,NA,10:54:00,47,0,Nachu
V1,2011,2011-10-28,sen.pin,p0022,str.eur,i0131,10:34,44,3,silvia
V4,2011,2011-11-08,sen.pin,p0022,cop.ari,i0044,09:43,44,2,nachu
V4,2006,2006-10-30,sen.pin,p0022,NA,NA,13:03,5,0,Erica
V1,2008,2008-10-24,sen.pin,p0022,neu.sp1,i0216,14:50:00,35,1,Diego
V1,2011,2011-11-11,sen.pin,p0022,dia.pat,i0164,12:45,44,1,silvia
V4,2011,NA,sen.pin,p0022,amm.sp1,i0126,12:21,100,1,julian
V1,2011,2011-10-18,sen.pin,p0022,NA,NA,13:45,200,1,nachu
V1,2011,2011-10-21,sen.pin,p0022,NA,NA,10:10,12,11,nachu
V4,2011,2011-10-21,sen.pin,p0022,pir.com,i0132,13:40,5,2,nachu
V1,2011,2011-11-04,sen.pin,p0022,cop.ari,i0044,09:07,42,5,nachu
V1,2011,2011-12-13,sen.pin,p0022,cos.chi,i0077,12:20,230,1,silvia
V1,2011,2011-11-08,sen.pin,p0022,cop.ari,i0044,11:55,90,15,nachu
V4,2011,NA,sen.pin,p0022,tat.aut,i0076,12:21,100,2,julian
V1,2011,2011-12-13,sen.pin,p0022,psa.phi,i0100,12:20,230,1,silvia
V1,2011,2011-11-11,sen.pin,p0022,cop.ari,i0044,12:45,44,1,silvia
V1,2011,2011-10-18,sen.pin,p0022,str.eur,i0131,13:40,100,2,nachu
V1,2009,2009-11-05,sen.pin,p0022,NA,NA,10:37:00,7,0,Rocio
V1,2011,2011-11-18,sen.pin,p0022,pir.com,i0132,13:19,120,1,silvia
V1,2011,2011-10-14,sen.pin,p0022,cop.ari,i0044,11:53,36,1,nachu
V1,2010,2010-10-28,sen.pin,p0022,cop.ari,i0044,11:53:00,24,4,Nachu
V1,2010,2010-11-26,sen.pin,p0022,lepid11,i0215,11:01:00,40,4,Nachu
V1,2011,2011-11-11,sen.pin,p0022,cop.ari,i0044,12:52,350,1,silvia
V1,2011,2011-11-01,sen.pin,p0022,NA,NA,12:11,23,1,nachu
V1,2011,2011-11-04,sen.pin,p0022,cop.ari,i0044,09:16,30,2,enzo
V1,2011,2011-12-06,sen.pin,p0022,cop.ari,i0044,09:50:00,250,1,silvia
V1,2011,2011-11-11,sen.pin,p0022,str.eur,i0131,12:10,40,1,nachu
V4,2011,2011-11-11,sen.pin,p0022,cop.ari,i0044,12:13,40,2,enzo
V1,2008,2008-10-28,sen.pin,p0022,tac.sp15,i0196,11:05:00,13,1,Nachu
V1,2009,2009-11-05,sen.pin,p0022,NA,NA,12:22:00,28,0,Nachu
V1,2008,2008-11-04,sen.pin,p0022,lep.nig,i0016,11:31:00,53,1,Nachu
V1,2009,2009-11-25,sen.pin,p0022,NA,NA,13:23:00,4,0,nachu
V4,2009,2009-10-28,sen.pin,p0022,bombil12,i0208,11:18:00,80,3,rocio
V4,2011,2011-10-21,sen.pin,p0022,str.eur,i0131,13:40,5,2,nachu
V1,2011,2011-10-28,sen.pin,p0022,cop.ari,i0044,08:53,20,3,enzo
V1,2011,2011-10-18,sen.pin,p0022,cop.ari,i0044,13:45,200,3,nachu
V1,2011,2011-11-08,sen.pin,p0022,zet.sp1,i0037,11:56,40,1,enzo
V1,2011,2011-10-18,sen.pin,p0022,ise.vac,i0106,13:45,200,1,nachu
V1,2011,2011-11-01,sen.pin,p0022,cop.ari,i0044,12:11,23,2,nachu
V1,2011,2011-11-01,sen.pin,p0022,cop.sp2,i0052,11:56,40,1,enzo
V1,2011,2011-10-18,sen.pin,p0022,cop.sp2,i0052,13:45,200,1,nachu
V4,2009,2009-10-28,sen.pin,p0022,bombil7,i0116,11:18:00,80,1,rocio
V1,2009,2009-11-30,sen.pin,p0022,cos.chi,i0077,11:43:00,60,4,Nachu
V1,2009,2009-11-05,sen.pin,p0022,lepid3,i0079,12:03:00,7,1,Nachu
V1,2011,2011-11-01,sen.pin,p0022,pir.com,i0132,11:56,40,1,enzo
V4,2006,2006-10-30,sen.pin,p0022,cam.mus,i0072,09:12,80,6,Erica
V1,2011,2011-11-04,sen.pin,p0022,cop.ari,i0044,09:16,30,2,enzo
V1,2011,2011-10-28,sen.pin,p0022,meg.jor,i0298,08:45,26,3,nachu
V1,2011,2011-10-21,sen.pin,p0022,NA,NA,10:10,12,1,nachu
V1,2011,2011-10-18,sen.pin,p0022,syr.sp1,i0045,13:40,100,1,nachu
V1,2011,2011-10-18,sen.pin,p0022,pir.com,i0132,13:40,100,1,nachu
V1,2009,2009-11-25,sen.pin,p0022,vill.sp1,i0114,12:25:00,500,4,nachu
V1,2011,2011-11-04,sen.pin,p0022,NA,NA,09:07,42,2,nachu
V4,2009,2009-11-11,sen.pin,p0022,NA,NA,12:12:00,80,0,Nachu
V1,2009,2009-11-30,sen.pin,p0022,aud.sp,i0178,11:43:00,60,4,Nachu
V1,2011,2011-11-08,sen.pin,p0022,cop.ari,i0044,11:55,90,11,nachu
V1,2011,2011-10-18,sen.pin,p0022,cop.ari,i0044,13:40,100,1,nachu
V1,2009,2009-11-09,sen.pin,p0022,NA,NA,11:53:00,25,0,nachu
V4,2009,2009-10-28,sen.pin,p0022,NA,NA,10:20:00,6,0,rocio
V4,2009,2009-10-28,sen.pin,p0022,cos.chi,i0077,11:18:00,80,8,rocio
V1,2011,2011-10-18,sen.pin,p0022,pir.com,i0132,13:45,200,1,nachu
V1,2011,2011-11-08,sen.pin,p0022,cop.ari,i0044,11:56,40,10,enzo
V1,2011,2011-10-21,sen.pin,p0022,pir.com,i0132,10:10,12,1,nachu
V1,2011,2011-11-11,sen.pin,p0022,pir.com,i0132,12:52,350,6,silvia
V1,2011,2011-11-08,sen.pin,p0022,cop.ari,i0044,11:56,40,1,enzo
V1,2011,2011-11-01,sen.pin,p0022,tat.aut,i0076,11:56,40,1,enzo
V4,2011,2011-11-11,sen.pin,p0022,cop.ari,i0044,12:13,40,4,enzo
V1,2011,2011-10-18,sen.pin,p0022,ise.vac,i0106,13:40,100,1,nachu
V1,2011,2011-10-18,sen.pin,p0022,str.eur,i0131,13:45,200,1,nachu
V1,2009,2009-11-11,sen.pin,p0022,NA,NA,09:44:00,60,0,Nachu
V1,2011,2011-10-25,sen.pin,p0022,cop.ari,i0044,12:45,120,1,nachu
V1,2011,2011-11-18,sen.pin,p0022,pir.com,i0132,13:19,120,1,silvia
V1,2011,2011-10-28,sen.pin,p0022,cop.ari,i0044,08:53,20,2,enzo
V1,2011,2011-10-28,sen.pin,p0022,cop.ari,i0044,10:15,15,4,silvia
V1,2011,2011-11-04,sen.pin,p0022,hir.sp1,i0051,09:16,30,1,enzo
V1,2011,2011-11-04,sen.pin,p0022,cop.ari,i0044,09:07,42,6,nachu
V4,2008,2008-11-11,sen.pin,p0022,neu.sp1,i0216,14:00:00,120,1,Nachu
V1,2011,2011-10-18,sen.pin,p0022,cop.ari,i0044,13:45,200,2,nachu
V4,2008,2008-11-18,sen.pin,p0022,tac.sp10,i0191,11:24:00,14,2,Nachu
V1,2011,2011-12-13,sen.pin,p0022,NA,NA,12:20,230,1,silvia
V1,2011,2011-11-08,sen.pin,p0022,cop.ari,i0044,11:55,90,15,nachu
V1,2011,2011-10-18,sen.pin,p0022,str.eur,i0131,13:45,200,1,nachu
V1,2009,2009-11-05,sen.pin,p0022,lepid3,i0079,12:03:00,7,1,Nachu
V1,2011,2011-11-01,sen.pin,p0022,pir.com,i0132,11:56,40,1,enzo
V1,2011,2011-10-28,sen.pin,p0022,neu.sp1,i0216,10:15,15,1,silvia
V1,2011,2011-10-18,sen.pin,p0022,cop.ari,i0044,13:40,100,1,nachu
V1,2008,2008-11-04,sen.pin,p0022,hemip1,i0219,11:31:00,53,1,Nachu
V4,2011,2011-11-01,sen.pin,p0022,amm.sp1,i0126,09:44,28,5,nachu
V1,2009,2009-11-05,sen.pin,p0022,NA,NA,09:20:00,7,0,Belen
V1,2011,2011-11-18,sen.pin,p0022,pir.com,i0132,13:19,120,1,silvia
V1,2011,2011-11-11,sen.pin,p0022,cha.sp1,i0062,12:45,44,1,silvia
V1,2011,2011-11-18,sen.pin,p0022,NA,NA,09:55,31,0,silvia
V1,2011,2011-10-18,sen.pin,p0022,cop.ari,i0044,13:45,200,1,nachu
V1,2011,2011-11-04,sen.pin,p0022,str.eur,i0131,09:16,30,1,enzo
V1,2011,2011-10-25,sen.pin,p0022,str.eur,i0131,11:25,112,1,silvia
V1,2011,2011-11-11,sen.pin,p0022,pir.com,i0132,12:52,350,1,silvia
V1,2011,2011-10-18,sen.pin,p0022,pir.com,i0132,13:40,100,4,nachu
V4,2011,2011-11-11,sen.pin,p0022,cop.ari,i0044,12:13,40,3,enzo
V1,2008,2008-10-31,sen.pin,p0022,aug.sp,i0228,13:51:00,200,2,Nachu
V1,2011,2011-11-08,sen.pin,p0022,cop.ari,i0044,11:55,90,15,nachu
V4,2008,2008-12-02,sen.pin,p0022,NA,NA,11:47:00,15,0,Nachu
V1,2009,2009-11-30,sen.pin,p0022,cos.chi,i0077,11:43:00,60,1,Nachu
V1,2011,2011-11-04,sen.pin,p0022,cop.ari,i0044,09:07,42,5,nachu
V4,2008,2008-11-18,sen.pin,p0022,tac.sp10,i0191,11:24:00,14,2,Nachu
V1,2011,2011-11-01,sen.pin,p0022,meg.gom,i0308,12:11,23,1,nachu
V4,2011,2011-11-08,sen.pin,p0022,tac.sp10,i0191,09:43,44,1,nachu
V1,2011,2011-10-14,sen.pin,p0022,cop.ari,i0044,11:53,36,2,nachu
V4,2008,2008-10-31,sen.pin,p0022,tac.sp15,i0196,12:00:00,38,1,Nachu
V1,2011,2011-10-18,sen.pin,p0022,pir.com,i0132,13:45,200,1,nachu
V1,2011,2011-12-13,sen.pin,p0022,cam.pun,i0128,12:20,230,1,silvia
V1,2011,2011-10-18,sen.pin,p0022,pir.com,i0132,13:45,200,1,nachu
V1,2011,2011-11-11,sen.pin,p0022,tat.aut,i0076,12:52,350,1,silvia
V1,2011,2011-11-01,sen.pin,p0022,cop.sp2,i0052,11:56,40,1,enzo
V1,2011,2011-11-11,sen.pin,p0022,dia.pat,i0164,12:45,44,1,silvia
V1,2011,2011-09-13,sen.pin,p0022,cop.ari,i0044,09:44,19,1,silvia
V1,2009,2009-11-25,sen.pin,p0022,vill.sp1,i0114,12:25:00,500,1,nachu
V1,2011,2011-10-28,sen.pin,p0022,dih.sp1,i0031,10:15,15,1,silvia
V1,2011,2011-11-11,sen.pin,p0022,tac.sp8,i0188,12:52,350,4,silvia
V2,2006,2007-01-19,sen.pin,p0022,NA,NA,09:05,3,0,Nachu
V4,2011,2011-10-21,sen.pin,p0022,NA,NA,13:40,5,3,nachu
V1,2009,2009-11-05,sen.pin,p0022,lepid3,i0079,12:03:00,7,1,Nachu
V1,2011,2011-11-01,sen.pin,p0022,exo.sp1,i0068,11:56,40,1,enzo
V1,2011,2011-11-18,sen.pin,p0022,cha.sp1,i0062,13:19,120,3,silvia
V1,2011,2011-11-11,sen.pin,p0022,dia.pat,i0164,12:45,44,1,silvia
V4,2011,NA,sen.pin,p0022,tat.aut,i0076,12:21,100,1,julian
V4,2011,2011-11-01,sen.pin,p0022,amm.sp1,i0126,09:44,28,4,nachu
V1,2009,2009-11-18,sen.pin,p0022,NA,NA,09:42:00,100,0,Nachu
V1,2011,2011-10-14,sen.pin,p0022,cop.ari,i0044,11:53,36,1,nachu
V4,2008,2008-10-17,sen.pin,p0022,NA,NA,14:28:00,10,0,Nachu
V1,2011,2011-10-18,sen.pin,p0022,cop.ari,i0044,13:40,100,1,nachu
V1,2011,2011-10-18,sen.pin,p0022,str.eur,i0131,13:45,200,1,nachu
V1,2008,2008-11-11,sen.pin,p0022,NA,NA,11:31:00,130,0,Nachu
V1,2008,2008-11-11,sen.pin,p0022,amm.sp1,i0126,11:25:00,49,1,Nachu
V1,2011,2011-10-18,sen.pin,p0022,pir.com,i0132,13:45,200,1,nachu
V1,2011,2011-11-11,sen.pin,p0022,pir.com,i0132,12:52,350,1,silvia
V1,2011,2011-12-06,sen.pin,p0022,cop.ari,i0044,09:50:00,250,1,silvia
V4,2011,2011-11-01,sen.pin,p0022,amm.sp1,i0126,09:44,28,1,nachu
V1,2011,2011-10-18,sen.pin,p0022,cos.chi,i0077,13:40,100,1,nachu
V1,2009,2009-10-28,sen.pin,p0022,NA,NA,12:23:00,4,0,nachu
V1,2011,2011-11-04,sen.pin,p0022,cae.sp1,i0022,09:07,42,5,nachu
V1,2011,2011-11-22,sen.pin,p0022,NA,NA,12:40,23,0,silvia
V1,2011,2011-10-18,sen.pin,p0022,NA,NA,13:40,100,1,nachu
V1,2011,2011-11-04,sen.pin,p0022,cop.ari,i0044,09:07,42,5,nachu
V1,2010,2010-11-26,sen.pin,p0022,cop.ari,i0044,11:01:00,40,4,Nachu
V1,2011,2011-11-01,sen.pin,p0022,syr.sp1,i0045,11:56,40,1,enzo
V1,2011,2011-10-18,sen.pin,p0022,cop.ari,i0044,13:45,200,3,nachu
V1,2008,2008-11-04,sen.pin,p0022,amm.sp1,i0126,12:00:00,9,1,Nachu
V1,2011,2011-10-18,sen.pin,p0022,cop.ari,i0044,13:45,200,3,nachu
V1,2011,2011-10-18,sen.pin,p0022,cop.sp2,i0052,13:45,200,1,nachu
V1,2011,2011-10-18,sen.pin,p0022,pir.com,i0132,13:45,200,1,nachu
V1,2011,2011-10-14,sen.pin,p0022,cop.ari,i0044,11:53,36,2,nachu
V1,2011,2011-10-28,sen.pin,p0022,cop.ari,i0044,08:53,20,2,enzo
V1,2011,2011-10-18,sen.pin,p0022,cop.sp2,i0052,13:45,200,1,nachu
V1,2011,2011-12-06,sen.pin,p0022,tac.sp10,i0191,09:50:00,250,1,silvia
V1,2011,2011-11-04,sen.pin,p0022,NA,NA,09:50,11,0,silvia
V1,2011,2011-10-18,sen.pin,p0022,cop.ari,i0044,13:40,100,3,nachu
V1,2011,2011-10-21,sen.pin,p0022,cop.ari,i0044,10:10,12,1,nachu
V1,2008,2008-10-28,sen.pin,p0022,tac.sp15,i0196,11:05:00,13,1,Nachu
V1,2011,2011-11-11,sen.pin,p0022,tac.sp10,i0191,12:10,40,2,nachu
V1,2011,2011-11-08,sen.pin,p0022,cop.ari,i0044,11:55,90,11,nachu
V1,2011,2011-10-28,sen.pin,p0022,cop.ari,i0044,08:53,20,1,enzo
V1,2009,2009-11-30,sen.pin,p0022,NA,NA,11:50:00,80,0,Nachu
V1,2006,2006-11-20,sen.pin,p0022,NA,NA,14:00,45,0,Erica
V1,2011,2011-12-02,sen.pin,p0022,tat.aut,i0076,12:08,120,1,nachu
V1,2009,2009-11-05,sen.pin,p0022,neu.sp1,i0216,12:03:00,7,1,Nachu
V1,2008,2008-11-04,sen.pin,p0022,cam.pun,i0128,12:00:00,9,1,Nachu
V1,2011,2011-10-25,sen.pin,p0022,cop.ari,i0044,11:25,112,1,silvia
V1,2011,2011-10-18,sen.pin,p0022,cop.ari,i0044,13:45,200,2,nachu
V1,2011,2011-11-01,sen.pin,p0022,cop.sp2,i0052,11:56,40,1,enzo
V4,2011,2011-11-11,sen.pin,p0022,tac.sp10,i0191,12:13,40,5,enzo
V1,2011,2011-11-11,sen.pin,p0022,cop.ari,i0044,12:52,350,1,silvia
V1,2009,2009-10-14,sen.pin,p0022,NA,NA,12:48:00,2,0,nachu
V4,2008,2008-10-31,sen.pin,p0022,cop.ari,i0044,12:00:00,38,3,Nachu
V1,2011,2011-10-18,sen.pin,p0022,str.eur,i0131,13:45,200,1,nachu
V1,2011,2011-10-28,sen.pin,p0022,meg.jor,i0298,10:34,44,2,silvia
V1,2011,2011-11-08,sen.pin,p0022,cop.ari,i0044,11:55,90,2,nachu
V1,2011,2011-11-11,sen.pin,p0022,cop.ari,i0044,12:52,350,1,silvia
V4,2011,NA,sen.pin,p0022,cop.ari,i0044,12:21,100,11,julian
V1,2008,2008-11-04,sen.pin,p0022,neu.sp1,i0216,11:31:00,53,1,Nachu
V1,2008,2008-10-24,sen.pin,p0022,NA,NA,13:22:00,6,0,Nachu
V1,2011,2011-12-02,sen.pin,p0022,dih.sp1,i0031,12:16,63,2,silvia
V1,2011,2011-10-18,sen.pin,p0022,cop.ari,i0044,13:45,200,1,nachu
V1,2011,2011-11-11,sen.pin,p0022,pir.com,i0132,12:52,350,1,silvia
V1,2011,2011-11-04,sen.pin,p0022,cop.ari,i0044,09:07,42,6,nachu
V1,2011,2011-10-28,sen.pin,p0022,cop.ari,i0044,08:53,20,2,enzo
V1,2008,2008-10-28,sen.pin,p0022,neu.sp1,i0216,11:05:00,13,1,Nachu
V1,2011,2011-11-11,sen.pin,p0022,cop.ari,i0044,12:52,350,1,silvia
V1,2011,2011-11-01,sen.pin,p0022,syr.sp1,i0045,11:56,40,1,enzo
V1,2011,2011-10-28,sen.pin,p0022,cop.ari,i0044,08:53,20,5,enzo
V1,2010,2010-11-26,sen.pin,p0022,cos.chi,i0077,11:01:00,40,2,Nachu
V4,2009,2009-10-19,sen.pin,p0022,neu.sp1,i0216,12:46:00,13,1,rocio
V1,2011,2011-11-04,sen.pin,p0022,cop.ari,i0044,09:07,42,5,nachu
V1,2011,2011-10-28,sen.pin,p0022,meg.jor,i0298,08:45,26,1,nachu
V4,2009,2009-11-18,cle.mon,p0023,NA,NA,12:37:00,50,0,Nachu
V4,2007,2007-11-08,cle.mon,p0023,bombil3,i0069,16:23,36,2,Nachu
V4,2007,2007-12-04,cle.mon,p0023,cop.sp2,i0052,11:00,150,1,Nachu
V1,2008,2008-11-21,cle.mon,p0023,aug.sp,i0228,09:10:00,30,1,Nachu
V4,2009,2009-12-02,cle.mon,p0023,tac.sp10,i0191,10:35:00,70,1,Nachu
V1,2008,2008-11-21,cle.mon,p0023,bombil11,i0207,09:10:00,30,1,Nachu
V1,2011,2011-11-11,cle.mon,p0023,cha.sp1,i0062,11:54,31,3,nachu
V4,2011,2011-11-25,cle.mon,p0023,NA,NA,09:32,300,0,silvia
V1,2011,2011-12-02,cle.mon,p0023,coleop4,i0322,12:05,31,1,silvia
V1,2008,2008-11-21,cle.mon,p0023,bombil11,i0207,09:10:00,30,1,Nachu
V4,2007,2007-11-27,cle.mon,p0023,NA,NA,10:50,150,0,Nachu
V4,2009,2009-11-11,cle.mon,p0023,NA,NA,11:58:00,40,0,Nachu
V1,2011,2011-11-18,cle.mon,p0023,tac.sp8,i0188,09:11,73,1,silvia
V4,2007,2007-12-04,cle.mon,p0023,vill.sp1,i0114,11:00,150,1,Nachu
V4,2011,2011-11-11,cle.mon,p0023,bombil10,i0206,10:10,13,2,enzo
V1,2011,2011-11-18,cle.mon,p0023,bombil10,i0206,09:11,73,1,silvia
V1,2011,2011-11-18,cle.mon,p0023,amm.sp1,i0126,09:11,73,1,silvia
V4,2010,2010-11-26,cle.mon,p0023,NA,NA,9:17:00,24,0,Nachu
V4,2007,2007-12-04,cle.mon,p0023,amm.sp1,i0126,11:08,NA,6,Erica
V4,2011,2011-11-11,cle.mon,p0023,bombil10,i0206,10:10,13,3,enzo
V4,2006,2006-11-20,cle.mon,p0023,NA,NA,12:02,70,0,Diego
V1,2008,2008-11-11,cle.mon,p0023,NA,NA,09:46:00,10,0,Nachu
V2,2006,2006-11-13,cle.mon,p0023,NA,NA,11:07,50,0,Diego
V4,2011,2011-11-11,cle.mon,p0023,tac.sp10,i0191,10:10,13,1,enzo
V4,2011,2011-11-22,cle.mon,p0023,vill.sp1,i0114,10:30,600,1,silvia
V4,2007,2007-12-04,cle.mon,p0023,cop.ari,i0044,11:00,150,1,Nachu
V4,2007,2007-12-04,cle.mon,p0023,cop.ari,i0044,11:00,150,1,Nachu
V4,2011,2011-11-22,cle.mon,p0023,NA,NA,10:07,30,0,silvia
V4,2009,2009-12-11,cle.mon,p0023,tac.sp1,i0038,13:43:00,50,2,Rocio
V4,2011,2011-11-22,cle.mon,p0023,bombil10,i0206,10:30,600,1,silvia
V4,2007,2007-11-08,cle.mon,p0023,cha.sp1,i0062,16:23,36,2,Nachu
V4,2011,2011-10-28,cle.mon,p0023,bombil10,i0206,13:25,3,2,nachu
V4,2007,2007-12-04,cle.mon,p0023,vill.sp1,i0114,11:08,NA,2,Erica
V4,2009,2009-11-30,cle.mon,p0023,vill.sp1,i0114,11:17:00,150,2,Nachu
V4,2011,2011-11-11,cle.mon,p0023,bombil10,i0206,10:10,13,2,enzo
V4,2007,2007-12-04,cle.mon,p0023,NA,NA,10:45,58,0,Erica
V4,2009,2009-12-02,cle.mon,p0023,tac.sp10,i0191,10:35:00,70,2,Nachu
V4,2011,2011-11-08,cle.mon,p0023,bombil10,i0206,09:25,15,5,enzo
V4,2009,2009-11-30,cle.mon,p0023,sphecid1,i0121,12:56:00,10,2,belen
V4,2008,2008-11-11,cle.mon,p0023,hym.sp3,i0257,13:37:00,100,1,Nachu
V4,2009,2009-12-11,cle.mon,p0023,tac.sp1,i0038,13:43:00,50,2,Rocio
V1,2011,2011-11-11,cle.mon,p0023,NA,NA,11:54,31,1,nachu
V4,2009,2009-11-30,cle.mon,p0023,NA,NA,09:39:00,55,0,Nachu
V1,2011,2011-11-25,cle.mon,p0023,NA,NA,12:14,72,0,silvia
V1,2011,2011-12-02,cle.mon,p0023,hemip7,i0320,12:05,31,1,silvia
V4,2007,2007-11-08,cle.mon,p0023,bombil3,i0069,16:23,36,2,Nachu
V4,2011,2011-11-11,cle.mon,p0023,NA,NA,09:34,3,0,silvia
V4,2007,2007-12-04,cle.mon,p0023,cop.sp2,i0052,11:00,150,1,Nachu
V4,2011,2011-11-11,cle.mon,p0023,bombil10,i0206,10:10,13,1,enzo
V1,2011,2011-12-02,cle.mon,p0023,coleop4,i0322,12:05,31,1,silvia
V4,2008,2008-11-11,cle.mon,p0023,cos.chi,i0077,13:37:00,100,1,Nachu
V1,2011,2011-12-02,cle.mon,p0023,coleop4,i0322,12:05,31,1,silvia
V1,2011,2011-11-18,cle.mon,p0023,dia.pat,i0164,09:11,73,1,silvia
V1,2011,2011-11-18,cle.mon,p0023,amm.sp1,i0126,09:11,73,1,silvia
V4,2006,2006-11-13,cle.mon,p0023,NA,NA,10:17,30,0,Beni
V4,2006,2006-11-13,cle.mon,p0023,amm.sp1,i0126,10:53,15,7,Beni
V4,2009,2009-11-30,cle.mon,p0023,aug.sp,i0228,11:17:00,150,1,Nachu
V4,2007,2007-12-04,cle.mon,p0023,vill.sp1,i0114,11:00,150,1,Nachu
V4,2009,2009-11-30,cle.mon,p0023,vill.sp1,i0114,11:17:00,150,3,Nachu
V1,2011,2011-11-29,cle.mon,p0023,dih.sp1,i0031,09:58,25,1,silvia
V4,2007,2007-11-27,cle.mon,p0023,vill.sp1,i0114,10:19,23,1,Nachu
V1,2008,2008-11-11,cle.mon,p0023,tac.sp10,i0191,09:21:00,51,1,Nachu
V4,2008,2008-11-11,cle.mon,p0023,amm.sp1,i0126,13:37:00,100,4,Nachu
V4,2007,2007-12-04,cle.mon,p0023,cop.sp2,i0052,11:00,150,1,Nachu
V4,2006,2006-11-13,cle.mon,p0023,cam.mus,i0072,12:36,27,1,Beni
V1,2011,2011-11-18,cle.mon,p0023,tac.sp8,i0188,09:11,73,1,silvia
V4,2007,2007-12-04,cle.mon,p0023,com.ful,i0059,11:00,150,1,Nachu
V4,2008,2008-11-11,cle.mon,p0023,exo.sp1,i0068,13:37:00,100,1,Nachu
V4,2009,2009-12-02,cle.mon,p0023,cop.ari,i0044,10:35:00,70,1,Nachu
V1,2008,2008-11-21,cle.mon,p0023,bombil11,i0207,09:10:00,30,2,Nachu
V1,2011,2011-12-02,cle.mon,p0023,coleop4,i0322,12:05,31,1,silvia
V4,2007,2007-12-04,cle.mon,p0023,com.ful,i0059,11:00,150,1,Nachu
V4,2010,2010-11-19,cle.mon,p0023,NA,NA,13:14,25,1,silvia
V4,2007,2007-12-04,cle.mon,p0023,NA,NA,10:45,25,0,Nachu
V4,2007,2007-12-04,cle.mon,p0023,cop.sp2,i0052,11:00,150,1,Nachu
V4,2008,2008-11-11,cle.mon,p0023,exo.sp1,i0068,13:37:00,100,1,Nachu
V1,2011,2011-11-11,cle.mon,p0023,sph.sp5,i0259,12:30,32,1,silvia
V4,2011,2011-11-11,cle.mon,p0023,NA,NA,10:10,13,1,enzo
V1,2011,2011-12-02,cle.mon,p0023,amm.sp1,i0126,12:05,31,1,silvia
V4,2007,2007-12-04,cle.mon,p0023,cop.ari,i0044,11:00,150,1,Nachu
V4,2009,2009-11-09,cle.mon,p0023,NA,NA,11:19:00,6,0,nachu
V1,2008,2008-11-21,cle.mon,p0023,bombil11,i0207,09:10:00,30,5,Nachu
V4,2007,2007-12-04,cle.mon,p0023,tac.sp1,i0038,11:08,NA,2,Erica
V4,2008,2008-11-11,cle.mon,p0023,amm.sp1,i0126,13:37:00,100,1,Nachu
V4,2007,2007-12-04,cle.mon,p0023,tac.sp1,i0038,11:08,NA,1,Erica
V4,2009,2009-11-30,cle.mon,p0023,tac.sp10,i0191,11:17:00,150,2,Nachu
V1,2011,2011-11-18,cle.mon,p0023,eum.sp,i0264,09:11,73,1,silvia
V4,2008,2008-11-11,cle.mon,p0023,exo.sp1,i0068,13:37:00,100,1,Nachu
V1,2011,2011-12-02,cle.mon,p0023,coleop4,i0322,12:05,31,1,silvia
V4,2009,2009-12-02,cle.mon,p0023,NA,NA,09:50:00,20,0,Belen
V1,2011,2011-11-08,cle.mon,p0023,NA,NA,11:40,10,0,nachu
V4,2009,2009-11-30,cle.mon,p0023,sph.sp3,i0256,12:56:00,10,2,belen
V1,2011,2011-11-18,cle.mon,p0023,dia.pat,i0164,09:11,73,1,silvia
V4,2011,2011-11-08,cle.mon,p0023,exo.sp1,i0068,09:25,15,1,enzo
V2,2006,2006-10-30,cle.mon,p0023,cop.ari,i0044,10:07,24,1,Diego
V1,2011,2011-11-18,cle.mon,p0023,dia.pat,i0164,09:11,73,1,silvia
V1,2011,2011-12-02,cle.mon,p0023,coleop4,i0322,12:05,31,1,silvia
V4,2009,2009-12-11,cle.mon,p0023,NA,NA,12:10:00,30,0,Rocio
V4,2011,2011-10-28,cle.mon,p0023,amm.sp1,i0126,13:53,3,1,nachu
V4,2011,2011-11-08,cle.mon,p0023,bombil11,i0207,09:10,110,2,nachu
V4,2009,2009-11-18,cle.mon,p0023,NA,NA,14:02:00,80,0,Rocio
V4,2011,2011-11-04,cle.mon,p0023,NA,NA,12:31,4,0,enzo
V1,2008,2008-11-21,cle.mon,p0023,bombil11,i0207,09:10:00,30,1,Nachu
V1,2011,2011-11-11,cle.mon,p0023,amm.sp1,i0126,12:30,32,2,silvia
V2,2006,2006-11-20,cle.mon,p0023,NA,NA,13:23,10,0,Jimena
V4,2011,2011-11-08,cle.mon,p0023,amm.sp1,i0126,09:10,110,1,nachu
V4,2011,2011-11-22,cle.mon,p0023,cos.chi,i0077,10:30,600,1,silvia
V1,2008,2008-11-21,cle.mon,p0023,bombil11,i0207,09:10:00,30,2,Nachu
V1,2010,2010-10-22,thy.pen,p0025,NA,NA,10:26:00,5,0,Nachu
V1,2007,2007-11-08,thy.pen,p0025,ise.vip,i0105,15:05,80,1,Nachu
V1,2009,2009-10-19,thy.pen,p0025,NA,NA,10:03:00,70,0,nachu
V4,2011,2011-10-28,thy.pen,p0025,syr.sp1,i0045,12:04,45,2,nachu
V1,2009,2009-10-07,thy.pen,p0025,NA,NA,10:47:00,6,0,Belen-rocio
V4,2008,2008-12-02,thy.pen,p0025,cos.chi,i0077,09:16:00,15,2,Nachu
V4,2008,2008-12-02,thy.pen,p0025,dih.sp1,i0031,09:16:00,15,1,Nachu
V4,2008,2008-10-28,thy.pen,p0025,bombil3,i0069,12:42:00,20,4,Nachu
V4,2010,2010-11-05,thy.pen,p0025,NA,NA,12:32,14,0,silvia
V1,2011,2011-10-14,thy.pen,p0025,NA,NA,10:33:00,5,0,silvia
V4,2011,2011-11-04,thy.pen,p0025,sph.sp3,i0256,13:28,3,3,silvia
V1,2007,2007-10-25,thy.pen,p0025,dih.sp1,i0031,11:56,60,1,Nachu
V4,2009,2009-10-21,thy.pen,p0025,NA,NA,10:12:00,3,0,belen
V1,2007,2007-10-23,thy.pen,p0025,NA,NA,10:11,51,0,Nachu
V4,2009,2009-10-26,thy.pen,p0025,NA,NA,12:06:00,16,0,nachu
V4,2011,2011-10-28,thy.pen,p0025,NA,NA,11:53,34,0,nachu
V4,2010,2010-10-14,thy.pen,p0025,NA,NA,10:00,3,0,silvia
V1,2009,2009-10-21,thy.pen,p0025,NA,NA,11:48:00,11,0,nachu
V4,2009,2009-10-26,thy.pen,p0025,bombil3,i0069,13:55:00,30,3,Rocio
V1,2007,2007-10-19,thy.pen,p0025,NA,NA,13:09,23,0,Nachu
V1,2008,2008-11-11,thy.pen,p0025,NA,NA,11:13:00,10,0,Nachu
V4,2009,2009-10-19,thy.pen,p0025,NA,NA,14:06:00,13,0,nachu
V4,2008,2008-10-10,thy.pen,p0025,bombil3,i0069,13:49:00,10,1,Nachu
V1,2011,2011-10-25,thy.pen,p0025,NA,NA,11:32,49,0,nachu
V4,2008,2008-10-24,thy.pen,p0025,NA,NA,09:44:00,4,0,Nachu
V1,2011,2011-09-20,thy.pen,p0025,NA,NA,12:57,2,0,silvia
V4,2008,2008-11-07,thy.pen,p0025,NA,NA,11:30:00,40,0,Nachu
V4,2009,2009-10-26,thy.pen,p0025,col.bre,i0019,13:29:00,30,2,Belen
V4,2008,2008-11-18,thy.pen,p0025,NA,NA,12:17:00,8,0,Nachu
V1,2009,2009-10-19,thy.pen,p0025,NA,NA,10:54:00,62,0,nachu
V4,2006,2006-10-30,thy.pen,p0025,NA,NA,12:37,38,0,Erica
V1,2008,2008-11-04,thy.pen,p0025,amm.sp1,i0126,12:00:00,8,3,Nachu
V4,2008,2008-12-02,thy.pen,p0025,NA,NA,09:06:00,37,0,Nachu
V4,2009,2009-10-12,thy.pen,p0025,NA,NA,10:20:00,3,0,Belen-rocio
V4,2009,2009-10-28,thy.pen,p0025,NA,NA,10:10:00,18,0,rocio
V4,2008,2008-12-12,thy.pen,p0025,bombil10,i0206,12:02:00,9,1,Nachu
V4,2009,2009-10-21,thy.pen,p0025,NA,NA,09:43:00,25,0,rocio
V4,2008,2008-10-07,thy.pen,p0025,NA,NA,11:34:00,28,0,Nachu
V4,2008,2008-10-31,thy.pen,p0025,bombil3,i0069,10:37:00,15,4,Nachu
V4,2011,2011-12-13,thy.pen,p0025,NA,NA,09:20,19,0,silvia
V4,2009,2009-10-21,thy.pen,p0025,NA,NA,10:19:00,10,0,belen
V1,2008,2008-10-07,thy.pen,p0025,NA,NA,14:28:00,9,0,Nachu
V1,2011,2011-10-18,thy.pen,p0025,NA,NA,12:22,13,0,nachu
V4,2011,2011-10-28,thy.pen,p0025,NA,NA,11:46,24,0,nachu
V4,2011,2011-10-21,thy.pen,p0025,NA,NA,13:30,30,2,nachu
V1,2011,2011-12-13,thy.pen,p0025,aug.sp,i0228,12:43,26,1,nachu
V1,2008,2008-10-21,thy.pen,p0025,NA,NA,10:25:00,42,0,Nachu
V1,2011,2011-10-28,thy.pen,p0025,amm.sp1,i0126,10:35,38,1,nachu
V4,2011,2011-10-28,thy.pen,p0025,bombil11,i0207,12:04,45,4,nachu
V4,2009,2009-10-19,thy.pen,p0025,dip.sp2,i0253,12:15:00,12,1,rocio
V1,2008,2008-09-24,thy.pen,p0025,NA,NA,10:49:00,3,0,Nachu
V1,2009,2009-11-05,thy.pen,p0025,NA,NA,12:49:00,25,0,Rocio
V4,2008,2008-10-28,thy.pen,p0025,cop.ari,i0044,13:22:00,150,6,Diego
V4,2011,2011-10-25,thy.pen,p0025,NA,NA,08:45,7,0,silvia
V4,2011,2011-10-14,thy.pen,p0025,NA,NA,12:47:00,6,0,silvia
V4,2008,2008-10-24,thy.pen,p0025,exo.sp1,i0068,09:03:00,29,8,Nachu
V1,2008,2008-11-04,thy.pen,p0025,NA,NA,09:48:00,29,0,Nachu
V4,2009,2009-11-04,thy.pen,p0025,NA,NA,10:20:00,25,0,Nachu
V4,2008,2008-11-07,thy.pen,p0025,NA,NA,11:51:00,13,0,Nachu
V4,2010,2010-10-28,thy.pen,p0025,NA,NA,8:37:00,9,0,Nachu
V1,2010,2010-10-28,thy.pen,p0025,NA,NA,12:51:00,19,0,Nachu
V4,2009,2009-11-09,thy.pen,p0025,NA,NA,10:43:00,23,0,nachu
V1,2011,2011-10-14,thy.pen,p0025,NA,NA,10:40,5,0,nachu
V4,2008,2008-12-02,thy.pen,p0025,NA,NA,10:54:00,15,0,Nachu
V4,2009,2009-10-12,thy.pen,p0025,NA,NA,10:34:00,2,0,Belen-rocio
V4,2009,2009-10-21,thy.pen,p0025,NA,NA,10:23:00,10,0,nachu
V1,2011,2011-10-28,thy.pen,p0025,NA,NA,08:54,11,0,silvia
V4,2009,2009-10-28,thy.pen,p0025,NA,NA,09:22:00,8,0,nachu
V4,2011,2011-12-13,thy.pen,p0025,NA,NA,09:30,13,0,nachu
V1,2009,2009-10-26,thy.pen,p0025,NA,NA,10:23:00,35,0,nachu
V1,2008,2008-11-04,thy.pen,p0025,sph.sp3,i0256,12:29:00,90,8,Nachu
V4,2009,2009-10-21,thy.pen,p0025,NA,NA,09:20:00,40,0,rocio
V4,2009,2009-10-26,thy.pen,p0025,vill.sp1,i0114,13:58:00,15,1,nachu
V4,2008,2008-12-12,thy.pen,p0025,tat.aut,i0076,12:09:00,4,1,Nachu
V1,2009,2009-10-21,thy.pen,p0025,dih.sp1,i0031,12:48:00,104,1,nachu
V2,2006,2006-10-24,thy.pen,p0025,NA,NA,15:07,25,0,Erica
V4,2011,2011-10-14,thy.pen,p0025,dih.sp1,i0031,13:05:00,36,7,silvia
V4,2011,2011-12-06,thy.pen,p0025,dih.sp1,i0031,12:13:00,75,2,silvia
V1,2009,2009-10-07,thy.pen,p0025,NA,NA,10:47:00,2,0,Belen-rocio
V4,2008,2008-10-07,thy.pen,p0025,NA,NA,11:27:00,40,0,Nachu
V4,2008,2008-11-18,thy.pen,p0025,NA,NA,09:48:00,26,0,Nachu
V4,2008,2008-10-21,thy.pen,p0025,NA,NA,14:21:00,28,0,Nachu
V4,2008,2008-12-17,thy.pen,p0025,NA,NA,11:15:00,8,0,Nachu
V1,2009,2009-10-21,thy.pen,p0025,orthop1,i0080,13:11:00,35,1,belen
V1,2011,2011-11-29,thy.pen,p0025,NA,NA,12:31,7,0,silvia
V1,2008,2008-10-24,thy.pen,p0025,ana.ine,i0013,13:14:00,50,2,Nachu
V4,2011,2011-12-13,thy.pen,p0025,NA,NA,09:00,14,0,silvia
V4,2009,2009-10-26,thy.pen,p0025,NA,NA,13:35:00,30,0,Belen
V4,2008,2008-10-28,thy.pen,p0025,cop.ari,i0044,12:30:00,46,1,Nachu
V4,2009,2009-10-26,thy.pen,p0025,aud.sp,i0178,13:04:00,40,2,nachu
V4,2009,2009-10-26,thy.pen,p0025,NA,NA,11:53:00,11,0,nachu
V4,2011,2011-10-14,thy.pen,p0025,cam.mus,i0072,13:05:00,36,1,silvia
V1,2008,2008-10-24,thy.pen,p0025,exo.sp1,i0068,13:14:00,50,1,Nachu
V1,2011,2011-12-06,thy.pen,p0025,NA,NA,10:07:00,11,1,silvia
V1,2010,2010-10-22,thy.pen,p0025,NA,NA,10:36,67,0,silvia
V1,2008,2008-11-04,thy.pen,p0025,dih.sp1,i0031,12:29:00,90,10,Nachu
V4,2011,2011-12-02,thy.pen,p0025,NA,NA,09:35,21,0,silvia
V4,2009,2009-10-21,thy.pen,p0025,NA,NA,09:52:00,4,0,belen
V1,2011,2011-10-11,thy.pen,p0025,NA,NA,12:54,15,0,silvia
V1,2007,2007-11-02,thy.pen,p0025,pir.com,i0132,12:28,100,1,Nachu
V1,2009,2009-10-28,thy.pen,p0025,NA,NA,12:33:00,40,0,rocio
V1,2011,2011-10-14,thy.pen,p0025,NA,NA,11:50:00,15,0,silvia
V4,2011,NA,thy.pen,p0025,NA,NA,10:19,6,0,julian
V1,2009,2009-10-21,thy.pen,p0025,NA,NA,11:58:00,25,0,belen
V1,2011,2011-10-28,thy.pen,p0025,NA,NA,10:10,20,0,nachu
V1,2009,2009-10-28,thy.pen,p0025,NA,NA,11:21:00,25,0,nachu
V1,2007,2007-11-06,thy.pen,p0025,NA,NA,10:41,50,0,Nachu
V1,2009,2009-10-21,thy.pen,p0025,NA,NA,11:34:00,56,0,nachu
V1,2008,2008-10-10,thy.pen,p0025,NA,NA,12:19:00,5,0,Nachu
V2,2006,2006-10-24,thy.pen,p0025,NA,NA,11:44,125,0,Erica
V1,2011,2011-12-02,thy.pen,p0025,NA,NA,13:01,20,0,nachu
V1,2009,2009-10-28,thy.pen,p0025,NA,NA,13:14:00,90,0,nachu
V2,2006,2006-10-24,thy.pen,p0025,NA,NA,14:59,5,0,Erica
V4,2008,2008-10-17,thy.pen,p0025,bombil3,i0069,10:36:00,43,2,Nachu
V4,2011,2011-10-28,thy.pen,p0025,com.ful,i0059,12:04,45,9,nachu
V1,2008,2008-11-11,thy.pen,p0025,NA,NA,11:36:00,40,0,Nachu
V1,2009,2009-10-21,thy.pen,p0025,NA,NA,12:13:00,40,0,rocio
V1,2007,2007-10-29,thy.pen,p0025,NA,NA,15:50,70,0,Nachu
V1,2009,2009-10-12,thy.pen,p0025,NA,NA,13:07:00,11,0,Belen-rocio
V4,2009,2009-10-21,thy.pen,p0025,NA,NA,10:00:00,9,0,rocio
V1,2009,2009-10-19,thy.pen,p0025,NA,NA,10:45:00,100,0,rocio
V1,2009,2009-10-07,thy.pen,p0025,NA,NA,10:28:00,2,0,Belen-rocio
V4,2008,2008-10-31,thy.pen,p0025,NA,NA,09:28:00,6,0,Nachu
V4,2009,2009-11-04,thy.pen,p0025,NA,NA,09:47:00,16,0,Nachu
V1,2009,2009-10-26,thy.pen,p0025,NA,NA,10:39:00,15,0,Rocio
V4,2011,2011-12-06,thy.pen,p0025,NA,NA,13:00:00,10,0,silvia
V4,2009,2009-10-28,thy.pen,p0025,NA,NA,10:05:00,30,0,Belen
V1,2007,2007-10-25,thy.pen,p0025,NA,NA,12:01,44,0,Nachu
V4,2008,2008-11-18,thy.pen,p0025,dih.sp1,i0031,11:34:00,80,5,Nachu
V4,2008,2008-10-28,thy.pen,p0025,cop.ari,i0044,13:22:00,150,10,Diego
V1,2010,2010-10-22,thy.pen,p0025,syr.sp1,i0045,10:50,5,5,silvia
V1,2008,2008-10-21,thy.pen,p0025,NA,NA,12:34:00,25,0,Nachu
V1,2010,2010-10-22,thy.pen,p0025,cam.pun,i0128,10:27,11,1,silvia
V4,2011,2011-11-04,thy.pen,p0025,NA,NA,13:49,8,0,nachu
V1,2008,2008-10-24,thy.pen,p0025,amm.sp1,i0126,13:14:00,50,7,Nachu
V4,2008,2008-11-07,thy.pen,p0025,NA,NA,10:35:00,34,0,Nachu
V1,2007,2007-10-25,thy.pen,p0025,dih.sp1,i0031,11:56,60,3,Nachu
V1,2009,2009-11-05,thy.pen,p0025,NA,NA,11:58:00,50,0,Rocio
V1,2008,2008-10-28,thy.pen,p0025,NA,NA,10:58:00,30,0,Nachu
V1,2008,2008-10-07,alo.gra,p0026,dih.sp1,i0031,14:48:00,60,1,Nachu
V4,2009,2009-10-19,alo.gra,p0026,NA,NA,13:36:00,140,0,nachu
V1,2011,2011-10-11,alo.gra,p0026,cha.sp1,i0062,11:35,800,2,silvia
V4,2011,2011-12-02,alo.gra,p0026,NA,NA,08:13,4000,1,silvia
V1,2011,2011-10-14,alo.gra,p0026,cop.sp2,i0052,11:02:00,640,6,silvia
V4,2011,2011-10-04,alo.gra,p0026,cop.sp2,i0052,13:44,400,1,silvia
V1,2011,2011-12-02,alo.gra,p0026,aug.sp,i0228,11:30,22000,3,silvia
V1,2011,2011-10-18,alo.gra,p0026,NA,NA,11:20,750,3,nachu
V1,2008,2008-10-21,alo.gra,p0026,cop.sp2,i0052,11:59:00,320,3,Nachu
V1,2010,2010-10-28,alo.gra,p0026,bombil15,i0288,11:31,76,2,silvia
V4,2011,2011-10-04,alo.gra,p0026,cop.sp2,i0052,13:44,400,1,silvia
V4,2011,2011-10-14,alo.gra,p0026,tac.sp21,i0316,12:35:00,800,1,silvia
V4,2011,2011-12-02,alo.gra,p0026,cop.sp2,i0052,08:15,3600,11,nachu
V4,2011,2011-10-04,alo.gra,p0026,cop.sp2,i0052,13:44,400,1,silvia
V1,2011,2011-12-02,alo.gra,p0026,NA,NA,11:30,22000,1,silvia
V4,2009,2009-10-28,alo.gra,p0026,cop.sp2,i0052,10:37:00,300,20,nachu
V1,2011,2011-12-02,alo.gra,p0026,cop.sp2,i0052,11:30,22000,1,silvia
V1,2008,2008-10-24,alo.gra,p0026,cop.sp2,i0052,14:45:00,300,2,Nachu
V4,2011,2011-10-04,alo.gra,p0026,cop.sp2,i0052,13:44,400,1,silvia
V1,2009,2009-10-26,alo.gra,p0026,str.eur,i0131,10:23:00,130,3,nachu
V1,2006,2006-10-16,alo.gra,p0026,api.mel,i0070,15:00,79,1,Nachu
V1,2011,2011-10-18,alo.gra,p0026,NA,NA,11:45,600,7,nachu
V1,2009,2009-10-28,alo.gra,p0026,exo.sp1,i0068,12:09:00,100,3,Belen
V4,2010,2010-10-14,alo.gra,p0026,NA,NA,10:22:00,100,0,Nachu
V4,2011,2011-12-02,alo.gra,p0026,NA,NA,09:50,1750,0,silvia
V4,2011,2011-10-04,alo.gra,p0026,cop.sp2,i0052,13:44,400,1,silvia
V1,2011,2011-10-18,alo.gra,p0026,cop.sp2,i0052,11:20,750,3,nachu
V4,2008,2008-12-02,alo.gra,p0026,tac.sp10,i0191,12:42:00,5600,3,Nachu
V1,2011,2011-10-21,alo.gra,p0026,NA,NA,08:45,200,3,silvia
V1,2011,2011-12-02,alo.gra,p0026,api.mel,i0070,11:35,6000,8,nachu
V1,2011,2011-10-11,alo.gra,p0026,cop.sp2,i0052,11:35,800,1,silvia
V1,2010,2010-10-28,alo.gra,p0026,NA,NA,11:41:00,200,0,Nachu
V1,2008,2008-10-24,alo.gra,p0026,bib.sp1,i0137,14:45:00,300,3,Nachu
V1,2008,2008-10-24,alo.gra,p0026,cop.ari,i0044,14:45:00,300,6,Nachu
V4,2011,2011-10-14,alo.gra,p0026,tat.aut,i0076,12:35:00,800,1,silvia
V1,2006,2007-01-19,alo.gra,p0026,api.mel,i0070,08:20,300,35,Diego
V1,2009,2009-10-19,alo.gra,p0026,cop.ari,i0044,09:43:00,150,2,nachu
V1,2011,2011-10-14,alo.gra,p0026,cop.sp2,i0052,11:26,540,5,nachu
V1,2009,2009-10-26,alo.gra,p0026,cop.ari,i0044,09:45:00,500,6,nachu
V1,2011,2011-11-29,alo.gra,p0026,NA,NA,10:45,600,0,silvia
V4,2011,2011-10-04,alo.gra,p0026,cop.sp2,i0052,13:44,400,1,silvia
V4,2011,2011-10-11,alo.gra,p0026,cha.sp1,i0062,09:44,700,1,silvia
V1,2008,2008-10-10,alo.gra,p0026,api.mel,i0070,12:33:00,1000,24,Nachu
V1,2006,2007-01-19,alo.gra,p0026,api.mel,i0070,09:47,70,25,Diego
V1,2006,2006-10-16,alo.gra,p0026,NA,NA,15:26,100,0,Nachu
V1,2011,2011-10-21,alo.gra,p0026,tac.sp10,i0191,09:28,345,5,nachu
V1,2006,2007-01-19,alo.gra,p0026,api.mel,i0070,08:47,300,52,Diego
V1,2011,2011-10-18,alo.gra,p0026,pir.com,i0132,11:45,600,1,nachu
V1,2011,2011-10-21,alo.gra,p0026,str.eur,i0131,08:56,88,2,nachu
V4,2008,2008-10-17,alo.gra,p0026,syr.sp1,i0045,10:16:00,400,2,Nachu
V1,2011,2011-10-11,alo.gra,p0026,cae.sp1,i0022,13:03,120,1,silvia
V1,2008,2008-10-21,alo.gra,p0026,cop.sp2,i0052,11:59:00,320,3,Nachu
V1,2011,2011-10-21,alo.gra,p0026,tac.sp10,i0191,09:28,345,4,nachu
V4,2009,2009-10-19,alo.gra,p0026,NA,NA,11:26:00,1200,0,nachu
V1,2011,2011-10-14,alo.gra,p0026,cop.sp2,i0052,11:32,1500,5,nachu
V1,2008,2008-10-21,alo.gra,p0026,NA,NA,12:17:00,150,0,Nachu
V1,2008,2008-10-10,alo.gra,p0026,com.ful,i0059,12:33:00,1000,2,Nachu
V1,2009,2009-10-19,alo.gra,p0026,api.mel,i0070,10:47:00,180,17,nachu
V4,2011,2011-10-14,alo.gra,p0026,cop.sp2,i0052,12:35:00,800,1,silvia
V4,2009,2009-10-28,alo.gra,p0026,sar.sp1,i0202,09:46:00,80,2,Belen
V1,2011,2011-12-20,alo.gra,p0026,cae.sp1,i0022,08:55,700,3,silvia
V1,2009,2009-10-19,alo.gra,p0026,NA,NA,09:24:00,130,0,Nachu
V1,2011,2011-12-20,alo.gra,p0026,NA,NA,08:55,700,3,silvia
V1,2011,2011-10-18,alo.gra,p0026,cop.ari,i0044,11:20,750,1,nachu
V1,2011,2011-10-28,alo.gra,p0026,cop.sp2,i0052,08:30,180,10,silvia
V1,2006,2007-01-19,alo.gra,p0026,cop.sp2,i0052,10:11,150,1,Diego
V1,2011,2011-10-21,alo.gra,p0026,tac.sp10,i0191,09:28,345,3,nachu
V1,2011,2011-11-29,alo.gra,p0026,NA,NA,08:25,900,0,silvia
V1,2011,2011-10-21,alo.gra,p0026,NA,NA,08:56,88,7,nachu
V4,2009,2009-10-14,alo.gra,p0026,NA,NA,10:01:00,34,0,Nachu
V1,2011,2011-10-11,alo.gra,p0026,pir.com,i0132,13:03,120,1,silvia
V1,2009,2009-10-14,alo.gra,p0026,cop.sp2,i0052,13:31:00,150,6,rocio
V1,2009,2009-10-21,alo.gra,p0026,cop.ari,i0044,11:35:00,200,1,belen
V4,2011,2011-12-02,alo.gra,p0026,cop.sp2,i0052,08:15,3600,14,nachu
V4,2008,2008-12-02,alo.gra,p0026,aug.sp,i0228,12:42:00,5600,3,Nachu
V4,2009,2009-10-26,alo.gra,p0026,meg.A,i0003,13:54:00,60,2,Belen
V4,2006,2006-10-16,alo.gra,p0026,NA,NA,11:09,46,0,Erica
V1,2011,2011-12-02,alo.gra,p0026,amm.sp1,i0126,11:35,6000,5,nachu
V1,2009,2009-10-26,alo.gra,p0026,str.eur,i0131,10:17:00,360,3,nachu
V1,2011,2011-10-21,alo.gra,p0026,NA,NA,09:28,345,3,nachu
V2,2006,2007-01-19,alo.gra,p0026,cop.sp2,i0052,09:40,200,3,Nachu
V4,2011,2011-12-02,alo.gra,p0026,NA,NA,08:13,4000,1,silvia
V1,2006,2007-01-19,alo.gra,p0026,api.mel,i0070,09:26,400,8,Diego
V1,2011,2011-12-02,alo.gra,p0026,api.mel,i0070,11:35,6000,8,nachu
V1,2011,2011-10-18,alo.gra,p0026,NA,NA,11:20,750,2,nachu
V2,2006,2007-01-19,alo.gra,p0026,cop.sp2,i0052,08:30,590,2,Nachu
V4,2010,2010-10-28,alo.gra,p0026,NA,NA,10:26:00,160,0,Nachu
V1,2011,2011-12-02,alo.gra,p0026,NA,NA,11:30,22000,3,silvia
V1,2006,2006-10-30,alo.gra,p0026,syr.sp1,i0045,10:25,80,6,Beni
V4,2011,2011-10-04,alo.gra,p0026,cop.sp2,i0052,13:44,400,1,silvia
V4,2011,2011-10-04,alo.gra,p0026,str.eur,i0131,13:44,400,1,silvia
V2,2006,2007-01-19,alo.gra,p0026,cop.sp2,i0052,09:40,200,3,Nachu
V4,2008,2008-10-24,alo.gra,p0026,bib.sp1,i0137,10:27:00,200,2,Nachu
V1,2009,2009-10-28,alo.gra,p0026,cop.sp2,i0052,11:48:00,200,10,rocio
V4,2008,2008-10-24,alo.gra,p0026,bib.sp1,i0137,10:27:00,200,1,Nachu
V4,2008,2008-10-24,alo.gra,p0026,cop.sp2,i0052,10:27:00,200,3,Nachu
V4,2008,2008-10-24,alo.gra,p0026,bib.sp1,i0137,10:27:00,200,3,Nachu
V1,2009,2009-10-26,alo.gra,p0026,cop.ari,i0044,09:45:00,500,17,nachu
V4,2010,2010-11-05,alo.gra,p0026,NA,NA,11:06,200,0,silvia
V2,2006,2007-01-19,alo.gra,p0026,cop.sp2,i0052,09:40,200,3,Nachu
V4,2008,2008-12-02,alo.gra,p0026,syr.sp6,i0249,12:42:00,5600,1,Nachu
V1,2009,2009-10-28,alo.gra,p0026,meg.A,i0003,13:00:00,100,4,Belen
V4,2011,2011-10-14,alo.gra,p0026,cop.sp2,i0052,12:35:00,800,3,silvia
V4,2011,2011-10-04,alo.gra,p0026,cop.sp2,i0052,13:44,400,1,silvia
V4,2011,2011-10-04,alo.gra,p0026,cop.sp2,i0052,13:44,400,1,silvia
V4,2008,2008-10-24,alo.gra,p0026,bib.sp1,i0137,10:27:00,200,1,Nachu
V1,2006,2006-10-16,alo.gra,p0026,cop.sp2,i0052,16:05,300,1,Nachu
V4,2008,2008-12-02,alo.gra,p0026,amm.sp1,i0126,12:23:00,345,2,Nachu
V1,2011,2011-11-29,alo.gra,p0026,NA,NA,13:33,450,4,silvia
V1,2009,2009-10-28,alo.gra,p0026,str.eur,i0131,11:48:00,200,2,rocio
V1,2011,2011-10-18,alo.gra,p0026,cop.ari,i0044,11:45,600,3,nachu
V1,2006,2006-10-16,alo.gra,p0026,aug.sp,i0228,15:38,60,1,Nachu
V4,2011,2011-12-02,alo.gra,p0026,cop.sp2,i0052,08:15,3600,10,nachu
V1,2011,2011-10-11,alo.gra,p0026,cop.sp2,i0052,11:35,800,1,silvia
V1,2011,2011-12-02,alo.gra,p0026,NA,NA,11:30,22000,6,silvia
V1,2011,2011-10-11,alo.gra,p0026,cop.sp2,i0052,11:35,800,1,silvia
V1,2011,2011-12-02,alo.gra,p0026,aug.sp,i0228,11:30,22000,2,silvia
V1,2011,2011-10-21,alo.gra,p0026,pse.sp,i0167,08:56,88,3,nachu
V2,2006,2007-01-19,alo.gra,p0026,cop.sp2,i0052,10:02,370,5,Nachu
V1,2006,2007-01-19,alo.gra,p0026,api.mel,i0070,10:11,150,1,Diego
V4,2006,2006-10-30,alo.gra,p0026,NA,NA,11:31,25,0,Erica
V1,2011,2011-10-18,alo.gra,p0026,cop.sp2,i0052,11:45,600,2,nachu
V1,2011,2011-10-11,alo.gra,p0026,cop.sp2,i0052,11:35,800,19,silvia
V1,2006,2006-10-16,alo.gra,p0026,cop.sp2,i0052,16:05,300,3,Nachu
V1,2006,2007-01-19,alo.gra,p0026,api.mel,i0070,08:47,300,20,Diego
V1,2006,2006-10-16,alo.gra,p0026,aug.sp,i0228,15:13,178,1,Nachu
V2,2006,2007-01-19,alo.gra,p0026,cop.sp2,i0052,10:02,370,1,Nachu
V4,2008,2008-10-24,alo.gra,p0026,bib.sp1,i0137,10:27:00,200,1,Nachu
V1,2011,2011-12-02,alo.gra,p0026,NA,NA,11:30,22000,3,silvia
V4,2011,2011-10-14,alo.gra,p0026,aug.sp,i0228,13:28:00,145,4,silvia
V4,2011,2011-10-04,alo.gra,p0026,cop.sp2,i0052,13:44,400,1,silvia
V4,2011,2011-10-04,alo.gra,p0026,cop.sp2,i0052,13:44,400,1,silvia
V1,2009,2009-10-26,alo.gra,p0026,cop.sp2,i0052,09:45:00,500,7,nachu
V1,2011,2011-10-18,alo.gra,p0026,cop.sp2,i0052,11:20,750,3,nachu
V4,2011,2011-10-04,alo.gra,p0026,cop.sp2,i0052,13:44,400,1,silvia
V1,2006,2007-01-19,alo.gra,p0026,cop.sp2,i0052,08:47,300,1,Diego
V4,2011,2011-10-04,alo.gra,p0026,cop.sp2,i0052,13:44,400,1,silvia
V2,2006,2007-01-19,alo.gra,p0026,cop.sp2,i0052,08:30,590,4,Nachu
V1,2011,2011-10-14,alo.gra,p0026,cop.sp2,i0052,10:50:00,220,17,silvia
V1,2011,2011-10-21,alo.gra,p0026,tac.sp10,i0191,09:28,345,3,nachu
V1,2009,2009-10-28,alo.gra,p0026,cop.sp2,i0052,11:48:00,200,2,rocio
V1,2008,2008-10-21,alo.gra,p0026,asi.sp1,i0055,11:59:00,320,1,Nachu
V1,2009,2009-10-21,alo.gra,p0026,bombil10,i0206,12:35:00,250,2,nachu
V4,2008,2008-12-02,alo.gra,p0026,amm.sp1,i0126,12:23:00,345,5,Nachu
V1,2009,2009-10-21,alo.gra,p0026,cop.ari,i0044,11:47:00,100,1,belen
V2,2006,2007-01-19,alo.gra,p0026,api.mel,i0070,08:30,590,23,Nachu
V2,2006,2007-01-19,alo.gra,p0026,cop.sp2,i0052,08:30,590,2,Nachu
V1,2006,2006-10-16,alo.gra,p0026,str.eur,i0131,15:38,60,2,Nachu
V4,2008,2008-10-17,alo.gra,p0026,NA,NA,14:04:00,300,0,Nachu
V4,2009,2009-10-28,alo.gra,p0026,cop.sp2,i0052,10:37:00,300,2,nachu
V1,2006,2006-10-24,alo.gra,p0026,cop.sp2,i0052,12:21,50,3,Beni
V2,2006,2007-01-19,alo.gra,p0026,cop.sp2,i0052,10:18,200,8,Nachu
V1,2011,2011-12-02,alo.gra,p0026,cop.sp2,i0052,11:35,6000,4,nachu
V1,2011,2011-10-14,alo.gra,p0026,cop.sp2,i0052,11:02:00,640,2,silvia
V1,2006,2007-01-19,alo.gra,p0026,api.mel,i0070,09:47,70,35,Diego
V4,2011,2011-10-14,alo.gra,p0026,cha.sp1,i0062,12:35:00,800,1,silvia
V1,2011,2011-10-14,alo.gra,p0026,cop.sp2,i0052,11:26,540,6,nachu
V1,2011,2011-12-02,alo.gra,p0026,api.mel,i0070,11:35,6000,10,nachu
V1,2011,2011-10-21,alo.gra,p0026,tac.sp10,i0191,08:45,200,6,silvia
V4,2009,2009-10-21,alo.gra,p0026,NA,NA,09:44:00,150,0,belen
V1,2011,2011-10-18,alo.gra,p0026,cop.sp2,i0052,11:20,750,3,nachu
V2,2006,2007-01-19,alo.gra,p0026,cop.sp2,i0052,09:40,200,3,Nachu
V1,2011,2011-10-14,alo.gra,p0026,cop.sp2,i0052,11:26,540,4,nachu
V1,2011,2011-10-11,alo.gra,p0026,cop.sp2,i0052,11:35,800,1,silvia
V2,2006,2007-01-19,alo.gra,p0026,bom.opi,i0002,08:30,590,5,Nachu
V1,2011,2011-10-18,alo.gra,p0026,tac.sp10,i0191,11:20,750,3,nachu
V2,2006,2007-01-19,alo.gra,p0026,cop.sp2,i0052,09:40,200,6,Nachu
V3,2006,2006-10-24,alo.gra,p0026,NA,NA,11:48,8,0,Diego
V1,2006,2007-01-19,alo.gra,p0026,api.mel,i0070,08:47,300,15,Diego
V1,2006,2007-01-19,alo.gra,p0026,api.mel,i0070,09:26,400,1,Diego
V1,2006,2006-10-09,alo.gra,p0026,cop.sp3,i0048,12:40,40,1,Diego
V1,2006,2006-10-09,alo.gra,p0026,pla.sp1,i0046,12:40,40,1,Diego
V1,2011,2011-10-21,alo.gra,p0026,str.eur,i0131,08:56,88,2,nachu
V4,2010,2010-10-14,alo.gra,p0026,NA,NA,10:22:00,100,0,Nachu
V4,2008,2008-12-02,alo.gra,p0026,aug.sp,i0228,12:42:00,5600,3,Nachu
V2,2006,2007-01-19,alo.gra,p0026,cop.sp2,i0052,09:40,200,2,Nachu
V4,2011,2011-10-04,alo.gra,p0026,tac.sp10,i0191,13:44,400,1,silvia
V1,2008,2008-12-17,alo.gra,p0026,amm.sp1,i0126,09:22:00,390,17,Nachu
V2,2006,2007-01-19,alo.gra,p0026,cop.sp2,i0052,08:30,590,9,Nachu
V1,2011,2011-10-14,alo.gra,p0026,cop.sp2,i0052,11:26,540,3,nachu
V1,2011,2011-11-29,alo.gra,p0026,NA,NA,09:58,90,0,silvia
V2,2006,2007-01-19,alo.gra,p0026,cop.sp2,i0052,08:30,590,3,Nachu
V1,2011,2011-10-14,alo.gra,p0026,cop.sp2,i0052,10:50:00,220,5,silvia
V4,2008,2008-12-02,alo.gra,p0026,cop.sp2,i0052,12:42:00,5600,4,Nachu
V1,2011,2011-10-18,alo.gra,p0026,pir.com,i0132,11:45,600,2,nachu
V1,2009,2009-10-28,alo.gra,p0026,tac.sp10,i0191,12:09:00,100,3,Belen
V1,2006,2006-10-09,alo.gra,p0026,cop.sp2,i0052,12:40,40,1,Diego
V1,2011,2011-11-04,alo.gra,p0026,cae.sp1,i0022,09:31,60,10,nachu
V1,2006,2007-01-19,alo.gra,p0026,api.mel,i0070,09:47,70,20,Diego
V1,2009,2009-10-26,alo.gra,p0026,cop.ari,i0044,09:45:00,500,10,nachu
V4,2011,2011-12-02,alo.gra,p0026,NA,NA,09:17,5000,0,nachu
V2,2006,2007-01-19,alo.gra,p0026,cop.sp2,i0052,09:40,200,1,Nachu
V1,2008,2008-10-07,alo.gra,p0026,tac.sp10,i0191,14:48:00,60,1,Nachu
V1,2009,2009-11-05,alo.gra,p0026,exo.sp1,i0068,09:21:00,260,3,Nachu
V4,2011,2011-10-11,alo.gra,p0026,cha.sp1,i0062,09:44,700,1,silvia
V1,2009,2009-10-14,alo.gra,p0026,NA,NA,13:12:00,53,0,nachu
V4,2009,2009-10-21,alo.gra,p0026,NA,NA,09:26:00,100,0,belen
V2,2006,2007-01-19,alo.gra,p0026,cop.sp2,i0052,10:02,370,3,Nachu
V1,2006,2007-01-19,alo.gra,p0026,api.mel,i0070,09:47,70,30,Diego
V1,2006,2007-01-19,alo.gra,p0026,cop.sp2,i0052,08:47,300,1,Diego
V4,2009,2009-10-26,alo.gra,p0026,NA,NA,13:27:00,180,0,nachu
V4,2011,2011-10-04,alo.gra,p0026,cop.sp2,i0052,13:44,400,1,silvia
V1,2011,2011-10-18,alo.gra,p0026,cop.sp2,i0052,11:20,750,1,nachu
V4,2008,2008-10-24,alo.gra,p0026,bib.sp1,i0137,10:27:00,200,1,Nachu
V4,2011,2011-10-14,alo.gra,p0026,tac.sp21,i0316,12:35:00,800,1,silvia
V1,2006,2006-10-16,alo.gra,p0026,api.mel,i0070,16:05,300,20,Nachu
V1,2011,2011-10-14,alo.gra,p0026,cop.sp2,i0052,11:26,540,3,nachu
V4,2008,2008-12-02,alo.gra,p0026,amm.sp1,i0126,12:23:00,345,5,Nachu
V4,2008,2008-10-24,alo.gra,p0026,cop.sp2,i0052,10:27:00,200,5,Nachu
V4,2009,2009-10-21,alo.gra,p0026,cop.ari,i0044,09:01:00,1440,38,nachu
V1,2009,2009-10-19,alo.gra,p0026,cop.ari,i0044,09:43:00,150,2,nachu
V4,2008,2008-12-02,alo.gra,p0026,tac.sp10,i0191,12:42:00,5600,10,Nachu
V4,2011,2011-10-14,alo.gra,p0026,pir.com,i0132,12:35:00,800,1,silvia
V1,2009,2009-10-28,alo.gra,p0026,cop.sp2,i0052,13:00:00,400,10,nachu
V4,2009,2009-10-26,alo.gra,p0026,NA,NA,14:05:00,250,0,Rocio
V1,2006,2007-01-19,alo.gra,p0026,cop.sp2,i0052,09:26,400,1,Diego
V4,2011,2011-12-02,alo.gra,p0026,NA,NA,08:13,4000,1,silvia
V1,2006,2007-01-19,alo.gra,p0026,api.mel,i0070,09:47,70,40,Diego
V1,2009,2009-10-26,alo.gra,p0026,cop.ari,i0044,09:45:00,500,10,nachu
V4,2011,2011-12-02,alo.gra,p0026,syr.sp1,i0045,08:13,4000,3,silvia
V2,2006,2007-01-19,alo.gra,p0026,cop.sp2,i0052,09:40,200,3,Nachu
V1,2008,2008-12-17,alo.gra,p0026,aug.sp,i0228,09:22:00,390,17,Nachu
V1,2006,2007-01-19,alo.gra,p0026,cop.sp2,i0052,08:47,300,1,Diego
V4,2011,2011-12-02,alo.gra,p0026,cop.sp2,i0052,08:15,3600,18,nachu
V1,2008,2008-10-21,alo.gra,p0026,cop.sp2,i0052,11:59:00,320,3,Nachu
V1,2011,2011-12-06,alo.gra,p0026,NA,NA,08:45:00,600,0,silvia
V1,2011,2011-10-28,alo.gra,p0026,NA,NA,09:28,170,0,nachu
V4,2011,2011-10-04,alo.gra,p0026,cop.sp2,i0052,13:44,400,1,silvia
V1,2011,2011-12-02,alo.gra,p0026,aug.sp,i0228,11:30,22000,1,silvia
V4,2010,2010-11-05,alo.gra,p0026,NA,NA,11:14,400,0,silvia
V1,2011,2011-10-18,alo.gra,p0026,cop.sp2,i0052,11:20,750,3,nachu
V1,2006,2007-01-19,alo.gra,p0026,cop.sp2,i0052,08:47,300,1,Diego
V1,2006,2007-01-19,alo.gra,p0026,api.mel,i0070,08:47,300,10,Diego
V2,2006,2007-01-19,alo.gra,p0026,cop.sp2,i0052,08:30,590,4,Nachu
V4,2008,2008-12-02,alo.gra,p0026,amm.sp1,i0126,12:23:00,345,5,Nachu
V1,2009,2009-10-19,alo.gra,p0026,cop.sp2,i0052,09:43:00,150,4,nachu
V4,2011,2011-10-04,alo.gra,p0026,tac.sp10,i0191,13:44,400,1,silvia
V4,2011,2011-10-11,alo.gra,p0026,cha.sp1,i0062,09:44,700,3,silvia
V1,2006,2007-01-19,alo.gra,p0026,xyl.ord,i0001,09:26,400,1,Diego
V1,2009,2009-10-26,alo.gra,p0026,cop.ari,i0044,09:45:00,500,26,nachu
V4,2011,2011-12-02,alo.gra,p0026,cop.sp2,i0052,08:13,4000,4,silvia
V1,2006,2007-01-19,alo.gra,p0026,api.mel,i0070,08:20,300,32,Diego
V1,2011,2011-10-14,alo.gra,p0026,cop.ari,i0044,11:32,1500,13,nachu
V4,2011,2011-10-04,alo.gra,p0026,cha.sp1,i0062,13:44,400,1,silvia
V1,2011,2011-10-28,alo.gra,p0026,col.cog,i0169,08:30,180,2,silvia
V1,2006,2006-10-16,alo.gra,p0026,aug.sp,i0228,15:38,60,1,Nachu
V1,2011,2011-10-18,alo.gra,p0026,cop.sp2,i0052,11:20,750,3,nachu
V4,2009,2009-10-14,alo.gra,p0026,NA,NA,11:20:00,60,0,rocio
V1,2011,2011-12-20,alo.gra,p0026,aug.sp,i0228,08:55,700,6,silvia
V4,2009,2009-11-04,alo.gra,p0026,NA,NA,12:29:00,60,0,Nachu
V4,2011,2011-10-14,alo.gra,p0026,tat.aut,i0076,13:45,45,5,nachu
V4,2011,2011-10-04,alo.gra,p0026,bombil10,i0206,13:44,400,1,silvia
V4,2009,2009-10-21,alo.gra,p0026,hir.sp1,i0051,09:21:00,130,3,nachu
V1,2009,2009-10-14,alo.gra,p0026,cop.sp2,i0052,12:48:00,300,4,rocio
V1,2011,2011-10-18,alo.gra,p0026,cop.sp2,i0052,11:20,750,3,nachu
V4,2011,2011-10-04,alo.gra,p0026,cop.sp2,i0052,13:44,400,1,silvia
V4,2009,2009-10-28,alo.gra,p0026,cop.sp2,i0052,09:46:00,80,2,Belen
V2,2006,2007-01-19,alo.gra,p0026,cop.sp2,i0052,10:18,200,2,Nachu
V4,2009,2009-10-21,alo.gra,p0026,NA,NA,09:51:00,300,0,rocio
V1,2009,2009-10-28,alo.gra,p0026,aug.sp,i0228,12:09:00,100,2,Belen
V1,2009,2009-10-21,alo.gra,p0026,cop.sp2,i0052,12:33:00,200,3,rocio
V1,2009,2009-10-21,alo.gra,p0026,exo.sp1,i0068,12:35:00,250,13,nachu
V4,2006,2006-10-16,alo.gra,p0026,NA,NA,10:51,24,0,Nachu
V1,2009,2009-10-26,alo.gra,p0026,tac.sp10,i0191,10:17:00,360,3,nachu
V4,2011,2011-10-04,alo.gra,p0026,cop.sp2,i0052,13:44,400,35,silvia
V2,2006,2007-01-19,alo.gra,p0026,cop.sp2,i0052,08:30,590,2,Nachu
V1,2011,2011-10-18,alo.gra,p0026,tac.sp10,i0191,11:20,750,1,nachu
V4,2009,2009-10-21,alo.gra,p0026,NA,NA,10:29:00,400,0,nachu
V1,2011,2011-10-18,alo.gra,p0026,cop.sp2,i0052,11:20,750,3,nachu
V1,2011,2011-10-14,alo.gra,p0026,cop.sp2,i0052,11:26,540,2,nachu
V4,2008,2008-12-02,alo.gra,p0026,amm.sp1,i0126,12:23:00,345,1,Nachu
V1,2011,2011-11-29,alo.gra,p0026,bombil9,i0183,10:17,88,2,silvia
V4,2010,2010-10-28,bou.spi,p0027,cop.ari,i0044,10:16:00,1000,2,Nachu
V1,2006,2006-10-16,bou.spi,p0027,NA,NA,15:54,320,0,Nachu
V4,2010,2010-10-28,bou.spi,p0027,hir.sp1,i0051,10:19,200,2,silvia
V4,2010,2010-10-28,bou.spi,p0027,cop.ari,i0044,10:16:00,1000,2,Nachu
V4,2010,2010-10-28,bou.spi,p0027,cop.ari,i0044,10:16:00,1000,2,Nachu
V1,2011,2011-12-02,bou.spi,p0027,NA,NA,11:59,60,0,nachu
V4,2010,2010-10-06,bou.spi,p0027,NA,NA,10:38,40,0,silvia
V4,2011,2011-12-02,bou.spi,p0027,NA,NA,09:28,300,4,silvia
V4,2010,2010-10-28,bou.spi,p0027,cop.ari,i0044,10:16:00,1000,2,Nachu
V4,2010,2010-10-28,bou.spi,p0027,cop.ari,i0044,10:16:00,1000,2,Nachu
V4,2010,2010-11-05,bou.spi,p0027,NA,NA,11:47,120,0,silvia
V4,2010,2010-10-28,bou.spi,p0027,cop.ari,i0044,10:16:00,1000,2,Nachu
V1,2011,2011-11-29,bou.spi,p0027,cos.chi,i0077,08:36,200,6,silvia
V4,2010,2010-10-06,bou.spi,p0027,NA,NA,10:28,9,0,silvia
V1,2011,2011-11-29,bou.spi,p0027,cop.ari,i0044,08:36,200,11,silvia
V4,2010,2010-10-28,bou.spi,p0027,cop.ari,i0044,8:39,200,16,silvia
V4,2010,2010-10-28,bou.spi,p0027,cop.ari,i0044,10:16:00,1000,2,Nachu
V4,2010,2010-10-28,bou.spi,p0027,cop.ari,i0044,10:16:00,1000,1,Nachu
V4,2010,2010-10-28,bou.spi,p0027,cop.ari,i0044,10:16:00,1000,2,Nachu
V4,2011,2011-12-02,bou.spi,p0027,NA,NA,08:24,440,0,nachu
V4,2011,2011-12-02,bou.spi,p0027,NA,NA,08:32,32,0,nachu
V4,2010,2010-10-28,bou.spi,p0027,cop.ari,i0044,10:16:00,1000,4,Nachu
V4,2010,2010-10-28,bou.spi,p0027,cop.ari,i0044,10:16:00,1000,2,Nachu
V4,2010,2010-10-28,bou.spi,p0027,cop.ari,i0044,10:16:00,1000,1,Nachu
V1,2011,2011-11-29,bou.spi,p0027,NA,NA,14:08,82,0,silvia
V4,2011,2011-11-25,bou.spi,p0027,NA,NA,11:20,250,0,silvia
V1,2011,2011-11-29,bou.spi,p0027,NA,NA,14:00,1500,0,silvia
V1,2011,2011-11-25,bou.spi,p0027,aug.sp,i0228,12:09,120,1,silvia
V3,2006,2007-01-19,cer.sp1,p0031,bombil8,i0085,07:47,1,1,Jimena
V4,2011,2011-11-08,cer.sp1,p0031,xyl.spl,i0094,09:55,1,1,nachu
V3,2006,2007-01-19,cer.sp1,p0031,api.mel,i0070,07:47,1,1,Jimena
V3,2006,2007-01-19,cer.sp1,p0031,api.mel,i0070,07:47,1,1,Jimena
V3,2006,2007-01-19,cer.sp1,p0031,xyl.ord,i0001,07:47,1,1,Jimena
V1,2010,2010-11-26,cer.sp1,p0031,arh.bif,i0020,13:25:00,3,1,Nachu
V1,2010,2010-12-17,cer.sp1,p0031,NA,NA,8:52,1,0,nachu
V1,2008,2008-11-11,con.mic,p0032,bombil11,i0207,12:30:00,2000,1,Nachu
V1,2008,2008-11-11,con.mic,p0032,cam.pun,i0128,11:43:00,70,3,Nachu
V4,2008,2008-10-24,con.mic,p0032,asi.sp1,i0055,09:08:00,2000,2,Nachu
V4,2009,2009-11-11,con.mic,p0032,bombil10,i0206,13:20:00,4000,2,Nachu
V4,2011,2011-10-28,con.mic,p0032,cop.sp2,i0052,12:35,2000,1,nachu
V1,2011,2011-10-28,con.mic,p0032,cop.ari,i0044,09:17,4500,1,silvia
V4,2011,2011-10-25,con.mic,p0032,cop.sp2,i0052,08:55,1400,1,silvia
V1,2011,2011-10-25,con.mic,p0032,cop.sp2,i0052,12:17,1000,1,nachu
V1,2009,2009-11-05,con.mic,p0032,hir.sp1,i0051,10:12:00,3000,1,Rocio
V1,2008,2008-11-11,con.mic,p0032,bombil11,i0207,10:30:00,2000,1,Nachu
V4,2011,2011-11-04,con.mic,p0032,exo.sp1,i0068,12:48,700,3,enzo
V1,2011,2011-11-22,con.mic,p0032,aug.sp,i0228,14:25,300,1,silvia
V4,2011,2011-11-01,con.mic,p0032,cop.ari,i0044,08:49,1800,9,nachu
V1,2011,2011-10-21,con.mic,p0032,dih.sp1,i0031,10:20,4000,3,nachu
V1,2011,2011-10-25,con.mic,p0032,cop.ari,i0044,12:17,1000,1,nachu
V4,2011,2011-11-01,con.mic,p0032,cop.ari,i0044,08:50,200,4,enzo
V4,2011,2011-11-11,con.mic,p0032,cop.ari,i0044,09:42,1000,3,enzo
V1,2011,2011-12-13,con.mic,p0032,cam.pun,i0128,12:55,2000,1,nachu
V4,2010,2010-10-28,con.mic,p0032,com.ful,i0059,9:39:00,8000,2,Nachu
V4,2011,2011-10-28,con.mic,p0032,vill.sp1,i0114,12:28,900,1,silvia
V4,2011,2011-11-04,con.mic,p0032,cop.ari,i0044,13:55,1000,2,enzo
V4,2007,2007-10-29,con.mic,p0032,dia.sp1,i0073,14:54,2000,5,Erica
V4,2011,2011-11-04,con.mic,p0032,bombil11,i0207,13:30,700,5,nachu
V1,2011,2011-10-21,con.mic,p0032,aug.sp,i0228,10:45,3000,2,nachu
V4,2010,2010-10-28,con.mic,p0032,cam.mus,i0072,9:23:00,1000,2,Nachu
V2,2006,2006-11-06,con.mic,p0032,syr.sp1,i0045,14:15,300,1,Diego
V1,2011,2011-10-28,con.mic,p0032,dih.sp1,i0031,09:40,3000,3,nachu
V4,2011,2011-11-25,con.mic,p0032,thy.sp1,i0034,10:03,1700,4,silvia
V4,2011,2011-12-13,con.mic,p0032,cop.ari,i0044,08:47,1500,7,nachu
V1,2011,2011-10-28,con.mic,p0032,dih.sp1,i0031,09:17,4500,1,silvia
V4,2011,2011-11-11,con.mic,p0032,hir.sp1,i0051,09:42,1000,2,enzo
V1,2011,2011-10-28,con.mic,p0032,com.ful,i0059,08:38,3500,4,nachu
V1,2011,2011-11-01,con.mic,p0032,cop.ari,i0044,12:06,1500,4,nachu
V1,2011,2011-11-01,con.mic,p0032,aug.sp,i0228,12:06,1500,1,nachu
V4,2008,2008-10-31,con.mic,p0032,exo.sp1,i0068,11:20:00,2000,2,Nachu
V4,2011,2011-10-14,con.mic,p0032,zet.sp1,i0037,13:26,2000,1,silvia
V4,2011,2011-11-11,con.mic,p0032,bombil10,i0206,09:42,1000,2,enzo
V4,2011,2011-10-28,con.mic,p0032,cop.ari,i0044,12:35,2000,2,nachu
V4,2011,2011-10-28,con.mic,p0032,cop.ari,i0044,12:35,2000,4,nachu
V1,2011,2011-10-21,con.mic,p0032,asi.sp1,i0055,09:37,450,3,silvia
V1,2011,2011-11-08,con.mic,p0032,bombil10,i0206,12:49,1100,1,nachu
V4,2011,2011-10-14,con.mic,p0032,NA,NA,13:26,2000,1,silvia
V1,2008,2008-11-11,con.mic,p0032,cam.pun,i0128,11:43:00,70,5,Nachu
V1,2011,2011-11-04,con.mic,p0032,bombil11,i0207,10:09,1000,3,nachu
V4,2008,2008-10-17,con.mic,p0032,bombil3,i0069,14:41:00,3000,1,Nachu
V1,2008,2008-11-04,con.mic,p0032,exo.sp1,i0068,09:03:00,3000,3,Nachu
V2,2006,2006-10-24,con.mic,p0032,cam.mus,i0072,10:24,50,5,Jimena
V1,2008,2008-11-11,con.mic,p0032,cam.pun,i0128,11:43:00,70,3,Nachu
V1,2010,2010-10-28,con.mic,p0032,cop.ari,i0044,13:06:00,1000,15,Nachu
V4,2011,2011-11-01,con.mic,p0032,hir.sp1,i0051,09:32,3000,3,nachu
V1,2011,2011-11-01,con.mic,p0032,tac.sp10,i0191,11:44,500,1,nachu
V4,2011,2011-11-01,con.mic,p0032,syr.sp1,i0045,08:50,200,2,enzo
V4,2011,2011-10-14,con.mic,p0032,api.mel,i0070,13:26,2000,1,silvia
V3,2006,2006-10-24,con.mic,p0032,bombil10,i0206,14:56,100,1,Diego
V1,2011,2011-10-21,con.mic,p0032,tac.sp10,i0191,10:40,2500,1,silvia
V1,2007,2007-10-29,con.mic,p0032,dia.sp1,i0073,16:35,1000,1,Nachu
V1,2011,2011-11-01,con.mic,p0032,zet.sp1,i0037,12:06,1500,6,nachu
V4,2011,2011-11-01,con.mic,p0032,cam.pun,i0128,08:49,1800,2,nachu
V1,2008,2008-11-11,con.mic,p0032,bombil11,i0207,12:30:00,2000,1,Nachu
V1,2011,2011-11-01,con.mic,p0032,cop.ari,i0044,11:39,500,6,enzo
V1,2011,2011-11-01,con.mic,p0032,vill.sp1,i0114,12:06,1500,5,nachu
V4,2009,2009-11-04,con.mic,p0032,neu.sp1,i0216,11:03:00,300,2,belen
V4,2011,2011-11-04,con.mic,p0032,api.mel,i0070,12:19,1200,20,nachu
V4,2008,2008-10-24,con.mic,p0032,exo.sp1,i0068,09:08:00,2000,5,Nachu
V4,2011,2011-10-21,con.mic,p0032,bombil3,i0069,12:50,100,1,silvia
V4,2009,2009-10-28,con.mic,p0032,cam.mus,i0072,10:06:00,1000,2,nachu
V4,2006,2006-11-13,con.mic,p0032,NA,NA,09:02,130,0,Beni
V1,2011,2011-11-08,con.mic,p0032,bombil3,i0069,12:49,1100,1,nachu
V4,2011,2011-10-18,con.mic,p0032,cam.mus,i0072,08:36,100,1,nachu
V4,2011,2011-10-14,con.mic,p0032,NA,NA,13:26,2000,1,silvia
V4,2011,2011-11-04,con.mic,p0032,bombil11,i0207,13:18,1300,1,silvia
V1,2011,2011-11-01,con.mic,p0032,api.mel,i0070,12:06,1500,16,nachu
V4,2007,2007-10-29,con.mic,p0032,com.ful,i0059,14:54,2000,10,Erica
V1,2010,2010-11-10,con.mic,p0032,tac.sp20,i0291,11:40,0,1,silvia
V1,2008,2008-10-24,con.mic,p0032,com.ful,i0059,12:50:00,1000,2,Nachu
V1,2011,2011-11-01,con.mic,p0032,bombil11,i0207,12:06,1500,3,nachu
V4,2011,2011-11-01,con.mic,p0032,cop.sp2,i0052,09:00,1000,7,nachu
V4,2009,2009-11-04,con.mic,p0032,hir.sp1,i0051,10:00:00,120,1,belen
V4,2011,2011-10-14,con.mic,p0032,col.cog,i0169,13:25,2000,1,nachu
V4,2011,2011-10-18,con.mic,p0032,NA,NA,10:40,200,1,enzo
V4,2011,2011-11-04,con.mic,p0032,cop.ari,i0044,12:48,700,5,enzo
V1,2011,2011-10-28,con.mic,p0032,cop.ari,i0044,09:17,4500,1,silvia
V1,2008,2008-11-11,con.mic,p0032,bombil11,i0207,12:30:00,2000,1,Nachu
V1,2011,2011-10-28,con.mic,p0032,syr.sp1,i0045,09:02,5000,3,nachu
V1,2009,2009-11-05,con.mic,p0032,hir.sp1,i0051,11:32:00,10000,4,Nachu
V4,2011,2011-10-14,con.mic,p0032,bombil10,i0206,13:26,2000,1,silvia
V4,2009,2009-10-26,con.mic,p0032,com.ful,i0059,12:30:00,500,5,nachu
V2,2006,2006-11-06,con.mic,p0032,com.ful,i0059,14:38,900,2,Diego
V4,2011,2011-10-14,con.mic,p0032,dih.sp1,i0031,13:26,2000,1,silvia
V1,2007,2007-10-29,con.mic,p0032,dia.sp1,i0073,16:25,300,1,Nachu
V4,2011,2011-11-08,con.mic,p0032,hir.sp1,i0051,09:18,800,4,nachu
V1,2007,2007-11-08,con.mic,p0032,cam.pun,i0128,14:20,300,1,Nachu
V4,2011,2011-10-28,con.mic,p0032,cop.ari,i0044,12:35,2000,5,nachu
V1,2011,2011-12-13,con.mic,p0032,bombil14,i0287,12:55,2000,1,nachu
V1,2008,2008-11-04,con.mic,p0032,exo.sp1,i0068,13:11:00,3000,2,Nachu
V4,2011,2011-11-01,con.mic,p0032,syr.sp1,i0045,09:10,500,2,enzo
V3,2006,2006-10-30,con.mic,p0032,exo.sp1,i0068,09:45,5000,10,Jimena
V1,2007,2007-10-29,con.mic,p0032,dia.sp1,i0073,16:35,1000,1,Nachu
V1,2007,2007-10-29,con.mic,p0032,cop.ari,i0044,16:35,1000,5,Nachu
V1,2009,2009-11-05,con.mic,p0032,hir.sp1,i0051,11:00:00,900,3,Nachu
V1,2008,2008-11-11,con.mic,p0032,bombil11,i0207,12:30:00,2000,1,Nachu
V4,2011,2011-11-04,con.mic,p0032,bombil11,i0207,13:30,700,5,nachu
V1,2008,2008-10-24,con.mic,p0032,bombil3,i0069,12:50:00,1000,3,Nachu
V1,2008,2008-10-24,con.mic,p0032,exo.sp1,i0068,12:50:00,1000,1,Nachu
V4,2009,2009-11-09,con.mic,p0032,cam.mus,i0072,10:36:00,6000,1,nachu
V2,2006,2006-11-06,con.mic,p0032,api.mel,i0070,13:54,700,2,Diego
V1,2008,2008-11-04,con.mic,p0032,dih.sp1,i0031,09:03:00,3000,15,Nachu
V4,2009,2009-11-18,con.mic,p0032,cam.mus,i0072,14:00:00,300,1,Nachu
V3,2006,2006-11-06,con.mic,p0032,com.ful,i0059,10:12,500,1,Diego
V4,2011,2011-11-11,con.mic,p0032,bombil10,i0206,09:42,1000,1,enzo
V1,2009,2009-11-25,con.mic,p0032,com.ful,i0059,13:33:00,1000,3,Belen
V4,2011,2011-11-01,con.mic,p0032,cop.ari,i0044,09:00,1000,3,nachu
V4,2008,2008-10-31,con.mic,p0032,exo.sp1,i0068,11:20:00,2000,5,Nachu
V1,2011,2011-11-01,con.mic,p0032,bombil11,i0207,12:06,1500,3,nachu
V4,2011,2011-10-28,con.mic,p0032,bombil10,i0206,12:28,900,1,silvia
V1,2008,2008-11-04,con.mic,p0032,exo.sp1,i0068,13:11:00,3000,4,Nachu
V4,2011,2011-12-13,con.mic,p0032,syr.sp1,i0045,08:47,1500,3,nachu
V1,2011,2011-10-28,con.mic,p0032,dih.sp1,i0031,09:17,4500,3,silvia
V4,2011,2011-10-18,con.mic,p0032,NA,NA,09:42,4000,3,nachu
V4,2011,2011-11-04,con.mic,p0032,cop.ari,i0044,13:55,1000,4,enzo
V4,2011,2011-10-28,con.mic,p0032,cop.sp2,i0052,12:33,300,1,enzo
V4,2008,2008-10-31,con.mic,p0032,bombil3,i0069,11:20:00,2000,2,Nachu
V4,2011,2011-11-08,con.mic,p0032,cop.ari,i0044,09:17,500,10,enzo
V2,2006,2006-11-13,con.mic,p0032,hir.sp1,i0051,13:46,80,1,Diego
V4,2011,2011-10-28,con.mic,p0032,bombil11,i0207,12:35,2000,1,nachu
V4,2011,2011-12-13,con.mic,p0032,mes.jen,i0011,10:09,500,1,silvia
V4,2011,2011-10-28,con.mic,p0032,bombil10,i0206,12:20,110,1,nachu
V1,2007,2007-10-29,con.mic,p0032,cam.pun,i0128,17:10,400,1,Nachu
V1,2011,2011-10-28,con.mic,p0032,cop.ari,i0044,09:02,5000,5,nachu
V4,2009,2009-10-28,con.mic,p0032,cam.mus,i0072,10:06:00,1000,2,nachu
V4,2011,2011-11-11,con.mic,p0032,exo.sp1,i0068,10:30,1500,1,silvia
V1,2007,2007-10-29,con.mic,p0032,dia.sp1,i0073,16:35,1000,1,Nachu
V3,2006,2006-11-13,con.mic,p0032,hir.sp1,i0051,12:51,500,15,Erica
V1,2011,2011-10-21,con.mic,p0032,vill.sp1,i0114,10:20,4000,3,nachu
V2,2006,2006-11-13,con.mic,p0032,NA,NA,09:54,100,0,Diego
V1,2007,2007-10-29,con.mic,p0032,dia.sp1,i0073,17:10,400,1,Nachu
V1,2011,2011-10-28,con.mic,p0032,cop.ari,i0044,09:14,200,1,enzo
V4,2011,2011-10-14,con.mic,p0032,dih.sp1,i0031,13:26,2000,1,silvia
V4,2011,2011-10-21,con.mic,p0032,cop.sp2,i0052,12:47,7000,1,nachu
V1,2009,2009-11-18,con.mic,p0032,tac.sp17,i0198,11:23:00,1000,1,Rocio
V4,2011,2011-10-25,con.mic,p0032,NA,NA,09:20,200,0,enzo
V4,2011,2011-11-04,con.mic,p0032,bombil11,i0207,13:30,700,5,nachu
V1,2009,2009-11-18,con.mic,p0032,hir.sp1,i0051,10:30:00,700,11,Nachu
V4,2011,2011-10-18,con.mic,p0032,cop.sp2,i0052,09:42,4000,1,nachu
V1,2010,2010-11-10,con.mic,p0032,tac.sp20,i0291,11:40,0,1,silvia
V4,2011,2011-11-01,con.mic,p0032,NA,NA,09:47,400,2,enzo
V1,2011,2011-10-28,con.mic,p0032,com.ful,i0059,09:02,5000,1,nachu
V4,2011,2011-11-01,con.mic,p0032,NA,NA,08:49,1800,1,nachu
V4,2011,2011-10-21,con.mic,p0032,cop.sp2,i0052,12:50,100,1,silvia
V1,2008,2008-11-11,con.mic,p0032,exo.sp1,i0068,10:30:00,2000,3,Nachu
V1,2011,2011-11-01,con.mic,p0032,api.mel,i0070,12:50,400,5,enzo
V4,2011,2011-10-18,con.mic,p0032,cop.ari,i0044,09:42,4000,1,nachu
V2,2006,2006-11-06,con.mic,p0032,api.mel,i0070,14:38,900,3,Diego
V4,2011,2011-11-01,con.mic,p0032,cop.ari,i0044,09:32,3000,1,nachu
V1,2011,2011-11-04,con.mic,p0032,cop.ari,i0044,10:09,1000,7,nachu
V1,2011,2011-10-28,con.mic,p0032,cop.ari,i0044,09:02,5000,7,nachu
V4,2011,2011-10-14,con.mic,p0032,api.mel,i0070,13:25,2000,3,nachu
V1,2011,2011-10-28,con.mic,p0032,com.ful,i0059,08:38,3500,4,nachu
V4,2008,2008-10-28,con.mic,p0032,exo.sp1,i0068,12:54:00,1000,3,Diego
V3,2006,2006-10-24,con.mic,p0032,NA,i0090,11:54,70,1,Diego
V1,2011,2011-10-28,con.mic,p0032,com.ful,i0059,08:38,3500,3,nachu
V4,2009,2009-10-28,con.mic,p0032,cam.mus,i0072,10:06:00,1000,2,nachu
V1,2011,2011-10-21,con.mic,p0032,NA,NA,10:55,1500,0,silvia
V1,2011,2011-10-28,con.mic,p0032,syr.sp1,i0045,09:40,3000,1,nachu
V4,2009,2009-11-09,con.mic,p0032,cam.mus,i0072,10:36:00,6000,1,nachu
V4,2011,2011-11-01,con.mic,p0032,bombil9,i0183,09:32,3000,2,nachu
V4,2011,2011-11-08,con.mic,p0032,cop.ari,i0044,09:18,800,4,nachu
V4,2008,2008-10-17,con.mic,p0032,com.ful,i0059,14:41:00,3000,5,Nachu
V4,2008,2008-10-24,con.mic,p0032,asi.sp1,i0055,09:08:00,2000,2,Nachu
V4,2008,2008-10-31,con.mic,p0032,bombil3,i0069,11:20:00,2000,1,Nachu
V1,2011,2011-11-01,con.mic,p0032,cop.ari,i0044,11:39,500,5,enzo
V4,2008,2008-10-31,con.mic,p0032,exo.sp1,i0068,11:20:00,2000,5,Nachu
V1,2011,2011-11-01,con.mic,p0032,exo.sp1,i0068,12:50,400,3,enzo
V4,2011,2011-10-25,con.mic,p0032,cop.sp2,i0052,08:55,1400,1,silvia
V4,2011,2011-11-11,con.mic,p0032,hir.sp1,i0051,09:42,1000,2,enzo
V1,2008,2008-10-24,con.mic,p0032,cop.ari,i0044,12:50:00,1000,5,Nachu
V1,2010,2010-11-10,con.mic,p0032,bombil16,i0289,11:40,0,7,silvia
V4,2011,2011-11-04,con.mic,p0032,bombil10,i0206,13:30,700,2,nachu
V1,2011,2011-10-28,con.mic,p0032,cop.ari,i0044,08:38,3500,2,nachu
V4,2011,2011-11-11,con.mic,p0032,exo.sp1,i0068,10:30,1500,1,silvia
V1,2011,2011-10-21,con.mic,p0032,dih.sp1,i0031,10:45,3000,1,nachu
V3,2006,2006-10-30,con.mic,p0032,cop.ari,i0044,13:42,3000,30,Jimena
V1,2007,2007-10-25,con.mic,p0032,coc.sp2,i0144,11:40,1500,1,Nachu
V1,2011,2011-12-13,con.mic,p0032,dih.sp1,i0031,12:55,2000,1,nachu
V3,2006,2006-10-30,con.mic,p0032,hir.sp1,i0051,13:42,3000,50,Jimena
V4,2011,2011-11-04,con.mic,p0032,exo.sp1,i0068,13:18,1300,1,silvia
V1,2007,2007-11-13,con.mic,p0032,cam.pun,i0128,15:08,500,3,Nachu
V4,2011,2011-10-25,con.mic,p0032,dih.sp1,i0031,09:43,1200,2,silvia
V1,2011,2011-10-21,con.mic,p0032,cop.sp2,i0052,10:40,2500,1,silvia
V1,2011,2011-10-21,con.mic,p0032,cop.ari,i0044,10:40,2500,1,silvia
V4,2011,2011-10-21,con.mic,p0032,bombil3,i0069,12:47,7000,1,nachu
V4,2011,2011-10-25,con.mic,p0032,pol.cav,i0039,10:40,6000,3,silvia
V4,2008,2008-10-24,con.mic,p0032,exo.sp1,i0068,09:08:00,2000,5,Nachu
V4,2011,2011-10-25,con.mic,p0032,cam.mus,i0072,09:15,5000,4,nachu
V1,2011,2011-10-21,con.mic,p0032,bombil11,i0207,10:55,1500,1,silvia
V1,2011,2011-10-28,con.mic,p0032,cop.ari,i0044,10:01,200,2,enzo
V4,2011,2011-10-14,con.mic,p0032,api.mel,i0070,13:25,2000,3,nachu
V1,2011,2011-10-21,con.mic,p0032,api.mel,i0070,10:20,4000,10,nachu
V1,2011,2011-10-28,con.mic,p0032,cop.ari,i0044,09:02,5000,1,nachu
V1,2009,2009-10-28,con.mic,p0032,aug.sp,i0228,11:42:00,500,3,nachu
V4,2010,2010-11-26,con.mic,p0032,cam.mus,i0072,9:01:00,200,1,Nachu
V3,2006,2006-10-30,con.mic,p0032,thy.sp1,i0034,10:55,5000,50,Jimena
V1,2009,2009-10-26,con.mic,p0032,dih.sp1,i0031,10:53:00,1500,2,nachu
V1,2011,2011-11-01,con.mic,p0032,cop.ari,i0044,12:06,1500,4,nachu
V4,2008,2008-10-31,con.mic,p0032,cam.mus,i0072,11:20:00,2000,1,Nachu
V1,2011,2011-11-01,con.mic,p0032,bombil11,i0207,12:06,1500,3,nachu
V4,2011,2011-11-04,con.mic,p0032,bombil11,i0207,13:18,1300,1,silvia
V4,2011,2011-12-13,con.mic,p0032,cop.ari,i0044,08:47,1500,1,nachu
V1,2011,2011-10-28,con.mic,p0032,com.ful,i0059,08:38,3500,4,nachu
V1,2008,2008-10-24,con.mic,p0032,api.mel,i0070,12:50:00,1000,20,Nachu
V4,2011,2011-11-01,con.mic,p0032,bombil10,i0206,09:32,3000,1,nachu
V1,2011,2011-11-01,con.mic,p0032,cop.ari,i0044,12:06,1500,3,nachu
V4,2008,2008-10-21,con.mic,p0032,bombil3,i0069,14:14:00,2000,2,Nachu
V4,2011,2011-10-21,con.mic,p0032,bombil11,i0207,12:27,800,1,silvia
V4,2011,2011-10-14,con.mic,p0032,NA,NA,13:26,2000,1,silvia
V1,2007,2007-10-25,con.mic,p0032,cam.pun,i0128,11:40,1500,2,Nachu
V1,2007,2007-11-08,con.mic,p0032,cam.pun,i0128,14:20,300,1,Nachu
V1,2008,2008-11-04,con.mic,p0032,exo.sp1,i0068,09:03:00,3000,10,Nachu
V1,2011,2011-10-21,con.mic,p0032,aug.sp,i0228,10:45,3000,2,nachu
V3,2006,2006-11-13,con.mic,p0032,hir.sp1,i0051,12:42,600,1,Erica
V4,2010,2010-10-28,con.mic,p0032,com.ful,i0059,9:39:00,8000,2,Nachu
V4,2011,2011-11-04,con.mic,p0032,bombil10,i0206,12:22,1000,2,enzo
V4,2009,2009-11-04,con.mic,p0032,exo.sp1,i0068,10:00:00,5000,3,Nachu
V4,2009,2009-11-11,con.mic,p0032,com.ful,i0059,13:20:00,4000,1,Nachu
V4,2009,2009-11-18,con.mic,p0032,cam.mus,i0072,14:00:00,300,1,Nachu
V4,2007,2007-11-02,con.mic,p0032,cam.mus,i0072,10:15,100,1,Nachu
V1,2010,2010-11-19,con.mic,p0032,antho.sp1,i0136,8:44,150,4,silvia
V4,2011,2011-10-18,con.mic,p0032,cop.ari,i0044,09:42,4000,3,nachu
V1,2011,2011-10-21,con.mic,p0032,bombil10,i0206,10:45,3000,1,nachu
V4,2007,2007-11-02,con.mic,p0032,cam.mus,i0072,10:15,100,4,Nachu
V4,2008,2008-10-21,con.mic,p0032,bombil3,i0069,14:14:00,2000,2,Nachu
V4,2011,2011-11-04,con.mic,p0032,bombil10,i0206,12:19,1200,6,nachu
V4,2011,2011-11-01,con.mic,p0032,cop.sp2,i0052,09:00,1000,7,nachu
V4,2011,2011-10-14,con.mic,p0032,NA,NA,13:26,2000,1,silvia
V3,2006,2006-10-30,con.mic,p0032,hir.sp1,i0051,10:55,5000,100,Jimena
V1,2010,2010-11-10,con.mic,p0032,bombil10,i0206,11:40,0,1,silvia
V4,2011,2011-11-01,con.mic,p0032,cop.sp2,i0052,09:00,1000,7,nachu
V1,2009,2009-10-28,con.mic,p0032,dih.sp1,i0031,11:42:00,500,4,nachu
V1,2007,2007-11-08,con.mic,p0032,cam.pun,i0128,14:20,300,1,Nachu
V4,2008,2008-10-21,con.mic,p0032,bombil3,i0069,14:14:00,2000,1,Nachu
V4,2011,2011-10-14,con.mic,p0032,cos.chi,i0077,13:26,2000,1,silvia
V4,2011,NA,con.mic,p0032,NA,NA,13:05,30,0,enzo
V3,2006,2006-10-30,con.mic,p0032,agro.sp1,i0089,13:42,3000,1,Jimena
V2,2006,2006-10-30,con.mic,p0032,api.mel,i0070,10:37,90,10,Diego
V2,2006,2006-10-30,con.mic,p0032,com.ful,i0059,09:45,30,1,Diego
V4,2011,2011-10-18,con.mic,p0032,NA,NA,10:40,200,2,enzo
V4,2011,2011-10-14,con.mic,p0032,cop.ari,i0044,13:26,2000,1,silvia
V1,2009,2009-11-18,con.mic,p0032,hir.sp1,i0051,11:23:00,1000,7,Rocio
V4,2011,2011-11-08,con.mic,p0032,hir.sp1,i0051,09:18,800,4,nachu
V1,2011,2011-11-22,con.mic,p0032,aug.sp,i0228,14:25,300,1,silvia
V4,2011,2011-11-11,con.mic,p0032,cop.ari,i0044,09:42,1000,2,enzo
V3,2006,2006-11-20,con.mic,p0032,cam.mus,i0072,11:04,1700,2,Beni
V4,2011,2011-10-28,con.mic,p0032,cop.ari,i0044,12:35,2000,4,nachu
V1,2011,2011-10-21,con.mic,p0032,cop.sp2,i0052,10:40,2500,1,silvia
V4,2009,2009-10-28,con.mic,p0032,tac.sp10,i0191,10:06:00,1000,1,nachu
V1,2011,2011-10-28,con.mic,p0032,com.ful,i0059,08:38,3500,4,nachu
V1,2008,2008-11-11,con.mic,p0032,bombil11,i0207,12:30:00,2000,1,Nachu
V1,2010,2010-10-28,con.mic,p0032,cop.ari,i0044,12:39:00,700,1,Nachu
V1,2011,2011-10-28,con.mic,p0032,com.ful,i0059,08:38,3500,4,nachu
V4,2011,2011-11-04,con.mic,p0032,bombil11,i0207,13:30,700,5,nachu
V4,2009,2009-11-18,con.mic,p0032,cam.mus,i0072,14:00:00,300,1,Nachu
V4,2011,2011-11-11,con.mic,p0032,cha.sp1,i0062,12:05,1000,2,enzo
V1,2011,2011-10-28,con.mic,p0032,com.ful,i0059,08:38,3500,4,nachu
V4,2011,2011-10-28,con.mic,p0032,api.mel,i0070,12:35,2000,30,nachu
V4,2011,2011-12-13,con.mic,p0032,cop.ari,i0044,08:47,1500,1,nachu
V1,2010,2010-11-10,con.mic,p0032,hir.sp1,i0051,11:40,0,6,silvia
V4,2011,2011-11-11,con.mic,p0032,cop.ari,i0044,10:30,1500,1,silvia
V1,2008,2008-11-11,con.mic,p0032,bombil11,i0207,10:30:00,2000,1,Nachu
V1,2011,2011-10-21,con.mic,p0032,cop.ari,i0044,10:40,2500,1,silvia
V4,2011,2011-11-11,con.mic,p0032,cop.ari,i0044,09:21,700,7,nachu
V4,2011,2011-10-18,con.mic,p0032,pol.cav,i0039,09:42,4000,5,nachu
V1,2011,2011-10-28,con.mic,p0032,cop.ari,i0044,09:02,5000,4,nachu
V4,2011,2011-10-21,con.mic,p0032,meg.jor,i0298,12:50,100,1,silvia
V1,2011,2011-10-21,con.mic,p0032,bombil10,i0206,10:45,3000,2,nachu
V3,2006,2006-10-24,con.mic,p0032,hir.sp1,i0051,15:16,100,1,Diego
V1,2009,2009-11-05,con.mic,p0032,cop.ari,i0044,12:29:00,5,3,Belen
V4,2011,2011-11-04,con.mic,p0032,bombil11,i0207,13:30,700,5,nachu
V4,2011,2011-10-28,con.mic,p0032,cop.ari,i0044,12:35,2000,1,nachu
V4,2011,2011-11-25,con.mic,p0032,thy.sp1,i0034,10:03,1700,1,silvia
V3,2006,2006-10-30,con.mic,p0032,com.ful,i0059,10:05,2000,15,Jimena
V4,2009,2009-10-28,con.mic,p0032,tac.sp10,i0191,10:06:00,1000,3,nachu
V1,2010,2010-10-22,con.mic,p0032,cop.ari,i0044,11:11,300,1,silvia
V1,2010,2010-11-10,con.mic,p0032,com.ful,i0059,11:40,0,1,silvia
V4,2011,2011-10-21,con.mic,p0032,api.mel,i0070,12:50,100,1,silvia
V1,2011,2011-10-21,con.mic,p0032,dih.sp1,i0031,10:45,3000,2,nachu
V3,2006,2006-11-06,con.mic,p0032,hir.sp1,i0051,09:41,400,1,Diego
V1,2009,2009-10-26,con.mic,p0032,aug.sp,i0228,10:53:00,1500,2,nachu
V1,2008,2008-11-04,con.mic,p0032,hir.sp1,i0051,13:11:00,3000,2,Nachu
V4,2011,2011-10-14,con.mic,p0032,api.mel,i0070,13:26,2000,1,silvia
V4,2011,2011-10-14,con.mic,p0032,cop.sp2,i0052,13:00,300,4,nachu
V4,2011,2011-11-04,con.mic,p0032,cop.ari,i0044,12:48,700,2,enzo
V4,2011,2011-11-11,con.mic,p0032,bombil11,i0207,09:21,700,5,nachu
V3,2006,2006-11-06,con.mic,p0032,com.ful,i0059,10:12,500,1,Diego
V1,2011,2011-11-01,con.mic,p0032,cop.ari,i0044,11:39,500,2,enzo
V1,2011,2011-11-08,con.mic,p0032,hir.sp1,i0051,11:49,1000,2,enzo
V1,2009,2009-11-05,con.mic,p0032,exo.sp1,i0068,11:32:00,10000,1,Nachu
V1,2009,2009-11-11,con.mic,p0032,bombil10,i0206,10:44:00,5000,1,Nachu
V1,2011,2011-10-28,con.mic,p0032,cop.ari,i0044,08:38,3500,5,nachu
V4,2009,2009-10-28,con.mic,p0032,bombil3,i0069,09:08:00,100,1,rocio
V1,2011,2011-10-28,con.mic,p0032,cop.ari,i0044,08:38,3500,5,nachu
V4,2007,2007-10-29,con.mic,p0032,cop.ari,i0044,14:54,2000,50,Erica
V1,2011,2011-11-04,con.mic,p0032,cop.sp2,i0052,10:09,1000,2,nachu
V4,2011,2011-12-13,con.mic,p0032,cop.ari,i0044,08:47,1500,1,nachu
V3,2006,2006-10-24,con.mic,p0032,hir.sp1,i0051,12:13,70,1,Diego
V4,2011,2011-10-14,con.mic,p0032,tac.sp10,i0191,12:55,90,2,nachu
V1,2010,2010-11-10,con.mic,p0032,com.ful,i0059,11:40,0,1,silvia
V1,2011,2011-11-04,con.mic,p0032,NA,NA,10:09,1000,1,nachu
V1,2008,2008-11-11,con.mic,p0032,cam.pun,i0128,11:43:00,70,3,Nachu
V1,2007,2007-10-29,con.mic,p0032,dia.sp1,i0073,16:35,1000,1,Nachu
V4,2011,2011-11-25,con.mic,p0032,bombil10,i0206,10:03,1700,2,silvia
V1,2008,2008-11-11,con.mic,p0032,bombil3,i0069,10:30:00,2000,1,Nachu
V1,2011,2011-11-04,con.mic,p0032,cop.ari,i0044,09:08,1000,7,enzo
V4,2011,2011-10-14,con.mic,p0032,dih.sp1,i0031,13:00,300,1,nachu
V1,2009,2009-10-26,con.mic,p0032,exo.sp1,i0068,10:53:00,1500,2,nachu
V4,2006,2006-10-30,con.mic,p0032,hir.sp1,i0051,09:41,50,1,Erica
V1,2006,2006-11-13,con.mic,p0032,NA,NA,09:53,800,0,Jimena
V4,2011,2011-11-04,con.mic,p0032,bombil11,i0207,13:30,700,5,nachu
V1,2011,2011-11-08,con.mic,p0032,hir.sp1,i0051,11:49,1000,5,enzo
V4,2011,2011-11-11,con.mic,p0032,vill.sp1,i0114,09:21,700,7,nachu
V4,2007,2007-10-25,con.mic,p0032,cam.mus,i0072,10:15,300,1,Nachu
V4,2011,2011-10-21,con.mic,p0032,vill.sp1,i0114,12:50,100,3,silvia
V4,2009,2009-11-11,con.mic,p0032,hir.sp1,i0051,11:55:00,100,5,Belen
V1,2011,2011-11-04,con.mic,p0032,bombil11,i0207,10:09,1000,2,nachu
V1,2011,2011-11-01,con.mic,p0032,cop.ari,i0044,12:06,1500,3,nachu
V1,2008,2008-11-11,con.mic,p0032,cam.pun,i0128,11:43:00,70,3,Nachu
V1,2008,2008-11-04,con.mic,p0032,exo.sp1,i0068,13:11:00,3000,1,Nachu
V1,2011,2011-10-21,con.mic,p0032,bombil10,i0206,10:40,2500,1,silvia
V3,2006,2006-10-24,con.mic,p0032,thy.sp1,i0034,15:16,100,1,Diego
V3,2006,2006-11-06,con.mic,p0032,hir.sp1,i0051,09:41,400,1,Diego
V1,2011,2011-10-21,con.mic,p0032,vill.sp1,i0114,10:20,4000,2,nachu
V3,2006,2006-11-06,con.mic,p0032,vill.sp1,i0114,10:12,500,1,Diego
V4,2009,2009-11-04,con.mic,p0032,api.mel,i0070,11:11:00,2000,3,Nachu
V1,2008,2008-11-11,con.mic,p0032,cam.pun,i0128,11:43:00,70,3,Nachu
V3,2006,2006-11-13,con.mic,p0032,hir.sp1,i0051,10:45,3000,14,Erica
V4,2009,2009-11-04,con.mic,p0032,hir.sp1,i0051,10:43:00,200,3,belen
V4,2011,2011-11-04,con.mic,p0032,vill.sp1,i0114,13:30,700,2,nachu
V1,2007,2007-11-08,con.mic,p0032,cam.pun,i0128,14:20,300,1,Nachu
V4,2011,2011-10-28,con.mic,p0032,bombil9,i0183,13:41,500,1,enzo
V4,2008,2008-10-17,con.mic,p0032,bombil3,i0069,14:41:00,3000,1,Nachu
V4,2011,2011-11-01,con.mic,p0032,cop.ari,i0044,09:00,1000,4,nachu
V4,2008,2008-10-17,con.mic,p0032,bombil3,i0069,14:41:00,3000,1,Nachu
V1,2011,2011-11-08,con.mic,p0032,cop.ari,i0044,12:49,1100,3,nachu
V4,2008,2008-10-24,con.mic,p0032,cam.mus,i0072,09:08:00,2000,1,Nachu
V4,2011,2011-10-21,con.mic,p0032,NA,NA,12:50,100,0,silvia
V4,2010,2010-10-28,con.mic,p0032,cam.mus,i0072,9:23:00,1000,1,Nachu
V4,2011,2011-11-08,con.mic,p0032,exo.sp1,i0068,09:17,500,3,enzo
V1,2011,2011-10-21,con.mic,p0032,aug.sp,i0228,10:20,4000,2,nachu
V1,2011,2011-11-04,con.mic,p0032,aug.sp,i0228,09:08,1000,1,enzo
V4,2011,2011-10-28,con.mic,p0032,psa.ruf,i0023,12:20,110,2,nachu
V1,2011,2011-10-28,con.mic,p0032,cop.ari,i0044,09:40,3000,2,nachu
V1,2009,2009-11-05,con.mic,p0032,exo.sp1,i0068,11:32:00,10000,1,Nachu
V1,2011,2011-10-28,con.mic,p0032,cop.ari,i0044,09:14,200,2,enzo
V1,2010,2010-10-22,con.mic,p0032,tac.sp10,i0191,11:11,300,3,silvia
V1,2008,2008-11-04,con.mic,p0032,exo.sp1,i0068,09:03:00,3000,15,Nachu
V1,2011,2011-10-21,con.mic,p0032,cop.ari,i0044,10:40,2500,1,silvia
V1,2009,2009-11-05,con.mic,p0032,api.mel,i0070,11:36:00,2000,1,Rocio
V1,2008,2008-11-04,con.mic,p0032,exo.sp1,i0068,09:03:00,3000,10,Nachu
V1,2010,2010-10-28,con.mic,p0032,api.mel,i0070,13:06:00,1000,12,Nachu
V1,2011,2011-10-28,con.mic,p0032,cop.ari,i0044,10:01,200,3,enzo
V2,2006,2006-11-13,con.mic,p0032,exo.sp1,i0068,13:46,80,1,Diego
V4,2011,2011-11-04,con.mic,p0032,bombil10,i0206,12:22,1000,1,enzo
V4,2011,2011-11-25,con.mic,p0032,hemip5,i0318,10:03,1700,1,silvia
V1,2011,2011-11-08,con.mic,p0032,cop.ari,i0044,12:49,1100,5,nachu
V4,2011,2011-10-18,con.mic,p0032,cop.ari,i0044,09:42,4000,1,nachu
V1,2011,2011-10-21,con.mic,p0032,api.mel,i0070,10:40,2500,1,silvia
V4,2011,2011-11-01,con.mic,p0032,hir.sp1,i0051,09:32,3000,3,nachu
V3,2006,2006-10-24,con.mic,p0032,sci.sp1,i0092,14:56,100,1,Diego
V1,2008,2008-11-11,con.mic,p0032,cam.pun,i0128,11:43:00,70,3,Nachu
V4,2011,2011-10-14,con.mic,p0032,api.mel,i0070,13:26,2000,1,silvia
V4,2011,2011-10-14,con.mic,p0032,dih.sp1,i0031,13:00,300,1,nachu
V4,2011,2011-10-25,con.mic,p0032,cop.sp2,i0052,10:40,6000,1,silvia
V1,2007,2007-10-29,con.mic,p0032,dia.sp1,i0073,17:10,400,1,Nachu
V1,2007,2007-10-29,con.mic,p0032,dia.sp1,i0073,17:10,400,5,Nachu
V1,2011,2011-12-13,con.mic,p0032,NA,NA,12:55,2000,1,nachu
V1,2011,2011-12-13,con.mic,p0032,cam.pun,i0128,12:55,2000,1,nachu
V1,2007,2007-11-06,con.mic,p0032,dia.sp1,i0073,10:21,500,6,Nachu
V3,2006,2006-11-06,con.mic,p0032,syr.sp1,i0045,09:50,400,1,Diego
V4,2008,2008-10-31,con.mic,p0032,exo.sp1,i0068,11:20:00,2000,1,Nachu
V1,2011,2011-10-28,con.mic,p0032,syr.sp1,i0045,09:02,5000,3,nachu
V4,2009,2009-10-28,con.mic,p0032,cam.mus,i0072,10:06:00,1000,2,nachu
V4,2011,2011-11-01,con.mic,p0032,cop.sp2,i0052,09:10,500,4,enzo
V4,2008,2008-11-07,con.mic,p0032,exo.sp1,i0068,11:38:00,700,10,Nachu
V4,2011,2011-10-21,con.mic,p0032,NA,NA,12:50,100,0,silvia
V4,2008,2008-10-17,con.mic,p0032,com.ful,i0059,14:41:00,3000,2,Nachu
V4,2011,2011-10-28,con.mic,p0032,exo.sp1,i0068,12:33,300,1,enzo
V1,2011,2011-10-28,con.mic,p0032,syr.sp1,i0045,09:02,5000,2,nachu
V3,2006,2006-11-06,con.mic,p0032,com.ful,i0059,09:50,400,1,Diego
V4,2009,2009-11-04,con.mic,p0032,syr.sp1,i0045,10:00:00,120,6,belen
V2,2006,2006-10-30,con.mic,p0032,api.mel,i0070,10:37,90,15,Diego
V1,2008,2008-11-11,con.mic,p0032,bombil11,i0207,12:30:00,2000,1,Nachu
V4,2009,2009-11-18,con.mic,p0032,cam.mus,i0072,14:00:00,300,1,Nachu
V4,2011,2011-11-01,con.mic,p0032,pol.cav,i0039,09:32,3000,3,nachu
V2,2006,2006-10-30,con.mic,p0032,api.mel,i0070,10:37,90,30,Diego
V4,2008,2008-10-17,con.mic,p0032,bombil3,i0069,14:41:00,3000,1,Nachu
V4,2009,2009-10-28,con.mic,p0032,aug.sp,i0228,10:06:00,1000,2,nachu
V1,2008,2008-11-11,con.mic,p0032,bombil11,i0207,12:30:00,2000,1,Nachu
V3,2006,2006-10-30,con.mic,p0032,exo.sp1,i0068,10:05,2000,25,Jimena
V4,2011,2011-10-21,con.mic,p0032,api.mel,i0070,12:50,100,1,silvia
V4,2011,2011-11-08,con.mic,p0032,pol.cav,i0039,09:18,800,15,nachu
V1,2009,2009-10-26,con.mic,p0032,asi.sp2,i0087,10:53:00,1500,2,nachu
V4,2011,2011-11-01,con.mic,p0032,pol.cav,i0039,09:32,3000,3,nachu
V4,2011,2011-11-04,con.mic,p0032,exo.sp1,i0068,13:18,1300,2,silvia
V4,2008,2008-10-31,con.mic,p0032,exo.sp1,i0068,11:20:00,2000,1,Nachu
V4,2011,2011-12-13,con.mic,p0032,meg.L,i0297,10:09,500,1,silvia
V1,2009,2009-11-25,con.mic,p0032,thy.sp1,i0034,13:33:00,1000,5,Belen
V3,2006,2006-10-30,con.mic,p0032,com.ful,i0059,09:45,5000,25,Jimena
V3,2006,2006-10-24,con.mic,p0032,thy.sp1,i0034,12:13,70,1,Diego
V2,2006,2006-11-13,con.mic,p0032,pol.cav,i0039,10:40,200,1,Diego
V4,2007,2007-10-29,con.mic,p0032,cop.ari,i0044,14:54,2000,50,Erica
V1,2008,2008-11-04,con.mic,p0032,exo.sp1,i0068,09:03:00,3000,10,Nachu
V1,2008,2008-11-11,con.mic,p0032,cam.pun,i0128,11:43:00,70,3,Nachu
V1,2009,2009-11-05,con.mic,p0032,vill.sp1,i0114,11:32:00,10000,1,Nachu
V4,2011,2011-11-25,con.mic,p0032,thy.sp1,i0034,10:03,1700,1,silvia
V4,2009,2009-10-26,con.mic,p0032,bombil10,i0206,12:30:00,500,2,nachu
V2,2006,2006-11-13,con.mic,p0032,pompil1,i0035,10:40,200,1,Diego
V1,2011,2011-10-28,con.mic,p0032,cop.ari,i0044,08:38,3500,5,nachu
V1,2011,2011-10-28,con.mic,p0032,cop.ari,i0044,09:02,5000,5,nachu
V1,2008,2008-11-04,con.mic,p0032,cop.sp2,i0052,09:03:00,3000,5,Nachu
V4,2011,2011-11-01,con.mic,p0032,bombil9,i0183,09:32,3000,2,nachu
V3,2006,2006-11-13,con.mic,p0032,hir.sp1,i0051,08:51,500,30,Erica
V4,2011,2011-11-01,con.mic,p0032,hir.sp1,i0051,09:32,3000,3,nachu
V1,2008,2008-11-11,con.mic,p0032,cam.pun,i0128,11:43:00,70,3,Nachu
V3,2006,2006-11-13,con.mic,p0032,hir.sp1,i0051,12:42,600,7,Erica
V1,2011,2011-11-08,con.mic,p0032,hir.sp1,i0051,11:49,1000,3,enzo
V4,2011,2011-11-04,con.mic,p0032,api.mel,i0070,13:55,1000,3,enzo
V4,2011,2011-11-01,con.mic,p0032,hir.sp1,i0051,09:32,3000,2,nachu
V4,2008,2008-10-31,con.mic,p0032,exo.sp1,i0068,11:20:00,2000,1,Nachu
V1,2011,2011-11-01,con.mic,p0032,bombil10,i0206,12:06,1500,2,nachu
V4,2008,2008-10-28,con.mic,p0032,emp.sp2,i0186,12:54:00,1000,3,Diego
V1,2011,2011-10-28,con.mic,p0032,cop.sp2,i0052,09:40,3000,3,nachu
V4,2009,2009-10-28,con.mic,p0032,cop.ari,i0044,10:06:00,1000,2,nachu
V4,2010,2010-10-28,con.mic,p0032,hir.sp1,i0051,9:39:00,8000,1,Nachu
V4,2011,2011-10-21,con.mic,p0032,bombil11,i0207,12:27,800,1,silvia
V4,2011,2011-11-04,con.mic,p0032,cop.ari,i0044,13:55,1000,2,enzo
V4,2007,2007-10-29,con.mic,p0032,cam.mus,i0072,18:37,500,1,Nachu
V1,2009,2009-11-05,con.mic,p0032,bombil11,i0207,10:14:00,100,1,Belen
V4,2011,2011-10-21,con.mic,p0032,tac.sp10,i0191,12:47,7000,3,nachu
V4,2011,2011-10-14,con.mic,p0032,bombil3,i0069,13:26,2000,1,silvia
V1,2010,2010-11-10,con.mic,p0032,hir.sp1,i0051,11:40,0,1,silvia
V1,2009,2009-10-28,con.mic,p0032,tac.sp10,i0191,11:42:00,500,1,nachu
V1,2008,2008-11-11,con.mic,p0032,cam.pun,i0128,12:30:00,2000,20,Nachu
V3,2006,2006-10-30,con.mic,p0032,hir.sp1,i0051,10:55,5000,150,Jimena
V1,2009,2009-10-26,con.mic,p0032,bombil10,i0206,10:53:00,1500,1,nachu
V4,2007,2007-10-29,con.mic,p0032,com.ful,i0059,14:54,2000,10,Erica
V1,2009,2009-11-05,con.mic,p0032,api.mel,i0070,11:32:00,10000,5,Nachu
V1,2011,2011-10-21,con.mic,p0032,dih.sp1,i0031,10:20,4000,3,nachu
V1,2011,2011-11-08,con.mic,p0032,bombil11,i0207,12:49,1100,3,nachu
V1,2011,2011-11-04,con.mic,p0032,bombil11,i0207,10:09,1000,3,nachu
V4,2011,2011-11-01,con.mic,p0032,hir.sp1,i0051,09:10,500,2,enzo
V1,2011,2011-11-04,con.mic,p0032,bombil11,i0207,10:09,1000,3,nachu
V4,2006,2006-11-13,con.mic,p0032,cam.mus,i0072,12:28,100,1,Beni
V1,2011,2011-11-01,con.mic,p0032,vill.sp1,i0114,12:06,1500,2,nachu
V3,2006,2006-10-30,con.mic,p0032,com.ful,i0059,10:32,2500,50,Jimena
V3,2006,2006-10-24,con.mic,p0032,hir.sp1,i0051,12:13,70,1,Diego
V1,2009,2009-10-26,con.mic,p0032,vill.sp1,i0114,10:53:00,1500,5,nachu
V4,2009,2009-11-04,con.mic,p0032,com.ful,i0059,10:00:00,120,1,belen
V4,2009,2009-10-28,con.mic,p0032,cam.mus,i0072,10:06:00,1000,2,nachu
V1,2011,2011-11-08,con.mic,p0032,bombil3,i0069,12:49,1100,1,nachu
V4,2011,2011-11-01,con.mic,p0032,hir.sp1,i0051,09:10,500,4,enzo
V4,2011,2011-11-04,con.mic,p0032,vill.sp1,i0114,13:30,700,2,nachu
V1,2011,2011-10-28,con.mic,p0032,cop.ari,i0044,08:38,3500,5,nachu
V4,2011,2011-11-08,con.mic,p0032,cop.ari,i0044,09:18,800,5,nachu
V1,2011,2011-11-08,con.mic,p0032,cop.ari,i0044,12:49,1100,3,nachu
V4,2009,2009-10-26,con.mic,p0032,bombil10,i0206,12:30:00,500,1,nachu
V1,2008,2008-11-11,con.mic,p0032,cam.pun,i0128,11:43:00,70,5,Nachu
V1,2007,2007-10-29,con.mic,p0032,cam.pun,i0128,16:25,300,3,Nachu
V1,2011,2011-11-01,con.mic,p0032,api.mel,i0070,12:06,1500,16,nachu
V4,2011,2011-11-08,con.mic,p0032,vill.sp1,i0114,09:18,800,3,nachu
V1,2007,2007-10-29,con.mic,p0032,cam.pun,i0128,16:25,300,2,Nachu
V4,2011,2011-11-04,con.mic,p0032,bombil10,i0206,12:19,1200,2,nachu
V4,2011,2011-10-21,con.mic,p0032,bombil3,i0069,12:47,7000,1,nachu
V1,2009,2009-10-28,con.mic,p0032,bombil10,i0206,11:42:00,500,1,nachu
V1,2011,2011-10-21,con.mic,p0032,cam.pun,i0128,09:37,450,2,silvia
V4,2009,2009-11-09,con.mic,p0032,api.mel,i0070,10:36:00,6000,5,nachu
V4,2011,2011-11-04,con.mic,p0032,api.mel,i0070,13:55,1000,2,enzo
V4,2011,2011-11-04,con.mic,p0032,exo.sp1,i0068,13:18,1300,1,silvia
V4,2009,2009-11-25,con.mic,p0032,NA,NA,10:31:00,200,0,Belen
V4,2011,2011-11-22,con.mic,p0032,coc.mac,i0315,12:00,1200,1,silvia
V1,2011,2011-12-13,con.mic,p0032,cam.pun,i0128,12:55,2000,1,nachu
V1,2007,2007-10-25,con.mic,p0032,exo.sp1,i0068,11:40,1500,2,Nachu
V4,2007,2007-11-02,con.mic,p0032,cam.mus,i0072,10:15,100,2,Nachu
V1,2009,2009-11-05,con.mic,p0032,api.mel,i0070,11:32:00,10000,5,Nachu
V4,2009,2009-11-30,con.mic,p0032,hym.sp9,i0262,09:55:00,200,3,belen
V4,2008,2008-10-24,con.mic,p0032,cam.mus,i0072,09:08:00,2000,1,Nachu
V4,2011,2011-11-25,con.mic,p0032,hemip5,i0318,10:03,1700,1,silvia
V4,2011,2011-10-18,con.mic,p0032,NA,NA,09:42,4000,3,nachu
V4,2011,2011-11-25,con.mic,p0032,hemip5,i0318,10:03,1700,3,silvia
V1,2009,2009-11-05,con.mic,p0032,api.mel,i0070,11:32:00,10000,5,Nachu
V4,2011,2011-10-28,con.mic,p0032,cop.ari,i0044,12:35,2000,7,nachu
V4,2011,2011-11-01,con.mic,p0032,cop.ari,i0044,08:49,1800,9,nachu
V4,2011,2011-10-14,con.mic,p0032,NA,NA,12:55,90,1,nachu
V1,2008,2008-11-04,con.mic,p0032,exo.sp1,i0068,13:11:00,3000,4,Nachu
V4,2008,2008-10-24,con.mic,p0032,asi.sp1,i0055,09:08:00,2000,2,Nachu
V1,2008,2008-11-11,con.mic,p0032,cam.pun,i0128,11:43:00,70,5,Nachu
V4,2011,2011-11-04,con.mic,p0032,bombil10,i0206,12:22,1000,3,enzo
V4,2008,2008-10-24,con.mic,p0032,asi.sp1,i0055,09:08:00,2000,1,Nachu
V4,2011,2011-10-14,con.mic,p0032,NA,NA,13:00,300,1,nachu
V1,2008,2008-11-11,con.mic,p0032,cam.pun,i0128,11:43:00,70,5,Nachu
V4,2011,2011-10-14,con.mic,p0032,api.mel,i0070,13:26,2000,1,silvia
V4,2011,2011-10-14,con.mic,p0032,NA,NA,13:00,300,1,nachu
V4,2011,2011-10-28,con.mic,p0032,cop.ari,i0044,12:35,2000,5,nachu
V4,2011,2011-10-21,con.mic,p0032,NA,NA,12:50,100,0,silvia
V1,2008,2008-11-11,con.mic,p0032,cam.pun,i0128,11:43:00,70,1,Nachu
V1,2009,2009-11-11,con.mic,p0032,cam.pun,i0128,10:32:00,8000,1,Nachu
V4,2011,2011-11-01,con.mic,p0032,cop.ari,i0044,09:32,3000,3,nachu
V1,2008,2008-11-11,con.mic,p0032,cam.pun,i0128,11:43:00,70,3,Nachu
V1,2010,2010-11-10,con.mic,p0032,tac.sp20,i0291,11:40,0,1,silvia
V4,2011,2011-12-13,con.mic,p0032,cop.ari,i0044,08:47,1500,1,nachu
V1,2010,2010-11-10,con.mic,p0032,tac.sp20,i0291,11:40,0,1,silvia
V4,2011,2011-11-04,con.mic,p0032,bombil11,i0207,13:30,700,5,nachu
V4,2009,2009-10-28,con.mic,p0032,com.ful,i0059,10:06:00,1000,1,nachu
V1,2011,2011-11-08,con.mic,p0032,exo.sp1,i0068,11:49,1000,4,enzo
V1,2008,2008-11-11,con.mic,p0032,bombil11,i0207,12:30:00,2000,1,Nachu
V4,2011,2011-11-04,con.mic,p0032,bombil11,i0207,13:30,700,5,nachu
V1,2009,2009-11-05,con.mic,p0032,exo.sp1,i0068,09:59:00,200,3,Rocio
V1,2011,2011-10-28,con.mic,p0032,cop.ari,i0044,09:02,5000,4,nachu
V4,2006,2006-10-30,con.mic,p0032,com.ful,i0059,09:41,50,18,Erica
V4,2009,2009-11-04,con.mic,p0032,cop.sp2,i0052,10:43:00,200,1,belen
V1,2008,2008-11-04,con.mic,p0032,hir.sp1,i0051,13:11:00,3000,2,Nachu
V1,2011,2011-12-13,con.mic,p0032,bombil11,i0207,12:55,2000,1,nachu
V4,2011,2011-10-25,con.mic,p0032,cop.sp2,i0052,09:43,1200,2,silvia
V3,2006,2006-11-13,con.mic,p0032,hir.sp1,i0051,08:51,500,15,Erica
V1,2011,2011-10-28,con.mic,p0032,bombil11,i0207,09:40,3000,5,nachu
V1,2011,2011-10-21,con.mic,p0032,cop.ari,i0044,10:40,2500,1,silvia
V4,2011,2011-10-25,con.mic,p0032,cop.ari,i0044,10:40,6000,1,silvia
V1,2011,2011-10-28,con.mic,p0032,cop.ari,i0044,09:02,5000,7,nachu
V1,2007,2007-10-29,con.mic,p0032,muscid2,i0064,16:25,300,2,Nachu
V1,2008,2008-11-04,con.mic,p0032,cop.sp2,i0052,09:03:00,3000,17,Nachu
V4,2009,2009-11-09,con.mic,p0032,hir.sp1,i0051,10:36:00,6000,2,nachu
V4,2011,2011-10-18,con.mic,p0032,NA,NA,09:42,4000,3,nachu
V4,2011,2011-11-04,con.mic,p0032,bombil11,i0207,13:18,1300,1,silvia
V1,2011,2011-11-01,con.mic,p0032,cop.sp2,i0052,11:39,500,1,enzo
V1,2011,2011-11-04,con.mic,p0032,NA,NA,10:09,1000,3,nachu
V4,2011,2011-11-01,con.mic,p0032,hir.sp1,i0051,09:32,3000,3,nachu
V3,2006,2006-10-24,con.mic,p0032,hir.sp1,i0051,12:13,70,1,Diego
V1,2011,2011-11-04,con.mic,p0032,cop.sp2,i0052,10:09,1000,2,nachu
V4,2011,2011-10-25,con.mic,p0032,NA,NA,08:55,1400,0,silvia
V4,2007,2007-10-29,con.mic,p0032,cam.mus,i0072,18:37,500,1,Nachu
V4,2009,2009-11-11,con.mic,p0032,NA,NA,11:42:00,100,0,Belen
V1,2009,2009-11-05,con.mic,p0032,cop.ari,i0044,11:36:00,2000,1,Rocio
V1,2008,2008-11-11,con.mic,p0032,bombil11,i0207,10:30:00,2000,1,Nachu
V2,2006,2006-10-30,con.mic,p0032,api.mel,i0070,11:55,50,1,Diego
V1,2011,2011-11-08,con.mic,p0032,cop.ari,i0044,12:49,1100,3,nachu
V1,2011,2011-10-21,con.mic,p0032,bombil11,i0207,10:20,4000,1,nachu
V1,2011,2011-10-21,con.mic,p0032,vill.sp1,i0114,10:55,1500,1,silvia
V1,2008,2008-11-11,con.mic,p0032,cam.pun,i0128,11:43:00,70,3,Nachu
V1,2011,2011-10-25,con.mic,p0032,meg.jor,i0298,12:17,1000,1,nachu
V1,2011,2011-10-21,con.mic,p0032,dih.sp1,i0031,10:55,1500,1,silvia
V4,2009,2009-10-28,con.mic,p0032,hir.sp1,i0051,10:06:00,1000,1,nachu
V1,2011,2011-11-04,con.mic,p0032,NA,NA,10:09,1000,1,nachu
V4,2009,2009-10-28,con.mic,p0032,cam.mus,i0072,10:06:00,1000,2,nachu
V4,2011,2011-11-04,con.mic,p0032,bombil11,i0207,12:19,1200,4,nachu
V1,2011,2011-11-04,con.mic,p0032,NA,NA,10:09,1000,1,nachu
V4,2009,2009-10-28,con.mic,p0032,cop.ari,i0044,10:06:00,1000,3,nachu
V1,2007,2007-11-08,con.mic,p0032,cam.pun,i0128,14:20,300,1,Nachu
V4,2011,2011-11-04,con.mic,p0032,hir.sp1,i0051,12:48,700,3,enzo
V4,2009,2009-11-09,con.mic,p0032,hir.sp1,i0051,10:36:00,6000,5,nachu
V4,2011,2011-11-08,con.mic,p0032,hir.sp1,i0051,09:18,800,4,nachu
V1,2008,2008-11-04,con.mic,p0032,exo.sp1,i0068,09:03:00,3000,10,Nachu
V4,2009,2009-11-04,con.mic,p0032,hir.sp1,i0051,10:00:00,5000,17,Nachu
V4,2011,2011-11-11,con.mic,p0032,exo.sp1,i0068,10:30,1500,1,silvia
V4,2011,2011-10-14,con.mic,p0032,bombil10,i0206,13:26,2000,1,silvia
V4,2011,2011-10-14,con.mic,p0032,dih.sp1,i0031,13:26,2000,1,silvia
V1,2011,2011-11-01,con.mic,p0032,api.mel,i0070,12:50,400,10,enzo
V4,2011,2011-11-01,con.mic,p0032,bombil9,i0183,09:32,3000,2,nachu
V1,2011,2011-11-01,con.mic,p0032,aug.sp,i0228,12:06,1500,2,nachu
V4,2008,2008-10-31,con.mic,p0032,exo.sp1,i0068,11:20:00,2000,6,Nachu
V1,2011,2011-10-28,con.mic,p0032,cop.ari,i0044,09:17,4500,1,silvia
V1,2011,2011-10-21,con.mic,p0032,bombil9,i0183,10:45,3000,1,nachu
V1,2007,2007-11-08,con.mic,p0032,cam.pun,i0128,14:20,300,1,Nachu
V1,2011,2011-10-28,con.mic,p0032,cop.ari,i0044,09:02,5000,5,nachu
V4,2009,2009-11-04,con.mic,p0032,hir.sp1,i0051,10:14:00,9000,6,Nachu
V4,2011,2011-11-08,con.mic,p0032,cop.ari,i0044,09:18,800,4,nachu
V4,2007,2007-11-02,con.mic,p0032,cam.pun,i0128,10:34,900,1,Nachu
V4,2008,2008-10-24,con.mic,p0032,cam.mus,i0072,09:08:00,2000,1,Nachu
V4,2010,2010-10-28,con.mic,p0032,cop.ari,i0044,9:23:00,1000,2,Nachu
V1,2008,2008-11-04,con.mic,p0032,exo.sp1,i0068,09:03:00,3000,10,Nachu
V1,2008,2008-10-24,con.mic,p0032,bombil3,i0069,12:50:00,1000,3,Nachu
V4,2011,2011-10-28,con.mic,p0032,bombil9,i0183,13:41,500,2,enzo
V4,2009,2009-11-09,con.mic,p0032,hir.sp1,i0051,10:36:00,6000,4,nachu
V3,2006,2006-11-13,con.mic,p0032,hir.sp1,i0051,12:42,600,5,Erica
V4,2008,2008-11-07,con.mic,p0032,exo.sp1,i0068,11:38:00,700,5,Nachu
V1,2008,2008-11-11,con.mic,p0032,tac.sp10,i0191,12:30:00,2000,1,Nachu
V1,2008,2008-10-24,con.mic,p0032,bombil3,i0069,12:50:00,1000,5,Nachu
V1,2011,2011-11-01,con.mic,p0032,bombil11,i0207,12:06,1500,1,nachu
V1,2011,2011-10-28,con.mic,p0032,com.ful,i0059,08:38,3500,4,nachu
V1,2009,2009-11-05,con.mic,p0032,api.mel,i0070,12:13:00,8000,30,Nachu
V4,2008,2008-10-17,con.mic,p0032,bombil3,i0069,14:41:00,3000,1,Nachu
V4,2011,2011-10-14,con.mic,p0032,tac.sp10,i0191,13:26,2000,1,silvia
V4,2011,2011-11-04,con.mic,p0032,cop.ari,i0044,13:55,1000,2,enzo
V4,2011,2011-10-18,con.mic,p0032,syr.sp1,i0045,09:42,4000,1,nachu
V4,2011,2011-11-04,con.mic,p0032,amm.sp1,i0126,13:30,700,2,nachu
V1,2011,2011-10-21,con.mic,p0032,tac.sp10,i0191,10:40,2500,1,silvia
V1,2011,2011-11-04,con.mic,p0032,cop.ari,i0044,10:09,1000,7,nachu
V4,2011,2011-11-01,con.mic,p0032,cop.sp2,i0052,08:49,1800,2,nachu
V4,2009,2009-11-09,con.mic,p0032,cam.mus,i0072,10:36:00,6000,1,nachu
V4,2009,2009-11-11,con.mic,p0032,cam.mus,i0072,13:20:00,4000,2,Nachu
V1,2011,2011-10-21,con.mic,p0032,bombil10,i0206,10:45,3000,1,nachu
V1,2011,2011-12-13,con.mic,p0032,cam.pun,i0128,12:55,2000,1,nachu
V4,2008,2008-11-07,con.mic,p0032,exo.sp1,i0068,11:38:00,700,5,Nachu
V1,2010,2010-11-19,con.mic,p0032,cop.ari,i0044,8:44,150,1,silvia
V1,2011,2011-10-28,con.mic,p0032,cop.ari,i0044,10:01,200,2,enzo
V4,2011,2011-11-04,con.mic,p0032,bombil10,i0206,12:19,1200,6,nachu
V4,2011,2011-10-18,con.mic,p0032,cop.ari,i0044,09:42,4000,1,nachu
V3,2006,2006-11-13,con.mic,p0032,hir.sp1,i0051,08:51,500,20,Erica
V4,2007,2007-10-25,con.mic,p0032,syr.sp1,i0045,07:48,ram 300,1,diego
V4,2011,2011-10-21,con.mic,p0032,cop.ari,i0044,12:47,7000,1,nachu
V4,2011,2011-10-18,con.mic,p0032,cop.ari,i0044,09:42,4000,1,nachu
V1,2011,2011-10-28,con.mic,p0032,cop.ari,i0044,09:02,5000,8,nachu
V1,2009,2009-10-26,con.mic,p0032,exo.sp1,i0068,10:53:00,1500,4,nachu
V1,2007,2007-11-02,con.mic,p0032,cam.pun,i0128,12:41,200,2,Nachu
V4,2007,2007-10-29,con.mic,p0032,cam.mus,i0072,18:37,500,1,Nachu
V4,2011,2011-11-08,con.mic,p0032,aug.sp,i0228,09:18,800,2,nachu
V1,2008,2008-11-11,con.mic,p0032,exo.sp1,i0068,10:30:00,2000,3,Nachu
V1,2010,2010-10-28,con.mic,p0032,tac.sp10,i0191,13:06:00,1000,1,Nachu
V2,2006,2006-10-30,con.mic,p0032,cop.ari,i0044,09:45,30,1,Diego
V1,2011,2011-12-13,con.mic,p0032,NA,NA,12:55,2000,1,nachu
V1,2010,2010-11-10,con.mic,p0032,hir.sp1,i0051,11:40,0,1,silvia
V1,2007,2007-11-08,con.mic,p0032,dia.sp1,i0073,14:20,300,1,Nachu
V4,2011,2011-11-11,con.mic,p0032,NA,NA,10:30,1500,0,silvia
V4,2011,2011-10-18,con.mic,p0032,com.ful,i0059,09:42,4000,3,nachu
V4,2011,2011-10-14,con.mic,p0032,cop.sp2,i0052,13:26,2000,1,silvia
V4,2008,2008-11-07,con.mic,p0032,tep.sp1,i0139,11:38:00,700,1,Nachu
V1,2011,2011-10-21,con.mic,p0032,dih.sp1,i0031,09:37,450,2,silvia
V1,2007,2007-10-29,con.mic,p0032,coc.sp2,i0144,16:35,1000,1,Nachu
V1,2007,2007-10-25,con.mic,p0032,aug.sp,i0228,11:34,1000,3,Nachu
V1,2010,2010-10-22,con.mic,p0032,syr.sp1,i0045,11:39:00,600,3,Nachu
V4,2011,2011-12-13,con.mic,p0032,cop.ari,i0044,08:47,1500,10,nachu
V1,2011,2011-11-01,con.mic,p0032,tac.sp10,i0191,11:44,500,1,nachu
V4,2011,2011-11-25,con.mic,p0032,NA,NA,10:03,1700,0,silvia
V4,2011,2011-10-14,con.mic,p0032,api.mel,i0070,13:25,2000,5,nachu
V2,2006,2006-10-30,con.mic,p0032,hir.sp1,i0051,08:39,150,34,Diego
V1,2008,2008-11-04,con.mic,p0032,cop.sp2,i0052,09:03:00,3000,5,Nachu
V1,2007,2007-10-29,con.mic,p0032,coc.sp2,i0144,15:00,200,1,Nachu
V4,2011,2011-12-13,con.mic,p0032,cop.ari,i0044,08:47,1500,1,nachu
V1,2011,2011-10-28,con.mic,p0032,syr.sp1,i0045,09:02,5000,3,nachu
V1,2007,2007-10-29,con.mic,p0032,chi.sp1,i0033,15:00,200,1,Nachu
V1,2011,2011-10-28,con.mic,p0032,cop.ari,i0044,10:01,200,2,enzo
V4,2010,2010-10-28,con.mic,p0032,cam.mus,i0072,9:23:00,1000,1,Nachu
V4,2011,2011-11-01,con.mic,p0032,NA,NA,08:49,1800,2,nachu
V4,2009,2009-10-28,con.mic,p0032,cop.ari,i0044,10:06:00,1000,5,nachu
V1,2011,2011-10-28,con.mic,p0032,cop.sp2,i0052,09:17,4500,1,silvia
V1,2011,2011-12-13,con.mic,p0032,tac.sp10,i0191,12:55,2000,1,nachu
V4,2011,2011-10-14,con.mic,p0032,col.cog,i0169,13:25,2000,1,nachu
V1,2010,2010-11-10,con.mic,p0032,com.ful,i0059,11:40,0,3,silvia
V4,2010,2010-10-28,con.mic,p0032,cam.mus,i0072,9:23:00,1000,1,Nachu
V2,2006,2006-10-30,con.mic,p0032,thy.sp1,i0034,10:37,90,1,Diego
V4,2011,2011-10-21,con.mic,p0032,pol.cav,i0039,12:50,100,1,silvia
V4,2009,2009-11-09,con.mic,p0032,cam.mus,i0072,10:36:00,6000,1,nachu
V1,2008,2008-11-04,con.mic,p0032,tac.sp10,i0191,09:03:00,3000,4,Nachu
V4,2011,2011-11-08,con.mic,p0032,cop.ari,i0044,09:18,800,4,nachu
V4,2011,2011-10-21,con.mic,p0032,NA,NA,12:50,100,0,silvia
V4,2010,2010-10-28,con.mic,p0032,syr.sp1,i0045,9:39:00,8000,2,Nachu
V4,2011,2011-11-25,con.mic,p0032,thy.sp1,i0034,10:03,1700,1,silvia
V1,2011,2011-10-21,con.mic,p0032,dih.sp1,i0031,10:55,1500,1,silvia
V3,2006,2006-11-13,con.mic,p0032,com.ful,i0059,12:42,600,1,Erica
V4,2007,2007-10-29,con.mic,p0032,syr.sp1,i0045,14:54,2000,10,Erica
V3,2006,2006-10-24,con.mic,p0032,api.mel,i0070,15:16,100,1,Diego
V4,2011,2011-11-04,con.mic,p0032,dih.sp1,i0031,12:19,1200,2,nachu
V4,2009,2009-10-28,con.mic,p0032,cam.mus,i0072,10:06:00,1000,2,nachu
V4,2011,2011-10-14,con.mic,p0032,vill.sp1,i0114,13:26,2000,1,silvia
V1,2011,2011-10-28,con.mic,p0032,com.ful,i0059,08:38,3500,4,nachu
V1,2011,2011-10-28,con.mic,p0032,bombil11,i0207,09:40,3000,1,nachu
V1,2009,2009-10-28,con.mic,p0032,vill.sp1,i0114,13:22:00,200,1,Belen
V1,2009,2009-11-05,con.mic,p0032,hir.sp1,i0051,10:12:00,3000,1,Rocio
V1,2011,2011-11-01,con.mic,p0032,tac.sp10,i0191,12:06,1500,3,nachu
V4,2009,2009-10-28,con.mic,p0032,cam.mus,i0072,10:06:00,1000,2,nachu
V3,2006,2006-10-30,con.mic,p0032,com.ful,i0059,10:55,5000,1,Jimena
V4,2011,2011-11-11,con.mic,p0032,cop.ari,i0044,09:21,700,15,nachu
V4,2006,2006-10-30,con.mic,p0032,cam.mus,i0072,09:41,50,4,Erica
V1,2011,2011-10-21,con.mic,p0032,bombil11,i0207,10:55,1500,1,silvia
V1,2011,2011-11-22,con.mic,p0032,aug.sp,i0228,14:25,300,1,silvia
V4,2009,2009-11-04,con.mic,p0032,com.ful,i0059,11:03:00,300,1,belen
V4,2009,2009-11-09,con.mic,p0032,cam.mus,i0072,10:17:00,2000,1,nachu
V1,2008,2008-11-11,con.mic,p0032,bombil11,i0207,12:30:00,2000,3,Nachu
V4,2009,2009-10-28,con.mic,p0032,cop.ari,i0044,10:06:00,1000,3,nachu
V3,2006,2006-11-06,con.mic,p0032,hir.sp1,i0051,11:35,500,1,Diego
V4,2009,2009-11-04,con.mic,p0032,cam.mus,i0072,10:00:00,5000,1,Nachu
V4,2011,2011-10-14,con.mic,p0032,bombil11,i0207,13:25,2000,2,nachu
V4,2011,2011-11-01,con.mic,p0032,hir.sp1,i0051,09:10,500,1,enzo
V1,2008,2008-10-24,con.mic,p0032,com.ful,i0059,12:50:00,1000,2,Nachu
V4,2011,2011-10-21,con.mic,p0032,meg.jor,i0298,12:27,800,2,silvia
V4,2011,2011-10-18,con.mic,p0032,cop.ari,i0044,09:42,4000,3,nachu
V4,2011,2011-10-14,con.mic,p0032,vill.sp1,i0114,13:25,2000,2,nachu
V3,2006,2006-10-24,con.mic,p0032,cra.sp1,i0028,11:54,70,1,Diego
V3,2006,2006-10-30,con.mic,p0032,cop.ari,i0044,10:32,2500,40,Jimena
V1,2008,2008-11-11,con.mic,p0032,bombil11,i0207,10:30:00,2000,1,Nachu
V4,2010,2010-10-28,con.mic,p0032,NA,NA,9:39:00,8000,1,Nachu
V4,2009,2009-11-09,con.mic,p0032,hir.sp1,i0051,10:36:00,6000,9,nachu
V4,2010,2010-10-28,con.mic,p0032,com.ful,i0059,9:39:00,8000,2,Nachu
V4,2010,2010-11-26,con.mic,p0032,cam.mus,i0072,9:01:00,200,1,Nachu
V4,2009,2009-11-04,con.mic,p0032,exo.sp1,i0068,10:14:00,9000,2,Nachu
V3,2006,2006-11-06,con.mic,p0032,com.ful,i0059,10:12,500,1,Diego
V4,2011,2011-11-04,con.mic,p0032,vill.sp1,i0114,13:30,700,2,nachu
V4,2008,2008-10-21,con.mic,p0032,exo.sp1,i0068,14:14:00,2000,1,Nachu
V1,2011,2011-11-01,con.mic,p0032,api.mel,i0070,12:06,1500,16,nachu
V1,2009,2009-11-05,con.mic,p0032,api.mel,i0070,11:32:00,10000,8,Nachu
V4,2008,2008-10-28,con.mic,p0032,bombil3,i0069,12:36:00,1000,2,Nachu
V4,2011,2011-11-04,con.mic,p0032,bombil11,i0207,13:30,700,5,nachu
V3,2006,2006-10-24,con.mic,p0032,bombil11,i0207,11:54,70,1,Diego
V1,2011,2011-10-28,con.mic,p0032,cop.ari,i0044,08:38,3500,5,nachu
V2,2006,2006-10-30,con.mic,p0032,hir.sp1,i0051,08:39,150,5,Diego
V1,2011,2011-11-04,con.mic,p0032,bombil11,i0207,10:09,1000,3,nachu
V4,2009,2009-11-09,con.mic,p0032,cam.mus,i0072,10:36:00,6000,1,nachu
V4,2011,2011-10-14,con.mic,p0032,cop.sp2,i0052,13:26,2000,1,silvia
V4,2008,2008-10-24,con.mic,p0032,syr.sp5,i0205,09:08:00,2000,2,Nachu
V2,2006,2006-10-24,con.mic,p0032,cam.mus,i0072,10:24,50,1,Jimena
V4,2007,2007-10-29,con.mic,p0032,cam.mus,i0072,18:37,500,1,Nachu
V4,2010,2010-10-22,con.mic,p0032,syr.sp1,i0045,13:29:00,1000,1,Nachu
V4,2011,2011-10-21,con.mic,p0032,api.mel,i0070,12:47,7000,3,nachu
V4,2011,2011-11-11,con.mic,p0032,bombil11,i0207,09:21,700,3,nachu
V4,2011,2011-11-04,con.mic,p0032,bombil10,i0206,12:19,1200,6,nachu
V1,2011,2011-10-28,con.mic,p0032,cop.ari,i0044,09:40,3000,3,nachu
V4,2010,2010-10-28,con.mic,p0032,cam.mus,i0072,9:23:00,1000,1,Nachu
V1,2008,2008-11-04,con.mic,p0032,exo.sp1,i0068,13:11:00,3000,3,Nachu
V4,2010,2010-10-28,con.mic,p0032,cam.mus,i0072,9:23:00,1000,1,Nachu
V1,2011,2011-10-21,con.mic,p0032,str.eur,i0131,10:20,4000,1,nachu
V4,2010,2010-10-28,con.mic,p0032,cam.mus,i0072,9:23:00,1000,1,Nachu
V4,2011,2011-11-01,con.mic,p0032,coc.mac,i0315,09:10,500,1,enzo
V4,2011,2011-10-21,con.mic,p0032,tac.sp10,i0191,12:47,7000,3,nachu
V1,2011,2011-11-04,con.mic,p0032,cop.ari,i0044,09:08,1000,3,enzo
V4,2011,2011-11-11,con.mic,p0032,hir.sp1,i0051,12:05,1000,2,enzo
V3,2006,2006-11-06,con.mic,p0032,cop.ari,i0044,09:50,400,1,Diego
V4,2011,2011-10-18,con.mic,p0032,cop.ari,i0044,09:42,4000,1,nachu
V1,2009,2009-11-05,con.mic,p0032,cam.mus,i0072,11:00:00,900,10,Nachu
V1,2011,2011-12-13,con.mic,p0032,tac.sp10,i0191,12:55,2000,3,nachu
V4,2011,2011-10-21,con.mic,p0032,cop.ari,i0044,12:50,100,1,silvia
V4,2011,2011-11-04,con.mic,p0032,cop.ari,i0044,12:22,1000,2,enzo
V1,2011,2011-11-01,con.mic,p0032,psa.phi,i0100,11:39,500,1,enzo
V1,2007,2007-11-08,con.mic,p0032,cam.pun,i0128,14:20,300,1,Nachu
V1,2007,2007-10-29,con.mic,p0032,dia.sp1,i0073,17:10,400,2,Nachu
V1,2011,2011-11-01,con.mic,p0032,psa.phi,i0100,11:39,500,3,enzo
V3,2006,2006-10-24,con.mic,p0032,syr.sp3,i0093,14:56,100,1,Diego
V3,2006,2006-11-06,con.mic,p0032,syr.sp1,i0045,11:00,400,1,Diego
V4,2010,2010-10-28,con.mic,p0032,cam.mus,i0072,9:23:00,1000,1,Nachu
V1,2011,2011-11-22,con.mic,p0032,aug.sp,i0228,14:25,300,1,silvia
V3,2006,2006-10-30,con.mic,p0032,exo.sp1,i0068,10:32,2500,25,Jimena
V1,2007,2007-11-08,con.mic,p0032,cam.pun,i0128,14:20,300,1,Nachu
V1,2011,2011-11-08,con.mic,p0032,com.ful,i0059,12:49,1100,2,nachu
V1,2009,2009-10-28,con.mic,p0032,aug.sp,i0228,13:13:00,200,1,Belen
V1,2008,2008-11-11,con.mic,p0032,cam.pun,i0128,11:43:00,70,5,Nachu
V1,2008,2008-11-11,con.mic,p0032,cam.pun,i0128,11:43:00,70,5,Nachu
V4,2011,2011-10-14,con.mic,p0032,NA,NA,13:00,300,1,nachu
V4,2007,2007-10-25,con.mic,p0032,tep.sp1,i0139,09:01,400,1,Nachu
V1,2008,2008-10-24,con.mic,p0032,aug.sp,i0228,12:50:00,1000,1,Nachu
V1,2011,2011-10-28,con.mic,p0032,cop.sp2,i0052,09:40,3000,3,nachu
V4,2011,2011-10-18,con.mic,p0032,cop.ari,i0044,09:42,4000,3,nachu
V1,2011,2011-11-01,con.mic,p0032,api.mel,i0070,12:06,1500,16,nachu
V4,2011,2011-10-25,con.mic,p0032,NA,NA,09:35,100,1,enzo
V1,2007,2007-11-02,con.mic,p0032,dia.sp1,i0073,12:41,200,2,Nachu
V1,2007,2007-10-25,con.mic,p0032,aug.sp,i0228,11:34,1000,1,Nachu
V4,2011,2011-10-21,con.mic,p0032,tac.sp10,i0191,12:47,7000,3,nachu
V1,2011,2011-11-04,con.mic,p0032,dih.sp1,i0031,10:09,1000,1,nachu
V1,2010,2010-11-10,con.mic,p0032,tac.sp20,i0291,11:40,0,4,silvia
V1,2009,2009-11-05,con.mic,p0032,syr.sp1,i0045,11:32:00,10000,3,Nachu
V1,2011,2011-10-28,con.mic,p0032,cop.ari,i0044,09:14,200,3,enzo
V1,2009,2009-10-28,con.mic,p0032,bombil7,i0116,13:13:00,200,3,Belen
V4,2011,2011-11-01,con.mic,p0032,cop.ari,i0044,08:50,200,2,enzo
V3,2006,2006-10-30,con.mic,p0032,api.mel,i0070,09:45,5000,5,Jimena
V1,2008,2008-11-04,con.mic,p0032,NA,I0266,13:11:00,3000,10,Nachu
V4,2008,2008-10-17,con.mic,p0032,pol.cav,i0039,14:41:00,3000,5,Nachu
V4,2007,2007-10-25,con.mic,p0032,syr.sp1,i0045,07:48,ram 300,1,diego
V1,2008,2008-11-11,con.mic,p0032,NA,I0266,12:30:00,2000,5,Nachu
V1,2008,2008-11-11,con.mic,p0032,vill.sp1,i0114,10:30:00,2000,2,Nachu
V1,2011,2011-10-28,con.mic,p0032,tac.sp8,i0188,09:17,4500,1,silvia
V1,2009,2009-11-05,con.mic,p0032,vill.sp1,i0114,11:32:00,10000,1,Nachu
V4,2011,2011-11-04,con.mic,p0032,vill.sp1,i0114,12:19,1200,3,nachu
V4,2010,2010-10-28,con.mic,p0032,syr.sp1,i0045,9:23:00,1000,4,Nachu
V4,2009,2009-10-26,con.mic,p0032,exo.sp1,i0068,12:30:00,500,1,nachu
V1,2011,2011-11-04,con.mic,p0032,vill.sp1,i0114,10:09,1000,2,nachu
V4,2010,2010-10-28,con.mic,p0032,NA,NA,10:02,600,0,silvia
V4,2006,2006-11-13,con.mic,p0032,exo.sp1,i0068,10:45,400,8,Beni
V1,2008,2008-11-11,con.mic,p0032,vill.sp1,i0114,10:30:00,2000,1,Nachu
V2,2006,2006-11-06,con.mic,p0032,pla.sp1,i0046,13:54,700,1,Diego
V1,2009,2009-10-26,con.mic,p0032,aug.sp,i0228,10:53:00,1500,3,nachu
V1,2008,2008-11-11,con.mic,p0032,exo.sp1,i0068,10:30:00,2000,3,Nachu
V1,2009,2009-11-05,con.mic,p0032,api.mel,i0070,11:32:00,10000,9,Nachu
V4,2009,2009-10-26,con.mic,p0032,exo.sp1,i0068,12:30:00,500,1,nachu
V1,2008,2008-11-11,con.mic,p0032,cam.pun,i0128,11:43:00,70,3,Nachu
V4,2007,2007-10-29,con.mic,p0032,cop.ari,i0044,14:54,2000,50,Erica
V4,2011,2011-11-04,con.mic,p0032,bombil10,i0206,13:30,700,2,nachu
V1,2009,2009-11-05,con.mic,p0032,hir.sp1,i0051,10:12:00,3000,1,Rocio
V4,2009,2009-10-28,con.mic,p0032,bombil10,i0206,10:06:00,1000,1,nachu
V4,2011,2011-11-04,con.mic,p0032,api.mel,i0070,12:19,1200,10,nachu
V4,2011,2011-10-28,con.mic,p0032,pse.sp,i0167,13:41,500,1,enzo
V1,2011,2011-10-28,con.mic,p0032,cop.ari,i0044,09:02,5000,4,nachu
V3,2006,2006-11-20,con.mic,p0032,bombil10,i0206,11:04,1700,3,Beni
V4,2009,2009-11-09,con.mic,p0032,cam.mus,i0072,10:36:00,6000,1,nachu
V1,2011,2011-10-21,con.mic,p0032,vill.sp1,i0114,10:40,2500,1,silvia
V3,2006,2006-10-24,con.mic,p0032,hir.sp1,i0051,15:16,100,1,Diego
V1,2009,2009-11-05,con.mic,p0032,vill.sp1,i0114,11:32:00,10000,1,Nachu
V4,2011,2011-11-08,con.mic,p0032,cop.ari,i0044,09:17,500,3,enzo
V1,2009,2009-11-11,con.mic,p0032,bombil10,i0206,10:32:00,8000,1,Nachu
V1,2007,2007-11-08,con.mic,p0032,cam.pun,i0128,14:20,300,2,Nachu
V1,2011,2011-11-04,con.mic,p0032,NA,NA,10:09,1000,1,nachu
V1,2011,2011-10-21,con.mic,p0032,cop.ari,i0044,10:40,2500,1,silvia
V1,2008,2008-11-11,con.mic,p0032,cam.pun,i0128,11:43:00,70,3,Nachu
V4,2011,2011-10-14,con.mic,p0032,api.mel,i0070,13:25,2000,3,nachu
V1,2011,2011-11-22,con.mic,p0032,NA,NA,13:15,400,0,silvia
V1,2011,2011-10-21,con.mic,p0032,amm.sp1,i0126,10:45,3000,2,nachu
V4,2011,2011-11-04,con.mic,p0032,vill.sp1,i0114,12:22,1000,3,enzo
V1,2009,2009-11-05,con.mic,p0032,bombil10,i0206,11:32:00,10000,4,Nachu
V1,2008,2008-11-11,con.mic,p0032,cam.pun,i0128,11:43:00,70,3,Nachu
V4,2011,2011-11-11,con.mic,p0032,bombil11,i0207,09:21,700,6,nachu
V1,2008,2008-11-11,con.mic,p0032,bombil11,i0207,12:30:00,2000,1,Nachu
V4,2011,2011-11-01,con.mic,p0032,bombil10,i0206,09:47,400,1,enzo
V4,2011,2011-11-04,con.mic,p0032,bombil11,i0207,13:30,700,5,nachu
V4,2011,2011-11-08,con.mic,p0032,vill.sp1,i0114,09:18,800,3,nachu
V4,2007,2007-10-29,con.mic,p0032,cam.mus,i0072,18:37,500,1,Nachu
V4,2008,2008-11-07,con.mic,p0032,ari.sp1,i0060,11:38:00,700,2,Nachu
V4,2007,2007-11-02,con.mic,p0032,cam.mus,i0072,10:15,100,4,Nachu
V4,2009,2009-11-11,con.mic,p0032,bombil10,i0206,13:20:00,4000,4,Nachu
V4,2011,2011-11-08,con.mic,p0032,meg.A,i0003,09:18,800,1,nachu
V1,2011,2011-10-21,con.mic,p0032,bombil9,i0183,10:45,3000,1,nachu
V2,2006,2006-10-24,con.mic,p0032,cam.mus,i0072,10:24,50,11,Jimena
V4,2009,2009-11-09,con.mic,p0032,cam.mus,i0072,10:36:00,6000,1,nachu
V4,2011,2011-11-08,con.mic,p0032,syr.sp1,i0045,09:17,500,3,enzo
V4,2010,2010-11-26,con.mic,p0032,cam.mus,i0072,9:01:00,200,1,Nachu
V1,2011,2011-10-21,con.mic,p0032,bombil9,i0183,10:45,3000,1,nachu
V4,2011,2011-11-04,con.mic,p0032,cop.ari,i0044,12:48,700,7,enzo
V1,2009,2009-11-09,con.mic,p0032,amm.sp1,i0126,12:27:00,1400,3,nachu
V1,2011,2011-10-28,con.mic,p0032,NA,NA,09:40,3000,3,nachu
V4,2007,2007-10-29,con.mic,p0032,cam.mus,i0072,18:37,500,1,Nachu
V4,2011,2011-11-04,con.mic,p0032,aug.sp,i0228,12:19,1200,3,nachu
V4,2011,2011-11-08,con.mic,p0032,exo.sp1,i0068,09:17,500,7,enzo
V1,2008,2008-11-04,con.mic,p0032,api.mel,i0070,09:03:00,3000,5,Nachu
V4,2011,2011-11-08,con.mic,p0032,hir.sp1,i0051,09:18,800,4,nachu
V4,2011,2011-11-01,con.mic,p0032,cop.sp2,i0052,09:00,1000,2,nachu
V4,2009,2009-11-09,con.mic,p0032,cam.mus,i0072,10:36:00,6000,1,nachu
V4,2009,2009-10-26,con.mic,p0032,cam.mus,i0072,12:30:00,500,1,nachu
V1,2011,2011-10-21,con.mic,p0032,dih.sp1,i0031,10:55,1500,1,silvia
V1,2009,2009-11-05,con.mic,p0032,hir.sp1,i0051,11:36:00,2000,1,Rocio
V4,2009,2009-11-09,con.mic,p0032,exo.sp1,i0068,10:17:00,2000,2,nachu
V4,2011,2011-11-11,con.mic,p0032,cop.ari,i0044,10:30,1500,1,silvia
V4,2009,2009-11-04,con.mic,p0032,exo.sp1,i0068,11:03:00,300,1,belen
V1,2010,2010-10-28,con.mic,p0032,api.mel,i0070,13:06:00,1000,10,Nachu
V3,2006,2006-11-06,con.mic,p0032,hir.sp1,i0051,09:50,400,1,Diego
V1,2008,2008-11-11,con.mic,p0032,bombil3,i0069,10:30:00,2000,1,Nachu
V4,2009,2009-11-04,con.mic,p0032,bombil10,i0206,11:11:00,2000,1,Nachu
V4,2008,2008-10-24,con.mic,p0032,cam.mus,i0072,09:08:00,2000,3,Nachu
V1,2010,2010-11-19,con.mic,p0032,cop.sp2,i0052,8:44,150,1,silvia
V4,2010,2010-10-28,con.mic,p0032,cop.sp2,i0052,9:39:00,8000,3,Nachu
V1,2008,2008-11-11,con.mic,p0032,cam.pun,i0128,11:43:00,70,5,Nachu
V4,2011,2011-11-04,con.mic,p0032,bombil10,i0206,12:19,1200,6,nachu
V4,2011,2011-11-04,con.mic,p0032,bombil10,i0206,12:19,1200,6,nachu
V3,2006,2006-11-13,con.mic,p0032,hir.sp1,i0051,10:45,3000,5,Erica
V1,2007,2007-11-08,con.mic,p0032,cam.pun,i0128,14:20,300,1,Nachu
V1,2011,2011-10-28,con.mic,p0032,NA,NA,09:40,3000,2,nachu
V1,2011,2011-10-21,con.mic,p0032,aug.sp,i0228,10:40,2500,1,silvia
V1,2009,2009-10-28,con.mic,p0032,hir.sp1,i0051,11:42:00,500,1,nachu
V1,2011,2011-11-04,con.mic,p0032,cop.ari,i0044,10:09,1000,7,nachu
V4,2011,2011-11-25,con.mic,p0032,hemip5,i0318,10:03,1700,1,silvia
V1,2008,2008-11-11,con.mic,p0032,cam.pun,i0128,11:43:00,70,5,Nachu
V1,2007,2007-11-02,con.mic,p0032,cam.pun,i0128,12:41,200,4,Nachu
V4,2011,2011-11-01,con.mic,p0032,hir.sp1,i0051,09:32,3000,3,nachu
V1,2011,2011-11-04,con.mic,p0032,cop.sp2,i0052,10:09,1000,2,nachu
V1,2008,2008-11-04,con.mic,p0032,exo.sp1,i0068,13:11:00,3000,3,Nachu
V1,2007,2007-10-25,con.mic,p0032,dia.sp1,i0073,11:40,1500,1,Nachu
V4,2007,2007-10-25,con.mic,p0032,NA,NA,07:42,ram 600,0,diego
V4,2011,2011-11-08,con.mic,p0032,cop.ari,i0044,09:17,500,5,enzo
V4,2011,2011-10-14,con.mic,p0032,NA,NA,13:00,300,1,nachu
V1,2008,2008-11-11,con.mic,p0032,cam.pun,i0128,11:43:00,70,5,Nachu
V4,2011,2011-10-25,con.mic,p0032,com.ful,i0059,10:40,6000,1,silvia
V4,2011,2011-11-04,con.mic,p0032,cop.ari,i0044,13:55,1000,3,enzo
V1,2010,2010-11-10,con.mic,p0032,hir.sp1,i0051,11:40,0,1,silvia
V3,2006,2006-11-06,con.mic,p0032,hir.sp1,i0051,09:50,400,1,Diego
V1,2008,2008-11-04,con.mic,p0032,exo.sp1,i0068,13:11:00,3000,1,Nachu
V4,2011,2011-10-18,con.mic,p0032,amm.sp1,i0126,08:36,100,1,nachu
V1,2011,2011-11-01,con.mic,p0032,bombil11,i0207,11:44,500,2,nachu
V4,2009,2009-11-09,con.mic,p0032,exo.sp1,i0068,10:17:00,2000,2,nachu
V4,2011,2011-11-25,con.mic,p0032,NA,NA,10:03,1700,0,silvia
V4,2009,2009-10-26,con.mic,p0032,exo.sp1,i0068,12:30:00,500,2,nachu
V4,2011,2011-10-14,con.mic,p0032,bombil11,i0207,13:25,2000,1,nachu
V4,2011,2011-10-21,con.mic,p0032,col.cog,i0169,12:47,7000,3,nachu
V4,2009,2009-10-28,con.mic,p0032,com.ful,i0059,10:06:00,1000,2,nachu
V1,2010,2010-11-10,con.mic,p0032,com.ful,i0059,11:40,0,1,silvia
V4,2011,2011-11-11,con.mic,p0032,cop.ari,i0044,12:05,1000,1,enzo
V4,2011,2011-10-14,con.mic,p0032,col.cog,i0169,13:25,2000,1,nachu
V1,2008,2008-11-04,con.mic,p0032,hir.sp1,i0051,13:11:00,3000,2,Nachu
V1,2009,2009-11-05,con.mic,p0032,hir.sp1,i0051,12:29:00,5,3,Belen
V1,2009,2009-10-28,con.mic,p0032,cop.sp2,i0052,11:42:00,500,2,nachu
V4,2011,2011-11-04,con.mic,p0032,api.mel,i0070,12:19,1200,5,nachu
V1,2008,2008-10-24,con.mic,p0032,exo.sp1,i0068,12:50:00,1000,1,Nachu
V3,2006,2006-11-13,con.mic,p0032,hir.sp1,i0051,12:51,500,2,Erica
V4,2011,2011-10-14,con.mic,p0032,NA,NA,13:26,2000,1,silvia
V1,2011,2011-10-28,con.mic,p0032,cop.ari,i0044,09:17,4500,3,silvia
V4,2011,2011-10-14,con.mic,p0032,syr.sp1,i0045,13:26,2000,1,silvia
V1,2008,2008-11-11,con.mic,p0032,bombil11,i0207,12:30:00,2000,1,Nachu
V1,2009,2009-11-05,con.mic,p0032,api.mel,i0070,11:32:00,10000,5,Nachu
V4,2010,2010-10-28,con.mic,p0032,syr.sp1,i0045,9:39:00,8000,1,Nachu
V4,2007,2007-11-02,con.mic,p0032,cam.mus,i0072,10:15,100,2,Nachu
V4,2010,2010-10-22,con.mic,p0032,syr.sp1,i0045,13:29:00,1000,1,Nachu
V4,2009,2009-11-09,con.mic,p0032,cam.mus,i0072,10:36:00,6000,1,nachu
V4,2011,2011-11-01,con.mic,p0032,cop.ari,i0044,09:32,3000,1,nachu
V3,2006,2006-10-30,con.mic,p0032,NA,NA,08:45,200,0,Jimena
V4,2009,2009-11-09,con.mic,p0032,cam.mus,i0072,10:36:00,6000,1,nachu
V3,2006,2006-10-30,con.mic,p0032,cop.ari,i0044,10:05,2000,50,Jimena
V1,2008,2008-10-24,con.mic,p0032,com.ful,i0059,12:50:00,1000,3,Nachu
V4,2011,2011-11-01,con.mic,p0032,bombil11,i0207,09:32,3000,1,nachu
V1,2011,2011-11-01,con.mic,p0032,cop.ari,i0044,11:39,500,2,enzo
V1,2011,2011-11-01,con.mic,p0032,cop.ari,i0044,11:39,500,4,enzo
V3,2006,2006-10-24,con.mic,p0032,bombil3,i0069,14:56,100,1,Diego
V4,2008,2008-10-31,con.mic,p0032,bombil3,i0069,11:20:00,2000,1,Nachu
V4,2011,2011-10-18,con.mic,p0032,cop.ari,i0044,09:42,4000,3,nachu
V4,2010,2010-11-26,con.mic,p0032,cam.mus,i0072,9:01:00,200,1,Nachu
V1,2008,2008-11-11,con.mic,p0032,cam.pun,i0128,11:43:00,70,3,Nachu
V4,2011,2011-10-21,con.mic,p0032,NA,NA,12:50,100,0,silvia
V1,2011,2011-10-21,con.mic,p0032,bombil11,i0207,10:20,4000,1,nachu
V4,2011,2011-10-28,con.mic,p0032,hir.sp1,i0051,12:35,2000,3,nachu
V4,2010,2010-10-28,con.mic,p0032,syr.sp1,i0045,9:39:00,8000,2,Nachu
V1,2011,2011-11-01,con.mic,p0032,tac.sp10,i0191,11:44,500,1,nachu
V4,2011,2011-12-13,con.mic,p0032,cop.ari,i0044,08:47,1500,5,nachu
V4,2011,2011-10-14,con.mic,p0032,bombil11,i0207,12:55,90,1,nachu
V4,2009,2009-11-09,con.mic,p0032,NA,NA,11:06:00,600,0,Belen
V4,2011,2011-10-25,con.mic,p0032,cam.mus,i0072,09:15,5000,9,nachu
V1,2011,2011-11-04,con.mic,p0032,NA,NA,10:09,1000,1,nachu
V4,2010,2010-10-28,con.mic,p0032,hir.sp1,i0051,9:23:00,1000,3,Nachu
V1,2011,2011-10-28,con.mic,p0032,meg.jor,i0298,09:02,5000,3,nachu
V4,2007,2007-10-29,con.mic,p0032,cam.mus,i0072,18:37,500,1,Nachu
V4,2011,2011-11-22,con.mic,p0032,bombil11,i0207,12:00,1200,1,silvia
V4,2009,2009-10-28,con.mic,p0032,bombil9,i0183,10:06:00,1000,2,nachu
V3,2006,2006-10-30,con.mic,p0032,zet.sp1,i0037,10:55,5000,30,Jimena
V4,2011,2011-10-18,con.mic,p0032,NA,NA,09:42,4000,3,nachu
V1,2011,2011-10-28,con.mic,p0032,syr.sp1,i0045,09:02,5000,2,nachu
V1,2011,2011-10-21,con.mic,p0032,cop.ari,i0044,10:40,2500,1,silvia
V1,2009,2009-11-18,con.mic,p0032,hir.sp1,i0051,10:30:00,700,10,Nachu
V4,2011,2011-11-01,con.mic,p0032,zet.sp1,i0037,08:50,200,1,enzo
V1,2007,2007-10-29,con.mic,p0032,syr.sp1,i0045,17:10,400,5,Nachu
V3,2006,2006-10-24,con.mic,p0032,bombil3,i0069,15:16,100,1,Diego
V4,2011,2011-10-25,con.mic,p0032,syr.sp1,i0045,10:40,6000,1,silvia
V1,2008,2008-11-11,con.mic,p0032,bombil11,i0207,12:30:00,2000,1,Nachu
V4,2011,2011-11-11,con.mic,p0032,bombil10,i0206,09:42,1000,3,enzo
V4,2011,2011-10-21,con.mic,p0032,bombil3,i0069,12:50,100,1,silvia
V1,2008,2008-11-11,con.mic,p0032,bombil11,i0207,10:30:00,2000,1,Nachu
V4,2011,2011-11-01,con.mic,p0032,cop.ari,i0044,08:49,1800,9,nachu
V1,2011,2011-10-21,con.mic,p0032,NA,NA,10:40,2500,0,silvia
V2,2006,2006-11-06,con.mic,p0032,com.ful,i0059,13:54,700,1,Diego
V1,2011,2011-10-28,con.mic,p0032,cop.ari,i0044,09:02,5000,5,nachu
V4,2011,2011-11-04,con.mic,p0032,cop.ari,i0044,12:48,700,10,enzo
V1,2011,2011-11-08,con.mic,p0032,cop.sp2,i0052,11:49,1000,3,enzo
V1,2009,2009-11-05,con.mic,p0032,hir.sp1,i0051,10:12:00,3000,1,Rocio
V4,2008,2008-10-28,con.mic,p0032,exo.sp1,i0068,12:54:00,1000,10,Diego
V1,2008,2008-11-04,con.mic,p0032,exo.sp1,i0068,13:11:00,3000,1,Nachu
V3,2006,2006-10-24,con.mic,p0032,pompil2,i0036,12:13,70,1,Diego
V3,2006,2006-10-30,con.mic,p0032,syr.sp1,i0045,10:32,2500,50,Jimena
V4,2007,2007-10-29,con.mic,p0032,cop.ari,i0044,14:54,2000,50,Erica
V1,2011,2011-10-28,con.mic,p0032,com.ful,i0059,08:38,3500,4,nachu
V1,2011,2011-10-21,con.mic,p0032,bombil11,i0207,10:20,4000,1,nachu
V3,2006,2006-10-30,con.mic,p0032,com.ful,i0059,13:42,3000,10,Jimena
V4,2011,2011-10-25,con.mic,p0032,NA,NA,09:43,1200,1,silvia
V4,2009,2009-10-28,con.mic,p0032,cam.mus,i0072,10:06:00,1000,2,nachu
V4,2011,2011-10-21,con.mic,p0032,api.mel,i0070,12:27,800,1,silvia
V4,2009,2009-11-09,con.mic,p0032,cam.mus,i0072,10:36:00,6000,1,nachu
V4,2011,2011-11-25,con.mic,p0032,NA,NA,10:03,1700,0,silvia
V4,2011,2011-11-04,con.mic,p0032,bombil10,i0206,12:19,1200,6,nachu
V4,2011,2011-11-11,con.mic,p0032,bombil11,i0207,09:21,700,4,nachu
V4,2011,2011-11-01,con.mic,p0032,tac.sp10,i0191,09:47,400,2,enzo
V4,2011,2011-10-28,con.mic,p0032,chi.tri,i0310,12:28,900,1,silvia
V1,2011,2011-10-21,con.mic,p0032,dih.sp1,i0031,10:55,1500,1,silvia
V1,2011,2011-10-21,con.mic,p0032,bombil10,i0206,10:45,3000,1,nachu
V4,2011,2011-11-11,con.mic,p0032,exo.sp1,i0068,12:05,1000,1,enzo
V4,2008,2008-10-24,con.mic,p0032,bombil3,i0069,09:08:00,2000,10,Nachu
V4,2011,2011-10-25,con.mic,p0032,cop.ari,i0044,09:35,100,1,enzo
V1,2008,2008-11-11,con.mic,p0032,cop.ari,i0044,10:30:00,2000,1,Nachu
V1,2008,2008-11-04,con.mic,p0032,hir.sp1,i0051,13:11:00,3000,3,Nachu
V1,2009,2009-11-05,con.mic,p0032,exo.sp1,i0068,10:12:00,3000,3,Rocio
V2,2006,2006-11-13,con.mic,p0032,com.ful,i0059,13:17,150,3,Diego
V4,2009,2009-11-18,con.mic,p0032,cam.mus,i0072,14:00:00,300,1,Nachu
V1,2011,2011-10-28,con.mic,p0032,cop.ari,i0044,09:02,5000,7,nachu
V3,2006,2006-10-24,con.mic,p0032,emp.sp1,i0088,15:16,100,1,Diego
V4,2011,2011-10-28,con.mic,p0032,cop.ari,i0044,12:35,2000,1,nachu
V1,2008,2008-11-11,con.mic,p0032,cam.pun,i0128,11:43:00,70,3,Nachu
V3,2006,2006-11-13,con.mic,p0032,hir.sp1,i0051,08:51,500,15,Erica
V4,2011,2011-10-18,con.mic,p0032,com.ful,i0059,09:42,4000,1,nachu
V4,2011,2011-11-01,con.mic,p0032,com.ful,i0059,09:32,3000,4,nachu
V3,2006,2006-10-30,con.mic,p0032,cop.ari,i0044,13:03,5000,3,Jimena
V1,2011,2011-10-28,con.mic,p0032,cop.ari,i0044,09:02,5000,5,nachu
V1,2009,2009-11-25,con.mic,p0032,com.ful,i0059,13:33:00,1000,3,Belen
V4,2011,2011-11-01,con.mic,p0032,NA,NA,09:00,1000,1,nachu
V4,2011,2011-11-04,con.mic,p0032,bombil10,i0206,12:19,1200,6,nachu
V4,2011,2011-10-14,con.mic,p0032,NA,NA,13:00,300,1,nachu
V1,2009,2009-10-28,con.mic,p0032,col.cog,i0169,11:42:00,500,3,nachu
V1,2011,2011-10-28,con.mic,p0032,cop.ari,i0044,08:38,3500,5,nachu
V1,2008,2008-11-11,con.mic,p0032,bombil11,i0207,12:30:00,2000,1,Nachu
V4,2008,2008-10-31,con.mic,p0032,zet.sp1,i0037,10:01:00,200,1,Nachu
V4,2009,2009-11-04,con.mic,p0032,asi.sp1,i0055,11:03:00,300,1,belen
V4,2007,2007-10-25,con.mic,p0032,tep.sp1,i0139,09:01,400,1,Nachu
V4,2011,2011-10-18,con.mic,p0032,NA,NA,08:36,100,0,nachu
V1,2011,2011-12-13,con.mic,p0032,str.eur,i0131,12:55,2000,1,nachu
V1,2008,2008-11-04,con.mic,p0032,exo.sp1,i0068,09:03:00,3000,10,Nachu
V1,2007,2007-10-25,con.mic,p0032,coc.sp2,i0144,11:40,1500,1,Nachu
V1,2007,2007-10-29,con.mic,p0032,coc.sp2,i0144,16:25,300,2,Nachu
V4,2011,2011-11-04,con.mic,p0032,zet.sp1,i0037,13:30,700,3,nachu
V4,2007,2007-10-29,con.mic,p0032,syr.sp1,i0045,14:54,2000,10,Erica
V1,2008,2008-11-04,con.mic,p0032,exo.sp1,i0068,13:11:00,3000,5,Nachu
V1,2008,2008-10-24,con.mic,p0032,cop.ari,i0044,12:50:00,1000,5,Nachu
V4,2011,2011-10-14,con.mic,p0032,cop.ari,i0044,13:00,300,2,nachu
V4,2011,2011-10-25,con.mic,p0032,syr.sp1,i0045,08:55,1400,1,silvia
V1,2007,2007-10-29,con.mic,p0032,dia.sp1,i0073,16:25,300,1,Nachu
V1,2011,2011-10-21,con.mic,p0032,cop.ari,i0044,10:40,2500,1,silvia
V1,2011,2011-10-28,con.mic,p0032,com.ful,i0059,08:38,3500,4,nachu
V1,2009,2009-10-26,con.mic,p0032,amm.sp1,i0126,10:53:00,1500,1,nachu
V1,2011,2011-10-28,con.mic,p0032,com.ful,i0059,08:38,3500,8,nachu
V4,2008,2008-11-07,con.mic,p0032,cha.sp1,i0062,11:38:00,700,1,Nachu
V1,2007,2007-11-06,con.mic,p0032,cam.mus,i0072,09:45,100,5,Nachu
V1,2008,2008-11-11,con.mic,p0032,NA,I0266,10:30:00,2000,4,Nachu
V1,2008,2008-11-04,con.mic,p0032,hir.sp1,i0051,13:11:00,3000,2,Nachu
V4,2006,2006-11-06,con.mic,p0032,syr.sp1,i0045,09:50,1400,1,Nachu
V1,2009,2009-11-05,con.mic,p0032,api.mel,i0070,11:36:00,2000,1,Rocio
V1,2011,2011-10-21,con.mic,p0032,NA,NA,10:40,2500,0,silvia
V1,2008,2008-11-11,con.mic,p0032,hypa.sp1,i0127,10:30:00,2000,3,Nachu
V4,2011,2011-11-08,con.mic,p0032,NA,NA,09:17,500,2,enzo
V1,2011,2011-10-28,con.mic,p0032,cop.ari,i0044,09:17,4500,1,silvia
V4,2009,2009-10-26,con.mic,p0032,bombil10,i0206,12:30:00,500,2,nachu
V1,2009,2009-11-25,con.mic,p0032,thy.sp1,i0034,13:33:00,1000,2,Belen
V4,2011,2011-11-01,con.mic,p0032,bombil10,i0206,09:00,1000,1,nachu
V1,2009,2009-10-26,con.mic,p0032,bombil10,i0206,10:53:00,1500,2,nachu
V4,2009,2009-10-28,con.mic,p0032,com.ful,i0059,10:06:00,1000,5,nachu
V4,2011,2011-10-18,con.mic,p0032,NA,NA,09:42,4000,2,nachu
V4,2011,2011-11-25,con.mic,p0032,thy.sp1,i0034,10:03,1700,1,silvia
V4,2010,2010-10-28,con.mic,p0032,cam.mus,i0072,9:23:00,1000,1,Nachu
V4,2011,2011-10-21,con.mic,p0032,col.cog,i0169,12:50,100,1,silvia
V1,2008,2008-11-11,con.mic,p0032,tac.sp15,i0196,12:30:00,2000,1,Nachu
V4,2009,2009-11-04,con.mic,p0032,bombil10,i0206,11:03:00,300,1,belen
V4,2011,2011-10-14,con.mic,p0032,bombil11,i0207,13:00,300,1,nachu
V4,2009,2009-11-09,con.mic,p0032,com.ful,i0059,10:17:00,2000,1,nachu
V1,2011,2011-12-13,con.mic,p0032,cam.pun,i0128,12:55,2000,1,nachu
V1,2008,2008-11-11,con.mic,p0032,vill.sp1,i0114,10:30:00,2000,1,Nachu
V4,2011,2011-10-14,con.mic,p0032,syr.sp1,i0045,13:26,2000,1,silvia
V1,2008,2008-11-11,con.mic,p0032,bombil11,i0207,10:30:00,2000,1,Nachu
V4,2011,2011-11-04,con.mic,p0032,bombil10,i0206,12:19,1200,2,nachu
V1,2011,2011-10-28,con.mic,p0032,com.ful,i0059,08:38,3500,3,nachu
V1,2007,2007-10-29,con.mic,p0032,lei.fri,i0029,16:35,1000,1,Nachu
V1,2008,2008-11-04,con.mic,p0032,exo.sp1,i0068,13:11:00,3000,2,Nachu
V4,2010,2010-10-28,con.mic,p0032,cam.mus,i0072,9:23:00,1000,1,Nachu
V4,2011,2011-10-14,con.mic,p0032,dih.sp1,i0031,12:55,90,1,nachu
V1,2010,2010-10-22,con.mic,p0032,syr.sp1,i0045,11:39:00,600,2,Nachu
V1,2011,2011-11-04,con.mic,p0032,bombil11,i0207,10:09,1000,5,nachu
V1,2011,2011-10-21,con.mic,p0032,cop.sp2,i0052,10:40,2500,1,silvia
V4,2008,2008-10-17,con.mic,p0032,com.ful,i0059,14:41:00,3000,3,Nachu
V4,2010,2010-10-28,con.mic,p0032,cam.mus,i0072,9:23:00,1000,1,Nachu
V3,2006,2006-10-30,con.mic,p0032,bombil3,i0069,10:32,2500,30,Jimena
V1,2011,2011-11-04,con.mic,p0032,vill.sp1,i0114,10:09,1000,2,nachu
V3,2006,2006-10-30,con.mic,p0032,com.ful,i0059,09:45,5000,10,Jimena
V1,2009,2009-11-05,con.mic,p0032,vill.sp1,i0114,11:32:00,10000,2,Nachu
V4,2011,2011-10-28,con.mic,p0032,cop.ari,i0044,12:35,2000,5,nachu
V4,2011,2011-10-14,con.mic,p0032,dih.sp1,i0031,13:26,2000,1,silvia
V4,2008,2008-10-31,con.mic,p0032,exo.sp1,i0068,11:20:00,2000,6,Nachu
V4,2009,2009-11-09,con.mic,p0032,cam.mus,i0072,10:36:00,6000,1,nachu
V1,2008,2008-11-04,con.mic,p0032,cop.sp2,i0052,09:03:00,3000,5,Nachu
V4,2011,2011-11-01,con.mic,p0032,hir.sp1,i0051,09:32,3000,3,nachu
V1,2011,2011-11-22,con.mic,p0032,aug.sp,i0228,14:25,300,1,silvia
V1,2011,2011-10-21,con.mic,p0032,bombil9,i0183,10:45,3000,1,nachu
V4,2008,2008-10-28,con.mic,p0032,exo.sp1,i0068,12:54:00,1000,5,Diego
V4,2011,2011-11-01,con.mic,p0032,bombil11,i0207,09:00,1000,2,nachu
V1,2011,2011-10-21,con.mic,p0032,api.mel,i0070,10:40,2500,1,silvia
V3,2006,2006-11-06,con.mic,p0032,syr.sp1,i0045,10:12,500,1,Diego
V4,2008,2008-10-31,con.mic,p0032,exo.sp1,i0068,10:01:00,200,5,Nachu
V1,2011,2011-11-04,con.mic,p0032,cop.sp2,i0052,10:09,1000,2,nachu
V4,2011,2011-11-01,con.mic,p0032,cop.ari,i0044,08:49,1800,1,nachu
V1,2010,2010-10-22,con.mic,p0032,syr.sp1,i0045,11:11,300,4,silvia
V1,2009,2009-11-05,con.mic,p0032,aug.sp,i0228,10:12:00,3000,7,Rocio
V1,2008,2008-11-11,con.mic,p0032,vill.sp1,i0114,10:30:00,2000,1,Nachu
V1,2009,2009-10-28,con.mic,p0032,aug.sp,i0228,13:28:00,150,3,Belen
V3,2006,2006-11-06,con.mic,p0032,syr.sp2,i0050,10:12,500,1,Diego
V4,2011,2011-10-25,con.mic,p0032,cop.ari,i0044,09:15,5000,1,nachu
V4,2007,2007-11-02,con.mic,p0032,cam.mus,i0072,10:15,100,1,Nachu
V4,2010,2010-10-28,con.mic,p0032,cam.mus,i0072,9:23:00,1000,1,Nachu
V1,2011,2011-10-21,con.mic,p0032,amm.sp1,i0126,10:45,3000,2,nachu
V1,2008,2008-11-11,con.mic,p0032,cam.pun,i0128,11:43:00,70,3,Nachu
V1,2011,2011-11-04,con.mic,p0032,bombil11,i0207,10:09,1000,5,nachu
V1,2007,2007-10-29,con.mic,p0032,dia.sp1,i0073,16:35,1000,1,Nachu
V1,2007,2007-10-29,con.mic,p0032,dia.sp1,i0073,16:35,1000,1,Nachu
V1,2011,2011-11-22,con.mic,p0032,NA,NA,14:25,300,0,silvia
V4,2007,2007-10-25,con.mic,p0032,syr.sp1,i0045,07:48,ram 300,1,diego
V4,2008,2008-10-31,con.mic,p0032,exo.sp1,i0068,11:20:00,2000,2,Nachu
V1,2007,2007-10-29,con.mic,p0032,coc.sp2,i0144,16:25,300,1,Nachu
V1,2008,2008-11-11,con.mic,p0032,cam.pun,i0128,11:43:00,70,3,Nachu
V1,2011,2011-11-01,con.mic,p0032,syr.sp1,i0045,12:50,400,1,enzo
V4,2011,2011-11-04,con.mic,p0032,bombil10,i0206,13:30,700,2,nachu
V1,2011,2011-10-21,con.mic,p0032,cop.ari,i0044,10:40,2500,1,silvia
V4,2011,2011-11-01,con.mic,p0032,cam.pun,i0128,08:49,1800,2,nachu
V1,2009,2009-11-23,con.mic,p0032,NA,NA,12:34:00,500,0,Belen
V1,2011,2011-10-28,con.mic,p0032,cop.sp2,i0052,09:02,5000,1,nachu
V1,2007,2007-11-08,con.mic,p0032,cam.pun,i0128,14:20,300,1,Nachu
V4,2011,2011-11-01,con.mic,p0032,bombil10,i0206,09:47,400,2,enzo
V4,2006,2006-10-30,con.mic,p0032,cam.mus,i0072,09:41,50,4,Erica
V4,2009,2009-11-09,con.mic,p0032,hir.sp1,i0051,10:36:00,6000,4,nachu
V4,2009,2009-11-09,con.mic,p0032,cam.mus,i0072,10:36:00,6000,1,nachu
V4,2011,2011-10-25,con.mic,p0032,NA,NA,09:15,5000,1,nachu
V1,2010,2010-10-22,con.mic,p0032,com.ful,i0059,11:11,300,2,silvia
V4,2009,2009-11-09,con.mic,p0032,cam.mus,i0072,10:36:00,6000,1,nachu
V4,2011,2011-10-18,con.mic,p0032,syr.sp1,i0045,09:42,4000,1,nachu
V1,2010,2010-10-22,con.mic,p0032,cop.ari,i0044,11:11,300,1,silvia
V1,2009,2009-10-28,con.mic,p0032,vill.sp1,i0114,13:13:00,200,1,Belen
V4,2009,2009-11-18,con.mic,p0032,cam.mus,i0072,14:00:00,300,1,Nachu
V4,2009,2009-10-28,con.mic,p0032,tac.sp10,i0191,09:08:00,100,12,rocio
V1,2011,2011-11-01,con.mic,p0032,api.mel,i0070,12:06,1500,10,nachu
V1,2008,2008-11-11,con.mic,p0032,cam.pun,i0128,11:43:00,70,3,Nachu
V4,2011,2011-10-21,con.mic,p0032,tac.sp10,i0191,12:47,7000,3,nachu
V4,2007,2007-10-29,con.mic,p0032,cam.mus,i0072,18:37,500,1,Nachu
V3,2006,2006-10-30,con.mic,p0032,pla.sp1,i0046,09:45,5000,6,Jimena
V4,2011,2011-11-04,con.mic,p0032,hir.sp1,i0051,13:55,1000,5,enzo
V4,2010,2010-10-28,con.mic,p0032,cam.mus,i0072,9:23:00,1000,1,Nachu
V4,2010,2010-10-28,con.mic,p0032,cam.mus,i0072,9:23:00,1000,1,Nachu
V4,2008,2008-11-07,con.mic,p0032,cam.mus,i0072,09:08:00,800,1,Nachu
V1,2011,2011-10-28,con.mic,p0032,cop.ari,i0044,08:38,3500,5,nachu
V1,2011,2011-11-04,con.mic,p0032,cop.ari,i0044,10:09,1000,3,nachu
V4,2011,2011-11-04,con.mic,p0032,cop.ari,i0044,12:05,1300,5,silvia
V4,2011,2011-10-21,con.mic,p0032,NA,NA,12:50,100,0,silvia
V1,2008,2008-11-11,con.mic,p0032,bombil11,i0207,12:30:00,2000,1,Nachu
V4,2010,2010-11-26,con.mic,p0032,cam.mus,i0072,9:01:00,200,1,Nachu
V4,2011,2011-11-04,con.mic,p0032,api.mel,i0070,13:55,1000,4,enzo
V4,2011,2011-11-11,con.mic,p0032,hir.sp1,i0051,12:05,1000,4,enzo
V1,2007,2007-10-29,con.mic,p0032,cam.pun,i0128,16:25,300,3,Nachu
V3,2006,2006-11-13,con.mic,p0032,hir.sp1,i0051,12:51,500,9,Erica
V1,2008,2008-11-11,con.mic,p0032,cam.pun,i0128,11:43:00,70,3,Nachu
V4,2009,2009-11-09,con.mic,p0032,hir.sp1,i0051,10:17:00,2000,3,nachu
V1,2010,2010-10-22,con.mic,p0032,syr.sp1,i0045,11:39:00,600,1,Nachu
V1,2011,2011-10-28,con.mic,p0032,com.ful,i0059,08:38,3500,3,nachu
V4,2008,2008-10-31,con.mic,p0032,amm.sp1,i0126,11:20:00,2000,2,Nachu
V4,2011,2011-11-01,con.mic,p0032,pol.cav,i0039,09:32,3000,3,nachu
V1,2011,2011-10-28,con.mic,p0032,cop.sp2,i0052,09:17,4500,1,silvia
V4,2011,2011-11-01,con.mic,p0032,pol.cav,i0039,09:32,3000,3,nachu
V4,2011,2011-10-14,con.mic,p0032,dih.sp1,i0031,13:25,2000,1,nachu
V4,2008,2008-10-31,con.mic,p0032,meg.C,i0140,11:20:00,2000,1,Nachu
V4,2007,2007-10-25,con.mic,p0032,com.ful,i0059,10:33,1000,5,Nachu
V4,2011,2011-10-28,con.mic,p0032,pol.cav,i0039,12:20,110,3,nachu
V4,2011,2011-10-25,con.mic,p0032,NA,NA,10:40,6000,0,silvia
V1,2007,2007-10-25,con.mic,p0032,syr.sp1,i0045,11:40,1500,1,Nachu
V1,2011,2011-10-28,con.mic,p0032,cha.sp1,i0062,08:38,3500,1,nachu
V1,2010,2010-11-10,con.mic,p0032,hir.sp1,i0051,11:40,0,1,silvia
V1,2009,2009-11-05,con.mic,p0032,api.mel,i0070,11:32:00,10000,5,Nachu
V1,2010,2010-10-22,con.mic,p0032,syr.sp1,i0045,11:39:00,600,4,Nachu
V1,2011,2011-10-21,con.mic,p0032,vill.sp1,i0114,10:55,1500,1,silvia
V3,2006,2006-10-30,con.mic,p0032,api.mel,i0070,13:03,5000,30,Jimena
V3,2006,2006-10-30,con.mic,p0032,cam.mus,i0072,10:55,5000,1,Jimena
V4,2009,2009-10-28,con.mic,p0032,cam.mus,i0072,10:06:00,1000,2,nachu
V1,2008,2008-11-11,con.mic,p0032,cam.pun,i0128,11:43:00,70,5,Nachu
V4,2011,2011-10-21,con.mic,p0032,tac.sp10,i0191,12:47,7000,3,nachu
V1,2011,2011-11-01,con.mic,p0032,cop.ari,i0044,11:39,500,3,enzo
V4,2011,2011-10-18,con.mic,p0032,syr.sp1,i0045,09:42,4000,2,nachu
V2,2006,2006-10-30,con.mic,p0032,NA,NA,09:29,16,0,Diego
V4,2011,2011-11-01,con.mic,p0032,aug.sp,i0228,09:32,3000,2,nachu
V1,2010,2010-11-05,con.mic,p0032,NA,NA,8:27,40,0,silvia
V4,2011,2011-11-01,con.mic,p0032,syr.sp1,i0045,09:47,400,1,enzo
V1,2010,2010-11-05,con.mic,p0032,NA,NA,9:19,400,1,silvia
V1,2011,2011-10-21,con.mic,p0032,bombil11,i0207,10:55,1500,1,silvia
V4,2010,2010-10-22,con.mic,p0032,syr.sp1,i0045,13:29:00,1000,2,Nachu
V4,2011,2011-10-21,con.mic,p0032,bombil11,i0207,12:27,800,2,silvia
V1,2011,2011-10-21,con.mic,p0032,bombil10,i0206,10:45,3000,2,nachu
V1,2011,2011-10-28,con.mic,p0032,cop.ari,i0044,08:38,3500,5,nachu
V3,2006,2006-11-20,con.mic,p0032,amm.sp1,i0126,11:04,1700,3,Beni
V1,2008,2008-10-24,con.mic,p0032,syr.sp1,i0045,12:50:00,1000,2,Nachu
V1,2010,2010-11-10,con.mic,p0032,tac.sp20,i0291,11:40,0,1,silvia
V1,2007,2007-10-25,con.mic,p0032,exo.sp1,i0068,11:40,1500,2,Nachu
V1,2011,2011-11-01,con.mic,p0032,bombil9,i0183,11:44,500,1,nachu
V4,2011,2011-11-08,con.mic,p0032,cop.ari,i0044,09:17,500,2,enzo
V4,2007,2007-10-29,con.mic,p0032,cop.ari,i0044,14:54,2000,50,Erica
V2,2006,2006-10-30,con.mic,p0032,api.mel,i0070,10:37,90,20,Diego
V4,2011,2011-11-11,con.mic,p0032,vill.sp1,i0114,12:05,1000,3,enzo
V4,2011,2011-10-21,con.mic,p0032,NA,NA,12:50,100,0,silvia
V1,2009,2009-11-18,con.mic,p0032,hir.sp1,i0051,11:23:00,1000,2,Rocio
V4,2009,2009-10-26,con.mic,p0032,aug.sp,i0228,12:30:00,500,2,nachu
V1,2011,2011-10-28,con.mic,p0032,cop.ari,i0044,09:40,3000,5,nachu
V1,2011,2011-11-04,con.mic,p0032,cop.ari,i0044,09:08,1000,2,enzo
V3,2006,2006-10-30,con.mic,p0032,api.mel,i0070,10:55,5000,80,Jimena
V1,2011,2011-10-28,con.mic,p0032,api.mel,i0070,10:01,200,6,enzo
V4,2011,2011-11-08,con.mic,p0032,ari.sp1,i0060,09:18,800,5,nachu
V2,2006,2006-10-30,con.mic,p0032,NA,NA,13:24,150,0,Diego
V3,2006,2006-10-24,con.mic,p0032,hir.sp1,i0051,14:56,100,1,Diego
V3,2006,2006-10-24,con.mic,p0032,ari.sp1,i0060,14:56,100,1,Diego
V4,2011,2011-11-04,con.mic,p0032,cop.ari,i0044,12:22,1000,4,enzo
V4,2011,2011-10-14,con.mic,p0032,syr.sp1,i0045,13:26,2000,1,silvia
V3,2006,2006-11-13,con.mic,p0032,hir.sp1,i0051,10:45,3000,3,Erica
V4,2009,2009-11-09,con.mic,p0032,tac.sp10,i0191,10:17:00,2000,1,nachu
V4,2011,2011-10-25,con.mic,p0032,cop.ari,i0044,10:40,6000,7,silvia
V1,2007,2007-10-29,con.mic,p0032,muscid2,i0064,15:00,200,1,Nachu
V4,2007,2007-10-25,con.mic,p0032,muscid2,i0064,10:33,1000,2,Nachu
V1,2011,2011-11-01,con.mic,p0032,cop.ari,i0044,12:06,1500,4,nachu
V4,2011,2011-10-25,con.mic,p0032,NA,NA,09:43,1200,2,silvia
V4,2010,2010-10-28,con.mic,p0032,cam.mus,i0072,9:23:00,1000,1,Nachu
V1,2007,2007-10-25,con.mic,p0032,coc.sp2,i0144,11:40,1500,3,Nachu
V4,2009,2009-11-11,con.mic,p0032,hir.sp1,i0051,11:55:00,100,5,Belen
V1,2010,2010-10-22,con.mic,p0032,syr.sp1,i0045,11:39:00,600,2,Nachu
V3,2006,2006-10-24,con.mic,p0032,api.mel,i0070,14:56,100,1,Diego
V4,2011,2011-10-14,con.mic,p0032,api.mel,i0070,13:25,2000,5,nachu
V1,2011,2011-10-28,con.mic,p0032,com.ful,i0059,08:38,3500,4,nachu
V1,2011,2011-10-21,con.mic,p0032,tac.sp10,i0191,10:40,2500,1,silvia
V1,2011,2011-11-08,con.mic,p0032,bombil3,i0069,12:49,1100,1,nachu
V1,2009,2009-11-05,con.mic,p0032,api.mel,i0070,12:13:00,8000,60,Nachu
V4,2011,2011-11-04,con.mic,p0032,cop.ari,i0044,13:55,1000,2,enzo
V4,2009,2009-10-28,con.mic,p0032,nit.sp1,i0175,09:08:00,100,1,rocio
V1,2007,2007-11-06,con.mic,p0032,cam.mus,i0072,09:45,100,1,Nachu
V4,2011,2011-11-11,con.mic,p0032,NA,NA,10:30,1500,0,silvia
V4,2008,2008-10-21,con.mic,p0032,bombil3,i0069,14:14:00,2000,1,Nachu
V4,2008,2008-10-17,con.mic,p0032,com.ful,i0059,14:41:00,3000,1,Nachu
V4,2011,2011-11-01,con.mic,p0032,cha.sp1,i0062,09:32,3000,1,nachu
V4,2011,2011-11-01,con.mic,p0032,NA,NA,09:32,3000,2,nachu
V4,2011,2011-10-28,con.mic,p0032,cop.sp2,i0052,12:33,300,1,enzo
V3,2006,2006-11-13,con.mic,p0032,cam.mus,i0072,10:25,100,80,Erica
V4,2008,2008-10-24,con.mic,p0032,api.mel,i0070,09:08:00,2000,40,Nachu
V1,2009,2009-11-05,con.mic,p0032,tac.sp10,i0191,10:12:00,3000,1,Rocio
V4,2011,2011-11-11,con.mic,p0032,exo.sp1,i0068,12:05,1000,2,enzo
V1,2011,2011-11-01,con.mic,p0032,cop.sp2,i0052,11:39,500,2,enzo
V3,2006,2006-11-06,con.mic,p0032,syr.sp1,i0045,10:12,500,1,Diego
V4,2009,2009-11-09,con.mic,p0032,cam.mus,i0072,10:36:00,6000,1,nachu
V1,2011,2011-11-04,con.mic,p0032,bombil11,i0207,10:09,1000,5,nachu
V1,2010,2010-11-10,con.mic,p0032,com.ful,i0059,11:40,0,1,silvia
V4,2009,2009-11-09,con.mic,p0032,cam.mus,i0072,10:36:00,6000,1,nachu
V4,2008,2008-10-21,con.mic,p0032,bombil3,i0069,14:14:00,2000,1,Nachu
V1,2011,2011-11-01,con.mic,p0032,exo.sp1,i0068,12:50,400,5,enzo
V4,2008,2008-10-21,con.mic,p0032,bombil3,i0069,14:14:00,2000,1,Nachu
V1,2010,2010-11-10,con.mic,p0032,hir.sp1,i0051,11:40,0,1,silvia
V4,2011,2011-10-21,con.mic,p0032,api.mel,i0070,12:50,100,1,silvia
V1,2008,2008-11-11,con.mic,p0032,tac.sp10,i0191,12:30:00,2000,1,Nachu
V4,2011,2011-11-04,con.mic,p0032,cop.ari,i0044,12:05,1300,1,silvia
V4,2011,2011-10-18,con.mic,p0032,tac.sp10,i0191,08:36,100,2,nachu
V4,2010,2010-10-28,con.mic,p0032,cam.mus,i0072,9:23:00,1000,1,Nachu
V3,2006,2006-11-06,con.mic,p0032,syr.sp1,i0045,11:00,400,1,Diego
V4,2007,2007-10-25,con.mic,p0032,sar.sp1,i0202,09:01,400,1,Nachu
V1,2008,2008-11-11,con.mic,p0032,cam.pun,i0128,11:43:00,70,3,Nachu
V1,2008,2008-11-11,con.mic,p0032,ari.sp1,i0060,10:30:00,2000,1,Nachu
V4,2011,2011-11-08,con.mic,p0032,cop.ari,i0044,09:18,800,5,nachu
V1,2011,2011-10-28,con.mic,p0032,cop.ari,i0044,09:02,5000,5,nachu
V4,2011,2011-11-25,con.mic,p0032,thy.sp1,i0034,10:03,1700,1,silvia
V4,2011,2011-11-04,con.mic,p0032,NA,NA,13:30,700,2,nachu
V4,2009,2009-11-30,con.mic,p0032,NA,NA,10:44:00,60,0,Nachu
V1,2011,2011-10-21,con.mic,p0032,tac.sp10,i0191,10:45,3000,3,nachu
V1,2008,2008-11-04,con.mic,p0032,hir.sp1,i0051,13:11:00,3000,2,Nachu
V4,2009,2009-11-09,con.mic,p0032,cam.mus,i0072,10:36:00,6000,1,nachu
V4,2007,2007-10-25,con.mic,p0032,syr.sp1,i0045,07:54,500,1,Nachu
V1,2009,2009-11-18,con.mic,p0032,hir.sp1,i0051,10:30:00,700,5,Nachu
V1,2011,2011-10-21,con.mic,p0032,tac.sp10,i0191,10:20,4000,2,nachu
V3,2006,2006-10-30,con.mic,p0032,hir.sp1,i0051,13:03,5000,30,Jimena
V4,2008,2008-10-24,con.mic,p0032,asi.sp1,i0055,09:08:00,2000,1,Nachu
V4,2011,2011-10-14,con.mic,p0032,api.mel,i0070,13:25,2000,3,nachu
V1,2008,2008-11-11,con.mic,p0032,bombil11,i0207,10:30:00,2000,1,Nachu
V4,2009,2009-11-18,con.mic,p0032,aug.sp,i0228,13:34:00,2000,2,Rocio
V4,2011,2011-11-04,con.mic,p0032,exo.sp1,i0068,12:05,1300,1,silvia
V4,2011,2011-11-08,con.mic,p0032,cop.ari,i0044,09:18,800,5,nachu
V4,2011,2011-10-14,con.mic,p0032,api.mel,i0070,13:25,2000,3,nachu
V4,2011,2011-11-08,con.mic,p0032,ari.sp1,i0060,09:18,800,3,nachu
V1,2011,2011-11-01,con.mic,p0032,bombil11,i0207,11:44,500,1,nachu
V4,2011,2011-11-22,con.mic,p0032,NA,NA,12:00,1200,0,silvia
V1,2009,2009-10-28,con.mic,p0032,aug.sp,i0228,12:47:00,1000,2,rocio
V4,2009,2009-11-04,con.mic,p0032,bombil7,i0116,10:00:00,120,1,belen
V3,2006,2006-11-06,con.mic,p0032,syr.sp1,i0045,10:12,500,1,Diego
V1,2009,2009-11-30,con.mic,p0032,NA,NA,13:01:00,30,0,Nachu
V1,2011,2011-11-04,con.mic,p0032,tac.sp10,i0191,09:08,1000,2,enzo
V4,2009,2009-11-09,con.mic,p0032,cam.mus,i0072,10:36:00,6000,1,nachu
V1,2009,2009-10-26,con.mic,p0032,asi.sp2,i0087,10:53:00,1500,2,nachu
V1,2011,2011-11-01,con.mic,p0032,cop.ari,i0044,12:06,1500,3,nachu
V4,2010,2010-10-22,con.mic,p0032,NA,NA,13:29:00,1000,1,Nachu
V4,2011,2011-10-21,con.mic,p0032,api.mel,i0070,12:50,100,1,silvia
V4,2009,2009-11-09,con.mic,p0032,cam.mus,i0072,10:36:00,6000,1,nachu
V4,2009,2009-11-09,con.mic,p0032,cam.mus,i0072,10:36:00,6000,1,nachu
V4,2010,2010-10-28,con.mic,p0032,cam.mus,i0072,9:23:00,1000,1,Nachu
V4,2011,2011-11-04,con.mic,p0032,syr.sp1,i0045,12:05,1300,1,silvia
V2,2006,2006-10-30,con.mic,p0032,api.mel,i0070,10:37,90,15,Diego
V1,2011,2011-10-28,con.mic,p0032,syr.sp1,i0045,10:01,200,1,enzo
V4,2011,2011-11-22,con.mic,p0032,exo.sp1,i0068,12:00,1200,2,silvia
V3,2006,2006-10-30,con.mic,p0032,api.mel,i0070,10:55,5000,50,Jimena
V4,2010,2010-10-28,con.mic,p0032,cam.mus,i0072,9:23:00,1000,1,Nachu
V1,2011,2011-11-01,con.mic,p0032,api.mel,i0070,12:06,1500,16,nachu
V4,2011,2011-10-18,con.mic,p0032,NA,NA,08:36,100,1,nachu
V1,2011,2011-11-04,con.mic,p0032,vill.sp1,i0114,10:09,1000,2,nachu
V1,2009,2009-11-05,con.mic,p0032,api.mel,i0070,11:32:00,10000,4,Nachu
V3,2006,2006-11-06,con.mic,p0032,com.ful,i0059,09:50,400,1,Diego
V4,2011,2011-11-08,con.mic,p0032,vill.sp1,i0114,09:18,800,3,nachu
V4,2011,2011-11-04,con.mic,p0032,exo.sp1,i0068,12:48,700,5,enzo
V4,2010,2010-10-28,con.mic,p0032,syr.sp1,i0045,9:39:00,8000,2,Nachu
V4,2009,2009-11-04,con.mic,p0032,exo.sp1,i0068,10:14:00,9000,2,Nachu
V4,2011,2011-10-14,con.mic,p0032,api.mel,i0070,13:25,2000,10,nachu
V4,2011,2011-11-01,con.mic,p0032,hir.sp1,i0051,08:50,200,3,enzo
V4,2011,2011-10-18,con.mic,p0032,NA,NA,09:42,4000,3,nachu
V1,2007,2007-11-06,con.mic,p0032,dia.sp1,i0073,10:21,500,1,Nachu
V4,2011,2011-11-25,con.mic,p0032,tac.sp10,i0191,10:03,1700,4,silvia
V4,2011,2011-11-04,con.mic,p0032,ari.sp1,i0060,12:05,1300,1,silvia
V1,2011,2011-10-28,con.mic,p0032,com.ful,i0059,09:40,3000,8,nachu
V1,2011,2011-11-01,con.mic,p0032,vill.sp1,i0114,11:44,500,1,nachu
V1,2007,2007-10-29,con.mic,p0032,cam.mus,i0072,16:25,300,3,Nachu
V4,2008,2008-11-07,con.mic,p0032,cam.mus,i0072,09:08:00,800,1,Nachu
V4,2007,2007-10-25,con.mic,p0032,syr.sp1,i0045,07:54,500,1,Nachu
V1,2010,2010-10-22,con.mic,p0032,syr.sp1,i0045,11:11,300,2,silvia
V3,2006,2006-10-30,con.mic,p0032,com.ful,i0059,13:03,5000,15,Jimena
V2,2006,2006-10-24,con.mic,p0032,cam.mus,i0072,10:24,50,6,Jimena
V3,2006,2006-10-30,con.mic,p0032,hir.sp1,i0051,10:55,5000,30,Jimena
V4,2010,2010-10-28,con.mic,p0032,cam.mus,i0072,9:23:00,1000,1,Nachu
V4,2011,2011-10-25,con.mic,p0032,NA,NA,08:55,1400,2,silvia
V1,2007,2007-10-29,con.mic,p0032,coc.sp2,i0144,15:00,200,2,Nachu
V2,2006,2006-11-06,con.mic,p0032,syr.sp1,i0045,13:54,700,3,Diego
V3,2006,2006-10-24,con.mic,p0032,hir.sp1,i0051,14:56,100,1,Diego
V4,2011,2011-10-25,con.mic,p0032,api.mel,i0070,10:40,6000,1,silvia
V4,2007,2007-10-29,con.mic,p0032,cam.mus,i0072,18:37,500,1,Nachu
V1,2009,2009-11-05,con.mic,p0032,hir.sp1,i0051,10:12:00,3000,1,Rocio
V4,2011,2011-10-18,con.mic,p0032,syr.sp1,i0045,09:42,4000,3,nachu
V4,2010,2010-10-28,con.mic,p0032,cam.mus,i0072,9:23:00,1000,1,Nachu
V1,2011,2011-10-21,con.mic,p0032,cop.sp2,i0052,10:20,4000,1,nachu
V4,2009,2009-10-28,con.mic,p0032,bombil9,i0183,10:06:00,1000,2,nachu
V1,2008,2008-11-04,con.mic,p0032,com.ful,i0059,09:03:00,3000,5,Nachu
V4,2010,2010-10-28,con.mic,p0032,syr.sp1,i0045,9:39:00,8000,2,Nachu
V2,2006,2006-11-06,con.mic,p0032,syr.sp1,i0045,14:38,900,1,Diego
V1,2007,2007-10-29,con.mic,p0032,coc.sp2,i0144,16:35,1000,1,Nachu
V1,2011,2011-10-28,con.mic,p0032,coc.mac,i0315,08:38,3500,3,nachu
V1,2011,2011-11-08,con.mic,p0032,cop.sp2,i0052,11:49,1000,5,enzo
V4,2010,2010-10-28,con.mic,p0032,cam.mus,i0072,9:23:00,1000,1,Nachu
V1,2008,2008-11-11,con.mic,p0032,cam.mus,i0072,10:30:00,2000,1,Nachu
V4,2011,2011-10-25,con.mic,p0032,NA,NA,09:35,100,1,enzo
V4,2011,2011-10-21,con.mic,p0032,tac.sp10,i0191,12:47,7000,3,nachu
V1,2011,2011-10-28,con.mic,p0032,syr.sp1,i0045,09:02,5000,2,nachu
V4,2011,2011-11-11,con.mic,p0032,tac.sp10,i0191,10:30,1500,1,silvia
V4,2011,2011-10-14,con.mic,p0032,amm.sp1,i0126,13:25,2000,1,nachu
V4,2011,2011-10-18,con.mic,p0032,tac.sp10,i0191,10:40,200,2,enzo
V4,2008,2008-10-21,con.mic,p0032,bombil3,i0069,14:14:00,2000,1,Nachu
V4,2011,2011-11-01,con.mic,p0032,tac.sp10,i0191,09:00,1000,3,nachu
V4,2008,2008-10-17,con.mic,p0032,com.ful,i0059,14:41:00,3000,5,Nachu
V4,2010,2010-10-28,con.mic,p0032,cam.mus,i0072,9:23:00,1000,1,Nachu
V1,2011,2011-11-01,con.mic,p0032,api.mel,i0070,12:06,1500,16,nachu
V1,2011,2011-10-21,con.mic,p0032,vill.sp1,i0114,10:20,4000,2,nachu
V1,2009,2009-11-05,con.mic,p0032,ari.sp1,i0060,11:32:00,10000,3,Nachu
V1,2011,2011-10-28,con.mic,p0032,com.ful,i0059,08:38,3500,3,nachu
V1,2011,2011-11-04,con.mic,p0032,cop.ari,i0044,09:08,1000,6,enzo
V4,2011,2011-11-01,con.mic,p0032,cam.pun,i0128,08:49,1800,2,nachu
V1,2007,2007-11-06,con.mic,p0032,cam.mus,i0072,09:45,100,3,Nachu
V1,2009,2009-11-05,con.mic,p0032,vill.sp1,i0114,11:32:00,10000,3,Nachu
V1,2007,2007-10-25,con.mic,p0032,coc.sp2,i0144,11:40,1500,1,Nachu
NA,NA,NA,geo.dec,p0033,NA,NA,NA,NA,NA,NA
V4,2011,2011-11-01,lar.div,p0034,cop.ari,i0044,08:22,200,2,nachu
V1,2008,2008-12-05,lar.div,p0034,NA,NA,09:24:00,8,0,Nachu
V1,2007,2007-11-08,lar.div,p0034,meg.A,i0003,13:57,150,2,Nachu
V4,2007,2007-10-29,lar.div,p0034,NA,NA,18:54,35,0,Erica
V4,2011,2011-12-02,lar.div,p0034,dih.sp1,i0031,09:10,31,1,silvia
V4,2006,2006-11-06,lar.div,p0034,xyl.ord,i0001,12:15,170,1,Nachu
V4,2006,2006-11-20,lar.div,p0034,lei.abd,i0030,11:05,80,3,Diego
V1,2010,2010-10-28,lar.div,p0034,NA,NA,11:20,300,0,silvia
V4,2007,2007-11-02,lar.div,p0034,cen.bre,i0007,09:27,500,4,Nachu
V4,2009,2009-11-04,lar.div,p0034,xyl.ord,i0001,09:58:00,32,2,belen
V4,2011,2011-10-18,lar.div,p0034,str.eur,i0131,09:51,30,1,nachu
V1,2009,2009-10-28,lar.div,p0034,meg.C,i0140,12:20:00,30,4,Belen
V4,2011,2011-11-04,lar.div,p0034,api.mel,i0070,12:38,200,1,silvia
V4,2011,2011-11-01,lar.div,p0034,cop.ari,i0044,07:54,300,1,nachu
V2,2006,2006-10-30,lar.div,p0034,xyl.ord,i0001,11:28,11,3,Diego
V4,2006,2006-10-30,lar.div,p0034,xyl.ord,i0001,09:51,58,7,Erica
V4,2009,2009-10-28,lar.div,p0034,cen.bre,i0007,09:38:00,50,1,Belen
V4,2007,2007-11-08,lar.div,p0034,cop.ari,i0044,17:11,300,1,Nachu
V1,2011,2011-11-08,lar.div,p0034,meg.A,i0003,12:47,60,3,enzo
V4,2011,2011-11-01,lar.div,p0034,cop.ari,i0044,07:54,300,2,nachu
V1,2009,2009-11-05,lar.div,p0034,NA,NA,10:32:00,60,0,Belen
V4,2008,2008-11-18,lar.div,p0034,ant.rub,i0108,09:22:00,200,2,Nachu
V1,2011,2011-10-25,lar.div,p0034,dih.sp1,i0031,12:09,45,1,nachu
V1,2011,2011-11-22,lar.div,p0034,aug.sp,i0228,14:13,230,1,silvia
V2,2006,2006-11-13,lar.div,p0034,api.mel,i0070,13:04,150,8,Diego
V1,2011,2011-10-21,lar.div,p0034,dih.sp1,i0031,10:50,16,2,silvia
V1,2006,2006-11-20,lar.div,p0034,meg.A,i0003,09:55,2500,3,Erica
V4,2011,2011-11-08,lar.div,p0034,nez.sp,i0321,09:49,40,2,enzo
V1,2009,2009-11-05,lar.div,p0034,api.mel,i0070,10:16:00,500,12,Nachu
V3,2006,2006-11-06,lar.div,p0034,api.mel,i0070,10:28,200,1,Diego
V1,2006,2006-10-30,lar.div,p0034,tat.aut,i0076,10:20,60,1,Beni
V4,2011,2011-10-18,lar.div,p0034,str.eur,i0131,09:51,30,1,nachu
V4,2007,2007-11-15,lar.div,p0034,cop.ari,i0044,07:43,60,2,Nachu
V4,2008,2008-10-24,lar.div,p0034,aud.sp,i0178,10:55:00,150,3,Nachu
V4,2011,2011-10-18,lar.div,p0034,col.cog,i0169,09:51,30,1,nachu
V4,2006,2006-11-20,lar.div,p0034,cop.ari,i0044,12:24,300,1,Diego
V4,2010,2010-11-26,lar.div,p0034,cop.ari,i0044,7:28:00,15,1,Nachu
V4,2009,2009-11-09,lar.div,p0034,bombil10,i0206,11:00:00,60,3,Belen
V1,2008,2008-11-04,lar.div,p0034,ant.rub,i0108,09:53:00,200,4,Nachu
V4,2011,2011-12-13,lar.div,p0034,cop.ari,i0044,09:49,5,1,nachu
V4,2010,2010-11-19,lar.div,p0034,cop.ari,i0044,14:18,60,1,silvia
V2,2006,2006-11-20,lar.div,p0034,aug.sp,i0228,12:11,40,3,Jimena
V1,2011,2011-11-22,lar.div,p0034,aug.sp,i0228,14:13,230,1,silvia
V1,2009,2009-10-28,lar.div,p0034,meg.A,i0003,12:36:00,160,2,nachu
V1,2007,2007-11-20,lar.div,p0034,NA,NA,13:55,80,0,Nachu
V1,2008,2008-11-11,lar.div,p0034,meg.A,i0003,09:50:00,800,5,Nachu
V4,2011,2011-11-22,lar.div,p0034,NA,NA,10:54,130,0,silvia
V1,2009,2009-10-26,lar.div,p0034,NA,NA,10:10:00,7,0,nachu
V4,2011,2011-10-25,lar.div,p0034,xyl.ord,i0001,08:51,250,16,nachu
V1,2011,2011-11-04,lar.div,p0034,meg.A,i0003,09:25,200,2,nachu
V2,2006,2006-10-30,lar.div,p0034,meg.A,i0003,11:46,200,1,Diego
V4,2011,2011-10-28,lar.div,p0034,dih.sp1,i0031,13:45,50,1,nachu
V4,2011,2011-11-01,lar.div,p0034,xyl.ord,i0001,07:54,300,4,nachu
V4,2011,2011-10-21,lar.div,p0034,cos.chi,i0077,11:35,100,1,silvia
V4,2007,2007-10-25,lar.div,p0034,cop.ari,i0044,07:41,130,1,Nachu
V4,2011,2011-11-08,lar.div,p0034,str.eur,i0131,09:49,40,1,enzo
V1,2008,2008-11-11,lar.div,p0034,meg.A,i0003,09:50:00,800,1,Nachu
V4,2009,2009-10-26,lar.div,p0034,cen.bre,i0007,13:09:00,22,6,nachu
V4,2009,2009-10-28,lar.div,p0034,xyl.ord,i0001,09:34:00,120,2,rocio
V1,2011,2011-11-04,lar.div,p0034,dih.sp1,i0031,10:55,20,1,nachu
V4,2006,2006-10-24,lar.div,p0034,NA,NA,11:25,140,0,Jimena
V1,2007,2007-11-13,lar.div,p0034,dih.sp1,i0031,16:16,200,1,Nachu
V4,2011,2011-10-21,lar.div,p0034,cos.chi,i0077,11:48,59,4,silvia
V4,2009,2009-11-04,lar.div,p0034,meg.A,i0003,11:33:00,600,1,Nachu
V1,2011,2011-11-04,lar.div,p0034,lon.rob,i0172,08:42,400,2,nachu
V1,2008,2008-10-21,lar.div,p0034,ant.rub,i0108,10:41:00,50,2,Nachu
V3,2006,2006-11-13,lar.div,p0034,NA,NA,09:29,50,0,Erica
V1,2010,2010-12-17,lar.div,p0034,NA,NA,9:09,16,0,silvia
V4,2008,2008-11-07,lar.div,p0034,bom.opi,i0002,09:46:00,40,3,Nachu
V1,2008,2008-11-04,lar.div,p0034,xyl.ord,i0001,10:17:00,300,1,Nachu
V4,2010,2010-12-10,lar.div,p0034,cop.sp2,i0052,9:04,20,1,silvia
V4,2011,2011-11-01,lar.div,p0034,cop.ari,i0044,07:54,300,1,nachu
V4,2011,2011-11-01,lar.div,p0034,cop.ari,i0044,07:54,300,1,nachu
V4,2011,2011-10-25,lar.div,p0034,xyl.ord,i0001,08:06,120,2,nachu
V4,2009,2009-11-11,lar.div,p0034,meg.A,i0003,13:12:00,300,2,Nachu
V1,2008,2008-10-28,lar.div,p0034,xyl.ord,i0001,10:25:00,600,31,Nachu
V4,2011,2011-11-01,lar.div,p0034,xyl.ord,i0001,09:14,51,19,nachu
V4,2007,2007-11-02,lar.div,p0034,NA,NA,09:52,170,0,Nachu
V1,2010,2010-11-19,lar.div,p0034,cop.ari,i0044,8:38,42,1,silvia
V4,2006,2006-10-30,lar.div,p0034,bom.opi,i0002,11:40,400,1,Erica
V1,2009,2009-11-11,lar.div,p0034,meg.A,i0003,09:05:00,160,1,Nachu
V4,2011,2011-10-21,lar.div,p0034,chi.sp1,i0033,11:35,100,1,silvia
V4,2011,2011-11-11,lar.div,p0034,api.mel,i0070,10:04,50,4,enzo
V4,2009,2009-11-25,lar.div,p0034,xyl.ord,i0001,10:22:00,200,2,nachu
V4,2011,2011-10-21,lar.div,p0034,cos.chi,i0077,11:48,59,4,silvia
V4,2009,2009-11-25,lar.div,p0034,NA,NA,10:01:00,140,0,nachu
V1,2011,2011-11-01,lar.div,p0034,meg.C,i0140,12:42,180,28,nachu
V4,2011,2011-10-21,lar.div,p0034,cos.chi,i0077,13:30,59,3,silvia
V4,2011,2011-11-01,lar.div,p0034,cop.ari,i0044,07:54,300,2,nachu
V4,2006,2006-11-20,lar.div,p0034,meg.A,i0003,09:40,60,1,Diego
V4,2011,2011-11-04,lar.div,p0034,meg.A,i0003,13:52,450,1,silvia
V3,2006,2006-11-13,lar.div,p0034,NA,NA,10:20,60,0,Erica
V2,2006,2006-11-13,lar.div,p0034,meg.A,i0003,12:27,130,3,Diego
V4,2008,2008-11-18,lar.div,p0034,col.lyc,i0170,09:40:00,160,1,Nachu
V1,2008,2008-11-11,lar.div,p0034,col.ara,i0168,09:46:00,300,1,Nachu
V1,2011,2011-11-01,lar.div,p0034,col.cog,i0169,12:19,43,3,nachu
V4,2009,2009-10-28,lar.div,p0034,xyl.ord,i0001,09:31:00,200,30,Belen
V1,2007,2007-11-06,lar.div,p0034,cen.bre,i0007,10:59,100,8,Nachu
V4,2011,2011-12-13,lar.div,p0034,cop.ari,i0044,09:49,5,3,nachu
V4,2011,2011-10-21,lar.div,p0034,col.cog,i0169,12:03,140,3,nachu
V1,2006,2006-10-09,lar.div,p0034,xyl.ord,i0001,12:56,500,33,Diego
V4,2011,2011-10-21,lar.div,p0034,str.eur,i0131,12:16,30,3,nachu
V1,2007,2007-11-06,lar.div,p0034,cop.ari,i0044,08:50,90,3,Nachu
V4,2011,2011-11-04,lar.div,p0034,col.cog,i0169,NA,450,2,silvia
V1,2011,2011-11-04,lar.div,p0034,cop.ari,i0044,10:13,400,6,silvia
V4,2008,2008-10-24,lar.div,p0034,aug.sp,i0228,10:55:00,150,2,Nachu
V1,2011,2011-11-08,lar.div,p0034,meg.A,i0003,12:47,60,2,enzo
V4,2006,2006-10-30,lar.div,p0034,NA,NA,12:31,16,0,Erica
V4,2010,2010-10-22,lar.div,p0034,cop.ari,i0044,13:35:00,15,1,Nachu
V4,2011,2011-10-21,lar.div,p0034,meg.jor,i0298,13:30,59,2,silvia
V1,2008,2008-11-04,lar.div,p0034,xyl.ord,i0001,08:19:00,140,4,Nachu
V4,2011,2011-11-01,lar.div,p0034,xyl.ord,i0001,09:38,40,1,enzo
V4,2009,2009-11-04,lar.div,p0034,meg.A,i0003,11:55:00,300,1,Nachu
V4,2010,2010-10-28,lar.div,p0034,cop.ari,i0044,10:06:00,1000,2,Nachu
V4,2011,2011-11-04,lar.div,p0034,meg.A,i0003,13:52,450,2,silvia
V4,2011,2011-10-28,lar.div,p0034,cop.ari,i0044,12:05,550,2,silvia
V1,2008,2008-11-04,lar.div,p0034,meg.A,i0003,11:44:00,NA,2,Diego
V4,2006,2006-10-30,lar.div,p0034,NA,NA,13:10,32,0,Erica
V4,2008,2008-10-21,lar.div,p0034,aug.sp,i0228,15:19:00,900,1,Nachu
V1,2009,2009-10-28,lar.div,p0034,meg.A,i0003,12:36:00,160,2,nachu
V4,2007,2007-11-02,lar.div,p0034,xyl.ord,i0001,08:53,200,4,Nachu
V4,2009,2009-11-09,lar.div,p0034,NA,NA,10:30:00,90,0,nachu
V1,2011,2011-11-04,lar.div,p0034,cop.ari,i0044,09:25,200,1,nachu
V4,2006,2006-10-30,lar.div,p0034,exo.sp1,i0068,12:13,50,2,Erica
V1,2010,2010-11-05,lar.div,p0034,cop.ari,i0044,8:04,350,1,silvia
V4,2008,2008-10-31,lar.div,p0034,ase.mon,i0180,11:03:00,250,1,Nachu
V4,2006,2006-10-24,lar.div,p0034,NA,NA,13:03,15,0,Jimena
V1,2011,2011-10-28,lar.div,p0034,allo.bre,i0112,09:15,80,1,nachu
V4,2009,2009-11-04,lar.div,p0034,aud.sp,i0178,12:00:00,30,3,belen
V1,2006,2006-11-20,lar.div,p0034,ant.fri,i0012,12:10,200,3,Erica
V3,2006,2006-11-06,lar.div,p0034,NA,NA,09:28,85,0,Diego
V1,2008,2008-11-04,lar.div,p0034,bom.opi,i0002,09:53:00,200,6,Nachu
V1,2008,2008-10-28,lar.div,p0034,NA,NA,09:33:00,35,0,Nachu
V1,2010,2010-12-03,lar.div,p0034,NA,NA,8:58,16,1,silvia
V3,2006,2006-11-13,lar.div,p0034,NA,NA,12:27,300,0,Erica
V4,2006,2006-11-20,lar.div,p0034,meg.C,i0140,13:21,40,13,Diego
V1,2011,2011-11-04,lar.div,p0034,lon.rob,i0172,09:25,200,3,nachu
V1,2011,2011-10-28,lar.div,p0034,arh.bif,i0020,10:18,25,1,enzo
V1,2011,2011-10-25,lar.div,p0034,aug.sp,i0228,11:45,16,5,nachu
V1,2008,2008-11-11,lar.div,p0034,cop.ari,i0044,08:29:00,500,1,Nachu
V4,2009,2009-11-11,lar.div,p0034,xyl.ord,i0001,13:12:00,300,5,Nachu
V1,2009,2009-11-05,lar.div,p0034,cen.bre,i0007,12:44:00,500,14,Rocio
V4,2006,2006-10-24,lar.div,p0034,NA,NA,12:21,45,0,Jimena
V4,2011,2011-11-04,lar.div,p0034,meg.A,i0003,13:52,450,1,silvia
V4,2011,2011-10-21,lar.div,p0034,cos.chi,i0077,11:48,59,2,silvia
V4,2009,2009-10-28,lar.div,p0034,cop.ari,i0044,09:38:00,50,1,Belen
V1,2011,2011-10-21,lar.div,p0034,dih.sp1,i0031,09:20,70,1,nachu
V4,2008,2008-10-21,lar.div,p0034,ase.mon,i0180,15:19:00,900,1,Nachu
V1,2011,2011-10-28,lar.div,p0034,aug.sp,i0228,09:06,54,1,silvia
V4,2007,2007-11-02,lar.div,p0034,cen.bre,i0007,09:27,500,7,Nachu
V1,2010,2010-12-03,lar.div,p0034,bombil8,i0085,8:08,14,1,silvia
V4,2008,2008-10-31,lar.div,p0034,aud.sp,i0178,11:03:00,250,1,Nachu
V4,2011,2011-11-04,lar.div,p0034,str.eur,i0131,13:11,30,3,enzo
V1,2011,2011-12-16,lar.div,p0034,wil.cha,i0096,09:33,120,5,?
V1,2009,2009-11-25,lar.div,p0034,bombil7,i0116,13:23:00,10,2,Belen
V1,2008,2008-11-11,lar.div,p0034,meg.cte,i0015,09:50:00,800,3,Nachu
V4,2010,2010-11-19,lar.div,p0034,NA,NA,12:55,500,0,silvia
V4,2008,2008-10-21,lar.div,p0034,ase.mon,i0180,15:19:00,900,1,Nachu
V4,2009,2009-11-18,lar.div,p0034,xyl.ord,i0001,14:09:00,600,2,Nachu
V4,2008,2008-10-21,lar.div,p0034,meg.A,i0003,15:19:00,900,1,Nachu
V4,2011,2011-10-21,lar.div,p0034,cos.chi,i0077,13:30,59,1,silvia
V4,2011,2011-10-28,lar.div,p0034,col.cog,i0169,12:51,40,1,enzo
V4,2008,2008-11-18,lar.div,p0034,cop.ari,i0044,09:40:00,160,4,Nachu
V2,2006,2006-11-13,lar.div,p0034,meg.A,i0003,11:33,150,3,Diego
V4,2006,2006-11-06,lar.div,p0034,NA,NA,11:26,400,0,Nachu
V4,2011,2011-10-28,lar.div,p0034,str.eur,i0131,12:24,30,2,enzo
V1,2011,2011-11-01,lar.div,p0034,str.eur,i0131,11:48,30,1,enzo
V1,2006,2006-11-20,lar.div,p0034,hir.sp1,i0051,12:10,200,10,Erica
V1,2010,2010-11-05,lar.div,p0034,xyl.ord,i0001,9:43,150,1,silvia
V4,2007,2007-11-02,lar.div,p0034,cop.ari,i0044,09:27,500,2,Nachu
V4,2011,2011-10-21,lar.div,p0034,str.eur,i0131,11:35,100,1,silvia
V1,2011,2011-11-18,lar.div,p0034,dih.sp1,i0031,10:08,300,1,silvia
V1,2011,2011-11-11,lar.div,p0034,meg.A,i0003,13:14,230,2,silvia
V1,2011,2011-11-04,lar.div,p0034,cae.sp1,i0022,08:58,95,3,silvia
V4,2011,2011-11-04,lar.div,p0034,cop.ari,i0044,12:14,60,1,enzo
V1,2008,2008-11-11,lar.div,p0034,ant.rub,i0108,09:46:00,300,3,Nachu
V1,2008,2008-11-04,lar.div,p0034,ant.rub,i0108,10:17:00,300,9,Nachu
V4,2009,2009-11-18,lar.div,p0034,xyl.ord,i0001,14:09:00,600,1,Nachu
V1,2011,2011-11-11,lar.div,p0034,meg.A,i0003,13:14,230,1,silvia
V4,2006,2006-10-30,lar.div,p0034,meg.A,i0003,13:44,50,8,Erica
V4,2010,2010-10-28,lar.div,p0034,cop.ari,i0044,8:30,30,8,silvia
V4,2006,2006-10-24,lar.div,p0034,NA,NA,12:06,200,0,Jimena
V4,2009,2009-11-04,lar.div,p0034,meg.A,i0003,11:55:00,300,3,Nachu
V4,2011,2011-10-25,lar.div,p0034,dih.sp1,i0031,10:20,250,1,nachu
V4,2011,2011-10-21,lar.div,p0034,str.eur,i0131,11:35,100,1,silvia
V1,2009,2009-11-05,lar.div,p0034,api.mel,i0070,11:42:00,300,16,Nachu
V4,2008,2008-11-18,lar.div,p0034,dih.sp1,i0031,11:41:00,90,1,Nachu
V4,2007,2007-10-29,lar.div,p0034,NA,NA,18:51,400,0,diego
V4,2011,2011-11-01,lar.div,p0034,cop.ari,i0044,07:54,300,1,nachu
V4,2011,2011-10-21,lar.div,p0034,col.cog,i0169,12:03,140,3,nachu
V1,2011,2011-11-04,lar.div,p0034,meg.A,i0003,10:55,20,1,nachu
V4,2008,2008-10-24,lar.div,p0034,aud.sp,i0178,09:30:00,39,1,Nachu
V2,2006,2006-10-30,lar.div,p0034,xyl.ord,i0001,08:14,500,1,Diego
V4,2011,2011-11-01,lar.div,p0034,cop.ari,i0044,07:54,300,2,nachu
V1,2009,2009-10-28,lar.div,p0034,cen.bre,i0007,11:55:00,11,10,Belen
V4,2010,2010-10-22,lar.div,p0034,cop.ari,i0044,13:35:00,15,1,Nachu
V1,2008,2008-10-28,lar.div,p0034,bom.opi,i0002,10:25:00,600,18,Nachu
V4,2008,2008-10-24,lar.div,p0034,aud.sp,i0178,10:55:00,150,3,Nachu
V4,2011,2011-11-04,lar.div,p0034,meg.A,i0003,13:52,450,1,silvia
V4,2007,2007-10-25,lar.div,p0034,xyl.ord,i0001,08:24,28,11,Nachu
V3,2006,2006-11-20,lar.div,p0034,xyl.ord,i0001,11:28,90,1,Beni
V2,2006,2006-10-30,lar.div,p0034,NA,NA,09:39,60,0,Diego
V1,2006,2006-10-24,lar.div,p0034,bom.opi,i0002,12:04,60,2,Beni
V1,2010,2010-11-26,lar.div,p0034,cos.chi,i0077,12:14:00,70,2,Nachu
V1,2008,2008-11-04,lar.div,p0034,vill.sp1,i0114,11:21:00,300,2,Nachu
V4,2011,2011-10-28,lar.div,p0034,allo.sp1,i0111,12:51,40,2,enzo
V1,2011,2011-10-28,lar.div,p0034,xyl.ord,i0001,09:25,30,3,enzo
V4,2011,2011-11-01,lar.div,p0034,cop.ari,i0044,08:22,200,9,nachu
V4,2009,2009-11-04,lar.div,p0034,meg.A,i0003,11:55:00,300,2,Nachu
V1,2007,2007-11-13,lar.div,p0034,meg.A,i0003,14:52,70,4,Nachu
V4,2006,2006-11-13,lar.div,p0034,bom.opi,i0002,12:15,60,3,Beni
V4,2006,2006-11-13,lar.div,p0034,xyl.ord,i0001,07:25,90,6,Beni
V2,2006,2006-10-24,lar.div,p0034,meg.A,i0003,12:27,30,2,Erica
V1,2008,2008-11-21,lar.div,p0034,ant.fri,i0012,11:40:00,300,6,Nachu
V4,2009,2009-11-11,lar.div,p0034,meg.A,i0003,13:12:00,300,1,Nachu
V1,2006,2006-10-09,lar.div,p0034,api.mel,i0070,12:56,500,2,Diego
V4,2006,2006-11-13,lar.div,p0034,xyl.ord,i0001,08:15,60,4,Beni
V1,2008,2008-11-21,lar.div,p0034,ant.fri,i0012,11:40:00,300,6,Nachu
V1,2009,2009-11-25,lar.div,p0034,NA,NA,13:10:00,110,0,nachu
V4,2011,2011-10-25,lar.div,p0034,zet.sp1,i0037,10:00,167,7,silvia
V4,2011,2011-10-28,lar.div,p0034,aca.arg,i0306,13:58,40,3,nachu
V1,2011,2011-11-01,lar.div,p0034,col.cog,i0169,12:42,180,2,nachu
V4,2011,2011-10-28,lar.div,p0034,api.mel,i0070,12:06,40,3,enzo
V4,2006,2006-10-30,lar.div,p0034,xyl.ord,i0001,09:51,58,6,Erica
V1,2007,2007-11-20,lar.div,p0034,meg.A,i0003,13:26,200,9,Nachu
V1,2008,2008-11-11,lar.div,p0034,cop.ari,i0044,08:29:00,500,1,Nachu
V1,2009,2009-10-28,lar.div,p0034,meg.A,i0003,12:36:00,160,1,nachu
V1,2011,2011-10-28,lar.div,p0034,dih.sp1,i0031,10:55,160,1,silvia
V4,2010,2010-10-28,lar.div,p0034,cop.sp2,i0052,10:06:00,1000,2,Nachu
V3,2006,2006-10-30,lar.div,p0034,cop.ari,i0044,08:55,1800,3,Jimena
V1,2011,2011-11-25,lar.div,p0034,NA,NA,13:13,800,0,silvia
V1,2006,2006-10-09,lar.div,p0034,xyl.ord,i0001,13:02,500,2,Diego
V1,2011,2011-10-28,lar.div,p0034,arh.bif,i0020,10:18,25,1,enzo
V4,2011,2011-10-28,lar.div,p0034,api.mel,i0070,12:05,550,6,silvia
V1,2008,2008-11-11,lar.div,p0034,meg.A,i0003,08:29:00,500,1,Nachu
V4,2010,2010-10-28,lar.div,p0034,cop.ari,i0044,10:06:00,1000,2,Nachu
V4,2007,2007-10-29,lar.div,p0034,cop.ari,i0044,18:31,200,1,Nachu
V4,2011,2011-11-01,lar.div,p0034,coc.mac,i0315,08:31,50,2,enzo
V4,2011,2011-10-21,lar.div,p0034,cos.chi,i0077,11:35,100,1,silvia
V1,2010,2010-12-03,lar.div,p0034,bombil8,i0085,8:08,14,1,silvia
V4,2011,2011-11-01,lar.div,p0034,cop.ari,i0044,07:54,300,2,nachu
V4,2007,2007-11-08,lar.div,p0034,NA,NA,16:14,110,0,Nachu
V4,2008,2008-12-02,lar.div,p0034,NA,NA,11:26:00,21,0,Nachu
V4,2008,2008-10-31,lar.div,p0034,ase.mon,i0180,11:03:00,250,3,Nachu
V4,2009,2009-11-04,lar.div,p0034,NA,NA,10:50:00,50,0,belen
V4,2011,2011-11-18,lar.div,p0034,NA,NA,11:53,80,0,silvia
V4,2008,2008-10-24,lar.div,p0034,aud.sp,i0178,10:55:00,150,1,Nachu
V1,2006,2006-11-13,lar.div,p0034,NA,NA,09:43,151,0,Jimena
V4,2006,2006-10-30,lar.div,p0034,lepid4,i0082,11:40,400,1,Erica
V4,2007,2007-11-02,lar.div,p0034,cop.ari,i0044,09:27,500,1,Nachu
V4,2011,2011-11-01,lar.div,p0034,col.cog,i0169,09:28,300,1,nachu
V4,2011,2011-10-28,lar.div,p0034,cop.ari,i0044,12:06,40,3,enzo
V4,2011,2011-10-28,lar.div,p0034,str.eur,i0131,12:46,33,4,nachu
V4,2009,2009-10-28,lar.div,p0034,aud.sp,i0178,10:43:00,16,6,Belen
V4,2009,2009-10-21,lar.div,p0034,aug.sp,i0228,10:05:00,25,2,nachu
V4,2010,2010-11-26,lar.div,p0034,cop.ari,i0044,8:48:00,400,1,Nachu
V1,2011,2011-12-20,lar.div,p0034,aug.sp,i0228,10:01,120,1,silvia
V4,2008,2008-11-11,lar.div,p0034,dih.sp1,i0031,13:23:00,200,1,Nachu
V4,2011,2011-12-13,lar.div,p0034,cop.ari,i0044,09:49,5,1,nachu
V1,2009,2009-11-05,lar.div,p0034,dih.sp1,i0031,11:42:00,300,1,Nachu
V4,2007,2007-10-29,lar.div,p0034,xyl.ord,i0001,18:46,50,13,Erica
V1,2009,2009-10-28,lar.div,p0034,meg.A,i0003,12:36:00,160,2,nachu
V1,2008,2008-11-04,lar.div,p0034,lon.rob,i0172,08:12:00,140,1,Nachu
V1,2008,2008-11-21,lar.div,p0034,meg.A,i0003,10:28:00,100,2,Nachu
V1,2009,2009-11-05,lar.div,p0034,dih.sp1,i0031,09:57:00,22,1,Nachu
V4,2009,2009-10-28,lar.div,p0034,aud.sp,i0178,10:25:00,85,1,nachu
V2,2006,2006-11-06,lar.div,p0034,cop.ari,i0044,13:14,40,1,Diego
V4,2011,2011-10-28,lar.div,p0034,str.eur,i0131,12:51,40,3,enzo
V1,2008,2008-11-04,lar.div,p0034,lon.rob,i0172,08:19:00,140,1,Nachu
V4,2011,2011-12-13,lar.div,p0034,cop.ari,i0044,08:53,60,1,nachu
V4,2007,2007-10-29,lar.div,p0034,NA,NA,18:45,200,0,diego
V4,2011,2011-10-11,lar.div,p0034,dih.sp1,i0031,10:05,7,1,silvia
V4,2011,2011-10-21,lar.div,p0034,cop.ari,i0044,11:35,100,2,silvia
V4,2009,2009-10-28,lar.div,p0034,aud.sp,i0178,09:31:00,200,2,Belen
V4,2006,2006-11-13,lar.div,p0034,NA,NA,10:58,16,0,Beni
V1,2009,2009-11-11,lar.div,p0034,NA,NA,09:09:00,30,0,Belen
V1,2007,2007-11-20,lar.div,p0034,meg.A,i0003,13:26,200,1,Nachu
V1,2011,2011-10-21,lar.div,p0034,dih.sp1,i0031,08:50,38,1,nachu
V4,2007,2007-10-29,lar.div,p0034,xyl.ord,i0001,18:31,200,14,Nachu
V1,2006,2006-11-13,lar.div,p0034,NA,NA,09:03,30,0,Jimena
V3,2006,2006-11-13,lar.div,p0034,NA,NA,10:32,50,0,Erica
V4,2010,2010-12-10,lar.div,p0034,aud.sp,i0178,9:04,20,1,silvia
V2,2006,2006-11-20,lar.div,p0034,meg.A,i0003,13:02,40,14,Jimena
V1,2011,2011-11-04,lar.div,p0034,dih.sp1,i0031,08:58,95,4,silvia
V4,2009,2009-11-04,lar.div,p0034,meg.A,i0003,11:55:00,300,1,Nachu
V4,2006,2006-11-20,lar.div,p0034,NA,NA,11:41,300,0,Diego
V2,2006,2006-10-24,lar.div,p0034,xyl.ord,i0001,12:55,80,3,Erica
V4,2006,2006-10-24,lar.div,p0034,cop.ari,i0044,11:35,150,1,Jimena
V4,2011,2011-10-21,lar.div,p0034,cos.chi,i0077,11:48,59,9,silvia
V2,2006,2006-11-13,lar.div,p0034,NA,NA,13:33,100,0,Diego
V2,2006,2006-11-13,lar.div,p0034,meg.C,i0140,11:17,100,3,Diego
V1,2008,2008-11-04,lar.div,p0034,amm.sp1,i0126,11:21:00,300,2,Nachu
V1,2011,2011-10-21,lar.div,p0034,aug.sp,i0228,09:20,70,1,nachu
V2,2006,2006-11-13,lar.div,p0034,meg.C,i0140,11:17,100,3,Diego
V1,2009,2009-11-11,lar.div,p0034,NA,NA,10:34:00,30,0,Belen
V4,2006,2006-11-06,lar.div,p0034,NA,NA,10:04,290,0,Nachu
V4,2011,2011-10-25,lar.div,p0034,NA,NA,08:30,25,0,enzo
V4,2011,2011-11-01,lar.div,p0034,col.cog,i0169,08:22,200,2,nachu
V4,2011,2011-11-04,lar.div,p0034,str.eur,i0131,13:11,30,1,enzo
V1,2011,2011-10-28,lar.div,p0034,dih.sp1,i0031,10:55,160,1,silvia
V1,2011,2011-11-18,lar.div,p0034,dih.sp1,i0031,10:08,300,1,silvia
V4,2011,2011-10-21,lar.div,p0034,pir.com,i0132,12:16,30,1,nachu
V4,2008,2008-11-07,lar.div,p0034,xyl.ord,i0001,08:51:00,130,3,Nachu
V1,2011,2011-10-21,lar.div,p0034,NA,NA,08:50,38,6,nachu
V4,2009,2009-11-11,lar.div,p0034,NA,NA,12:07:00,20,0,Belen
V4,2011,2011-11-01,lar.div,p0034,cop.ari,i0044,07:54,300,1,nachu
V2,2006,2006-10-24,lar.div,p0034,NA,NA,15:15,14,0,Erica
V4,2006,2006-11-20,lar.div,p0034,NA,NA,10:47,50,0,Diego
V1,2006,2006-11-13,lar.div,p0034,meg.A,i0003,09:15,200,3,Jimena
V4,2007,2007-11-15,lar.div,p0034,cop.ari,i0044,10:03,20,3,Nachu
V4,2011,2011-10-28,lar.div,p0034,dih.sp1,i0031,13:45,50,1,nachu
V1,2006,2006-11-13,lar.div,p0034,meg.A,i0003,09:15,200,5,Jimena
V4,2011,2011-11-01,lar.div,p0034,cop.ari,i0044,07:54,300,2,nachu
V1,2011,2011-11-04,lar.div,p0034,cen.bre,i0007,09:06,134,2,silvia
V4,2011,2011-10-21,lar.div,p0034,meg.jor,i0298,13:30,59,2,silvia
V1,2008,2008-11-11,lar.div,p0034,meg.A,i0003,09:50:00,800,1,Nachu
V4,2011,2011-10-21,lar.div,p0034,str.eur,i0131,12:03,140,1,nachu
V4,2009,2009-11-30,lar.div,p0034,NA,NA,10:12:00,36,0,Rocio
V4,2011,2011-11-01,lar.div,p0034,col.cog,i0169,09:14,51,1,nachu
V1,2011,2011-11-08,lar.div,p0034,meg.A,i0003,12:47,60,1,enzo
V4,2011,2011-10-21,lar.div,p0034,str.eur,i0131,11:48,59,2,silvia
V4,2007,2007-11-06,lar.div,p0034,NA,NA,12:36,200,0,Nachu
V1,2009,2009-11-09,lar.div,p0034,meg.A,i0003,12:00:00,60,2,nachu
V2,2006,2006-10-24,lar.div,p0034,NA,NA,12:37,12,0,Erica
V4,2011,2011-10-25,lar.div,p0034,api.mel,i0070,09:05,110,2,nachu
V1,2008,2008-10-21,lar.div,p0034,dih.sp1,i0031,11:00:00,35,1,Nachu
V4,2011,2011-11-01,lar.div,p0034,xyl.ord,i0001,08:08,40,2,enzo
V1,2010,2010-10-22,lar.div,p0034,col.lyc,i0170,11:51:00,35,8,Nachu
V4,2011,2011-10-21,lar.div,p0034,cos.chi,i0077,11:35,100,1,silvia
V1,2008,2008-11-21,lar.div,p0034,meg.A,i0003,10:28:00,100,2,Nachu
V4,2008,2008-10-21,lar.div,p0034,allo.sp1,i0111,15:19:00,900,1,Nachu
V1,2011,2011-11-04,lar.div,p0034,lon.rob,i0172,09:25,200,3,nachu
V1,2008,2008-11-21,lar.div,p0034,ant.fri,i0012,11:40:00,300,4,Nachu
V4,2007,2007-11-15,lar.div,p0034,cop.ari,i0044,07:43,60,1,Nachu
V1,2009,2009-11-05,lar.div,p0034,lei.abd,i0030,10:16:00,500,17,Nachu
V1,2007,2007-11-06,lar.div,p0034,cop.ari,i0044,08:50,90,1,Nachu
V1,2008,2008-11-04,lar.div,p0034,lon.rob,i0172,08:12:00,140,1,Nachu
V4,2008,2008-10-28,lar.div,p0034,tac.sp15,i0196,12:15:00,16,1,Nachu
V4,2011,2011-10-18,lar.div,p0034,xyl.ord,i0001,09:51,30,1,nachu
V1,2011,2011-10-28,lar.div,p0034,arh.bif,i0020,10:18,25,1,enzo
V4,2011,2011-10-28,lar.div,p0034,str.eur,i0131,12:51,40,2,enzo
V4,2008,2008-10-24,lar.div,p0034,xyl.ord,i0001,10:55:00,150,40,Nachu
V4,2011,2011-10-21,lar.div,p0034,lon.rob,i0172,12:03,140,1,nachu
V4,2011,2011-11-04,lar.div,p0034,meg.A,i0003,13:52,450,1,silvia
V1,2009,2009-11-05,lar.div,p0034,NA,NA,12:15:00,30,0,Belen
V1,2011,2011-11-04,lar.div,p0034,api.mel,i0070,09:01,60,5,enzo
V4,2009,2009-11-04,lar.div,p0034,bombil10,i0206,11:55:00,300,1,Nachu
V4,2008,2008-10-28,lar.div,p0034,bom.opi,i0002,12:15:00,16,1,Nachu
V1,2011,2011-11-04,lar.div,p0034,NA,NA,08:42,400,1,nachu
V1,2006,2006-10-09,lar.div,p0034,api.mel,i0070,13:02,500,50,Diego
V4,2011,2011-11-08,lar.div,p0034,NA,NA,08:46,200,1,nachu
V1,2011,2011-11-01,lar.div,p0034,col.cog,i0169,12:42,180,1,nachu
V1,2009,2009-11-05,lar.div,p0034,lon.rob,i0172,09:04:00,200,1,Nachu
V4,2011,2011-10-25,lar.div,p0034,NA,NA,08:45,64,0,nachu
V4,2011,2011-11-11,lar.div,p0034,dih.sp1,i0031,10:17,60,1,silvia
V1,2011,2011-11-04,lar.div,p0034,cop.ari,i0044,09:25,200,1,nachu
V4,2011,2011-10-28,lar.div,p0034,str.eur,i0131,12:51,40,1,enzo
V1,2010,2010-10-22,lar.div,p0034,cop.ari,i0044,10:05:00,30,2,Nachu
V4,2011,2011-10-25,lar.div,p0034,xyl.ord,i0001,10:20,250,2,nachu
V4,2011,NA,lar.div,p0034,aud.sp,i0178,11:53,30,1,enzo
V1,2011,2011-10-21,lar.div,p0034,aug.sp,i0228,09:20,70,1,nachu
V4,2008,2008-10-21,lar.div,p0034,aug.sp,i0228,15:19:00,900,2,Nachu
V3,2006,2006-11-06,lar.div,p0034,NA,NA,11:09,100,0,Diego
V4,2011,2011-10-25,lar.div,p0034,api.mel,i0070,10:32,300,1,silvia
V1,2009,2009-11-05,lar.div,p0034,cop.ari,i0044,12:44:00,500,3,Rocio
V3,2006,2006-10-24,lar.div,p0034,NA,NA,11:20,50,0,Diego
V1,2011,2011-10-25,lar.div,p0034,str.eur,i0131,12:09,45,1,nachu
V1,2007,2007-11-13,lar.div,p0034,meg.A,i0003,16:16,200,2,Nachu
V4,2011,2011-11-01,lar.div,p0034,bom.opi,i0002,09:28,300,26,nachu
V4,2011,2011-11-04,lar.div,p0034,str.eur,i0131,12:14,60,2,enzo
V1,2011,2011-11-08,lar.div,p0034,dia.pat,i0164,12:47,60,2,enzo
V4,2006,2006-11-20,lar.div,p0034,NA,NA,13:40,200,0,Diego
V4,2011,2011-12-13,lar.div,p0034,bom.opi,i0002,08:42,244,2,silvia
V4,2007,2007-10-25,lar.div,p0034,xyl.ord,i0001,08:31,250,30,Nachu
V1,2009,2009-11-18,lar.div,p0034,NA,NA,11:17:00,100,0,Rocio
V4,2008,2008-10-17,lar.div,p0034,aug.sp,i0228,10:50:00,100,1,Nachu
V1,2007,2007-11-13,lar.div,p0034,dih.sp1,i0031,16:16,200,1,Nachu
V1,2007,2007-11-06,lar.div,p0034,asi.sp1,i0055,10:48,110,1,Nachu
V3,2006,2006-11-13,lar.div,p0034,NA,NA,08:34,100,0,Erica
V4,2009,2009-10-21,lar.div,p0034,xyl.ord,i0001,10:05:00,25,3,nachu
V1,2009,2009-10-28,lar.div,p0034,cen.bre,i0007,12:20:00,30,13,Belen
V1,2007,2007-11-06,lar.div,p0034,syr.sp1,i0045,07:26,100,1,Nachu
V4,2011,2011-10-28,lar.div,p0034,str.eur,i0131,12:24,30,1,enzo
V1,2007,2007-10-29,lar.div,p0034,meg.A,i0003,17:05,20,2,Nachu
V4,2007,2007-11-08,lar.div,p0034,cop.ari,i0044,16:58,150,3,Nachu
V4,2007,2007-11-08,lar.div,p0034,cop.ari,i0044,17:11,300,3,Nachu
V1,2009,2009-11-30,lar.div,p0034,NA,NA,11:58:00,140,0,Nachu
V1,2008,2008-11-11,lar.div,p0034,cop.ari,i0044,09:50:00,800,2,Nachu
V4,2011,2011-10-21,lar.div,p0034,cos.chi,i0077,13:30,59,2,silvia
V4,2011,2011-11-11,lar.div,p0034,NA,NA,08:45,152,0,silvia
V4,2009,2009-11-09,lar.div,p0034,NA,NA,09:44:00,26,0,nachu
V1,2008,2008-11-21,lar.div,p0034,meg.C,i0140,10:28:00,100,3,Nachu
V1,2007,2007-11-08,lar.div,p0034,NA,NA,17:44,100,0,Nachu
V4,2011,2011-10-21,lar.div,p0034,api.mel,i0070,12:03,140,2,nachu
V4,2011,2011-11-08,lar.div,p0034,xyl.ord,i0001,09:49,40,3,enzo
V4,2011,2011-11-04,lar.div,p0034,api.mel,i0070,NA,450,10,silvia
V4,2009,2009-11-04,lar.div,p0034,meg.A,i0003,11:55:00,300,1,Nachu
V1,2011,2011-12-06,lar.div,p0034,wil.cha,i0096,09:27:00,3,2,silvia
V4,2011,2011-10-25,lar.div,p0034,cop.ari,i0044,10:20,250,3,nachu
V4,2006,2006-10-30,lar.div,p0034,api.mel,i0070,11:40,400,25,Erica
V1,2008,2008-11-04,lar.div,p0034,xyl.ord,i0001,08:19:00,140,9,Nachu
V2,2006,2006-11-13,lar.div,p0034,NA,NA,12:47,300,0,Diego
V4,2011,2011-11-01,lar.div,p0034,api.mel,i0070,08:22,200,14,nachu
V4,2011,2011-11-01,lar.div,p0034,col.cog,i0169,07:54,300,1,nachu
V1,2009,2009-11-05,lar.div,p0034,col.lyc,i0170,09:09:00,300,2,Rocio
V1,2008,2008-10-28,lar.div,p0034,bom.opi,i0002,10:25:00,600,3,Nachu
V1,2011,2011-10-21,lar.div,p0034,dih.sp1,i0031,10:50,16,1,silvia
V4,2011,2011-10-21,lar.div,p0034,hemip4,i0317,13:30,59,1,silvia
V1,2011,2011-11-01,lar.div,p0034,pir.com,i0132,11:48,30,1,enzo
V1,2006,2006-10-09,lar.div,p0034,api.mel,i0070,13:02,500,73,Diego
V4,2006,2006-11-20,lar.div,p0034,cen.bre,i0007,12:39,40,20,Diego
V1,2009,2009-11-18,lar.div,p0034,meg.A,i0003,09:50:00,500,2,Nachu
V4,2007,2007-10-29,lar.div,p0034,NA,NA,18:29,210,0,Erica
V4,2011,2011-10-28,lar.div,p0034,cop.ari,i0044,12:46,33,1,nachu
V1,2008,2008-11-11,lar.div,p0034,col.cog,i0169,08:29:00,500,2,Nachu
V4,2006,2006-10-30,lar.div,p0034,NA,NA,12:08,28,0,Erica
V4,2009,2009-10-28,lar.div,p0034,meg.C,i0140,09:10:00,65,1,nachu
V1,2007,2007-11-06,lar.div,p0034,NA,NA,08:37,100,0,Nachu
V1,2009,2009-10-28,lar.div,p0034,aug.sp,i0228,12:01:00,30,2,Belen
V1,2011,2011-11-01,lar.div,p0034,api.mel,i0070,12:42,180,3,nachu
V4,2011,2011-10-21,lar.div,p0034,pir.com,i0132,12:16,30,1,nachu
V4,2006,2006-11-20,lar.div,p0034,api.mel,i0070,12:48,500,4,Diego
V3,2006,2006-11-13,lar.div,p0034,NA,NA,08:25,150,0,Erica
V4,2010,2010-11-26,lar.div,p0034,cop.ari,i0044,8:24:00,15,1,Nachu
V4,2009,2009-11-25,lar.div,p0034,NA,NA,11:25:00,150,0,nachu
V4,2007,2007-11-20,lar.div,p0034,NA,NA,17:29,40,0,Nachu
V1,2008,2008-11-21,lar.div,p0034,bombil10,i0206,11:40:00,300,1,Nachu
V4,2011,2011-11-18,lar.div,p0034,col.ara,i0168,10:08,300,1,silvia
V3,2006,2006-10-24,lar.div,p0034,NA,NA,11:03,30,0,Diego
V4,2011,2011-10-21,lar.div,p0034,cos.chi,i0077,11:35,100,1,silvia
V1,2007,2007-11-20,lar.div,p0034,meg.A,i0003,13:26,200,3,Nachu
V1,2008,2008-11-11,lar.div,p0034,meg.A,i0003,09:50:00,800,8,Nachu
V4,2008,2008-10-24,lar.div,p0034,pir.com,i0132,10:55:00,150,1,Nachu
V4,2011,2011-10-21,lar.div,p0034,meg.jor,i0298,13:30,59,6,silvia
V4,2007,2007-10-29,lar.div,p0034,bom.opi,i0002,18:31,200,6,Nachu
V4,2006,2006-11-06,lar.div,p0034,meg.A,i0003,14:12,220,1,Nachu
V4,2011,2011-10-28,lar.div,p0034,bom.opi,i0002,12:51,40,3,enzo
V4,2010,2010-10-22,lar.div,p0034,cop.sp2,i0052,13:35:00,15,1,Nachu
V1,2007,2007-11-13,lar.div,p0034,cop.ari,i0044,16:42,150,3,Nachu
V4,2008,2008-11-18,lar.div,p0034,cop.ari,i0044,09:40:00,160,4,Nachu
V4,2011,2011-10-28,lar.div,p0034,cop.ari,i0044,12:05,550,1,silvia
V4,2011,2011-10-28,lar.div,p0034,meg.jor,i0298,13:45,50,1,nachu
V1,2011,2011-10-21,lar.div,p0034,dih.sp1,i0031,10:50,16,1,silvia
V4,2007,2007-11-06,lar.div,p0034,NA,NA,12:47,130,0,Nachu
V1,2011,2011-11-11,lar.div,p0034,cop.ari,i0044,13:24,300,5,silvia
V4,2011,2011-10-28,lar.div,p0034,meg.jor,i0298,13:20,100,4,nachu
V4,2009,2009-10-28,lar.div,p0034,cen.bre,i0007,10:25:00,85,2,nachu
V4,2011,2011-10-21,lar.div,p0034,col.cog,i0169,12:16,30,2,nachu
V4,2009,2009-11-09,lar.div,p0034,NA,NA,11:08:00,40,0,Rocio
V4,2007,2007-11-27,lar.div,p0034,NA,NA,10:24,30,0,Nachu
V3,2006,2006-11-13,lar.div,p0034,ant.fri,i0012,12:36,2600,28,Erica
V1,2011,2011-10-28,lar.div,p0034,lon.rob,i0172,09:15,80,1,nachu
V4,2011,2011-11-04,lar.div,p0034,NA,NA,11:38,12,3,nachu
V4,2010,2010-10-28,lar.div,p0034,cop.ari,i0044,8:30,30,3,silvia
V1,2007,2007-11-13,lar.div,p0034,dih.sp1,i0031,16:16,200,1,Nachu
V4,2008,2008-10-21,lar.div,p0034,aug.sp,i0228,15:19:00,900,1,Nachu
V4,2011,2011-10-18,lar.div,p0034,col.cog,i0169,09:51,30,1,nachu
V1,2011,2011-10-28,lar.div,p0034,aug.sp,i0228,08:55,400,1,nachu
V1,2007,2007-11-20,lar.div,p0034,meg.A,i0003,13:26,200,1,Nachu
V1,2011,2011-10-21,lar.div,p0034,pir.com,i0132,10:50,16,1,silvia
V1,2011,2011-11-04,lar.div,p0034,lon.rob,i0172,08:42,400,1,nachu
V1,2006,2006-11-13,lar.div,p0034,NA,NA,13:02,100,0,Jimena
V4,2011,2011-10-28,lar.div,p0034,dih.sp1,i0031,12:05,550,2,silvia
V4,2011,2011-10-11,lar.div,p0034,col.cog,i0169,10:05,7,1,silvia
V4,2010,2010-11-26,lar.div,p0034,cop.ari,i0044,8:24:00,15,1,Nachu
V4,2009,2009-11-18,lar.div,p0034,NA,NA,13:21:00,80,0,Nachu
V4,2011,2011-11-01,lar.div,p0034,cop.ari,i0044,07:54,300,1,nachu
V4,2011,2011-10-28,lar.div,p0034,mele.sp,i0307,13:45,50,1,nachu
V1,2011,2011-11-04,lar.div,p0034,lon.rob,i0172,08:42,400,1,nachu
V1,2011,2011-11-04,lar.div,p0034,lon.rob,i0172,08:42,400,3,nachu
V4,2011,2011-10-25,lar.div,p0034,dih.sp1,i0031,09:30,60,2,silvia
V1,2011,2011-11-18,lar.div,p0034,cop.ari,i0044,10:08,300,9,silvia
V4,2009,2009-10-28,lar.div,p0034,xyl.ord,i0001,09:31:00,200,30,Belen
V1,2008,2008-11-21,lar.div,p0034,meg.A,i0003,10:28:00,100,4,Nachu
V4,2011,2011-11-01,lar.div,p0034,cop.ari,i0044,07:54,300,2,nachu
V4,2011,2011-10-21,lar.div,p0034,col.cog,i0169,12:16,30,2,nachu
V4,2011,2011-11-08,lar.div,p0034,dia.pat,i0164,09:02,50,1,enzo
V4,2009,2009-11-04,lar.div,p0034,NA,NA,09:52:00,28,0,belen
V1,2011,2011-10-21,lar.div,p0034,dih.sp1,i0031,08:50,38,1,nachu
V4,2011,2011-10-21,lar.div,p0034,col.cog,i0169,12:03,140,2,nachu
V1,2011,2011-10-28,lar.div,p0034,aug.sp,i0228,08:55,400,7,nachu
V4,2009,2009-11-09,lar.div,p0034,NA,NA,10:03:00,30,0,nachu
V1,2011,2011-11-04,lar.div,p0034,cop.ari,i0044,08:42,400,2,nachu
V4,2006,2006-11-06,lar.div,p0034,NA,NA,09:42,130,0,Nachu
V4,2008,2008-10-17,lar.div,p0034,aud.sp,i0178,10:50:00,100,2,Nachu
V4,2006,2006-11-20,lar.div,p0034,NA,NA,12:33,400,0,Diego
V4,2010,2010-11-19,lar.div,p0034,aud.sp,i0178,12:19,250,3,silvia
V4,2007,2007-10-25,lar.div,p0034,bom.opi,i0002,09:19,150,1,Nachu
V3,2006,2006-11-13,lar.div,p0034,xyl.ord,i0001,13:20,160,38,Erica
V4,2011,2011-11-18,lar.div,p0034,NA,NA,12:54,64,0,silvia
V1,2007,2007-11-20,lar.div,p0034,meg.A,i0003,13:26,200,5,Nachu
V2,2006,2006-11-20,lar.div,p0034,meg.A,i0003,12:03,60,35,Jimena
V4,2011,NA,lar.div,p0034,aud.sp,i0178,12:18,15,1,enzo
V4,2011,2011-12-20,lar.div,p0034,aug.sp,i0228,12:02,150,1,silvia
V4,2007,2007-11-08,lar.div,p0034,NA,NA,17:05,100,0,Nachu
V2,2006,2006-11-13,lar.div,p0034,cen.bre,i0007,08:58,300,1,Diego
V4,2010,2010-10-28,lar.div,p0034,cop.ari,i0044,8:30,30,7,silvia
V4,2008,2008-10-24,lar.div,p0034,aud.sp,i0178,10:55:00,150,2,Nachu
V4,2011,2011-10-28,lar.div,p0034,str.eur,i0131,12:05,550,3,silvia
V4,2011,2011-12-13,lar.div,p0034,cop.ari,i0044,09:49,5,2,nachu
V1,2009,2009-11-11,lar.div,p0034,col.lyc,i0170,09:05:00,160,2,Nachu
V4,2010,2010-11-26,lar.div,p0034,meg.A,i0003,9:54:00,130,3,Nachu
V4,2008,2008-11-07,lar.div,p0034,cen.lya,i0006,12:39:00,500,3,Nachu
V1,2006,2006-11-20,lar.div,p0034,hir.sp1,i0051,12:55,70,3,Erica
V4,2010,2010-10-28,lar.div,p0034,xyl.ord,i0001,8:47:00,400,25,Nachu
V4,2009,2009-11-04,lar.div,p0034,cen.bre,i0007,09:39:00,400,17,Nachu
V2,2006,2006-11-20,lar.div,p0034,cen.bre,i0007,11:40,100,2,Jimena
V1,2011,2011-11-22,lar.div,p0034,aug.sp,i0228,14:13,230,1,silvia
V1,2011,2011-10-28,lar.div,p0034,cen.bre,i0007,08:55,400,1,nachu
V1,2008,2008-11-21,lar.div,p0034,cen.bre,i0007,09:58:00,300,2,Nachu
V3,2006,2006-11-13,lar.div,p0034,NA,NA,13:15,50,0,Erica
V4,2009,2009-11-04,lar.div,p0034,meg.C,i0140,11:55:00,300,1,Nachu
V4,2011,2011-11-04,lar.div,p0034,chi.sp1,i0033,12:38,200,1,silvia
V1,2008,2008-11-04,lar.div,p0034,exo.sp1,i0068,11:21:00,300,1,Nachu
V1,2009,2009-10-28,lar.div,p0034,meg.A,i0003,12:36:00,160,3,nachu
V4,2006,2006-10-30,lar.div,p0034,NA,NA,12:00,125,0,Erica
V4,2011,2011-11-01,lar.div,p0034,col.cog,i0169,07:54,300,1,nachu
V4,2006,2006-11-13,lar.div,p0034,NA,NA,09:20,30,0,Beni
V4,2011,2011-12-13,lar.div,p0034,NA,NA,09:26,88,0,silvia
V1,2011,2011-11-04,lar.div,p0034,cop.ari,i0044,09:25,200,1,nachu
V4,2011,2011-11-08,lar.div,p0034,NA,NA,08:46,200,1,nachu
V3,2006,2006-11-13,lar.div,p0034,meg.A,i0003,09:35,200,3,Erica
V2,2006,2006-10-24,lar.div,p0034,meg.A,i0003,15:22,120,12,Erica
V4,2011,2011-10-18,lar.div,p0034,cop.ari,i0044,09:31,61,1,nachu
V1,2011,2011-10-25,lar.div,p0034,str.eur,i0131,11:45,16,5,nachu
V1,2011,2011-11-18,lar.div,p0034,wil.cha,i0096,10:08,300,3,silvia
V1,2006,2006-11-13,lar.div,p0034,meg.A,i0003,09:15,200,2,Jimena
V4,2009,2009-10-28,lar.div,p0034,cen.bre,i0007,10:25:00,85,28,nachu
V4,2011,2011-10-28,lar.div,p0034,api.mel,i0070,12:05,550,8,silvia
V1,2008,2008-11-04,lar.div,p0034,lon.rob,i0172,08:19:00,140,1,Nachu
V1,2011,2011-11-11,lar.div,p0034,meg.A,i0003,13:14,230,1,silvia
V1,2006,2006-10-09,lar.div,p0034,aug.sp,i0228,13:15,400,2,Diego
V1,2009,2009-11-11,lar.div,p0034,NA,NA,10:09:00,23,0,Belen
V1,2008,2008-11-04,lar.div,p0034,ant.rub,i0108,11:21:00,300,7,Nachu
V4,2008,2008-11-18,lar.div,p0034,col.lyc,i0170,09:40:00,160,3,Nachu
V1,2006,2006-10-30,lar.div,p0034,cen.bre,i0007,12:15,45,3,Beni
V4,2010,2010-11-05,lar.div,p0034,xyl.spl,i0094,12:57,90,1,silvia
V2,2006,2006-11-06,lar.div,p0034,api.mel,i0070,13:14,40,1,Diego
V4,2011,2011-10-25,lar.div,p0034,cen.bre,i0007,10:20,250,9,nachu
V1,2010,2010-10-22,lar.div,p0034,xyl.spl,i0094,11:27:00,50,9,Nachu
V1,2006,2006-10-24,lar.div,p0034,bom.opi,i0002,11:57,26,3,Beni
V4,2006,2006-10-30,lar.div,p0034,NA,NA,13:28,4,0,Erica
V1,2007,2007-11-13,lar.div,p0034,cen.bre,i0007,16:42,150,2,Nachu
V1,2009,2009-10-28,lar.div,p0034,meg.A,i0003,12:36:00,160,4,nachu
V4,2011,2011-11-01,lar.div,p0034,col.cog,i0169,07:54,300,1,nachu
V1,2011,2011-11-11,lar.div,p0034,meg.A,i0003,13:14,230,1,silvia
V1,2011,2011-10-21,lar.div,p0034,pse.sp,i0167,09:20,70,1,nachu
V3,2006,2006-11-13,lar.div,p0034,NA,NA,13:05,170,0,Erica
V4,2009,2009-10-21,lar.div,p0034,cen.bre,i0007,11:02:00,22,8,nachu
V3,2006,2006-10-30,lar.div,p0034,cop.ari,i0044,08:55,1800,2,Jimena
V1,2006,2006-10-09,lar.div,p0034,api.mel,i0070,13:15,400,10,Diego
V2,2006,2006-10-30,lar.div,p0034,meg.A,i0003,11:46,200,1,Diego
V1,2011,2011-11-22,lar.div,p0034,NA,NA,13:07,60,0,silvia
V4,2011,2011-10-28,lar.div,p0034,api.mel,i0070,12:05,550,3,silvia
V4,2011,2011-12-02,lar.div,p0034,NA,NA,08:32,15,0,nachu
V4,2011,2011-10-25,lar.div,p0034,cop.ari,i0044,10:20,250,1,nachu
V2,2006,2006-10-30,lar.div,p0034,xyl.ord,i0001,10:00,100,1,Diego
V1,2009,2009-11-25,lar.div,p0034,cop.ari,i0044,13:23:00,10,1,Belen
V4,2011,2011-11-08,lar.div,p0034,NA,NA,08:46,200,1,nachu
V4,2008,2008-11-18,lar.div,p0034,cop.ari,i0044,09:40:00,160,5,Nachu
V4,2007,2007-11-08,lar.div,p0034,cop.ari,i0044,17:11,300,1,Nachu
V4,2007,2007-11-08,lar.div,p0034,cop.ari,i0044,17:11,300,2,Nachu
V1,2011,2011-11-08,lar.div,p0034,NA,NA,12:36,80,0,nachu
V1,2011,2011-11-04,lar.div,p0034,cop.ari,i0044,09:06,134,2,silvia
V1,2006,2006-10-09,lar.div,p0034,bom.opi,i0002,13:43,30,5,Diego
V1,2009,2009-11-05,lar.div,p0034,lon.rob,i0172,09:04:00,200,1,Nachu
V4,2011,2011-10-28,lar.div,p0034,allo.sp1,i0111,12:51,40,2,enzo
V4,2011,2011-10-18,lar.div,p0034,tac.sp10,i0191,09:51,30,1,nachu
V4,2008,2008-12-19,lar.div,p0034,NA,NA,10:51:00,5,0,Nachu
V4,2011,2011-10-28,lar.div,p0034,allo.sp1,i0111,12:51,40,1,enzo
V1,2006,2006-11-20,lar.div,p0034,cen.bre,i0007,12:10,200,7,Erica
V1,2007,2007-11-13,lar.div,p0034,col.lyc,i0170,16:16,200,1,Nachu
V1,2008,2008-11-21,lar.div,p0034,cos.chi,i0077,09:58:00,300,1,Nachu
V3,2006,2006-10-30,lar.div,p0034,NA,NA,13:30,100,0,Jimena
V1,2011,2011-10-28,lar.div,p0034,NA,NA,08:55,400,0,nachu
V1,2011,2011-11-04,lar.div,p0034,lon.rob,i0172,09:25,200,3,nachu
V1,2007,2007-11-20,lar.div,p0034,meg.A,i0003,13:26,200,9,Nachu
V4,2011,2011-10-25,lar.div,p0034,NA,NA,09:23,14,0,silvia
V4,2009,2009-10-28,lar.div,p0034,bom.opi,i0002,10:25:00,85,5,nachu
V1,2009,2009-10-28,lar.div,p0034,aug.sp,i0228,12:36:00,160,2,nachu
V1,2009,2009-11-11,lar.div,p0034,NA,NA,09:52:00,78,0,Nachu
V4,2007,2007-11-15,lar.div,p0034,cop.ari,i0044,08:40,200,3,Nachu
V4,2008,2008-10-17,lar.div,p0034,aug.sp,i0228,10:50:00,100,1,Nachu
V1,2010,2010-10-22,lar.div,p0034,NA,NA,10:08,19,0,silvia
V4,2009,2009-11-11,lar.div,p0034,exo.sp1,i0068,13:09:00,20,1,Belen
V1,2010,2010-12-03,lar.div,p0034,bombil8,i0085,8:08,14,1,silvia
V1,2009,2009-10-28,lar.div,p0034,meg.A,i0003,12:36:00,160,1,nachu
V4,2010,2010-10-22,lar.div,p0034,NA,NA,13:43,66,0,silvia
V1,2006,2006-10-30,lar.div,p0034,bom.opi,i0002,12:15,9,9,Beni
V4,2011,2011-11-01,lar.div,p0034,cop.ari,i0044,07:54,300,1,nachu
V1,2010,2010-12-03,lar.div,p0034,NA,NA,8:58,16,1,silvia
V4,2011,2011-11-04,lar.div,p0034,str.eur,i0131,NA,450,2,silvia
V1,2009,2009-11-05,lar.div,p0034,NA,NA,12:23:00,100,0,Belen
V4,2007,2007-11-15,lar.div,p0034,antho.sp1,i0136,08:33,60,1,Nachu
V3,2006,2006-11-13,lar.div,p0034,hir.sp1,i0051,12:36,2600,7,Erica
V1,2007,2007-11-06,lar.div,p0034,NA,NA,10:10,120,0,Nachu
V2,2006,2006-11-13,lar.div,p0034,NA,NA,08:52,130,0,Diego
V4,2007,2007-11-02,lar.div,p0034,cen.bre,i0007,08:53,200,15,Nachu
V1,2010,2010-12-03,lar.div,p0034,bombil8,i0085,8:08,14,1,silvia
V4,2011,2011-10-28,lar.div,p0034,hemip1,i0219,12:05,550,1,silvia
V4,2011,NA,lar.div,p0034,aud.sp,i0178,11:53,30,2,enzo
V4,2011,2011-10-28,lar.div,p0034,str.eur,i0131,12:46,33,2,nachu
V4,2009,2009-11-30,lar.div,p0034,NA,NA,09:53:00,50,0,Rocio
V1,2011,2011-11-29,lar.div,p0034,NA,NA,11:52,57,0,silvia
V1,2011,2011-11-22,lar.div,p0034,aug.sp,i0228,14:13,230,2,silvia
V2,2006,2006-10-24,lar.div,p0034,bom.opi,i0002,15:22,120,3,Erica
V1,2008,2008-10-21,lar.div,p0034,cen.mur,i0230,11:00:00,35,2,Nachu
V1,2010,2010-11-05,lar.div,p0034,NA,NA,7:58,350,3,silvia
V1,2011,2011-11-18,lar.div,p0034,wil.cha,i0096,10:08,300,1,silvia
V4,2011,2011-11-04,lar.div,p0034,NA,NA,13:37,200,2,nachu
V1,2009,2009-11-05,lar.div,p0034,cop.ari,i0044,09:04:00,200,1,Nachu
V1,2011,2011-10-25,lar.div,p0034,NA,NA,12:34,65,0,silvia
V1,2010,2010-12-03,lar.div,p0034,bombil8,i0085,8:08,14,1,silvia
V4,2006,2006-11-20,lar.div,p0034,cen.bre,i0007,13:33,500,2,Diego
V4,2008,2008-10-28,lar.div,p0034,allo.seg,i0244,13:09:00,23,1,Nachu
V4,2011,2011-10-28,lar.div,p0034,str.eur,i0131,12:24,30,1,enzo
V4,2009,2009-11-30,lar.div,p0034,NA,NA,11:08:00,60,0,Rocio
V4,2011,2011-11-01,lar.div,p0034,api.mel,i0070,08:31,50,15,enzo
V4,2011,2011-10-21,lar.div,p0034,cos.chi,i0077,11:48,59,1,silvia
V4,2010,2010-11-26,lar.div,p0034,dih.sp1,i0031,9:54:00,130,1,Nachu
V1,2008,2008-11-04,lar.div,p0034,ant.rub,i0108,11:21:00,300,3,Nachu
V4,2011,2011-10-25,lar.div,p0034,cop.sp2,i0052,10:32,300,1,silvia
V1,2008,2008-11-21,lar.div,p0034,NA,NA,11:06:00,120,0,Nachu
V4,2009,2009-10-26,lar.div,p0034,aud.sp,i0178,13:09:00,22,1,nachu
V4,2011,2011-10-21,lar.div,p0034,ise.vac,i0106,12:16,30,1,nachu
V1,2011,2011-10-21,lar.div,p0034,xyl.ord,i0001,08:50,38,2,nachu
V4,2011,2011-11-01,lar.div,p0034,cop.ari,i0044,08:31,50,3,enzo
V1,2007,2007-11-20,lar.div,p0034,meg.A,i0003,13:26,200,2,Nachu
V1,2006,2006-11-13,lar.div,p0034,bom.opi,i0002,10:58,250,1,Jimena
V1,2011,2011-10-21,lar.div,p0034,NA,NA,08:50,38,1,nachu
V4,2006,2006-10-30,lar.div,p0034,NA,NA,10:12,100,0,Erica
V4,2008,2008-10-17,lar.div,p0034,pse.sp,i0167,10:50:00,100,1,Nachu
V4,2011,NA,lar.div,p0034,NA,NA,09:49,50,1,julian
V4,2007,2007-10-29,lar.div,p0034,NA,NA,18:24,200,0,Nachu
V4,2011,NA,lar.div,p0034,NA,NA,11:52,50,0,julian
V1,2008,2008-11-04,lar.div,p0034,lon.rob,i0172,08:19:00,140,2,Nachu
V1,2011,2011-11-04,lar.div,p0034,lon.rob,i0172,08:42,400,1,nachu
V4,2011,2011-10-25,lar.div,p0034,cop.ari,i0044,10:20,250,2,nachu
V1,2008,2008-10-21,lar.div,p0034,aug.sp,i0228,10:41:00,50,1,Nachu
V4,2011,2011-10-18,lar.div,p0034,str.eur,i0131,09:51,30,1,nachu
V1,2011,2011-12-06,lar.div,p0034,wil.cha,i0096,09:32:00,5,2,silvia
V4,2011,2011-11-11,lar.div,p0034,col.ara,i0168,10:09,130,2,nachu
V4,2011,2011-10-18,lar.div,p0034,col.cog,i0169,09:51,30,1,nachu
V1,2009,2009-10-28,lar.div,p0034,cen.bre,i0007,12:36:00,160,13,nachu
V2,2006,2006-10-30,lar.div,p0034,api.mel,i0070,11:28,11,17,Diego
V4,2006,2006-10-30,lar.div,p0034,NA,NA,09:59,225,0,Erica
V4,2011,2011-11-11,lar.div,p0034,com.ful,i0059,10:17,60,1,silvia
V4,2011,2011-10-25,lar.div,p0034,NA,NA,08:48,20,1,enzo
V1,2008,2008-11-21,lar.div,p0034,ant.fri,i0012,11:40:00,300,5,Nachu
V2,2006,2006-11-13,lar.div,p0034,NA,NA,12:41,200,0,Diego
V1,2006,2006-10-09,lar.div,p0034,api.mel,i0070,13:02,500,35,Diego
V2,2006,2006-10-30,lar.div,p0034,NA,NA,08:22,160,0,Diego
V4,2011,2011-10-11,lar.div,p0034,str.eur,i0131,10:05,7,1,silvia
V4,2006,2006-11-13,lar.div,p0034,cop.ari,i0044,08:15,60,2,Beni
V4,2008,2008-10-21,lar.div,p0034,aug.sp,i0228,15:19:00,900,1,Nachu
V3,2006,2006-11-20,lar.div,p0034,NA,NA,10:40,70,0,Beni
V1,2009,2009-11-05,lar.div,p0034,ant.rub,i0108,12:15:00,100,3,Rocio
V1,2010,2010-11-26,lar.div,p0034,NA,NA,12:14:00,70,4,Nachu
V4,2011,2011-10-18,lar.div,p0034,cae.sp1,i0022,09:51,30,1,nachu
V1,2011,2011-10-28,lar.div,p0034,NA,NA,08:55,400,1,nachu
V1,2006,2006-11-20,lar.div,p0034,NA,NA,12:46,20,0,Erica
V1,2011,2011-11-04,lar.div,p0034,col.ara,i0168,08:42,400,2,nachu
V4,2011,2011-10-21,lar.div,p0034,meg.jor,i0298,13:30,59,1,silvia
V4,2010,2010-11-26,lar.div,p0034,allo.sp1,i0111,8:48:00,400,2,Nachu
V4,2009,2009-11-11,lar.div,p0034,NA,NA,11:36:00,40,0,Belen
V1,2011,2011-11-01,lar.div,p0034,cop.ari,i0044,12:19,43,2,nachu
V2,2006,2006-10-30,lar.div,p0034,NA,NA,09:23,100,0,Diego
V4,2008,2008-11-18,lar.div,p0034,col.lyc,i0170,09:40:00,160,2,Nachu
V4,2010,2010-12-10,lar.div,p0034,NA,NA,9:04,20,0,silvia
V3,2006,2006-11-13,lar.div,p0034,NA,NA,09:15,60,0,Erica
V1,2011,2011-10-28,lar.div,p0034,dih.sp1,i0031,09:06,54,2,silvia
V4,2006,2006-10-30,lar.div,p0034,NA,NA,13:18,15,0,Erica
V3,2006,2006-10-30,lar.div,p0034,NA,NA,13:36,150,0,Jimena
V2,2006,2006-10-30,lar.div,p0034,NA,NA,10:50,90,0,Diego
V4,2009,2009-10-28,lar.div,p0034,zet.sp1,i0037,09:34:00,120,1,rocio
V2,2006,2006-10-30,lar.div,p0034,com.ful,i0059,08:14,NA,6,Diego
V4,2009,2009-10-28,lar.div,p0034,aud.sp,i0178,09:10:00,65,1,nachu
V4,2006,2006-11-20,lar.div,p0034,NA,NA,09:55,30,0,Diego
V4,2011,2011-11-04,lar.div,p0034,meg.A,i0003,13:37,200,1,nachu
V4,2011,2011-10-28,lar.div,p0034,col.cog,i0169,12:51,40,1,enzo
V1,2011,2011-11-04,lar.div,p0034,lon.rob,i0172,09:25,200,3,nachu
V4,2010,2010-10-22,lar.div,p0034,meg.A,i0003,12:26:00,130,4,Nachu
V1,2011,2011-11-18,lar.div,p0034,dih.sp1,i0031,10:08,300,1,silvia
V4,2007,2007-10-25,lar.div,p0034,api.mel,i0070,08:31,250,2,Nachu
V1,2008,2008-11-04,lar.div,p0034,lon.rob,i0172,08:12:00,140,1,Nachu
V4,2009,2009-10-28,lar.div,p0034,cen.bre,i0007,10:25:00,85,2,nachu
V1,2011,2011-10-28,lar.div,p0034,lon.rob,i0172,09:30,102,2,silvia
V4,2008,2008-11-18,lar.div,p0034,xyl.ord,i0001,11:41:00,90,4,Nachu
V1,2008,2008-11-21,lar.div,p0034,ant.fri,i0012,11:40:00,300,4,Nachu
V4,2009,2009-11-04,lar.div,p0034,zet.sp1,i0037,11:33:00,600,1,Nachu
V1,2011,2011-11-01,lar.div,p0034,lon.rob,i0172,11:48,30,1,enzo
V4,2006,2006-11-06,lar.div,p0034,NA,NA,11:00,130,0,Nachu
V1,2011,2011-11-04,lar.div,p0034,col.ara,i0168,09:25,200,1,nachu
V2,2006,2006-10-30,lar.div,p0034,NA,NA,13:10,80,0,Diego
V1,2010,2010-12-03,lar.div,p0034,bombil8,i0085,8:08,14,3,silvia
V3,2006,2006-11-13,lar.div,p0034,bom.opi,i0002,11:25,50,15,Erica
V4,2008,2008-10-28,lar.div,p0034,tac.sp15,i0196,12:15:00,16,1,Nachu
V1,2011,2011-11-01,lar.div,p0034,lei.abd,i0030,12:19,43,1,nachu
V1,2007,2007-11-13,lar.div,p0034,cop.ari,i0044,16:42,150,6,Nachu
V1,2008,2008-11-11,lar.div,p0034,meg.cte,i0015,09:50:00,800,2,Nachu
V1,2009,2009-10-28,lar.div,p0034,cen.mur,i0230,12:36:00,160,1,nachu
V4,2011,2011-11-08,lar.div,p0034,NA,NA,10:08,70,0,nachu
V4,2011,2011-10-25,lar.div,p0034,col.cog,i0169,10:32,300,1,silvia
V4,2011,2011-10-28,lar.div,p0034,api.mel,i0070,13:58,40,1,nachu
V4,2011,2011-11-01,lar.div,p0034,api.mel,i0070,09:28,300,7,nachu
V2,2006,2006-10-24,lar.div,p0034,NA,NA,12:43,70,0,Erica
V4,2011,2011-11-04,lar.div,p0034,str.eur,i0131,12:14,60,1,enzo
V4,2006,2006-11-06,lar.div,p0034,cen.bre,i0007,11:34,400,3,Nachu
V2,2006,2006-10-24,lar.div,p0034,NA,NA,14:45,100,0,Erica
V1,2009,2009-10-28,lar.div,p0034,cen.bre,i0007,12:36:00,160,3,nachu
V1,2008,2008-10-28,lar.div,p0034,aug.sp,i0228,10:25:00,600,1,Nachu
V1,2009,2009-11-25,lar.div,p0034,NA,NA,13:29:00,120,0,nachu
V4,2008,2008-10-17,lar.div,p0034,aud.sp,i0178,10:50:00,100,1,Nachu
V4,2006,2006-11-20,lar.div,p0034,NA,NA,11:16,50,0,Diego
V4,2008,2008-10-31,lar.div,p0034,ase.mon,i0180,11:03:00,250,5,Nachu
V4,2011,2011-10-21,lar.div,p0034,lon.rob,i0172,11:48,59,1,silvia
V1,2008,2008-10-28,lar.div,p0034,col.cog,i0169,10:25:00,600,1,Nachu
V1,2011,2011-10-28,lar.div,p0034,lon.rob,i0172,09:06,54,1,silvia
V4,2011,2011-11-01,lar.div,p0034,cop.ari,i0044,07:54,300,2,nachu
V2,2006,2006-11-13,lar.div,p0034,NA,NA,12:33,150,0,Diego
V4,2011,2011-10-28,lar.div,p0034,str.eur,i0131,12:46,33,1,nachu
V4,2006,2006-11-20,lar.div,p0034,NA,NA,10:01,45,0,Diego
V4,2007,2007-11-08,lar.div,p0034,cop.ari,i0044,17:11,300,1,Nachu
V4,2009,2009-11-04,lar.div,p0034,cen.bre,i0007,09:39:00,400,7,Nachu
V4,2011,2011-12-02,lar.div,p0034,NA,NA,08:54,50,1,nachu
V3,2006,2006-11-13,lar.div,p0034,xyl.ord,i0001,08:09,180,3,Erica
V4,2007,2007-11-08,lar.div,p0034,cop.ari,i0044,17:11,300,1,Nachu
V1,2010,2010-11-26,lar.div,p0034,meg.A,i0003,12:05:00,50,2,Nachu
V4,2011,2011-11-04,lar.div,p0034,xyl.spl,i0094,12:25,100,3,nachu
V1,2008,2008-11-04,lar.div,p0034,lon.rob,i0172,08:19:00,140,2,Nachu
V1,2007,2007-11-20,lar.div,p0034,lon.sp1,i0109,15:02,90,2,Nachu
V1,2011,2011-10-21,lar.div,p0034,lon.rob,i0172,09:20,70,1,nachu
V4,2010,2010-10-22,lar.div,p0034,syr.sp1,i0045,12:26:00,130,1,Nachu
V1,2011,2011-10-28,lar.div,p0034,lon.rob,i0172,09:15,80,1,nachu
V4,2009,2009-11-30,lar.div,p0034,NA,NA,10:29:00,50,0,Nachu
V1,2008,2008-11-04,lar.div,p0034,ant.rub,i0108,11:21:00,300,1,Nachu
V4,2006,2006-11-20,lar.div,p0034,NA,NA,13:55,100,0,Diego
V1,2011,2011-12-20,lar.div,p0034,NA,NA,09:45,82,0,silvia
V1,2008,2008-11-04,lar.div,p0034,amm.sp1,i0126,11:21:00,300,1,Nachu
V4,2011,2011-10-18,lar.div,p0034,col.cog,i0169,09:51,30,1,nachu
V1,2009,2009-11-23,lar.div,p0034,NA,NA,12:21:00,100,0,rocio
V4,2011,2011-10-21,lar.div,p0034,str.eur,i0131,11:35,100,2,silvia
V1,2007,2007-11-13,lar.div,p0034,col.lyc,i0170,16:16,200,1,Nachu
V4,2009,2009-11-11,lar.div,p0034,NA,NA,12:24:00,95,0,Nachu
V1,2007,2007-11-13,lar.div,p0034,col.lyc,i0170,16:16,200,1,Nachu
V4,2006,2006-11-20,lar.div,p0034,NA,NA,10:38,60,0,Diego
V4,2011,2011-10-28,lar.div,p0034,str.eur,i0131,12:24,30,2,enzo
V3,2006,2006-11-20,lar.div,p0034,cop.ari,i0044,08:40,25,1,Beni
V4,2011,2011-10-21,lar.div,p0034,cos.chi,i0077,11:35,100,3,silvia
V4,2009,2009-11-04,lar.div,p0034,NA,NA,09:32:00,200,0,Nachu
V4,2010,2010-11-10,lar.div,p0034,cop.ari,i0044,8:33,65,1,silvia
V1,2008,2008-11-11,lar.div,p0034,meg.A,i0003,09:50:00,800,1,Nachu
V4,2008,2008-10-31,lar.div,p0034,cop.ari,i0044,09:46:00,38,3,Nachu
V1,2007,2007-11-20,lar.div,p0034,ant.vig,i0107,13:26,200,3,Nachu
V4,2011,2011-10-21,lar.div,p0034,aug.sp,i0228,11:35,100,3,silvia
V4,2009,2009-10-28,lar.div,p0034,cen.bre,i0007,09:38:00,50,2,Belen
V1,2007,2007-11-13,lar.div,p0034,col.lyc,i0170,16:16,200,1,Nachu
V4,2011,2011-10-18,lar.div,p0034,str.eur,i0131,09:51,30,1,nachu
V1,2009,2009-11-30,lar.div,p0034,NA,NA,12:20:00,190,0,Nachu
V4,2011,2011-10-21,lar.div,p0034,col.cog,i0169,12:03,140,2,nachu
V1,2011,2011-11-25,lar.div,p0034,NA,NA,12:40,17,0,silvia
V4,2009,2009-10-28,lar.div,p0034,cop.ari,i0044,09:38:00,50,2,Belen
V1,2011,2011-11-04,lar.div,p0034,lon.rob,i0172,09:06,134,1,silvia
V4,2011,2011-10-21,lar.div,p0034,api.mel,i0070,12:03,140,8,nachu
V4,2008,2008-10-21,lar.div,p0034,allo.sp1,i0111,15:19:00,900,6,Nachu
V4,2011,2011-10-28,lar.div,p0034,xyl.spl,i0094,13:45,50,2,nachu
V1,2008,2008-11-04,lar.div,p0034,lon.rob,i0172,08:19:00,140,2,Nachu
V4,2009,2009-11-18,lar.div,p0034,NA,NA,13:15:00,50,0,Rocio
V4,2008,2008-10-21,lar.div,p0034,aug.sp,i0228,15:19:00,900,2,Nachu
V1,2008,2008-10-28,lar.div,p0034,cop.sp2,i0052,10:25:00,600,1,Nachu
V4,2011,2011-10-21,lar.div,p0034,col.cog,i0169,12:16,30,1,nachu
V4,2008,2008-10-31,lar.div,p0034,xyl.spl,i0094,11:03:00,250,7,Nachu
V4,2006,2006-10-24,lar.div,p0034,meg.A,i0003,12:36,140,12,Jimena
V1,2011,2011-11-11,lar.div,p0034,meg.A,i0003,13:14,230,1,silvia
V4,2009,2009-11-04,lar.div,p0034,bom.opi,i0002,12:26:00,100,11,belen
V1,2008,2008-11-11,lar.div,p0034,meg.A,i0003,09:50:00,800,2,Nachu
V4,2008,2008-10-31,lar.div,p0034,col.cog,i0169,11:03:00,250,2,Nachu
V1,2007,2007-11-20,lar.div,p0034,col.lyc,i0170,15:02,90,12,Nachu
V4,2011,2011-10-21,lar.div,p0034,dih.sp1,i0031,11:35,100,3,silvia
V4,2009,2009-12-02,lar.div,p0034,NA,NA,10:13:00,38,0,Nachu
V4,2009,2009-10-28,lar.div,p0034,bom.opi,i0002,09:31:00,200,20,Belen
V1,2007,2007-11-08,lar.div,p0034,NA,NA,17:30,200,0,Nachu
V1,2010,2010-10-22,lar.div,p0034,col.lyc,i0170,12:01,51,1,silvia
V4,2011,2011-10-18,lar.div,p0034,NA,NA,09:19,80,0,nachu
V1,2008,2008-11-04,lar.div,p0034,zet.sp1,i0037,13:35:00,80,1,Nachu
V4,2006,2006-10-30,lar.div,p0034,NA,NA,12:55,70,0,Erica
V4,2008,2008-10-21,lar.div,p0034,xyl.spl,i0094,15:19:00,900,1,Nachu
V4,2007,2007-11-08,lar.div,p0034,cop.ari,i0044,17:11,300,1,Nachu
V1,2011,2011-11-11,lar.div,p0034,meg.A,i0003,13:14,230,1,silvia
V1,2007,2007-11-08,lar.div,p0034,meg.A,i0003,13:57,150,1,Nachu
V4,2011,2011-11-04,lar.div,p0034,col.cog,i0169,12:38,200,1,silvia
V1,2011,2011-11-04,lar.div,p0034,lon.rob,i0172,09:25,200,3,nachu
V4,2008,2008-11-18,lar.div,p0034,meg.cte,i0015,10:02:00,150,5,Nachu
V4,2010,2010-12-10,lar.div,p0034,NA,NA,8:47,2,0,silvia
V1,2008,2008-10-28,lar.div,p0034,bom.opi,i0002,09:41:00,4,1,Nachu
V1,2009,2009-11-11,lar.div,p0034,lon.rob,i0172,09:05:00,160,1,Nachu
V1,2011,2011-10-21,lar.div,p0034,NA,NA,08:50,38,2,nachu
V1,2011,2011-11-04,lar.div,p0034,cop.ari,i0044,10:13,400,3,silvia
V4,2011,2011-10-21,lar.div,p0034,cos.chi,i0077,11:48,59,1,silvia
V4,2011,2011-11-01,lar.div,p0034,cop.ari,i0044,09:28,300,1,nachu
V4,2006,2006-10-24,lar.div,p0034,aug.sp,i0228,12:27,50,2,Jimena
V1,2008,2008-11-04,lar.div,p0034,NA,NA,09:36:00,60,0,Nachu
V4,2007,2007-11-15,lar.div,p0034,NA,NA,08:15,200,0,Nachu
V1,2007,2007-11-13,lar.div,p0034,col.lyc,i0170,16:16,200,1,Nachu
V1,2006,2006-10-09,lar.div,p0034,api.mel,i0070,12:56,500,3,Diego
V1,2007,2007-11-13,lar.div,p0034,lon.rob,i0172,16:16,200,1,Nachu
V2,2006,2006-10-24,lar.div,p0034,cop.ari,i0044,12:27,30,1,Erica
V4,2011,2011-11-01,lar.div,p0034,col.cog,i0169,09:28,300,1,nachu
V1,2009,2009-10-28,lar.div,p0034,meg.A,i0003,12:36:00,160,1,nachu
V2,2006,2006-11-06,lar.div,p0034,NA,NA,13:21,80,0,Diego
V4,2011,2011-11-01,lar.div,p0034,col.cog,i0169,09:14,51,1,nachu
V2,2006,2006-11-20,lar.div,p0034,meg.A,i0003,12:11,40,10,Jimena
V1,2006,2006-11-20,lar.div,p0034,NA,NA,09:30,300,0,Erica
V3,2006,2006-10-24,lar.div,p0034,col.cog,i0169,12:29,100,1,Diego
V4,2011,2011-10-28,lar.div,p0034,dih.sp1,i0031,12:46,33,1,nachu
V4,2010,2010-11-05,lar.div,p0034,exo.sp1,i0068,12:57,90,1,silvia
V1,2011,2011-11-04,lar.div,p0034,lon.rob,i0172,08:42,400,2,nachu
V1,2011,2011-11-04,lar.div,p0034,lon.rob,i0172,08:42,400,3,nachu
V4,2008,2008-11-18,lar.div,p0034,col.lyc,i0170,10:02:00,150,2,Nachu
V4,2007,2007-10-25,lar.div,p0034,api.mel,i0070,09:19,150,1,Nachu
V1,2007,2007-11-13,lar.div,p0034,col.lyc,i0170,16:16,200,1,Nachu
V2,2006,2006-11-06,lar.div,p0034,NA,NA,13:47,200,0,Diego
V1,2011,2011-11-08,lar.div,p0034,meg.A,i0003,12:47,60,1,enzo
V4,2010,2010-10-28,lar.div,p0034,NA,NA,9:06:00,90,0,Nachu
V1,2008,2008-10-28,lar.div,p0034,allo.bre,i0112,10:25:00,600,3,Nachu
V4,2011,2011-10-28,lar.div,p0034,meg.A,i0003,13:20,100,2,nachu
V4,2011,2011-11-01,lar.div,p0034,col.cog,i0169,07:54,300,1,nachu
V1,2009,2009-11-11,lar.div,p0034,NA,NA,11:06:00,20,0,Belen
V4,2011,2011-10-21,lar.div,p0034,str.eur,i0131,11:48,59,1,silvia
V4,2011,2011-11-01,lar.div,p0034,cop.ari,i0044,07:54,300,1,nachu
V3,2006,2006-11-13,lar.div,p0034,bom.opi,i0002,08:40,160,2,Erica
V1,2008,2008-10-28,lar.div,p0034,xyl.spl,i0094,10:25:00,600,1,Nachu
V4,2011,2011-10-21,lar.div,p0034,cos.chi,i0077,13:30,59,2,silvia
V4,2006,2006-10-30,lar.div,p0034,hir.sp1,i0051,10:25,25,1,Erica
V4,2010,2010-11-26,lar.div,p0034,cop.ari,i0044,8:09:00,100,5,Nachu
V2,2006,2006-10-30,lar.div,p0034,bom.opi,i0002,12:40,120,1,Diego
V4,2007,2007-11-15,lar.div,p0034,com.ful,i0059,10:03,20,1,Nachu
V1,2011,2011-11-08,lar.div,p0034,tac.sp10,i0191,12:02,200,1,nachu
V4,2011,2011-10-21,lar.div,p0034,col.cog,i0169,12:16,30,1,nachu
V4,2008,2008-11-07,lar.div,p0034,cen.bre,i0007,09:46:00,40,8,Nachu
V3,2006,2006-10-30,lar.div,p0034,api.mel,i0070,08:55,1800,12,Jimena
V1,2010,2010-10-28,lar.div,p0034,xyl.spl,i0094,11:27:00,700,9,Nachu
V4,2006,2006-11-20,lar.div,p0034,NA,NA,09:31,120,0,Diego
V4,2006,2006-11-20,lar.div,p0034,NA,NA,13:46,150,0,Diego
V1,2006,2006-11-13,lar.div,p0034,meg.A,i0003,10:00,100,2,Jimena
V2,2006,2006-11-06,lar.div,p0034,api.mel,i0070,12:35,600,3,Diego
V4,2009,2009-11-30,lar.div,p0034,NA,NA,10:23:00,300,0,Nachu
V4,2008,2008-11-18,lar.div,p0034,col.lyc,i0170,11:41:00,90,1,Nachu
V1,2007,2007-11-08,lar.div,p0034,NA,NA,14:05,310,0,Nachu
V2,2006,2006-10-24,lar.div,p0034,bom.opi,i0002,12:55,80,3,Erica
V1,2011,2011-11-04,lar.div,p0034,lon.rob,i0172,08:58,95,1,silvia
V1,2008,2008-10-10,lar.nit,p0035,xyl.ord,i0001,09:01:00,1000,1,Nachu
V1,2009,2009-10-14,lar.nit,p0035,allo.bre,i0112,13:23:00,500,2,nachu
V1,2009,2009-10-21,lar.nit,p0035,xyl.ord,i0001,12:40:00,400,20,rocio
V1,2009,2009-10-21,lar.nit,p0035,bombil10,i0206,12:40:00,400,5,rocio
V1,2008,2008-10-10,lar.nit,p0035,api.mel,i0070,09:01:00,1000,1,Nachu
V1,2008,2008-10-10,lar.nit,p0035,xyl.ord,i0001,11:56:00,500,2,Diego
V1,2009,2009-10-19,lar.nit,p0035,xyl.ord,i0001,09:56:00,350,4,nachu
V1,2008,2008-09-24,lar.nit,p0035,cop.ari,i0044,11:36:00,35,2,Nachu
V1,2006,2006-10-09,lar.nit,p0035,api.mel,i0070,12:05,170,26,Diego
V3,2006,2006-10-24,lar.nit,p0035,NA,NA,12:59,180,0,Diego
V4,2009,2009-10-26,lar.nit,p0035,col.cog,i0169,14:13:00,90,1,nachu
V1,2007,2007-10-19,lar.nit,p0035,api.mel,i0070,12:41,120,2,Nachu
V1,2007,2007-10-23,lar.nit,p0035,coe.jor,i0005,10:36,300,6,Nachu
V1,2009,2009-10-21,lar.nit,p0035,xyl.ord,i0001,12:40:00,400,10,rocio
V4,2009,2009-10-21,lar.nit,p0035,aud.sp,i0178,NA,NA,1,nachu
V1,2007,2007-10-19,lar.nit,p0035,aug.sp,i0228,13:58,190,1,Nachu
V4,2009,2009-10-21,lar.nit,p0035,NA,NA,09:12:00,150,0,rocio
V1,2009,2009-10-26,lar.nit,p0035,xyl.ord,i0001,09:51:00,80,18,nachu
V2,2006,2006-10-24,lar.nit,p0035,cop.ari,i0044,11:00,17,3,Erica
V1,2011,2011-10-18,lar.nit,p0035,dih.sp1,i0031,12:15,200,2,nachu
V2,2006,2006-10-24,lar.nit,p0035,NA,NA,10:53,14,0,Erica
V1,2008,2008-10-10,lar.nit,p0035,aug.sp,i0228,09:01:00,1000,2,Nachu
V1,2011,2011-10-18,lar.nit,p0035,col.cog,i0169,12:32,50,1,nachu
V1,2011,2011-10-04,lar.nit,p0035,cop.sp2,i0052,08:49,200,2,silvia
V4,2009,2009-10-14,lar.nit,p0035,cop.ari,i0044,12:00:00,250,7,rocio
V4,2009,2009-10-14,lar.nit,p0035,xyl.ord,i0001,12:00:00,400,3,Nachu
V1,2011,2011-10-04,lar.nit,p0035,syr.sp1,i0045,08:41,350,2,silvia
V1,2009,2009-10-14,lar.nit,p0035,allo.bre,i0112,13:23:00,500,2,nachu
V1,2009,2009-10-14,lar.nit,p0035,api.mel,i0070,12:57:00,300,11,nachu
V4,2009,2009-10-19,lar.nit,p0035,lon.rob,i0172,13:20:00,1000,2,nachu
V1,2007,2007-10-23,lar.nit,p0035,cop.ari,i0044,08:34,200,2,Nachu
V1,2009,2009-10-14,lar.nit,p0035,xyl.ord,i0001,12:39:00,600,17,rocio
V4,2011,2011-10-14,lar.nit,p0035,cos.chi,i0077,12:28,300,1,nachu
V4,2009,2009-10-26,lar.nit,p0035,aud.sp,i0178,14:10:00,150,6,Rocio
V1,2007,2007-10-23,lar.nit,p0035,cop.ari,i0044,08:50,140,9,Nachu
V1,2009,2009-10-12,lar.nit,p0035,dih.sp1,i0031,12:29:00,60,3,Belen-rocio
V1,2008,2008-10-10,lar.nit,p0035,cop.ari,i0044,09:36:00,600,1,Nachu
V1,2011,2011-10-18,lar.nit,p0035,dih.sp1,i0031,12:32,50,2,nachu
V4,2009,2009-10-14,lar.nit,p0035,aug.sp,i0228,12:00:00,400,1,Nachu
V1,2009,2009-10-14,lar.nit,p0035,aug.sp,i0228,13:23:00,500,2,nachu
V1,2009,2009-10-28,lar.nit,p0035,NA,NA,13:20:00,60,0,nachu
V4,2011,2011-10-21,lar.nit,p0035,col.cog,i0169,11:44,110,7,nachu
V4,2009,2009-10-14,lar.nit,p0035,xyl.ord,i0001,12:00:00,400,2,Nachu
V4,2009,2009-10-19,lar.nit,p0035,xyl.ord,i0001,13:20:00,1000,2,nachu
V1,2011,2011-10-18,lar.nit,p0035,cop.ari,i0044,12:15,200,3,nachu
V1,2009,2009-10-21,lar.nit,p0035,xyl.ord,i0001,12:40:00,400,10,rocio
V1,2009,2009-10-14,lar.nit,p0035,api.mel,i0070,13:23:00,500,6,nachu
V1,2009,2009-10-19,lar.nit,p0035,api.mel,i0070,09:56:00,350,1,nachu
V1,2011,2011-10-18,lar.nit,p0035,dih.sp1,i0031,12:15,200,2,nachu
V1,2008,2008-10-07,lar.nit,p0035,allo.bre,i0112,14:08:00,400,2,Nachu
V1,2008,2008-10-10,lar.nit,p0035,aug.sp,i0228,09:11:00,300,2,Nachu
V1,2008,2008-10-21,lar.nit,p0035,aug.sp,i0228,10:50:00,300,1,Nachu
V1,2008,2008-10-10,lar.nit,p0035,aug.sp,i0228,09:01:00,1000,2,Nachu
V1,2008,2008-10-10,lar.nit,p0035,xyl.ord,i0001,11:33:00,400,75,Diego
V4,2009,2009-10-19,lar.nit,p0035,aud.sp,i0178,13:20:00,1000,3,nachu
V1,2009,2009-10-21,lar.nit,p0035,xyl.ord,i0001,12:24:00,300,3,rocio
V1,2008,2008-09-24,lar.nit,p0035,cop.ari,i0044,11:36:00,35,1,Nachu
V1,2009,2009-10-28,lar.nit,p0035,NA,NA,11:42:00,50,0,rocio
V4,2009,2009-10-21,lar.nit,p0035,xyl.ord,i0001,NA,NA,2,nachu
V1,2006,2006-10-09,lar.nit,p0035,api.mel,i0070,12:27,300,12,Diego
V1,2007,2007-10-19,lar.nit,p0035,allo.bre,i0112,13:40,200,1,Nachu
V1,2008,2008-10-07,lar.nit,p0035,allo.bre,i0112,14:08:00,400,1,Nachu
V4,2009,2009-10-14,lar.nit,p0035,xyl.ord,i0001,12:00:00,400,5,Nachu
V1,2011,2011-10-04,lar.nit,p0035,pir.com,i0132,09:51,50,1,silvia
V4,2011,2011-10-14,lar.nit,p0035,cop.ari,i0044,12:28,300,2,nachu
V4,2009,2009-10-14,lar.nit,p0035,xyl.ord,i0001,12:00:00,400,3,Nachu
V3,2006,2006-10-16,lar.nit,p0035,NA,NA,12:24,80,0,Nachu
V1,2008,2008-10-07,lar.nit,p0035,allo.bre,i0112,13:56:00,83,1,Nachu
V1,2009,2009-10-21,lar.nit,p0035,hym.sp7,i0260,12:24:00,300,1,rocio
V1,2008,2008-10-24,lar.nit,p0035,api.mel,i0070,13:05:00,500,2,Nachu
V4,2009,2009-10-28,lar.nit,p0035,aud.sp,i0178,10:48:00,200,7,rocio
V1,2006,2006-10-16,lar.nit,p0035,NA,NA,15:52,50,0,Erica
V1,2008,2008-10-07,lar.nit,p0035,NA,NA,13:45:00,400,0,Diego
V4,2011,2011-10-14,lar.nit,p0035,cop.ari,i0044,12:28,300,1,nachu
V1,2011,2011-10-04,lar.nit,p0035,dih.sp1,i0031,08:59,210,2,silvia
V1,2008,2008-10-10,lar.nit,p0035,api.mel,i0070,08:42:00,500,3,Nachu
V4,2009,2009-10-19,lar.nit,p0035,xyl.ord,i0001,13:30:00,500,18,nachu
V1,2008,2008-10-10,lar.nit,p0035,xyl.ord,i0001,09:11:00,300,1,Nachu
V4,2011,2011-10-14,lar.nit,p0035,cop.ari,i0044,12:28,300,1,nachu
V4,2011,2011-10-14,lar.nit,p0035,col.cog,i0169,12:28,300,1,nachu
V1,2011,2011-10-14,lar.nit,p0035,api.mel,i0070,10:46,300,43,nachu
V1,2008,2008-10-10,lar.nit,p0035,aug.sp,i0228,09:36:00,600,2,Nachu
V1,2008,2008-10-10,lar.nit,p0035,xyl.ord,i0001,08:42:00,500,3,Nachu
V4,2009,2009-10-21,lar.nit,p0035,xyl.ord,i0001,NA,NA,3,nachu
V1,2011,2011-10-14,lar.nit,p0035,cop.sp2,i0052,10:46,300,1,nachu
V1,2007,2007-10-25,lar.nit,p0035,allo.bre,i0112,12:16,130,7,Nachu
V4,2010,2010-10-14,lar.nit,p0035,cop.ari,i0044,10:09:00,2000,2,Nachu
V1,2011,2011-10-04,lar.nit,p0035,cop.ari,i0044,11:04,1000,1,silvia
V4,2011,2011-10-14,lar.nit,p0035,cop.ari,i0044,12:28,300,2,nachu
V1,2008,2008-10-21,lar.nit,p0035,aug.sp,i0228,10:50:00,300,1,Nachu
V1,2011,2011-10-21,lar.nit,p0035,dih.sp1,i0031,09:16,27,4,silvia
V1,2008,2008-10-10,lar.nit,p0035,xyl.ord,i0001,09:11:00,300,1,Nachu
V2,2006,2006-10-24,lar.nit,p0035,aud.sp,i0178,11:00,17,2,Erica
V2,2006,2006-10-24,lar.nit,p0035,meg.A,i0003,11:00,17,1,Erica
V1,2011,2011-10-14,lar.nit,p0035,cop.ari,i0044,10:46,300,2,nachu
V1,2007,2007-10-19,lar.nit,p0035,aug.sp,i0228,12:41,120,1,Nachu
V1,2008,2008-10-10,lar.nit,p0035,xyl.ord,i0001,09:11:00,300,1,Nachu
V3,2006,2006-10-16,lar.nit,p0035,dih.sp1,i0031,12:06,180,2,Nachu
V1,2009,2009-09-29,lar.nit,p0035,cop.ari,i0044,12:30:00,10,1,Belen-rocio
V1,2011,2011-10-18,lar.nit,p0035,dih.sp1,i0031,12:15,200,3,nachu
V1,2008,2008-10-24,lar.nit,p0035,cop.ari,i0044,14:51:00,500,2,Nachu
V1,2008,2008-10-21,lar.nit,p0035,aug.sp,i0228,10:50:00,300,1,Nachu
V1,2009,2009-10-19,lar.nit,p0035,xyl.ord,i0001,10:26:00,500,23,nachu
V1,2009,2009-10-14,lar.nit,p0035,xyl.ord,i0001,12:39:00,600,17,rocio
V1,2006,2006-10-09,lar.nit,p0035,col.ara,i0168,13:50,90,1,Diego
V1,2009,2009-10-14,lar.nit,p0035,api.mel,i0070,13:23:00,500,2,nachu
V4,2008,2008-10-17,lar.nit,p0035,xyl.ord,i0001,14:11:00,350,37,Nachu
V1,2009,2009-10-14,lar.nit,p0035,api.mel,i0070,12:57:00,300,3,nachu
V1,2009,2009-10-21,lar.nit,p0035,xyl.ord,i0001,12:18:00,200,5,nachu
V1,2009,2009-10-21,lar.nit,p0035,xyl.ord,i0001,12:18:00,200,3,nachu
V1,2011,2011-10-14,lar.nit,p0035,NA,NA,10:31,50,0,nachu
V1,2006,2006-10-16,lar.nit,p0035,NA,NA,15:58,50,0,Erica
V4,2010,2010-10-14,lar.nit,p0035,cop.ari,i0044,10:09:00,2000,2,Nachu
V4,2009,2009-10-21,lar.nit,p0035,cop.ari,i0044,NA,NA,1,nachu
V4,2009,2009-10-21,lar.nit,p0035,cop.ari,i0044,NA,NA,1,nachu
V1,2011,2011-10-11,lar.nit,p0035,col.ara,i0168,12:26,800,1,silvia
V1,2011,2011-10-14,lar.nit,p0035,NA,NA,10:54,80,0,nachu
V1,2006,2006-10-09,lar.nit,p0035,xyl.ord,i0001,12:27,300,2,Diego
V1,2009,2009-10-26,lar.nit,p0035,col.ara,i0168,09:59:00,240,1,nachu
V1,2007,2007-10-02,lar.nit,p0035,dih.sp1,i0031,11:58,100,2,Nachu
V4,2009,2009-10-14,lar.nit,p0035,xyl.ord,i0001,12:00:00,400,2,Nachu
V1,2009,2009-10-19,lar.nit,p0035,api.mel,i0070,10:26:00,500,9,nachu
V1,2009,2009-10-07,lar.nit,p0035,NA,NA,12:15:00,200,0,Belen-rocio
V1,2007,2007-10-19,lar.nit,p0035,aug.sp,i0228,12:35,100,3,Nachu
V4,2009,2009-10-19,lar.nit,p0035,bom.opi,i0002,13:30:00,500,4,nachu
V1,2011,2011-10-18,lar.nit,p0035,aug.sp,i0228,12:05,25,1,enzo
V1,2009,2009-10-14,lar.nit,p0035,aug.sp,i0228,13:23:00,500,3,nachu
V1,2009,2009-10-12,lar.nit,p0035,meg.A,i0003,12:29:00,300,2,Belen-rocio
V1,2009,2009-10-14,lar.nit,p0035,api.mel,i0070,13:23:00,500,3,nachu
V1,2011,2011-10-14,lar.nit,p0035,NA,NA,11:26:00,200,0,silvia
V1,2007,2007-10-19,lar.nit,p0035,aug.sp,i0228,12:41,120,1,Nachu
V1,2009,2009-10-21,lar.nit,p0035,xyl.ord,i0001,12:29:00,160,13,nachu
V4,2009,2009-10-14,lar.nit,p0035,xyl.ord,i0001,12:00:00,400,3,Nachu
V1,2011,2011-10-04,lar.nit,p0035,xyl.ord,i0001,08:59,210,10,silvia
V1,2009,2009-10-12,lar.nit,p0035,api.mel,i0070,12:29:00,60,9,Belen-rocio
V4,2009,2009-10-19,lar.nit,p0035,aud.sp,i0178,13:30:00,500,1,nachu
V1,2008,2008-10-24,lar.nit,p0035,bom.opi,i0002,13:05:00,500,7,Nachu
V1,2007,2007-10-19,lar.nit,p0035,aug.sp,i0228,13:40,200,1,Nachu
V1,2009,2009-10-14,lar.nit,p0035,allo.bre,i0112,13:23:00,500,2,nachu
V1,2008,2008-10-07,lar.nit,p0035,xyl.ord,i0001,13:30:00,600,5,Nachu
V1,2008,2008-10-10,lar.nit,p0035,aug.sp,i0228,11:41:00,800,5,Diego
V1,2007,2007-10-25,lar.nit,p0035,xyl.ord,i0001,12:07,70,12,Nachu
V1,2008,2008-10-21,lar.nit,p0035,bom.opi,i0002,11:40:00,80,2,Nachu
V1,2006,2006-10-09,lar.nit,p0035,api.mel,i0070,13:50,90,8,Diego
V4,2011,2011-10-14,lar.nit,p0035,col.cog,i0169,12:28,300,1,nachu
V1,2007,2007-10-25,lar.nit,p0035,NA,NA,12:32,50,0,Nachu
V1,2011,2011-10-04,lar.nit,p0035,api.mel,i0070,08:49,200,1,silvia
V1,2008,2008-10-24,lar.nit,p0035,cop.sp2,i0052,13:05:00,500,2,Nachu
V1,2008,2008-10-10,lar.nit,p0035,bom.opi,i0002,11:56:00,500,20,Diego
V1,2008,2008-10-07,lar.nit,p0035,aug.sp,i0228,13:30:00,600,2,Nachu
V1,2006,2006-10-09,lar.nit,p0035,aug.sp,i0228,12:27,300,1,Diego
V1,2009,2009-10-14,lar.nit,p0035,api.mel,i0070,12:57:00,300,3,nachu
V1,2007,2007-10-02,lar.nit,p0035,xyl.ord,i0001,11:46,100,30,Nachu
V1,2011,2011-10-04,lar.nit,p0035,dih.sp1,i0031,08:59,210,3,silvia
V1,2009,2009-10-21,lar.nit,p0035,api.mel,i0070,12:10:00,100,8,belen
V1,2009,2009-10-19,lar.nit,p0035,api.mel,i0070,09:30:00,400,8,Nachu
V4,2009,2009-10-19,lar.nit,p0035,api.mel,i0070,13:30:00,500,3,nachu
V4,2009,2009-10-19,lar.nit,p0035,cop.ari,i0044,13:20:00,1000,2,nachu
V1,2011,2011-10-04,lar.nit,p0035,aug.sp,i0228,11:04,1000,1,silvia
V1,2009,2009-10-12,lar.nit,p0035,aug.sp,i0228,12:29:00,300,15,Belen-rocio
V1,2009,2009-10-14,lar.nit,p0035,allo.bre,i0112,12:57:00,300,1,nachu
V4,2009,2009-10-19,lar.nit,p0035,cop.ari,i0044,13:20:00,1000,1,nachu
V4,2011,2011-10-14,lar.nit,p0035,cop.ari,i0044,12:28,300,1,nachu
V1,2009,2009-10-19,lar.nit,p0035,NA,NA,10:38:00,60,0,nachu
V1,2006,2006-10-16,lar.nit,p0035,allo.bre,i0112,15:45,190,1,Nachu
V1,2008,2008-10-07,lar.nit,p0035,xyl.ord,i0001,13:30:00,600,18,Nachu
V1,2011,2011-10-14,lar.nit,p0035,NA,NA,11:15,50,0,nachu
V1,2007,2007-10-19,lar.nit,p0035,allo.bre,i0112,13:34,200,2,Nachu
V4,2011,2011-10-14,lar.nit,p0035,cop.ari,i0044,12:28,300,1,nachu
V1,2009,2009-10-26,lar.nit,p0035,NA,NA,11:23:00,30,0,Belen
V1,2007,2007-10-19,lar.nit,p0035,aug.sp,i0228,12:41,120,1,Nachu
V1,2008,2008-10-10,lar.nit,p0035,syr.sp1,i0045,08:42:00,500,1,Nachu
V1,2009,2009-10-12,lar.nit,p0035,aug.sp,i0228,12:29:00,300,15,Belen-rocio
V1,2006,2006-10-09,lar.nit,p0035,api.mel,i0070,12:27,300,10,Diego
V4,2009,2009-10-19,lar.nit,p0035,api.mel,i0070,13:20:00,1000,2,nachu
V1,2009,2009-10-14,lar.nit,p0035,aug.sp,i0228,12:36:00,310,1,nachu
V1,2011,2011-10-11,lar.nit,p0035,api.mel,i0070,12:26,800,2,silvia
V1,2011,2011-10-04,lar.nit,p0035,NA,NA,08:02,210,1,silvia
V1,2008,2008-09-24,lar.nit,p0035,cop.ari,i0044,11:36:00,35,1,Nachu
V4,2008,2008-10-17,lar.nit,p0035,NA,NA,12:04:00,13,0,Nachu
V4,2009,2009-10-28,lar.nit,p0035,aud.sp,i0178,10:48:00,200,3,rocio
V1,2008,2008-10-10,lar.nit,p0035,api.mel,i0070,09:01:00,1000,2,Nachu
V1,2008,2008-10-21,lar.nit,p0035,aug.sp,i0228,10:50:00,300,1,Nachu
V1,2007,2007-10-23,lar.nit,p0035,allo.bre,i0112,10:36,300,2,Nachu
V1,2008,2008-10-21,lar.nit,p0035,allo.bre,i0112,11:31:00,100,3,Nachu
V1,2008,2008-10-07,lar.nit,p0035,allo.bre,i0112,13:30:00,600,1,Nachu
V1,2011,2011-10-04,lar.nit,p0035,api.mel,i0070,08:59,210,2,silvia
V1,2007,2007-10-19,lar.nit,p0035,api.mel,i0070,13:34,200,2,Nachu
V4,2011,2011-10-14,lar.nit,p0035,col.cog,i0169,12:28,300,1,nachu
V1,2011,2011-10-04,lar.nit,p0035,str.eur,i0131,08:59,210,1,silvia
V1,2008,2008-10-21,lar.nit,p0035,aug.sp,i0228,10:50:00,300,1,Nachu
V4,2009,2009-10-14,lar.nit,p0035,xyl.ord,i0001,12:00:00,250,27,rocio
V1,2011,2011-10-14,lar.nit,p0035,dih.sp1,i0031,11:33:00,50,1,silvia
V1,2011,2011-10-04,lar.nit,p0035,cop.sp2,i0052,08:07,210,3,silvia
V1,2009,2009-10-28,lar.nit,p0035,NA,NA,12:41:00,40,0,Belen
V1,2009,2009-10-07,lar.nit,p0035,xyl.ord,i0001,12:15:00,56,3,Belen-rocio
V1,2009,2009-10-14,lar.nit,p0035,api.mel,i0070,13:23:00,500,1,nachu
V1,2008,2008-10-10,lar.nit,p0035,api.mel,i0070,09:36:00,600,5,Nachu
V1,2009,2009-10-14,lar.nit,p0035,api.mel,i0070,13:23:00,500,1,nachu
V1,2008,2008-10-10,lar.nit,p0035,pla.sp1,i0046,09:01:00,1000,1,Nachu
V1,2008,2008-10-07,lar.nit,p0035,cop.ari,i0044,13:30:00,600,1,Nachu
V1,2009,2009-10-19,lar.nit,p0035,api.mel,i0070,10:26:00,500,6,nachu
V1,2011,2011-10-14,lar.nit,p0035,cop.ari,i0044,10:28,200,1,nachu
V1,2008,2008-10-21,lar.nit,p0035,aug.sp,i0228,11:31:00,100,2,Nachu
V1,2007,2007-10-02,lar.nit,p0035,dih.sp1,i0031,11:58,100,1,Nachu
V1,2008,2008-10-10,lar.nit,p0035,pla.sp1,i0046,09:01:00,1000,1,Nachu
V1,2009,2009-10-21,lar.nit,p0035,api.mel,i0070,12:18:00,200,10,nachu
V1,2008,2008-10-07,lar.nit,p0035,cop.ari,i0044,13:30:00,600,1,Nachu
V1,2008,2008-10-07,lar.nit,p0035,aug.sp,i0228,13:30:00,600,1,Nachu
V1,2011,2011-10-18,lar.nit,p0035,cop.ari,i0044,12:32,50,1,nachu
V1,2008,2008-10-10,lar.nit,p0035,aug.sp,i0228,11:41:00,800,5,Diego
V1,2007,2007-10-19,lar.nit,p0035,aug.sp,i0228,13:34,200,1,Nachu
V1,2011,2011-10-14,lar.nit,p0035,NA,NA,11:10:00,30,0,silvia
V1,2009,2009-10-26,lar.nit,p0035,NA,NA,11:29:00,20,0,Belen
V1,2009,2009-10-14,lar.nit,p0035,aug.sp,i0228,13:23:00,500,1,nachu
V3,2006,2006-10-16,lar.nit,p0035,aug.sp,i0228,12:06,180,1,Nachu
V1,2006,2006-10-16,lar.nit,p0035,allo.bre,i0112,15:45,190,1,Nachu
V4,2009,2009-10-14,lar.nit,p0035,xyl.ord,i0001,12:00:00,400,1,Nachu
V1,2008,2008-10-10,lar.nit,p0035,allo.bre,i0112,08:42:00,500,3,Nachu
V1,2008,2008-10-10,lar.nit,p0035,aug.sp,i0228,09:11:00,300,1,Nachu
V4,2009,2009-10-21,lar.nit,p0035,col.ara,i0168,NA,NA,3,nachu
V4,2009,2009-10-21,lar.nit,p0035,NA,NA,09:04:00,50,0,belen
V1,2008,2008-10-24,lar.nit,p0035,cop.ari,i0044,13:05:00,500,1,Nachu
V4,2009,2009-10-21,lar.nit,p0035,col.ara,i0168,NA,NA,2,nachu
V1,2009,2009-10-14,lar.nit,p0035,api.mel,i0070,12:36:00,310,2,nachu
V4,2010,2010-10-22,lar.nit,p0035,api.mel,i0070,13:25,80,1,silvia
V1,2011,NA,lar.nit,p0035,NA,NA,10:29,40,0,enzo
V1,2009,2009-10-14,lar.nit,p0035,col.ara,i0168,12:57:00,300,1,nachu
V1,2009,2009-10-19,lar.nit,p0035,api.mel,i0070,09:30:00,400,10,Nachu
V1,2011,2011-10-04,lar.nit,p0035,syr.sp1,i0045,08:02,210,17,silvia
V1,2009,2009-10-12,lar.nit,p0035,api.mel,i0070,12:29:00,300,10,Belen-rocio
V4,2009,2009-10-14,lar.nit,p0035,api.mel,i0070,12:00:00,400,1,Nachu
V1,2010,2010-10-06,lar.nit,p0035,syr.sp1,i0045,8:08,80,1,silvia
V4,2009,2009-10-21,lar.nit,p0035,col.ara,i0168,NA,NA,2,nachu
V1,2007,2007-10-23,lar.nit,p0035,col.ara,i0168,08:50,140,2,Nachu
V1,2009,2009-10-19,lar.nit,p0035,api.mel,i0070,09:30:00,400,4,Nachu
V1,2011,2011-10-18,lar.nit,p0035,dih.sp1,i0031,12:15,200,2,nachu
V1,2009,2009-10-19,lar.nit,p0035,api.mel,i0070,09:56:00,350,4,nachu
V1,2009,2009-10-21,lar.nit,p0035,xyl.ord,i0001,12:40:00,400,10,rocio
V1,2011,2011-10-18,lar.nit,p0035,dih.sp1,i0031,11:38,79,1,nachu
V1,2007,2007-10-23,lar.nit,p0035,bom.opi,i0002,08:34,200,20,Nachu
V1,2007,2007-10-23,lar.nit,p0035,bom.opi,i0002,08:34,200,2,Nachu
V4,2010,2010-10-14,lar.nit,p0035,xyl.ord,i0001,10:09:00,2000,1,Nachu
V1,2011,2011-10-18,lar.nit,p0035,col.cog,i0169,12:32,50,1,nachu
V1,2009,2009-10-19,lar.nit,p0035,api.mel,i0070,10:26:00,500,5,nachu
V4,2011,2011-10-14,lar.nit,p0035,col.cog,i0169,12:28,300,2,nachu
V1,2008,2008-10-07,lar.nit,p0035,allo.bre,i0112,14:08:00,400,1,Nachu
V1,2006,2006-10-16,lar.nit,p0035,NA,NA,16:12,94,0,Nachu
V1,2009,2009-10-14,lar.nit,p0035,api.mel,i0070,13:23:00,500,2,nachu
V1,2009,2009-10-26,lar.nit,p0035,bombil10,i0206,11:17:00,11,3,Belen
V1,2009,2009-10-14,lar.nit,p0035,aug.sp,i0228,12:36:00,310,1,nachu
V1,2011,2011-10-18,lar.nit,p0035,dih.sp1,i0031,12:32,50,1,nachu
V1,2009,2009-10-14,lar.nit,p0035,allo.bre,i0112,12:57:00,300,1,nachu
V1,2008,2008-10-10,lar.nit,p0035,cop.ari,i0044,11:41:00,800,3,Diego
V1,2011,2011-10-14,lar.nit,p0035,NA,NA,11:26:00,200,1,silvia
V1,2008,2008-10-10,lar.nit,p0035,api.mel,i0070,09:36:00,600,3,Nachu
V1,2007,2007-10-19,lar.nit,p0035,api.mel,i0070,12:41,120,2,Nachu
V1,2008,2008-10-07,lar.nit,p0035,allo.bre,i0112,14:08:00,400,6,Nachu
V1,2008,2008-10-10,lar.nit,p0035,aug.sp,i0228,11:41:00,800,5,Diego
V1,2009,2009-10-14,lar.nit,p0035,api.mel,i0070,13:23:00,500,2,nachu
V1,2008,2008-10-10,lar.nit,p0035,cop.sp2,i0052,09:11:00,300,2,Nachu
V1,2011,2011-10-04,lar.nit,p0035,NA,NA,08:07,210,1,silvia
V1,2008,2008-10-21,lar.nit,p0035,allo.bre,i0112,10:50:00,300,1,Nachu
V1,2007,2007-10-19,lar.nit,p0035,NA,NA,13:50,100,0,Nachu
V1,2009,2009-10-14,lar.nit,p0035,api.mel,i0070,12:36:00,310,2,nachu
V1,2009,2009-10-12,lar.nit,p0035,aug.sp,i0228,12:29:00,60,1,Belen-rocio
V4,2009,2009-10-21,lar.nit,p0035,NA,NA,09:10:00,60,0,belen
V1,2008,2008-10-07,lar.nit,p0035,dih.sp1,i0031,13:30:00,600,1,Nachu
V1,2009,2009-10-12,lar.nit,p0035,api.mel,i0070,12:29:00,300,10,Belen-rocio
V1,2007,2007-10-25,lar.nit,p0035,aug.sp,i0228,12:16,130,2,Nachu
V1,2009,2009-10-14,lar.nit,p0035,allo.bre,i0112,12:57:00,300,2,nachu
V1,2011,2011-10-18,lar.nit,p0035,col.cog,i0169,12:33,30,1,enzo
V1,2010,2010-10-06,lar.nit,p0035,cop.ari,i0044,8:31,140,3,silvia
V4,2010,2010-10-14,lar.nit,p0035,cop.ari,i0044,10:09:00,2000,1,Nachu
V4,2010,2010-10-14,lar.nit,p0035,xyl.ord,i0001,10:09:00,2000,1,Nachu
V1,2007,2007-10-23,lar.nit,p0035,cop.ari,i0044,08:34,200,2,Nachu
V1,2011,2011-10-18,lar.nit,p0035,dih.sp1,i0031,12:15,200,2,nachu
V1,2008,2008-10-07,lar.nit,p0035,api.mel,i0070,14:08:00,400,1,Nachu
V1,2008,2008-10-10,lar.nit,p0035,aug.sp,i0228,11:41:00,800,5,Diego
V4,2009,2009-10-19,lar.nit,p0035,ase.mon,i0180,13:20:00,1000,1,nachu
V1,2007,2007-10-23,lar.nit,p0035,cae.sp1,i0022,10:36,300,6,Nachu
V1,2008,2008-10-21,lar.nit,p0035,aug.sp,i0228,11:40:00,80,1,Nachu
V4,2011,2011-10-14,lar.nit,p0035,col.lyc,i0170,12:28,300,1,nachu
V1,2009,2009-10-21,lar.nit,p0035,api.mel,i0070,12:18:00,200,3,nachu
V1,2007,2007-10-19,lar.nit,p0035,aug.sp,i0228,12:41,120,2,Nachu
V1,2011,2011-10-04,lar.nit,p0035,col.lyc,i0170,11:04,1000,1,silvia
V1,2011,2011-10-11,lar.nit,p0035,NA,NA,11:55,80,0,silvia
V1,2011,2011-10-18,lar.nit,p0035,dih.sp1,i0031,12:15,200,2,nachu
V1,2008,2008-10-07,lar.nit,p0035,allo.bre,i0112,14:08:00,400,2,Nachu
V4,2009,2009-10-26,lar.nit,p0035,aud.sp,i0178,14:10:00,150,8,Rocio
V4,2009,2009-10-19,lar.nit,p0035,api.mel,i0070,13:20:00,1000,3,nachu
V4,2009,2009-10-19,lar.nit,p0035,api.mel,i0070,13:30:00,500,2,nachu
V1,2011,2011-10-14,lar.nit,p0035,NA,NA,11:17:00,28,0,silvia
V1,2008,2008-10-24,lar.nit,p0035,aug.sp,i0228,14:51:00,500,2,Nachu
V1,2007,2007-10-23,lar.nit,p0035,allo.bre,i0112,10:36,300,12,Nachu
V1,2008,2008-10-10,lar.nit,p0035,api.mel,i0070,08:42:00,500,5,Nachu
V1,2011,2011-10-04,lar.nit,p0035,api.mel,i0070,11:04,1000,1,silvia
V1,2009,2009-10-14,lar.nit,p0035,api.mel,i0070,12:36:00,310,3,nachu
V1,2009,2009-10-19,lar.nit,p0035,xyl.ord,i0001,10:26:00,500,5,nachu
V1,2008,2008-10-07,lar.nit,p0035,aug.sp,i0228,13:30:00,600,1,Nachu
V4,2009,2009-10-21,lar.nit,p0035,xyl.ord,i0001,10:47:00,400,2,nachu
V1,2008,2008-10-21,lar.nit,p0035,aug.sp,i0228,10:50:00,300,1,Nachu
V1,2011,2011-10-18,lar.nit,p0035,cop.ari,i0044,12:32,50,4,nachu
V1,2011,2011-10-14,lar.nit,p0035,col.ara,i0168,10:28,200,1,nachu
V1,2009,2009-10-14,lar.nit,p0035,api.mel,i0070,13:03:00,300,7,rocio
V1,2009,2009-10-21,lar.nit,p0035,api.mel,i0070,12:18:00,200,4,nachu
V1,2008,2008-10-10,lar.nit,p0035,cop.sp2,i0052,09:11:00,300,1,Nachu
V4,2008,2008-10-17,lar.nit,p0035,bom.opi,i0002,13:33:00,300,14,Nachu
V4,2009,2009-10-19,lar.nit,p0035,str.eur,i0131,13:30:00,500,1,nachu
V1,2009,2009-10-12,lar.nit,p0035,api.mel,i0070,12:29:00,300,20,Belen-rocio
V1,2008,2008-10-10,lar.nit,p0035,xyl.ord,i0001,09:36:00,600,9,Nachu
V1,2006,2006-10-16,lar.nit,p0035,NA,NA,15:20,120,0,Nachu
V4,2009,2009-10-14,lar.nit,p0035,api.mel,i0070,12:00:00,400,4,Nachu
V1,2011,2011-10-11,lar.nit,p0035,NA,NA,11:47,70,0,silvia
V1,2009,2009-10-19,lar.nit,p0035,api.mel,i0070,10:26:00,500,4,nachu
V1,2009,2009-10-21,lar.nit,p0035,aug.sp,i0228,11:41:00,60,1,belen
V1,2009,2009-10-14,lar.nit,p0035,api.mel,i0070,13:23:00,500,3,nachu
V1,2011,2011-10-21,lar.nit,p0035,NA,NA,09:03,16,0,silvia
V1,2008,2008-10-10,lar.nit,p0035,cop.ari,i0044,09:11:00,300,2,Nachu
V4,2010,2010-10-06,lar.nit,p0035,cop.ari,i0044,11:45,40,5,diego
V1,2009,2009-10-07,lar.nit,p0035,api.mel,i0070,11:01:00,34,4,Belen-rocio
V1,2009,2009-10-26,lar.nit,p0035,NA,NA,11:23:00,45,0,Belen
V1,2007,2007-10-19,lar.nit,p0035,aug.sp,i0228,13:58,190,1,Nachu
V1,2009,2009-10-07,lar.nit,p0035,api.mel,i0070,10:58:00,350,35,Belen-rocio
V1,2009,2009-10-14,lar.nit,p0035,api.mel,i0070,13:23:00,500,2,nachu
V1,2008,2008-10-10,lar.nit,p0035,aug.sp,i0228,09:36:00,600,1,Nachu
V1,2007,2007-10-02,lar.nit,p0035,api.mel,i0070,11:58,100,4,Nachu
V1,2009,2009-10-14,lar.nit,p0035,api.mel,i0070,13:23:00,500,4,nachu
V1,2009,2009-10-14,lar.nit,p0035,api.mel,i0070,12:36:00,310,3,nachu
V1,2011,2011-10-18,lar.nit,p0035,dih.sp1,i0031,11:38,79,1,nachu
V1,2009,2009-10-12,lar.nit,p0035,api.mel,i0070,12:29:00,60,7,Belen-rocio
V4,2009,2009-10-19,lar.nit,p0035,lon.rob,i0172,13:30:00,500,1,nachu
V1,2008,2008-10-10,lar.nit,p0035,allo.bre,i0112,09:36:00,600,1,Nachu
V1,2008,2008-09-24,lar.nit,p0035,cop.ari,i0044,11:36:00,35,2,Nachu
V1,2011,2011-10-04,lar.nit,p0035,syr.sp1,i0045,08:07,210,3,silvia
V1,2011,2011-10-21,lar.nit,p0035,dih.sp1,i0031,09:22,36,3,silvia
V1,2009,2009-10-14,lar.nit,p0035,aug.sp,i0228,13:03:00,300,3,rocio
V4,2009,2009-10-26,lar.nit,p0035,aud.sp,i0178,14:10:00,150,3,Rocio
V1,2009,2009-10-07,lar.nit,p0035,api.mel,i0070,10:58:00,50,8,Belen-rocio
V1,2011,2011-10-14,lar.nit,p0035,cop.ari,i0044,10:46,300,1,nachu
V1,2011,2011-10-21,lar.nit,p0035,aug.sp,i0228,09:14,54,3,nachu
V1,2009,2009-10-14,lar.nit,p0035,api.mel,i0070,13:23:00,500,5,nachu
V1,2006,2006-10-09,lar.nit,p0035,aug.sp,i0228,13:50,90,10,Diego
V1,2008,2008-10-07,lar.nit,p0035,aug.sp,i0228,14:08:00,400,1,Nachu
V1,2009,2009-10-12,lar.nit,p0035,api.mel,i0070,12:29:00,300,10,Belen-rocio
V1,2007,2007-10-23,lar.nit,p0035,col.ara,i0168,10:36,300,2,Nachu
V1,2008,2008-09-24,lar.nit,p0035,dih.sp1,i0031,11:36:00,35,1,Nachu
V1,2011,2011-10-18,lar.nit,p0035,dih.sp1,i0031,11:38,79,2,nachu
V1,2008,2008-10-10,lar.nit,p0035,dih.sp1,i0031,08:42:00,500,1,Nachu
V1,2006,2006-10-09,lar.nit,p0035,api.mel,i0070,12:05,170,10,Diego
V1,2009,2009-10-14,lar.nit,p0035,api.mel,i0070,13:23:00,500,2,nachu
V4,2009,2009-10-14,lar.nit,p0035,allo.seg,i0244,12:00:00,400,1,Nachu
V4,2009,2009-10-19,lar.nit,p0035,xyl.ord,i0001,13:20:00,1000,3,nachu
V1,2008,2008-10-21,lar.nit,p0035,xyl.spl,i0094,10:50:00,300,14,Nachu
V1,2008,2008-10-21,lar.nit,p0035,cop.sp2,i0052,10:50:00,300,1,Nachu
V1,2009,2009-10-19,lar.nit,p0035,api.mel,i0070,10:26:00,500,4,nachu
V3,2006,2006-10-16,lar.nit,p0035,dih.sp1,i0031,12:06,180,4,Nachu
V1,2008,2008-10-10,lar.nit,p0035,api.mel,i0070,09:01:00,1000,1,Nachu
V1,2008,2008-10-10,lar.nit,p0035,cop.sp2,i0052,09:11:00,300,2,Nachu
V1,2011,2011-10-14,lar.nit,p0035,nez.sp,i0321,11:26:00,200,1,silvia
V1,2008,2008-10-10,lar.nit,p0035,cop.sp2,i0052,09:11:00,300,1,Nachu
V1,2011,2011-10-14,lar.nit,p0035,col.cog,i0169,10:46,300,2,nachu
V4,2011,2011-10-14,lar.nit,p0035,cop.ari,i0044,12:28,300,3,nachu
V1,2011,2011-10-21,lar.nit,p0035,NA,NA,09:10,23,0,silvia
V1,2009,2009-10-14,lar.nit,p0035,aug.sp,i0228,13:23:00,500,1,nachu
V4,2009,2009-10-28,lar.nit,p0035,aud.sp,i0178,10:48:00,200,5,rocio
V4,2010,2010-10-14,lar.nit,p0035,cop.ari,i0044,10:09:00,2000,1,Nachu
V1,2008,2008-10-10,lar.nit,p0035,bom.opi,i0002,09:11:00,300,2,Nachu
V4,2009,2009-10-21,lar.nit,p0035,cop.ari,i0044,NA,NA,2,nachu
V4,2009,2009-10-14,lar.nit,p0035,aud.sp,i0178,12:00:00,400,1,Nachu
V1,2008,2008-10-21,lar.nit,p0035,allo.bre,i0112,11:31:00,100,1,Nachu
V1,2007,2007-10-23,lar.nit,p0035,NA,NA,09:25,200,0,Nachu
V1,2008,2008-10-10,lar.nit,p0035,cop.sp2,i0052,09:36:00,600,1,Nachu
V1,2011,2011-10-18,lar.nit,p0035,dih.sp1,i0031,12:15,200,3,nachu
V1,2009,2009-10-21,lar.nit,p0035,col.ara,i0168,12:40:00,400,1,rocio
V4,2009,2009-10-14,lar.nit,p0035,aug.sp,i0228,12:00:00,400,1,Nachu
V1,2006,2006-10-16,lar.nit,p0035,aug.sp,i0228,15:07,134,1,Nachu
V1,2009,2009-10-14,lar.nit,p0035,aug.sp,i0228,12:36:00,310,1,nachu
V1,2009,2009-10-12,lar.nit,p0035,api.mel,i0070,12:29:00,300,20,Belen-rocio
V1,2010,2010-10-06,lar.nit,p0035,cop.ari,i0044,8:22,43,1,silvia
V1,2008,2008-10-10,lar.nit,p0035,aug.sp,i0228,09:36:00,600,2,Nachu
V1,2009,2009-10-14,lar.nit,p0035,api.mel,i0070,13:23:00,500,5,nachu
V1,2009,2009-10-14,lar.nit,p0035,aug.sp,i0228,13:23:00,500,4,nachu
V4,2009,2009-10-19,lar.nit,p0035,lon.rob,i0172,13:30:00,500,1,nachu
V1,2009,2009-10-19,lar.nit,p0035,col.ara,i0168,09:56:00,350,3,nachu
V1,2008,2008-10-10,lar.nit,p0035,aug.sp,i0228,09:36:00,600,2,Nachu
V1,2009,2009-10-14,lar.nit,p0035,api.mel,i0070,13:23:00,500,2,nachu
V1,2007,2007-10-02,lar.nit,p0035,dih.sp1,i0031,11:58,100,2,Nachu
V1,2009,2009-10-14,lar.nit,p0035,cop.sp2,i0052,12:57:00,300,1,nachu
V4,2008,2008-10-17,lar.nit,p0035,api.mel,i0070,13:33:00,300,2,Nachu
V4,2007,2007-10-23,lec.het,p0036,coe.jor,i0005,12:13,3,1,Nachu
V3,2006,2006-10-24,lec.het,p0036,NA,NA,11:43,1,0,Diego
V1,2007,2007-11-08,lec.het,p0036,lep.nig,i0016,15:22,3,2,Nachu
V1,2007,2007-10-19,lec.het,p0036,lei.fri,i0029,13:22,1,2,Nachu
V1,2011,2011-10-18,lec.het,p0036,NA,NA,13:10,1,0,enzo
V1,2011,2011-11-08,lec.het,p0036,NA,NA,12:57,1,0,nachu
V1,2008,2008-10-24,lec.het,p0036,lei.fri,i0029,13:45:00,5,1,Nachu
V1,2011,2011-11-08,lec.het,p0036,NA,NA,13:09,1,0,nachu
V1,2008,2008-10-24,lec.het,p0036,lei.fri,i0029,14:15:00,1,1,Nachu
V1,2007,2007-10-29,lec.het,p0036,lei.fri,i0029,16:45,2,2,Nachu
V1,2011,2011-11-22,lec.het,p0036,str.eur,i0131,13:52,1,1,silvia
V1,2007,2007-10-29,lec.het,p0036,lei.fri,i0029,16:45,2,1,Nachu
V1,2007,2007-10-29,lec.het,p0036,lep.nig,i0016,16:45,2,1,Nachu
V1,2011,2011-10-25,lec.het,p0036,NA,NA,11:52,5,0,silvia
V1,2007,2007-10-25,lec.het,p0036,lei.fri,i0029,12:52,1,1,Nachu
V1,2009,2009-11-05,lec.het,p0036,NA,NA,12:49:00,1,0,Belen
V3,2006,2006-10-16,lec.het,p0036,lep.nig,i0016,12:58,1,1,Nachu
V4,2009,2009-10-26,lec.het,p0036,NA,NA,13:04:00,2,0,nachu
V4,2009,2009-10-19,lec.het,p0036,lei.fri,i0029,14:02:00,1,1,rocio
V1,2008,2008-10-24,lec.het,p0036,lei.fri,i0029,14:15:00,1,1,Diego
V1,2007,2007-11-08,lec.het,p0036,lep.nig,i0016,14:58,1,1,Nachu
V4,2009,2009-11-04,lec.het,p0036,NA,NA,11:50:00,1,0,belen
V1,2007,2007-10-25,lec.het,p0036,lei.fri,i0029,12:52,1,1,Nachu
V1,2011,2011-10-18,lec.het,p0036,NA,NA,13:21,3,0,enzo
V4,2008,2008-10-21,lec.het,p0036,lei.fri,i0029,14:21:00,11,1,Nachu
V4,2008,2008-10-21,lec.het,p0036,dih.sp1,i0031,14:21:00,11,1,Nachu
V1,2007,2007-10-25,lec.het,p0036,lei.fri,i0029,12:52,1,1,Nachu
V4,2011,2011-11-04,lec.het,p0036,NA,NA,13:41,1,0,enzo
V1,2010,2010-11-10,lec.het,p0036,NA,NA,13:19,3,0,silvia
V4,2011,2011-10-04,lec.het,p0036,NA,NA,12:18,1,0,silvia
V1,2007,2007-10-29,lec.het,p0036,lei.fri,i0029,16:00,2,1,Nachu
V4,2007,2007-11-06,lec.het,p0036,NA,NA,12:08,1,0,Nachu
V1,2007,2007-11-08,lec.het,p0036,lep.nig,i0016,15:22,3,1,Nachu
V1,2008,2008-10-24,lec.het,p0036,lei.fri,i0029,13:45:00,5,1,Nachu
V1,2008,2008-11-04,lec.het,p0036,lep.nig,i0016,13:45:00,1,1,Nachu
V1,2007,2007-10-19,lec.het,p0036,lei.fri,i0029,13:22,1,1,Nachu
V4,2009,2009-10-19,lec.het,p0036,NA,NA,14:06:00,10,0,nachu
V3,2006,2006-10-30,lec.het,p0036,NA,NA,13:55,1,0,Jimena
V4,2008,2008-10-17,lec.het,p0036,lei.fri,i0029,14:37:00,3,1,Nachu
V4,2011,2011-10-04,lec.het,p0036,NA,NA,12:05,3,0,silvia
V4,2007,2007-10-23,lec.het,p0036,lei.fri,i0029,12:26,1,1,Nachu
V4,2007,2007-10-23,lec.het,p0036,NA,NA,13:23,1,0,Nachu
V1,2007,2007-11-08,lec.het,p0036,lei.cri,i0147,14:58,1,1,Nachu
V1,2011,2011-10-11,lec.het,p0036,dia.bar,i0302,13:54,1,1,silvia
V1,2011,2011-10-18,lec.het,p0036,NA,NA,13:05,1,1,nachu
V1,2011,2011-11-11,lec.het,p0036,lei.cri,i0147,13:30,2,1,nachu
V1,2011,2011-10-18,lec.het,p0036,dih.sp1,i0031,13:05,1,1,nachu
V1,2008,2008-10-24,lec.het,p0036,lei.fri,i0029,14:21:00,9,3,Diego
V4,2010,2010-10-22,lec.het,p0036,NA,NA,12:39,4,0,silvia
V4,2010,2010-10-22,lec.het,p0036,NA,NA,12:46,?,0,silvia
V1,2008,2008-10-24,lec.het,p0036,lei.fri,i0029,13:45:00,5,1,Nachu
V1,2011,2011-10-18,lec.het,p0036,dih.sp1,i0031,13:20,2,1,nachu
V2,2006,2006-10-30,lec.het,p0036,meg.cte,i0015,13:30,2,1,Diego
V1,2007,2007-10-29,lec.het,p0036,lei.fri,i0029,16:00,2,1,Nachu
V3,2006,2006-10-16,lec.het,p0036,psa.ruf,i0023,13:04,2,1,Nachu
V1,2008,2008-10-24,lec.het,p0036,lei.fri,i0029,14:15:00,1,1,Diego
V4,2006,2006-10-24,lec.het,p0036,psa.ruf,i0023,14:50,4,1,Jimena
V1,2011,2011-10-11,lec.het,p0036,aug.sp,i0228,13:54,1,1,silvia
V1,2011,2011-11-08,lec.het,p0036,NA,NA,13:40,1,0,enzo
V1,2007,2007-10-19,lec.het,p0036,lei.fri,i0029,13:22,1,1,Nachu
V4,2007,2007-10-25,lec.het,p0036,NA,NA,13:32,1,0,Nachu
V1,2007,2007-10-19,lec.het,p0036,lei.fri,i0029,13:22,1,1,Nachu
V1,2011,2011-11-08,lec.het,p0036,dia.bar,i0302,13:57,1,1,nachu
V1,2007,2007-10-29,lec.het,p0036,lei.fri,i0029,15:35,2,1,Nachu
V1,2007,2007-11-08,lec.het,p0036,lep.nig,i0016,15:22,3,1,Nachu
V2,2006,2006-10-30,lec.het,p0036,psa.ruf,i0023,13:16,2,1,Diego
V1,2010,2010-10-28,lec.het,p0036,NA,NA,13:32:00,1,0,Nachu
V4,2011,2011-10-28,lec.het,p0036,NA,NA,11:38,1,0,enzo
V1,2007,2007-10-19,lec.het,p0036,lei.fri,i0029,13:22,1,1,Nachu
V4,2007,2007-10-23,lec.het,p0036,NA,NA,13:28,1,0,Nachu
V4,2009,2009-11-11,lec.het,p0036,NA,NA,12:40:00,2,0,Nachu
V3,2006,2006-10-24,lec.het,p0036,NA,NA,14:37,1,0,Diego
V1,2011,2011-11-04,lec.het,p0036,NA,NA,10:52,2,0,enzo
V4,2011,2011-10-21,lec.het,p0036,NA,NA,13:45,4,1,nachu
V4,2009,2009-11-11,lec.het,p0036,NA,NA,13:24:00,1,0,Belen
V4,2011,2011-10-28,lec.het,p0036,NA,NA,13:31,1,0,enzo
V4,2011,2011-10-21,lec.het,p0036,NA,NA,13:05,1,0,silvia
V4,2007,2007-10-25,lec.het,p0036,NA,NA,13:45,3,0,Nachu
V1,2008,2008-10-24,lec.het,p0036,lei.fri,i0029,14:21:00,9,3,Diego
V1,2007,2007-10-19,lec.het,p0036,lei.fri,i0029,13:22,1,2,Nachu
V4,2011,2011-10-21,lec.het,p0036,aca.arg,i0306,13:45,4,1,nachu
V4,2011,2011-11-04,lec.het,p0036,NA,NA,13:55,1,1,nachu
V4,2010,2010-11-10,lec.het,p0036,dih.sp1,i0031,10:48,1,1,silvia
V1,2007,2007-10-29,lec.het,p0036,lei.fri,i0029,16:45,2,1,Nachu
V1,2008,2008-10-24,lec.het,p0036,lei.fri,i0029,13:45:00,5,1,Nachu
V1,2008,2008-11-04,lec.het,p0036,lei.cri,i0147,13:45:00,1,1,Nachu
V4,2010,2010-10-22,lec.het,p0036,NA,NA,13:07,8,0,silvia
V4,2009,2009-11-25,opu.sul,p0037,NA,NA,10:16:00,1,0,Belen
V4,2008,2008-12-19,opu.sul,p0037,NA,NA,10:40:00,1,0,Nachu
V4,2011,2011-11-04,opu.sul,p0037,cen.bre,i0007,12:50,1,1,nachu
V4,2007,2007-12-04,opu.sul,p0037,cam.mus,i0072,12:24,1,1,Nachu
V4,2010,2010-11-19,opu.sul,p0037,arh.bif,i0020,11:25,14,1,silvia
V4,2011,2011-11-11,opu.sul,p0037,NA,NA,09:20,1,0,enzo
V1,2010,2010-12-10,opu.sul,p0037,arh.bif,i0020,12:00,1,1,silvia
V4,2011,2011-11-18,opu.sul,p0037,arh.bif,i0020,12:06,5,2,silvia
V1,2009,2009-11-30,opu.sul,p0037,amm.sp1,i0126,12:11:00,22,1,Nachu
V1,2011,2011-12-02,opu.sul,p0037,arh.bif,i0020,12:48,2,1,nachu
V4,2011,2011-11-25,opu.sul,p0037,coleop6,i0324,10:40,13,1,silvia
V4,2010,2010-12-10,opu.sul,p0037,lepid11,i0215,8:39,1,1,silvia
V4,2009,2009-12-11,opu.sul,p0037,mes.jen,i0011,10:45:00,4,1,Belen
V3,2006,2006-11-20,opu.sul,p0037,cam.mus,i0072,10:16,7,1,Beni
V3,2006,2006-11-06,opu.sul,p0037,NA,NA,10:06,2,0,Diego
V1,2011,2011-12-20,opu.sul,p0037,meg.cte,i0015,09:23,6,1,silvia
V4,2011,2011-12-02,opu.sul,p0037,coleop6,i0324,09:17,3,1,silvia
V1,2011,2011-11-22,opu.sul,p0037,dih.sp1,i0031,13:24,2,1,silvia
V1,2011,2011-11-22,opu.sul,p0037,arh.bif,i0020,14:50,2,1,silvia
V4,2009,2009-11-11,opu.sul,p0037,NA,NA,12:31:00,2,0,Belen
V4,2006,2006-11-20,opu.sul,p0037,NA,NA,13:55,7,0,Diego
V4,2009,2009-12-11,opu.sul,p0037,bom.opi,i0002,10:45:00,4,3,Belen
V4,2011,2011-11-18,opu.sul,p0037,arh.bif,i0020,11:39,3,1,silvia
V4,2008,2008-12-02,opu.sul,p0037,bom.opi,i0002,11:13:00,6,1,Nachu
V2,2006,2006-10-30,opu.sul,p0037,cam.mus,i0072,10:55,1,1,Diego
V4,2009,2009-12-02,opu.sul,p0037,xyl.ord,i0001,11:15:00,3,1,Nachu
V1,2008,2008-11-21,opu.sul,p0037,dih.sp1,i0031,11:35:00,1,1,Nachu
V4,2007,2007-11-27,opu.sul,p0037,cam.mus,i0072,11:18,3,1,Nachu
V4,2011,2011-12-06,opu.sul,p0037,arh.bif,i0020,13:07:00,12,2,silvia
V1,2009,2009-12-11,opu.sul,p0037,cen.bre,i0007,10:43:00,6,1,Rocio
V4,2009,2009-12-11,opu.sul,p0037,bom.opi,i0002,10:45:00,4,2,Belen
V4,2011,2011-11-22,opu.sul,p0037,aug.sp,i0228,10:20,1,1,silvia
V4,2011,2011-12-20,opu.sul,p0037,arh.bif,i0020,11:48,2,1,silvia
V1,2011,2011-11-22,opu.sul,p0037,dih.sp1,i0031,13:24,2,2,silvia
V4,2007,2007-12-11,opu.sul,p0037,cam.mus,i0072,11:18,2,1,Nachu
V1,2008,2008-11-21,opu.sul,p0037,orthop1,i0080,12:49:00,1,1,Nachu
V4,2006,2006-11-20,opu.sul,p0037,NA,NA,10:16,46,0,Diego
V4,2011,2011-12-13,opu.sul,p0037,dih.sp1,i0031,10:31,2,1,nachu
V1,2009,2009-11-30,opu.sul,p0037,arh.bif,i0020,12:52:00,3,1,Rocio
V1,2010,2010-11-19,opu.sul,p0037,NA,NA,9:52,13,1,silvia
V4,2007,2007-11-27,opu.sul,p0037,tri.lat,i0098,11:18,3,1,Nachu
V4,2011,2011-11-22,opu.sul,p0037,dih.sp1,i0031,10:44,41,1,silvia
V4,2008,2008-11-18,opu.sul,p0037,dih.sp1,i0031,10:39:00,3,1,Nachu
V4,2009,2009-11-18,opu.sul,p0037,NA,NA,13:53:00,5,0,Nachu
V2,2006,2006-11-13,opu.sul,p0037,NA,NA,09:16,20,0,Diego
V1,2006,2006-11-13,opu.sul,p0037,NA,NA,10:16,3,0,Jimena
V4,2009,2009-12-11,opu.sul,p0037,bom.opi,i0002,12:46:00,11,5,Rocio
V1,2010,2010-11-10,opu.sul,p0037,arh.bif,i0020,13:25,2,1,silvia
V4,2009,2009-12-11,opu.sul,p0037,cen.lya,i0006,09:57:00,3,1,Belen
V4,2009,2009-11-11,opu.sul,p0037,NA,NA,11:37:00,3,0,Nachu
V4,2011,2011-12-13,opu.sul,p0037,tri.lat,i0098,09:47,4,1,silvia
V1,2008,2008-11-21,opu.sul,p0037,arh.bif,i0020,12:15:00,1,1,Nachu
V1,2010,2010-11-10,opu.sul,p0037,arh.bif,i0020,12:52,12,4,silvia
V1,2010,2010-11-26,opu.sul,p0037,mes.jen,i0011,12:58:00,7,3,Nachu
V4,2007,2007-12-11,opu.sul,p0037,arh.bif,i0020,11:35,1,1,Nachu
V4,2007,2007-12-04,opu.sul,p0037,NA,NA,12:04,1,0,Nachu
V1,2009,2009-11-25,opu.sul,p0037,cen.bre,i0007,12:22:00,5,2,Belen
V1,2009,2009-11-30,opu.sul,p0037,aug.sp,i0228,12:52:00,3,1,Rocio
V4,2007,2007-11-15,opu.sul,p0037,NA,NA,10:14,1,0,Nachu
V1,2011,2011-11-29,opu.sul,p0037,arh.bif,i0020,13:15,5,1,silvia
V1,2010,2010-12-10,opu.sul,p0037,NA,NA,11:00,1,0,nachu
V4,2009,2009-12-11,opu.sul,p0037,bom.opi,i0002,09:45:00,3,1,Belen
V4,2008,2008-12-17,opu.sul,p0037,orthop1,i0080,11:33:00,3,1,Nachu
V1,2011,2011-11-22,opu.sul,p0037,cen.bre,i0007,14:50,2,1,silvia
V4,2011,2011-12-02,opu.sul,p0037,NA,NA,08:56,8,1,silvia
V1,2008,2008-12-05,opu.sul,p0037,cen.bre,i0007,10:58:00,1,1,Nachu
V4,2011,2011-11-08,opu.sul,p0037,aug.sp,i0228,10:00,1,1,enzo
V4,2008,2008-12-12,opu.sul,p0037,bombil10,i0206,12:02:00,3,1,Nachu
V4,2011,2011-12-02,opu.sul,p0037,dih.sp1,i0031,08:51,4,1,silvia
V4,2009,2009-11-30,opu.sul,p0037,tachy.sp,i0243,13:19:00,6,2,belen
V1,2010,2010-12-10,opu.sul,p0037,arh.bif,i0020,11:15,2,1,nachu
V4,2007,2007-12-11,opu.sul,p0037,ase.mon,i0180,11:02,3,1,Nachu
V1,2011,2011-11-25,opu.sul,p0037,arh.bif,i0020,12:21,1,1,silvia
V4,2006,2006-11-13,opu.sul,p0037,NA,NA,09:34,3,0,Beni
V4,2008,2008-12-12,opu.sul,p0037,bombil10,i0206,12:02:00,3,1,Nachu
V4,2010,2010-11-19,opu.sul,p0037,NA,NA,12:12,7,0,silvia
V1,2008,2008-12-05,opu.sul,p0037,tri.lat,i0098,11:12:00,2,2,Nachu
V4,2011,2011-12-06,opu.sul,p0037,dih.sp1,i0031,12:53:00,9,1,silvia
V4,2010,2010-11-26,opu.sul,p0037,NA,NA,9:17:00,1,0,Nachu
V4,2011,2011-11-22,opu.sul,p0037,NA,NA,11:01,3,1,silvia
V4,2009,2009-11-18,opu.sul,p0037,NA,NA,12:37:00,2,0,Nachu
V1,2011,2011-11-22,opu.sul,p0037,dih.sp1,i0031,13:24,2,1,silvia
V1,2010,2010-11-26,opu.sul,p0037,arh.bif,i0020,12:58:00,7,1,Nachu
V4,2011,2011-11-25,opu.sul,p0037,aug.sp,i0228,10:40,13,1,silvia
V1,2011,2011-11-29,opu.sul,p0037,NA,NA,13:15,5,1,silvia
V1,2006,2006-11-13,opu.sul,p0037,orthop3,i0217,10:30,15,1,Jimena
V4,2008,2008-12-02,opu.sul,p0037,bom.opi,i0002,10:28:00,9,4,Nachu
V4,2007,2007-11-27,opu.sul,p0037,dih.sp1,i0031,10:43,4,1,Nachu
V4,2009,2009-11-30,opu.sul,p0037,NA,NA,12:27:00,2,0,belen
V4,2007,2007-11-27,opu.sul,p0037,dih.sp1,i0031,11:18,3,1,Nachu
V4,2009,2009-12-11,opu.sul,p0037,bom.opi,i0002,10:06:00,4,2,Belen
V1,2011,2011-11-25,opu.sul,p0037,arh.bif,i0020,12:48,1,1,silvia
V1,2010,2010-11-26,opu.sul,p0037,arh.bif,i0020,12:58:00,7,3,Nachu
V4,2011,2011-12-20,opu.sul,p0037,arh.bif,i0020,13:02,1,1,silvia
V4,2009,2009-11-30,opu.sul,p0037,NA,NA,10:06:00,10,0,Rocio
V4,2007,2007-12-11,opu.sul,p0037,dih.sp1,i0031,11:35,1,1,Nachu
V4,2008,2008-11-18,opu.sul,p0037,meg.cte,i0015,10:39:00,3,1,Nachu
V4,2010,2010-12-17,opu.sul,p0037,bom.opi,i0002,9:45:00,2,1,georgina
V4,2011,2011-11-18,opu.sul,p0037,arh.bif,i0020,11:39,3,1,silvia
V4,2011,2011-11-22,opu.sul,p0037,arh.bif,i0020,10:20,1,1,silvia
V4,2011,2011-11-11,opu.sul,p0037,NA,NA,09:58,2,0,enzo
V4,2007,2007-12-04,opu.sul,p0037,NA,NA,12:02,2,0,Erica
V4,2009,2009-11-18,opu.sul,p0037,arh.bif,i0020,13:28:00,16,1,Nachu
V4,2008,2008-11-18,opu.sul,p0037,arh.bif,i0020,13:30:00,5,1,Nachu
V4,2010,2010-12-10,opu.sul,p0037,NA,NA,9:13,1,0,nachu
V4,2008,2008-12-17,opu.sul,p0037,arh.bif,i0020,11:40:00,2,1,Nachu
V4,2011,2011-11-22,opu.sul,p0037,aug.sp,i0228,10:20,1,1,silvia
V4,2009,2009-11-04,opu.sul,p0037,NA,NA,11:17:00,4,0,Nachu
V4,2008,2008-12-12,opu.sul,p0037,cen.bre,i0007,11:36:00,5,1,Nachu
V4,2008,2008-11-18,opu.sul,p0037,dih.sp1,i0031,10:16:00,1,1,Nachu
V4,2007,2007-11-27,opu.sul,p0037,cam.mus,i0072,10:43,4,1,Nachu
V4,2008,2008-12-12,opu.sul,p0037,orthop1,i0080,11:30:00,3,1,Nachu
V1,2011,2011-11-25,opu.sul,p0037,aug.sp,i0228,12:21,1,1,silvia
V1,2011,2011-11-29,opu.sul,p0037,NA,NA,13:15,5,1,silvia
V4,2009,2009-12-02,opu.sul,p0037,NA,NA,12:09:00,2,0,Belen
V1,2010,2010-11-26,opu.sul,p0037,arh.bif,i0020,12:38:00,13,1,Nachu
V1,2011,2011-11-29,opu.sul,p0037,NA,NA,13:15,5,1,silvia
V1,2010,2010-11-26,opu.sul,p0037,NA,NA,12:31:00,1,0,Nachu
V4,2011,2011-12-20,opu.sul,p0037,arh.bif,i0020,11:48,2,2,silvia
V1,2011,2011-11-29,opu.sul,p0037,arh.bif,i0020,13:05,22,2,silvia
V4,2009,2009-11-18,opu.sul,p0037,arh.bif,i0020,13:28:00,16,1,Nachu
V4,2010,2010-12-10,opu.sul,p0037,pse.sp,i0167,9:17,1,1,silvia
V4,2006,2006-11-06,opu.sul,p0037,bom.opi,i0002,12:35,5,1,Nachu
V1,2009,2009-11-23,opu.sul,p0037,cam.pun,i0128,12:25:00,8,1,Belen
V4,2011,2011-12-13,opu.sul,p0037,cen.bre,i0007,10:31,2,1,nachu
V4,2011,2011-12-20,opu.sul,p0037,arh.bif,i0020,13:02,1,1,silvia
V1,2008,2008-12-05,opu.sul,p0037,cen.bre,i0007,10:58:00,1,1,Nachu
V1,2011,2011-11-29,opu.sul,p0037,arh.bif,i0020,13:05,22,1,silvia
V4,2011,2011-11-25,opu.sul,p0037,dih.sp1,i0031,10:46,17,1,silvia
V4,2009,2009-12-11,opu.sul,p0037,bom.opi,i0002,10:06:00,4,3,Belen
V1,2011,2011-11-22,opu.sul,p0037,arh.bif,i0020,14:50,2,1,silvia
V1,2010,2010-12-03,opu.sul,p0037,NA,NA,12:55,7,2,silvia
V1,2010,2010-11-10,opu.sul,p0037,cos.chi,i0077,12:17,1,1,silvia
V4,2008,2008-12-02,opu.sul,p0037,api.mel,i0070,10:28:00,9,1,Nachu
V4,2008,2008-12-12,opu.sul,p0037,cen.bre,i0007,11:36:00,5,2,Nachu
V1,2010,2010-12-10,opu.sul,p0037,arh.bif,i0020,12:22,2,1,silvia
V4,2009,2009-12-02,opu.sul,p0037,xyl.ord,i0001,10:30:00,2,2,Belen
V1,2011,2011-11-22,opu.sul,p0037,arh.bif,i0020,13:24,2,1,silvia
V1,2011,2011-11-22,opu.sul,p0037,arh.bif,i0020,14:50,2,2,silvia
V1,2008,2008-12-05,opu.sul,p0037,arh.bif,i0020,11:53:00,1,1,Nachu
V4,2007,2007-11-27,opu.sul,p0037,NA,NA,10:29,1,0,Nachu
V1,2011,2011-11-22,opu.sul,p0037,dih.sp1,i0031,13:24,2,1,silvia
V1,2010,2010-11-26,opu.sul,p0037,arh.bif,i0020,12:58:00,7,1,Nachu
V4,2011,2011-11-18,opu.sul,p0037,arh.bif,i0020,12:41,15,2,silvia
V1,2011,2011-12-02,opu.sul,p0037,arh.bif,i0020,12:48,2,1,nachu
V1,2010,2010-12-10,opu.sul,p0037,lepid11,i0215,11:03,1,1,silvia
V2,2006,2006-11-13,opu.sul,p0037,NA,NA,11:12,5,0,Diego
V4,2007,2007-12-04,opu.sul,p0037,arh.bif,i0020,12:32,1,1,Erica
V3,2006,2006-11-13,opu.sul,p0037,NA,NA,10:00,6,0,Erica
V4,2010,2010-12-17,opu.sul,p0037,NA,NA,9:34,3,0,nachu
V4,2007,2007-11-27,opu.sul,p0037,arh.bif,i0020,12:00,2,1,Nachu
V4,2011,2011-11-18,opu.sul,p0037,arh.bif,i0020,12:41,15,4,silvia
V4,2011,2011-11-18,opu.sul,p0037,arh.bif,i0020,11:26,8,4,silvia
V4,2011,NA,opu.sul,p0037,NA,NA,09:13,4,1,julian
V4,2008,2008-12-02,opu.sul,p0037,arh.bif,i0020,11:37:00,5,1,Nachu
V4,2010,2010-11-26,opu.sul,p0037,dih.sp1,i0031,8:38:00,2,1,Nachu
V1,2008,2008-12-17,opu.sul,p0037,NA,NA,09:57:00,1,0,Nachu
V1,2010,2010-12-10,opu.sul,p0037,arh.bif,i0020,12:00,1,1,silvia
V1,2009,2009-12-11,opu.sul,p0037,mes.jen,i0011,10:43:00,6,1,Rocio
V4,2008,2008-12-12,opu.sul,p0037,dih.sp1,i0031,11:30:00,3,0,Nachu
V4,2009,2009-12-02,opu.sul,p0037,NA,NA,10:39:00,2,0,Belen
V4,2009,2009-12-02,opu.sul,p0037,NA,NA,11:16:00,1,0,Belen
V1,2010,2010-12-03,opu.sul,p0037,cen.bre,i0007,12:00,8,1,silvia
V4,2010,2010-12-10,opu.sul,p0037,cam.mus,i0072,9:49,2,1,silvia
V1,2010,2010-12-03,opu.sul,p0037,arh.bif,i0020,12:00,8,1,silvia
V4,2011,2011-11-18,opu.sul,p0037,arh.bif,i0020,12:41,15,1,silvia
V4,2009,2009-11-30,opu.sul,p0037,cos.chi,i0077,12:09:00,1,1,belen
V1,2009,2009-12-02,opu.sul,p0037,arh.bif,i0020,12:30:00,4,3,Nachu
V4,2008,2008-11-18,opu.sul,p0037,aug.sp,i0228,11:51:00,1,1,Nachu
V4,2010,2010-12-10,opu.sul,p0037,dih.sp1,i0031,9:36,1,1,silvia
V4,2009,2009-11-25,opu.sul,p0037,NA,NA,11:11:00,2,0,Belen
V1,2011,2011-11-29,opu.sul,p0037,arh.bif,i0020,13:05,22,4,silvia
V4,2011,2011-12-20,opu.sul,p0037,arh.bif,i0020,13:02,1,1,silvia
V1,2009,2009-11-18,opu.sul,p0037,arh.bif,i0020,11:49:00,6,1,Nachu
V4,2011,2011-12-06,opu.sul,p0037,arh.bif,i0020,12:53:00,9,1,silvia
V4,2009,2009-11-18,opu.sul,p0037,orthop1,i0080,12:42:00,21,1,Rocio
V4,2011,2011-12-02,opu.sul,p0037,cam.mus,i0072,08:51,4,1,silvia
V3,2006,2006-11-06,opu.sul,p0037,orthop1,i0080,10:52,3,1,Diego
V2,2006,2006-11-20,opu.sul,p0037,NA,NA,13:36,23,0,Jimena
V2,2006,2006-11-06,opu.sul,p0037,NA,NA,13:41,3,0,Diego
V1,2008,2008-11-21,opu.sul,p0037,meg.pse2,i0238,12:49:00,1,1,Nachu
V1,2010,2010-12-10,opu.sul,p0037,lepid11,i0215,11:03,1,1,silvia
V4,2006,2006-11-20,opu.sul,p0037,NA,NA,12:56,26,0,Diego
V4,2011,2011-11-18,opu.sul,p0037,arh.bif,i0020,12:06,5,1,silvia
V4,2011,2011-12-13,opu.sul,p0037,tri.lat,i0098,10:31,2,1,nachu
V4,2007,2007-12-04,opu.sul,p0037,dih.sp1,i0031,12:13,1,1,Erica
V1,2011,2011-11-25,opu.sul,p0037,aug.sp,i0228,12:21,1,1,silvia
V4,2011,2011-12-13,opu.sul,p0037,bab.elo,i0075,09:47,4,1,silvia
V4,2011,2011-11-18,opu.sul,p0037,dih.sp1,i0031,11:16,2,1,silvia
V4,2011,2011-11-18,opu.sul,p0037,arh.bif,i0020,12:41,15,1,silvia
V2,2006,2006-11-13,opu.sul,p0037,meg.C,i0140,12:54,15,1,Diego
V4,2007,2007-12-11,opu.sul,p0037,dih.sp1,i0031,11:35,1,1,Nachu
V4,2011,2011-12-20,opu.sul,p0037,arh.bif,i0020,12:18,1,1,silvia
V4,2011,2011-12-02,opu.sul,p0037,coleop6,i0324,09:17,3,1,silvia
V3,2006,2006-11-06,opu.sul,p0037,cam.mus,i0072,10:52,3,1,Diego
V1,2006,2006-11-13,opu.sul,p0037,NA,NA,10:07,3,0,Jimena
V4,2009,2009-12-02,opu.sul,p0037,NA,NA,12:34:00,2,0,Belen
V4,2009,2009-11-25,opu.sul,p0037,NA,NA,11:17:00,24,0,nachu
V4,2009,2009-12-11,opu.sul,p0037,bom.opi,i0002,10:17:00,3,2,Belen
V1,2011,2011-11-29,opu.sul,p0037,arh.bif,i0020,13:05,22,2,silvia
V4,2010,2010-12-10,opu.sul,p0037,NA,NA,8:56,1,0,silvia
V4,2009,2009-12-11,opu.sul,p0037,cen.lya,i0006,10:34:00,4,3,Belen
V1,2011,2011-11-18,opu.sul,p0037,arh.bif,i0020,13:28,2,1,silvia
V4,2008,2008-12-02,opu.sul,p0037,cen.lya,i0006,11:37:00,5,4,Nachu
V4,2007,2007-12-04,opu.sul,p0037,NA,NA,11:51,1,0,Nachu
V4,2008,2008-12-17,opu.sul,p0037,arh.bif,i0020,11:40:00,2,1,Nachu
V1,2010,2010-12-10,opu.sul,p0037,arh.bif,i0020,11:06,2,2,nachu
V1,2011,2011-11-18,opu.sul,p0037,arh.bif,i0020,13:28,2,2,silvia
V4,2009,2009-12-11,opu.sul,p0037,sva.zeb,i0110,11:46:00,3,1,Belen
V1,2006,2006-11-20,opu.sul,p0037,NA,NA,12:42,14,0,Erica
V1,2009,2009-11-25,opu.sul,p0037,arh.bif,i0020,12:22:00,5,5,Belen
V4,2009,2009-12-11,opu.sul,p0037,NA,NA,10:57:00,1,0,Belen
V1,2011,2011-11-22,opu.sul,p0037,dih.sp1,i0031,13:24,2,1,silvia
V1,2010,2010-12-10,opu.sul,p0037,arh.bif,i0020,12:22,2,1,silvia
V4,2011,2011-11-18,opu.sul,p0037,arh.bif,i0020,12:41,15,1,silvia
V4,2009,2009-11-23,opu.sul,p0037,NA,NA,10:19:00,28,0,rocio
V1,2011,2011-11-22,opu.sul,p0037,dih.sp1,i0031,13:24,2,1,silvia
V4,2011,2011-12-06,opu.sul,p0037,arh.bif,i0020,13:07:00,12,1,silvia
V4,2010,2010-12-17,opu.sul,p0037,lepid11,i0215,9:45:00,2,1,georgina
V4,2010,2010-12-10,opu.sul,p0037,cam.mus,i0072,9:49,2,1,silvia
V1,2006,2006-11-13,opu.sul,p0037,mut.sp1,i0032,10:30,15,1,Jimena
V4,2010,2010-12-17,opu.sul,p0037,NA,NA,9:33:00,3,0,silvia
V4,2008,2008-12-02,opu.sul,p0037,NA,NA,08:35:00,4,0,Nachu
V1,2010,2010-11-19,opu.sul,p0037,NA,NA,9:52,13,1,silvia
V1,2011,2011-11-22,opu.sul,p0037,dih.sp1,i0031,13:24,2,1,silvia
V4,2011,2011-11-18,opu.sul,p0037,lepid11,i0215,12:12,8,1,silvia
V4,2011,2011-12-20,opu.sul,p0037,arh.bif,i0020,13:02,1,1,silvia
V4,2007,2007-12-04,opu.sul,p0037,NA,NA,12:08,2,0,Erica
V4,2009,2009-11-18,opu.sul,p0037,arh.bif,i0020,13:28:00,16,2,Nachu
V4,2009,2009-11-11,opu.sul,p0037,arh.bif,i0020,12:30:00,1,1,Nachu
V1,2009,2009-11-11,opu.sul,p0037,NA,NA,09:15:00,1,0,Nachu
V4,2010,2010-12-10,opu.sul,p0037,NA,NA,9:01,2,0,nachu
V4,2008,2008-12-17,opu.sul,p0037,cam.mus,i0072,11:40:00,2,1,Nachu
V4,2006,2006-11-13,opu.sul,p0037,cam.mus,i0072,09:53,2,1,Beni
V1,2009,2009-11-30,opu.sul,p0037,orthop3,i0217,12:52:00,3,1,Rocio
V4,2010,2010-12-10,opu.sul,p0037,xyl.spl,i0094,9:49,2,1,silvia
V4,2009,2009-12-11,opu.sul,p0037,cen.lya,i0006,10:06:00,4,3,Belen
V4,2010,2010-12-17,opu.sul,p0037,cam.mus,i0072,9:40:00,2,1,silvia
V4,2011,2011-12-02,opu.sul,p0037,NA,NA,04:00,4,0,silvia
V4,2007,2007-11-27,opu.sul,p0037,dih.sp1,i0031,10:43,4,1,Nachu
V1,2008,2008-12-05,opu.sul,p0037,cen.bre,i0007,10:45:00,1,1,Nachu
V4,2010,2010-12-17,opu.sul,p0037,NA,NA,10:46,2,0,nachu
V2,2006,2006-11-13,opu.sul,p0037,NA,NA,13:25,17,0,Diego
V4,2009,2009-11-18,opu.sul,p0037,NA,NA,13:21:00,11,0,Rocio
V4,2011,2011-12-06,opu.sul,p0037,arh.bif,i0020,12:53:00,9,2,silvia
V2,2006,2006-11-13,opu.sul,p0037,NA,NA,08:58,1,0,Diego
V4,2010,2010-12-17,opu.sul,p0037,bom.opi,i0002,9:56,2,1,nachu
V4,2011,2011-12-20,opu.sul,p0037,arh.bif,i0020,13:02,1,1,silvia
V1,2009,2009-11-30,opu.sul,p0037,cen.bre,i0007,12:11:00,22,1,Nachu
V4,2011,2011-12-06,opu.sul,p0037,cen.bre,i0007,13:20:00,12,2,silvia
V4,2010,2010-12-17,opu.sul,p0037,sva.zeb,i0110,9:40:00,2,1,silvia
V4,2010,2010-12-10,opu.sul,p0037,aug.sp,i0228,9:17,1,1,silvia
V4,2011,2011-12-06,opu.sul,p0037,NA,NA,13:20:00,12,4,silvia
V4,2010,2010-12-10,opu.sul,p0037,cam.mus,i0072,9:36,1,1,silvia
V4,2007,2007-12-11,opu.sul,p0037,mes.jen,i0011,11:25,2,1,Nachu
V4,2008,2008-12-17,opu.sul,p0037,aug.sp,i0228,11:40:00,2,1,Nachu
V4,2007,2007-12-04,opu.sul,p0037,dih.sp1,i0031,12:13,2,1,Nachu
V1,2010,2010-11-19,opu.sul,p0037,NA,NA,9:40,2,0,silvia
V4,2009,2009-11-30,opu.sul,p0037,NA,NA,13:27:00,2,0,belen
V4,2009,2009-11-30,opu.sul,p0037,cam.mus,i0072,10:19:00,7,1,Rocio
V1,2011,2011-11-22,opu.sul,p0037,arh.bif,i0020,13:24,2,2,silvia
V4,2007,2007-11-27,opu.sul,p0037,dih.sp1,i0031,12:00,2,1,Nachu
V4,2008,2008-12-02,opu.sul,p0037,orthop1,i0080,09:54:00,5,1,Nachu
V4,2011,2011-12-13,opu.sul,p0037,bab.elo,i0075,09:47,4,1,silvia
V4,2007,2007-12-11,opu.sul,p0037,cos.chi,i0077,11:25,2,1,Nachu
V2,2006,2006-11-20,opu.sul,p0037,NA,NA,11:53,40,0,Jimena
V4,2011,2011-12-20,opu.sul,p0037,arh.bif,i0020,13:02,1,1,silvia
V4,2009,2009-12-02,opu.sul,p0037,cen.bre,i0007,11:08:00,4,1,Nachu
V1,2011,2011-11-29,opu.sul,p0037,arh.bif,i0020,13:05,22,4,silvia
V2,2006,2006-11-06,opu.sul,p0037,bom.opi,i0002,14:24,8,4,Diego
V1,2008,2008-11-21,opu.sul,p0037,arh.bif,i0020,12:49:00,1,1,Nachu
V4,2010,2010-12-10,opu.sul,p0037,cam.mus,i0072,9:36,1,1,silvia
V4,2011,2011-12-02,opu.sul,p0037,tri.lat,i0098,10:25,3,1,nachu
V1,2010,2010-12-10,opu.sul,p0037,arh.bif,i0020,12:22,2,1,silvia
V4,2008,2008-12-17,opu.sul,p0037,arh.bif,i0020,12:34:00,4,1,Nachu
V4,2007,2007-11-27,opu.sul,p0037,arh.bif,i0020,12:00,2,1,Nachu
V4,2008,2008-11-18,opu.sul,p0037,tri.lat,i0098,11:51:00,1,1,Nachu
V4,2011,2011-11-18,opu.sul,p0037,aca.arg,i0306,11:16,2,1,silvia
V4,2011,2011-11-18,opu.sul,p0037,arh.bif,i0020,12:41,15,1,silvia
V4,2010,2010-12-10,opu.sul,p0037,cam.mus,i0072,9:36,1,1,silvia
V1,2011,2011-11-25,opu.sul,p0037,aca.arg,i0306,12:48,1,1,silvia
V4,2009,2009-12-11,opu.sul,p0037,cen.lya,i0006,10:13:00,7,4,Belen
V4,2006,2006-11-20,opu.sul,p0037,NA,NA,10:54,18,0,Diego
V3,2006,2006-11-20,opu.sul,p0037,cam.mus,i0072,10:16,7,1,Beni
V1,2011,2011-11-22,opu.sul,p0037,dih.sp1,i0031,13:24,2,1,silvia
V4,2009,2009-11-11,opu.sul,p0037,arh.bif,i0020,12:12:00,1,1,Belen
V4,2006,2006-11-13,opu.sul,p0037,cam.mus,i0072,09:53,2,1,Beni
V4,2008,2008-12-12,opu.sul,p0037,arh.bif,i0020,12:02:00,3,1,Nachu
V4,2011,2011-12-20,opu.sul,p0037,arh.bif,i0020,13:02,1,1,silvia
V1,2009,2009-11-30,opu.sul,p0037,arh.bif,i0020,12:52:00,3,1,Rocio
V1,2009,2009-11-30,opu.sul,p0037,arh.bif,i0020,12:52:00,3,2,Rocio
V4,2009,2009-11-30,opu.sul,p0037,NA,NA,11:37:00,2,0,belen
V1,2009,2009-12-11,opu.sul,p0037,NA,NA,10:23:00,2,0,Rocio
V4,2008,2008-12-02,opu.sul,p0037,meg.C,i0140,12:12:00,8,1,Nachu
V1,2011,2011-12-20,opu.sul,p0037,meg.cte,i0015,09:23,6,1,silvia
V1,2010,2010-12-10,opu.sul,p0037,lepid11,i0215,11:03,1,1,silvia
V1,2009,2009-11-25,opu.sul,p0037,dia.sp1,i0073,12:22:00,5,1,Belen
V4,2011,2011-12-13,opu.sul,p0037,NA,NA,09:30,2,0,nachu
V4,2008,2008-12-12,opu.sul,p0037,bom.opi,i0002,09:07:00,3,3,Nachu
V4,2008,2008-12-02,opu.sul,p0037,orthop1,i0080,09:54:00,5,1,Nachu
V4,2008,2008-12-02,opu.sul,p0037,dia.pat,i0164,12:12:00,8,2,Nachu
V4,2008,2008-12-19,opu.sul,p0037,cen.bre,i0007,11:25:00,3,2,Nachu
V1,2010,2010-11-26,opu.sul,p0037,arh.bif,i0020,12:38:00,13,13,Nachu
V1,2011,2011-11-29,opu.sul,p0037,arh.bif,i0020,12:43,4,1,silvia
V4,2008,2008-12-12,opu.sul,p0037,bombil10,i0206,12:02:00,3,2,Nachu
V1,2011,2011-11-29,opu.sul,p0037,tri.lat,i0098,12:43,4,1,silvia
V2,2006,2006-11-06,opu.sul,p0037,NA,NA,12:47,5,0,Diego
V4,2011,2011-11-18,opu.sul,p0037,arh.bif,i0020,12:41,15,1,silvia
V4,2011,2011-11-25,opu.sul,p0037,dih.sp1,i0031,10:46,17,1,silvia
V4,2006,2006-11-13,opu.sul,p0037,bom.opi,i0002,12:22,6,1,Beni
V4,2009,2009-11-18,opu.sul,p0037,arh.bif,i0020,13:28:00,16,2,Nachu
V4,2006,2006-11-06,opu.sul,p0037,NA,NA,10:37,9,0,Nachu
V1,2009,2009-12-11,opu.sul,p0037,pse.sp,i0167,10:43:00,6,1,Rocio
V1,2009,2009-11-25,opu.sul,p0037,arh.bif,i0020,12:59:00,5,3,nachu
V4,2008,2008-12-02,opu.sul,p0037,xyl.ord,i0001,10:28:00,9,4,Nachu
V4,2009,2009-12-11,opu.sul,p0037,cen.lya,i0006,09:50:00,4,1,Belen
V1,2006,2006-11-13,opu.sul,p0037,NA,NA,11:17,18,0,Jimena
V4,2011,2011-12-20,opu.sul,p0037,NA,NA,11:31,1,1,silvia
V1,2006,2006-11-20,opu.sul,p0037,NA,NA,11:50,26,0,Erica
V1,2009,2009-11-23,opu.sul,p0037,bom.opi,i0002,11:13:00,15,7,rocio
V1,2011,2011-11-22,opu.sul,p0037,NA,NA,14:50,2,0,silvia
V4,2011,2011-11-25,opu.sul,p0037,coleop6,i0324,10:40,13,1,silvia
V4,2009,2009-12-02,opu.sul,p0037,NA,NA,10:01:00,8,0,Nachu
V4,2011,2011-12-06,opu.sul,p0037,NA,NA,13:20:00,12,6,silvia
V4,2011,2011-12-06,opu.sul,p0037,arh.bif,i0020,12:53:00,9,2,silvia
V1,2010,2010-12-03,opu.sul,p0037,acal.sp4,i0290,8:49,2,1,silvia
V4,2009,2009-12-11,opu.sul,p0037,dih.sp1,i0031,10:13:00,7,2,Belen
V4,2009,2009-12-02,opu.sul,p0037,bom.opi,i0002,11:00:00,9,2,Belen
V4,2007,2007-12-04,opu.sul,p0037,NA,NA,12:33,1,0,Nachu
V1,2011,2011-11-29,opu.sul,p0037,arh.bif,i0020,13:15,5,1,silvia
V4,2009,2009-11-30,opu.sul,p0037,dih.sp1,i0031,13:19:00,6,1,belen
V1,2010,2010-12-03,opu.sul,p0037,NA,NA,13:10,15,0,silvia
V1,2010,2010-12-03,opu.sul,p0037,arh.bif,i0020,13:10,15,1,silvia
V4,2011,2011-12-06,opu.sul,p0037,NA,NA,13:20:00,12,6,silvia
V1,2010,2010-12-03,opu.sul,p0037,NA,NA,12:55,7,1,silvia
V3,2006,2006-11-20,opu.sul,p0037,NA,NA,11:10,6,0,Beni
V1,2011,2011-11-29,opu.sul,p0037,arh.bif,i0020,13:05,22,1,silvia
V4,2011,2011-11-11,opu.sul,p0037,tri.lat,i0098,09:49,1,1,nachu
V4,2011,2011-12-20,opu.sul,p0037,arh.bif,i0020,13:02,1,1,silvia
V4,2011,2011-11-25,opu.sul,p0037,NA,NA,10:54,13,1,silvia
V1,2010,2010-11-10,opu.sul,p0037,arh.bif,i0020,13:25,2,1,silvia
V4,2011,2011-11-18,opu.sul,p0037,arh.bif,i0020,12:06,5,1,silvia
V3,2006,2006-11-13,opu.sul,p0037,NA,NA,09:35,3,0,Erica
V1,2011,2011-11-29,opu.sul,p0037,arh.bif,i0020,13:15,5,2,silvia
V4,2011,2011-11-25,opu.sul,p0037,dih.sp1,i0031,10:54,13,1,silvia
V4,2010,2010-12-17,opu.sul,p0037,NA,NA,9:50,2,0,silvia
V4,2009,2009-11-25,opu.sul,p0037,NA,NA,10:35:00,7,0,nachu
V1,2009,2009-11-25,opu.sul,p0037,cos.chi,i0077,12:59:00,5,2,nachu
V1,2010,2010-11-26,opu.sul,p0037,arh.bif,i0020,12:38:00,13,2,Nachu
V4,2011,2011-11-18,opu.sul,p0037,arh.bif,i0020,12:06,5,1,silvia
V4,2011,2011-11-11,opu.sul,p0037,NA,NA,09:56,1,0,silvia
V1,2010,2010-11-19,opu.sul,p0037,sphecid1,i0121,10:44,19,1,silvia
V4,2011,2011-11-04,opu.sul,p0037,tri.lat,i0098,13:18,2,2,nachu
V4,2006,2006-11-20,opu.sul,p0037,NA,NA,11:16,6,0,Diego
V4,2011,2011-12-02,opu.sul,p0037,NA,NA,10:01,6,0,nachu
V1,2006,2006-11-13,opu.sul,p0037,bom.opi,i0002,10:30,15,7,Jimena
V3,2006,2006-11-13,opu.sul,p0037,cam.mus,i0072,09:24,1,1,Erica
V4,2009,2009-12-02,opu.sul,p0037,NA,NA,10:05:00,1,0,Belen
V4,2011,2011-12-20,opu.sul,p0037,arh.bif,i0020,13:02,1,1,silvia
V4,2011,2011-11-18,opu.sul,p0037,arh.bif,i0020,12:12,8,1,silvia
V4,2011,2011-12-20,opu.sul,p0037,arh.bif,i0020,11:48,2,1,silvia
V1,2011,2011-11-29,opu.sul,p0037,tri.lat,i0098,13:05,22,1,silvia
V4,2008,2008-12-17,opu.sul,p0037,mes.jen,i0011,11:33:00,3,1,Nachu
V4,2008,2008-12-02,opu.sul,p0037,tri.lat,i0098,11:13:00,6,1,Nachu
V1,2009,2009-12-11,opu.sul,p0037,cen.bre,i0007,09:46:00,6,2,Rocio
V4,2011,2011-12-02,opu.sul,p0037,NA,NA,08:38,2,0,nachu
V4,2011,2011-11-11,opu.sul,p0037,NA,NA,10:57,1,0,silvia
V4,2011,2011-12-20,opu.sul,p0037,arh.bif,i0020,11:31,1,1,silvia
V4,2011,2011-12-20,opu.sul,p0037,arh.bif,i0020,11:31,1,1,silvia
V1,2010,2010-12-10,opu.sul,p0037,arh.bif,i0020,12:22,2,1,silvia
V1,2010,2010-12-03,opu.sul,p0037,NA,NA,11:20,5,0,silvia
V4,2007,2007-12-11,opu.sul,p0037,epi.sp,i0145,11:02,3,1,Nachu
V4,2007,2007-12-11,opu.sul,p0037,tri.lat,i0098,11:25,2,2,Nachu
V4,2007,2007-12-04,opu.sul,p0037,tri.lat,i0098,13:08,1,1,Nachu
V4,2011,2011-11-25,opu.sul,p0037,NA,NA,10:40,13,1,silvia
V1,2008,2008-12-05,opu.sul,p0037,cen.bre,i0007,10:45:00,1,1,Nachu
V1,2011,2011-11-22,opu.sul,p0037,arh.bif,i0020,13:24,2,1,silvia
V4,2010,2010-12-10,opu.sul,p0037,pse.sp,i0167,9:17,1,1,silvia
V4,2006,2006-11-13,opu.sul,p0037,NA,NA,11:07,2,0,Beni
V4,2009,2009-12-11,opu.sul,p0037,NA,NA,11:55:00,1,0,Belen
V4,2008,2008-12-02,opu.sul,p0037,NA,NA,08:48:00,6,0,Nachu
V4,2010,2010-12-10,opu.sul,p0037,cam.mus,i0072,9:36,1,1,silvia
V4,2008,2008-12-19,opu.sul,p0037,NA,NA,10:51:00,2,0,Nachu
V3,2006,2006-11-13,opu.sul,p0037,NA,NA,12:42,4,0,Erica
V4,2007,2007-12-11,opu.sul,p0037,mes.jen,i0011,11:25,2,1,Nachu
V4,2008,2008-12-17,opu.sul,p0037,NA,NA,11:21:00,1,0,Nachu
V4,2008,2008-12-12,opu.sul,p0037,cen.bre,i0007,11:36:00,5,1,Nachu
V1,2010,2010-12-10,opu.sul,p0037,arh.bif,i0020,11:03,1,1,silvia
V4,2011,2011-11-18,opu.sul,p0037,arh.bif,i0020,12:41,15,2,silvia
V4,2008,2008-12-12,opu.sul,p0037,orthop1,i0080,11:30:00,3,1,Nachu
V4,2009,2009-11-09,opu.sul,p0037,cam.mus,i0072,10:03:00,1,1,nachu
V4,2009,2009-11-30,opu.sul,p0037,NA,NA,12:09:00,1,0,belen
V4,2006,2006-11-06,opu.sul,p0037,api.mel,i0070,09:57,3,1,Nachu
V4,2011,NA,opu.sul,p0037,pse.sp,i0167,09:13,4,2,julian
V4,2011,2011-11-22,opu.sul,p0037,NA,NA,11:01,3,1,silvia
V1,2011,2011-11-25,opu.sul,p0037,aca.arg,i0306,12:48,1,1,silvia
V1,2009,2009-11-25,opu.sul,p0037,arh.bif,i0020,13:16:00,18,3,nachu
V2,2006,2006-11-13,opu.sul,p0037,NA,NA,11:56,19,0,Diego
V4,2011,2011-12-02,opu.sul,p0037,tri.lat,i0098,08:56,8,1,silvia
V4,2006,2006-11-20,opu.sul,p0037,bom.opi,i0002,09:31,3,1,Diego
V1,2010,2010-12-03,opu.sul,p0037,NA,NA,9:31,1,0,silvia
V4,2009,2009-12-11,opu.sul,p0037,bom.opi,i0002,11:46:00,3,1,Belen
V4,2007,2007-11-27,opu.sul,p0037,psa.ruf,i0023,11:18,3,1,Nachu
V4,2011,2011-11-22,opu.sul,p0037,dih.sp1,i0031,11:01,3,1,silvia
V4,2006,2006-11-13,opu.sul,p0037,NA,NA,11:32,1,0,Beni
V4,2009,2009-11-25,opu.sul,p0037,NA,NA,11:03:00,1,0,Belen
V4,2007,2007-11-27,opu.sul,p0037,cam.mus,i0072,10:43,4,1,Nachu
V4,2006,2006-11-13,opu.sul,p0037,cam.mus,i0072,11:12,8,1,Beni
V4,2009,2009-11-09,opu.sul,p0037,cam.mus,i0072,10:03:00,1,1,nachu
V4,2011,2011-12-20,opu.sul,p0037,arh.bif,i0020,12:18,1,1,silvia
V4,2008,2008-11-18,opu.sul,p0037,arh.bif,i0020,13:30:00,5,1,Nachu
V4,2006,2006-11-20,opu.sul,p0037,NA,NA,09:47,11,0,Diego
V4,2011,2011-11-25,opu.sul,p0037,aug.sp,i0228,10:40,13,1,silvia
V1,2011,2011-11-22,opu.sul,p0037,aug.sp,i0228,14:50,2,1,silvia
V4,2009,2009-12-11,opu.sul,p0037,sva.zeb,i0110,10:34:00,4,1,Belen
V1,2010,2010-11-10,opu.sul,p0037,arh.bif,i0020,12:52,12,3,silvia
V3,2006,2006-11-06,opu.sul,p0037,coc.sp1,i0074,11:17,4,1,Diego
V4,2011,2011-11-18,opu.sul,p0037,arh.bif,i0020,12:12,8,1,silvia
V1,2008,2008-12-05,opu.sul,p0037,cen.bre,i0007,11:12:00,2,1,Nachu
V4,2006,2006-11-06,opu.sul,p0037,bom.opi,i0002,11:34,14,2,Nachu
V4,2007,2007-12-11,opu.sul,p0037,tri.lat,i0098,11:25,2,1,Nachu
V4,2008,2008-12-12,opu.sul,p0037,arh.bif,i0020,11:30:00,3,1,Nachu
V4,2011,2011-12-20,opu.sul,p0037,cen.bre,i0007,13:02,1,1,silvia
V4,2006,2006-11-06,opu.sul,p0037,bom.opi,i0002,12:35,5,3,Nachu
V4,2011,2011-12-20,opu.sul,p0037,tri.lat,i0098,11:48,2,2,silvia
V4,2007,2007-11-27,opu.sul,p0037,arh.bif,i0020,10:43,4,1,Nachu
V1,2010,2010-12-10,opu.sul,p0037,tri.lat,i0098,11:15,2,1,nachu
V4,2011,2011-11-18,opu.sul,p0037,arh.bif,i0020,12:41,15,2,silvia
V1,2008,2008-12-05,opu.sul,p0037,cen.bre,i0007,12:11:00,6,4,Nachu
V1,2009,2009-11-11,opu.sul,p0037,tri.lat,i0098,10:24:00,4,1,Belen
V4,2011,2011-11-18,opu.sul,p0037,arh.bif,i0020,11:26,8,1,silvia
V4,2011,2011-12-20,opu.sul,p0037,arh.bif,i0020,13:02,1,1,silvia
V1,2010,2010-12-10,opu.sul,p0037,tri.lat,i0098,11:06,2,1,nachu
V4,2008,2008-12-02,opu.sul,p0037,tri.lat,i0098,12:12:00,8,1,Nachu
V4,2011,2011-11-04,opu.sul,p0037,pir.com,i0132,13:18,2,2,nachu
V4,2010,2010-11-19,opu.sul,p0037,NA,NA,12:43,28,0,silvia
V1,2011,2011-11-22,opu.sul,p0037,arh.bif,i0020,14:50,2,1,silvia
V4,2011,2011-11-18,opu.sul,p0037,coleop5,i0323,12:41,15,1,silvia
V4,2009,2009-11-30,opu.sul,p0037,NA,NA,10:10:00,1,0,belen
V1,2011,2011-12-13,opu.sul,p0037,arh.bif,i0020,12:48,1,1,nachu
V4,2009,2009-12-11,opu.sul,p0037,arh.bif,i0020,13:02:00,1,1,Belen
V2,2006,2006-11-20,opu.sul,p0037,NA,NA,11:25,11,0,Jimena
V4,2010,2010-12-17,opu.sul,p0037,tri.lat,i0098,9:40:00,2,1,silvia
V4,2006,2006-11-20,opu.sul,p0037,NA,NA,10:09,14,0,Diego
V4,2011,2011-11-18,opu.sul,p0037,arh.bif,i0020,12:12,8,1,silvia
V4,2009,2009-12-11,opu.sul,p0037,dih.sp1,i0031,13:02:00,1,1,Belen
V4,2011,2011-12-13,opu.sul,p0037,tri.lat,i0098,10:48,1,1,silvia
V3,2006,2006-11-20,opu.sul,p0037,NA,NA,10:34,6,0,Beni
V1,2006,2006-11-20,opu.sul,p0037,NA,NA,09:05,1,0,Erica
V4,2007,2007-12-04,opu.sul,p0037,tri.lat,i0098,11:02,2,2,Erica
V1,2009,2009-12-11,opu.sul,p0037,cen.bre,i0007,09:46:00,6,2,Rocio
V4,2011,2011-11-18,opu.sul,p0037,arh.bif,i0020,11:26,8,1,silvia
V4,2009,2009-12-11,opu.sul,p0037,NA,NA,12:20:00,2,0,Belen
V4,2008,2008-12-17,opu.sul,p0037,NA,NA,11:15:00,1,0,Nachu
V4,2011,2011-12-13,opu.sul,p0037,NA,NA,10:48,1,0,silvia
V4,2009,2009-12-11,opu.sul,p0037,bom.opi,i0002,12:13:00,4,2,Belen
V2,2006,2006-10-30,opu.sul,p0037,NA,NA,09:02,1,0,Diego
V4,2008,2008-12-02,opu.sul,p0037,tri.lat,i0098,11:13:00,6,1,Nachu
V4,2006,2006-11-13,opu.sul,p0037,cam.mus,i0072,09:46,4,1,Beni
V1,2011,2011-11-18,opu.sul,p0037,arh.bif,i0020,13:28,2,1,silvia
V4,2010,2010-12-10,opu.sul,p0037,bab.elo,i0075,9:49,2,1,silvia
V4,2009,2009-11-25,opu.sul,p0037,NA,NA,10:39:00,2,0,Belen
V4,2011,2011-11-22,opu.sul,p0037,dih.sp1,i0031,11:10,1,1,silvia
V1,2009,2009-11-25,opu.sul,p0037,cos.chi,i0077,12:36:00,8,2,Belen
V4,2006,2006-11-20,opu.sul,p0037,NA,NA,11:56,10,0,Diego
V4,2009,2009-11-09,opu.sul,p0037,cam.mus,i0072,10:03:00,1,1,nachu
V4,2011,2011-12-02,opu.sul,p0037,tri.lat,i0098,08:56,8,1,silvia
V4,2009,2009-12-02,opu.sul,p0037,bom.opi,i0002,09:37:00,6,1,Belen
V4,2006,2006-11-20,opu.sul,p0037,NA,NA,12:15,14,0,Diego
V3,2006,2006-11-20,opu.sul,p0037,NA,NA,13:25,2,0,Beni
V4,2010,2010-12-17,opu.sul,p0037,tri.lat,i0098,9:40:00,2,1,silvia
V4,2011,2011-11-22,opu.sul,p0037,tri.lat,i0098,11:01,3,3,silvia
V4,2011,2011-11-18,opu.sul,p0037,arh.bif,i0020,12:41,15,1,silvia
V1,2008,2008-11-21,opu.sul,p0037,dih.sp1,i0031,12:15:00,1,1,Nachu
V1,2006,2006-11-20,opu.sul,p0037,cam.mus,i0072,11:46,2,2,Erica
V1,2008,2008-11-21,opu.sul,p0037,NA,NA,11:13:00,1,0,Nachu
V1,2008,2008-11-21,opu.sul,p0037,dih.sp1,i0031,11:35:00,1,1,Nachu
V4,2010,2010-12-17,opu.sul,p0037,bom.opi,i0002,9:49,1,1,nachu
V4,2011,2011-11-18,opu.sul,p0037,arh.bif,i0020,12:41,15,2,silvia
V1,2009,2009-11-18,opu.sul,p0037,NA,NA,10:22:00,13,0,Nachu
V4,2009,2009-12-11,opu.sul,p0037,bom.opi,i0002,11:22:00,3,2,Belen
V4,2008,2008-12-17,opu.sul,p0037,cen.bre,i0007,11:33:00,3,2,Nachu
V4,2011,2011-12-02,opu.sul,p0037,tri.lat,i0098,08:45,8,1,nachu
V4,2006,2006-11-20,opu.sul,p0037,NA,NA,09:25,58,0,Diego
V4,2009,2009-11-30,opu.sul,p0037,NA,NA,11:11:00,1,0,belen
V4,2009,2009-11-30,opu.sul,p0037,NA,NA,10:41:00,2,0,belen
V4,2010,2010-12-10,opu.sul,p0037,bom.opi,i0002,9:17,1,1,silvia
V1,2010,2010-11-26,opu.sul,p0037,arh.bif,i0020,12:58:00,7,2,Nachu
V1,2009,2009-12-11,opu.sul,p0037,cam.pun,i0128,10:43:00,6,1,Rocio
V4,2006,2006-11-06,opu.sul,p0037,NA,NA,09:36,2,0,Nachu
V3,2006,2006-11-13,opu.sul,p0037,cam.mus,i0072,09:29,3,1,Erica
V4,2011,2011-12-06,opu.sul,p0037,dih.sp1,i0031,13:07:00,12,1,silvia
V1,2009,2009-11-11,pro.fle,p0038,sph.sp3,i0256,09:44:00,1000,50,Belen
V1,2007,2007-11-20,pro.fle,p0038,cop.ari,i0044,15:41,60,3,Nachu
V3,2006,2006-11-13,pro.fle,p0038,api.mel,i0070,13:37,30,5,Erica
V1,2009,2009-11-05,pro.fle,p0038,api.mel,i0070,12:31:00,10000,20,Nachu
V3,2006,2006-11-13,pro.fle,p0038,api.mel,i0070,10:51,300,5,Erica
V1,2009,2009-11-30,pro.fle,p0038,col.cog,i0169,13:13:00,120000,10,Nachu
V1,2009,2009-11-05,pro.fle,p0038,api.mel,i0070,12:31:00,10000,5,Nachu
V1,2009,2009-11-18,pro.fle,p0038,api.mel,i0070,11:35:00,32000,20,Nachu
V1,2010,2010-11-19,pro.fle,p0038,cop.ari,i0044,9:09,4000,50,silvia
V1,2010,2010-12-03,pro.fle,p0038,cop.ari,i0044,7:50,500,10,silvia
V1,2009,2009-11-18,pro.fle,p0038,bom.opi,i0002,10:58:00,9000,50,Nachu
V1,2010,2010-12-03,pro.fle,p0038,cop.ari,i0044,8:00,6000,4,silvia
V1,2010,2010-12-10,pro.fle,p0038,cop.sp2,i0052,11:41,1000,5,nachu
V3,2006,2006-11-20,pro.fle,p0038,api.mel,i0070,13:55,60,2,Beni
V1,2008,2008-12-05,pro.fle,p0038,aug.sp,i0228,11:34:00,18,1,Nachu
V3,2006,2006-11-06,pro.fle,p0038,api.mel,i0070,10:37,400,1,Diego
V1,2009,2009-11-05,pro.fle,p0038,cop.sp2,i0052,12:07:00,3000,2,Belen
V3,2006,2006-11-06,pro.fle,p0038,api.mel,i0070,11:49,15,1,Diego
V1,2008,2008-11-11,pro.fle,p0038,exo.sp1,i0068,11:07:00,38,1,Nachu
V4,2010,2010-11-19,pro.fle,p0038,cop.ari,i0044,14:24,6000,100,silvia
V1,2010,2010-12-10,pro.fle,p0038,cop.sp2,i0052,11:41,1000,1,nachu
V1,2009,2009-11-25,pro.fle,p0038,cos.chi,i0077,12:50:00,80000,40,nachu
V1,2010,2010-11-19,pro.fle,p0038,cam.mus,i0072,8:02,3800,1,silvia
V1,2011,2011-11-08,pro.fle,p0038,exo.sp1,i0068,12:10,1000,6,enzo
V3,2006,2006-11-20,pro.fle,p0038,api.mel,i0070,11:19,60,3,Beni
V2,2006,2006-11-13,pro.fle,p0038,com.ful,i0059,09:23,60,1,Diego
V4,2010,2010-11-19,pro.fle,p0038,cop.ari,i0044,14:24,6000,100,silvia
V1,2008,2008-11-04,pro.fle,p0038,cop.ari,i0044,13:05:00,6000,2,Nachu
V4,2011,2011-11-11,pro.fle,p0038,cop.ari,i0044,12:28,1000,12,enzo
V1,2011,2011-12-13,pro.fle,p0038,tac.sp1,i0038,12:07,2800,70,nachu
V1,2010,2010-11-19,pro.fle,p0038,NA,NA,9:09,4000,2,silvia
V4,2008,2008-12-12,pro.fle,p0038,dih.sp1,i0031,11:55:00,4,1,Nachu
V1,2010,2010-12-10,pro.fle,p0038,cam.pun,i0128,11:51,270,1,silvia
V4,2009,2009-12-02,pro.fle,p0038,api.mel,i0070,11:01:00,2400,40,Nachu
V1,2010,2010-11-05,pro.fle,p0038,cop.ari,i0044,8:10,800,50,silvia
V1,2008,2008-11-11,pro.fle,p0038,exo.sp1,i0068,11:58:00,20,1,Nachu
V1,2010,2010-11-10,pro.fle,p0038,exo.sp1,i0068,13:45,6000,1,silvia
V1,2007,2007-11-15,pro.fle,p0038,cop.ari,i0044,11:31,100,1,Nachu
V1,2011,2011-11-01,pro.fle,p0038,amm.sp1,i0126,12:10,500,1,enzo
V2,2006,2006-11-13,pro.fle,p0038,api.mel,i0070,11:26,40,1,Diego
V1,2008,2008-11-04,pro.fle,p0038,exo.sp1,i0068,13:05:00,6000,2,Nachu
V2,2006,2006-10-30,pro.fle,p0038,cop.ari,i0044,11:37,50,1,Diego
V1,2009,2009-11-30,pro.fle,p0038,api.mel,i0070,13:00:00,60000,3,Nachu
V1,2008,2008-11-04,pro.fle,p0038,cop.sp2,i0052,13:05:00,6000,1,Nachu
V1,2009,2009-11-25,pro.fle,p0038,api.mel,i0070,12:48:00,4000,60,Belen
V1,2009,2009-12-02,pro.fle,p0038,str.eur,i0131,12:20:00,100000,10,Nachu
V3,2006,2006-11-13,pro.fle,p0038,NA,NA,10:39,18,0,Erica
V1,2009,2009-11-11,pro.fle,p0038,cop.ari,i0044,10:25:00,5000,10,Nachu
V1,2007,2007-11-13,pro.fle,p0038,exo.sp1,i0068,15:00,20,2,Nachu
V1,2007,2007-11-15,pro.fle,p0038,cop.sp2,i0052,12:29,45,1,Nachu
V1,2011,2011-12-13,pro.fle,p0038,lepid11,i0215,12:31,400,3,silvia
V4,2010,2010-11-19,pro.fle,p0038,bombil11,i0207,12:04,0,4,silvia
V1,2009,2009-11-30,pro.fle,p0038,cop.ari,i0044,12:50:00,24000,2,Nachu
V4,2010,2010-11-19,pro.fle,p0038,cop.ari,i0044,14:24,6000,100,silvia
V1,2010,2010-12-10,pro.fle,p0038,tac.sp1,i0038,11:23,60000,1,nachu
V2,2006,2006-11-06,pro.fle,p0038,cop.ari,i0044,15:06,60,1,Diego
V2,2006,2006-11-13,pro.fle,p0038,api.mel,i0070,11:26,40,1,Diego
V1,2007,2007-11-20,pro.fle,p0038,exo.sp1,i0068,15:41,60,1,Nachu
V2,2006,2006-11-20,pro.fle,p0038,cop.ari,i0044,11:35,30,4,Jimena
V1,2010,2010-12-10,pro.fle,p0038,NA,NA,11:51,270,1,silvia
V1,2011,2011-11-01,pro.fle,p0038,aug.sp,i0228,12:10,500,2,enzo
V1,2007,2007-11-15,pro.fle,p0038,exo.sp1,i0068,12:16,10,1,Nachu
V1,2010,2010-12-17,pro.fle,p0038,aug.sp,i0228,8:40,0,20,silvia
V1,2008,2008-11-21,pro.fle,p0038,tac.sp10,i0191,11:55:00,200,1,Nachu
V1,2007,2007-11-15,pro.fle,p0038,cop.ari,i0044,11:31,100,1,Nachu
V1,2009,2009-11-30,pro.fle,p0038,col.cog,i0169,13:13:00,120000,10,Nachu
V1,2007,2007-11-15,pro.fle,p0038,exo.sp1,i0068,12:16,10,1,Nachu
V1,2010,2010-12-10,pro.fle,p0038,cop.sp2,i0052,11:41,1000,1,nachu
V1,2011,2011-11-04,pro.fle,p0038,tac.sp10,i0191,09:37,500,4,enzo
V1,2009,2009-11-05,pro.fle,p0038,api.mel,i0070,12:31:00,10000,5,Nachu
V2,2006,2006-11-13,pro.fle,p0038,cop.ari,i0044,11:43,150,2,Diego
V1,2011,2011-11-01,pro.fle,p0038,exo.sp1,i0068,12:10,500,2,enzo
V1,2008,2008-11-21,pro.fle,p0038,exo.sp1,i0068,11:55:00,200,1,Nachu
V1,2009,2009-11-25,pro.fle,p0038,api.mel,i0070,13:41:00,4800,20,nachu
V3,2006,2006-11-20,pro.fle,p0038,cop.ari,i0044,11:19,60,1,Beni
V1,2009,2009-11-11,pro.fle,p0038,api.mel,i0070,09:44:00,1000,5,Belen
V4,2009,2009-11-30,pro.fle,p0038,api.mel,i0070,10:29:00,1000,10,Rocio
V1,2009,2009-11-11,pro.fle,p0038,api.mel,i0070,10:25:00,5000,30,Nachu
V1,2009,2009-11-18,pro.fle,p0038,api.mel,i0070,10:58:00,9000,10,Nachu
V1,2007,2007-11-08,pro.fle,p0038,exo.sp1,i0068,14:30,20,1,Nachu
V4,2010,2010-11-19,pro.fle,p0038,cop.sp2,i0052,14:24,6000,50,silvia
V1,2007,2007-11-20,pro.fle,p0038,cop.ari,i0044,15:41,60,2,Nachu
V1,2006,2006-11-20,pro.fle,p0038,cop.ari,i0044,11:40,15,8,Erica
V3,2006,2006-11-13,pro.fle,p0038,api.mel,i0070,12:20,500,1,Erica
V1,2009,2009-11-25,pro.fle,p0038,api.mel,i0070,12:50:00,80000,40,nachu
V2,2006,2006-10-30,pro.fle,p0038,cop.ari,i0044,11:37,50,1,Diego
V1,2009,2009-11-18,pro.fle,p0038,api.mel,i0070,10:45:00,20000,20,Rocio
V1,2008,2008-11-21,pro.fle,p0038,aug.sp,i0228,11:20:00,60,1,Nachu
V1,2007,2007-11-13,pro.fle,p0038,exo.sp1,i0068,15:00,20,1,Nachu
V2,2006,2006-11-20,pro.fle,p0038,cop.ari,i0044,12:21,60,4,Jimena
V4,2010,2010-11-19,pro.fle,p0038,cop.ari,i0044,14:24,6000,100,silvia
V1,2009,2009-11-30,pro.fle,p0038,aud.sp,i0178,13:13:00,120000,10,Nachu
V1,2011,2011-12-02,pro.fle,p0038,NA,NA,12:37,1400,5,nachu
V1,2010,2010-11-19,pro.fle,p0038,cop.ari,i0044,8:02,3800,100,silvia
V3,2006,2006-11-13,pro.fle,p0038,NA,NA,11:51,3,0,Erica
V1,2007,2007-11-15,pro.fle,p0038,com.ful,i0059,11:31,100,1,Nachu
V3,2006,2006-11-20,pro.fle,p0038,api.mel,i0070,13:55,60,3,Beni
V1,2011,2011-11-04,pro.fle,p0038,cop.sp2,i0052,09:37,500,5,enzo
V1,2008,2008-11-11,pro.fle,p0038,exo.sp1,i0068,11:58:00,20,1,Nachu
V4,2006,2006-11-20,pro.fle,p0038,NA,NA,12:09,4,0,Diego
V1,2010,2010-12-10,pro.fle,p0038,tac.sp1,i0038,11:23,60000,1,nachu
V1,2011,2011-11-08,pro.fle,p0038,cop.ari,i0044,12:10,1000,10,enzo
V1,2010,2010-11-19,pro.fle,p0038,cop.ari,i0044,9:09,4000,1,silvia
V1,2010,2010-11-26,pro.fle,p0038,cop.ari,i0044,11:45:00,10000,20,Nachu
V1,2010,2010-12-10,pro.fle,p0038,tac.sp1,i0038,11:41,1000,1,nachu
V1,2010,2010-11-05,pro.fle,p0038,cop.ari,i0044,8:10,800,3,silvia
V1,2009,2009-12-02,pro.fle,p0038,str.eur,i0131,12:20:00,100000,10,Nachu
V1,2010,2010-11-26,pro.fle,p0038,bombil9,i0183,12:38:00,14000,5,Nachu
V1,2009,2009-11-30,pro.fle,p0038,api.mel,i0070,13:00:00,60000,2,Nachu
V1,2009,2009-11-30,pro.fle,p0038,api.mel,i0070,13:00:00,60000,1,Nachu
V3,2006,2006-11-06,pro.fle,p0038,bab.elo,i0075,10:37,400,1,Diego
V1,2008,2008-11-11,pro.fle,p0038,bab.elo,i0075,09:39:00,40,1,Nachu
V3,2006,2006-11-13,pro.fle,p0038,api.mel,i0070,12:20,500,3,Erica
V1,2009,2009-12-02,pro.fle,p0038,zet.sp1,i0037,12:20:00,100000,10,Nachu
V3,2006,2006-11-13,pro.fle,p0038,api.mel,i0070,13:37,30,4,Erica
V1,2008,2008-11-04,pro.fle,p0038,exo.sp1,i0068,13:05:00,6000,2,Nachu
V1,2010,2010-12-10,pro.fle,p0038,aug.sp,i0228,11:51,270,1,silvia
V1,2008,2008-11-11,pro.fle,p0038,com.ful,i0059,11:07:00,38,3,Nachu
V4,2010,2010-11-26,pro.fle,p0038,NA,NA,8:17:00,4500,0,Nachu
V1,2009,2009-12-02,pro.fle,p0038,cos.chi,i0077,12:20:00,100000,10,Nachu
V1,2009,2009-11-30,pro.fle,p0038,aug.sp,i0228,13:13:00,120000,10,Nachu
V1,2008,2008-11-21,pro.fle,p0038,cop.sp2,i0052,11:20:00,60,1,Nachu
V2,2006,2006-11-20,pro.fle,p0038,NA,NA,12:48,30,0,Jimena
V1,2010,2010-11-05,pro.fle,p0038,cop.ari,i0044,8:10,800,30,silvia
V4,2011,2011-11-11,pro.fle,p0038,cop.ari,i0044,12:28,1000,5,enzo
V2,2006,2006-11-20,pro.fle,p0038,api.mel,i0070,12:21,60,5,Jimena
V1,2010,2010-11-05,pro.fle,p0038,cop.ari,i0044,8:10,800,10,silvia
V1,2008,2008-11-04,pro.fle,p0038,exo.sp1,i0068,13:05:00,6000,1,Nachu
V1,2008,2008-11-11,pro.fle,p0038,exo.sp1,i0068,09:39:00,40,1,Nachu
V2,2006,2006-11-13,pro.fle,p0038,api.mel,i0070,11:43,150,1,Diego
V4,2010,2010-11-19,pro.fle,p0038,NA,NA,14:24,6000,20,silvia
V2,2006,2006-11-06,pro.fle,p0038,cop.ari,i0044,15:06,60,1,Diego
V1,2007,2007-11-20,pro.fle,p0038,api.mel,i0070,14:17,30,3,Nachu
V1,2007,2007-11-13,pro.fle,p0038,bab.elo,i0075,15:14,12,1,Nachu
V1,2009,2009-11-25,pro.fle,p0038,api.mel,i0070,12:50:00,80000,40,nachu
V3,2006,2006-11-20,pro.fle,p0038,cop.ari,i0044,07:17,25,1,Beni
V1,2007,2007-11-20,pro.fle,p0038,col.bre,i0019,14:17,30,1,Nachu
V1,2007,2007-11-20,pro.fle,p0038,exo.sp1,i0068,14:17,30,2,Nachu
V2,2006,2006-11-13,pro.fle,p0038,api.mel,i0070,09:23,60,3,Diego
V1,2010,2010-12-10,pro.fle,p0038,api.mel,i0070,11:23,60000,1,nachu
V2,2006,2006-11-20,pro.fle,p0038,cop.ari,i0044,12:21,60,1,Jimena
V4,2009,2009-12-11,pro.fle,p0038,aug.sp,i0228,10:22:00,640,40,Belen
V4,2009,2009-11-30,pro.fle,p0038,vill.sp1,i0114,10:29:00,1000,10,Rocio
V4,2011,2011-12-13,pro.fle,p0038,coe.sp7,i0313,10:14,4500,20,nachu
V3,2006,2006-11-13,pro.fle,p0038,api.mel,i0070,12:20,500,5,Erica
V4,2009,2009-11-25,pro.fle,p0038,cop.ari,i0044,10:59:00,10000,6,nachu
V2,2006,2006-11-13,pro.fle,p0038,api.mel,i0070,11:26,40,1,Diego
V1,2008,2008-11-04,pro.fle,p0038,exo.sp1,i0068,13:05:00,6000,1,Nachu
V1,2007,2007-11-20,pro.fle,p0038,exo.sp1,i0068,15:41,60,3,Nachu
V1,2010,2010-12-10,pro.fle,p0038,sphecid1,i0121,11:23,60000,1,nachu
V1,2010,2010-12-10,pro.fle,p0038,cop.sp2,i0052,11:23,60000,10,nachu
V1,2010,2010-12-03,pro.fle,p0038,bombil8,i0085,8:00,6000,3,silvia
V1,2009,2009-11-25,pro.fle,p0038,amm.sp1,i0126,12:04:00,2000,3,Belen
V1,2006,2006-11-13,pro.fle,p0038,cen.bre,i0007,11:09,10,1,Jimena
V1,2007,2007-11-15,pro.fle,p0038,col.pet,i0104,11:31,100,2,Nachu
V3,2006,2006-11-20,pro.fle,p0038,api.mel,i0070,11:35,30,3,Beni
V2,2006,2006-11-13,pro.fle,p0038,cop.ari,i0044,09:23,60,3,Diego
V1,2006,2006-11-20,pro.fle,p0038,cop.ari,i0044,11:55,20,10,Erica
V1,2010,2010-11-26,pro.fle,p0038,cop.ari,i0044,11:45:00,10000,10,Nachu
V1,2010,2010-12-17,pro.fle,p0038,bombil8,i0085,8:40,0,1,silvia
V1,2010,2010-11-26,pro.fle,p0038,bombil9,i0183,12:38:00,14000,5,Nachu
V1,2010,2010-11-26,pro.fle,p0038,api.mel,i0070,12:38:00,14000,20,Nachu
V1,2011,2011-11-01,pro.fle,p0038,aug.sp,i0228,12:10,500,1,enzo
V1,2007,2007-11-15,pro.fle,p0038,cop.sp2,i0052,11:31,100,1,Nachu
V4,2010,2010-11-19,pro.fle,p0038,cop.ari,i0044,14:24,6000,100,silvia
V1,2009,2009-11-25,pro.fle,p0038,exo.sp1,i0068,12:50:00,80000,20,nachu
V1,2009,2009-11-25,pro.fle,p0038,NA,NA,13:05:00,8000,0,nachu
V1,2010,2010-12-17,pro.fle,p0038,cop.ari,i0044,7:30,200,5,silvia
V2,2006,2006-10-30,pro.fle,p0038,cop.ari,i0044,11:17,60,1,Diego
V1,2009,2009-11-11,pro.fle,p0038,cop.ari,i0044,09:55:00,2000,10,Belen
V1,2011,2011-12-02,pro.fle,p0038,bombil11,i0207,12:22,1500,3,nachu
V1,2010,2010-12-10,pro.fle,p0038,cos.chi,i0077,11:23,60000,1,nachu
V3,2006,2006-11-13,pro.fle,p0038,api.mel,i0070,10:51,300,4,Erica
V1,2009,2009-11-30,pro.fle,p0038,exo.sp1,i0068,13:00:00,60000,2,Nachu
V1,2011,2011-11-04,pro.fle,p0038,aug.sp,i0228,09:37,500,2,enzo
V1,2007,2007-11-20,pro.fle,p0038,cop.sp2,i0052,15:11,20,2,Nachu
V2,2006,2006-11-13,pro.fle,p0038,api.mel,i0070,11:43,150,1,Diego
V1,2008,2008-11-11,pro.fle,p0038,exo.sp1,i0068,11:07:00,38,1,Nachu
V1,2010,2010-12-03,pro.fle,p0038,cop.ari,i0044,8:00,6000,1,silvia
V1,2010,2010-12-03,pro.fle,p0038,cop.sp2,i0052,8:00,6000,1,silvia
V1,2010,2010-12-10,pro.fle,p0038,str.eur,i0131,11:37,300,1,silvia
V1,2010,2010-11-10,pro.fle,p0038,str.eur,i0131,13:45,6000,1,silvia
V1,2010,2010-11-19,pro.fle,p0038,cop.ari,i0044,8:02,3800,1,silvia
V1,2008,2008-11-11,pro.fle,p0038,exo.sp1,i0068,11:07:00,38,1,Nachu
V1,2009,2009-12-11,pro.fle,p0038,tep.sp2,i0247,10:02:00,1500,1,Rocio
V1,2007,2007-11-15,pro.fle,p0038,cop.sp2,i0052,11:31,100,1,Nachu
V3,2006,2006-11-13,pro.fle,p0038,NA,NA,11:00,15,0,Erica
V1,2008,2008-11-21,pro.fle,p0038,sphecid1,i0121,11:20:00,60,3,Nachu
V2,2006,2006-11-13,pro.fle,p0038,api.mel,i0070,12:21,50,1,Diego
V4,2011,2011-11-18,pro.fle,p0038,cop.ari,i0044,12:32,300,1,silvia
V1,2009,2009-11-18,pro.fle,p0038,lepid11,i0215,11:35:00,32000,20,Nachu
V1,2010,2010-12-10,pro.fle,p0038,cam.pun,i0128,11:51,270,1,silvia
V3,2006,2006-11-20,pro.fle,p0038,cop.ari,i0044,11:19,60,2,Beni
V1,2010,2010-12-10,pro.fle,p0038,lepid11,i0215,11:41,1000,1,nachu
V2,2006,2006-11-20,pro.fle,p0038,api.mel,i0070,12:21,60,6,Jimena
V4,2009,2009-11-25,pro.fle,p0038,meg.C,i0140,10:12:00,24000,40,nachu
V1,2010,2010-12-10,pro.fle,p0038,tac.sp1,i0038,11:23,60000,1,nachu
V1,2009,2009-11-25,pro.fle,p0038,api.mel,i0070,12:50:00,80000,20,nachu
V1,2006,2006-11-20,pro.fle,p0038,cop.ari,i0044,13:35,20,2,Erica
V1,2009,2009-11-11,pro.fle,p0038,api.mel,i0070,09:55:00,2000,5,Belen
V1,2006,2006-11-20,pro.fle,p0038,api.mel,i0070,11:55,20,1,Erica
V4,2010,2010-11-19,pro.fle,p0038,cop.ari,i0044,14:24,6000,100,silvia
V1,2010,2010-11-26,pro.fle,p0038,col.pet,i0104,11:31:00,13200,5,Nachu
V2,2006,2006-11-20,pro.fle,p0038,api.mel,i0070,12:31,20,1,Jimena
V1,2009,2009-11-25,pro.fle,p0038,exo.sp1,i0068,12:42:00,2000,5,Belen
V1,2009,2009-11-05,pro.fle,p0038,cop.sp2,i0052,10:41:00,3600,20,Nachu
V1,2007,2007-11-15,pro.fle,p0038,exo.sp1,i0068,11:31,100,1,Nachu
V1,2009,2009-11-30,pro.fle,p0038,api.mel,i0070,12:27:00,1000,10,Rocio
V2,2006,2006-11-06,pro.fle,p0038,api.mel,i0070,14:07,60,4,Diego
V1,2006,2006-11-20,pro.fle,p0038,api.mel,i0070,11:55,20,7,Erica
V1,2010,2010-12-03,pro.fle,p0038,cop.ari,i0044,7:50,500,7,silvia
V1,2009,2009-12-02,pro.fle,p0038,aug.sp,i0228,12:20:00,100000,10,Nachu
V1,2010,2010-11-10,pro.fle,p0038,exo.sp1,i0068,13:45,6000,10,silvia
V4,2010,2010-11-19,pro.fle,p0038,cop.sp2,i0052,14:24,6000,50,silvia
V1,2008,2008-11-21,pro.fle,p0038,tac.sp10,i0191,11:20:00,60,3,Nachu
V1,2007,2007-11-15,pro.fle,p0038,exo.sp1,i0068,12:16,10,6,Nachu
V1,2010,2010-12-03,pro.fle,p0038,cop.ari,i0044,8:00,6000,1,silvia
V1,2009,2009-11-30,pro.fle,p0038,api.mel,i0070,13:13:00,120000,10,Nachu
V1,2007,2007-11-15,pro.fle,p0038,exo.sp1,i0068,12:16,10,1,Nachu
V1,2008,2008-11-04,pro.fle,p0038,amm.sp1,i0126,11:39:00,1200,2,Nachu
V1,2010,2010-12-03,pro.fle,p0038,syr.sp1,i0045,8:00,6000,1,silvia
V1,2009,2009-11-25,pro.fle,p0038,exo.sp1,i0068,12:04:00,2000,5,Belen
V2,2006,2006-11-20,pro.fle,p0038,cop.ari,i0044,12:21,60,4,Jimena
V1,2010,2010-11-19,pro.fle,p0038,NA,NA,9:09,4000,0,silvia
V4,2011,2011-11-18,pro.fle,p0038,cop.ari,i0044,12:32,300,1,silvia
V3,2006,2006-11-20,pro.fle,p0038,cop.ari,i0044,11:35,30,3,Beni
V1,2010,2010-11-10,pro.fle,p0038,api.mel,i0070,13:45,6000,150,silvia
V1,2011,2011-11-01,pro.fle,p0038,exo.sp1,i0068,12:10,500,2,enzo
V2,2006,2006-11-06,pro.fle,p0038,api.mel,i0070,15:06,60,1,Diego
V1,2010,2010-12-10,pro.fle,p0038,cop.ari,i0044,11:23,60000,1,nachu
V1,2010,2010-12-10,pro.fle,p0038,cop.ari,i0044,11:41,1000,1,nachu
V1,2007,2007-11-15,pro.fle,p0038,cop.ari,i0044,11:31,100,1,Nachu
V4,2011,2011-11-18,pro.fle,p0038,cop.ari,i0044,12:32,300,1,silvia
V1,2010,2010-12-10,pro.fle,p0038,cop.ari,i0044,11:41,1000,10,nachu
V1,2008,2008-11-04,pro.fle,p0038,sphecid1,i0121,13:05:00,6000,1,Nachu
V4,2011,2011-11-18,pro.fle,p0038,cop.ari,i0044,12:32,300,1,silvia
V1,2006,2006-11-20,pro.fle,p0038,thy.sp1,i0034,13:50,25,5,Erica
V1,2008,2008-11-04,pro.fle,p0038,exo.sp1,i0068,13:05:00,6000,1,Nachu
V1,2009,2009-11-30,pro.fle,p0038,cos.chi,i0077,13:13:00,120000,20,Nachu
V1,2010,2010-11-19,pro.fle,p0038,hir.sp1,i0051,8:02,3800,1,silvia
V1,2011,2011-11-04,pro.fle,p0038,bab.elo,i0075,09:37,500,3,enzo
V1,2009,2009-11-05,pro.fle,p0038,bab.elo,i0075,12:31:00,10000,5,Nachu
V4,2009,2009-12-11,pro.fle,p0038,sph.sp2,i0123,10:22:00,640,30,Belen
V1,2010,2010-12-03,pro.fle,p0038,cop.ari,i0044,7:50,500,2,silvia
V1,2008,2008-11-11,pro.fle,p0038,bab.elo,i0075,09:39:00,40,1,Nachu
V1,2010,2010-12-10,pro.fle,p0038,cop.sp2,i0052,11:41,1000,1,nachu
V1,2007,2007-11-20,pro.fle,p0038,api.mel,i0070,15:41,60,1,Nachu
V1,2008,2008-12-05,pro.fle,p0038,aug.sp,i0228,11:34:00,18,1,Nachu
V1,2010,2010-12-10,pro.fle,p0038,cae.sp1,i0022,11:37,300,1,silvia
V4,2009,2009-11-25,pro.fle,p0038,api.mel,i0070,10:12:00,24000,20,nachu
V1,2009,2009-11-05,pro.fle,p0038,api.mel,i0070,11:57:00,900,1,Belen
V1,2009,2009-12-02,pro.fle,p0038,cos.chi,i0077,12:20:00,100000,10,Nachu
V1,2008,2008-11-11,pro.fle,p0038,hym.sp6,i0258,11:07:00,38,1,Nachu
V1,2008,2008-11-21,pro.fle,p0038,exo.sp1,i0068,11:55:00,200,1,Nachu
V1,2007,2007-11-15,pro.fle,p0038,cop.sp2,i0052,12:16,10,1,Nachu
V1,2010,2010-11-26,pro.fle,p0038,bombil9,i0183,12:38:00,14000,5,Nachu
V2,2006,2006-11-13,pro.fle,p0038,cop.ari,i0044,09:23,60,1,Diego
V1,2009,2009-11-05,pro.fle,p0038,api.mel,i0070,12:07:00,3000,1,Belen
V1,2006,2006-11-20,pro.fle,p0038,api.mel,i0070,13:35,20,8,Erica
V1,2010,2010-12-10,pro.fle,p0038,cop.ari,i0044,11:23,60000,1,nachu
V2,2006,2006-10-24,pro.fle,p0038,amm.sp1,i0126,10:32,68,5,Erica
V4,2009,2009-11-25,pro.fle,p0038,meg.C,i0140,10:12:00,24000,40,nachu
V1,2010,2010-12-10,pro.fle,p0038,str.eur,i0131,0,60000,1,nachu
V1,2011,2011-12-02,pro.fle,p0038,NA,NA,12:37,1400,10,nachu
V1,2010,2010-12-17,pro.fle,p0038,str.eur,i0131,8:40,0,3,silvia
V4,2009,2009-11-18,pro.fle,p0038,api.mel,i0070,13:46:00,140000,20,Nachu
V2,2006,2006-11-13,pro.fle,p0038,api.mel,i0070,12:21,50,5,Diego
V2,2006,2006-11-06,pro.fle,p0038,cop.ari,i0044,15:06,60,1,Diego
V3,2006,2006-11-13,pro.fle,p0038,api.mel,i0070,10:51,300,2,Erica
V1,2009,2009-11-05,pro.fle,p0038,cop.ari,i0044,10:41:00,3600,20,Nachu
V1,2010,2010-12-10,pro.fle,p0038,mes.jen,i0011,0,60000,1,nachu
V2,2006,2006-11-13,pro.fle,p0038,api.mel,i0070,11:43,150,2,Diego
V1,2010,2010-12-10,pro.fle,p0038,cop.sp2,i0052,11:41,1000,1,nachu
V1,2009,2009-11-30,pro.fle,p0038,vill.sp1,i0114,12:27:00,1000,10,Rocio
V1,2009,2009-11-30,pro.fle,p0038,cha.sp1,i0062,13:13:00,120000,20,Nachu
V1,2009,2009-11-09,pro.fle,p0038,NA,NA,12:20:00,6100,0,nachu
V2,2006,2006-11-06,pro.fle,p0038,api.mel,i0070,15:06,60,1,Diego
V1,2009,2009-11-11,pro.fle,p0038,api.mel,i0070,10:25:00,5000,40,Nachu
V4,2006,2006-11-13,pro.fle,p0038,NA,NA,12:59,100,0,Beni
V3,2006,2006-11-20,pro.fle,p0038,api.mel,i0070,10:26,30,2,Beni
V1,2009,2009-11-30,pro.fle,p0038,api.mel,i0070,13:00:00,60000,3,Nachu
V2,2006,2006-11-13,pro.fle,p0038,cop.ari,i0044,09:23,60,1,Diego
V1,2007,2007-11-15,pro.fle,p0038,cop.ari,i0044,12:29,45,1,Nachu
V4,2009,2009-11-18,pro.fle,p0038,api.mel,i0070,13:46:00,140000,40,Nachu
V1,2009,2009-11-11,pro.fle,p0038,api.mel,i0070,10:25:00,5000,150,Nachu
V1,2010,2010-12-17,pro.fle,p0038,bombil8,i0085,8:40,0,1,silvia
V1,2009,2009-11-30,pro.fle,p0038,zet.sp1,i0037,13:13:00,120000,10,Nachu
V1,2008,2008-11-11,pro.fle,p0038,exo.sp1,i0068,11:58:00,20,2,Nachu
V1,2009,2009-11-25,pro.fle,p0038,api.mel,i0070,12:48:00,4000,60,Belen
V1,2009,2009-11-30,pro.fle,p0038,cop.ari,i0044,12:50:00,24000,1,Nachu
V1,2007,2007-11-15,pro.fle,p0038,cop.sp2,i0052,12:29,45,1,Nachu
V4,2009,2009-11-30,pro.fle,p0038,cop.ari,i0044,10:10:00,6000,30,Nachu
V2,2006,2006-11-06,pro.fle,p0038,api.mel,i0070,14:07,60,2,Diego
V1,2010,2010-12-10,pro.fle,p0038,cop.sp2,i0052,11:41,1000,1,nachu
V1,2008,2008-11-11,pro.fle,p0038,exo.sp1,i0068,11:58:00,20,1,Nachu
V3,2006,2006-11-20,pro.fle,p0038,api.mel,i0070,11:35,30,4,Beni
V1,2008,2008-11-11,pro.fle,p0038,exo.sp1,i0068,11:07:00,38,1,Nachu
V1,2011,2011-11-08,pro.fle,p0038,tac.sp15,i0196,12:10,1000,1,enzo
V1,2008,2008-11-11,pro.fle,p0038,syr.sp1,i0045,11:07:00,38,1,Nachu
V1,2010,2010-12-10,pro.fle,p0038,cop.ari,i0044,11:41,1000,1,nachu
V1,2008,2008-11-11,pro.fle,p0038,col.lyc,i0170,11:58:00,20,1,Nachu
V2,2006,2006-10-30,pro.fle,p0038,cop.ari,i0044,11:17,60,1,Diego
V1,2010,2010-12-10,pro.fle,p0038,cop.ari,i0044,11:23,60000,1,nachu
V2,2006,2006-10-30,pro.fle,p0038,api.mel,i0070,12:03,60,1,Diego
V2,2006,2006-11-13,pro.fle,p0038,api.mel,i0070,11:43,150,3,Diego
V1,2010,2010-11-19,pro.fle,p0038,syr.sp1,i0045,8:02,3800,3,silvia
V1,2010,2010-11-19,pro.fle,p0038,cop.ari,i0044,8:02,3800,1,silvia
V1,2010,2010-12-10,pro.fle,p0038,sphecid1,i0121,11:23,60000,1,nachu
V2,2006,2006-11-06,pro.fle,p0038,api.mel,i0070,12:52,60,3,Diego
V4,2006,2006-11-13,pro.fle,p0038,api.mel,i0070,12:59,100,1,Beni
V1,2006,2006-11-13,pro.fle,p0038,tac.sp1,i0038,12:06,30,4,Jimena
V4,2011,2011-11-18,pro.fle,p0038,cop.ari,i0044,12:32,300,1,silvia
V1,2009,2009-11-11,pro.fle,p0038,api.mel,i0070,10:25:00,5000,30,Nachu
V1,2008,2008-11-04,pro.fle,p0038,exo.sp1,i0068,13:05:00,6000,3,Nachu
V1,2008,2008-11-21,pro.fle,p0038,exo.sp1,i0068,11:55:00,200,1,Nachu
V1,2006,2006-11-13,pro.fle,p0038,sphecid1,i0121,12:06,30,2,Jimena
V4,2010,2010-11-19,pro.fle,p0038,NA,NA,14:24,6000,20,silvia
V1,2010,2010-12-10,pro.fle,p0038,cop.ari,i0044,11:41,1000,1,nachu
V4,2009,2009-11-18,pro.fle,p0038,api.mel,i0070,13:46:00,140000,140,Nachu
V4,2009,2009-11-25,pro.fle,p0038,meg.pse2,i0238,10:12:00,24000,80,nachu
V1,2011,2011-11-04,pro.fle,p0038,amm.sp1,i0126,09:37,500,10,enzo
V1,2010,2010-11-05,pro.fle,p0038,cop.ari,i0044,8:10,800,50,silvia
V4,2009,2009-11-25,pro.fle,p0038,exo.sp1,i0068,10:12:00,24000,20,nachu
V1,2011,2011-11-01,pro.fle,p0038,exo.sp1,i0068,12:10,500,2,enzo
V1,2006,2006-11-13,pro.fle,p0038,api.mel,i0070,12:06,30,6,Jimena
V1,2009,2009-11-25,pro.fle,p0038,api.mel,i0070,12:50:00,80000,40,nachu
V1,2009,2009-11-11,pro.fle,p0038,api.mel,i0070,09:55:00,2000,20,Belen
V2,2006,2006-11-20,pro.fle,p0038,api.mel,i0070,12:21,60,5,Jimena
V1,2008,2008-11-04,pro.fle,p0038,exo.sp1,i0068,13:05:00,6000,1,Nachu
V4,2011,2011-12-13,pro.fle,p0038,api.mel,i0070,10:14,4500,50,nachu
V2,2006,2006-11-06,pro.fle,p0038,api.mel,i0070,13:13,20,2,Diego
V1,2009,2009-11-30,pro.fle,p0038,api.mel,i0070,13:00:00,60000,2,Nachu
V1,2010,2010-12-17,pro.fle,p0038,cop.ari,i0044,8:40,0,1,silvia
V1,2009,2009-11-25,pro.fle,p0038,api.mel,i0070,12:50:00,80000,20,nachu
V1,2009,2009-11-18,pro.fle,p0038,api.mel,i0070,10:58:00,9000,20,Nachu
V1,2009,2009-11-05,pro.fle,p0038,cop.ari,i0044,10:41:00,3600,10,Nachu
V2,2006,2006-11-06,pro.fle,p0038,api.mel,i0070,12:52,60,10,Diego
V1,2009,2009-11-25,pro.fle,p0038,tac.sp1,i0038,12:50:00,80000,60,nachu
V1,2010,2010-12-10,pro.fle,p0038,api.mel,i0070,11:23,60000,1,nachu
V2,2006,2006-11-13,pro.fle,p0038,api.mel,i0070,11:43,150,1,Diego
V1,2007,2007-11-15,pro.fle,p0038,cop.sp2,i0052,12:29,45,1,Nachu
V1,2009,2009-12-02,pro.fle,p0038,aug.sp,i0228,12:20:00,100000,10,Nachu
V1,2010,2010-12-10,pro.fle,p0038,api.mel,i0070,11:23,60000,1,nachu
V1,2008,2008-12-05,pro.fle,p0038,com.ful,i0059,09:48:00,1300,1,Nachu
V1,2006,2006-11-20,pro.fle,p0038,cop.ari,i0044,11:40,15,3,Erica
V1,2008,2008-11-21,pro.fle,p0038,col.bre,i0019,11:55:00,200,1,Nachu
V1,2008,2008-11-21,pro.fle,p0038,meg.C,i0140,11:55:00,200,1,Nachu
V1,2010,2010-12-10,pro.fle,p0038,cop.ari,i0044,11:23,60000,1,nachu
V1,2010,2010-11-26,pro.fle,p0038,cos.chi,i0077,12:38:00,14000,10,Nachu
V1,2010,2010-12-17,pro.fle,p0038,dih.sp1,i0031,8:36,1250,10,nachu
V3,2006,2006-11-20,pro.fle,p0038,cop.ari,i0044,10:26,30,2,Beni
V1,2009,2009-11-05,pro.fle,p0038,api.mel,i0070,12:07:00,3000,4,Belen
V2,2006,2006-11-20,pro.fle,p0038,api.mel,i0070,12:31,20,5,Jimena
V1,2009,2009-11-11,pro.fle,p0038,api.mel,i0070,09:44:00,1000,20,Belen
V1,2010,2010-12-10,pro.fle,p0038,aug.sp,i0228,11:51,270,2,silvia
V1,2009,2009-11-18,pro.fle,p0038,api.mel,i0070,11:35:00,32000,80,Nachu
V2,2006,2006-11-06,pro.fle,p0038,api.mel,i0070,14:30,100,1,Diego
V1,2010,2010-12-10,pro.fle,p0038,cop.sp2,i0052,11:37,300,1,silvia
V1,2009,2009-11-11,pro.fle,p0038,api.mel,i0070,10:25:00,5000,30,Nachu
V1,2009,2009-11-11,pro.fle,p0038,api.mel,i0070,10:25:00,5000,30,Nachu
V1,2009,2009-11-25,pro.fle,p0038,api.mel,i0070,12:04:00,2000,30,Belen
V1,2010,2010-12-10,pro.fle,p0038,sph.sp2,i0123,11:41,1000,20,nachu
V1,2010,2010-11-10,pro.fle,p0038,exo.sp1,i0068,13:45,6000,4,silvia
V1,2009,2009-11-30,pro.fle,p0038,aug.sp,i0228,13:00:00,60000,1,Nachu
V1,2009,2009-12-02,pro.fle,p0038,aug.sp,i0228,12:20:00,100000,10,Nachu
V1,2006,2006-11-20,pro.fle,p0038,api.mel,i0070,13:35,20,2,Erica
V1,2006,2006-11-13,pro.fle,p0038,cen.bre,i0007,12:06,30,3,Jimena
V1,2008,2008-11-21,pro.fle,p0038,tac.sp10,i0191,11:55:00,200,1,Nachu
V1,2009,2009-11-05,pro.fle,p0038,api.mel,i0070,10:41:00,3600,20,Nachu
V1,2009,2009-12-02,pro.fle,p0038,str.eur,i0131,12:20:00,100000,10,Nachu
V1,2010,2010-12-17,pro.fle,p0038,aug.sp,i0228,8:36,1250,10,nachu
V1,2011,2011-11-29,pro.fle,p0038,cam.pun,i0128,10:59,77,6,silvia
V1,2008,2008-11-04,pro.fle,p0038,cop.ari,i0044,13:05:00,6000,1,Nachu
V1,2010,2010-12-10,pro.fle,p0038,cop.ari,i0044,11:41,1000,15,nachu
V1,2010,2010-12-03,pro.fle,p0038,cop.ari,i0044,8:00,6000,2,silvia
V1,2009,2009-11-05,pro.fle,p0038,api.mel,i0070,12:31:00,10000,10,Nachu
V3,2006,2006-11-20,pro.fle,p0038,api.mel,i0070,11:35,30,8,Beni
V3,2006,2006-11-13,pro.fle,p0038,api.mel,i0070,13:37,30,5,Erica
V1,2006,2006-11-20,pro.fle,p0038,amm.sp1,i0126,13:50,25,1,Erica
V1,2010,2010-12-10,pro.fle,p0038,cop.ari,i0044,11:41,1000,1,nachu
V1,2009,2009-11-30,pro.fle,p0038,pompil3,i0263,13:00:00,60000,1,Nachu
V2,2006,2006-11-20,pro.fle,p0038,api.mel,i0070,12:21,60,6,Jimena
V2,2006,2006-11-06,pro.fle,p0038,api.mel,i0070,15:06,60,1,Diego
V2,2006,2006-11-06,pro.fle,p0038,api.mel,i0070,15:06,60,1,Diego
V1,2011,2011-11-01,pro.fle,p0038,exo.sp1,i0068,12:10,500,2,enzo
V1,2011,2011-12-02,pro.fle,p0038,cop.ari,i0044,12:22,1500,18,nachu
V1,2009,2009-11-05,pro.fle,p0038,api.mel,i0070,10:41:00,3600,5,Nachu
V2,2006,2006-11-13,pro.fle,p0038,mes.jen,i0011,09:44,100,1,Diego
V3,2006,2006-11-13,pro.fle,p0038,api.mel,i0070,12:20,500,4,Erica
V1,2008,2008-12-05,pro.fle,p0038,aug.sp,i0228,11:34:00,18,2,Nachu
V1,2009,2009-11-30,pro.fle,p0038,allo.sp1,i0111,13:13:00,120000,10,Nachu
V1,2009,2009-12-11,pro.fle,p0038,aug.sp,i0228,10:02:00,1500,1,Rocio
V1,2006,2006-11-13,pro.fle,p0038,NA,NA,13:20,50,0,Jimena
V4,2009,2009-11-25,pro.fle,p0038,NA,NA,10:43:00,3200,0,nachu
V1,2010,2010-11-19,pro.fle,p0038,cam.mus,i0072,8:02,3800,20,silvia
V3,2006,2006-11-20,pro.fle,p0038,cop.ari,i0044,11:35,30,4,Beni
V1,2010,2010-12-17,pro.fle,p0038,cop.ari,i0044,8:36,1250,10,nachu
V1,2010,2010-11-19,pro.fle,p0038,cop.ari,i0044,8:02,3800,1,silvia
V1,2008,2008-11-21,pro.fle,p0038,exo.sp1,i0068,11:55:00,200,1,Nachu
V1,2010,2010-11-19,pro.fle,p0038,cop.ari,i0044,8:02,3800,1,silvia
V1,2011,2011-12-13,pro.fle,p0038,NA,NA,12:54,500,1,silvia
V1,2011,2011-12-13,pro.fle,p0038,amm.sp1,i0126,12:07,2800,10,nachu
V4,2009,2009-11-30,pro.fle,p0038,cos.chi,i0077,10:17:00,18000,10,Nachu
V2,2006,2006-11-06,pro.fle,p0038,api.mel,i0070,15:06,60,1,Diego
V1,2011,2011-12-13,pro.fle,p0038,NA,NA,12:54,500,0,silvia
V1,2008,2008-12-05,pro.fle,p0038,aug.sp,i0228,09:48:00,1300,1,Nachu
V1,2006,2006-11-13,pro.fle,p0038,api.mel,i0070,12:06,30,5,Jimena
V4,2008,2008-12-12,pro.fle,p0038,aug.sp,i0228,11:55:00,4,1,Nachu
V1,2011,2011-11-01,pro.fle,p0038,exo.sp1,i0068,12:10,500,1,enzo
V1,2011,2011-12-13,pro.fle,p0038,NA,NA,12:27,3000,0,nachu
V1,2010,2010-11-05,pro.fle,p0038,cop.ari,i0044,8:10,800,30,silvia
V1,2009,2009-11-25,pro.fle,p0038,cos.chi,i0077,13:41:00,4800,20,nachu
V1,2008,2008-11-11,pro.fle,p0038,exo.sp1,i0068,09:39:00,40,1,Nachu
V1,2007,2007-11-15,pro.fle,p0038,cop.sp2,i0052,12:29,45,1,Nachu
V1,2010,2010-11-19,pro.fle,p0038,cop.ari,i0044,8:02,3800,1,silvia
V1,2010,2010-12-17,pro.fle,p0038,cos.chi,i0077,7:55,725,10,nachu
V1,2009,2009-11-30,pro.fle,p0038,cos.chi,i0077,13:13:00,120000,10,Nachu
V1,2010,2010-12-10,pro.fle,p0038,aug.sp,i0228,11:23,60000,1,nachu
V1,2010,2010-12-10,pro.fle,p0038,api.mel,i0070,11:23,60000,1,nachu
V1,2008,2008-11-21,pro.fle,p0038,exo.sp1,i0068,11:55:00,200,1,Nachu
V2,2006,2006-11-13,pro.fle,p0038,com.ful,i0059,13:04,80,1,Diego
V1,2009,2009-11-25,pro.fle,p0038,api.mel,i0070,12:50:00,80000,20,nachu
V1,2009,2009-11-11,pro.fle,p0038,api.mel,i0070,10:25:00,5000,30,Nachu
V2,2006,2006-11-13,pro.fle,p0038,api.mel,i0070,12:21,50,3,Diego
V1,2008,2008-11-11,pro.fle,p0038,cop.ari,i0044,11:07:00,38,1,Nachu
V1,2008,2008-11-21,pro.fle,p0038,col.bre,i0019,11:55:00,200,1,Nachu
V1,2008,2008-11-11,pro.fle,p0038,exo.sp1,i0068,11:07:00,38,1,Nachu
V1,2010,2010-11-19,pro.fle,p0038,NA,NA,9:09,4000,0,silvia
V1,2009,2009-12-02,pro.fle,p0038,tac.sp1,i0038,12:20:00,100000,10,Nachu
V1,2010,2010-11-19,pro.fle,p0038,NA,NA,9:09,4000,0,silvia
V1,2010,2010-12-10,pro.fle,p0038,cop.ari,i0044,11:23,60000,1,nachu
V2,2006,2006-10-30,pro.fle,p0038,cop.ari,i0044,11:37,50,1,Diego
V1,2011,2011-11-01,pro.fle,p0038,aug.sp,i0228,12:10,500,1,enzo
V2,2006,2006-10-24,pro.fle,p0038,amm.sp1,i0126,10:32,68,3,Erica
V1,2010,2010-11-19,pro.fle,p0038,cop.ari,i0044,9:09,4000,1,silvia
V1,2007,2007-11-15,pro.fle,p0038,exo.sp1,i0068,11:31,100,1,Nachu
V1,2009,2009-11-30,pro.fle,p0038,cos.chi,i0077,13:00:00,60000,2,Nachu
V1,2010,2010-12-10,pro.fle,p0038,cop.sp2,i0052,11:41,1000,5,nachu
V4,2010,2010-11-19,pro.fle,p0038,NA,NA,14:24,6000,20,silvia
V1,2009,2009-12-11,pro.fle,p0038,aug.sp,i0228,10:02:00,1500,1,Rocio
V1,2009,2009-11-30,pro.fle,p0038,api.mel,i0070,13:13:00,120000,10,Nachu
V1,2010,2010-12-10,pro.fle,p0038,str.eur,i0131,11:37,300,2,silvia
V1,2010,2010-12-10,pro.fle,p0038,sphecid1,i0121,11:23,60000,1,nachu
V1,2007,2007-11-13,pro.fle,p0038,bab.elo,i0075,15:00,20,1,Nachu
V1,2011,2011-11-04,pro.fle,p0038,cop.ari,i0044,09:37,500,4,enzo
V1,2010,2010-11-26,pro.fle,p0038,col.pet,i0104,12:38:00,14000,5,Nachu
V1,2009,2009-11-30,pro.fle,p0038,api.mel,i0070,13:00:00,60000,1,Nachu
V1,2009,2009-11-25,pro.fle,p0038,api.mel,i0070,12:42:00,2000,5,Belen
V1,2009,2009-11-25,pro.fle,p0038,api.mel,i0070,12:50:00,80000,20,nachu
V1,2009,2009-12-11,pro.fle,p0038,tac.sp1,i0038,10:02:00,1500,3,Rocio
V1,2010,2010-12-17,pro.fle,p0038,bombil8,i0085,8:36,1250,5,nachu
V4,2011,2011-11-11,pro.fle,p0038,cop.ari,i0044,12:28,1000,5,enzo
V1,2008,2008-11-04,pro.fle,p0038,exo.sp1,i0068,13:05:00,6000,2,Nachu
V1,2008,2008-11-04,pro.fle,p0038,cop.sp2,i0052,10:40:00,600,1,Nachu
V1,2008,2008-12-05,pro.fle,p0038,hym.sp6,i0258,11:05:00,16,1,Nachu
V1,2009,2009-11-25,pro.fle,p0038,api.mel,i0070,12:50:00,80000,40,nachu
V1,2011,2011-11-29,pro.fle,p0038,NA,NA,13:52,180,0,silvia
V1,2010,2010-12-10,pro.fle,p0038,api.mel,i0070,11:23,60000,1,nachu
V1,2008,2008-11-04,pro.fle,p0038,aug.sp,i0228,13:05:00,6000,2,Nachu
V1,2008,2008-11-04,pro.fle,p0038,col.lyc,i0170,10:40:00,600,1,Nachu
V1,2008,2008-12-05,pro.fle,p0038,aug.sp,i0228,11:34:00,18,1,Nachu
V1,2007,2007-11-15,pro.fle,p0038,cop.sp2,i0052,12:29,45,1,Nachu
V1,2008,2008-11-21,pro.fle,p0038,tac.sp10,i0191,11:55:00,200,1,Nachu
V1,2007,2007-11-13,pro.fle,p0038,for.sp1,i0130,15:14,12,1,Nachu
V2,2006,2006-10-30,pro.fle,p0038,cop.ari,i0044,12:03,60,1,Diego
V3,2006,2006-11-06,pro.fle,p0038,api.mel,i0070,10:37,400,1,Diego
V1,2009,2009-11-05,pro.fle,p0038,api.mel,i0070,11:57:00,900,3,Belen
V1,2011,2011-11-08,pro.fle,p0038,exo.sp1,i0068,12:10,1000,4,enzo
V1,2008,2008-11-04,pro.fle,p0038,sva.bom,i0010,13:05:00,6000,2,Nachu
V1,2009,2009-11-05,pro.fle,p0038,col.bre,i0019,11:57:00,900,6,Belen
V1,2009,2009-11-25,pro.fle,p0038,api.mel,i0070,13:41:00,4800,20,nachu
V2,2006,2006-11-06,pro.fle,p0038,cop.ari,i0044,15:06,60,1,Diego
V1,2008,2008-11-11,pro.fle,p0038,exo.sp1,i0068,11:07:00,38,2,Nachu
V1,2008,2008-11-11,pro.fle,p0038,exo.sp1,i0068,11:07:00,38,1,Nachu
V4,2011,2011-11-11,pro.fle,p0038,exo.sp1,i0068,12:28,1000,7,enzo
V1,2011,2011-11-01,pro.fle,p0038,amm.sp1,i0126,12:10,500,1,enzo
V1,2007,2007-11-20,pro.fle,p0038,bab.elo,i0075,14:17,30,1,Nachu
V1,2006,2006-11-20,pro.fle,p0038,api.mel,i0070,11:55,20,3,Erica
V1,2010,2010-12-17,pro.fle,p0038,bombil8,i0085,8:40,0,7,silvia
V1,2011,2011-11-04,pro.fle,p0038,cop.ari,i0044,09:37,500,20,enzo
V1,2008,2008-11-21,pro.fle,p0038,pol.cav,i0039,11:20:00,60,1,Nachu
V1,2010,2010-11-26,pro.fle,p0038,api.mel,i0070,11:45:00,10000,10,Nachu
V4,2010,2010-11-19,pro.fle,p0038,cop.ari,i0044,12:04,0,1,silvia
V1,2011,2011-11-04,pro.fle,p0038,amm.sp1,i0126,09:37,500,7,enzo
V1,2010,2010-12-17,pro.fle,p0038,bab.elo,i0075,8:36,1250,5,nachu
V1,2010,2010-12-03,pro.fle,p0038,cop.sp2,i0052,7:50,500,1,silvia
V1,2009,2009-11-11,pro.fle,p0038,api.mel,i0070,09:44:00,1000,30,Belen
V4,2009,2009-11-30,pro.fle,p0038,NA,NA,10:46:00,12000,0,Rocio
V1,2011,2011-12-13,pro.fle,p0038,str.eur,i0131,12:20,5000,5,nachu
V1,2009,2009-11-11,pro.fle,p0038,cop.ari,i0044,10:25:00,5000,10,Nachu
V2,2006,2006-10-30,pro.fle,p0038,cop.ari,i0044,11:17,60,1,Diego
V1,2010,2010-12-10,pro.fle,p0038,api.mel,i0070,11:23,60000,1,nachu
V1,2007,2007-11-20,pro.fle,p0038,api.mel,i0070,14:17,30,2,Nachu
V1,2008,2008-11-11,pro.fle,p0038,vill.sp1,i0114,11:07:00,38,1,Nachu
V1,2011,2011-12-13,pro.fle,p0038,sphecid1,i0121,12:20,5000,20,nachu
V2,2006,2006-10-30,pro.fle,p0038,api.mel,i0070,11:17,17,1,Diego
V1,2010,2010-12-10,pro.fle,p0038,NA,NA,11:37,300,1,silvia
V1,2009,2009-11-18,pro.fle,p0038,api.mel,i0070,10:45:00,20000,20,Rocio
V1,2007,2007-11-15,pro.fle,p0038,cop.sp2,i0052,12:29,45,1,Nachu
V3,2006,2006-11-20,pro.fle,p0038,api.mel,i0070,11:19,60,5,Beni
V1,2006,2006-11-13,pro.fle,p0038,cop.ari,i0044,12:06,30,2,Jimena
V1,2010,2010-12-17,pro.fle,p0038,bombil8,i0085,8:40,0,1,silvia
V3,2006,2006-11-13,pro.fle,p0038,api.mel,i0070,13:37,30,4,Erica
V4,2009,2009-12-11,pro.fle,p0038,pompil3,i0263,10:22:00,640,30,Belen
V1,2010,2010-11-19,pro.fle,p0038,cop.ari,i0044,8:02,3800,1,silvia
V3,2006,2006-11-20,pro.fle,p0038,cop.ari,i0044,10:26,30,1,Beni
V2,2006,2006-11-06,pro.fle,p0038,xyl.ord,i0001,14:30,100,1,Diego
V1,2009,2009-11-30,pro.fle,p0038,api.mel,i0070,13:00:00,60000,3,Nachu
V3,2006,2006-11-20,pro.fle,p0038,cop.ari,i0044,07:10,35,1,Beni
V1,2010,2010-12-03,pro.fle,p0038,cop.sp2,i0052,8:00,6000,1,silvia
V2,2006,2006-11-13,pro.fle,p0038,cop.ari,i0044,10:07,300,1,Diego
V1,2010,2010-11-26,pro.fle,p0038,cop.ari,i0044,11:31:00,13200,10,Nachu
V1,2009,2009-11-11,pro.fle,p0038,bombil10,i0206,09:55:00,2000,1,Belen
V1,2008,2008-11-11,pro.fle,p0038,exo.sp1,i0068,11:07:00,38,1,Nachu
V1,2010,2010-11-19,pro.fle,p0038,cop.ari,i0044,9:09,4000,1,silvia
V1,2011,2011-12-02,pro.fle,p0038,cop.ari,i0044,12:37,1400,40,nachu
V1,2009,2009-12-02,pro.fle,p0038,aug.sp,i0228,12:20:00,100000,10,Nachu
V4,2006,2006-11-06,pro.fle,p0038,NA,NA,14:32,13,0,Nachu
V2,2006,2006-11-13,pro.fle,p0038,api.mel,i0070,12:21,50,5,Diego
V4,2009,2009-11-30,pro.fle,p0038,cam.mus,i0072,10:29:00,1000,10,Rocio
V1,2009,2009-12-02,pro.fle,p0038,vill.sp1,i0114,12:20:00,100000,10,Nachu
V1,2007,2007-11-20,pro.fle,p0038,cop.ari,i0044,15:11,20,2,Nachu
V1,2010,2010-12-10,pro.fle,p0038,cae.sp1,i0022,11:37,300,2,silvia
V1,2009,2009-11-09,pro.fle,p0038,amm.sp1,i0126,12:50:00,100,10,Belen
V1,2009,2009-11-11,pro.fle,p0038,api.mel,i0070,10:25:00,5000,40,Nachu
V1,2011,2011-12-13,pro.fle,p0038,NA,NA,12:54,500,0,silvia
V1,2008,2008-11-21,pro.fle,p0038,aug.sp,i0228,11:55:00,200,1,Nachu
V4,2009,2009-11-18,pro.fle,p0038,api.mel,i0070,13:46:00,140000,20,Nachu
V1,2008,2008-12-05,pro.fle,p0038,aug.sp,i0228,11:28:00,4,1,Nachu
V1,2007,2007-11-15,pro.fle,p0038,cop.ari,i0044,11:31,100,1,Nachu
V1,2009,2009-11-30,pro.fle,p0038,col.cog,i0169,13:00:00,60000,1,Nachu
V1,2009,2009-11-30,pro.fle,p0038,sph.sp2,i0123,12:50:00,24000,3,Nachu
V1,2011,2011-11-04,pro.fle,p0038,cop.ari,i0044,09:37,500,3,enzo
V4,2009,2009-11-18,pro.fle,p0038,str.eur,i0131,13:00:00,30,1,Rocio
V2,2006,2006-11-20,pro.fle,p0038,api.mel,i0070,12:31,20,2,Jimena
V1,2008,2008-12-05,pro.fle,p0038,aug.sp,i0228,11:34:00,18,1,Nachu
V1,2009,2009-11-30,pro.fle,p0038,cop.ari,i0044,13:00:00,60000,1,Nachu
V1,2008,2008-11-11,pro.fle,p0038,exo.sp1,i0068,11:07:00,38,1,Nachu
V1,2007,2007-11-15,pro.fle,p0038,cop.ari,i0044,11:31,100,1,Nachu
V1,2008,2008-12-05,pro.fle,p0038,amm.sp1,i0126,11:34:00,18,2,Nachu
V1,2008,2008-11-21,pro.fle,p0038,tac.sp10,i0191,11:20:00,60,1,Nachu
V1,2010,2010-11-26,pro.fle,p0038,cop.ari,i0044,11:31:00,13200,10,Nachu
V4,2008,2008-12-12,pro.fle,p0038,aug.sp,i0228,11:55:00,4,1,Nachu
V1,2009,2009-12-02,pro.fle,p0038,tac.sp1,i0038,12:20:00,100000,10,Nachu
V1,2008,2008-12-05,pro.fle,p0038,sph.sp5,i0259,11:28:00,4,1,Nachu
V1,2007,2007-11-06,pro.fle,p0038,col.cog,i0169,09:24,14,1,Nachu
V2,2006,2006-11-13,pro.fle,p0038,col.bre,i0019,09:09,22,1,Diego
V1,2010,2010-12-17,pro.fle,p0038,bombil8,i0085,8:36,1250,5,nachu
V2,2006,2006-10-30,pro.fle,p0038,api.mel,i0070,11:37,50,3,Diego
V1,2010,2010-12-10,pro.fle,p0038,tac.sp1,i0038,11:23,60000,1,nachu
V4,2009,2009-12-11,pro.fle,p0038,aug.sp,i0228,10:22:00,640,20,Belen
V1,2009,2009-11-05,pro.fle,p0038,api.mel,i0070,12:31:00,10000,60,Nachu
V1,2007,2007-11-15,pro.fle,p0038,cop.ari,i0044,11:31,100,1,Nachu
V1,2010,2010-12-10,pro.fle,p0038,tac.sp1,i0038,11:23,60000,1,nachu
V1,2009,2009-11-30,pro.fle,p0038,sph.sp2,i0123,13:00:00,60000,3,Nachu
V1,2008,2008-11-21,pro.fle,p0038,tac.sp10,i0191,11:20:00,60,3,Nachu
V1,2008,2008-12-05,pro.fle,p0038,aug.sp,i0228,11:34:00,18,1,Nachu
V4,2011,2011-11-11,pro.fle,p0038,cop.ari,i0044,12:28,1000,3,enzo
V4,2011,2011-11-11,pro.fle,p0038,NA,NA,12:28,1000,3,enzo
V1,2011,2011-11-01,pro.fle,p0038,aug.sp,i0228,12:10,500,1,enzo
V1,2009,2009-12-02,pro.fle,p0038,str.eur,i0131,12:20:00,100000,10,Nachu
V1,2011,2011-11-01,pro.fle,p0038,str.eur,i0131,12:10,500,1,enzo
V1,2007,2007-11-06,pro.fle,p0038,str.eur,i0131,09:24,14,1,Nachu
V1,2011,2011-11-01,pro.fle,p0038,exo.sp1,i0068,12:10,500,1,enzo
V1,2009,2009-11-23,pro.fle,p0038,NA,NA,12:53:00,20000,0,rocio
V4,2008,2008-12-12,pro.fle,p0038,aug.sp,i0228,11:55:00,4,1,Nachu
V3,2006,2006-11-13,pro.fle,p0038,api.mel,i0070,10:51,300,1,Erica
V1,2010,2010-12-17,pro.fle,p0038,bombil8,i0085,8:40,0,1,silvia
V1,2007,2007-11-20,pro.fle,p0038,api.mel,i0070,14:17,30,3,Nachu
V3,2006,2006-11-13,pro.fle,p0038,NA,NA,11:59,30,0,Erica
V1,2009,2009-11-30,pro.fle,p0038,api.mel,i0070,13:00:00,60000,3,Nachu
V3,2006,2006-11-20,pro.fle,p0038,api.mel,i0070,11:35,30,2,Beni
V3,2006,2006-11-13,pro.fle,p0038,api.mel,i0070,12:20,500,3,Erica
V1,2009,2009-11-18,pro.fle,p0038,api.mel,i0070,10:45:00,20000,20,Rocio
V1,2009,2009-11-05,pro.fle,p0038,api.mel,i0070,12:31:00,10000,10,Nachu
V1,2009,2009-11-11,pro.fle,p0038,api.mel,i0070,10:25:00,5000,30,Nachu
V2,2006,2006-11-13,pro.fle,p0038,cop.ari,i0044,11:43,150,1,Diego
V1,2008,2008-12-05,pro.fle,p0038,hym.sp6,i0258,11:05:00,16,1,Nachu
V1,2010,2010-12-10,pro.fle,p0038,cop.ari,i0044,11:23,60000,20,nachu
V1,2007,2007-11-13,pro.fle,p0038,cop.ari,i0044,15:14,12,1,Nachu
V1,2008,2008-11-04,pro.fle,p0038,exo.sp1,i0068,13:05:00,6000,2,Nachu
V1,2010,2010-12-17,pro.fle,p0038,cop.sp2,i0052,8:36,1250,10,nachu
V1,2011,2011-12-13,pro.fle,p0038,str.eur,i0131,12:20,5000,1,nachu
V2,2006,2006-11-20,pro.fle,p0038,api.mel,i0070,12:31,20,2,Jimena
V1,2008,2008-12-05,pro.fle,p0038,aug.sp,i0228,11:34:00,18,1,Nachu
V1,2011,2011-12-13,pro.fle,p0038,str.eur,i0131,12:20,5000,1,nachu
V1,2006,2006-11-13,pro.fle,p0038,sphecid1,i0121,12:06,30,1,Jimena
V1,2009,2009-11-30,pro.fle,p0038,pompil3,i0263,12:27:00,1000,30,Rocio
V1,2010,2010-12-10,pro.fle,p0038,cop.ari,i0044,11:23,60000,1,nachu
V4,2011,2011-11-22,pro.fle,p0038,NA,NA,11:15,20,0,silvia
V1,2009,2009-11-30,pro.fle,p0038,sva.bom,i0010,13:13:00,120000,10,Nachu
V1,2009,2009-11-05,pro.fle,p0038,cop.ari,i0044,12:31:00,10000,20,Nachu
V1,2009,2009-11-25,pro.fle,p0038,api.mel,i0070,13:41:00,4800,20,nachu
V1,2010,2010-12-10,pro.fle,p0038,cos.chi,i0077,11:23,60000,1,nachu
V1,2008,2008-11-21,pro.fle,p0038,aug.sp,i0228,11:55:00,200,1,Nachu
V4,2011,2011-11-11,pro.fle,p0038,cop.ari,i0044,12:28,1000,4,enzo
V2,2006,2006-11-13,pro.fle,p0038,cop.ari,i0044,09:09,22,1,Diego
V2,2006,2006-10-24,pro.fle,p0038,xyl.ord,i0001,10:32,68,15,Erica
V1,2007,2007-11-20,pro.fle,p0038,exo.sp1,i0068,15:41,60,1,Nachu
V1,2009,2009-11-25,pro.fle,p0038,aud.sp,i0178,12:48:00,4000,5,Belen
V1,2008,2008-11-04,pro.fle,p0038,exo.sp1,i0068,10:40:00,600,1,Nachu
V4,2006,2006-11-13,pro.fle,p0038,api.mel,i0070,12:59,100,3,Beni
V2,2006,2006-11-13,pro.fle,p0038,bab.elo,i0075,13:04,80,1,Diego
V1,2008,2008-11-04,pro.fle,p0038,exo.sp1,i0068,13:05:00,6000,1,Nachu
V4,2008,2008-12-12,pro.fle,p0038,aug.sp,i0228,11:55:00,4,1,Nachu
V1,2010,2010-12-03,pro.fle,p0038,cop.sp2,i0052,7:50,500,2,silvia
V1,2010,2010-11-26,pro.fle,p0038,cop.ari,i0044,11:45:00,10000,10,Nachu
V1,2010,2010-12-10,pro.fle,p0038,aug.sp,i0228,11:51,270,2,silvia
V1,2011,2011-11-25,pro.fle,p0038,NA,NA,13:20,30,0,silvia
V1,2007,2007-11-15,pro.fle,p0038,cop.ari,i0044,11:31,100,1,Nachu
V1,2010,2010-12-10,pro.fle,p0038,tac.sp1,i0038,11:41,1000,1,nachu
V1,2009,2009-11-30,pro.fle,p0038,NA,NA,12:36:00,12000,0,Nachu
V4,2010,2010-11-19,pro.fle,p0038,api.mel,i0070,14:24,6000,30,silvia
V4,2011,2011-11-11,pro.fle,p0038,cop.ari,i0044,12:28,1000,10,enzo
V1,2009,2009-11-18,pro.fle,p0038,amm.sp1,i0126,11:35:00,32000,20,Nachu
V1,2009,2009-11-30,pro.fle,p0038,cos.chi,i0077,13:13:00,120000,10,Nachu
V4,2006,2006-11-13,pro.fle,p0038,api.mel,i0070,12:59,100,2,Beni
V2,2006,2006-11-13,pro.fle,p0038,NA,NA,11:07,25,0,Diego
V1,2010,2010-12-17,pro.fle,p0038,cop.ari,i0044,8:40,0,1,silvia
V1,2009,2009-11-05,pro.fle,p0038,cop.ari,i0044,12:07:00,3000,6,Belen
V3,2006,2006-11-20,pro.fle,p0038,exo.sp1,i0068,11:35,30,5,Beni
V1,2011,2011-12-13,pro.fle,p0038,str.eur,i0131,12:07,2800,1,nachu
V1,2006,2006-11-20,pro.fle,p0038,api.mel,i0070,11:55,20,2,Erica
V2,2006,2006-11-20,pro.fle,p0038,syr.sp3,i0093,13:10,40,1,Jimena
V1,2009,2009-11-05,pro.fle,p0038,NA,NA,10:06:00,1200,0,Rocio
V1,2010,2010-12-10,pro.fle,p0038,aug.sp,i0228,11:23,60000,10,nachu
V4,2009,2009-12-02,pro.fle,p0038,cam.mus,i0072,11:01:00,2400,3,Nachu
V1,2009,2009-11-25,pro.fle,p0038,api.mel,i0070,12:50:00,80000,20,nachu
V1,2010,2010-11-10,pro.fle,p0038,cos.chi,i0077,13:45,6000,1,silvia
V1,2007,2007-11-15,pro.fle,p0038,cop.sp2,i0052,12:29,45,1,Nachu
V1,2011,2011-11-25,pro.fle,p0038,NA,NA,13:27,200,0,silvia
V1,2011,2011-11-29,pro.fle,p0038,cam.pun,i0128,10:59,77,4,silvia
V1,2010,2010-12-10,pro.fle,p0038,sph.sp2,i0123,11:41,1000,10,nachu
V1,2007,2007-11-13,pro.fle,p0038,cop.ari,i0044,15:14,12,1,Nachu
V3,2006,2006-11-20,pro.fle,p0038,cop.ari,i0044,13:55,60,2,Beni
V2,2006,2006-11-13,pro.fle,p0038,exo.sp1,i0068,10:07,300,1,Diego
V1,2010,2010-11-26,pro.fle,p0038,bab.elo,i0075,12:38:00,14000,2,Nachu
V1,2009,2009-11-25,pro.fle,p0038,api.mel,i0070,12:50:00,80000,20,nachu
V1,2007,2007-11-06,pro.fle,p0038,col.bre,i0019,09:24,14,1,Nachu
V1,2008,2008-12-05,pro.fle,p0038,coleop2,i0221,11:28:00,4,1,Nachu
V1,2009,2009-11-11,pro.fle,p0038,api.mel,i0070,09:55:00,2000,10,Belen
V3,2006,2006-11-06,pro.fle,p0038,api.mel,i0070,10:37,400,1,Diego
V1,2010,2010-11-26,pro.fle,p0038,cop.ari,i0044,11:31:00,13200,35,Nachu
V2,2006,2006-11-13,pro.fle,p0038,cop.ari,i0044,09:44,100,1,Diego
V1,2009,2009-11-23,pro.fle,p0038,cam.pun,i0128,12:27:00,20000,5,rocio
V1,2010,2010-12-10,pro.fle,p0038,bombil8,i0085,11:41,1000,2,nachu
V1,2009,2009-11-11,pro.fle,p0038,exo.sp1,i0068,09:55:00,2000,1,Belen
V4,2010,2010-11-19,pro.fle,p0038,cop.ari,i0044,12:04,0,10,silvia
V2,2006,2006-11-13,pro.fle,p0038,api.mel,i0070,13:54,30,3,Diego
V2,2006,2006-11-13,pro.fle,p0038,cop.ari,i0044,12:21,50,2,Diego
V4,2011,2011-12-13,pro.fle,p0038,col.bic,i0097,10:14,4500,10,nachu
V1,2009,2009-11-05,pro.fle,p0038,cop.sp2,i0052,10:41:00,3600,5,Nachu
V1,2008,2008-12-05,pro.fle,p0038,coleop2,i0221,11:28:00,4,1,Nachu
V4,2009,2009-12-02,pro.fle,p0038,api.mel,i0070,11:01:00,2400,40,Nachu
V1,2011,2011-11-08,pro.fle,p0038,tac.sp10,i0191,12:10,1000,8,enzo
V1,2006,2006-11-20,pro.fle,p0038,api.mel,i0070,11:55,20,1,Erica
V1,2009,2009-11-25,pro.fle,p0038,api.mel,i0070,12:04:00,2000,10,Belen
V1,2010,2010-12-10,pro.fle,p0038,api.mel,i0070,11:23,60000,1,nachu
V1,2008,2008-11-21,pro.fle,p0038,exo.sp1,i0068,11:55:00,200,1,Nachu
V3,2006,2006-11-13,pro.fle,p0038,api.mel,i0070,12:20,500,1,Erica
V1,2007,2007-11-15,pro.fle,p0038,cop.ari,i0044,11:31,100,3,Nachu
V1,2006,2006-11-20,pro.fle,p0038,api.mel,i0070,11:15,13,7,Erica
V1,2009,2009-11-30,pro.fle,p0038,pompil3,i0263,13:00:00,60000,5,Nachu
V1,2009,2009-11-30,pro.fle,p0038,api.mel,i0070,13:00:00,60000,1,Nachu
V1,2009,2009-11-25,pro.fle,p0038,api.mel,i0070,13:41:00,4800,40,nachu
V1,2007,2007-11-15,pro.fle,p0038,cop.ari,i0044,11:31,100,2,Nachu
V1,2008,2008-11-11,pro.fle,p0038,exo.sp1,i0068,09:39:00,40,2,Nachu
V4,2009,2009-12-02,pro.fle,p0038,api.mel,i0070,11:01:00,2400,40,Nachu
V1,2009,2009-11-05,pro.fle,p0038,cop.ari,i0044,12:31:00,10000,5,Nachu
V3,2006,2006-11-13,pro.fle,p0038,hir.sp1,i0051,10:51,300,3,Erica
V1,2011,2011-12-13,pro.fle,p0038,str.eur,i0131,12:07,2800,15,nachu
V2,2006,2006-11-06,pro.fle,p0038,cop.ari,i0044,13:13,20,2,Diego
V1,2009,2009-11-25,pro.fle,p0038,api.mel,i0070,12:50:00,80000,20,nachu
V1,2006,2006-11-20,pro.fle,p0038,vill.sp1,i0114,13:35,20,1,Erica
V1,2010,2010-11-26,pro.fle,p0038,bab.elo,i0075,12:38:00,14000,10,Nachu
V1,2010,2010-12-03,pro.fle,p0038,cop.sp2,i0052,8:00,6000,1,silvia
V1,2009,2009-11-30,pro.fle,p0038,api.mel,i0070,13:00:00,60000,1,Nachu
V3,2006,2006-11-13,pro.fle,p0038,pol.cav,i0039,10:51,300,1,Erica
V1,2010,2010-12-10,pro.fle,p0038,tac.sp1,i0038,11:23,60000,15,nachu
V2,2006,2006-11-06,pro.fle,p0038,cop.ari,i0044,14:30,100,2,Diego
V1,2010,2010-12-10,pro.fle,p0038,NA,NA,11:41,1000,10,nachu
V1,2009,2009-12-11,pro.fle,p0038,tac.sp1,i0038,10:02:00,1500,3,Rocio
V1,2009,2009-11-30,pro.fle,p0038,api.mel,i0070,13:13:00,120000,10,Nachu
V1,2010,2010-12-17,pro.fle,p0038,cop.ari,i0044,8:36,1250,10,nachu
V1,2009,2009-12-02,pro.fle,p0038,exo.sp1,i0068,12:20:00,100000,10,Nachu
V1,2011,2011-11-08,pro.fle,p0038,exo.sp1,i0068,12:10,1000,3,enzo
V1,2009,2009-11-11,pro.fle,p0038,api.mel,i0070,10:25:00,5000,40,Nachu
V1,2009,2009-11-30,pro.fle,p0038,api.mel,i0070,12:50:00,24000,3,Nachu
V1,2010,2010-12-17,pro.fle,p0038,bombil8,i0085,8:40,0,1,silvia
V1,2008,2008-11-11,pro.fle,p0038,exo.sp1,i0068,09:39:00,40,1,Nachu
V1,2008,2008-11-04,pro.fle,p0038,aug.sp,i0228,13:05:00,6000,2,Nachu
V1,2009,2009-11-30,pro.fle,p0038,col.cog,i0169,13:13:00,120000,10,Nachu
V1,2010,2010-12-17,pro.fle,p0038,aug.sp,i0228,8:40,0,1,silvia
V1,2009,2009-12-02,pro.fle,p0038,cos.chi,i0077,12:20:00,100000,10,Nachu
V1,2008,2008-11-11,pro.fle,p0038,bab.elo,i0075,09:39:00,40,1,Nachu
V1,2010,2010-12-17,pro.fle,p0038,bombil8,i0085,8:36,1250,5,nachu
V1,2009,2009-11-30,pro.fle,p0038,col.cog,i0169,13:13:00,120000,10,Nachu
V1,2008,2008-11-21,pro.fle,p0038,NA,NA,11:00:00,12,0,Nachu
V1,2010,2010-12-03,pro.fle,p0038,cop.sp2,i0052,8:00,6000,1,silvia
V1,2010,2010-12-10,pro.fle,p0038,cop.sp2,i0052,11:41,1000,1,nachu
V1,2008,2008-11-04,pro.fle,p0038,aug.sp,i0228,11:39:00,1200,1,Nachu
V2,2006,2006-10-30,pro.fle,p0038,cop.ari,i0044,11:37,50,1,Diego
V1,2008,2008-11-11,pro.fle,p0038,bab.elo,i0075,09:39:00,40,1,Nachu
V2,2006,2006-11-13,pro.fle,p0038,cop.ari,i0044,13:04,80,1,Diego
V1,2007,2007-11-15,pro.fle,p0038,cop.ari,i0044,12:29,45,2,Nachu
V1,2009,2009-11-30,pro.fle,p0038,pompil3,i0263,13:00:00,60000,1,Nachu
V1,2010,2010-11-19,pro.fle,p0038,cop.ari,i0044,8:02,3800,1,silvia
V4,2009,2009-11-30,pro.fle,p0038,syr.sp1,i0045,10:29:00,1000,20,Rocio
V1,2008,2008-12-05,pro.fle,p0038,dih.sp1,i0031,09:48:00,1300,1,Nachu
V1,2009,2009-11-30,pro.fle,p0038,aug.sp,i0228,13:13:00,120000,10,Nachu
V1,2009,2009-12-02,pro.fle,p0038,pompil3,i0263,12:20:00,100000,10,Nachu
V3,2006,2006-11-13,pro.fle,p0038,api.mel,i0070,12:20,500,1,Erica
V1,2007,2007-11-15,pro.fle,p0038,exo.sp1,i0068,11:31,100,1,Nachu
V1,2008,2008-12-05,pro.fle,p0038,pir.com,i0132,11:05:00,16,1,Nachu
V1,2009,2009-11-18,pro.fle,p0038,exo.sp1,i0068,11:35:00,32000,20,Nachu
V1,2011,2011-12-13,pro.fle,p0038,str.eur,i0131,12:54,500,1,silvia
V1,2010,2010-12-17,pro.fle,p0038,bombil8,i0085,8:36,1250,5,nachu
V1,2010,2010-12-10,pro.fle,p0038,cop.ari,i0044,11:41,1000,20,nachu
V1,2010,2010-12-03,pro.fle,p0038,bombil8,i0085,8:00,6000,1,silvia
V1,2007,2007-11-13,pro.fle,p0038,cop.ari,i0044,15:14,12,3,Nachu
V1,2007,2007-11-20,pro.fle,p0038,exo.sp1,i0068,14:17,30,1,Nachu
V1,2008,2008-11-11,pro.fle,p0038,exo.sp1,i0068,11:07:00,38,1,Nachu
V1,2010,2010-12-10,pro.fle,p0038,tac.sp1,i0038,11:23,60000,1,nachu
V1,2009,2009-11-05,pro.fle,p0038,api.mel,i0070,12:07:00,3000,20,Belen
V1,2011,2011-11-08,pro.fle,p0038,cop.ari,i0044,12:10,1000,8,enzo
V1,2009,2009-11-25,pro.fle,p0038,api.mel,i0070,12:48:00,4000,45,Belen
V2,2006,2006-11-13,pro.fle,p0038,aug.sp,i0228,09:44,100,2,Diego
V3,2006,2006-11-20,pro.fle,p0038,api.mel,i0070,14:03,40,1,Beni
V1,2007,2007-11-15,pro.fle,p0038,cop.ari,i0044,12:29,45,1,Nachu
V1,2006,2006-11-20,pro.fle,p0038,aug.sp,i0228,13:50,25,4,Erica
V1,2009,2009-11-09,pro.fle,p0038,NA,NA,12:53:00,100,0,Rocio
V4,2009,2009-11-25,pro.fle,p0038,api.mel,i0070,10:59:00,10000,2,nachu
V1,2007,2007-11-13,pro.fle,p0038,cop.ari,i0044,15:14,12,1,Nachu
V1,2010,2010-12-03,pro.fle,p0038,cop.sp2,i0052,8:00,6000,1,silvia
V1,2008,2008-11-21,pro.fle,p0038,amm.sp1,i0126,11:55:00,200,3,Nachu
V1,2010,2010-11-19,pro.fle,p0038,cop.ari,i0044,8:02,3800,1,silvia
V1,2008,2008-11-04,pro.fle,p0038,api.mel,i0070,13:05:00,6000,4,Nachu
V1,2010,2010-12-10,pro.fle,p0038,tac.sp1,i0038,11:41,1000,20,nachu
V1,2009,2009-11-11,pro.fle,p0038,api.mel,i0070,10:25:00,5000,30,Nachu
V1,2008,2008-11-11,pro.fle,p0038,exo.sp1,i0068,11:07:00,38,1,Nachu
V2,2006,2007-01-19,pro.cun,p0039,tat.aut,i0076,09:47,410,3,Nachu
V3,2006,2007-01-19,pro.cun,p0039,bombil8,i0085,09:05,100,1,Jimena
V1,2006,2007-01-19,pro.cun,p0039,cop.sp2,i0052,08:29,85,1,Diego
V3,2006,2007-01-19,pro.cun,p0039,cop.sp2,i0052,07:59,350,2,Jimena
V1,2006,2007-01-19,pro.cun,p0039,cop.ari,i0044,09:06,120,1,Diego
V3,2006,2007-01-19,pro.cun,p0039,api.mel,i0070,07:59,350,3,Jimena
V3,2006,2007-01-19,pro.cun,p0039,api.mel,i0070,07:59,350,3,Jimena
V3,2006,2007-01-19,pro.cun,p0039,api.mel,i0070,07:59,350,3,Jimena
V1,2006,2007-01-19,pro.cun,p0039,aug.sp,i0228,09:06,120,1,Diego
V2,2006,2007-01-19,pro.cun,p0039,bom.opi,i0002,09:47,410,6,Nachu
V2,2006,2007-01-19,pro.cun,p0039,bom.opi,i0002,09:47,410,11,Nachu
V2,2006,2007-01-19,pro.cun,p0039,bom.opi,i0002,09:47,410,5,Nachu
V3,2006,2007-01-19,pro.cun,p0039,bombil8,i0085,07:59,350,1,Jimena
V2,2006,2007-01-19,pro.cun,p0039,lepid11,i0215,09:47,410,3,Nachu
V3,2006,2007-01-19,pro.cun,p0039,bombil8,i0085,08:52,200,1,Jimena
V3,2006,2007-01-19,pro.cun,p0039,api.mel,i0070,07:59,350,3,Jimena
V3,2006,2007-01-19,pro.cun,p0039,bombil8,i0085,08:52,200,1,Jimena
V2,2006,2007-01-19,pro.cun,p0039,bom.opi,i0002,07:35,90,1,Nachu
V1,2006,2007-01-19,pro.cun,p0039,aug.sp,i0228,09:59,70,1,Diego
V3,2006,2007-01-19,pro.cun,p0039,api.mel,i0070,07:59,350,3,Jimena
V2,2006,2007-01-19,pro.cun,p0039,cop.sp2,i0052,08:00,120,2,Nachu
V2,2006,2007-01-19,pro.cun,p0039,cop.sp2,i0052,08:00,120,1,Nachu
V3,2006,2007-01-19,pro.cun,p0039,str.eur,i0131,10:37,300,2,Jimena
V1,2006,2007-01-19,pro.cun,p0039,cop.sp2,i0052,09:06,120,1,Diego
V3,2006,2007-01-19,pro.cun,p0039,api.mel,i0070,07:59,350,3,Jimena
V2,2006,2007-01-19,pro.cun,p0039,cop.sp2,i0052,09:47,410,2,Nachu
V3,2006,2007-01-19,pro.cun,p0039,api.mel,i0070,10:37,300,5,Jimena
V3,2006,2007-01-19,pro.cun,p0039,api.mel,i0070,07:59,350,3,Jimena
V3,2006,2007-01-19,pro.cun,p0039,api.mel,i0070,07:59,350,3,Jimena
V3,2006,2007-01-19,pro.cun,p0039,dih.sp1,i0031,09:58,70,1,Jimena
V3,2006,2007-01-19,pro.cun,p0039,lepid11,i0215,10:37,300,1,Jimena
V1,2006,2007-01-19,pro.cun,p0039,api.mel,i0070,08:29,85,3,Diego
V2,2006,2007-01-19,pro.cun,p0039,cop.sp2,i0052,08:00,120,1,Nachu
V3,2006,2007-01-19,pro.cun,p0039,bom.opi,i0002,10:25,1000,8,Jimena
V3,2006,2007-01-19,pro.cun,p0039,api.mel,i0070,07:59,350,3,Jimena
V3,2006,2007-01-19,pro.cun,p0039,api.mel,i0070,10:37,300,1,Jimena
V3,2006,2007-01-19,pro.cun,p0039,api.mel,i0070,10:25,1000,2,Jimena
V3,2006,2007-01-19,pro.cun,p0039,cos.chi,i0077,10:25,1000,4,Jimena
V2,2006,2007-01-19,pro.cun,p0039,api.mel,i0070,07:35,90,1,Nachu
V1,2006,2007-01-19,pro.cun,p0039,aug.sp,i0228,09:06,120,1,Diego
V3,2006,2007-01-19,pro.cun,p0039,api.mel,i0070,10:37,300,1,Jimena
V2,2006,2007-01-19,pro.cun,p0039,cop.sp2,i0052,08:00,120,1,Nachu
V3,2006,2007-01-19,pro.cun,p0039,cos.chi,i0077,10:37,300,4,Jimena
V2,2006,2007-01-19,pro.cun,p0039,com.ful,i0059,09:47,410,2,Nachu
V1,2006,2007-01-19,pro.cun,p0039,bom.opi,i0002,08:29,85,1,Diego
V3,2006,2007-01-19,pro.cun,p0039,api.mel,i0070,07:59,350,3,Jimena
V3,2006,2007-01-19,pro.cun,p0039,api.mel,i0070,07:59,350,3,Jimena
V3,2006,2007-01-19,pro.cun,p0039,cos.chi,i0077,09:05,100,3,Jimena
V1,2006,2007-01-19,pro.cun,p0039,cop.ari,i0044,09:59,70,1,Diego
V3,2006,2007-01-19,pro.cun,p0039,cen.bre,i0007,09:58,70,2,Jimena
V3,2006,2007-01-19,pro.cun,p0039,bombil8,i0085,09:05,100,1,Jimena
V3,2006,2007-01-19,pro.cun,p0039,api.mel,i0070,07:59,350,3,Jimena
V3,2006,2007-01-19,pro.cun,p0039,api.mel,i0070,07:59,350,3,Jimena
V3,2006,2007-01-19,pro.cun,p0039,bombil8,i0085,09:05,100,1,Jimena
V3,2006,2007-01-19,pro.cun,p0039,cos.chi,i0077,10:25,1000,2,Jimena
V3,2006,2007-01-19,pro.cun,p0039,api.mel,i0070,07:59,350,3,Jimena
V1,2006,2007-01-19,pro.cun,p0039,cop.ari,i0044,10:22,100,1,Diego
V3,2006,2007-01-19,pro.cun,p0039,cop.sp2,i0052,08:52,200,1,Jimena
V3,2006,2007-01-19,pro.cun,p0039,api.mel,i0070,10:37,300,2,Jimena
V1,2006,2007-01-19,pro.cun,p0039,aug.sp,i0228,08:29,85,1,Diego
V1,2006,2007-01-19,pro.cun,p0039,xyl.ord,i0001,08:29,85,1,Diego
V2,2006,2007-01-19,pro.cun,p0039,cop.sp2,i0052,07:35,90,1,Nachu
V3,2006,2007-01-19,pro.cun,p0039,api.mel,i0070,10:25,1000,9,Jimena
V3,2006,2007-01-19,pro.cun,p0039,bombil8,i0085,09:05,100,1,Jimena
V3,2006,2007-01-19,pro.cun,p0039,api.mel,i0070,07:59,350,3,Jimena
V3,2006,2007-01-19,pro.cun,p0039,api.mel,i0070,10:25,1000,24,Jimena
V3,2006,2007-01-19,pro.cun,p0039,api.mel,i0070,07:59,350,3,Jimena
V3,2006,2007-01-19,pro.cun,p0039,cos.chi,i0077,10:25,1000,3,Jimena
V2,2006,2007-01-19,pro.cun,p0039,api.mel,i0070,08:00,120,1,Nachu
V3,2006,2007-01-19,pro.cun,p0039,bom.opi,i0002,07:59,350,7,Jimena
V2,2006,2007-01-19,pro.cun,p0039,str.eur,i0131,09:47,410,3,Nachu
V3,2006,2007-01-19,pro.cun,p0039,sva.bom,i0010,10:37,300,18,Jimena
V3,2006,2007-01-19,pro.cun,p0039,api.mel,i0070,08:52,200,2,Jimena
V3,2006,2007-01-19,pro.cun,p0039,api.mel,i0070,07:59,350,3,Jimena
V3,2006,2007-01-19,pro.cun,p0039,api.mel,i0070,07:59,350,3,Jimena
V3,2006,2007-01-19,pro.cun,p0039,api.mel,i0070,07:59,350,3,Jimena
V2,2006,2007-01-19,pro.cun,p0039,tat.aut,i0076,09:47,410,5,Nachu
V3,2006,2007-01-19,pro.cun,p0039,api.mel,i0070,07:59,350,3,Jimena
V3,2006,2007-01-19,pro.cun,p0039,api.mel,i0070,07:59,350,3,Jimena
V3,2006,2007-01-19,pro.cun,p0039,cos.chi,i0077,10:37,300,10,Jimena
V2,2006,2007-01-19,pro.cun,p0039,cop.sp2,i0052,07:35,90,1,Nachu
V2,2006,2007-01-19,pro.cun,p0039,cop.sp2,i0052,08:00,120,1,Nachu
V1,2006,2007-01-19,pro.cun,p0039,cop.sp2,i0052,09:59,70,1,Diego
V1,2006,2007-01-19,pro.cun,p0039,lepid12,i0268,09:59,70,1,Diego
V3,2006,2007-01-19,pro.cun,p0039,cos.chi,i0077,09:58,70,5,Jimena
V3,2006,2007-01-19,pro.cun,p0039,api.mel,i0070,07:59,350,3,Jimena
V1,2006,2007-01-19,pro.cun,p0039,cop.sp2,i0052,09:59,70,1,Diego
V3,2006,2007-01-19,pro.cun,p0039,muscid1,i0053,09:05,100,1,Jimena
V3,2006,2007-01-19,pro.cun,p0039,api.mel,i0070,07:59,350,3,Jimena
V3,2006,2007-01-19,pro.cun,p0039,bombil8,i0085,09:58,70,1,Jimena
V2,2006,2007-01-19,pro.cun,p0039,NA,NA,10:42,130,0,Nachu
V3,2006,2007-01-19,pro.cun,p0039,api.mel,i0070,10:25,1000,5,Jimena
V4,2008,2008-11-11,ros.sp1,p0040,NA,NA,14:07:00,42,0,Nachu
V4,2009,2009-11-18,ros.sp1,p0040,NA,NA,12:22:00,25,0,Nachu
V2,2006,2006-11-13,ros.sp1,p0040,NA,NA,13:39,15,0,Diego
V4,2009,2009-11-11,ros.sp1,p0040,NA,NA,11:45:00,9,0,Nachu
NA,NA,NA,sch.mol,p0041,NA,NA,NA,NA,NA,NA
V1,2008,2008-10-24,spa.jun,p0042,cop.sp2,i0052,12:15:00,700,2,Nachu
V1,2011,2011-11-18,spa.jun,p0042,aug.sp,i0228,09:38,115,1,silvia
V1,2011,2011-11-04,spa.jun,p0042,hir.sp1,i0051,08:49,170,1,nachu
V1,2011,2011-11-18,spa.jun,p0042,cop.ari,i0044,09:38,115,1,silvia
V1,2010,2010-11-10,spa.jun,p0042,cos.chi,i0077,11:30,600,3,silvia
V1,2011,2011-10-18,spa.jun,p0042,xyl.ord,i0001,11:15,170,2,nachu
V1,2011,2011-10-28,spa.jun,p0042,cop.ari,i0044,09:35,50,1,enzo
V1,2011,2011-10-18,spa.jun,p0042,bom.opi,i0002,11:53,400,2,nachu
V1,2006,2006-10-24,spa.jun,p0042,bom.opi,i0002,10:45,65,2,Beni
V1,2011,NA,spa.jun,p0042,xyl.ord,i0001,08:50,20,2,enzo
V4,2006,2006-11-06,spa.jun,p0042,hir.sp1,i0051,12:25,400,1,Nachu
V1,2008,2008-12-17,spa.jun,p0042,NA,NA,10:16:00,31,0,Nachu
V1,2011,2011-11-04,spa.jun,p0042,api.mel,i0070,09:20,500,1,silvia
V1,2008,2008-11-21,spa.jun,p0042,xyl.ord,i0001,08:12:00,250,2,Nachu
V1,2011,2011-10-18,spa.jun,p0042,cop.ari,i0044,11:15,170,1,nachu
V1,2011,2011-10-21,spa.jun,p0042,xyl.ord,i0001,09:05,900,2,nachu
V1,2006,2006-11-13,spa.jun,p0042,NA,NA,09:09,150,0,Jimena
V1,2011,2011-11-01,spa.jun,p0042,cop.ari,i0044,11:14,50,2,enzo
V1,2011,2011-11-08,spa.jun,p0042,bom.opi,i0002,11:28,80,4,nachu
V1,2011,2011-11-04,spa.jun,p0042,cop.ari,i0044,09:20,500,1,silvia
V1,2008,2008-10-21,spa.jun,p0042,bom.opi,i0002,13:02:00,1000,1,Nachu
V1,2008,2008-10-10,spa.jun,p0042,xyl.ord,i0001,10:04:00,6,1,Nachu
V1,2011,2011-10-18,spa.jun,p0042,cop.ari,i0044,11:53,400,1,nachu
V4,2006,2006-11-06,spa.jun,p0042,hir.sp1,i0051,12:25,400,2,Nachu
V1,2011,2011-10-04,spa.jun,p0042,cop.sp2,i0052,10:15,70,3,silvia
V1,2008,2008-10-24,spa.jun,p0042,bom.opi,i0002,12:15:00,700,4,Nachu
V1,2011,2011-10-11,spa.jun,p0042,cop.ari,i0044,11:25,250,1,silvia
V1,2011,2011-10-18,spa.jun,p0042,cop.ari,i0044,11:52,50,4,enzo
V1,2008,2008-11-21,spa.jun,p0042,aug.sp,i0228,08:12:00,250,3,Nachu
V1,2009,2009-10-28,spa.jun,p0042,bom.opi,i0002,11:33:00,60,3,rocio
V1,2011,2011-10-28,spa.jun,p0042,xyl.ord,i0001,08:44,30,1,enzo
V4,2006,2006-11-06,spa.jun,p0042,hir.sp1,i0051,13:20,40,1,Nachu
V1,2011,2011-11-08,spa.jun,p0042,cop.ari,i0044,11:35,50,3,enzo
V1,2006,2006-10-24,spa.jun,p0042,hir.sp1,i0051,10:47,65,3,Beni
V1,2011,2011-10-18,spa.jun,p0042,cop.ari,i0044,11:53,400,1,nachu
V1,2011,2011-10-28,spa.jun,p0042,cop.sp2,i0052,09:35,50,1,enzo
V1,2007,2007-11-13,spa.jun,p0042,hir.sp1,i0051,14:48,100,2,Nachu
V1,2009,2009-11-05,spa.jun,p0042,bom.opi,i0002,10:51:00,37,3,Nachu
V1,2011,2011-10-18,spa.jun,p0042,cop.ari,i0044,11:53,400,1,nachu
V1,2011,2011-10-28,spa.jun,p0042,api.mel,i0070,08:32,600,1,nachu
V1,2007,2007-11-27,spa.jun,p0042,xyl.ord,i0001,08:02,110,4,Nachu
V1,2008,2008-11-21,spa.jun,p0042,cen.bre,i0007,08:12:00,250,5,Nachu
V1,2006,2006-10-30,spa.jun,p0042,hir.sp1,i0051,10:50,40,1,Beni
V1,2011,2011-10-21,spa.jun,p0042,cop.ari,i0044,08:35,900,4,nachu
V1,2008,2008-12-05,spa.jun,p0042,xyl.ord,i0001,09:12:00,9,3,Nachu
V1,2008,2008-11-21,spa.jun,p0042,xyl.ord,i0001,08:12:00,250,5,Nachu
V1,2008,2008-11-21,spa.jun,p0042,cop.ari,i0044,08:12:00,250,1,Nachu
V1,2008,2008-11-21,spa.jun,p0042,aug.sp,i0228,08:33:00,150,3,Nachu
V1,2011,2011-10-04,spa.jun,p0042,cop.ari,i0044,10:15,70,3,silvia
V1,2009,2009-10-28,spa.jun,p0042,NA,NA,12:28:00,60,0,Belen
V1,2011,2011-10-14,spa.jun,p0042,NA,NA,10:59,400,1,nachu
V1,2007,2007-11-27,spa.jun,p0042,cop.sp2,i0052,07:47,100,1,Nachu
V1,2011,2011-10-18,spa.jun,p0042,cop.ari,i0044,11:15,170,1,nachu
V1,2007,2007-11-06,spa.jun,p0042,xyl.ord,i0001,07:44,150,11,Nachu
V1,2011,2011-10-18,spa.jun,p0042,cop.ari,i0044,11:53,400,1,nachu
V4,2010,2010-11-10,spa.jun,p0042,com.ful,i0059,11:20,550,2,silvia
V1,2011,2011-10-14,spa.jun,p0042,acr.lob,i0071,10:25:00,92,1,silvia
V1,2007,2007-11-06,spa.jun,p0042,cop.ari,i0044,07:44,150,1,Nachu
V1,2007,2007-11-06,spa.jun,p0042,com.ful,i0059,08:57,200,7,Nachu
V1,2011,2011-10-21,spa.jun,p0042,cop.ari,i0044,08:35,900,1,nachu
V1,2007,2007-11-27,spa.jun,p0042,str.eur,i0131,07:47,100,1,Nachu
V1,2009,2009-10-28,spa.jun,p0042,cop.ari,i0044,13:07:00,500,3,nachu
V1,2011,2011-11-04,spa.jun,p0042,cop.ari,i0044,09:01,800,1,nachu
V1,2011,2011-10-14,spa.jun,p0042,xyl.ord,i0001,fuera del censo,326,1,silvia
V1,2007,2007-10-25,spa.jun,p0042,xyl.ord,i0001,11:15,100,3,Nachu
V4,2006,2006-11-06,spa.jun,p0042,hir.sp1,i0051,12:25,400,1,Nachu
V1,2009,2009-11-05,spa.jun,p0042,cop.ari,i0044,11:17:00,100,1,Belen
V1,2010,2010-10-28,spa.jun,p0042,cop.ari,i0044,11:35:00,1000,1,Nachu
V1,2008,2008-12-05,spa.jun,p0042,pir.com,i0132,09:12:00,9,1,Nachu
V1,2006,2006-10-24,spa.jun,p0042,xyl.ord,i0001,15:28,30,4,Beni
V1,2011,2011-11-18,spa.jun,p0042,cop.ari,i0044,09:38,115,1,silvia
V1,2011,2011-10-28,spa.jun,p0042,cop.ari,i0044,08:32,600,1,nachu
V1,2008,2008-10-24,spa.jun,p0042,bom.opi,i0002,12:31:00,500,5,Nachu
V1,2011,2011-11-08,spa.jun,p0042,hir.sp1,i0051,11:28,80,1,nachu
V1,2011,2011-11-08,spa.jun,p0042,cop.ari,i0044,11:41,40,2,enzo
V1,2008,2008-11-21,spa.jun,p0042,cop.ari,i0044,08:33:00,150,1,Nachu
V4,2011,2011-11-11,spa.jun,p0042,cop.ari,i0044,11:58,50,1,enzo
V1,2011,2011-10-18,spa.jun,p0042,cop.ari,i0044,11:15,170,1,nachu
V1,2011,2011-10-28,spa.jun,p0042,cop.ari,i0044,08:32,600,1,nachu
V1,2009,2009-10-28,spa.jun,p0042,cop.ari,i0044,13:07:00,500,2,nachu
V1,2008,2008-10-28,spa.jun,p0042,bom.opi,i0002,09:41:00,1000,1,Nachu
V1,2008,2008-11-21,spa.jun,p0042,aug.sp,i0228,08:33:00,150,1,Nachu
V1,2006,2006-10-24,spa.jun,p0042,cos.chi,i0077,11:48,85,4,Beni
V1,2011,2011-11-01,spa.jun,p0042,cop.ari,i0044,11:01,400,3,nachu
V1,2008,2008-11-21,spa.jun,p0042,cos.chi,i0077,09:24:00,21,1,Nachu
V1,2006,2006-10-30,spa.jun,p0042,cam.mus,i0072,10:50,40,4,Beni
V1,2011,2011-10-11,spa.jun,p0042,cop.ari,i0044,11:25,250,1,silvia
V4,2011,2011-11-11,spa.jun,p0042,hir.sp1,i0051,11:58,50,1,enzo
V1,2011,2011-10-25,spa.jun,p0042,cop.ari,i0044,11:27,300,1,nachu
V1,2011,2011-10-18,spa.jun,p0042,pir.com,i0132,11:53,400,1,nachu
V1,2011,2011-10-18,spa.jun,p0042,NA,NA,11:30,50,0,enzo
V1,2010,2010-11-10,spa.jun,p0042,cos.chi,i0077,11:30,600,2,silvia
V1,2011,2011-11-08,spa.jun,p0042,hir.sp1,i0051,11:41,40,4,enzo
V1,2011,2011-11-01,spa.jun,p0042,cop.ari,i0044,11:14,50,1,enzo
V1,2011,2011-10-21,spa.jun,p0042,cop.ari,i0044,09:05,900,11,nachu
V1,2011,NA,spa.jun,p0042,cop.ari,i0044,09:32,30,1,enzo
V1,2006,2006-10-30,spa.jun,p0042,acr.lob,i0071,10:45,30,2,Beni
V1,2011,2011-10-21,spa.jun,p0042,cos.chi,i0077,09:05,900,1,nachu
V1,2008,2008-11-21,spa.jun,p0042,cop.ari,i0044,08:12:00,250,1,Nachu
V1,2007,2007-11-08,spa.jun,p0042,NA,NA,13:52,350,0,Nachu
V1,2011,NA,spa.jun,p0042,xyl.ord,i0001,09:32,30,3,enzo
V1,2011,2011-11-04,spa.jun,p0042,cop.ari,i0044,09:01,800,3,nachu
V1,2006,2006-10-30,spa.jun,p0042,bom.opi,i0002,10:10,95,2,Beni
V1,2010,2010-11-10,spa.jun,p0042,cos.chi,i0077,11:30,600,1,silvia
V1,2009,2009-11-18,spa.jun,p0042,hir.sp1,i0051,09:56:00,800,2,Nachu
V1,2011,2011-11-04,spa.jun,p0042,cop.ari,i0044,09:01,800,1,nachu
V1,2009,2009-10-28,spa.jun,p0042,xyl.ord,i0001,11:56:00,300,1,rocio
V1,2011,2011-11-08,spa.jun,p0042,hir.sp1,i0051,11:28,80,1,nachu
V1,2011,2011-11-18,spa.jun,p0042,cop.ari,i0044,09:38,115,2,silvia
V1,2008,2008-11-21,spa.jun,p0042,xyl.ord,i0001,08:33:00,150,6,Nachu
V1,2011,2011-10-11,spa.jun,p0042,cop.ari,i0044,11:25,250,1,silvia
V1,2011,2011-11-04,spa.jun,p0042,syr.sp1,i0045,08:53,50,2,enzo
V1,2011,2011-11-01,spa.jun,p0042,cop.ari,i0044,11:01,400,1,nachu
V1,2011,2011-10-11,spa.jun,p0042,NA,NA,11:25,250,0,silvia
V1,2008,2008-11-21,spa.jun,p0042,cos.chi,i0077,08:33:00,150,1,Nachu
V1,2011,2011-10-18,spa.jun,p0042,cop.ari,i0044,11:15,170,1,nachu
V4,2010,2010-11-10,spa.jun,p0042,NA,NA,11:20,550,1,silvia
V1,2009,2009-10-26,spa.jun,p0042,hir.sp1,i0051,09:39:00,75,1,nachu
V1,2011,2011-10-18,spa.jun,p0042,cop.ari,i0044,11:53,400,2,nachu
V1,2006,2006-10-16,spa.jun,p0042,NA,NA,16:00,41,0,Nachu
V1,2011,2011-10-04,spa.jun,p0042,dih.sp1,i0031,09:26,7,1,silvia
V1,2009,2009-11-05,spa.jun,p0042,syr.sp1,i0045,11:40:00,100,2,Belen
V1,2011,2011-10-21,spa.jun,p0042,cop.ari,i0044,08:35,900,2,nachu
V1,2011,2011-10-18,spa.jun,p0042,cop.ari,i0044,11:52,50,5,enzo
V1,2007,2007-11-02,spa.jun,p0042,NA,NA,11:45,100,0,Nachu
V1,2011,2011-11-11,spa.jun,p0042,hir.sp1,i0051,12:08,270,3,silvia
V1,2011,2011-11-01,spa.jun,p0042,cop.ari,i0044,11:01,400,2,nachu
V1,2007,2007-11-27,spa.jun,p0042,cop.ari,i0044,07:47,100,1,Nachu
V4,2006,2006-11-06,spa.jun,p0042,hir.sp1,i0051,14:05,200,2,Nachu
V1,2008,2008-11-11,spa.jun,p0042,xyl.ord,i0001,08:23:00,300,26,Nachu
V1,2009,2009-10-28,spa.jun,p0042,bom.opi,i0002,13:07:00,500,2,nachu
V1,2011,2011-10-18,spa.jun,p0042,cop.ari,i0044,11:15,170,1,nachu
V1,2007,2007-11-06,spa.jun,p0042,api.mel,i0070,07:38,200,3,Nachu
V1,2011,2011-10-11,spa.jun,p0042,syr.sp1,i0045,11:25,250,1,silvia
V1,2008,2008-11-21,spa.jun,p0042,aug.sp,i0228,08:33:00,150,1,Nachu
V1,2009,2009-10-26,spa.jun,p0042,NA,NA,10:05:00,110,0,nachu
V1,2011,2011-10-21,spa.jun,p0042,xyl.ord,i0001,09:05,900,1,nachu
V1,2011,2011-11-04,spa.jun,p0042,cop.ari,i0044,09:01,800,1,nachu
V1,2007,2007-11-06,spa.jun,p0042,cop.sp2,i0052,07:38,200,1,Nachu
V1,2011,2011-10-25,spa.jun,p0042,cop.ari,i0044,11:27,300,1,nachu
V1,2011,2011-11-08,spa.jun,p0042,zet.sp1,i0037,11:41,40,1,enzo
V1,2010,2010-11-10,spa.jun,p0042,exo.sp1,i0068,11:30,600,2,silvia
V1,2008,2008-10-28,spa.jun,p0042,cop.ari,i0044,08:49:00,600,2,Nachu
V1,2009,2009-11-11,spa.jun,p0042,NA,NA,09:38:00,900,0,Nachu
V1,2008,2008-11-11,spa.jun,p0042,meg.A,i0003,09:21:00,300,3,Nachu
V1,2011,2011-10-11,spa.jun,p0042,NA,NA,12:15,250,0,silvia
V1,2011,2011-10-11,spa.jun,p0042,NA,NA,12:15,250,0,silvia
V1,2011,2011-10-21,spa.jun,p0042,cop.ari,i0044,08:35,900,3,nachu
V1,2006,2006-10-30,spa.jun,p0042,com.ful,i0059,10:10,95,1,Beni
V1,2011,2011-10-14,spa.jun,p0042,cop.ari,i0044,10:59,400,1,nachu
V1,2009,2009-10-28,spa.jun,p0042,xyl.spl,i0094,11:33:00,60,1,rocio
V1,2006,2006-10-30,spa.jun,p0042,cam.mus,i0072,10:55,40,3,Beni
V1,2008,2008-10-24,spa.jun,p0042,cop.sp2,i0052,12:15:00,700,2,Nachu
V1,2008,2008-10-24,spa.jun,p0042,NA,NA,11:26:00,300,0,Diego
V1,2011,2011-10-21,spa.jun,p0042,xyl.ord,i0001,09:05,900,1,nachu
V1,2009,2009-10-28,spa.jun,p0042,NA,NA,11:25:00,50,0,Belen
V1,2007,2007-10-23,spa.jun,p0042,bom.opi,i0002,11:11,20,2,Nachu
V1,2011,2011-10-21,spa.jun,p0042,cop.ari,i0044,08:35,200,3,silvia
V1,2009,2009-10-28,spa.jun,p0042,bombil7,i0116,11:39:00,40,1,Belen
V1,2010,2010-11-10,spa.jun,p0042,NA,NA,11:30,600,1,silvia
V1,2008,2008-11-04,spa.jun,p0042,cop.ari,i0044,08:06:00,800,1,Nachu
V1,2006,2006-11-13,spa.jun,p0042,cop.ari,i0044,09:25,10,1,Jimena
V1,2011,2011-11-04,spa.jun,p0042,cop.ari,i0044,08:49,170,1,nachu
V1,2008,2008-10-24,spa.jun,p0042,cop.sp2,i0052,12:15:00,700,1,Nachu
V1,2011,2011-10-11,spa.jun,p0042,aug.sp,i0228,12:15,250,1,silvia
V1,2008,2008-11-21,spa.jun,p0042,cop.ari,i0044,08:12:00,250,1,Nachu
V1,2006,2006-10-24,spa.jun,p0042,bom.opi,i0002,10:35,52,4,Beni
V1,2007,2007-11-08,spa.jun,p0042,ase.mon,i0180,14:37,200,1,Nachu
V1,2011,2011-10-18,spa.jun,p0042,cop.ari,i0044,11:15,170,1,nachu
V1,2006,2006-10-30,spa.jun,p0042,syr.sp1,i0045,11:10,20,2,Beni
V1,2010,2010-11-10,spa.jun,p0042,cos.chi,i0077,11:30,600,1,silvia
V4,2006,2006-11-06,spa.jun,p0042,hir.sp1,i0051,12:25,400,1,Nachu
V1,2010,2010-11-10,spa.jun,p0042,cop.ari,i0044,11:30,600,2,silvia
V4,2006,2006-11-06,spa.jun,p0042,hir.sp1,i0051,12:25,400,1,Nachu
V1,2009,2009-10-21,spa.jun,p0042,NA,NA,12:06:00,6,0,belen
V1,2011,2011-10-04,spa.jun,p0042,str.eur,i0131,10:15,70,1,silvia
V1,2007,2007-11-27,spa.jun,p0042,xyl.ord,i0001,07:34,200,24,Nachu
V1,2008,2008-10-24,spa.jun,p0042,cop.ari,i0044,12:31:00,500,1,Nachu
V1,2011,2011-11-04,spa.jun,p0042,cop.ari,i0044,09:20,500,1,silvia
V1,2006,2006-10-30,spa.jun,p0042,cam.mus,i0072,10:55,40,1,Beni
V4,2010,2010-11-10,spa.jun,p0042,xyl.spl,i0094,11:20,550,1,silvia
V1,2011,2011-10-11,spa.jun,p0042,str.eur,i0131,12:15,250,1,silvia
V1,2007,2007-12-11,spa.jun,p0042,bom.opi,i0002,08:16,40,2,Nachu
V1,2011,2011-10-28,spa.jun,p0042,xyl.ord,i0001,08:32,600,2,nachu
V1,2007,2007-10-29,spa.jun,p0042,xyl.aug,i0095,15:10,100,2,Nachu
V1,2011,2011-10-18,spa.jun,p0042,cop.ari,i0044,11:53,400,5,nachu
V1,2011,2011-10-28,spa.jun,p0042,cop.ari,i0044,09:35,50,1,enzo
V1,2010,2010-11-26,spa.jun,p0042,cos.chi,i0077,11:10:00,140,1,Nachu
V1,2011,2011-10-14,spa.jun,p0042,cop.ari,i0044,10:59,400,1,nachu
V1,2008,2008-10-17,spa.jun,p0042,bom.opi,i0002,15:07:00,100,1,Nachu
V1,2011,2011-10-18,spa.jun,p0042,cop.ari,i0044,11:52,50,1,enzo
V1,2007,2007-11-20,spa.jun,p0042,NA,NA,13:04,250,0,Nachu
V1,2011,2011-10-11,spa.jun,p0042,cop.ari,i0044,12:15,250,1,silvia
V1,2011,2011-10-11,spa.jun,p0042,cop.ari,i0044,12:15,250,1,silvia
V1,2011,2011-10-11,spa.jun,p0042,cop.ari,i0044,12:15,250,1,silvia
V1,2011,2011-10-25,spa.jun,p0042,cop.ari,i0044,11:27,300,2,nachu
V1,2011,2011-11-08,spa.jun,p0042,bom.opi,i0002,11:35,50,1,enzo
V1,2011,2011-10-21,spa.jun,p0042,cop.ari,i0044,08:35,200,1,silvia
V1,2009,2009-11-05,spa.jun,p0042,syr.sp1,i0045,09:24:00,200,1,Rocio
V1,2010,2010-11-10,spa.jun,p0042,cop.ari,i0044,11:30,600,1,silvia
V1,2009,2009-10-28,spa.jun,p0042,aud.sp,i0178,11:56:00,300,10,rocio
V1,2008,2008-11-21,spa.jun,p0042,bom.opi,i0002,08:12:00,250,2,Nachu
V1,2011,2011-10-21,spa.jun,p0042,NA,NA,08:35,200,1,silvia
V1,2011,2011-11-01,spa.jun,p0042,cop.ari,i0044,11:01,400,1,nachu
V1,2010,2010-10-28,spa.jun,p0042,NA,NA,11:21:00,1500,0,Nachu
V1,2011,2011-10-18,spa.jun,p0042,cop.ari,i0044,11:53,400,1,nachu
V1,2011,2011-10-21,spa.jun,p0042,xyl.ord,i0001,08:35,900,1,nachu
V1,2011,2011-10-18,spa.jun,p0042,bom.opi,i0002,11:53,400,9,nachu
V1,2010,2010-11-05,spa.jun,p0042,cos.chi,i0077,9:57,350,1,silvia
V1,2009,2009-11-05,spa.jun,p0042,NA,NA,12:38:00,240,0,Rocio
V1,2007,2007-10-29,spa.jun,p0042,coc.sp2,i0144,15:10,100,1,Nachu
V4,2006,2006-11-06,spa.jun,p0042,hir.sp1,i0051,12:25,400,1,Nachu
V1,2009,2009-10-28,spa.jun,p0042,NA,NA,11:31:00,120,0,Belen
V1,2007,2007-11-27,spa.jun,p0042,cop.sp2,i0052,07:47,100,1,Nachu
V1,2011,2011-11-04,spa.jun,p0042,cop.ari,i0044,09:01,800,1,nachu
V1,2009,2009-11-05,spa.jun,p0042,NA,NA,10:32:00,39,0,Nachu
V1,2008,2008-11-21,spa.jun,p0042,cen.bre,i0007,08:12:00,250,7,Nachu
V1,2011,2011-10-25,spa.jun,p0042,bom.opi,i0002,11:27,300,6,nachu
V1,2011,2011-11-08,spa.jun,p0042,hir.sp1,i0051,11:41,40,1,enzo
V1,2011,2011-10-11,spa.jun,p0042,syr.sp1,i0045,12:15,250,1,silvia
V1,2011,2011-10-21,spa.jun,p0042,cop.ari,i0044,08:35,900,6,nachu
V1,2011,2011-10-11,spa.jun,p0042,cop.ari,i0044,12:45,65,1,silvia
V1,2008,2008-11-21,spa.jun,p0042,xyl.ord,i0001,08:12:00,250,1,Nachu
V1,2011,NA,spa.jun,p0042,cop.sp2,i0052,08:50,20,1,enzo
V1,2011,2011-10-11,spa.jun,p0042,syr.sp1,i0045,11:25,250,1,silvia
V1,2011,2011-10-18,spa.jun,p0042,cop.ari,i0044,11:53,400,1,nachu
V4,2008,2008-10-17,spa.jun,p0042,bom.opi,i0002,13:37:00,300,5,Nachu
V1,2009,2009-11-05,spa.jun,p0042,cop.ari,i0044,09:24:00,200,2,Rocio
V1,2006,2006-10-30,spa.jun,p0042,dia.sp1,i0073,10:50,40,1,Beni
V1,2011,2011-10-18,spa.jun,p0042,cop.sp2,i0052,11:53,400,1,nachu
V1,2008,2008-12-17,spa.jun,p0042,NA,NA,09:51:00,16,0,Nachu
V1,2007,2007-11-06,spa.jun,p0042,syr.sp1,i0045,07:44,150,1,Nachu
V1,2011,2011-10-21,spa.jun,p0042,cop.ari,i0044,08:35,900,2,nachu
V1,2007,2007-11-06,spa.jun,p0042,cop.ari,i0044,07:31,300,2,Nachu
V1,2011,2011-10-11,spa.jun,p0042,cop.sp2,i0052,12:15,250,1,silvia
V1,2011,2011-10-11,spa.jun,p0042,cop.ari,i0044,12:45,65,2,silvia
V1,2011,2011-10-18,spa.jun,p0042,cop.ari,i0044,11:15,170,1,nachu
V1,2009,2009-11-05,spa.jun,p0042,NA,NA,09:03:00,600,0,Rocio
V1,2011,2011-11-01,spa.jun,p0042,cop.ari,i0044,11:01,400,1,nachu
V1,2011,2011-10-04,spa.jun,p0042,NA,NA,10:15,70,1,silvia
V1,2011,2011-10-21,spa.jun,p0042,cop.ari,i0044,08:35,900,1,nachu
V1,2011,2011-10-21,spa.jun,p0042,cop.sp2,i0052,08:35,200,1,silvia
V1,2011,2011-11-04,spa.jun,p0042,cop.ari,i0044,09:20,500,2,silvia
V1,2010,2010-11-10,spa.jun,p0042,cos.chi,i0077,11:30,600,1,silvia
V1,2006,2006-10-30,spa.jun,p0042,hir.sp1,i0051,10:55,40,2,Beni
V1,2011,2011-10-18,spa.jun,p0042,cop.ari,i0044,11:15,170,2,nachu
V1,2011,2011-11-08,spa.jun,p0042,hir.sp1,i0051,11:41,40,2,enzo
V1,2006,2006-11-13,spa.jun,p0042,NA,NA,08:57,50,0,Jimena
V1,2011,2011-11-01,spa.jun,p0042,cop.ari,i0044,11:01,400,1,nachu
V1,2011,2011-10-18,spa.jun,p0042,cop.ari,i0044,11:53,400,1,nachu
V1,2011,2011-11-01,spa.jun,p0042,xyl.ord,i0001,11:14,50,2,enzo
V1,2006,2006-10-30,spa.jun,p0042,syr.sp1,i0045,10:45,30,4,Beni
V4,2011,NA,spa.jun,p0042,NA,NA,12:00,50,0,julian
V1,2009,2009-10-28,spa.jun,p0042,xyl.ord,i0001,11:47:00,30,1,Belen
V1,2008,2008-10-24,spa.jun,p0042,bom.opi,i0002,11:19:00,200,1,Diego
V1,2011,2011-10-11,spa.jun,p0042,cop.ari,i0044,11:25,250,1,silvia
V1,2010,2010-11-05,spa.jun,p0042,NA,NA,9:51,42,0,silvia
V1,2011,2011-10-21,spa.jun,p0042,xyl.ord,i0001,09:05,900,2,nachu
V1,2007,2007-11-06,spa.jun,p0042,asi.sp1,i0055,07:38,200,1,Nachu
V1,2011,2011-10-18,spa.jun,p0042,cop.ari,i0044,11:52,50,2,enzo
V1,2011,2011-11-04,spa.jun,p0042,cop.ari,i0044,08:49,170,1,nachu
V1,2011,2011-10-21,spa.jun,p0042,xyl.ord,i0001,08:35,900,1,nachu
V1,2010,2010-11-19,spa.jun,p0042,coc.sp2,i0144,11:02,220,1,silvia
V1,2011,2011-10-18,spa.jun,p0042,cop.ari,i0044,11:53,400,1,nachu
V1,2011,2011-10-18,spa.jun,p0042,cop.sp2,i0052,11:15,170,1,nachu
V1,2007,2007-11-27,spa.jun,p0042,cos.chi,i0077,07:47,100,1,Nachu
V1,2008,2008-10-24,spa.jun,p0042,bom.opi,i0002,12:31:00,500,1,Nachu
V1,2008,2008-11-04,spa.jun,p0042,bom.opi,i0002,10:23:00,150,1,Nachu
V4,2010,2010-11-10,spa.jun,p0042,coc.sp2,i0144,11:20,550,1,silvia
V1,2011,2011-11-08,spa.jun,p0042,zet.sp1,i0037,11:41,40,2,enzo
V1,2011,2011-10-21,spa.jun,p0042,cop.ari,i0044,09:05,900,7,nachu
V4,2009,2009-11-04,tri.can,p0043,meg.C,i0140,12:20:00,11,1,Nachu
V2,2006,2006-10-30,tri.can,p0043,cae.sp1,i0022,10:18,1,1,Diego
V4,2010,2010-10-28,tri.can,p0043,NA,NA,9:39,1,0,silvia
V4,2009,2009-10-26,tri.can,p0043,arh.bif,i0020,13:47:00,1,1,nachu
V1,2011,2011-12-16,tri.can,p0043,pse.sp,i0167,09:59,1,1,?
V4,2008,2008-10-28,tri.can,p0043,psa.ruf,i0023,13:26:00,1,1,Nachu
V4,2009,2009-10-28,tri.can,p0043,nit.sp1,i0175,08:36:00,1,1,Belen
V4,2009,2009-11-04,tri.can,p0043,meg.C,i0140,12:20:00,11,1,Nachu
V4,2006,2006-10-30,tri.can,p0043,lepid4,i0082,11:13,1,1,Erica
V4,2009,2009-11-30,tri.can,p0043,NA,NA,10:57:00,1,0,Nachu
V1,2008,2008-10-28,tri.can,p0043,psa.ruf,i0023,10:38:00,1,1,Nachu
V4,2010,2010-11-26,tri.can,p0043,NA,NA,8:24:00,1,0,Nachu
V4,2009,2009-10-26,tri.can,p0043,arh.bif,i0020,13:47:00,1,1,nachu
V4,2007,2007-12-04,tri.can,p0043,NA,NA,12:57,1,0,Erica
V1,2011,2011-12-16,tri.can,p0043,dih.sp1,i0031,10:00,1,1,?
V1,2006,2006-10-30,tri.can,p0043,NA,NA,14:25,1,0,Beni
V4,2009,2009-10-28,tri.can,p0043,pse.sp,i0167,09:48:00,1,1,rocio
V1,2011,2011-10-25,tri.can,p0043,chi.sp1,i0033,12:24,1,1,silvia
V4,2009,2009-10-28,tri.can,p0043,pse.sp,i0167,08:46:00,1,1,Belen
V4,2009,2009-10-28,tri.can,p0043,nit.sp1,i0175,08:36:00,1,1,Belen
V4,2009,2009-11-04,tri.can,p0043,pse.sp,i0167,12:20:00,11,1,Nachu
V1,2010,2010-10-28,tri.can,p0043,NA,NA,12:51:00,1,0,Nachu
V4,2011,2011-10-25,tri.can,p0043,NA,NA,09:15,1,0,silvia
V4,2007,2007-12-04,tri.can,p0043,NA,NA,12:25,1,0,Erica
V4,2009,2009-10-28,tri.can,p0043,xyl.ord,i0001,08:36:00,1,1,Belen
V1,2009,2009-11-05,tri.can,p0043,NA,NA,11:47:00,2,0,Rocio
V1,2009,2009-11-05,tri.can,p0043,ant.oed,i0067,10:23:00,2,1,Nachu
V4,2006,2006-10-16,tri.can,p0043,aug.sp,i0228,10:45,2,1,Nachu
V1,2009,2009-10-28,tri.can,p0043,NA,NA,13:07:00,1,0,Belen
V4,2009,2009-11-04,tri.can,p0043,arh.bif,i0020,12:11:00,2,2,belen
V1,2007,2007-10-25,tri.can,p0043,NA,NA,12:40,2,0,Nachu
V4,2009,2009-10-28,tri.can,p0043,pse.sp,i0167,09:48:00,1,1,rocio
V4,2008,2008-11-07,tri.can,p0043,NA,NA,11:45:00,1,0,Nachu
V4,2006,2006-10-30,tri.can,p0043,orthop1,i0080,12:42,2,1,Erica
V4,2008,2008-11-07,tri.can,p0043,zet.sp1,i0037,10:58:00,2,1,Nachu
V4,2009,2009-10-28,tri.can,p0043,pse.sp,i0167,08:36:00,1,1,Belen
V1,2009,2009-10-28,tri.can,p0043,NA,NA,12:16:00,1,0,nachu
V4,2009,2009-10-26,tri.can,p0043,arh.bif,i0020,13:47:00,1,1,nachu
V4,2009,2009-10-28,tri.can,p0043,nit.sp1,i0175,08:36:00,1,1,Belen
V4,2009,2009-10-28,tri.can,p0043,nit.sp1,i0175,08:46:00,1,1,Belen
V4,2009,2009-10-28,tri.can,p0043,nit.sp1,i0175,08:36:00,1,1,Belen
V4,2006,2006-10-16,tri.can,p0043,dih.sp1,i0031,10:45,2,1,Nachu
V1,2009,2009-10-28,tri.can,p0043,ase.mon,i0180,11:59:00,1,1,nachu
V4,2009,2009-11-23,tri.can,p0043,NA,NA,09:17:00,1,0,rocio
V4,2009,2009-11-04,tri.can,p0043,NA,NA,11:43:00,1,0,belen
V4,2009,2009-10-28,tri.can,p0043,nit.sp1,i0175,08:36:00,1,1,Belen
V4,2006,2006-10-16,tri.can,p0043,dih.sp1,i0031,10:45,2,1,Nachu
V4,2009,2009-11-04,tri.can,p0043,NA,NA,10:36:00,1,0,Nachu
V4,2009,2009-11-04,tri.can,p0043,NA,NA,10:25:00,1,0,belen
V1,2010,2010-12-03,tri.can,p0043,NA,NA,11:37,1,0,silvia
V4,2011,2011-10-25,tri.can,p0043,NA,NA,08:29,1000,0,silvia
V1,2006,2006-10-30,tri.can,p0043,NA,NA,14:30,1,0,Beni
V4,2010,2010-12-10,tri.can,p0043,meg.hof,i0294,9:34,1,1,nachu
V4,2008,2008-11-07,tri.can,p0043,NA,NA,10:45:00,1,0,Nachu
V2,2006,2006-10-30,tri.can,p0043,dih.sp1,i0031,10:18,1,1,Diego
V4,2009,2009-11-04,tri.can,p0043,NA,NA,09:40:00,1,0,belen
V4,2009,2009-11-30,tri.can,p0043,NA,NA,10:29:00,1,0,Nachu
V4,2011,2011-10-25,tri.can,p0043,dih.sp1,i0031,10:04,1,1,nachu
V4,2006,2006-10-30,tri.can,p0043,orthop2,i0081,11:13,1,1,Erica
V1,2009,2009-10-28,tri.can,p0043,arh.bif,i0020,11:59:00,1,1,nachu
V4,2009,2009-10-28,tri.can,p0043,nit.sp1,i0175,08:36:00,1,1,Belen
V1,2008,2008-10-28,tri.can,p0043,pse.sp,i0167,10:38:00,1,1,Nachu
V4,2009,2009-10-28,tri.can,p0043,nit.sp1,i0175,08:36:00,1,1,Belen
V4,2009,2009-11-04,tri.can,p0043,aug.sp,i0228,12:11:00,2,1,belen
V4,2009,2009-10-28,tri.can,p0043,dih.sp1,i0031,09:48:00,1,1,rocio
V1,2008,2008-10-28,tri.can,p0043,psa.ruf,i0023,11:50:00,5,1,Nachu
V4,2010,2010-12-10,tri.can,p0043,NA,NA,8:09,1,0,nachu
V4,2006,2006-10-16,tri.can,p0043,aug.sp,i0228,10:45,2,1,Nachu
V4,2009,2009-10-28,tri.can,p0043,nit.sp1,i0175,08:36:00,1,1,Belen
V4,2011,2011-11-08,tri.can,p0043,NA,NA,10:50,1,1,enzo
V1,2010,2010-12-03,tri.can,p0043,cop.ari,i0044,9:24,1,1,silvia
V4,2009,2009-10-26,tri.can,p0043,dih.sp1,i0031,13:47:00,1,1,nachu
V4,2008,2008-11-07,tri.can,p0043,lip.nig,i0166,10:58:00,2,1,Nachu
V1,2009,2009-11-05,tri.can,p0043,tri.sp2,i0231,10:42:00,1,1,Rocio
V4,2008,2008-11-07,tri.can,p0043,neu.sp1,i0216,10:58:00,2,1,Nachu
V4,2009,2009-11-04,tri.can,p0043,pse.sp,i0167,12:20:00,11,1,Nachu
V4,2010,2010-12-10,tri.can,p0043,aug.sp,i0228,9:34,1,1,nachu
V4,2006,2006-11-06,tri.can,p0043,NA,NA,11:07,1,0,Nachu
V4,2008,2008-12-12,tri.can,p0043,aug.sp,i0228,08:23:00,1,1,Nachu
V4,2009,2009-10-28,tri.can,p0043,nit.sp1,i0175,08:36:00,1,1,Belen
V4,2009,2009-10-28,tri.can,p0043,nit.sp1,i0175,08:36:00,1,1,Belen
V4,2007,2007-11-15,tri.can,p0043,NA,NA,09:50,2,0,Nachu
V4,2006,2006-10-16,tri.can,p0043,dih.sp1,i0031,11:18,1,1,Nachu
V4,2009,2009-11-04,tri.can,p0043,api.mel,i0070,12:20:00,11,4,Nachu
V4,2006,2006-10-16,tri.can,p0043,dih.sp1,i0031,11:18,1,1,Nachu
V1,2010,2010-10-28,tri.can,p0043,nit.sp1,i0175,13:35,1,1,silvia
V4,2006,2006-10-16,tri.can,p0043,dih.sp1,i0031,11:18,1,1,Nachu
V4,2009,2009-10-28,tri.can,p0043,nit.sp1,i0175,08:36:00,1,1,Belen
V4,2011,2011-10-25,tri.can,p0043,NA,NA,09:00,1,0,enzo
V4,2009,2009-10-28,tri.can,p0043,nit.sp1,i0175,08:36:00,1,1,Belen
V4,2009,2009-10-28,tri.can,p0043,nit.sp1,i0175,08:36:00,1,1,Belen
V4,2009,2009-10-26,tri.can,p0043,cam.mus,i0072,12:39:00,1,1,Rocio
V4,2009,2009-10-28,tri.can,p0043,nit.sp1,i0175,08:36:00,1,1,Belen
V4,2009,2009-10-28,tri.can,p0043,nit.sp1,i0175,08:36:00,1,1,Belen
V4,2011,2011-11-08,tri.can,p0043,NA,NA,09:34,1,0,nachu
V1,2010,2010-10-28,tri.can,p0043,nit.sp1,i0175,13:35,1,1,silvia
V4,2007,2007-11-15,tri.can,p0043,NA,NA,08:24,2,0,Nachu
V4,2009,2009-10-28,tri.can,p0043,nit.sp1,i0175,08:36:00,1,1,Belen
V4,2009,2009-10-28,tri.can,p0043,nit.sp1,i0175,08:36:00,1,1,Belen
V4,2006,2006-10-16,tri.can,p0043,dih.sp1,i0031,11:18,1,1,Nachu
V4,2006,2006-10-30,tri.can,p0043,nit.sp1,i0175,11:22,1,1,Erica
V1,2011,2011-10-25,tri.can,p0043,NA,NA,12:24,100,1,silvia
V4,2009,2009-10-26,tri.can,p0043,aug.sp,i0228,13:47:00,1,1,nachu
V4,2006,2006-10-30,tri.can,p0043,nit.sp1,i0175,11:22,1,1,Erica
V4,2009,2009-10-28,tri.can,p0043,pse.sp,i0167,08:46:00,2,1,Belen
V4,2009,2009-11-04,tri.can,p0043,arh.bif,i0020,11:49:00,1,1,belen
V4,2009,2009-10-28,tri.can,p0043,nit.sp1,i0175,08:36:00,1,1,Belen
V4,2006,2006-10-30,tri.can,p0043,NA,NA,12:25,1,0,Erica
V4,2009,2009-10-28,tri.can,p0043,nit.sp1,i0175,08:36:00,1,1,Belen
V4,2009,2009-11-04,tri.can,p0043,lepid3,i0079,11:23:00,1,1,belen
V4,2009,2009-11-04,tri.can,p0043,dih.sp1,i0031,11:23:00,1,1,belen
V1,2009,2009-10-28,tri.can,p0043,aug.sp,i0228,12:47:00,1,1,Belen
V4,2011,2011-10-25,tri.can,p0043,NA,NA,10:01,1,0,enzo
V4,2007,2007-10-23,tri.can,p0043,NA,NA,12:47,1,0,Nachu
V4,2006,2006-11-13,tri.can,p0043,NA,NA,10:10,1,0,Beni
V4,2009,2009-10-28,tri.can,p0043,dih.sp1,i0031,08:46:00,1,1,Belen
V4,2009,2009-10-28,tri.can,p0043,nit.sp1,i0175,08:36:00,1,1,Belen
V4,2010,2010-12-17,cap.ata,p0044,str.eur,i0131,10:12,200,3,nachu
V4,2008,2008-12-19,cap.ata,p0044,coe.sp5,i0241,11:17:00,300,2,Nachu
V1,2010,2010-12-03,cap.ata,p0044,cop.sp2,i0052,11:01,280,1,silvia
V4,2010,2010-12-17,cap.ata,p0044,api.mel,i0070,10:25,350,1,silvia
V4,2010,2010-12-17,cap.ata,p0044,cen.bre,i0007,0,350,1,silvia
V4,2009,2009-12-11,cap.ata,p0044,coe.chi,i0239,13:25:00,500,1,Rocio
V4,2009,2009-12-11,cap.ata,p0044,wil.cha,i0096,13:25:00,500,1,Rocio
V4,2010,2010-12-17,cap.ata,p0044,rub.nas,i0265,10:38,90,1,nachu
V4,2008,2008-12-12,cap.ata,p0044,coe.sp5,i0241,12:44:00,200,1,Nachu
V4,2011,2011-12-13,cap.ata,p0044,str.eur,i0131,10:40,1500,1,nachu
V4,2010,2010-12-17,cap.ata,p0044,api.mel,i0070,10:03,140,2,nachu
V4,2008,2008-11-07,cap.ata,p0044,xyl.ord,i0001,08:56:00,80,2,Nachu
V4,2010,2010-12-17,cap.ata,p0044,cos.chi,i0077,10:38,90,1,nachu
V4,2009,2009-12-11,cap.ata,p0044,rub.nas,i0265,12:25:00,600,5,Rocio
V4,2008,2008-12-19,cap.ata,p0044,amm.sp1,i0126,11:17:00,300,1,Nachu
V4,2011,2011-12-06,cap.ata,p0044,sphecid1,i0121,13:38:00,500,5,silvia
V4,2011,2011-11-08,cap.ata,p0044,str.eur,i0131,10:35,70,2,nachu
V4,2008,2008-12-12,cap.ata,p0044,amm.sp1,i0126,11:13:00,19,1,Nachu
V4,2008,2008-12-17,cap.ata,p0044,cos.chi,i0077,12:50:00,300,1,Nachu
V1,2011,2011-12-20,cap.ata,p0044,api.mel,i0070,13:13:00,1000,3,silvia
V4,2010,2010-12-10,cap.ata,p0044,cop.ari,i0044,7:55:00,700,1,nachu
V4,2011,2011-12-13,cap.ata,p0044,api.mel,i0070,09:55,100,1,silvia
V4,2008,2008-10-07,cap.ata,p0044,xyl.ord,i0001,10:19:00,50,38,Nachu
V4,2011,2011-12-13,cap.ata,p0044,NA,NA,09:55,100,0,silvia
V4,2011,2011-12-13,cap.ata,p0044,aug.sp,i0228,10:40,1500,2,nachu
V4,2010,2010-12-17,cap.ata,p0044,api.mel,i0070,10:12,200,3,nachu
V4,2009,2009-12-11,cap.ata,p0044,meg.pse2,i0238,13:25:00,500,2,Rocio
V4,2008,2008-12-02,cap.ata,p0044,amm.sp1,i0126,12:32:00,200,2,Nachu
V4,2007,2007-12-04,cap.ata,p0044,cen.bre,i0007,11:19,500,1,Nachu
V4,2007,2007-12-04,cap.ata,p0044,cop.ari,i0044,11:19,500,1,Nachu
V4,2007,2007-12-11,cap.ata,p0044,amm.sp1,i0126,12:03,50,1,Nachu
V4,2008,2008-12-12,cap.ata,p0044,cen.bre,i0007,09:21:00,44,1,Nachu
V4,2011,2011-11-08,cap.ata,p0044,tac.sp10,i0191,10:35,70,1,nachu
V4,2009,2009-12-11,cap.ata,p0044,rub.nas,i0265,13:25:00,500,2,Rocio
V4,2009,2009-12-11,cap.ata,p0044,sphecid1,i0121,12:25:00,600,3,Rocio
V4,2010,2010-12-17,cap.ata,p0044,col.cog,i0169,9:39,90,1,nachu
V4,2008,2008-12-02,cap.ata,p0044,pir.com,i0132,13:02:00,100,1,Nachu
V4,2010,2010-12-10,cap.ata,p0044,sphecid1,i0121,7:58,100,2,silvia
V4,2009,2009-12-11,cap.ata,p0044,coe.sp6,i0242,12:25:00,600,1,Rocio
V4,2011,2011-11-25,cap.ata,p0044,str.eur,i0131,11:15,550,1,silvia
V4,2010,2010-12-10,cap.ata,p0044,bombil9,i0183,10:03,200,2,nachu
V4,2011,2011-12-13,cap.ata,p0044,sphecid1,i0121,10:40,1500,2,nachu
V4,2010,2010-12-17,cap.ata,p0044,cen.bre,i0007,10:38,90,22,nachu
V4,2007,2007-12-04,cap.ata,p0044,mes.jen,i0011,12:52,100,2,Erica
V4,2010,2010-12-17,cap.ata,p0044,sphecid1,i0121,10:12,200,1,nachu
V4,2011,2011-12-13,cap.ata,p0044,api.mel,i0070,09:55,100,1,silvia
V4,2007,2007-12-11,cap.ata,p0044,cen.bre,i0007,11:48,50,4,Nachu
V4,2007,2007-12-04,cap.ata,p0044,xyl.ord,i0001,11:19,500,2,Nachu
V4,2010,2010-12-17,cap.ata,p0044,rub.nas,i0265,10:38,90,1,nachu
V4,2011,2011-12-13,cap.ata,p0044,sphecid1,i0121,10:40,1500,1,nachu
V4,2010,2010-12-17,cap.ata,p0044,cop.ari,i0044,10:12,200,1,nachu
V4,2010,2010-12-10,cap.ata,p0044,bom.opi,i0002,7:55:00,700,1,nachu
V4,2008,2008-10-07,cap.ata,p0044,str.eur,i0131,10:19:00,50,3,Nachu
V4,2007,2007-12-11,cap.ata,p0044,str.eur,i0131,12:03,50,1,Nachu
V4,2008,2008-12-02,cap.ata,p0044,aud.sp,i0178,13:02:00,100,1,Nachu
V4,2011,2011-12-13,cap.ata,p0044,rub.nas,i0265,10:40,1500,1,nachu
V4,2009,2009-12-11,cap.ata,p0044,cen.bre,i0007,12:25:00,600,15,Rocio
V4,2008,2008-12-12,cap.ata,p0044,amm.sp1,i0126,12:44:00,200,2,Nachu
V4,2010,2010-12-10,cap.ata,p0044,cop.ari,i0044,10:03,200,2,nachu
V4,2008,2008-12-19,cap.ata,p0044,sphecid1,i0121,11:31:00,3,1,Nachu
V4,2008,2008-12-02,cap.ata,p0044,pol.cav,i0039,13:02:00,100,1,Nachu
V4,2010,2010-12-17,cap.ata,p0044,sphecid1,i0121,10:12,200,1,nachu
V4,2011,2011-12-13,cap.ata,p0044,NA,NA,10:49,500,1,nachu
V4,2011,2011-12-02,cap.ata,p0044,sphecid1,i0121,09:25,400,2,nachu
V4,2008,2008-11-11,cap.ata,p0044,cen.bre,i0007,13:50:00,400,1,Nachu
V4,2009,2009-12-11,cap.ata,p0044,cen.bre,i0007,12:25:00,600,15,Rocio
V4,2009,2009-12-11,cap.ata,p0044,cen.bre,i0007,12:25:00,600,15,Rocio
V4,2008,2008-12-17,cap.ata,p0044,tac.sp1,i0038,12:59:00,80,11,Nachu
V4,2010,2010-12-17,cap.ata,p0044,cop.ari,i0044,9:39,90,1,nachu
V4,2010,2010-12-10,cap.ata,p0044,cop.ari,i0044,8:28,50,4,silvia
V4,2007,2007-12-04,cap.ata,p0044,str.eur,i0131,11:19,500,1,Nachu
V4,2008,2008-12-12,cap.ata,p0044,sphecid1,i0121,11:13:00,19,2,Nachu
V4,2010,2010-12-10,cap.ata,p0044,rub.nas,i0265,10:03,200,2,nachu
V4,2008,2008-12-19,cap.ata,p0044,tac.sp1,i0038,11:31:00,3,2,Nachu
V4,2010,2010-12-17,cap.ata,p0044,bom.opi,i0002,10:38,90,3,nachu
V4,2007,2007-12-04,cap.ata,p0044,sphecid1,i0121,11:19,500,1,Nachu
V4,2011,2011-12-13,cap.ata,p0044,NA,NA,10:49,500,1,nachu
V4,2010,2010-12-10,cap.ata,p0044,cop.ari,i0044,8:28,50,2,silvia
V4,2010,2010-12-10,cap.ata,p0044,bombil8,i0085,10:03,200,1,nachu
V4,2007,2007-12-11,cap.ata,p0044,mes.jen,i0011,12:08,100,1,Nachu
V4,2008,2008-12-19,cap.ata,p0044,aug.sp,i0228,11:31:00,3,2,Nachu
V4,2008,2008-12-19,cap.ata,p0044,xyl.ord,i0001,11:17:00,300,1,Nachu
V4,2010,2010-12-10,cap.ata,p0044,xyl.ord,i0001,7:55:00,700,5,nachu
V3,2006,2007-01-19,cap.ata,p0044,cop.ari,i0044,09:50,120,2,Jimena
V4,2008,2008-12-19,cap.ata,p0044,cos.chi,i0077,11:31:00,3,1,Nachu
V4,2009,2009-12-11,cap.ata,p0044,cen.bre,i0007,12:25:00,600,15,Rocio
V1,2011,2011-12-20,cap.ata,p0044,sphecid1,i0121,13:13:00,1000,1,silvia
V4,2011,NA,cap.ata,p0044,xyl.ord,i0001,12:25,20,2,enzo
V4,2007,2007-12-11,cap.ata,p0044,str.eur,i0131,12:08,100,1,Nachu
V4,2008,2008-10-07,cap.ata,p0044,api.mel,i0070,10:19:00,50,2,Nachu
V1,2011,2011-12-20,cap.ata,p0044,sphecid1,i0121,13:13:00,1000,1,silvia
V1,2011,2011-12-20,cap.ata,p0044,sphecid1,i0121,13:13:00,1000,1,silvia
V4,2008,2008-12-12,cap.ata,p0044,sphecid1,i0121,12:44:00,200,1,Nachu
V4,2007,2007-12-11,cap.ata,p0044,sphecid1,i0121,12:59,80,3,Nachu
V4,2007,2007-12-11,cap.ata,p0044,mes.jen,i0011,12:33,10,2,Nachu
V4,2010,2010-12-10,cap.ata,p0044,cop.ari,i0044,10:03,200,1,nachu
V4,2007,2007-12-11,cap.ata,p0044,amm.sp1,i0126,12:03,50,1,Nachu
V4,2007,2007-12-11,cap.ata,p0044,dih.sp1,i0031,12:59,80,1,Nachu
V4,2008,2008-12-02,cap.ata,p0044,meg.cte,i0015,12:32:00,200,4,Nachu
V4,2009,2009-12-02,cap.ata,p0044,sphecid1,i0121,10:40:00,500,1,Nachu
V4,2010,2010-12-10,cap.ata,p0044,cop.sp2,i0052,7:55:00,700,1,nachu
V4,2011,2011-12-13,cap.ata,p0044,sphecid1,i0121,10:40,1500,1,nachu
V4,2011,2011-11-04,cap.ata,p0044,cos.chi,i0077,12:30,150,2,silvia
V4,2008,2008-12-19,cap.ata,p0044,tac.sp1,i0038,11:31:00,3,1,Nachu
V1,2011,2011-12-20,cap.ata,p0044,tac.sp1,i0038,13:13:00,1000,1,silvia
V4,2010,2010-12-10,cap.ata,p0044,cop.ari,i0044,10:03,200,3,nachu
V4,2010,2010-12-10,cap.ata,p0044,sphecid1,i0121,7:58,100,1,silvia
V4,2010,2010-12-10,cap.ata,p0044,str.eur,i0131,9:53,90,2,nachu
V4,2010,2010-12-10,cap.ata,p0044,cop.ari,i0044,8:28,50,3,silvia
V4,2010,2010-12-17,cap.ata,p0044,api.mel,i0070,9:39,90,3,nachu
V4,2010,2010-12-17,cap.ata,p0044,api.mel,i0070,10:03,140,1,nachu
V4,2007,2007-12-11,cap.ata,p0044,sphecid1,i0121,12:59,80,3,Nachu
V4,2010,2010-12-10,cap.ata,p0044,syr.sp2,i0050,0,200,1,nachu
V4,2010,2010-12-17,cap.ata,p0044,cop.ari,i0044,10:03,140,2,nachu
V1,2010,2010-12-03,cap.ata,p0044,tac.sp1,i0038,11:01,280,1,silvia
V4,2008,2008-12-19,cap.ata,p0044,tac.sp1,i0038,11:17:00,300,7,Nachu
V4,2011,2011-12-13,cap.ata,p0044,NA,NA,09:41,50,0,silvia
V4,2008,2008-12-17,cap.ata,p0044,bom.opi,i0002,08:36:00,300,3,Nachu
V4,2010,2010-12-10,cap.ata,p0044,xyl.ord,i0001,7:55:00,700,6,nachu
V4,2008,2008-12-12,cap.ata,p0044,cen.bre,i0007,12:44:00,200,1,Nachu
V4,2008,2008-12-12,cap.ata,p0044,sphecid1,i0121,11:13:00,19,1,Nachu
V4,2010,2010-12-17,cap.ata,p0044,bom.opi,i0002,10:25,350,8,silvia
V4,2011,2011-11-22,cap.ata,p0044,NA,NA,12:15,300,1,silvia
V4,2007,2007-11-27,cap.ata,p0044,com.ful,i0059,11:12,130,1,Nachu
V4,2008,2008-12-12,cap.ata,p0044,sphecid1,i0121,12:44:00,200,1,Nachu
V4,2009,2009-11-30,cap.ata,p0044,pompil3,i0263,11:11:00,120,4,Nachu
V4,2008,2008-12-12,cap.ata,p0044,aug.sp,i0228,12:44:00,200,1,Nachu
V4,2011,NA,cap.ata,p0044,meg.jor,i0298,12:25,20,1,enzo
V4,2010,2010-12-10,cap.ata,p0044,cop.ari,i0044,9:53,90,2,nachu
V4,2007,2007-12-11,cap.ata,p0044,tac.sp1,i0038,11:48,50,1,Nachu
V4,2008,2008-12-12,cap.ata,p0044,aug.sp,i0228,12:44:00,200,2,Nachu
V4,2008,2008-12-19,cap.ata,p0044,cos.chi,i0077,11:31:00,3,1,Nachu
V4,2007,2007-12-11,cap.ata,p0044,sphecid1,i0121,12:59,80,2,Nachu
V4,2008,2008-12-19,cap.ata,p0044,sphecid1,i0121,11:17:00,300,1,Nachu
V4,2008,2008-10-07,cap.ata,p0044,api.mel,i0070,10:19:00,50,4,Nachu
V4,2008,2008-12-19,cap.ata,p0044,aug.sp,i0228,11:17:00,300,3,Nachu
V4,2010,2010-12-17,cap.ata,p0044,NA,NA,9:39,90,1,nachu
V4,2010,2010-12-10,cap.ata,p0044,api.mel,i0070,10:03,200,2,nachu
V4,2011,2011-12-13,cap.ata,p0044,sphecid1,i0121,10:49,500,2,nachu
V4,2008,2008-12-02,cap.ata,p0044,tac.sp1,i0038,12:32:00,200,2,Nachu
V4,2008,2008-12-17,cap.ata,p0044,sphecid1,i0121,12:41:00,500,6,Nachu
V3,2006,2007-01-19,cap.ata,p0044,cen.bre,i0007,09:21,400,50,Jimena
V4,2007,2007-12-11,cap.ata,p0044,sphecid1,i0121,12:59,80,1,Nachu
V4,2010,2010-12-10,cap.ata,p0044,sphecid1,i0121,7:58,100,6,silvia
V4,2008,2008-12-12,cap.ata,p0044,cen.bre,i0007,12:44:00,200,6,Nachu
V4,2009,2009-12-02,cap.ata,p0044,sphecid1,i0121,10:40:00,500,3,Nachu
V4,2010,2010-12-10,cap.ata,p0044,cop.ari,i0044,7:55:00,700,2,nachu
V4,2007,2007-12-04,cap.ata,p0044,cen.bre,i0007,12:52,100,4,Erica
V4,2007,2007-11-15,cap.ata,p0044,NA,NA,08:54,20,0,Nachu
V4,2010,2010-12-10,cap.ata,p0044,xyl.ord,i0001,7:55:00,700,9,nachu
V4,2011,2011-12-06,cap.ata,p0044,dih.sp1,i0031,13:38:00,500,1,silvia
V1,2010,2010-12-03,cap.ata,p0044,bombil10,i0206,11:01,280,2,silvia
V4,2008,2008-12-02,cap.ata,p0044,bombil11,i0207,13:02:00,100,1,Nachu
V4,2008,2008-10-24,cap.ata,p0044,xyl.ord,i0001,11:00:00,800,12,Nachu
V4,2007,2007-12-11,cap.ata,p0044,amm.sp1,i0126,10:51,30,2,Nachu
V4,2008,2008-12-17,cap.ata,p0044,sphecid1,i0121,12:59:00,80,1,Nachu
V4,2007,2007-12-11,cap.ata,p0044,mes.jen,i0011,12:08,100,2,Nachu
V4,2010,2010-12-17,cap.ata,p0044,bom.opi,i0002,10:38,90,1,nachu
V4,2008,2008-12-17,cap.ata,p0044,cos.chi,i0077,12:50:00,300,3,Nachu
V4,2010,2010-12-10,cap.ata,p0044,api.mel,i0070,7:55:00,700,5,nachu
V4,2009,2009-12-11,cap.ata,p0044,meg.pse,i0212,13:25:00,500,1,Rocio
V4,2008,2008-12-17,cap.ata,p0044,sphecid1,i0121,12:50:00,300,1,Nachu
V4,2011,2011-12-13,cap.ata,p0044,sphecid1,i0121,10:40,1500,1,nachu
V1,2011,2011-12-20,cap.ata,p0044,sphecid1,i0121,13:13:00,1000,1,silvia
V4,2007,2007-12-04,cap.ata,p0044,sphecid1,i0121,11:19,500,1,Nachu
V4,2008,2008-12-19,cap.ata,p0044,aug.sp,i0228,11:17:00,300,1,Nachu
V4,2010,2010-12-10,cap.ata,p0044,sphecid1,i0121,7:58,100,1,silvia
V4,2010,2010-12-10,cap.ata,p0044,cop.ari,i0044,7:55:00,700,3,nachu
V4,2007,2007-12-04,cap.ata,p0044,cen.bre,i0007,11:19,500,1,Nachu
V4,2007,2007-12-11,cap.ata,p0044,tac.sp1,i0038,12:33,10,1,Nachu
V4,2008,2008-12-19,cap.ata,p0044,col.ara,i0168,11:17:00,300,2,Nachu
V4,2010,2010-12-17,cap.ata,p0044,xyl.ord,i0001,10:12,200,5,nachu
V4,2008,2008-12-17,cap.ata,p0044,aug.sp,i0228,12:41:00,500,3,Nachu
V4,2011,2011-12-06,cap.ata,p0044,sphecid1,i0121,13:38:00,500,1,silvia
V4,2008,2008-12-19,cap.ata,p0044,thy.sp1,i0034,11:17:00,300,1,Nachu
V4,2008,2008-12-17,cap.ata,p0044,aug.sp,i0228,12:50:00,300,3,Nachu
V4,2009,2009-12-11,cap.ata,p0044,wil.cha,i0096,11:59:00,600,2,Rocio
V4,2009,2009-12-11,cap.ata,p0044,api.mel,i0070,11:59:00,600,3,Rocio
V4,2010,2010-12-10,cap.ata,p0044,cop.ari,i0044,9:53,90,2,nachu
V4,2011,2011-12-02,cap.ata,p0044,sphecid1,i0121,10:08,30,1,nachu
V4,2011,2011-12-13,cap.ata,p0044,sphecid1,i0121,10:40,1500,2,nachu
V4,2007,2007-12-11,cap.ata,p0044,aug.sp,i0228,12:59,80,1,Nachu
V4,2011,2011-11-08,cap.ata,p0044,dia.pat,i0164,10:35,70,2,nachu
V4,2009,2009-12-11,cap.ata,p0044,meg.pse2,i0238,12:25:00,600,1,Rocio
V4,2011,2011-12-02,cap.ata,p0044,bombil11,i0207,09:25,400,2,nachu
V4,2009,2009-12-11,cap.ata,p0044,sph.sp2,i0123,11:59:00,600,3,Rocio
V4,2010,2010-12-10,cap.ata,p0044,rub.nas,i0265,10:03,200,4,nachu
V4,2010,2010-12-17,cap.ata,p0044,bom.opi,i0002,10:38,90,1,nachu
V4,2011,2011-12-13,cap.ata,p0044,cos.chi,i0077,10:49,500,1,nachu
V4,2007,2007-12-11,cap.ata,p0044,sphecid1,i0121,12:03,50,8,Nachu
V4,2007,2007-12-04,cap.ata,p0044,cen.bre,i0007,12:52,100,2,Erica
V4,2008,2008-12-12,cap.ata,p0044,cop.ari,i0044,09:21:00,44,3,Nachu
V4,2009,2009-11-18,cap.ata,p0044,hir.sp1,i0051,12:44:00,30,2,Nachu
V3,2006,2007-01-19,cap.ata,p0044,cos.chi,i0077,09:21,400,5,Jimena
V4,2010,2010-12-10,cap.ata,p0044,cop.ari,i0044,8:28,50,1,silvia
V4,2008,2008-12-12,cap.ata,p0044,meg.C,i0140,12:44:00,200,1,Nachu
V4,2008,2008-12-17,cap.ata,p0044,aug.sp,i0228,12:41:00,500,2,Nachu
V4,2009,2009-12-11,cap.ata,p0044,api.mel,i0070,13:25:00,500,10,Rocio
V4,2009,2009-12-11,cap.ata,p0044,tac.sp1,i0038,13:25:00,500,2,Rocio
V1,2010,2010-12-03,cap.ata,p0044,str.eur,i0131,10:54,0,1,silvia
V4,2007,2007-12-11,cap.ata,p0044,meg.C,i0140,11:48,50,1,Nachu
V4,2011,2011-12-13,cap.ata,p0044,zet.sp1,i0037,10:49,500,1,nachu
V4,2008,2008-12-19,cap.ata,p0044,meg.C,i0140,11:17:00,300,1,Nachu
V4,2008,2008-12-19,cap.ata,p0044,cen.bre,i0007,11:31:00,3,2,Nachu
V4,2010,2010-12-10,cap.ata,p0044,cop.ari,i0044,7:55:00,700,3,nachu
V4,2008,2008-12-19,cap.ata,p0044,tac.sp1,i0038,11:17:00,300,7,Nachu
V4,2010,2010-12-17,cap.ata,p0044,tac.sp1,i0038,10:12,200,1,nachu
V4,2008,2008-12-12,cap.ata,p0044,aug.sp,i0228,12:44:00,200,1,Nachu
V4,2010,2010-12-17,cap.ata,p0044,sva.zeb,i0110,0,0,1,georgina
V3,2006,2007-01-19,cap.ata,p0044,xyl.ord,i0001,09:21,400,35,Jimena
V4,2007,2007-12-11,cap.ata,p0044,meg.C,i0140,12:33,10,1,Nachu
V4,2008,2008-12-19,cap.ata,p0044,bom.opi,i0002,11:31:00,3,2,Nachu
V4,2008,2008-12-19,cap.ata,p0044,aug.sp,i0228,11:17:00,300,1,Nachu
V1,2010,2010-12-03,cap.ata,p0044,str.eur,i0131,10:54,0,1,silvia
V4,2007,2007-12-11,cap.ata,p0044,mes.jen,i0011,12:03,50,1,Nachu
V4,2009,2009-12-02,cap.ata,p0044,sphecid1,i0121,10:40:00,500,2,Nachu
V4,2009,2009-11-30,cap.ata,p0044,sphecid1,i0121,11:11:00,120,1,Nachu
V4,2009,2009-12-11,cap.ata,p0044,aug.sp,i0228,12:25:00,600,1,Rocio
V4,2008,2008-12-12,cap.ata,p0044,cen.bre,i0007,12:44:00,200,21,Nachu
V4,2010,2010-12-10,cap.ata,p0044,cop.ari,i0044,7:58,100,1,silvia
V4,2011,NA,cap.ata,p0044,col.cog,i0169,12:25,20,1,enzo
V4,2010,2010-12-17,cap.ata,p0044,rub.nas,i0265,10:38,90,2,nachu
V4,2010,2010-12-10,cap.ata,p0044,cop.ari,i0044,10:03,200,1,nachu
V4,2009,2009-12-11,cap.ata,p0044,sph.sp2,i0123,13:25:00,500,1,Rocio
V4,2008,2008-12-02,cap.ata,p0044,meg.A,i0003,12:32:00,200,1,Nachu
V4,2008,2008-12-12,cap.ata,p0044,cos.chi,i0077,12:44:00,200,1,Nachu
V4,2007,2007-12-04,cap.ata,p0044,sphecid1,i0121,11:19,500,1,Nachu
V4,2009,2009-12-11,cap.ata,p0044,sphecid1,i0121,13:25:00,500,5,Rocio
V1,2011,2011-12-20,cap.ata,p0044,bic.sp,i0300,13:13:00,1000,1,silvia
V4,2011,2011-12-02,cap.ata,p0044,sph.sp2,i0123,10:08,30,1,nachu
V4,2010,2010-12-17,cap.ata,p0044,cop.ari,i0044,10:38,90,2,nachu
V4,2007,2007-12-11,cap.ata,p0044,api.mel,i0070,12:59,80,1,Nachu
V1,2011,2011-12-20,cap.ata,p0044,sphecid1,i0121,13:13:00,1000,1,silvia
V4,2011,2011-12-13,cap.ata,p0044,trich.sp,i0305,09:55,100,1,silvia
V4,2009,2009-12-11,cap.ata,p0044,ant.rub,i0108,11:59:00,600,1,Rocio
V4,2009,2009-12-11,cap.ata,p0044,col.lyc,i0170,13:25:00,500,1,Rocio
V4,2008,2008-12-19,cap.ata,p0044,sphecid1,i0121,11:31:00,3,2,Nachu
V4,2009,2009-12-11,cap.ata,p0044,sphecid1,i0121,11:59:00,600,5,Rocio
V4,2011,2011-12-02,cap.ata,p0044,aug.sp,i0228,09:25,400,2,nachu
V3,2006,2007-01-19,cap.ata,p0044,bombil8,i0085,09:50,120,1,Jimena
V4,2010,2010-12-17,cap.ata,p0044,bom.opi,i0002,0,50,2,silvia
V4,2011,2011-12-13,cap.ata,p0044,api.mel,i0070,10:40,1500,1,nachu
V4,2007,2007-12-11,cap.ata,p0044,sphecid1,i0121,12:59,80,1,Nachu
V4,2010,2010-12-17,cap.ata,p0044,cen.bre,i0007,10:12,200,2,nachu
V4,2010,2010-12-17,cap.ata,p0044,tac.sp1,i0038,10:25,350,2,silvia
V4,2011,2011-12-02,cap.ata,p0044,tac.sp10,i0191,09:25,400,2,nachu
V4,2010,2010-12-17,cap.ata,p0044,sphecid1,i0121,10:03,140,1,nachu
V4,2010,2010-12-10,cap.ata,p0044,meg.A,i0003,9:53,90,2,nachu
V4,2008,2008-12-02,cap.ata,p0044,meg.A,i0003,12:32:00,200,2,Nachu
V4,2007,2007-12-11,cap.ata,p0044,sphecid1,i0121,12:03,50,2,Nachu
V4,2010,2010-12-10,cap.ata,p0044,cop.ari,i0044,9:53,90,5,nachu
V4,2009,2009-12-02,cap.ata,p0044,sphecid1,i0121,10:40:00,500,1,Nachu
V4,2007,2007-12-11,cap.ata,p0044,sphecid1,i0121,11:48,50,3,Nachu
V1,2011,2011-12-20,cap.ata,p0044,sphecid1,i0121,13:13:00,1000,1,silvia
V4,2008,2008-12-19,cap.ata,p0044,cen.bre,i0007,11:17:00,300,2,Nachu
V4,2007,2007-12-11,cap.ata,p0044,mes.jen,i0011,12:03,50,2,Nachu
V4,2010,2010-12-10,cap.ata,p0044,cop.ari,i0044,10:03,200,1,nachu
V4,2008,2008-12-02,cap.ata,p0044,bombil7,i0116,13:02:00,100,2,Nachu
V3,2006,2007-01-19,cap.ata,p0044,tac.sp6,i0086,09:21,400,1,Jimena
V4,2007,2007-12-04,cap.ata,p0044,cen.bre,i0007,11:19,500,2,Nachu
V4,2011,2011-11-25,cap.ata,p0044,sphecid1,i0121,11:15,550,1,silvia
V4,2009,2009-12-11,cap.ata,p0044,mes.jen,i0011,11:59:00,600,1,Rocio
V4,2010,2010-12-10,cap.ata,p0044,cop.ari,i0044,7:58,100,1,silvia
V4,2008,2008-12-17,cap.ata,p0044,col.ara,i0168,08:36:00,300,9,Nachu
V4,2009,2009-12-11,cap.ata,p0044,sph.sp2,i0123,11:59:00,600,3,Rocio
V4,2010,2010-12-10,cap.ata,p0044,cop.ari,i0044,7:58,100,4,silvia
V4,2008,2008-12-12,cap.ata,p0044,wil.cha,i0096,09:21:00,44,1,Nachu
V4,2007,2007-12-04,cap.ata,p0044,meg.C,i0140,11:19,500,1,Nachu
V4,2007,2007-12-04,cap.ata,p0044,sphecid1,i0121,11:19,500,1,Nachu
V4,2008,2008-12-17,cap.ata,p0044,pir.com,i0132,12:50:00,300,2,Nachu
V1,2011,2011-12-20,cap.ata,p0044,sphecid1,i0121,13:13:00,1000,1,silvia
V4,2010,2010-12-10,cap.ata,p0044,NA,NA,7:55:00,700,4,nachu
V4,2009,2009-12-11,cap.ata,p0044,aug.sp,i0228,11:59:00,600,10,Rocio
V4,2007,2007-12-11,cap.ata,p0044,cos.chi,i0077,12:08,100,2,Nachu
V4,2008,2008-12-19,cap.ata,p0044,cen.bre,i0007,11:31:00,3,1,Nachu
V4,2010,2010-12-10,cap.ata,p0044,sphecid1,i0121,7:58,100,4,silvia
V4,2010,2010-12-17,cap.ata,p0044,bom.opi,i0002,10:25,350,1,silvia
V4,2010,2010-12-10,cap.ata,p0044,cop.sp2,i0052,7:55:00,700,3,nachu
V1,2010,2010-12-03,cap.ata,p0044,dih.sp1,i0031,11:01,280,1,silvia
V4,2010,2010-12-17,cap.ata,p0044,bombil5,i0115,0,0,1,georgina
V4,2008,2008-12-17,cap.ata,p0044,cen.bre,i0007,12:50:00,300,3,Nachu
V3,2006,2007-01-19,cap.ata,p0044,cop.ari,i0044,09:50,120,4,Jimena
V4,2008,2008-12-17,cap.ata,p0044,cos.chi,i0077,08:36:00,300,1,Nachu
V4,2011,2011-12-13,cap.ata,p0044,zet.sp1,i0037,10:49,500,1,nachu
V4,2011,2011-12-13,cap.ata,p0044,api.mel,i0070,09:55,100,1,silvia
V4,2008,2008-12-17,cap.ata,p0044,sphecid1,i0121,12:41:00,500,2,Nachu
V4,2011,NA,cap.ata,p0044,str.eur,i0131,12:25,20,1,enzo
V4,2009,2009-12-02,cap.ata,p0044,sph.sp2,i0123,10:40:00,500,2,Nachu
V4,2007,2007-12-11,cap.ata,p0044,meg.sp6,i0040,12:03,50,1,Nachu
V4,2010,2010-12-10,cap.ata,p0044,NA,NA,8:15,34,0,silvia
V4,2008,2008-12-17,cap.ata,p0044,sphecid1,i0121,12:59:00,80,2,Nachu
V4,2007,2007-12-04,cap.ata,p0044,cop.ari,i0044,11:19,500,1,Nachu
V4,2008,2008-12-19,cap.ata,p0044,sphecid1,i0121,11:17:00,300,1,Nachu
V4,2007,2007-12-11,cap.ata,p0044,amm.sp1,i0126,10:51,30,1,Nachu
V4,2009,2009-10-19,cap.ata,p0044,aud.sp,i0178,12:32:00,19,1,nachu
V4,2009,2009-12-11,cap.ata,p0044,eum.sp,i0264,13:25:00,500,1,Rocio
V4,2009,2009-12-11,cap.ata,p0044,cen.bre,i0007,12:25:00,600,15,Rocio
V4,2010,2010-12-17,cap.ata,p0044,amm.sp1,i0126,10:38,90,1,nachu
V4,2011,2011-11-04,cap.ata,p0044,meg.A,i0003,12:30,150,3,silvia
V4,2011,2011-12-13,cap.ata,p0044,api.mel,i0070,10:01,40,1,silvia
V4,2008,2008-12-02,cap.ata,p0044,amm.sp1,i0126,12:32:00,200,1,Nachu
V4,2010,2010-12-17,cap.ata,p0044,bom.opi,i0002,10:25,350,1,silvia
V4,2008,2008-12-17,cap.ata,p0044,sphecid1,i0121,12:41:00,500,1,Nachu
V4,2007,2007-12-04,cap.ata,p0044,cen.bre,i0007,11:19,500,1,Nachu
V4,2010,2010-12-10,cap.ata,p0044,cos.chi,i0077,10:03,200,1,nachu
V4,2009,2009-12-02,cap.ata,p0044,sph.sp2,i0123,10:40:00,500,1,Nachu
V4,2008,2008-12-02,cap.ata,p0044,com.ful,i0059,13:02:00,100,1,Nachu
V1,2010,2010-12-03,cap.ata,p0044,xyl.spl,i0094,11:01,280,1,silvia
V4,2008,2008-12-17,cap.ata,p0044,zet.sp1,i0037,08:36:00,300,1,Nachu
V4,2009,2009-12-11,cap.ata,p0044,api.mel,i0070,12:25:00,600,15,Rocio
V4,2007,2007-12-11,cap.ata,p0044,sphecid1,i0121,11:48,50,3,Nachu
V4,2008,2008-12-12,cap.ata,p0044,sva.zeb,i0110,12:44:00,200,1,Nachu
V4,2007,2007-12-11,cap.ata,p0044,mes.jen,i0011,10:51,30,1,Nachu
V4,2008,2008-12-17,cap.ata,p0044,cos.chi,i0077,08:36:00,300,1,Nachu
V4,2007,2007-12-11,cap.ata,p0044,amm.sp1,i0126,11:48,50,1,Nachu
V4,2008,2008-12-02,cap.ata,p0044,thy.sp1,i0034,13:02:00,100,1,Nachu
V4,2009,2009-12-11,cap.ata,p0044,sphecid1,i0121,12:25:00,600,1,Rocio
V4,2008,2008-12-19,cap.ata,p0044,cos.chi,i0077,11:17:00,300,2,Nachu
V4,2007,2007-12-11,cap.ata,p0044,sphecid1,i0121,11:48,50,3,Nachu
V4,2008,2008-12-02,cap.ata,p0044,mes.jen,i0011,12:32:00,200,1,Nachu
V4,2010,2010-12-10,cap.ata,p0044,cop.ari,i0044,7:55:00,700,3,nachu
V4,2010,2010-12-17,cap.ata,p0044,cop.ari,i0044,10:03,140,4,nachu
V4,2007,2007-12-11,cap.ata,p0044,cen.bre,i0007,10:51,30,1,Nachu
V4,2009,2009-12-11,cap.ata,p0044,sphecid1,i0121,13:25:00,500,5,Rocio
V1,2010,2010-12-03,cap.ata,p0044,NA,NA,12:44,40,1,silvia
V4,2008,2008-10-24,cap.ata,p0044,aud.sp,i0178,11:00:00,800,2,Nachu
V4,2011,2011-12-13,cap.ata,p0044,rub.nas,i0265,10:40,1500,1,nachu
V4,2008,2008-12-17,cap.ata,p0044,cos.chi,i0077,08:36:00,300,2,Nachu
V4,2009,2009-12-11,cap.ata,p0044,cen.bre,i0007,11:59:00,600,5,Rocio
V4,2009,2009-12-11,cap.ata,p0044,wil.cha,i0096,13:25:00,500,1,Rocio
V4,2008,2008-12-19,cap.ata,p0044,cos.chi,i0077,11:31:00,3,3,Nachu
V4,2011,2011-12-06,cap.ata,p0044,str.eur,i0131,13:38:00,500,2,silvia
V4,2008,2008-10-24,cap.ata,p0044,xyl.ord,i0001,11:00:00,800,13,Nachu
V4,2007,2007-11-27,cap.ata,p0044,bom.opi,i0002,11:12,130,2,Nachu
V4,2010,2010-12-17,cap.ata,p0044,cop.ari,i0044,10:12,200,1,nachu
V4,2011,2011-12-13,cap.ata,p0044,sphecid1,i0121,10:40,1500,1,nachu
V4,2008,2008-12-19,cap.ata,p0044,sphecid1,i0121,11:31:00,3,2,Nachu
V4,2008,2008-12-17,cap.ata,p0044,bom.opi,i0002,08:36:00,300,4,Nachu
V4,2010,2010-12-17,cap.ata,p0044,cop.ari,i0044,10:25,350,1,silvia
V4,2008,2008-10-24,cap.ata,p0044,bom.opi,i0002,11:00:00,800,13,Nachu
V4,2010,2010-12-10,cap.ata,p0044,cop.ari,i0044,10:03,200,1,nachu
V4,2008,2008-12-19,cap.ata,p0044,amm.sp1,i0126,11:31:00,3,1,Nachu
V4,2008,2008-10-24,cap.ata,p0044,xyl.spl,i0094,11:00:00,800,10,Nachu
V4,2010,2010-12-17,cap.ata,p0044,wil.cha,i0096,10:12,200,8,nachu
V4,2009,2009-12-11,cap.ata,p0044,bom.opi,i0002,12:25:00,600,2,Rocio
V4,2010,2010-12-17,cap.ata,p0044,xyl.ord,i0001,10:03,140,3,nachu
V4,2010,2010-12-17,cap.ata,p0044,xyl.ord,i0001,9:39,90,1,nachu
V4,2008,2008-12-19,cap.ata,p0044,aug.sp,i0228,11:31:00,3,1,Nachu
V4,2010,2010-12-17,cap.ata,p0044,rub.nas,i0265,10:25,350,1,silvia
V4,2007,2007-12-11,cap.ata,p0044,amm.sp1,i0126,10:51,30,1,Nachu
V4,2011,2011-12-13,cap.ata,p0044,col.bic,i0097,10:40,1500,2,nachu
V4,2010,2010-12-17,cap.ata,p0044,xyl.ord,i0001,10:12,200,10,nachu
V4,2010,2010-12-17,cap.ata,p0044,tac.sp1,i0038,10:03,140,1,nachu
V4,2008,2008-12-02,cap.ata,p0044,sphecid1,i0121,12:32:00,200,2,Nachu
V4,2010,2010-12-17,cap.ata,p0044,bom.opi,i0002,10:12,200,7,nachu
V4,2007,2007-12-11,cap.ata,p0044,amm.sp1,i0126,10:51,30,3,Nachu
V4,2007,2007-12-11,cap.ata,p0044,aug.sp,i0228,12:33,10,1,Nachu
V4,2010,2010-12-10,cap.ata,p0044,cop.ari,i0044,10:03,200,2,nachu
V4,2008,2008-12-19,cap.ata,p0044,cos.chi,i0077,11:17:00,300,2,Nachu
V4,2007,2007-12-11,cap.ata,p0044,tac.sp1,i0038,11:48,50,1,Nachu
V4,2010,2010-12-17,cap.ata,p0044,cop.sp2,i0052,0,0,1,georgina
V4,2010,2010-12-17,cap.ata,p0044,bom.opi,i0002,10:03,140,1,nachu
V4,2009,2009-12-11,cap.ata,p0044,cen.bre,i0007,11:59:00,600,15,Rocio
V4,2009,2009-10-19,cap.ata,p0044,aud.sp,i0178,12:32:00,19,1,nachu
V4,2007,2007-12-11,cap.ata,p0044,amm.sp1,i0126,10:51,30,3,Nachu
V4,2010,2010-12-17,cap.ata,p0044,cop.ari,i0044,10:12,200,1,nachu
V4,2008,2008-10-07,cap.ata,p0044,api.mel,i0070,10:19:00,50,1,Nachu
V4,2008,2008-12-17,cap.ata,p0044,eum.sp,i0264,12:41:00,500,4,Nachu
V4,2009,2009-12-11,cap.ata,p0044,col.lyc,i0170,11:59:00,600,1,Rocio
V4,2009,2009-12-02,cap.ata,p0044,sphecid1,i0121,10:40:00,500,2,Nachu
V4,2007,2007-12-11,cap.ata,p0044,sphecid1,i0121,11:48,50,2,Nachu
V4,2007,2007-12-11,cap.ata,p0044,cop.sp2,i0052,10:51,30,1,Nachu
V4,2008,2008-12-19,cap.ata,p0044,cen.bre,i0007,11:17:00,300,13,Nachu
V4,2010,2010-12-17,cap.ata,p0044,str.eur,i0131,10:03,140,1,nachu
V4,2010,2010-12-17,cap.ata,p0044,cop.ari,i0044,10:12,200,1,nachu
V4,2011,2011-12-13,cap.ata,p0044,api.mel,i0070,10:49,500,2,nachu
V4,2008,2008-12-17,cap.ata,p0044,col.ara,i0168,12:41:00,500,1,Nachu
V4,2007,2007-11-08,cap.ata,p0044,NA,NA,16:38,30,0,Nachu
V4,2008,2008-12-02,cap.ata,p0044,bombil7,i0116,13:02:00,100,2,Nachu
V1,2011,2011-12-20,cap.ata,p0044,ana.ine,i0013,13:13:00,1000,3,silvia
V4,2010,2010-12-17,cap.ata,p0044,sphecid1,i0121,10:03,140,2,nachu
V4,2009,2009-12-11,cap.ata,p0044,api.mel,i0070,13:25:00,500,10,Rocio
V4,2007,2007-12-11,cap.ata,p0044,bombil8,i0085,12:08,100,1,Nachu
V4,2009,2009-12-11,cap.ata,p0044,sphecid1,i0121,13:25:00,500,5,Rocio
V4,2009,2009-11-30,cap.ata,p0044,pompil3,i0263,11:11:00,120,4,Nachu
V4,2011,2011-12-13,cap.ata,p0044,sphecid1,i0121,10:40,1500,1,nachu
V4,2007,2007-12-11,cap.ata,p0044,sphecid1,i0121,11:48,50,2,Nachu
V4,2007,2007-12-04,cap.ata,p0044,sphecid1,i0121,11:19,500,1,Nachu
V4,2008,2008-12-17,cap.ata,p0044,tac.sp1,i0038,12:41:00,500,2,Nachu
V4,2011,2011-12-13,cap.ata,p0044,sphecid1,i0121,10:40,1500,1,nachu
V4,2011,NA,cap.ata,p0044,meg.jor,i0298,12:25,20,1,enzo
V4,2011,2011-12-13,cap.ata,p0044,trich.sp,i0305,09:55,100,1,silvia
V4,2008,2008-12-17,cap.ata,p0044,aug.sp,i0228,08:36:00,300,2,Nachu
V4,2010,2010-12-10,cap.ata,p0044,cop.ari,i0044,8:28,50,5,silvia
V4,2008,2008-12-02,cap.ata,p0044,cen.bre,i0007,12:32:00,200,1,Nachu
V4,2008,2008-12-17,cap.ata,p0044,meg.C,i0140,12:50:00,300,3,Nachu
V4,2008,2008-12-19,cap.ata,p0044,pompil3,i0263,11:31:00,3,2,Nachu
V4,2010,2010-12-10,cap.ata,p0044,dih.sp1,i0031,8:28,50,1,silvia
V4,2010,2010-12-10,cap.ata,p0044,bombil9,i0183,10:03,200,2,nachu
V4,2008,2008-12-17,cap.ata,p0044,cen.bre,i0007,12:50:00,300,4,Nachu
V4,2009,2009-10-19,cap.ata,p0044,bom.opi,i0002,12:32:00,19,2,nachu
V4,2011,2011-12-13,cap.ata,p0044,api.mel,i0070,10:49,500,1,nachu
V4,2007,2007-12-04,cap.ata,p0044,cen.bre,i0007,11:19,500,2,Nachu
V1,2007,2007-10-29,jun.asp,p0002,cop.ari,i0044,16:55,1000,1,Nachu
V1,2007,2007-10-29,jun.asp,p0002,cop.ari,i0044,16:55,1000,3,Nachu
V4,2008,2008-10-28,jun.asp,p0002,NA,NA,13:14:00,130,0,Nachu
V1,2007,2007-10-29,jun.asp,p0002,cop.ari,i0044,16:55,1000,2,Nachu
V4,2009,2009-11-25,jun.asp,p0002,NA,NA,10:06:00,40,0,Belen
V1,2007,2007-10-29,jun.asp,p0002,cop.ari,i0044,16:55,1000,3,Nachu
V4,2008,2008-10-21,jun.asp,p0002,NA,NA,14:08:00,50,0,Nachu
V1,2007,2007-10-29,jun.asp,p0002,cop.ari,i0044,16:55,1000,1,Nachu
V1,2007,2007-10-29,jun.asp,p0002,cop.ari,i0044,16:55,1000,2,Nachu
V1,2007,2007-10-29,jun.asp,p0002,dia.sp1,i0073,16:55,1000,1,Nachu
V1,2011,2011-10-04,lyc.ten,p0007,NA,NA,08:33,2,0,silvia
V1,2010,2010-10-06,lyc.ten,p0007,cop.ari,i0044,7:54,13,1,silvia
V1,2009,2009-10-19,lyc.ten,p0007,NA,NA,10:32:00,5,0,nachu
V1,2008,2008-10-21,lyc.ten,p0007,bombil3,i0069,11:18:00,34,2,Nachu
V1,2011,2011-12-02,lyc.ten,p0007,NA,NA,12:50,25,2,silvia
V1,2008,2008-09-24,lyc.ten,p0007,cop.ari,i0044,13:02:00,11,2,Nachu
V1,2009,2009-10-21,lyc.ten,p0007,NA,NA,12:11:00,19,0,nachu
V4,2008,2008-10-17,lyc.ten,p0007,NA,NA,14:21:00,13,0,Nachu
V4,2009,2009-10-26,lyc.ten,p0007,NA,NA,13:15:00,4,0,nachu
V1,2008,2008-09-24,lyc.ten,p0007,cop.ari,i0044,13:02:00,11,2,Nachu
V1,2007,2007-10-02,lyc.ten,p0007,syr.sp1,i0045,12:41,35,2,Nachu
V1,2007,2007-10-02,lyc.ten,p0007,dih.sp1,i0031,12:41,35,2,Nachu
V1,2007,2007-10-02,lyc.ten,p0007,syr.sp1,i0045,12:41,35,10,Nachu
V1,2008,2008-09-24,lyc.ten,p0007,cop.ari,i0044,13:02:00,11,1,Nachu
V1,2008,2008-09-24,lyc.ten,p0007,NA,NA,12:36:00,9,0,Nachu
V1,2007,2007-10-02,lyc.ten,p0007,aug.sp,i0228,12:41,25,1,Nachu
V1,2007,2007-10-25,hof.ere,p0020,NA,NA,11:28,15,0,Nachu
V4,2010,2010-10-22,hof.ere,p0020,NA,NA,12:47:00,11,0,Nachu
V4,2011,2011-12-02,hof.ere,p0020,NA,NA,10:22,4,0,nachu
V4,2008,2008-10-28,hof.ere,p0020,NA,NA,13:22:00,16,0,Diego
V1,2011,2011-12-02,hof.ere,p0020,cen.bre,i0007,13:07,6,1,nachu
V4,2009,2009-11-04,hof.ere,p0020,NA,NA,11:18:00,2,0,belen
V4,2010,2010-10-28,hof.ere,p0020,NA,NA,8:37:00,4,0,Nachu
V4,2010,2010-10-22,hof.ere,p0020,NA,NA,14:12:00,3,0,Nachu
V1,2008,2008-10-28,hof.ere,p0020,NA,NA,10:58:00,3,0,Nachu
V1,2010,2010-10-22,hof.ere,p0020,syr.sp1,i0045,10:50,5,3,silvia
V1,2010,2010-10-22,hof.ere,p0020,syr.sp1,i0045,10:50,5,1,silvia
V1,2011,2011-12-06,hof.ere,p0020,NA,NA,10:55:00,2,0,silvia
V1,2008,2008-10-24,hof.ere,p0020,NA,NA,13:22:00,9,0,Nachu
V1,2011,2011-10-28,hof.ere,p0020,NA,NA,10:35,1,0,nachu
V1,2010,2010-10-22,hof.ere,p0020,NA,NA,11:39:00,3,0,Nachu
V1,2011,2011-12-02,hof.ere,p0020,NA,NA,12:55,13,3,nachu
V4,2009,2009-10-28,hof.ere,p0020,cen.bre,i0007,10:13:00,4,1,Belen
V1,2011,2011-12-02,hof.ere,p0020,cen.bre,i0007,12:55,13,4,nachu
V1,2007,2007-11-27,bac.cri,p0024,dih.sp1,i0031,07:57,2,1,Nachu
V4,2010,2010-10-22,bac.cri,p0024,NA,NA,13:12,120,1,silvia
V1,2007,2007-11-27,bac.cri,p0024,cop.sp2,i0052,07:57,2,1,Nachu
V1,2007,2007-11-27,bac.cri,p0024,cop.ari,i0044,07:57,2,1,Nachu
V4,2010,2010-10-22,bac.cri,p0024,dia.sp1,i0073,13:12,120,1,silvia
V1,2010,2010-11-05,bac.cri,p0024,NA,NA,7:47,60,0,silvia
V4,2010,2010-10-22,bac.cri,p0024,cha.sp1,i0062,13:12,120,2,silvia
V4,2007,2007-10-25,lar.cun,p0045,xyl.spl,i0094,08:10,400,2,diego
V4,2007,2007-10-25,lar.cun,p0045,api.mel,i0070,08:01,400,3,diego
V4,2009,2009-10-28,lar.cun,p0045,NA,NA,09:37:00,80,0,nachu
V4,2007,2007-10-25,lar.cun,p0045,bom.opi,i0002,08:45,70,1,Nachu
V4,2007,2007-10-23,lar.cun,p0045,api.mel,i0070,12:40,80,8,Nachu
V4,2011,2011-12-02,lar.cun,p0045,NA,NA,09:55,12,0,nachu
V4,2008,2008-10-24,lar.cun,p0045,col.lyc,i0170,14:40:00,50,1,Nachu
V4,2009,2009-10-28,lar.cun,p0045,NA,NA,09:22:00,80,0,rocio
V4,2011,2011-10-28,lar.cun,p0045,cop.ari,i0044,12:52,100,1,nachu
V4,2010,2010-10-22,lar.cun,p0045,syr.sp1,i0045,13:22:00,200,2,Nachu
V4,2007,2007-10-23,lar.cun,p0045,bom.opi,i0002,12:40,80,11,Nachu
V4,2010,2010-10-22,lar.cun,p0045,syr.sp1,i0045,13:14:00,160,2,Nachu
V4,2010,2010-10-14,lar.cun,p0045,syr.sp1,i0045,10:18,43,1,silvia
V4,2008,2008-10-28,lar.cun,p0045,NA,NA,13:35:00,40,0,Nachu
V4,2007,2007-11-02,lar.cun,p0045,cop.ari,i0044,09:17,180,6,Nachu
V4,2007,2007-10-25,lar.cun,p0045,com.ful,i0059,09:32,150,1,Nachu
V4,2007,2007-10-25,lar.cun,p0045,cop.ari,i0044,08:01,400,10,diego
V4,2009,2009-10-26,lar.cun,p0045,xyl.ord,i0001,13:20:00,52,6,nachu
V4,2007,2007-10-25,lar.cun,p0045,NA,NA,09:10,220,0,Nachu
V4,2009,2009-10-28,lar.cun,p0045,cop.ari,i0044,09:04:00,65,4,nachu
V4,2007,2007-10-25,lar.cun,p0045,cop.ari,i0044,08:10,400,5,diego
V4,2009,2009-10-26,lar.cun,p0045,NA,NA,12:50:00,6,0,nachu
V4,2007,2007-10-25,lar.cun,p0045,NA,NA,07:36,300,0,diego
V4,2007,2007-10-25,lar.cun,p0045,cop.ari,i0044,08:10,400,10,diego
V4,2007,2007-10-23,lar.cun,p0045,xyl.ord,i0001,12:06,300,1,Nachu
V4,2007,2007-10-25,lar.cun,p0045,cop.ari,i0044,09:32,150,1,Nachu
V4,2008,2008-10-21,lar.cun,p0045,NA,NA,15:00:00,28,0,Nachu
V4,2011,2011-10-25,lar.cun,p0045,NA,NA,09:45,72,0,nachu
V4,2007,2007-10-25,lar.cun,p0045,syr.sp1,i0045,08:37,250,1,Nachu
V4,2007,2007-10-23,lar.cun,p0045,cop.ari,i0044,13:08,90,3,Nachu
V4,2009,2009-11-04,lar.cun,p0045,NA,NA,11:39:00,60,0,Nachu
V4,2007,2007-10-25,lar.cun,p0045,NA,NA,09:39,220,0,Nachu
V4,2007,2007-10-23,lar.cun,p0045,NA,NA,12:20,100,0,Nachu
V4,2007,2007-10-25,lar.cun,p0045,api.mel,i0070,09:32,150,8,Nachu
V4,2009,2009-10-26,lar.cun,p0045,aud.sp,i0178,12:57:00,61,2,nachu
V4,2009,2009-10-28,lar.cun,p0045,dih.sp1,i0031,09:10:00,70,1,nachu
V4,2010,2010-10-22,lar.cun,p0045,lon.rob,i0172,13:14:00,160,1,Nachu
V4,2007,2007-10-25,lar.cun,p0045,cop.ari,i0044,08:20,200,1,diego
V4,2010,2010-10-14,lar.cun,p0045,NA,NA,10:27,180,0,silvia
V4,2010,2010-10-28,lar.cun,p0045,NA,NA,9:53,12,0,silvia
V4,2007,2007-10-25,lar.cun,p0045,cop.ari,i0044,08:01,400,1,diego
V4,2007,2007-10-25,lar.cun,p0045,cop.ari,i0044,08:01,400,1,diego
V4,2007,2007-10-25,lar.cun,p0045,NA,NA,09:47,120,0,Nachu
V4,2010,2010-10-22,lar.cun,p0045,NA,NA,13:07:00,49,0,Nachu
V4,2011,2011-10-18,lar.cun,p0045,NA,NA,10:30,5,0,nachu
V4,2010,2010-10-06,lar.cun,p0045,xyl.ord,i0001,11:27,40,3,diego
V4,2007,2007-10-23,lar.cun,p0045,NA,NA,12:34,90,0,Nachu
V4,2008,2008-10-24,lar.cun,p0045,dih.sp1,i0031,14:40:00,50,1,Nachu
V4,2007,2007-10-25,lar.cun,p0045,lei.fri,i0029,08:45,70,1,Nachu
V4,2007,2007-10-29,arj.lon,p0046,NA,NA,18:54,70,0,Erica
V4,2009,2009-11-04,arj.lon,p0046,tac.sp10,i0191,12:02:00,500,2,Nachu
V4,2007,2007-10-23,arj.lon,p0046,NA,NA,12:00,150,0,Nachu
V4,2008,2008-10-31,arj.lon,p0046,NA,NA,09:28:00,100,0,Nachu
V1,2011,2011-10-18,arj.lon,p0046,NA,NA,23:49,28,0,enzo
V4,2010,2010-10-22,arj.lon,p0046,NA,NA,13:58:00,50,0,Nachu
V4,2010,2010-10-28,arj.lon,p0046,NA,NA,9:13:00,200,0,Nachu
V4,2009,2009-11-09,arj.lon,p0046,NA,NA,11:19:00,13,0,nachu
V1,2009,2009-10-26,arj.lon,p0046,NA,NA,10:52:00,14,0,Rocio
V1,2008,2008-09-24,arj.lon,p0046,NA,NA,10:57:00,113,0,Nachu
V1,2011,NA,arj.lon,p0046,NA,NA,10:53,21,0,enzo
V1,2010,2010-12-17,arj.lon,p0046,NA,NA,9:17:00,1,0,silvia
V1,2009,2009-11-11,arj.lon,p0046,NA,NA,09:25:00,15,0,Nachu
V4,2009,2009-11-04,arj.lon,p0046,cae.sp1,i0022,12:02:00,500,1,Nachu
V4,2008,2008-10-24,arj.lon,p0046,ase.mon,i0180,10:07:00,40,2,Nachu
V4,2009,2009-11-04,arj.lon,p0046,vill.sp1,i0114,12:36:00,60,1,belen
V4,2007,2007-10-23,arj.lon,p0046,NA,NA,11:53,140,0,Nachu
V4,2009,2009-10-28,arj.lon,p0046,NA,NA,10:42:00,6,0,nachu
V4,2009,2009-11-04,arj.lon,p0046,NA,NA,12:37:00,13,0,Nachu
V1,2011,2011-10-25,arj.lon,p0046,NA,NA,12:25,110,0,nachu
V1,2010,2010-12-10,arj.lon,p0046,NA,NA,10:49,3,0,nachu
V1,2011,2011-10-11,arj.lon,p0046,aug.sp,i0228,13:48,3,1,silvia
V4,2010,2010-10-28,arj.lon,p0046,cop.ari,i0044,8:30:00,110,2,Nachu
V4,2009,2009-11-11,arj.lon,p0046,NA,NA,11:31:00,330,0,Nachu
V4,2008,2008-10-21,arj.lon,p0046,NA,NA,14:40:00,400,0,Nachu
V4,2008,2008-10-24,arj.lon,p0046,NA,NA,09:38:00,130,0,Nachu
V1,2009,2009-10-19,arj.lon,p0046,NA,NA,10:55:00,8,0,rocio
V4,2010,2010-10-22,arj.lon,p0046,NA,NA,12:39:00,20,2,Nachu
V4,2009,2009-11-04,arj.lon,p0046,aug.sp,i0228,12:36:00,60,3,belen
V4,2007,2007-10-25,arj.lon,p0046,NA,NA,13:52,140,0,Nachu
V4,2011,2011-10-28,arj.lon,p0046,NA,NA,13:42,11,0,silvia
V4,2009,2009-11-09,arj.lon,p0046,meg.A,i0003,11:05:00,3000,1,nachu
V4,2008,2008-10-21,arj.lon,p0046,NA,NA,14:46:00,60,0,Nachu
V4,2009,2009-11-04,arj.lon,p0046,amm.sp1,i0126,12:02:00,500,2,Nachu
V1,2011,2011-10-14,arj.lon,p0046,NA,NA,11:45,6,0,nachu
V4,2007,2007-10-25,arj.lon,p0046,NA,NA,08:20,inf 20,0,diego
V4,2009,2009-11-04,arj.lon,p0046,bombil9,i0183,12:02:00,500,5,Nachu
V1,2009,2009-11-05,arj.lon,p0046,NA,NA,09:26:00,15,0,Nachu
V4,2009,2009-11-04,arj.lon,p0046,aug.sp,i0228,12:02:00,500,1,Nachu
V1,2008,2008-09-24,arj.lon,p0046,ase.mon,i0180,10:42:00,5,1,Nachu
V1,2011,2011-10-04,arj.lon,p0046,NA,NA,10:44,6,0,silvia
V4,2007,2007-11-15,dyp.gla,p0047,cop.ari,i0044,07:16,500,3,Nachu
V4,2011,2011-11-08,dyp.gla,p0047,NA,NA,10:45,40,0,nachu
V4,2008,2008-11-18,dyp.gla,p0047,NA,NA,10:50:00,60,0,Nachu
V4,2007,2007-12-11,dyp.gla,p0047,aug.sp,i0228,08:57,200,4,Nachu
V4,2007,2007-11-20,dyp.gla,p0047,cop.ari,i0044,17:36,400,6,Nachu
V4,2007,2007-11-20,dyp.gla,p0047,cop.ari,i0044,17:45,200,1,Nachu
V4,2008,2008-12-02,dyp.gla,p0047,NA,NA,10:17:00,3,0,Nachu
V4,2007,2007-11-20,dyp.gla,p0047,cop.ari,i0044,17:45,200,1,Nachu
V4,2007,2007-12-11,dyp.gla,p0047,cop.sp2,i0052,08:57,200,1,Nachu
V1,2007,2007-12-11,dyp.gla,p0047,cop.sp2,i0052,07:33,200,3,Nachu
V4,2010,2010-11-10,dyp.gla,p0047,NA,NA,10:24,24,0,silvia
V4,2007,2007-11-15,dyp.gla,p0047,cop.ari,i0044,07:16,500,2,Nachu
V4,2007,2007-12-11,dyp.gla,p0047,aug.sp,i0228,08:57,200,3,Nachu
V4,2011,2011-12-13,dyp.gla,p0047,api.mel,i0070,c,200,1,nachu
V1,2011,2011-11-11,dyp.gla,p0047,NA,NA,12:19,70,2,nachu
V4,2007,2007-11-15,dyp.gla,p0047,cop.ari,i0044,07:16,500,1,Nachu
V4,2007,2007-11-08,dyp.gla,p0047,NA,NA,17:24,200,0,Nachu
V4,2008,2008-11-07,dyp.gla,p0047,lepid12,i0268,12:30:00,200,14,Nachu
V1,2007,2007-12-11,dyp.gla,p0047,bombil8,i0085,07:33,200,1,Nachu
V4,2011,2011-12-13,dyp.gla,p0047,lepid11,i0215,10:01,200,8,nachu
V1,2007,2007-12-11,dyp.gla,p0047,bombil8,i0085,07:33,200,1,Nachu
V1,2007,2007-11-20,dyp.gla,p0047,NA,NA,14:55,150,0,Nachu
V4,2007,2007-11-20,dyp.gla,p0047,cop.ari,i0044,17:36,400,2,Nachu
V1,2011,2011-11-04,dyp.gla,p0047,dih.sp1,i0031,09:18,13,2,nachu
V4,2007,2007-11-15,dyp.gla,p0047,cop.ari,i0044,07:16,500,1,Nachu
V4,2008,2008-11-07,dyp.gla,p0047,NA,NA,10:22:00,140,0,Nachu
V4,2010,2010-11-10,dyp.gla,p0047,NA,NA,10:10,30,0,silvia
V4,2007,2007-11-15,dyp.gla,p0047,cop.ari,i0044,07:16,500,2,Nachu
V4,2008,2008-11-18,dyp.gla,p0047,NA,NA,10:57:00,100,0,Nachu
V4,2007,2007-11-15,dyp.gla,p0047,cop.ari,i0044,07:16,500,1,Nachu
V4,2008,2008-11-18,dyp.gla,p0047,NA,NA,12:33:00,120,0,Nachu
V4,2007,2007-11-20,dyp.gla,p0047,cop.ari,i0044,17:36,400,6,Nachu
V4,2007,2007-11-15,dyp.gla,p0047,cop.ari,i0044,07:16,500,5,Nachu
V4,2010,2010-11-26,dyp.gla,p0047,NA,NA,8:02:00,30,0,Nachu
V1,2007,2007-12-11,dyp.gla,p0047,bombil8,i0085,07:33,200,2,Nachu
V4,2008,2008-11-18,dyp.gla,p0047,dih.sp1,i0031,11:17:00,60,2,Nachu
V1,2007,2007-12-11,dyp.gla,p0047,bombil8,i0085,07:33,200,1,Nachu
V4,2007,2007-11-20,dyp.gla,p0047,cop.ari,i0044,17:36,400,2,Nachu
V4,2011,2011-12-13,dyp.gla,p0047,bombil7,i0116,10:01,200,4,nachu
V1,2007,2007-12-11,dyp.gla,p0047,bombil8,i0085,07:33,200,1,Nachu
V4,2009,2009-11-18,dyp.gla,p0047,NA,NA,13:34:00,140,0,Nachu
V4,2007,2007-11-15,dyp.gla,p0047,cop.ari,i0044,07:50,200,2,Nachu
V4,2010,2010-11-19,dyp.gla,p0047,str.eur,i0131,11:49,500,1,silvia
V4,2007,2007-11-20,dyp.gla,p0047,cop.ari,i0044,17:45,200,3,Nachu
V4,2010,2010-11-19,dyp.gla,p0047,cop.ari,i0044,11:59,500,2,silvia
V4,2008,2008-11-18,dyp.gla,p0047,cop.ari,i0044,11:17:00,60,1,Nachu
V1,2007,2007-12-11,dyp.gla,p0047,bombil8,i0085,07:33,200,1,Nachu
V4,2007,2007-11-20,dyp.gla,p0047,cop.ari,i0044,17:36,400,1,Nachu
V1,2008,2008-11-04,fab.pec,p0048,NA,NA,12:35:00,18,0,Nachu
V1,2007,2007-10-19,fab.pec,p0048,NA,NA,13:16,300,0,Nachu
V1,2011,2011-09-20,fum.cap,p0049,NA,NA,13:05,330,1,silvia
V1,2011,2011-10-21,fum.cap,p0049,NA,NA,08:42,192,0,nachu
V1,2011,2011-09-20,fum.cap,p0049,NA,NA,11:34,76,0,silvia
V1,2007,2007-10-23,fum.cap,p0049,NA,NA,09:00,150,0,Nachu
V1,2011,2011-09-20,fum.cap,p0049,cha.sp1,i0062,13:05,330,2,silvia
V1,2011,2011-09-20,fum.cap,p0049,cop.sp2,i0052,12:32,460,1,silvia
V1,2011,2011-09-20,fum.cap,p0049,tat.aut,i0076,12:08,210,2,silvia
V1,2011,2011-10-04,fum.cap,p0049,NA,NA,10:56,330,0,silvia
V1,2008,2008-10-24,fum.cap,p0049,NA,NA,14:57:00,60,0,Nachu
V1,2008,2008-10-21,fum.cap,p0049,NA,NA,12:07:00,48,0,Nachu
V1,2008,2008-10-07,fum.cap,p0049,NA,NA,14:49:00,27,0,Nachu
V1,2011,2011-12-06,hys.jas,p0050,aug.sp,i0228,10:16:00,7,1,silvia
V1,2007,2007-11-13,hys.jas,p0050,dih.sp1,i0031,15:19,1,1,Nachu
V4,2010,2010-10-22,hys.jas,p0050,NA,NA,12:47:00,2,0,Nachu
V1,2011,2011-12-06,hys.jas,p0050,NA,NA,08:54:00,11,0,silvia
V4,2009,2009-11-11,hys.jas,p0050,NA,NA,12:30:00,3,0,Nachu
V1,2011,2011-10-28,hys.jas,p0050,amm.sp1,i0126,10:30,6,2,nachu
V1,2011,2011-12-02,hys.jas,p0050,dih.sp1,i0031,13:01,4,1,nachu
V1,2011,2011-12-02,hys.jas,p0050,aug.sp,i0228,12:01,1,1,nachu
V4,2010,2010-10-14,hys.jas,p0050,NA,NA,10:00,1,0,silvia
V4,2011,2011-10-28,hys.jas,p0050,tat.aut,i0076,11:46,6,2,nachu
V4,2010,2010-10-14,hys.jas,p0050,NA,NA,10:28:00,1,0,Nachu
V1,2010,2010-12-03,hys.jas,p0050,NA,NA,12:16,1,0,silvia
V1,2009,2009-10-28,hys.jas,p0050,NA,NA,13:45:00,2,0,Belen
V4,2008,2008-10-17,hys.jas,p0050,meg.A,i0003,10:44:00,2,2,Nachu
V1,2008,2008-11-11,hys.jas,p0050,NA,NA,11:36:00,20,0,Nachu
V4,2011,2011-10-28,hys.jas,p0050,dih.sp1,i0031,11:46,6,1,nachu
V4,2007,2007-11-15,hys.jas,p0050,dih.sp1,i0031,10:23,10,1,Nachu
V4,2009,2009-10-19,hys.jas,p0050,meg.C,i0140,12:40:00,1,1,nachu
V4,2009,2009-10-19,hys.jas,p0050,aud.sp,i0178,12:40:00,1,1,nachu
V1,2011,2011-12-02,hys.jas,p0050,str.eur,i0131,12:14,2,1,nachu
V1,2011,2011-10-21,hys.jas,p0050,NA,NA,10:46,4,1,nachu
V4,2008,2008-11-07,hys.jas,p0050,NA,NA,11:30:00,4,0,Nachu
V1,2008,2008-12-05,hys.jas,p0050,NA,NA,11:47:00,1,0,Nachu
V4,2008,2008-11-18,hys.jas,p0050,aug.sp,i0228,12:24:00,11,1,Nachu
V1,2009,2009-10-26,hys.jas,p0050,NA,NA,10:39:00,6,0,Rocio
V1,2009,2009-10-19,hys.jas,p0050,NA,NA,10:36:00,2,0,rocio
V1,2009,2009-10-21,hys.jas,p0050,NA,NA,12:31:00,4,0,belen
V1,2009,2009-10-21,hys.jas,p0050,NA,NA,12:57:00,2,0,belen
V4,2010,2010-11-05,hys.jas,p0050,NA,NA,12:49,5,0,silvia
V1,2011,2011-10-28,hys.jas,p0050,NA,NA,09:00,2,0,silvia
V4,2008,2008-10-21,hys.jas,p0050,dih.sp1,i0031,14:46:00,3,1,Nachu
V1,2011,2011-10-28,hys.jas,p0050,NA,NA,10:10,3,0,nachu
V4,2010,2010-10-14,hys.jas,p0050,NA,NA,10:28:00,1,0,Nachu
V1,2011,2011-10-28,hys.jas,p0050,NA,NA,10:42,1,0,silvia
V4,2010,2010-11-10,hys.jas,p0050,NA,NA,10:47,2,0,silvia
V4,2009,2009-11-11,hys.jas,p0050,NA,NA,12:25:00,7,0,Belen
V1,2011,2011-10-25,hys.jas,p0050,NA,NA,12:40,3,0,silvia
V4,2009,2009-11-04,hys.jas,p0050,NA,NA,10:49:00,3,0,Nachu
V4,2008,2008-10-21,hys.jas,p0050,ase.mon,i0180,15:30:00,2,1,Nachu
V1,2007,2007-11-02,hys.jas,p0050,aug.sp,i0228,12:55,2,1,Nachu
V4,2009,2009-10-28,hys.jas,p0050,NA,NA,10:30:00,1,0,rocio
V1,2011,2011-10-28,hys.jas,p0050,amm.sp1,i0126,10:30,6,3,nachu
V4,2010,2010-10-28,hys.jas,p0050,NA,NA,8:06:00,2,0,Nachu
V4,2011,2011-10-28,hys.jas,p0050,dih.sp1,i0031,11:53,1,1,nachu
V4,2010,2010-10-22,hys.jas,p0050,NA,NA,12:32,6,0,silvia
V1,2011,2011-12-06,hys.jas,p0050,chi.sp1,i0033,10:38:00,36,1,silvia
V1,2008,2008-10-10,hys.jas,p0050,NA,NA,12:19:00,1,0,Nachu
V4,2011,2011-10-28,hys.jas,p0050,NA,NA,12:52,1,0,silvia
V1,2008,2008-10-28,hys.jas,p0050,NA,NA,11:05:00,1,0,Nachu
V4,2011,2011-11-04,hys.jas,p0050,meg.A,i0003,13:49,9,2,nachu
V1,2011,2011-12-13,hys.jas,p0050,NA,NA,12:34,2,1,nachu
V4,2008,2008-11-18,hys.jas,p0050,aug.sp,i0228,12:24:00,11,3,Nachu
V1,2011,2011-10-11,hys.jas,p0050,amm.sp1,i0126,14:00,6,1,silvia
V1,2011,2011-12-06,hys.jas,p0050,NA,NA,10:55:00,4,0,silvia
V4,2011,2011-10-28,hys.jas,p0050,meg.jor,i0298,11:53,1,1,nachu
V4,2007,2007-11-15,hys.jas,p0050,lepid7,i0133,10:23,10,1,Nachu
V4,2009,2009-11-09,hys.jas,p0050,aud.sp,i0178,11:14:00,2,1,Rocio
V4,2008,2008-11-18,hys.jas,p0050,dih.sp1,i0031,12:24:00,11,1,Nachu
V4,2008,2008-10-24,hys.jas,p0050,NA,NA,09:38:00,7,0,Nachu
V4,2011,2011-10-28,hys.jas,p0050,dih.sp1,i0031,11:46,6,1,nachu
V1,2011,2011-10-28,hys.jas,p0050,dih.sp1,i0031,10:30,6,1,nachu
V4,2011,2011-11-04,hys.jas,p0050,arh.bif,i0020,13:49,9,1,nachu
V4,2008,2008-10-28,hys.jas,p0050,NA,NA,12:15:00,3,0,Nachu
V4,2008,2008-10-21,hys.jas,p0050,amm.sp1,i0126,14:46:00,3,1,Nachu
V1,2007,2007-11-08,hys.jas,p0050,NA,NA,14:53,19,0,Nachu
V1,2011,2011-10-11,hys.jas,p0050,pir.com,i0132,14:00,6,1,silvia
V4,2009,2009-11-18,hys.jas,p0050,NA,NA,13:00:00,1,0,Rocio
V4,2011,2011-11-04,hys.jas,p0050,pir.com,i0132,13:49,9,2,nachu
V1,2011,2011-11-11,hys.jas,p0050,pir.com,i0132,12:00,2,1,nachu
V1,2009,2009-10-28,hys.jas,p0050,NA,NA,13:05:00,4,0,rocio
V4,2009,2009-11-04,hys.jas,p0050,NA,NA,12:17:00,4,0,belen
V1,2009,2009-10-21,hys.jas,p0050,NA,NA,11:41:00,2,0,nachu
V1,2007,2007-11-20,hys.jas,p0050,NA,NA,13:43,34,0,Nachu
V4,2008,2008-10-21,hys.jas,p0050,NA,NA,14:28:00,1,0,Nachu
V1,2009,2009-10-28,hys.jas,p0050,NA,NA,11:50:00,1,0,nachu
V4,2009,2009-11-09,hys.jas,p0050,NA,NA,10:43:00,4,0,nachu
V1,2011,2011-11-11,hys.jas,p0050,amm.sp1,i0126,12:00,2,1,nachu
V1,2011,2011-12-13,hys.jas,p0050,NA,NA,12:43,1,0,nachu
V1,2007,2007-11-02,hys.jas,p0050,lei.cri,i0147,12:28,6,1,Nachu
V4,2007,2007-12-11,hys.jas,p0050,aug.sp,i0228,11:40,2,1,Erica
V1,2009,2009-10-26,hys.jas,p0050,NA,NA,10:40:00,3,0,nachu
V1,2011,2011-12-02,hys.jas,p0050,NA,NA,12:48,13,0,nachu
V4,2007,2007-11-15,hys.jas,p0050,ise.vac,i0106,10:23,10,1,Nachu
V4,2008,2008-12-02,hys.jas,p0050,aug.sp,i0228,10:22:00,1,1,Nachu
V1,2008,2008-11-04,hys.jas,p0050,cam.pun,i0128,11:15:00,4,1,Nachu
V1,2009,2009-10-21,hys.jas,p0050,NA,NA,12:01:00,6,0,nachu
V1,2011,2011-10-11,hys.jas,p0050,dih.sp1,i0031,14:00,6,1,silvia
V1,2011,2011-10-11,hys.jas,p0050,NA,NA,14:00,6,1,silvia
V4,2010,2010-11-19,hys.jas,p0050,NA,NA,13:48,2,0,silvia
V1,2011,2011-12-06,hys.jas,p0050,dih.sp1,i0031,10:16:00,7,1,silvia
V4,2008,2008-11-18,hys.jas,p0050,NA,NA,12:17:00,1,0,Nachu
V1,2011,2011-10-21,hys.jas,p0050,aug.sp,i0228,10:46,4,2,nachu
V4,2008,2008-12-17,hys.jas,p0050,NA,NA,13:05:00,1,0,Nachu
V4,2007,2007-11-06,hys.jas,p0050,NA,NA,12:26,6,0,Nachu
V4,2011,2011-10-25,mon.aph,p0051,NA,NA,09:40,900,1,nachu
V1,2011,2011-11-22,mon.aph,p0051,aug.sp,i0228,14:02,100,1,silvia
V4,2011,2011-10-25,mon.aph,p0051,cen.bre,i0007,09:40,900,7,nachu
V4,2011,2011-10-21,mon.aph,p0051,mes.jen,i0011,13:20,600,3,nachu
V1,2011,2011-11-04,mon.aph,p0051,dih.sp1,i0031,10:56,28,1,silvia
V4,2011,2011-10-21,mon.aph,p0051,meg.L,i0297,13:20,600,5,nachu
V4,2011,2011-11-04,mon.aph,p0051,cen.bre,i0007,13:30,50,4,enzo
V4,2011,2011-10-21,mon.aph,p0051,meg.L,i0297,13:20,600,5,nachu
V1,2011,2011-10-28,mon.aph,p0051,dih.sp1,i0031,10:47,100,1,nachu
V4,2007,2007-11-15,mon.aph,p0051,NA,NA,09:08,20,0,Nachu
V4,2011,2011-10-21,mon.aph,p0051,NA,NA,12:43,100,0,silvia
V4,2009,2009-10-21,mon.aph,p0051,dih.sp1,i0031,09:57:00,40,2,nachu
V4,2011,2011-10-18,mon.aph,p0051,aug.sp,i0228,10:20,150,1,nachu
V4,2011,2011-11-04,mon.aph,p0051,cen.bre,i0007,13:30,50,2,enzo
V1,2011,2011-10-21,mon.aph,p0051,dih.sp1,i0031,10:27,21,2,nachu
V1,2009,2009-10-28,mon.aph,p0051,aug.sp,i0228,11:56:00,20,12,rocio
V1,2011,2011-11-08,mon.aph,p0051,aug.sp,i0228,13:04,30,1,nachu
V1,2009,2009-11-09,mon.aph,p0051,cen.bre,i0007,12:58:00,100,14,nachu
V4,2011,2011-10-21,mon.aph,p0051,cen.bre,i0007,13:20,600,5,nachu
V1,2008,2008-10-24,mon.aph,p0051,aug.sp,i0228,14:30:00,800,2,Nachu
V1,2008,2008-10-31,mon.aph,p0051,mes.jen,i0011,13:45:00,80,3,Nachu
V4,2011,2011-10-25,mon.aph,p0051,cen.bre,i0007,09:40,900,15,nachu
V4,2007,2007-10-25,mon.aph,p0051,NA,NA,10:26,30,0,Nachu
V4,2009,2009-11-11,mon.aph,p0051,NA,NA,12:06:00,120,0,Nachu
V1,2011,2011-11-01,mon.aph,p0051,cen.bre,i0007,11:15,57,6,nachu
V4,2007,2007-11-02,mon.aph,p0051,cen.bre,i0007,10:59,300,1,Nachu
V1,2008,2008-11-04,mon.aph,p0051,pse.sp,i0167,09:42:00,100,2,Diego
V4,2011,2011-10-25,mon.aph,p0051,cen.bre,i0007,09:40,900,5,nachu
V1,2009,2009-11-09,mon.aph,p0051,cen.bre,i0007,12:58:00,100,8,nachu
V1,2009,2009-10-21,mon.aph,p0051,NA,NA,11:42:00,2,0,rocio
V1,2011,2011-11-11,mon.aph,p0051,cen.bre,i0007,13:22,70,7,nachu
V4,2011,2011-10-21,mon.aph,p0051,NA,NA,13:20,600,2,nachu
V4,2009,2009-10-28,mon.aph,p0051,NA,NA,10:42:00,2,0,rocio
V1,2011,2011-10-28,mon.aph,p0051,pse.sp,i0167,09:51,300,1,nachu
V4,2009,2009-10-26,mon.aph,p0051,NA,NA,12:41:00,11,0,nachu
V1,2008,2008-11-04,mon.aph,p0051,pse.sp,i0167,11:53:00,80,2,Nachu
V1,2011,2011-10-21,mon.aph,p0051,dih.sp1,i0031,10:27,21,1,nachu
V1,2009,2009-11-05,mon.aph,p0051,cen.bre,i0007,10:42:00,150,13,Rocio
V4,2008,2008-10-07,mon.aph,p0051,cae.sp1,i0022,10:48:00,37,1,Nachu
V4,2011,2011-10-28,mon.aph,p0051,pse.sp,i0167,12:10,800,1,nachu
V4,2010,2010-10-22,mon.aph,p0051,NA,NA,13:01:00,15,0,Nachu
V1,2007,2007-11-13,mon.aph,p0051,cen.bre,i0007,17:11,21,1,Nachu
V4,2011,2011-10-28,mon.aph,p0051,NA,NA,13:06,100,0,silvia
V1,2009,2009-10-28,mon.aph,p0051,cen.bre,i0007,12:06:00,300,6,nachu
V4,2011,2011-10-25,mon.aph,p0051,cen.bre,i0007,09:40,900,11,nachu
V1,2009,2009-10-21,mon.aph,p0051,cen.var,i0099,12:00:00,25,7,rocio
V4,2011,2011-10-21,mon.aph,p0051,cen.bre,i0007,13:20,600,5,nachu
V1,2011,2011-10-18,mon.aph,p0051,aug.sp,i0228,13:14,10,2,nachu
V4,2011,2011-10-25,mon.aph,p0051,cen.bre,i0007,09:40,900,5,nachu
V1,2010,2010-10-22,mon.aph,p0051,cen.bre,i0007,11:34:00,12,4,Nachu
V4,2011,2011-10-25,mon.aph,p0051,cen.bre,i0007,09:40,900,7,nachu
V4,2011,2011-10-28,mon.aph,p0051,str.eur,i0131,13:06,100,1,silvia
V4,2009,2009-10-21,mon.aph,p0051,cen.bre,i0007,09:57:00,40,7,nachu
V1,2011,2011-10-28,mon.aph,p0051,dih.sp1,i0031,10:47,100,1,nachu
V4,2009,2009-11-04,mon.aph,p0051,cen.bre,i0007,09:46:00,30,14,belen
V1,2009,2009-10-28,mon.aph,p0051,cen.bre,i0007,12:06:00,300,5,nachu
V4,2011,2011-10-25,mon.aph,p0051,cen.bre,i0007,09:40,900,15,nachu
V1,2009,2009-11-09,mon.aph,p0051,cen.bre,i0007,12:22:00,50,40,Rocio
V1,2009,2009-10-28,mon.aph,p0051,cen.bre,i0007,12:06:00,300,12,nachu
V4,2011,2011-10-28,mon.aph,p0051,cen.bre,i0007,13:06,100,2,silvia
V1,2011,2011-10-28,mon.aph,p0051,NA,NA,09:51,300,1,nachu
V1,2011,2011-10-28,mon.aph,p0051,NA,NA,08:42,18,0,silvia
V1,2009,2009-10-26,mon.aph,p0051,cen.var,i0099,11:03:00,140,9,nachu
V1,2007,2007-11-02,mon.aph,p0051,cen.var,i0099,12:04,200,8,Nachu
V1,2008,2008-11-11,mon.aph,p0051,cen.var,i0099,11:51:00,60,1,Nachu
V4,2011,2011-10-21,mon.aph,p0051,cen.var,i0099,13:20,600,8,nachu
V4,2009,2009-10-28,mon.aph,p0051,aug.sp,i0228,09:30:00,400,1,nachu
V4,2011,2011-10-18,mon.aph,p0051,pse.sp,i0167,10:38,200,1,nachu
V4,2011,2011-10-18,mon.aph,p0051,cen.bre,i0007,10:38,200,34,nachu
V4,2011,2011-10-25,mon.aph,p0051,cen.bre,i0007,09:40,900,15,nachu
V4,2011,2011-11-04,mon.aph,p0051,cen.bre,i0007,11:57,500,4,nachu
V4,2011,2011-10-18,mon.aph,p0051,meg.jor,i0298,10:20,150,1,nachu
V4,2011,2011-10-21,mon.aph,p0051,mes.jen,i0011,13:20,600,3,nachu
V1,2007,2007-11-08,mon.aph,p0051,NA,NA,15:26,60,0,Nachu
V1,2010,2010-10-28,mon.aph,p0051,cen.bre,i0007,13:45,125,4,silvia
V4,2009,2009-10-28,mon.aph,p0051,cen.bre,i0007,09:30:00,400,6,nachu
V1,2009,2009-11-05,mon.aph,p0051,cen.bre,i0007,09:15:00,50,2,Nachu
V1,2011,2011-11-08,mon.aph,p0051,NA,NA,12:42,120,0,nachu
V1,2011,2011-11-29,mon.aph,p0051,dih.sp1,i0031,10:23,10,2,silvia
V4,2011,2011-11-04,mon.aph,p0051,cen.bre,i0007,13:30,50,9,enzo
V4,2011,2011-11-04,mon.aph,p0051,cen.bre,i0007,11:57,500,2,nachu
V1,2010,2010-10-28,mon.aph,p0051,cen.bre,i0007,12:33:00,10,6,Nachu
V4,2011,2011-12-02,mon.aph,p0051,dih.sp1,i0031,10:25,14,1,silvia
V1,2010,2010-10-28,mon.aph,p0051,cen.bre,i0007,13:24:00,80,20,Nachu
V1,2011,2011-10-28,mon.aph,p0051,NA,NA,09:50,145,0,silvia
V4,2008,2008-10-21,mon.aph,p0051,dih.sp1,i0031,14:54:00,50,1,Nachu
V1,2011,2011-11-01,mon.aph,p0051,cen.bre,i0007,11:15,57,2,nachu
V4,2007,2007-10-29,mon.aph,p0051,NA,NA,18:40,15,0,Erica
V4,2011,2011-10-21,mon.aph,p0051,cen.bre,i0007,13:20,600,5,nachu
V1,2009,2009-11-09,mon.aph,p0051,cen.bre,i0007,12:58:00,100,3,nachu
V1,2009,2009-11-11,mon.aph,p0051,cen.lya,i0006,10:07:00,13,3,Nachu
V1,2007,2007-11-02,mon.aph,p0051,cen.bre,i0007,12:04,200,1,Nachu
V4,2011,2011-11-04,mon.aph,p0051,cen.bre,i0007,11:57,500,3,nachu
V4,2011,2011-11-04,mon.aph,p0051,cen.bre,i0007,11:57,500,3,nachu
V1,2008,2008-10-21,mon.aph,p0051,NA,NA,10:32:00,7,0,Nachu
V1,2011,2011-11-08,mon.aph,p0051,aug.sp,i0228,13:04,30,2,nachu
V1,2009,2009-10-28,mon.aph,p0051,cen.bre,i0007,12:06:00,300,13,nachu
V1,2011,2011-11-04,mon.aph,p0051,pse.sp,i0167,10:31,150,2,nachu
V4,2011,2011-10-28,mon.aph,p0051,cen.bre,i0007,13:06,100,1,silvia
V1,2009,2009-10-26,mon.aph,p0051,cen.var,i0099,11:03:00,140,2,nachu
V1,2008,2008-11-04,mon.aph,p0051,pse.sp,i0167,11:53:00,80,1,Nachu
V1,2010,2010-10-28,mon.aph,p0051,cen.bre,i0007,13:45,125,3,silvia
V1,2008,2008-11-04,mon.aph,p0051,cen.var,i0099,09:42:00,100,8,Diego
V4,2011,2011-11-04,mon.aph,p0051,cen.bre,i0007,11:57,500,2,nachu
V1,2007,2007-11-02,mon.aph,p0051,cen.bre,i0007,12:23,100,2,Nachu
V4,2011,2011-10-25,mon.aph,p0051,cen.bre,i0007,09:53,84,1,nachu
V1,2009,2009-10-28,mon.aph,p0051,cen.bre,i0007,12:06:00,300,3,nachu
V1,2011,2011-10-28,mon.aph,p0051,pse.sp,i0167,09:51,300,1,nachu
V1,2008,2008-10-24,mon.aph,p0051,api.mel,i0070,14:38:00,200,3,Diego
V4,2011,2011-10-28,mon.aph,p0051,cen.bre,i0007,13:06,100,3,silvia
V4,2011,2011-10-18,mon.aph,p0051,pse.sp,i0167,10:38,200,1,nachu
V4,2011,2011-11-04,mon.aph,p0051,cen.bre,i0007,11:57,500,2,nachu
V4,2008,2008-10-28,mon.aph,p0051,pse.sp,i0167,13:42:00,10,1,Nachu
V4,2009,2009-10-28,mon.aph,p0051,cen.bre,i0007,09:30:00,400,24,nachu
V1,2009,2009-10-26,mon.aph,p0051,cen.var,i0099,11:03:00,140,2,nachu
V4,2011,2011-12-13,mon.aph,p0051,cen.bre,i0007,09:06,40,10,nachu
V1,2009,2009-11-09,mon.aph,p0051,NA,NA,12:13:00,20,0,nachu
V4,2011,2011-10-28,mon.aph,p0051,bombil10,i0206,13:06,100,1,silvia
V1,2011,2011-11-08,mon.aph,p0051,aug.sp,i0228,13:04,30,1,nachu
V4,2008,2008-11-11,mon.aph,p0051,cen.bre,i0007,13:16:00,60,2,Nachu
V1,2009,2009-11-05,mon.aph,p0051,cen.bre,i0007,10:42:00,150,40,Rocio
V1,2011,2011-11-01,mon.aph,p0051,dih.sp1,i0031,11:19,25,1,nachu
V4,2011,2011-10-28,mon.aph,p0051,vill.sp1,i0114,13:06,100,1,silvia
V1,2009,2009-11-05,mon.aph,p0051,cen.bre,i0007,10:04:00,75,11,Nachu
V1,2009,2009-11-09,mon.aph,p0051,cen.bre,i0007,12:58:00,100,10,nachu
V1,2009,2009-10-28,mon.aph,p0051,aug.sp,i0228,13:37:00,15,6,Belen
V4,2011,2011-10-25,mon.aph,p0051,cen.bre,i0007,09:40,900,11,nachu
V4,2007,2007-10-25,mon.aph,p0051,NA,NA,10:03,80,0,Nachu
V4,2011,2011-11-01,mon.aph,p0051,cen.bre,i0007,10:00,200,1,nachu
V1,2009,2009-11-09,mon.aph,p0051,cen.bre,i0007,12:58:00,100,7,nachu
V1,2009,2009-10-26,mon.aph,p0051,NA,NA,10:29:00,20,0,Rocio
V4,2011,2011-12-02,mon.aph,p0051,cen.bre,i0007,10:25,14,1,silvia
V4,2011,2011-10-18,mon.aph,p0051,cen.bre,i0007,10:38,200,1,nachu
V4,2011,2011-10-28,mon.aph,p0051,mes.jen,i0011,13:06,100,3,silvia
V4,2011,2011-12-13,mon.aph,p0051,cen.bre,i0007,09:06,40,17,nachu
V4,2011,2011-12-13,mon.aph,p0051,cen.bre,i0007,09:06,40,1,nachu
V4,2011,2011-11-04,mon.aph,p0051,cen.bre,i0007,11:57,500,1,nachu
V4,2011,2011-10-21,mon.aph,p0051,cen.var,i0099,13:20,600,8,nachu
V1,2009,2009-11-05,mon.aph,p0051,cen.bre,i0007,09:50:00,20,5,Belen
V1,2010,2010-11-26,mon.aph,p0051,cen.bre,i0007,11:36:00,30,1,Nachu
V4,2011,2011-10-18,mon.aph,p0051,aug.sp,i0228,10:20,150,1,nachu
V1,2008,2008-11-11,mon.aph,p0051,NA,NA,11:19:00,10,0,Nachu
V4,2009,2009-11-04,mon.aph,p0051,cen.var,i0099,11:25:00,60,4,Nachu
V1,2007,2007-11-06,mon.aph,p0051,cen.bre,i0007,08:26,80,3,Nachu
V1,2008,2008-11-04,mon.aph,p0051,cen.bre,i0007,11:53:00,80,12,Nachu
V1,2011,2011-10-25,mon.aph,p0051,cen.bre,i0007,11:54,8,1,nachu
V1,2007,2007-11-06,mon.aph,p0051,cen.bre,i0007,08:21,50,1,Nachu
V4,2011,2011-10-25,mon.aph,p0051,cen.bre,i0007,09:40,900,5,nachu
V4,2011,2011-11-04,mon.aph,p0051,dih.sp1,i0031,13:07,200,2,silvia
V4,2009,2009-10-28,mon.aph,p0051,cen.var,i0099,09:30:00,400,6,nachu
V1,2011,2011-11-11,mon.aph,p0051,cen.bre,i0007,13:22,70,7,nachu
V1,2009,2009-11-09,mon.aph,p0051,cen.bre,i0007,12:58:00,100,10,nachu
V1,2008,2008-10-24,mon.aph,p0051,cen.bre,i0007,14:30:00,800,10,Nachu
V1,2011,2011-10-21,mon.aph,p0051,dih.sp1,i0031,10:27,21,1,nachu
V4,2009,2009-10-28,mon.aph,p0051,cen.bre,i0007,09:30:00,400,1,nachu
V1,2010,2010-10-28,mon.aph,p0051,cen.var,i0099,13:24:00,80,7,Nachu
V1,2011,2011-11-01,mon.aph,p0051,cen.bre,i0007,11:15,57,1,nachu
V1,2011,2011-11-29,mon.aph,p0051,dih.sp1,i0031,10:23,10,3,silvia
V4,2011,2011-10-18,mon.aph,p0051,pse.sp,i0167,10:20,150,1,nachu
V1,2011,2011-10-18,mon.aph,p0051,aug.sp,i0228,13:14,10,1,nachu
V1,2008,2008-10-21,mon.aph,p0051,mes.jen,i0011,12:26:00,300,4,Nachu
V1,2011,2011-10-28,mon.aph,p0051,dih.sp1,i0031,10:47,100,1,nachu
V1,2011,2011-11-04,mon.aph,p0051,pse.sp,i0167,10:17,20,2,nachu
V1,2010,2010-10-28,mon.aph,p0051,NA,NA,12:07:00,20,0,Nachu
V1,2009,2009-11-05,mon.aph,p0051,NA,NA,11:26:00,40,0,Rocio
V1,2010,2010-11-05,mon.aph,p0051,cen.bre,i0007,9:11,180,30,silvia
V4,2011,2011-10-21,mon.aph,p0051,meg.L,i0297,13:20,600,5,nachu
V4,2011,2011-10-28,mon.aph,p0051,cen.var,i0099,12:10,800,8,nachu
V1,2009,2009-10-26,mon.aph,p0051,cen.var,i0099,11:03:00,140,9,nachu
V4,2011,2011-10-18,mon.aph,p0051,meg.jor,i0298,10:20,150,1,nachu
V4,2011,2011-11-01,mon.aph,p0051,aug.sp,i0228,10:00,200,2,nachu
V1,2009,2009-11-09,mon.aph,p0051,cen.bre,i0007,12:37:00,100,12,Belen
V4,2011,2011-10-21,mon.aph,p0051,cen.bre,i0007,13:20,600,5,nachu
V1,2009,2009-10-26,mon.aph,p0051,cen.var,i0099,11:03:00,140,7,nachu
V1,2009,2009-11-11,mon.aph,p0051,cen.lya,i0006,09:38:00,20,2,Belen
V1,2011,2011-11-04,mon.aph,p0051,pse.sp,i0167,10:31,150,1,nachu
V4,2009,2009-10-21,mon.aph,p0051,psa.ruf,i0023,09:57:00,40,2,nachu
V4,2011,2011-10-18,mon.aph,p0051,aug.sp,i0228,10:20,150,1,nachu
V1,2009,2009-10-28,mon.aph,p0051,cen.var,i0099,12:06:00,300,2,nachu
V1,2009,2009-10-26,mon.aph,p0051,cen.var,i0099,11:03:00,140,7,nachu
V4,2011,2011-10-21,mon.aph,p0051,cen.var,i0099,13:20,600,8,nachu
V4,2011,2011-11-01,mon.aph,p0051,NA,NA,10:00,200,3,nachu
V4,2011,2011-11-04,mon.aph,p0051,cen.bre,i0007,11:57,500,3,nachu
V4,2011,2011-11-04,mon.aph,p0051,cen.bre,i0007,11:57,500,2,nachu
V1,2007,2007-11-02,mon.aph,p0051,cen.bre,i0007,12:04,200,4,Nachu
V4,2011,2011-10-18,mon.aph,p0051,pse.sp,i0167,10:20,150,1,nachu
V4,2011,2011-11-01,mon.aph,p0051,NA,NA,09:18,25,0,enzo
V4,2011,2011-10-18,mon.aph,p0051,cen.bre,i0007,10:20,150,2,nachu
V4,2011,2011-10-25,mon.aph,p0051,cen.bre,i0007,09:53,84,3,nachu
V1,2010,2010-10-28,mon.aph,p0051,NA,NA,13:18,48,0,silvia
V1,2009,2009-10-26,mon.aph,p0051,NA,NA,10:31:00,5,0,nachu
V4,2007,2007-10-29,mon.aph,p0051,NA,NA,18:40,12,0,Erica
V1,2007,2007-11-06,mon.aph,p0051,NA,NA,08:14,30,0,Nachu
V1,2011,2011-11-11,mon.aph,p0051,NA,NA,13:45,27,0,silvia
V1,2009,2009-10-28,mon.aph,p0051,cen.bre,i0007,11:56:00,20,10,rocio
V4,2008,2008-10-31,mon.aph,p0051,NA,NA,09:36:00,10,0,Nachu
V1,2011,2011-11-08,mon.aph,p0051,aug.sp,i0228,13:04,30,1,nachu
V1,2011,2011-11-25,mon.aph,p0051,NA,NA,12:28,15,0,silvia
V1,2011,2011-11-04,mon.aph,p0051,pse.sp,i0167,10:31,150,4,nachu
V4,2007,2007-10-29,mon.aph,p0051,cen.bre,i0007,17:07,150,1,diego
V1,2011,2011-10-28,mon.aph,p0051,pse.sp,i0167,10:47,100,1,nachu
V1,2011,2011-11-04,mon.aph,p0051,pse.sp,i0167,10:31,150,1,nachu
V4,2011,2011-10-18,mon.aph,p0051,cen.bre,i0007,10:20,150,6,nachu
V1,2010,2010-10-28,mon.aph,p0051,aug.sp,i0228,12:33:00,10,1,Nachu
V4,2011,2011-10-25,mon.aph,p0051,cen.bre,i0007,09:40,900,5,nachu
V4,2011,2011-11-04,mon.aph,p0051,NA,NA,13:35,110,0,silvia
V1,2007,2007-11-06,mon.aph,p0051,cen.bre,i0007,08:21,50,4,Nachu
V1,2009,2009-10-26,mon.aph,p0051,NA,NA,10:47:00,30,0,nachu
V1,2010,2010-11-05,mon.aph,p0051,NA,NA,8:47,50,0,silvia
V4,2009,2009-11-11,mon.aph,p0051,NA,NA,12:57:00,100,0,Nachu
V1,2011,2011-11-04,mon.aph,p0051,pse.sp,i0167,10:31,150,2,nachu
V4,2010,2010-10-28,mon.aph,p0051,NA,NA,9:31,48,0,silvia
V1,2009,2009-10-28,mon.aph,p0051,NA,NA,11:34:00,6,0,nachu
V4,2011,2011-10-25,mon.aph,p0051,dih.sp1,i0031,09:40,900,1,nachu
V1,2008,2008-10-21,mon.aph,p0051,dih.sp1,i0031,12:26:00,300,1,Nachu
V1,2010,2010-11-05,mon.aph,p0051,cen.bre,i0007,9:11,180,45,silvia
V1,2008,2008-10-31,mon.aph,p0051,pse.sp,i0167,13:45:00,80,3,Nachu
V1,2011,2011-10-28,mon.aph,p0051,dih.sp1,i0031,10:04,250,1,silvia
V4,2009,2009-10-26,mon.aph,p0051,dih.sp1,i0031,12:01:00,5,1,nachu
V4,2011,2011-10-18,mon.aph,p0051,aug.sp,i0228,10:38,200,1,nachu
V4,2007,2007-10-29,mon.aph,p0051,cen.bre,i0007,17:07,150,31,diego
V1,2009,2009-10-28,mon.aph,p0051,cen.bre,i0007,12:06:00,300,29,nachu
V4,2007,2007-11-15,mon.aph,p0051,cen.bre,i0007,10:38,20,2,Nachu
V4,2009,2009-11-04,mon.aph,p0051,dih.sp1,i0031,10:43:00,110,1,Nachu
V4,2007,2007-12-04,oxy.ova,p0052,ant.vig,i0107,12:32,50,9,Erica
V4,2011,2011-12-02,oxy.ova,p0052,xyl.spl,i0094,08:33,400,1,silvia
V4,2007,2007-12-04,oxy.ova,p0052,bom.opi,i0002,11:37,30,1,Erica
V4,2007,2007-12-04,oxy.ova,p0052,dih.sp1,i0031,10:32,15,1,Erica
V4,2007,2007-12-04,oxy.ova,p0052,dih.sp1,i0031,11:37,30,1,Erica
V1,2011,2011-10-04,sph.min,p0054,NA,NA,10:31,4,0,silvia
V1,2011,2011-11-01,sph.min,p0054,amm.sp1,i0126,13:18,1,1,nachu
V1,2009,2009-11-05,sph.min,p0054,NA,NA,12:49:00,1,0,Rocio
V4,2008,2008-10-31,sph.min,p0054,amm.sp1,i0126,10:45:00,2,1,Nachu
V4,2007,2007-10-23,sph.min,p0054,NA,NA,13:18,1,0,Nachu
V4,2009,2009-10-19,sph.min,p0054,NA,NA,13:56:00,1,0,nachu
V4,2008,2008-10-17,sph.min,p0054,lip.ino,i0165,13:43:00,6,1,Nachu
V4,2011,2011-10-14,sph.min,p0054,NA,NA,12:25:00,1,0,silvia
V4,2011,2011-10-21,sph.min,p0054,NA,NA,13:45,4,1,nachu
V4,2011,2011-10-04,sph.min,p0054,meg.jor,i0298,12:25,3,1,silvia
V1,2009,2009-10-28,sph.min,p0054,NA,NA,12:33:00,6,0,rocio
V4,2007,2007-10-29,sph.min,p0054,NA,NA,18:29,1,0,Erica
V1,2008,2008-09-24,sph.min,p0054,NA,NA,11:18:00,1,0,Nachu
V4,2007,2007-11-08,sph.min,p0054,NA,NA,16:44,2,0,Nachu
V1,2011,2011-10-18,sph.min,p0054,pir.com,i0132,12:51,1,1,nachu
V1,2011,2011-09-20,sph.min,p0054,tat.aut,i0076,12:44,6,1,silvia
V1,2011,2011-10-11,sph.min,p0054,NA,NA,13:35,1,0,silvia
V4,2008,2008-10-28,sph.min,p0054,lei.fri,i0029,13:07:00,3,1,Diego
V1,2011,2011-12-06,sph.min,p0054,NA,NA,09:44:00,1,0,silvia
V4,2008,2008-10-28,sph.min,p0054,lip.ino,i0165,13:07:00,3,1,Diego
V1,2007,2007-10-29,sph.min,p0054,lei.fri,i0029,15:30,6,1,Nachu
V4,2008,2008-10-24,sph.min,p0054,lepid3,i0079,11:14:00,3,1,Nachu
V1,2009,2009-10-19,sph.min,p0054,NA,NA,10:15:00,1,0,nachu
V1,2008,2008-10-24,sph.min,p0054,lei.fri,i0029,13:30:00,6,6,Nachu
V1,2011,2011-10-21,sph.min,p0054,aug.sp,i0228,10:55,3,1,nachu
V4,2008,2008-10-31,sph.min,p0054,lep.nig,i0016,10:45:00,2,1,Nachu
V4,2011,2011-10-04,sph.min,p0054,meg.jor,i0298,12:25,3,1,silvia
V4,2011,2011-12-13,sph.min,p0054,NA,NA,09:30,3,0,nachu
V4,2009,2009-10-26,sph.min,p0054,psa.ruf,i0023,13:04:00,1,1,nachu
V1,2009,2009-11-05,sph.min,p0054,NA,NA,11:34:00,2,0,Belen
V4,2008,2008-10-07,sph.min,p0054,dih.sp1,i0031,10:41:00,7,2,Nachu
V1,2009,2009-11-05,sph.min,p0054,dih.sp1,i0031,12:35:00,5,1,Belen
V4,2008,2008-10-10,sph.min,p0054,NA,NA,14:16:00,15,0,Diego
V4,2011,2011-10-25,sph.min,p0054,NA,NA,10:12,1,0,silvia
V1,2011,2011-10-18,sph.min,p0054,pir.com,i0132,12:51,1,1,nachu
V1,2011,2011-09-20,sph.min,p0054,tat.aut,i0076,12:44,6,2,silvia
V1,2011,2011-10-25,sph.min,p0054,NA,NA,11:39,5,0,nachu
V1,2009,2009-10-21,sph.min,p0054,NA,NA,12:23:00,1,0,nachu
V1,2008,2008-10-07,sph.min,p0054,dih.sp1,i0031,14:08:00,5,1,Nachu
V1,2008,2008-10-21,sph.min,p0054,lei.fri,i0029,11:10:00,10,1,Nachu
V1,2011,2011-11-01,sph.min,p0054,NA,NA,13:18,1,1,nachu
V1,2011,2011-11-08,sph.min,p0054,NA,NA,13:38,3,0,nachu
V1,2008,2008-10-24,sph.min,p0054,psa.ruf,i0023,13:30:00,6,2,Nachu
V1,2008,2008-10-21,sph.min,p0054,lei.fri,i0029,11:10:00,10,1,Nachu
V4,2011,2011-10-04,sph.min,p0054,meg.jor,i0298,12:25,3,2,silvia
V4,2009,2009-10-28,sph.min,p0054,NA,NA,09:16:00,1,0,nachu
V1,2011,NA,sph.min,p0054,NA,NA,10:46,1,0,enzo
V1,2008,2008-10-21,sph.min,p0054,dih.sp1,i0031,11:10:00,10,1,Nachu
V4,2008,2008-10-24,sph.min,p0054,bom.opi,i0002,11:14:00,3,2,Nachu
V1,2011,2011-10-04,sph.min,p0054,NA,NA,10:37,3,0,silvia
V4,2011,2011-10-04,sph.min,p0054,cop.sp2,i0052,12:25,3,1,silvia
V1,2011,2011-12-06,sph.min,p0054,lei.fri,i0029,10:50:00,14,1,silvia
V1,2011,2011-10-14,sph.min,p0054,NA,NA,11:39,5,0,nachu
V4,2009,2009-11-09,sph.min,p0054,NA,NA,10:16:00,4,0,Rocio
V4,2009,2009-10-26,sph.min,p0054,dih.sp1,i0031,14:04:00,1,1,nachu
V1,2011,2011-12-06,sph.min,p0054,lei.cri,i0147,10:45:00,3,1,silvia
V1,2008,2008-10-21,sph.min,p0054,lei.fri,i0029,11:10:00,10,3,Nachu
V1,2007,2007-11-13,sph.min,p0054,lei.fri,i0029,17:06,2,1,Nachu
V1,2008,2008-11-04,sph.min,p0054,NA,NA,10:59:00,2,0,Nachu
V4,2007,2007-10-29,sph.min,p0054,NA,NA,18:29,3,0,Erica
V4,2011,2011-12-06,sph.min,p0054,dih.sp1,i0031,12:29:00,7,1,silvia
V4,2011,2011-10-04,sph.min,p0054,cop.sp2,i0052,12:25,3,1,silvia
V4,2008,2008-10-07,sph.min,p0054,dih.sp1,i0031,10:41:00,7,2,Nachu
V4,2007,2007-10-29,sph.min,p0054,NA,NA,18:46,2,0,Erica
V1,2007,2007-11-06,sph.min,p0054,dih.sp1,i0031,10:33,2,1,Nachu
V1,2011,2011-10-18,sph.min,p0054,NA,NA,13:43,3,0,enzo
V1,2011,2011-09-20,sph.min,p0054,tat.aut,i0076,12:44,6,2,silvia
V4,2010,2010-10-22,sph.min,p0054,lei.fri,i0029,12:52,5,1,silvia
V1,2011,2011-10-21,sph.min,p0054,NA,NA,10:28,1,0,silvia
V4,2008,2008-10-07,sph.min,p0054,dih.sp1,i0031,10:41:00,7,1,Nachu
V4,2008,2008-10-24,sph.min,p0054,dih.sp1,i0031,11:14:00,3,1,Nachu
V4,2011,2011-10-25,sph.min,p0054,NA,NA,09:37,1,0,silvia
V4,2011,2011-12-06,sph.min,p0054,lep.nig,i0016,12:29:00,7,1,silvia
V1,2011,2011-10-25,sph.min,p0054,NA,NA,11:30,2,0,silvia
V4,2007,2007-11-15,sph.min,p0054,NA,NA,10:55,2,0,Nachu
V4,2011,2011-10-04,sph.min,p0054,meg.jor,i0298,12:25,3,1,silvia
V4,2007,2007-10-25,sph.min,p0054,NA,NA,13:58,8,0,Nachu
V4,2008,2008-10-31,sph.min,p0054,lei.fri,i0029,10:45:00,2,1,Nachu
V4,2011,2011-12-06,sph.min,p0054,lei.cri,i0147,12:29:00,7,1,silvia
V1,2011,2011-10-21,sph.min,p0054,meg.jor,i0298,10:55,3,2,nachu
V4,2008,2008-12-12,ver.tha,p0055,NA,NA,11:50:00,11,0,Nachu
V4,2008,2008-12-12,ver.tha,p0055,dih.sp1,i0031,12:16:00,6,2,Nachu
V4,2008,2008-12-02,ver.tha,p0055,tac.sp19,i0199,10:45:00,6,3,Nachu
V4,2007,2007-12-11,ver.tha,p0055,NA,NA,10:35,3,0,Nachu
V1,2008,2008-12-17,ver.tha,p0055,NA,NA,10:03:00,4,0,Nachu
V4,2007,2007-12-04,ver.tha,p0055,bom.opi,i0002,10:52,10,1,Nachu
V2,2007,2007-12-04,ver.tha,p0055,cop.sp2,i0052,09:56,3,1,Nachu
V4,2008,2008-12-02,ver.tha,p0055,bombil8,i0085,09:33:00,12,1,Nachu
V2,2007,2007-12-04,ver.tha,p0055,cop.sp2,i0052,09:56,3,1,Nachu
V4,2008,2008-12-02,ver.tha,p0055,tac.sp19,i0199,10:45:00,6,2,Nachu
V4,2008,2008-12-02,ver.tha,p0055,dih.sp1,i0031,09:33:00,12,1,Nachu
V4,2008,2008-12-02,ver.tha,p0055,dih.sp1,i0031,09:14:00,7,1,Nachu
V4,2008,2008-12-02,ver.tha,p0055,dih.sp1,i0031,09:33:00,12,1,Nachu
V4,2008,2008-12-12,ver.tha,p0055,dih.sp1,i0031,12:16:00,6,1,Nachu
V4,2008,2008-12-02,ver.tha,p0055,dih.sp1,i0031,09:00:00,6,1,Nachu
V1,2009,2009-10-28,phr.pac,p0056,arh.bif,i0020,13:46:00,1,1,nachu
V1,2009,2009-11-09,phr.pac,p0056,arh.bif,i0020,13:17:00,2,1,Rocio
V1,2011,2011-11-22,phr.pac,p0056,dih.sp1,i0031,12:47,1,1,silvia
V1,2009,2009-11-09,phr.pac,p0056,arh.bif,i0020,13:13:00,1,1,nachu
V1,2008,2008-10-31,phr.pac,p0056,arh.bif,i0020,14:26:00,2,2,Nachu
V1,2007,2007-11-08,phr.pac,p0056,arh.bif,i0020,15:43,2,1,Nachu
V1,2007,2007-11-08,phr.pac,p0056,arh.bif,i0020,15:43,2,1,Nachu
V1,2009,2009-10-28,phr.pac,p0056,aug.sp,i0228,13:54:00,2,1,nachu
V1,2009,2009-11-09,phr.pac,p0056,arh.bif,i0020,13:20:00,3,1,nachu
V1,2011,2011-11-22,phr.pac,p0056,dih.sp1,i0031,12:47,1,1,silvia
V1,2009,2009-11-09,phr.pac,p0056,arh.bif,i0020,13:13:00,1,1,nachu
V4,2011,2011-11-11,phr.pac,p0056,arh.bif,i0020,13:32,1,1,enzo
V1,2011,2011-11-22,phr.pac,p0056,arh.bif,i0020,12:47,1,1,silvia
V1,2008,2008-11-04,phr.pac,p0056,arh.bif,i0020,13:51:00,4,1,Nachu
V1,2011,2011-11-08,phr.pac,p0056,arh.bif,i0020,13:30,3,3,nachu
V1,2007,2007-11-08,phr.pac,p0056,arh.bif,i0020,14:45,1,1,Nachu
V1,2008,2008-10-24,phr.pac,p0056,dih.sp1,i0031,14:01:00,3,1,Nachu
V1,2007,2007-11-08,phr.pac,p0056,arh.bif,i0020,15:43,2,1,Nachu
V1,2011,2011-11-22,phr.pac,p0056,aug.sp,i0228,12:47,1,1,silvia
V1,2007,2007-11-08,phr.pac,p0056,arh.bif,i0020,15:43,2,1,Nachu
V1,2008,2008-10-24,phr.pac,p0056,dih.sp1,i0031,14:01:00,3,1,Nachu
V1,2010,2010-10-28,phr.pac,p0056,NA,NA,11:59:00,2,0,Nachu
V1,2011,2011-11-08,phr.pac,p0056,arh.bif,i0020,13:47,2,1,nachu
V1,2008,2008-10-24,phr.pac,p0056,aug.sp,i0228,14:01:00,3,1,Nachu
V1,2008,2008-10-24,phr.pac,p0056,arh.bif,i0020,14:01:00,3,1,Nachu
V1,2008,2008-11-11,phr.pac,p0056,arh.bif,i0020,12:29:00,2,1,Nachu
V1,2011,2011-11-08,phr.pac,p0056,aug.sp,i0228,13:30,3,1,nachu
V1,2011,2011-11-01,phr.pac,p0056,NA,NA,12:07,2,0,enzo
V1,2009,2009-10-28,phr.pac,p0056,aug.sp,i0228,13:54:00,2,2,nachu
V1,2011,2011-11-22,phr.pac,p0056,arh.bif,i0020,12:47,1,1,silvia
V1,2008,2008-11-04,phr.pac,p0056,arh.bif,i0020,13:51:00,4,1,Nachu
V1,2009,2009-11-05,phr.pac,p0056,arh.bif,i0020,12:59:00,3,1,Nachu
V1,2011,2011-11-11,phr.pac,p0056,aug.sp,i0228,13:01,1,1,nachu
V1,2011,2011-10-18,phr.pac,p0056,dih.sp1,i0031,12:38,1,1,nachu
V1,2008,2008-11-04,phr.pac,p0056,aug.sp,i0228,13:51:00,4,1,Nachu
V1,2009,2009-11-09,phr.pac,p0056,arh.bif,i0020,13:17:00,2,1,Rocio
V1,2008,2008-11-04,phr.pac,p0056,meg.C,i0140,13:51:00,4,1,Nachu
V1,2011,2011-11-08,phr.pac,p0056,arh.bif,i0020,13:30,3,1,nachu
V1,2009,2009-11-09,phr.pac,p0056,arh.bif,i0020,13:17:00,2,1,Rocio
V1,2009,2009-11-09,phr.pac,p0056,arh.bif,i0020,13:20:00,3,1,nachu
V1,2009,2009-11-09,phr.pac,p0056,arh.bif,i0020,12:50:00,3,2,Belen
V1,2009,2009-11-09,phr.pac,p0056,arh.bif,i0020,13:20:00,3,1,nachu
V1,2011,2011-11-11,phr.pac,p0056,arh.bif,i0020,13:01,1,1,nachu
V1,2011,2011-11-01,phr.pac,p0056,aug.sp,i0228,13:05,2,1,nachu
V1,2011,2011-11-01,phr.pac,p0056,aug.sp,i0228,13:27,2,1,nachu
V1,2007,2007-11-13,phr.pac,p0056,NA,NA,17:43,1,0,Nachu
V1,2011,2011-11-08,phr.pac,p0056,dih.sp1,i0031,13:47,2,1,nachu
V1,2011,2011-10-18,phr.pac,p0056,dih.sp1,i0031,12:38,1,1,nachu
V1,2009,2009-11-09,phr.pac,p0056,arh.bif,i0020,13:20:00,3,1,nachu
V1,2009,2009-11-09,phr.pac,p0056,arh.bif,i0020,13:13:00,1,1,nachu
V1,2009,2009-11-09,phr.pac,p0056,arh.bif,i0020,13:17:00,2,1,Rocio
V1,2011,2011-11-08,phr.pac,p0056,aug.sp,i0228,13:30,3,3,nachu
V1,2011,2011-11-08,phr.pac,p0056,dih.sp1,i0031,13:47,2,1,nachu
V1,2010,2010-10-28,phr.pac,p0056,NA,NA,13:43:00,1,0,Nachu
V1,2011,2011-11-18,phr.pac,p0056,arh.bif,i0020,12:45,2,1,silvia
V1,2011,2011-11-11,phr.pac,p0056,arh.bif,i0020,13:01,1,1,nachu
V1,2008,2008-10-24,phr.pac,p0056,arh.bif,i0020,14:01:00,3,1,Nachu
V1,2011,2011-11-01,phr.pac,p0056,arh.bif,i0020,13:05,2,1,nachu
V4,2009,2009-10-05,ero.cic,p0057,NA,NA,13:10:00,4,0,Belen-rocio
V1,2011,2011-09-13,ero.cic,p0057,api.mel,i0070,10:46,70,17,silvia
V1,2010,2010-10-06,ero.cic,p0057,cam.pun,i0128,9:24,6,1,silvia
V1,2011,2011-09-20,ero.cic,p0057,syr.sp1,i0045,12:20,12,4,silvia
V1,2011,2011-09-20,ero.cic,p0057,NA,NA,13:27,2,0,silvia
V1,2008,2008-09-24,ero.cic,p0057,NA,NA,12:01:00,4,0,Nachu
V1,2011,2011-09-13,ero.cic,p0057,tat.aut,i0076,NA,20,1,silvia
V4,2011,2011-09-20,ero.cic,p0057,NA,NA,09:07,5,0,silvia
V1,2011,2011-09-20,ero.cic,p0057,syr.sp1,i0045,12:52,1,1,silvia
V1,2011,2011-09-13,ero.cic,p0057,syr.sp1,i0045,10:46,70,2,silvia
V4,2009,2009-10-21,ero.cic,p0057,NA,NA,10:37:00,6,0,belen
V4,2010,2010-10-14,ero.cic,p0057,NA,NA,10:03:00,3,0,Nachu
V4,2009,2009-10-12,ero.cic,p0057,NA,NA,11:04:00,9,0,Belen-rocio
V1,2010,2010-11-05,ero.cic,p0057,NA,NA,10:27,27,0,silvia
V1,2011,2011-09-13,ero.cic,p0057,NA,NA,09:06,46,0,silvia
V4,2011,2011-09-20,ero.cic,p0057,syr.sp1,i0045,09:49,7,9,silvia
V1,2009,2009-10-07,ero.cic,p0057,NA,NA,11:13:00,6,0,Belen-rocio
V4,2009,2009-10-14,ero.cic,p0057,NA,NA,11:03:00,8,0,Nachu
V4,2010,2010-10-14,ero.cic,p0057,NA,NA,10:03:00,3,0,Nachu
V1,2009,2009-10-07,ero.cic,p0057,NA,NA,10:28:00,9,0,Belen-rocio
V1,2009,2009-10-07,ero.cic,p0057,NA,NA,10:47:00,20,0,Belen-rocio
V4,2009,2009-10-14,ero.cic,p0057,NA,NA,11:10:00,14,0,Nachu
V4,2011,2011-09-13,ero.cic,p0057,NA,NA,12:23,9,0,silvia
V4,2007,2007-10-02,ero.cic,p0057,syr.sp1,i0045,09:33,60,1,Nachu
V4,2009,2009-10-05,ero.cic,p0057,NA,NA,12:47:00,6,0,Belen-rocio
V1,2009,2009-10-19,ero.cic,p0057,NA,NA,09:35:00,6,0,nachu
V1,2011,2011-09-13,ero.cic,p0057,syr.sp1,i0045,10:38,35,1,silvia
V4,2011,2011-09-13,ero.cic,p0057,tat.aut,i0076,12:51,1,1,silvia
V1,2009,2009-10-07,ero.cic,p0057,NA,NA,10:28:00,7,0,Belen-rocio
V4,2011,2011-09-20,ero.cic,p0057,NA,NA,09:13,7,0,silvia
V4,2010,2010-10-06,ero.cic,p0057,NA,NA,10:13,15,0,silvia
V4,2009,2009-09-29,ero.cic,p0057,NA,NA,11:55:00,28,0,Belen-rocio
V1,2008,2008-10-10,ero.cic,p0057,NA,NA,10:12:00,69,0,Nachu
V1,2011,2011-09-13,ero.cic,p0057,NA,NA,09:00,12,0,silvia
V1,2011,2011-09-13,ero.cic,p0057,NA,NA,10:38,35,3,silvia
V1,2011,2011-10-04,ero.cic,p0057,NA,NA,09:50,12,0,silvia
V4,2007,2007-10-02,ero.cic,p0057,syr.sp1,i0045,10:00,30,2,Nachu
V4,2011,2011-09-20,ero.cic,p0057,NA,NA,09:25,5,0,silvia
V4,2011,2011-09-20,ero.cic,p0057,str.eur,i0131,10:25,4,1,silvia
V4,2007,2007-10-02,ero.cic,p0057,NA,NA,08:59,40,0,Nachu
V1,2011,2011-09-20,ero.cic,p0057,NA,NA,12:15,5,0,silvia
V1,2009,2009-10-07,ero.cic,p0057,NA,NA,11:13:00,21,0,Belen-rocio
V1,2011,NA,ero.cic,p0057,NA,NA,09:10,19,0,enzo
V4,2009,2009-10-21,ero.cic,p0057,NA,NA,09:31:00,3,0,belen
V4,2011,2011-09-20,ero.cic,p0057,api.mel,i0070,09:44,31,11,silvia
V4,2009,2009-10-21,ero.cic,p0057,NA,NA,10:35:00,9,0,rocio
V4,2010,2010-11-05,ero.cic,p0057,NA,NA,11:27,26,0,silvia
V4,2011,2011-09-20,ero.cic,p0057,syr.sp1,i0045,09:37,47,1,silvia
V4,2011,2011-09-20,ero.cic,p0057,tat.aut,i0076,10:33,4,3,silvia
V1,2011,2011-09-13,ero.cic,p0057,tat.aut,i0076,NA,20,1,silvia
V4,2011,2011-10-11,ero.cic,p0057,NA,NA,10:47,10,0,silvia
V4,2009,2009-10-21,ero.cic,p0057,NA,NA,09:33:00,2,0,nachu
V4,2010,2010-11-10,ero.cic,p0057,NA,NA,9:04,25,0,silvia
V4,2011,2011-09-20,ero.cic,p0057,syr.sp1,i0045,09:48,45,7,silvia
V4,2009,2009-09-29,ero.cic,p0057,NA,NA,10:50:00,4,0,Belen-rocio
V1,2011,2011-09-13,ero.cic,p0057,NA,NA,10:18,35,1,silvia
V1,2007,2007-10-23,ero.cic,p0057,NA,NA,09:19,62,0,Nachu
V1,2011,2011-09-13,ero.cic,p0057,NA,NA,09:24,56,0,silvia
V4,2011,2011-09-20,ero.cic,p0057,tat.aut,i0076,10:33,4,3,silvia
V1,2011,2011-09-20,ero.cic,p0057,bombil10,i0206,12:26,1,1,silvia
V1,2011,2011-09-20,ero.cic,p0057,NA,NA,12:34,1,0,silvia
V4,2011,2011-09-20,ero.cic,p0057,NA,NA,09:19,8,0,silvia
V4,2009,2009-10-12,ero.cic,p0057,NA,NA,10:34:00,10,0,Belen-rocio
V1,2011,2011-11-29,ero.cic,p0057,NA,NA,09:30,16,0,silvia
V1,2011,2011-09-13,ero.cic,p0057,syr.sp1,i0045,10:28,29,1,silvia
V4,2007,2007-10-19,ero.cic,p0057,NA,NA,09:02,32,0,diego
V1,2010,2010-10-22,ero.cic,p0057,NA,NA,10:36,9,0,silvia
V4,2008,2008-10-17,ero.cic,p0057,NA,NA,10:44:00,8,0,Nachu
V4,2010,2010-10-06,ero.cic,p0057,NA,NA,10:22,60,0,silvia
V4,2009,2009-10-12,ero.cic,p0057,NA,NA,10:47:00,3,0,Belen-rocio
V4,2011,2011-09-20,ero.cic,p0057,syr.sp1,i0045,09:48,45,4,silvia
V1,2011,2011-09-13,ero.cic,p0057,api.mel,i0070,10:18,35,18,silvia
V1,2011,2011-09-20,ero.cic,p0057,NA,NA,11:53,5,0,silvia
V1,2011,2011-09-13,ero.cic,p0057,NA,NA,10:08,17,0,silvia
V4,2008,2008-10-07,ero.cic,p0057,api.mel,i0070,11:52:00,9,3,Nachu
V4,2010,2010-10-14,des.sp1,p0059,NA,NA,9:47,63,0,silvia
V4,2011,2011-10-25,des.sp1,p0059,syr.sp1,i0045,09:22,34,3,nachu
V4,2009,2009-10-12,des.sp1,p0059,syr.sp1,i0045,10:47:00,60,1,Belen-rocio
V4,2010,2010-10-14,des.sp1,p0059,NA,NA,10:03:00,30,0,Nachu
V4,2009,2009-10-21,des.sp1,p0059,NA,NA,10:50:00,26,0,belen
V4,2009,2009-10-12,des.sp1,p0059,NA,NA,10:47:00,17,0,Belen-rocio
V4,2009,2009-10-21,des.sp1,p0059,NA,NA,09:50:00,10,0,nachu
V4,2011,2011-10-25,des.sp1,p0059,dih.sp1,i0031,09:22,34,6,nachu
V4,2011,2011-09-20,des.sp1,p0059,NA,NA,10:47,2,1,silvia
V4,2009,2009-10-12,des.sp1,p0059,NA,NA,11:04:00,12,0,Belen-rocio
V4,2007,2007-10-19,des.sp1,p0059,syr.sp1,i0045,09:02,19,1,diego
V1,2008,2008-11-04,des.sp1,p0059,neu.sp1,i0216,11:08:00,50,2,Nachu
V4,2010,2010-10-22,des.sp1,p0059,NA,NA,12:39:00,8,0,Nachu
V1,2008,2008-11-11,des.sp1,p0059,NA,NA,09:11:00,35,0,Nachu
V4,2009,2009-10-05,des.sp1,p0059,NA,NA,14:05:00,4,0,Belen-rocio
V4,2010,2010-10-28,des.sp1,p0059,NA,NA,9:30:00,15,0,Nachu
V1,2009,2009-11-05,des.sp1,p0059,NA,NA,11:06:00,30,0,Nachu
V4,2011,2011-11-01,des.sp1,p0059,NA,NA,09:38,50,0,nachu
V4,2011,2011-10-28,des.sp1,p0059,NA,NA,13:38,18,0,nachu
V4,2011,2011-09-20,des.sp1,p0059,NA,NA,10:47,2,1,silvia
V4,2009,2009-10-21,des.sp1,p0059,NA,NA,09:07:00,12,0,nachu
V4,2008,2008-10-07,des.sp1,p0059,NA,NA,12:08:00,10,0,Nachu
V4,2009,2009-10-19,des.sp1,p0059,NA,NA,13:41:00,40,0,nachu
V4,2009,2009-10-12,des.sp1,p0059,NA,NA,11:04:00,7,0,Belen-rocio
V1,2011,2011-10-14,des.sp1,p0059,NA,NA,11:06,12,0,nachu
V4,2010,2010-10-14,des.sp1,p0059,NA,NA,9:49:00,3,0,Nachu
V1,2011,2011-10-18,des.sp1,p0059,NA,NA,11:28,60,0,nachu
V1,2008,2008-09-24,des.sp1,p0059,syr.sp1,i0045,12:36:00,30,6,Nachu
V1,2011,2011-09-13,des.sp1,p0059,syr.sp1,i0045,09:14,3,1,silvia
V1,2011,2011-09-20,des.sp1,p0059,dih.sp1,i0031,13:36,11,1,silvia
V4,2010,2010-10-14,des.sp1,p0059,NA,NA,9:49:00,3,0,Nachu
V4,2011,2011-10-25,des.sp1,p0059,syr.sp1,i0045,09:22,34,3,nachu
V4,2011,2011-09-20,des.sp1,p0059,NA,NA,10:47,2,1,silvia
V4,2010,2010-10-22,des.sp1,p0059,syr.sp1,i0045,12:32,3,1,silvia
V1,2008,2008-09-24,des.sp1,p0059,syr.sp1,i0045,12:36:00,30,1,Nachu
V4,2010,2010-10-14,des.sp1,p0059,NA,NA,10:03:00,30,0,Nachu
V4,2008,2008-10-07,des.sp1,p0059,dih.sp1,i0031,12:00:00,46,1,Nachu
V4,2008,2008-10-21,des.sp1,p0059,NA,NA,13:57:00,60,0,Nachu
V1,2011,2011-09-20,des.sp1,p0059,dih.sp1,i0031,13:36,11,1,silvia
V4,2009,2009-10-21,des.sp1,p0059,NA,NA,09:32:00,5,0,rocio
V4,2011,2011-10-11,des.sp1,p0059,NA,NA,10:40,7,0,silvia
V1,2011,2011-09-13,des.sp1,p0059,cop.sp2,i0052,09:14,3,1,silvia
V4,2009,2009-10-21,des.sp1,p0059,NA,NA,09:05:00,15,0,rocio
V4,2011,2011-10-28,des.sp1,p0059,NA,NA,12:04,16,0,nachu
V1,2008,2008-11-21,des.sp1,p0059,NA,NA,09:04:00,10,0,Nachu
V1,2008,2008-10-07,des.sp1,p0059,NA,NA,14:50:00,30,0,Nachu
V4,2009,2009-10-19,des.sp1,p0059,NA,NA,12:38:00,40,0,rocio
V4,2009,2009-10-26,des.sp1,p0059,hym.sp4,i0254,13:41:00,10,3,Rocio
V4,2008,2008-10-07,des.sp1,p0059,bombil3,i0069,12:00:00,46,3,Nachu
V4,2009,2009-10-05,des.sp1,p0059,NA,NA,10:40:00,46,0,Belen-rocio
V4,2011,2011-10-11,des.sp1,p0059,NA,NA,10:25,7,1,silvia
V4,2009,2009-10-19,des.sp1,p0059,NA,NA,11:54:00,18,0,rocio
V4,2010,2010-10-22,des.sp1,p0059,syr.sp1,i0045,12:58,300,1,silvia
V4,2011,2011-10-14,des.sp1,p0059,NA,  ,13:45,7,2,nachu
V4,2009,2009-10-21,lyc.gil,p0060,NA,NA,09:39:00,500,0,nachu
V4,2009,2009-10-12,lyc.gil,p0060,api.mel,i0070,10:20:00,200,26,Belen-rocio
V4,2010,2010-09-15,lyc.gil,p0060,NA,NA,10:16,150,0,silvia
V4,2010,2010-09-15,lyc.gil,p0060,cop.ari,i0044,9:42,350,2,silvia
V4,2010,2010-09-15,lyc.gil,p0060,cop.ari,i0044,10:23,150,1,silvia
V4,2010,2010-09-15,lyc.gil,p0060,NA,NA,10:10,250,0,silvia
V4,2010,2010-09-15,lyc.gil,p0060,cop.sp2,i0052,10:23,150,1,silvia
V4,2007,2007-10-02,lyc.gil,p0060,NA,NA,08:11,200,0,Nachu
V4,2011,2011-12-02,lyc.gil,p0060,cop.ari,i0044,09:45,40,2,nachu
V4,2010,2010-09-15,lyc.gil,p0060,cop.ari,i0044,11:11,300,1,silvia
V4,2009,2009-10-14,lyc.gil,p0060,NA,NA,10:35:00,30,0,Nachu
V4,2007,2007-10-02,lyc.gil,p0060,NA,NA,10:37,50,0,Nachu
V4,2009,2009-10-14,lyc.gil,p0060,cop.ari,i0044,11:27:00,35,1,Nachu
V4,2010,2010-09-15,lyc.gil,p0060,NA,NA,9:56,60,0,silvia
V4,2009,2009-10-19,lyc.gil,p0060,dih.sp1,i0031,12:26:00,40,1,Nachu
V4,2009,2009-10-12,lyc.gil,p0060,cop.ari,i0044,10:20:00,200,8,Belen-rocio
V4,2010,2010-09-15,lyc.gil,p0060,NA,NA,9:34,300,0,silvia
V4,2009,2009-10-19,lyc.gil,p0060,dih.sp1,i0031,12:21:00,43,1,Nachu
V4,2007,2007-10-02,lyc.gil,p0060,exo.sp1,i0068,10:42,190,2,Nachu
V4,2011,2011-12-02,lyc.gil,p0060,dih.sp1,i0031,09:45,40,1,nachu
V4,2009,2009-10-14,lyc.gil,p0060,cop.ari,i0044,11:27:00,100,2,Nachu
V4,2010,2010-09-15,lyc.gil,p0060,cop.ari,i0044,10:33,150,3,silvia
V4,2009,2009-10-19,lyc.gil,p0060,syr.sp1,i0045,12:09:00,1200,2,nachu
V4,2010,2010-09-15,lyc.gil,p0060,exo.sp1,i0068,10:23,150,3,silvia
V4,2010,2010-09-15,lyc.gil,p0060,cop.ari,i0044,10:33,150,3,silvia
V4,2010,2010-09-15,lyc.gil,p0060,cop.ari,i0044,11:11,300,1,silvia
V4,2010,2010-09-15,lyc.gil,p0060,cop.ari,i0044,11:11,300,1,silvia
V4,2009,2009-10-19,lyc.gil,p0060,cop.ari,i0044,12:26:00,40,6,Nachu
V4,2009,2009-10-19,lyc.gil,p0060,cop.ari,i0044,12:09:00,1200,1,nachu
V4,2009,2009-10-14,lyc.gil,p0060,NA,NA,10:47:00,12,0,Nachu
V4,2010,2010-09-15,lyc.gil,p0060,cop.ari,i0044,10:33,150,5,silvia
V4,2010,2010-09-15,lyc.gil,p0060,cop.ari,i0044,9:42,350,2,silvia
V4,2011,2011-12-06,lyc.gil,p0060,NA,NA,13:43:00,20,0,silvia
V4,2011,2011-12-06,lyc.gil,p0060,NA,NA,13:49:00,80,0,silvia
V4,2010,2010-09-15,lyc.gil,p0060,cop.ari,i0044,11:11,300,4,silvia
V4,2007,2007-10-02,lyc.gil,p0060,syr.sp1,i0045,10:42,190,1,Nachu
V4,2007,2007-10-02,lyc.gil,p0060,NA,NA,09:40,50,0,Nachu
V4,2009,2009-10-14,lyc.gil,p0060,NA,NA,10:56:00,12,0,Nachu
V4,2009,2009-10-19,lyc.gil,p0060,dih.sp1,i0031,12:09:00,1200,2,nachu
V1,2007,2007-12-11,cen.sol,p0062,bombil8,i0085,08:57,20,1,Erica
V1,2010,2010-12-17,cen.sol,p0062,mes.jen,i0011,9:08,50,3,nachu
V1,2011,2011-12-02,cen.sol,p0062,tat.aut,i0076,11:40,70,2,nachu
V1,2011,2011-11-11,cen.sol,p0062,dih.sp1,i0031,11:48,5,1,nachu
V1,2011,2011-11-22,cen.sol,p0062,NA,NA,12:40,10,0,silvia
V1,2011,2011-12-02,cen.sol,p0062,pir.com,i0132,11:40,70,1,nachu
V1,2008,2008-12-17,cen.sol,p0062,amm.sp1,i0126,09:30:00,43,2,Nachu
V1,2011,2011-10-14,cen.sol,p0062,bombil3,i0069,11:20,2,1,nachu
V1,2007,2007-12-11,cen.sol,p0062,bombil8,i0085,08:29,16,1,Nachu
V1,2010,2010-12-10,cen.sol,p0062,bombil5,i0115,10:40,50,1,nachu
V1,2010,2010-12-17,cen.sol,p0062,mes.jen,i0011,9:08,50,2,nachu
V1,2007,2007-12-11,cen.sol,p0062,bom.opi,i0002,08:57,20,1,Erica
V1,2011,2011-11-11,cen.sol,p0062,meg.jor,i0298,12:17,5,2,silvia
V1,2011,2011-12-02,cen.sol,p0062,meg.cte,i0015,11:40,70,8,nachu
V1,2008,2008-12-05,cen.sol,p0062,cen.bre,i0007,09:58:00,14,2,Nachu
V1,2007,2007-12-11,cen.sol,p0062,bombil8,i0085,08:57,20,1,Erica
V1,2010,2010-12-10,cen.sol,p0062,lepid11,i0215,12:00,25,1,nachu
V1,2011,2011-11-18,cen.sol,p0062,NA,NA,08:20,26,0,silvia
V1,2010,2010-12-10,cen.sol,p0062,bombil5,i0115,12:34,23,1,silvia
V1,2010,2010-12-10,cen.sol,p0062,cos.chi,i0077,10:40,50,2,nachu
V1,2008,2008-11-21,cen.sol,p0062,NA,NA,08:45:00,1,0,Nachu
V1,2011,2011-12-02,cen.sol,p0062,mes.jen,i0011,13:20,60,4,nachu
V1,2007,2007-12-11,cen.sol,p0062,bombil8,i0085,08:57,20,1,Erica
V1,2007,2007-12-11,cen.sol,p0062,cop.sp2,i0052,08:53,30,1,Erica
V1,2011,2011-12-13,cen.sol,p0062,NA,NA,11:39,60,1,nachu
V1,2010,2010-12-10,cen.sol,p0062,mes.jen,i0011,12:00,25,5,nachu
V1,2007,2007-12-11,cen.sol,p0062,bombil8,i0085,08:35,11,1,Erica
V1,2011,2011-11-18,cen.sol,p0062,cop.ari,i0044,08:20,26,1,silvia
V1,2010,2010-12-10,cen.sol,p0062,bombil8,i0085,10:40,50,1,nachu
V1,2010,2010-12-17,cen.sol,p0062,lepid11,i0215,9:08,50,4,nachu
V1,2011,2011-11-18,cen.sol,p0062,cop.ari,i0044,08:20,26,1,silvia
V1,2008,2008-12-17,cen.sol,p0062,amm.sp1,i0126,09:22:00,1,1,Nachu
V1,2010,2010-12-17,cen.sol,p0062,cos.chi,i0077,9:08,50,5,nachu
V1,2011,2011-12-02,cen.sol,p0062,tat.aut,i0076,13:20,60,6,nachu
V1,2010,2010-12-10,cen.sol,p0062,cos.chi,i0077,10:40,50,2,nachu
V1,2011,2011-11-25,cen.sol,p0062,aug.sp,i0228,12:00,26,1,silvia
V1,2010,2010-12-10,cen.sol,p0062,lepid11,i0215,12:34,23,2,silvia
V1,2010,2010-12-10,cen.sol,p0062,lepid11,i0215,12:34,23,3,silvia
V1,2011,2011-11-29,cen.sol,p0062,pse.sp,i0167,08:53,90,1,silvia
V1,2011,2011-11-25,cen.sol,p0062,aug.sp,i0228,12:00,26,2,silvia
V1,2011,2011-11-29,cen.sol,p0062,dih.sp1,i0031,08:53,90,1,silvia
V1,2010,2010-12-10,cen.sol,p0062,cos.chi,i0077,12:00,25,3,nachu
V1,2010,2010-12-03,cen.sol,p0062,cos.chi,i0077,10:00,9,1,silvia
V1,2007,2007-12-11,cen.sol,p0062,bombil8,i0085,08:29,16,1,Nachu
V1,2011,2011-12-02,cen.sol,p0062,dia.pat,i0164,11:40,70,1,nachu
V1,2011,2011-12-02,cen.sol,p0062,aug.sp,i0228,11:47,75,2,silvia
V1,2009,2009-11-25,cen.sol,p0062,NA,NA,12:02:00,1,0,nachu
V1,2011,2011-12-02,cen.sol,p0062,tat.aut,i0076,11:40,70,1,nachu
V1,2010,2010-12-10,cen.sol,p0062,lepid11,i0215,10:40,50,1,nachu
V1,2010,2010-12-10,cen.sol,p0062,cos.chi,i0077,10:40,50,1,nachu
V1,2011,2011-12-02,cen.sol,p0062,dia.pat,i0164,11:40,70,1,nachu
V1,2010,2010-12-10,cen.sol,p0062,lepid11,i0215,12:34,23,3,silvia
V1,2011,2011-11-01,cen.sol,p0062,NA,NA,11:07,1,1,nachu
V1,2009,2009-12-11,cen.sol,p0062,amm.sp1,i0126,11:15:00,10,6,Rocio
V1,2011,2011-11-25,cen.sol,p0062,pir.com,i0132,11:47,45,2,silvia
V1,2008,2008-12-17,cen.sol,p0062,pir.com,i0132,09:30:00,43,6,Nachu
V1,2011,2011-11-29,cen.sol,p0062,cop.ari,i0044,08:43,61,9,silvia
V1,2010,2010-12-10,cen.sol,p0062,tat.aut,i0076,10:40,50,1,nachu
V1,2011,2011-12-06,cen.sol,p0062,NA,NA,08:30:00,115,0,silvia
V1,2010,2010-12-10,cen.sol,p0062,NA,NA,12:00,25,2,nachu
V1,2011,2011-11-25,cen.sol,p0062,aug.sp,i0228,11:47,45,1,silvia
V1,2007,2007-12-11,cen.sol,p0062,bombil8,i0085,08:35,11,1,Erica
V1,2010,2010-12-10,cen.sol,p0062,pir.com,i0132,10:40,50,1,nachu
V1,2011,2011-12-02,cen.sol,p0062,api.mel,i0070,13:20,60,1,nachu
V1,2011,2011-12-02,cen.sol,p0062,dia.pat,i0164,13:20,60,2,nachu
V1,2008,2008-11-21,cen.sol,p0062,bab.elo,i0075,10:13:00,1,1,Nachu
V1,2008,2008-12-17,cen.sol,p0062,NA,NA,10:09:00,16,0,Nachu
V1,2011,2011-12-02,cen.sol,p0062,dia.pat,i0164,11:47,75,1,silvia
V1,2007,2007-12-11,cen.sol,p0062,bombil8,i0085,08:53,30,3,Erica
V1,2007,2007-12-11,cen.sol,p0062,cop.sp2,i0052,08:57,20,1,Erica
V1,2011,2011-12-20,cen.sol,p0062,mes.jen,i0011,10:54,76,2,silvia
V1,2011,2011-12-20,cen.sol,p0062,mes.jen,i0011,10:54,76,1,silvia
V1,2011,2011-11-18,cen.sol,p0062,pir.com,i0132,08:20,26,1,silvia
V1,2011,2011-12-02,cen.sol,p0062,str.eur,i0131,13:20,60,1,nachu
V1,2011,2011-11-29,cen.sol,p0062,NA,NA,08:53,90,1,silvia
V1,2011,2011-11-08,cen.sol,p0062,dia.pat,i0164,11:35,3,1,nachu
V1,2011,2011-11-18,cen.sol,p0062,NA,NA,08:58,14,0,silvia
V1,2007,2007-12-11,cen.sol,p0062,bombil8,i0085,08:35,11,1,Erica
V1,2011,2011-11-25,cen.sol,p0062,aug.sp,i0228,11:47,45,2,silvia
V1,2011,2011-12-13,cen.sol,p0062,sva.bom,i0010,11:39,60,1,nachu
V1,2011,2011-10-14,cen.sol,p0062,bombil3,i0069,11:20,2,1,nachu
V1,2011,2011-11-25,cen.sol,p0062,dih.sp1,i0031,11:47,45,1,silvia
V1,2007,2007-12-11,cen.sol,p0062,bombil8,i0085,08:29,16,1,Nachu
V1,2011,2011-10-18,cen.sol,p0062,NA,NA,11:41,2,0,enzo
V1,2011,2011-12-20,cen.sol,p0062,mes.jen,i0011,10:54,76,2,silvia
V1,2007,2007-12-11,cen.sol,p0062,bombil8,i0085,08:53,30,2,Erica
V1,2010,2010-12-10,cen.sol,p0062,lepid11,i0215,12:34,23,4,silvia
V1,2007,2007-12-11,cen.sol,p0062,bom.opi,i0002,08:57,20,1,Erica
V1,2011,2011-12-02,cen.sol,p0062,dia.pat,i0164,11:40,29,1,silvia
V1,2007,2007-12-11,cen.sol,p0062,bombil8,i0085,08:29,16,1,Nachu
V1,2011,2011-11-18,cen.sol,p0062,pir.com,i0132,08:20,26,9,silvia
V1,2009,2009-12-11,cen.sol,p0062,amm.sp1,i0126,11:15:00,10,5,Rocio
V1,2011,2011-12-13,cen.sol,p0062,cos.chi,i0077,11:39,60,4,nachu
V1,2011,2011-12-13,cen.sol,p0062,sva.bom,i0010,11:39,60,4,nachu
V1,2009,2009-11-25,cen.sol,p0062,NA,NA,12:17:00,1,0,nachu
V1,2007,2007-12-11,cen.sol,p0062,cop.sp2,i0052,08:29,16,1,Nachu
V1,2010,2010-12-10,cen.sol,p0062,cos.chi,i0077,12:34,23,1,silvia
V1,2011,2011-11-11,cen.sol,p0062,pse.sp,i0167,11:48,5,1,nachu
V1,2007,2007-12-11,cen.sol,p0062,bombil8,i0085,08:35,11,1,Erica
V1,2011,2011-11-29,cen.sol,p0062,dih.sp1,i0031,08:43,61,4,silvia
V1,2007,2007-12-11,cen.sol,p0062,cop.ari,i0044,08:57,20,1,Erica
V1,2011,2011-12-02,cen.sol,p0062,tat.aut,i0076,11:40,70,3,nachu
V1,2011,2011-12-13,cen.sol,p0062,mes.jen,i0011,11:39,60,1,nachu
V1,2007,2007-12-11,cen.sol,p0062,bombil8,i0085,08:22,10,1,Nachu
V4,2007,2007-12-11,cen.sol,p0062,bombil8,i0085,08:52,16,1,Nachu
V1,2007,2007-12-11,cen.sol,p0062,bombil8,i0085,08:29,16,1,Nachu
V1,2010,2010-12-03,cen.sol,p0062,aug.sp,i0228,10:00,9,1,silvia
V1,2010,2010-12-17,cen.sol,p0062,NA,NA,9:17:00,28,0,silvia
V1,2010,2010-12-03,cen.sol,p0062,cos.chi,i0077,10:00,9,2,silvia
V1,2008,2008-12-17,cen.sol,p0062,amm.sp1,i0126,09:30:00,43,1,Nachu
V1,2007,2007-12-11,cen.sol,p0062,bombil8,i0085,08:57,20,1,Erica
V1,2010,2010-12-10,cen.sol,p0062,pir.com,i0132,12:00,25,3,nachu
V1,2007,2007-12-11,cen.sol,p0062,bombil8,i0085,08:22,10,1,Nachu
V1,2010,2010-12-10,cen.sol,p0062,pir.com,i0132,10:40,50,3,nachu
V1,2007,2007-12-11,cen.sol,p0062,cop.ari,i0044,08:57,20,1,Erica
V1,2009,2009-12-11,cen.sol,p0062,amm.sp1,i0126,09:35:00,10,4,Rocio
V1,2011,2011-11-25,cen.sol,p0062,aug.sp,i0228,12:00,26,1,silvia
V1,2008,2008-12-05,cen.sol,p0062,NA,NA,08:49:00,6,0,Nachu
V1,2011,2011-11-25,cen.sol,p0062,aug.sp,i0228,11:47,45,1,silvia
V1,2007,2007-12-11,cen.sol,p0062,cop.sp2,i0052,08:27,15,1,Erica
V1,2011,2011-11-25,cen.sol,p0062,cam.mus,i0072,11:47,45,1,silvia
V1,2010,2010-12-10,cen.sol,p0062,pir.com,i0132,10:40,50,1,nachu
V1,2009,2009-12-11,cen.sol,p0062,zet.sp1,i0037,11:15:00,10,1,Rocio
V1,2007,2007-12-11,cen.sol,p0062,bombil8,i0085,08:27,15,1,Erica
V1,2007,2007-12-11,cen.sol,p0062,bombil8,i0085,08:35,11,1,Erica
V1,2011,2011-12-02,cen.sol,p0062,mes.jen,i0011,11:47,75,4,silvia
V4,2007,2007-12-11,cen.sol,p0062,bom.opi,i0002,08:52,16,8,Nachu
V1,2007,2007-12-11,cen.sol,p0062,cop.ari,i0044,08:57,20,1,Erica
V1,2007,2007-12-11,cen.sol,p0062,cop.sp2,i0052,08:27,15,1,Erica
V1,2010,2010-12-10,cen.sol,p0062,cos.chi,i0077,10:40,50,2,nachu
V1,2010,2010-12-03,cen.sol,p0062,cos.chi,i0077,10:00,9,1,silvia
V1,2007,2007-12-11,cen.sol,p0062,bombil8,i0085,08:53,30,2,Erica
V1,2011,2011-12-20,cen.sol,p0062,pse.sp,i0167,08:19,40,2,silvia
V1,2011,2011-12-20,cen.sol,p0062,psa.phi,i0100,10:54,76,1,silvia
V1,2011,2011-11-29,cen.sol,p0062,meg.jor,i0298,08:53,90,3,silvia
V1,2011,2011-11-25,cen.sol,p0062,cos.chi,i0077,12:00,26,1,silvia
V1,2011,2011-12-02,cen.sol,p0062,dia.pat,i0164,11:29,3,1,nachu
V1,2007,2007-12-11,cen.sol,p0062,bom.opi,i0002,08:29,16,1,Nachu
NA,NA,NA,tri.ter,p0008,NA,NA,NA,NA,NA,NA
V4,2009,2009-10-14,cer.arv,p0015,NA,NA,11:20:00,24,0,Nachu
V4,2009,2009-10-28,cer.arv,p0015,NA,NA,10:33:00,15,0,Belen
V4,2009,2009-10-19,cer.arv,p0015,cop.sp2,i0052,11:31:00,36,1,nachu
V4,2008,2008-10-17,cer.arv,p0015,bombil3,i0069,10:28:00,80,3,Nachu
V4,2008,2008-10-10,cer.arv,p0015,bombil3,i0069,13:12:00,32,3,Nachu
V4,2009,2009-10-26,cer.arv,p0015,NA,NA,14:05:00,25,0,Belen
V4,2009,2009-10-21,cer.arv,p0015,NA,NA,09:33:00,10,0,nachu
V4,2008,2008-10-07,cer.arv,p0015,syr.sp1,i0045,09:11:00,64,3,Nachu
V4,2008,2008-10-21,cer.arv,p0015,bombil3,i0069,15:39:00,35,11,Nachu
V4,2009,2009-10-19,cer.arv,p0015,NA,NA,11:57:00,13,0,nachu
V4,2010,2010-10-28,cer.arv,p0015,NA,NA,10:00:00,37,0,Nachu
V4,2009,2009-10-19,cer.arv,p0015,acal.sp2,i0182,13:43:00,12,1,rocio
V4,2008,2008-10-21,cer.arv,p0015,bombil3,i0069,15:39:00,35,2,Nachu
V4,2008,2008-10-10,cer.arv,p0015,dih.sp1,i0031,14:47:00,24,1,Nachu
V4,2009,2009-10-19,cer.arv,p0015,exo.sp1,i0068,11:38:00,22,9,nachu
V4,2009,2009-11-09,cer.arv,p0015,dih.sp1,i0031,11:32:00,10,1,Belen
V4,2008,2008-10-28,cer.arv,p0015,tac.sp15,i0196,12:51:00,80,1,Nachu
V4,2008,2008-10-21,cer.arv,p0015,bib.sp1,i0137,15:39:00,35,3,Nachu
V4,2009,2009-11-11,cer.arv,p0015,NA,NA,13:02:00,3,0,Belen
V4,2008,2008-10-21,cer.arv,p0015,bib.sp1,i0137,15:39:00,35,2,Nachu
V4,2009,2009-10-19,cer.arv,p0015,coleop2,i0221,13:50:00,13,1,nachu
V4,2008,2008-10-21,cer.arv,p0015,bib.sp1,i0137,15:39:00,35,3,Nachu
V4,2009,2009-10-21,cer.arv,p0015,NA,NA,09:14:00,32,0,nachu
NA,NA,NA,sol.ela,p0028,NA,NA,NA,NA,NA,NA
V4,2011,2011-12-13,phi.gil,p0061,NA,NA,09:22,100,0,nachu
V4,2008,2008-12-17,phi.gil,p0061,NA,NA,12:20:00,17,0,Nachu
V4,2009,2009-11-04,phi.gil,p0061,NA,NA,11:48:00,44,0,Nachu
V4,2008,2008-10-24,phi.gil,p0061,dih.sp1,i0031,09:58:00,5,2,Nachu
V4,2009,2009-11-04,phi.gil,p0061,NA,NA,10:20:00,80,0,Nachu
V4,2011,2011-12-02,phi.gil,p0061,NA,NA,08:40,100,0,silvia
V4,2009,2009-11-18,phi.gil,p0061,NA,NA,13:52:00,6,0,Rocio
V4,2011,2011-12-02,phi.gil,p0061,NA,NA,10:22,20,0,nachu
V4,2011,2011-12-13,phi.gil,p0061,lepid11,i0215,09:17,200,1,nachu
V4,2011,2011-12-13,phi.gil,p0061,tac.sp1,i0038,09:17,200,4,nachu
V4,2008,2008-10-31,phi.gil,p0061,NA,NA,10:37:00,20,0,Nachu
V1,2008,2008-11-04,phi.gil,p0061,aug.sp,i0228,10:02:00,50,4,Nachu
V4,2008,2008-11-11,phi.gil,p0061,NA,NA,13:09:00,20,0,Nachu
V4,2011,2011-12-13,phi.gil,p0061,wil.cha,i0096,09:17,200,3,nachu
V4,2011,2011-12-13,phi.gil,p0061,cen.bre,i0007,09:17,200,12,nachu
V1,2008,2008-11-04,phi.gil,p0061,aug.sp,i0228,10:02:00,50,1,Nachu
V4,2009,2009-11-11,phi.gil,p0061,NA,NA,11:37:00,9,0,Nachu
V1,2008,2008-11-04,phi.gil,p0061,aug.sp,i0228,10:02:00,50,1,Nachu
V4,2011,2011-12-02,phi.gil,p0061,NA,NA,09:37,150,0,nachu
V1,2008,2008-11-04,phi.gil,p0061,aug.sp,i0228,10:02:00,50,1,Nachu
V4,2010,2010-10-28,phi.gil,p0061,NA,NA,9:39:00,12,0,Nachu
V4,2011,2011-12-13,phi.gil,p0061,tac.sp1,i0038,09:17,200,3,nachu
V4,2011,2011-12-13,phi.gil,p0061,NA,NA,09:17,200,5,nachu
V4,2011,2011-12-13,phi.gil,p0061,NA,NA,09:17,200,4,nachu
V4,2008,2008-11-07,phi.gil,p0061,NA,NA,10:08:00,38,0,Nachu
V4,2008,2008-10-28,phi.gil,p0061,NA,NA,13:42:00,14,0,Nachu
V4,2011,2011-12-13,phi.gil,p0061,tac.sp1,i0038,09:17,200,5,nachu
V4,2009,2009-12-02,men.alb,p0065,NA,NA,10:28:00,4,0,Nachu
V4,2008,2008-12-17,men.alb,p0065,dih.sp1,i0031,11:21:00,35,1,Nachu
NA,NA,NA,sen.gil,p0069,NA,NA,NA,NA,NA,NA
V1,2008,2008-10-07,gla.cri,p0070,NA,NA,14:20:00,20,0,Nachu
V4,2008,2008-10-17,gla.cri,p0070,bombil3,i0069,10:22:00,26,2,Nachu
V4,2008,2008-10-07,gla.cri,p0070,cos.chi,i0077,10:59:00,19,2,Nachu
V1,2008,2008-10-07,gla.cri,p0070,NA,NA,14:28:00,16,0,Nachu
V4,2008,2008-10-07,gla.cri,p0070,cop.ari,i0044,11:51:00,23,1,Nachu
V1,2008,2008-10-10,gla.cri,p0070,ase.mon,i0180,12:26:00,200,2,Nachu
V1,2008,2008-10-10,gla.cri,p0070,NA,NA,11:54:00,66,0,Nachu
V4,2009,2009-10-21,pla.pat,p0072,NA,NA,09:05:00,60,0,rocio
V1,2009,2009-10-07,pla.pat,p0072,NA,NA,11:34:00,8,0,Belen-rocio
V4,2009,2009-10-21,pla.pat,p0072,NA,NA,10:35:00,80,0,rocio
V1,2009,2009-10-07,pla.pat,p0072,NA,NA,11:34:00,5,0,Belen-rocio
V4,2011,2011-10-11,pla.pat,p0072,NA,NA,10:34,20,0,silvia
V4,2009,2009-10-19,pla.pat,p0072,NA,NA,11:54:00,80,0,rocio
V4,2008,2008-10-21,pla.pat,p0072,NA,NA,14:03:00,4500,0,Nachu
V1,2009,2009-10-07,pla.pat,p0072,NA,NA,11:13:00,6,0,Belen-rocio
V1,2009,2009-10-12,pla.pat,p0072,NA,NA,13:27:00,37,0,Belen-rocio
V4,2009,2009-10-14,pla.pat,p0072,NA,NA,11:05:00,3,0,Nachu
V4,2009,2009-10-12,pla.pat,p0072,NA,NA,11:04:00,40,0,Belen-rocio
V4,2009,2009-10-12,pla.pat,p0072,NA,NA,11:04:00,14,0,Belen-rocio
V1,2008,2008-10-24,pet.axi,p0081,NA,NA,12:22:00,15,0,Nachu
V1,2011,2011-10-11,pet.axi,p0081,NA,NA,12:00,5,0,silvia
V1,2011,2011-11-18,pet.axi,p0081,NA,NA,08:44,4,0,silvia
V1,2011,2011-10-14,pet.axi,p0081,NA,NA,11:15,3,0,nachu
V1,2011,NA,pet.axi,p0081,NA,NA,09:23,2,0,enzo
V4,2008,2008-10-17,pet.axi,p0081,pse.sp,i0167,11:00:00,5,1,Nachu
V4,2011,2011-10-25,pet.axi,p0081,NA,NA,08:20,10,0,enzo
V1,2011,2011-11-01,pet.axi,p0081,NA,NA,11:07,5,0,nachu
V4,2011,2011-11-01,pet.axi,p0081,NA,NA,08:21,10,0,enzo
V1,2011,NA,pet.axi,p0081,NA,NA,09:02,4,5,enzo
V4,2011,2011-10-04,pet.axi,p0081,dih.sp1,i0031,11:18,2,1,silvia
V4,2008,2008-10-07,pet.axi,p0081,NA,NA,09:57:00,4,0,Nachu
V1,2011,2011-10-11,pet.axi,p0081,NA,NA,12:40,10,0,silvia
V4,2011,2011-10-28,pet.axi,p0081,NA,NA,12:17,15,0,enzo
V4,2011,NA,pet.axi,p0081,NA,NA,11:44,25,0,enzo
V1,2011,2011-11-29,pet.axi,p0081,NA,NA,09:09,15,0,silvia
V4,2007,2007-10-23,pet.axi,p0081,dih.sp1,i0031,13:01,24,1,Nachu
V1,2011,2011-10-04,pet.axi,p0081,NA,NA,09:36,2,0,silvia
V4,2011,2011-11-25,pet.axi,p0081,dih.sp1,i0031,09:12,16,1,silvia
V4,2011,2011-10-11,pet.axi,p0081,NA,NA,11:01,10,0,silvia
V1,2008,2008-10-07,pet.axi,p0081,NA,NA,14:55:00,2,0,Nachu
V1,2008,2008-10-28,pet.axi,p0081,NA,NA,08:54:00,9,0,Nachu
V4,2011,2011-10-28,pet.axi,p0081,NA,NA,11:52,26,0,silvia
V4,2010,2010-11-26,pet.axi,p0081,NA,NA,7:52:00,6,0,Nachu
V1,2011,2011-11-29,pet.axi,p0081,NA,NA,12:16,45,0,silvia
V1,2011,2011-12-13,lip.tur,p0088,aug.sp,i0228,11:42,1500,1,silvia
V1,2008,2008-12-05,lip.tur,p0088,exo.sp1,i0068,10:23:00,700,2,Nachu
V1,2010,2010-11-26,lip.tur,p0088,vill.sp1,i0114,10:46:00,1500,1,Nachu
V1,2010,2010-11-26,lip.tur,p0088,cam.mus,i0072,10:46:00,1500,2,Nachu
V1,2011,2011-12-13,lip.tur,p0088,NA,NA,11:48,80,1,nachu
V1,2010,2010-12-10,lip.tur,p0088,exo.sp1,i0068,12:12,300,1,nachu
V1,2010,2010-11-26,lip.tur,p0088,bombil9,i0183,10:46:00,1500,1,Nachu
V1,2011,2011-11-11,lip.tur,p0088,bombil9,i0183,12:25,40,1,nachu
V1,2010,2010-11-26,lip.tur,p0088,bombil9,i0183,10:46:00,1500,1,Nachu
V1,2011,2011-11-29,lip.tur,p0088,str.eur,i0131,09:21,300,1,silvia
V1,2008,2008-12-05,lip.tur,p0088,aug.sp,i0228,10:23:00,700,2,Nachu
V1,2011,2011-12-13,lip.tur,p0088,sva.bau,i0301,11:42,1500,1,silvia
V1,2011,2011-12-02,lip.tur,p0088,cop.sp2,i0052,11:53,500,1,nachu
V1,2011,2011-12-13,lip.tur,p0088,coe.inc,i0154,11:48,80,3,nachu
V1,2011,2011-12-13,lip.tur,p0088,NA,NA,11:42,1500,0,silvia
V4,2009,2009-11-30,lip.tur,p0088,api.mel,i0070,11:59:00,1500,5,Rocio
V1,2011,2011-11-29,lip.tur,p0088,aug.sp,i0228,09:21,300,1,silvia
V1,2011,2011-12-13,lip.tur,p0088,str.eur,i0131,11:42,1500,1,silvia
V1,2010,2010-12-10,lip.tur,p0088,bombil9,i0183,12:12,300,1,nachu
V1,2011,2011-12-13,lip.tur,p0088,str.eur,i0131,11:42,1500,1,silvia
V1,2009,2009-11-30,lip.tur,p0088,meg.A,i0003,13:17:00,1500,4,Rocio
V1,2011,2011-12-13,lip.tur,p0088,pir.com,i0132,11:42,1500,1,silvia
V1,2009,2009-11-30,lip.tur,p0088,bombil9,i0183,13:17:00,1500,3,Rocio
V1,2010,2010-12-10,lip.tur,p0088,bombil5,i0115,12:12,300,1,nachu
V1,2010,2010-12-10,lip.tur,p0088,vill.sp1,i0114,12:12,300,1,nachu
V1,2010,2010-12-10,lip.tur,p0088,vill.sp1,i0114,12:12,300,1,nachu
V1,2008,2008-12-05,lip.tur,p0088,exo.sp1,i0068,10:23:00,700,1,Nachu
V1,2008,2008-12-05,lip.tur,p0088,amm.sp1,i0126,10:23:00,700,2,Nachu
V1,2011,2011-12-20,lip.tur,p0088,amm.sp1,i0126,08:30,1200,1,silvia
V1,2010,2010-12-10,lip.tur,p0088,bombil9,i0183,12:12,300,1,nachu
V1,2010,2010-11-26,lip.tur,p0088,vill.sp1,i0114,10:46:00,1500,1,Nachu
V1,2011,2011-12-02,lip.tur,p0088,str.eur,i0131,11:53,500,2,nachu
V1,2009,2009-11-30,lip.tur,p0088,ant.rub,i0108,13:17:00,1500,1,Rocio
V1,2011,2011-12-13,lip.tur,p0088,NA,NA,11:42,1500,0,silvia
V4,2009,2009-11-30,lip.tur,p0088,amm.sp1,i0126,11:59:00,1500,3,Rocio
V1,2011,2011-12-13,lip.tur,p0088,bombil10,i0206,11:42,1500,1,silvia
V4,2009,2009-11-30,lip.tur,p0088,exo.sp1,i0068,11:59:00,1500,1,Rocio
V1,2008,2008-12-05,lip.tur,p0088,aug.sp,i0228,10:23:00,700,1,Nachu
V1,2010,2010-11-26,lip.tur,p0088,amm.sp1,i0126,10:46:00,1500,1,Nachu
V1,2008,2008-12-05,lip.tur,p0088,aug.sp,i0228,10:23:00,700,2,Nachu
V1,2011,2011-12-13,lip.tur,p0088,amm.sp1,i0126,11:42,1500,1,silvia
V1,2011,2011-12-13,lip.tur,p0088,str.eur,i0131,11:42,1500,1,silvia
V1,2011,2011-12-13,lip.tur,p0088,aug.sp,i0228,11:48,80,4,nachu
V1,2010,2010-12-10,lip.tur,p0088,bombil5,i0115,12:12,300,1,nachu
V1,2010,2010-12-10,lip.tur,p0088,com.ful,i0059,12:12,300,1,nachu
V1,2010,2010-11-26,lip.tur,p0088,vill.sp1,i0114,10:46:00,1500,1,Nachu
V1,2009,2009-11-30,lip.tur,p0088,tac.sp10,i0191,13:17:00,1500,1,Rocio
V1,2009,2009-11-30,lip.tur,p0088,bombil9,i0183,13:17:00,1500,3,Rocio
V1,2010,2010-12-10,lip.tur,p0088,zet.sp1,i0037,12:12,300,1,nachu
V4,2009,2009-11-30,lip.tur,p0088,bombil9,i0183,11:59:00,1500,1,Rocio
V1,2011,2011-11-29,lip.tur,p0088,NA,NA,09:21,300,3,silvia
V1,2009,2009-11-30,lip.tur,p0088,aud.sp,i0178,13:17:00,1500,2,Rocio
V1,2011,2011-12-20,lip.tur,p0088,str.eur,i0131,08:30,1200,4,silvia
V1,2009,2009-11-30,lip.tur,p0088,tachy.sp,i0243,12:05:00,1500,1,Rocio
V1,2009,2009-11-30,lip.tur,p0088,syr.sp6,i0249,12:05:00,1500,1,Rocio
V1,2009,2009-11-30,lip.tur,p0088,ise.vip,i0105,12:05:00,1500,1,Rocio
V1,2011,2011-12-13,lip.tur,p0088,aug.sp,i0228,11:48,80,3,nachu
V1,2011,2011-12-13,lip.tur,p0088,str.eur,i0131,11:42,1500,1,silvia
V1,2011,2011-12-13,lip.tur,p0088,sva.bau,i0301,11:42,1500,1,silvia
V1,2010,2010-12-10,lip.tur,p0088,bombil9,i0183,12:12,300,1,nachu
V1,2010,2010-12-10,lip.tur,p0088,vill.sp1,i0114,12:12,300,1,nachu
V1,2010,2010-11-26,lip.tur,p0088,bombil9,i0183,10:46:00,1500,1,Nachu
V1,2011,2011-12-02,lip.tur,p0088,bombil11,i0207,11:53,500,1,nachu
V1,2011,2011-12-02,lip.tur,p0088,amm.sp1,i0126,11:53,500,1,nachu
V1,2011,2011-12-02,lip.tur,p0088,str.eur,i0131,11:53,500,1,nachu
V1,2011,2011-12-13,lip.tur,p0088,aug.sp,i0228,11:48,80,3,nachu
V1,2011,2011-12-02,lip.tur,p0088,str.eur,i0131,11:53,500,1,nachu
V1,2011,2011-12-13,lip.tur,p0088,aug.sp,i0228,11:42,1500,1,silvia
V1,2011,2011-12-13,lip.tur,p0088,NA,NA,11:42,1500,0,silvia
V1,2009,2009-11-30,lip.tur,p0088,amm.sp1,i0126,13:17:00,1500,1,Rocio
V1,2010,2010-12-10,lip.tur,p0088,cop.ari,i0044,12:12,300,1,nachu
V1,2011,2011-12-13,lip.tur,p0088,aug.sp,i0228,11:42,1500,1,silvia
V4,2009,2009-11-30,lip.tur,p0088,vill.sp1,i0114,11:59:00,1500,3,Rocio
V1,2009,2009-11-30,lip.tur,p0088,exo.sp1,i0068,13:17:00,1500,3,Rocio
V1,2011,2011-12-13,lip.tur,p0088,zet.sp1,i0037,11:48,80,1,nachu
V4,2009,2009-11-30,lip.tur,p0088,ant.rub,i0108,11:59:00,1500,1,Rocio
V1,2010,2010-12-10,lip.tur,p0088,NA,NA,12:12,300,1,nachu
V1,2010,2010-11-26,lip.tur,p0088,bombil9,i0183,10:46:00,1500,1,Nachu
V1,2010,2010-12-10,lip.tur,p0088,cos.chi,i0077,12:12,300,1,nachu
V4,2009,2009-11-30,lip.tur,p0088,tac.sp10,i0191,11:59:00,1500,1,Rocio
V1,2011,2011-12-13,lip.tur,p0088,NA,NA,11:42,1500,0,silvia
V1,2011,2011-12-13,lip.tur,p0088,cos.chi,i0077,11:42,1500,1,silvia
V1,2011,2011-12-20,lip.tur,p0088,amm.sp1,i0126,08:30,1200,1,silvia
V1,2010,2010-12-10,lip.tur,p0088,cop.ari,i0044,12:12,300,3,nachu
V1,2010,2010-12-10,lip.tur,p0088,bombil14,i0287,12:12,300,3,nachu
V1,2009,2009-11-30,lip.tur,p0088,vill.sp1,i0114,13:17:00,1500,3,Rocio
V1,2008,2008-12-05,lip.tur,p0088,aug.sp,i0228,10:23:00,700,2,Nachu
V1,2010,2010-11-26,lip.tur,p0088,amm.sp1,i0126,10:46:00,1500,1,Nachu
V1,2010,2010-11-26,lip.tur,p0088,cos.chi,i0077,10:46:00,1500,1,Nachu
V1,2011,2011-11-29,lip.tur,p0088,zet.sp1,i0037,09:21,300,3,silvia
V1,2011,2011-11-29,lip.tur,p0088,pir.com,i0132,09:21,300,4,silvia
V1,2008,2008-12-05,lip.tur,p0088,exo.sp1,i0068,10:23:00,700,2,Nachu
V1,2010,2010-11-26,lip.tur,p0088,bombil9,i0183,10:46:00,1500,1,Nachu
V1,2010,2010-11-26,lip.tur,p0088,bombil9,i0183,10:46:00,1500,1,Nachu
V1,2011,2011-12-13,lip.tur,p0088,aug.sp,i0228,11:48,80,7,nachu
V1,2011,2011-12-02,lip.tur,p0088,zet.sp1,i0037,11:53,500,10,nachu
V1,2011,2011-12-20,lip.tur,p0088,cop.ari,i0044,08:30,1200,1,silvia
V1,2010,2010-11-26,lip.tur,p0088,bombil9,i0183,10:46:00,1500,1,Nachu
V1,2011,2011-12-13,lip.tur,p0088,zet.sp1,i0037,11:48,80,5,nachu
V1,2010,2010-12-10,lip.tur,p0088,cop.ari,i0044,12:12,300,1,nachu
V1,2010,2010-12-10,lip.tur,p0088,exo.sp1,i0068,12:12,300,1,nachu
V1,2010,2010-11-26,lip.tur,p0088,bombil9,i0183,10:46:00,1500,1,Nachu
V1,2010,2010-11-26,lip.tur,p0088,bombil9,i0183,10:46:00,1500,1,Nachu
V1,2009,2009-11-30,lip.tur,p0088,bombil9,i0183,12:05:00,1500,3,Rocio
V1,2011,2011-12-13,lip.tur,p0088,pir.com,i0132,11:42,1500,1,silvia
V1,2011,2011-12-13,lip.tur,p0088,bombil9,i0183,11:42,1500,1,silvia
V1,2011,2011-12-20,lip.tur,p0088,tac.sp8,i0188,08:30,1200,1,silvia
V1,2011,2011-12-13,lip.tur,p0088,str.eur,i0131,11:48,80,1,nachu
V1,2011,2011-11-11,lip.tur,p0088,amm.sp1,i0126,12:25,40,1,nachu
V1,2011,2011-12-02,lip.tur,p0088,bombil11,i0207,11:53,500,2,nachu
V1,2011,2011-12-02,lip.tur,p0088,amm.sp1,i0126,11:53,500,1,nachu
V1,2010,2010-11-26,lip.tur,p0088,bombil9,i0183,10:46:00,1500,1,Nachu
V1,2011,2011-12-13,lip.tur,p0088,NA,NA,11:42,1500,0,silvia
V1,2008,2008-12-05,lip.tur,p0088,exo.sp1,i0068,10:23:00,700,1,Nachu
V1,2010,2010-12-10,lip.tur,p0088,dih.sp1,i0031,12:12,300,1,nachu
V1,2008,2008-12-05,lip.tur,p0088,aug.sp,i0228,10:23:00,700,1,Nachu
V1,2011,2011-12-06,lip.tur,p0088,aug.sp,i0228,10:22:00,200,6,silvia
V1,2009,2009-11-30,lip.tur,p0088,vill.sp1,i0114,12:05:00,1500,1,Rocio
V1,2011,2011-12-20,lip.tur,p0088,aug.sp,i0228,08:30,1200,4,silvia
V1,2008,2008-12-05,lip.tur,p0088,aug.sp,i0228,10:23:00,700,2,Nachu
V4,2009,2009-11-30,lip.tur,p0088,bombil9,i0183,11:59:00,1500,5,Rocio
V1,2010,2010-11-26,lip.tur,p0088,bombil9,i0183,13:23:00,150,1,Nachu
V1,2010,2010-11-26,lip.tur,p0088,bombil9,i0183,10:46:00,1500,1,Nachu
V1,2010,2010-12-10,lip.tur,p0088,vill.sp1,i0114,12:12,300,1,nachu
V1,2011,2011-12-20,lip.tur,p0088,cop.ari,i0044,08:30,1200,1,silvia
V1,2010,2010-11-26,lip.tur,p0088,bombil9,i0183,13:23:00,150,1,Nachu
V1,2011,2011-12-02,lip.tur,p0088,pir.com,i0132,11:53,500,3,nachu
V1,2011,2011-12-13,lip.tur,p0088,str.eur,i0131,11:48,80,6,nachu
V1,2011,2011-12-02,lip.tur,p0088,str.eur,i0131,11:53,500,1,nachu
V1,2011,2011-12-13,lip.tur,p0088,syr.sp1,i0045,11:48,80,1,nachu
V1,2011,2011-12-02,lip.tur,p0088,pir.com,i0132,11:53,500,3,nachu
V1,2011,2011-12-13,lip.tur,p0088,zet.sp1,i0037,11:48,80,5,nachu
V1,2008,2008-12-05,lip.tur,p0088,aug.sp,i0228,10:23:00,700,2,Nachu
V1,2010,2010-11-26,lip.tur,p0088,aug.sp,i0228,10:46:00,1500,2,Nachu
V1,2010,2010-11-26,lip.tur,p0088,NA,NA,10:46:00,1500,1,Nachu
V1,2011,2011-12-13,lip.tur,p0088,pir.com,i0132,11:42,1500,1,silvia
V1,2008,2008-12-05,lip.tur,p0088,tac.sp10,i0191,10:23:00,700,1,Nachu
V1,2009,2009-11-30,lip.tur,p0088,bombil9,i0183,13:17:00,1500,3,Rocio
V1,2011,2011-11-29,lip.tur,p0088,tac.sp8,i0188,09:21,300,2,silvia
V1,2011,2011-12-13,lip.tur,p0088,aug.sp,i0228,11:42,1500,1,silvia
V4,2008,2008-10-17,hel.sp2,p0091,bombil3,i0069,11:33:00,12,2,Nachu
V1,2008,2008-10-21,hel.sp2,p0091,NA,NA,12:07:00,28,0,Nachu
V4,2008,2008-10-17,hel.sp2,p0091,NA,NA,11:55:00,5,0,Nachu
V1,2008,2008-10-24,hel.sp2,p0091,exo.sp1,i0068,14:57:00,40,1,Nachu
V1,2011,2011-10-21,rut.cha,p0103,aug.sp,i0228,09:55,250,5,nachu
V1,2011,NA,rut.cha,p0103,dih.sp1,i0031,10:01,15,1,enzo
V4,2008,2008-10-17,rut.cha,p0103,api.mel,i0070,13:49:00,200,24,Nachu
V1,2008,2008-10-24,rut.cha,p0103,api.mel,i0070,12:42:00,falta,8,Nachu
V1,2008,2008-10-28,rut.cha,p0103,api.mel,i0070,09:07:00,1000,2,Nachu
V1,2008,2008-10-07,rut.cha,p0103,api.mel,i0070,13:43:00,41,2,Nachu
V1,2008,2008-10-07,rut.cha,p0103,com.ful,i0059,13:43:00,41,15,Nachu
V1,2008,2008-10-07,rut.cha,p0103,dih.sp1,i0031,13:43:00,41,1,Nachu
V1,2008,2008-10-07,rut.cha,p0103,api.mel,i0070,13:43:00,41,1,Nachu
V1,2009,2009-11-05,rut.cha,p0103,NA,NA,11:48:00,40,0,Belen
V1,2008,2008-10-24,rut.cha,p0103,api.mel,i0070,11:40:00,500,19,Diego
V1,2011,NA,rut.cha,p0103,tac.sp10,i0191,10:01,15,1,enzo
V1,2008,2008-10-24,rut.cha,p0103,api.mel,i0070,12:42:00,falta,10,Nachu
V1,2008,2008-10-28,rut.cha,p0103,aug.sp,i0228,09:07:00,1000,2,Nachu
V1,2008,2008-10-10,rut.cha,p0103,api.mel,i0070,09:48:00,700,2,Nachu
V4,2008,2008-10-17,rut.cha,p0103,api.mel,i0070,13:49:00,200,1,Nachu
V1,2008,2008-10-10,rut.cha,p0103,com.ful,i0059,09:48:00,700,11,Nachu
V1,2008,2008-10-10,rut.cha,p0103,api.mel,i0070,09:48:00,700,1,Nachu
V1,2011,2011-10-21,rut.cha,p0103,dih.sp1,i0031,09:55,250,2,nachu
V1,2008,2008-10-10,rut.cha,p0103,com.ful,i0059,09:48:00,700,1,Nachu
V4,2008,2008-10-17,rut.cha,p0103,com.ful,i0059,13:49:00,200,5,Nachu
V1,2009,2009-10-28,rut.cha,p0103,zet.sp1,i0037,12:52:00,23,4,nachu
V1,2011,2011-11-04,rut.cha,p0103,bombil10,i0206,10:20,40,3,enzo
V1,2008,2008-10-24,rut.cha,p0103,api.mel,i0070,12:42:00,falta,2,Nachu
V1,2008,2008-09-24,rut.cha,p0103,pla.sp1,i0046,13:15:00,43,1,Nachu
V1,2011,2011-10-18,rut.cha,p0103,NA,NA,12:14,60,0,enzo
V1,2008,2008-10-24,rut.cha,p0103,api.mel,i0070,11:40:00,500,17,Diego
V4,2011,2011-11-11,rut.cha,p0103,NA,NA,12:59,25,0,enzo
V1,2008,2008-10-10,rut.cha,p0103,com.ful,i0059,09:48:00,700,11,Nachu
V1,2008,2008-10-10,rut.cha,p0103,com.ful,i0059,09:48:00,700,11,Nachu
V1,2011,2011-10-21,rut.cha,p0103,aug.sp,i0228,09:55,250,2,nachu
V1,2011,2011-10-21,rut.cha,p0103,NA,NA,09:55,250,2,nachu
V1,2011,2011-10-21,rut.cha,p0103,aug.sp,i0228,09:55,250,2,nachu
V4,2008,2008-10-17,rut.cha,p0103,syr.sp1,i0045,13:49:00,200,4,Nachu
V4,2008,2008-10-17,rut.cha,p0103,com.ful,i0059,13:49:00,200,3,Nachu
V1,2008,2008-10-10,rut.cha,p0103,com.ful,i0059,09:48:00,700,11,Nachu
V1,2011,2011-10-21,rut.cha,p0103,aug.sp,i0228,09:55,250,2,nachu
V1,2011,2011-10-21,rut.cha,p0103,vill.sp1,i0114,09:55,250,1,nachu
V1,2008,2008-10-10,rut.cha,p0103,com.ful,i0059,09:48:00,700,2,Nachu
V1,2008,2008-10-24,rut.cha,p0103,aug.sp,i0228,12:42:00,falta,1,Nachu
V1,2011,2011-10-21,rut.cha,p0103,api.mel,i0070,09:55,250,2,nachu
V1,2011,2011-10-21,rut.cha,p0103,tac.sp10,i0191,09:55,250,1,nachu
V1,2008,2008-10-24,rut.cha,p0103,api.mel,i0070,12:42:00,falta,6,Nachu
V1,2011,2011-10-21,rut.cha,p0103,dih.sp1,i0031,09:55,250,3,nachu
V1,2011,2011-10-21,rut.cha,p0103,NA,NA,09:55,250,3,nachu
V4,2008,2008-10-17,rut.cha,p0103,bombil3,i0069,13:49:00,200,3,Nachu
V1,2008,2008-10-10,rut.cha,p0103,api.mel,i0070,09:48:00,700,2,Nachu
V1,2011,2011-10-21,rut.cha,p0103,aug.sp,i0228,09:55,250,2,nachu
V4,2008,2008-10-17,rut.cha,p0103,api.mel,i0070,13:49:00,200,28,Nachu
V1,2008,2008-09-24,rut.cha,p0103,api.mel,i0070,13:15:00,43,3,Nachu
V1,2008,2008-10-28,rut.cha,p0103,syr.sp1,i0045,09:07:00,1000,1,Nachu
V1,2011,NA,rut.cha,p0103,dih.sp1,i0031,10:01,15,1,enzo
V4,2008,2008-10-17,rut.cha,p0103,api.mel,i0070,13:49:00,200,11,Nachu
V1,2008,2008-10-24,rut.cha,p0103,aug.sp,i0228,12:42:00,falta,3,Nachu
V1,2008,2008-10-24,rut.cha,p0103,api.mel,i0070,12:42:00,falta,12,Nachu
V1,2009,2009-10-28,rut.cha,p0103,exo.sp1,i0068,12:52:00,23,2,nachu
V1,2008,2008-09-24,rut.cha,p0103,com.ful,i0059,13:15:00,43,3,Nachu
V1,2011,2011-11-08,rut.cha,p0103,NA,NA,12:35,30,0,enzo
V1,2008,2008-10-28,rut.cha,p0103,syr.sp1,i0045,09:07:00,1000,2,Nachu
V1,2008,2008-10-24,rut.cha,p0103,bib.sp1,i0137,11:40:00,500,1,Diego
V1,2008,2008-10-24,rut.cha,p0103,api.mel,i0070,11:40:00,500,20,Diego
V1,2011,2011-10-18,rut.cha,p0103,dih.sp1,i0031,12:01,5,3,nachu
V1,2011,NA,rut.cha,p0103,meg.jor,i0298,10:01,15,1,enzo
V1,2011,NA,rut.cha,p0103,tac.sp10,i0191,10:01,15,1,enzo
V1,2008,2008-10-24,rut.cha,p0103,bib.sp1,i0137,12:42:00,falta,1,Nachu
V4,2008,2008-10-17,rut.cha,p0103,com.ful,i0059,13:49:00,200,2,Nachu
V1,2008,2008-10-28,rut.cha,p0103,cop.sp2,i0052,09:07:00,1000,1,Nachu
V1,2011,2011-10-18,rut.cha,p0103,dih.sp1,i0031,12:01,5,1,nachu
V4,2008,2008-10-17,rut.cha,p0103,syr.sp1,i0045,13:49:00,200,2,Nachu
V1,2008,2008-10-10,rut.cha,p0103,com.ful,i0059,09:48:00,700,1,Nachu
V1,2008,2008-10-10,rut.cha,p0103,bombil3,i0069,09:48:00,700,1,Nachu
V1,2011,2011-11-04,rut.cha,p0103,pir.com,i0132,10:20,40,8,enzo
V1,2008,2008-10-24,rut.cha,p0103,com.ful,i0059,12:42:00,falta,1,Nachu
V1,2011,2011-10-21,rut.cha,p0103,meg.L,i0297,09:55,250,2,nachu
V1,2008,2008-10-24,rut.cha,p0103,dih.sp1,i0031,11:33:00,500,1,Diego
V1,2008,2008-10-24,rut.cha,p0103,api.mel,i0070,12:42:00,falta,19,Nachu
V1,2008,2008-10-24,rut.cha,p0103,api.mel,i0070,11:40:00,500,12,Diego
V1,2011,2011-12-02,arg.sub,p0104,dih.sp1,i0031,11:40,1,1,nachu
V4,2011,NA,arg.sub,p0104,str.eur,i0131,12:49,1,1,enzo
V4,2011,NA,arg.sub,p0104,NA,NA,10:43,3,0,julian
V1,2011,2011-12-20,arg.sub,p0104,aug.sp,i0228,09:16,6,1,silvia
V1,2011,2011-11-18,arg.sub,p0104,pse.sp,i0167,08:27,1,1,silvia
V1,2008,2008-12-05,arg.sub,p0104,bom.opi,i0002,09:45:00,12,1,Nachu
V1,2010,2010-11-05,arg.sub,p0104,NA,NA,10:27,2,0,silvia
V1,2008,2008-12-17,arg.sub,p0104,api.mel,i0070,09:35:00,4,2,Nachu
V4,2011,2011-11-11,arg.sub,p0104,NA,NA,09:52,2,0,enzo
V1,2009,2009-10-28,arg.sub,p0104,NA,NA,13:30:00,1,0,nachu
V1,2010,2010-11-19,arg.sub,p0104,NA,NA,10:50,3,0,silvia
V1,2008,2008-11-21,arg.sub,p0104,dih.sp1,i0031,08:28:00,NA,1,Nachu
V1,2011,2011-11-18,arg.sub,p0104,pse.sp,i0167,08:36,4,1,silvia
V1,2011,2011-11-04,arg.sub,p0104,NA,NA,10:04,2,0,enzo
V1,2009,2009-11-11,arg.sub,p0104,NA,NA,11:04:00,4,0,Nachu
V1,2009,2009-11-30,arg.sub,p0104,NA,NA,11:43:00,4,0,Nachu
V1,2011,2011-11-18,arg.sub,p0104,dia.pat,i0164,08:36,4,1,silvia
V1,2008,2008-11-21,arg.sub,p0104,aug.sp,i0228,08:28:00,NA,1,Nachu
V1,2011,NA,arg.sub,p0104,tat.aut,i0076,09:44,2,1,enzo
V1,2011,2011-11-01,arg.sub,p0104,NA,NA,11:21,1,0,enzo
V4,2011,2011-10-21,arg.sub,p0104,dih.sp1,i0031,11:32,2,1,nachu
V4,2011,2011-10-21,arg.sub,p0104,pir.com,i0132,11:32,2,1,nachu
V1,2008,2008-11-11,arg.sub,p0104,bom.opi,i0002,09:16:00,6,1,Nachu
V1,2008,2008-12-05,arg.sub,p0104,NA,NA,09:00:00,3,0,Nachu
V1,2009,2009-11-05,arg.sub,p0104,NA,NA,09:18:00,2,0,Rocio
V4,2011,2011-10-21,arg.sub,p0104,aug.sp,i0228,11:32,2,1,nachu
V1,2011,2011-11-25,arg.sub,p0104,dih.sp1,i0031,12:00,4,1,silvia
V1,2009,2009-11-05,arg.sub,p0104,NA,NA,09:05:00,4,0,Belen
V1,2010,2010-11-10,arg.sub,p0104,NA,NA,12:45,2,0,silvia
V4,2011,2011-12-13,arg.sub,p0104,NA,NA,08:48,5,0,silvia
V1,2011,2011-11-11,arg.sub,p0104,NA,NA,12:12,2,0,silvia
V4,2011,2011-10-21,arg.sub,p0104,dih.sp1,i0031,12:03,2,1,silvia
V1,2008,2008-12-05,arg.sub,p0104,api.mel,i0070,08:43:00,8,1,Nachu
V4,2011,2011-11-08,arg.sub,p0104,NA,NA,09:31,4,0,enzo
V4,2011,2011-11-25,arg.sub,p0104,NA,NA,09:39,3,0,silvia
V1,2008,2008-12-17,arg.sub,p0104,NA,NA,09:22:00,3,0,Nachu
V1,2008,2008-11-21,arg.sub,p0104,dih.sp1,i0031,08:52:00,5,1,Nachu
V1,2008,2008-11-21,arg.sub,p0104,dih.sp1,i0031,08:39:00,3,1,Nachu
V1,2009,2009-11-30,arg.sub,p0104,NA,NA,13:11:00,7,0,Rocio
V1,2011,2011-12-13,arg.sub,p0104,arh.bif,i0020,11:36,4,1,silvia
V1,2008,2008-11-11,arg.sub,p0104,NA,NA,09:29:00,8,0,Nachu
V1,2008,2008-11-21,arg.sub,p0104,aug.sp,i0228,08:39:00,NA,1,Nachu
V4,2011,2011-10-25,arg.sub,p0104,NA,NA,10:15,2,0,enzo
V1,2011,2011-11-25,arg.sub,p0104,aug.sp,i0228,11:52,4,1,silvia
V1,2011,2011-11-18,arg.sub,p0104,pse.sp,i0167,08:36,4,1,silvia
V1,2011,2011-10-25,arg.sub,p0104,aca.arg,i0306,12:45,2,1,nachu
V1,2011,2011-11-29,arg.sub,p0104,dih.sp1,i0031,09:03,2,1,silvia
V1,2011,2011-11-08,arg.sub,p0104,NA,NA,12:28,6,0,enzo
V1,2009,2009-11-11,arg.sub,p0104,NA,NA,10:53:00,1,0,Belen
V1,2008,2008-12-17,arg.sub,p0104,aug.sp,i0228,09:35:00,4,2,Nachu
V1,2008,2008-12-17,arg.sub,p0104,api.mel,i0070,09:35:00,4,3,Nachu
V1,2010,2010-11-26,arg.sub,p0104,NA,NA,10:55:00,2,0,Nachu
V4,2011,2011-11-04,arg.sub,p0104,NA,NA,12:07,1,0,enzo
V1,2011,2011-11-18,arg.sub,p0104,pse.sp,i0167,08:36,4,1,silvia
V1,2008,2008-11-21,arg.sub,p0104,aug.sp,i0228,08:39:00,NA,1,Nachu
V1,2011,2011-12-20,arg.sub,p0104,aug.sp,i0228,09:16,6,1,silvia
V1,2008,2008-11-21,arg.sub,p0104,dih.sp1,i0031,08:28:00,NA,1,Nachu
V1,2011,2011-12-20,arg.sub,p0104,aug.sp,i0228,09:16,3,1,silvia
V1,2008,2008-11-21,arg.sub,p0104,dih.sp1,i0031,08:52:00,5,1,Nachu
V1,2009,2009-11-05,arg.sub,p0104,NA,NA,10:48:00,2,0,Belen
V1,2011,2011-12-20,arg.sub,p0104,NA,NA,09:16,3,0,silvia
V1,2009,2009-11-05,arg.sub,p0104,NA,NA,10:48:00,3,0,Nachu
V4,2011,2011-11-11,arg.sub,p0104,NA,NA,12:52,4,0,enzo
V1,2008,2008-12-05,arg.sub,p0104,aug.sp,i0228,09:31:00,7,2,Nachu
V1,2008,2008-12-05,arg.sub,p0104,api.mel,i0070,09:45:00,12,9,Nachu
V1,2008,2008-11-21,arg.sub,p0104,cos.chi,i0077,08:39:00,NA,1,Nachu
V1,2011,2011-10-28,arg.sub,p0104,NA,NA,09:41,2,0,enzo
V4,2011,NA,arg.sub,p0104,NA,NA,11:45,2,0,julian
V4,2011,2011-10-28,arg.sub,p0104,NA,NA,11:45,1,0,enzo
V1,2011,2011-10-21,arg.sub,p0104,NA,NA,08:53,1,0,silvia
V1,2008,2008-09-24,ver.pol,p0105,NA,NA,12:01:00,2,0,Nachu
V1,2011,2011-09-20,ver.pol,p0105,NA,NA,13:20,2,0,silvia
V4,2009,2009-10-14,ver.pol,p0105,NA,NA,11:10:00,4,0,rocio
V4,2011,2011-09-13,ver.pol,p0105,NA,NA,12:29,2,0,silvia
V4,2009,2009-10-14,ver.pol,p0105,NA,NA,11:35:00,3,0,rocio
V4,2011,2011-10-04,ver.pol,p0105,NA,NA,12:36,6,0,silvia
V4,2009,2009-10-19,ver.pol,p0105,exo.sp1,i0068,11:49:00,7,2,nachu
V4,2011,2011-09-13,ver.pol,p0105,NA,NA,12:38,3,1,silvia
V4,2011,2011-09-13,ver.pol,p0105,NA,NA,12:59,2,0,silvia
V4,2011,2011-09-20,ver.pol,p0105,NA,NA,10:08,1,0,silvia
V1,2009,2009-10-07,ver.pol,p0105,NA,NA,11:13:00,4,0,Belen-rocio
V4,2008,2008-10-07,ver.pol,p0105,bombil3,i0069,12:19:00,20,1,Diego
V4,2011,2011-09-20,ver.pol,p0105,NA,NA,11:00,4,1,silvia
V1,2011,2011-09-20,ver.pol,p0105,tat.aut,i0076,11:42,5,1,silvia
V4,2011,2011-09-13,ver.pol,p0105,syr.sp1,i0045,12:43,6,1,silvia
V4,2009,2009-10-14,ver.pol,p0105,dor.sp1,i0272,11:10:00,10,1,Nachu
V1,2008,2008-09-24,ver.pol,p0105,bombil3,i0069,12:01:00,31,1,Nachu
V1,2009,2009-10-07,ver.pol,p0105,NA,NA,11:13:00,20,0,Belen-rocio
V4,2010,2010-10-14,pol.ste,p0079,NA,NA,10:22:00,16,0,Nachu
V4,2009,2009-10-26,pol.ste,p0079,aug.sp,i0228,12:47:00,120,1,Rocio
V4,2009,2009-10-26,pol.ste,p0079,aud.sp,i0178,12:47:00,120,10,Rocio
V4,2010,2010-10-14,pol.ste,p0079,NA,NA,10:22:00,16,0,Nachu
V4,2009,2009-10-26,pol.ste,p0079,api.mel,i0070,12:47:00,120,2,Rocio
V4,2009,2009-10-26,pol.ste,p0079,meg.C,i0140,12:47:00,120,1,Rocio
V4,2009,2009-10-05,med.lup,p0085,NA,NA,13:18:00,9,0,Belen-rocio
V4,2009,2009-10-05,med.lup,p0085,NA,NA,13:45:00,9,0,Belen-rocio
V4,2009,2009-10-19,med.lup,p0085,NA,NA,11:49:00,6,0,nachu
V4,2009,2009-10-05,lap.red,p0102,NA,NA,14:05:00,4,0,Belen-rocio
V4,2009,2009-10-05,lap.red,p0102,NA,NA,14:17:00,8,0,Belen-rocio
V4,2009,2009-10-12,lap.red,p0102,NA,NA,10:34:00,23,0,Belen-rocio
V4,2009,2009-10-05,lap.red,p0102,NA,NA,13:28:00,3,0,Belen-rocio
V4,2011,2011-09-20,lap.red,p0102,NA,NA,10:01,24,0,silvia
V4,2009,2009-10-05,lap.red,p0102,NA,NA,13:38:00,4,0,Belen-rocio
V4,2009,2009-10-21,lap.red,p0102,NA,NA,10:35:00,2,0,rocio
V4,2011,2011-10-04,lap.red,p0102,NA,NA,11:53,150,0,silvia
V4,2009,2009-10-19,lap.red,p0102,NA,NA,11:54:00,25,0,rocio
V4,2010,2010-10-22,bre.mic,p0107,api.mel,i0070,14:21,2000,100,silvia
V4,2009,2009-11-18,bre.mic,p0107,NA,NA,13:53:00,1200,0,Nachu
V4,2010,2010-10-22,bre.mic,p0107,api.mel,i0070,14:21,2000,60,silvia
V4,2010,2010-10-22,bre.mic,p0107,api.mel,i0070,14:21,2000,60,silvia
V4,2010,2010-10-06,bre.mic,p0107,NA,NA,11:01,40,0,silvia
V4,2010,2010-10-22,bre.mic,p0107,api.mel,i0070,14:21,2000,100,silvia
V4,2010,2010-10-22,bre.mic,p0107,api.mel,i0070,14:21,2000,40,silvia
V1,2010,2010-11-26,tri.cac,p0074,NA,NA,11:25:00,10,0,Nachu
NA,NA,NA,ech.leu,p0100,NA,NA,NA,NA,NA,NA
V4,2011,2011-10-11,oen.odo,p0073,NA,NA,10:15,1,0,silvia
V4,2011,2011-10-28,oen.odo,p0073,NA,NA,11:43,5,0,silvia
V4,2011,2011-10-04,oen.odo,p0073,NA,NA,13:38,1,0,silvia
V1,2011,2011-10-04,cri.sp1,p0130,dih.sp1,i0031,09:44,6,3,silvia
V1,2011,2011-11-29,ero.sp1,p0135,dih.sp1,i0031,09:45,22,4,silvia
V4,2011,NA,ero.sp1,p0135,ise.vac,i0106,13:15,50,1,enzo
V4,2011,NA,ero.sp1,p0135,meg.jor,i0298,13:15,50,1,enzo
V4,2011,2011-10-04,ero.sp1,p0135,NA,NA,11:53,11,2,silvia
V4,2011,2011-10-11,ero.sp1,p0135,NA,NA,11:01,8,0,silvia
V4,2011,2011-10-04,ero.sp1,p0135,pir.com,i0132,11:18,4,1,silvia
V1,2011,2011-11-29,ero.sp1,p0135,ant.dec,i0043,09:45,22,1,silvia
V1,2011,2011-11-29,ero.sp1,p0135,dih.sp1,i0031,09:45,22,3,silvia
V4,2011,2011-10-04,ero.sp1,p0135,NA,NA,11:18,4,1,silvia
V4,2011,2011-10-04,ero.sp1,p0135,meg.L,i0297,12:36,7,2,silvia
V1,2011,2011-11-29,ero.sp1,p0135,dih.sp1,i0031,09:45,22,2,silvia
V4,2011,2011-10-28,ero.sp1,p0135,pir.com,i0132,11:58,15,2,silvia
V4,2011,NA,ero.sp1,p0135,tac.sp10,i0191,13:15,50,2,enzo
V1,2011,2011-11-29,ero.sp1,p0135,dih.sp1,i0031,09:45,22,4,silvia
V4,2011,2011-12-13,tri.str,p0136,tri.lat,i0098,10:09,1,1,nachu
V4,2011,2011-12-13,tri.str,p0136,NA,NA,10:09,1,0,nachu
NA,NA,NA,por.ech,p0005,NA,NA,NA,NA,NA,NA
NA,NA,NA,ste.gil,p0010,NA,NA,NA,NA,NA,NA
NA,NA,NA,all.inc,p0013,NA,NA,NA,NA,NA,NA
NA,NA,NA,art.men,p0014,NA,NA,NA,NA,NA,NA
NA,NA,NA,hel.men,p0016,NA,NA,NA,NA,NA,NA
NA,NA,NA,ver.sp1,p0029,NA,NA,NA,NA,NA,NA
NA,NA,NA,eup.bun,p0030,NA,NA,NA,NA,NA,NA
NA,NA,NA,sol.atr,p0053,NA,NA,NA,NA,NA,NA
NA,NA,NA,eph.sp1,p0063,NA,NA,NA,NA,NA,NA
NA,NA,NA,pol.sp1,p0064,NA,NA,NA,NA,NA,NA
NA,NA,NA,pha.art,p0066,NA,NA,NA,NA,NA,NA
NA,NA,NA,hel.sp1,p0067,NA,NA,NA,NA,NA,NA
NA,NA,NA,gla.sp1,p0068,NA,NA,NA,NA,NA,NA
NA,NA,NA,gla.sp2,p0071,NA,NA,NA,NA,NA,NA
NA,NA,NA,Lyc.sp1,p0075,NA,NA,NA,NA,NA,NA
NA,NA,NA,gam.bon,p0076,NA,NA,NA,NA,NA,NA
NA,NA,NA,ade.lep,p0077,NA,NA,NA,NA,NA,NA
NA,NA,NA,xan.sp1,p0078,NA,NA,NA,NA,NA,NA
NA,NA,NA,cal.gil,p0080,NA,NA,NA,NA,NA,NA
NA,NA,NA,eup.pat,p0082,NA,NA,NA,NA,NA,NA
NA,NA,NA,che.sp1,p0083,NA,NA,NA,NA,NA,NA
NA,NA,NA,sen.sp1,p0084,NA,NA,NA,NA,NA,NA
NA,NA,NA,sal.ver,p0086,NA,NA,NA,NA,NA,NA
NA,NA,NA,lot.sp1,p0087,NA,NA,NA,NA,NA,NA
NA,NA,NA,gna.sp1,p0089,NA,NA,NA,NA,NA,NA
NA,NA,NA,car.sp1,p0090,NA,NA,NA,NA,NA,NA
NA,NA,NA,sal.kal,p0092,NA,NA,NA,NA,NA,NA
NA,NA,NA,den.rho,p0093,NA,NA,NA,NA,NA,NA
NA,NA,NA,lob.for,p0094,NA,NA,NA,NA,NA,NA
NA,NA,NA,eup.col,p0095,NA,NA,NA,NA,NA,NA
NA,NA,NA,ber.gre,p0096,NA,NA,NA,NA,NA,NA
NA,NA,NA,mon.dyc,p0097,NA,NA,NA,NA,NA,NA
NA,NA,NA,ant.maj,p0098,NA,NA,NA,NA,NA,NA
NA,NA,NA,col.int,p0099,NA,NA,NA,NA,NA,NA
NA,NA,NA,hof.er2,p0101,NA,NA,NA,NA,NA,NA
NA,NA,NA,apio,p0108,NA,NA,NA,NA,NA,NA
NA,NA,NA,C,p0109,NA,NA,NA,NA,NA,NA
NA,NA,NA,sim.pol,p0110,NA,NA,NA,NA,NA,NA
NA,NA,NA,hoff.sp,p0111,NA,NA,NA,NA,NA,NA
NA,NA,NA,lar.spp,p0112,NA,NA,NA,NA,NA,NA
NA,NA,NA,lyc.spp,p0113,NA,NA,NA,NA,NA,NA
NA,NA,NA,sim.ero,p0114,NA,NA,NA,NA,NA,NA
NA,NA,NA,sim.lec,p0115,NA,NA,NA,NA,NA,NA
NA,NA,NA,sp.2,p0117,NA,NA,NA,NA,NA,NA
NA,NA,NA,sp.fc,p0118,NA,NA,NA,NA,NA,NA
NA,NA,NA,mar.lec,p0119,NA,NA,NA,NA,NA,NA
NA,NA,NA,yuyo,p0120,NA,NA,NA,NA,NA,NA
NA,NA,NA,con.bco,p0121,NA,NA,NA,NA,NA,NA
NA,NA,NA,sim.lsp,p0122,NA,NA,NA,NA,NA,NA
NA,NA,NA,can.sp1,p0123,NA,NA,NA,NA,NA,NA
NA,NA,NA,pue.pro,p0124,NA,NA,NA,NA,NA,NA
NA,NA,NA,sim.pha,p0125,NA,NA,NA,NA,NA,NA
NA,NA,NA,mut.sp,p0126,NA,NA,NA,NA,NA,NA
NA,NA,NA,sol.kur,p0127,NA,NA,NA,NA,NA,NA
NA,NA,NA,lig.cun,p0128,NA,NA,NA,NA,NA,NA
NA,NA,NA,hya.arg,p0129,NA,NA,NA,NA,NA,NA
NA,NA,NA,gut.sp1,p0131,NA,NA,NA,NA,NA,NA
NA,NA,NA,zep.fil,p0132,NA,NA,NA,NA,NA,NA
NA,NA,NA,bac.sal,p0133,NA,NA,NA,NA,NA,NA
NA,NA,NA,tag.sp1,p0134,NA,NA,NA,NA,NA,NA
NA,NA,NA,NA,NA,dih.sp2,i0143,NA,NA,NA,NA
NA,NA,NA,NA,NA,0,0,NA,NA,NA,NA
NA,NA,NA,NA,NA,col.sp4,i0027,NA,NA,NA,NA
NA,NA,NA,NA,NA,meg.sp7,i0041,NA,NA,NA,NA
NA,NA,NA,NA,NA,coe.cam,i0042,NA,NA,NA,NA
NA,NA,NA,NA,NA,pipunc1,i0054,NA,NA,NA,NA
NA,NA,NA,NA,NA,strati1,i0056,NA,NA,NA,NA
NA,NA,NA,NA,NA,ocy.sp1,i0058,NA,NA,NA,NA
NA,NA,NA,NA,NA,pel.sp1,i0061,NA,NA,NA,NA
NA,NA,NA,NA,NA,camp.sp1,i0063,NA,NA,NA,NA
NA,NA,NA,NA,NA,cop.sp1,i0250,NA,NA,NA,NA
NA,NA,NA,NA,NA,acal.sp1,i0066,NA,NA,NA,NA
NA,NA,NA,NA,NA,insect.nn,i0078,NA,NA,NA,NA
NA,NA,NA,NA,NA,mou.sp2,i0102,NA,NA,NA,NA
NA,NA,NA,NA,NA,aca.sp1,i0113,NA,NA,NA,NA
NA,NA,NA,NA,NA,tach.sp1,i0117,NA,NA,NA,NA
NA,NA,NA,NA,NA,tac.sp3,i0118,NA,NA,NA,NA
V4,2010,2010-10-14,NA,NA,NA,NA,10:03:00,100,3,Nachu
NA,NA,NA,NA,NA,aug.sp1,i0021,NA,NA,NA,NA
NA,NA,NA,NA,NA,mon.sp1,i0122,NA,NA,NA,NA
NA,NA,NA,NA,NA,ich.sp1,i0124,NA,NA,NA,NA
NA,NA,NA,NA,NA,hip.sp1,i0125,NA,NA,NA,NA
NA,NA,NA,NA,NA,phe.spi,i0129,NA,NA,NA,NA
NA,NA,NA,NA,NA,sar.sp2,i0134,NA,NA,NA,NA
NA,NA,NA,NA,NA,tab.sp1,i0135,NA,NA,NA,NA
NA,NA,NA,NA,NA,meg.sp9,i0142,NA,NA,NA,NA
NA,NA,NA,NA,NA,mor.sp1,i0146,NA,NA,NA,NA
NA,NA,NA,NA,NA,meli.sp1,i0148,NA,NA,NA,NA
NA,NA,NA,NA,NA,ant.esp,i0149,NA,NA,NA,NA
NA,NA,NA,NA,NA,lepid8,i0151,NA,NA,NA,NA
NA,NA,NA,NA,NA,the.sp2,i0152,NA,NA,NA,NA
NA,NA,NA,NA,NA,coleop1,i0153,NA,NA,NA,NA
NA,NA,NA,NA,NA,meg.sp8,i0141,NA,NA,NA,NA
NA,NA,NA,NA,NA,chr.sp1,i0156,NA,NA,NA,NA
NA,NA,NA,NA,NA,car.sp1,i0157,NA,NA,NA,NA
NA,NA,NA,NA,NA,colep3,i0158,NA,NA,NA,NA
NA,NA,NA,NA,NA,Leu.sp1,i0159,NA,NA,NA,NA
NA,NA,NA,NA,NA,tho.sp1,i0160,NA,NA,NA,NA
NA,NA,NA,NA,NA,ves.sp1,i0161,NA,NA,NA,NA
NA,NA,NA,NA,NA,col.ful,i0173,NA,NA,NA,NA
NA,NA,NA,NA,NA,lip.sp1,i0174,NA,NA,NA,NA
NA,NA,NA,NA,NA,nyc.aco,i0176,NA,NA,NA,NA
NA,NA,NA,NA,NA,iss.lat,i0177,NA,NA,NA,NA
NA,NA,NA,NA,NA,lepid10,i0179,NA,NA,NA,NA
NA,NA,NA,NA,NA,acal.sp3,i0181,NA,NA,NA,NA
NA,NA,NA,NA,NA,sar.chl,i0163,NA,NA,NA,NA
NA,NA,NA,NA,NA,fan.sp1,i0185,NA,NA,NA,NA
NA,NA,NA,NA,NA,emp.sp3,i0187,NA,NA,NA,NA
NA,NA,NA,NA,NA,tac.sp7,i0189,NA,NA,NA,NA
NA,NA,NA,NA,NA,tac.sp9,i0190,NA,NA,NA,NA
NA,NA,NA,NA,NA,tac.sp12,i0193,NA,NA,NA,NA
NA,NA,NA,NA,NA,tac.sp16,i0197,NA,NA,NA,NA
NA,NA,NA,NA,NA,tac.sp18,i0200,NA,NA,NA,NA
NA,NA,NA,NA,NA,cal.vic,i0201,NA,NA,NA,NA
NA,NA,NA,NA,NA,sar.sp3,i0203,NA,NA,NA,NA
NA,NA,NA,NA,NA,sar.sp4,i0204,NA,NA,NA,NA
NA,NA,NA,NA,NA,bombil13,i0209,NA,NA,NA,NA
V4,2010,2010-10-14,NA,NA,NA,NA,10:03:00,100,3,Nachu
NA,NA,NA,NA,NA,meg.sp5,i0024,NA,NA,NA,NA
NA,NA,NA,NA,NA,col.sp3,i0025,NA,NA,NA,NA
NA,NA,NA,NA,NA,aug.sp2,i0026,NA,NA,NA,NA
NA,NA,NA,NA,NA,coe.sp3,i0226,NA,NA,NA,NA
NA,NA,NA,NA,NA,hym.sp10,i0227,NA,NA,NA,NA
NA,NA,NA,NA,NA,lip.sab,i0233,NA,NA,NA,NA
NA,NA,NA,NA,NA,meg.sp11,i0234,NA,NA,NA,NA
NA,NA,NA,NA,NA,meg.sp13,i0236,NA,NA,NA,NA
NA,NA,NA,NA,NA,coe.sp4,i0240,NA,NA,NA,NA
V4,2010,2010-11-05,NA,NA,NA,NA,11:40,10,0,silvia
NA,NA,NA,NA,NA,allo.sp6,i0246,NA,NA,NA,NA
NA,NA,NA,NA,NA,tac.sp11,i0192,NA,NA,NA,NA
NA,NA,NA,NA,NA,tac.sp13,i0194,NA,NA,NA,NA
NA,NA,NA,NA,NA,melo.sp1,i0269,NA,NA,NA,NA
NA,NA,NA,NA,NA,hym.sp5,i0270,NA,NA,NA,NA
NA,NA,NA,NA,NA,anth.sp1,i0271,NA,NA,NA,NA
V1,2010,2010-11-10,NA,NA,NA,NA,13:01,300,0,silvia
NA,NA,NA,NA,NA,mou.tri,i0274,NA,NA,NA,NA
NA,NA,NA,NA,NA,col.sp2,i0292,NA,NA,NA,NA
NA,NA,NA,NA,NA,meg.men,i0296,NA,NA,NA,NA
NA,NA,NA,NA,NA,meg.tri,i0311,NA,NA,NA,NA
NA,NA,NA,NA,NA,psa.sp3,i0312,NA,NA,NA,NA
NA,NA,NA,NA,NA,exom.sp,i0314,NA,NA,NA,NA
NA,NA,NA,NA,NA,tac.sp14,i0195,NA,NA,NA,NA
NA,NA,NA,NA,NA,luc.ser,i0162,NA,NA,NA,NA
NA,NA,NA,NA,NA,meg.sp10,i0211,NA,NA,NA,NA
NA,NA,NA,NA,NA,epa.sp1,i0328,NA,NA,NA,NA
NA,NA,NA,NA,NA,dip.sp1,i0213,NA,NA,NA,NA
NA,NA,NA,NA,NA,ner.sp1,i0184,NA,NA,NA,NA
NA,NA,NA,NA,NA,col.gly,i0223,NA,NA,NA,NA
NA,NA,NA,NA,NA,meg.sp12,i0235,NA,NA,NA,NA
NA,NA,NA,NA,NA,meg.sp14,i0237,NA,NA,NA,NA
NA,NA,NA,NA,NA,hym.sp1,i0083,NA,NA,NA,NA
NA,NA,NA,NA,NA,syr.sp4,i0065,NA,NA,NA,NA
NA,NA,NA,NA,NA,cop.smi,i0252,NA,NA,NA,NA
NA,NA,NA,NA,NA,hym.sp2,i0091,NA,NA,NA,NA
NA,NA,NA,NA,NA,epi.sp2,i0273,NA,NA,NA,NA
NA,NA,NA,NA,NA,tac.sp2,i0120,NA,NA,NA,NA
NA,NA,NA,NA,NA,dih.sp,i0229,NA,NA,NA,NA
NA,NA,NA,NA,NA,dih.sp3,i0326,NA,NA,NA,NA
NA,NA,NA,NA,NA,tac.sp4,i0119,NA,NA,NA,NA
NA,NA,NA,NA,NA,cal.arg,i0224,NA,NA,NA,NA
NA,NA,NA,NA,NA,meg.cap,i0210,NA,NA,NA,NA
NA,NA,NA,NA,NA,cop.sp4,i0251,NA,NA,NA,NA
NA,NA,NA,NA,NA,meg.alb,i0325,NA,NA,NA,NA
NA,NA,NA,NA,NA,meg.cin,i0155,NA,NA,NA,NA
NA,NA,NA,NA,NA,allo.sp5,i0245,NA,NA,NA,NA
NA,NA,NA,NA,NA,sph.sp4,i0267,NA,NA,NA,NA
NA,NA,NA,NA,NA,hemip8,i0218,NA,NA,NA,NA
NA,NA,NA,NA,NA,ves.sp2,i0266,NA,NA,NA,NA
