"ID","plantas","especie","interaccion"
"M_075.1","Antidesma.madagascariense","Agathidinae.sp",0
"M_075.1","Antidesma.madagascariense","Ahasverus.advena.Waltle",0
"M_075.1","Antidesma.madagascariense","Allograpta.nasuta.Marquart",0
"M_075.1","Antidesma.madagascariense","Apis.mellifera.Linnaeus",0
"M_075.1","Antidesma.madagascariense","Atherigona.orientalis.Schiner",0
"M_075.1","Antidesma.madagascariense","Brachymyrmex.sp",0
"M_075.1","Antidesma.madagascariense","Calopsilia.florella.Fabricius",0
"M_075.1","Antidesma.madagascariense","Campopleginae.sp1",0
"M_075.1","Antidesma.madagascariense","Cerambycidae.sp1",0
"M_075.1","Antidesma.madagascariense","Cerambycidae.sp2",0
"M_075.1","Antidesma.madagascariense","Cerambycidae.sp3",0
"M_075.1","Antidesma.madagascariense","Ceratitis.roas.Karsch",0
"M_075.1","Antidesma.madagascariense","Chaetocnema.sp1",0.4
"M_075.1","Antidesma.madagascariense","Cheloninae.sp1",0
"M_075.1","Antidesma.madagascariense","Cheloninae.sp3",0
"M_075.1","Antidesma.madagascariense","Chrysomya.megacephala.Fabricius",0
"M_075.1","Antidesma.madagascariense","Cixiidae.sp1",0
"M_075.1","Antidesma.madagascariense","Cixiidae.sp2",0
"M_075.1","Antidesma.madagascariense","Cotesia.sp1",0
"M_075.1","Antidesma.madagascariense","Cratopus.psittacus.Faimaire",0
"M_075.1","Antidesma.madagascariense","Cryptocephalinae.sp1",0
"M_075.1","Antidesma.madagascariense","Dasytinae.sp1",0
"M_075.1","Antidesma.madagascariense","Dioxyna.sororcula.Wiedemann",0
"M_075.1","Antidesma.madagascariense","Diptera.sp2",0
"M_075.1","Antidesma.madagascariense","Diptera.sp3",0
"M_075.1","Antidesma.madagascariense","Dysauxes.florida.Joan",0.0666666667
"M_075.1","Antidesma.madagascariense","Episyrphus.sp.near.circularis.Hull",0
"M_075.1","Antidesma.madagascariense","Eristalinus.flaveolus.Bigot",0
"M_075.1","Antidesma.madagascariense","Eumolpinae.sp2",0
"M_075.1","Antidesma.madagascariense","Eumolpinae.sp3",0
"M_075.1","Antidesma.madagascariense","Eurytonidae.sp1",0
"M_075.1","Antidesma.madagascariense","Fannia.pusio.Wiedemann",0
"M_075.1","Antidesma.madagascariense","Gelechioidea.sp1",0
"M_075.1","Antidesma.madagascariense","Gelechioidea.sp2",0
"M_075.1","Antidesma.madagascariense","Gelechioidea.sp3",0
"M_075.1","Antidesma.madagascariense","Goniurellia.or.Dectodes.sp",0
"M_075.1","Antidesma.madagascariense","Graphomya.maculata.Scopoli",0
"M_075.1","Antidesma.madagascariense","Henotesia.narcissus.Fabricius",0
"M_075.1","Antidesma.madagascariense","Hippotion.eson.Cramer",0
"M_075.1","Antidesma.madagascariense","Homoneura.sp2",0
"M_075.1","Antidesma.madagascariense","Homoneura.sp3",0
"M_075.1","Antidesma.madagascariense","Hydrotaea.fuliginosa.Robineau.Desvoidy",0
"M_075.1","Antidesma.madagascariense","Ischiodon.aegyptius.Wiedemann",0
"M_075.1","Antidesma.madagascariense","Lecithoceridae.sp1",0
"M_075.1","Antidesma.madagascariense","Leptotes.pirithous.Linnaeus",0
"M_075.1","Antidesma.madagascariense","Limnophora.quaterna.Loew",0
"M_075.1","Antidesma.madagascariense","Lygaeidae.sp2",0
"M_075.1","Antidesma.madagascariense","Lygaeidae.sp3",0
"M_075.1","Antidesma.madagascariense","Lygaeidae.sp5",0
"M_075.1","Antidesma.madagascariense","Lygistorrhina.sp",0
"M_075.1","Antidesma.madagascariense","Macroglossum.milvus.Boisduval",0
"M_075.1","Antidesma.madagascariense","Mauritiborium.undulatus",0
"M_075.1","Antidesma.madagascariense","Melanagromyza.sojae.Zehntner",0
"M_075.1","Antidesma.madagascariense","Melanostoma.annulipes.Macquart",0
"M_075.1","Antidesma.madagascariense","Melanostoma.bituberculatum.Loew",0
"M_075.1","Antidesma.madagascariense","Miridae.sp1",0
"M_075.1","Antidesma.madagascariense","Mordellidae.sp1",0
"M_075.1","Antidesma.madagascariense","Mordellidae.sp2",0
"M_075.1","Antidesma.madagascariense","Mordellidae.sp3",0
"M_075.1","Antidesma.madagascariense","Musca.confiscata.Speiser",0
"M_075.1","Antidesma.madagascariense","Musca.domestica.Linnaeus",0
"M_075.1","Antidesma.madagascariense","Nacoleia.sp1",0
"M_075.1","Antidesma.madagascariense","Nacoleia.sp2",0
"M_075.1","Antidesma.madagascariense","Nitidulidae.sp1",0
"M_075.1","Antidesma.madagascariense","Nyctemera.insulare.Boisduval",0
"M_075.1","Antidesma.madagascariense","Ophyra.capensis.Wiedemann",0
"M_075.1","Antidesma.madagascariense","Orchisia.costata.Meigen",0
"M_075.1","Antidesma.madagascariense","Ornidia.obesa.Fabricius",0
"M_075.1","Antidesma.madagascariense","Orthellia.albigena.Stein",0
"M_075.1","Antidesma.madagascariense","Pachycerina.crinicornis.Thomson",0.2
"M_075.1","Antidesma.madagascariense","Palexorista.sp1",0
"M_075.1","Antidesma.madagascariense","Panara.naso.Fabricius",0
"M_075.1","Antidesma.madagascariense","Paragus.borbonicus.Macquart",0
"M_075.1","Antidesma.madagascariense","Pelecophora.intemipta.All",0
"M_075.1","Antidesma.madagascariense","Phalanta.phalantha.Drury",0
"M_075.1","Antidesma.madagascariense","Pheidole.megacephala.Fabricius",0
"M_075.1","Antidesma.madagascariense","Phelsuma.cepediana.Merrem",0
"M_075.1","Antidesma.madagascariense","Phorinia.sp",0
"M_075.1","Antidesma.madagascariense","Polistes.hebraeus.Fabricius",0
"M_075.1","Antidesma.madagascariense","Psyllidae.sp2",0
"M_075.1","Antidesma.madagascariense","Sapromyza.sp.near..nudiuscula.Lamb",0
"M_075.1","Antidesma.madagascariense","Sarcophaga.arno.Curran",0
"M_075.1","Antidesma.madagascariense","Scatopsidae.sp",0
"M_075.1","Antidesma.madagascariense","Scirtidae.sp1",0
"M_075.1","Antidesma.madagascariense","Scirtidae.sp2",0
"M_075.1","Antidesma.madagascariense","Scolia.carniflex.Coquillett",0
"M_075.1","Antidesma.madagascariense","Scopariinae.sp",0
"M_075.1","Antidesma.madagascariense","Simulium.Byssodon.sp2",0
"M_075.1","Antidesma.madagascariense","Siphona.sp",0
"M_075.1","Antidesma.madagascariense","Stomorhina.lunata.Fabricius",0
"M_075.1","Antidesma.madagascariense","Stomoxys.calcitrans.Linnaeus",0
"M_075.1","Antidesma.madagascariense","Stomoxys.niger.Macquart",0
"M_075.1","Antidesma.madagascariense","Syritta.bulbus.Walker",0
"M_075.1","Antidesma.madagascariense","Syritta.nigrofemorata.Macquart",0
"M_075.1","Antidesma.madagascariense","Syritta.spnear.abyssinica.Rondani",0
"M_075.1","Antidesma.madagascariense","Technomyrmex.albipes.Smith",2.8
"M_075.1","Antidesma.madagascariense","Thelairodrino.sp",0
"M_075.1","Antidesma.madagascariense","Thysanoplusia.orichalcea.Fabricius",0
"M_075.1","Antidesma.madagascariense","Villa.unifasciata.Macquart",0.2
"M_075.1","Antidesma.madagascariense","Zosterops.mauritianus.Gmelin",0
"M_075.1","Antirhea.borbonica","Agathidinae.sp",0
"M_075.1","Antirhea.borbonica","Ahasverus.advena.Waltle",0
"M_075.1","Antirhea.borbonica","Allograpta.nasuta.Marquart",0.7307936508
"M_075.1","Antirhea.borbonica","Apis.mellifera.Linnaeus",0.08
"M_075.1","Antirhea.borbonica","Atherigona.orientalis.Schiner",0
"M_075.1","Antirhea.borbonica","Brachymyrmex.sp",0
"M_075.1","Antirhea.borbonica","Calopsilia.florella.Fabricius",0
"M_075.1","Antirhea.borbonica","Campopleginae.sp1",0
"M_075.1","Antirhea.borbonica","Cerambycidae.sp1",0
"M_075.1","Antirhea.borbonica","Cerambycidae.sp2",0
"M_075.1","Antirhea.borbonica","Cerambycidae.sp3",0
"M_075.1","Antirhea.borbonica","Ceratitis.roas.Karsch",0
"M_075.1","Antirhea.borbonica","Chaetocnema.sp1",0.2105263158
"M_075.1","Antirhea.borbonica","Cheloninae.sp1",0
"M_075.1","Antirhea.borbonica","Cheloninae.sp3",0
"M_075.1","Antirhea.borbonica","Chrysomya.megacephala.Fabricius",0
"M_075.1","Antirhea.borbonica","Cixiidae.sp1",0
"M_075.1","Antirhea.borbonica","Cixiidae.sp2",0
"M_075.1","Antirhea.borbonica","Cotesia.sp1",0
"M_075.1","Antirhea.borbonica","Cratopus.psittacus.Faimaire",0
"M_075.1","Antirhea.borbonica","Cryptocephalinae.sp1",0
"M_075.1","Antirhea.borbonica","Dasytinae.sp1",0
"M_075.1","Antirhea.borbonica","Dioxyna.sororcula.Wiedemann",0
"M_075.1","Antirhea.borbonica","Diptera.sp2",0
"M_075.1","Antirhea.borbonica","Diptera.sp3",0
"M_075.1","Antirhea.borbonica","Dysauxes.florida.Joan",0
"M_075.1","Antirhea.borbonica","Episyrphus.sp.near.circularis.Hull",0
"M_075.1","Antirhea.borbonica","Eristalinus.flaveolus.Bigot",0.1111111111
"M_075.1","Antirhea.borbonica","Eumolpinae.sp2",0
"M_075.1","Antirhea.borbonica","Eumolpinae.sp3",0
"M_075.1","Antirhea.borbonica","Eurytonidae.sp1",0
"M_075.1","Antirhea.borbonica","Fannia.pusio.Wiedemann",0
"M_075.1","Antirhea.borbonica","Gelechioidea.sp1",0
"M_075.1","Antirhea.borbonica","Gelechioidea.sp2",0
"M_075.1","Antirhea.borbonica","Gelechioidea.sp3",0
"M_075.1","Antirhea.borbonica","Goniurellia.or.Dectodes.sp",0
"M_075.1","Antirhea.borbonica","Graphomya.maculata.Scopoli",0
"M_075.1","Antirhea.borbonica","Henotesia.narcissus.Fabricius",0
"M_075.1","Antirhea.borbonica","Hippotion.eson.Cramer",0
"M_075.1","Antirhea.borbonica","Homoneura.sp2",0
"M_075.1","Antirhea.borbonica","Homoneura.sp3",0
"M_075.1","Antirhea.borbonica","Hydrotaea.fuliginosa.Robineau.Desvoidy",0
"M_075.1","Antirhea.borbonica","Ischiodon.aegyptius.Wiedemann",0
"M_075.1","Antirhea.borbonica","Lecithoceridae.sp1",0
"M_075.1","Antirhea.borbonica","Leptotes.pirithous.Linnaeus",0
"M_075.1","Antirhea.borbonica","Limnophora.quaterna.Loew",0
"M_075.1","Antirhea.borbonica","Lygaeidae.sp2",0
"M_075.1","Antirhea.borbonica","Lygaeidae.sp3",0
"M_075.1","Antirhea.borbonica","Lygaeidae.sp5",0
"M_075.1","Antirhea.borbonica","Lygistorrhina.sp",0
"M_075.1","Antirhea.borbonica","Macroglossum.milvus.Boisduval",0
"M_075.1","Antirhea.borbonica","Mauritiborium.undulatus",0
"M_075.1","Antirhea.borbonica","Melanagromyza.sojae.Zehntner",0
"M_075.1","Antirhea.borbonica","Melanostoma.annulipes.Macquart",0
"M_075.1","Antirhea.borbonica","Melanostoma.bituberculatum.Loew",0
"M_075.1","Antirhea.borbonica","Miridae.sp1",0
"M_075.1","Antirhea.borbonica","Mordellidae.sp1",0
"M_075.1","Antirhea.borbonica","Mordellidae.sp2",0
"M_075.1","Antirhea.borbonica","Mordellidae.sp3",0
"M_075.1","Antirhea.borbonica","Musca.confiscata.Speiser",0
"M_075.1","Antirhea.borbonica","Musca.domestica.Linnaeus",0
"M_075.1","Antirhea.borbonica","Nacoleia.sp1",0.866955267
"M_075.1","Antirhea.borbonica","Nacoleia.sp2",0.4329004329
"M_075.1","Antirhea.borbonica","Nitidulidae.sp1",0
"M_075.1","Antirhea.borbonica","Nyctemera.insulare.Boisduval",0
"M_075.1","Antirhea.borbonica","Ophyra.capensis.Wiedemann",0
"M_075.1","Antirhea.borbonica","Orchisia.costata.Meigen",0
"M_075.1","Antirhea.borbonica","Ornidia.obesa.Fabricius",0
"M_075.1","Antirhea.borbonica","Orthellia.albigena.Stein",0
"M_075.1","Antirhea.borbonica","Pachycerina.crinicornis.Thomson",0.3333333333
"M_075.1","Antirhea.borbonica","Palexorista.sp1",0
"M_075.1","Antirhea.borbonica","Panara.naso.Fabricius",0
"M_075.1","Antirhea.borbonica","Paragus.borbonicus.Macquart",0
"M_075.1","Antirhea.borbonica","Pelecophora.intemipta.All",0
"M_075.1","Antirhea.borbonica","Phalanta.phalantha.Drury",0
"M_075.1","Antirhea.borbonica","Pheidole.megacephala.Fabricius",0
"M_075.1","Antirhea.borbonica","Phelsuma.cepediana.Merrem",0
"M_075.1","Antirhea.borbonica","Phorinia.sp",0
"M_075.1","Antirhea.borbonica","Polistes.hebraeus.Fabricius",0
"M_075.1","Antirhea.borbonica","Psyllidae.sp2",0
"M_075.1","Antirhea.borbonica","Sapromyza.sp.near..nudiuscula.Lamb",0
"M_075.1","Antirhea.borbonica","Sarcophaga.arno.Curran",0
"M_075.1","Antirhea.borbonica","Scatopsidae.sp",0
"M_075.1","Antirhea.borbonica","Scirtidae.sp1",0
"M_075.1","Antirhea.borbonica","Scirtidae.sp2",0
"M_075.1","Antirhea.borbonica","Scolia.carniflex.Coquillett",0
"M_075.1","Antirhea.borbonica","Scopariinae.sp",0
"M_075.1","Antirhea.borbonica","Simulium.Byssodon.sp2",0
"M_075.1","Antirhea.borbonica","Siphona.sp",0
"M_075.1","Antirhea.borbonica","Stomorhina.lunata.Fabricius",0.1111111111
"M_075.1","Antirhea.borbonica","Stomoxys.calcitrans.Linnaeus",0
"M_075.1","Antirhea.borbonica","Stomoxys.niger.Macquart",0
"M_075.1","Antirhea.borbonica","Syritta.bulbus.Walker",0
"M_075.1","Antirhea.borbonica","Syritta.nigrofemorata.Macquart",0.1428571429
"M_075.1","Antirhea.borbonica","Syritta.spnear.abyssinica.Rondani",0
"M_075.1","Antirhea.borbonica","Technomyrmex.albipes.Smith",0
"M_075.1","Antirhea.borbonica","Thelairodrino.sp",0
"M_075.1","Antirhea.borbonica","Thysanoplusia.orichalcea.Fabricius",0
"M_075.1","Antirhea.borbonica","Villa.unifasciata.Macquart",0.2155555556
"M_075.1","Antirhea.borbonica","Zosterops.mauritianus.Gmelin",0
"M_075.1","Aphloia.theiformis","Agathidinae.sp",0
"M_075.1","Aphloia.theiformis","Ahasverus.advena.Waltle",0
"M_075.1","Aphloia.theiformis","Allograpta.nasuta.Marquart",0.04
"M_075.1","Aphloia.theiformis","Apis.mellifera.Linnaeus",4.988034188
"M_075.1","Aphloia.theiformis","Atherigona.orientalis.Schiner",0
"M_075.1","Aphloia.theiformis","Brachymyrmex.sp",2.760989011
"M_075.1","Aphloia.theiformis","Calopsilia.florella.Fabricius",0
"M_075.1","Aphloia.theiformis","Campopleginae.sp1",0
"M_075.1","Aphloia.theiformis","Cerambycidae.sp1",0
"M_075.1","Aphloia.theiformis","Cerambycidae.sp2",0
"M_075.1","Aphloia.theiformis","Cerambycidae.sp3",0
"M_075.1","Aphloia.theiformis","Ceratitis.roas.Karsch",0
"M_075.1","Aphloia.theiformis","Chaetocnema.sp1",2.1523809524
"M_075.1","Aphloia.theiformis","Cheloninae.sp1",0
"M_075.1","Aphloia.theiformis","Cheloninae.sp3",0
"M_075.1","Aphloia.theiformis","Chrysomya.megacephala.Fabricius",0.2221862348
"M_075.1","Aphloia.theiformis","Cixiidae.sp1",0
"M_075.1","Aphloia.theiformis","Cixiidae.sp2",0
"M_075.1","Aphloia.theiformis","Cotesia.sp1",0
"M_075.1","Aphloia.theiformis","Cratopus.psittacus.Faimaire",0
"M_075.1","Aphloia.theiformis","Cryptocephalinae.sp1",0
"M_075.1","Aphloia.theiformis","Dasytinae.sp1",0
"M_075.1","Aphloia.theiformis","Dioxyna.sororcula.Wiedemann",0
"M_075.1","Aphloia.theiformis","Diptera.sp2",0
"M_075.1","Aphloia.theiformis","Diptera.sp3",0
"M_075.1","Aphloia.theiformis","Dysauxes.florida.Joan",0.4857142857
"M_075.1","Aphloia.theiformis","Episyrphus.sp.near.circularis.Hull",0
"M_075.1","Aphloia.theiformis","Eristalinus.flaveolus.Bigot",1.1786148062
"M_075.1","Aphloia.theiformis","Eumolpinae.sp2",0
"M_075.1","Aphloia.theiformis","Eumolpinae.sp3",0
"M_075.1","Aphloia.theiformis","Eurytonidae.sp1",0
"M_075.1","Aphloia.theiformis","Fannia.pusio.Wiedemann",0.2
"M_075.1","Aphloia.theiformis","Gelechioidea.sp1",0
"M_075.1","Aphloia.theiformis","Gelechioidea.sp2",0.2222222222
"M_075.1","Aphloia.theiformis","Gelechioidea.sp3",0.2222222222
"M_075.1","Aphloia.theiformis","Goniurellia.or.Dectodes.sp",0
"M_075.1","Aphloia.theiformis","Graphomya.maculata.Scopoli",0
"M_075.1","Aphloia.theiformis","Henotesia.narcissus.Fabricius",0
"M_075.1","Aphloia.theiformis","Hippotion.eson.Cramer",0
"M_075.1","Aphloia.theiformis","Homoneura.sp2",0
"M_075.1","Aphloia.theiformis","Homoneura.sp3",0
"M_075.1","Aphloia.theiformis","Hydrotaea.fuliginosa.Robineau.Desvoidy",0
"M_075.1","Aphloia.theiformis","Ischiodon.aegyptius.Wiedemann",0
"M_075.1","Aphloia.theiformis","Lecithoceridae.sp1",0
"M_075.1","Aphloia.theiformis","Leptotes.pirithous.Linnaeus",0
"M_075.1","Aphloia.theiformis","Limnophora.quaterna.Loew",0
"M_075.1","Aphloia.theiformis","Lygaeidae.sp2",0
"M_075.1","Aphloia.theiformis","Lygaeidae.sp3",0.1333333333
"M_075.1","Aphloia.theiformis","Lygaeidae.sp5",0
"M_075.1","Aphloia.theiformis","Lygistorrhina.sp",0
"M_075.1","Aphloia.theiformis","Macroglossum.milvus.Boisduval",0.1666666667
"M_075.1","Aphloia.theiformis","Mauritiborium.undulatus",0
"M_075.1","Aphloia.theiformis","Melanagromyza.sojae.Zehntner",0
"M_075.1","Aphloia.theiformis","Melanostoma.annulipes.Macquart",2.4721611722
"M_075.1","Aphloia.theiformis","Melanostoma.bituberculatum.Loew",0.5833333333
"M_075.1","Aphloia.theiformis","Miridae.sp1",0
"M_075.1","Aphloia.theiformis","Mordellidae.sp1",0
"M_075.1","Aphloia.theiformis","Mordellidae.sp2",0
"M_075.1","Aphloia.theiformis","Mordellidae.sp3",0.0769230769
"M_075.1","Aphloia.theiformis","Musca.confiscata.Speiser",0
"M_075.1","Aphloia.theiformis","Musca.domestica.Linnaeus",2.7539579719
"M_075.1","Aphloia.theiformis","Nacoleia.sp1",0
"M_075.1","Aphloia.theiformis","Nacoleia.sp2",0
"M_075.1","Aphloia.theiformis","Nitidulidae.sp1",0
"M_075.1","Aphloia.theiformis","Nyctemera.insulare.Boisduval",0
"M_075.1","Aphloia.theiformis","Ophyra.capensis.Wiedemann",0.1666666667
"M_075.1","Aphloia.theiformis","Orchisia.costata.Meigen",0
"M_075.1","Aphloia.theiformis","Ornidia.obesa.Fabricius",0
"M_075.1","Aphloia.theiformis","Orthellia.albigena.Stein",0.3157894737
"M_075.1","Aphloia.theiformis","Pachycerina.crinicornis.Thomson",0.5746031746
"M_075.1","Aphloia.theiformis","Palexorista.sp1",0
"M_075.1","Aphloia.theiformis","Panara.naso.Fabricius",0.7666666667
"M_075.1","Aphloia.theiformis","Paragus.borbonicus.Macquart",0.1052631579
"M_075.1","Aphloia.theiformis","Pelecophora.intemipta.All",0
"M_075.1","Aphloia.theiformis","Phalanta.phalantha.Drury",0
"M_075.1","Aphloia.theiformis","Pheidole.megacephala.Fabricius",0
"M_075.1","Aphloia.theiformis","Phelsuma.cepediana.Merrem",0
"M_075.1","Aphloia.theiformis","Phorinia.sp",0
"M_075.1","Aphloia.theiformis","Polistes.hebraeus.Fabricius",0.2066666667
"M_075.1","Aphloia.theiformis","Psyllidae.sp2",0
"M_075.1","Aphloia.theiformis","Sapromyza.sp.near..nudiuscula.Lamb",0.2857142857
"M_075.1","Aphloia.theiformis","Sarcophaga.arno.Curran",0
"M_075.1","Aphloia.theiformis","Scatopsidae.sp",0
"M_075.1","Aphloia.theiformis","Scirtidae.sp1",0
"M_075.1","Aphloia.theiformis","Scirtidae.sp2",0
"M_075.1","Aphloia.theiformis","Scolia.carniflex.Coquillett",0
"M_075.1","Aphloia.theiformis","Scopariinae.sp",0
"M_075.1","Aphloia.theiformis","Simulium.Byssodon.sp2",0
"M_075.1","Aphloia.theiformis","Siphona.sp",0
"M_075.1","Aphloia.theiformis","Stomorhina.lunata.Fabricius",3.2795604396
"M_075.1","Aphloia.theiformis","Stomoxys.calcitrans.Linnaeus",0.26
"M_075.1","Aphloia.theiformis","Stomoxys.niger.Macquart",0.5714285714
"M_075.1","Aphloia.theiformis","Syritta.bulbus.Walker",0
"M_075.1","Aphloia.theiformis","Syritta.nigrofemorata.Macquart",0
"M_075.1","Aphloia.theiformis","Syritta.spnear.abyssinica.Rondani",0
"M_075.1","Aphloia.theiformis","Technomyrmex.albipes.Smith",5.2360323887
"M_075.1","Aphloia.theiformis","Thelairodrino.sp",0
"M_075.1","Aphloia.theiformis","Thysanoplusia.orichalcea.Fabricius",0
"M_075.1","Aphloia.theiformis","Villa.unifasciata.Macquart",0.9166666667
"M_075.1","Aphloia.theiformis","Zosterops.mauritianus.Gmelin",0
"M_075.1","Ardisia.crenate","Agathidinae.sp",0
"M_075.1","Ardisia.crenate","Ahasverus.advena.Waltle",0
"M_075.1","Ardisia.crenate","Allograpta.nasuta.Marquart",0
"M_075.1","Ardisia.crenate","Apis.mellifera.Linnaeus",0
"M_075.1","Ardisia.crenate","Atherigona.orientalis.Schiner",0
"M_075.1","Ardisia.crenate","Brachymyrmex.sp",0
"M_075.1","Ardisia.crenate","Calopsilia.florella.Fabricius",0
"M_075.1","Ardisia.crenate","Campopleginae.sp1",0
"M_075.1","Ardisia.crenate","Cerambycidae.sp1",0
"M_075.1","Ardisia.crenate","Cerambycidae.sp2",0
"M_075.1","Ardisia.crenate","Cerambycidae.sp3",0
"M_075.1","Ardisia.crenate","Ceratitis.roas.Karsch",0
"M_075.1","Ardisia.crenate","Chaetocnema.sp1",0
"M_075.1","Ardisia.crenate","Cheloninae.sp1",0
"M_075.1","Ardisia.crenate","Cheloninae.sp3",0
"M_075.1","Ardisia.crenate","Chrysomya.megacephala.Fabricius",0
"M_075.1","Ardisia.crenate","Cixiidae.sp1",0
"M_075.1","Ardisia.crenate","Cixiidae.sp2",0
"M_075.1","Ardisia.crenate","Cotesia.sp1",0
"M_075.1","Ardisia.crenate","Cratopus.psittacus.Faimaire",0
"M_075.1","Ardisia.crenate","Cryptocephalinae.sp1",0
"M_075.1","Ardisia.crenate","Dasytinae.sp1",0
"M_075.1","Ardisia.crenate","Dioxyna.sororcula.Wiedemann",0
"M_075.1","Ardisia.crenate","Diptera.sp2",0
"M_075.1","Ardisia.crenate","Diptera.sp3",0
"M_075.1","Ardisia.crenate","Dysauxes.florida.Joan",0
"M_075.1","Ardisia.crenate","Episyrphus.sp.near.circularis.Hull",0
"M_075.1","Ardisia.crenate","Eristalinus.flaveolus.Bigot",0
"M_075.1","Ardisia.crenate","Eumolpinae.sp2",0
"M_075.1","Ardisia.crenate","Eumolpinae.sp3",0
"M_075.1","Ardisia.crenate","Eurytonidae.sp1",0
"M_075.1","Ardisia.crenate","Fannia.pusio.Wiedemann",0
"M_075.1","Ardisia.crenate","Gelechioidea.sp1",0
"M_075.1","Ardisia.crenate","Gelechioidea.sp2",0
"M_075.1","Ardisia.crenate","Gelechioidea.sp3",0
"M_075.1","Ardisia.crenate","Goniurellia.or.Dectodes.sp",0
"M_075.1","Ardisia.crenate","Graphomya.maculata.Scopoli",0
"M_075.1","Ardisia.crenate","Henotesia.narcissus.Fabricius",0
"M_075.1","Ardisia.crenate","Hippotion.eson.Cramer",0
"M_075.1","Ardisia.crenate","Homoneura.sp2",0
"M_075.1","Ardisia.crenate","Homoneura.sp3",0
"M_075.1","Ardisia.crenate","Hydrotaea.fuliginosa.Robineau.Desvoidy",0
"M_075.1","Ardisia.crenate","Ischiodon.aegyptius.Wiedemann",0
"M_075.1","Ardisia.crenate","Lecithoceridae.sp1",0
"M_075.1","Ardisia.crenate","Leptotes.pirithous.Linnaeus",0
"M_075.1","Ardisia.crenate","Limnophora.quaterna.Loew",0
"M_075.1","Ardisia.crenate","Lygaeidae.sp2",0
"M_075.1","Ardisia.crenate","Lygaeidae.sp3",0
"M_075.1","Ardisia.crenate","Lygaeidae.sp5",0
"M_075.1","Ardisia.crenate","Lygistorrhina.sp",0
"M_075.1","Ardisia.crenate","Macroglossum.milvus.Boisduval",0
"M_075.1","Ardisia.crenate","Mauritiborium.undulatus",0
"M_075.1","Ardisia.crenate","Melanagromyza.sojae.Zehntner",0
"M_075.1","Ardisia.crenate","Melanostoma.annulipes.Macquart",0
"M_075.1","Ardisia.crenate","Melanostoma.bituberculatum.Loew",0
"M_075.1","Ardisia.crenate","Miridae.sp1",0
"M_075.1","Ardisia.crenate","Mordellidae.sp1",0
"M_075.1","Ardisia.crenate","Mordellidae.sp2",0
"M_075.1","Ardisia.crenate","Mordellidae.sp3",0
"M_075.1","Ardisia.crenate","Musca.confiscata.Speiser",0
"M_075.1","Ardisia.crenate","Musca.domestica.Linnaeus",0
"M_075.1","Ardisia.crenate","Nacoleia.sp1",0
"M_075.1","Ardisia.crenate","Nacoleia.sp2",0
"M_075.1","Ardisia.crenate","Nitidulidae.sp1",0
"M_075.1","Ardisia.crenate","Nyctemera.insulare.Boisduval",0
"M_075.1","Ardisia.crenate","Ophyra.capensis.Wiedemann",0
"M_075.1","Ardisia.crenate","Orchisia.costata.Meigen",0
"M_075.1","Ardisia.crenate","Ornidia.obesa.Fabricius",0
"M_075.1","Ardisia.crenate","Orthellia.albigena.Stein",0
"M_075.1","Ardisia.crenate","Pachycerina.crinicornis.Thomson",0
"M_075.1","Ardisia.crenate","Palexorista.sp1",0
"M_075.1","Ardisia.crenate","Panara.naso.Fabricius",0
"M_075.1","Ardisia.crenate","Paragus.borbonicus.Macquart",0
"M_075.1","Ardisia.crenate","Pelecophora.intemipta.All",0
"M_075.1","Ardisia.crenate","Phalanta.phalantha.Drury",0
"M_075.1","Ardisia.crenate","Pheidole.megacephala.Fabricius",0
"M_075.1","Ardisia.crenate","Phelsuma.cepediana.Merrem",0
"M_075.1","Ardisia.crenate","Phorinia.sp",0
"M_075.1","Ardisia.crenate","Polistes.hebraeus.Fabricius",0
"M_075.1","Ardisia.crenate","Psyllidae.sp2",0
"M_075.1","Ardisia.crenate","Sapromyza.sp.near..nudiuscula.Lamb",0
"M_075.1","Ardisia.crenate","Sarcophaga.arno.Curran",0
"M_075.1","Ardisia.crenate","Scatopsidae.sp",0
"M_075.1","Ardisia.crenate","Scirtidae.sp1",0
"M_075.1","Ardisia.crenate","Scirtidae.sp2",0
"M_075.1","Ardisia.crenate","Scolia.carniflex.Coquillett",0
"M_075.1","Ardisia.crenate","Scopariinae.sp",0
"M_075.1","Ardisia.crenate","Simulium.Byssodon.sp2",0
"M_075.1","Ardisia.crenate","Siphona.sp",0
"M_075.1","Ardisia.crenate","Stomorhina.lunata.Fabricius",0
"M_075.1","Ardisia.crenate","Stomoxys.calcitrans.Linnaeus",0
"M_075.1","Ardisia.crenate","Stomoxys.niger.Macquart",0
"M_075.1","Ardisia.crenate","Syritta.bulbus.Walker",0
"M_075.1","Ardisia.crenate","Syritta.nigrofemorata.Macquart",0
"M_075.1","Ardisia.crenate","Syritta.spnear.abyssinica.Rondani",0
"M_075.1","Ardisia.crenate","Technomyrmex.albipes.Smith",0
"M_075.1","Ardisia.crenate","Thelairodrino.sp",0
"M_075.1","Ardisia.crenate","Thysanoplusia.orichalcea.Fabricius",0
"M_075.1","Ardisia.crenate","Villa.unifasciata.Macquart",0
"M_075.1","Ardisia.crenate","Zosterops.mauritianus.Gmelin",0
"M_075.1","Badula.insularis","Agathidinae.sp",0
"M_075.1","Badula.insularis","Ahasverus.advena.Waltle",0
"M_075.1","Badula.insularis","Allograpta.nasuta.Marquart",0
"M_075.1","Badula.insularis","Apis.mellifera.Linnaeus",0
"M_075.1","Badula.insularis","Atherigona.orientalis.Schiner",0
"M_075.1","Badula.insularis","Brachymyrmex.sp",0
"M_075.1","Badula.insularis","Calopsilia.florella.Fabricius",0
"M_075.1","Badula.insularis","Campopleginae.sp1",0
"M_075.1","Badula.insularis","Cerambycidae.sp1",0
"M_075.1","Badula.insularis","Cerambycidae.sp2",0
"M_075.1","Badula.insularis","Cerambycidae.sp3",0
"M_075.1","Badula.insularis","Ceratitis.roas.Karsch",0
"M_075.1","Badula.insularis","Chaetocnema.sp1",0.4
"M_075.1","Badula.insularis","Cheloninae.sp1",0
"M_075.1","Badula.insularis","Cheloninae.sp3",0
"M_075.1","Badula.insularis","Chrysomya.megacephala.Fabricius",0
"M_075.1","Badula.insularis","Cixiidae.sp1",0
"M_075.1","Badula.insularis","Cixiidae.sp2",0
"M_075.1","Badula.insularis","Cotesia.sp1",0
"M_075.1","Badula.insularis","Cratopus.psittacus.Faimaire",0
"M_075.1","Badula.insularis","Cryptocephalinae.sp1",0
"M_075.1","Badula.insularis","Dasytinae.sp1",0
"M_075.1","Badula.insularis","Dioxyna.sororcula.Wiedemann",0
"M_075.1","Badula.insularis","Diptera.sp2",0
"M_075.1","Badula.insularis","Diptera.sp3",0
"M_075.1","Badula.insularis","Dysauxes.florida.Joan",0
"M_075.1","Badula.insularis","Episyrphus.sp.near.circularis.Hull",0
"M_075.1","Badula.insularis","Eristalinus.flaveolus.Bigot",0
"M_075.1","Badula.insularis","Eumolpinae.sp2",0
"M_075.1","Badula.insularis","Eumolpinae.sp3",0
"M_075.1","Badula.insularis","Eurytonidae.sp1",0
"M_075.1","Badula.insularis","Fannia.pusio.Wiedemann",0
"M_075.1","Badula.insularis","Gelechioidea.sp1",0
"M_075.1","Badula.insularis","Gelechioidea.sp2",0
"M_075.1","Badula.insularis","Gelechioidea.sp3",0
"M_075.1","Badula.insularis","Goniurellia.or.Dectodes.sp",0
"M_075.1","Badula.insularis","Graphomya.maculata.Scopoli",0
"M_075.1","Badula.insularis","Henotesia.narcissus.Fabricius",0
"M_075.1","Badula.insularis","Hippotion.eson.Cramer",0
"M_075.1","Badula.insularis","Homoneura.sp2",0
"M_075.1","Badula.insularis","Homoneura.sp3",0
"M_075.1","Badula.insularis","Hydrotaea.fuliginosa.Robineau.Desvoidy",0
"M_075.1","Badula.insularis","Ischiodon.aegyptius.Wiedemann",0
"M_075.1","Badula.insularis","Lecithoceridae.sp1",0
"M_075.1","Badula.insularis","Leptotes.pirithous.Linnaeus",0
"M_075.1","Badula.insularis","Limnophora.quaterna.Loew",0
"M_075.1","Badula.insularis","Lygaeidae.sp2",0
"M_075.1","Badula.insularis","Lygaeidae.sp3",0
"M_075.1","Badula.insularis","Lygaeidae.sp5",0
"M_075.1","Badula.insularis","Lygistorrhina.sp",0
"M_075.1","Badula.insularis","Macroglossum.milvus.Boisduval",0
"M_075.1","Badula.insularis","Mauritiborium.undulatus",0
"M_075.1","Badula.insularis","Melanagromyza.sojae.Zehntner",0
"M_075.1","Badula.insularis","Melanostoma.annulipes.Macquart",0
"M_075.1","Badula.insularis","Melanostoma.bituberculatum.Loew",0
"M_075.1","Badula.insularis","Miridae.sp1",0
"M_075.1","Badula.insularis","Mordellidae.sp1",0
"M_075.1","Badula.insularis","Mordellidae.sp2",0
"M_075.1","Badula.insularis","Mordellidae.sp3",0
"M_075.1","Badula.insularis","Musca.confiscata.Speiser",0
"M_075.1","Badula.insularis","Musca.domestica.Linnaeus",0
"M_075.1","Badula.insularis","Nacoleia.sp1",0
"M_075.1","Badula.insularis","Nacoleia.sp2",0
"M_075.1","Badula.insularis","Nitidulidae.sp1",0
"M_075.1","Badula.insularis","Nyctemera.insulare.Boisduval",0
"M_075.1","Badula.insularis","Ophyra.capensis.Wiedemann",0
"M_075.1","Badula.insularis","Orchisia.costata.Meigen",0
"M_075.1","Badula.insularis","Ornidia.obesa.Fabricius",0
"M_075.1","Badula.insularis","Orthellia.albigena.Stein",0
"M_075.1","Badula.insularis","Pachycerina.crinicornis.Thomson",0
"M_075.1","Badula.insularis","Palexorista.sp1",0
"M_075.1","Badula.insularis","Panara.naso.Fabricius",0
"M_075.1","Badula.insularis","Paragus.borbonicus.Macquart",0
"M_075.1","Badula.insularis","Pelecophora.intemipta.All",0
"M_075.1","Badula.insularis","Phalanta.phalantha.Drury",0
"M_075.1","Badula.insularis","Pheidole.megacephala.Fabricius",0
"M_075.1","Badula.insularis","Phelsuma.cepediana.Merrem",0
"M_075.1","Badula.insularis","Phorinia.sp",0
"M_075.1","Badula.insularis","Polistes.hebraeus.Fabricius",0
"M_075.1","Badula.insularis","Psyllidae.sp2",0
"M_075.1","Badula.insularis","Sapromyza.sp.near..nudiuscula.Lamb",0
"M_075.1","Badula.insularis","Sarcophaga.arno.Curran",0
"M_075.1","Badula.insularis","Scatopsidae.sp",0
"M_075.1","Badula.insularis","Scirtidae.sp1",0
"M_075.1","Badula.insularis","Scirtidae.sp2",0
"M_075.1","Badula.insularis","Scolia.carniflex.Coquillett",0
"M_075.1","Badula.insularis","Scopariinae.sp",0
"M_075.1","Badula.insularis","Simulium.Byssodon.sp2",0
"M_075.1","Badula.insularis","Siphona.sp",0
"M_075.1","Badula.insularis","Stomorhina.lunata.Fabricius",0
"M_075.1","Badula.insularis","Stomoxys.calcitrans.Linnaeus",0
"M_075.1","Badula.insularis","Stomoxys.niger.Macquart",0
"M_075.1","Badula.insularis","Syritta.bulbus.Walker",0
"M_075.1","Badula.insularis","Syritta.nigrofemorata.Macquart",0
"M_075.1","Badula.insularis","Syritta.spnear.abyssinica.Rondani",0
"M_075.1","Badula.insularis","Technomyrmex.albipes.Smith",0.8
"M_075.1","Badula.insularis","Thelairodrino.sp",0
"M_075.1","Badula.insularis","Thysanoplusia.orichalcea.Fabricius",0
"M_075.1","Badula.insularis","Villa.unifasciata.Macquart",0
"M_075.1","Badula.insularis","Zosterops.mauritianus.Gmelin",0
"M_075.1","Badula.platiphylla","Agathidinae.sp",0
"M_075.1","Badula.platiphylla","Ahasverus.advena.Waltle",0
"M_075.1","Badula.platiphylla","Allograpta.nasuta.Marquart",0
"M_075.1","Badula.platiphylla","Apis.mellifera.Linnaeus",0
"M_075.1","Badula.platiphylla","Atherigona.orientalis.Schiner",0
"M_075.1","Badula.platiphylla","Brachymyrmex.sp",0.6
"M_075.1","Badula.platiphylla","Calopsilia.florella.Fabricius",0
"M_075.1","Badula.platiphylla","Campopleginae.sp1",0
"M_075.1","Badula.platiphylla","Cerambycidae.sp1",0
"M_075.1","Badula.platiphylla","Cerambycidae.sp2",0
"M_075.1","Badula.platiphylla","Cerambycidae.sp3",0
"M_075.1","Badula.platiphylla","Ceratitis.roas.Karsch",0
"M_075.1","Badula.platiphylla","Chaetocnema.sp1",2.4125188537
"M_075.1","Badula.platiphylla","Cheloninae.sp1",0
"M_075.1","Badula.platiphylla","Cheloninae.sp3",0
"M_075.1","Badula.platiphylla","Chrysomya.megacephala.Fabricius",0
"M_075.1","Badula.platiphylla","Cixiidae.sp1",0
"M_075.1","Badula.platiphylla","Cixiidae.sp2",0
"M_075.1","Badula.platiphylla","Cotesia.sp1",0
"M_075.1","Badula.platiphylla","Cratopus.psittacus.Faimaire",0
"M_075.1","Badula.platiphylla","Cryptocephalinae.sp1",0
"M_075.1","Badula.platiphylla","Dasytinae.sp1",0
"M_075.1","Badula.platiphylla","Dioxyna.sororcula.Wiedemann",0
"M_075.1","Badula.platiphylla","Diptera.sp2",0
"M_075.1","Badula.platiphylla","Diptera.sp3",0
"M_075.1","Badula.platiphylla","Dysauxes.florida.Joan",0
"M_075.1","Badula.platiphylla","Episyrphus.sp.near.circularis.Hull",0
"M_075.1","Badula.platiphylla","Eristalinus.flaveolus.Bigot",0
"M_075.1","Badula.platiphylla","Eumolpinae.sp2",0
"M_075.1","Badula.platiphylla","Eumolpinae.sp3",0
"M_075.1","Badula.platiphylla","Eurytonidae.sp1",0
"M_075.1","Badula.platiphylla","Fannia.pusio.Wiedemann",0
"M_075.1","Badula.platiphylla","Gelechioidea.sp1",0
"M_075.1","Badula.platiphylla","Gelechioidea.sp2",0
"M_075.1","Badula.platiphylla","Gelechioidea.sp3",0
"M_075.1","Badula.platiphylla","Goniurellia.or.Dectodes.sp",0
"M_075.1","Badula.platiphylla","Graphomya.maculata.Scopoli",0
"M_075.1","Badula.platiphylla","Henotesia.narcissus.Fabricius",0
"M_075.1","Badula.platiphylla","Hippotion.eson.Cramer",0
"M_075.1","Badula.platiphylla","Homoneura.sp2",0
"M_075.1","Badula.platiphylla","Homoneura.sp3",0
"M_075.1","Badula.platiphylla","Hydrotaea.fuliginosa.Robineau.Desvoidy",0
"M_075.1","Badula.platiphylla","Ischiodon.aegyptius.Wiedemann",0
"M_075.1","Badula.platiphylla","Lecithoceridae.sp1",0
"M_075.1","Badula.platiphylla","Leptotes.pirithous.Linnaeus",0
"M_075.1","Badula.platiphylla","Limnophora.quaterna.Loew",0
"M_075.1","Badula.platiphylla","Lygaeidae.sp2",0
"M_075.1","Badula.platiphylla","Lygaeidae.sp3",0
"M_075.1","Badula.platiphylla","Lygaeidae.sp5",0
"M_075.1","Badula.platiphylla","Lygistorrhina.sp",0
"M_075.1","Badula.platiphylla","Macroglossum.milvus.Boisduval",0
"M_075.1","Badula.platiphylla","Mauritiborium.undulatus",0
"M_075.1","Badula.platiphylla","Melanagromyza.sojae.Zehntner",0
"M_075.1","Badula.platiphylla","Melanostoma.annulipes.Macquart",0
"M_075.1","Badula.platiphylla","Melanostoma.bituberculatum.Loew",0
"M_075.1","Badula.platiphylla","Miridae.sp1",0
"M_075.1","Badula.platiphylla","Mordellidae.sp1",0
"M_075.1","Badula.platiphylla","Mordellidae.sp2",0
"M_075.1","Badula.platiphylla","Mordellidae.sp3",0
"M_075.1","Badula.platiphylla","Musca.confiscata.Speiser",0
"M_075.1","Badula.platiphylla","Musca.domestica.Linnaeus",0
"M_075.1","Badula.platiphylla","Nacoleia.sp1",0
"M_075.1","Badula.platiphylla","Nacoleia.sp2",0
"M_075.1","Badula.platiphylla","Nitidulidae.sp1",0.1
"M_075.1","Badula.platiphylla","Nyctemera.insulare.Boisduval",0
"M_075.1","Badula.platiphylla","Ophyra.capensis.Wiedemann",0
"M_075.1","Badula.platiphylla","Orchisia.costata.Meigen",0
"M_075.1","Badula.platiphylla","Ornidia.obesa.Fabricius",0
"M_075.1","Badula.platiphylla","Orthellia.albigena.Stein",0
"M_075.1","Badula.platiphylla","Pachycerina.crinicornis.Thomson",0
"M_075.1","Badula.platiphylla","Palexorista.sp1",0
"M_075.1","Badula.platiphylla","Panara.naso.Fabricius",0
"M_075.1","Badula.platiphylla","Paragus.borbonicus.Macquart",0
"M_075.1","Badula.platiphylla","Pelecophora.intemipta.All",0
"M_075.1","Badula.platiphylla","Phalanta.phalantha.Drury",0
"M_075.1","Badula.platiphylla","Pheidole.megacephala.Fabricius",0
"M_075.1","Badula.platiphylla","Phelsuma.cepediana.Merrem",0
"M_075.1","Badula.platiphylla","Phorinia.sp",0
"M_075.1","Badula.platiphylla","Polistes.hebraeus.Fabricius",0
"M_075.1","Badula.platiphylla","Psyllidae.sp2",0
"M_075.1","Badula.platiphylla","Sapromyza.sp.near..nudiuscula.Lamb",0
"M_075.1","Badula.platiphylla","Sarcophaga.arno.Curran",0
"M_075.1","Badula.platiphylla","Scatopsidae.sp",0
"M_075.1","Badula.platiphylla","Scirtidae.sp1",0
"M_075.1","Badula.platiphylla","Scirtidae.sp2",0
"M_075.1","Badula.platiphylla","Scolia.carniflex.Coquillett",0
"M_075.1","Badula.platiphylla","Scopariinae.sp",0
"M_075.1","Badula.platiphylla","Simulium.Byssodon.sp2",0
"M_075.1","Badula.platiphylla","Siphona.sp",0
"M_075.1","Badula.platiphylla","Stomorhina.lunata.Fabricius",0.1333333333
"M_075.1","Badula.platiphylla","Stomoxys.calcitrans.Linnaeus",0
"M_075.1","Badula.platiphylla","Stomoxys.niger.Macquart",0
"M_075.1","Badula.platiphylla","Syritta.bulbus.Walker",0
"M_075.1","Badula.platiphylla","Syritta.nigrofemorata.Macquart",0
"M_075.1","Badula.platiphylla","Syritta.spnear.abyssinica.Rondani",0
"M_075.1","Badula.platiphylla","Technomyrmex.albipes.Smith",0
"M_075.1","Badula.platiphylla","Thelairodrino.sp",0
"M_075.1","Badula.platiphylla","Thysanoplusia.orichalcea.Fabricius",0
"M_075.1","Badula.platiphylla","Villa.unifasciata.Macquart",0.1538461538
"M_075.1","Badula.platiphylla","Zosterops.mauritianus.Gmelin",0
"M_075.1","Bertiera.zaluzania","Agathidinae.sp",0
"M_075.1","Bertiera.zaluzania","Ahasverus.advena.Waltle",0
"M_075.1","Bertiera.zaluzania","Allograpta.nasuta.Marquart",0.7371794872
"M_075.1","Bertiera.zaluzania","Apis.mellifera.Linnaeus",10.808974359
"M_075.1","Bertiera.zaluzania","Atherigona.orientalis.Schiner",0
"M_075.1","Bertiera.zaluzania","Brachymyrmex.sp",0
"M_075.1","Bertiera.zaluzania","Calopsilia.florella.Fabricius",0
"M_075.1","Bertiera.zaluzania","Campopleginae.sp1",0
"M_075.1","Bertiera.zaluzania","Cerambycidae.sp1",0
"M_075.1","Bertiera.zaluzania","Cerambycidae.sp2",0
"M_075.1","Bertiera.zaluzania","Cerambycidae.sp3",0
"M_075.1","Bertiera.zaluzania","Ceratitis.roas.Karsch",0
"M_075.1","Bertiera.zaluzania","Chaetocnema.sp1",0
"M_075.1","Bertiera.zaluzania","Cheloninae.sp1",0
"M_075.1","Bertiera.zaluzania","Cheloninae.sp3",0
"M_075.1","Bertiera.zaluzania","Chrysomya.megacephala.Fabricius",0
"M_075.1","Bertiera.zaluzania","Cixiidae.sp1",0
"M_075.1","Bertiera.zaluzania","Cixiidae.sp2",0
"M_075.1","Bertiera.zaluzania","Cotesia.sp1",0
"M_075.1","Bertiera.zaluzania","Cratopus.psittacus.Faimaire",0
"M_075.1","Bertiera.zaluzania","Cryptocephalinae.sp1",0
"M_075.1","Bertiera.zaluzania","Dasytinae.sp1",0
"M_075.1","Bertiera.zaluzania","Dioxyna.sororcula.Wiedemann",0
"M_075.1","Bertiera.zaluzania","Diptera.sp2",0
"M_075.1","Bertiera.zaluzania","Diptera.sp3",0
"M_075.1","Bertiera.zaluzania","Dysauxes.florida.Joan",0.2871794872
"M_075.1","Bertiera.zaluzania","Episyrphus.sp.near.circularis.Hull",0
"M_075.1","Bertiera.zaluzania","Eristalinus.flaveolus.Bigot",0
"M_075.1","Bertiera.zaluzania","Eumolpinae.sp2",0
"M_075.1","Bertiera.zaluzania","Eumolpinae.sp3",0
"M_075.1","Bertiera.zaluzania","Eurytonidae.sp1",0
"M_075.1","Bertiera.zaluzania","Fannia.pusio.Wiedemann",0
"M_075.1","Bertiera.zaluzania","Gelechioidea.sp1",0
"M_075.1","Bertiera.zaluzania","Gelechioidea.sp2",0
"M_075.1","Bertiera.zaluzania","Gelechioidea.sp3",0
"M_075.1","Bertiera.zaluzania","Goniurellia.or.Dectodes.sp",0
"M_075.1","Bertiera.zaluzania","Graphomya.maculata.Scopoli",0
"M_075.1","Bertiera.zaluzania","Henotesia.narcissus.Fabricius",0
"M_075.1","Bertiera.zaluzania","Hippotion.eson.Cramer",0
"M_075.1","Bertiera.zaluzania","Homoneura.sp2",0
"M_075.1","Bertiera.zaluzania","Homoneura.sp3",0
"M_075.1","Bertiera.zaluzania","Hydrotaea.fuliginosa.Robineau.Desvoidy",0
"M_075.1","Bertiera.zaluzania","Ischiodon.aegyptius.Wiedemann",0.1666666667
"M_075.1","Bertiera.zaluzania","Lecithoceridae.sp1",0
"M_075.1","Bertiera.zaluzania","Leptotes.pirithous.Linnaeus",0
"M_075.1","Bertiera.zaluzania","Limnophora.quaterna.Loew",0
"M_075.1","Bertiera.zaluzania","Lygaeidae.sp2",0
"M_075.1","Bertiera.zaluzania","Lygaeidae.sp3",0
"M_075.1","Bertiera.zaluzania","Lygaeidae.sp5",0
"M_075.1","Bertiera.zaluzania","Lygistorrhina.sp",0
"M_075.1","Bertiera.zaluzania","Macroglossum.milvus.Boisduval",0
"M_075.1","Bertiera.zaluzania","Mauritiborium.undulatus",0
"M_075.1","Bertiera.zaluzania","Melanagromyza.sojae.Zehntner",0
"M_075.1","Bertiera.zaluzania","Melanostoma.annulipes.Macquart",0
"M_075.1","Bertiera.zaluzania","Melanostoma.bituberculatum.Loew",0
"M_075.1","Bertiera.zaluzania","Miridae.sp1",0
"M_075.1","Bertiera.zaluzania","Mordellidae.sp1",0
"M_075.1","Bertiera.zaluzania","Mordellidae.sp2",0
"M_075.1","Bertiera.zaluzania","Mordellidae.sp3",0
"M_075.1","Bertiera.zaluzania","Musca.confiscata.Speiser",0
"M_075.1","Bertiera.zaluzania","Musca.domestica.Linnaeus",0.1538461538
"M_075.1","Bertiera.zaluzania","Nacoleia.sp1",0
"M_075.1","Bertiera.zaluzania","Nacoleia.sp2",0
"M_075.1","Bertiera.zaluzania","Nitidulidae.sp1",0
"M_075.1","Bertiera.zaluzania","Nyctemera.insulare.Boisduval",0.0625
"M_075.1","Bertiera.zaluzania","Ophyra.capensis.Wiedemann",0
"M_075.1","Bertiera.zaluzania","Orchisia.costata.Meigen",0
"M_075.1","Bertiera.zaluzania","Ornidia.obesa.Fabricius",0
"M_075.1","Bertiera.zaluzania","Orthellia.albigena.Stein",0
"M_075.1","Bertiera.zaluzania","Pachycerina.crinicornis.Thomson",0.1666666667
"M_075.1","Bertiera.zaluzania","Palexorista.sp1",0
"M_075.1","Bertiera.zaluzania","Panara.naso.Fabricius",0
"M_075.1","Bertiera.zaluzania","Paragus.borbonicus.Macquart",0
"M_075.1","Bertiera.zaluzania","Pelecophora.intemipta.All",0
"M_075.1","Bertiera.zaluzania","Phalanta.phalantha.Drury",0
"M_075.1","Bertiera.zaluzania","Pheidole.megacephala.Fabricius",0
"M_075.1","Bertiera.zaluzania","Phelsuma.cepediana.Merrem",0
"M_075.1","Bertiera.zaluzania","Phorinia.sp",0
"M_075.1","Bertiera.zaluzania","Polistes.hebraeus.Fabricius",0.1333333333
"M_075.1","Bertiera.zaluzania","Psyllidae.sp2",0
"M_075.1","Bertiera.zaluzania","Sapromyza.sp.near..nudiuscula.Lamb",0
"M_075.1","Bertiera.zaluzania","Sarcophaga.arno.Curran",0
"M_075.1","Bertiera.zaluzania","Scatopsidae.sp",0
"M_075.1","Bertiera.zaluzania","Scirtidae.sp1",0
"M_075.1","Bertiera.zaluzania","Scirtidae.sp2",0
"M_075.1","Bertiera.zaluzania","Scolia.carniflex.Coquillett",0
"M_075.1","Bertiera.zaluzania","Scopariinae.sp",0
"M_075.1","Bertiera.zaluzania","Simulium.Byssodon.sp2",0
"M_075.1","Bertiera.zaluzania","Siphona.sp",0.0625
"M_075.1","Bertiera.zaluzania","Stomorhina.lunata.Fabricius",1.0320512821
"M_075.1","Bertiera.zaluzania","Stomoxys.calcitrans.Linnaeus",0
"M_075.1","Bertiera.zaluzania","Stomoxys.niger.Macquart",0
"M_075.1","Bertiera.zaluzania","Syritta.bulbus.Walker",0
"M_075.1","Bertiera.zaluzania","Syritta.nigrofemorata.Macquart",0.1538461538
"M_075.1","Bertiera.zaluzania","Syritta.spnear.abyssinica.Rondani",0
"M_075.1","Bertiera.zaluzania","Technomyrmex.albipes.Smith",5.8884615385
"M_075.1","Bertiera.zaluzania","Thelairodrino.sp",0
"M_075.1","Bertiera.zaluzania","Thysanoplusia.orichalcea.Fabricius",0
"M_075.1","Bertiera.zaluzania","Villa.unifasciata.Macquart",0
"M_075.1","Bertiera.zaluzania","Zosterops.mauritianus.Gmelin",0
"M_075.1","Calophyllum.eputamen.var.eputamen","Agathidinae.sp",0
"M_075.1","Calophyllum.eputamen.var.eputamen","Ahasverus.advena.Waltle",0
"M_075.1","Calophyllum.eputamen.var.eputamen","Allograpta.nasuta.Marquart",0
"M_075.1","Calophyllum.eputamen.var.eputamen","Apis.mellifera.Linnaeus",2.619047619
"M_075.1","Calophyllum.eputamen.var.eputamen","Atherigona.orientalis.Schiner",0
"M_075.1","Calophyllum.eputamen.var.eputamen","Brachymyrmex.sp",0
"M_075.1","Calophyllum.eputamen.var.eputamen","Calopsilia.florella.Fabricius",0
"M_075.1","Calophyllum.eputamen.var.eputamen","Campopleginae.sp1",0
"M_075.1","Calophyllum.eputamen.var.eputamen","Cerambycidae.sp1",0
"M_075.1","Calophyllum.eputamen.var.eputamen","Cerambycidae.sp2",0
"M_075.1","Calophyllum.eputamen.var.eputamen","Cerambycidae.sp3",0
"M_075.1","Calophyllum.eputamen.var.eputamen","Ceratitis.roas.Karsch",0
"M_075.1","Calophyllum.eputamen.var.eputamen","Chaetocnema.sp1",0.6666666667
"M_075.1","Calophyllum.eputamen.var.eputamen","Cheloninae.sp1",0
"M_075.1","Calophyllum.eputamen.var.eputamen","Cheloninae.sp3",0
"M_075.1","Calophyllum.eputamen.var.eputamen","Chrysomya.megacephala.Fabricius",0
"M_075.1","Calophyllum.eputamen.var.eputamen","Cixiidae.sp1",0
"M_075.1","Calophyllum.eputamen.var.eputamen","Cixiidae.sp2",0
"M_075.1","Calophyllum.eputamen.var.eputamen","Cotesia.sp1",0
"M_075.1","Calophyllum.eputamen.var.eputamen","Cratopus.psittacus.Faimaire",0
"M_075.1","Calophyllum.eputamen.var.eputamen","Cryptocephalinae.sp1",0
"M_075.1","Calophyllum.eputamen.var.eputamen","Dasytinae.sp1",0
"M_075.1","Calophyllum.eputamen.var.eputamen","Dioxyna.sororcula.Wiedemann",0
"M_075.1","Calophyllum.eputamen.var.eputamen","Diptera.sp2",0
"M_075.1","Calophyllum.eputamen.var.eputamen","Diptera.sp3",0
"M_075.1","Calophyllum.eputamen.var.eputamen","Dysauxes.florida.Joan",0
"M_075.1","Calophyllum.eputamen.var.eputamen","Episyrphus.sp.near.circularis.Hull",0
"M_075.1","Calophyllum.eputamen.var.eputamen","Eristalinus.flaveolus.Bigot",0
"M_075.1","Calophyllum.eputamen.var.eputamen","Eumolpinae.sp2",0
"M_075.1","Calophyllum.eputamen.var.eputamen","Eumolpinae.sp3",0
"M_075.1","Calophyllum.eputamen.var.eputamen","Eurytonidae.sp1",0
"M_075.1","Calophyllum.eputamen.var.eputamen","Fannia.pusio.Wiedemann",0
"M_075.1","Calophyllum.eputamen.var.eputamen","Gelechioidea.sp1",0
"M_075.1","Calophyllum.eputamen.var.eputamen","Gelechioidea.sp2",0
"M_075.1","Calophyllum.eputamen.var.eputamen","Gelechioidea.sp3",0
"M_075.1","Calophyllum.eputamen.var.eputamen","Goniurellia.or.Dectodes.sp",0
"M_075.1","Calophyllum.eputamen.var.eputamen","Graphomya.maculata.Scopoli",0
"M_075.1","Calophyllum.eputamen.var.eputamen","Henotesia.narcissus.Fabricius",0
"M_075.1","Calophyllum.eputamen.var.eputamen","Hippotion.eson.Cramer",0
"M_075.1","Calophyllum.eputamen.var.eputamen","Homoneura.sp2",0
"M_075.1","Calophyllum.eputamen.var.eputamen","Homoneura.sp3",0
"M_075.1","Calophyllum.eputamen.var.eputamen","Hydrotaea.fuliginosa.Robineau.Desvoidy",0
"M_075.1","Calophyllum.eputamen.var.eputamen","Ischiodon.aegyptius.Wiedemann",0
"M_075.1","Calophyllum.eputamen.var.eputamen","Lecithoceridae.sp1",0
"M_075.1","Calophyllum.eputamen.var.eputamen","Leptotes.pirithous.Linnaeus",0
"M_075.1","Calophyllum.eputamen.var.eputamen","Limnophora.quaterna.Loew",0
"M_075.1","Calophyllum.eputamen.var.eputamen","Lygaeidae.sp2",0
"M_075.1","Calophyllum.eputamen.var.eputamen","Lygaeidae.sp3",0
"M_075.1","Calophyllum.eputamen.var.eputamen","Lygaeidae.sp5",0
"M_075.1","Calophyllum.eputamen.var.eputamen","Lygistorrhina.sp",0
"M_075.1","Calophyllum.eputamen.var.eputamen","Macroglossum.milvus.Boisduval",0
"M_075.1","Calophyllum.eputamen.var.eputamen","Mauritiborium.undulatus",0
"M_075.1","Calophyllum.eputamen.var.eputamen","Melanagromyza.sojae.Zehntner",0
"M_075.1","Calophyllum.eputamen.var.eputamen","Melanostoma.annulipes.Macquart",0
"M_075.1","Calophyllum.eputamen.var.eputamen","Melanostoma.bituberculatum.Loew",0
"M_075.1","Calophyllum.eputamen.var.eputamen","Miridae.sp1",0
"M_075.1","Calophyllum.eputamen.var.eputamen","Mordellidae.sp1",0
"M_075.1","Calophyllum.eputamen.var.eputamen","Mordellidae.sp2",0
"M_075.1","Calophyllum.eputamen.var.eputamen","Mordellidae.sp3",0
"M_075.1","Calophyllum.eputamen.var.eputamen","Musca.confiscata.Speiser",0
"M_075.1","Calophyllum.eputamen.var.eputamen","Musca.domestica.Linnaeus",0
"M_075.1","Calophyllum.eputamen.var.eputamen","Nacoleia.sp1",0
"M_075.1","Calophyllum.eputamen.var.eputamen","Nacoleia.sp2",0
"M_075.1","Calophyllum.eputamen.var.eputamen","Nitidulidae.sp1",0
"M_075.1","Calophyllum.eputamen.var.eputamen","Nyctemera.insulare.Boisduval",0
"M_075.1","Calophyllum.eputamen.var.eputamen","Ophyra.capensis.Wiedemann",0
"M_075.1","Calophyllum.eputamen.var.eputamen","Orchisia.costata.Meigen",0
"M_075.1","Calophyllum.eputamen.var.eputamen","Ornidia.obesa.Fabricius",0
"M_075.1","Calophyllum.eputamen.var.eputamen","Orthellia.albigena.Stein",0
"M_075.1","Calophyllum.eputamen.var.eputamen","Pachycerina.crinicornis.Thomson",0
"M_075.1","Calophyllum.eputamen.var.eputamen","Palexorista.sp1",0
"M_075.1","Calophyllum.eputamen.var.eputamen","Panara.naso.Fabricius",0
"M_075.1","Calophyllum.eputamen.var.eputamen","Paragus.borbonicus.Macquart",0
"M_075.1","Calophyllum.eputamen.var.eputamen","Pelecophora.intemipta.All",0
"M_075.1","Calophyllum.eputamen.var.eputamen","Phalanta.phalantha.Drury",0
"M_075.1","Calophyllum.eputamen.var.eputamen","Pheidole.megacephala.Fabricius",0
"M_075.1","Calophyllum.eputamen.var.eputamen","Phelsuma.cepediana.Merrem",0.25
"M_075.1","Calophyllum.eputamen.var.eputamen","Phorinia.sp",0
"M_075.1","Calophyllum.eputamen.var.eputamen","Polistes.hebraeus.Fabricius",0
"M_075.1","Calophyllum.eputamen.var.eputamen","Psyllidae.sp2",0
"M_075.1","Calophyllum.eputamen.var.eputamen","Sapromyza.sp.near..nudiuscula.Lamb",0
"M_075.1","Calophyllum.eputamen.var.eputamen","Sarcophaga.arno.Curran",0
"M_075.1","Calophyllum.eputamen.var.eputamen","Scatopsidae.sp",0
"M_075.1","Calophyllum.eputamen.var.eputamen","Scirtidae.sp1",0
"M_075.1","Calophyllum.eputamen.var.eputamen","Scirtidae.sp2",0
"M_075.1","Calophyllum.eputamen.var.eputamen","Scolia.carniflex.Coquillett",0
"M_075.1","Calophyllum.eputamen.var.eputamen","Scopariinae.sp",0
"M_075.1","Calophyllum.eputamen.var.eputamen","Simulium.Byssodon.sp2",0
"M_075.1","Calophyllum.eputamen.var.eputamen","Siphona.sp",0
"M_075.1","Calophyllum.eputamen.var.eputamen","Stomorhina.lunata.Fabricius",0.4166666667
"M_075.1","Calophyllum.eputamen.var.eputamen","Stomoxys.calcitrans.Linnaeus",0
"M_075.1","Calophyllum.eputamen.var.eputamen","Stomoxys.niger.Macquart",0
"M_075.1","Calophyllum.eputamen.var.eputamen","Syritta.bulbus.Walker",0
"M_075.1","Calophyllum.eputamen.var.eputamen","Syritta.nigrofemorata.Macquart",0
"M_075.1","Calophyllum.eputamen.var.eputamen","Syritta.spnear.abyssinica.Rondani",0
"M_075.1","Calophyllum.eputamen.var.eputamen","Technomyrmex.albipes.Smith",0
"M_075.1","Calophyllum.eputamen.var.eputamen","Thelairodrino.sp",0
"M_075.1","Calophyllum.eputamen.var.eputamen","Thysanoplusia.orichalcea.Fabricius",0
"M_075.1","Calophyllum.eputamen.var.eputamen","Villa.unifasciata.Macquart",0
"M_075.1","Calophyllum.eputamen.var.eputamen","Zosterops.mauritianus.Gmelin",0
"M_075.1","Casearia.coriacea","Agathidinae.sp",0
"M_075.1","Casearia.coriacea","Ahasverus.advena.Waltle",0
"M_075.1","Casearia.coriacea","Allograpta.nasuta.Marquart",0
"M_075.1","Casearia.coriacea","Apis.mellifera.Linnaeus",1.7377005348
"M_075.1","Casearia.coriacea","Atherigona.orientalis.Schiner",0
"M_075.1","Casearia.coriacea","Brachymyrmex.sp",0
"M_075.1","Casearia.coriacea","Calopsilia.florella.Fabricius",0
"M_075.1","Casearia.coriacea","Campopleginae.sp1",0
"M_075.1","Casearia.coriacea","Cerambycidae.sp1",0
"M_075.1","Casearia.coriacea","Cerambycidae.sp2",0
"M_075.1","Casearia.coriacea","Cerambycidae.sp3",0
"M_075.1","Casearia.coriacea","Ceratitis.roas.Karsch",0
"M_075.1","Casearia.coriacea","Chaetocnema.sp1",0
"M_075.1","Casearia.coriacea","Cheloninae.sp1",0
"M_075.1","Casearia.coriacea","Cheloninae.sp3",0
"M_075.1","Casearia.coriacea","Chrysomya.megacephala.Fabricius",0
"M_075.1","Casearia.coriacea","Cixiidae.sp1",0
"M_075.1","Casearia.coriacea","Cixiidae.sp2",0
"M_075.1","Casearia.coriacea","Cotesia.sp1",0
"M_075.1","Casearia.coriacea","Cratopus.psittacus.Faimaire",0
"M_075.1","Casearia.coriacea","Cryptocephalinae.sp1",0
"M_075.1","Casearia.coriacea","Dasytinae.sp1",0
"M_075.1","Casearia.coriacea","Dioxyna.sororcula.Wiedemann",0
"M_075.1","Casearia.coriacea","Diptera.sp2",0
"M_075.1","Casearia.coriacea","Diptera.sp3",0
"M_075.1","Casearia.coriacea","Dysauxes.florida.Joan",0
"M_075.1","Casearia.coriacea","Episyrphus.sp.near.circularis.Hull",0
"M_075.1","Casearia.coriacea","Eristalinus.flaveolus.Bigot",0.6614973262
"M_075.1","Casearia.coriacea","Eumolpinae.sp2",0
"M_075.1","Casearia.coriacea","Eumolpinae.sp3",0
"M_075.1","Casearia.coriacea","Eurytonidae.sp1",0
"M_075.1","Casearia.coriacea","Fannia.pusio.Wiedemann",0
"M_075.1","Casearia.coriacea","Gelechioidea.sp1",0
"M_075.1","Casearia.coriacea","Gelechioidea.sp2",0
"M_075.1","Casearia.coriacea","Gelechioidea.sp3",0
"M_075.1","Casearia.coriacea","Goniurellia.or.Dectodes.sp",0
"M_075.1","Casearia.coriacea","Graphomya.maculata.Scopoli",0
"M_075.1","Casearia.coriacea","Henotesia.narcissus.Fabricius",0
"M_075.1","Casearia.coriacea","Hippotion.eson.Cramer",0
"M_075.1","Casearia.coriacea","Homoneura.sp2",0
"M_075.1","Casearia.coriacea","Homoneura.sp3",0
"M_075.1","Casearia.coriacea","Hydrotaea.fuliginosa.Robineau.Desvoidy",0
"M_075.1","Casearia.coriacea","Ischiodon.aegyptius.Wiedemann",0
"M_075.1","Casearia.coriacea","Lecithoceridae.sp1",0
"M_075.1","Casearia.coriacea","Leptotes.pirithous.Linnaeus",0
"M_075.1","Casearia.coriacea","Limnophora.quaterna.Loew",0
"M_075.1","Casearia.coriacea","Lygaeidae.sp2",0
"M_075.1","Casearia.coriacea","Lygaeidae.sp3",0
"M_075.1","Casearia.coriacea","Lygaeidae.sp5",0
"M_075.1","Casearia.coriacea","Lygistorrhina.sp",0
"M_075.1","Casearia.coriacea","Macroglossum.milvus.Boisduval",0
"M_075.1","Casearia.coriacea","Mauritiborium.undulatus",0
"M_075.1","Casearia.coriacea","Melanagromyza.sojae.Zehntner",0
"M_075.1","Casearia.coriacea","Melanostoma.annulipes.Macquart",0
"M_075.1","Casearia.coriacea","Melanostoma.bituberculatum.Loew",0
"M_075.1","Casearia.coriacea","Miridae.sp1",0
"M_075.1","Casearia.coriacea","Mordellidae.sp1",0
"M_075.1","Casearia.coriacea","Mordellidae.sp2",0
"M_075.1","Casearia.coriacea","Mordellidae.sp3",0
"M_075.1","Casearia.coriacea","Musca.confiscata.Speiser",0
"M_075.1","Casearia.coriacea","Musca.domestica.Linnaeus",0
"M_075.1","Casearia.coriacea","Nacoleia.sp1",0
"M_075.1","Casearia.coriacea","Nacoleia.sp2",0
"M_075.1","Casearia.coriacea","Nitidulidae.sp1",0
"M_075.1","Casearia.coriacea","Nyctemera.insulare.Boisduval",0
"M_075.1","Casearia.coriacea","Ophyra.capensis.Wiedemann",0
"M_075.1","Casearia.coriacea","Orchisia.costata.Meigen",0
"M_075.1","Casearia.coriacea","Ornidia.obesa.Fabricius",0.0909090909
"M_075.1","Casearia.coriacea","Orthellia.albigena.Stein",0
"M_075.1","Casearia.coriacea","Pachycerina.crinicornis.Thomson",0
"M_075.1","Casearia.coriacea","Palexorista.sp1",0
"M_075.1","Casearia.coriacea","Panara.naso.Fabricius",0
"M_075.1","Casearia.coriacea","Paragus.borbonicus.Macquart",0
"M_075.1","Casearia.coriacea","Pelecophora.intemipta.All",0
"M_075.1","Casearia.coriacea","Phalanta.phalantha.Drury",0
"M_075.1","Casearia.coriacea","Pheidole.megacephala.Fabricius",0
"M_075.1","Casearia.coriacea","Phelsuma.cepediana.Merrem",0
"M_075.1","Casearia.coriacea","Phorinia.sp",0
"M_075.1","Casearia.coriacea","Polistes.hebraeus.Fabricius",0
"M_075.1","Casearia.coriacea","Psyllidae.sp2",0
"M_075.1","Casearia.coriacea","Sapromyza.sp.near..nudiuscula.Lamb",0
"M_075.1","Casearia.coriacea","Sarcophaga.arno.Curran",0
"M_075.1","Casearia.coriacea","Scatopsidae.sp",0
"M_075.1","Casearia.coriacea","Scirtidae.sp1",0
"M_075.1","Casearia.coriacea","Scirtidae.sp2",0
"M_075.1","Casearia.coriacea","Scolia.carniflex.Coquillett",0
"M_075.1","Casearia.coriacea","Scopariinae.sp",0
"M_075.1","Casearia.coriacea","Simulium.Byssodon.sp2",0
"M_075.1","Casearia.coriacea","Siphona.sp",0
"M_075.1","Casearia.coriacea","Stomorhina.lunata.Fabricius",0
"M_075.1","Casearia.coriacea","Stomoxys.calcitrans.Linnaeus",0
"M_075.1","Casearia.coriacea","Stomoxys.niger.Macquart",0
"M_075.1","Casearia.coriacea","Syritta.bulbus.Walker",0
"M_075.1","Casearia.coriacea","Syritta.nigrofemorata.Macquart",0
"M_075.1","Casearia.coriacea","Syritta.spnear.abyssinica.Rondani",0
"M_075.1","Casearia.coriacea","Technomyrmex.albipes.Smith",0
"M_075.1","Casearia.coriacea","Thelairodrino.sp",0
"M_075.1","Casearia.coriacea","Thysanoplusia.orichalcea.Fabricius",0
"M_075.1","Casearia.coriacea","Villa.unifasciata.Macquart",0.1176470588
"M_075.1","Casearia.coriacea","Zosterops.mauritianus.Gmelin",0
"M_075.1","Chassalia.coriacea.var.coriacea","Agathidinae.sp",0
"M_075.1","Chassalia.coriacea.var.coriacea","Ahasverus.advena.Waltle",0
"M_075.1","Chassalia.coriacea.var.coriacea","Allograpta.nasuta.Marquart",0.5357142857
"M_075.1","Chassalia.coriacea.var.coriacea","Apis.mellifera.Linnaeus",0.1333333333
"M_075.1","Chassalia.coriacea.var.coriacea","Atherigona.orientalis.Schiner",0
"M_075.1","Chassalia.coriacea.var.coriacea","Brachymyrmex.sp",0
"M_075.1","Chassalia.coriacea.var.coriacea","Calopsilia.florella.Fabricius",0
"M_075.1","Chassalia.coriacea.var.coriacea","Campopleginae.sp1",0
"M_075.1","Chassalia.coriacea.var.coriacea","Cerambycidae.sp1",0
"M_075.1","Chassalia.coriacea.var.coriacea","Cerambycidae.sp2",0
"M_075.1","Chassalia.coriacea.var.coriacea","Cerambycidae.sp3",0
"M_075.1","Chassalia.coriacea.var.coriacea","Ceratitis.roas.Karsch",0
"M_075.1","Chassalia.coriacea.var.coriacea","Chaetocnema.sp1",0
"M_075.1","Chassalia.coriacea.var.coriacea","Cheloninae.sp1",0
"M_075.1","Chassalia.coriacea.var.coriacea","Cheloninae.sp3",0
"M_075.1","Chassalia.coriacea.var.coriacea","Chrysomya.megacephala.Fabricius",0
"M_075.1","Chassalia.coriacea.var.coriacea","Cixiidae.sp1",0
"M_075.1","Chassalia.coriacea.var.coriacea","Cixiidae.sp2",0
"M_075.1","Chassalia.coriacea.var.coriacea","Cotesia.sp1",0
"M_075.1","Chassalia.coriacea.var.coriacea","Cratopus.psittacus.Faimaire",0
"M_075.1","Chassalia.coriacea.var.coriacea","Cryptocephalinae.sp1",0
"M_075.1","Chassalia.coriacea.var.coriacea","Dasytinae.sp1",0
"M_075.1","Chassalia.coriacea.var.coriacea","Dioxyna.sororcula.Wiedemann",0
"M_075.1","Chassalia.coriacea.var.coriacea","Diptera.sp2",0
"M_075.1","Chassalia.coriacea.var.coriacea","Diptera.sp3",0
"M_075.1","Chassalia.coriacea.var.coriacea","Dysauxes.florida.Joan",0
"M_075.1","Chassalia.coriacea.var.coriacea","Episyrphus.sp.near.circularis.Hull",0
"M_075.1","Chassalia.coriacea.var.coriacea","Eristalinus.flaveolus.Bigot",0
"M_075.1","Chassalia.coriacea.var.coriacea","Eumolpinae.sp2",0
"M_075.1","Chassalia.coriacea.var.coriacea","Eumolpinae.sp3",0
"M_075.1","Chassalia.coriacea.var.coriacea","Eurytonidae.sp1",0
"M_075.1","Chassalia.coriacea.var.coriacea","Fannia.pusio.Wiedemann",0
"M_075.1","Chassalia.coriacea.var.coriacea","Gelechioidea.sp1",0
"M_075.1","Chassalia.coriacea.var.coriacea","Gelechioidea.sp2",0
"M_075.1","Chassalia.coriacea.var.coriacea","Gelechioidea.sp3",0
"M_075.1","Chassalia.coriacea.var.coriacea","Goniurellia.or.Dectodes.sp",0
"M_075.1","Chassalia.coriacea.var.coriacea","Graphomya.maculata.Scopoli",0
"M_075.1","Chassalia.coriacea.var.coriacea","Henotesia.narcissus.Fabricius",0
"M_075.1","Chassalia.coriacea.var.coriacea","Hippotion.eson.Cramer",0
"M_075.1","Chassalia.coriacea.var.coriacea","Homoneura.sp2",0
"M_075.1","Chassalia.coriacea.var.coriacea","Homoneura.sp3",0
"M_075.1","Chassalia.coriacea.var.coriacea","Hydrotaea.fuliginosa.Robineau.Desvoidy",0
"M_075.1","Chassalia.coriacea.var.coriacea","Ischiodon.aegyptius.Wiedemann",0
"M_075.1","Chassalia.coriacea.var.coriacea","Lecithoceridae.sp1",0
"M_075.1","Chassalia.coriacea.var.coriacea","Leptotes.pirithous.Linnaeus",0.7142857143
"M_075.1","Chassalia.coriacea.var.coriacea","Limnophora.quaterna.Loew",0
"M_075.1","Chassalia.coriacea.var.coriacea","Lygaeidae.sp2",0
"M_075.1","Chassalia.coriacea.var.coriacea","Lygaeidae.sp3",0
"M_075.1","Chassalia.coriacea.var.coriacea","Lygaeidae.sp5",0
"M_075.1","Chassalia.coriacea.var.coriacea","Lygistorrhina.sp",0
"M_075.1","Chassalia.coriacea.var.coriacea","Macroglossum.milvus.Boisduval",0
"M_075.1","Chassalia.coriacea.var.coriacea","Mauritiborium.undulatus",0
"M_075.1","Chassalia.coriacea.var.coriacea","Melanagromyza.sojae.Zehntner",0
"M_075.1","Chassalia.coriacea.var.coriacea","Melanostoma.annulipes.Macquart",0
"M_075.1","Chassalia.coriacea.var.coriacea","Melanostoma.bituberculatum.Loew",0
"M_075.1","Chassalia.coriacea.var.coriacea","Miridae.sp1",0
"M_075.1","Chassalia.coriacea.var.coriacea","Mordellidae.sp1",0
"M_075.1","Chassalia.coriacea.var.coriacea","Mordellidae.sp2",0
"M_075.1","Chassalia.coriacea.var.coriacea","Mordellidae.sp3",0
"M_075.1","Chassalia.coriacea.var.coriacea","Musca.confiscata.Speiser",0
"M_075.1","Chassalia.coriacea.var.coriacea","Musca.domestica.Linnaeus",0
"M_075.1","Chassalia.coriacea.var.coriacea","Nacoleia.sp1",0
"M_075.1","Chassalia.coriacea.var.coriacea","Nacoleia.sp2",0
"M_075.1","Chassalia.coriacea.var.coriacea","Nitidulidae.sp1",0
"M_075.1","Chassalia.coriacea.var.coriacea","Nyctemera.insulare.Boisduval",0
"M_075.1","Chassalia.coriacea.var.coriacea","Ophyra.capensis.Wiedemann",0
"M_075.1","Chassalia.coriacea.var.coriacea","Orchisia.costata.Meigen",0
"M_075.1","Chassalia.coriacea.var.coriacea","Ornidia.obesa.Fabricius",0
"M_075.1","Chassalia.coriacea.var.coriacea","Orthellia.albigena.Stein",0
"M_075.1","Chassalia.coriacea.var.coriacea","Pachycerina.crinicornis.Thomson",0.125
"M_075.1","Chassalia.coriacea.var.coriacea","Palexorista.sp1",0
"M_075.1","Chassalia.coriacea.var.coriacea","Panara.naso.Fabricius",1.8574175824
"M_075.1","Chassalia.coriacea.var.coriacea","Paragus.borbonicus.Macquart",0
"M_075.1","Chassalia.coriacea.var.coriacea","Pelecophora.intemipta.All",0
"M_075.1","Chassalia.coriacea.var.coriacea","Phalanta.phalantha.Drury",0
"M_075.1","Chassalia.coriacea.var.coriacea","Pheidole.megacephala.Fabricius",0
"M_075.1","Chassalia.coriacea.var.coriacea","Phelsuma.cepediana.Merrem",0
"M_075.1","Chassalia.coriacea.var.coriacea","Phorinia.sp",0
"M_075.1","Chassalia.coriacea.var.coriacea","Polistes.hebraeus.Fabricius",0.3205128205
"M_075.1","Chassalia.coriacea.var.coriacea","Psyllidae.sp2",0
"M_075.1","Chassalia.coriacea.var.coriacea","Sapromyza.sp.near..nudiuscula.Lamb",0
"M_075.1","Chassalia.coriacea.var.coriacea","Sarcophaga.arno.Curran",0
"M_075.1","Chassalia.coriacea.var.coriacea","Scatopsidae.sp",0
"M_075.1","Chassalia.coriacea.var.coriacea","Scirtidae.sp1",0
"M_075.1","Chassalia.coriacea.var.coriacea","Scirtidae.sp2",0
"M_075.1","Chassalia.coriacea.var.coriacea","Scolia.carniflex.Coquillett",0
"M_075.1","Chassalia.coriacea.var.coriacea","Scopariinae.sp",0
"M_075.1","Chassalia.coriacea.var.coriacea","Simulium.Byssodon.sp2",0
"M_075.1","Chassalia.coriacea.var.coriacea","Siphona.sp",0
"M_075.1","Chassalia.coriacea.var.coriacea","Stomorhina.lunata.Fabricius",0.1428571429
"M_075.1","Chassalia.coriacea.var.coriacea","Stomoxys.calcitrans.Linnaeus",0
"M_075.1","Chassalia.coriacea.var.coriacea","Stomoxys.niger.Macquart",0
"M_075.1","Chassalia.coriacea.var.coriacea","Syritta.bulbus.Walker",0
"M_075.1","Chassalia.coriacea.var.coriacea","Syritta.nigrofemorata.Macquart",0
"M_075.1","Chassalia.coriacea.var.coriacea","Syritta.spnear.abyssinica.Rondani",0
"M_075.1","Chassalia.coriacea.var.coriacea","Technomyrmex.albipes.Smith",0
"M_075.1","Chassalia.coriacea.var.coriacea","Thelairodrino.sp",0
"M_075.1","Chassalia.coriacea.var.coriacea","Thysanoplusia.orichalcea.Fabricius",0
"M_075.1","Chassalia.coriacea.var.coriacea","Villa.unifasciata.Macquart",0
"M_075.1","Chassalia.coriacea.var.coriacea","Zosterops.mauritianus.Gmelin",0
"M_075.1","Claoxylon.linostachys.ssp.brachyphyllum","Agathidinae.sp",0
"M_075.1","Claoxylon.linostachys.ssp.brachyphyllum","Ahasverus.advena.Waltle",0
"M_075.1","Claoxylon.linostachys.ssp.brachyphyllum","Allograpta.nasuta.Marquart",0
"M_075.1","Claoxylon.linostachys.ssp.brachyphyllum","Apis.mellifera.Linnaeus",0
"M_075.1","Claoxylon.linostachys.ssp.brachyphyllum","Atherigona.orientalis.Schiner",0
"M_075.1","Claoxylon.linostachys.ssp.brachyphyllum","Brachymyrmex.sp",0
"M_075.1","Claoxylon.linostachys.ssp.brachyphyllum","Calopsilia.florella.Fabricius",0
"M_075.1","Claoxylon.linostachys.ssp.brachyphyllum","Campopleginae.sp1",0
"M_075.1","Claoxylon.linostachys.ssp.brachyphyllum","Cerambycidae.sp1",0
"M_075.1","Claoxylon.linostachys.ssp.brachyphyllum","Cerambycidae.sp2",0
"M_075.1","Claoxylon.linostachys.ssp.brachyphyllum","Cerambycidae.sp3",0
"M_075.1","Claoxylon.linostachys.ssp.brachyphyllum","Ceratitis.roas.Karsch",0
"M_075.1","Claoxylon.linostachys.ssp.brachyphyllum","Chaetocnema.sp1",0
"M_075.1","Claoxylon.linostachys.ssp.brachyphyllum","Cheloninae.sp1",0
"M_075.1","Claoxylon.linostachys.ssp.brachyphyllum","Cheloninae.sp3",0
"M_075.1","Claoxylon.linostachys.ssp.brachyphyllum","Chrysomya.megacephala.Fabricius",0
"M_075.1","Claoxylon.linostachys.ssp.brachyphyllum","Cixiidae.sp1",0
"M_075.1","Claoxylon.linostachys.ssp.brachyphyllum","Cixiidae.sp2",0
"M_075.1","Claoxylon.linostachys.ssp.brachyphyllum","Cotesia.sp1",0
"M_075.1","Claoxylon.linostachys.ssp.brachyphyllum","Cratopus.psittacus.Faimaire",0
"M_075.1","Claoxylon.linostachys.ssp.brachyphyllum","Cryptocephalinae.sp1",0
"M_075.1","Claoxylon.linostachys.ssp.brachyphyllum","Dasytinae.sp1",0
"M_075.1","Claoxylon.linostachys.ssp.brachyphyllum","Dioxyna.sororcula.Wiedemann",0.0266666667
"M_075.1","Claoxylon.linostachys.ssp.brachyphyllum","Diptera.sp2",0
"M_075.1","Claoxylon.linostachys.ssp.brachyphyllum","Diptera.sp3",0.25
"M_075.1","Claoxylon.linostachys.ssp.brachyphyllum","Dysauxes.florida.Joan",0
"M_075.1","Claoxylon.linostachys.ssp.brachyphyllum","Episyrphus.sp.near.circularis.Hull",0
"M_075.1","Claoxylon.linostachys.ssp.brachyphyllum","Eristalinus.flaveolus.Bigot",0
"M_075.1","Claoxylon.linostachys.ssp.brachyphyllum","Eumolpinae.sp2",0
"M_075.1","Claoxylon.linostachys.ssp.brachyphyllum","Eumolpinae.sp3",0
"M_075.1","Claoxylon.linostachys.ssp.brachyphyllum","Eurytonidae.sp1",0
"M_075.1","Claoxylon.linostachys.ssp.brachyphyllum","Fannia.pusio.Wiedemann",0
"M_075.1","Claoxylon.linostachys.ssp.brachyphyllum","Gelechioidea.sp1",0
"M_075.1","Claoxylon.linostachys.ssp.brachyphyllum","Gelechioidea.sp2",0
"M_075.1","Claoxylon.linostachys.ssp.brachyphyllum","Gelechioidea.sp3",0
"M_075.1","Claoxylon.linostachys.ssp.brachyphyllum","Goniurellia.or.Dectodes.sp",0
"M_075.1","Claoxylon.linostachys.ssp.brachyphyllum","Graphomya.maculata.Scopoli",0
"M_075.1","Claoxylon.linostachys.ssp.brachyphyllum","Henotesia.narcissus.Fabricius",0
"M_075.1","Claoxylon.linostachys.ssp.brachyphyllum","Hippotion.eson.Cramer",0
"M_075.1","Claoxylon.linostachys.ssp.brachyphyllum","Homoneura.sp2",0
"M_075.1","Claoxylon.linostachys.ssp.brachyphyllum","Homoneura.sp3",0
"M_075.1","Claoxylon.linostachys.ssp.brachyphyllum","Hydrotaea.fuliginosa.Robineau.Desvoidy",0
"M_075.1","Claoxylon.linostachys.ssp.brachyphyllum","Ischiodon.aegyptius.Wiedemann",0
"M_075.1","Claoxylon.linostachys.ssp.brachyphyllum","Lecithoceridae.sp1",0
"M_075.1","Claoxylon.linostachys.ssp.brachyphyllum","Leptotes.pirithous.Linnaeus",0
"M_075.1","Claoxylon.linostachys.ssp.brachyphyllum","Limnophora.quaterna.Loew",0
"M_075.1","Claoxylon.linostachys.ssp.brachyphyllum","Lygaeidae.sp2",0
"M_075.1","Claoxylon.linostachys.ssp.brachyphyllum","Lygaeidae.sp3",0
"M_075.1","Claoxylon.linostachys.ssp.brachyphyllum","Lygaeidae.sp5",0
"M_075.1","Claoxylon.linostachys.ssp.brachyphyllum","Lygistorrhina.sp",0.1066666667
"M_075.1","Claoxylon.linostachys.ssp.brachyphyllum","Macroglossum.milvus.Boisduval",0
"M_075.1","Claoxylon.linostachys.ssp.brachyphyllum","Mauritiborium.undulatus",0
"M_075.1","Claoxylon.linostachys.ssp.brachyphyllum","Melanagromyza.sojae.Zehntner",0
"M_075.1","Claoxylon.linostachys.ssp.brachyphyllum","Melanostoma.annulipes.Macquart",0
"M_075.1","Claoxylon.linostachys.ssp.brachyphyllum","Melanostoma.bituberculatum.Loew",0
"M_075.1","Claoxylon.linostachys.ssp.brachyphyllum","Miridae.sp1",0
"M_075.1","Claoxylon.linostachys.ssp.brachyphyllum","Mordellidae.sp1",0
"M_075.1","Claoxylon.linostachys.ssp.brachyphyllum","Mordellidae.sp2",0
"M_075.1","Claoxylon.linostachys.ssp.brachyphyllum","Mordellidae.sp3",0
"M_075.1","Claoxylon.linostachys.ssp.brachyphyllum","Musca.confiscata.Speiser",0
"M_075.1","Claoxylon.linostachys.ssp.brachyphyllum","Musca.domestica.Linnaeus",0
"M_075.1","Claoxylon.linostachys.ssp.brachyphyllum","Nacoleia.sp1",0
"M_075.1","Claoxylon.linostachys.ssp.brachyphyllum","Nacoleia.sp2",0
"M_075.1","Claoxylon.linostachys.ssp.brachyphyllum","Nitidulidae.sp1",0
"M_075.1","Claoxylon.linostachys.ssp.brachyphyllum","Nyctemera.insulare.Boisduval",0
"M_075.1","Claoxylon.linostachys.ssp.brachyphyllum","Ophyra.capensis.Wiedemann",0
"M_075.1","Claoxylon.linostachys.ssp.brachyphyllum","Orchisia.costata.Meigen",0
"M_075.1","Claoxylon.linostachys.ssp.brachyphyllum","Ornidia.obesa.Fabricius",0
"M_075.1","Claoxylon.linostachys.ssp.brachyphyllum","Orthellia.albigena.Stein",0
"M_075.1","Claoxylon.linostachys.ssp.brachyphyllum","Pachycerina.crinicornis.Thomson",0
"M_075.1","Claoxylon.linostachys.ssp.brachyphyllum","Palexorista.sp1",0
"M_075.1","Claoxylon.linostachys.ssp.brachyphyllum","Panara.naso.Fabricius",0
"M_075.1","Claoxylon.linostachys.ssp.brachyphyllum","Paragus.borbonicus.Macquart",0.1777777778
"M_075.1","Claoxylon.linostachys.ssp.brachyphyllum","Pelecophora.intemipta.All",0
"M_075.1","Claoxylon.linostachys.ssp.brachyphyllum","Phalanta.phalantha.Drury",0
"M_075.1","Claoxylon.linostachys.ssp.brachyphyllum","Pheidole.megacephala.Fabricius",0
"M_075.1","Claoxylon.linostachys.ssp.brachyphyllum","Phelsuma.cepediana.Merrem",0
"M_075.1","Claoxylon.linostachys.ssp.brachyphyllum","Phorinia.sp",0
"M_075.1","Claoxylon.linostachys.ssp.brachyphyllum","Polistes.hebraeus.Fabricius",0
"M_075.1","Claoxylon.linostachys.ssp.brachyphyllum","Psyllidae.sp2",0
"M_075.1","Claoxylon.linostachys.ssp.brachyphyllum","Sapromyza.sp.near..nudiuscula.Lamb",0
"M_075.1","Claoxylon.linostachys.ssp.brachyphyllum","Sarcophaga.arno.Curran",0
"M_075.1","Claoxylon.linostachys.ssp.brachyphyllum","Scatopsidae.sp",0
"M_075.1","Claoxylon.linostachys.ssp.brachyphyllum","Scirtidae.sp1",0
"M_075.1","Claoxylon.linostachys.ssp.brachyphyllum","Scirtidae.sp2",0
"M_075.1","Claoxylon.linostachys.ssp.brachyphyllum","Scolia.carniflex.Coquillett",0
"M_075.1","Claoxylon.linostachys.ssp.brachyphyllum","Scopariinae.sp",0
"M_075.1","Claoxylon.linostachys.ssp.brachyphyllum","Simulium.Byssodon.sp2",0
"M_075.1","Claoxylon.linostachys.ssp.brachyphyllum","Siphona.sp",0
"M_075.1","Claoxylon.linostachys.ssp.brachyphyllum","Stomorhina.lunata.Fabricius",0
"M_075.1","Claoxylon.linostachys.ssp.brachyphyllum","Stomoxys.calcitrans.Linnaeus",0
"M_075.1","Claoxylon.linostachys.ssp.brachyphyllum","Stomoxys.niger.Macquart",0
"M_075.1","Claoxylon.linostachys.ssp.brachyphyllum","Syritta.bulbus.Walker",0
"M_075.1","Claoxylon.linostachys.ssp.brachyphyllum","Syritta.nigrofemorata.Macquart",0
"M_075.1","Claoxylon.linostachys.ssp.brachyphyllum","Syritta.spnear.abyssinica.Rondani",0
"M_075.1","Claoxylon.linostachys.ssp.brachyphyllum","Technomyrmex.albipes.Smith",0
"M_075.1","Claoxylon.linostachys.ssp.brachyphyllum","Thelairodrino.sp",0
"M_075.1","Claoxylon.linostachys.ssp.brachyphyllum","Thysanoplusia.orichalcea.Fabricius",0
"M_075.1","Claoxylon.linostachys.ssp.brachyphyllum","Villa.unifasciata.Macquart",0
"M_075.1","Claoxylon.linostachys.ssp.brachyphyllum","Zosterops.mauritianus.Gmelin",0
"M_075.1","Clidemia.hirta","Agathidinae.sp",0
"M_075.1","Clidemia.hirta","Ahasverus.advena.Waltle",0
"M_075.1","Clidemia.hirta","Allograpta.nasuta.Marquart",0
"M_075.1","Clidemia.hirta","Apis.mellifera.Linnaeus",0
"M_075.1","Clidemia.hirta","Atherigona.orientalis.Schiner",0
"M_075.1","Clidemia.hirta","Brachymyrmex.sp",0
"M_075.1","Clidemia.hirta","Calopsilia.florella.Fabricius",0
"M_075.1","Clidemia.hirta","Campopleginae.sp1",0
"M_075.1","Clidemia.hirta","Cerambycidae.sp1",0
"M_075.1","Clidemia.hirta","Cerambycidae.sp2",0
"M_075.1","Clidemia.hirta","Cerambycidae.sp3",0
"M_075.1","Clidemia.hirta","Ceratitis.roas.Karsch",0
"M_075.1","Clidemia.hirta","Chaetocnema.sp1",0
"M_075.1","Clidemia.hirta","Cheloninae.sp1",0
"M_075.1","Clidemia.hirta","Cheloninae.sp3",0
"M_075.1","Clidemia.hirta","Chrysomya.megacephala.Fabricius",0
"M_075.1","Clidemia.hirta","Cixiidae.sp1",0
"M_075.1","Clidemia.hirta","Cixiidae.sp2",0
"M_075.1","Clidemia.hirta","Cotesia.sp1",0
"M_075.1","Clidemia.hirta","Cratopus.psittacus.Faimaire",0
"M_075.1","Clidemia.hirta","Cryptocephalinae.sp1",0
"M_075.1","Clidemia.hirta","Dasytinae.sp1",0
"M_075.1","Clidemia.hirta","Dioxyna.sororcula.Wiedemann",0
"M_075.1","Clidemia.hirta","Diptera.sp2",0
"M_075.1","Clidemia.hirta","Diptera.sp3",0
"M_075.1","Clidemia.hirta","Dysauxes.florida.Joan",0
"M_075.1","Clidemia.hirta","Episyrphus.sp.near.circularis.Hull",0
"M_075.1","Clidemia.hirta","Eristalinus.flaveolus.Bigot",0
"M_075.1","Clidemia.hirta","Eumolpinae.sp2",0
"M_075.1","Clidemia.hirta","Eumolpinae.sp3",0
"M_075.1","Clidemia.hirta","Eurytonidae.sp1",0
"M_075.1","Clidemia.hirta","Fannia.pusio.Wiedemann",0
"M_075.1","Clidemia.hirta","Gelechioidea.sp1",0
"M_075.1","Clidemia.hirta","Gelechioidea.sp2",0
"M_075.1","Clidemia.hirta","Gelechioidea.sp3",0
"M_075.1","Clidemia.hirta","Goniurellia.or.Dectodes.sp",0
"M_075.1","Clidemia.hirta","Graphomya.maculata.Scopoli",0
"M_075.1","Clidemia.hirta","Henotesia.narcissus.Fabricius",0
"M_075.1","Clidemia.hirta","Hippotion.eson.Cramer",0
"M_075.1","Clidemia.hirta","Homoneura.sp2",0
"M_075.1","Clidemia.hirta","Homoneura.sp3",0
"M_075.1","Clidemia.hirta","Hydrotaea.fuliginosa.Robineau.Desvoidy",0
"M_075.1","Clidemia.hirta","Ischiodon.aegyptius.Wiedemann",0
"M_075.1","Clidemia.hirta","Lecithoceridae.sp1",0
"M_075.1","Clidemia.hirta","Leptotes.pirithous.Linnaeus",0
"M_075.1","Clidemia.hirta","Limnophora.quaterna.Loew",0
"M_075.1","Clidemia.hirta","Lygaeidae.sp2",0
"M_075.1","Clidemia.hirta","Lygaeidae.sp3",0
"M_075.1","Clidemia.hirta","Lygaeidae.sp5",0
"M_075.1","Clidemia.hirta","Lygistorrhina.sp",0
"M_075.1","Clidemia.hirta","Macroglossum.milvus.Boisduval",0
"M_075.1","Clidemia.hirta","Mauritiborium.undulatus",0
"M_075.1","Clidemia.hirta","Melanagromyza.sojae.Zehntner",0
"M_075.1","Clidemia.hirta","Melanostoma.annulipes.Macquart",0
"M_075.1","Clidemia.hirta","Melanostoma.bituberculatum.Loew",0
"M_075.1","Clidemia.hirta","Miridae.sp1",0
"M_075.1","Clidemia.hirta","Mordellidae.sp1",0
"M_075.1","Clidemia.hirta","Mordellidae.sp2",0
"M_075.1","Clidemia.hirta","Mordellidae.sp3",0
"M_075.1","Clidemia.hirta","Musca.confiscata.Speiser",0
"M_075.1","Clidemia.hirta","Musca.domestica.Linnaeus",0
"M_075.1","Clidemia.hirta","Nacoleia.sp1",0
"M_075.1","Clidemia.hirta","Nacoleia.sp2",0
"M_075.1","Clidemia.hirta","Nitidulidae.sp1",0
"M_075.1","Clidemia.hirta","Nyctemera.insulare.Boisduval",0
"M_075.1","Clidemia.hirta","Ophyra.capensis.Wiedemann",0
"M_075.1","Clidemia.hirta","Orchisia.costata.Meigen",0
"M_075.1","Clidemia.hirta","Ornidia.obesa.Fabricius",0
"M_075.1","Clidemia.hirta","Orthellia.albigena.Stein",0
"M_075.1","Clidemia.hirta","Pachycerina.crinicornis.Thomson",0
"M_075.1","Clidemia.hirta","Palexorista.sp1",0
"M_075.1","Clidemia.hirta","Panara.naso.Fabricius",0
"M_075.1","Clidemia.hirta","Paragus.borbonicus.Macquart",0
"M_075.1","Clidemia.hirta","Pelecophora.intemipta.All",0
"M_075.1","Clidemia.hirta","Phalanta.phalantha.Drury",0
"M_075.1","Clidemia.hirta","Pheidole.megacephala.Fabricius",0
"M_075.1","Clidemia.hirta","Phelsuma.cepediana.Merrem",0
"M_075.1","Clidemia.hirta","Phorinia.sp",0
"M_075.1","Clidemia.hirta","Polistes.hebraeus.Fabricius",0
"M_075.1","Clidemia.hirta","Psyllidae.sp2",0
"M_075.1","Clidemia.hirta","Sapromyza.sp.near..nudiuscula.Lamb",0
"M_075.1","Clidemia.hirta","Sarcophaga.arno.Curran",0
"M_075.1","Clidemia.hirta","Scatopsidae.sp",0
"M_075.1","Clidemia.hirta","Scirtidae.sp1",0
"M_075.1","Clidemia.hirta","Scirtidae.sp2",0
"M_075.1","Clidemia.hirta","Scolia.carniflex.Coquillett",0
"M_075.1","Clidemia.hirta","Scopariinae.sp",0
"M_075.1","Clidemia.hirta","Simulium.Byssodon.sp2",0
"M_075.1","Clidemia.hirta","Siphona.sp",0
"M_075.1","Clidemia.hirta","Stomorhina.lunata.Fabricius",0
"M_075.1","Clidemia.hirta","Stomoxys.calcitrans.Linnaeus",0
"M_075.1","Clidemia.hirta","Stomoxys.niger.Macquart",0
"M_075.1","Clidemia.hirta","Syritta.bulbus.Walker",0
"M_075.1","Clidemia.hirta","Syritta.nigrofemorata.Macquart",0
"M_075.1","Clidemia.hirta","Syritta.spnear.abyssinica.Rondani",0
"M_075.1","Clidemia.hirta","Technomyrmex.albipes.Smith",0
"M_075.1","Clidemia.hirta","Thelairodrino.sp",0
"M_075.1","Clidemia.hirta","Thysanoplusia.orichalcea.Fabricius",0
"M_075.1","Clidemia.hirta","Villa.unifasciata.Macquart",0
"M_075.1","Clidemia.hirta","Zosterops.mauritianus.Gmelin",0
"M_075.1","Coffea.macrocarpa","Agathidinae.sp",0
"M_075.1","Coffea.macrocarpa","Ahasverus.advena.Waltle",0
"M_075.1","Coffea.macrocarpa","Allograpta.nasuta.Marquart",0
"M_075.1","Coffea.macrocarpa","Apis.mellifera.Linnaeus",0
"M_075.1","Coffea.macrocarpa","Atherigona.orientalis.Schiner",0
"M_075.1","Coffea.macrocarpa","Brachymyrmex.sp",0.2
"M_075.1","Coffea.macrocarpa","Calopsilia.florella.Fabricius",0
"M_075.1","Coffea.macrocarpa","Campopleginae.sp1",0
"M_075.1","Coffea.macrocarpa","Cerambycidae.sp1",0
"M_075.1","Coffea.macrocarpa","Cerambycidae.sp2",0
"M_075.1","Coffea.macrocarpa","Cerambycidae.sp3",0
"M_075.1","Coffea.macrocarpa","Ceratitis.roas.Karsch",0
"M_075.1","Coffea.macrocarpa","Chaetocnema.sp1",0.1538461538
"M_075.1","Coffea.macrocarpa","Cheloninae.sp1",0
"M_075.1","Coffea.macrocarpa","Cheloninae.sp3",0
"M_075.1","Coffea.macrocarpa","Chrysomya.megacephala.Fabricius",0
"M_075.1","Coffea.macrocarpa","Cixiidae.sp1",0
"M_075.1","Coffea.macrocarpa","Cixiidae.sp2",0
"M_075.1","Coffea.macrocarpa","Cotesia.sp1",0
"M_075.1","Coffea.macrocarpa","Cratopus.psittacus.Faimaire",0
"M_075.1","Coffea.macrocarpa","Cryptocephalinae.sp1",0
"M_075.1","Coffea.macrocarpa","Dasytinae.sp1",0
"M_075.1","Coffea.macrocarpa","Dioxyna.sororcula.Wiedemann",0
"M_075.1","Coffea.macrocarpa","Diptera.sp2",0
"M_075.1","Coffea.macrocarpa","Diptera.sp3",0
"M_075.1","Coffea.macrocarpa","Dysauxes.florida.Joan",0
"M_075.1","Coffea.macrocarpa","Episyrphus.sp.near.circularis.Hull",0
"M_075.1","Coffea.macrocarpa","Eristalinus.flaveolus.Bigot",0
"M_075.1","Coffea.macrocarpa","Eumolpinae.sp2",0
"M_075.1","Coffea.macrocarpa","Eumolpinae.sp3",0
"M_075.1","Coffea.macrocarpa","Eurytonidae.sp1",0
"M_075.1","Coffea.macrocarpa","Fannia.pusio.Wiedemann",0
"M_075.1","Coffea.macrocarpa","Gelechioidea.sp1",0
"M_075.1","Coffea.macrocarpa","Gelechioidea.sp2",0
"M_075.1","Coffea.macrocarpa","Gelechioidea.sp3",0
"M_075.1","Coffea.macrocarpa","Goniurellia.or.Dectodes.sp",0
"M_075.1","Coffea.macrocarpa","Graphomya.maculata.Scopoli",0
"M_075.1","Coffea.macrocarpa","Henotesia.narcissus.Fabricius",0
"M_075.1","Coffea.macrocarpa","Hippotion.eson.Cramer",0
"M_075.1","Coffea.macrocarpa","Homoneura.sp2",0
"M_075.1","Coffea.macrocarpa","Homoneura.sp3",0
"M_075.1","Coffea.macrocarpa","Hydrotaea.fuliginosa.Robineau.Desvoidy",0
"M_075.1","Coffea.macrocarpa","Ischiodon.aegyptius.Wiedemann",0
"M_075.1","Coffea.macrocarpa","Lecithoceridae.sp1",0
"M_075.1","Coffea.macrocarpa","Leptotes.pirithous.Linnaeus",0
"M_075.1","Coffea.macrocarpa","Limnophora.quaterna.Loew",0
"M_075.1","Coffea.macrocarpa","Lygaeidae.sp2",0
"M_075.1","Coffea.macrocarpa","Lygaeidae.sp3",0
"M_075.1","Coffea.macrocarpa","Lygaeidae.sp5",0
"M_075.1","Coffea.macrocarpa","Lygistorrhina.sp",0
"M_075.1","Coffea.macrocarpa","Macroglossum.milvus.Boisduval",0
"M_075.1","Coffea.macrocarpa","Mauritiborium.undulatus",0
"M_075.1","Coffea.macrocarpa","Melanagromyza.sojae.Zehntner",0
"M_075.1","Coffea.macrocarpa","Melanostoma.annulipes.Macquart",0
"M_075.1","Coffea.macrocarpa","Melanostoma.bituberculatum.Loew",0
"M_075.1","Coffea.macrocarpa","Miridae.sp1",0
"M_075.1","Coffea.macrocarpa","Mordellidae.sp1",0
"M_075.1","Coffea.macrocarpa","Mordellidae.sp2",0
"M_075.1","Coffea.macrocarpa","Mordellidae.sp3",0
"M_075.1","Coffea.macrocarpa","Musca.confiscata.Speiser",0
"M_075.1","Coffea.macrocarpa","Musca.domestica.Linnaeus",0
"M_075.1","Coffea.macrocarpa","Nacoleia.sp1",0.5208333333
"M_075.1","Coffea.macrocarpa","Nacoleia.sp2",0
"M_075.1","Coffea.macrocarpa","Nitidulidae.sp1",0
"M_075.1","Coffea.macrocarpa","Nyctemera.insulare.Boisduval",0
"M_075.1","Coffea.macrocarpa","Ophyra.capensis.Wiedemann",0
"M_075.1","Coffea.macrocarpa","Orchisia.costata.Meigen",0
"M_075.1","Coffea.macrocarpa","Ornidia.obesa.Fabricius",0
"M_075.1","Coffea.macrocarpa","Orthellia.albigena.Stein",0
"M_075.1","Coffea.macrocarpa","Pachycerina.crinicornis.Thomson",0
"M_075.1","Coffea.macrocarpa","Palexorista.sp1",0
"M_075.1","Coffea.macrocarpa","Panara.naso.Fabricius",0
"M_075.1","Coffea.macrocarpa","Paragus.borbonicus.Macquart",0
"M_075.1","Coffea.macrocarpa","Pelecophora.intemipta.All",0
"M_075.1","Coffea.macrocarpa","Phalanta.phalantha.Drury",0
"M_075.1","Coffea.macrocarpa","Pheidole.megacephala.Fabricius",0
"M_075.1","Coffea.macrocarpa","Phelsuma.cepediana.Merrem",0
"M_075.1","Coffea.macrocarpa","Phorinia.sp",0
"M_075.1","Coffea.macrocarpa","Polistes.hebraeus.Fabricius",0
"M_075.1","Coffea.macrocarpa","Psyllidae.sp2",0
"M_075.1","Coffea.macrocarpa","Sapromyza.sp.near..nudiuscula.Lamb",0
"M_075.1","Coffea.macrocarpa","Sarcophaga.arno.Curran",0
"M_075.1","Coffea.macrocarpa","Scatopsidae.sp",0
"M_075.1","Coffea.macrocarpa","Scirtidae.sp1",0
"M_075.1","Coffea.macrocarpa","Scirtidae.sp2",0
"M_075.1","Coffea.macrocarpa","Scolia.carniflex.Coquillett",0
"M_075.1","Coffea.macrocarpa","Scopariinae.sp",0
"M_075.1","Coffea.macrocarpa","Simulium.Byssodon.sp2",0
"M_075.1","Coffea.macrocarpa","Siphona.sp",0
"M_075.1","Coffea.macrocarpa","Stomorhina.lunata.Fabricius",0
"M_075.1","Coffea.macrocarpa","Stomoxys.calcitrans.Linnaeus",0
"M_075.1","Coffea.macrocarpa","Stomoxys.niger.Macquart",0
"M_075.1","Coffea.macrocarpa","Syritta.bulbus.Walker",0
"M_075.1","Coffea.macrocarpa","Syritta.nigrofemorata.Macquart",0
"M_075.1","Coffea.macrocarpa","Syritta.spnear.abyssinica.Rondani",0
"M_075.1","Coffea.macrocarpa","Technomyrmex.albipes.Smith",0.1538461538
"M_075.1","Coffea.macrocarpa","Thelairodrino.sp",0
"M_075.1","Coffea.macrocarpa","Thysanoplusia.orichalcea.Fabricius",0
"M_075.1","Coffea.macrocarpa","Villa.unifasciata.Macquart",0
"M_075.1","Coffea.macrocarpa","Zosterops.mauritianus.Gmelin",0
"M_075.1","Coffea.mauritiana","Agathidinae.sp",0
"M_075.1","Coffea.mauritiana","Ahasverus.advena.Waltle",0
"M_075.1","Coffea.mauritiana","Allograpta.nasuta.Marquart",0
"M_075.1","Coffea.mauritiana","Apis.mellifera.Linnaeus",0
"M_075.1","Coffea.mauritiana","Atherigona.orientalis.Schiner",0
"M_075.1","Coffea.mauritiana","Brachymyrmex.sp",0
"M_075.1","Coffea.mauritiana","Calopsilia.florella.Fabricius",0
"M_075.1","Coffea.mauritiana","Campopleginae.sp1",0
"M_075.1","Coffea.mauritiana","Cerambycidae.sp1",0
"M_075.1","Coffea.mauritiana","Cerambycidae.sp2",0
"M_075.1","Coffea.mauritiana","Cerambycidae.sp3",0
"M_075.1","Coffea.mauritiana","Ceratitis.roas.Karsch",0
"M_075.1","Coffea.mauritiana","Chaetocnema.sp1",0
"M_075.1","Coffea.mauritiana","Cheloninae.sp1",0
"M_075.1","Coffea.mauritiana","Cheloninae.sp3",0
"M_075.1","Coffea.mauritiana","Chrysomya.megacephala.Fabricius",0
"M_075.1","Coffea.mauritiana","Cixiidae.sp1",0
"M_075.1","Coffea.mauritiana","Cixiidae.sp2",0
"M_075.1","Coffea.mauritiana","Cotesia.sp1",0
"M_075.1","Coffea.mauritiana","Cratopus.psittacus.Faimaire",0
"M_075.1","Coffea.mauritiana","Cryptocephalinae.sp1",0
"M_075.1","Coffea.mauritiana","Dasytinae.sp1",0
"M_075.1","Coffea.mauritiana","Dioxyna.sororcula.Wiedemann",0
"M_075.1","Coffea.mauritiana","Diptera.sp2",0
"M_075.1","Coffea.mauritiana","Diptera.sp3",0
"M_075.1","Coffea.mauritiana","Dysauxes.florida.Joan",0
"M_075.1","Coffea.mauritiana","Episyrphus.sp.near.circularis.Hull",0
"M_075.1","Coffea.mauritiana","Eristalinus.flaveolus.Bigot",0
"M_075.1","Coffea.mauritiana","Eumolpinae.sp2",0
"M_075.1","Coffea.mauritiana","Eumolpinae.sp3",0
"M_075.1","Coffea.mauritiana","Eurytonidae.sp1",0
"M_075.1","Coffea.mauritiana","Fannia.pusio.Wiedemann",0
"M_075.1","Coffea.mauritiana","Gelechioidea.sp1",0
"M_075.1","Coffea.mauritiana","Gelechioidea.sp2",0
"M_075.1","Coffea.mauritiana","Gelechioidea.sp3",0
"M_075.1","Coffea.mauritiana","Goniurellia.or.Dectodes.sp",0
"M_075.1","Coffea.mauritiana","Graphomya.maculata.Scopoli",0
"M_075.1","Coffea.mauritiana","Henotesia.narcissus.Fabricius",0
"M_075.1","Coffea.mauritiana","Hippotion.eson.Cramer",0
"M_075.1","Coffea.mauritiana","Homoneura.sp2",0
"M_075.1","Coffea.mauritiana","Homoneura.sp3",0
"M_075.1","Coffea.mauritiana","Hydrotaea.fuliginosa.Robineau.Desvoidy",0
"M_075.1","Coffea.mauritiana","Ischiodon.aegyptius.Wiedemann",0
"M_075.1","Coffea.mauritiana","Lecithoceridae.sp1",0
"M_075.1","Coffea.mauritiana","Leptotes.pirithous.Linnaeus",0
"M_075.1","Coffea.mauritiana","Limnophora.quaterna.Loew",0
"M_075.1","Coffea.mauritiana","Lygaeidae.sp2",0
"M_075.1","Coffea.mauritiana","Lygaeidae.sp3",0
"M_075.1","Coffea.mauritiana","Lygaeidae.sp5",0
"M_075.1","Coffea.mauritiana","Lygistorrhina.sp",0
"M_075.1","Coffea.mauritiana","Macroglossum.milvus.Boisduval",0
"M_075.1","Coffea.mauritiana","Mauritiborium.undulatus",0
"M_075.1","Coffea.mauritiana","Melanagromyza.sojae.Zehntner",0
"M_075.1","Coffea.mauritiana","Melanostoma.annulipes.Macquart",0
"M_075.1","Coffea.mauritiana","Melanostoma.bituberculatum.Loew",0
"M_075.1","Coffea.mauritiana","Miridae.sp1",0
"M_075.1","Coffea.mauritiana","Mordellidae.sp1",0
"M_075.1","Coffea.mauritiana","Mordellidae.sp2",0
"M_075.1","Coffea.mauritiana","Mordellidae.sp3",0
"M_075.1","Coffea.mauritiana","Musca.confiscata.Speiser",0
"M_075.1","Coffea.mauritiana","Musca.domestica.Linnaeus",0
"M_075.1","Coffea.mauritiana","Nacoleia.sp1",0.2222222222
"M_075.1","Coffea.mauritiana","Nacoleia.sp2",0
"M_075.1","Coffea.mauritiana","Nitidulidae.sp1",0
"M_075.1","Coffea.mauritiana","Nyctemera.insulare.Boisduval",0
"M_075.1","Coffea.mauritiana","Ophyra.capensis.Wiedemann",0
"M_075.1","Coffea.mauritiana","Orchisia.costata.Meigen",0
"M_075.1","Coffea.mauritiana","Ornidia.obesa.Fabricius",0
"M_075.1","Coffea.mauritiana","Orthellia.albigena.Stein",0
"M_075.1","Coffea.mauritiana","Pachycerina.crinicornis.Thomson",0
"M_075.1","Coffea.mauritiana","Palexorista.sp1",0
"M_075.1","Coffea.mauritiana","Panara.naso.Fabricius",0
"M_075.1","Coffea.mauritiana","Paragus.borbonicus.Macquart",0
"M_075.1","Coffea.mauritiana","Pelecophora.intemipta.All",0
"M_075.1","Coffea.mauritiana","Phalanta.phalantha.Drury",0
"M_075.1","Coffea.mauritiana","Pheidole.megacephala.Fabricius",0
"M_075.1","Coffea.mauritiana","Phelsuma.cepediana.Merrem",0
"M_075.1","Coffea.mauritiana","Phorinia.sp",0
"M_075.1","Coffea.mauritiana","Polistes.hebraeus.Fabricius",0
"M_075.1","Coffea.mauritiana","Psyllidae.sp2",0
"M_075.1","Coffea.mauritiana","Sapromyza.sp.near..nudiuscula.Lamb",0
"M_075.1","Coffea.mauritiana","Sarcophaga.arno.Curran",0
"M_075.1","Coffea.mauritiana","Scatopsidae.sp",0
"M_075.1","Coffea.mauritiana","Scirtidae.sp1",0
"M_075.1","Coffea.mauritiana","Scirtidae.sp2",0
"M_075.1","Coffea.mauritiana","Scolia.carniflex.Coquillett",0
"M_075.1","Coffea.mauritiana","Scopariinae.sp",0
"M_075.1","Coffea.mauritiana","Simulium.Byssodon.sp2",0
"M_075.1","Coffea.mauritiana","Siphona.sp",0
"M_075.1","Coffea.mauritiana","Stomorhina.lunata.Fabricius",0
"M_075.1","Coffea.mauritiana","Stomoxys.calcitrans.Linnaeus",0
"M_075.1","Coffea.mauritiana","Stomoxys.niger.Macquart",0
"M_075.1","Coffea.mauritiana","Syritta.bulbus.Walker",0
"M_075.1","Coffea.mauritiana","Syritta.nigrofemorata.Macquart",0
"M_075.1","Coffea.mauritiana","Syritta.spnear.abyssinica.Rondani",0
"M_075.1","Coffea.mauritiana","Technomyrmex.albipes.Smith",0
"M_075.1","Coffea.mauritiana","Thelairodrino.sp",0
"M_075.1","Coffea.mauritiana","Thysanoplusia.orichalcea.Fabricius",0
"M_075.1","Coffea.mauritiana","Villa.unifasciata.Macquart",0
"M_075.1","Coffea.mauritiana","Zosterops.mauritianus.Gmelin",0
"M_075.1","Cordemoya.integrifolia","Agathidinae.sp",0
"M_075.1","Cordemoya.integrifolia","Ahasverus.advena.Waltle",0
"M_075.1","Cordemoya.integrifolia","Allograpta.nasuta.Marquart",0
"M_075.1","Cordemoya.integrifolia","Apis.mellifera.Linnaeus",0
"M_075.1","Cordemoya.integrifolia","Atherigona.orientalis.Schiner",0
"M_075.1","Cordemoya.integrifolia","Brachymyrmex.sp",0
"M_075.1","Cordemoya.integrifolia","Calopsilia.florella.Fabricius",0
"M_075.1","Cordemoya.integrifolia","Campopleginae.sp1",0
"M_075.1","Cordemoya.integrifolia","Cerambycidae.sp1",0
"M_075.1","Cordemoya.integrifolia","Cerambycidae.sp2",0
"M_075.1","Cordemoya.integrifolia","Cerambycidae.sp3",0
"M_075.1","Cordemoya.integrifolia","Ceratitis.roas.Karsch",0
"M_075.1","Cordemoya.integrifolia","Chaetocnema.sp1",1.4285714286
"M_075.1","Cordemoya.integrifolia","Cheloninae.sp1",0
"M_075.1","Cordemoya.integrifolia","Cheloninae.sp3",0
"M_075.1","Cordemoya.integrifolia","Chrysomya.megacephala.Fabricius",0
"M_075.1","Cordemoya.integrifolia","Cixiidae.sp1",0
"M_075.1","Cordemoya.integrifolia","Cixiidae.sp2",0
"M_075.1","Cordemoya.integrifolia","Cotesia.sp1",0
"M_075.1","Cordemoya.integrifolia","Cratopus.psittacus.Faimaire",0
"M_075.1","Cordemoya.integrifolia","Cryptocephalinae.sp1",0
"M_075.1","Cordemoya.integrifolia","Dasytinae.sp1",0
"M_075.1","Cordemoya.integrifolia","Dioxyna.sororcula.Wiedemann",0
"M_075.1","Cordemoya.integrifolia","Diptera.sp2",0
"M_075.1","Cordemoya.integrifolia","Diptera.sp3",0
"M_075.1","Cordemoya.integrifolia","Dysauxes.florida.Joan",0
"M_075.1","Cordemoya.integrifolia","Episyrphus.sp.near.circularis.Hull",0
"M_075.1","Cordemoya.integrifolia","Eristalinus.flaveolus.Bigot",0
"M_075.1","Cordemoya.integrifolia","Eumolpinae.sp2",0
"M_075.1","Cordemoya.integrifolia","Eumolpinae.sp3",0
"M_075.1","Cordemoya.integrifolia","Eurytonidae.sp1",0
"M_075.1","Cordemoya.integrifolia","Fannia.pusio.Wiedemann",0
"M_075.1","Cordemoya.integrifolia","Gelechioidea.sp1",0
"M_075.1","Cordemoya.integrifolia","Gelechioidea.sp2",0
"M_075.1","Cordemoya.integrifolia","Gelechioidea.sp3",0
"M_075.1","Cordemoya.integrifolia","Goniurellia.or.Dectodes.sp",0
"M_075.1","Cordemoya.integrifolia","Graphomya.maculata.Scopoli",0
"M_075.1","Cordemoya.integrifolia","Henotesia.narcissus.Fabricius",0
"M_075.1","Cordemoya.integrifolia","Hippotion.eson.Cramer",0
"M_075.1","Cordemoya.integrifolia","Homoneura.sp2",0
"M_075.1","Cordemoya.integrifolia","Homoneura.sp3",0
"M_075.1","Cordemoya.integrifolia","Hydrotaea.fuliginosa.Robineau.Desvoidy",0
"M_075.1","Cordemoya.integrifolia","Ischiodon.aegyptius.Wiedemann",0
"M_075.1","Cordemoya.integrifolia","Lecithoceridae.sp1",0
"M_075.1","Cordemoya.integrifolia","Leptotes.pirithous.Linnaeus",0
"M_075.1","Cordemoya.integrifolia","Limnophora.quaterna.Loew",0
"M_075.1","Cordemoya.integrifolia","Lygaeidae.sp2",0
"M_075.1","Cordemoya.integrifolia","Lygaeidae.sp3",0
"M_075.1","Cordemoya.integrifolia","Lygaeidae.sp5",0
"M_075.1","Cordemoya.integrifolia","Lygistorrhina.sp",0.125
"M_075.1","Cordemoya.integrifolia","Macroglossum.milvus.Boisduval",0
"M_075.1","Cordemoya.integrifolia","Mauritiborium.undulatus",0
"M_075.1","Cordemoya.integrifolia","Melanagromyza.sojae.Zehntner",0
"M_075.1","Cordemoya.integrifolia","Melanostoma.annulipes.Macquart",0
"M_075.1","Cordemoya.integrifolia","Melanostoma.bituberculatum.Loew",0
"M_075.1","Cordemoya.integrifolia","Miridae.sp1",0
"M_075.1","Cordemoya.integrifolia","Mordellidae.sp1",0
"M_075.1","Cordemoya.integrifolia","Mordellidae.sp2",0
"M_075.1","Cordemoya.integrifolia","Mordellidae.sp3",0
"M_075.1","Cordemoya.integrifolia","Musca.confiscata.Speiser",0
"M_075.1","Cordemoya.integrifolia","Musca.domestica.Linnaeus",0
"M_075.1","Cordemoya.integrifolia","Nacoleia.sp1",0
"M_075.1","Cordemoya.integrifolia","Nacoleia.sp2",0
"M_075.1","Cordemoya.integrifolia","Nitidulidae.sp1",0
"M_075.1","Cordemoya.integrifolia","Nyctemera.insulare.Boisduval",0
"M_075.1","Cordemoya.integrifolia","Ophyra.capensis.Wiedemann",0
"M_075.1","Cordemoya.integrifolia","Orchisia.costata.Meigen",0
"M_075.1","Cordemoya.integrifolia","Ornidia.obesa.Fabricius",0
"M_075.1","Cordemoya.integrifolia","Orthellia.albigena.Stein",0
"M_075.1","Cordemoya.integrifolia","Pachycerina.crinicornis.Thomson",0
"M_075.1","Cordemoya.integrifolia","Palexorista.sp1",0
"M_075.1","Cordemoya.integrifolia","Panara.naso.Fabricius",0
"M_075.1","Cordemoya.integrifolia","Paragus.borbonicus.Macquart",0
"M_075.1","Cordemoya.integrifolia","Pelecophora.intemipta.All",0
"M_075.1","Cordemoya.integrifolia","Phalanta.phalantha.Drury",0
"M_075.1","Cordemoya.integrifolia","Pheidole.megacephala.Fabricius",0
"M_075.1","Cordemoya.integrifolia","Phelsuma.cepediana.Merrem",0
"M_075.1","Cordemoya.integrifolia","Phorinia.sp",0
"M_075.1","Cordemoya.integrifolia","Polistes.hebraeus.Fabricius",0
"M_075.1","Cordemoya.integrifolia","Psyllidae.sp2",0
"M_075.1","Cordemoya.integrifolia","Sapromyza.sp.near..nudiuscula.Lamb",0
"M_075.1","Cordemoya.integrifolia","Sarcophaga.arno.Curran",0
"M_075.1","Cordemoya.integrifolia","Scatopsidae.sp",0
"M_075.1","Cordemoya.integrifolia","Scirtidae.sp1",0
"M_075.1","Cordemoya.integrifolia","Scirtidae.sp2",0
"M_075.1","Cordemoya.integrifolia","Scolia.carniflex.Coquillett",0
"M_075.1","Cordemoya.integrifolia","Scopariinae.sp",0
"M_075.1","Cordemoya.integrifolia","Simulium.Byssodon.sp2",0
"M_075.1","Cordemoya.integrifolia","Siphona.sp",0
"M_075.1","Cordemoya.integrifolia","Stomorhina.lunata.Fabricius",0
"M_075.1","Cordemoya.integrifolia","Stomoxys.calcitrans.Linnaeus",0
"M_075.1","Cordemoya.integrifolia","Stomoxys.niger.Macquart",0
"M_075.1","Cordemoya.integrifolia","Syritta.bulbus.Walker",0
"M_075.1","Cordemoya.integrifolia","Syritta.nigrofemorata.Macquart",0
"M_075.1","Cordemoya.integrifolia","Syritta.spnear.abyssinica.Rondani",0
"M_075.1","Cordemoya.integrifolia","Technomyrmex.albipes.Smith",0.5
"M_075.1","Cordemoya.integrifolia","Thelairodrino.sp",0
"M_075.1","Cordemoya.integrifolia","Thysanoplusia.orichalcea.Fabricius",0
"M_075.1","Cordemoya.integrifolia","Villa.unifasciata.Macquart",0
"M_075.1","Cordemoya.integrifolia","Zosterops.mauritianus.Gmelin",0
"M_075.1","Croton.fothergillifolius","Agathidinae.sp",0
"M_075.1","Croton.fothergillifolius","Ahasverus.advena.Waltle",0.3333333333
"M_075.1","Croton.fothergillifolius","Allograpta.nasuta.Marquart",0.1633333333
"M_075.1","Croton.fothergillifolius","Apis.mellifera.Linnaeus",0.1
"M_075.1","Croton.fothergillifolius","Atherigona.orientalis.Schiner",0
"M_075.1","Croton.fothergillifolius","Brachymyrmex.sp",0
"M_075.1","Croton.fothergillifolius","Calopsilia.florella.Fabricius",0
"M_075.1","Croton.fothergillifolius","Campopleginae.sp1",0
"M_075.1","Croton.fothergillifolius","Cerambycidae.sp1",0
"M_075.1","Croton.fothergillifolius","Cerambycidae.sp2",0.1333333333
"M_075.1","Croton.fothergillifolius","Cerambycidae.sp3",0
"M_075.1","Croton.fothergillifolius","Ceratitis.roas.Karsch",0
"M_075.1","Croton.fothergillifolius","Chaetocnema.sp1",9.0947224774
"M_075.1","Croton.fothergillifolius","Cheloninae.sp1",0
"M_075.1","Croton.fothergillifolius","Cheloninae.sp3",0
"M_075.1","Croton.fothergillifolius","Chrysomya.megacephala.Fabricius",0.1921568627
"M_075.1","Croton.fothergillifolius","Cixiidae.sp1",0
"M_075.1","Croton.fothergillifolius","Cixiidae.sp2",0
"M_075.1","Croton.fothergillifolius","Cotesia.sp1",0
"M_075.1","Croton.fothergillifolius","Cratopus.psittacus.Faimaire",0
"M_075.1","Croton.fothergillifolius","Cryptocephalinae.sp1",0
"M_075.1","Croton.fothergillifolius","Dasytinae.sp1",0
"M_075.1","Croton.fothergillifolius","Dioxyna.sororcula.Wiedemann",0.35
"M_075.1","Croton.fothergillifolius","Diptera.sp2",0
"M_075.1","Croton.fothergillifolius","Diptera.sp3",0
"M_075.1","Croton.fothergillifolius","Dysauxes.florida.Joan",0.4666666667
"M_075.1","Croton.fothergillifolius","Episyrphus.sp.near.circularis.Hull",0
"M_075.1","Croton.fothergillifolius","Eristalinus.flaveolus.Bigot",0
"M_075.1","Croton.fothergillifolius","Eumolpinae.sp2",0.1666666667
"M_075.1","Croton.fothergillifolius","Eumolpinae.sp3",0
"M_075.1","Croton.fothergillifolius","Eurytonidae.sp1",0
"M_075.1","Croton.fothergillifolius","Fannia.pusio.Wiedemann",0.1333333333
"M_075.1","Croton.fothergillifolius","Gelechioidea.sp1",0.0833333333
"M_075.1","Croton.fothergillifolius","Gelechioidea.sp2",0.9095022624
"M_075.1","Croton.fothergillifolius","Gelechioidea.sp3",0
"M_075.1","Croton.fothergillifolius","Goniurellia.or.Dectodes.sp",0
"M_075.1","Croton.fothergillifolius","Graphomya.maculata.Scopoli",0
"M_075.1","Croton.fothergillifolius","Henotesia.narcissus.Fabricius",0
"M_075.1","Croton.fothergillifolius","Hippotion.eson.Cramer",0
"M_075.1","Croton.fothergillifolius","Homoneura.sp2",0
"M_075.1","Croton.fothergillifolius","Homoneura.sp3",0
"M_075.1","Croton.fothergillifolius","Hydrotaea.fuliginosa.Robineau.Desvoidy",0
"M_075.1","Croton.fothergillifolius","Ischiodon.aegyptius.Wiedemann",0
"M_075.1","Croton.fothergillifolius","Lecithoceridae.sp1",0
"M_075.1","Croton.fothergillifolius","Leptotes.pirithous.Linnaeus",0
"M_075.1","Croton.fothergillifolius","Limnophora.quaterna.Loew",0
"M_075.1","Croton.fothergillifolius","Lygaeidae.sp2",0
"M_075.1","Croton.fothergillifolius","Lygaeidae.sp3",0
"M_075.1","Croton.fothergillifolius","Lygaeidae.sp5",0
"M_075.1","Croton.fothergillifolius","Lygistorrhina.sp",1.130952381
"M_075.1","Croton.fothergillifolius","Macroglossum.milvus.Boisduval",0
"M_075.1","Croton.fothergillifolius","Mauritiborium.undulatus",0
"M_075.1","Croton.fothergillifolius","Melanagromyza.sojae.Zehntner",0
"M_075.1","Croton.fothergillifolius","Melanostoma.annulipes.Macquart",0.1526315789
"M_075.1","Croton.fothergillifolius","Melanostoma.bituberculatum.Loew",0
"M_075.1","Croton.fothergillifolius","Miridae.sp1",0
"M_075.1","Croton.fothergillifolius","Mordellidae.sp1",0
"M_075.1","Croton.fothergillifolius","Mordellidae.sp2",0
"M_075.1","Croton.fothergillifolius","Mordellidae.sp3",0
"M_075.1","Croton.fothergillifolius","Musca.confiscata.Speiser",0
"M_075.1","Croton.fothergillifolius","Musca.domestica.Linnaeus",0.3924426451
"M_075.1","Croton.fothergillifolius","Nacoleia.sp1",0.7977124183
"M_075.1","Croton.fothergillifolius","Nacoleia.sp2",0.1333333333
"M_075.1","Croton.fothergillifolius","Nitidulidae.sp1",0
"M_075.1","Croton.fothergillifolius","Nyctemera.insulare.Boisduval",0
"M_075.1","Croton.fothergillifolius","Ophyra.capensis.Wiedemann",0
"M_075.1","Croton.fothergillifolius","Orchisia.costata.Meigen",0
"M_075.1","Croton.fothergillifolius","Ornidia.obesa.Fabricius",0
"M_075.1","Croton.fothergillifolius","Orthellia.albigena.Stein",0
"M_075.1","Croton.fothergillifolius","Pachycerina.crinicornis.Thomson",0.9333333333
"M_075.1","Croton.fothergillifolius","Palexorista.sp1",0
"M_075.1","Croton.fothergillifolius","Panara.naso.Fabricius",0.0588235294
"M_075.1","Croton.fothergillifolius","Paragus.borbonicus.Macquart",0
"M_075.1","Croton.fothergillifolius","Pelecophora.intemipta.All",0
"M_075.1","Croton.fothergillifolius","Phalanta.phalantha.Drury",0
"M_075.1","Croton.fothergillifolius","Pheidole.megacephala.Fabricius",0
"M_075.1","Croton.fothergillifolius","Phelsuma.cepediana.Merrem",0
"M_075.1","Croton.fothergillifolius","Phorinia.sp",0
"M_075.1","Croton.fothergillifolius","Polistes.hebraeus.Fabricius",0
"M_075.1","Croton.fothergillifolius","Psyllidae.sp2",0
"M_075.1","Croton.fothergillifolius","Sapromyza.sp.near..nudiuscula.Lamb",0
"M_075.1","Croton.fothergillifolius","Sarcophaga.arno.Curran",0
"M_075.1","Croton.fothergillifolius","Scatopsidae.sp",0
"M_075.1","Croton.fothergillifolius","Scirtidae.sp1",0.1428571429
"M_075.1","Croton.fothergillifolius","Scirtidae.sp2",0.1
"M_075.1","Croton.fothergillifolius","Scolia.carniflex.Coquillett",0
"M_075.1","Croton.fothergillifolius","Scopariinae.sp",0.04
"M_075.1","Croton.fothergillifolius","Simulium.Byssodon.sp2",0
"M_075.1","Croton.fothergillifolius","Siphona.sp",0
"M_075.1","Croton.fothergillifolius","Stomorhina.lunata.Fabricius",0.8437154349
"M_075.1","Croton.fothergillifolius","Stomoxys.calcitrans.Linnaeus",0.3833333333
"M_075.1","Croton.fothergillifolius","Stomoxys.niger.Macquart",0
"M_075.1","Croton.fothergillifolius","Syritta.bulbus.Walker",0
"M_075.1","Croton.fothergillifolius","Syritta.nigrofemorata.Macquart",0.2261904762
"M_075.1","Croton.fothergillifolius","Syritta.spnear.abyssinica.Rondani",0
"M_075.1","Croton.fothergillifolius","Technomyrmex.albipes.Smith",3.5047619048
"M_075.1","Croton.fothergillifolius","Thelairodrino.sp",0.1
"M_075.1","Croton.fothergillifolius","Thysanoplusia.orichalcea.Fabricius",0
"M_075.1","Croton.fothergillifolius","Villa.unifasciata.Macquart",0.6
"M_075.1","Croton.fothergillifolius","Zosterops.mauritianus.Gmelin",0
"M_075.1","Croton.grangeroides","Agathidinae.sp",0
"M_075.1","Croton.grangeroides","Ahasverus.advena.Waltle",0
"M_075.1","Croton.grangeroides","Allograpta.nasuta.Marquart",0
"M_075.1","Croton.grangeroides","Apis.mellifera.Linnaeus",0.0285714286
"M_075.1","Croton.grangeroides","Atherigona.orientalis.Schiner",0
"M_075.1","Croton.grangeroides","Brachymyrmex.sp",0
"M_075.1","Croton.grangeroides","Calopsilia.florella.Fabricius",0
"M_075.1","Croton.grangeroides","Campopleginae.sp1",0
"M_075.1","Croton.grangeroides","Cerambycidae.sp1",0
"M_075.1","Croton.grangeroides","Cerambycidae.sp2",0
"M_075.1","Croton.grangeroides","Cerambycidae.sp3",0
"M_075.1","Croton.grangeroides","Ceratitis.roas.Karsch",0
"M_075.1","Croton.grangeroides","Chaetocnema.sp1",6.2541125541
"M_075.1","Croton.grangeroides","Cheloninae.sp1",0
"M_075.1","Croton.grangeroides","Cheloninae.sp3",0
"M_075.1","Croton.grangeroides","Chrysomya.megacephala.Fabricius",0.3163692931
"M_075.1","Croton.grangeroides","Cixiidae.sp1",0
"M_075.1","Croton.grangeroides","Cixiidae.sp2",0
"M_075.1","Croton.grangeroides","Cotesia.sp1",0
"M_075.1","Croton.grangeroides","Cratopus.psittacus.Faimaire",0
"M_075.1","Croton.grangeroides","Cryptocephalinae.sp1",0
"M_075.1","Croton.grangeroides","Dasytinae.sp1",0
"M_075.1","Croton.grangeroides","Dioxyna.sororcula.Wiedemann",0
"M_075.1","Croton.grangeroides","Diptera.sp2",0
"M_075.1","Croton.grangeroides","Diptera.sp3",0
"M_075.1","Croton.grangeroides","Dysauxes.florida.Joan",1.6399635452
"M_075.1","Croton.grangeroides","Episyrphus.sp.near.circularis.Hull",0
"M_075.1","Croton.grangeroides","Eristalinus.flaveolus.Bigot",0
"M_075.1","Croton.grangeroides","Eumolpinae.sp2",0
"M_075.1","Croton.grangeroides","Eumolpinae.sp3",0
"M_075.1","Croton.grangeroides","Eurytonidae.sp1",0
"M_075.1","Croton.grangeroides","Fannia.pusio.Wiedemann",0
"M_075.1","Croton.grangeroides","Gelechioidea.sp1",0
"M_075.1","Croton.grangeroides","Gelechioidea.sp2",0
"M_075.1","Croton.grangeroides","Gelechioidea.sp3",0
"M_075.1","Croton.grangeroides","Goniurellia.or.Dectodes.sp",0
"M_075.1","Croton.grangeroides","Graphomya.maculata.Scopoli",0
"M_075.1","Croton.grangeroides","Henotesia.narcissus.Fabricius",0
"M_075.1","Croton.grangeroides","Hippotion.eson.Cramer",0
"M_075.1","Croton.grangeroides","Homoneura.sp2",0
"M_075.1","Croton.grangeroides","Homoneura.sp3",0
"M_075.1","Croton.grangeroides","Hydrotaea.fuliginosa.Robineau.Desvoidy",0
"M_075.1","Croton.grangeroides","Ischiodon.aegyptius.Wiedemann",0
"M_075.1","Croton.grangeroides","Lecithoceridae.sp1",0
"M_075.1","Croton.grangeroides","Leptotes.pirithous.Linnaeus",0
"M_075.1","Croton.grangeroides","Limnophora.quaterna.Loew",0
"M_075.1","Croton.grangeroides","Lygaeidae.sp2",0
"M_075.1","Croton.grangeroides","Lygaeidae.sp3",0
"M_075.1","Croton.grangeroides","Lygaeidae.sp5",0
"M_075.1","Croton.grangeroides","Lygistorrhina.sp",0
"M_075.1","Croton.grangeroides","Macroglossum.milvus.Boisduval",0
"M_075.1","Croton.grangeroides","Mauritiborium.undulatus",0
"M_075.1","Croton.grangeroides","Melanagromyza.sojae.Zehntner",0
"M_075.1","Croton.grangeroides","Melanostoma.annulipes.Macquart",0
"M_075.1","Croton.grangeroides","Melanostoma.bituberculatum.Loew",0
"M_075.1","Croton.grangeroides","Miridae.sp1",0
"M_075.1","Croton.grangeroides","Mordellidae.sp1",0
"M_075.1","Croton.grangeroides","Mordellidae.sp2",0
"M_075.1","Croton.grangeroides","Mordellidae.sp3",0
"M_075.1","Croton.grangeroides","Musca.confiscata.Speiser",0
"M_075.1","Croton.grangeroides","Musca.domestica.Linnaeus",0.6773399015
"M_075.1","Croton.grangeroides","Nacoleia.sp1",0.0344827586
"M_075.1","Croton.grangeroides","Nacoleia.sp2",0
"M_075.1","Croton.grangeroides","Nitidulidae.sp1",0
"M_075.1","Croton.grangeroides","Nyctemera.insulare.Boisduval",0
"M_075.1","Croton.grangeroides","Ophyra.capensis.Wiedemann",0
"M_075.1","Croton.grangeroides","Orchisia.costata.Meigen",0
"M_075.1","Croton.grangeroides","Ornidia.obesa.Fabricius",0
"M_075.1","Croton.grangeroides","Orthellia.albigena.Stein",0
"M_075.1","Croton.grangeroides","Pachycerina.crinicornis.Thomson",0
"M_075.1","Croton.grangeroides","Palexorista.sp1",0
"M_075.1","Croton.grangeroides","Panara.naso.Fabricius",0
"M_075.1","Croton.grangeroides","Paragus.borbonicus.Macquart",0.1052631579
"M_075.1","Croton.grangeroides","Pelecophora.intemipta.All",0
"M_075.1","Croton.grangeroides","Phalanta.phalantha.Drury",0
"M_075.1","Croton.grangeroides","Pheidole.megacephala.Fabricius",0
"M_075.1","Croton.grangeroides","Phelsuma.cepediana.Merrem",0
"M_075.1","Croton.grangeroides","Phorinia.sp",0
"M_075.1","Croton.grangeroides","Polistes.hebraeus.Fabricius",0
"M_075.1","Croton.grangeroides","Psyllidae.sp2",0
"M_075.1","Croton.grangeroides","Sapromyza.sp.near..nudiuscula.Lamb",0.1818181818
"M_075.1","Croton.grangeroides","Sarcophaga.arno.Curran",0.0285714286
"M_075.1","Croton.grangeroides","Scatopsidae.sp",0
"M_075.1","Croton.grangeroides","Scirtidae.sp1",0
"M_075.1","Croton.grangeroides","Scirtidae.sp2",0
"M_075.1","Croton.grangeroides","Scolia.carniflex.Coquillett",0
"M_075.1","Croton.grangeroides","Scopariinae.sp",0
"M_075.1","Croton.grangeroides","Simulium.Byssodon.sp2",0
"M_075.1","Croton.grangeroides","Siphona.sp",0
"M_075.1","Croton.grangeroides","Stomorhina.lunata.Fabricius",0.0285714286
"M_075.1","Croton.grangeroides","Stomoxys.calcitrans.Linnaeus",0.0285714286
"M_075.1","Croton.grangeroides","Stomoxys.niger.Macquart",0
"M_075.1","Croton.grangeroides","Syritta.bulbus.Walker",0
"M_075.1","Croton.grangeroides","Syritta.nigrofemorata.Macquart",0
"M_075.1","Croton.grangeroides","Syritta.spnear.abyssinica.Rondani",0.1773399015
"M_075.1","Croton.grangeroides","Technomyrmex.albipes.Smith",0
"M_075.1","Croton.grangeroides","Thelairodrino.sp",0
"M_075.1","Croton.grangeroides","Thysanoplusia.orichalcea.Fabricius",0
"M_075.1","Croton.grangeroides","Villa.unifasciata.Macquart",0
"M_075.1","Croton.grangeroides","Zosterops.mauritianus.Gmelin",0
"M_075.1","Diospyros.revaughanii","Agathidinae.sp",0
"M_075.1","Diospyros.revaughanii","Ahasverus.advena.Waltle",0
"M_075.1","Diospyros.revaughanii","Allograpta.nasuta.Marquart",0
"M_075.1","Diospyros.revaughanii","Apis.mellifera.Linnaeus",4.7222222222
"M_075.1","Diospyros.revaughanii","Atherigona.orientalis.Schiner",0
"M_075.1","Diospyros.revaughanii","Brachymyrmex.sp",0
"M_075.1","Diospyros.revaughanii","Calopsilia.florella.Fabricius",0
"M_075.1","Diospyros.revaughanii","Campopleginae.sp1",0
"M_075.1","Diospyros.revaughanii","Cerambycidae.sp1",0
"M_075.1","Diospyros.revaughanii","Cerambycidae.sp2",0
"M_075.1","Diospyros.revaughanii","Cerambycidae.sp3",0
"M_075.1","Diospyros.revaughanii","Ceratitis.roas.Karsch",0
"M_075.1","Diospyros.revaughanii","Chaetocnema.sp1",0
"M_075.1","Diospyros.revaughanii","Cheloninae.sp1",0
"M_075.1","Diospyros.revaughanii","Cheloninae.sp3",0
"M_075.1","Diospyros.revaughanii","Chrysomya.megacephala.Fabricius",0
"M_075.1","Diospyros.revaughanii","Cixiidae.sp1",0
"M_075.1","Diospyros.revaughanii","Cixiidae.sp2",0
"M_075.1","Diospyros.revaughanii","Cotesia.sp1",0
"M_075.1","Diospyros.revaughanii","Cratopus.psittacus.Faimaire",0
"M_075.1","Diospyros.revaughanii","Cryptocephalinae.sp1",0
"M_075.1","Diospyros.revaughanii","Dasytinae.sp1",0
"M_075.1","Diospyros.revaughanii","Dioxyna.sororcula.Wiedemann",0
"M_075.1","Diospyros.revaughanii","Diptera.sp2",0
"M_075.1","Diospyros.revaughanii","Diptera.sp3",0
"M_075.1","Diospyros.revaughanii","Dysauxes.florida.Joan",0
"M_075.1","Diospyros.revaughanii","Episyrphus.sp.near.circularis.Hull",0
"M_075.1","Diospyros.revaughanii","Eristalinus.flaveolus.Bigot",0
"M_075.1","Diospyros.revaughanii","Eumolpinae.sp2",0
"M_075.1","Diospyros.revaughanii","Eumolpinae.sp3",0
"M_075.1","Diospyros.revaughanii","Eurytonidae.sp1",0
"M_075.1","Diospyros.revaughanii","Fannia.pusio.Wiedemann",0
"M_075.1","Diospyros.revaughanii","Gelechioidea.sp1",0
"M_075.1","Diospyros.revaughanii","Gelechioidea.sp2",0
"M_075.1","Diospyros.revaughanii","Gelechioidea.sp3",0
"M_075.1","Diospyros.revaughanii","Goniurellia.or.Dectodes.sp",0
"M_075.1","Diospyros.revaughanii","Graphomya.maculata.Scopoli",0
"M_075.1","Diospyros.revaughanii","Henotesia.narcissus.Fabricius",0
"M_075.1","Diospyros.revaughanii","Hippotion.eson.Cramer",0
"M_075.1","Diospyros.revaughanii","Homoneura.sp2",0
"M_075.1","Diospyros.revaughanii","Homoneura.sp3",0
"M_075.1","Diospyros.revaughanii","Hydrotaea.fuliginosa.Robineau.Desvoidy",0
"M_075.1","Diospyros.revaughanii","Ischiodon.aegyptius.Wiedemann",0
"M_075.1","Diospyros.revaughanii","Lecithoceridae.sp1",0
"M_075.1","Diospyros.revaughanii","Leptotes.pirithous.Linnaeus",0
"M_075.1","Diospyros.revaughanii","Limnophora.quaterna.Loew",0
"M_075.1","Diospyros.revaughanii","Lygaeidae.sp2",0
"M_075.1","Diospyros.revaughanii","Lygaeidae.sp3",0
"M_075.1","Diospyros.revaughanii","Lygaeidae.sp5",0
"M_075.1","Diospyros.revaughanii","Lygistorrhina.sp",0
"M_075.1","Diospyros.revaughanii","Macroglossum.milvus.Boisduval",0.2857142857
"M_075.1","Diospyros.revaughanii","Mauritiborium.undulatus",0
"M_075.1","Diospyros.revaughanii","Melanagromyza.sojae.Zehntner",0
"M_075.1","Diospyros.revaughanii","Melanostoma.annulipes.Macquart",0
"M_075.1","Diospyros.revaughanii","Melanostoma.bituberculatum.Loew",0
"M_075.1","Diospyros.revaughanii","Miridae.sp1",0
"M_075.1","Diospyros.revaughanii","Mordellidae.sp1",0
"M_075.1","Diospyros.revaughanii","Mordellidae.sp2",0
"M_075.1","Diospyros.revaughanii","Mordellidae.sp3",0
"M_075.1","Diospyros.revaughanii","Musca.confiscata.Speiser",0
"M_075.1","Diospyros.revaughanii","Musca.domestica.Linnaeus",0
"M_075.1","Diospyros.revaughanii","Nacoleia.sp1",0
"M_075.1","Diospyros.revaughanii","Nacoleia.sp2",0
"M_075.1","Diospyros.revaughanii","Nitidulidae.sp1",0
"M_075.1","Diospyros.revaughanii","Nyctemera.insulare.Boisduval",0
"M_075.1","Diospyros.revaughanii","Ophyra.capensis.Wiedemann",0
"M_075.1","Diospyros.revaughanii","Orchisia.costata.Meigen",0
"M_075.1","Diospyros.revaughanii","Ornidia.obesa.Fabricius",0.5
"M_075.1","Diospyros.revaughanii","Orthellia.albigena.Stein",0
"M_075.1","Diospyros.revaughanii","Pachycerina.crinicornis.Thomson",0
"M_075.1","Diospyros.revaughanii","Palexorista.sp1",0
"M_075.1","Diospyros.revaughanii","Panara.naso.Fabricius",0
"M_075.1","Diospyros.revaughanii","Paragus.borbonicus.Macquart",0
"M_075.1","Diospyros.revaughanii","Pelecophora.intemipta.All",0
"M_075.1","Diospyros.revaughanii","Phalanta.phalantha.Drury",0
"M_075.1","Diospyros.revaughanii","Pheidole.megacephala.Fabricius",0
"M_075.1","Diospyros.revaughanii","Phelsuma.cepediana.Merrem",0
"M_075.1","Diospyros.revaughanii","Phorinia.sp",0
"M_075.1","Diospyros.revaughanii","Polistes.hebraeus.Fabricius",0
"M_075.1","Diospyros.revaughanii","Psyllidae.sp2",0
"M_075.1","Diospyros.revaughanii","Sapromyza.sp.near..nudiuscula.Lamb",0
"M_075.1","Diospyros.revaughanii","Sarcophaga.arno.Curran",0
"M_075.1","Diospyros.revaughanii","Scatopsidae.sp",0
"M_075.1","Diospyros.revaughanii","Scirtidae.sp1",0
"M_075.1","Diospyros.revaughanii","Scirtidae.sp2",0
"M_075.1","Diospyros.revaughanii","Scolia.carniflex.Coquillett",0
"M_075.1","Diospyros.revaughanii","Scopariinae.sp",0
"M_075.1","Diospyros.revaughanii","Simulium.Byssodon.sp2",0
"M_075.1","Diospyros.revaughanii","Siphona.sp",0
"M_075.1","Diospyros.revaughanii","Stomorhina.lunata.Fabricius",0
"M_075.1","Diospyros.revaughanii","Stomoxys.calcitrans.Linnaeus",0
"M_075.1","Diospyros.revaughanii","Stomoxys.niger.Macquart",0
"M_075.1","Diospyros.revaughanii","Syritta.bulbus.Walker",0
"M_075.1","Diospyros.revaughanii","Syritta.nigrofemorata.Macquart",0
"M_075.1","Diospyros.revaughanii","Syritta.spnear.abyssinica.Rondani",0
"M_075.1","Diospyros.revaughanii","Technomyrmex.albipes.Smith",0
"M_075.1","Diospyros.revaughanii","Thelairodrino.sp",0
"M_075.1","Diospyros.revaughanii","Thysanoplusia.orichalcea.Fabricius",0
"M_075.1","Diospyros.revaughanii","Villa.unifasciata.Macquart",0
"M_075.1","Diospyros.revaughanii","Zosterops.mauritianus.Gmelin",0
"M_075.1","Dodonaea.viscosa","Agathidinae.sp",0
"M_075.1","Dodonaea.viscosa","Ahasverus.advena.Waltle",0
"M_075.1","Dodonaea.viscosa","Allograpta.nasuta.Marquart",0
"M_075.1","Dodonaea.viscosa","Apis.mellifera.Linnaeus",0
"M_075.1","Dodonaea.viscosa","Atherigona.orientalis.Schiner",0
"M_075.1","Dodonaea.viscosa","Brachymyrmex.sp",0
"M_075.1","Dodonaea.viscosa","Calopsilia.florella.Fabricius",0
"M_075.1","Dodonaea.viscosa","Campopleginae.sp1",0
"M_075.1","Dodonaea.viscosa","Cerambycidae.sp1",0
"M_075.1","Dodonaea.viscosa","Cerambycidae.sp2",0
"M_075.1","Dodonaea.viscosa","Cerambycidae.sp3",0
"M_075.1","Dodonaea.viscosa","Ceratitis.roas.Karsch",0
"M_075.1","Dodonaea.viscosa","Chaetocnema.sp1",3.5
"M_075.1","Dodonaea.viscosa","Cheloninae.sp1",0
"M_075.1","Dodonaea.viscosa","Cheloninae.sp3",0.1739130435
"M_075.1","Dodonaea.viscosa","Chrysomya.megacephala.Fabricius",0
"M_075.1","Dodonaea.viscosa","Cixiidae.sp1",0
"M_075.1","Dodonaea.viscosa","Cixiidae.sp2",0.0666666667
"M_075.1","Dodonaea.viscosa","Cotesia.sp1",0
"M_075.1","Dodonaea.viscosa","Cratopus.psittacus.Faimaire",0
"M_075.1","Dodonaea.viscosa","Cryptocephalinae.sp1",0
"M_075.1","Dodonaea.viscosa","Dasytinae.sp1",0
"M_075.1","Dodonaea.viscosa","Dioxyna.sororcula.Wiedemann",0.5333333333
"M_075.1","Dodonaea.viscosa","Diptera.sp2",0.0133333333
"M_075.1","Dodonaea.viscosa","Diptera.sp3",0
"M_075.1","Dodonaea.viscosa","Dysauxes.florida.Joan",0
"M_075.1","Dodonaea.viscosa","Episyrphus.sp.near.circularis.Hull",0.2
"M_075.1","Dodonaea.viscosa","Eristalinus.flaveolus.Bigot",0
"M_075.1","Dodonaea.viscosa","Eumolpinae.sp2",0
"M_075.1","Dodonaea.viscosa","Eumolpinae.sp3",0
"M_075.1","Dodonaea.viscosa","Eurytonidae.sp1",0
"M_075.1","Dodonaea.viscosa","Fannia.pusio.Wiedemann",0.0133333333
"M_075.1","Dodonaea.viscosa","Gelechioidea.sp1",0
"M_075.1","Dodonaea.viscosa","Gelechioidea.sp2",0
"M_075.1","Dodonaea.viscosa","Gelechioidea.sp3",0
"M_075.1","Dodonaea.viscosa","Goniurellia.or.Dectodes.sp",0
"M_075.1","Dodonaea.viscosa","Graphomya.maculata.Scopoli",0.0133333333
"M_075.1","Dodonaea.viscosa","Henotesia.narcissus.Fabricius",0
"M_075.1","Dodonaea.viscosa","Hippotion.eson.Cramer",0
"M_075.1","Dodonaea.viscosa","Homoneura.sp2",0.0273972603
"M_075.1","Dodonaea.viscosa","Homoneura.sp3",0
"M_075.1","Dodonaea.viscosa","Hydrotaea.fuliginosa.Robineau.Desvoidy",0
"M_075.1","Dodonaea.viscosa","Ischiodon.aegyptius.Wiedemann",0
"M_075.1","Dodonaea.viscosa","Lecithoceridae.sp1",0
"M_075.1","Dodonaea.viscosa","Leptotes.pirithous.Linnaeus",0
"M_075.1","Dodonaea.viscosa","Limnophora.quaterna.Loew",0
"M_075.1","Dodonaea.viscosa","Lygaeidae.sp2",0
"M_075.1","Dodonaea.viscosa","Lygaeidae.sp3",0
"M_075.1","Dodonaea.viscosa","Lygaeidae.sp5",0
"M_075.1","Dodonaea.viscosa","Lygistorrhina.sp",0.04
"M_075.1","Dodonaea.viscosa","Macroglossum.milvus.Boisduval",0
"M_075.1","Dodonaea.viscosa","Mauritiborium.undulatus",0.1333333333
"M_075.1","Dodonaea.viscosa","Melanagromyza.sojae.Zehntner",0
"M_075.1","Dodonaea.viscosa","Melanostoma.annulipes.Macquart",0.0869565217
"M_075.1","Dodonaea.viscosa","Melanostoma.bituberculatum.Loew",0
"M_075.1","Dodonaea.viscosa","Miridae.sp1",0
"M_075.1","Dodonaea.viscosa","Mordellidae.sp1",0
"M_075.1","Dodonaea.viscosa","Mordellidae.sp2",0
"M_075.1","Dodonaea.viscosa","Mordellidae.sp3",0
"M_075.1","Dodonaea.viscosa","Musca.confiscata.Speiser",0
"M_075.1","Dodonaea.viscosa","Musca.domestica.Linnaeus",0.2266666667
"M_075.1","Dodonaea.viscosa","Nacoleia.sp1",0
"M_075.1","Dodonaea.viscosa","Nacoleia.sp2",0
"M_075.1","Dodonaea.viscosa","Nitidulidae.sp1",0
"M_075.1","Dodonaea.viscosa","Nyctemera.insulare.Boisduval",0
"M_075.1","Dodonaea.viscosa","Ophyra.capensis.Wiedemann",0
"M_075.1","Dodonaea.viscosa","Orchisia.costata.Meigen",0.04
"M_075.1","Dodonaea.viscosa","Ornidia.obesa.Fabricius",0
"M_075.1","Dodonaea.viscosa","Orthellia.albigena.Stein",0
"M_075.1","Dodonaea.viscosa","Pachycerina.crinicornis.Thomson",0.3577235772
"M_075.1","Dodonaea.viscosa","Palexorista.sp1",0
"M_075.1","Dodonaea.viscosa","Panara.naso.Fabricius",0
"M_075.1","Dodonaea.viscosa","Paragus.borbonicus.Macquart",0
"M_075.1","Dodonaea.viscosa","Pelecophora.intemipta.All",0
"M_075.1","Dodonaea.viscosa","Phalanta.phalantha.Drury",0
"M_075.1","Dodonaea.viscosa","Pheidole.megacephala.Fabricius",0
"M_075.1","Dodonaea.viscosa","Phelsuma.cepediana.Merrem",0
"M_075.1","Dodonaea.viscosa","Phorinia.sp",0
"M_075.1","Dodonaea.viscosa","Polistes.hebraeus.Fabricius",0
"M_075.1","Dodonaea.viscosa","Psyllidae.sp2",0
"M_075.1","Dodonaea.viscosa","Sapromyza.sp.near..nudiuscula.Lamb",0
"M_075.1","Dodonaea.viscosa","Sarcophaga.arno.Curran",0
"M_075.1","Dodonaea.viscosa","Scatopsidae.sp",0
"M_075.1","Dodonaea.viscosa","Scirtidae.sp1",0
"M_075.1","Dodonaea.viscosa","Scirtidae.sp2",0
"M_075.1","Dodonaea.viscosa","Scolia.carniflex.Coquillett",0
"M_075.1","Dodonaea.viscosa","Scopariinae.sp",0
"M_075.1","Dodonaea.viscosa","Simulium.Byssodon.sp2",0
"M_075.1","Dodonaea.viscosa","Siphona.sp",0
"M_075.1","Dodonaea.viscosa","Stomorhina.lunata.Fabricius",0.2214611872
"M_075.1","Dodonaea.viscosa","Stomoxys.calcitrans.Linnaeus",0.08
"M_075.1","Dodonaea.viscosa","Stomoxys.niger.Macquart",0.04
"M_075.1","Dodonaea.viscosa","Syritta.bulbus.Walker",0
"M_075.1","Dodonaea.viscosa","Syritta.nigrofemorata.Macquart",0
"M_075.1","Dodonaea.viscosa","Syritta.spnear.abyssinica.Rondani",0
"M_075.1","Dodonaea.viscosa","Technomyrmex.albipes.Smith",0.0243902439
"M_075.1","Dodonaea.viscosa","Thelairodrino.sp",0
"M_075.1","Dodonaea.viscosa","Thysanoplusia.orichalcea.Fabricius",0
"M_075.1","Dodonaea.viscosa","Villa.unifasciata.Macquart",0
"M_075.1","Dodonaea.viscosa","Zosterops.mauritianus.Gmelin",0
"M_075.1","Doratoxylon.apetalum.var.diphyllum","Agathidinae.sp",0
"M_075.1","Doratoxylon.apetalum.var.diphyllum","Ahasverus.advena.Waltle",0
"M_075.1","Doratoxylon.apetalum.var.diphyllum","Allograpta.nasuta.Marquart",0
"M_075.1","Doratoxylon.apetalum.var.diphyllum","Apis.mellifera.Linnaeus",0
"M_075.1","Doratoxylon.apetalum.var.diphyllum","Atherigona.orientalis.Schiner",0
"M_075.1","Doratoxylon.apetalum.var.diphyllum","Brachymyrmex.sp",0
"M_075.1","Doratoxylon.apetalum.var.diphyllum","Calopsilia.florella.Fabricius",0
"M_075.1","Doratoxylon.apetalum.var.diphyllum","Campopleginae.sp1",0
"M_075.1","Doratoxylon.apetalum.var.diphyllum","Cerambycidae.sp1",0
"M_075.1","Doratoxylon.apetalum.var.diphyllum","Cerambycidae.sp2",0
"M_075.1","Doratoxylon.apetalum.var.diphyllum","Cerambycidae.sp3",0
"M_075.1","Doratoxylon.apetalum.var.diphyllum","Ceratitis.roas.Karsch",0
"M_075.1","Doratoxylon.apetalum.var.diphyllum","Chaetocnema.sp1",0
"M_075.1","Doratoxylon.apetalum.var.diphyllum","Cheloninae.sp1",0
"M_075.1","Doratoxylon.apetalum.var.diphyllum","Cheloninae.sp3",0
"M_075.1","Doratoxylon.apetalum.var.diphyllum","Chrysomya.megacephala.Fabricius",0
"M_075.1","Doratoxylon.apetalum.var.diphyllum","Cixiidae.sp1",0
"M_075.1","Doratoxylon.apetalum.var.diphyllum","Cixiidae.sp2",0
"M_075.1","Doratoxylon.apetalum.var.diphyllum","Cotesia.sp1",0
"M_075.1","Doratoxylon.apetalum.var.diphyllum","Cratopus.psittacus.Faimaire",0
"M_075.1","Doratoxylon.apetalum.var.diphyllum","Cryptocephalinae.sp1",0
"M_075.1","Doratoxylon.apetalum.var.diphyllum","Dasytinae.sp1",0
"M_075.1","Doratoxylon.apetalum.var.diphyllum","Dioxyna.sororcula.Wiedemann",0
"M_075.1","Doratoxylon.apetalum.var.diphyllum","Diptera.sp2",0
"M_075.1","Doratoxylon.apetalum.var.diphyllum","Diptera.sp3",0
"M_075.1","Doratoxylon.apetalum.var.diphyllum","Dysauxes.florida.Joan",0
"M_075.1","Doratoxylon.apetalum.var.diphyllum","Episyrphus.sp.near.circularis.Hull",0.375
"M_075.1","Doratoxylon.apetalum.var.diphyllum","Eristalinus.flaveolus.Bigot",0
"M_075.1","Doratoxylon.apetalum.var.diphyllum","Eumolpinae.sp2",0
"M_075.1","Doratoxylon.apetalum.var.diphyllum","Eumolpinae.sp3",0
"M_075.1","Doratoxylon.apetalum.var.diphyllum","Eurytonidae.sp1",0
"M_075.1","Doratoxylon.apetalum.var.diphyllum","Fannia.pusio.Wiedemann",0
"M_075.1","Doratoxylon.apetalum.var.diphyllum","Gelechioidea.sp1",0
"M_075.1","Doratoxylon.apetalum.var.diphyllum","Gelechioidea.sp2",0
"M_075.1","Doratoxylon.apetalum.var.diphyllum","Gelechioidea.sp3",0
"M_075.1","Doratoxylon.apetalum.var.diphyllum","Goniurellia.or.Dectodes.sp",0
"M_075.1","Doratoxylon.apetalum.var.diphyllum","Graphomya.maculata.Scopoli",0
"M_075.1","Doratoxylon.apetalum.var.diphyllum","Henotesia.narcissus.Fabricius",0
"M_075.1","Doratoxylon.apetalum.var.diphyllum","Hippotion.eson.Cramer",0
"M_075.1","Doratoxylon.apetalum.var.diphyllum","Homoneura.sp2",0
"M_075.1","Doratoxylon.apetalum.var.diphyllum","Homoneura.sp3",0
"M_075.1","Doratoxylon.apetalum.var.diphyllum","Hydrotaea.fuliginosa.Robineau.Desvoidy",0
"M_075.1","Doratoxylon.apetalum.var.diphyllum","Ischiodon.aegyptius.Wiedemann",0
"M_075.1","Doratoxylon.apetalum.var.diphyllum","Lecithoceridae.sp1",0
"M_075.1","Doratoxylon.apetalum.var.diphyllum","Leptotes.pirithous.Linnaeus",0
"M_075.1","Doratoxylon.apetalum.var.diphyllum","Limnophora.quaterna.Loew",0
"M_075.1","Doratoxylon.apetalum.var.diphyllum","Lygaeidae.sp2",0
"M_075.1","Doratoxylon.apetalum.var.diphyllum","Lygaeidae.sp3",0
"M_075.1","Doratoxylon.apetalum.var.diphyllum","Lygaeidae.sp5",0
"M_075.1","Doratoxylon.apetalum.var.diphyllum","Lygistorrhina.sp",0
"M_075.1","Doratoxylon.apetalum.var.diphyllum","Macroglossum.milvus.Boisduval",0
"M_075.1","Doratoxylon.apetalum.var.diphyllum","Mauritiborium.undulatus",0
"M_075.1","Doratoxylon.apetalum.var.diphyllum","Melanagromyza.sojae.Zehntner",0
"M_075.1","Doratoxylon.apetalum.var.diphyllum","Melanostoma.annulipes.Macquart",0
"M_075.1","Doratoxylon.apetalum.var.diphyllum","Melanostoma.bituberculatum.Loew",0
"M_075.1","Doratoxylon.apetalum.var.diphyllum","Miridae.sp1",0
"M_075.1","Doratoxylon.apetalum.var.diphyllum","Mordellidae.sp1",0
"M_075.1","Doratoxylon.apetalum.var.diphyllum","Mordellidae.sp2",0
"M_075.1","Doratoxylon.apetalum.var.diphyllum","Mordellidae.sp3",0
"M_075.1","Doratoxylon.apetalum.var.diphyllum","Musca.confiscata.Speiser",0
"M_075.1","Doratoxylon.apetalum.var.diphyllum","Musca.domestica.Linnaeus",0
"M_075.1","Doratoxylon.apetalum.var.diphyllum","Nacoleia.sp1",0
"M_075.1","Doratoxylon.apetalum.var.diphyllum","Nacoleia.sp2",0
"M_075.1","Doratoxylon.apetalum.var.diphyllum","Nitidulidae.sp1",0
"M_075.1","Doratoxylon.apetalum.var.diphyllum","Nyctemera.insulare.Boisduval",0
"M_075.1","Doratoxylon.apetalum.var.diphyllum","Ophyra.capensis.Wiedemann",0
"M_075.1","Doratoxylon.apetalum.var.diphyllum","Orchisia.costata.Meigen",0
"M_075.1","Doratoxylon.apetalum.var.diphyllum","Ornidia.obesa.Fabricius",0
"M_075.1","Doratoxylon.apetalum.var.diphyllum","Orthellia.albigena.Stein",0
"M_075.1","Doratoxylon.apetalum.var.diphyllum","Pachycerina.crinicornis.Thomson",0
"M_075.1","Doratoxylon.apetalum.var.diphyllum","Palexorista.sp1",0
"M_075.1","Doratoxylon.apetalum.var.diphyllum","Panara.naso.Fabricius",0
"M_075.1","Doratoxylon.apetalum.var.diphyllum","Paragus.borbonicus.Macquart",0
"M_075.1","Doratoxylon.apetalum.var.diphyllum","Pelecophora.intemipta.All",0
"M_075.1","Doratoxylon.apetalum.var.diphyllum","Phalanta.phalantha.Drury",0
"M_075.1","Doratoxylon.apetalum.var.diphyllum","Pheidole.megacephala.Fabricius",0
"M_075.1","Doratoxylon.apetalum.var.diphyllum","Phelsuma.cepediana.Merrem",0
"M_075.1","Doratoxylon.apetalum.var.diphyllum","Phorinia.sp",0
"M_075.1","Doratoxylon.apetalum.var.diphyllum","Polistes.hebraeus.Fabricius",0
"M_075.1","Doratoxylon.apetalum.var.diphyllum","Psyllidae.sp2",0
"M_075.1","Doratoxylon.apetalum.var.diphyllum","Sapromyza.sp.near..nudiuscula.Lamb",0
"M_075.1","Doratoxylon.apetalum.var.diphyllum","Sarcophaga.arno.Curran",0
"M_075.1","Doratoxylon.apetalum.var.diphyllum","Scatopsidae.sp",0
"M_075.1","Doratoxylon.apetalum.var.diphyllum","Scirtidae.sp1",0
"M_075.1","Doratoxylon.apetalum.var.diphyllum","Scirtidae.sp2",0
"M_075.1","Doratoxylon.apetalum.var.diphyllum","Scolia.carniflex.Coquillett",0
"M_075.1","Doratoxylon.apetalum.var.diphyllum","Scopariinae.sp",0
"M_075.1","Doratoxylon.apetalum.var.diphyllum","Simulium.Byssodon.sp2",0
"M_075.1","Doratoxylon.apetalum.var.diphyllum","Siphona.sp",0
"M_075.1","Doratoxylon.apetalum.var.diphyllum","Stomorhina.lunata.Fabricius",0.625
"M_075.1","Doratoxylon.apetalum.var.diphyllum","Stomoxys.calcitrans.Linnaeus",0
"M_075.1","Doratoxylon.apetalum.var.diphyllum","Stomoxys.niger.Macquart",0
"M_075.1","Doratoxylon.apetalum.var.diphyllum","Syritta.bulbus.Walker",0
"M_075.1","Doratoxylon.apetalum.var.diphyllum","Syritta.nigrofemorata.Macquart",0
"M_075.1","Doratoxylon.apetalum.var.diphyllum","Syritta.spnear.abyssinica.Rondani",0
"M_075.1","Doratoxylon.apetalum.var.diphyllum","Technomyrmex.albipes.Smith",0
"M_075.1","Doratoxylon.apetalum.var.diphyllum","Thelairodrino.sp",0
"M_075.1","Doratoxylon.apetalum.var.diphyllum","Thysanoplusia.orichalcea.Fabricius",0
"M_075.1","Doratoxylon.apetalum.var.diphyllum","Villa.unifasciata.Macquart",0
"M_075.1","Doratoxylon.apetalum.var.diphyllum","Zosterops.mauritianus.Gmelin",0
"M_075.1","Dracaena.reflexa.var.angustifolia","Agathidinae.sp",0
"M_075.1","Dracaena.reflexa.var.angustifolia","Ahasverus.advena.Waltle",0
"M_075.1","Dracaena.reflexa.var.angustifolia","Allograpta.nasuta.Marquart",0.3
"M_075.1","Dracaena.reflexa.var.angustifolia","Apis.mellifera.Linnaeus",0.5
"M_075.1","Dracaena.reflexa.var.angustifolia","Atherigona.orientalis.Schiner",0
"M_075.1","Dracaena.reflexa.var.angustifolia","Brachymyrmex.sp",0
"M_075.1","Dracaena.reflexa.var.angustifolia","Calopsilia.florella.Fabricius",0
"M_075.1","Dracaena.reflexa.var.angustifolia","Campopleginae.sp1",0
"M_075.1","Dracaena.reflexa.var.angustifolia","Cerambycidae.sp1",0
"M_075.1","Dracaena.reflexa.var.angustifolia","Cerambycidae.sp2",0
"M_075.1","Dracaena.reflexa.var.angustifolia","Cerambycidae.sp3",0
"M_075.1","Dracaena.reflexa.var.angustifolia","Ceratitis.roas.Karsch",0
"M_075.1","Dracaena.reflexa.var.angustifolia","Chaetocnema.sp1",0
"M_075.1","Dracaena.reflexa.var.angustifolia","Cheloninae.sp1",0
"M_075.1","Dracaena.reflexa.var.angustifolia","Cheloninae.sp3",0
"M_075.1","Dracaena.reflexa.var.angustifolia","Chrysomya.megacephala.Fabricius",0.05
"M_075.1","Dracaena.reflexa.var.angustifolia","Cixiidae.sp1",0
"M_075.1","Dracaena.reflexa.var.angustifolia","Cixiidae.sp2",0
"M_075.1","Dracaena.reflexa.var.angustifolia","Cotesia.sp1",0
"M_075.1","Dracaena.reflexa.var.angustifolia","Cratopus.psittacus.Faimaire",0
"M_075.1","Dracaena.reflexa.var.angustifolia","Cryptocephalinae.sp1",0
"M_075.1","Dracaena.reflexa.var.angustifolia","Dasytinae.sp1",0
"M_075.1","Dracaena.reflexa.var.angustifolia","Dioxyna.sororcula.Wiedemann",0
"M_075.1","Dracaena.reflexa.var.angustifolia","Diptera.sp2",0
"M_075.1","Dracaena.reflexa.var.angustifolia","Diptera.sp3",0
"M_075.1","Dracaena.reflexa.var.angustifolia","Dysauxes.florida.Joan",0.05
"M_075.1","Dracaena.reflexa.var.angustifolia","Episyrphus.sp.near.circularis.Hull",0.05
"M_075.1","Dracaena.reflexa.var.angustifolia","Eristalinus.flaveolus.Bigot",0.0333333333
"M_075.1","Dracaena.reflexa.var.angustifolia","Eumolpinae.sp2",0
"M_075.1","Dracaena.reflexa.var.angustifolia","Eumolpinae.sp3",0
"M_075.1","Dracaena.reflexa.var.angustifolia","Eurytonidae.sp1",0
"M_075.1","Dracaena.reflexa.var.angustifolia","Fannia.pusio.Wiedemann",0
"M_075.1","Dracaena.reflexa.var.angustifolia","Gelechioidea.sp1",0
"M_075.1","Dracaena.reflexa.var.angustifolia","Gelechioidea.sp2",0
"M_075.1","Dracaena.reflexa.var.angustifolia","Gelechioidea.sp3",0
"M_075.1","Dracaena.reflexa.var.angustifolia","Goniurellia.or.Dectodes.sp",0
"M_075.1","Dracaena.reflexa.var.angustifolia","Graphomya.maculata.Scopoli",0
"M_075.1","Dracaena.reflexa.var.angustifolia","Henotesia.narcissus.Fabricius",0.0166666667
"M_075.1","Dracaena.reflexa.var.angustifolia","Hippotion.eson.Cramer",0
"M_075.1","Dracaena.reflexa.var.angustifolia","Homoneura.sp2",0
"M_075.1","Dracaena.reflexa.var.angustifolia","Homoneura.sp3",0
"M_075.1","Dracaena.reflexa.var.angustifolia","Hydrotaea.fuliginosa.Robineau.Desvoidy",0
"M_075.1","Dracaena.reflexa.var.angustifolia","Ischiodon.aegyptius.Wiedemann",0.1
"M_075.1","Dracaena.reflexa.var.angustifolia","Lecithoceridae.sp1",0
"M_075.1","Dracaena.reflexa.var.angustifolia","Leptotes.pirithous.Linnaeus",0
"M_075.1","Dracaena.reflexa.var.angustifolia","Limnophora.quaterna.Loew",0
"M_075.1","Dracaena.reflexa.var.angustifolia","Lygaeidae.sp2",0
"M_075.1","Dracaena.reflexa.var.angustifolia","Lygaeidae.sp3",0
"M_075.1","Dracaena.reflexa.var.angustifolia","Lygaeidae.sp5",0
"M_075.1","Dracaena.reflexa.var.angustifolia","Lygistorrhina.sp",0
"M_075.1","Dracaena.reflexa.var.angustifolia","Macroglossum.milvus.Boisduval",0
"M_075.1","Dracaena.reflexa.var.angustifolia","Mauritiborium.undulatus",0
"M_075.1","Dracaena.reflexa.var.angustifolia","Melanagromyza.sojae.Zehntner",0
"M_075.1","Dracaena.reflexa.var.angustifolia","Melanostoma.annulipes.Macquart",0.0166666667
"M_075.1","Dracaena.reflexa.var.angustifolia","Melanostoma.bituberculatum.Loew",0
"M_075.1","Dracaena.reflexa.var.angustifolia","Miridae.sp1",0
"M_075.1","Dracaena.reflexa.var.angustifolia","Mordellidae.sp1",0
"M_075.1","Dracaena.reflexa.var.angustifolia","Mordellidae.sp2",0
"M_075.1","Dracaena.reflexa.var.angustifolia","Mordellidae.sp3",0
"M_075.1","Dracaena.reflexa.var.angustifolia","Musca.confiscata.Speiser",0
"M_075.1","Dracaena.reflexa.var.angustifolia","Musca.domestica.Linnaeus",0
"M_075.1","Dracaena.reflexa.var.angustifolia","Nacoleia.sp1",0.0666666667
"M_075.1","Dracaena.reflexa.var.angustifolia","Nacoleia.sp2",0
"M_075.1","Dracaena.reflexa.var.angustifolia","Nitidulidae.sp1",0
"M_075.1","Dracaena.reflexa.var.angustifolia","Nyctemera.insulare.Boisduval",0
"M_075.1","Dracaena.reflexa.var.angustifolia","Ophyra.capensis.Wiedemann",0
"M_075.1","Dracaena.reflexa.var.angustifolia","Orchisia.costata.Meigen",0
"M_075.1","Dracaena.reflexa.var.angustifolia","Ornidia.obesa.Fabricius",0
"M_075.1","Dracaena.reflexa.var.angustifolia","Orthellia.albigena.Stein",0
"M_075.1","Dracaena.reflexa.var.angustifolia","Pachycerina.crinicornis.Thomson",0.0333333333
"M_075.1","Dracaena.reflexa.var.angustifolia","Palexorista.sp1",0
"M_075.1","Dracaena.reflexa.var.angustifolia","Panara.naso.Fabricius",0
"M_075.1","Dracaena.reflexa.var.angustifolia","Paragus.borbonicus.Macquart",0
"M_075.1","Dracaena.reflexa.var.angustifolia","Pelecophora.intemipta.All",0
"M_075.1","Dracaena.reflexa.var.angustifolia","Phalanta.phalantha.Drury",0
"M_075.1","Dracaena.reflexa.var.angustifolia","Pheidole.megacephala.Fabricius",0
"M_075.1","Dracaena.reflexa.var.angustifolia","Phelsuma.cepediana.Merrem",0
"M_075.1","Dracaena.reflexa.var.angustifolia","Phorinia.sp",0
"M_075.1","Dracaena.reflexa.var.angustifolia","Polistes.hebraeus.Fabricius",0
"M_075.1","Dracaena.reflexa.var.angustifolia","Psyllidae.sp2",0
"M_075.1","Dracaena.reflexa.var.angustifolia","Sapromyza.sp.near..nudiuscula.Lamb",0
"M_075.1","Dracaena.reflexa.var.angustifolia","Sarcophaga.arno.Curran",0
"M_075.1","Dracaena.reflexa.var.angustifolia","Scatopsidae.sp",0
"M_075.1","Dracaena.reflexa.var.angustifolia","Scirtidae.sp1",0
"M_075.1","Dracaena.reflexa.var.angustifolia","Scirtidae.sp2",0
"M_075.1","Dracaena.reflexa.var.angustifolia","Scolia.carniflex.Coquillett",0
"M_075.1","Dracaena.reflexa.var.angustifolia","Scopariinae.sp",0
"M_075.1","Dracaena.reflexa.var.angustifolia","Simulium.Byssodon.sp2",0
"M_075.1","Dracaena.reflexa.var.angustifolia","Siphona.sp",0
"M_075.1","Dracaena.reflexa.var.angustifolia","Stomorhina.lunata.Fabricius",0.1666666667
"M_075.1","Dracaena.reflexa.var.angustifolia","Stomoxys.calcitrans.Linnaeus",0
"M_075.1","Dracaena.reflexa.var.angustifolia","Stomoxys.niger.Macquart",0.0166666667
"M_075.1","Dracaena.reflexa.var.angustifolia","Syritta.bulbus.Walker",0
"M_075.1","Dracaena.reflexa.var.angustifolia","Syritta.nigrofemorata.Macquart",0
"M_075.1","Dracaena.reflexa.var.angustifolia","Syritta.spnear.abyssinica.Rondani",0
"M_075.1","Dracaena.reflexa.var.angustifolia","Technomyrmex.albipes.Smith",0
"M_075.1","Dracaena.reflexa.var.angustifolia","Thelairodrino.sp",0
"M_075.1","Dracaena.reflexa.var.angustifolia","Thysanoplusia.orichalcea.Fabricius",0
"M_075.1","Dracaena.reflexa.var.angustifolia","Villa.unifasciata.Macquart",0
"M_075.1","Dracaena.reflexa.var.angustifolia","Zosterops.mauritianus.Gmelin",0
"M_075.1","Embelia.angustifolia","Agathidinae.sp",0
"M_075.1","Embelia.angustifolia","Ahasverus.advena.Waltle",0
"M_075.1","Embelia.angustifolia","Allograpta.nasuta.Marquart",0
"M_075.1","Embelia.angustifolia","Apis.mellifera.Linnaeus",0
"M_075.1","Embelia.angustifolia","Atherigona.orientalis.Schiner",0
"M_075.1","Embelia.angustifolia","Brachymyrmex.sp",0
"M_075.1","Embelia.angustifolia","Calopsilia.florella.Fabricius",0
"M_075.1","Embelia.angustifolia","Campopleginae.sp1",0
"M_075.1","Embelia.angustifolia","Cerambycidae.sp1",0
"M_075.1","Embelia.angustifolia","Cerambycidae.sp2",0
"M_075.1","Embelia.angustifolia","Cerambycidae.sp3",0
"M_075.1","Embelia.angustifolia","Ceratitis.roas.Karsch",0
"M_075.1","Embelia.angustifolia","Chaetocnema.sp1",0
"M_075.1","Embelia.angustifolia","Cheloninae.sp1",0
"M_075.1","Embelia.angustifolia","Cheloninae.sp3",0
"M_075.1","Embelia.angustifolia","Chrysomya.megacephala.Fabricius",0
"M_075.1","Embelia.angustifolia","Cixiidae.sp1",0
"M_075.1","Embelia.angustifolia","Cixiidae.sp2",0
"M_075.1","Embelia.angustifolia","Cotesia.sp1",0
"M_075.1","Embelia.angustifolia","Cratopus.psittacus.Faimaire",0
"M_075.1","Embelia.angustifolia","Cryptocephalinae.sp1",0
"M_075.1","Embelia.angustifolia","Dasytinae.sp1",0.0689655172
"M_075.1","Embelia.angustifolia","Dioxyna.sororcula.Wiedemann",0
"M_075.1","Embelia.angustifolia","Diptera.sp2",0
"M_075.1","Embelia.angustifolia","Diptera.sp3",0
"M_075.1","Embelia.angustifolia","Dysauxes.florida.Joan",0
"M_075.1","Embelia.angustifolia","Episyrphus.sp.near.circularis.Hull",0.0727272727
"M_075.1","Embelia.angustifolia","Eristalinus.flaveolus.Bigot",0
"M_075.1","Embelia.angustifolia","Eumolpinae.sp2",0
"M_075.1","Embelia.angustifolia","Eumolpinae.sp3",0
"M_075.1","Embelia.angustifolia","Eurytonidae.sp1",0
"M_075.1","Embelia.angustifolia","Fannia.pusio.Wiedemann",0
"M_075.1","Embelia.angustifolia","Gelechioidea.sp1",0
"M_075.1","Embelia.angustifolia","Gelechioidea.sp2",0
"M_075.1","Embelia.angustifolia","Gelechioidea.sp3",0
"M_075.1","Embelia.angustifolia","Goniurellia.or.Dectodes.sp",0
"M_075.1","Embelia.angustifolia","Graphomya.maculata.Scopoli",0
"M_075.1","Embelia.angustifolia","Henotesia.narcissus.Fabricius",0
"M_075.1","Embelia.angustifolia","Hippotion.eson.Cramer",0
"M_075.1","Embelia.angustifolia","Homoneura.sp2",0
"M_075.1","Embelia.angustifolia","Homoneura.sp3",0
"M_075.1","Embelia.angustifolia","Hydrotaea.fuliginosa.Robineau.Desvoidy",0
"M_075.1","Embelia.angustifolia","Ischiodon.aegyptius.Wiedemann",0
"M_075.1","Embelia.angustifolia","Lecithoceridae.sp1",0
"M_075.1","Embelia.angustifolia","Leptotes.pirithous.Linnaeus",0
"M_075.1","Embelia.angustifolia","Limnophora.quaterna.Loew",0
"M_075.1","Embelia.angustifolia","Lygaeidae.sp2",0
"M_075.1","Embelia.angustifolia","Lygaeidae.sp3",0
"M_075.1","Embelia.angustifolia","Lygaeidae.sp5",0
"M_075.1","Embelia.angustifolia","Lygistorrhina.sp",0
"M_075.1","Embelia.angustifolia","Macroglossum.milvus.Boisduval",0
"M_075.1","Embelia.angustifolia","Mauritiborium.undulatus",0
"M_075.1","Embelia.angustifolia","Melanagromyza.sojae.Zehntner",0
"M_075.1","Embelia.angustifolia","Melanostoma.annulipes.Macquart",0
"M_075.1","Embelia.angustifolia","Melanostoma.bituberculatum.Loew",0
"M_075.1","Embelia.angustifolia","Miridae.sp1",0
"M_075.1","Embelia.angustifolia","Mordellidae.sp1",0
"M_075.1","Embelia.angustifolia","Mordellidae.sp2",0
"M_075.1","Embelia.angustifolia","Mordellidae.sp3",0
"M_075.1","Embelia.angustifolia","Musca.confiscata.Speiser",0
"M_075.1","Embelia.angustifolia","Musca.domestica.Linnaeus",0.0818181818
"M_075.1","Embelia.angustifolia","Nacoleia.sp1",0
"M_075.1","Embelia.angustifolia","Nacoleia.sp2",0
"M_075.1","Embelia.angustifolia","Nitidulidae.sp1",0
"M_075.1","Embelia.angustifolia","Nyctemera.insulare.Boisduval",0
"M_075.1","Embelia.angustifolia","Ophyra.capensis.Wiedemann",0
"M_075.1","Embelia.angustifolia","Orchisia.costata.Meigen",0
"M_075.1","Embelia.angustifolia","Ornidia.obesa.Fabricius",0
"M_075.1","Embelia.angustifolia","Orthellia.albigena.Stein",0
"M_075.1","Embelia.angustifolia","Pachycerina.crinicornis.Thomson",0
"M_075.1","Embelia.angustifolia","Palexorista.sp1",0
"M_075.1","Embelia.angustifolia","Panara.naso.Fabricius",0
"M_075.1","Embelia.angustifolia","Paragus.borbonicus.Macquart",0.0818181818
"M_075.1","Embelia.angustifolia","Pelecophora.intemipta.All",0
"M_075.1","Embelia.angustifolia","Phalanta.phalantha.Drury",0
"M_075.1","Embelia.angustifolia","Pheidole.megacephala.Fabricius",0
"M_075.1","Embelia.angustifolia","Phelsuma.cepediana.Merrem",0
"M_075.1","Embelia.angustifolia","Phorinia.sp",0
"M_075.1","Embelia.angustifolia","Polistes.hebraeus.Fabricius",0
"M_075.1","Embelia.angustifolia","Psyllidae.sp2",0
"M_075.1","Embelia.angustifolia","Sapromyza.sp.near..nudiuscula.Lamb",0
"M_075.1","Embelia.angustifolia","Sarcophaga.arno.Curran",0
"M_075.1","Embelia.angustifolia","Scatopsidae.sp",0
"M_075.1","Embelia.angustifolia","Scirtidae.sp1",0
"M_075.1","Embelia.angustifolia","Scirtidae.sp2",0
"M_075.1","Embelia.angustifolia","Scolia.carniflex.Coquillett",0
"M_075.1","Embelia.angustifolia","Scopariinae.sp",0
"M_075.1","Embelia.angustifolia","Simulium.Byssodon.sp2",0
"M_075.1","Embelia.angustifolia","Siphona.sp",0
"M_075.1","Embelia.angustifolia","Stomorhina.lunata.Fabricius",0.0727272727
"M_075.1","Embelia.angustifolia","Stomoxys.calcitrans.Linnaeus",0
"M_075.1","Embelia.angustifolia","Stomoxys.niger.Macquart",0
"M_075.1","Embelia.angustifolia","Syritta.bulbus.Walker",0
"M_075.1","Embelia.angustifolia","Syritta.nigrofemorata.Macquart",0
"M_075.1","Embelia.angustifolia","Syritta.spnear.abyssinica.Rondani",0.0363636364
"M_075.1","Embelia.angustifolia","Technomyrmex.albipes.Smith",0
"M_075.1","Embelia.angustifolia","Thelairodrino.sp",0
"M_075.1","Embelia.angustifolia","Thysanoplusia.orichalcea.Fabricius",0
"M_075.1","Embelia.angustifolia","Villa.unifasciata.Macquart",0
"M_075.1","Embelia.angustifolia","Zosterops.mauritianus.Gmelin",0
"M_075.1","Erythrospermum.monticolum.var.monticolum","Agathidinae.sp",0
"M_075.1","Erythrospermum.monticolum.var.monticolum","Ahasverus.advena.Waltle",0
"M_075.1","Erythrospermum.monticolum.var.monticolum","Allograpta.nasuta.Marquart",0
"M_075.1","Erythrospermum.monticolum.var.monticolum","Apis.mellifera.Linnaeus",0
"M_075.1","Erythrospermum.monticolum.var.monticolum","Atherigona.orientalis.Schiner",0
"M_075.1","Erythrospermum.monticolum.var.monticolum","Brachymyrmex.sp",0
"M_075.1","Erythrospermum.monticolum.var.monticolum","Calopsilia.florella.Fabricius",0
"M_075.1","Erythrospermum.monticolum.var.monticolum","Campopleginae.sp1",0
"M_075.1","Erythrospermum.monticolum.var.monticolum","Cerambycidae.sp1",0
"M_075.1","Erythrospermum.monticolum.var.monticolum","Cerambycidae.sp2",0
"M_075.1","Erythrospermum.monticolum.var.monticolum","Cerambycidae.sp3",0
"M_075.1","Erythrospermum.monticolum.var.monticolum","Ceratitis.roas.Karsch",0
"M_075.1","Erythrospermum.monticolum.var.monticolum","Chaetocnema.sp1",0
"M_075.1","Erythrospermum.monticolum.var.monticolum","Cheloninae.sp1",0
"M_075.1","Erythrospermum.monticolum.var.monticolum","Cheloninae.sp3",0
"M_075.1","Erythrospermum.monticolum.var.monticolum","Chrysomya.megacephala.Fabricius",0
"M_075.1","Erythrospermum.monticolum.var.monticolum","Cixiidae.sp1",0
"M_075.1","Erythrospermum.monticolum.var.monticolum","Cixiidae.sp2",0
"M_075.1","Erythrospermum.monticolum.var.monticolum","Cotesia.sp1",0
"M_075.1","Erythrospermum.monticolum.var.monticolum","Cratopus.psittacus.Faimaire",0
"M_075.1","Erythrospermum.monticolum.var.monticolum","Cryptocephalinae.sp1",0
"M_075.1","Erythrospermum.monticolum.var.monticolum","Dasytinae.sp1",0
"M_075.1","Erythrospermum.monticolum.var.monticolum","Dioxyna.sororcula.Wiedemann",0
"M_075.1","Erythrospermum.monticolum.var.monticolum","Diptera.sp2",0
"M_075.1","Erythrospermum.monticolum.var.monticolum","Diptera.sp3",0
"M_075.1","Erythrospermum.monticolum.var.monticolum","Dysauxes.florida.Joan",0
"M_075.1","Erythrospermum.monticolum.var.monticolum","Episyrphus.sp.near.circularis.Hull",0
"M_075.1","Erythrospermum.monticolum.var.monticolum","Eristalinus.flaveolus.Bigot",0
"M_075.1","Erythrospermum.monticolum.var.monticolum","Eumolpinae.sp2",0
"M_075.1","Erythrospermum.monticolum.var.monticolum","Eumolpinae.sp3",0
"M_075.1","Erythrospermum.monticolum.var.monticolum","Eurytonidae.sp1",0
"M_075.1","Erythrospermum.monticolum.var.monticolum","Fannia.pusio.Wiedemann",0
"M_075.1","Erythrospermum.monticolum.var.monticolum","Gelechioidea.sp1",0
"M_075.1","Erythrospermum.monticolum.var.monticolum","Gelechioidea.sp2",0
"M_075.1","Erythrospermum.monticolum.var.monticolum","Gelechioidea.sp3",0
"M_075.1","Erythrospermum.monticolum.var.monticolum","Goniurellia.or.Dectodes.sp",0
"M_075.1","Erythrospermum.monticolum.var.monticolum","Graphomya.maculata.Scopoli",0
"M_075.1","Erythrospermum.monticolum.var.monticolum","Henotesia.narcissus.Fabricius",0
"M_075.1","Erythrospermum.monticolum.var.monticolum","Hippotion.eson.Cramer",0
"M_075.1","Erythrospermum.monticolum.var.monticolum","Homoneura.sp2",0
"M_075.1","Erythrospermum.monticolum.var.monticolum","Homoneura.sp3",0
"M_075.1","Erythrospermum.monticolum.var.monticolum","Hydrotaea.fuliginosa.Robineau.Desvoidy",0
"M_075.1","Erythrospermum.monticolum.var.monticolum","Ischiodon.aegyptius.Wiedemann",0
"M_075.1","Erythrospermum.monticolum.var.monticolum","Lecithoceridae.sp1",0
"M_075.1","Erythrospermum.monticolum.var.monticolum","Leptotes.pirithous.Linnaeus",0
"M_075.1","Erythrospermum.monticolum.var.monticolum","Limnophora.quaterna.Loew",0
"M_075.1","Erythrospermum.monticolum.var.monticolum","Lygaeidae.sp2",0
"M_075.1","Erythrospermum.monticolum.var.monticolum","Lygaeidae.sp3",0
"M_075.1","Erythrospermum.monticolum.var.monticolum","Lygaeidae.sp5",0
"M_075.1","Erythrospermum.monticolum.var.monticolum","Lygistorrhina.sp",0
"M_075.1","Erythrospermum.monticolum.var.monticolum","Macroglossum.milvus.Boisduval",0
"M_075.1","Erythrospermum.monticolum.var.monticolum","Mauritiborium.undulatus",0
"M_075.1","Erythrospermum.monticolum.var.monticolum","Melanagromyza.sojae.Zehntner",0
"M_075.1","Erythrospermum.monticolum.var.monticolum","Melanostoma.annulipes.Macquart",0
"M_075.1","Erythrospermum.monticolum.var.monticolum","Melanostoma.bituberculatum.Loew",0
"M_075.1","Erythrospermum.monticolum.var.monticolum","Miridae.sp1",0
"M_075.1","Erythrospermum.monticolum.var.monticolum","Mordellidae.sp1",0
"M_075.1","Erythrospermum.monticolum.var.monticolum","Mordellidae.sp2",0
"M_075.1","Erythrospermum.monticolum.var.monticolum","Mordellidae.sp3",0
"M_075.1","Erythrospermum.monticolum.var.monticolum","Musca.confiscata.Speiser",0
"M_075.1","Erythrospermum.monticolum.var.monticolum","Musca.domestica.Linnaeus",0
"M_075.1","Erythrospermum.monticolum.var.monticolum","Nacoleia.sp1",0
"M_075.1","Erythrospermum.monticolum.var.monticolum","Nacoleia.sp2",0
"M_075.1","Erythrospermum.monticolum.var.monticolum","Nitidulidae.sp1",0
"M_075.1","Erythrospermum.monticolum.var.monticolum","Nyctemera.insulare.Boisduval",0
"M_075.1","Erythrospermum.monticolum.var.monticolum","Ophyra.capensis.Wiedemann",0
"M_075.1","Erythrospermum.monticolum.var.monticolum","Orchisia.costata.Meigen",0
"M_075.1","Erythrospermum.monticolum.var.monticolum","Ornidia.obesa.Fabricius",0
"M_075.1","Erythrospermum.monticolum.var.monticolum","Orthellia.albigena.Stein",0
"M_075.1","Erythrospermum.monticolum.var.monticolum","Pachycerina.crinicornis.Thomson",0
"M_075.1","Erythrospermum.monticolum.var.monticolum","Palexorista.sp1",0
"M_075.1","Erythrospermum.monticolum.var.monticolum","Panara.naso.Fabricius",0
"M_075.1","Erythrospermum.monticolum.var.monticolum","Paragus.borbonicus.Macquart",0
"M_075.1","Erythrospermum.monticolum.var.monticolum","Pelecophora.intemipta.All",0
"M_075.1","Erythrospermum.monticolum.var.monticolum","Phalanta.phalantha.Drury",0
"M_075.1","Erythrospermum.monticolum.var.monticolum","Pheidole.megacephala.Fabricius",0
"M_075.1","Erythrospermum.monticolum.var.monticolum","Phelsuma.cepediana.Merrem",0
"M_075.1","Erythrospermum.monticolum.var.monticolum","Phorinia.sp",0
"M_075.1","Erythrospermum.monticolum.var.monticolum","Polistes.hebraeus.Fabricius",0
"M_075.1","Erythrospermum.monticolum.var.monticolum","Psyllidae.sp2",0
"M_075.1","Erythrospermum.monticolum.var.monticolum","Sapromyza.sp.near..nudiuscula.Lamb",0
"M_075.1","Erythrospermum.monticolum.var.monticolum","Sarcophaga.arno.Curran",0
"M_075.1","Erythrospermum.monticolum.var.monticolum","Scatopsidae.sp",0
"M_075.1","Erythrospermum.monticolum.var.monticolum","Scirtidae.sp1",0
"M_075.1","Erythrospermum.monticolum.var.monticolum","Scirtidae.sp2",0
"M_075.1","Erythrospermum.monticolum.var.monticolum","Scolia.carniflex.Coquillett",0
"M_075.1","Erythrospermum.monticolum.var.monticolum","Scopariinae.sp",0
"M_075.1","Erythrospermum.monticolum.var.monticolum","Simulium.Byssodon.sp2",0
"M_075.1","Erythrospermum.monticolum.var.monticolum","Siphona.sp",0
"M_075.1","Erythrospermum.monticolum.var.monticolum","Stomorhina.lunata.Fabricius",0
"M_075.1","Erythrospermum.monticolum.var.monticolum","Stomoxys.calcitrans.Linnaeus",0
"M_075.1","Erythrospermum.monticolum.var.monticolum","Stomoxys.niger.Macquart",0
"M_075.1","Erythrospermum.monticolum.var.monticolum","Syritta.bulbus.Walker",0
"M_075.1","Erythrospermum.monticolum.var.monticolum","Syritta.nigrofemorata.Macquart",0
"M_075.1","Erythrospermum.monticolum.var.monticolum","Syritta.spnear.abyssinica.Rondani",0
"M_075.1","Erythrospermum.monticolum.var.monticolum","Technomyrmex.albipes.Smith",0
"M_075.1","Erythrospermum.monticolum.var.monticolum","Thelairodrino.sp",0
"M_075.1","Erythrospermum.monticolum.var.monticolum","Thysanoplusia.orichalcea.Fabricius",0
"M_075.1","Erythrospermum.monticolum.var.monticolum","Villa.unifasciata.Macquart",0
"M_075.1","Erythrospermum.monticolum.var.monticolum","Zosterops.mauritianus.Gmelin",0
"M_075.1","Erythroxylum.macrocarpum","Agathidinae.sp",0
"M_075.1","Erythroxylum.macrocarpum","Ahasverus.advena.Waltle",0
"M_075.1","Erythroxylum.macrocarpum","Allograpta.nasuta.Marquart",0.6412698413
"M_075.1","Erythroxylum.macrocarpum","Apis.mellifera.Linnaeus",0.2
"M_075.1","Erythroxylum.macrocarpum","Atherigona.orientalis.Schiner",0
"M_075.1","Erythroxylum.macrocarpum","Brachymyrmex.sp",0
"M_075.1","Erythroxylum.macrocarpum","Calopsilia.florella.Fabricius",0.2222222222
"M_075.1","Erythroxylum.macrocarpum","Campopleginae.sp1",0
"M_075.1","Erythroxylum.macrocarpum","Cerambycidae.sp1",0
"M_075.1","Erythroxylum.macrocarpum","Cerambycidae.sp2",0
"M_075.1","Erythroxylum.macrocarpum","Cerambycidae.sp3",0
"M_075.1","Erythroxylum.macrocarpum","Ceratitis.roas.Karsch",0
"M_075.1","Erythroxylum.macrocarpum","Chaetocnema.sp1",6.9746031746
"M_075.1","Erythroxylum.macrocarpum","Cheloninae.sp1",0
"M_075.1","Erythroxylum.macrocarpum","Cheloninae.sp3",0
"M_075.1","Erythroxylum.macrocarpum","Chrysomya.megacephala.Fabricius",0
"M_075.1","Erythroxylum.macrocarpum","Cixiidae.sp1",0
"M_075.1","Erythroxylum.macrocarpum","Cixiidae.sp2",0
"M_075.1","Erythroxylum.macrocarpum","Cotesia.sp1",0
"M_075.1","Erythroxylum.macrocarpum","Cratopus.psittacus.Faimaire",0
"M_075.1","Erythroxylum.macrocarpum","Cryptocephalinae.sp1",0
"M_075.1","Erythroxylum.macrocarpum","Dasytinae.sp1",0
"M_075.1","Erythroxylum.macrocarpum","Dioxyna.sororcula.Wiedemann",0
"M_075.1","Erythroxylum.macrocarpum","Diptera.sp2",0
"M_075.1","Erythroxylum.macrocarpum","Diptera.sp3",0
"M_075.1","Erythroxylum.macrocarpum","Dysauxes.florida.Joan",1.2170940171
"M_075.1","Erythroxylum.macrocarpum","Episyrphus.sp.near.circularis.Hull",0.619047619
"M_075.1","Erythroxylum.macrocarpum","Eristalinus.flaveolus.Bigot",0.2222222222
"M_075.1","Erythroxylum.macrocarpum","Eumolpinae.sp2",0
"M_075.1","Erythroxylum.macrocarpum","Eumolpinae.sp3",0.1333333333
"M_075.1","Erythroxylum.macrocarpum","Eurytonidae.sp1",0
"M_075.1","Erythroxylum.macrocarpum","Fannia.pusio.Wiedemann",0
"M_075.1","Erythroxylum.macrocarpum","Gelechioidea.sp1",0
"M_075.1","Erythroxylum.macrocarpum","Gelechioidea.sp2",0.8571428571
"M_075.1","Erythroxylum.macrocarpum","Gelechioidea.sp3",0.1111111111
"M_075.1","Erythroxylum.macrocarpum","Goniurellia.or.Dectodes.sp",0
"M_075.1","Erythroxylum.macrocarpum","Graphomya.maculata.Scopoli",0
"M_075.1","Erythroxylum.macrocarpum","Henotesia.narcissus.Fabricius",0
"M_075.1","Erythroxylum.macrocarpum","Hippotion.eson.Cramer",0
"M_075.1","Erythroxylum.macrocarpum","Homoneura.sp2",0
"M_075.1","Erythroxylum.macrocarpum","Homoneura.sp3",0
"M_075.1","Erythroxylum.macrocarpum","Hydrotaea.fuliginosa.Robineau.Desvoidy",0
"M_075.1","Erythroxylum.macrocarpum","Ischiodon.aegyptius.Wiedemann",0.2857142857
"M_075.1","Erythroxylum.macrocarpum","Lecithoceridae.sp1",0
"M_075.1","Erythroxylum.macrocarpum","Leptotes.pirithous.Linnaeus",0
"M_075.1","Erythroxylum.macrocarpum","Limnophora.quaterna.Loew",0
"M_075.1","Erythroxylum.macrocarpum","Lygaeidae.sp2",0
"M_075.1","Erythroxylum.macrocarpum","Lygaeidae.sp3",0
"M_075.1","Erythroxylum.macrocarpum","Lygaeidae.sp5",0
"M_075.1","Erythroxylum.macrocarpum","Lygistorrhina.sp",2.8222222222
"M_075.1","Erythroxylum.macrocarpum","Macroglossum.milvus.Boisduval",0
"M_075.1","Erythroxylum.macrocarpum","Mauritiborium.undulatus",0.6666666667
"M_075.1","Erythroxylum.macrocarpum","Melanagromyza.sojae.Zehntner",0
"M_075.1","Erythroxylum.macrocarpum","Melanostoma.annulipes.Macquart",1.0666666667
"M_075.1","Erythroxylum.macrocarpum","Melanostoma.bituberculatum.Loew",0.2666666667
"M_075.1","Erythroxylum.macrocarpum","Miridae.sp1",0
"M_075.1","Erythroxylum.macrocarpum","Mordellidae.sp1",0
"M_075.1","Erythroxylum.macrocarpum","Mordellidae.sp2",0
"M_075.1","Erythroxylum.macrocarpum","Mordellidae.sp3",0
"M_075.1","Erythroxylum.macrocarpum","Musca.confiscata.Speiser",0
"M_075.1","Erythroxylum.macrocarpum","Musca.domestica.Linnaeus",1.2
"M_075.1","Erythroxylum.macrocarpum","Nacoleia.sp1",0.3333333333
"M_075.1","Erythroxylum.macrocarpum","Nacoleia.sp2",0
"M_075.1","Erythroxylum.macrocarpum","Nitidulidae.sp1",0
"M_075.1","Erythroxylum.macrocarpum","Nyctemera.insulare.Boisduval",0
"M_075.1","Erythroxylum.macrocarpum","Ophyra.capensis.Wiedemann",1
"M_075.1","Erythroxylum.macrocarpum","Orchisia.costata.Meigen",0
"M_075.1","Erythroxylum.macrocarpum","Ornidia.obesa.Fabricius",0.2857142857
"M_075.1","Erythroxylum.macrocarpum","Orthellia.albigena.Stein",0
"M_075.1","Erythroxylum.macrocarpum","Pachycerina.crinicornis.Thomson",0.2857142857
"M_075.1","Erythroxylum.macrocarpum","Palexorista.sp1",0
"M_075.1","Erythroxylum.macrocarpum","Panara.naso.Fabricius",0.125
"M_075.1","Erythroxylum.macrocarpum","Paragus.borbonicus.Macquart",0
"M_075.1","Erythroxylum.macrocarpum","Pelecophora.intemipta.All",0
"M_075.1","Erythroxylum.macrocarpum","Phalanta.phalantha.Drury",0
"M_075.1","Erythroxylum.macrocarpum","Pheidole.megacephala.Fabricius",0
"M_075.1","Erythroxylum.macrocarpum","Phelsuma.cepediana.Merrem",0
"M_075.1","Erythroxylum.macrocarpum","Phorinia.sp",0.125
"M_075.1","Erythroxylum.macrocarpum","Polistes.hebraeus.Fabricius",0
"M_075.1","Erythroxylum.macrocarpum","Psyllidae.sp2",0.2
"M_075.1","Erythroxylum.macrocarpum","Sapromyza.sp.near..nudiuscula.Lamb",0
"M_075.1","Erythroxylum.macrocarpum","Sarcophaga.arno.Curran",0
"M_075.1","Erythroxylum.macrocarpum","Scatopsidae.sp",0.2222222222
"M_075.1","Erythroxylum.macrocarpum","Scirtidae.sp1",0
"M_075.1","Erythroxylum.macrocarpum","Scirtidae.sp2",0
"M_075.1","Erythroxylum.macrocarpum","Scolia.carniflex.Coquillett",0
"M_075.1","Erythroxylum.macrocarpum","Scopariinae.sp",0
"M_075.1","Erythroxylum.macrocarpum","Simulium.Byssodon.sp2",0
"M_075.1","Erythroxylum.macrocarpum","Siphona.sp",0
"M_075.1","Erythroxylum.macrocarpum","Stomorhina.lunata.Fabricius",1.3591269841
"M_075.1","Erythroxylum.macrocarpum","Stomoxys.calcitrans.Linnaeus",1.0952380952
"M_075.1","Erythroxylum.macrocarpum","Stomoxys.niger.Macquart",0.4285714286
"M_075.1","Erythroxylum.macrocarpum","Syritta.bulbus.Walker",0
"M_075.1","Erythroxylum.macrocarpum","Syritta.nigrofemorata.Macquart",0
"M_075.1","Erythroxylum.macrocarpum","Syritta.spnear.abyssinica.Rondani",0
"M_075.1","Erythroxylum.macrocarpum","Technomyrmex.albipes.Smith",1
"M_075.1","Erythroxylum.macrocarpum","Thelairodrino.sp",0
"M_075.1","Erythroxylum.macrocarpum","Thysanoplusia.orichalcea.Fabricius",0
"M_075.1","Erythroxylum.macrocarpum","Villa.unifasciata.Macquart",0.125
"M_075.1","Erythroxylum.macrocarpum","Zosterops.mauritianus.Gmelin",0
"M_075.1","Eugenia.orbiculata","Agathidinae.sp",0
"M_075.1","Eugenia.orbiculata","Ahasverus.advena.Waltle",0
"M_075.1","Eugenia.orbiculata","Allograpta.nasuta.Marquart",0
"M_075.1","Eugenia.orbiculata","Apis.mellifera.Linnaeus",0
"M_075.1","Eugenia.orbiculata","Atherigona.orientalis.Schiner",0
"M_075.1","Eugenia.orbiculata","Brachymyrmex.sp",0
"M_075.1","Eugenia.orbiculata","Calopsilia.florella.Fabricius",0
"M_075.1","Eugenia.orbiculata","Campopleginae.sp1",0
"M_075.1","Eugenia.orbiculata","Cerambycidae.sp1",0
"M_075.1","Eugenia.orbiculata","Cerambycidae.sp2",0
"M_075.1","Eugenia.orbiculata","Cerambycidae.sp3",0
"M_075.1","Eugenia.orbiculata","Ceratitis.roas.Karsch",0
"M_075.1","Eugenia.orbiculata","Chaetocnema.sp1",0
"M_075.1","Eugenia.orbiculata","Cheloninae.sp1",0
"M_075.1","Eugenia.orbiculata","Cheloninae.sp3",0
"M_075.1","Eugenia.orbiculata","Chrysomya.megacephala.Fabricius",0
"M_075.1","Eugenia.orbiculata","Cixiidae.sp1",0
"M_075.1","Eugenia.orbiculata","Cixiidae.sp2",0
"M_075.1","Eugenia.orbiculata","Cotesia.sp1",0
"M_075.1","Eugenia.orbiculata","Cratopus.psittacus.Faimaire",0
"M_075.1","Eugenia.orbiculata","Cryptocephalinae.sp1",0
"M_075.1","Eugenia.orbiculata","Dasytinae.sp1",0
"M_075.1","Eugenia.orbiculata","Dioxyna.sororcula.Wiedemann",0
"M_075.1","Eugenia.orbiculata","Diptera.sp2",0
"M_075.1","Eugenia.orbiculata","Diptera.sp3",0
"M_075.1","Eugenia.orbiculata","Dysauxes.florida.Joan",0
"M_075.1","Eugenia.orbiculata","Episyrphus.sp.near.circularis.Hull",0
"M_075.1","Eugenia.orbiculata","Eristalinus.flaveolus.Bigot",0
"M_075.1","Eugenia.orbiculata","Eumolpinae.sp2",0
"M_075.1","Eugenia.orbiculata","Eumolpinae.sp3",0
"M_075.1","Eugenia.orbiculata","Eurytonidae.sp1",0
"M_075.1","Eugenia.orbiculata","Fannia.pusio.Wiedemann",0
"M_075.1","Eugenia.orbiculata","Gelechioidea.sp1",0
"M_075.1","Eugenia.orbiculata","Gelechioidea.sp2",0
"M_075.1","Eugenia.orbiculata","Gelechioidea.sp3",0
"M_075.1","Eugenia.orbiculata","Goniurellia.or.Dectodes.sp",0
"M_075.1","Eugenia.orbiculata","Graphomya.maculata.Scopoli",0
"M_075.1","Eugenia.orbiculata","Henotesia.narcissus.Fabricius",0
"M_075.1","Eugenia.orbiculata","Hippotion.eson.Cramer",0
"M_075.1","Eugenia.orbiculata","Homoneura.sp2",0
"M_075.1","Eugenia.orbiculata","Homoneura.sp3",0
"M_075.1","Eugenia.orbiculata","Hydrotaea.fuliginosa.Robineau.Desvoidy",0
"M_075.1","Eugenia.orbiculata","Ischiodon.aegyptius.Wiedemann",0
"M_075.1","Eugenia.orbiculata","Lecithoceridae.sp1",0
"M_075.1","Eugenia.orbiculata","Leptotes.pirithous.Linnaeus",0
"M_075.1","Eugenia.orbiculata","Limnophora.quaterna.Loew",0
"M_075.1","Eugenia.orbiculata","Lygaeidae.sp2",0
"M_075.1","Eugenia.orbiculata","Lygaeidae.sp3",0
"M_075.1","Eugenia.orbiculata","Lygaeidae.sp5",0
"M_075.1","Eugenia.orbiculata","Lygistorrhina.sp",0
"M_075.1","Eugenia.orbiculata","Macroglossum.milvus.Boisduval",0
"M_075.1","Eugenia.orbiculata","Mauritiborium.undulatus",0
"M_075.1","Eugenia.orbiculata","Melanagromyza.sojae.Zehntner",0
"M_075.1","Eugenia.orbiculata","Melanostoma.annulipes.Macquart",0
"M_075.1","Eugenia.orbiculata","Melanostoma.bituberculatum.Loew",0
"M_075.1","Eugenia.orbiculata","Miridae.sp1",0
"M_075.1","Eugenia.orbiculata","Mordellidae.sp1",0
"M_075.1","Eugenia.orbiculata","Mordellidae.sp2",0
"M_075.1","Eugenia.orbiculata","Mordellidae.sp3",0
"M_075.1","Eugenia.orbiculata","Musca.confiscata.Speiser",0
"M_075.1","Eugenia.orbiculata","Musca.domestica.Linnaeus",0
"M_075.1","Eugenia.orbiculata","Nacoleia.sp1",0
"M_075.1","Eugenia.orbiculata","Nacoleia.sp2",0
"M_075.1","Eugenia.orbiculata","Nitidulidae.sp1",0
"M_075.1","Eugenia.orbiculata","Nyctemera.insulare.Boisduval",0
"M_075.1","Eugenia.orbiculata","Ophyra.capensis.Wiedemann",0
"M_075.1","Eugenia.orbiculata","Orchisia.costata.Meigen",0
"M_075.1","Eugenia.orbiculata","Ornidia.obesa.Fabricius",0
"M_075.1","Eugenia.orbiculata","Orthellia.albigena.Stein",0
"M_075.1","Eugenia.orbiculata","Pachycerina.crinicornis.Thomson",0
"M_075.1","Eugenia.orbiculata","Palexorista.sp1",0
"M_075.1","Eugenia.orbiculata","Panara.naso.Fabricius",0
"M_075.1","Eugenia.orbiculata","Paragus.borbonicus.Macquart",0
"M_075.1","Eugenia.orbiculata","Pelecophora.intemipta.All",0
"M_075.1","Eugenia.orbiculata","Phalanta.phalantha.Drury",0
"M_075.1","Eugenia.orbiculata","Pheidole.megacephala.Fabricius",0
"M_075.1","Eugenia.orbiculata","Phelsuma.cepediana.Merrem",0
"M_075.1","Eugenia.orbiculata","Phorinia.sp",0
"M_075.1","Eugenia.orbiculata","Polistes.hebraeus.Fabricius",0
"M_075.1","Eugenia.orbiculata","Psyllidae.sp2",0
"M_075.1","Eugenia.orbiculata","Sapromyza.sp.near..nudiuscula.Lamb",0
"M_075.1","Eugenia.orbiculata","Sarcophaga.arno.Curran",0
"M_075.1","Eugenia.orbiculata","Scatopsidae.sp",0
"M_075.1","Eugenia.orbiculata","Scirtidae.sp1",0
"M_075.1","Eugenia.orbiculata","Scirtidae.sp2",0
"M_075.1","Eugenia.orbiculata","Scolia.carniflex.Coquillett",0
"M_075.1","Eugenia.orbiculata","Scopariinae.sp",0
"M_075.1","Eugenia.orbiculata","Simulium.Byssodon.sp2",0
"M_075.1","Eugenia.orbiculata","Siphona.sp",0
"M_075.1","Eugenia.orbiculata","Stomorhina.lunata.Fabricius",0
"M_075.1","Eugenia.orbiculata","Stomoxys.calcitrans.Linnaeus",0
"M_075.1","Eugenia.orbiculata","Stomoxys.niger.Macquart",0
"M_075.1","Eugenia.orbiculata","Syritta.bulbus.Walker",0
"M_075.1","Eugenia.orbiculata","Syritta.nigrofemorata.Macquart",0
"M_075.1","Eugenia.orbiculata","Syritta.spnear.abyssinica.Rondani",0
"M_075.1","Eugenia.orbiculata","Technomyrmex.albipes.Smith",0
"M_075.1","Eugenia.orbiculata","Thelairodrino.sp",0
"M_075.1","Eugenia.orbiculata","Thysanoplusia.orichalcea.Fabricius",0
"M_075.1","Eugenia.orbiculata","Villa.unifasciata.Macquart",1
"M_075.1","Eugenia.orbiculata","Zosterops.mauritianus.Gmelin",0
"M_075.1","Euodia.chapelieri.var.chapelieri","Agathidinae.sp",0
"M_075.1","Euodia.chapelieri.var.chapelieri","Ahasverus.advena.Waltle",0
"M_075.1","Euodia.chapelieri.var.chapelieri","Allograpta.nasuta.Marquart",0
"M_075.1","Euodia.chapelieri.var.chapelieri","Apis.mellifera.Linnaeus",0
"M_075.1","Euodia.chapelieri.var.chapelieri","Atherigona.orientalis.Schiner",0
"M_075.1","Euodia.chapelieri.var.chapelieri","Brachymyrmex.sp",0
"M_075.1","Euodia.chapelieri.var.chapelieri","Calopsilia.florella.Fabricius",0
"M_075.1","Euodia.chapelieri.var.chapelieri","Campopleginae.sp1",0
"M_075.1","Euodia.chapelieri.var.chapelieri","Cerambycidae.sp1",0
"M_075.1","Euodia.chapelieri.var.chapelieri","Cerambycidae.sp2",0
"M_075.1","Euodia.chapelieri.var.chapelieri","Cerambycidae.sp3",0
"M_075.1","Euodia.chapelieri.var.chapelieri","Ceratitis.roas.Karsch",0
"M_075.1","Euodia.chapelieri.var.chapelieri","Chaetocnema.sp1",0.902020202
"M_075.1","Euodia.chapelieri.var.chapelieri","Cheloninae.sp1",0
"M_075.1","Euodia.chapelieri.var.chapelieri","Cheloninae.sp3",0
"M_075.1","Euodia.chapelieri.var.chapelieri","Chrysomya.megacephala.Fabricius",0
"M_075.1","Euodia.chapelieri.var.chapelieri","Cixiidae.sp1",0
"M_075.1","Euodia.chapelieri.var.chapelieri","Cixiidae.sp2",0
"M_075.1","Euodia.chapelieri.var.chapelieri","Cotesia.sp1",0
"M_075.1","Euodia.chapelieri.var.chapelieri","Cratopus.psittacus.Faimaire",0
"M_075.1","Euodia.chapelieri.var.chapelieri","Cryptocephalinae.sp1",0
"M_075.1","Euodia.chapelieri.var.chapelieri","Dasytinae.sp1",0
"M_075.1","Euodia.chapelieri.var.chapelieri","Dioxyna.sororcula.Wiedemann",0
"M_075.1","Euodia.chapelieri.var.chapelieri","Diptera.sp2",0
"M_075.1","Euodia.chapelieri.var.chapelieri","Diptera.sp3",0
"M_075.1","Euodia.chapelieri.var.chapelieri","Dysauxes.florida.Joan",0
"M_075.1","Euodia.chapelieri.var.chapelieri","Episyrphus.sp.near.circularis.Hull",0
"M_075.1","Euodia.chapelieri.var.chapelieri","Eristalinus.flaveolus.Bigot",0
"M_075.1","Euodia.chapelieri.var.chapelieri","Eumolpinae.sp2",0
"M_075.1","Euodia.chapelieri.var.chapelieri","Eumolpinae.sp3",0
"M_075.1","Euodia.chapelieri.var.chapelieri","Eurytonidae.sp1",0
"M_075.1","Euodia.chapelieri.var.chapelieri","Fannia.pusio.Wiedemann",0
"M_075.1","Euodia.chapelieri.var.chapelieri","Gelechioidea.sp1",0
"M_075.1","Euodia.chapelieri.var.chapelieri","Gelechioidea.sp2",0
"M_075.1","Euodia.chapelieri.var.chapelieri","Gelechioidea.sp3",0
"M_075.1","Euodia.chapelieri.var.chapelieri","Goniurellia.or.Dectodes.sp",0
"M_075.1","Euodia.chapelieri.var.chapelieri","Graphomya.maculata.Scopoli",0
"M_075.1","Euodia.chapelieri.var.chapelieri","Henotesia.narcissus.Fabricius",0
"M_075.1","Euodia.chapelieri.var.chapelieri","Hippotion.eson.Cramer",0
"M_075.1","Euodia.chapelieri.var.chapelieri","Homoneura.sp2",0
"M_075.1","Euodia.chapelieri.var.chapelieri","Homoneura.sp3",0
"M_075.1","Euodia.chapelieri.var.chapelieri","Hydrotaea.fuliginosa.Robineau.Desvoidy",0
"M_075.1","Euodia.chapelieri.var.chapelieri","Ischiodon.aegyptius.Wiedemann",0
"M_075.1","Euodia.chapelieri.var.chapelieri","Lecithoceridae.sp1",0
"M_075.1","Euodia.chapelieri.var.chapelieri","Leptotes.pirithous.Linnaeus",0
"M_075.1","Euodia.chapelieri.var.chapelieri","Limnophora.quaterna.Loew",0
"M_075.1","Euodia.chapelieri.var.chapelieri","Lygaeidae.sp2",0
"M_075.1","Euodia.chapelieri.var.chapelieri","Lygaeidae.sp3",0
"M_075.1","Euodia.chapelieri.var.chapelieri","Lygaeidae.sp5",0
"M_075.1","Euodia.chapelieri.var.chapelieri","Lygistorrhina.sp",0
"M_075.1","Euodia.chapelieri.var.chapelieri","Macroglossum.milvus.Boisduval",0
"M_075.1","Euodia.chapelieri.var.chapelieri","Mauritiborium.undulatus",0
"M_075.1","Euodia.chapelieri.var.chapelieri","Melanagromyza.sojae.Zehntner",0
"M_075.1","Euodia.chapelieri.var.chapelieri","Melanostoma.annulipes.Macquart",0
"M_075.1","Euodia.chapelieri.var.chapelieri","Melanostoma.bituberculatum.Loew",0
"M_075.1","Euodia.chapelieri.var.chapelieri","Miridae.sp1",0
"M_075.1","Euodia.chapelieri.var.chapelieri","Mordellidae.sp1",0
"M_075.1","Euodia.chapelieri.var.chapelieri","Mordellidae.sp2",0
"M_075.1","Euodia.chapelieri.var.chapelieri","Mordellidae.sp3",0
"M_075.1","Euodia.chapelieri.var.chapelieri","Musca.confiscata.Speiser",0
"M_075.1","Euodia.chapelieri.var.chapelieri","Musca.domestica.Linnaeus",0
"M_075.1","Euodia.chapelieri.var.chapelieri","Nacoleia.sp1",0
"M_075.1","Euodia.chapelieri.var.chapelieri","Nacoleia.sp2",0
"M_075.1","Euodia.chapelieri.var.chapelieri","Nitidulidae.sp1",0
"M_075.1","Euodia.chapelieri.var.chapelieri","Nyctemera.insulare.Boisduval",0
"M_075.1","Euodia.chapelieri.var.chapelieri","Ophyra.capensis.Wiedemann",0
"M_075.1","Euodia.chapelieri.var.chapelieri","Orchisia.costata.Meigen",0
"M_075.1","Euodia.chapelieri.var.chapelieri","Ornidia.obesa.Fabricius",0
"M_075.1","Euodia.chapelieri.var.chapelieri","Orthellia.albigena.Stein",0
"M_075.1","Euodia.chapelieri.var.chapelieri","Pachycerina.crinicornis.Thomson",0
"M_075.1","Euodia.chapelieri.var.chapelieri","Palexorista.sp1",0
"M_075.1","Euodia.chapelieri.var.chapelieri","Panara.naso.Fabricius",0
"M_075.1","Euodia.chapelieri.var.chapelieri","Paragus.borbonicus.Macquart",0
"M_075.1","Euodia.chapelieri.var.chapelieri","Pelecophora.intemipta.All",0
"M_075.1","Euodia.chapelieri.var.chapelieri","Phalanta.phalantha.Drury",0
"M_075.1","Euodia.chapelieri.var.chapelieri","Pheidole.megacephala.Fabricius",0
"M_075.1","Euodia.chapelieri.var.chapelieri","Phelsuma.cepediana.Merrem",0
"M_075.1","Euodia.chapelieri.var.chapelieri","Phorinia.sp",0
"M_075.1","Euodia.chapelieri.var.chapelieri","Polistes.hebraeus.Fabricius",0
"M_075.1","Euodia.chapelieri.var.chapelieri","Psyllidae.sp2",0
"M_075.1","Euodia.chapelieri.var.chapelieri","Sapromyza.sp.near..nudiuscula.Lamb",0
"M_075.1","Euodia.chapelieri.var.chapelieri","Sarcophaga.arno.Curran",0
"M_075.1","Euodia.chapelieri.var.chapelieri","Scatopsidae.sp",0
"M_075.1","Euodia.chapelieri.var.chapelieri","Scirtidae.sp1",0
"M_075.1","Euodia.chapelieri.var.chapelieri","Scirtidae.sp2",0
"M_075.1","Euodia.chapelieri.var.chapelieri","Scolia.carniflex.Coquillett",0
"M_075.1","Euodia.chapelieri.var.chapelieri","Scopariinae.sp",0
"M_075.1","Euodia.chapelieri.var.chapelieri","Simulium.Byssodon.sp2",0
"M_075.1","Euodia.chapelieri.var.chapelieri","Siphona.sp",0
"M_075.1","Euodia.chapelieri.var.chapelieri","Stomorhina.lunata.Fabricius",0
"M_075.1","Euodia.chapelieri.var.chapelieri","Stomoxys.calcitrans.Linnaeus",0
"M_075.1","Euodia.chapelieri.var.chapelieri","Stomoxys.niger.Macquart",0
"M_075.1","Euodia.chapelieri.var.chapelieri","Syritta.bulbus.Walker",0
"M_075.1","Euodia.chapelieri.var.chapelieri","Syritta.nigrofemorata.Macquart",0
"M_075.1","Euodia.chapelieri.var.chapelieri","Syritta.spnear.abyssinica.Rondani",0
"M_075.1","Euodia.chapelieri.var.chapelieri","Technomyrmex.albipes.Smith",0
"M_075.1","Euodia.chapelieri.var.chapelieri","Thelairodrino.sp",0
"M_075.1","Euodia.chapelieri.var.chapelieri","Thysanoplusia.orichalcea.Fabricius",0
"M_075.1","Euodia.chapelieri.var.chapelieri","Villa.unifasciata.Macquart",0
"M_075.1","Euodia.chapelieri.var.chapelieri","Zosterops.mauritianus.Gmelin",0
"M_075.1","Euodia.obtusifolia.ssp.gigas.var.gigas","Agathidinae.sp",0
"M_075.1","Euodia.obtusifolia.ssp.gigas.var.gigas","Ahasverus.advena.Waltle",0
"M_075.1","Euodia.obtusifolia.ssp.gigas.var.gigas","Allograpta.nasuta.Marquart",0
"M_075.1","Euodia.obtusifolia.ssp.gigas.var.gigas","Apis.mellifera.Linnaeus",0
"M_075.1","Euodia.obtusifolia.ssp.gigas.var.gigas","Atherigona.orientalis.Schiner",0
"M_075.1","Euodia.obtusifolia.ssp.gigas.var.gigas","Brachymyrmex.sp",0
"M_075.1","Euodia.obtusifolia.ssp.gigas.var.gigas","Calopsilia.florella.Fabricius",0
"M_075.1","Euodia.obtusifolia.ssp.gigas.var.gigas","Campopleginae.sp1",0
"M_075.1","Euodia.obtusifolia.ssp.gigas.var.gigas","Cerambycidae.sp1",0
"M_075.1","Euodia.obtusifolia.ssp.gigas.var.gigas","Cerambycidae.sp2",0
"M_075.1","Euodia.obtusifolia.ssp.gigas.var.gigas","Cerambycidae.sp3",0
"M_075.1","Euodia.obtusifolia.ssp.gigas.var.gigas","Ceratitis.roas.Karsch",0
"M_075.1","Euodia.obtusifolia.ssp.gigas.var.gigas","Chaetocnema.sp1",1.75
"M_075.1","Euodia.obtusifolia.ssp.gigas.var.gigas","Cheloninae.sp1",0
"M_075.1","Euodia.obtusifolia.ssp.gigas.var.gigas","Cheloninae.sp3",0
"M_075.1","Euodia.obtusifolia.ssp.gigas.var.gigas","Chrysomya.megacephala.Fabricius",0
"M_075.1","Euodia.obtusifolia.ssp.gigas.var.gigas","Cixiidae.sp1",0
"M_075.1","Euodia.obtusifolia.ssp.gigas.var.gigas","Cixiidae.sp2",0
"M_075.1","Euodia.obtusifolia.ssp.gigas.var.gigas","Cotesia.sp1",0
"M_075.1","Euodia.obtusifolia.ssp.gigas.var.gigas","Cratopus.psittacus.Faimaire",0
"M_075.1","Euodia.obtusifolia.ssp.gigas.var.gigas","Cryptocephalinae.sp1",0
"M_075.1","Euodia.obtusifolia.ssp.gigas.var.gigas","Dasytinae.sp1",0
"M_075.1","Euodia.obtusifolia.ssp.gigas.var.gigas","Dioxyna.sororcula.Wiedemann",0
"M_075.1","Euodia.obtusifolia.ssp.gigas.var.gigas","Diptera.sp2",0
"M_075.1","Euodia.obtusifolia.ssp.gigas.var.gigas","Diptera.sp3",0
"M_075.1","Euodia.obtusifolia.ssp.gigas.var.gigas","Dysauxes.florida.Joan",0
"M_075.1","Euodia.obtusifolia.ssp.gigas.var.gigas","Episyrphus.sp.near.circularis.Hull",0
"M_075.1","Euodia.obtusifolia.ssp.gigas.var.gigas","Eristalinus.flaveolus.Bigot",0
"M_075.1","Euodia.obtusifolia.ssp.gigas.var.gigas","Eumolpinae.sp2",0
"M_075.1","Euodia.obtusifolia.ssp.gigas.var.gigas","Eumolpinae.sp3",0
"M_075.1","Euodia.obtusifolia.ssp.gigas.var.gigas","Eurytonidae.sp1",0
"M_075.1","Euodia.obtusifolia.ssp.gigas.var.gigas","Fannia.pusio.Wiedemann",0
"M_075.1","Euodia.obtusifolia.ssp.gigas.var.gigas","Gelechioidea.sp1",0
"M_075.1","Euodia.obtusifolia.ssp.gigas.var.gigas","Gelechioidea.sp2",0
"M_075.1","Euodia.obtusifolia.ssp.gigas.var.gigas","Gelechioidea.sp3",0
"M_075.1","Euodia.obtusifolia.ssp.gigas.var.gigas","Goniurellia.or.Dectodes.sp",0
"M_075.1","Euodia.obtusifolia.ssp.gigas.var.gigas","Graphomya.maculata.Scopoli",0
"M_075.1","Euodia.obtusifolia.ssp.gigas.var.gigas","Henotesia.narcissus.Fabricius",0
"M_075.1","Euodia.obtusifolia.ssp.gigas.var.gigas","Hippotion.eson.Cramer",0
"M_075.1","Euodia.obtusifolia.ssp.gigas.var.gigas","Homoneura.sp2",0
"M_075.1","Euodia.obtusifolia.ssp.gigas.var.gigas","Homoneura.sp3",0
"M_075.1","Euodia.obtusifolia.ssp.gigas.var.gigas","Hydrotaea.fuliginosa.Robineau.Desvoidy",0
"M_075.1","Euodia.obtusifolia.ssp.gigas.var.gigas","Ischiodon.aegyptius.Wiedemann",0
"M_075.1","Euodia.obtusifolia.ssp.gigas.var.gigas","Lecithoceridae.sp1",0
"M_075.1","Euodia.obtusifolia.ssp.gigas.var.gigas","Leptotes.pirithous.Linnaeus",0
"M_075.1","Euodia.obtusifolia.ssp.gigas.var.gigas","Limnophora.quaterna.Loew",0
"M_075.1","Euodia.obtusifolia.ssp.gigas.var.gigas","Lygaeidae.sp2",0
"M_075.1","Euodia.obtusifolia.ssp.gigas.var.gigas","Lygaeidae.sp3",0
"M_075.1","Euodia.obtusifolia.ssp.gigas.var.gigas","Lygaeidae.sp5",0
"M_075.1","Euodia.obtusifolia.ssp.gigas.var.gigas","Lygistorrhina.sp",0
"M_075.1","Euodia.obtusifolia.ssp.gigas.var.gigas","Macroglossum.milvus.Boisduval",0
"M_075.1","Euodia.obtusifolia.ssp.gigas.var.gigas","Mauritiborium.undulatus",0
"M_075.1","Euodia.obtusifolia.ssp.gigas.var.gigas","Melanagromyza.sojae.Zehntner",0
"M_075.1","Euodia.obtusifolia.ssp.gigas.var.gigas","Melanostoma.annulipes.Macquart",0
"M_075.1","Euodia.obtusifolia.ssp.gigas.var.gigas","Melanostoma.bituberculatum.Loew",0
"M_075.1","Euodia.obtusifolia.ssp.gigas.var.gigas","Miridae.sp1",0
"M_075.1","Euodia.obtusifolia.ssp.gigas.var.gigas","Mordellidae.sp1",0
"M_075.1","Euodia.obtusifolia.ssp.gigas.var.gigas","Mordellidae.sp2",0
"M_075.1","Euodia.obtusifolia.ssp.gigas.var.gigas","Mordellidae.sp3",0
"M_075.1","Euodia.obtusifolia.ssp.gigas.var.gigas","Musca.confiscata.Speiser",0
"M_075.1","Euodia.obtusifolia.ssp.gigas.var.gigas","Musca.domestica.Linnaeus",0
"M_075.1","Euodia.obtusifolia.ssp.gigas.var.gigas","Nacoleia.sp1",0
"M_075.1","Euodia.obtusifolia.ssp.gigas.var.gigas","Nacoleia.sp2",0
"M_075.1","Euodia.obtusifolia.ssp.gigas.var.gigas","Nitidulidae.sp1",0
"M_075.1","Euodia.obtusifolia.ssp.gigas.var.gigas","Nyctemera.insulare.Boisduval",0
"M_075.1","Euodia.obtusifolia.ssp.gigas.var.gigas","Ophyra.capensis.Wiedemann",0
"M_075.1","Euodia.obtusifolia.ssp.gigas.var.gigas","Orchisia.costata.Meigen",0
"M_075.1","Euodia.obtusifolia.ssp.gigas.var.gigas","Ornidia.obesa.Fabricius",0
"M_075.1","Euodia.obtusifolia.ssp.gigas.var.gigas","Orthellia.albigena.Stein",0
"M_075.1","Euodia.obtusifolia.ssp.gigas.var.gigas","Pachycerina.crinicornis.Thomson",0
"M_075.1","Euodia.obtusifolia.ssp.gigas.var.gigas","Palexorista.sp1",0
"M_075.1","Euodia.obtusifolia.ssp.gigas.var.gigas","Panara.naso.Fabricius",0
"M_075.1","Euodia.obtusifolia.ssp.gigas.var.gigas","Paragus.borbonicus.Macquart",0
"M_075.1","Euodia.obtusifolia.ssp.gigas.var.gigas","Pelecophora.intemipta.All",0
"M_075.1","Euodia.obtusifolia.ssp.gigas.var.gigas","Phalanta.phalantha.Drury",0
"M_075.1","Euodia.obtusifolia.ssp.gigas.var.gigas","Pheidole.megacephala.Fabricius",0
"M_075.1","Euodia.obtusifolia.ssp.gigas.var.gigas","Phelsuma.cepediana.Merrem",0
"M_075.1","Euodia.obtusifolia.ssp.gigas.var.gigas","Phorinia.sp",0
"M_075.1","Euodia.obtusifolia.ssp.gigas.var.gigas","Polistes.hebraeus.Fabricius",0
"M_075.1","Euodia.obtusifolia.ssp.gigas.var.gigas","Psyllidae.sp2",0
"M_075.1","Euodia.obtusifolia.ssp.gigas.var.gigas","Sapromyza.sp.near..nudiuscula.Lamb",0
"M_075.1","Euodia.obtusifolia.ssp.gigas.var.gigas","Sarcophaga.arno.Curran",0
"M_075.1","Euodia.obtusifolia.ssp.gigas.var.gigas","Scatopsidae.sp",0
"M_075.1","Euodia.obtusifolia.ssp.gigas.var.gigas","Scirtidae.sp1",0
"M_075.1","Euodia.obtusifolia.ssp.gigas.var.gigas","Scirtidae.sp2",0
"M_075.1","Euodia.obtusifolia.ssp.gigas.var.gigas","Scolia.carniflex.Coquillett",0
"M_075.1","Euodia.obtusifolia.ssp.gigas.var.gigas","Scopariinae.sp",0
"M_075.1","Euodia.obtusifolia.ssp.gigas.var.gigas","Simulium.Byssodon.sp2",0
"M_075.1","Euodia.obtusifolia.ssp.gigas.var.gigas","Siphona.sp",0
"M_075.1","Euodia.obtusifolia.ssp.gigas.var.gigas","Stomorhina.lunata.Fabricius",0
"M_075.1","Euodia.obtusifolia.ssp.gigas.var.gigas","Stomoxys.calcitrans.Linnaeus",0
"M_075.1","Euodia.obtusifolia.ssp.gigas.var.gigas","Stomoxys.niger.Macquart",0
"M_075.1","Euodia.obtusifolia.ssp.gigas.var.gigas","Syritta.bulbus.Walker",0
"M_075.1","Euodia.obtusifolia.ssp.gigas.var.gigas","Syritta.nigrofemorata.Macquart",0
"M_075.1","Euodia.obtusifolia.ssp.gigas.var.gigas","Syritta.spnear.abyssinica.Rondani",0
"M_075.1","Euodia.obtusifolia.ssp.gigas.var.gigas","Technomyrmex.albipes.Smith",0
"M_075.1","Euodia.obtusifolia.ssp.gigas.var.gigas","Thelairodrino.sp",0
"M_075.1","Euodia.obtusifolia.ssp.gigas.var.gigas","Thysanoplusia.orichalcea.Fabricius",0
"M_075.1","Euodia.obtusifolia.ssp.gigas.var.gigas","Villa.unifasciata.Macquart",0
"M_075.1","Euodia.obtusifolia.ssp.gigas.var.gigas","Zosterops.mauritianus.Gmelin",0
"M_075.1","Faujasiopsis.flexuosa.ssp.erecta","Agathidinae.sp",0
"M_075.1","Faujasiopsis.flexuosa.ssp.erecta","Ahasverus.advena.Waltle",0
"M_075.1","Faujasiopsis.flexuosa.ssp.erecta","Allograpta.nasuta.Marquart",0
"M_075.1","Faujasiopsis.flexuosa.ssp.erecta","Apis.mellifera.Linnaeus",1.1111111111
"M_075.1","Faujasiopsis.flexuosa.ssp.erecta","Atherigona.orientalis.Schiner",0
"M_075.1","Faujasiopsis.flexuosa.ssp.erecta","Brachymyrmex.sp",0
"M_075.1","Faujasiopsis.flexuosa.ssp.erecta","Calopsilia.florella.Fabricius",0
"M_075.1","Faujasiopsis.flexuosa.ssp.erecta","Campopleginae.sp1",0
"M_075.1","Faujasiopsis.flexuosa.ssp.erecta","Cerambycidae.sp1",0
"M_075.1","Faujasiopsis.flexuosa.ssp.erecta","Cerambycidae.sp2",0
"M_075.1","Faujasiopsis.flexuosa.ssp.erecta","Cerambycidae.sp3",0
"M_075.1","Faujasiopsis.flexuosa.ssp.erecta","Ceratitis.roas.Karsch",0
"M_075.1","Faujasiopsis.flexuosa.ssp.erecta","Chaetocnema.sp1",1.4368253968
"M_075.1","Faujasiopsis.flexuosa.ssp.erecta","Cheloninae.sp1",0
"M_075.1","Faujasiopsis.flexuosa.ssp.erecta","Cheloninae.sp3",0
"M_075.1","Faujasiopsis.flexuosa.ssp.erecta","Chrysomya.megacephala.Fabricius",0
"M_075.1","Faujasiopsis.flexuosa.ssp.erecta","Cixiidae.sp1",0
"M_075.1","Faujasiopsis.flexuosa.ssp.erecta","Cixiidae.sp2",0
"M_075.1","Faujasiopsis.flexuosa.ssp.erecta","Cotesia.sp1",0
"M_075.1","Faujasiopsis.flexuosa.ssp.erecta","Cratopus.psittacus.Faimaire",0
"M_075.1","Faujasiopsis.flexuosa.ssp.erecta","Cryptocephalinae.sp1",0
"M_075.1","Faujasiopsis.flexuosa.ssp.erecta","Dasytinae.sp1",0
"M_075.1","Faujasiopsis.flexuosa.ssp.erecta","Dioxyna.sororcula.Wiedemann",0
"M_075.1","Faujasiopsis.flexuosa.ssp.erecta","Diptera.sp2",0
"M_075.1","Faujasiopsis.flexuosa.ssp.erecta","Diptera.sp3",0
"M_075.1","Faujasiopsis.flexuosa.ssp.erecta","Dysauxes.florida.Joan",4.5547619048
"M_075.1","Faujasiopsis.flexuosa.ssp.erecta","Episyrphus.sp.near.circularis.Hull",0
"M_075.1","Faujasiopsis.flexuosa.ssp.erecta","Eristalinus.flaveolus.Bigot",0
"M_075.1","Faujasiopsis.flexuosa.ssp.erecta","Eumolpinae.sp2",0
"M_075.1","Faujasiopsis.flexuosa.ssp.erecta","Eumolpinae.sp3",0
"M_075.1","Faujasiopsis.flexuosa.ssp.erecta","Eurytonidae.sp1",0
"M_075.1","Faujasiopsis.flexuosa.ssp.erecta","Fannia.pusio.Wiedemann",1.6
"M_075.1","Faujasiopsis.flexuosa.ssp.erecta","Gelechioidea.sp1",0
"M_075.1","Faujasiopsis.flexuosa.ssp.erecta","Gelechioidea.sp2",0
"M_075.1","Faujasiopsis.flexuosa.ssp.erecta","Gelechioidea.sp3",0
"M_075.1","Faujasiopsis.flexuosa.ssp.erecta","Goniurellia.or.Dectodes.sp",0
"M_075.1","Faujasiopsis.flexuosa.ssp.erecta","Graphomya.maculata.Scopoli",0
"M_075.1","Faujasiopsis.flexuosa.ssp.erecta","Henotesia.narcissus.Fabricius",0
"M_075.1","Faujasiopsis.flexuosa.ssp.erecta","Hippotion.eson.Cramer",0
"M_075.1","Faujasiopsis.flexuosa.ssp.erecta","Homoneura.sp2",0
"M_075.1","Faujasiopsis.flexuosa.ssp.erecta","Homoneura.sp3",0
"M_075.1","Faujasiopsis.flexuosa.ssp.erecta","Hydrotaea.fuliginosa.Robineau.Desvoidy",0
"M_075.1","Faujasiopsis.flexuosa.ssp.erecta","Ischiodon.aegyptius.Wiedemann",0
"M_075.1","Faujasiopsis.flexuosa.ssp.erecta","Lecithoceridae.sp1",0
"M_075.1","Faujasiopsis.flexuosa.ssp.erecta","Leptotes.pirithous.Linnaeus",0
"M_075.1","Faujasiopsis.flexuosa.ssp.erecta","Limnophora.quaterna.Loew",0
"M_075.1","Faujasiopsis.flexuosa.ssp.erecta","Lygaeidae.sp2",0
"M_075.1","Faujasiopsis.flexuosa.ssp.erecta","Lygaeidae.sp3",0
"M_075.1","Faujasiopsis.flexuosa.ssp.erecta","Lygaeidae.sp5",0
"M_075.1","Faujasiopsis.flexuosa.ssp.erecta","Lygistorrhina.sp",1.8857142857
"M_075.1","Faujasiopsis.flexuosa.ssp.erecta","Macroglossum.milvus.Boisduval",0
"M_075.1","Faujasiopsis.flexuosa.ssp.erecta","Mauritiborium.undulatus",0
"M_075.1","Faujasiopsis.flexuosa.ssp.erecta","Melanagromyza.sojae.Zehntner",0
"M_075.1","Faujasiopsis.flexuosa.ssp.erecta","Melanostoma.annulipes.Macquart",0
"M_075.1","Faujasiopsis.flexuosa.ssp.erecta","Melanostoma.bituberculatum.Loew",0
"M_075.1","Faujasiopsis.flexuosa.ssp.erecta","Miridae.sp1",0
"M_075.1","Faujasiopsis.flexuosa.ssp.erecta","Mordellidae.sp1",0
"M_075.1","Faujasiopsis.flexuosa.ssp.erecta","Mordellidae.sp2",0
"M_075.1","Faujasiopsis.flexuosa.ssp.erecta","Mordellidae.sp3",0
"M_075.1","Faujasiopsis.flexuosa.ssp.erecta","Musca.confiscata.Speiser",0
"M_075.1","Faujasiopsis.flexuosa.ssp.erecta","Musca.domestica.Linnaeus",0
"M_075.1","Faujasiopsis.flexuosa.ssp.erecta","Nacoleia.sp1",0.0666666667
"M_075.1","Faujasiopsis.flexuosa.ssp.erecta","Nacoleia.sp2",0
"M_075.1","Faujasiopsis.flexuosa.ssp.erecta","Nitidulidae.sp1",0
"M_075.1","Faujasiopsis.flexuosa.ssp.erecta","Nyctemera.insulare.Boisduval",0
"M_075.1","Faujasiopsis.flexuosa.ssp.erecta","Ophyra.capensis.Wiedemann",0
"M_075.1","Faujasiopsis.flexuosa.ssp.erecta","Orchisia.costata.Meigen",0
"M_075.1","Faujasiopsis.flexuosa.ssp.erecta","Ornidia.obesa.Fabricius",0.2222222222
"M_075.1","Faujasiopsis.flexuosa.ssp.erecta","Orthellia.albigena.Stein",0
"M_075.1","Faujasiopsis.flexuosa.ssp.erecta","Pachycerina.crinicornis.Thomson",0.8666666667
"M_075.1","Faujasiopsis.flexuosa.ssp.erecta","Palexorista.sp1",0
"M_075.1","Faujasiopsis.flexuosa.ssp.erecta","Panara.naso.Fabricius",0
"M_075.1","Faujasiopsis.flexuosa.ssp.erecta","Paragus.borbonicus.Macquart",0
"M_075.1","Faujasiopsis.flexuosa.ssp.erecta","Pelecophora.intemipta.All",0
"M_075.1","Faujasiopsis.flexuosa.ssp.erecta","Phalanta.phalantha.Drury",0
"M_075.1","Faujasiopsis.flexuosa.ssp.erecta","Pheidole.megacephala.Fabricius",0
"M_075.1","Faujasiopsis.flexuosa.ssp.erecta","Phelsuma.cepediana.Merrem",0
"M_075.1","Faujasiopsis.flexuosa.ssp.erecta","Phorinia.sp",0
"M_075.1","Faujasiopsis.flexuosa.ssp.erecta","Polistes.hebraeus.Fabricius",0
"M_075.1","Faujasiopsis.flexuosa.ssp.erecta","Psyllidae.sp2",0
"M_075.1","Faujasiopsis.flexuosa.ssp.erecta","Sapromyza.sp.near..nudiuscula.Lamb",0
"M_075.1","Faujasiopsis.flexuosa.ssp.erecta","Sarcophaga.arno.Curran",0
"M_075.1","Faujasiopsis.flexuosa.ssp.erecta","Scatopsidae.sp",0
"M_075.1","Faujasiopsis.flexuosa.ssp.erecta","Scirtidae.sp1",0
"M_075.1","Faujasiopsis.flexuosa.ssp.erecta","Scirtidae.sp2",0
"M_075.1","Faujasiopsis.flexuosa.ssp.erecta","Scolia.carniflex.Coquillett",0
"M_075.1","Faujasiopsis.flexuosa.ssp.erecta","Scopariinae.sp",0
"M_075.1","Faujasiopsis.flexuosa.ssp.erecta","Simulium.Byssodon.sp2",0
"M_075.1","Faujasiopsis.flexuosa.ssp.erecta","Siphona.sp",0
"M_075.1","Faujasiopsis.flexuosa.ssp.erecta","Stomorhina.lunata.Fabricius",0.8666666667
"M_075.1","Faujasiopsis.flexuosa.ssp.erecta","Stomoxys.calcitrans.Linnaeus",0
"M_075.1","Faujasiopsis.flexuosa.ssp.erecta","Stomoxys.niger.Macquart",0
"M_075.1","Faujasiopsis.flexuosa.ssp.erecta","Syritta.bulbus.Walker",0
"M_075.1","Faujasiopsis.flexuosa.ssp.erecta","Syritta.nigrofemorata.Macquart",0
"M_075.1","Faujasiopsis.flexuosa.ssp.erecta","Syritta.spnear.abyssinica.Rondani",0
"M_075.1","Faujasiopsis.flexuosa.ssp.erecta","Technomyrmex.albipes.Smith",0
"M_075.1","Faujasiopsis.flexuosa.ssp.erecta","Thelairodrino.sp",0
"M_075.1","Faujasiopsis.flexuosa.ssp.erecta","Thysanoplusia.orichalcea.Fabricius",0
"M_075.1","Faujasiopsis.flexuosa.ssp.erecta","Villa.unifasciata.Macquart",0
"M_075.1","Faujasiopsis.flexuosa.ssp.erecta","Zosterops.mauritianus.Gmelin",0
"M_075.1","Flagellaria.indica","Agathidinae.sp",0
"M_075.1","Flagellaria.indica","Ahasverus.advena.Waltle",0
"M_075.1","Flagellaria.indica","Allograpta.nasuta.Marquart",0
"M_075.1","Flagellaria.indica","Apis.mellifera.Linnaeus",0
"M_075.1","Flagellaria.indica","Atherigona.orientalis.Schiner",0
"M_075.1","Flagellaria.indica","Brachymyrmex.sp",0
"M_075.1","Flagellaria.indica","Calopsilia.florella.Fabricius",0
"M_075.1","Flagellaria.indica","Campopleginae.sp1",0
"M_075.1","Flagellaria.indica","Cerambycidae.sp1",0
"M_075.1","Flagellaria.indica","Cerambycidae.sp2",0
"M_075.1","Flagellaria.indica","Cerambycidae.sp3",0
"M_075.1","Flagellaria.indica","Ceratitis.roas.Karsch",0
"M_075.1","Flagellaria.indica","Chaetocnema.sp1",0.6
"M_075.1","Flagellaria.indica","Cheloninae.sp1",0
"M_075.1","Flagellaria.indica","Cheloninae.sp3",0
"M_075.1","Flagellaria.indica","Chrysomya.megacephala.Fabricius",0
"M_075.1","Flagellaria.indica","Cixiidae.sp1",0
"M_075.1","Flagellaria.indica","Cixiidae.sp2",0
"M_075.1","Flagellaria.indica","Cotesia.sp1",0
"M_075.1","Flagellaria.indica","Cratopus.psittacus.Faimaire",0
"M_075.1","Flagellaria.indica","Cryptocephalinae.sp1",0
"M_075.1","Flagellaria.indica","Dasytinae.sp1",0
"M_075.1","Flagellaria.indica","Dioxyna.sororcula.Wiedemann",0
"M_075.1","Flagellaria.indica","Diptera.sp2",0
"M_075.1","Flagellaria.indica","Diptera.sp3",0
"M_075.1","Flagellaria.indica","Dysauxes.florida.Joan",0
"M_075.1","Flagellaria.indica","Episyrphus.sp.near.circularis.Hull",0
"M_075.1","Flagellaria.indica","Eristalinus.flaveolus.Bigot",0
"M_075.1","Flagellaria.indica","Eumolpinae.sp2",0
"M_075.1","Flagellaria.indica","Eumolpinae.sp3",0
"M_075.1","Flagellaria.indica","Eurytonidae.sp1",0
"M_075.1","Flagellaria.indica","Fannia.pusio.Wiedemann",0
"M_075.1","Flagellaria.indica","Gelechioidea.sp1",0
"M_075.1","Flagellaria.indica","Gelechioidea.sp2",0
"M_075.1","Flagellaria.indica","Gelechioidea.sp3",0
"M_075.1","Flagellaria.indica","Goniurellia.or.Dectodes.sp",0
"M_075.1","Flagellaria.indica","Graphomya.maculata.Scopoli",0
"M_075.1","Flagellaria.indica","Henotesia.narcissus.Fabricius",0
"M_075.1","Flagellaria.indica","Hippotion.eson.Cramer",0
"M_075.1","Flagellaria.indica","Homoneura.sp2",0
"M_075.1","Flagellaria.indica","Homoneura.sp3",0
"M_075.1","Flagellaria.indica","Hydrotaea.fuliginosa.Robineau.Desvoidy",0
"M_075.1","Flagellaria.indica","Ischiodon.aegyptius.Wiedemann",0
"M_075.1","Flagellaria.indica","Lecithoceridae.sp1",0
"M_075.1","Flagellaria.indica","Leptotes.pirithous.Linnaeus",0
"M_075.1","Flagellaria.indica","Limnophora.quaterna.Loew",0
"M_075.1","Flagellaria.indica","Lygaeidae.sp2",0
"M_075.1","Flagellaria.indica","Lygaeidae.sp3",0
"M_075.1","Flagellaria.indica","Lygaeidae.sp5",0
"M_075.1","Flagellaria.indica","Lygistorrhina.sp",0
"M_075.1","Flagellaria.indica","Macroglossum.milvus.Boisduval",0
"M_075.1","Flagellaria.indica","Mauritiborium.undulatus",0
"M_075.1","Flagellaria.indica","Melanagromyza.sojae.Zehntner",0
"M_075.1","Flagellaria.indica","Melanostoma.annulipes.Macquart",0
"M_075.1","Flagellaria.indica","Melanostoma.bituberculatum.Loew",0.0571428571
"M_075.1","Flagellaria.indica","Miridae.sp1",0
"M_075.1","Flagellaria.indica","Mordellidae.sp1",0
"M_075.1","Flagellaria.indica","Mordellidae.sp2",0
"M_075.1","Flagellaria.indica","Mordellidae.sp3",0
"M_075.1","Flagellaria.indica","Musca.confiscata.Speiser",0
"M_075.1","Flagellaria.indica","Musca.domestica.Linnaeus",0
"M_075.1","Flagellaria.indica","Nacoleia.sp1",0
"M_075.1","Flagellaria.indica","Nacoleia.sp2",0
"M_075.1","Flagellaria.indica","Nitidulidae.sp1",0
"M_075.1","Flagellaria.indica","Nyctemera.insulare.Boisduval",0
"M_075.1","Flagellaria.indica","Ophyra.capensis.Wiedemann",0
"M_075.1","Flagellaria.indica","Orchisia.costata.Meigen",0
"M_075.1","Flagellaria.indica","Ornidia.obesa.Fabricius",0
"M_075.1","Flagellaria.indica","Orthellia.albigena.Stein",0
"M_075.1","Flagellaria.indica","Pachycerina.crinicornis.Thomson",0
"M_075.1","Flagellaria.indica","Palexorista.sp1",0
"M_075.1","Flagellaria.indica","Panara.naso.Fabricius",0
"M_075.1","Flagellaria.indica","Paragus.borbonicus.Macquart",0
"M_075.1","Flagellaria.indica","Pelecophora.intemipta.All",0
"M_075.1","Flagellaria.indica","Phalanta.phalantha.Drury",0
"M_075.1","Flagellaria.indica","Pheidole.megacephala.Fabricius",0
"M_075.1","Flagellaria.indica","Phelsuma.cepediana.Merrem",0
"M_075.1","Flagellaria.indica","Phorinia.sp",0
"M_075.1","Flagellaria.indica","Polistes.hebraeus.Fabricius",0
"M_075.1","Flagellaria.indica","Psyllidae.sp2",0
"M_075.1","Flagellaria.indica","Sapromyza.sp.near..nudiuscula.Lamb",0
"M_075.1","Flagellaria.indica","Sarcophaga.arno.Curran",0
"M_075.1","Flagellaria.indica","Scatopsidae.sp",0
"M_075.1","Flagellaria.indica","Scirtidae.sp1",0
"M_075.1","Flagellaria.indica","Scirtidae.sp2",0
"M_075.1","Flagellaria.indica","Scolia.carniflex.Coquillett",0
"M_075.1","Flagellaria.indica","Scopariinae.sp",0
"M_075.1","Flagellaria.indica","Simulium.Byssodon.sp2",0
"M_075.1","Flagellaria.indica","Siphona.sp",0
"M_075.1","Flagellaria.indica","Stomorhina.lunata.Fabricius",0
"M_075.1","Flagellaria.indica","Stomoxys.calcitrans.Linnaeus",0
"M_075.1","Flagellaria.indica","Stomoxys.niger.Macquart",0
"M_075.1","Flagellaria.indica","Syritta.bulbus.Walker",0
"M_075.1","Flagellaria.indica","Syritta.nigrofemorata.Macquart",0
"M_075.1","Flagellaria.indica","Syritta.spnear.abyssinica.Rondani",0
"M_075.1","Flagellaria.indica","Technomyrmex.albipes.Smith",0
"M_075.1","Flagellaria.indica","Thelairodrino.sp",0
"M_075.1","Flagellaria.indica","Thysanoplusia.orichalcea.Fabricius",0
"M_075.1","Flagellaria.indica","Villa.unifasciata.Macquart",0
"M_075.1","Flagellaria.indica","Zosterops.mauritianus.Gmelin",0
"M_075.1","Gaertnera.psychotrioides.edentata","Agathidinae.sp",0
"M_075.1","Gaertnera.psychotrioides.edentata","Ahasverus.advena.Waltle",0.1818181818
"M_075.1","Gaertnera.psychotrioides.edentata","Allograpta.nasuta.Marquart",0.4222222222
"M_075.1","Gaertnera.psychotrioides.edentata","Apis.mellifera.Linnaeus",1.752020202
"M_075.1","Gaertnera.psychotrioides.edentata","Atherigona.orientalis.Schiner",0
"M_075.1","Gaertnera.psychotrioides.edentata","Brachymyrmex.sp",0
"M_075.1","Gaertnera.psychotrioides.edentata","Calopsilia.florella.Fabricius",0
"M_075.1","Gaertnera.psychotrioides.edentata","Campopleginae.sp1",0
"M_075.1","Gaertnera.psychotrioides.edentata","Cerambycidae.sp1",0
"M_075.1","Gaertnera.psychotrioides.edentata","Cerambycidae.sp2",0
"M_075.1","Gaertnera.psychotrioides.edentata","Cerambycidae.sp3",0
"M_075.1","Gaertnera.psychotrioides.edentata","Ceratitis.roas.Karsch",0
"M_075.1","Gaertnera.psychotrioides.edentata","Chaetocnema.sp1",1.3650793651
"M_075.1","Gaertnera.psychotrioides.edentata","Cheloninae.sp1",0
"M_075.1","Gaertnera.psychotrioides.edentata","Cheloninae.sp3",0
"M_075.1","Gaertnera.psychotrioides.edentata","Chrysomya.megacephala.Fabricius",0.7222222222
"M_075.1","Gaertnera.psychotrioides.edentata","Cixiidae.sp1",0
"M_075.1","Gaertnera.psychotrioides.edentata","Cixiidae.sp2",0
"M_075.1","Gaertnera.psychotrioides.edentata","Cotesia.sp1",0
"M_075.1","Gaertnera.psychotrioides.edentata","Cratopus.psittacus.Faimaire",0
"M_075.1","Gaertnera.psychotrioides.edentata","Cryptocephalinae.sp1",0
"M_075.1","Gaertnera.psychotrioides.edentata","Dasytinae.sp1",0
"M_075.1","Gaertnera.psychotrioides.edentata","Dioxyna.sororcula.Wiedemann",0
"M_075.1","Gaertnera.psychotrioides.edentata","Diptera.sp2",0
"M_075.1","Gaertnera.psychotrioides.edentata","Diptera.sp3",0
"M_075.1","Gaertnera.psychotrioides.edentata","Dysauxes.florida.Joan",0
"M_075.1","Gaertnera.psychotrioides.edentata","Episyrphus.sp.near.circularis.Hull",0.5472222222
"M_075.1","Gaertnera.psychotrioides.edentata","Eristalinus.flaveolus.Bigot",0
"M_075.1","Gaertnera.psychotrioides.edentata","Eumolpinae.sp2",0
"M_075.1","Gaertnera.psychotrioides.edentata","Eumolpinae.sp3",0
"M_075.1","Gaertnera.psychotrioides.edentata","Eurytonidae.sp1",0
"M_075.1","Gaertnera.psychotrioides.edentata","Fannia.pusio.Wiedemann",0
"M_075.1","Gaertnera.psychotrioides.edentata","Gelechioidea.sp1",0
"M_075.1","Gaertnera.psychotrioides.edentata","Gelechioidea.sp2",0
"M_075.1","Gaertnera.psychotrioides.edentata","Gelechioidea.sp3",0
"M_075.1","Gaertnera.psychotrioides.edentata","Goniurellia.or.Dectodes.sp",0
"M_075.1","Gaertnera.psychotrioides.edentata","Graphomya.maculata.Scopoli",0
"M_075.1","Gaertnera.psychotrioides.edentata","Henotesia.narcissus.Fabricius",0
"M_075.1","Gaertnera.psychotrioides.edentata","Hippotion.eson.Cramer",0.2222222222
"M_075.1","Gaertnera.psychotrioides.edentata","Homoneura.sp2",0
"M_075.1","Gaertnera.psychotrioides.edentata","Homoneura.sp3",0
"M_075.1","Gaertnera.psychotrioides.edentata","Hydrotaea.fuliginosa.Robineau.Desvoidy",0
"M_075.1","Gaertnera.psychotrioides.edentata","Ischiodon.aegyptius.Wiedemann",0
"M_075.1","Gaertnera.psychotrioides.edentata","Lecithoceridae.sp1",0.25
"M_075.1","Gaertnera.psychotrioides.edentata","Leptotes.pirithous.Linnaeus",0
"M_075.1","Gaertnera.psychotrioides.edentata","Limnophora.quaterna.Loew",0
"M_075.1","Gaertnera.psychotrioides.edentata","Lygaeidae.sp2",0
"M_075.1","Gaertnera.psychotrioides.edentata","Lygaeidae.sp3",0
"M_075.1","Gaertnera.psychotrioides.edentata","Lygaeidae.sp5",0
"M_075.1","Gaertnera.psychotrioides.edentata","Lygistorrhina.sp",0
"M_075.1","Gaertnera.psychotrioides.edentata","Macroglossum.milvus.Boisduval",0
"M_075.1","Gaertnera.psychotrioides.edentata","Mauritiborium.undulatus",0
"M_075.1","Gaertnera.psychotrioides.edentata","Melanagromyza.sojae.Zehntner",0
"M_075.1","Gaertnera.psychotrioides.edentata","Melanostoma.annulipes.Macquart",0
"M_075.1","Gaertnera.psychotrioides.edentata","Melanostoma.bituberculatum.Loew",0
"M_075.1","Gaertnera.psychotrioides.edentata","Miridae.sp1",0
"M_075.1","Gaertnera.psychotrioides.edentata","Mordellidae.sp1",0
"M_075.1","Gaertnera.psychotrioides.edentata","Mordellidae.sp2",0
"M_075.1","Gaertnera.psychotrioides.edentata","Mordellidae.sp3",0
"M_075.1","Gaertnera.psychotrioides.edentata","Musca.confiscata.Speiser",0
"M_075.1","Gaertnera.psychotrioides.edentata","Musca.domestica.Linnaeus",0.6666666667
"M_075.1","Gaertnera.psychotrioides.edentata","Nacoleia.sp1",4.2133477633
"M_075.1","Gaertnera.psychotrioides.edentata","Nacoleia.sp2",0
"M_075.1","Gaertnera.psychotrioides.edentata","Nitidulidae.sp1",0
"M_075.1","Gaertnera.psychotrioides.edentata","Nyctemera.insulare.Boisduval",0
"M_075.1","Gaertnera.psychotrioides.edentata","Ophyra.capensis.Wiedemann",0
"M_075.1","Gaertnera.psychotrioides.edentata","Orchisia.costata.Meigen",0
"M_075.1","Gaertnera.psychotrioides.edentata","Ornidia.obesa.Fabricius",0
"M_075.1","Gaertnera.psychotrioides.edentata","Orthellia.albigena.Stein",0
"M_075.1","Gaertnera.psychotrioides.edentata","Pachycerina.crinicornis.Thomson",0
"M_075.1","Gaertnera.psychotrioides.edentata","Palexorista.sp1",0
"M_075.1","Gaertnera.psychotrioides.edentata","Panara.naso.Fabricius",0.2
"M_075.1","Gaertnera.psychotrioides.edentata","Paragus.borbonicus.Macquart",0
"M_075.1","Gaertnera.psychotrioides.edentata","Pelecophora.intemipta.All",0
"M_075.1","Gaertnera.psychotrioides.edentata","Phalanta.phalantha.Drury",0
"M_075.1","Gaertnera.psychotrioides.edentata","Pheidole.megacephala.Fabricius",0
"M_075.1","Gaertnera.psychotrioides.edentata","Phelsuma.cepediana.Merrem",0
"M_075.1","Gaertnera.psychotrioides.edentata","Phorinia.sp",0
"M_075.1","Gaertnera.psychotrioides.edentata","Polistes.hebraeus.Fabricius",0.4222222222
"M_075.1","Gaertnera.psychotrioides.edentata","Psyllidae.sp2",0
"M_075.1","Gaertnera.psychotrioides.edentata","Sapromyza.sp.near..nudiuscula.Lamb",0
"M_075.1","Gaertnera.psychotrioides.edentata","Sarcophaga.arno.Curran",0
"M_075.1","Gaertnera.psychotrioides.edentata","Scatopsidae.sp",0
"M_075.1","Gaertnera.psychotrioides.edentata","Scirtidae.sp1",0
"M_075.1","Gaertnera.psychotrioides.edentata","Scirtidae.sp2",0
"M_075.1","Gaertnera.psychotrioides.edentata","Scolia.carniflex.Coquillett",0
"M_075.1","Gaertnera.psychotrioides.edentata","Scopariinae.sp",0
"M_075.1","Gaertnera.psychotrioides.edentata","Simulium.Byssodon.sp2",0
"M_075.1","Gaertnera.psychotrioides.edentata","Siphona.sp",0
"M_075.1","Gaertnera.psychotrioides.edentata","Stomorhina.lunata.Fabricius",0.1
"M_075.1","Gaertnera.psychotrioides.edentata","Stomoxys.calcitrans.Linnaeus",0.2222222222
"M_075.1","Gaertnera.psychotrioides.edentata","Stomoxys.niger.Macquart",0
"M_075.1","Gaertnera.psychotrioides.edentata","Syritta.bulbus.Walker",0
"M_075.1","Gaertnera.psychotrioides.edentata","Syritta.nigrofemorata.Macquart",0
"M_075.1","Gaertnera.psychotrioides.edentata","Syritta.spnear.abyssinica.Rondani",0
"M_075.1","Gaertnera.psychotrioides.edentata","Technomyrmex.albipes.Smith",0
"M_075.1","Gaertnera.psychotrioides.edentata","Thelairodrino.sp",0
"M_075.1","Gaertnera.psychotrioides.edentata","Thysanoplusia.orichalcea.Fabricius",0.1428571429
"M_075.1","Gaertnera.psychotrioides.edentata","Villa.unifasciata.Macquart",0.5222222222
"M_075.1","Gaertnera.psychotrioides.edentata","Zosterops.mauritianus.Gmelin",0
"M_075.1","Gaertnera.rotundifolia","Agathidinae.sp",0
"M_075.1","Gaertnera.rotundifolia","Ahasverus.advena.Waltle",0
"M_075.1","Gaertnera.rotundifolia","Allograpta.nasuta.Marquart",0
"M_075.1","Gaertnera.rotundifolia","Apis.mellifera.Linnaeus",0
"M_075.1","Gaertnera.rotundifolia","Atherigona.orientalis.Schiner",0
"M_075.1","Gaertnera.rotundifolia","Brachymyrmex.sp",0
"M_075.1","Gaertnera.rotundifolia","Calopsilia.florella.Fabricius",0
"M_075.1","Gaertnera.rotundifolia","Campopleginae.sp1",0
"M_075.1","Gaertnera.rotundifolia","Cerambycidae.sp1",0
"M_075.1","Gaertnera.rotundifolia","Cerambycidae.sp2",0
"M_075.1","Gaertnera.rotundifolia","Cerambycidae.sp3",0
"M_075.1","Gaertnera.rotundifolia","Ceratitis.roas.Karsch",0
"M_075.1","Gaertnera.rotundifolia","Chaetocnema.sp1",0
"M_075.1","Gaertnera.rotundifolia","Cheloninae.sp1",0
"M_075.1","Gaertnera.rotundifolia","Cheloninae.sp3",0
"M_075.1","Gaertnera.rotundifolia","Chrysomya.megacephala.Fabricius",0
"M_075.1","Gaertnera.rotundifolia","Cixiidae.sp1",0
"M_075.1","Gaertnera.rotundifolia","Cixiidae.sp2",0
"M_075.1","Gaertnera.rotundifolia","Cotesia.sp1",0
"M_075.1","Gaertnera.rotundifolia","Cratopus.psittacus.Faimaire",0
"M_075.1","Gaertnera.rotundifolia","Cryptocephalinae.sp1",0
"M_075.1","Gaertnera.rotundifolia","Dasytinae.sp1",0
"M_075.1","Gaertnera.rotundifolia","Dioxyna.sororcula.Wiedemann",0
"M_075.1","Gaertnera.rotundifolia","Diptera.sp2",0
"M_075.1","Gaertnera.rotundifolia","Diptera.sp3",0
"M_075.1","Gaertnera.rotundifolia","Dysauxes.florida.Joan",0
"M_075.1","Gaertnera.rotundifolia","Episyrphus.sp.near.circularis.Hull",0
"M_075.1","Gaertnera.rotundifolia","Eristalinus.flaveolus.Bigot",0
"M_075.1","Gaertnera.rotundifolia","Eumolpinae.sp2",0
"M_075.1","Gaertnera.rotundifolia","Eumolpinae.sp3",0
"M_075.1","Gaertnera.rotundifolia","Eurytonidae.sp1",0
"M_075.1","Gaertnera.rotundifolia","Fannia.pusio.Wiedemann",0
"M_075.1","Gaertnera.rotundifolia","Gelechioidea.sp1",0
"M_075.1","Gaertnera.rotundifolia","Gelechioidea.sp2",0
"M_075.1","Gaertnera.rotundifolia","Gelechioidea.sp3",0
"M_075.1","Gaertnera.rotundifolia","Goniurellia.or.Dectodes.sp",0
"M_075.1","Gaertnera.rotundifolia","Graphomya.maculata.Scopoli",0
"M_075.1","Gaertnera.rotundifolia","Henotesia.narcissus.Fabricius",0
"M_075.1","Gaertnera.rotundifolia","Hippotion.eson.Cramer",0
"M_075.1","Gaertnera.rotundifolia","Homoneura.sp2",0
"M_075.1","Gaertnera.rotundifolia","Homoneura.sp3",0
"M_075.1","Gaertnera.rotundifolia","Hydrotaea.fuliginosa.Robineau.Desvoidy",0
"M_075.1","Gaertnera.rotundifolia","Ischiodon.aegyptius.Wiedemann",0
"M_075.1","Gaertnera.rotundifolia","Lecithoceridae.sp1",0
"M_075.1","Gaertnera.rotundifolia","Leptotes.pirithous.Linnaeus",0
"M_075.1","Gaertnera.rotundifolia","Limnophora.quaterna.Loew",0
"M_075.1","Gaertnera.rotundifolia","Lygaeidae.sp2",0
"M_075.1","Gaertnera.rotundifolia","Lygaeidae.sp3",0
"M_075.1","Gaertnera.rotundifolia","Lygaeidae.sp5",0
"M_075.1","Gaertnera.rotundifolia","Lygistorrhina.sp",0
"M_075.1","Gaertnera.rotundifolia","Macroglossum.milvus.Boisduval",0
"M_075.1","Gaertnera.rotundifolia","Mauritiborium.undulatus",0
"M_075.1","Gaertnera.rotundifolia","Melanagromyza.sojae.Zehntner",0
"M_075.1","Gaertnera.rotundifolia","Melanostoma.annulipes.Macquart",0
"M_075.1","Gaertnera.rotundifolia","Melanostoma.bituberculatum.Loew",0
"M_075.1","Gaertnera.rotundifolia","Miridae.sp1",0
"M_075.1","Gaertnera.rotundifolia","Mordellidae.sp1",0
"M_075.1","Gaertnera.rotundifolia","Mordellidae.sp2",0
"M_075.1","Gaertnera.rotundifolia","Mordellidae.sp3",0
"M_075.1","Gaertnera.rotundifolia","Musca.confiscata.Speiser",0
"M_075.1","Gaertnera.rotundifolia","Musca.domestica.Linnaeus",0
"M_075.1","Gaertnera.rotundifolia","Nacoleia.sp1",0
"M_075.1","Gaertnera.rotundifolia","Nacoleia.sp2",0
"M_075.1","Gaertnera.rotundifolia","Nitidulidae.sp1",0
"M_075.1","Gaertnera.rotundifolia","Nyctemera.insulare.Boisduval",0
"M_075.1","Gaertnera.rotundifolia","Ophyra.capensis.Wiedemann",0
"M_075.1","Gaertnera.rotundifolia","Orchisia.costata.Meigen",0
"M_075.1","Gaertnera.rotundifolia","Ornidia.obesa.Fabricius",0
"M_075.1","Gaertnera.rotundifolia","Orthellia.albigena.Stein",0
"M_075.1","Gaertnera.rotundifolia","Pachycerina.crinicornis.Thomson",0
"M_075.1","Gaertnera.rotundifolia","Palexorista.sp1",0
"M_075.1","Gaertnera.rotundifolia","Panara.naso.Fabricius",0.1666666667
"M_075.1","Gaertnera.rotundifolia","Paragus.borbonicus.Macquart",0
"M_075.1","Gaertnera.rotundifolia","Pelecophora.intemipta.All",0
"M_075.1","Gaertnera.rotundifolia","Phalanta.phalantha.Drury",0
"M_075.1","Gaertnera.rotundifolia","Pheidole.megacephala.Fabricius",0
"M_075.1","Gaertnera.rotundifolia","Phelsuma.cepediana.Merrem",0
"M_075.1","Gaertnera.rotundifolia","Phorinia.sp",0
"M_075.1","Gaertnera.rotundifolia","Polistes.hebraeus.Fabricius",0
"M_075.1","Gaertnera.rotundifolia","Psyllidae.sp2",0
"M_075.1","Gaertnera.rotundifolia","Sapromyza.sp.near..nudiuscula.Lamb",0
"M_075.1","Gaertnera.rotundifolia","Sarcophaga.arno.Curran",0
"M_075.1","Gaertnera.rotundifolia","Scatopsidae.sp",0
"M_075.1","Gaertnera.rotundifolia","Scirtidae.sp1",0
"M_075.1","Gaertnera.rotundifolia","Scirtidae.sp2",0
"M_075.1","Gaertnera.rotundifolia","Scolia.carniflex.Coquillett",0
"M_075.1","Gaertnera.rotundifolia","Scopariinae.sp",0
"M_075.1","Gaertnera.rotundifolia","Simulium.Byssodon.sp2",0
"M_075.1","Gaertnera.rotundifolia","Siphona.sp",0
"M_075.1","Gaertnera.rotundifolia","Stomorhina.lunata.Fabricius",0
"M_075.1","Gaertnera.rotundifolia","Stomoxys.calcitrans.Linnaeus",0
"M_075.1","Gaertnera.rotundifolia","Stomoxys.niger.Macquart",0
"M_075.1","Gaertnera.rotundifolia","Syritta.bulbus.Walker",0
"M_075.1","Gaertnera.rotundifolia","Syritta.nigrofemorata.Macquart",0
"M_075.1","Gaertnera.rotundifolia","Syritta.spnear.abyssinica.Rondani",0
"M_075.1","Gaertnera.rotundifolia","Technomyrmex.albipes.Smith",0
"M_075.1","Gaertnera.rotundifolia","Thelairodrino.sp",0
"M_075.1","Gaertnera.rotundifolia","Thysanoplusia.orichalcea.Fabricius",0
"M_075.1","Gaertnera.rotundifolia","Villa.unifasciata.Macquart",0
"M_075.1","Gaertnera.rotundifolia","Zosterops.mauritianus.Gmelin",0
"M_075.1","Grangeria.borbonica","Agathidinae.sp",0
"M_075.1","Grangeria.borbonica","Ahasverus.advena.Waltle",0.1666666667
"M_075.1","Grangeria.borbonica","Allograpta.nasuta.Marquart",0.1666666667
"M_075.1","Grangeria.borbonica","Apis.mellifera.Linnaeus",2.6879500891
"M_075.1","Grangeria.borbonica","Atherigona.orientalis.Schiner",0
"M_075.1","Grangeria.borbonica","Brachymyrmex.sp",0
"M_075.1","Grangeria.borbonica","Calopsilia.florella.Fabricius",0
"M_075.1","Grangeria.borbonica","Campopleginae.sp1",0
"M_075.1","Grangeria.borbonica","Cerambycidae.sp1",0
"M_075.1","Grangeria.borbonica","Cerambycidae.sp2",0
"M_075.1","Grangeria.borbonica","Cerambycidae.sp3",0
"M_075.1","Grangeria.borbonica","Ceratitis.roas.Karsch",0
"M_075.1","Grangeria.borbonica","Chaetocnema.sp1",1.9952380952
"M_075.1","Grangeria.borbonica","Cheloninae.sp1",0
"M_075.1","Grangeria.borbonica","Cheloninae.sp3",0
"M_075.1","Grangeria.borbonica","Chrysomya.megacephala.Fabricius",0.02
"M_075.1","Grangeria.borbonica","Cixiidae.sp1",0
"M_075.1","Grangeria.borbonica","Cixiidae.sp2",0
"M_075.1","Grangeria.borbonica","Cotesia.sp1",0
"M_075.1","Grangeria.borbonica","Cratopus.psittacus.Faimaire",0
"M_075.1","Grangeria.borbonica","Cryptocephalinae.sp1",0
"M_075.1","Grangeria.borbonica","Dasytinae.sp1",0
"M_075.1","Grangeria.borbonica","Dioxyna.sororcula.Wiedemann",0
"M_075.1","Grangeria.borbonica","Diptera.sp2",0
"M_075.1","Grangeria.borbonica","Diptera.sp3",0
"M_075.1","Grangeria.borbonica","Dysauxes.florida.Joan",1.3666666667
"M_075.1","Grangeria.borbonica","Episyrphus.sp.near.circularis.Hull",0
"M_075.1","Grangeria.borbonica","Eristalinus.flaveolus.Bigot",0.1666666667
"M_075.1","Grangeria.borbonica","Eumolpinae.sp2",0
"M_075.1","Grangeria.borbonica","Eumolpinae.sp3",0.2285714286
"M_075.1","Grangeria.borbonica","Eurytonidae.sp1",0
"M_075.1","Grangeria.borbonica","Fannia.pusio.Wiedemann",0
"M_075.1","Grangeria.borbonica","Gelechioidea.sp1",0
"M_075.1","Grangeria.borbonica","Gelechioidea.sp2",0
"M_075.1","Grangeria.borbonica","Gelechioidea.sp3",0
"M_075.1","Grangeria.borbonica","Goniurellia.or.Dectodes.sp",0
"M_075.1","Grangeria.borbonica","Graphomya.maculata.Scopoli",0
"M_075.1","Grangeria.borbonica","Henotesia.narcissus.Fabricius",0
"M_075.1","Grangeria.borbonica","Hippotion.eson.Cramer",0
"M_075.1","Grangeria.borbonica","Homoneura.sp2",0
"M_075.1","Grangeria.borbonica","Homoneura.sp3",0
"M_075.1","Grangeria.borbonica","Hydrotaea.fuliginosa.Robineau.Desvoidy",0
"M_075.1","Grangeria.borbonica","Ischiodon.aegyptius.Wiedemann",0
"M_075.1","Grangeria.borbonica","Lecithoceridae.sp1",0
"M_075.1","Grangeria.borbonica","Leptotes.pirithous.Linnaeus",0
"M_075.1","Grangeria.borbonica","Limnophora.quaterna.Loew",0
"M_075.1","Grangeria.borbonica","Lygaeidae.sp2",0
"M_075.1","Grangeria.borbonica","Lygaeidae.sp3",0
"M_075.1","Grangeria.borbonica","Lygaeidae.sp5",0
"M_075.1","Grangeria.borbonica","Lygistorrhina.sp",0
"M_075.1","Grangeria.borbonica","Macroglossum.milvus.Boisduval",0
"M_075.1","Grangeria.borbonica","Mauritiborium.undulatus",0
"M_075.1","Grangeria.borbonica","Melanagromyza.sojae.Zehntner",0
"M_075.1","Grangeria.borbonica","Melanostoma.annulipes.Macquart",0
"M_075.1","Grangeria.borbonica","Melanostoma.bituberculatum.Loew",0
"M_075.1","Grangeria.borbonica","Miridae.sp1",0
"M_075.1","Grangeria.borbonica","Mordellidae.sp1",0
"M_075.1","Grangeria.borbonica","Mordellidae.sp2",0
"M_075.1","Grangeria.borbonica","Mordellidae.sp3",0
"M_075.1","Grangeria.borbonica","Musca.confiscata.Speiser",0
"M_075.1","Grangeria.borbonica","Musca.domestica.Linnaeus",0.1666666667
"M_075.1","Grangeria.borbonica","Nacoleia.sp1",0.1714285714
"M_075.1","Grangeria.borbonica","Nacoleia.sp2",0.1176470588
"M_075.1","Grangeria.borbonica","Nitidulidae.sp1",0
"M_075.1","Grangeria.borbonica","Nyctemera.insulare.Boisduval",0
"M_075.1","Grangeria.borbonica","Ophyra.capensis.Wiedemann",0
"M_075.1","Grangeria.borbonica","Orchisia.costata.Meigen",0
"M_075.1","Grangeria.borbonica","Ornidia.obesa.Fabricius",0.02
"M_075.1","Grangeria.borbonica","Orthellia.albigena.Stein",0
"M_075.1","Grangeria.borbonica","Pachycerina.crinicornis.Thomson",0
"M_075.1","Grangeria.borbonica","Palexorista.sp1",0
"M_075.1","Grangeria.borbonica","Panara.naso.Fabricius",0
"M_075.1","Grangeria.borbonica","Paragus.borbonicus.Macquart",0
"M_075.1","Grangeria.borbonica","Pelecophora.intemipta.All",0
"M_075.1","Grangeria.borbonica","Phalanta.phalantha.Drury",0
"M_075.1","Grangeria.borbonica","Pheidole.megacephala.Fabricius",0
"M_075.1","Grangeria.borbonica","Phelsuma.cepediana.Merrem",0
"M_075.1","Grangeria.borbonica","Phorinia.sp",0
"M_075.1","Grangeria.borbonica","Polistes.hebraeus.Fabricius",0
"M_075.1","Grangeria.borbonica","Psyllidae.sp2",0
"M_075.1","Grangeria.borbonica","Sapromyza.sp.near..nudiuscula.Lamb",0
"M_075.1","Grangeria.borbonica","Sarcophaga.arno.Curran",0
"M_075.1","Grangeria.borbonica","Scatopsidae.sp",0
"M_075.1","Grangeria.borbonica","Scirtidae.sp1",0
"M_075.1","Grangeria.borbonica","Scirtidae.sp2",0
"M_075.1","Grangeria.borbonica","Scolia.carniflex.Coquillett",0
"M_075.1","Grangeria.borbonica","Scopariinae.sp",0
"M_075.1","Grangeria.borbonica","Simulium.Byssodon.sp2",0
"M_075.1","Grangeria.borbonica","Siphona.sp",0
"M_075.1","Grangeria.borbonica","Stomorhina.lunata.Fabricius",0.4333333333
"M_075.1","Grangeria.borbonica","Stomoxys.calcitrans.Linnaeus",0
"M_075.1","Grangeria.borbonica","Stomoxys.niger.Macquart",0
"M_075.1","Grangeria.borbonica","Syritta.bulbus.Walker",0
"M_075.1","Grangeria.borbonica","Syritta.nigrofemorata.Macquart",0
"M_075.1","Grangeria.borbonica","Syritta.spnear.abyssinica.Rondani",0
"M_075.1","Grangeria.borbonica","Technomyrmex.albipes.Smith",0.1333333333
"M_075.1","Grangeria.borbonica","Thelairodrino.sp",0
"M_075.1","Grangeria.borbonica","Thysanoplusia.orichalcea.Fabricius",0
"M_075.1","Grangeria.borbonica","Villa.unifasciata.Macquart",0
"M_075.1","Grangeria.borbonica","Zosterops.mauritianus.Gmelin",0
"M_075.1","Harungana.madagascariensis","Agathidinae.sp",0
"M_075.1","Harungana.madagascariensis","Ahasverus.advena.Waltle",0
"M_075.1","Harungana.madagascariensis","Allograpta.nasuta.Marquart",0
"M_075.1","Harungana.madagascariensis","Apis.mellifera.Linnaeus",0
"M_075.1","Harungana.madagascariensis","Atherigona.orientalis.Schiner",0
"M_075.1","Harungana.madagascariensis","Brachymyrmex.sp",0.4
"M_075.1","Harungana.madagascariensis","Calopsilia.florella.Fabricius",0
"M_075.1","Harungana.madagascariensis","Campopleginae.sp1",0
"M_075.1","Harungana.madagascariensis","Cerambycidae.sp1",0
"M_075.1","Harungana.madagascariensis","Cerambycidae.sp2",0
"M_075.1","Harungana.madagascariensis","Cerambycidae.sp3",0
"M_075.1","Harungana.madagascariensis","Ceratitis.roas.Karsch",0
"M_075.1","Harungana.madagascariensis","Chaetocnema.sp1",1.2
"M_075.1","Harungana.madagascariensis","Cheloninae.sp1",0
"M_075.1","Harungana.madagascariensis","Cheloninae.sp3",0
"M_075.1","Harungana.madagascariensis","Chrysomya.megacephala.Fabricius",0
"M_075.1","Harungana.madagascariensis","Cixiidae.sp1",0
"M_075.1","Harungana.madagascariensis","Cixiidae.sp2",0
"M_075.1","Harungana.madagascariensis","Cotesia.sp1",0
"M_075.1","Harungana.madagascariensis","Cratopus.psittacus.Faimaire",0
"M_075.1","Harungana.madagascariensis","Cryptocephalinae.sp1",0
"M_075.1","Harungana.madagascariensis","Dasytinae.sp1",0
"M_075.1","Harungana.madagascariensis","Dioxyna.sororcula.Wiedemann",0
"M_075.1","Harungana.madagascariensis","Diptera.sp2",0
"M_075.1","Harungana.madagascariensis","Diptera.sp3",0
"M_075.1","Harungana.madagascariensis","Dysauxes.florida.Joan",0
"M_075.1","Harungana.madagascariensis","Episyrphus.sp.near.circularis.Hull",0
"M_075.1","Harungana.madagascariensis","Eristalinus.flaveolus.Bigot",0
"M_075.1","Harungana.madagascariensis","Eumolpinae.sp2",0
"M_075.1","Harungana.madagascariensis","Eumolpinae.sp3",0
"M_075.1","Harungana.madagascariensis","Eurytonidae.sp1",0
"M_075.1","Harungana.madagascariensis","Fannia.pusio.Wiedemann",0
"M_075.1","Harungana.madagascariensis","Gelechioidea.sp1",0
"M_075.1","Harungana.madagascariensis","Gelechioidea.sp2",0
"M_075.1","Harungana.madagascariensis","Gelechioidea.sp3",0
"M_075.1","Harungana.madagascariensis","Goniurellia.or.Dectodes.sp",0
"M_075.1","Harungana.madagascariensis","Graphomya.maculata.Scopoli",0
"M_075.1","Harungana.madagascariensis","Henotesia.narcissus.Fabricius",0
"M_075.1","Harungana.madagascariensis","Hippotion.eson.Cramer",0
"M_075.1","Harungana.madagascariensis","Homoneura.sp2",0
"M_075.1","Harungana.madagascariensis","Homoneura.sp3",0
"M_075.1","Harungana.madagascariensis","Hydrotaea.fuliginosa.Robineau.Desvoidy",0
"M_075.1","Harungana.madagascariensis","Ischiodon.aegyptius.Wiedemann",0
"M_075.1","Harungana.madagascariensis","Lecithoceridae.sp1",0
"M_075.1","Harungana.madagascariensis","Leptotes.pirithous.Linnaeus",0
"M_075.1","Harungana.madagascariensis","Limnophora.quaterna.Loew",0
"M_075.1","Harungana.madagascariensis","Lygaeidae.sp2",0
"M_075.1","Harungana.madagascariensis","Lygaeidae.sp3",0
"M_075.1","Harungana.madagascariensis","Lygaeidae.sp5",0
"M_075.1","Harungana.madagascariensis","Lygistorrhina.sp",0
"M_075.1","Harungana.madagascariensis","Macroglossum.milvus.Boisduval",0
"M_075.1","Harungana.madagascariensis","Mauritiborium.undulatus",0
"M_075.1","Harungana.madagascariensis","Melanagromyza.sojae.Zehntner",0
"M_075.1","Harungana.madagascariensis","Melanostoma.annulipes.Macquart",0
"M_075.1","Harungana.madagascariensis","Melanostoma.bituberculatum.Loew",0
"M_075.1","Harungana.madagascariensis","Miridae.sp1",0
"M_075.1","Harungana.madagascariensis","Mordellidae.sp1",0
"M_075.1","Harungana.madagascariensis","Mordellidae.sp2",0
"M_075.1","Harungana.madagascariensis","Mordellidae.sp3",0
"M_075.1","Harungana.madagascariensis","Musca.confiscata.Speiser",0
"M_075.1","Harungana.madagascariensis","Musca.domestica.Linnaeus",0
"M_075.1","Harungana.madagascariensis","Nacoleia.sp1",0
"M_075.1","Harungana.madagascariensis","Nacoleia.sp2",0
"M_075.1","Harungana.madagascariensis","Nitidulidae.sp1",0
"M_075.1","Harungana.madagascariensis","Nyctemera.insulare.Boisduval",0
"M_075.1","Harungana.madagascariensis","Ophyra.capensis.Wiedemann",0
"M_075.1","Harungana.madagascariensis","Orchisia.costata.Meigen",0
"M_075.1","Harungana.madagascariensis","Ornidia.obesa.Fabricius",0
"M_075.1","Harungana.madagascariensis","Orthellia.albigena.Stein",0
"M_075.1","Harungana.madagascariensis","Pachycerina.crinicornis.Thomson",0
"M_075.1","Harungana.madagascariensis","Palexorista.sp1",0
"M_075.1","Harungana.madagascariensis","Panara.naso.Fabricius",0
"M_075.1","Harungana.madagascariensis","Paragus.borbonicus.Macquart",0
"M_075.1","Harungana.madagascariensis","Pelecophora.intemipta.All",0
"M_075.1","Harungana.madagascariensis","Phalanta.phalantha.Drury",0
"M_075.1","Harungana.madagascariensis","Pheidole.megacephala.Fabricius",0
"M_075.1","Harungana.madagascariensis","Phelsuma.cepediana.Merrem",0
"M_075.1","Harungana.madagascariensis","Phorinia.sp",0
"M_075.1","Harungana.madagascariensis","Polistes.hebraeus.Fabricius",0
"M_075.1","Harungana.madagascariensis","Psyllidae.sp2",0
"M_075.1","Harungana.madagascariensis","Sapromyza.sp.near..nudiuscula.Lamb",0
"M_075.1","Harungana.madagascariensis","Sarcophaga.arno.Curran",0
"M_075.1","Harungana.madagascariensis","Scatopsidae.sp",0
"M_075.1","Harungana.madagascariensis","Scirtidae.sp1",0
"M_075.1","Harungana.madagascariensis","Scirtidae.sp2",0
"M_075.1","Harungana.madagascariensis","Scolia.carniflex.Coquillett",0
"M_075.1","Harungana.madagascariensis","Scopariinae.sp",0
"M_075.1","Harungana.madagascariensis","Simulium.Byssodon.sp2",0
"M_075.1","Harungana.madagascariensis","Siphona.sp",0
"M_075.1","Harungana.madagascariensis","Stomorhina.lunata.Fabricius",0
"M_075.1","Harungana.madagascariensis","Stomoxys.calcitrans.Linnaeus",0
"M_075.1","Harungana.madagascariensis","Stomoxys.niger.Macquart",0
"M_075.1","Harungana.madagascariensis","Syritta.bulbus.Walker",0
"M_075.1","Harungana.madagascariensis","Syritta.nigrofemorata.Macquart",0
"M_075.1","Harungana.madagascariensis","Syritta.spnear.abyssinica.Rondani",0
"M_075.1","Harungana.madagascariensis","Technomyrmex.albipes.Smith",0.75
"M_075.1","Harungana.madagascariensis","Thelairodrino.sp",0
"M_075.1","Harungana.madagascariensis","Thysanoplusia.orichalcea.Fabricius",0
"M_075.1","Harungana.madagascariensis","Villa.unifasciata.Macquart",0
"M_075.1","Harungana.madagascariensis","Zosterops.mauritianus.Gmelin",0
"M_075.1","Helichrysum.proteoides","Agathidinae.sp",0
"M_075.1","Helichrysum.proteoides","Ahasverus.advena.Waltle",0
"M_075.1","Helichrysum.proteoides","Allograpta.nasuta.Marquart",0
"M_075.1","Helichrysum.proteoides","Apis.mellifera.Linnaeus",0.125
"M_075.1","Helichrysum.proteoides","Atherigona.orientalis.Schiner",0
"M_075.1","Helichrysum.proteoides","Brachymyrmex.sp",0
"M_075.1","Helichrysum.proteoides","Calopsilia.florella.Fabricius",0
"M_075.1","Helichrysum.proteoides","Campopleginae.sp1",0
"M_075.1","Helichrysum.proteoides","Cerambycidae.sp1",0
"M_075.1","Helichrysum.proteoides","Cerambycidae.sp2",0
"M_075.1","Helichrysum.proteoides","Cerambycidae.sp3",0
"M_075.1","Helichrysum.proteoides","Ceratitis.roas.Karsch",0
"M_075.1","Helichrysum.proteoides","Chaetocnema.sp1",0.7619047619
"M_075.1","Helichrysum.proteoides","Cheloninae.sp1",0
"M_075.1","Helichrysum.proteoides","Cheloninae.sp3",0
"M_075.1","Helichrysum.proteoides","Chrysomya.megacephala.Fabricius",0.2577380952
"M_075.1","Helichrysum.proteoides","Cixiidae.sp1",0
"M_075.1","Helichrysum.proteoides","Cixiidae.sp2",0
"M_075.1","Helichrysum.proteoides","Cotesia.sp1",0
"M_075.1","Helichrysum.proteoides","Cratopus.psittacus.Faimaire",0
"M_075.1","Helichrysum.proteoides","Cryptocephalinae.sp1",0
"M_075.1","Helichrysum.proteoides","Dasytinae.sp1",0
"M_075.1","Helichrysum.proteoides","Dioxyna.sororcula.Wiedemann",0
"M_075.1","Helichrysum.proteoides","Diptera.sp2",0
"M_075.1","Helichrysum.proteoides","Diptera.sp3",0
"M_075.1","Helichrysum.proteoides","Dysauxes.florida.Joan",0.4833333333
"M_075.1","Helichrysum.proteoides","Episyrphus.sp.near.circularis.Hull",0
"M_075.1","Helichrysum.proteoides","Eristalinus.flaveolus.Bigot",0
"M_075.1","Helichrysum.proteoides","Eumolpinae.sp2",0
"M_075.1","Helichrysum.proteoides","Eumolpinae.sp3",0
"M_075.1","Helichrysum.proteoides","Eurytonidae.sp1",0
"M_075.1","Helichrysum.proteoides","Fannia.pusio.Wiedemann",0.0625
"M_075.1","Helichrysum.proteoides","Gelechioidea.sp1",0
"M_075.1","Helichrysum.proteoides","Gelechioidea.sp2",0
"M_075.1","Helichrysum.proteoides","Gelechioidea.sp3",0
"M_075.1","Helichrysum.proteoides","Goniurellia.or.Dectodes.sp",0
"M_075.1","Helichrysum.proteoides","Graphomya.maculata.Scopoli",0
"M_075.1","Helichrysum.proteoides","Henotesia.narcissus.Fabricius",0
"M_075.1","Helichrysum.proteoides","Hippotion.eson.Cramer",0
"M_075.1","Helichrysum.proteoides","Homoneura.sp2",0
"M_075.1","Helichrysum.proteoides","Homoneura.sp3",0
"M_075.1","Helichrysum.proteoides","Hydrotaea.fuliginosa.Robineau.Desvoidy",0
"M_075.1","Helichrysum.proteoides","Ischiodon.aegyptius.Wiedemann",0
"M_075.1","Helichrysum.proteoides","Lecithoceridae.sp1",0
"M_075.1","Helichrysum.proteoides","Leptotes.pirithous.Linnaeus",0
"M_075.1","Helichrysum.proteoides","Limnophora.quaterna.Loew",0
"M_075.1","Helichrysum.proteoides","Lygaeidae.sp2",0.2
"M_075.1","Helichrysum.proteoides","Lygaeidae.sp3",0
"M_075.1","Helichrysum.proteoides","Lygaeidae.sp5",0
"M_075.1","Helichrysum.proteoides","Lygistorrhina.sp",0
"M_075.1","Helichrysum.proteoides","Macroglossum.milvus.Boisduval",0
"M_075.1","Helichrysum.proteoides","Mauritiborium.undulatus",0
"M_075.1","Helichrysum.proteoides","Melanagromyza.sojae.Zehntner",0
"M_075.1","Helichrysum.proteoides","Melanostoma.annulipes.Macquart",0
"M_075.1","Helichrysum.proteoides","Melanostoma.bituberculatum.Loew",0
"M_075.1","Helichrysum.proteoides","Miridae.sp1",0
"M_075.1","Helichrysum.proteoides","Mordellidae.sp1",0
"M_075.1","Helichrysum.proteoides","Mordellidae.sp2",0
"M_075.1","Helichrysum.proteoides","Mordellidae.sp3",0
"M_075.1","Helichrysum.proteoides","Musca.confiscata.Speiser",0
"M_075.1","Helichrysum.proteoides","Musca.domestica.Linnaeus",0.2738095238
"M_075.1","Helichrysum.proteoides","Nacoleia.sp1",0
"M_075.1","Helichrysum.proteoides","Nacoleia.sp2",0
"M_075.1","Helichrysum.proteoides","Nitidulidae.sp1",0
"M_075.1","Helichrysum.proteoides","Nyctemera.insulare.Boisduval",0
"M_075.1","Helichrysum.proteoides","Ophyra.capensis.Wiedemann",0
"M_075.1","Helichrysum.proteoides","Orchisia.costata.Meigen",0
"M_075.1","Helichrysum.proteoides","Ornidia.obesa.Fabricius",0.0625
"M_075.1","Helichrysum.proteoides","Orthellia.albigena.Stein",0
"M_075.1","Helichrysum.proteoides","Pachycerina.crinicornis.Thomson",0.1458333333
"M_075.1","Helichrysum.proteoides","Palexorista.sp1",0
"M_075.1","Helichrysum.proteoides","Panara.naso.Fabricius",0.0625
"M_075.1","Helichrysum.proteoides","Paragus.borbonicus.Macquart",0
"M_075.1","Helichrysum.proteoides","Pelecophora.intemipta.All",0
"M_075.1","Helichrysum.proteoides","Phalanta.phalantha.Drury",0
"M_075.1","Helichrysum.proteoides","Pheidole.megacephala.Fabricius",0
"M_075.1","Helichrysum.proteoides","Phelsuma.cepediana.Merrem",0
"M_075.1","Helichrysum.proteoides","Phorinia.sp",0
"M_075.1","Helichrysum.proteoides","Polistes.hebraeus.Fabricius",0.1875
"M_075.1","Helichrysum.proteoides","Psyllidae.sp2",0
"M_075.1","Helichrysum.proteoides","Sapromyza.sp.near..nudiuscula.Lamb",0
"M_075.1","Helichrysum.proteoides","Sarcophaga.arno.Curran",0.2
"M_075.1","Helichrysum.proteoides","Scatopsidae.sp",0
"M_075.1","Helichrysum.proteoides","Scirtidae.sp1",0
"M_075.1","Helichrysum.proteoides","Scirtidae.sp2",0
"M_075.1","Helichrysum.proteoides","Scolia.carniflex.Coquillett",0
"M_075.1","Helichrysum.proteoides","Scopariinae.sp",0
"M_075.1","Helichrysum.proteoides","Simulium.Byssodon.sp2",0
"M_075.1","Helichrysum.proteoides","Siphona.sp",0
"M_075.1","Helichrysum.proteoides","Stomorhina.lunata.Fabricius",0.0625
"M_075.1","Helichrysum.proteoides","Stomoxys.calcitrans.Linnaeus",0
"M_075.1","Helichrysum.proteoides","Stomoxys.niger.Macquart",0
"M_075.1","Helichrysum.proteoides","Syritta.bulbus.Walker",0
"M_075.1","Helichrysum.proteoides","Syritta.nigrofemorata.Macquart",0.1875
"M_075.1","Helichrysum.proteoides","Syritta.spnear.abyssinica.Rondani",0
"M_075.1","Helichrysum.proteoides","Technomyrmex.albipes.Smith",0
"M_075.1","Helichrysum.proteoides","Thelairodrino.sp",0
"M_075.1","Helichrysum.proteoides","Thysanoplusia.orichalcea.Fabricius",0
"M_075.1","Helichrysum.proteoides","Villa.unifasciata.Macquart",0
"M_075.1","Helichrysum.proteoides","Zosterops.mauritianus.Gmelin",0
"M_075.1","Homalanthus.populifolius","Agathidinae.sp",0
"M_075.1","Homalanthus.populifolius","Ahasverus.advena.Waltle",0
"M_075.1","Homalanthus.populifolius","Allograpta.nasuta.Marquart",0.7409090909
"M_075.1","Homalanthus.populifolius","Apis.mellifera.Linnaeus",0
"M_075.1","Homalanthus.populifolius","Atherigona.orientalis.Schiner",0
"M_075.1","Homalanthus.populifolius","Brachymyrmex.sp",0
"M_075.1","Homalanthus.populifolius","Calopsilia.florella.Fabricius",0
"M_075.1","Homalanthus.populifolius","Campopleginae.sp1",0
"M_075.1","Homalanthus.populifolius","Cerambycidae.sp1",0
"M_075.1","Homalanthus.populifolius","Cerambycidae.sp2",0
"M_075.1","Homalanthus.populifolius","Cerambycidae.sp3",0
"M_075.1","Homalanthus.populifolius","Ceratitis.roas.Karsch",0
"M_075.1","Homalanthus.populifolius","Chaetocnema.sp1",13.5822796823
"M_075.1","Homalanthus.populifolius","Cheloninae.sp1",0
"M_075.1","Homalanthus.populifolius","Cheloninae.sp3",0
"M_075.1","Homalanthus.populifolius","Chrysomya.megacephala.Fabricius",0
"M_075.1","Homalanthus.populifolius","Cixiidae.sp1",0.5
"M_075.1","Homalanthus.populifolius","Cixiidae.sp2",0
"M_075.1","Homalanthus.populifolius","Cotesia.sp1",0.25
"M_075.1","Homalanthus.populifolius","Cratopus.psittacus.Faimaire",0
"M_075.1","Homalanthus.populifolius","Cryptocephalinae.sp1",0
"M_075.1","Homalanthus.populifolius","Dasytinae.sp1",0
"M_075.1","Homalanthus.populifolius","Dioxyna.sororcula.Wiedemann",0.25
"M_075.1","Homalanthus.populifolius","Diptera.sp2",0
"M_075.1","Homalanthus.populifolius","Diptera.sp3",0
"M_075.1","Homalanthus.populifolius","Dysauxes.florida.Joan",0
"M_075.1","Homalanthus.populifolius","Episyrphus.sp.near.circularis.Hull",0.35
"M_075.1","Homalanthus.populifolius","Eristalinus.flaveolus.Bigot",0
"M_075.1","Homalanthus.populifolius","Eumolpinae.sp2",0
"M_075.1","Homalanthus.populifolius","Eumolpinae.sp3",0
"M_075.1","Homalanthus.populifolius","Eurytonidae.sp1",0
"M_075.1","Homalanthus.populifolius","Fannia.pusio.Wiedemann",4.5031037531
"M_075.1","Homalanthus.populifolius","Gelechioidea.sp1",0
"M_075.1","Homalanthus.populifolius","Gelechioidea.sp2",0
"M_075.1","Homalanthus.populifolius","Gelechioidea.sp3",0
"M_075.1","Homalanthus.populifolius","Goniurellia.or.Dectodes.sp",0
"M_075.1","Homalanthus.populifolius","Graphomya.maculata.Scopoli",0
"M_075.1","Homalanthus.populifolius","Henotesia.narcissus.Fabricius",0
"M_075.1","Homalanthus.populifolius","Hippotion.eson.Cramer",0
"M_075.1","Homalanthus.populifolius","Homoneura.sp2",0
"M_075.1","Homalanthus.populifolius","Homoneura.sp3",0
"M_075.1","Homalanthus.populifolius","Hydrotaea.fuliginosa.Robineau.Desvoidy",0.1333333333
"M_075.1","Homalanthus.populifolius","Ischiodon.aegyptius.Wiedemann",0
"M_075.1","Homalanthus.populifolius","Lecithoceridae.sp1",0
"M_075.1","Homalanthus.populifolius","Leptotes.pirithous.Linnaeus",0
"M_075.1","Homalanthus.populifolius","Limnophora.quaterna.Loew",0
"M_075.1","Homalanthus.populifolius","Lygaeidae.sp2",0
"M_075.1","Homalanthus.populifolius","Lygaeidae.sp3",0
"M_075.1","Homalanthus.populifolius","Lygaeidae.sp5",0
"M_075.1","Homalanthus.populifolius","Lygistorrhina.sp",0
"M_075.1","Homalanthus.populifolius","Macroglossum.milvus.Boisduval",0
"M_075.1","Homalanthus.populifolius","Mauritiborium.undulatus",0.0810810811
"M_075.1","Homalanthus.populifolius","Melanagromyza.sojae.Zehntner",0
"M_075.1","Homalanthus.populifolius","Melanostoma.annulipes.Macquart",0.727027027
"M_075.1","Homalanthus.populifolius","Melanostoma.bituberculatum.Loew",0
"M_075.1","Homalanthus.populifolius","Miridae.sp1",0
"M_075.1","Homalanthus.populifolius","Mordellidae.sp1",0
"M_075.1","Homalanthus.populifolius","Mordellidae.sp2",0
"M_075.1","Homalanthus.populifolius","Mordellidae.sp3",0
"M_075.1","Homalanthus.populifolius","Musca.confiscata.Speiser",0
"M_075.1","Homalanthus.populifolius","Musca.domestica.Linnaeus",1.2380952381
"M_075.1","Homalanthus.populifolius","Nacoleia.sp1",0.027027027
"M_075.1","Homalanthus.populifolius","Nacoleia.sp2",0
"M_075.1","Homalanthus.populifolius","Nitidulidae.sp1",0
"M_075.1","Homalanthus.populifolius","Nyctemera.insulare.Boisduval",0
"M_075.1","Homalanthus.populifolius","Ophyra.capensis.Wiedemann",0
"M_075.1","Homalanthus.populifolius","Orchisia.costata.Meigen",0
"M_075.1","Homalanthus.populifolius","Ornidia.obesa.Fabricius",0
"M_075.1","Homalanthus.populifolius","Orthellia.albigena.Stein",0
"M_075.1","Homalanthus.populifolius","Pachycerina.crinicornis.Thomson",1.5333333333
"M_075.1","Homalanthus.populifolius","Palexorista.sp1",0.0909090909
"M_075.1","Homalanthus.populifolius","Panara.naso.Fabricius",0
"M_075.1","Homalanthus.populifolius","Paragus.borbonicus.Macquart",0
"M_075.1","Homalanthus.populifolius","Pelecophora.intemipta.All",0
"M_075.1","Homalanthus.populifolius","Phalanta.phalantha.Drury",0
"M_075.1","Homalanthus.populifolius","Pheidole.megacephala.Fabricius",0
"M_075.1","Homalanthus.populifolius","Phelsuma.cepediana.Merrem",0
"M_075.1","Homalanthus.populifolius","Phorinia.sp",0
"M_075.1","Homalanthus.populifolius","Polistes.hebraeus.Fabricius",0
"M_075.1","Homalanthus.populifolius","Psyllidae.sp2",0
"M_075.1","Homalanthus.populifolius","Sapromyza.sp.near..nudiuscula.Lamb",0
"M_075.1","Homalanthus.populifolius","Sarcophaga.arno.Curran",0
"M_075.1","Homalanthus.populifolius","Scatopsidae.sp",0
"M_075.1","Homalanthus.populifolius","Scirtidae.sp1",0
"M_075.1","Homalanthus.populifolius","Scirtidae.sp2",0
"M_075.1","Homalanthus.populifolius","Scolia.carniflex.Coquillett",0
"M_075.1","Homalanthus.populifolius","Scopariinae.sp",0
"M_075.1","Homalanthus.populifolius","Simulium.Byssodon.sp2",0
"M_075.1","Homalanthus.populifolius","Siphona.sp",0
"M_075.1","Homalanthus.populifolius","Stomorhina.lunata.Fabricius",0.8691763192
"M_075.1","Homalanthus.populifolius","Stomoxys.calcitrans.Linnaeus",0
"M_075.1","Homalanthus.populifolius","Stomoxys.niger.Macquart",0.2380952381
"M_075.1","Homalanthus.populifolius","Syritta.bulbus.Walker",0
"M_075.1","Homalanthus.populifolius","Syritta.nigrofemorata.Macquart",0
"M_075.1","Homalanthus.populifolius","Syritta.spnear.abyssinica.Rondani",0
"M_075.1","Homalanthus.populifolius","Technomyrmex.albipes.Smith",2
"M_075.1","Homalanthus.populifolius","Thelairodrino.sp",0
"M_075.1","Homalanthus.populifolius","Thysanoplusia.orichalcea.Fabricius",0
"M_075.1","Homalanthus.populifolius","Villa.unifasciata.Macquart",0.0909090909
"M_075.1","Homalanthus.populifolius","Zosterops.mauritianus.Gmelin",0
"M_075.1","Labourdonnaisia.callophylloides","Agathidinae.sp",0
"M_075.1","Labourdonnaisia.callophylloides","Ahasverus.advena.Waltle",0
"M_075.1","Labourdonnaisia.callophylloides","Allograpta.nasuta.Marquart",0
"M_075.1","Labourdonnaisia.callophylloides","Apis.mellifera.Linnaeus",6.7411976912
"M_075.1","Labourdonnaisia.callophylloides","Atherigona.orientalis.Schiner",0
"M_075.1","Labourdonnaisia.callophylloides","Brachymyrmex.sp",0
"M_075.1","Labourdonnaisia.callophylloides","Calopsilia.florella.Fabricius",0
"M_075.1","Labourdonnaisia.callophylloides","Campopleginae.sp1",0
"M_075.1","Labourdonnaisia.callophylloides","Cerambycidae.sp1",0
"M_075.1","Labourdonnaisia.callophylloides","Cerambycidae.sp2",0
"M_075.1","Labourdonnaisia.callophylloides","Cerambycidae.sp3",0
"M_075.1","Labourdonnaisia.callophylloides","Ceratitis.roas.Karsch",0
"M_075.1","Labourdonnaisia.callophylloides","Chaetocnema.sp1",0.4
"M_075.1","Labourdonnaisia.callophylloides","Cheloninae.sp1",0
"M_075.1","Labourdonnaisia.callophylloides","Cheloninae.sp3",0
"M_075.1","Labourdonnaisia.callophylloides","Chrysomya.megacephala.Fabricius",0
"M_075.1","Labourdonnaisia.callophylloides","Cixiidae.sp1",0
"M_075.1","Labourdonnaisia.callophylloides","Cixiidae.sp2",0
"M_075.1","Labourdonnaisia.callophylloides","Cotesia.sp1",0
"M_075.1","Labourdonnaisia.callophylloides","Cratopus.psittacus.Faimaire",0
"M_075.1","Labourdonnaisia.callophylloides","Cryptocephalinae.sp1",0
"M_075.1","Labourdonnaisia.callophylloides","Dasytinae.sp1",0
"M_075.1","Labourdonnaisia.callophylloides","Dioxyna.sororcula.Wiedemann",0
"M_075.1","Labourdonnaisia.callophylloides","Diptera.sp2",0
"M_075.1","Labourdonnaisia.callophylloides","Diptera.sp3",0
"M_075.1","Labourdonnaisia.callophylloides","Dysauxes.florida.Joan",0
"M_075.1","Labourdonnaisia.callophylloides","Episyrphus.sp.near.circularis.Hull",0
"M_075.1","Labourdonnaisia.callophylloides","Eristalinus.flaveolus.Bigot",0
"M_075.1","Labourdonnaisia.callophylloides","Eumolpinae.sp2",0
"M_075.1","Labourdonnaisia.callophylloides","Eumolpinae.sp3",0
"M_075.1","Labourdonnaisia.callophylloides","Eurytonidae.sp1",0
"M_075.1","Labourdonnaisia.callophylloides","Fannia.pusio.Wiedemann",0
"M_075.1","Labourdonnaisia.callophylloides","Gelechioidea.sp1",0
"M_075.1","Labourdonnaisia.callophylloides","Gelechioidea.sp2",0
"M_075.1","Labourdonnaisia.callophylloides","Gelechioidea.sp3",0
"M_075.1","Labourdonnaisia.callophylloides","Goniurellia.or.Dectodes.sp",0
"M_075.1","Labourdonnaisia.callophylloides","Graphomya.maculata.Scopoli",0
"M_075.1","Labourdonnaisia.callophylloides","Henotesia.narcissus.Fabricius",0
"M_075.1","Labourdonnaisia.callophylloides","Hippotion.eson.Cramer",0
"M_075.1","Labourdonnaisia.callophylloides","Homoneura.sp2",0
"M_075.1","Labourdonnaisia.callophylloides","Homoneura.sp3",0
"M_075.1","Labourdonnaisia.callophylloides","Hydrotaea.fuliginosa.Robineau.Desvoidy",0
"M_075.1","Labourdonnaisia.callophylloides","Ischiodon.aegyptius.Wiedemann",0
"M_075.1","Labourdonnaisia.callophylloides","Lecithoceridae.sp1",0
"M_075.1","Labourdonnaisia.callophylloides","Leptotes.pirithous.Linnaeus",0
"M_075.1","Labourdonnaisia.callophylloides","Limnophora.quaterna.Loew",0
"M_075.1","Labourdonnaisia.callophylloides","Lygaeidae.sp2",0
"M_075.1","Labourdonnaisia.callophylloides","Lygaeidae.sp3",0
"M_075.1","Labourdonnaisia.callophylloides","Lygaeidae.sp5",0
"M_075.1","Labourdonnaisia.callophylloides","Lygistorrhina.sp",0
"M_075.1","Labourdonnaisia.callophylloides","Macroglossum.milvus.Boisduval",0
"M_075.1","Labourdonnaisia.callophylloides","Mauritiborium.undulatus",0
"M_075.1","Labourdonnaisia.callophylloides","Melanagromyza.sojae.Zehntner",0
"M_075.1","Labourdonnaisia.callophylloides","Melanostoma.annulipes.Macquart",0
"M_075.1","Labourdonnaisia.callophylloides","Melanostoma.bituberculatum.Loew",0
"M_075.1","Labourdonnaisia.callophylloides","Miridae.sp1",0
"M_075.1","Labourdonnaisia.callophylloides","Mordellidae.sp1",0
"M_075.1","Labourdonnaisia.callophylloides","Mordellidae.sp2",0
"M_075.1","Labourdonnaisia.callophylloides","Mordellidae.sp3",0
"M_075.1","Labourdonnaisia.callophylloides","Musca.confiscata.Speiser",0
"M_075.1","Labourdonnaisia.callophylloides","Musca.domestica.Linnaeus",0
"M_075.1","Labourdonnaisia.callophylloides","Nacoleia.sp1",0
"M_075.1","Labourdonnaisia.callophylloides","Nacoleia.sp2",0
"M_075.1","Labourdonnaisia.callophylloides","Nitidulidae.sp1",0
"M_075.1","Labourdonnaisia.callophylloides","Nyctemera.insulare.Boisduval",0
"M_075.1","Labourdonnaisia.callophylloides","Ophyra.capensis.Wiedemann",0
"M_075.1","Labourdonnaisia.callophylloides","Orchisia.costata.Meigen",0
"M_075.1","Labourdonnaisia.callophylloides","Ornidia.obesa.Fabricius",0
"M_075.1","Labourdonnaisia.callophylloides","Orthellia.albigena.Stein",0
"M_075.1","Labourdonnaisia.callophylloides","Pachycerina.crinicornis.Thomson",0.125
"M_075.1","Labourdonnaisia.callophylloides","Palexorista.sp1",0
"M_075.1","Labourdonnaisia.callophylloides","Panara.naso.Fabricius",0
"M_075.1","Labourdonnaisia.callophylloides","Paragus.borbonicus.Macquart",0.1111111111
"M_075.1","Labourdonnaisia.callophylloides","Pelecophora.intemipta.All",0.2
"M_075.1","Labourdonnaisia.callophylloides","Phalanta.phalantha.Drury",0
"M_075.1","Labourdonnaisia.callophylloides","Pheidole.megacephala.Fabricius",0
"M_075.1","Labourdonnaisia.callophylloides","Phelsuma.cepediana.Merrem",0
"M_075.1","Labourdonnaisia.callophylloides","Phorinia.sp",0
"M_075.1","Labourdonnaisia.callophylloides","Polistes.hebraeus.Fabricius",0
"M_075.1","Labourdonnaisia.callophylloides","Psyllidae.sp2",0
"M_075.1","Labourdonnaisia.callophylloides","Sapromyza.sp.near..nudiuscula.Lamb",0
"M_075.1","Labourdonnaisia.callophylloides","Sarcophaga.arno.Curran",0
"M_075.1","Labourdonnaisia.callophylloides","Scatopsidae.sp",0
"M_075.1","Labourdonnaisia.callophylloides","Scirtidae.sp1",0
"M_075.1","Labourdonnaisia.callophylloides","Scirtidae.sp2",0
"M_075.1","Labourdonnaisia.callophylloides","Scolia.carniflex.Coquillett",0
"M_075.1","Labourdonnaisia.callophylloides","Scopariinae.sp",0
"M_075.1","Labourdonnaisia.callophylloides","Simulium.Byssodon.sp2",0
"M_075.1","Labourdonnaisia.callophylloides","Siphona.sp",0
"M_075.1","Labourdonnaisia.callophylloides","Stomorhina.lunata.Fabricius",0
"M_075.1","Labourdonnaisia.callophylloides","Stomoxys.calcitrans.Linnaeus",0
"M_075.1","Labourdonnaisia.callophylloides","Stomoxys.niger.Macquart",0
"M_075.1","Labourdonnaisia.callophylloides","Syritta.bulbus.Walker",0
"M_075.1","Labourdonnaisia.callophylloides","Syritta.nigrofemorata.Macquart",0
"M_075.1","Labourdonnaisia.callophylloides","Syritta.spnear.abyssinica.Rondani",0
"M_075.1","Labourdonnaisia.callophylloides","Technomyrmex.albipes.Smith",0
"M_075.1","Labourdonnaisia.callophylloides","Thelairodrino.sp",0
"M_075.1","Labourdonnaisia.callophylloides","Thysanoplusia.orichalcea.Fabricius",0
"M_075.1","Labourdonnaisia.callophylloides","Villa.unifasciata.Macquart",0
"M_075.1","Labourdonnaisia.callophylloides","Zosterops.mauritianus.Gmelin",0
"M_075.1","Molinaea.alternifolia","Agathidinae.sp",0.1333333333
"M_075.1","Molinaea.alternifolia","Ahasverus.advena.Waltle",0
"M_075.1","Molinaea.alternifolia","Allograpta.nasuta.Marquart",0.28
"M_075.1","Molinaea.alternifolia","Apis.mellifera.Linnaeus",2.4980952381
"M_075.1","Molinaea.alternifolia","Atherigona.orientalis.Schiner",0
"M_075.1","Molinaea.alternifolia","Brachymyrmex.sp",0
"M_075.1","Molinaea.alternifolia","Calopsilia.florella.Fabricius",0
"M_075.1","Molinaea.alternifolia","Campopleginae.sp1",0
"M_075.1","Molinaea.alternifolia","Cerambycidae.sp1",0
"M_075.1","Molinaea.alternifolia","Cerambycidae.sp2",0
"M_075.1","Molinaea.alternifolia","Cerambycidae.sp3",0
"M_075.1","Molinaea.alternifolia","Ceratitis.roas.Karsch",0
"M_075.1","Molinaea.alternifolia","Chaetocnema.sp1",2.0466666667
"M_075.1","Molinaea.alternifolia","Cheloninae.sp1",0
"M_075.1","Molinaea.alternifolia","Cheloninae.sp3",0
"M_075.1","Molinaea.alternifolia","Chrysomya.megacephala.Fabricius",0.5
"M_075.1","Molinaea.alternifolia","Cixiidae.sp1",0
"M_075.1","Molinaea.alternifolia","Cixiidae.sp2",0
"M_075.1","Molinaea.alternifolia","Cotesia.sp1",0
"M_075.1","Molinaea.alternifolia","Cratopus.psittacus.Faimaire",0
"M_075.1","Molinaea.alternifolia","Cryptocephalinae.sp1",0
"M_075.1","Molinaea.alternifolia","Dasytinae.sp1",0
"M_075.1","Molinaea.alternifolia","Dioxyna.sororcula.Wiedemann",0
"M_075.1","Molinaea.alternifolia","Diptera.sp2",0
"M_075.1","Molinaea.alternifolia","Diptera.sp3",0
"M_075.1","Molinaea.alternifolia","Dysauxes.florida.Joan",0.2666666667
"M_075.1","Molinaea.alternifolia","Episyrphus.sp.near.circularis.Hull",0.2
"M_075.1","Molinaea.alternifolia","Eristalinus.flaveolus.Bigot",0.2
"M_075.1","Molinaea.alternifolia","Eumolpinae.sp2",0
"M_075.1","Molinaea.alternifolia","Eumolpinae.sp3",0
"M_075.1","Molinaea.alternifolia","Eurytonidae.sp1",0
"M_075.1","Molinaea.alternifolia","Fannia.pusio.Wiedemann",1.12
"M_075.1","Molinaea.alternifolia","Gelechioidea.sp1",0
"M_075.1","Molinaea.alternifolia","Gelechioidea.sp2",0
"M_075.1","Molinaea.alternifolia","Gelechioidea.sp3",0
"M_075.1","Molinaea.alternifolia","Goniurellia.or.Dectodes.sp",0
"M_075.1","Molinaea.alternifolia","Graphomya.maculata.Scopoli",0
"M_075.1","Molinaea.alternifolia","Henotesia.narcissus.Fabricius",0
"M_075.1","Molinaea.alternifolia","Hippotion.eson.Cramer",0
"M_075.1","Molinaea.alternifolia","Homoneura.sp2",0
"M_075.1","Molinaea.alternifolia","Homoneura.sp3",0
"M_075.1","Molinaea.alternifolia","Hydrotaea.fuliginosa.Robineau.Desvoidy",0
"M_075.1","Molinaea.alternifolia","Ischiodon.aegyptius.Wiedemann",0.2
"M_075.1","Molinaea.alternifolia","Lecithoceridae.sp1",0
"M_075.1","Molinaea.alternifolia","Leptotes.pirithous.Linnaeus",0.24
"M_075.1","Molinaea.alternifolia","Limnophora.quaterna.Loew",0
"M_075.1","Molinaea.alternifolia","Lygaeidae.sp2",0
"M_075.1","Molinaea.alternifolia","Lygaeidae.sp3",0
"M_075.1","Molinaea.alternifolia","Lygaeidae.sp5",0
"M_075.1","Molinaea.alternifolia","Lygistorrhina.sp",0.4
"M_075.1","Molinaea.alternifolia","Macroglossum.milvus.Boisduval",0
"M_075.1","Molinaea.alternifolia","Mauritiborium.undulatus",0
"M_075.1","Molinaea.alternifolia","Melanagromyza.sojae.Zehntner",0
"M_075.1","Molinaea.alternifolia","Melanostoma.annulipes.Macquart",0
"M_075.1","Molinaea.alternifolia","Melanostoma.bituberculatum.Loew",0
"M_075.1","Molinaea.alternifolia","Miridae.sp1",0
"M_075.1","Molinaea.alternifolia","Mordellidae.sp1",0
"M_075.1","Molinaea.alternifolia","Mordellidae.sp2",0
"M_075.1","Molinaea.alternifolia","Mordellidae.sp3",0
"M_075.1","Molinaea.alternifolia","Musca.confiscata.Speiser",0
"M_075.1","Molinaea.alternifolia","Musca.domestica.Linnaeus",0.3866666667
"M_075.1","Molinaea.alternifolia","Nacoleia.sp1",0
"M_075.1","Molinaea.alternifolia","Nacoleia.sp2",0
"M_075.1","Molinaea.alternifolia","Nitidulidae.sp1",0
"M_075.1","Molinaea.alternifolia","Nyctemera.insulare.Boisduval",0
"M_075.1","Molinaea.alternifolia","Ophyra.capensis.Wiedemann",1.0628571429
"M_075.1","Molinaea.alternifolia","Orchisia.costata.Meigen",0
"M_075.1","Molinaea.alternifolia","Ornidia.obesa.Fabricius",0
"M_075.1","Molinaea.alternifolia","Orthellia.albigena.Stein",0
"M_075.1","Molinaea.alternifolia","Pachycerina.crinicornis.Thomson",0
"M_075.1","Molinaea.alternifolia","Palexorista.sp1",0
"M_075.1","Molinaea.alternifolia","Panara.naso.Fabricius",0
"M_075.1","Molinaea.alternifolia","Paragus.borbonicus.Macquart",0
"M_075.1","Molinaea.alternifolia","Pelecophora.intemipta.All",0.1733333333
"M_075.1","Molinaea.alternifolia","Phalanta.phalantha.Drury",0
"M_075.1","Molinaea.alternifolia","Pheidole.megacephala.Fabricius",0
"M_075.1","Molinaea.alternifolia","Phelsuma.cepediana.Merrem",0
"M_075.1","Molinaea.alternifolia","Phorinia.sp",0
"M_075.1","Molinaea.alternifolia","Polistes.hebraeus.Fabricius",1.2310364146
"M_075.1","Molinaea.alternifolia","Psyllidae.sp2",0
"M_075.1","Molinaea.alternifolia","Sapromyza.sp.near..nudiuscula.Lamb",0
"M_075.1","Molinaea.alternifolia","Sarcophaga.arno.Curran",0
"M_075.1","Molinaea.alternifolia","Scatopsidae.sp",0
"M_075.1","Molinaea.alternifolia","Scirtidae.sp1",0
"M_075.1","Molinaea.alternifolia","Scirtidae.sp2",0
"M_075.1","Molinaea.alternifolia","Scolia.carniflex.Coquillett",0
"M_075.1","Molinaea.alternifolia","Scopariinae.sp",0
"M_075.1","Molinaea.alternifolia","Simulium.Byssodon.sp2",0
"M_075.1","Molinaea.alternifolia","Siphona.sp",0
"M_075.1","Molinaea.alternifolia","Stomorhina.lunata.Fabricius",1.4347985348
"M_075.1","Molinaea.alternifolia","Stomoxys.calcitrans.Linnaeus",0
"M_075.1","Molinaea.alternifolia","Stomoxys.niger.Macquart",0
"M_075.1","Molinaea.alternifolia","Syritta.bulbus.Walker",0
"M_075.1","Molinaea.alternifolia","Syritta.nigrofemorata.Macquart",0.0666666667
"M_075.1","Molinaea.alternifolia","Syritta.spnear.abyssinica.Rondani",0
"M_075.1","Molinaea.alternifolia","Technomyrmex.albipes.Smith",0.3333333333
"M_075.1","Molinaea.alternifolia","Thelairodrino.sp",0
"M_075.1","Molinaea.alternifolia","Thysanoplusia.orichalcea.Fabricius",0
"M_075.1","Molinaea.alternifolia","Villa.unifasciata.Macquart",0
"M_075.1","Molinaea.alternifolia","Zosterops.mauritianus.Gmelin",0
"M_075.1","Molinaea.macrantha","Agathidinae.sp",0
"M_075.1","Molinaea.macrantha","Ahasverus.advena.Waltle",0
"M_075.1","Molinaea.macrantha","Allograpta.nasuta.Marquart",0.1428571429
"M_075.1","Molinaea.macrantha","Apis.mellifera.Linnaeus",0
"M_075.1","Molinaea.macrantha","Atherigona.orientalis.Schiner",0
"M_075.1","Molinaea.macrantha","Brachymyrmex.sp",1.4285714286
"M_075.1","Molinaea.macrantha","Calopsilia.florella.Fabricius",0
"M_075.1","Molinaea.macrantha","Campopleginae.sp1",0
"M_075.1","Molinaea.macrantha","Cerambycidae.sp1",0
"M_075.1","Molinaea.macrantha","Cerambycidae.sp2",0
"M_075.1","Molinaea.macrantha","Cerambycidae.sp3",0
"M_075.1","Molinaea.macrantha","Ceratitis.roas.Karsch",0
"M_075.1","Molinaea.macrantha","Chaetocnema.sp1",0
"M_075.1","Molinaea.macrantha","Cheloninae.sp1",0
"M_075.1","Molinaea.macrantha","Cheloninae.sp3",0
"M_075.1","Molinaea.macrantha","Chrysomya.megacephala.Fabricius",0
"M_075.1","Molinaea.macrantha","Cixiidae.sp1",0
"M_075.1","Molinaea.macrantha","Cixiidae.sp2",0
"M_075.1","Molinaea.macrantha","Cotesia.sp1",0
"M_075.1","Molinaea.macrantha","Cratopus.psittacus.Faimaire",0
"M_075.1","Molinaea.macrantha","Cryptocephalinae.sp1",0
"M_075.1","Molinaea.macrantha","Dasytinae.sp1",0
"M_075.1","Molinaea.macrantha","Dioxyna.sororcula.Wiedemann",0
"M_075.1","Molinaea.macrantha","Diptera.sp2",0
"M_075.1","Molinaea.macrantha","Diptera.sp3",0
"M_075.1","Molinaea.macrantha","Dysauxes.florida.Joan",0
"M_075.1","Molinaea.macrantha","Episyrphus.sp.near.circularis.Hull",0
"M_075.1","Molinaea.macrantha","Eristalinus.flaveolus.Bigot",0
"M_075.1","Molinaea.macrantha","Eumolpinae.sp2",0
"M_075.1","Molinaea.macrantha","Eumolpinae.sp3",0
"M_075.1","Molinaea.macrantha","Eurytonidae.sp1",0
"M_075.1","Molinaea.macrantha","Fannia.pusio.Wiedemann",0
"M_075.1","Molinaea.macrantha","Gelechioidea.sp1",0
"M_075.1","Molinaea.macrantha","Gelechioidea.sp2",0
"M_075.1","Molinaea.macrantha","Gelechioidea.sp3",0
"M_075.1","Molinaea.macrantha","Goniurellia.or.Dectodes.sp",0
"M_075.1","Molinaea.macrantha","Graphomya.maculata.Scopoli",0
"M_075.1","Molinaea.macrantha","Henotesia.narcissus.Fabricius",0
"M_075.1","Molinaea.macrantha","Hippotion.eson.Cramer",0
"M_075.1","Molinaea.macrantha","Homoneura.sp2",0
"M_075.1","Molinaea.macrantha","Homoneura.sp3",0
"M_075.1","Molinaea.macrantha","Hydrotaea.fuliginosa.Robineau.Desvoidy",0
"M_075.1","Molinaea.macrantha","Ischiodon.aegyptius.Wiedemann",0
"M_075.1","Molinaea.macrantha","Lecithoceridae.sp1",0
"M_075.1","Molinaea.macrantha","Leptotes.pirithous.Linnaeus",0
"M_075.1","Molinaea.macrantha","Limnophora.quaterna.Loew",0
"M_075.1","Molinaea.macrantha","Lygaeidae.sp2",0
"M_075.1","Molinaea.macrantha","Lygaeidae.sp3",0
"M_075.1","Molinaea.macrantha","Lygaeidae.sp5",0
"M_075.1","Molinaea.macrantha","Lygistorrhina.sp",0
"M_075.1","Molinaea.macrantha","Macroglossum.milvus.Boisduval",0
"M_075.1","Molinaea.macrantha","Mauritiborium.undulatus",0
"M_075.1","Molinaea.macrantha","Melanagromyza.sojae.Zehntner",0
"M_075.1","Molinaea.macrantha","Melanostoma.annulipes.Macquart",0
"M_075.1","Molinaea.macrantha","Melanostoma.bituberculatum.Loew",0
"M_075.1","Molinaea.macrantha","Miridae.sp1",0
"M_075.1","Molinaea.macrantha","Mordellidae.sp1",0
"M_075.1","Molinaea.macrantha","Mordellidae.sp2",0
"M_075.1","Molinaea.macrantha","Mordellidae.sp3",0
"M_075.1","Molinaea.macrantha","Musca.confiscata.Speiser",0
"M_075.1","Molinaea.macrantha","Musca.domestica.Linnaeus",0
"M_075.1","Molinaea.macrantha","Nacoleia.sp1",0
"M_075.1","Molinaea.macrantha","Nacoleia.sp2",0
"M_075.1","Molinaea.macrantha","Nitidulidae.sp1",0
"M_075.1","Molinaea.macrantha","Nyctemera.insulare.Boisduval",0
"M_075.1","Molinaea.macrantha","Ophyra.capensis.Wiedemann",0
"M_075.1","Molinaea.macrantha","Orchisia.costata.Meigen",0
"M_075.1","Molinaea.macrantha","Ornidia.obesa.Fabricius",0
"M_075.1","Molinaea.macrantha","Orthellia.albigena.Stein",0
"M_075.1","Molinaea.macrantha","Pachycerina.crinicornis.Thomson",0
"M_075.1","Molinaea.macrantha","Palexorista.sp1",0
"M_075.1","Molinaea.macrantha","Panara.naso.Fabricius",0
"M_075.1","Molinaea.macrantha","Paragus.borbonicus.Macquart",0
"M_075.1","Molinaea.macrantha","Pelecophora.intemipta.All",0
"M_075.1","Molinaea.macrantha","Phalanta.phalantha.Drury",0
"M_075.1","Molinaea.macrantha","Pheidole.megacephala.Fabricius",0
"M_075.1","Molinaea.macrantha","Phelsuma.cepediana.Merrem",0
"M_075.1","Molinaea.macrantha","Phorinia.sp",0
"M_075.1","Molinaea.macrantha","Polistes.hebraeus.Fabricius",0
"M_075.1","Molinaea.macrantha","Psyllidae.sp2",0
"M_075.1","Molinaea.macrantha","Sapromyza.sp.near..nudiuscula.Lamb",0
"M_075.1","Molinaea.macrantha","Sarcophaga.arno.Curran",0
"M_075.1","Molinaea.macrantha","Scatopsidae.sp",0
"M_075.1","Molinaea.macrantha","Scirtidae.sp1",0
"M_075.1","Molinaea.macrantha","Scirtidae.sp2",0
"M_075.1","Molinaea.macrantha","Scolia.carniflex.Coquillett",0
"M_075.1","Molinaea.macrantha","Scopariinae.sp",0
"M_075.1","Molinaea.macrantha","Simulium.Byssodon.sp2",0
"M_075.1","Molinaea.macrantha","Siphona.sp",0
"M_075.1","Molinaea.macrantha","Stomorhina.lunata.Fabricius",0
"M_075.1","Molinaea.macrantha","Stomoxys.calcitrans.Linnaeus",0
"M_075.1","Molinaea.macrantha","Stomoxys.niger.Macquart",0
"M_075.1","Molinaea.macrantha","Syritta.bulbus.Walker",0
"M_075.1","Molinaea.macrantha","Syritta.nigrofemorata.Macquart",0
"M_075.1","Molinaea.macrantha","Syritta.spnear.abyssinica.Rondani",0
"M_075.1","Molinaea.macrantha","Technomyrmex.albipes.Smith",5.8650793651
"M_075.1","Molinaea.macrantha","Thelairodrino.sp",0
"M_075.1","Molinaea.macrantha","Thysanoplusia.orichalcea.Fabricius",0
"M_075.1","Molinaea.macrantha","Villa.unifasciata.Macquart",0
"M_075.1","Molinaea.macrantha","Zosterops.mauritianus.Gmelin",0
"M_075.1","Myonima.violacea.var.ovata","Agathidinae.sp",0
"M_075.1","Myonima.violacea.var.ovata","Ahasverus.advena.Waltle",0
"M_075.1","Myonima.violacea.var.ovata","Allograpta.nasuta.Marquart",0.1111111111
"M_075.1","Myonima.violacea.var.ovata","Apis.mellifera.Linnaeus",1.4392424242
"M_075.1","Myonima.violacea.var.ovata","Atherigona.orientalis.Schiner",0
"M_075.1","Myonima.violacea.var.ovata","Brachymyrmex.sp",0.625
"M_075.1","Myonima.violacea.var.ovata","Calopsilia.florella.Fabricius",0
"M_075.1","Myonima.violacea.var.ovata","Campopleginae.sp1",0
"M_075.1","Myonima.violacea.var.ovata","Cerambycidae.sp1",0
"M_075.1","Myonima.violacea.var.ovata","Cerambycidae.sp2",0
"M_075.1","Myonima.violacea.var.ovata","Cerambycidae.sp3",0
"M_075.1","Myonima.violacea.var.ovata","Ceratitis.roas.Karsch",0
"M_075.1","Myonima.violacea.var.ovata","Chaetocnema.sp1",0
"M_075.1","Myonima.violacea.var.ovata","Cheloninae.sp1",0
"M_075.1","Myonima.violacea.var.ovata","Cheloninae.sp3",0
"M_075.1","Myonima.violacea.var.ovata","Chrysomya.megacephala.Fabricius",0
"M_075.1","Myonima.violacea.var.ovata","Cixiidae.sp1",0
"M_075.1","Myonima.violacea.var.ovata","Cixiidae.sp2",0
"M_075.1","Myonima.violacea.var.ovata","Cotesia.sp1",0
"M_075.1","Myonima.violacea.var.ovata","Cratopus.psittacus.Faimaire",0
"M_075.1","Myonima.violacea.var.ovata","Cryptocephalinae.sp1",0.1
"M_075.1","Myonima.violacea.var.ovata","Dasytinae.sp1",0
"M_075.1","Myonima.violacea.var.ovata","Dioxyna.sororcula.Wiedemann",0
"M_075.1","Myonima.violacea.var.ovata","Diptera.sp2",0
"M_075.1","Myonima.violacea.var.ovata","Diptera.sp3",0
"M_075.1","Myonima.violacea.var.ovata","Dysauxes.florida.Joan",3.3333333333
"M_075.1","Myonima.violacea.var.ovata","Episyrphus.sp.near.circularis.Hull",0
"M_075.1","Myonima.violacea.var.ovata","Eristalinus.flaveolus.Bigot",0
"M_075.1","Myonima.violacea.var.ovata","Eumolpinae.sp2",0
"M_075.1","Myonima.violacea.var.ovata","Eumolpinae.sp3",0
"M_075.1","Myonima.violacea.var.ovata","Eurytonidae.sp1",0
"M_075.1","Myonima.violacea.var.ovata","Fannia.pusio.Wiedemann",0
"M_075.1","Myonima.violacea.var.ovata","Gelechioidea.sp1",0
"M_075.1","Myonima.violacea.var.ovata","Gelechioidea.sp2",0
"M_075.1","Myonima.violacea.var.ovata","Gelechioidea.sp3",0
"M_075.1","Myonima.violacea.var.ovata","Goniurellia.or.Dectodes.sp",0
"M_075.1","Myonima.violacea.var.ovata","Graphomya.maculata.Scopoli",0
"M_075.1","Myonima.violacea.var.ovata","Henotesia.narcissus.Fabricius",0
"M_075.1","Myonima.violacea.var.ovata","Hippotion.eson.Cramer",0
"M_075.1","Myonima.violacea.var.ovata","Homoneura.sp2",0
"M_075.1","Myonima.violacea.var.ovata","Homoneura.sp3",0
"M_075.1","Myonima.violacea.var.ovata","Hydrotaea.fuliginosa.Robineau.Desvoidy",0
"M_075.1","Myonima.violacea.var.ovata","Ischiodon.aegyptius.Wiedemann",0
"M_075.1","Myonima.violacea.var.ovata","Lecithoceridae.sp1",0
"M_075.1","Myonima.violacea.var.ovata","Leptotes.pirithous.Linnaeus",0.1
"M_075.1","Myonima.violacea.var.ovata","Limnophora.quaterna.Loew",0
"M_075.1","Myonima.violacea.var.ovata","Lygaeidae.sp2",0
"M_075.1","Myonima.violacea.var.ovata","Lygaeidae.sp3",0
"M_075.1","Myonima.violacea.var.ovata","Lygaeidae.sp5",0
"M_075.1","Myonima.violacea.var.ovata","Lygistorrhina.sp",0.0571428571
"M_075.1","Myonima.violacea.var.ovata","Macroglossum.milvus.Boisduval",0
"M_075.1","Myonima.violacea.var.ovata","Mauritiborium.undulatus",0
"M_075.1","Myonima.violacea.var.ovata","Melanagromyza.sojae.Zehntner",0
"M_075.1","Myonima.violacea.var.ovata","Melanostoma.annulipes.Macquart",0
"M_075.1","Myonima.violacea.var.ovata","Melanostoma.bituberculatum.Loew",0
"M_075.1","Myonima.violacea.var.ovata","Miridae.sp1",0
"M_075.1","Myonima.violacea.var.ovata","Mordellidae.sp1",0
"M_075.1","Myonima.violacea.var.ovata","Mordellidae.sp2",0
"M_075.1","Myonima.violacea.var.ovata","Mordellidae.sp3",0
"M_075.1","Myonima.violacea.var.ovata","Musca.confiscata.Speiser",0
"M_075.1","Myonima.violacea.var.ovata","Musca.domestica.Linnaeus",0
"M_075.1","Myonima.violacea.var.ovata","Nacoleia.sp1",0
"M_075.1","Myonima.violacea.var.ovata","Nacoleia.sp2",0
"M_075.1","Myonima.violacea.var.ovata","Nitidulidae.sp1",0
"M_075.1","Myonima.violacea.var.ovata","Nyctemera.insulare.Boisduval",0
"M_075.1","Myonima.violacea.var.ovata","Ophyra.capensis.Wiedemann",0
"M_075.1","Myonima.violacea.var.ovata","Orchisia.costata.Meigen",0
"M_075.1","Myonima.violacea.var.ovata","Ornidia.obesa.Fabricius",0
"M_075.1","Myonima.violacea.var.ovata","Orthellia.albigena.Stein",0
"M_075.1","Myonima.violacea.var.ovata","Pachycerina.crinicornis.Thomson",0.025
"M_075.1","Myonima.violacea.var.ovata","Palexorista.sp1",0
"M_075.1","Myonima.violacea.var.ovata","Panara.naso.Fabricius",0.2
"M_075.1","Myonima.violacea.var.ovata","Paragus.borbonicus.Macquart",0
"M_075.1","Myonima.violacea.var.ovata","Pelecophora.intemipta.All",0
"M_075.1","Myonima.violacea.var.ovata","Phalanta.phalantha.Drury",0
"M_075.1","Myonima.violacea.var.ovata","Pheidole.megacephala.Fabricius",0
"M_075.1","Myonima.violacea.var.ovata","Phelsuma.cepediana.Merrem",0
"M_075.1","Myonima.violacea.var.ovata","Phorinia.sp",0
"M_075.1","Myonima.violacea.var.ovata","Polistes.hebraeus.Fabricius",0.3
"M_075.1","Myonima.violacea.var.ovata","Psyllidae.sp2",0
"M_075.1","Myonima.violacea.var.ovata","Sapromyza.sp.near..nudiuscula.Lamb",0
"M_075.1","Myonima.violacea.var.ovata","Sarcophaga.arno.Curran",0
"M_075.1","Myonima.violacea.var.ovata","Scatopsidae.sp",0
"M_075.1","Myonima.violacea.var.ovata","Scirtidae.sp1",0
"M_075.1","Myonima.violacea.var.ovata","Scirtidae.sp2",0
"M_075.1","Myonima.violacea.var.ovata","Scolia.carniflex.Coquillett",0
"M_075.1","Myonima.violacea.var.ovata","Scopariinae.sp",0
"M_075.1","Myonima.violacea.var.ovata","Simulium.Byssodon.sp2",0
"M_075.1","Myonima.violacea.var.ovata","Siphona.sp",0
"M_075.1","Myonima.violacea.var.ovata","Stomorhina.lunata.Fabricius",0.32
"M_075.1","Myonima.violacea.var.ovata","Stomoxys.calcitrans.Linnaeus",0.2
"M_075.1","Myonima.violacea.var.ovata","Stomoxys.niger.Macquart",0
"M_075.1","Myonima.violacea.var.ovata","Syritta.bulbus.Walker",0
"M_075.1","Myonima.violacea.var.ovata","Syritta.nigrofemorata.Macquart",0
"M_075.1","Myonima.violacea.var.ovata","Syritta.spnear.abyssinica.Rondani",0
"M_075.1","Myonima.violacea.var.ovata","Technomyrmex.albipes.Smith",1.6222222222
"M_075.1","Myonima.violacea.var.ovata","Thelairodrino.sp",0
"M_075.1","Myonima.violacea.var.ovata","Thysanoplusia.orichalcea.Fabricius",0
"M_075.1","Myonima.violacea.var.ovata","Villa.unifasciata.Macquart",0
"M_075.1","Myonima.violacea.var.ovata","Zosterops.mauritianus.Gmelin",0
"M_075.1","Ochna.mauritiana","Agathidinae.sp",0
"M_075.1","Ochna.mauritiana","Ahasverus.advena.Waltle",0
"M_075.1","Ochna.mauritiana","Allograpta.nasuta.Marquart",0.3
"M_075.1","Ochna.mauritiana","Apis.mellifera.Linnaeus",1.7525879917
"M_075.1","Ochna.mauritiana","Atherigona.orientalis.Schiner",0
"M_075.1","Ochna.mauritiana","Brachymyrmex.sp",0
"M_075.1","Ochna.mauritiana","Calopsilia.florella.Fabricius",0
"M_075.1","Ochna.mauritiana","Campopleginae.sp1",0.1739130435
"M_075.1","Ochna.mauritiana","Cerambycidae.sp1",0
"M_075.1","Ochna.mauritiana","Cerambycidae.sp2",0
"M_075.1","Ochna.mauritiana","Cerambycidae.sp3",0
"M_075.1","Ochna.mauritiana","Ceratitis.roas.Karsch",0
"M_075.1","Ochna.mauritiana","Chaetocnema.sp1",5.8072463768
"M_075.1","Ochna.mauritiana","Cheloninae.sp1",0
"M_075.1","Ochna.mauritiana","Cheloninae.sp3",0
"M_075.1","Ochna.mauritiana","Chrysomya.megacephala.Fabricius",0.1666666667
"M_075.1","Ochna.mauritiana","Cixiidae.sp1",0
"M_075.1","Ochna.mauritiana","Cixiidae.sp2",0
"M_075.1","Ochna.mauritiana","Cotesia.sp1",0
"M_075.1","Ochna.mauritiana","Cratopus.psittacus.Faimaire",0
"M_075.1","Ochna.mauritiana","Cryptocephalinae.sp1",0
"M_075.1","Ochna.mauritiana","Dasytinae.sp1",0
"M_075.1","Ochna.mauritiana","Dioxyna.sororcula.Wiedemann",0
"M_075.1","Ochna.mauritiana","Diptera.sp2",0
"M_075.1","Ochna.mauritiana","Diptera.sp3",0
"M_075.1","Ochna.mauritiana","Dysauxes.florida.Joan",0
"M_075.1","Ochna.mauritiana","Episyrphus.sp.near.circularis.Hull",0
"M_075.1","Ochna.mauritiana","Eristalinus.flaveolus.Bigot",0
"M_075.1","Ochna.mauritiana","Eumolpinae.sp2",0
"M_075.1","Ochna.mauritiana","Eumolpinae.sp3",0
"M_075.1","Ochna.mauritiana","Eurytonidae.sp1",0
"M_075.1","Ochna.mauritiana","Fannia.pusio.Wiedemann",0
"M_075.1","Ochna.mauritiana","Gelechioidea.sp1",0
"M_075.1","Ochna.mauritiana","Gelechioidea.sp2",0
"M_075.1","Ochna.mauritiana","Gelechioidea.sp3",0
"M_075.1","Ochna.mauritiana","Goniurellia.or.Dectodes.sp",0
"M_075.1","Ochna.mauritiana","Graphomya.maculata.Scopoli",0
"M_075.1","Ochna.mauritiana","Henotesia.narcissus.Fabricius",0
"M_075.1","Ochna.mauritiana","Hippotion.eson.Cramer",0
"M_075.1","Ochna.mauritiana","Homoneura.sp2",0
"M_075.1","Ochna.mauritiana","Homoneura.sp3",0
"M_075.1","Ochna.mauritiana","Hydrotaea.fuliginosa.Robineau.Desvoidy",0
"M_075.1","Ochna.mauritiana","Ischiodon.aegyptius.Wiedemann",0.2333333333
"M_075.1","Ochna.mauritiana","Lecithoceridae.sp1",0
"M_075.1","Ochna.mauritiana","Leptotes.pirithous.Linnaeus",0
"M_075.1","Ochna.mauritiana","Limnophora.quaterna.Loew",0
"M_075.1","Ochna.mauritiana","Lygaeidae.sp2",0
"M_075.1","Ochna.mauritiana","Lygaeidae.sp3",0
"M_075.1","Ochna.mauritiana","Lygaeidae.sp5",0
"M_075.1","Ochna.mauritiana","Lygistorrhina.sp",0
"M_075.1","Ochna.mauritiana","Macroglossum.milvus.Boisduval",0
"M_075.1","Ochna.mauritiana","Mauritiborium.undulatus",0
"M_075.1","Ochna.mauritiana","Melanagromyza.sojae.Zehntner",0
"M_075.1","Ochna.mauritiana","Melanostoma.annulipes.Macquart",0.1666666667
"M_075.1","Ochna.mauritiana","Melanostoma.bituberculatum.Loew",0.2666666667
"M_075.1","Ochna.mauritiana","Miridae.sp1",0
"M_075.1","Ochna.mauritiana","Mordellidae.sp1",0
"M_075.1","Ochna.mauritiana","Mordellidae.sp2",0
"M_075.1","Ochna.mauritiana","Mordellidae.sp3",0
"M_075.1","Ochna.mauritiana","Musca.confiscata.Speiser",0
"M_075.1","Ochna.mauritiana","Musca.domestica.Linnaeus",0.1666666667
"M_075.1","Ochna.mauritiana","Nacoleia.sp1",0.4444444444
"M_075.1","Ochna.mauritiana","Nacoleia.sp2",0
"M_075.1","Ochna.mauritiana","Nitidulidae.sp1",0
"M_075.1","Ochna.mauritiana","Nyctemera.insulare.Boisduval",0
"M_075.1","Ochna.mauritiana","Ophyra.capensis.Wiedemann",0
"M_075.1","Ochna.mauritiana","Orchisia.costata.Meigen",0
"M_075.1","Ochna.mauritiana","Ornidia.obesa.Fabricius",0
"M_075.1","Ochna.mauritiana","Orthellia.albigena.Stein",0
"M_075.1","Ochna.mauritiana","Pachycerina.crinicornis.Thomson",0.1916666667
"M_075.1","Ochna.mauritiana","Palexorista.sp1",0
"M_075.1","Ochna.mauritiana","Panara.naso.Fabricius",0.025
"M_075.1","Ochna.mauritiana","Paragus.borbonicus.Macquart",0
"M_075.1","Ochna.mauritiana","Pelecophora.intemipta.All",0
"M_075.1","Ochna.mauritiana","Phalanta.phalantha.Drury",0
"M_075.1","Ochna.mauritiana","Pheidole.megacephala.Fabricius",0
"M_075.1","Ochna.mauritiana","Phelsuma.cepediana.Merrem",0
"M_075.1","Ochna.mauritiana","Phorinia.sp",0
"M_075.1","Ochna.mauritiana","Polistes.hebraeus.Fabricius",0.5511904762
"M_075.1","Ochna.mauritiana","Psyllidae.sp2",0
"M_075.1","Ochna.mauritiana","Sapromyza.sp.near..nudiuscula.Lamb",0
"M_075.1","Ochna.mauritiana","Sarcophaga.arno.Curran",0.025
"M_075.1","Ochna.mauritiana","Scatopsidae.sp",0
"M_075.1","Ochna.mauritiana","Scirtidae.sp1",0
"M_075.1","Ochna.mauritiana","Scirtidae.sp2",0
"M_075.1","Ochna.mauritiana","Scolia.carniflex.Coquillett",0
"M_075.1","Ochna.mauritiana","Scopariinae.sp",0
"M_075.1","Ochna.mauritiana","Simulium.Byssodon.sp2",0
"M_075.1","Ochna.mauritiana","Siphona.sp",0
"M_075.1","Ochna.mauritiana","Stomorhina.lunata.Fabricius",0.8614130435
"M_075.1","Ochna.mauritiana","Stomoxys.calcitrans.Linnaeus",0
"M_075.1","Ochna.mauritiana","Stomoxys.niger.Macquart",0
"M_075.1","Ochna.mauritiana","Syritta.bulbus.Walker",0
"M_075.1","Ochna.mauritiana","Syritta.nigrofemorata.Macquart",0.1333333333
"M_075.1","Ochna.mauritiana","Syritta.spnear.abyssinica.Rondani",0
"M_075.1","Ochna.mauritiana","Technomyrmex.albipes.Smith",0
"M_075.1","Ochna.mauritiana","Thelairodrino.sp",0
"M_075.1","Ochna.mauritiana","Thysanoplusia.orichalcea.Fabricius",0
"M_075.1","Ochna.mauritiana","Villa.unifasciata.Macquart",0
"M_075.1","Ochna.mauritiana","Zosterops.mauritianus.Gmelin",0
"M_075.1","Olea.lancea","Agathidinae.sp",0
"M_075.1","Olea.lancea","Ahasverus.advena.Waltle",0
"M_075.1","Olea.lancea","Allograpta.nasuta.Marquart",0.5
"M_075.1","Olea.lancea","Apis.mellifera.Linnaeus",0.0740740741
"M_075.1","Olea.lancea","Atherigona.orientalis.Schiner",0
"M_075.1","Olea.lancea","Brachymyrmex.sp",0
"M_075.1","Olea.lancea","Calopsilia.florella.Fabricius",0
"M_075.1","Olea.lancea","Campopleginae.sp1",0
"M_075.1","Olea.lancea","Cerambycidae.sp1",0
"M_075.1","Olea.lancea","Cerambycidae.sp2",0
"M_075.1","Olea.lancea","Cerambycidae.sp3",0
"M_075.1","Olea.lancea","Ceratitis.roas.Karsch",0
"M_075.1","Olea.lancea","Chaetocnema.sp1",5.034025234
"M_075.1","Olea.lancea","Cheloninae.sp1",0
"M_075.1","Olea.lancea","Cheloninae.sp3",0
"M_075.1","Olea.lancea","Chrysomya.megacephala.Fabricius",0
"M_075.1","Olea.lancea","Cixiidae.sp1",0
"M_075.1","Olea.lancea","Cixiidae.sp2",0
"M_075.1","Olea.lancea","Cotesia.sp1",0
"M_075.1","Olea.lancea","Cratopus.psittacus.Faimaire",0
"M_075.1","Olea.lancea","Cryptocephalinae.sp1",0
"M_075.1","Olea.lancea","Dasytinae.sp1",0
"M_075.1","Olea.lancea","Dioxyna.sororcula.Wiedemann",0
"M_075.1","Olea.lancea","Diptera.sp2",0
"M_075.1","Olea.lancea","Diptera.sp3",0
"M_075.1","Olea.lancea","Dysauxes.florida.Joan",0
"M_075.1","Olea.lancea","Episyrphus.sp.near.circularis.Hull",0
"M_075.1","Olea.lancea","Eristalinus.flaveolus.Bigot",0
"M_075.1","Olea.lancea","Eumolpinae.sp2",0
"M_075.1","Olea.lancea","Eumolpinae.sp3",0
"M_075.1","Olea.lancea","Eurytonidae.sp1",0
"M_075.1","Olea.lancea","Fannia.pusio.Wiedemann",0
"M_075.1","Olea.lancea","Gelechioidea.sp1",0
"M_075.1","Olea.lancea","Gelechioidea.sp2",0
"M_075.1","Olea.lancea","Gelechioidea.sp3",0
"M_075.1","Olea.lancea","Goniurellia.or.Dectodes.sp",0
"M_075.1","Olea.lancea","Graphomya.maculata.Scopoli",0
"M_075.1","Olea.lancea","Henotesia.narcissus.Fabricius",0
"M_075.1","Olea.lancea","Hippotion.eson.Cramer",0
"M_075.1","Olea.lancea","Homoneura.sp2",0
"M_075.1","Olea.lancea","Homoneura.sp3",0
"M_075.1","Olea.lancea","Hydrotaea.fuliginosa.Robineau.Desvoidy",0
"M_075.1","Olea.lancea","Ischiodon.aegyptius.Wiedemann",0
"M_075.1","Olea.lancea","Lecithoceridae.sp1",0
"M_075.1","Olea.lancea","Leptotes.pirithous.Linnaeus",0
"M_075.1","Olea.lancea","Limnophora.quaterna.Loew",0
"M_075.1","Olea.lancea","Lygaeidae.sp2",0
"M_075.1","Olea.lancea","Lygaeidae.sp3",0
"M_075.1","Olea.lancea","Lygaeidae.sp5",0
"M_075.1","Olea.lancea","Lygistorrhina.sp",0
"M_075.1","Olea.lancea","Macroglossum.milvus.Boisduval",0
"M_075.1","Olea.lancea","Mauritiborium.undulatus",0
"M_075.1","Olea.lancea","Melanagromyza.sojae.Zehntner",0
"M_075.1","Olea.lancea","Melanostoma.annulipes.Macquart",0
"M_075.1","Olea.lancea","Melanostoma.bituberculatum.Loew",0
"M_075.1","Olea.lancea","Miridae.sp1",0
"M_075.1","Olea.lancea","Mordellidae.sp1",0
"M_075.1","Olea.lancea","Mordellidae.sp2",0
"M_075.1","Olea.lancea","Mordellidae.sp3",0
"M_075.1","Olea.lancea","Musca.confiscata.Speiser",0
"M_075.1","Olea.lancea","Musca.domestica.Linnaeus",0
"M_075.1","Olea.lancea","Nacoleia.sp1",0
"M_075.1","Olea.lancea","Nacoleia.sp2",0
"M_075.1","Olea.lancea","Nitidulidae.sp1",0
"M_075.1","Olea.lancea","Nyctemera.insulare.Boisduval",0
"M_075.1","Olea.lancea","Ophyra.capensis.Wiedemann",0
"M_075.1","Olea.lancea","Orchisia.costata.Meigen",0
"M_075.1","Olea.lancea","Ornidia.obesa.Fabricius",0
"M_075.1","Olea.lancea","Orthellia.albigena.Stein",0
"M_075.1","Olea.lancea","Pachycerina.crinicornis.Thomson",0
"M_075.1","Olea.lancea","Palexorista.sp1",0
"M_075.1","Olea.lancea","Panara.naso.Fabricius",0
"M_075.1","Olea.lancea","Paragus.borbonicus.Macquart",0
"M_075.1","Olea.lancea","Pelecophora.intemipta.All",0
"M_075.1","Olea.lancea","Phalanta.phalantha.Drury",0
"M_075.1","Olea.lancea","Pheidole.megacephala.Fabricius",0
"M_075.1","Olea.lancea","Phelsuma.cepediana.Merrem",0
"M_075.1","Olea.lancea","Phorinia.sp",0
"M_075.1","Olea.lancea","Polistes.hebraeus.Fabricius",0
"M_075.1","Olea.lancea","Psyllidae.sp2",0
"M_075.1","Olea.lancea","Sapromyza.sp.near..nudiuscula.Lamb",0
"M_075.1","Olea.lancea","Sarcophaga.arno.Curran",0
"M_075.1","Olea.lancea","Scatopsidae.sp",0
"M_075.1","Olea.lancea","Scirtidae.sp1",0
"M_075.1","Olea.lancea","Scirtidae.sp2",0
"M_075.1","Olea.lancea","Scolia.carniflex.Coquillett",0
"M_075.1","Olea.lancea","Scopariinae.sp",0
"M_075.1","Olea.lancea","Simulium.Byssodon.sp2",0
"M_075.1","Olea.lancea","Siphona.sp",0
"M_075.1","Olea.lancea","Stomorhina.lunata.Fabricius",0.0740740741
"M_075.1","Olea.lancea","Stomoxys.calcitrans.Linnaeus",0
"M_075.1","Olea.lancea","Stomoxys.niger.Macquart",0
"M_075.1","Olea.lancea","Syritta.bulbus.Walker",0
"M_075.1","Olea.lancea","Syritta.nigrofemorata.Macquart",0
"M_075.1","Olea.lancea","Syritta.spnear.abyssinica.Rondani",0
"M_075.1","Olea.lancea","Technomyrmex.albipes.Smith",0
"M_075.1","Olea.lancea","Thelairodrino.sp",0
"M_075.1","Olea.lancea","Thysanoplusia.orichalcea.Fabricius",0
"M_075.1","Olea.lancea","Villa.unifasciata.Macquart",0.5818181818
"M_075.1","Olea.lancea","Zosterops.mauritianus.Gmelin",0
"M_075.1","Ossaea.marginata","Agathidinae.sp",0
"M_075.1","Ossaea.marginata","Ahasverus.advena.Waltle",0
"M_075.1","Ossaea.marginata","Allograpta.nasuta.Marquart",0
"M_075.1","Ossaea.marginata","Apis.mellifera.Linnaeus",0
"M_075.1","Ossaea.marginata","Atherigona.orientalis.Schiner",0
"M_075.1","Ossaea.marginata","Brachymyrmex.sp",0
"M_075.1","Ossaea.marginata","Calopsilia.florella.Fabricius",0
"M_075.1","Ossaea.marginata","Campopleginae.sp1",0
"M_075.1","Ossaea.marginata","Cerambycidae.sp1",0
"M_075.1","Ossaea.marginata","Cerambycidae.sp2",0
"M_075.1","Ossaea.marginata","Cerambycidae.sp3",0
"M_075.1","Ossaea.marginata","Ceratitis.roas.Karsch",0
"M_075.1","Ossaea.marginata","Chaetocnema.sp1",0
"M_075.1","Ossaea.marginata","Cheloninae.sp1",0
"M_075.1","Ossaea.marginata","Cheloninae.sp3",0
"M_075.1","Ossaea.marginata","Chrysomya.megacephala.Fabricius",0
"M_075.1","Ossaea.marginata","Cixiidae.sp1",0
"M_075.1","Ossaea.marginata","Cixiidae.sp2",0
"M_075.1","Ossaea.marginata","Cotesia.sp1",0
"M_075.1","Ossaea.marginata","Cratopus.psittacus.Faimaire",0
"M_075.1","Ossaea.marginata","Cryptocephalinae.sp1",0
"M_075.1","Ossaea.marginata","Dasytinae.sp1",0
"M_075.1","Ossaea.marginata","Dioxyna.sororcula.Wiedemann",0
"M_075.1","Ossaea.marginata","Diptera.sp2",0
"M_075.1","Ossaea.marginata","Diptera.sp3",0
"M_075.1","Ossaea.marginata","Dysauxes.florida.Joan",0
"M_075.1","Ossaea.marginata","Episyrphus.sp.near.circularis.Hull",0
"M_075.1","Ossaea.marginata","Eristalinus.flaveolus.Bigot",0
"M_075.1","Ossaea.marginata","Eumolpinae.sp2",0
"M_075.1","Ossaea.marginata","Eumolpinae.sp3",0
"M_075.1","Ossaea.marginata","Eurytonidae.sp1",0
"M_075.1","Ossaea.marginata","Fannia.pusio.Wiedemann",0
"M_075.1","Ossaea.marginata","Gelechioidea.sp1",0
"M_075.1","Ossaea.marginata","Gelechioidea.sp2",0
"M_075.1","Ossaea.marginata","Gelechioidea.sp3",0
"M_075.1","Ossaea.marginata","Goniurellia.or.Dectodes.sp",0
"M_075.1","Ossaea.marginata","Graphomya.maculata.Scopoli",0
"M_075.1","Ossaea.marginata","Henotesia.narcissus.Fabricius",0
"M_075.1","Ossaea.marginata","Hippotion.eson.Cramer",0
"M_075.1","Ossaea.marginata","Homoneura.sp2",0
"M_075.1","Ossaea.marginata","Homoneura.sp3",0
"M_075.1","Ossaea.marginata","Hydrotaea.fuliginosa.Robineau.Desvoidy",0
"M_075.1","Ossaea.marginata","Ischiodon.aegyptius.Wiedemann",0
"M_075.1","Ossaea.marginata","Lecithoceridae.sp1",0
"M_075.1","Ossaea.marginata","Leptotes.pirithous.Linnaeus",0
"M_075.1","Ossaea.marginata","Limnophora.quaterna.Loew",0
"M_075.1","Ossaea.marginata","Lygaeidae.sp2",0
"M_075.1","Ossaea.marginata","Lygaeidae.sp3",0
"M_075.1","Ossaea.marginata","Lygaeidae.sp5",0
"M_075.1","Ossaea.marginata","Lygistorrhina.sp",0
"M_075.1","Ossaea.marginata","Macroglossum.milvus.Boisduval",0
"M_075.1","Ossaea.marginata","Mauritiborium.undulatus",0
"M_075.1","Ossaea.marginata","Melanagromyza.sojae.Zehntner",0
"M_075.1","Ossaea.marginata","Melanostoma.annulipes.Macquart",0
"M_075.1","Ossaea.marginata","Melanostoma.bituberculatum.Loew",0
"M_075.1","Ossaea.marginata","Miridae.sp1",0
"M_075.1","Ossaea.marginata","Mordellidae.sp1",0
"M_075.1","Ossaea.marginata","Mordellidae.sp2",0
"M_075.1","Ossaea.marginata","Mordellidae.sp3",0
"M_075.1","Ossaea.marginata","Musca.confiscata.Speiser",0
"M_075.1","Ossaea.marginata","Musca.domestica.Linnaeus",0
"M_075.1","Ossaea.marginata","Nacoleia.sp1",0
"M_075.1","Ossaea.marginata","Nacoleia.sp2",0
"M_075.1","Ossaea.marginata","Nitidulidae.sp1",0
"M_075.1","Ossaea.marginata","Nyctemera.insulare.Boisduval",0
"M_075.1","Ossaea.marginata","Ophyra.capensis.Wiedemann",0
"M_075.1","Ossaea.marginata","Orchisia.costata.Meigen",0
"M_075.1","Ossaea.marginata","Ornidia.obesa.Fabricius",0
"M_075.1","Ossaea.marginata","Orthellia.albigena.Stein",0
"M_075.1","Ossaea.marginata","Pachycerina.crinicornis.Thomson",0
"M_075.1","Ossaea.marginata","Palexorista.sp1",0
"M_075.1","Ossaea.marginata","Panara.naso.Fabricius",0
"M_075.1","Ossaea.marginata","Paragus.borbonicus.Macquart",0
"M_075.1","Ossaea.marginata","Pelecophora.intemipta.All",0
"M_075.1","Ossaea.marginata","Phalanta.phalantha.Drury",0
"M_075.1","Ossaea.marginata","Pheidole.megacephala.Fabricius",0
"M_075.1","Ossaea.marginata","Phelsuma.cepediana.Merrem",0
"M_075.1","Ossaea.marginata","Phorinia.sp",0
"M_075.1","Ossaea.marginata","Polistes.hebraeus.Fabricius",0
"M_075.1","Ossaea.marginata","Psyllidae.sp2",0
"M_075.1","Ossaea.marginata","Sapromyza.sp.near..nudiuscula.Lamb",0
"M_075.1","Ossaea.marginata","Sarcophaga.arno.Curran",0
"M_075.1","Ossaea.marginata","Scatopsidae.sp",0
"M_075.1","Ossaea.marginata","Scirtidae.sp1",0
"M_075.1","Ossaea.marginata","Scirtidae.sp2",0
"M_075.1","Ossaea.marginata","Scolia.carniflex.Coquillett",0
"M_075.1","Ossaea.marginata","Scopariinae.sp",0
"M_075.1","Ossaea.marginata","Simulium.Byssodon.sp2",0
"M_075.1","Ossaea.marginata","Siphona.sp",0
"M_075.1","Ossaea.marginata","Stomorhina.lunata.Fabricius",0
"M_075.1","Ossaea.marginata","Stomoxys.calcitrans.Linnaeus",0
"M_075.1","Ossaea.marginata","Stomoxys.niger.Macquart",0
"M_075.1","Ossaea.marginata","Syritta.bulbus.Walker",0
"M_075.1","Ossaea.marginata","Syritta.nigrofemorata.Macquart",0
"M_075.1","Ossaea.marginata","Syritta.spnear.abyssinica.Rondani",0
"M_075.1","Ossaea.marginata","Technomyrmex.albipes.Smith",0
"M_075.1","Ossaea.marginata","Thelairodrino.sp",0
"M_075.1","Ossaea.marginata","Thysanoplusia.orichalcea.Fabricius",0
"M_075.1","Ossaea.marginata","Villa.unifasciata.Macquart",0
"M_075.1","Ossaea.marginata","Zosterops.mauritianus.Gmelin",0
"M_075.1","Phyllanthus.phillyreifolius.var.telfairianus","Agathidinae.sp",0
"M_075.1","Phyllanthus.phillyreifolius.var.telfairianus","Ahasverus.advena.Waltle",0
"M_075.1","Phyllanthus.phillyreifolius.var.telfairianus","Allograpta.nasuta.Marquart",0
"M_075.1","Phyllanthus.phillyreifolius.var.telfairianus","Apis.mellifera.Linnaeus",0
"M_075.1","Phyllanthus.phillyreifolius.var.telfairianus","Atherigona.orientalis.Schiner",0
"M_075.1","Phyllanthus.phillyreifolius.var.telfairianus","Brachymyrmex.sp",0
"M_075.1","Phyllanthus.phillyreifolius.var.telfairianus","Calopsilia.florella.Fabricius",0
"M_075.1","Phyllanthus.phillyreifolius.var.telfairianus","Campopleginae.sp1",0
"M_075.1","Phyllanthus.phillyreifolius.var.telfairianus","Cerambycidae.sp1",0
"M_075.1","Phyllanthus.phillyreifolius.var.telfairianus","Cerambycidae.sp2",0
"M_075.1","Phyllanthus.phillyreifolius.var.telfairianus","Cerambycidae.sp3",0
"M_075.1","Phyllanthus.phillyreifolius.var.telfairianus","Ceratitis.roas.Karsch",0
"M_075.1","Phyllanthus.phillyreifolius.var.telfairianus","Chaetocnema.sp1",0.2811827957
"M_075.1","Phyllanthus.phillyreifolius.var.telfairianus","Cheloninae.sp1",0.3222222222
"M_075.1","Phyllanthus.phillyreifolius.var.telfairianus","Cheloninae.sp3",0
"M_075.1","Phyllanthus.phillyreifolius.var.telfairianus","Chrysomya.megacephala.Fabricius",0
"M_075.1","Phyllanthus.phillyreifolius.var.telfairianus","Cixiidae.sp1",0
"M_075.1","Phyllanthus.phillyreifolius.var.telfairianus","Cixiidae.sp2",0
"M_075.1","Phyllanthus.phillyreifolius.var.telfairianus","Cotesia.sp1",0
"M_075.1","Phyllanthus.phillyreifolius.var.telfairianus","Cratopus.psittacus.Faimaire",0
"M_075.1","Phyllanthus.phillyreifolius.var.telfairianus","Cryptocephalinae.sp1",0
"M_075.1","Phyllanthus.phillyreifolius.var.telfairianus","Dasytinae.sp1",0
"M_075.1","Phyllanthus.phillyreifolius.var.telfairianus","Dioxyna.sororcula.Wiedemann",0
"M_075.1","Phyllanthus.phillyreifolius.var.telfairianus","Diptera.sp2",0
"M_075.1","Phyllanthus.phillyreifolius.var.telfairianus","Diptera.sp3",0
"M_075.1","Phyllanthus.phillyreifolius.var.telfairianus","Dysauxes.florida.Joan",0.114516129
"M_075.1","Phyllanthus.phillyreifolius.var.telfairianus","Episyrphus.sp.near.circularis.Hull",0
"M_075.1","Phyllanthus.phillyreifolius.var.telfairianus","Eristalinus.flaveolus.Bigot",0
"M_075.1","Phyllanthus.phillyreifolius.var.telfairianus","Eumolpinae.sp2",0
"M_075.1","Phyllanthus.phillyreifolius.var.telfairianus","Eumolpinae.sp3",0
"M_075.1","Phyllanthus.phillyreifolius.var.telfairianus","Eurytonidae.sp1",0.1111111111
"M_075.1","Phyllanthus.phillyreifolius.var.telfairianus","Fannia.pusio.Wiedemann",0
"M_075.1","Phyllanthus.phillyreifolius.var.telfairianus","Gelechioidea.sp1",0
"M_075.1","Phyllanthus.phillyreifolius.var.telfairianus","Gelechioidea.sp2",0
"M_075.1","Phyllanthus.phillyreifolius.var.telfairianus","Gelechioidea.sp3",0
"M_075.1","Phyllanthus.phillyreifolius.var.telfairianus","Goniurellia.or.Dectodes.sp",0
"M_075.1","Phyllanthus.phillyreifolius.var.telfairianus","Graphomya.maculata.Scopoli",0
"M_075.1","Phyllanthus.phillyreifolius.var.telfairianus","Henotesia.narcissus.Fabricius",0
"M_075.1","Phyllanthus.phillyreifolius.var.telfairianus","Hippotion.eson.Cramer",0
"M_075.1","Phyllanthus.phillyreifolius.var.telfairianus","Homoneura.sp2",0
"M_075.1","Phyllanthus.phillyreifolius.var.telfairianus","Homoneura.sp3",0
"M_075.1","Phyllanthus.phillyreifolius.var.telfairianus","Hydrotaea.fuliginosa.Robineau.Desvoidy",0
"M_075.1","Phyllanthus.phillyreifolius.var.telfairianus","Ischiodon.aegyptius.Wiedemann",0
"M_075.1","Phyllanthus.phillyreifolius.var.telfairianus","Lecithoceridae.sp1",0
"M_075.1","Phyllanthus.phillyreifolius.var.telfairianus","Leptotes.pirithous.Linnaeus",0
"M_075.1","Phyllanthus.phillyreifolius.var.telfairianus","Limnophora.quaterna.Loew",0
"M_075.1","Phyllanthus.phillyreifolius.var.telfairianus","Lygaeidae.sp2",0
"M_075.1","Phyllanthus.phillyreifolius.var.telfairianus","Lygaeidae.sp3",0
"M_075.1","Phyllanthus.phillyreifolius.var.telfairianus","Lygaeidae.sp5",0
"M_075.1","Phyllanthus.phillyreifolius.var.telfairianus","Lygistorrhina.sp",0
"M_075.1","Phyllanthus.phillyreifolius.var.telfairianus","Macroglossum.milvus.Boisduval",0
"M_075.1","Phyllanthus.phillyreifolius.var.telfairianus","Mauritiborium.undulatus",0
"M_075.1","Phyllanthus.phillyreifolius.var.telfairianus","Melanagromyza.sojae.Zehntner",0
"M_075.1","Phyllanthus.phillyreifolius.var.telfairianus","Melanostoma.annulipes.Macquart",0
"M_075.1","Phyllanthus.phillyreifolius.var.telfairianus","Melanostoma.bituberculatum.Loew",0
"M_075.1","Phyllanthus.phillyreifolius.var.telfairianus","Miridae.sp1",0
"M_075.1","Phyllanthus.phillyreifolius.var.telfairianus","Mordellidae.sp1",0
"M_075.1","Phyllanthus.phillyreifolius.var.telfairianus","Mordellidae.sp2",0
"M_075.1","Phyllanthus.phillyreifolius.var.telfairianus","Mordellidae.sp3",0
"M_075.1","Phyllanthus.phillyreifolius.var.telfairianus","Musca.confiscata.Speiser",0
"M_075.1","Phyllanthus.phillyreifolius.var.telfairianus","Musca.domestica.Linnaeus",0.25
"M_075.1","Phyllanthus.phillyreifolius.var.telfairianus","Nacoleia.sp1",0
"M_075.1","Phyllanthus.phillyreifolius.var.telfairianus","Nacoleia.sp2",0
"M_075.1","Phyllanthus.phillyreifolius.var.telfairianus","Nitidulidae.sp1",0
"M_075.1","Phyllanthus.phillyreifolius.var.telfairianus","Nyctemera.insulare.Boisduval",0
"M_075.1","Phyllanthus.phillyreifolius.var.telfairianus","Ophyra.capensis.Wiedemann",0.2
"M_075.1","Phyllanthus.phillyreifolius.var.telfairianus","Orchisia.costata.Meigen",0
"M_075.1","Phyllanthus.phillyreifolius.var.telfairianus","Ornidia.obesa.Fabricius",0
"M_075.1","Phyllanthus.phillyreifolius.var.telfairianus","Orthellia.albigena.Stein",0
"M_075.1","Phyllanthus.phillyreifolius.var.telfairianus","Pachycerina.crinicornis.Thomson",0
"M_075.1","Phyllanthus.phillyreifolius.var.telfairianus","Palexorista.sp1",0
"M_075.1","Phyllanthus.phillyreifolius.var.telfairianus","Panara.naso.Fabricius",0
"M_075.1","Phyllanthus.phillyreifolius.var.telfairianus","Paragus.borbonicus.Macquart",0.1666666667
"M_075.1","Phyllanthus.phillyreifolius.var.telfairianus","Pelecophora.intemipta.All",0
"M_075.1","Phyllanthus.phillyreifolius.var.telfairianus","Phalanta.phalantha.Drury",0
"M_075.1","Phyllanthus.phillyreifolius.var.telfairianus","Pheidole.megacephala.Fabricius",0.5454545455
"M_075.1","Phyllanthus.phillyreifolius.var.telfairianus","Phelsuma.cepediana.Merrem",0
"M_075.1","Phyllanthus.phillyreifolius.var.telfairianus","Phorinia.sp",0.125
"M_075.1","Phyllanthus.phillyreifolius.var.telfairianus","Polistes.hebraeus.Fabricius",0
"M_075.1","Phyllanthus.phillyreifolius.var.telfairianus","Psyllidae.sp2",0
"M_075.1","Phyllanthus.phillyreifolius.var.telfairianus","Sapromyza.sp.near..nudiuscula.Lamb",0
"M_075.1","Phyllanthus.phillyreifolius.var.telfairianus","Sarcophaga.arno.Curran",0
"M_075.1","Phyllanthus.phillyreifolius.var.telfairianus","Scatopsidae.sp",0
"M_075.1","Phyllanthus.phillyreifolius.var.telfairianus","Scirtidae.sp1",0
"M_075.1","Phyllanthus.phillyreifolius.var.telfairianus","Scirtidae.sp2",0
"M_075.1","Phyllanthus.phillyreifolius.var.telfairianus","Scolia.carniflex.Coquillett",0
"M_075.1","Phyllanthus.phillyreifolius.var.telfairianus","Scopariinae.sp",0
"M_075.1","Phyllanthus.phillyreifolius.var.telfairianus","Simulium.Byssodon.sp2",0
"M_075.1","Phyllanthus.phillyreifolius.var.telfairianus","Siphona.sp",0
"M_075.1","Phyllanthus.phillyreifolius.var.telfairianus","Stomorhina.lunata.Fabricius",0
"M_075.1","Phyllanthus.phillyreifolius.var.telfairianus","Stomoxys.calcitrans.Linnaeus",0
"M_075.1","Phyllanthus.phillyreifolius.var.telfairianus","Stomoxys.niger.Macquart",0
"M_075.1","Phyllanthus.phillyreifolius.var.telfairianus","Syritta.bulbus.Walker",0
"M_075.1","Phyllanthus.phillyreifolius.var.telfairianus","Syritta.nigrofemorata.Macquart",0
"M_075.1","Phyllanthus.phillyreifolius.var.telfairianus","Syritta.spnear.abyssinica.Rondani",0
"M_075.1","Phyllanthus.phillyreifolius.var.telfairianus","Technomyrmex.albipes.Smith",2.364516129
"M_075.1","Phyllanthus.phillyreifolius.var.telfairianus","Thelairodrino.sp",0
"M_075.1","Phyllanthus.phillyreifolius.var.telfairianus","Thysanoplusia.orichalcea.Fabricius",0
"M_075.1","Phyllanthus.phillyreifolius.var.telfairianus","Villa.unifasciata.Macquart",0
"M_075.1","Phyllanthus.phillyreifolius.var.telfairianus","Zosterops.mauritianus.Gmelin",0
"M_075.1","Pittosporum.senacia","Agathidinae.sp",0
"M_075.1","Pittosporum.senacia","Ahasverus.advena.Waltle",0
"M_075.1","Pittosporum.senacia","Allograpta.nasuta.Marquart",0
"M_075.1","Pittosporum.senacia","Apis.mellifera.Linnaeus",0
"M_075.1","Pittosporum.senacia","Atherigona.orientalis.Schiner",0
"M_075.1","Pittosporum.senacia","Brachymyrmex.sp",0
"M_075.1","Pittosporum.senacia","Calopsilia.florella.Fabricius",0
"M_075.1","Pittosporum.senacia","Campopleginae.sp1",0
"M_075.1","Pittosporum.senacia","Cerambycidae.sp1",0
"M_075.1","Pittosporum.senacia","Cerambycidae.sp2",0
"M_075.1","Pittosporum.senacia","Cerambycidae.sp3",0
"M_075.1","Pittosporum.senacia","Ceratitis.roas.Karsch",0
"M_075.1","Pittosporum.senacia","Chaetocnema.sp1",0
"M_075.1","Pittosporum.senacia","Cheloninae.sp1",0
"M_075.1","Pittosporum.senacia","Cheloninae.sp3",0
"M_075.1","Pittosporum.senacia","Chrysomya.megacephala.Fabricius",0
"M_075.1","Pittosporum.senacia","Cixiidae.sp1",0
"M_075.1","Pittosporum.senacia","Cixiidae.sp2",0
"M_075.1","Pittosporum.senacia","Cotesia.sp1",0
"M_075.1","Pittosporum.senacia","Cratopus.psittacus.Faimaire",0
"M_075.1","Pittosporum.senacia","Cryptocephalinae.sp1",0
"M_075.1","Pittosporum.senacia","Dasytinae.sp1",0
"M_075.1","Pittosporum.senacia","Dioxyna.sororcula.Wiedemann",0
"M_075.1","Pittosporum.senacia","Diptera.sp2",0
"M_075.1","Pittosporum.senacia","Diptera.sp3",0
"M_075.1","Pittosporum.senacia","Dysauxes.florida.Joan",0
"M_075.1","Pittosporum.senacia","Episyrphus.sp.near.circularis.Hull",0
"M_075.1","Pittosporum.senacia","Eristalinus.flaveolus.Bigot",0
"M_075.1","Pittosporum.senacia","Eumolpinae.sp2",0
"M_075.1","Pittosporum.senacia","Eumolpinae.sp3",0
"M_075.1","Pittosporum.senacia","Eurytonidae.sp1",0
"M_075.1","Pittosporum.senacia","Fannia.pusio.Wiedemann",0
"M_075.1","Pittosporum.senacia","Gelechioidea.sp1",0
"M_075.1","Pittosporum.senacia","Gelechioidea.sp2",0
"M_075.1","Pittosporum.senacia","Gelechioidea.sp3",0
"M_075.1","Pittosporum.senacia","Goniurellia.or.Dectodes.sp",0
"M_075.1","Pittosporum.senacia","Graphomya.maculata.Scopoli",0
"M_075.1","Pittosporum.senacia","Henotesia.narcissus.Fabricius",0
"M_075.1","Pittosporum.senacia","Hippotion.eson.Cramer",0
"M_075.1","Pittosporum.senacia","Homoneura.sp2",0
"M_075.1","Pittosporum.senacia","Homoneura.sp3",0
"M_075.1","Pittosporum.senacia","Hydrotaea.fuliginosa.Robineau.Desvoidy",0
"M_075.1","Pittosporum.senacia","Ischiodon.aegyptius.Wiedemann",0
"M_075.1","Pittosporum.senacia","Lecithoceridae.sp1",0
"M_075.1","Pittosporum.senacia","Leptotes.pirithous.Linnaeus",0
"M_075.1","Pittosporum.senacia","Limnophora.quaterna.Loew",0
"M_075.1","Pittosporum.senacia","Lygaeidae.sp2",0
"M_075.1","Pittosporum.senacia","Lygaeidae.sp3",0
"M_075.1","Pittosporum.senacia","Lygaeidae.sp5",0
"M_075.1","Pittosporum.senacia","Lygistorrhina.sp",0
"M_075.1","Pittosporum.senacia","Macroglossum.milvus.Boisduval",0
"M_075.1","Pittosporum.senacia","Mauritiborium.undulatus",0
"M_075.1","Pittosporum.senacia","Melanagromyza.sojae.Zehntner",0
"M_075.1","Pittosporum.senacia","Melanostoma.annulipes.Macquart",0
"M_075.1","Pittosporum.senacia","Melanostoma.bituberculatum.Loew",0
"M_075.1","Pittosporum.senacia","Miridae.sp1",0
"M_075.1","Pittosporum.senacia","Mordellidae.sp1",0
"M_075.1","Pittosporum.senacia","Mordellidae.sp2",0
"M_075.1","Pittosporum.senacia","Mordellidae.sp3",0
"M_075.1","Pittosporum.senacia","Musca.confiscata.Speiser",0
"M_075.1","Pittosporum.senacia","Musca.domestica.Linnaeus",0
"M_075.1","Pittosporum.senacia","Nacoleia.sp1",0
"M_075.1","Pittosporum.senacia","Nacoleia.sp2",0
"M_075.1","Pittosporum.senacia","Nitidulidae.sp1",0
"M_075.1","Pittosporum.senacia","Nyctemera.insulare.Boisduval",0
"M_075.1","Pittosporum.senacia","Ophyra.capensis.Wiedemann",0
"M_075.1","Pittosporum.senacia","Orchisia.costata.Meigen",0
"M_075.1","Pittosporum.senacia","Ornidia.obesa.Fabricius",0
"M_075.1","Pittosporum.senacia","Orthellia.albigena.Stein",0
"M_075.1","Pittosporum.senacia","Pachycerina.crinicornis.Thomson",0
"M_075.1","Pittosporum.senacia","Palexorista.sp1",0
"M_075.1","Pittosporum.senacia","Panara.naso.Fabricius",0
"M_075.1","Pittosporum.senacia","Paragus.borbonicus.Macquart",0
"M_075.1","Pittosporum.senacia","Pelecophora.intemipta.All",0
"M_075.1","Pittosporum.senacia","Phalanta.phalantha.Drury",0
"M_075.1","Pittosporum.senacia","Pheidole.megacephala.Fabricius",0
"M_075.1","Pittosporum.senacia","Phelsuma.cepediana.Merrem",0
"M_075.1","Pittosporum.senacia","Phorinia.sp",0
"M_075.1","Pittosporum.senacia","Polistes.hebraeus.Fabricius",0
"M_075.1","Pittosporum.senacia","Psyllidae.sp2",0
"M_075.1","Pittosporum.senacia","Sapromyza.sp.near..nudiuscula.Lamb",0
"M_075.1","Pittosporum.senacia","Sarcophaga.arno.Curran",0
"M_075.1","Pittosporum.senacia","Scatopsidae.sp",0
"M_075.1","Pittosporum.senacia","Scirtidae.sp1",0
"M_075.1","Pittosporum.senacia","Scirtidae.sp2",0
"M_075.1","Pittosporum.senacia","Scolia.carniflex.Coquillett",0
"M_075.1","Pittosporum.senacia","Scopariinae.sp",0
"M_075.1","Pittosporum.senacia","Simulium.Byssodon.sp2",0
"M_075.1","Pittosporum.senacia","Siphona.sp",0
"M_075.1","Pittosporum.senacia","Stomorhina.lunata.Fabricius",0
"M_075.1","Pittosporum.senacia","Stomoxys.calcitrans.Linnaeus",0
"M_075.1","Pittosporum.senacia","Stomoxys.niger.Macquart",0
"M_075.1","Pittosporum.senacia","Syritta.bulbus.Walker",0
"M_075.1","Pittosporum.senacia","Syritta.nigrofemorata.Macquart",0
"M_075.1","Pittosporum.senacia","Syritta.spnear.abyssinica.Rondani",0
"M_075.1","Pittosporum.senacia","Technomyrmex.albipes.Smith",0
"M_075.1","Pittosporum.senacia","Thelairodrino.sp",0
"M_075.1","Pittosporum.senacia","Thysanoplusia.orichalcea.Fabricius",0
"M_075.1","Pittosporum.senacia","Villa.unifasciata.Macquart",0
"M_075.1","Pittosporum.senacia","Zosterops.mauritianus.Gmelin",0
"M_075.1","Psathura.terniflora","Agathidinae.sp",0
"M_075.1","Psathura.terniflora","Ahasverus.advena.Waltle",0
"M_075.1","Psathura.terniflora","Allograpta.nasuta.Marquart",0
"M_075.1","Psathura.terniflora","Apis.mellifera.Linnaeus",0
"M_075.1","Psathura.terniflora","Atherigona.orientalis.Schiner",0
"M_075.1","Psathura.terniflora","Brachymyrmex.sp",0
"M_075.1","Psathura.terniflora","Calopsilia.florella.Fabricius",0
"M_075.1","Psathura.terniflora","Campopleginae.sp1",0
"M_075.1","Psathura.terniflora","Cerambycidae.sp1",0
"M_075.1","Psathura.terniflora","Cerambycidae.sp2",0
"M_075.1","Psathura.terniflora","Cerambycidae.sp3",0
"M_075.1","Psathura.terniflora","Ceratitis.roas.Karsch",0
"M_075.1","Psathura.terniflora","Chaetocnema.sp1",0
"M_075.1","Psathura.terniflora","Cheloninae.sp1",0
"M_075.1","Psathura.terniflora","Cheloninae.sp3",0
"M_075.1","Psathura.terniflora","Chrysomya.megacephala.Fabricius",0
"M_075.1","Psathura.terniflora","Cixiidae.sp1",0
"M_075.1","Psathura.terniflora","Cixiidae.sp2",0
"M_075.1","Psathura.terniflora","Cotesia.sp1",0
"M_075.1","Psathura.terniflora","Cratopus.psittacus.Faimaire",0
"M_075.1","Psathura.terniflora","Cryptocephalinae.sp1",0
"M_075.1","Psathura.terniflora","Dasytinae.sp1",0
"M_075.1","Psathura.terniflora","Dioxyna.sororcula.Wiedemann",0
"M_075.1","Psathura.terniflora","Diptera.sp2",0
"M_075.1","Psathura.terniflora","Diptera.sp3",0
"M_075.1","Psathura.terniflora","Dysauxes.florida.Joan",1
"M_075.1","Psathura.terniflora","Episyrphus.sp.near.circularis.Hull",0
"M_075.1","Psathura.terniflora","Eristalinus.flaveolus.Bigot",0
"M_075.1","Psathura.terniflora","Eumolpinae.sp2",0
"M_075.1","Psathura.terniflora","Eumolpinae.sp3",0
"M_075.1","Psathura.terniflora","Eurytonidae.sp1",0
"M_075.1","Psathura.terniflora","Fannia.pusio.Wiedemann",0
"M_075.1","Psathura.terniflora","Gelechioidea.sp1",0
"M_075.1","Psathura.terniflora","Gelechioidea.sp2",0
"M_075.1","Psathura.terniflora","Gelechioidea.sp3",0
"M_075.1","Psathura.terniflora","Goniurellia.or.Dectodes.sp",0
"M_075.1","Psathura.terniflora","Graphomya.maculata.Scopoli",0
"M_075.1","Psathura.terniflora","Henotesia.narcissus.Fabricius",0
"M_075.1","Psathura.terniflora","Hippotion.eson.Cramer",0
"M_075.1","Psathura.terniflora","Homoneura.sp2",0
"M_075.1","Psathura.terniflora","Homoneura.sp3",0
"M_075.1","Psathura.terniflora","Hydrotaea.fuliginosa.Robineau.Desvoidy",0
"M_075.1","Psathura.terniflora","Ischiodon.aegyptius.Wiedemann",0
"M_075.1","Psathura.terniflora","Lecithoceridae.sp1",0
"M_075.1","Psathura.terniflora","Leptotes.pirithous.Linnaeus",0
"M_075.1","Psathura.terniflora","Limnophora.quaterna.Loew",0
"M_075.1","Psathura.terniflora","Lygaeidae.sp2",0
"M_075.1","Psathura.terniflora","Lygaeidae.sp3",0
"M_075.1","Psathura.terniflora","Lygaeidae.sp5",0
"M_075.1","Psathura.terniflora","Lygistorrhina.sp",0
"M_075.1","Psathura.terniflora","Macroglossum.milvus.Boisduval",0
"M_075.1","Psathura.terniflora","Mauritiborium.undulatus",0
"M_075.1","Psathura.terniflora","Melanagromyza.sojae.Zehntner",0
"M_075.1","Psathura.terniflora","Melanostoma.annulipes.Macquart",0
"M_075.1","Psathura.terniflora","Melanostoma.bituberculatum.Loew",0
"M_075.1","Psathura.terniflora","Miridae.sp1",0
"M_075.1","Psathura.terniflora","Mordellidae.sp1",0
"M_075.1","Psathura.terniflora","Mordellidae.sp2",0
"M_075.1","Psathura.terniflora","Mordellidae.sp3",0
"M_075.1","Psathura.terniflora","Musca.confiscata.Speiser",0
"M_075.1","Psathura.terniflora","Musca.domestica.Linnaeus",0
"M_075.1","Psathura.terniflora","Nacoleia.sp1",0
"M_075.1","Psathura.terniflora","Nacoleia.sp2",0
"M_075.1","Psathura.terniflora","Nitidulidae.sp1",0
"M_075.1","Psathura.terniflora","Nyctemera.insulare.Boisduval",0
"M_075.1","Psathura.terniflora","Ophyra.capensis.Wiedemann",0
"M_075.1","Psathura.terniflora","Orchisia.costata.Meigen",0
"M_075.1","Psathura.terniflora","Ornidia.obesa.Fabricius",0
"M_075.1","Psathura.terniflora","Orthellia.albigena.Stein",0
"M_075.1","Psathura.terniflora","Pachycerina.crinicornis.Thomson",0
"M_075.1","Psathura.terniflora","Palexorista.sp1",0
"M_075.1","Psathura.terniflora","Panara.naso.Fabricius",0
"M_075.1","Psathura.terniflora","Paragus.borbonicus.Macquart",0
"M_075.1","Psathura.terniflora","Pelecophora.intemipta.All",0
"M_075.1","Psathura.terniflora","Phalanta.phalantha.Drury",0
"M_075.1","Psathura.terniflora","Pheidole.megacephala.Fabricius",0
"M_075.1","Psathura.terniflora","Phelsuma.cepediana.Merrem",0
"M_075.1","Psathura.terniflora","Phorinia.sp",0
"M_075.1","Psathura.terniflora","Polistes.hebraeus.Fabricius",0
"M_075.1","Psathura.terniflora","Psyllidae.sp2",0
"M_075.1","Psathura.terniflora","Sapromyza.sp.near..nudiuscula.Lamb",0
"M_075.1","Psathura.terniflora","Sarcophaga.arno.Curran",0
"M_075.1","Psathura.terniflora","Scatopsidae.sp",0
"M_075.1","Psathura.terniflora","Scirtidae.sp1",0
"M_075.1","Psathura.terniflora","Scirtidae.sp2",0
"M_075.1","Psathura.terniflora","Scolia.carniflex.Coquillett",0
"M_075.1","Psathura.terniflora","Scopariinae.sp",0
"M_075.1","Psathura.terniflora","Simulium.Byssodon.sp2",0
"M_075.1","Psathura.terniflora","Siphona.sp",0
"M_075.1","Psathura.terniflora","Stomorhina.lunata.Fabricius",0
"M_075.1","Psathura.terniflora","Stomoxys.calcitrans.Linnaeus",0
"M_075.1","Psathura.terniflora","Stomoxys.niger.Macquart",0
"M_075.1","Psathura.terniflora","Syritta.bulbus.Walker",0
"M_075.1","Psathura.terniflora","Syritta.nigrofemorata.Macquart",0
"M_075.1","Psathura.terniflora","Syritta.spnear.abyssinica.Rondani",0
"M_075.1","Psathura.terniflora","Technomyrmex.albipes.Smith",0
"M_075.1","Psathura.terniflora","Thelairodrino.sp",0
"M_075.1","Psathura.terniflora","Thysanoplusia.orichalcea.Fabricius",0
"M_075.1","Psathura.terniflora","Villa.unifasciata.Macquart",9
"M_075.1","Psathura.terniflora","Zosterops.mauritianus.Gmelin",0
"M_075.1","Psiadia.terebinthina","Agathidinae.sp",0
"M_075.1","Psiadia.terebinthina","Ahasverus.advena.Waltle",0.0317460317
"M_075.1","Psiadia.terebinthina","Allograpta.nasuta.Marquart",0.2777777778
"M_075.1","Psiadia.terebinthina","Apis.mellifera.Linnaeus",1.0095238095
"M_075.1","Psiadia.terebinthina","Atherigona.orientalis.Schiner",0
"M_075.1","Psiadia.terebinthina","Brachymyrmex.sp",3.5964912281
"M_075.1","Psiadia.terebinthina","Calopsilia.florella.Fabricius",0
"M_075.1","Psiadia.terebinthina","Campopleginae.sp1",0
"M_075.1","Psiadia.terebinthina","Cerambycidae.sp1",0.1631016043
"M_075.1","Psiadia.terebinthina","Cerambycidae.sp2",0
"M_075.1","Psiadia.terebinthina","Cerambycidae.sp3",0
"M_075.1","Psiadia.terebinthina","Ceratitis.roas.Karsch",0.3333333333
"M_075.1","Psiadia.terebinthina","Chaetocnema.sp1",2.7408080808
"M_075.1","Psiadia.terebinthina","Cheloninae.sp1",0
"M_075.1","Psiadia.terebinthina","Cheloninae.sp3",0
"M_075.1","Psiadia.terebinthina","Chrysomya.megacephala.Fabricius",0.1555555556
"M_075.1","Psiadia.terebinthina","Cixiidae.sp1",0
"M_075.1","Psiadia.terebinthina","Cixiidae.sp2",0
"M_075.1","Psiadia.terebinthina","Cotesia.sp1",0
"M_075.1","Psiadia.terebinthina","Cratopus.psittacus.Faimaire",0
"M_075.1","Psiadia.terebinthina","Cryptocephalinae.sp1",0
"M_075.1","Psiadia.terebinthina","Dasytinae.sp1",0
"M_075.1","Psiadia.terebinthina","Dioxyna.sororcula.Wiedemann",1.0987012987
"M_075.1","Psiadia.terebinthina","Diptera.sp2",0
"M_075.1","Psiadia.terebinthina","Diptera.sp3",0
"M_075.1","Psiadia.terebinthina","Dysauxes.florida.Joan",2.8716450216
"M_075.1","Psiadia.terebinthina","Episyrphus.sp.near.circularis.Hull",0.0222222222
"M_075.1","Psiadia.terebinthina","Eristalinus.flaveolus.Bigot",0
"M_075.1","Psiadia.terebinthina","Eumolpinae.sp2",0
"M_075.1","Psiadia.terebinthina","Eumolpinae.sp3",0
"M_075.1","Psiadia.terebinthina","Eurytonidae.sp1",0
"M_075.1","Psiadia.terebinthina","Fannia.pusio.Wiedemann",0
"M_075.1","Psiadia.terebinthina","Gelechioidea.sp1",0
"M_075.1","Psiadia.terebinthina","Gelechioidea.sp2",0.0526315789
"M_075.1","Psiadia.terebinthina","Gelechioidea.sp3",0
"M_075.1","Psiadia.terebinthina","Goniurellia.or.Dectodes.sp",0.2818181818
"M_075.1","Psiadia.terebinthina","Graphomya.maculata.Scopoli",0
"M_075.1","Psiadia.terebinthina","Henotesia.narcissus.Fabricius",0
"M_075.1","Psiadia.terebinthina","Hippotion.eson.Cramer",0
"M_075.1","Psiadia.terebinthina","Homoneura.sp2",0
"M_075.1","Psiadia.terebinthina","Homoneura.sp3",0
"M_075.1","Psiadia.terebinthina","Hydrotaea.fuliginosa.Robineau.Desvoidy",0
"M_075.1","Psiadia.terebinthina","Ischiodon.aegyptius.Wiedemann",0
"M_075.1","Psiadia.terebinthina","Lecithoceridae.sp1",0.3333333333
"M_075.1","Psiadia.terebinthina","Leptotes.pirithous.Linnaeus",0.1
"M_075.1","Psiadia.terebinthina","Limnophora.quaterna.Loew",0
"M_075.1","Psiadia.terebinthina","Lygaeidae.sp2",0
"M_075.1","Psiadia.terebinthina","Lygaeidae.sp3",0
"M_075.1","Psiadia.terebinthina","Lygaeidae.sp5",2.1571428571
"M_075.1","Psiadia.terebinthina","Lygistorrhina.sp",0.4333333333
"M_075.1","Psiadia.terebinthina","Macroglossum.milvus.Boisduval",0
"M_075.1","Psiadia.terebinthina","Mauritiborium.undulatus",0.2428571429
"M_075.1","Psiadia.terebinthina","Melanagromyza.sojae.Zehntner",0
"M_075.1","Psiadia.terebinthina","Melanostoma.annulipes.Macquart",0.4285714286
"M_075.1","Psiadia.terebinthina","Melanostoma.bituberculatum.Loew",0.08
"M_075.1","Psiadia.terebinthina","Miridae.sp1",0.0317460317
"M_075.1","Psiadia.terebinthina","Mordellidae.sp1",0.0714285714
"M_075.1","Psiadia.terebinthina","Mordellidae.sp2",0
"M_075.1","Psiadia.terebinthina","Mordellidae.sp3",0
"M_075.1","Psiadia.terebinthina","Musca.confiscata.Speiser",0
"M_075.1","Psiadia.terebinthina","Musca.domestica.Linnaeus",0.08
"M_075.1","Psiadia.terebinthina","Nacoleia.sp1",1.3
"M_075.1","Psiadia.terebinthina","Nacoleia.sp2",0.619047619
"M_075.1","Psiadia.terebinthina","Nitidulidae.sp1",0
"M_075.1","Psiadia.terebinthina","Nyctemera.insulare.Boisduval",0
"M_075.1","Psiadia.terebinthina","Ophyra.capensis.Wiedemann",0.3333333333
"M_075.1","Psiadia.terebinthina","Orchisia.costata.Meigen",0.3333333333
"M_075.1","Psiadia.terebinthina","Ornidia.obesa.Fabricius",0.05
"M_075.1","Psiadia.terebinthina","Orthellia.albigena.Stein",0
"M_075.1","Psiadia.terebinthina","Pachycerina.crinicornis.Thomson",0.8261904762
"M_075.1","Psiadia.terebinthina","Palexorista.sp1",0
"M_075.1","Psiadia.terebinthina","Panara.naso.Fabricius",0.1
"M_075.1","Psiadia.terebinthina","Paragus.borbonicus.Macquart",0
"M_075.1","Psiadia.terebinthina","Pelecophora.intemipta.All",0
"M_075.1","Psiadia.terebinthina","Phalanta.phalantha.Drury",0
"M_075.1","Psiadia.terebinthina","Pheidole.megacephala.Fabricius",0
"M_075.1","Psiadia.terebinthina","Phelsuma.cepediana.Merrem",0
"M_075.1","Psiadia.terebinthina","Phorinia.sp",0
"M_075.1","Psiadia.terebinthina","Polistes.hebraeus.Fabricius",0
"M_075.1","Psiadia.terebinthina","Psyllidae.sp2",0
"M_075.1","Psiadia.terebinthina","Sapromyza.sp.near..nudiuscula.Lamb",0
"M_075.1","Psiadia.terebinthina","Sarcophaga.arno.Curran",0
"M_075.1","Psiadia.terebinthina","Scatopsidae.sp",0
"M_075.1","Psiadia.terebinthina","Scirtidae.sp1",0
"M_075.1","Psiadia.terebinthina","Scirtidae.sp2",0
"M_075.1","Psiadia.terebinthina","Scolia.carniflex.Coquillett",0.0571428571
"M_075.1","Psiadia.terebinthina","Scopariinae.sp",0
"M_075.1","Psiadia.terebinthina","Simulium.Byssodon.sp2",0
"M_075.1","Psiadia.terebinthina","Siphona.sp",0
"M_075.1","Psiadia.terebinthina","Stomorhina.lunata.Fabricius",3.3122145828
"M_075.1","Psiadia.terebinthina","Stomoxys.calcitrans.Linnaeus",0.8484848485
"M_075.1","Psiadia.terebinthina","Stomoxys.niger.Macquart",0.9285714286
"M_075.1","Psiadia.terebinthina","Syritta.bulbus.Walker",0.4
"M_075.1","Psiadia.terebinthina","Syritta.nigrofemorata.Macquart",0.2333333333
"M_075.1","Psiadia.terebinthina","Syritta.spnear.abyssinica.Rondani",0
"M_075.1","Psiadia.terebinthina","Technomyrmex.albipes.Smith",0.0588235294
"M_075.1","Psiadia.terebinthina","Thelairodrino.sp",0
"M_075.1","Psiadia.terebinthina","Thysanoplusia.orichalcea.Fabricius",0
"M_075.1","Psiadia.terebinthina","Villa.unifasciata.Macquart",0.8634920635
"M_075.1","Psiadia.terebinthina","Zosterops.mauritianus.Gmelin",0
"M_075.1","Psidium.cattleianum","Agathidinae.sp",0
"M_075.1","Psidium.cattleianum","Ahasverus.advena.Waltle",0
"M_075.1","Psidium.cattleianum","Allograpta.nasuta.Marquart",1.05
"M_075.1","Psidium.cattleianum","Apis.mellifera.Linnaeus",1.8
"M_075.1","Psidium.cattleianum","Atherigona.orientalis.Schiner",0
"M_075.1","Psidium.cattleianum","Brachymyrmex.sp",0
"M_075.1","Psidium.cattleianum","Calopsilia.florella.Fabricius",0
"M_075.1","Psidium.cattleianum","Campopleginae.sp1",0
"M_075.1","Psidium.cattleianum","Cerambycidae.sp1",0
"M_075.1","Psidium.cattleianum","Cerambycidae.sp2",0
"M_075.1","Psidium.cattleianum","Cerambycidae.sp3",0
"M_075.1","Psidium.cattleianum","Ceratitis.roas.Karsch",0
"M_075.1","Psidium.cattleianum","Chaetocnema.sp1",5.480952381
"M_075.1","Psidium.cattleianum","Cheloninae.sp1",0
"M_075.1","Psidium.cattleianum","Cheloninae.sp3",0
"M_075.1","Psidium.cattleianum","Chrysomya.megacephala.Fabricius",0.5
"M_075.1","Psidium.cattleianum","Cixiidae.sp1",0
"M_075.1","Psidium.cattleianum","Cixiidae.sp2",0
"M_075.1","Psidium.cattleianum","Cotesia.sp1",0
"M_075.1","Psidium.cattleianum","Cratopus.psittacus.Faimaire",0
"M_075.1","Psidium.cattleianum","Cryptocephalinae.sp1",0
"M_075.1","Psidium.cattleianum","Dasytinae.sp1",0
"M_075.1","Psidium.cattleianum","Dioxyna.sororcula.Wiedemann",0.2
"M_075.1","Psidium.cattleianum","Diptera.sp2",0
"M_075.1","Psidium.cattleianum","Diptera.sp3",0
"M_075.1","Psidium.cattleianum","Dysauxes.florida.Joan",0
"M_075.1","Psidium.cattleianum","Episyrphus.sp.near.circularis.Hull",0
"M_075.1","Psidium.cattleianum","Eristalinus.flaveolus.Bigot",0.9523809524
"M_075.1","Psidium.cattleianum","Eumolpinae.sp2",0
"M_075.1","Psidium.cattleianum","Eumolpinae.sp3",0
"M_075.1","Psidium.cattleianum","Eurytonidae.sp1",0
"M_075.1","Psidium.cattleianum","Fannia.pusio.Wiedemann",0
"M_075.1","Psidium.cattleianum","Gelechioidea.sp1",0
"M_075.1","Psidium.cattleianum","Gelechioidea.sp2",0
"M_075.1","Psidium.cattleianum","Gelechioidea.sp3",0
"M_075.1","Psidium.cattleianum","Goniurellia.or.Dectodes.sp",0
"M_075.1","Psidium.cattleianum","Graphomya.maculata.Scopoli",0
"M_075.1","Psidium.cattleianum","Henotesia.narcissus.Fabricius",0
"M_075.1","Psidium.cattleianum","Hippotion.eson.Cramer",0
"M_075.1","Psidium.cattleianum","Homoneura.sp2",0
"M_075.1","Psidium.cattleianum","Homoneura.sp3",0
"M_075.1","Psidium.cattleianum","Hydrotaea.fuliginosa.Robineau.Desvoidy",0
"M_075.1","Psidium.cattleianum","Ischiodon.aegyptius.Wiedemann",0.6857142857
"M_075.1","Psidium.cattleianum","Lecithoceridae.sp1",0
"M_075.1","Psidium.cattleianum","Leptotes.pirithous.Linnaeus",0
"M_075.1","Psidium.cattleianum","Limnophora.quaterna.Loew",0
"M_075.1","Psidium.cattleianum","Lygaeidae.sp2",0
"M_075.1","Psidium.cattleianum","Lygaeidae.sp3",0
"M_075.1","Psidium.cattleianum","Lygaeidae.sp5",0
"M_075.1","Psidium.cattleianum","Lygistorrhina.sp",0
"M_075.1","Psidium.cattleianum","Macroglossum.milvus.Boisduval",0
"M_075.1","Psidium.cattleianum","Mauritiborium.undulatus",0
"M_075.1","Psidium.cattleianum","Melanagromyza.sojae.Zehntner",0
"M_075.1","Psidium.cattleianum","Melanostoma.annulipes.Macquart",0
"M_075.1","Psidium.cattleianum","Melanostoma.bituberculatum.Loew",0
"M_075.1","Psidium.cattleianum","Miridae.sp1",0
"M_075.1","Psidium.cattleianum","Mordellidae.sp1",0
"M_075.1","Psidium.cattleianum","Mordellidae.sp2",0
"M_075.1","Psidium.cattleianum","Mordellidae.sp3",0
"M_075.1","Psidium.cattleianum","Musca.confiscata.Speiser",0
"M_075.1","Psidium.cattleianum","Musca.domestica.Linnaeus",0
"M_075.1","Psidium.cattleianum","Nacoleia.sp1",0
"M_075.1","Psidium.cattleianum","Nacoleia.sp2",0
"M_075.1","Psidium.cattleianum","Nitidulidae.sp1",0
"M_075.1","Psidium.cattleianum","Nyctemera.insulare.Boisduval",0
"M_075.1","Psidium.cattleianum","Ophyra.capensis.Wiedemann",0
"M_075.1","Psidium.cattleianum","Orchisia.costata.Meigen",0
"M_075.1","Psidium.cattleianum","Ornidia.obesa.Fabricius",0
"M_075.1","Psidium.cattleianum","Orthellia.albigena.Stein",0
"M_075.1","Psidium.cattleianum","Pachycerina.crinicornis.Thomson",0.4
"M_075.1","Psidium.cattleianum","Palexorista.sp1",0
"M_075.1","Psidium.cattleianum","Panara.naso.Fabricius",0
"M_075.1","Psidium.cattleianum","Paragus.borbonicus.Macquart",0
"M_075.1","Psidium.cattleianum","Pelecophora.intemipta.All",0
"M_075.1","Psidium.cattleianum","Phalanta.phalantha.Drury",0
"M_075.1","Psidium.cattleianum","Pheidole.megacephala.Fabricius",0
"M_075.1","Psidium.cattleianum","Phelsuma.cepediana.Merrem",0
"M_075.1","Psidium.cattleianum","Phorinia.sp",0
"M_075.1","Psidium.cattleianum","Polistes.hebraeus.Fabricius",0.2222222222
"M_075.1","Psidium.cattleianum","Psyllidae.sp2",0
"M_075.1","Psidium.cattleianum","Sapromyza.sp.near..nudiuscula.Lamb",0
"M_075.1","Psidium.cattleianum","Sarcophaga.arno.Curran",0
"M_075.1","Psidium.cattleianum","Scatopsidae.sp",0
"M_075.1","Psidium.cattleianum","Scirtidae.sp1",0
"M_075.1","Psidium.cattleianum","Scirtidae.sp2",0
"M_075.1","Psidium.cattleianum","Scolia.carniflex.Coquillett",0
"M_075.1","Psidium.cattleianum","Scopariinae.sp",0
"M_075.1","Psidium.cattleianum","Simulium.Byssodon.sp2",0
"M_075.1","Psidium.cattleianum","Siphona.sp",0
"M_075.1","Psidium.cattleianum","Stomorhina.lunata.Fabricius",0.7222222222
"M_075.1","Psidium.cattleianum","Stomoxys.calcitrans.Linnaeus",0
"M_075.1","Psidium.cattleianum","Stomoxys.niger.Macquart",0
"M_075.1","Psidium.cattleianum","Syritta.bulbus.Walker",0
"M_075.1","Psidium.cattleianum","Syritta.nigrofemorata.Macquart",0
"M_075.1","Psidium.cattleianum","Syritta.spnear.abyssinica.Rondani",0
"M_075.1","Psidium.cattleianum","Technomyrmex.albipes.Smith",0
"M_075.1","Psidium.cattleianum","Thelairodrino.sp",0
"M_075.1","Psidium.cattleianum","Thysanoplusia.orichalcea.Fabricius",0
"M_075.1","Psidium.cattleianum","Villa.unifasciata.Macquart",3.2
"M_075.1","Psidium.cattleianum","Zosterops.mauritianus.Gmelin",0
"M_075.1","Rubus.alcefolius","Agathidinae.sp",0
"M_075.1","Rubus.alcefolius","Ahasverus.advena.Waltle",0
"M_075.1","Rubus.alcefolius","Allograpta.nasuta.Marquart",0
"M_075.1","Rubus.alcefolius","Apis.mellifera.Linnaeus",1.3
"M_075.1","Rubus.alcefolius","Atherigona.orientalis.Schiner",0
"M_075.1","Rubus.alcefolius","Brachymyrmex.sp",0
"M_075.1","Rubus.alcefolius","Calopsilia.florella.Fabricius",0
"M_075.1","Rubus.alcefolius","Campopleginae.sp1",0
"M_075.1","Rubus.alcefolius","Cerambycidae.sp1",0
"M_075.1","Rubus.alcefolius","Cerambycidae.sp2",0
"M_075.1","Rubus.alcefolius","Cerambycidae.sp3",0
"M_075.1","Rubus.alcefolius","Ceratitis.roas.Karsch",0
"M_075.1","Rubus.alcefolius","Chaetocnema.sp1",0
"M_075.1","Rubus.alcefolius","Cheloninae.sp1",0
"M_075.1","Rubus.alcefolius","Cheloninae.sp3",0
"M_075.1","Rubus.alcefolius","Chrysomya.megacephala.Fabricius",0
"M_075.1","Rubus.alcefolius","Cixiidae.sp1",0
"M_075.1","Rubus.alcefolius","Cixiidae.sp2",0
"M_075.1","Rubus.alcefolius","Cotesia.sp1",0
"M_075.1","Rubus.alcefolius","Cratopus.psittacus.Faimaire",0
"M_075.1","Rubus.alcefolius","Cryptocephalinae.sp1",0
"M_075.1","Rubus.alcefolius","Dasytinae.sp1",0
"M_075.1","Rubus.alcefolius","Dioxyna.sororcula.Wiedemann",0
"M_075.1","Rubus.alcefolius","Diptera.sp2",0
"M_075.1","Rubus.alcefolius","Diptera.sp3",0
"M_075.1","Rubus.alcefolius","Dysauxes.florida.Joan",0
"M_075.1","Rubus.alcefolius","Episyrphus.sp.near.circularis.Hull",0
"M_075.1","Rubus.alcefolius","Eristalinus.flaveolus.Bigot",0
"M_075.1","Rubus.alcefolius","Eumolpinae.sp2",0
"M_075.1","Rubus.alcefolius","Eumolpinae.sp3",0
"M_075.1","Rubus.alcefolius","Eurytonidae.sp1",0
"M_075.1","Rubus.alcefolius","Fannia.pusio.Wiedemann",0
"M_075.1","Rubus.alcefolius","Gelechioidea.sp1",0
"M_075.1","Rubus.alcefolius","Gelechioidea.sp2",0
"M_075.1","Rubus.alcefolius","Gelechioidea.sp3",0
"M_075.1","Rubus.alcefolius","Goniurellia.or.Dectodes.sp",0
"M_075.1","Rubus.alcefolius","Graphomya.maculata.Scopoli",0
"M_075.1","Rubus.alcefolius","Henotesia.narcissus.Fabricius",0
"M_075.1","Rubus.alcefolius","Hippotion.eson.Cramer",0
"M_075.1","Rubus.alcefolius","Homoneura.sp2",0
"M_075.1","Rubus.alcefolius","Homoneura.sp3",0
"M_075.1","Rubus.alcefolius","Hydrotaea.fuliginosa.Robineau.Desvoidy",0
"M_075.1","Rubus.alcefolius","Ischiodon.aegyptius.Wiedemann",0
"M_075.1","Rubus.alcefolius","Lecithoceridae.sp1",0
"M_075.1","Rubus.alcefolius","Leptotes.pirithous.Linnaeus",0
"M_075.1","Rubus.alcefolius","Limnophora.quaterna.Loew",0
"M_075.1","Rubus.alcefolius","Lygaeidae.sp2",0
"M_075.1","Rubus.alcefolius","Lygaeidae.sp3",0
"M_075.1","Rubus.alcefolius","Lygaeidae.sp5",0
"M_075.1","Rubus.alcefolius","Lygistorrhina.sp",0
"M_075.1","Rubus.alcefolius","Macroglossum.milvus.Boisduval",0
"M_075.1","Rubus.alcefolius","Mauritiborium.undulatus",0
"M_075.1","Rubus.alcefolius","Melanagromyza.sojae.Zehntner",0
"M_075.1","Rubus.alcefolius","Melanostoma.annulipes.Macquart",0
"M_075.1","Rubus.alcefolius","Melanostoma.bituberculatum.Loew",0
"M_075.1","Rubus.alcefolius","Miridae.sp1",0
"M_075.1","Rubus.alcefolius","Mordellidae.sp1",0
"M_075.1","Rubus.alcefolius","Mordellidae.sp2",0
"M_075.1","Rubus.alcefolius","Mordellidae.sp3",0
"M_075.1","Rubus.alcefolius","Musca.confiscata.Speiser",0
"M_075.1","Rubus.alcefolius","Musca.domestica.Linnaeus",0
"M_075.1","Rubus.alcefolius","Nacoleia.sp1",0
"M_075.1","Rubus.alcefolius","Nacoleia.sp2",0
"M_075.1","Rubus.alcefolius","Nitidulidae.sp1",0
"M_075.1","Rubus.alcefolius","Nyctemera.insulare.Boisduval",0
"M_075.1","Rubus.alcefolius","Ophyra.capensis.Wiedemann",0
"M_075.1","Rubus.alcefolius","Orchisia.costata.Meigen",0
"M_075.1","Rubus.alcefolius","Ornidia.obesa.Fabricius",0
"M_075.1","Rubus.alcefolius","Orthellia.albigena.Stein",0
"M_075.1","Rubus.alcefolius","Pachycerina.crinicornis.Thomson",0
"M_075.1","Rubus.alcefolius","Palexorista.sp1",0
"M_075.1","Rubus.alcefolius","Panara.naso.Fabricius",0
"M_075.1","Rubus.alcefolius","Paragus.borbonicus.Macquart",1
"M_075.1","Rubus.alcefolius","Pelecophora.intemipta.All",0
"M_075.1","Rubus.alcefolius","Phalanta.phalantha.Drury",0
"M_075.1","Rubus.alcefolius","Pheidole.megacephala.Fabricius",0
"M_075.1","Rubus.alcefolius","Phelsuma.cepediana.Merrem",0
"M_075.1","Rubus.alcefolius","Phorinia.sp",0
"M_075.1","Rubus.alcefolius","Polistes.hebraeus.Fabricius",0.5833333333
"M_075.1","Rubus.alcefolius","Psyllidae.sp2",0
"M_075.1","Rubus.alcefolius","Sapromyza.sp.near..nudiuscula.Lamb",0
"M_075.1","Rubus.alcefolius","Sarcophaga.arno.Curran",0
"M_075.1","Rubus.alcefolius","Scatopsidae.sp",0
"M_075.1","Rubus.alcefolius","Scirtidae.sp1",0
"M_075.1","Rubus.alcefolius","Scirtidae.sp2",0
"M_075.1","Rubus.alcefolius","Scolia.carniflex.Coquillett",0
"M_075.1","Rubus.alcefolius","Scopariinae.sp",0
"M_075.1","Rubus.alcefolius","Simulium.Byssodon.sp2",0
"M_075.1","Rubus.alcefolius","Siphona.sp",0
"M_075.1","Rubus.alcefolius","Stomorhina.lunata.Fabricius",0
"M_075.1","Rubus.alcefolius","Stomoxys.calcitrans.Linnaeus",0
"M_075.1","Rubus.alcefolius","Stomoxys.niger.Macquart",0
"M_075.1","Rubus.alcefolius","Syritta.bulbus.Walker",0
"M_075.1","Rubus.alcefolius","Syritta.nigrofemorata.Macquart",0
"M_075.1","Rubus.alcefolius","Syritta.spnear.abyssinica.Rondani",0
"M_075.1","Rubus.alcefolius","Technomyrmex.albipes.Smith",1.5
"M_075.1","Rubus.alcefolius","Thelairodrino.sp",0
"M_075.1","Rubus.alcefolius","Thysanoplusia.orichalcea.Fabricius",0
"M_075.1","Rubus.alcefolius","Villa.unifasciata.Macquart",0
"M_075.1","Rubus.alcefolius","Zosterops.mauritianus.Gmelin",0
"M_075.1","Sideroxylon.cinereum","Agathidinae.sp",0
"M_075.1","Sideroxylon.cinereum","Ahasverus.advena.Waltle",0
"M_075.1","Sideroxylon.cinereum","Allograpta.nasuta.Marquart",0.075
"M_075.1","Sideroxylon.cinereum","Apis.mellifera.Linnaeus",8.8642059695
"M_075.1","Sideroxylon.cinereum","Atherigona.orientalis.Schiner",0
"M_075.1","Sideroxylon.cinereum","Brachymyrmex.sp",0
"M_075.1","Sideroxylon.cinereum","Calopsilia.florella.Fabricius",0
"M_075.1","Sideroxylon.cinereum","Campopleginae.sp1",0
"M_075.1","Sideroxylon.cinereum","Cerambycidae.sp1",0
"M_075.1","Sideroxylon.cinereum","Cerambycidae.sp2",0
"M_075.1","Sideroxylon.cinereum","Cerambycidae.sp3",0
"M_075.1","Sideroxylon.cinereum","Ceratitis.roas.Karsch",0
"M_075.1","Sideroxylon.cinereum","Chaetocnema.sp1",0.08
"M_075.1","Sideroxylon.cinereum","Cheloninae.sp1",0
"M_075.1","Sideroxylon.cinereum","Cheloninae.sp3",0
"M_075.1","Sideroxylon.cinereum","Chrysomya.megacephala.Fabricius",0.4078571429
"M_075.1","Sideroxylon.cinereum","Cixiidae.sp1",0
"M_075.1","Sideroxylon.cinereum","Cixiidae.sp2",0
"M_075.1","Sideroxylon.cinereum","Cotesia.sp1",0
"M_075.1","Sideroxylon.cinereum","Cratopus.psittacus.Faimaire",0
"M_075.1","Sideroxylon.cinereum","Cryptocephalinae.sp1",0
"M_075.1","Sideroxylon.cinereum","Dasytinae.sp1",0
"M_075.1","Sideroxylon.cinereum","Dioxyna.sororcula.Wiedemann",0
"M_075.1","Sideroxylon.cinereum","Diptera.sp2",0
"M_075.1","Sideroxylon.cinereum","Diptera.sp3",0
"M_075.1","Sideroxylon.cinereum","Dysauxes.florida.Joan",0.18
"M_075.1","Sideroxylon.cinereum","Episyrphus.sp.near.circularis.Hull",0.0333333333
"M_075.1","Sideroxylon.cinereum","Eristalinus.flaveolus.Bigot",0.0583333333
"M_075.1","Sideroxylon.cinereum","Eumolpinae.sp2",0
"M_075.1","Sideroxylon.cinereum","Eumolpinae.sp3",0
"M_075.1","Sideroxylon.cinereum","Eurytonidae.sp1",0
"M_075.1","Sideroxylon.cinereum","Fannia.pusio.Wiedemann",3.0355627706
"M_075.1","Sideroxylon.cinereum","Gelechioidea.sp1",0
"M_075.1","Sideroxylon.cinereum","Gelechioidea.sp2",0.08
"M_075.1","Sideroxylon.cinereum","Gelechioidea.sp3",0
"M_075.1","Sideroxylon.cinereum","Goniurellia.or.Dectodes.sp",0
"M_075.1","Sideroxylon.cinereum","Graphomya.maculata.Scopoli",0
"M_075.1","Sideroxylon.cinereum","Henotesia.narcissus.Fabricius",0.3028571429
"M_075.1","Sideroxylon.cinereum","Hippotion.eson.Cramer",0
"M_075.1","Sideroxylon.cinereum","Homoneura.sp2",0
"M_075.1","Sideroxylon.cinereum","Homoneura.sp3",0.08
"M_075.1","Sideroxylon.cinereum","Hydrotaea.fuliginosa.Robineau.Desvoidy",0
"M_075.1","Sideroxylon.cinereum","Ischiodon.aegyptius.Wiedemann",0
"M_075.1","Sideroxylon.cinereum","Lecithoceridae.sp1",0.08
"M_075.1","Sideroxylon.cinereum","Leptotes.pirithous.Linnaeus",0
"M_075.1","Sideroxylon.cinereum","Limnophora.quaterna.Loew",0.08
"M_075.1","Sideroxylon.cinereum","Lygaeidae.sp2",0
"M_075.1","Sideroxylon.cinereum","Lygaeidae.sp3",0
"M_075.1","Sideroxylon.cinereum","Lygaeidae.sp5",0
"M_075.1","Sideroxylon.cinereum","Lygistorrhina.sp",0
"M_075.1","Sideroxylon.cinereum","Macroglossum.milvus.Boisduval",0
"M_075.1","Sideroxylon.cinereum","Mauritiborium.undulatus",0
"M_075.1","Sideroxylon.cinereum","Melanagromyza.sojae.Zehntner",0.025
"M_075.1","Sideroxylon.cinereum","Melanostoma.annulipes.Macquart",0.4109090909
"M_075.1","Sideroxylon.cinereum","Melanostoma.bituberculatum.Loew",0
"M_075.1","Sideroxylon.cinereum","Miridae.sp1",0
"M_075.1","Sideroxylon.cinereum","Mordellidae.sp1",0
"M_075.1","Sideroxylon.cinereum","Mordellidae.sp2",0
"M_075.1","Sideroxylon.cinereum","Mordellidae.sp3",0
"M_075.1","Sideroxylon.cinereum","Musca.confiscata.Speiser",0
"M_075.1","Sideroxylon.cinereum","Musca.domestica.Linnaeus",0.77
"M_075.1","Sideroxylon.cinereum","Nacoleia.sp1",0.0333333333
"M_075.1","Sideroxylon.cinereum","Nacoleia.sp2",0.05
"M_075.1","Sideroxylon.cinereum","Nitidulidae.sp1",0
"M_075.1","Sideroxylon.cinereum","Nyctemera.insulare.Boisduval",0
"M_075.1","Sideroxylon.cinereum","Ophyra.capensis.Wiedemann",0.28
"M_075.1","Sideroxylon.cinereum","Orchisia.costata.Meigen",0
"M_075.1","Sideroxylon.cinereum","Ornidia.obesa.Fabricius",0
"M_075.1","Sideroxylon.cinereum","Orthellia.albigena.Stein",0.4652631579
"M_075.1","Sideroxylon.cinereum","Pachycerina.crinicornis.Thomson",0.2095238095
"M_075.1","Sideroxylon.cinereum","Palexorista.sp1",0
"M_075.1","Sideroxylon.cinereum","Panara.naso.Fabricius",0
"M_075.1","Sideroxylon.cinereum","Paragus.borbonicus.Macquart",0.1428571429
"M_075.1","Sideroxylon.cinereum","Pelecophora.intemipta.All",0
"M_075.1","Sideroxylon.cinereum","Phalanta.phalantha.Drury",0
"M_075.1","Sideroxylon.cinereum","Pheidole.megacephala.Fabricius",0
"M_075.1","Sideroxylon.cinereum","Phelsuma.cepediana.Merrem",0
"M_075.1","Sideroxylon.cinereum","Phorinia.sp",0.025
"M_075.1","Sideroxylon.cinereum","Polistes.hebraeus.Fabricius",0.0666666667
"M_075.1","Sideroxylon.cinereum","Psyllidae.sp2",0
"M_075.1","Sideroxylon.cinereum","Sapromyza.sp.near..nudiuscula.Lamb",0.1428571429
"M_075.1","Sideroxylon.cinereum","Sarcophaga.arno.Curran",0.04
"M_075.1","Sideroxylon.cinereum","Scatopsidae.sp",0
"M_075.1","Sideroxylon.cinereum","Scirtidae.sp1",0
"M_075.1","Sideroxylon.cinereum","Scirtidae.sp2",0
"M_075.1","Sideroxylon.cinereum","Scolia.carniflex.Coquillett",0
"M_075.1","Sideroxylon.cinereum","Scopariinae.sp",0.08
"M_075.1","Sideroxylon.cinereum","Simulium.Byssodon.sp2",0
"M_075.1","Sideroxylon.cinereum","Siphona.sp",0
"M_075.1","Sideroxylon.cinereum","Stomorhina.lunata.Fabricius",1.4245021645
"M_075.1","Sideroxylon.cinereum","Stomoxys.calcitrans.Linnaeus",0.6251082251
"M_075.1","Sideroxylon.cinereum","Stomoxys.niger.Macquart",0.4392344498
"M_075.1","Sideroxylon.cinereum","Syritta.bulbus.Walker",0
"M_075.1","Sideroxylon.cinereum","Syritta.nigrofemorata.Macquart",0
"M_075.1","Sideroxylon.cinereum","Syritta.spnear.abyssinica.Rondani",0
"M_075.1","Sideroxylon.cinereum","Technomyrmex.albipes.Smith",0
"M_075.1","Sideroxylon.cinereum","Thelairodrino.sp",0
"M_075.1","Sideroxylon.cinereum","Thysanoplusia.orichalcea.Fabricius",0
"M_075.1","Sideroxylon.cinereum","Villa.unifasciata.Macquart",0
"M_075.1","Sideroxylon.cinereum","Zosterops.mauritianus.Gmelin",0.1159090909
"M_075.1","Sideroxylon.puberulum","Agathidinae.sp",0
"M_075.1","Sideroxylon.puberulum","Ahasverus.advena.Waltle",0
"M_075.1","Sideroxylon.puberulum","Allograpta.nasuta.Marquart",0
"M_075.1","Sideroxylon.puberulum","Apis.mellifera.Linnaeus",6.1423809524
"M_075.1","Sideroxylon.puberulum","Atherigona.orientalis.Schiner",0.0571428571
"M_075.1","Sideroxylon.puberulum","Brachymyrmex.sp",0.25
"M_075.1","Sideroxylon.puberulum","Calopsilia.florella.Fabricius",0
"M_075.1","Sideroxylon.puberulum","Campopleginae.sp1",0
"M_075.1","Sideroxylon.puberulum","Cerambycidae.sp1",0
"M_075.1","Sideroxylon.puberulum","Cerambycidae.sp2",0
"M_075.1","Sideroxylon.puberulum","Cerambycidae.sp3",0
"M_075.1","Sideroxylon.puberulum","Ceratitis.roas.Karsch",0
"M_075.1","Sideroxylon.puberulum","Chaetocnema.sp1",0
"M_075.1","Sideroxylon.puberulum","Cheloninae.sp1",0
"M_075.1","Sideroxylon.puberulum","Cheloninae.sp3",0
"M_075.1","Sideroxylon.puberulum","Chrysomya.megacephala.Fabricius",0.195
"M_075.1","Sideroxylon.puberulum","Cixiidae.sp1",0
"M_075.1","Sideroxylon.puberulum","Cixiidae.sp2",0
"M_075.1","Sideroxylon.puberulum","Cotesia.sp1",0
"M_075.1","Sideroxylon.puberulum","Cratopus.psittacus.Faimaire",0
"M_075.1","Sideroxylon.puberulum","Cryptocephalinae.sp1",0
"M_075.1","Sideroxylon.puberulum","Dasytinae.sp1",0
"M_075.1","Sideroxylon.puberulum","Dioxyna.sororcula.Wiedemann",0
"M_075.1","Sideroxylon.puberulum","Diptera.sp2",0
"M_075.1","Sideroxylon.puberulum","Diptera.sp3",0
"M_075.1","Sideroxylon.puberulum","Dysauxes.florida.Joan",0.1142857143
"M_075.1","Sideroxylon.puberulum","Episyrphus.sp.near.circularis.Hull",0
"M_075.1","Sideroxylon.puberulum","Eristalinus.flaveolus.Bigot",0
"M_075.1","Sideroxylon.puberulum","Eumolpinae.sp2",0
"M_075.1","Sideroxylon.puberulum","Eumolpinae.sp3",0
"M_075.1","Sideroxylon.puberulum","Eurytonidae.sp1",0
"M_075.1","Sideroxylon.puberulum","Fannia.pusio.Wiedemann",0
"M_075.1","Sideroxylon.puberulum","Gelechioidea.sp1",0
"M_075.1","Sideroxylon.puberulum","Gelechioidea.sp2",0
"M_075.1","Sideroxylon.puberulum","Gelechioidea.sp3",0
"M_075.1","Sideroxylon.puberulum","Goniurellia.or.Dectodes.sp",0
"M_075.1","Sideroxylon.puberulum","Graphomya.maculata.Scopoli",0
"M_075.1","Sideroxylon.puberulum","Henotesia.narcissus.Fabricius",0
"M_075.1","Sideroxylon.puberulum","Hippotion.eson.Cramer",0
"M_075.1","Sideroxylon.puberulum","Homoneura.sp2",0
"M_075.1","Sideroxylon.puberulum","Homoneura.sp3",0
"M_075.1","Sideroxylon.puberulum","Hydrotaea.fuliginosa.Robineau.Desvoidy",0
"M_075.1","Sideroxylon.puberulum","Ischiodon.aegyptius.Wiedemann",0
"M_075.1","Sideroxylon.puberulum","Lecithoceridae.sp1",0
"M_075.1","Sideroxylon.puberulum","Leptotes.pirithous.Linnaeus",0
"M_075.1","Sideroxylon.puberulum","Limnophora.quaterna.Loew",0
"M_075.1","Sideroxylon.puberulum","Lygaeidae.sp2",0
"M_075.1","Sideroxylon.puberulum","Lygaeidae.sp3",0
"M_075.1","Sideroxylon.puberulum","Lygaeidae.sp5",0
"M_075.1","Sideroxylon.puberulum","Lygistorrhina.sp",0.63
"M_075.1","Sideroxylon.puberulum","Macroglossum.milvus.Boisduval",0
"M_075.1","Sideroxylon.puberulum","Mauritiborium.undulatus",0
"M_075.1","Sideroxylon.puberulum","Melanagromyza.sojae.Zehntner",0
"M_075.1","Sideroxylon.puberulum","Melanostoma.annulipes.Macquart",0
"M_075.1","Sideroxylon.puberulum","Melanostoma.bituberculatum.Loew",0
"M_075.1","Sideroxylon.puberulum","Miridae.sp1",0
"M_075.1","Sideroxylon.puberulum","Mordellidae.sp1",0
"M_075.1","Sideroxylon.puberulum","Mordellidae.sp2",0
"M_075.1","Sideroxylon.puberulum","Mordellidae.sp3",0
"M_075.1","Sideroxylon.puberulum","Musca.confiscata.Speiser",0
"M_075.1","Sideroxylon.puberulum","Musca.domestica.Linnaeus",0.3
"M_075.1","Sideroxylon.puberulum","Nacoleia.sp1",0.05
"M_075.1","Sideroxylon.puberulum","Nacoleia.sp2",0
"M_075.1","Sideroxylon.puberulum","Nitidulidae.sp1",0
"M_075.1","Sideroxylon.puberulum","Nyctemera.insulare.Boisduval",0
"M_075.1","Sideroxylon.puberulum","Ophyra.capensis.Wiedemann",0
"M_075.1","Sideroxylon.puberulum","Orchisia.costata.Meigen",0
"M_075.1","Sideroxylon.puberulum","Ornidia.obesa.Fabricius",0
"M_075.1","Sideroxylon.puberulum","Orthellia.albigena.Stein",0
"M_075.1","Sideroxylon.puberulum","Pachycerina.crinicornis.Thomson",0.025
"M_075.1","Sideroxylon.puberulum","Palexorista.sp1",0
"M_075.1","Sideroxylon.puberulum","Panara.naso.Fabricius",0.0888888889
"M_075.1","Sideroxylon.puberulum","Paragus.borbonicus.Macquart",0
"M_075.1","Sideroxylon.puberulum","Pelecophora.intemipta.All",0
"M_075.1","Sideroxylon.puberulum","Phalanta.phalantha.Drury",0
"M_075.1","Sideroxylon.puberulum","Pheidole.megacephala.Fabricius",0
"M_075.1","Sideroxylon.puberulum","Phelsuma.cepediana.Merrem",0
"M_075.1","Sideroxylon.puberulum","Phorinia.sp",0
"M_075.1","Sideroxylon.puberulum","Polistes.hebraeus.Fabricius",0.0666666667
"M_075.1","Sideroxylon.puberulum","Psyllidae.sp2",0
"M_075.1","Sideroxylon.puberulum","Sapromyza.sp.near..nudiuscula.Lamb",0
"M_075.1","Sideroxylon.puberulum","Sarcophaga.arno.Curran",0
"M_075.1","Sideroxylon.puberulum","Scatopsidae.sp",0
"M_075.1","Sideroxylon.puberulum","Scirtidae.sp1",0
"M_075.1","Sideroxylon.puberulum","Scirtidae.sp2",0
"M_075.1","Sideroxylon.puberulum","Scolia.carniflex.Coquillett",0
"M_075.1","Sideroxylon.puberulum","Scopariinae.sp",0
"M_075.1","Sideroxylon.puberulum","Simulium.Byssodon.sp2",0
"M_075.1","Sideroxylon.puberulum","Siphona.sp",0
"M_075.1","Sideroxylon.puberulum","Stomorhina.lunata.Fabricius",0.6566666667
"M_075.1","Sideroxylon.puberulum","Stomoxys.calcitrans.Linnaeus",0.35
"M_075.1","Sideroxylon.puberulum","Stomoxys.niger.Macquart",0
"M_075.1","Sideroxylon.puberulum","Syritta.bulbus.Walker",0
"M_075.1","Sideroxylon.puberulum","Syritta.nigrofemorata.Macquart",0
"M_075.1","Sideroxylon.puberulum","Syritta.spnear.abyssinica.Rondani",0
"M_075.1","Sideroxylon.puberulum","Technomyrmex.albipes.Smith",0
"M_075.1","Sideroxylon.puberulum","Thelairodrino.sp",0
"M_075.1","Sideroxylon.puberulum","Thysanoplusia.orichalcea.Fabricius",0
"M_075.1","Sideroxylon.puberulum","Villa.unifasciata.Macquart",0
"M_075.1","Sideroxylon.puberulum","Zosterops.mauritianus.Gmelin",0
"M_075.1","Smilax.anceps","Agathidinae.sp",0
"M_075.1","Smilax.anceps","Ahasverus.advena.Waltle",0
"M_075.1","Smilax.anceps","Allograpta.nasuta.Marquart",0
"M_075.1","Smilax.anceps","Apis.mellifera.Linnaeus",0
"M_075.1","Smilax.anceps","Atherigona.orientalis.Schiner",0
"M_075.1","Smilax.anceps","Brachymyrmex.sp",0
"M_075.1","Smilax.anceps","Calopsilia.florella.Fabricius",0
"M_075.1","Smilax.anceps","Campopleginae.sp1",0
"M_075.1","Smilax.anceps","Cerambycidae.sp1",0
"M_075.1","Smilax.anceps","Cerambycidae.sp2",0
"M_075.1","Smilax.anceps","Cerambycidae.sp3",0
"M_075.1","Smilax.anceps","Ceratitis.roas.Karsch",0
"M_075.1","Smilax.anceps","Chaetocnema.sp1",0
"M_075.1","Smilax.anceps","Cheloninae.sp1",0
"M_075.1","Smilax.anceps","Cheloninae.sp3",0
"M_075.1","Smilax.anceps","Chrysomya.megacephala.Fabricius",0.0285714286
"M_075.1","Smilax.anceps","Cixiidae.sp1",0
"M_075.1","Smilax.anceps","Cixiidae.sp2",0
"M_075.1","Smilax.anceps","Cotesia.sp1",0
"M_075.1","Smilax.anceps","Cratopus.psittacus.Faimaire",0
"M_075.1","Smilax.anceps","Cryptocephalinae.sp1",0
"M_075.1","Smilax.anceps","Dasytinae.sp1",0
"M_075.1","Smilax.anceps","Dioxyna.sororcula.Wiedemann",0
"M_075.1","Smilax.anceps","Diptera.sp2",0
"M_075.1","Smilax.anceps","Diptera.sp3",0
"M_075.1","Smilax.anceps","Dysauxes.florida.Joan",0
"M_075.1","Smilax.anceps","Episyrphus.sp.near.circularis.Hull",0
"M_075.1","Smilax.anceps","Eristalinus.flaveolus.Bigot",0
"M_075.1","Smilax.anceps","Eumolpinae.sp2",0
"M_075.1","Smilax.anceps","Eumolpinae.sp3",0
"M_075.1","Smilax.anceps","Eurytonidae.sp1",0
"M_075.1","Smilax.anceps","Fannia.pusio.Wiedemann",0
"M_075.1","Smilax.anceps","Gelechioidea.sp1",0
"M_075.1","Smilax.anceps","Gelechioidea.sp2",0
"M_075.1","Smilax.anceps","Gelechioidea.sp3",0
"M_075.1","Smilax.anceps","Goniurellia.or.Dectodes.sp",0
"M_075.1","Smilax.anceps","Graphomya.maculata.Scopoli",0
"M_075.1","Smilax.anceps","Henotesia.narcissus.Fabricius",0
"M_075.1","Smilax.anceps","Hippotion.eson.Cramer",0
"M_075.1","Smilax.anceps","Homoneura.sp2",0
"M_075.1","Smilax.anceps","Homoneura.sp3",0
"M_075.1","Smilax.anceps","Hydrotaea.fuliginosa.Robineau.Desvoidy",0
"M_075.1","Smilax.anceps","Ischiodon.aegyptius.Wiedemann",0
"M_075.1","Smilax.anceps","Lecithoceridae.sp1",0
"M_075.1","Smilax.anceps","Leptotes.pirithous.Linnaeus",0
"M_075.1","Smilax.anceps","Limnophora.quaterna.Loew",0
"M_075.1","Smilax.anceps","Lygaeidae.sp2",0
"M_075.1","Smilax.anceps","Lygaeidae.sp3",0
"M_075.1","Smilax.anceps","Lygaeidae.sp5",0
"M_075.1","Smilax.anceps","Lygistorrhina.sp",0
"M_075.1","Smilax.anceps","Macroglossum.milvus.Boisduval",0
"M_075.1","Smilax.anceps","Mauritiborium.undulatus",0
"M_075.1","Smilax.anceps","Melanagromyza.sojae.Zehntner",0
"M_075.1","Smilax.anceps","Melanostoma.annulipes.Macquart",0
"M_075.1","Smilax.anceps","Melanostoma.bituberculatum.Loew",0
"M_075.1","Smilax.anceps","Miridae.sp1",0
"M_075.1","Smilax.anceps","Mordellidae.sp1",0
"M_075.1","Smilax.anceps","Mordellidae.sp2",0
"M_075.1","Smilax.anceps","Mordellidae.sp3",0
"M_075.1","Smilax.anceps","Musca.confiscata.Speiser",0
"M_075.1","Smilax.anceps","Musca.domestica.Linnaeus",0
"M_075.1","Smilax.anceps","Nacoleia.sp1",0
"M_075.1","Smilax.anceps","Nacoleia.sp2",0
"M_075.1","Smilax.anceps","Nitidulidae.sp1",0
"M_075.1","Smilax.anceps","Nyctemera.insulare.Boisduval",0
"M_075.1","Smilax.anceps","Ophyra.capensis.Wiedemann",0
"M_075.1","Smilax.anceps","Orchisia.costata.Meigen",0
"M_075.1","Smilax.anceps","Ornidia.obesa.Fabricius",0
"M_075.1","Smilax.anceps","Orthellia.albigena.Stein",0
"M_075.1","Smilax.anceps","Pachycerina.crinicornis.Thomson",0
"M_075.1","Smilax.anceps","Palexorista.sp1",0
"M_075.1","Smilax.anceps","Panara.naso.Fabricius",0
"M_075.1","Smilax.anceps","Paragus.borbonicus.Macquart",0
"M_075.1","Smilax.anceps","Pelecophora.intemipta.All",0
"M_075.1","Smilax.anceps","Phalanta.phalantha.Drury",0
"M_075.1","Smilax.anceps","Pheidole.megacephala.Fabricius",0
"M_075.1","Smilax.anceps","Phelsuma.cepediana.Merrem",0
"M_075.1","Smilax.anceps","Phorinia.sp",0
"M_075.1","Smilax.anceps","Polistes.hebraeus.Fabricius",0
"M_075.1","Smilax.anceps","Psyllidae.sp2",0
"M_075.1","Smilax.anceps","Sapromyza.sp.near..nudiuscula.Lamb",0
"M_075.1","Smilax.anceps","Sarcophaga.arno.Curran",0
"M_075.1","Smilax.anceps","Scatopsidae.sp",0
"M_075.1","Smilax.anceps","Scirtidae.sp1",0
"M_075.1","Smilax.anceps","Scirtidae.sp2",0
"M_075.1","Smilax.anceps","Scolia.carniflex.Coquillett",0
"M_075.1","Smilax.anceps","Scopariinae.sp",0
"M_075.1","Smilax.anceps","Simulium.Byssodon.sp2",0
"M_075.1","Smilax.anceps","Siphona.sp",0
"M_075.1","Smilax.anceps","Stomorhina.lunata.Fabricius",0
"M_075.1","Smilax.anceps","Stomoxys.calcitrans.Linnaeus",0
"M_075.1","Smilax.anceps","Stomoxys.niger.Macquart",0
"M_075.1","Smilax.anceps","Syritta.bulbus.Walker",0
"M_075.1","Smilax.anceps","Syritta.nigrofemorata.Macquart",0
"M_075.1","Smilax.anceps","Syritta.spnear.abyssinica.Rondani",0
"M_075.1","Smilax.anceps","Technomyrmex.albipes.Smith",0
"M_075.1","Smilax.anceps","Thelairodrino.sp",0
"M_075.1","Smilax.anceps","Thysanoplusia.orichalcea.Fabricius",0
"M_075.1","Smilax.anceps","Villa.unifasciata.Macquart",0
"M_075.1","Smilax.anceps","Zosterops.mauritianus.Gmelin",0
"M_075.1","Stillingia.lineata.ssp.lineata","Agathidinae.sp",0
"M_075.1","Stillingia.lineata.ssp.lineata","Ahasverus.advena.Waltle",1.6333333333
"M_075.1","Stillingia.lineata.ssp.lineata","Allograpta.nasuta.Marquart",6.0333333333
"M_075.1","Stillingia.lineata.ssp.lineata","Apis.mellifera.Linnaeus",0
"M_075.1","Stillingia.lineata.ssp.lineata","Atherigona.orientalis.Schiner",0
"M_075.1","Stillingia.lineata.ssp.lineata","Brachymyrmex.sp",9
"M_075.1","Stillingia.lineata.ssp.lineata","Calopsilia.florella.Fabricius",0
"M_075.1","Stillingia.lineata.ssp.lineata","Campopleginae.sp1",0
"M_075.1","Stillingia.lineata.ssp.lineata","Cerambycidae.sp1",1
"M_075.1","Stillingia.lineata.ssp.lineata","Cerambycidae.sp2",0
"M_075.1","Stillingia.lineata.ssp.lineata","Cerambycidae.sp3",0.6666666667
"M_075.1","Stillingia.lineata.ssp.lineata","Ceratitis.roas.Karsch",0
"M_075.1","Stillingia.lineata.ssp.lineata","Chaetocnema.sp1",74.4666666667
"M_075.1","Stillingia.lineata.ssp.lineata","Cheloninae.sp1",0
"M_075.1","Stillingia.lineata.ssp.lineata","Cheloninae.sp3",0
"M_075.1","Stillingia.lineata.ssp.lineata","Chrysomya.megacephala.Fabricius",7
"M_075.1","Stillingia.lineata.ssp.lineata","Cixiidae.sp1",0
"M_075.1","Stillingia.lineata.ssp.lineata","Cixiidae.sp2",0
"M_075.1","Stillingia.lineata.ssp.lineata","Cotesia.sp1",0
"M_075.1","Stillingia.lineata.ssp.lineata","Cratopus.psittacus.Faimaire",0.6666666667
"M_075.1","Stillingia.lineata.ssp.lineata","Cryptocephalinae.sp1",0
"M_075.1","Stillingia.lineata.ssp.lineata","Dasytinae.sp1",0
"M_075.1","Stillingia.lineata.ssp.lineata","Dioxyna.sororcula.Wiedemann",0
"M_075.1","Stillingia.lineata.ssp.lineata","Diptera.sp2",0
"M_075.1","Stillingia.lineata.ssp.lineata","Diptera.sp3",0
"M_075.1","Stillingia.lineata.ssp.lineata","Dysauxes.florida.Joan",0
"M_075.1","Stillingia.lineata.ssp.lineata","Episyrphus.sp.near.circularis.Hull",0.5
"M_075.1","Stillingia.lineata.ssp.lineata","Eristalinus.flaveolus.Bigot",0.8
"M_075.1","Stillingia.lineata.ssp.lineata","Eumolpinae.sp2",0
"M_075.1","Stillingia.lineata.ssp.lineata","Eumolpinae.sp3",0
"M_075.1","Stillingia.lineata.ssp.lineata","Eurytonidae.sp1",0
"M_075.1","Stillingia.lineata.ssp.lineata","Fannia.pusio.Wiedemann",2.75
"M_075.1","Stillingia.lineata.ssp.lineata","Gelechioidea.sp1",0
"M_075.1","Stillingia.lineata.ssp.lineata","Gelechioidea.sp2",0
"M_075.1","Stillingia.lineata.ssp.lineata","Gelechioidea.sp3",0
"M_075.1","Stillingia.lineata.ssp.lineata","Goniurellia.or.Dectodes.sp",0
"M_075.1","Stillingia.lineata.ssp.lineata","Graphomya.maculata.Scopoli",0
"M_075.1","Stillingia.lineata.ssp.lineata","Henotesia.narcissus.Fabricius",0
"M_075.1","Stillingia.lineata.ssp.lineata","Hippotion.eson.Cramer",0
"M_075.1","Stillingia.lineata.ssp.lineata","Homoneura.sp2",0
"M_075.1","Stillingia.lineata.ssp.lineata","Homoneura.sp3",0
"M_075.1","Stillingia.lineata.ssp.lineata","Hydrotaea.fuliginosa.Robineau.Desvoidy",0
"M_075.1","Stillingia.lineata.ssp.lineata","Ischiodon.aegyptius.Wiedemann",1
"M_075.1","Stillingia.lineata.ssp.lineata","Lecithoceridae.sp1",0
"M_075.1","Stillingia.lineata.ssp.lineata","Leptotes.pirithous.Linnaeus",0.3333333333
"M_075.1","Stillingia.lineata.ssp.lineata","Limnophora.quaterna.Loew",0
"M_075.1","Stillingia.lineata.ssp.lineata","Lygaeidae.sp2",0
"M_075.1","Stillingia.lineata.ssp.lineata","Lygaeidae.sp3",0
"M_075.1","Stillingia.lineata.ssp.lineata","Lygaeidae.sp5",0
"M_075.1","Stillingia.lineata.ssp.lineata","Lygistorrhina.sp",1.3333333333
"M_075.1","Stillingia.lineata.ssp.lineata","Macroglossum.milvus.Boisduval",0
"M_075.1","Stillingia.lineata.ssp.lineata","Mauritiborium.undulatus",1.4
"M_075.1","Stillingia.lineata.ssp.lineata","Melanagromyza.sojae.Zehntner",0
"M_075.1","Stillingia.lineata.ssp.lineata","Melanostoma.annulipes.Macquart",0
"M_075.1","Stillingia.lineata.ssp.lineata","Melanostoma.bituberculatum.Loew",1
"M_075.1","Stillingia.lineata.ssp.lineata","Miridae.sp1",0
"M_075.1","Stillingia.lineata.ssp.lineata","Mordellidae.sp1",0
"M_075.1","Stillingia.lineata.ssp.lineata","Mordellidae.sp2",2
"M_075.1","Stillingia.lineata.ssp.lineata","Mordellidae.sp3",0
"M_075.1","Stillingia.lineata.ssp.lineata","Musca.confiscata.Speiser",0.4
"M_075.1","Stillingia.lineata.ssp.lineata","Musca.domestica.Linnaeus",16.1333333333
"M_075.1","Stillingia.lineata.ssp.lineata","Nacoleia.sp1",0.6666666667
"M_075.1","Stillingia.lineata.ssp.lineata","Nacoleia.sp2",0
"M_075.1","Stillingia.lineata.ssp.lineata","Nitidulidae.sp1",0
"M_075.1","Stillingia.lineata.ssp.lineata","Nyctemera.insulare.Boisduval",0
"M_075.1","Stillingia.lineata.ssp.lineata","Ophyra.capensis.Wiedemann",10
"M_075.1","Stillingia.lineata.ssp.lineata","Orchisia.costata.Meigen",0
"M_075.1","Stillingia.lineata.ssp.lineata","Ornidia.obesa.Fabricius",0
"M_075.1","Stillingia.lineata.ssp.lineata","Orthellia.albigena.Stein",0.9
"M_075.1","Stillingia.lineata.ssp.lineata","Pachycerina.crinicornis.Thomson",28.5
"M_075.1","Stillingia.lineata.ssp.lineata","Palexorista.sp1",0
"M_075.1","Stillingia.lineata.ssp.lineata","Panara.naso.Fabricius",0
"M_075.1","Stillingia.lineata.ssp.lineata","Paragus.borbonicus.Macquart",0.9166666667
"M_075.1","Stillingia.lineata.ssp.lineata","Pelecophora.intemipta.All",0.4
"M_075.1","Stillingia.lineata.ssp.lineata","Phalanta.phalantha.Drury",0
"M_075.1","Stillingia.lineata.ssp.lineata","Pheidole.megacephala.Fabricius",0
"M_075.1","Stillingia.lineata.ssp.lineata","Phelsuma.cepediana.Merrem",0
"M_075.1","Stillingia.lineata.ssp.lineata","Phorinia.sp",1.4333333333
"M_075.1","Stillingia.lineata.ssp.lineata","Polistes.hebraeus.Fabricius",0
"M_075.1","Stillingia.lineata.ssp.lineata","Psyllidae.sp2",0
"M_075.1","Stillingia.lineata.ssp.lineata","Sapromyza.sp.near..nudiuscula.Lamb",0
"M_075.1","Stillingia.lineata.ssp.lineata","Sarcophaga.arno.Curran",1
"M_075.1","Stillingia.lineata.ssp.lineata","Scatopsidae.sp",0
"M_075.1","Stillingia.lineata.ssp.lineata","Scirtidae.sp1",0
"M_075.1","Stillingia.lineata.ssp.lineata","Scirtidae.sp2",0
"M_075.1","Stillingia.lineata.ssp.lineata","Scolia.carniflex.Coquillett",0
"M_075.1","Stillingia.lineata.ssp.lineata","Scopariinae.sp",0
"M_075.1","Stillingia.lineata.ssp.lineata","Simulium.Byssodon.sp2",0.4
"M_075.1","Stillingia.lineata.ssp.lineata","Siphona.sp",0
"M_075.1","Stillingia.lineata.ssp.lineata","Stomorhina.lunata.Fabricius",3.8333333333
"M_075.1","Stillingia.lineata.ssp.lineata","Stomoxys.calcitrans.Linnaeus",0
"M_075.1","Stillingia.lineata.ssp.lineata","Stomoxys.niger.Macquart",0
"M_075.1","Stillingia.lineata.ssp.lineata","Syritta.bulbus.Walker",0
"M_075.1","Stillingia.lineata.ssp.lineata","Syritta.nigrofemorata.Macquart",2.9
"M_075.1","Stillingia.lineata.ssp.lineata","Syritta.spnear.abyssinica.Rondani",1.5833333333
"M_075.1","Stillingia.lineata.ssp.lineata","Technomyrmex.albipes.Smith",13.2
"M_075.1","Stillingia.lineata.ssp.lineata","Thelairodrino.sp",0
"M_075.1","Stillingia.lineata.ssp.lineata","Thysanoplusia.orichalcea.Fabricius",0
"M_075.1","Stillingia.lineata.ssp.lineata","Villa.unifasciata.Macquart",2.1
"M_075.1","Stillingia.lineata.ssp.lineata","Zosterops.mauritianus.Gmelin",0
"M_075.1","Syzygium.commersonii","Agathidinae.sp",0
"M_075.1","Syzygium.commersonii","Ahasverus.advena.Waltle",0
"M_075.1","Syzygium.commersonii","Allograpta.nasuta.Marquart",0
"M_075.1","Syzygium.commersonii","Apis.mellifera.Linnaeus",0
"M_075.1","Syzygium.commersonii","Atherigona.orientalis.Schiner",0
"M_075.1","Syzygium.commersonii","Brachymyrmex.sp",0
"M_075.1","Syzygium.commersonii","Calopsilia.florella.Fabricius",0
"M_075.1","Syzygium.commersonii","Campopleginae.sp1",0
"M_075.1","Syzygium.commersonii","Cerambycidae.sp1",0
"M_075.1","Syzygium.commersonii","Cerambycidae.sp2",0
"M_075.1","Syzygium.commersonii","Cerambycidae.sp3",0
"M_075.1","Syzygium.commersonii","Ceratitis.roas.Karsch",0
"M_075.1","Syzygium.commersonii","Chaetocnema.sp1",0
"M_075.1","Syzygium.commersonii","Cheloninae.sp1",0
"M_075.1","Syzygium.commersonii","Cheloninae.sp3",0
"M_075.1","Syzygium.commersonii","Chrysomya.megacephala.Fabricius",0
"M_075.1","Syzygium.commersonii","Cixiidae.sp1",0
"M_075.1","Syzygium.commersonii","Cixiidae.sp2",0
"M_075.1","Syzygium.commersonii","Cotesia.sp1",0
"M_075.1","Syzygium.commersonii","Cratopus.psittacus.Faimaire",0
"M_075.1","Syzygium.commersonii","Cryptocephalinae.sp1",0
"M_075.1","Syzygium.commersonii","Dasytinae.sp1",0
"M_075.1","Syzygium.commersonii","Dioxyna.sororcula.Wiedemann",0
"M_075.1","Syzygium.commersonii","Diptera.sp2",0
"M_075.1","Syzygium.commersonii","Diptera.sp3",0
"M_075.1","Syzygium.commersonii","Dysauxes.florida.Joan",0
"M_075.1","Syzygium.commersonii","Episyrphus.sp.near.circularis.Hull",0
"M_075.1","Syzygium.commersonii","Eristalinus.flaveolus.Bigot",0
"M_075.1","Syzygium.commersonii","Eumolpinae.sp2",0
"M_075.1","Syzygium.commersonii","Eumolpinae.sp3",0
"M_075.1","Syzygium.commersonii","Eurytonidae.sp1",0
"M_075.1","Syzygium.commersonii","Fannia.pusio.Wiedemann",0
"M_075.1","Syzygium.commersonii","Gelechioidea.sp1",0
"M_075.1","Syzygium.commersonii","Gelechioidea.sp2",0
"M_075.1","Syzygium.commersonii","Gelechioidea.sp3",0
"M_075.1","Syzygium.commersonii","Goniurellia.or.Dectodes.sp",0
"M_075.1","Syzygium.commersonii","Graphomya.maculata.Scopoli",0
"M_075.1","Syzygium.commersonii","Henotesia.narcissus.Fabricius",0
"M_075.1","Syzygium.commersonii","Hippotion.eson.Cramer",0
"M_075.1","Syzygium.commersonii","Homoneura.sp2",0
"M_075.1","Syzygium.commersonii","Homoneura.sp3",0
"M_075.1","Syzygium.commersonii","Hydrotaea.fuliginosa.Robineau.Desvoidy",0
"M_075.1","Syzygium.commersonii","Ischiodon.aegyptius.Wiedemann",0
"M_075.1","Syzygium.commersonii","Lecithoceridae.sp1",0
"M_075.1","Syzygium.commersonii","Leptotes.pirithous.Linnaeus",0
"M_075.1","Syzygium.commersonii","Limnophora.quaterna.Loew",0
"M_075.1","Syzygium.commersonii","Lygaeidae.sp2",0
"M_075.1","Syzygium.commersonii","Lygaeidae.sp3",0
"M_075.1","Syzygium.commersonii","Lygaeidae.sp5",0
"M_075.1","Syzygium.commersonii","Lygistorrhina.sp",0
"M_075.1","Syzygium.commersonii","Macroglossum.milvus.Boisduval",0
"M_075.1","Syzygium.commersonii","Mauritiborium.undulatus",0
"M_075.1","Syzygium.commersonii","Melanagromyza.sojae.Zehntner",0
"M_075.1","Syzygium.commersonii","Melanostoma.annulipes.Macquart",0
"M_075.1","Syzygium.commersonii","Melanostoma.bituberculatum.Loew",0
"M_075.1","Syzygium.commersonii","Miridae.sp1",0
"M_075.1","Syzygium.commersonii","Mordellidae.sp1",0
"M_075.1","Syzygium.commersonii","Mordellidae.sp2",0
"M_075.1","Syzygium.commersonii","Mordellidae.sp3",0
"M_075.1","Syzygium.commersonii","Musca.confiscata.Speiser",0
"M_075.1","Syzygium.commersonii","Musca.domestica.Linnaeus",0
"M_075.1","Syzygium.commersonii","Nacoleia.sp1",0
"M_075.1","Syzygium.commersonii","Nacoleia.sp2",0
"M_075.1","Syzygium.commersonii","Nitidulidae.sp1",0
"M_075.1","Syzygium.commersonii","Nyctemera.insulare.Boisduval",0
"M_075.1","Syzygium.commersonii","Ophyra.capensis.Wiedemann",0
"M_075.1","Syzygium.commersonii","Orchisia.costata.Meigen",0
"M_075.1","Syzygium.commersonii","Ornidia.obesa.Fabricius",0
"M_075.1","Syzygium.commersonii","Orthellia.albigena.Stein",0
"M_075.1","Syzygium.commersonii","Pachycerina.crinicornis.Thomson",0
"M_075.1","Syzygium.commersonii","Palexorista.sp1",0
"M_075.1","Syzygium.commersonii","Panara.naso.Fabricius",0
"M_075.1","Syzygium.commersonii","Paragus.borbonicus.Macquart",0
"M_075.1","Syzygium.commersonii","Pelecophora.intemipta.All",0
"M_075.1","Syzygium.commersonii","Phalanta.phalantha.Drury",0
"M_075.1","Syzygium.commersonii","Pheidole.megacephala.Fabricius",0
"M_075.1","Syzygium.commersonii","Phelsuma.cepediana.Merrem",0.4
"M_075.1","Syzygium.commersonii","Phorinia.sp",0
"M_075.1","Syzygium.commersonii","Polistes.hebraeus.Fabricius",0
"M_075.1","Syzygium.commersonii","Psyllidae.sp2",0
"M_075.1","Syzygium.commersonii","Sapromyza.sp.near..nudiuscula.Lamb",0
"M_075.1","Syzygium.commersonii","Sarcophaga.arno.Curran",0
"M_075.1","Syzygium.commersonii","Scatopsidae.sp",0
"M_075.1","Syzygium.commersonii","Scirtidae.sp1",0
"M_075.1","Syzygium.commersonii","Scirtidae.sp2",0
"M_075.1","Syzygium.commersonii","Scolia.carniflex.Coquillett",0
"M_075.1","Syzygium.commersonii","Scopariinae.sp",0
"M_075.1","Syzygium.commersonii","Simulium.Byssodon.sp2",0
"M_075.1","Syzygium.commersonii","Siphona.sp",0
"M_075.1","Syzygium.commersonii","Stomorhina.lunata.Fabricius",0
"M_075.1","Syzygium.commersonii","Stomoxys.calcitrans.Linnaeus",0
"M_075.1","Syzygium.commersonii","Stomoxys.niger.Macquart",0
"M_075.1","Syzygium.commersonii","Syritta.bulbus.Walker",0
"M_075.1","Syzygium.commersonii","Syritta.nigrofemorata.Macquart",0
"M_075.1","Syzygium.commersonii","Syritta.spnear.abyssinica.Rondani",0
"M_075.1","Syzygium.commersonii","Technomyrmex.albipes.Smith",0.4857142857
"M_075.1","Syzygium.commersonii","Thelairodrino.sp",0
"M_075.1","Syzygium.commersonii","Thysanoplusia.orichalcea.Fabricius",0
"M_075.1","Syzygium.commersonii","Villa.unifasciata.Macquart",0
"M_075.1","Syzygium.commersonii","Zosterops.mauritianus.Gmelin",0.25
"M_075.1","Syzygium.coriaceum","Agathidinae.sp",0
"M_075.1","Syzygium.coriaceum","Ahasverus.advena.Waltle",0
"M_075.1","Syzygium.coriaceum","Allograpta.nasuta.Marquart",0
"M_075.1","Syzygium.coriaceum","Apis.mellifera.Linnaeus",0
"M_075.1","Syzygium.coriaceum","Atherigona.orientalis.Schiner",0
"M_075.1","Syzygium.coriaceum","Brachymyrmex.sp",2.6685714286
"M_075.1","Syzygium.coriaceum","Calopsilia.florella.Fabricius",0
"M_075.1","Syzygium.coriaceum","Campopleginae.sp1",0
"M_075.1","Syzygium.coriaceum","Cerambycidae.sp1",0
"M_075.1","Syzygium.coriaceum","Cerambycidae.sp2",0
"M_075.1","Syzygium.coriaceum","Cerambycidae.sp3",0
"M_075.1","Syzygium.coriaceum","Ceratitis.roas.Karsch",0
"M_075.1","Syzygium.coriaceum","Chaetocnema.sp1",1.7420634921
"M_075.1","Syzygium.coriaceum","Cheloninae.sp1",0
"M_075.1","Syzygium.coriaceum","Cheloninae.sp3",0
"M_075.1","Syzygium.coriaceum","Chrysomya.megacephala.Fabricius",0.1111111111
"M_075.1","Syzygium.coriaceum","Cixiidae.sp1",0
"M_075.1","Syzygium.coriaceum","Cixiidae.sp2",0
"M_075.1","Syzygium.coriaceum","Cotesia.sp1",0
"M_075.1","Syzygium.coriaceum","Cratopus.psittacus.Faimaire",0
"M_075.1","Syzygium.coriaceum","Cryptocephalinae.sp1",0
"M_075.1","Syzygium.coriaceum","Dasytinae.sp1",0
"M_075.1","Syzygium.coriaceum","Dioxyna.sororcula.Wiedemann",0
"M_075.1","Syzygium.coriaceum","Diptera.sp2",0
"M_075.1","Syzygium.coriaceum","Diptera.sp3",0
"M_075.1","Syzygium.coriaceum","Dysauxes.florida.Joan",0
"M_075.1","Syzygium.coriaceum","Episyrphus.sp.near.circularis.Hull",0
"M_075.1","Syzygium.coriaceum","Eristalinus.flaveolus.Bigot",0.1428571429
"M_075.1","Syzygium.coriaceum","Eumolpinae.sp2",0
"M_075.1","Syzygium.coriaceum","Eumolpinae.sp3",0
"M_075.1","Syzygium.coriaceum","Eurytonidae.sp1",0
"M_075.1","Syzygium.coriaceum","Fannia.pusio.Wiedemann",0
"M_075.1","Syzygium.coriaceum","Gelechioidea.sp1",0
"M_075.1","Syzygium.coriaceum","Gelechioidea.sp2",0
"M_075.1","Syzygium.coriaceum","Gelechioidea.sp3",0
"M_075.1","Syzygium.coriaceum","Goniurellia.or.Dectodes.sp",0
"M_075.1","Syzygium.coriaceum","Graphomya.maculata.Scopoli",0
"M_075.1","Syzygium.coriaceum","Henotesia.narcissus.Fabricius",0
"M_075.1","Syzygium.coriaceum","Hippotion.eson.Cramer",0
"M_075.1","Syzygium.coriaceum","Homoneura.sp2",0
"M_075.1","Syzygium.coriaceum","Homoneura.sp3",0
"M_075.1","Syzygium.coriaceum","Hydrotaea.fuliginosa.Robineau.Desvoidy",0
"M_075.1","Syzygium.coriaceum","Ischiodon.aegyptius.Wiedemann",0
"M_075.1","Syzygium.coriaceum","Lecithoceridae.sp1",0
"M_075.1","Syzygium.coriaceum","Leptotes.pirithous.Linnaeus",0
"M_075.1","Syzygium.coriaceum","Limnophora.quaterna.Loew",0
"M_075.1","Syzygium.coriaceum","Lygaeidae.sp2",0
"M_075.1","Syzygium.coriaceum","Lygaeidae.sp3",0
"M_075.1","Syzygium.coriaceum","Lygaeidae.sp5",0
"M_075.1","Syzygium.coriaceum","Lygistorrhina.sp",0
"M_075.1","Syzygium.coriaceum","Macroglossum.milvus.Boisduval",0
"M_075.1","Syzygium.coriaceum","Mauritiborium.undulatus",0
"M_075.1","Syzygium.coriaceum","Melanagromyza.sojae.Zehntner",0
"M_075.1","Syzygium.coriaceum","Melanostoma.annulipes.Macquart",0
"M_075.1","Syzygium.coriaceum","Melanostoma.bituberculatum.Loew",0
"M_075.1","Syzygium.coriaceum","Miridae.sp1",0
"M_075.1","Syzygium.coriaceum","Mordellidae.sp1",0
"M_075.1","Syzygium.coriaceum","Mordellidae.sp2",0
"M_075.1","Syzygium.coriaceum","Mordellidae.sp3",0
"M_075.1","Syzygium.coriaceum","Musca.confiscata.Speiser",0
"M_075.1","Syzygium.coriaceum","Musca.domestica.Linnaeus",0.8333333333
"M_075.1","Syzygium.coriaceum","Nacoleia.sp1",0.1916666667
"M_075.1","Syzygium.coriaceum","Nacoleia.sp2",0
"M_075.1","Syzygium.coriaceum","Nitidulidae.sp1",0
"M_075.1","Syzygium.coriaceum","Nyctemera.insulare.Boisduval",0
"M_075.1","Syzygium.coriaceum","Ophyra.capensis.Wiedemann",0
"M_075.1","Syzygium.coriaceum","Orchisia.costata.Meigen",0
"M_075.1","Syzygium.coriaceum","Ornidia.obesa.Fabricius",0
"M_075.1","Syzygium.coriaceum","Orthellia.albigena.Stein",0
"M_075.1","Syzygium.coriaceum","Pachycerina.crinicornis.Thomson",0
"M_075.1","Syzygium.coriaceum","Palexorista.sp1",0
"M_075.1","Syzygium.coriaceum","Panara.naso.Fabricius",0
"M_075.1","Syzygium.coriaceum","Paragus.borbonicus.Macquart",0
"M_075.1","Syzygium.coriaceum","Pelecophora.intemipta.All",0
"M_075.1","Syzygium.coriaceum","Phalanta.phalantha.Drury",0
"M_075.1","Syzygium.coriaceum","Pheidole.megacephala.Fabricius",0
"M_075.1","Syzygium.coriaceum","Phelsuma.cepediana.Merrem",0
"M_075.1","Syzygium.coriaceum","Phorinia.sp",0.1111111111
"M_075.1","Syzygium.coriaceum","Polistes.hebraeus.Fabricius",0
"M_075.1","Syzygium.coriaceum","Psyllidae.sp2",0
"M_075.1","Syzygium.coriaceum","Sapromyza.sp.near..nudiuscula.Lamb",0
"M_075.1","Syzygium.coriaceum","Sarcophaga.arno.Curran",0
"M_075.1","Syzygium.coriaceum","Scatopsidae.sp",0
"M_075.1","Syzygium.coriaceum","Scirtidae.sp1",0
"M_075.1","Syzygium.coriaceum","Scirtidae.sp2",0
"M_075.1","Syzygium.coriaceum","Scolia.carniflex.Coquillett",0
"M_075.1","Syzygium.coriaceum","Scopariinae.sp",0
"M_075.1","Syzygium.coriaceum","Simulium.Byssodon.sp2",0
"M_075.1","Syzygium.coriaceum","Siphona.sp",0
"M_075.1","Syzygium.coriaceum","Stomorhina.lunata.Fabricius",0.0666666667
"M_075.1","Syzygium.coriaceum","Stomoxys.calcitrans.Linnaeus",0
"M_075.1","Syzygium.coriaceum","Stomoxys.niger.Macquart",0
"M_075.1","Syzygium.coriaceum","Syritta.bulbus.Walker",0
"M_075.1","Syzygium.coriaceum","Syritta.nigrofemorata.Macquart",0
"M_075.1","Syzygium.coriaceum","Syritta.spnear.abyssinica.Rondani",0
"M_075.1","Syzygium.coriaceum","Technomyrmex.albipes.Smith",0.32
"M_075.1","Syzygium.coriaceum","Thelairodrino.sp",0
"M_075.1","Syzygium.coriaceum","Thysanoplusia.orichalcea.Fabricius",0
"M_075.1","Syzygium.coriaceum","Villa.unifasciata.Macquart",0.0588235294
"M_075.1","Syzygium.coriaceum","Zosterops.mauritianus.Gmelin",0
"M_075.1","Syzygium.glomeratum","Agathidinae.sp",0
"M_075.1","Syzygium.glomeratum","Ahasverus.advena.Waltle",0
"M_075.1","Syzygium.glomeratum","Allograpta.nasuta.Marquart",0
"M_075.1","Syzygium.glomeratum","Apis.mellifera.Linnaeus",0
"M_075.1","Syzygium.glomeratum","Atherigona.orientalis.Schiner",0
"M_075.1","Syzygium.glomeratum","Brachymyrmex.sp",0.2
"M_075.1","Syzygium.glomeratum","Calopsilia.florella.Fabricius",0
"M_075.1","Syzygium.glomeratum","Campopleginae.sp1",0
"M_075.1","Syzygium.glomeratum","Cerambycidae.sp1",0
"M_075.1","Syzygium.glomeratum","Cerambycidae.sp2",0
"M_075.1","Syzygium.glomeratum","Cerambycidae.sp3",0
"M_075.1","Syzygium.glomeratum","Ceratitis.roas.Karsch",0
"M_075.1","Syzygium.glomeratum","Chaetocnema.sp1",0
"M_075.1","Syzygium.glomeratum","Cheloninae.sp1",0
"M_075.1","Syzygium.glomeratum","Cheloninae.sp3",0
"M_075.1","Syzygium.glomeratum","Chrysomya.megacephala.Fabricius",0
"M_075.1","Syzygium.glomeratum","Cixiidae.sp1",0
"M_075.1","Syzygium.glomeratum","Cixiidae.sp2",0
"M_075.1","Syzygium.glomeratum","Cotesia.sp1",0
"M_075.1","Syzygium.glomeratum","Cratopus.psittacus.Faimaire",0
"M_075.1","Syzygium.glomeratum","Cryptocephalinae.sp1",0
"M_075.1","Syzygium.glomeratum","Dasytinae.sp1",0
"M_075.1","Syzygium.glomeratum","Dioxyna.sororcula.Wiedemann",0
"M_075.1","Syzygium.glomeratum","Diptera.sp2",0
"M_075.1","Syzygium.glomeratum","Diptera.sp3",0
"M_075.1","Syzygium.glomeratum","Dysauxes.florida.Joan",0
"M_075.1","Syzygium.glomeratum","Episyrphus.sp.near.circularis.Hull",0.3
"M_075.1","Syzygium.glomeratum","Eristalinus.flaveolus.Bigot",0
"M_075.1","Syzygium.glomeratum","Eumolpinae.sp2",0
"M_075.1","Syzygium.glomeratum","Eumolpinae.sp3",0
"M_075.1","Syzygium.glomeratum","Eurytonidae.sp1",0
"M_075.1","Syzygium.glomeratum","Fannia.pusio.Wiedemann",0
"M_075.1","Syzygium.glomeratum","Gelechioidea.sp1",0
"M_075.1","Syzygium.glomeratum","Gelechioidea.sp2",0
"M_075.1","Syzygium.glomeratum","Gelechioidea.sp3",0
"M_075.1","Syzygium.glomeratum","Goniurellia.or.Dectodes.sp",0
"M_075.1","Syzygium.glomeratum","Graphomya.maculata.Scopoli",0
"M_075.1","Syzygium.glomeratum","Henotesia.narcissus.Fabricius",0
"M_075.1","Syzygium.glomeratum","Hippotion.eson.Cramer",0
"M_075.1","Syzygium.glomeratum","Homoneura.sp2",0
"M_075.1","Syzygium.glomeratum","Homoneura.sp3",0
"M_075.1","Syzygium.glomeratum","Hydrotaea.fuliginosa.Robineau.Desvoidy",0
"M_075.1","Syzygium.glomeratum","Ischiodon.aegyptius.Wiedemann",0
"M_075.1","Syzygium.glomeratum","Lecithoceridae.sp1",0
"M_075.1","Syzygium.glomeratum","Leptotes.pirithous.Linnaeus",0
"M_075.1","Syzygium.glomeratum","Limnophora.quaterna.Loew",0
"M_075.1","Syzygium.glomeratum","Lygaeidae.sp2",0
"M_075.1","Syzygium.glomeratum","Lygaeidae.sp3",0
"M_075.1","Syzygium.glomeratum","Lygaeidae.sp5",0
"M_075.1","Syzygium.glomeratum","Lygistorrhina.sp",0
"M_075.1","Syzygium.glomeratum","Macroglossum.milvus.Boisduval",0
"M_075.1","Syzygium.glomeratum","Mauritiborium.undulatus",0
"M_075.1","Syzygium.glomeratum","Melanagromyza.sojae.Zehntner",0
"M_075.1","Syzygium.glomeratum","Melanostoma.annulipes.Macquart",0
"M_075.1","Syzygium.glomeratum","Melanostoma.bituberculatum.Loew",0
"M_075.1","Syzygium.glomeratum","Miridae.sp1",0
"M_075.1","Syzygium.glomeratum","Mordellidae.sp1",0
"M_075.1","Syzygium.glomeratum","Mordellidae.sp2",0
"M_075.1","Syzygium.glomeratum","Mordellidae.sp3",0
"M_075.1","Syzygium.glomeratum","Musca.confiscata.Speiser",0
"M_075.1","Syzygium.glomeratum","Musca.domestica.Linnaeus",0
"M_075.1","Syzygium.glomeratum","Nacoleia.sp1",0
"M_075.1","Syzygium.glomeratum","Nacoleia.sp2",0
"M_075.1","Syzygium.glomeratum","Nitidulidae.sp1",0
"M_075.1","Syzygium.glomeratum","Nyctemera.insulare.Boisduval",0
"M_075.1","Syzygium.glomeratum","Ophyra.capensis.Wiedemann",0
"M_075.1","Syzygium.glomeratum","Orchisia.costata.Meigen",0
"M_075.1","Syzygium.glomeratum","Ornidia.obesa.Fabricius",0
"M_075.1","Syzygium.glomeratum","Orthellia.albigena.Stein",0
"M_075.1","Syzygium.glomeratum","Pachycerina.crinicornis.Thomson",0
"M_075.1","Syzygium.glomeratum","Palexorista.sp1",0
"M_075.1","Syzygium.glomeratum","Panara.naso.Fabricius",0
"M_075.1","Syzygium.glomeratum","Paragus.borbonicus.Macquart",0
"M_075.1","Syzygium.glomeratum","Pelecophora.intemipta.All",0
"M_075.1","Syzygium.glomeratum","Phalanta.phalantha.Drury",0
"M_075.1","Syzygium.glomeratum","Pheidole.megacephala.Fabricius",0
"M_075.1","Syzygium.glomeratum","Phelsuma.cepediana.Merrem",0
"M_075.1","Syzygium.glomeratum","Phorinia.sp",0
"M_075.1","Syzygium.glomeratum","Polistes.hebraeus.Fabricius",0
"M_075.1","Syzygium.glomeratum","Psyllidae.sp2",0
"M_075.1","Syzygium.glomeratum","Sapromyza.sp.near..nudiuscula.Lamb",0
"M_075.1","Syzygium.glomeratum","Sarcophaga.arno.Curran",0
"M_075.1","Syzygium.glomeratum","Scatopsidae.sp",0
"M_075.1","Syzygium.glomeratum","Scirtidae.sp1",0
"M_075.1","Syzygium.glomeratum","Scirtidae.sp2",0
"M_075.1","Syzygium.glomeratum","Scolia.carniflex.Coquillett",0
"M_075.1","Syzygium.glomeratum","Scopariinae.sp",0
"M_075.1","Syzygium.glomeratum","Simulium.Byssodon.sp2",0
"M_075.1","Syzygium.glomeratum","Siphona.sp",0
"M_075.1","Syzygium.glomeratum","Stomorhina.lunata.Fabricius",0
"M_075.1","Syzygium.glomeratum","Stomoxys.calcitrans.Linnaeus",0
"M_075.1","Syzygium.glomeratum","Stomoxys.niger.Macquart",0
"M_075.1","Syzygium.glomeratum","Syritta.bulbus.Walker",0
"M_075.1","Syzygium.glomeratum","Syritta.nigrofemorata.Macquart",0
"M_075.1","Syzygium.glomeratum","Syritta.spnear.abyssinica.Rondani",0
"M_075.1","Syzygium.glomeratum","Technomyrmex.albipes.Smith",0
"M_075.1","Syzygium.glomeratum","Thelairodrino.sp",0
"M_075.1","Syzygium.glomeratum","Thysanoplusia.orichalcea.Fabricius",0
"M_075.1","Syzygium.glomeratum","Villa.unifasciata.Macquart",0
"M_075.1","Syzygium.glomeratum","Zosterops.mauritianus.Gmelin",0
"M_075.1","Syzygium.petrinese","Agathidinae.sp",0
"M_075.1","Syzygium.petrinese","Ahasverus.advena.Waltle",0
"M_075.1","Syzygium.petrinese","Allograpta.nasuta.Marquart",0
"M_075.1","Syzygium.petrinese","Apis.mellifera.Linnaeus",1.512605042
"M_075.1","Syzygium.petrinese","Atherigona.orientalis.Schiner",0
"M_075.1","Syzygium.petrinese","Brachymyrmex.sp",0
"M_075.1","Syzygium.petrinese","Calopsilia.florella.Fabricius",0
"M_075.1","Syzygium.petrinese","Campopleginae.sp1",0
"M_075.1","Syzygium.petrinese","Cerambycidae.sp1",0
"M_075.1","Syzygium.petrinese","Cerambycidae.sp2",0
"M_075.1","Syzygium.petrinese","Cerambycidae.sp3",0
"M_075.1","Syzygium.petrinese","Ceratitis.roas.Karsch",0
"M_075.1","Syzygium.petrinese","Chaetocnema.sp1",0
"M_075.1","Syzygium.petrinese","Cheloninae.sp1",0
"M_075.1","Syzygium.petrinese","Cheloninae.sp3",0
"M_075.1","Syzygium.petrinese","Chrysomya.megacephala.Fabricius",0
"M_075.1","Syzygium.petrinese","Cixiidae.sp1",0
"M_075.1","Syzygium.petrinese","Cixiidae.sp2",0
"M_075.1","Syzygium.petrinese","Cotesia.sp1",0
"M_075.1","Syzygium.petrinese","Cratopus.psittacus.Faimaire",0
"M_075.1","Syzygium.petrinese","Cryptocephalinae.sp1",0
"M_075.1","Syzygium.petrinese","Dasytinae.sp1",0
"M_075.1","Syzygium.petrinese","Dioxyna.sororcula.Wiedemann",0
"M_075.1","Syzygium.petrinese","Diptera.sp2",0
"M_075.1","Syzygium.petrinese","Diptera.sp3",0
"M_075.1","Syzygium.petrinese","Dysauxes.florida.Joan",0
"M_075.1","Syzygium.petrinese","Episyrphus.sp.near.circularis.Hull",0
"M_075.1","Syzygium.petrinese","Eristalinus.flaveolus.Bigot",0
"M_075.1","Syzygium.petrinese","Eumolpinae.sp2",0
"M_075.1","Syzygium.petrinese","Eumolpinae.sp3",0
"M_075.1","Syzygium.petrinese","Eurytonidae.sp1",0
"M_075.1","Syzygium.petrinese","Fannia.pusio.Wiedemann",0.1428571429
"M_075.1","Syzygium.petrinese","Gelechioidea.sp1",0
"M_075.1","Syzygium.petrinese","Gelechioidea.sp2",0
"M_075.1","Syzygium.petrinese","Gelechioidea.sp3",0
"M_075.1","Syzygium.petrinese","Goniurellia.or.Dectodes.sp",0
"M_075.1","Syzygium.petrinese","Graphomya.maculata.Scopoli",0
"M_075.1","Syzygium.petrinese","Henotesia.narcissus.Fabricius",0
"M_075.1","Syzygium.petrinese","Hippotion.eson.Cramer",0
"M_075.1","Syzygium.petrinese","Homoneura.sp2",0
"M_075.1","Syzygium.petrinese","Homoneura.sp3",0
"M_075.1","Syzygium.petrinese","Hydrotaea.fuliginosa.Robineau.Desvoidy",0
"M_075.1","Syzygium.petrinese","Ischiodon.aegyptius.Wiedemann",0
"M_075.1","Syzygium.petrinese","Lecithoceridae.sp1",0
"M_075.1","Syzygium.petrinese","Leptotes.pirithous.Linnaeus",0
"M_075.1","Syzygium.petrinese","Limnophora.quaterna.Loew",0
"M_075.1","Syzygium.petrinese","Lygaeidae.sp2",0
"M_075.1","Syzygium.petrinese","Lygaeidae.sp3",0
"M_075.1","Syzygium.petrinese","Lygaeidae.sp5",0
"M_075.1","Syzygium.petrinese","Lygistorrhina.sp",0
"M_075.1","Syzygium.petrinese","Macroglossum.milvus.Boisduval",0
"M_075.1","Syzygium.petrinese","Mauritiborium.undulatus",0
"M_075.1","Syzygium.petrinese","Melanagromyza.sojae.Zehntner",0
"M_075.1","Syzygium.petrinese","Melanostoma.annulipes.Macquart",0
"M_075.1","Syzygium.petrinese","Melanostoma.bituberculatum.Loew",0
"M_075.1","Syzygium.petrinese","Miridae.sp1",0
"M_075.1","Syzygium.petrinese","Mordellidae.sp1",0
"M_075.1","Syzygium.petrinese","Mordellidae.sp2",0
"M_075.1","Syzygium.petrinese","Mordellidae.sp3",0
"M_075.1","Syzygium.petrinese","Musca.confiscata.Speiser",0
"M_075.1","Syzygium.petrinese","Musca.domestica.Linnaeus",0.5283613445
"M_075.1","Syzygium.petrinese","Nacoleia.sp1",0
"M_075.1","Syzygium.petrinese","Nacoleia.sp2",0
"M_075.1","Syzygium.petrinese","Nitidulidae.sp1",0
"M_075.1","Syzygium.petrinese","Nyctemera.insulare.Boisduval",0
"M_075.1","Syzygium.petrinese","Ophyra.capensis.Wiedemann",0.1428571429
"M_075.1","Syzygium.petrinese","Orchisia.costata.Meigen",0
"M_075.1","Syzygium.petrinese","Ornidia.obesa.Fabricius",0.1666666667
"M_075.1","Syzygium.petrinese","Orthellia.albigena.Stein",0
"M_075.1","Syzygium.petrinese","Pachycerina.crinicornis.Thomson",0
"M_075.1","Syzygium.petrinese","Palexorista.sp1",0
"M_075.1","Syzygium.petrinese","Panara.naso.Fabricius",0
"M_075.1","Syzygium.petrinese","Paragus.borbonicus.Macquart",0
"M_075.1","Syzygium.petrinese","Pelecophora.intemipta.All",0
"M_075.1","Syzygium.petrinese","Phalanta.phalantha.Drury",0
"M_075.1","Syzygium.petrinese","Pheidole.megacephala.Fabricius",0
"M_075.1","Syzygium.petrinese","Phelsuma.cepediana.Merrem",0.2222222222
"M_075.1","Syzygium.petrinese","Phorinia.sp",0
"M_075.1","Syzygium.petrinese","Polistes.hebraeus.Fabricius",0
"M_075.1","Syzygium.petrinese","Psyllidae.sp2",0
"M_075.1","Syzygium.petrinese","Sapromyza.sp.near..nudiuscula.Lamb",0
"M_075.1","Syzygium.petrinese","Sarcophaga.arno.Curran",0.1176470588
"M_075.1","Syzygium.petrinese","Scatopsidae.sp",0
"M_075.1","Syzygium.petrinese","Scirtidae.sp1",0
"M_075.1","Syzygium.petrinese","Scirtidae.sp2",0
"M_075.1","Syzygium.petrinese","Scolia.carniflex.Coquillett",0
"M_075.1","Syzygium.petrinese","Scopariinae.sp",0
"M_075.1","Syzygium.petrinese","Simulium.Byssodon.sp2",0
"M_075.1","Syzygium.petrinese","Siphona.sp",0
"M_075.1","Syzygium.petrinese","Stomorhina.lunata.Fabricius",0.1176470588
"M_075.1","Syzygium.petrinese","Stomoxys.calcitrans.Linnaeus",0
"M_075.1","Syzygium.petrinese","Stomoxys.niger.Macquart",0
"M_075.1","Syzygium.petrinese","Syritta.bulbus.Walker",0
"M_075.1","Syzygium.petrinese","Syritta.nigrofemorata.Macquart",0
"M_075.1","Syzygium.petrinese","Syritta.spnear.abyssinica.Rondani",0
"M_075.1","Syzygium.petrinese","Technomyrmex.albipes.Smith",0
"M_075.1","Syzygium.petrinese","Thelairodrino.sp",0
"M_075.1","Syzygium.petrinese","Thysanoplusia.orichalcea.Fabricius",0
"M_075.1","Syzygium.petrinese","Villa.unifasciata.Macquart",0
"M_075.1","Syzygium.petrinese","Zosterops.mauritianus.Gmelin",0
"M_075.1","Tabernaemontana.persicarifolia","Agathidinae.sp",0
"M_075.1","Tabernaemontana.persicarifolia","Ahasverus.advena.Waltle",0
"M_075.1","Tabernaemontana.persicarifolia","Allograpta.nasuta.Marquart",0
"M_075.1","Tabernaemontana.persicarifolia","Apis.mellifera.Linnaeus",0
"M_075.1","Tabernaemontana.persicarifolia","Atherigona.orientalis.Schiner",0
"M_075.1","Tabernaemontana.persicarifolia","Brachymyrmex.sp",0
"M_075.1","Tabernaemontana.persicarifolia","Calopsilia.florella.Fabricius",0
"M_075.1","Tabernaemontana.persicarifolia","Campopleginae.sp1",0
"M_075.1","Tabernaemontana.persicarifolia","Cerambycidae.sp1",0
"M_075.1","Tabernaemontana.persicarifolia","Cerambycidae.sp2",0
"M_075.1","Tabernaemontana.persicarifolia","Cerambycidae.sp3",0
"M_075.1","Tabernaemontana.persicarifolia","Ceratitis.roas.Karsch",0
"M_075.1","Tabernaemontana.persicarifolia","Chaetocnema.sp1",0.8571428571
"M_075.1","Tabernaemontana.persicarifolia","Cheloninae.sp1",0
"M_075.1","Tabernaemontana.persicarifolia","Cheloninae.sp3",0
"M_075.1","Tabernaemontana.persicarifolia","Chrysomya.megacephala.Fabricius",0
"M_075.1","Tabernaemontana.persicarifolia","Cixiidae.sp1",0
"M_075.1","Tabernaemontana.persicarifolia","Cixiidae.sp2",0
"M_075.1","Tabernaemontana.persicarifolia","Cotesia.sp1",0
"M_075.1","Tabernaemontana.persicarifolia","Cratopus.psittacus.Faimaire",0
"M_075.1","Tabernaemontana.persicarifolia","Cryptocephalinae.sp1",0
"M_075.1","Tabernaemontana.persicarifolia","Dasytinae.sp1",0
"M_075.1","Tabernaemontana.persicarifolia","Dioxyna.sororcula.Wiedemann",0
"M_075.1","Tabernaemontana.persicarifolia","Diptera.sp2",0
"M_075.1","Tabernaemontana.persicarifolia","Diptera.sp3",0
"M_075.1","Tabernaemontana.persicarifolia","Dysauxes.florida.Joan",0
"M_075.1","Tabernaemontana.persicarifolia","Episyrphus.sp.near.circularis.Hull",0
"M_075.1","Tabernaemontana.persicarifolia","Eristalinus.flaveolus.Bigot",0
"M_075.1","Tabernaemontana.persicarifolia","Eumolpinae.sp2",0
"M_075.1","Tabernaemontana.persicarifolia","Eumolpinae.sp3",0
"M_075.1","Tabernaemontana.persicarifolia","Eurytonidae.sp1",0
"M_075.1","Tabernaemontana.persicarifolia","Fannia.pusio.Wiedemann",0
"M_075.1","Tabernaemontana.persicarifolia","Gelechioidea.sp1",0
"M_075.1","Tabernaemontana.persicarifolia","Gelechioidea.sp2",0
"M_075.1","Tabernaemontana.persicarifolia","Gelechioidea.sp3",0
"M_075.1","Tabernaemontana.persicarifolia","Goniurellia.or.Dectodes.sp",0
"M_075.1","Tabernaemontana.persicarifolia","Graphomya.maculata.Scopoli",0
"M_075.1","Tabernaemontana.persicarifolia","Henotesia.narcissus.Fabricius",0
"M_075.1","Tabernaemontana.persicarifolia","Hippotion.eson.Cramer",0
"M_075.1","Tabernaemontana.persicarifolia","Homoneura.sp2",0
"M_075.1","Tabernaemontana.persicarifolia","Homoneura.sp3",0
"M_075.1","Tabernaemontana.persicarifolia","Hydrotaea.fuliginosa.Robineau.Desvoidy",0
"M_075.1","Tabernaemontana.persicarifolia","Ischiodon.aegyptius.Wiedemann",0
"M_075.1","Tabernaemontana.persicarifolia","Lecithoceridae.sp1",0
"M_075.1","Tabernaemontana.persicarifolia","Leptotes.pirithous.Linnaeus",0
"M_075.1","Tabernaemontana.persicarifolia","Limnophora.quaterna.Loew",0
"M_075.1","Tabernaemontana.persicarifolia","Lygaeidae.sp2",0
"M_075.1","Tabernaemontana.persicarifolia","Lygaeidae.sp3",0
"M_075.1","Tabernaemontana.persicarifolia","Lygaeidae.sp5",0
"M_075.1","Tabernaemontana.persicarifolia","Lygistorrhina.sp",0
"M_075.1","Tabernaemontana.persicarifolia","Macroglossum.milvus.Boisduval",0
"M_075.1","Tabernaemontana.persicarifolia","Mauritiborium.undulatus",0
"M_075.1","Tabernaemontana.persicarifolia","Melanagromyza.sojae.Zehntner",0
"M_075.1","Tabernaemontana.persicarifolia","Melanostoma.annulipes.Macquart",0
"M_075.1","Tabernaemontana.persicarifolia","Melanostoma.bituberculatum.Loew",0
"M_075.1","Tabernaemontana.persicarifolia","Miridae.sp1",0
"M_075.1","Tabernaemontana.persicarifolia","Mordellidae.sp1",0
"M_075.1","Tabernaemontana.persicarifolia","Mordellidae.sp2",0
"M_075.1","Tabernaemontana.persicarifolia","Mordellidae.sp3",0
"M_075.1","Tabernaemontana.persicarifolia","Musca.confiscata.Speiser",0
"M_075.1","Tabernaemontana.persicarifolia","Musca.domestica.Linnaeus",0
"M_075.1","Tabernaemontana.persicarifolia","Nacoleia.sp1",0.8255494505
"M_075.1","Tabernaemontana.persicarifolia","Nacoleia.sp2",0
"M_075.1","Tabernaemontana.persicarifolia","Nitidulidae.sp1",0
"M_075.1","Tabernaemontana.persicarifolia","Nyctemera.insulare.Boisduval",0
"M_075.1","Tabernaemontana.persicarifolia","Ophyra.capensis.Wiedemann",0
"M_075.1","Tabernaemontana.persicarifolia","Orchisia.costata.Meigen",0
"M_075.1","Tabernaemontana.persicarifolia","Ornidia.obesa.Fabricius",0
"M_075.1","Tabernaemontana.persicarifolia","Orthellia.albigena.Stein",0
"M_075.1","Tabernaemontana.persicarifolia","Pachycerina.crinicornis.Thomson",0
"M_075.1","Tabernaemontana.persicarifolia","Palexorista.sp1",0
"M_075.1","Tabernaemontana.persicarifolia","Panara.naso.Fabricius",0
"M_075.1","Tabernaemontana.persicarifolia","Paragus.borbonicus.Macquart",0
"M_075.1","Tabernaemontana.persicarifolia","Pelecophora.intemipta.All",0
"M_075.1","Tabernaemontana.persicarifolia","Phalanta.phalantha.Drury",0
"M_075.1","Tabernaemontana.persicarifolia","Pheidole.megacephala.Fabricius",0
"M_075.1","Tabernaemontana.persicarifolia","Phelsuma.cepediana.Merrem",0
"M_075.1","Tabernaemontana.persicarifolia","Phorinia.sp",0
"M_075.1","Tabernaemontana.persicarifolia","Polistes.hebraeus.Fabricius",0
"M_075.1","Tabernaemontana.persicarifolia","Psyllidae.sp2",0
"M_075.1","Tabernaemontana.persicarifolia","Sapromyza.sp.near..nudiuscula.Lamb",0
"M_075.1","Tabernaemontana.persicarifolia","Sarcophaga.arno.Curran",0
"M_075.1","Tabernaemontana.persicarifolia","Scatopsidae.sp",0
"M_075.1","Tabernaemontana.persicarifolia","Scirtidae.sp1",0
"M_075.1","Tabernaemontana.persicarifolia","Scirtidae.sp2",0
"M_075.1","Tabernaemontana.persicarifolia","Scolia.carniflex.Coquillett",0
"M_075.1","Tabernaemontana.persicarifolia","Scopariinae.sp",0
"M_075.1","Tabernaemontana.persicarifolia","Simulium.Byssodon.sp2",0
"M_075.1","Tabernaemontana.persicarifolia","Siphona.sp",0
"M_075.1","Tabernaemontana.persicarifolia","Stomorhina.lunata.Fabricius",0
"M_075.1","Tabernaemontana.persicarifolia","Stomoxys.calcitrans.Linnaeus",0
"M_075.1","Tabernaemontana.persicarifolia","Stomoxys.niger.Macquart",0
"M_075.1","Tabernaemontana.persicarifolia","Syritta.bulbus.Walker",0
"M_075.1","Tabernaemontana.persicarifolia","Syritta.nigrofemorata.Macquart",0
"M_075.1","Tabernaemontana.persicarifolia","Syritta.spnear.abyssinica.Rondani",0
"M_075.1","Tabernaemontana.persicarifolia","Technomyrmex.albipes.Smith",0.5
"M_075.1","Tabernaemontana.persicarifolia","Thelairodrino.sp",0
"M_075.1","Tabernaemontana.persicarifolia","Thysanoplusia.orichalcea.Fabricius",0
"M_075.1","Tabernaemontana.persicarifolia","Villa.unifasciata.Macquart",0
"M_075.1","Tabernaemontana.persicarifolia","Zosterops.mauritianus.Gmelin",0
"M_075.1","Toddalia.asiatica","Agathidinae.sp",0
"M_075.1","Toddalia.asiatica","Ahasverus.advena.Waltle",0
"M_075.1","Toddalia.asiatica","Allograpta.nasuta.Marquart",0.0909090909
"M_075.1","Toddalia.asiatica","Apis.mellifera.Linnaeus",0
"M_075.1","Toddalia.asiatica","Atherigona.orientalis.Schiner",0
"M_075.1","Toddalia.asiatica","Brachymyrmex.sp",0.1111111111
"M_075.1","Toddalia.asiatica","Calopsilia.florella.Fabricius",0
"M_075.1","Toddalia.asiatica","Campopleginae.sp1",0
"M_075.1","Toddalia.asiatica","Cerambycidae.sp1",0
"M_075.1","Toddalia.asiatica","Cerambycidae.sp2",0
"M_075.1","Toddalia.asiatica","Cerambycidae.sp3",0
"M_075.1","Toddalia.asiatica","Ceratitis.roas.Karsch",0
"M_075.1","Toddalia.asiatica","Chaetocnema.sp1",6.4266666667
"M_075.1","Toddalia.asiatica","Cheloninae.sp1",0
"M_075.1","Toddalia.asiatica","Cheloninae.sp3",0
"M_075.1","Toddalia.asiatica","Chrysomya.megacephala.Fabricius",0.1818181818
"M_075.1","Toddalia.asiatica","Cixiidae.sp1",0
"M_075.1","Toddalia.asiatica","Cixiidae.sp2",0
"M_075.1","Toddalia.asiatica","Cotesia.sp1",0
"M_075.1","Toddalia.asiatica","Cratopus.psittacus.Faimaire",0
"M_075.1","Toddalia.asiatica","Cryptocephalinae.sp1",0
"M_075.1","Toddalia.asiatica","Dasytinae.sp1",0
"M_075.1","Toddalia.asiatica","Dioxyna.sororcula.Wiedemann",0.3333333333
"M_075.1","Toddalia.asiatica","Diptera.sp2",0
"M_075.1","Toddalia.asiatica","Diptera.sp3",0
"M_075.1","Toddalia.asiatica","Dysauxes.florida.Joan",1.9884848485
"M_075.1","Toddalia.asiatica","Episyrphus.sp.near.circularis.Hull",0
"M_075.1","Toddalia.asiatica","Eristalinus.flaveolus.Bigot",0
"M_075.1","Toddalia.asiatica","Eumolpinae.sp2",0
"M_075.1","Toddalia.asiatica","Eumolpinae.sp3",0
"M_075.1","Toddalia.asiatica","Eurytonidae.sp1",0
"M_075.1","Toddalia.asiatica","Fannia.pusio.Wiedemann",0.24
"M_075.1","Toddalia.asiatica","Gelechioidea.sp1",0
"M_075.1","Toddalia.asiatica","Gelechioidea.sp2",0
"M_075.1","Toddalia.asiatica","Gelechioidea.sp3",0
"M_075.1","Toddalia.asiatica","Goniurellia.or.Dectodes.sp",0
"M_075.1","Toddalia.asiatica","Graphomya.maculata.Scopoli",0
"M_075.1","Toddalia.asiatica","Henotesia.narcissus.Fabricius",0
"M_075.1","Toddalia.asiatica","Hippotion.eson.Cramer",0
"M_075.1","Toddalia.asiatica","Homoneura.sp2",0
"M_075.1","Toddalia.asiatica","Homoneura.sp3",0
"M_075.1","Toddalia.asiatica","Hydrotaea.fuliginosa.Robineau.Desvoidy",0
"M_075.1","Toddalia.asiatica","Ischiodon.aegyptius.Wiedemann",0
"M_075.1","Toddalia.asiatica","Lecithoceridae.sp1",0
"M_075.1","Toddalia.asiatica","Leptotes.pirithous.Linnaeus",0
"M_075.1","Toddalia.asiatica","Limnophora.quaterna.Loew",0
"M_075.1","Toddalia.asiatica","Lygaeidae.sp2",0
"M_075.1","Toddalia.asiatica","Lygaeidae.sp3",0
"M_075.1","Toddalia.asiatica","Lygaeidae.sp5",0
"M_075.1","Toddalia.asiatica","Lygistorrhina.sp",0
"M_075.1","Toddalia.asiatica","Macroglossum.milvus.Boisduval",0
"M_075.1","Toddalia.asiatica","Mauritiborium.undulatus",0.25
"M_075.1","Toddalia.asiatica","Melanagromyza.sojae.Zehntner",0
"M_075.1","Toddalia.asiatica","Melanostoma.annulipes.Macquart",0.5236363636
"M_075.1","Toddalia.asiatica","Melanostoma.bituberculatum.Loew",0
"M_075.1","Toddalia.asiatica","Miridae.sp1",0
"M_075.1","Toddalia.asiatica","Mordellidae.sp1",0
"M_075.1","Toddalia.asiatica","Mordellidae.sp2",0
"M_075.1","Toddalia.asiatica","Mordellidae.sp3",0
"M_075.1","Toddalia.asiatica","Musca.confiscata.Speiser",0
"M_075.1","Toddalia.asiatica","Musca.domestica.Linnaeus",0
"M_075.1","Toddalia.asiatica","Nacoleia.sp1",0.2222222222
"M_075.1","Toddalia.asiatica","Nacoleia.sp2",0
"M_075.1","Toddalia.asiatica","Nitidulidae.sp1",0
"M_075.1","Toddalia.asiatica","Nyctemera.insulare.Boisduval",0
"M_075.1","Toddalia.asiatica","Ophyra.capensis.Wiedemann",0
"M_075.1","Toddalia.asiatica","Orchisia.costata.Meigen",0
"M_075.1","Toddalia.asiatica","Ornidia.obesa.Fabricius",0
"M_075.1","Toddalia.asiatica","Orthellia.albigena.Stein",0
"M_075.1","Toddalia.asiatica","Pachycerina.crinicornis.Thomson",1.2622222222
"M_075.1","Toddalia.asiatica","Palexorista.sp1",0
"M_075.1","Toddalia.asiatica","Panara.naso.Fabricius",0
"M_075.1","Toddalia.asiatica","Paragus.borbonicus.Macquart",0
"M_075.1","Toddalia.asiatica","Pelecophora.intemipta.All",0
"M_075.1","Toddalia.asiatica","Phalanta.phalantha.Drury",0
"M_075.1","Toddalia.asiatica","Pheidole.megacephala.Fabricius",0
"M_075.1","Toddalia.asiatica","Phelsuma.cepediana.Merrem",0
"M_075.1","Toddalia.asiatica","Phorinia.sp",0
"M_075.1","Toddalia.asiatica","Polistes.hebraeus.Fabricius",0.25
"M_075.1","Toddalia.asiatica","Psyllidae.sp2",0
"M_075.1","Toddalia.asiatica","Sapromyza.sp.near..nudiuscula.Lamb",0.08
"M_075.1","Toddalia.asiatica","Sarcophaga.arno.Curran",0
"M_075.1","Toddalia.asiatica","Scatopsidae.sp",0
"M_075.1","Toddalia.asiatica","Scirtidae.sp1",0
"M_075.1","Toddalia.asiatica","Scirtidae.sp2",0
"M_075.1","Toddalia.asiatica","Scolia.carniflex.Coquillett",0
"M_075.1","Toddalia.asiatica","Scopariinae.sp",0
"M_075.1","Toddalia.asiatica","Simulium.Byssodon.sp2",0
"M_075.1","Toddalia.asiatica","Siphona.sp",0
"M_075.1","Toddalia.asiatica","Stomorhina.lunata.Fabricius",0.9272727273
"M_075.1","Toddalia.asiatica","Stomoxys.calcitrans.Linnaeus",0
"M_075.1","Toddalia.asiatica","Stomoxys.niger.Macquart",0
"M_075.1","Toddalia.asiatica","Syritta.bulbus.Walker",0
"M_075.1","Toddalia.asiatica","Syritta.nigrofemorata.Macquart",0
"M_075.1","Toddalia.asiatica","Syritta.spnear.abyssinica.Rondani",0
"M_075.1","Toddalia.asiatica","Technomyrmex.albipes.Smith",2.0833333333
"M_075.1","Toddalia.asiatica","Thelairodrino.sp",0
"M_075.1","Toddalia.asiatica","Thysanoplusia.orichalcea.Fabricius",0
"M_075.1","Toddalia.asiatica","Villa.unifasciata.Macquart",0
"M_075.1","Toddalia.asiatica","Zosterops.mauritianus.Gmelin",0
"M_075.1","Tristhema.mauritiana","Agathidinae.sp",0
"M_075.1","Tristhema.mauritiana","Ahasverus.advena.Waltle",0
"M_075.1","Tristhema.mauritiana","Allograpta.nasuta.Marquart",0
"M_075.1","Tristhema.mauritiana","Apis.mellifera.Linnaeus",0
"M_075.1","Tristhema.mauritiana","Atherigona.orientalis.Schiner",0
"M_075.1","Tristhema.mauritiana","Brachymyrmex.sp",0
"M_075.1","Tristhema.mauritiana","Calopsilia.florella.Fabricius",0
"M_075.1","Tristhema.mauritiana","Campopleginae.sp1",0
"M_075.1","Tristhema.mauritiana","Cerambycidae.sp1",0
"M_075.1","Tristhema.mauritiana","Cerambycidae.sp2",0
"M_075.1","Tristhema.mauritiana","Cerambycidae.sp3",0
"M_075.1","Tristhema.mauritiana","Ceratitis.roas.Karsch",0
"M_075.1","Tristhema.mauritiana","Chaetocnema.sp1",0
"M_075.1","Tristhema.mauritiana","Cheloninae.sp1",0
"M_075.1","Tristhema.mauritiana","Cheloninae.sp3",0
"M_075.1","Tristhema.mauritiana","Chrysomya.megacephala.Fabricius",0
"M_075.1","Tristhema.mauritiana","Cixiidae.sp1",0
"M_075.1","Tristhema.mauritiana","Cixiidae.sp2",0
"M_075.1","Tristhema.mauritiana","Cotesia.sp1",0
"M_075.1","Tristhema.mauritiana","Cratopus.psittacus.Faimaire",0
"M_075.1","Tristhema.mauritiana","Cryptocephalinae.sp1",0
"M_075.1","Tristhema.mauritiana","Dasytinae.sp1",0
"M_075.1","Tristhema.mauritiana","Dioxyna.sororcula.Wiedemann",0
"M_075.1","Tristhema.mauritiana","Diptera.sp2",0
"M_075.1","Tristhema.mauritiana","Diptera.sp3",0
"M_075.1","Tristhema.mauritiana","Dysauxes.florida.Joan",0
"M_075.1","Tristhema.mauritiana","Episyrphus.sp.near.circularis.Hull",0
"M_075.1","Tristhema.mauritiana","Eristalinus.flaveolus.Bigot",0
"M_075.1","Tristhema.mauritiana","Eumolpinae.sp2",0
"M_075.1","Tristhema.mauritiana","Eumolpinae.sp3",0
"M_075.1","Tristhema.mauritiana","Eurytonidae.sp1",0
"M_075.1","Tristhema.mauritiana","Fannia.pusio.Wiedemann",0
"M_075.1","Tristhema.mauritiana","Gelechioidea.sp1",0
"M_075.1","Tristhema.mauritiana","Gelechioidea.sp2",0
"M_075.1","Tristhema.mauritiana","Gelechioidea.sp3",0
"M_075.1","Tristhema.mauritiana","Goniurellia.or.Dectodes.sp",0
"M_075.1","Tristhema.mauritiana","Graphomya.maculata.Scopoli",0
"M_075.1","Tristhema.mauritiana","Henotesia.narcissus.Fabricius",0
"M_075.1","Tristhema.mauritiana","Hippotion.eson.Cramer",0
"M_075.1","Tristhema.mauritiana","Homoneura.sp2",0
"M_075.1","Tristhema.mauritiana","Homoneura.sp3",0
"M_075.1","Tristhema.mauritiana","Hydrotaea.fuliginosa.Robineau.Desvoidy",0
"M_075.1","Tristhema.mauritiana","Ischiodon.aegyptius.Wiedemann",0
"M_075.1","Tristhema.mauritiana","Lecithoceridae.sp1",0
"M_075.1","Tristhema.mauritiana","Leptotes.pirithous.Linnaeus",0
"M_075.1","Tristhema.mauritiana","Limnophora.quaterna.Loew",0
"M_075.1","Tristhema.mauritiana","Lygaeidae.sp2",0
"M_075.1","Tristhema.mauritiana","Lygaeidae.sp3",0
"M_075.1","Tristhema.mauritiana","Lygaeidae.sp5",0
"M_075.1","Tristhema.mauritiana","Lygistorrhina.sp",0
"M_075.1","Tristhema.mauritiana","Macroglossum.milvus.Boisduval",0
"M_075.1","Tristhema.mauritiana","Mauritiborium.undulatus",0
"M_075.1","Tristhema.mauritiana","Melanagromyza.sojae.Zehntner",0
"M_075.1","Tristhema.mauritiana","Melanostoma.annulipes.Macquart",0
"M_075.1","Tristhema.mauritiana","Melanostoma.bituberculatum.Loew",0
"M_075.1","Tristhema.mauritiana","Miridae.sp1",0
"M_075.1","Tristhema.mauritiana","Mordellidae.sp1",0
"M_075.1","Tristhema.mauritiana","Mordellidae.sp2",0
"M_075.1","Tristhema.mauritiana","Mordellidae.sp3",0
"M_075.1","Tristhema.mauritiana","Musca.confiscata.Speiser",0
"M_075.1","Tristhema.mauritiana","Musca.domestica.Linnaeus",0
"M_075.1","Tristhema.mauritiana","Nacoleia.sp1",0
"M_075.1","Tristhema.mauritiana","Nacoleia.sp2",0
"M_075.1","Tristhema.mauritiana","Nitidulidae.sp1",0
"M_075.1","Tristhema.mauritiana","Nyctemera.insulare.Boisduval",0
"M_075.1","Tristhema.mauritiana","Ophyra.capensis.Wiedemann",0
"M_075.1","Tristhema.mauritiana","Orchisia.costata.Meigen",0
"M_075.1","Tristhema.mauritiana","Ornidia.obesa.Fabricius",0
"M_075.1","Tristhema.mauritiana","Orthellia.albigena.Stein",0
"M_075.1","Tristhema.mauritiana","Pachycerina.crinicornis.Thomson",0
"M_075.1","Tristhema.mauritiana","Palexorista.sp1",0
"M_075.1","Tristhema.mauritiana","Panara.naso.Fabricius",0
"M_075.1","Tristhema.mauritiana","Paragus.borbonicus.Macquart",0
"M_075.1","Tristhema.mauritiana","Pelecophora.intemipta.All",0
"M_075.1","Tristhema.mauritiana","Phalanta.phalantha.Drury",1
"M_075.1","Tristhema.mauritiana","Pheidole.megacephala.Fabricius",0
"M_075.1","Tristhema.mauritiana","Phelsuma.cepediana.Merrem",0
"M_075.1","Tristhema.mauritiana","Phorinia.sp",0
"M_075.1","Tristhema.mauritiana","Polistes.hebraeus.Fabricius",0
"M_075.1","Tristhema.mauritiana","Psyllidae.sp2",0
"M_075.1","Tristhema.mauritiana","Sapromyza.sp.near..nudiuscula.Lamb",0
"M_075.1","Tristhema.mauritiana","Sarcophaga.arno.Curran",0
"M_075.1","Tristhema.mauritiana","Scatopsidae.sp",0
"M_075.1","Tristhema.mauritiana","Scirtidae.sp1",0
"M_075.1","Tristhema.mauritiana","Scirtidae.sp2",0
"M_075.1","Tristhema.mauritiana","Scolia.carniflex.Coquillett",0
"M_075.1","Tristhema.mauritiana","Scopariinae.sp",0
"M_075.1","Tristhema.mauritiana","Simulium.Byssodon.sp2",0
"M_075.1","Tristhema.mauritiana","Siphona.sp",0
"M_075.1","Tristhema.mauritiana","Stomorhina.lunata.Fabricius",0
"M_075.1","Tristhema.mauritiana","Stomoxys.calcitrans.Linnaeus",0
"M_075.1","Tristhema.mauritiana","Stomoxys.niger.Macquart",0
"M_075.1","Tristhema.mauritiana","Syritta.bulbus.Walker",0
"M_075.1","Tristhema.mauritiana","Syritta.nigrofemorata.Macquart",0
"M_075.1","Tristhema.mauritiana","Syritta.spnear.abyssinica.Rondani",0
"M_075.1","Tristhema.mauritiana","Technomyrmex.albipes.Smith",0
"M_075.1","Tristhema.mauritiana","Thelairodrino.sp",0
"M_075.1","Tristhema.mauritiana","Thysanoplusia.orichalcea.Fabricius",0
"M_075.1","Tristhema.mauritiana","Villa.unifasciata.Macquart",3
"M_075.1","Tristhema.mauritiana","Zosterops.mauritianus.Gmelin",0
"M_075.1","Trochetia.blackburniana","Agathidinae.sp",0
"M_075.1","Trochetia.blackburniana","Ahasverus.advena.Waltle",0
"M_075.1","Trochetia.blackburniana","Allograpta.nasuta.Marquart",0
"M_075.1","Trochetia.blackburniana","Apis.mellifera.Linnaeus",4.1666666667
"M_075.1","Trochetia.blackburniana","Atherigona.orientalis.Schiner",0
"M_075.1","Trochetia.blackburniana","Brachymyrmex.sp",0
"M_075.1","Trochetia.blackburniana","Calopsilia.florella.Fabricius",0
"M_075.1","Trochetia.blackburniana","Campopleginae.sp1",0
"M_075.1","Trochetia.blackburniana","Cerambycidae.sp1",0
"M_075.1","Trochetia.blackburniana","Cerambycidae.sp2",0
"M_075.1","Trochetia.blackburniana","Cerambycidae.sp3",0
"M_075.1","Trochetia.blackburniana","Ceratitis.roas.Karsch",0
"M_075.1","Trochetia.blackburniana","Chaetocnema.sp1",0
"M_075.1","Trochetia.blackburniana","Cheloninae.sp1",0
"M_075.1","Trochetia.blackburniana","Cheloninae.sp3",0
"M_075.1","Trochetia.blackburniana","Chrysomya.megacephala.Fabricius",0
"M_075.1","Trochetia.blackburniana","Cixiidae.sp1",0
"M_075.1","Trochetia.blackburniana","Cixiidae.sp2",0
"M_075.1","Trochetia.blackburniana","Cotesia.sp1",0
"M_075.1","Trochetia.blackburniana","Cratopus.psittacus.Faimaire",0
"M_075.1","Trochetia.blackburniana","Cryptocephalinae.sp1",0
"M_075.1","Trochetia.blackburniana","Dasytinae.sp1",0
"M_075.1","Trochetia.blackburniana","Dioxyna.sororcula.Wiedemann",0
"M_075.1","Trochetia.blackburniana","Diptera.sp2",0
"M_075.1","Trochetia.blackburniana","Diptera.sp3",0
"M_075.1","Trochetia.blackburniana","Dysauxes.florida.Joan",0
"M_075.1","Trochetia.blackburniana","Episyrphus.sp.near.circularis.Hull",0
"M_075.1","Trochetia.blackburniana","Eristalinus.flaveolus.Bigot",0
"M_075.1","Trochetia.blackburniana","Eumolpinae.sp2",0
"M_075.1","Trochetia.blackburniana","Eumolpinae.sp3",0
"M_075.1","Trochetia.blackburniana","Eurytonidae.sp1",0
"M_075.1","Trochetia.blackburniana","Fannia.pusio.Wiedemann",0
"M_075.1","Trochetia.blackburniana","Gelechioidea.sp1",0
"M_075.1","Trochetia.blackburniana","Gelechioidea.sp2",0
"M_075.1","Trochetia.blackburniana","Gelechioidea.sp3",0
"M_075.1","Trochetia.blackburniana","Goniurellia.or.Dectodes.sp",0
"M_075.1","Trochetia.blackburniana","Graphomya.maculata.Scopoli",0
"M_075.1","Trochetia.blackburniana","Henotesia.narcissus.Fabricius",0
"M_075.1","Trochetia.blackburniana","Hippotion.eson.Cramer",0
"M_075.1","Trochetia.blackburniana","Homoneura.sp2",0
"M_075.1","Trochetia.blackburniana","Homoneura.sp3",0
"M_075.1","Trochetia.blackburniana","Hydrotaea.fuliginosa.Robineau.Desvoidy",0
"M_075.1","Trochetia.blackburniana","Ischiodon.aegyptius.Wiedemann",0
"M_075.1","Trochetia.blackburniana","Lecithoceridae.sp1",0
"M_075.1","Trochetia.blackburniana","Leptotes.pirithous.Linnaeus",0
"M_075.1","Trochetia.blackburniana","Limnophora.quaterna.Loew",0
"M_075.1","Trochetia.blackburniana","Lygaeidae.sp2",0
"M_075.1","Trochetia.blackburniana","Lygaeidae.sp3",0
"M_075.1","Trochetia.blackburniana","Lygaeidae.sp5",0
"M_075.1","Trochetia.blackburniana","Lygistorrhina.sp",0
"M_075.1","Trochetia.blackburniana","Macroglossum.milvus.Boisduval",0
"M_075.1","Trochetia.blackburniana","Mauritiborium.undulatus",0
"M_075.1","Trochetia.blackburniana","Melanagromyza.sojae.Zehntner",0
"M_075.1","Trochetia.blackburniana","Melanostoma.annulipes.Macquart",0
"M_075.1","Trochetia.blackburniana","Melanostoma.bituberculatum.Loew",0
"M_075.1","Trochetia.blackburniana","Miridae.sp1",0
"M_075.1","Trochetia.blackburniana","Mordellidae.sp1",0
"M_075.1","Trochetia.blackburniana","Mordellidae.sp2",0
"M_075.1","Trochetia.blackburniana","Mordellidae.sp3",0
"M_075.1","Trochetia.blackburniana","Musca.confiscata.Speiser",0
"M_075.1","Trochetia.blackburniana","Musca.domestica.Linnaeus",0
"M_075.1","Trochetia.blackburniana","Nacoleia.sp1",0
"M_075.1","Trochetia.blackburniana","Nacoleia.sp2",0
"M_075.1","Trochetia.blackburniana","Nitidulidae.sp1",0
"M_075.1","Trochetia.blackburniana","Nyctemera.insulare.Boisduval",0
"M_075.1","Trochetia.blackburniana","Ophyra.capensis.Wiedemann",0
"M_075.1","Trochetia.blackburniana","Orchisia.costata.Meigen",0
"M_075.1","Trochetia.blackburniana","Ornidia.obesa.Fabricius",0
"M_075.1","Trochetia.blackburniana","Orthellia.albigena.Stein",0
"M_075.1","Trochetia.blackburniana","Pachycerina.crinicornis.Thomson",0
"M_075.1","Trochetia.blackburniana","Palexorista.sp1",0
"M_075.1","Trochetia.blackburniana","Panara.naso.Fabricius",0
"M_075.1","Trochetia.blackburniana","Paragus.borbonicus.Macquart",0
"M_075.1","Trochetia.blackburniana","Pelecophora.intemipta.All",0
"M_075.1","Trochetia.blackburniana","Phalanta.phalantha.Drury",0
"M_075.1","Trochetia.blackburniana","Pheidole.megacephala.Fabricius",0
"M_075.1","Trochetia.blackburniana","Phelsuma.cepediana.Merrem",0
"M_075.1","Trochetia.blackburniana","Phorinia.sp",0
"M_075.1","Trochetia.blackburniana","Polistes.hebraeus.Fabricius",0
"M_075.1","Trochetia.blackburniana","Psyllidae.sp2",0
"M_075.1","Trochetia.blackburniana","Sapromyza.sp.near..nudiuscula.Lamb",0
"M_075.1","Trochetia.blackburniana","Sarcophaga.arno.Curran",0.6666666667
"M_075.1","Trochetia.blackburniana","Scatopsidae.sp",0
"M_075.1","Trochetia.blackburniana","Scirtidae.sp1",0
"M_075.1","Trochetia.blackburniana","Scirtidae.sp2",0
"M_075.1","Trochetia.blackburniana","Scolia.carniflex.Coquillett",0
"M_075.1","Trochetia.blackburniana","Scopariinae.sp",0
"M_075.1","Trochetia.blackburniana","Simulium.Byssodon.sp2",0
"M_075.1","Trochetia.blackburniana","Siphona.sp",0
"M_075.1","Trochetia.blackburniana","Stomorhina.lunata.Fabricius",0
"M_075.1","Trochetia.blackburniana","Stomoxys.calcitrans.Linnaeus",0
"M_075.1","Trochetia.blackburniana","Stomoxys.niger.Macquart",0
"M_075.1","Trochetia.blackburniana","Syritta.bulbus.Walker",0
"M_075.1","Trochetia.blackburniana","Syritta.nigrofemorata.Macquart",0
"M_075.1","Trochetia.blackburniana","Syritta.spnear.abyssinica.Rondani",0
"M_075.1","Trochetia.blackburniana","Technomyrmex.albipes.Smith",0
"M_075.1","Trochetia.blackburniana","Thelairodrino.sp",0
"M_075.1","Trochetia.blackburniana","Thysanoplusia.orichalcea.Fabricius",0
"M_075.1","Trochetia.blackburniana","Villa.unifasciata.Macquart",0
"M_075.1","Trochetia.blackburniana","Zosterops.mauritianus.Gmelin",0
"M_075.1","Turraea.rigida","Agathidinae.sp",0
"M_075.1","Turraea.rigida","Ahasverus.advena.Waltle",0
"M_075.1","Turraea.rigida","Allograpta.nasuta.Marquart",0
"M_075.1","Turraea.rigida","Apis.mellifera.Linnaeus",0
"M_075.1","Turraea.rigida","Atherigona.orientalis.Schiner",0
"M_075.1","Turraea.rigida","Brachymyrmex.sp",0
"M_075.1","Turraea.rigida","Calopsilia.florella.Fabricius",0
"M_075.1","Turraea.rigida","Campopleginae.sp1",0
"M_075.1","Turraea.rigida","Cerambycidae.sp1",0
"M_075.1","Turraea.rigida","Cerambycidae.sp2",0
"M_075.1","Turraea.rigida","Cerambycidae.sp3",0
"M_075.1","Turraea.rigida","Ceratitis.roas.Karsch",0
"M_075.1","Turraea.rigida","Chaetocnema.sp1",0
"M_075.1","Turraea.rigida","Cheloninae.sp1",0
"M_075.1","Turraea.rigida","Cheloninae.sp3",0
"M_075.1","Turraea.rigida","Chrysomya.megacephala.Fabricius",0
"M_075.1","Turraea.rigida","Cixiidae.sp1",0
"M_075.1","Turraea.rigida","Cixiidae.sp2",0
"M_075.1","Turraea.rigida","Cotesia.sp1",0
"M_075.1","Turraea.rigida","Cratopus.psittacus.Faimaire",0
"M_075.1","Turraea.rigida","Cryptocephalinae.sp1",0
"M_075.1","Turraea.rigida","Dasytinae.sp1",0
"M_075.1","Turraea.rigida","Dioxyna.sororcula.Wiedemann",0
"M_075.1","Turraea.rigida","Diptera.sp2",0
"M_075.1","Turraea.rigida","Diptera.sp3",0
"M_075.1","Turraea.rigida","Dysauxes.florida.Joan",0
"M_075.1","Turraea.rigida","Episyrphus.sp.near.circularis.Hull",0
"M_075.1","Turraea.rigida","Eristalinus.flaveolus.Bigot",0
"M_075.1","Turraea.rigida","Eumolpinae.sp2",0
"M_075.1","Turraea.rigida","Eumolpinae.sp3",0
"M_075.1","Turraea.rigida","Eurytonidae.sp1",0
"M_075.1","Turraea.rigida","Fannia.pusio.Wiedemann",0
"M_075.1","Turraea.rigida","Gelechioidea.sp1",0
"M_075.1","Turraea.rigida","Gelechioidea.sp2",0
"M_075.1","Turraea.rigida","Gelechioidea.sp3",0
"M_075.1","Turraea.rigida","Goniurellia.or.Dectodes.sp",0
"M_075.1","Turraea.rigida","Graphomya.maculata.Scopoli",0
"M_075.1","Turraea.rigida","Henotesia.narcissus.Fabricius",0
"M_075.1","Turraea.rigida","Hippotion.eson.Cramer",0
"M_075.1","Turraea.rigida","Homoneura.sp2",0
"M_075.1","Turraea.rigida","Homoneura.sp3",0
"M_075.1","Turraea.rigida","Hydrotaea.fuliginosa.Robineau.Desvoidy",0
"M_075.1","Turraea.rigida","Ischiodon.aegyptius.Wiedemann",0
"M_075.1","Turraea.rigida","Lecithoceridae.sp1",0
"M_075.1","Turraea.rigida","Leptotes.pirithous.Linnaeus",0
"M_075.1","Turraea.rigida","Limnophora.quaterna.Loew",0
"M_075.1","Turraea.rigida","Lygaeidae.sp2",0
"M_075.1","Turraea.rigida","Lygaeidae.sp3",0
"M_075.1","Turraea.rigida","Lygaeidae.sp5",0
"M_075.1","Turraea.rigida","Lygistorrhina.sp",0
"M_075.1","Turraea.rigida","Macroglossum.milvus.Boisduval",0
"M_075.1","Turraea.rigida","Mauritiborium.undulatus",0
"M_075.1","Turraea.rigida","Melanagromyza.sojae.Zehntner",0
"M_075.1","Turraea.rigida","Melanostoma.annulipes.Macquart",0
"M_075.1","Turraea.rigida","Melanostoma.bituberculatum.Loew",0
"M_075.1","Turraea.rigida","Miridae.sp1",0
"M_075.1","Turraea.rigida","Mordellidae.sp1",0
"M_075.1","Turraea.rigida","Mordellidae.sp2",0
"M_075.1","Turraea.rigida","Mordellidae.sp3",0
"M_075.1","Turraea.rigida","Musca.confiscata.Speiser",0
"M_075.1","Turraea.rigida","Musca.domestica.Linnaeus",0
"M_075.1","Turraea.rigida","Nacoleia.sp1",0
"M_075.1","Turraea.rigida","Nacoleia.sp2",0
"M_075.1","Turraea.rigida","Nitidulidae.sp1",0
"M_075.1","Turraea.rigida","Nyctemera.insulare.Boisduval",0
"M_075.1","Turraea.rigida","Ophyra.capensis.Wiedemann",0
"M_075.1","Turraea.rigida","Orchisia.costata.Meigen",0
"M_075.1","Turraea.rigida","Ornidia.obesa.Fabricius",0
"M_075.1","Turraea.rigida","Orthellia.albigena.Stein",0
"M_075.1","Turraea.rigida","Pachycerina.crinicornis.Thomson",0
"M_075.1","Turraea.rigida","Palexorista.sp1",0
"M_075.1","Turraea.rigida","Panara.naso.Fabricius",0
"M_075.1","Turraea.rigida","Paragus.borbonicus.Macquart",0
"M_075.1","Turraea.rigida","Pelecophora.intemipta.All",0
"M_075.1","Turraea.rigida","Phalanta.phalantha.Drury",0
"M_075.1","Turraea.rigida","Pheidole.megacephala.Fabricius",0
"M_075.1","Turraea.rigida","Phelsuma.cepediana.Merrem",0
"M_075.1","Turraea.rigida","Phorinia.sp",0
"M_075.1","Turraea.rigida","Polistes.hebraeus.Fabricius",0
"M_075.1","Turraea.rigida","Psyllidae.sp2",0
"M_075.1","Turraea.rigida","Sapromyza.sp.near..nudiuscula.Lamb",0
"M_075.1","Turraea.rigida","Sarcophaga.arno.Curran",0
"M_075.1","Turraea.rigida","Scatopsidae.sp",0
"M_075.1","Turraea.rigida","Scirtidae.sp1",0
"M_075.1","Turraea.rigida","Scirtidae.sp2",0
"M_075.1","Turraea.rigida","Scolia.carniflex.Coquillett",0
"M_075.1","Turraea.rigida","Scopariinae.sp",0
"M_075.1","Turraea.rigida","Simulium.Byssodon.sp2",0
"M_075.1","Turraea.rigida","Siphona.sp",0
"M_075.1","Turraea.rigida","Stomorhina.lunata.Fabricius",0
"M_075.1","Turraea.rigida","Stomoxys.calcitrans.Linnaeus",0
"M_075.1","Turraea.rigida","Stomoxys.niger.Macquart",0
"M_075.1","Turraea.rigida","Syritta.bulbus.Walker",0
"M_075.1","Turraea.rigida","Syritta.nigrofemorata.Macquart",0
"M_075.1","Turraea.rigida","Syritta.spnear.abyssinica.Rondani",0
"M_075.1","Turraea.rigida","Technomyrmex.albipes.Smith",3.6666666667
"M_075.1","Turraea.rigida","Thelairodrino.sp",0
"M_075.1","Turraea.rigida","Thysanoplusia.orichalcea.Fabricius",0
"M_075.1","Turraea.rigida","Villa.unifasciata.Macquart",0
"M_075.1","Turraea.rigida","Zosterops.mauritianus.Gmelin",0
"M_075.1","Warneckea.trinervis","Agathidinae.sp",0
"M_075.1","Warneckea.trinervis","Ahasverus.advena.Waltle",0
"M_075.1","Warneckea.trinervis","Allograpta.nasuta.Marquart",0
"M_075.1","Warneckea.trinervis","Apis.mellifera.Linnaeus",0.290952381
"M_075.1","Warneckea.trinervis","Atherigona.orientalis.Schiner",0
"M_075.1","Warneckea.trinervis","Brachymyrmex.sp",0
"M_075.1","Warneckea.trinervis","Calopsilia.florella.Fabricius",0
"M_075.1","Warneckea.trinervis","Campopleginae.sp1",0
"M_075.1","Warneckea.trinervis","Cerambycidae.sp1",0
"M_075.1","Warneckea.trinervis","Cerambycidae.sp2",0
"M_075.1","Warneckea.trinervis","Cerambycidae.sp3",0
"M_075.1","Warneckea.trinervis","Ceratitis.roas.Karsch",0
"M_075.1","Warneckea.trinervis","Chaetocnema.sp1",0
"M_075.1","Warneckea.trinervis","Cheloninae.sp1",0
"M_075.1","Warneckea.trinervis","Cheloninae.sp3",0
"M_075.1","Warneckea.trinervis","Chrysomya.megacephala.Fabricius",0
"M_075.1","Warneckea.trinervis","Cixiidae.sp1",0
"M_075.1","Warneckea.trinervis","Cixiidae.sp2",0
"M_075.1","Warneckea.trinervis","Cotesia.sp1",0
"M_075.1","Warneckea.trinervis","Cratopus.psittacus.Faimaire",0
"M_075.1","Warneckea.trinervis","Cryptocephalinae.sp1",0
"M_075.1","Warneckea.trinervis","Dasytinae.sp1",0
"M_075.1","Warneckea.trinervis","Dioxyna.sororcula.Wiedemann",0
"M_075.1","Warneckea.trinervis","Diptera.sp2",0
"M_075.1","Warneckea.trinervis","Diptera.sp3",0
"M_075.1","Warneckea.trinervis","Dysauxes.florida.Joan",0
"M_075.1","Warneckea.trinervis","Episyrphus.sp.near.circularis.Hull",0
"M_075.1","Warneckea.trinervis","Eristalinus.flaveolus.Bigot",0
"M_075.1","Warneckea.trinervis","Eumolpinae.sp2",0
"M_075.1","Warneckea.trinervis","Eumolpinae.sp3",0
"M_075.1","Warneckea.trinervis","Eurytonidae.sp1",0
"M_075.1","Warneckea.trinervis","Fannia.pusio.Wiedemann",0
"M_075.1","Warneckea.trinervis","Gelechioidea.sp1",0
"M_075.1","Warneckea.trinervis","Gelechioidea.sp2",0
"M_075.1","Warneckea.trinervis","Gelechioidea.sp3",0
"M_075.1","Warneckea.trinervis","Goniurellia.or.Dectodes.sp",0
"M_075.1","Warneckea.trinervis","Graphomya.maculata.Scopoli",0
"M_075.1","Warneckea.trinervis","Henotesia.narcissus.Fabricius",0
"M_075.1","Warneckea.trinervis","Hippotion.eson.Cramer",0
"M_075.1","Warneckea.trinervis","Homoneura.sp2",0
"M_075.1","Warneckea.trinervis","Homoneura.sp3",0
"M_075.1","Warneckea.trinervis","Hydrotaea.fuliginosa.Robineau.Desvoidy",0
"M_075.1","Warneckea.trinervis","Ischiodon.aegyptius.Wiedemann",0
"M_075.1","Warneckea.trinervis","Lecithoceridae.sp1",0
"M_075.1","Warneckea.trinervis","Leptotes.pirithous.Linnaeus",0
"M_075.1","Warneckea.trinervis","Limnophora.quaterna.Loew",0
"M_075.1","Warneckea.trinervis","Lygaeidae.sp2",0
"M_075.1","Warneckea.trinervis","Lygaeidae.sp3",0
"M_075.1","Warneckea.trinervis","Lygaeidae.sp5",0
"M_075.1","Warneckea.trinervis","Lygistorrhina.sp",0
"M_075.1","Warneckea.trinervis","Macroglossum.milvus.Boisduval",0
"M_075.1","Warneckea.trinervis","Mauritiborium.undulatus",0
"M_075.1","Warneckea.trinervis","Melanagromyza.sojae.Zehntner",0
"M_075.1","Warneckea.trinervis","Melanostoma.annulipes.Macquart",0
"M_075.1","Warneckea.trinervis","Melanostoma.bituberculatum.Loew",0
"M_075.1","Warneckea.trinervis","Miridae.sp1",0
"M_075.1","Warneckea.trinervis","Mordellidae.sp1",0
"M_075.1","Warneckea.trinervis","Mordellidae.sp2",0
"M_075.1","Warneckea.trinervis","Mordellidae.sp3",0
"M_075.1","Warneckea.trinervis","Musca.confiscata.Speiser",0
"M_075.1","Warneckea.trinervis","Musca.domestica.Linnaeus",0
"M_075.1","Warneckea.trinervis","Nacoleia.sp1",0.1428571429
"M_075.1","Warneckea.trinervis","Nacoleia.sp2",0
"M_075.1","Warneckea.trinervis","Nitidulidae.sp1",0
"M_075.1","Warneckea.trinervis","Nyctemera.insulare.Boisduval",0
"M_075.1","Warneckea.trinervis","Ophyra.capensis.Wiedemann",0
"M_075.1","Warneckea.trinervis","Orchisia.costata.Meigen",0
"M_075.1","Warneckea.trinervis","Ornidia.obesa.Fabricius",0
"M_075.1","Warneckea.trinervis","Orthellia.albigena.Stein",0
"M_075.1","Warneckea.trinervis","Pachycerina.crinicornis.Thomson",0
"M_075.1","Warneckea.trinervis","Palexorista.sp1",0
"M_075.1","Warneckea.trinervis","Panara.naso.Fabricius",0
"M_075.1","Warneckea.trinervis","Paragus.borbonicus.Macquart",0
"M_075.1","Warneckea.trinervis","Pelecophora.intemipta.All",0
"M_075.1","Warneckea.trinervis","Phalanta.phalantha.Drury",0
"M_075.1","Warneckea.trinervis","Pheidole.megacephala.Fabricius",0
"M_075.1","Warneckea.trinervis","Phelsuma.cepediana.Merrem",0
"M_075.1","Warneckea.trinervis","Phorinia.sp",0
"M_075.1","Warneckea.trinervis","Polistes.hebraeus.Fabricius",0
"M_075.1","Warneckea.trinervis","Psyllidae.sp2",0
"M_075.1","Warneckea.trinervis","Sapromyza.sp.near..nudiuscula.Lamb",0
"M_075.1","Warneckea.trinervis","Sarcophaga.arno.Curran",0
"M_075.1","Warneckea.trinervis","Scatopsidae.sp",0
"M_075.1","Warneckea.trinervis","Scirtidae.sp1",0
"M_075.1","Warneckea.trinervis","Scirtidae.sp2",0
"M_075.1","Warneckea.trinervis","Scolia.carniflex.Coquillett",0
"M_075.1","Warneckea.trinervis","Scopariinae.sp",0
"M_075.1","Warneckea.trinervis","Simulium.Byssodon.sp2",0
"M_075.1","Warneckea.trinervis","Siphona.sp",0
"M_075.1","Warneckea.trinervis","Stomorhina.lunata.Fabricius",0
"M_075.1","Warneckea.trinervis","Stomoxys.calcitrans.Linnaeus",0
"M_075.1","Warneckea.trinervis","Stomoxys.niger.Macquart",0
"M_075.1","Warneckea.trinervis","Syritta.bulbus.Walker",0
"M_075.1","Warneckea.trinervis","Syritta.nigrofemorata.Macquart",0
"M_075.1","Warneckea.trinervis","Syritta.spnear.abyssinica.Rondani",0
"M_075.1","Warneckea.trinervis","Technomyrmex.albipes.Smith",0
"M_075.1","Warneckea.trinervis","Thelairodrino.sp",0
"M_075.1","Warneckea.trinervis","Thysanoplusia.orichalcea.Fabricius",0
"M_075.1","Warneckea.trinervis","Villa.unifasciata.Macquart",0
"M_075.1","Warneckea.trinervis","Zosterops.mauritianus.Gmelin",0
"M_075.1","Wikstroemia.indica","Agathidinae.sp",0
"M_075.1","Wikstroemia.indica","Ahasverus.advena.Waltle",0
"M_075.1","Wikstroemia.indica","Allograpta.nasuta.Marquart",0
"M_075.1","Wikstroemia.indica","Apis.mellifera.Linnaeus",0
"M_075.1","Wikstroemia.indica","Atherigona.orientalis.Schiner",0
"M_075.1","Wikstroemia.indica","Brachymyrmex.sp",0
"M_075.1","Wikstroemia.indica","Calopsilia.florella.Fabricius",0
"M_075.1","Wikstroemia.indica","Campopleginae.sp1",0
"M_075.1","Wikstroemia.indica","Cerambycidae.sp1",0
"M_075.1","Wikstroemia.indica","Cerambycidae.sp2",0
"M_075.1","Wikstroemia.indica","Cerambycidae.sp3",0
"M_075.1","Wikstroemia.indica","Ceratitis.roas.Karsch",0
"M_075.1","Wikstroemia.indica","Chaetocnema.sp1",0.6444444444
"M_075.1","Wikstroemia.indica","Cheloninae.sp1",0
"M_075.1","Wikstroemia.indica","Cheloninae.sp3",0
"M_075.1","Wikstroemia.indica","Chrysomya.megacephala.Fabricius",0
"M_075.1","Wikstroemia.indica","Cixiidae.sp1",0
"M_075.1","Wikstroemia.indica","Cixiidae.sp2",0
"M_075.1","Wikstroemia.indica","Cotesia.sp1",0
"M_075.1","Wikstroemia.indica","Cratopus.psittacus.Faimaire",0
"M_075.1","Wikstroemia.indica","Cryptocephalinae.sp1",0
"M_075.1","Wikstroemia.indica","Dasytinae.sp1",0
"M_075.1","Wikstroemia.indica","Dioxyna.sororcula.Wiedemann",0
"M_075.1","Wikstroemia.indica","Diptera.sp2",0
"M_075.1","Wikstroemia.indica","Diptera.sp3",0
"M_075.1","Wikstroemia.indica","Dysauxes.florida.Joan",0
"M_075.1","Wikstroemia.indica","Episyrphus.sp.near.circularis.Hull",0
"M_075.1","Wikstroemia.indica","Eristalinus.flaveolus.Bigot",0
"M_075.1","Wikstroemia.indica","Eumolpinae.sp2",0
"M_075.1","Wikstroemia.indica","Eumolpinae.sp3",0
"M_075.1","Wikstroemia.indica","Eurytonidae.sp1",0
"M_075.1","Wikstroemia.indica","Fannia.pusio.Wiedemann",0
"M_075.1","Wikstroemia.indica","Gelechioidea.sp1",0
"M_075.1","Wikstroemia.indica","Gelechioidea.sp2",0
"M_075.1","Wikstroemia.indica","Gelechioidea.sp3",0
"M_075.1","Wikstroemia.indica","Goniurellia.or.Dectodes.sp",0
"M_075.1","Wikstroemia.indica","Graphomya.maculata.Scopoli",0
"M_075.1","Wikstroemia.indica","Henotesia.narcissus.Fabricius",0
"M_075.1","Wikstroemia.indica","Hippotion.eson.Cramer",0
"M_075.1","Wikstroemia.indica","Homoneura.sp2",0
"M_075.1","Wikstroemia.indica","Homoneura.sp3",0
"M_075.1","Wikstroemia.indica","Hydrotaea.fuliginosa.Robineau.Desvoidy",0
"M_075.1","Wikstroemia.indica","Ischiodon.aegyptius.Wiedemann",0
"M_075.1","Wikstroemia.indica","Lecithoceridae.sp1",0
"M_075.1","Wikstroemia.indica","Leptotes.pirithous.Linnaeus",0
"M_075.1","Wikstroemia.indica","Limnophora.quaterna.Loew",0
"M_075.1","Wikstroemia.indica","Lygaeidae.sp2",0
"M_075.1","Wikstroemia.indica","Lygaeidae.sp3",0
"M_075.1","Wikstroemia.indica","Lygaeidae.sp5",0
"M_075.1","Wikstroemia.indica","Lygistorrhina.sp",0
"M_075.1","Wikstroemia.indica","Macroglossum.milvus.Boisduval",0
"M_075.1","Wikstroemia.indica","Mauritiborium.undulatus",0
"M_075.1","Wikstroemia.indica","Melanagromyza.sojae.Zehntner",0
"M_075.1","Wikstroemia.indica","Melanostoma.annulipes.Macquart",0
"M_075.1","Wikstroemia.indica","Melanostoma.bituberculatum.Loew",0
"M_075.1","Wikstroemia.indica","Miridae.sp1",0
"M_075.1","Wikstroemia.indica","Mordellidae.sp1",0
"M_075.1","Wikstroemia.indica","Mordellidae.sp2",0
"M_075.1","Wikstroemia.indica","Mordellidae.sp3",0
"M_075.1","Wikstroemia.indica","Musca.confiscata.Speiser",0
"M_075.1","Wikstroemia.indica","Musca.domestica.Linnaeus",0
"M_075.1","Wikstroemia.indica","Nacoleia.sp1",0
"M_075.1","Wikstroemia.indica","Nacoleia.sp2",0
"M_075.1","Wikstroemia.indica","Nitidulidae.sp1",0
"M_075.1","Wikstroemia.indica","Nyctemera.insulare.Boisduval",0
"M_075.1","Wikstroemia.indica","Ophyra.capensis.Wiedemann",0
"M_075.1","Wikstroemia.indica","Orchisia.costata.Meigen",0
"M_075.1","Wikstroemia.indica","Ornidia.obesa.Fabricius",0
"M_075.1","Wikstroemia.indica","Orthellia.albigena.Stein",0
"M_075.1","Wikstroemia.indica","Pachycerina.crinicornis.Thomson",0
"M_075.1","Wikstroemia.indica","Palexorista.sp1",0
"M_075.1","Wikstroemia.indica","Panara.naso.Fabricius",0
"M_075.1","Wikstroemia.indica","Paragus.borbonicus.Macquart",0
"M_075.1","Wikstroemia.indica","Pelecophora.intemipta.All",0
"M_075.1","Wikstroemia.indica","Phalanta.phalantha.Drury",0
"M_075.1","Wikstroemia.indica","Pheidole.megacephala.Fabricius",0
"M_075.1","Wikstroemia.indica","Phelsuma.cepediana.Merrem",0
"M_075.1","Wikstroemia.indica","Phorinia.sp",0
"M_075.1","Wikstroemia.indica","Polistes.hebraeus.Fabricius",0
"M_075.1","Wikstroemia.indica","Psyllidae.sp2",0
"M_075.1","Wikstroemia.indica","Sapromyza.sp.near..nudiuscula.Lamb",0
"M_075.1","Wikstroemia.indica","Sarcophaga.arno.Curran",0
"M_075.1","Wikstroemia.indica","Scatopsidae.sp",0
"M_075.1","Wikstroemia.indica","Scirtidae.sp1",0
"M_075.1","Wikstroemia.indica","Scirtidae.sp2",0
"M_075.1","Wikstroemia.indica","Scolia.carniflex.Coquillett",0
"M_075.1","Wikstroemia.indica","Scopariinae.sp",0
"M_075.1","Wikstroemia.indica","Simulium.Byssodon.sp2",0
"M_075.1","Wikstroemia.indica","Siphona.sp",0
"M_075.1","Wikstroemia.indica","Stomorhina.lunata.Fabricius",0
"M_075.1","Wikstroemia.indica","Stomoxys.calcitrans.Linnaeus",0
"M_075.1","Wikstroemia.indica","Stomoxys.niger.Macquart",0
"M_075.1","Wikstroemia.indica","Syritta.bulbus.Walker",0
"M_075.1","Wikstroemia.indica","Syritta.nigrofemorata.Macquart",0
"M_075.1","Wikstroemia.indica","Syritta.spnear.abyssinica.Rondani",0
"M_075.1","Wikstroemia.indica","Technomyrmex.albipes.Smith",0
"M_075.1","Wikstroemia.indica","Thelairodrino.sp",0
"M_075.1","Wikstroemia.indica","Thysanoplusia.orichalcea.Fabricius",0
"M_075.1","Wikstroemia.indica","Villa.unifasciata.Macquart",0
"M_075.1","Wikstroemia.indica","Zosterops.mauritianus.Gmelin",0
"M_075.1","Xylopia.lamarckii","Agathidinae.sp",0
"M_075.1","Xylopia.lamarckii","Ahasverus.advena.Waltle",0
"M_075.1","Xylopia.lamarckii","Allograpta.nasuta.Marquart",0
"M_075.1","Xylopia.lamarckii","Apis.mellifera.Linnaeus",0
"M_075.1","Xylopia.lamarckii","Atherigona.orientalis.Schiner",0
"M_075.1","Xylopia.lamarckii","Brachymyrmex.sp",0
"M_075.1","Xylopia.lamarckii","Calopsilia.florella.Fabricius",0
"M_075.1","Xylopia.lamarckii","Campopleginae.sp1",0
"M_075.1","Xylopia.lamarckii","Cerambycidae.sp1",0
"M_075.1","Xylopia.lamarckii","Cerambycidae.sp2",0
"M_075.1","Xylopia.lamarckii","Cerambycidae.sp3",0
"M_075.1","Xylopia.lamarckii","Ceratitis.roas.Karsch",0
"M_075.1","Xylopia.lamarckii","Chaetocnema.sp1",0
"M_075.1","Xylopia.lamarckii","Cheloninae.sp1",0
"M_075.1","Xylopia.lamarckii","Cheloninae.sp3",0
"M_075.1","Xylopia.lamarckii","Chrysomya.megacephala.Fabricius",0
"M_075.1","Xylopia.lamarckii","Cixiidae.sp1",0
"M_075.1","Xylopia.lamarckii","Cixiidae.sp2",0
"M_075.1","Xylopia.lamarckii","Cotesia.sp1",0
"M_075.1","Xylopia.lamarckii","Cratopus.psittacus.Faimaire",0
"M_075.1","Xylopia.lamarckii","Cryptocephalinae.sp1",0
"M_075.1","Xylopia.lamarckii","Dasytinae.sp1",0
"M_075.1","Xylopia.lamarckii","Dioxyna.sororcula.Wiedemann",0
"M_075.1","Xylopia.lamarckii","Diptera.sp2",0
"M_075.1","Xylopia.lamarckii","Diptera.sp3",0
"M_075.1","Xylopia.lamarckii","Dysauxes.florida.Joan",0
"M_075.1","Xylopia.lamarckii","Episyrphus.sp.near.circularis.Hull",0
"M_075.1","Xylopia.lamarckii","Eristalinus.flaveolus.Bigot",0
"M_075.1","Xylopia.lamarckii","Eumolpinae.sp2",0
"M_075.1","Xylopia.lamarckii","Eumolpinae.sp3",0
"M_075.1","Xylopia.lamarckii","Eurytonidae.sp1",0
"M_075.1","Xylopia.lamarckii","Fannia.pusio.Wiedemann",0
"M_075.1","Xylopia.lamarckii","Gelechioidea.sp1",0
"M_075.1","Xylopia.lamarckii","Gelechioidea.sp2",0
"M_075.1","Xylopia.lamarckii","Gelechioidea.sp3",0
"M_075.1","Xylopia.lamarckii","Goniurellia.or.Dectodes.sp",0
"M_075.1","Xylopia.lamarckii","Graphomya.maculata.Scopoli",0
"M_075.1","Xylopia.lamarckii","Henotesia.narcissus.Fabricius",0
"M_075.1","Xylopia.lamarckii","Hippotion.eson.Cramer",0
"M_075.1","Xylopia.lamarckii","Homoneura.sp2",0
"M_075.1","Xylopia.lamarckii","Homoneura.sp3",0
"M_075.1","Xylopia.lamarckii","Hydrotaea.fuliginosa.Robineau.Desvoidy",0
"M_075.1","Xylopia.lamarckii","Ischiodon.aegyptius.Wiedemann",0
"M_075.1","Xylopia.lamarckii","Lecithoceridae.sp1",0
"M_075.1","Xylopia.lamarckii","Leptotes.pirithous.Linnaeus",0
"M_075.1","Xylopia.lamarckii","Limnophora.quaterna.Loew",0
"M_075.1","Xylopia.lamarckii","Lygaeidae.sp2",0
"M_075.1","Xylopia.lamarckii","Lygaeidae.sp3",0
"M_075.1","Xylopia.lamarckii","Lygaeidae.sp5",0
"M_075.1","Xylopia.lamarckii","Lygistorrhina.sp",0
"M_075.1","Xylopia.lamarckii","Macroglossum.milvus.Boisduval",0
"M_075.1","Xylopia.lamarckii","Mauritiborium.undulatus",0
"M_075.1","Xylopia.lamarckii","Melanagromyza.sojae.Zehntner",0
"M_075.1","Xylopia.lamarckii","Melanostoma.annulipes.Macquart",0
"M_075.1","Xylopia.lamarckii","Melanostoma.bituberculatum.Loew",0
"M_075.1","Xylopia.lamarckii","Miridae.sp1",0
"M_075.1","Xylopia.lamarckii","Mordellidae.sp1",0
"M_075.1","Xylopia.lamarckii","Mordellidae.sp2",0
"M_075.1","Xylopia.lamarckii","Mordellidae.sp3",0
"M_075.1","Xylopia.lamarckii","Musca.confiscata.Speiser",0
"M_075.1","Xylopia.lamarckii","Musca.domestica.Linnaeus",0
"M_075.1","Xylopia.lamarckii","Nacoleia.sp1",0
"M_075.1","Xylopia.lamarckii","Nacoleia.sp2",0
"M_075.1","Xylopia.lamarckii","Nitidulidae.sp1",0
"M_075.1","Xylopia.lamarckii","Nyctemera.insulare.Boisduval",0
"M_075.1","Xylopia.lamarckii","Ophyra.capensis.Wiedemann",0
"M_075.1","Xylopia.lamarckii","Orchisia.costata.Meigen",0
"M_075.1","Xylopia.lamarckii","Ornidia.obesa.Fabricius",0
"M_075.1","Xylopia.lamarckii","Orthellia.albigena.Stein",0
"M_075.1","Xylopia.lamarckii","Pachycerina.crinicornis.Thomson",0
"M_075.1","Xylopia.lamarckii","Palexorista.sp1",0
"M_075.1","Xylopia.lamarckii","Panara.naso.Fabricius",0
"M_075.1","Xylopia.lamarckii","Paragus.borbonicus.Macquart",0
"M_075.1","Xylopia.lamarckii","Pelecophora.intemipta.All",0
"M_075.1","Xylopia.lamarckii","Phalanta.phalantha.Drury",0
"M_075.1","Xylopia.lamarckii","Pheidole.megacephala.Fabricius",0
"M_075.1","Xylopia.lamarckii","Phelsuma.cepediana.Merrem",0
"M_075.1","Xylopia.lamarckii","Phorinia.sp",0
"M_075.1","Xylopia.lamarckii","Polistes.hebraeus.Fabricius",0
"M_075.1","Xylopia.lamarckii","Psyllidae.sp2",0
"M_075.1","Xylopia.lamarckii","Sapromyza.sp.near..nudiuscula.Lamb",0
"M_075.1","Xylopia.lamarckii","Sarcophaga.arno.Curran",0
"M_075.1","Xylopia.lamarckii","Scatopsidae.sp",0
"M_075.1","Xylopia.lamarckii","Scirtidae.sp1",0
"M_075.1","Xylopia.lamarckii","Scirtidae.sp2",0
"M_075.1","Xylopia.lamarckii","Scolia.carniflex.Coquillett",0
"M_075.1","Xylopia.lamarckii","Scopariinae.sp",0
"M_075.1","Xylopia.lamarckii","Simulium.Byssodon.sp2",0
"M_075.1","Xylopia.lamarckii","Siphona.sp",0
"M_075.1","Xylopia.lamarckii","Stomorhina.lunata.Fabricius",0
"M_075.1","Xylopia.lamarckii","Stomoxys.calcitrans.Linnaeus",0
"M_075.1","Xylopia.lamarckii","Stomoxys.niger.Macquart",0
"M_075.1","Xylopia.lamarckii","Syritta.bulbus.Walker",0
"M_075.1","Xylopia.lamarckii","Syritta.nigrofemorata.Macquart",0
"M_075.1","Xylopia.lamarckii","Syritta.spnear.abyssinica.Rondani",0
"M_075.1","Xylopia.lamarckii","Technomyrmex.albipes.Smith",0
"M_075.1","Xylopia.lamarckii","Thelairodrino.sp",0
"M_075.1","Xylopia.lamarckii","Thysanoplusia.orichalcea.Fabricius",0
"M_075.1","Xylopia.lamarckii","Villa.unifasciata.Macquart",0
"M_075.1","Xylopia.lamarckii","Zosterops.mauritianus.Gmelin",0
