"ID","plantas","especie","interaccion"
"M_080","Achillea.millefolium","Agapostemon.angelicus.texanus",3
"M_080","Achillea.millefolium","Bombus.mixtus",2
"M_080","Achillea.millefolium","Halictus.tripartitus",0
"M_080","Achillea.millefolium","Hoplitis.fulgida",0
"M_080","Achillea.millefolium","Hoplitis.robusta",0
"M_080","Achillea.millefolium","Hylaeus.personatellus",1
"M_080","Achillea.millefolium","Lasioglossum..Dialictus..aff..knereri",2
"M_080","Achillea.millefolium","Lasioglossum..Dialictus..hudsoniellum",0
"M_080","Achillea.millefolium","Lasioglossum..Dialictus..lazulis",0
"M_080","Achillea.millefolium","Lasioglossum..Dialictus..mixed.spp",0
"M_080","Achillea.millefolium","Lasioglossum..Dialictus..ruidosense",1
"M_080","Achillea.millefolium","Lasioglossum.inconditum",0
"M_080","Achillea.millefolium","Lasioglossum.sp..1",0
"M_080","Achillea.millefolium","Melissodes.confusus",0
"M_080","Achillea.millefolium","Osmia.spp",0
"M_080","Achillea.millefolium","Panurginus.ineptus",0
"M_080","Achillea.millefolium","Panurginus.spp",0
"M_080","Achillea.millefolium","Andrena.medionitens",0
"M_080","Achillea.millefolium","Andrena.salicifloris",0
"M_080","Achillea.millefolium","Andrena.sp..2",0
"M_080","Achillea.millefolium","Andrena.sp..3",0
"M_080","Achillea.millefolium","Andrena.sp..A",0
"M_080","Achillea.millefolium","Andrena.sp..C",0
"M_080","Achillea.millefolium","Bombus.appositus",0
"M_080","Achillea.millefolium","Bombus.bifarius",8
"M_080","Achillea.millefolium","Bombus.californicus",0
"M_080","Achillea.millefolium","Bombus.flavifrons",1
"M_080","Achillea.millefolium","Bombus.melanopygus",0
"M_080","Achillea.millefolium","Bombus.nevadensis",0
"M_080","Achillea.millefolium","Bombus.occidentalis",0
"M_080","Achillea.millefolium","Bombus.rufocinctus",0
"M_080","Achillea.millefolium","Bombus.sylvicola",1
"M_080","Achillea.millefolium","Colletes.fulgidus",0
"M_080","Achillea.millefolium","Dufourea.fimbriata",0
"M_080","Achillea.millefolium","Dufourea.maura",0
"M_080","Achillea.millefolium","Halictus.ligatus",0
"M_080","Achillea.millefolium","Hylaeus.annulatus",0
"M_080","Achillea.millefolium","Lasioglossum..Dialictus..pruinosum",0
"M_080","Achillea.millefolium","Lasioglossum..Dialictus..semicaeruleum",0
"M_080","Achillea.millefolium","Lasioglossum..Dialictus..tenax",4
"M_080","Achillea.millefolium","Lasioglossum.sisymbrii",0
"M_080","Achillea.millefolium","Lasioglossum.sp",4
"M_080","Achillea.millefolium","Megachile.frigida",0
"M_080","Achillea.millefolium","Megachile.inermis",0
"M_080","Achillea.millefolium","Megachile.melanophaea",0
"M_080","Achillea.millefolium","Megachile.relativa",0
"M_080","Achillea.millefolium","Osmia.bucephala",0
"M_080","Achillea.millefolium","Osmia.sp..A",0
"M_080","Achillea.millefolium","Osmia.sp..B",0
"M_080","Achillea.millefolium","Panurginus.cressoniellus",0
"M_080","Achillea.millefolium","Pseudopanurgus.bakeri",0
"M_080","Achillea.millefolium","Pseudopanurgus.didirupa",0
"M_080","Achillea.millefolium","Sphecodes.sp",0
"M_080","Achillea.millefolium","Andrena.amphibola",0
"M_080","Achillea.millefolium","Andrena.angustitarsata",0
"M_080","Achillea.millefolium","Andrena.cyanophila",0
"M_080","Achillea.millefolium","Andrena.sp..9",0
"M_080","Achillea.millefolium","Andrena.thaspii",0
"M_080","Achillea.millefolium","Andrena.topazana",0
"M_080","Achillea.millefolium","Andrena.vicinoides",0
"M_080","Achillea.millefolium","Augochlorella.aurata",0
"M_080","Achillea.millefolium","Coelioxys.sodalis",0
"M_080","Achillea.millefolium","Colletes.nigrifrons",0
"M_080","Achillea.millefolium","Halictus.virgatellus",0
"M_080","Achillea.millefolium","Hylaeus.modestus",1
"M_080","Achillea.millefolium","Lasioglossum..Dialictus..pacatum",0
"M_080","Achillea.millefolium","Lasioglossum.aff..boreale",0
"M_080","Achillea.millefolium","Lasioglossum.foxii",0
"M_080","Achillea.millefolium","Osmia.inermis",0
"M_080","Achillea.millefolium","Osmia.pusilla",0
"M_080","Achillea.millefolium","Osmia.sp..D",0
"M_080","Achillea.millefolium","Osmia.sp..E",0
"M_080","Achillea.millefolium","Osmia.subaustralis",1
"M_080","Achillea.millefolium","Bombus.insularis",1
"M_080","Achillea.millefolium","Colletes.sp",0
"M_080","Achillea.millefolium","Epeolus.sp",0
"M_080","Achillea.millefolium","Hoplitis.albifrons",0
"M_080","Achillea.millefolium","Hylaeus.annullatus",0
"M_080","Achillea.millefolium","Lasioglossum..Dialictus..perpunctatum",0
"M_080","Achillea.millefolium","Lasioglossum..Hemihalictus..spp",1
"M_080","Achillea.millefolium","Lasioglossum.heterorhinum",0
"M_080","Achillea.millefolium","Megachile.pugnata",0
"M_080","Achillea.millefolium","Nomada.spp",0
"M_080","Achillea.millefolium","Stelis.nitida",0
"M_080","Achillea.millefolium","Apis.mellifera",0
"M_080","Achillea.millefolium","Halictus.confusus",0
"M_080","Achillea.millefolium","Osmia.nigriventris",0
"M_080","Achillea.millefolium","Osmia.sp..C",0
"M_080","Achillea.millefolium","Osmia.sp..F",0
"M_080","Achillea.millefolium","Stelis.sp",0
"M_080","Achillea.millefolium","Anthophora.bomboides",0
"M_080","Achillea.millefolium","Anthophora.montana",0
"M_080","Achillea.millefolium","Anthophora.terminalis",0
"M_080","Achillea.millefolium","Anthophora.urbana",0
"M_080","Achillea.millefolium","Bombus.fernaldae",0
"M_080","Achillea.millefolium","Lasioglossum..Hemihalictus..sp",0
"M_080","Achillea.millefolium","Melissodes.sp..1",0
"M_080","Achillea.millefolium","Osmia.paradisica",0
"M_080","Achillea.millefolium","Andrena.crategi",0
"M_080","Achillea.millefolium","Andrena.sp..5",0
"M_080","Achillea.millefolium","Colletes.spp",0
"M_080","Achillea.millefolium","Hylaeus.basalis",0
"M_080","Achillea.millefolium","Hylaeus.coloradensis",0
"M_080","Antennaria.rosea","Agapostemon.angelicus.texanus",0
"M_080","Antennaria.rosea","Bombus.mixtus",0
"M_080","Antennaria.rosea","Halictus.tripartitus",0
"M_080","Antennaria.rosea","Hoplitis.fulgida",1
"M_080","Antennaria.rosea","Hoplitis.robusta",0
"M_080","Antennaria.rosea","Hylaeus.personatellus",0
"M_080","Antennaria.rosea","Lasioglossum..Dialictus..aff..knereri",0
"M_080","Antennaria.rosea","Lasioglossum..Dialictus..hudsoniellum",0
"M_080","Antennaria.rosea","Lasioglossum..Dialictus..lazulis",0
"M_080","Antennaria.rosea","Lasioglossum..Dialictus..mixed.spp",0
"M_080","Antennaria.rosea","Lasioglossum..Dialictus..ruidosense",0
"M_080","Antennaria.rosea","Lasioglossum.inconditum",0
"M_080","Antennaria.rosea","Lasioglossum.sp..1",0
"M_080","Antennaria.rosea","Melissodes.confusus",0
"M_080","Antennaria.rosea","Osmia.spp",0
"M_080","Antennaria.rosea","Panurginus.ineptus",1
"M_080","Antennaria.rosea","Panurginus.spp",0
"M_080","Antennaria.rosea","Andrena.medionitens",0
"M_080","Antennaria.rosea","Andrena.salicifloris",0
"M_080","Antennaria.rosea","Andrena.sp..2",0
"M_080","Antennaria.rosea","Andrena.sp..3",0
"M_080","Antennaria.rosea","Andrena.sp..A",0
"M_080","Antennaria.rosea","Andrena.sp..C",0
"M_080","Antennaria.rosea","Bombus.appositus",0
"M_080","Antennaria.rosea","Bombus.bifarius",0
"M_080","Antennaria.rosea","Bombus.californicus",0
"M_080","Antennaria.rosea","Bombus.flavifrons",0
"M_080","Antennaria.rosea","Bombus.melanopygus",0
"M_080","Antennaria.rosea","Bombus.nevadensis",0
"M_080","Antennaria.rosea","Bombus.occidentalis",0
"M_080","Antennaria.rosea","Bombus.rufocinctus",0
"M_080","Antennaria.rosea","Bombus.sylvicola",0
"M_080","Antennaria.rosea","Colletes.fulgidus",0
"M_080","Antennaria.rosea","Dufourea.fimbriata",0
"M_080","Antennaria.rosea","Dufourea.maura",0
"M_080","Antennaria.rosea","Halictus.ligatus",0
"M_080","Antennaria.rosea","Hylaeus.annulatus",0
"M_080","Antennaria.rosea","Lasioglossum..Dialictus..pruinosum",0
"M_080","Antennaria.rosea","Lasioglossum..Dialictus..semicaeruleum",1
"M_080","Antennaria.rosea","Lasioglossum..Dialictus..tenax",0
"M_080","Antennaria.rosea","Lasioglossum.sisymbrii",0
"M_080","Antennaria.rosea","Lasioglossum.sp",0
"M_080","Antennaria.rosea","Megachile.frigida",0
"M_080","Antennaria.rosea","Megachile.inermis",0
"M_080","Antennaria.rosea","Megachile.melanophaea",0
"M_080","Antennaria.rosea","Megachile.relativa",0
"M_080","Antennaria.rosea","Osmia.bucephala",0
"M_080","Antennaria.rosea","Osmia.sp..A",0
"M_080","Antennaria.rosea","Osmia.sp..B",0
"M_080","Antennaria.rosea","Panurginus.cressoniellus",0
"M_080","Antennaria.rosea","Pseudopanurgus.bakeri",0
"M_080","Antennaria.rosea","Pseudopanurgus.didirupa",0
"M_080","Antennaria.rosea","Sphecodes.sp",0
"M_080","Antennaria.rosea","Andrena.amphibola",0
"M_080","Antennaria.rosea","Andrena.angustitarsata",0
"M_080","Antennaria.rosea","Andrena.cyanophila",0
"M_080","Antennaria.rosea","Andrena.sp..9",0
"M_080","Antennaria.rosea","Andrena.thaspii",0
"M_080","Antennaria.rosea","Andrena.topazana",0
"M_080","Antennaria.rosea","Andrena.vicinoides",0
"M_080","Antennaria.rosea","Augochlorella.aurata",0
"M_080","Antennaria.rosea","Coelioxys.sodalis",0
"M_080","Antennaria.rosea","Colletes.nigrifrons",0
"M_080","Antennaria.rosea","Halictus.virgatellus",0
"M_080","Antennaria.rosea","Hylaeus.modestus",0
"M_080","Antennaria.rosea","Lasioglossum..Dialictus..pacatum",0
"M_080","Antennaria.rosea","Lasioglossum.aff..boreale",0
"M_080","Antennaria.rosea","Lasioglossum.foxii",0
"M_080","Antennaria.rosea","Osmia.inermis",0
"M_080","Antennaria.rosea","Osmia.pusilla",0
"M_080","Antennaria.rosea","Osmia.sp..D",0
"M_080","Antennaria.rosea","Osmia.sp..E",0
"M_080","Antennaria.rosea","Osmia.subaustralis",0
"M_080","Antennaria.rosea","Bombus.insularis",0
"M_080","Antennaria.rosea","Colletes.sp",0
"M_080","Antennaria.rosea","Epeolus.sp",0
"M_080","Antennaria.rosea","Hoplitis.albifrons",0
"M_080","Antennaria.rosea","Hylaeus.annullatus",0
"M_080","Antennaria.rosea","Lasioglossum..Dialictus..perpunctatum",0
"M_080","Antennaria.rosea","Lasioglossum..Hemihalictus..spp",0
"M_080","Antennaria.rosea","Lasioglossum.heterorhinum",0
"M_080","Antennaria.rosea","Megachile.pugnata",0
"M_080","Antennaria.rosea","Nomada.spp",0
"M_080","Antennaria.rosea","Stelis.nitida",0
"M_080","Antennaria.rosea","Apis.mellifera",0
"M_080","Antennaria.rosea","Halictus.confusus",0
"M_080","Antennaria.rosea","Osmia.nigriventris",0
"M_080","Antennaria.rosea","Osmia.sp..C",0
"M_080","Antennaria.rosea","Osmia.sp..F",0
"M_080","Antennaria.rosea","Stelis.sp",0
"M_080","Antennaria.rosea","Anthophora.bomboides",0
"M_080","Antennaria.rosea","Anthophora.montana",0
"M_080","Antennaria.rosea","Anthophora.terminalis",0
"M_080","Antennaria.rosea","Anthophora.urbana",0
"M_080","Antennaria.rosea","Bombus.fernaldae",0
"M_080","Antennaria.rosea","Lasioglossum..Hemihalictus..sp",0
"M_080","Antennaria.rosea","Melissodes.sp..1",0
"M_080","Antennaria.rosea","Osmia.paradisica",0
"M_080","Antennaria.rosea","Andrena.crategi",0
"M_080","Antennaria.rosea","Andrena.sp..5",0
"M_080","Antennaria.rosea","Colletes.spp",0
"M_080","Antennaria.rosea","Hylaeus.basalis",0
"M_080","Antennaria.rosea","Hylaeus.coloradensis",0
"M_080","Campanula.rotundifolia","Agapostemon.angelicus.texanus",6
"M_080","Campanula.rotundifolia","Bombus.mixtus",4
"M_080","Campanula.rotundifolia","Halictus.tripartitus",0
"M_080","Campanula.rotundifolia","Hoplitis.fulgida",0
"M_080","Campanula.rotundifolia","Hoplitis.robusta",0
"M_080","Campanula.rotundifolia","Hylaeus.personatellus",0
"M_080","Campanula.rotundifolia","Lasioglossum..Dialictus..aff..knereri",0
"M_080","Campanula.rotundifolia","Lasioglossum..Dialictus..hudsoniellum",0
"M_080","Campanula.rotundifolia","Lasioglossum..Dialictus..lazulis",0
"M_080","Campanula.rotundifolia","Lasioglossum..Dialictus..mixed.spp",1
"M_080","Campanula.rotundifolia","Lasioglossum..Dialictus..ruidosense",1
"M_080","Campanula.rotundifolia","Lasioglossum.inconditum",0
"M_080","Campanula.rotundifolia","Lasioglossum.sp..1",0
"M_080","Campanula.rotundifolia","Melissodes.confusus",3
"M_080","Campanula.rotundifolia","Osmia.spp",1
"M_080","Campanula.rotundifolia","Panurginus.ineptus",0
"M_080","Campanula.rotundifolia","Panurginus.spp",0
"M_080","Campanula.rotundifolia","Andrena.medionitens",0
"M_080","Campanula.rotundifolia","Andrena.salicifloris",0
"M_080","Campanula.rotundifolia","Andrena.sp..2",0
"M_080","Campanula.rotundifolia","Andrena.sp..3",0
"M_080","Campanula.rotundifolia","Andrena.sp..A",0
"M_080","Campanula.rotundifolia","Andrena.sp..C",0
"M_080","Campanula.rotundifolia","Bombus.appositus",0
"M_080","Campanula.rotundifolia","Bombus.bifarius",11
"M_080","Campanula.rotundifolia","Bombus.californicus",0
"M_080","Campanula.rotundifolia","Bombus.flavifrons",5
"M_080","Campanula.rotundifolia","Bombus.melanopygus",0
"M_080","Campanula.rotundifolia","Bombus.nevadensis",0
"M_080","Campanula.rotundifolia","Bombus.occidentalis",0
"M_080","Campanula.rotundifolia","Bombus.rufocinctus",4
"M_080","Campanula.rotundifolia","Bombus.sylvicola",1
"M_080","Campanula.rotundifolia","Colletes.fulgidus",0
"M_080","Campanula.rotundifolia","Dufourea.fimbriata",1
"M_080","Campanula.rotundifolia","Dufourea.maura",8
"M_080","Campanula.rotundifolia","Halictus.ligatus",0
"M_080","Campanula.rotundifolia","Hylaeus.annulatus",0
"M_080","Campanula.rotundifolia","Lasioglossum..Dialictus..pruinosum",0
"M_080","Campanula.rotundifolia","Lasioglossum..Dialictus..semicaeruleum",0
"M_080","Campanula.rotundifolia","Lasioglossum..Dialictus..tenax",8
"M_080","Campanula.rotundifolia","Lasioglossum.sisymbrii",0
"M_080","Campanula.rotundifolia","Lasioglossum.sp",3
"M_080","Campanula.rotundifolia","Megachile.frigida",2
"M_080","Campanula.rotundifolia","Megachile.inermis",0
"M_080","Campanula.rotundifolia","Megachile.melanophaea",22
"M_080","Campanula.rotundifolia","Megachile.relativa",0
"M_080","Campanula.rotundifolia","Osmia.bucephala",1
"M_080","Campanula.rotundifolia","Osmia.sp..A",0
"M_080","Campanula.rotundifolia","Osmia.sp..B",0
"M_080","Campanula.rotundifolia","Panurginus.cressoniellus",0
"M_080","Campanula.rotundifolia","Pseudopanurgus.bakeri",0
"M_080","Campanula.rotundifolia","Pseudopanurgus.didirupa",0
"M_080","Campanula.rotundifolia","Sphecodes.sp",0
"M_080","Campanula.rotundifolia","Andrena.amphibola",0
"M_080","Campanula.rotundifolia","Andrena.angustitarsata",0
"M_080","Campanula.rotundifolia","Andrena.cyanophila",0
"M_080","Campanula.rotundifolia","Andrena.sp..9",0
"M_080","Campanula.rotundifolia","Andrena.thaspii",0
"M_080","Campanula.rotundifolia","Andrena.topazana",0
"M_080","Campanula.rotundifolia","Andrena.vicinoides",0
"M_080","Campanula.rotundifolia","Augochlorella.aurata",0
"M_080","Campanula.rotundifolia","Coelioxys.sodalis",2
"M_080","Campanula.rotundifolia","Colletes.nigrifrons",0
"M_080","Campanula.rotundifolia","Halictus.virgatellus",0
"M_080","Campanula.rotundifolia","Hylaeus.modestus",0
"M_080","Campanula.rotundifolia","Lasioglossum..Dialictus..pacatum",0
"M_080","Campanula.rotundifolia","Lasioglossum.aff..boreale",0
"M_080","Campanula.rotundifolia","Lasioglossum.foxii",0
"M_080","Campanula.rotundifolia","Osmia.inermis",0
"M_080","Campanula.rotundifolia","Osmia.pusilla",0
"M_080","Campanula.rotundifolia","Osmia.sp..D",0
"M_080","Campanula.rotundifolia","Osmia.sp..E",0
"M_080","Campanula.rotundifolia","Osmia.subaustralis",0
"M_080","Campanula.rotundifolia","Bombus.insularis",0
"M_080","Campanula.rotundifolia","Colletes.sp",0
"M_080","Campanula.rotundifolia","Epeolus.sp",0
"M_080","Campanula.rotundifolia","Hoplitis.albifrons",0
"M_080","Campanula.rotundifolia","Hylaeus.annullatus",0
"M_080","Campanula.rotundifolia","Lasioglossum..Dialictus..perpunctatum",0
"M_080","Campanula.rotundifolia","Lasioglossum..Hemihalictus..spp",0
"M_080","Campanula.rotundifolia","Lasioglossum.heterorhinum",0
"M_080","Campanula.rotundifolia","Megachile.pugnata",0
"M_080","Campanula.rotundifolia","Nomada.spp",0
"M_080","Campanula.rotundifolia","Stelis.nitida",0
"M_080","Campanula.rotundifolia","Apis.mellifera",4
"M_080","Campanula.rotundifolia","Halictus.confusus",0
"M_080","Campanula.rotundifolia","Osmia.nigriventris",0
"M_080","Campanula.rotundifolia","Osmia.sp..C",0
"M_080","Campanula.rotundifolia","Osmia.sp..F",0
"M_080","Campanula.rotundifolia","Stelis.sp",0
"M_080","Campanula.rotundifolia","Anthophora.bomboides",0
"M_080","Campanula.rotundifolia","Anthophora.montana",0
"M_080","Campanula.rotundifolia","Anthophora.terminalis",0
"M_080","Campanula.rotundifolia","Anthophora.urbana",1
"M_080","Campanula.rotundifolia","Bombus.fernaldae",0
"M_080","Campanula.rotundifolia","Lasioglossum..Hemihalictus..sp",0
"M_080","Campanula.rotundifolia","Melissodes.sp..1",1
"M_080","Campanula.rotundifolia","Osmia.paradisica",0
"M_080","Campanula.rotundifolia","Andrena.crategi",0
"M_080","Campanula.rotundifolia","Andrena.sp..5",0
"M_080","Campanula.rotundifolia","Colletes.spp",0
"M_080","Campanula.rotundifolia","Hylaeus.basalis",0
"M_080","Campanula.rotundifolia","Hylaeus.coloradensis",0
"M_080","Castilleja.miniata","Agapostemon.angelicus.texanus",0
"M_080","Castilleja.miniata","Bombus.mixtus",0
"M_080","Castilleja.miniata","Halictus.tripartitus",0
"M_080","Castilleja.miniata","Hoplitis.fulgida",0
"M_080","Castilleja.miniata","Hoplitis.robusta",0
"M_080","Castilleja.miniata","Hylaeus.personatellus",0
"M_080","Castilleja.miniata","Lasioglossum..Dialictus..aff..knereri",0
"M_080","Castilleja.miniata","Lasioglossum..Dialictus..hudsoniellum",0
"M_080","Castilleja.miniata","Lasioglossum..Dialictus..lazulis",0
"M_080","Castilleja.miniata","Lasioglossum..Dialictus..mixed.spp",0
"M_080","Castilleja.miniata","Lasioglossum..Dialictus..ruidosense",2
"M_080","Castilleja.miniata","Lasioglossum.inconditum",0
"M_080","Castilleja.miniata","Lasioglossum.sp..1",0
"M_080","Castilleja.miniata","Melissodes.confusus",0
"M_080","Castilleja.miniata","Osmia.spp",0
"M_080","Castilleja.miniata","Panurginus.ineptus",0
"M_080","Castilleja.miniata","Panurginus.spp",1
"M_080","Castilleja.miniata","Andrena.medionitens",0
"M_080","Castilleja.miniata","Andrena.salicifloris",0
"M_080","Castilleja.miniata","Andrena.sp..2",0
"M_080","Castilleja.miniata","Andrena.sp..3",0
"M_080","Castilleja.miniata","Andrena.sp..A",0
"M_080","Castilleja.miniata","Andrena.sp..C",0
"M_080","Castilleja.miniata","Bombus.appositus",0
"M_080","Castilleja.miniata","Bombus.bifarius",0
"M_080","Castilleja.miniata","Bombus.californicus",1
"M_080","Castilleja.miniata","Bombus.flavifrons",0
"M_080","Castilleja.miniata","Bombus.melanopygus",0
"M_080","Castilleja.miniata","Bombus.nevadensis",0
"M_080","Castilleja.miniata","Bombus.occidentalis",0
"M_080","Castilleja.miniata","Bombus.rufocinctus",0
"M_080","Castilleja.miniata","Bombus.sylvicola",0
"M_080","Castilleja.miniata","Colletes.fulgidus",0
"M_080","Castilleja.miniata","Dufourea.fimbriata",0
"M_080","Castilleja.miniata","Dufourea.maura",0
"M_080","Castilleja.miniata","Halictus.ligatus",0
"M_080","Castilleja.miniata","Hylaeus.annulatus",0
"M_080","Castilleja.miniata","Lasioglossum..Dialictus..pruinosum",0
"M_080","Castilleja.miniata","Lasioglossum..Dialictus..semicaeruleum",0
"M_080","Castilleja.miniata","Lasioglossum..Dialictus..tenax",0
"M_080","Castilleja.miniata","Lasioglossum.sisymbrii",0
"M_080","Castilleja.miniata","Lasioglossum.sp",0
"M_080","Castilleja.miniata","Megachile.frigida",0
"M_080","Castilleja.miniata","Megachile.inermis",0
"M_080","Castilleja.miniata","Megachile.melanophaea",0
"M_080","Castilleja.miniata","Megachile.relativa",0
"M_080","Castilleja.miniata","Osmia.bucephala",0
"M_080","Castilleja.miniata","Osmia.sp..A",0
"M_080","Castilleja.miniata","Osmia.sp..B",0
"M_080","Castilleja.miniata","Panurginus.cressoniellus",0
"M_080","Castilleja.miniata","Pseudopanurgus.bakeri",0
"M_080","Castilleja.miniata","Pseudopanurgus.didirupa",0
"M_080","Castilleja.miniata","Sphecodes.sp",0
"M_080","Castilleja.miniata","Andrena.amphibola",0
"M_080","Castilleja.miniata","Andrena.angustitarsata",0
"M_080","Castilleja.miniata","Andrena.cyanophila",0
"M_080","Castilleja.miniata","Andrena.sp..9",0
"M_080","Castilleja.miniata","Andrena.thaspii",0
"M_080","Castilleja.miniata","Andrena.topazana",0
"M_080","Castilleja.miniata","Andrena.vicinoides",0
"M_080","Castilleja.miniata","Augochlorella.aurata",0
"M_080","Castilleja.miniata","Coelioxys.sodalis",0
"M_080","Castilleja.miniata","Colletes.nigrifrons",0
"M_080","Castilleja.miniata","Halictus.virgatellus",0
"M_080","Castilleja.miniata","Hylaeus.modestus",0
"M_080","Castilleja.miniata","Lasioglossum..Dialictus..pacatum",0
"M_080","Castilleja.miniata","Lasioglossum.aff..boreale",0
"M_080","Castilleja.miniata","Lasioglossum.foxii",0
"M_080","Castilleja.miniata","Osmia.inermis",0
"M_080","Castilleja.miniata","Osmia.pusilla",0
"M_080","Castilleja.miniata","Osmia.sp..D",0
"M_080","Castilleja.miniata","Osmia.sp..E",0
"M_080","Castilleja.miniata","Osmia.subaustralis",0
"M_080","Castilleja.miniata","Bombus.insularis",0
"M_080","Castilleja.miniata","Colletes.sp",0
"M_080","Castilleja.miniata","Epeolus.sp",0
"M_080","Castilleja.miniata","Hoplitis.albifrons",0
"M_080","Castilleja.miniata","Hylaeus.annullatus",0
"M_080","Castilleja.miniata","Lasioglossum..Dialictus..perpunctatum",0
"M_080","Castilleja.miniata","Lasioglossum..Hemihalictus..spp",0
"M_080","Castilleja.miniata","Lasioglossum.heterorhinum",0
"M_080","Castilleja.miniata","Megachile.pugnata",0
"M_080","Castilleja.miniata","Nomada.spp",0
"M_080","Castilleja.miniata","Stelis.nitida",0
"M_080","Castilleja.miniata","Apis.mellifera",0
"M_080","Castilleja.miniata","Halictus.confusus",0
"M_080","Castilleja.miniata","Osmia.nigriventris",0
"M_080","Castilleja.miniata","Osmia.sp..C",0
"M_080","Castilleja.miniata","Osmia.sp..F",0
"M_080","Castilleja.miniata","Stelis.sp",0
"M_080","Castilleja.miniata","Anthophora.bomboides",0
"M_080","Castilleja.miniata","Anthophora.montana",0
"M_080","Castilleja.miniata","Anthophora.terminalis",0
"M_080","Castilleja.miniata","Anthophora.urbana",0
"M_080","Castilleja.miniata","Bombus.fernaldae",0
"M_080","Castilleja.miniata","Lasioglossum..Hemihalictus..sp",0
"M_080","Castilleja.miniata","Melissodes.sp..1",0
"M_080","Castilleja.miniata","Osmia.paradisica",0
"M_080","Castilleja.miniata","Andrena.crategi",0
"M_080","Castilleja.miniata","Andrena.sp..5",0
"M_080","Castilleja.miniata","Colletes.spp",0
"M_080","Castilleja.miniata","Hylaeus.basalis",0
"M_080","Castilleja.miniata","Hylaeus.coloradensis",0
"M_080","Cymopterus.lemmonii","Agapostemon.angelicus.texanus",0
"M_080","Cymopterus.lemmonii","Bombus.mixtus",0
"M_080","Cymopterus.lemmonii","Halictus.tripartitus",0
"M_080","Cymopterus.lemmonii","Hoplitis.fulgida",0
"M_080","Cymopterus.lemmonii","Hoplitis.robusta",0
"M_080","Cymopterus.lemmonii","Hylaeus.personatellus",5
"M_080","Cymopterus.lemmonii","Lasioglossum..Dialictus..aff..knereri",2
"M_080","Cymopterus.lemmonii","Lasioglossum..Dialictus..hudsoniellum",0
"M_080","Cymopterus.lemmonii","Lasioglossum..Dialictus..lazulis",3
"M_080","Cymopterus.lemmonii","Lasioglossum..Dialictus..mixed.spp",2
"M_080","Cymopterus.lemmonii","Lasioglossum..Dialictus..ruidosense",10
"M_080","Cymopterus.lemmonii","Lasioglossum.inconditum",1
"M_080","Cymopterus.lemmonii","Lasioglossum.sp..1",0
"M_080","Cymopterus.lemmonii","Melissodes.confusus",0
"M_080","Cymopterus.lemmonii","Osmia.spp",3
"M_080","Cymopterus.lemmonii","Panurginus.ineptus",4
"M_080","Cymopterus.lemmonii","Panurginus.spp",0
"M_080","Cymopterus.lemmonii","Andrena.medionitens",0
"M_080","Cymopterus.lemmonii","Andrena.salicifloris",4
"M_080","Cymopterus.lemmonii","Andrena.sp..2",0
"M_080","Cymopterus.lemmonii","Andrena.sp..3",0
"M_080","Cymopterus.lemmonii","Andrena.sp..A",0
"M_080","Cymopterus.lemmonii","Andrena.sp..C",0
"M_080","Cymopterus.lemmonii","Bombus.appositus",0
"M_080","Cymopterus.lemmonii","Bombus.bifarius",1
"M_080","Cymopterus.lemmonii","Bombus.californicus",0
"M_080","Cymopterus.lemmonii","Bombus.flavifrons",0
"M_080","Cymopterus.lemmonii","Bombus.melanopygus",0
"M_080","Cymopterus.lemmonii","Bombus.nevadensis",0
"M_080","Cymopterus.lemmonii","Bombus.occidentalis",0
"M_080","Cymopterus.lemmonii","Bombus.rufocinctus",1
"M_080","Cymopterus.lemmonii","Bombus.sylvicola",0
"M_080","Cymopterus.lemmonii","Colletes.fulgidus",0
"M_080","Cymopterus.lemmonii","Dufourea.fimbriata",0
"M_080","Cymopterus.lemmonii","Dufourea.maura",0
"M_080","Cymopterus.lemmonii","Halictus.ligatus",0
"M_080","Cymopterus.lemmonii","Hylaeus.annulatus",2
"M_080","Cymopterus.lemmonii","Lasioglossum..Dialictus..pruinosum",1
"M_080","Cymopterus.lemmonii","Lasioglossum..Dialictus..semicaeruleum",0
"M_080","Cymopterus.lemmonii","Lasioglossum..Dialictus..tenax",19
"M_080","Cymopterus.lemmonii","Lasioglossum.sisymbrii",2
"M_080","Cymopterus.lemmonii","Lasioglossum.sp",10
"M_080","Cymopterus.lemmonii","Megachile.frigida",0
"M_080","Cymopterus.lemmonii","Megachile.inermis",0
"M_080","Cymopterus.lemmonii","Megachile.melanophaea",0
"M_080","Cymopterus.lemmonii","Megachile.relativa",1
"M_080","Cymopterus.lemmonii","Osmia.bucephala",1
"M_080","Cymopterus.lemmonii","Osmia.sp..A",0
"M_080","Cymopterus.lemmonii","Osmia.sp..B",0
"M_080","Cymopterus.lemmonii","Panurginus.cressoniellus",1
"M_080","Cymopterus.lemmonii","Pseudopanurgus.bakeri",0
"M_080","Cymopterus.lemmonii","Pseudopanurgus.didirupa",0
"M_080","Cymopterus.lemmonii","Sphecodes.sp",1
"M_080","Cymopterus.lemmonii","Andrena.amphibola",0
"M_080","Cymopterus.lemmonii","Andrena.angustitarsata",3
"M_080","Cymopterus.lemmonii","Andrena.cyanophila",2
"M_080","Cymopterus.lemmonii","Andrena.sp..9",0
"M_080","Cymopterus.lemmonii","Andrena.thaspii",0
"M_080","Cymopterus.lemmonii","Andrena.topazana",0
"M_080","Cymopterus.lemmonii","Andrena.vicinoides",0
"M_080","Cymopterus.lemmonii","Augochlorella.aurata",0
"M_080","Cymopterus.lemmonii","Coelioxys.sodalis",0
"M_080","Cymopterus.lemmonii","Colletes.nigrifrons",5
"M_080","Cymopterus.lemmonii","Halictus.virgatellus",0
"M_080","Cymopterus.lemmonii","Hylaeus.modestus",0
"M_080","Cymopterus.lemmonii","Lasioglossum..Dialictus..pacatum",0
"M_080","Cymopterus.lemmonii","Lasioglossum.aff..boreale",0
"M_080","Cymopterus.lemmonii","Lasioglossum.foxii",0
"M_080","Cymopterus.lemmonii","Osmia.inermis",0
"M_080","Cymopterus.lemmonii","Osmia.pusilla",0
"M_080","Cymopterus.lemmonii","Osmia.sp..D",0
"M_080","Cymopterus.lemmonii","Osmia.sp..E",0
"M_080","Cymopterus.lemmonii","Osmia.subaustralis",0
"M_080","Cymopterus.lemmonii","Bombus.insularis",0
"M_080","Cymopterus.lemmonii","Colletes.sp",2
"M_080","Cymopterus.lemmonii","Epeolus.sp",0
"M_080","Cymopterus.lemmonii","Hoplitis.albifrons",0
"M_080","Cymopterus.lemmonii","Hylaeus.annullatus",0
"M_080","Cymopterus.lemmonii","Lasioglossum..Dialictus..perpunctatum",0
"M_080","Cymopterus.lemmonii","Lasioglossum..Hemihalictus..spp",0
"M_080","Cymopterus.lemmonii","Lasioglossum.heterorhinum",0
"M_080","Cymopterus.lemmonii","Megachile.pugnata",0
"M_080","Cymopterus.lemmonii","Nomada.spp",1
"M_080","Cymopterus.lemmonii","Stelis.nitida",0
"M_080","Cymopterus.lemmonii","Apis.mellifera",0
"M_080","Cymopterus.lemmonii","Halictus.confusus",0
"M_080","Cymopterus.lemmonii","Osmia.nigriventris",0
"M_080","Cymopterus.lemmonii","Osmia.sp..C",0
"M_080","Cymopterus.lemmonii","Osmia.sp..F",0
"M_080","Cymopterus.lemmonii","Stelis.sp",0
"M_080","Cymopterus.lemmonii","Anthophora.bomboides",0
"M_080","Cymopterus.lemmonii","Anthophora.montana",0
"M_080","Cymopterus.lemmonii","Anthophora.terminalis",0
"M_080","Cymopterus.lemmonii","Anthophora.urbana",0
"M_080","Cymopterus.lemmonii","Bombus.fernaldae",0
"M_080","Cymopterus.lemmonii","Lasioglossum..Hemihalictus..sp",0
"M_080","Cymopterus.lemmonii","Melissodes.sp..1",0
"M_080","Cymopterus.lemmonii","Osmia.paradisica",0
"M_080","Cymopterus.lemmonii","Andrena.crategi",0
"M_080","Cymopterus.lemmonii","Andrena.sp..5",0
"M_080","Cymopterus.lemmonii","Colletes.spp",1
"M_080","Cymopterus.lemmonii","Hylaeus.basalis",0
"M_080","Cymopterus.lemmonii","Hylaeus.coloradensis",0
"M_080","Dieteria.bigelovii","Agapostemon.angelicus.texanus",1
"M_080","Dieteria.bigelovii","Bombus.mixtus",2
"M_080","Dieteria.bigelovii","Halictus.tripartitus",0
"M_080","Dieteria.bigelovii","Hoplitis.fulgida",0
"M_080","Dieteria.bigelovii","Hoplitis.robusta",0
"M_080","Dieteria.bigelovii","Hylaeus.personatellus",0
"M_080","Dieteria.bigelovii","Lasioglossum..Dialictus..aff..knereri",0
"M_080","Dieteria.bigelovii","Lasioglossum..Dialictus..hudsoniellum",0
"M_080","Dieteria.bigelovii","Lasioglossum..Dialictus..lazulis",0
"M_080","Dieteria.bigelovii","Lasioglossum..Dialictus..mixed.spp",1
"M_080","Dieteria.bigelovii","Lasioglossum..Dialictus..ruidosense",0
"M_080","Dieteria.bigelovii","Lasioglossum.inconditum",0
"M_080","Dieteria.bigelovii","Lasioglossum.sp..1",0
"M_080","Dieteria.bigelovii","Melissodes.confusus",0
"M_080","Dieteria.bigelovii","Osmia.spp",0
"M_080","Dieteria.bigelovii","Panurginus.ineptus",0
"M_080","Dieteria.bigelovii","Panurginus.spp",0
"M_080","Dieteria.bigelovii","Andrena.medionitens",0
"M_080","Dieteria.bigelovii","Andrena.salicifloris",0
"M_080","Dieteria.bigelovii","Andrena.sp..2",0
"M_080","Dieteria.bigelovii","Andrena.sp..3",0
"M_080","Dieteria.bigelovii","Andrena.sp..A",0
"M_080","Dieteria.bigelovii","Andrena.sp..C",0
"M_080","Dieteria.bigelovii","Bombus.appositus",0
"M_080","Dieteria.bigelovii","Bombus.bifarius",5
"M_080","Dieteria.bigelovii","Bombus.californicus",0
"M_080","Dieteria.bigelovii","Bombus.flavifrons",3
"M_080","Dieteria.bigelovii","Bombus.melanopygus",0
"M_080","Dieteria.bigelovii","Bombus.nevadensis",0
"M_080","Dieteria.bigelovii","Bombus.occidentalis",0
"M_080","Dieteria.bigelovii","Bombus.rufocinctus",2
"M_080","Dieteria.bigelovii","Bombus.sylvicola",0
"M_080","Dieteria.bigelovii","Colletes.fulgidus",0
"M_080","Dieteria.bigelovii","Dufourea.fimbriata",0
"M_080","Dieteria.bigelovii","Dufourea.maura",0
"M_080","Dieteria.bigelovii","Halictus.ligatus",0
"M_080","Dieteria.bigelovii","Hylaeus.annulatus",0
"M_080","Dieteria.bigelovii","Lasioglossum..Dialictus..pruinosum",1
"M_080","Dieteria.bigelovii","Lasioglossum..Dialictus..semicaeruleum",0
"M_080","Dieteria.bigelovii","Lasioglossum..Dialictus..tenax",0
"M_080","Dieteria.bigelovii","Lasioglossum.sisymbrii",0
"M_080","Dieteria.bigelovii","Lasioglossum.sp",1
"M_080","Dieteria.bigelovii","Megachile.frigida",0
"M_080","Dieteria.bigelovii","Megachile.inermis",0
"M_080","Dieteria.bigelovii","Megachile.melanophaea",0
"M_080","Dieteria.bigelovii","Megachile.relativa",0
"M_080","Dieteria.bigelovii","Osmia.bucephala",0
"M_080","Dieteria.bigelovii","Osmia.sp..A",0
"M_080","Dieteria.bigelovii","Osmia.sp..B",0
"M_080","Dieteria.bigelovii","Panurginus.cressoniellus",0
"M_080","Dieteria.bigelovii","Pseudopanurgus.bakeri",0
"M_080","Dieteria.bigelovii","Pseudopanurgus.didirupa",0
"M_080","Dieteria.bigelovii","Sphecodes.sp",0
"M_080","Dieteria.bigelovii","Andrena.amphibola",0
"M_080","Dieteria.bigelovii","Andrena.angustitarsata",0
"M_080","Dieteria.bigelovii","Andrena.cyanophila",0
"M_080","Dieteria.bigelovii","Andrena.sp..9",0
"M_080","Dieteria.bigelovii","Andrena.thaspii",0
"M_080","Dieteria.bigelovii","Andrena.topazana",0
"M_080","Dieteria.bigelovii","Andrena.vicinoides",0
"M_080","Dieteria.bigelovii","Augochlorella.aurata",0
"M_080","Dieteria.bigelovii","Coelioxys.sodalis",0
"M_080","Dieteria.bigelovii","Colletes.nigrifrons",0
"M_080","Dieteria.bigelovii","Halictus.virgatellus",0
"M_080","Dieteria.bigelovii","Hylaeus.modestus",0
"M_080","Dieteria.bigelovii","Lasioglossum..Dialictus..pacatum",0
"M_080","Dieteria.bigelovii","Lasioglossum.aff..boreale",0
"M_080","Dieteria.bigelovii","Lasioglossum.foxii",0
"M_080","Dieteria.bigelovii","Osmia.inermis",0
"M_080","Dieteria.bigelovii","Osmia.pusilla",0
"M_080","Dieteria.bigelovii","Osmia.sp..D",0
"M_080","Dieteria.bigelovii","Osmia.sp..E",0
"M_080","Dieteria.bigelovii","Osmia.subaustralis",0
"M_080","Dieteria.bigelovii","Bombus.insularis",0
"M_080","Dieteria.bigelovii","Colletes.sp",0
"M_080","Dieteria.bigelovii","Epeolus.sp",0
"M_080","Dieteria.bigelovii","Hoplitis.albifrons",0
"M_080","Dieteria.bigelovii","Hylaeus.annullatus",0
"M_080","Dieteria.bigelovii","Lasioglossum..Dialictus..perpunctatum",0
"M_080","Dieteria.bigelovii","Lasioglossum..Hemihalictus..spp",0
"M_080","Dieteria.bigelovii","Lasioglossum.heterorhinum",1
"M_080","Dieteria.bigelovii","Megachile.pugnata",0
"M_080","Dieteria.bigelovii","Nomada.spp",0
"M_080","Dieteria.bigelovii","Stelis.nitida",0
"M_080","Dieteria.bigelovii","Apis.mellifera",0
"M_080","Dieteria.bigelovii","Halictus.confusus",0
"M_080","Dieteria.bigelovii","Osmia.nigriventris",0
"M_080","Dieteria.bigelovii","Osmia.sp..C",0
"M_080","Dieteria.bigelovii","Osmia.sp..F",0
"M_080","Dieteria.bigelovii","Stelis.sp",0
"M_080","Dieteria.bigelovii","Anthophora.bomboides",0
"M_080","Dieteria.bigelovii","Anthophora.montana",0
"M_080","Dieteria.bigelovii","Anthophora.terminalis",0
"M_080","Dieteria.bigelovii","Anthophora.urbana",0
"M_080","Dieteria.bigelovii","Bombus.fernaldae",0
"M_080","Dieteria.bigelovii","Lasioglossum..Hemihalictus..sp",0
"M_080","Dieteria.bigelovii","Melissodes.sp..1",0
"M_080","Dieteria.bigelovii","Osmia.paradisica",0
"M_080","Dieteria.bigelovii","Andrena.crategi",0
"M_080","Dieteria.bigelovii","Andrena.sp..5",0
"M_080","Dieteria.bigelovii","Colletes.spp",0
"M_080","Dieteria.bigelovii","Hylaeus.basalis",0
"M_080","Dieteria.bigelovii","Hylaeus.coloradensis",0
"M_080","Erigeron.eximius","Agapostemon.angelicus.texanus",0
"M_080","Erigeron.eximius","Bombus.mixtus",2
"M_080","Erigeron.eximius","Halictus.tripartitus",0
"M_080","Erigeron.eximius","Hoplitis.fulgida",0
"M_080","Erigeron.eximius","Hoplitis.robusta",0
"M_080","Erigeron.eximius","Hylaeus.personatellus",0
"M_080","Erigeron.eximius","Lasioglossum..Dialictus..aff..knereri",0
"M_080","Erigeron.eximius","Lasioglossum..Dialictus..hudsoniellum",0
"M_080","Erigeron.eximius","Lasioglossum..Dialictus..lazulis",0
"M_080","Erigeron.eximius","Lasioglossum..Dialictus..mixed.spp",2
"M_080","Erigeron.eximius","Lasioglossum..Dialictus..ruidosense",2
"M_080","Erigeron.eximius","Lasioglossum.inconditum",0
"M_080","Erigeron.eximius","Lasioglossum.sp..1",0
"M_080","Erigeron.eximius","Melissodes.confusus",0
"M_080","Erigeron.eximius","Osmia.spp",0
"M_080","Erigeron.eximius","Panurginus.ineptus",0
"M_080","Erigeron.eximius","Panurginus.spp",0
"M_080","Erigeron.eximius","Andrena.medionitens",0
"M_080","Erigeron.eximius","Andrena.salicifloris",0
"M_080","Erigeron.eximius","Andrena.sp..2",0
"M_080","Erigeron.eximius","Andrena.sp..3",0
"M_080","Erigeron.eximius","Andrena.sp..A",0
"M_080","Erigeron.eximius","Andrena.sp..C",0
"M_080","Erigeron.eximius","Bombus.appositus",1
"M_080","Erigeron.eximius","Bombus.bifarius",8
"M_080","Erigeron.eximius","Bombus.californicus",1
"M_080","Erigeron.eximius","Bombus.flavifrons",3
"M_080","Erigeron.eximius","Bombus.melanopygus",0
"M_080","Erigeron.eximius","Bombus.nevadensis",0
"M_080","Erigeron.eximius","Bombus.occidentalis",1
"M_080","Erigeron.eximius","Bombus.rufocinctus",0
"M_080","Erigeron.eximius","Bombus.sylvicola",0
"M_080","Erigeron.eximius","Colletes.fulgidus",0
"M_080","Erigeron.eximius","Dufourea.fimbriata",0
"M_080","Erigeron.eximius","Dufourea.maura",0
"M_080","Erigeron.eximius","Halictus.ligatus",0
"M_080","Erigeron.eximius","Hylaeus.annulatus",0
"M_080","Erigeron.eximius","Lasioglossum..Dialictus..pruinosum",0
"M_080","Erigeron.eximius","Lasioglossum..Dialictus..semicaeruleum",0
"M_080","Erigeron.eximius","Lasioglossum..Dialictus..tenax",1
"M_080","Erigeron.eximius","Lasioglossum.sisymbrii",0
"M_080","Erigeron.eximius","Lasioglossum.sp",0
"M_080","Erigeron.eximius","Megachile.frigida",0
"M_080","Erigeron.eximius","Megachile.inermis",0
"M_080","Erigeron.eximius","Megachile.melanophaea",0
"M_080","Erigeron.eximius","Megachile.relativa",0
"M_080","Erigeron.eximius","Osmia.bucephala",0
"M_080","Erigeron.eximius","Osmia.sp..A",0
"M_080","Erigeron.eximius","Osmia.sp..B",0
"M_080","Erigeron.eximius","Panurginus.cressoniellus",0
"M_080","Erigeron.eximius","Pseudopanurgus.bakeri",0
"M_080","Erigeron.eximius","Pseudopanurgus.didirupa",0
"M_080","Erigeron.eximius","Sphecodes.sp",0
"M_080","Erigeron.eximius","Andrena.amphibola",0
"M_080","Erigeron.eximius","Andrena.angustitarsata",0
"M_080","Erigeron.eximius","Andrena.cyanophila",0
"M_080","Erigeron.eximius","Andrena.sp..9",0
"M_080","Erigeron.eximius","Andrena.thaspii",0
"M_080","Erigeron.eximius","Andrena.topazana",0
"M_080","Erigeron.eximius","Andrena.vicinoides",0
"M_080","Erigeron.eximius","Augochlorella.aurata",0
"M_080","Erigeron.eximius","Coelioxys.sodalis",0
"M_080","Erigeron.eximius","Colletes.nigrifrons",0
"M_080","Erigeron.eximius","Halictus.virgatellus",0
"M_080","Erigeron.eximius","Hylaeus.modestus",0
"M_080","Erigeron.eximius","Lasioglossum..Dialictus..pacatum",0
"M_080","Erigeron.eximius","Lasioglossum.aff..boreale",0
"M_080","Erigeron.eximius","Lasioglossum.foxii",0
"M_080","Erigeron.eximius","Osmia.inermis",0
"M_080","Erigeron.eximius","Osmia.pusilla",0
"M_080","Erigeron.eximius","Osmia.sp..D",0
"M_080","Erigeron.eximius","Osmia.sp..E",0
"M_080","Erigeron.eximius","Osmia.subaustralis",0
"M_080","Erigeron.eximius","Bombus.insularis",0
"M_080","Erigeron.eximius","Colletes.sp",0
"M_080","Erigeron.eximius","Epeolus.sp",0
"M_080","Erigeron.eximius","Hoplitis.albifrons",0
"M_080","Erigeron.eximius","Hylaeus.annullatus",0
"M_080","Erigeron.eximius","Lasioglossum..Dialictus..perpunctatum",0
"M_080","Erigeron.eximius","Lasioglossum..Hemihalictus..spp",0
"M_080","Erigeron.eximius","Lasioglossum.heterorhinum",0
"M_080","Erigeron.eximius","Megachile.pugnata",0
"M_080","Erigeron.eximius","Nomada.spp",0
"M_080","Erigeron.eximius","Stelis.nitida",0
"M_080","Erigeron.eximius","Apis.mellifera",0
"M_080","Erigeron.eximius","Halictus.confusus",0
"M_080","Erigeron.eximius","Osmia.nigriventris",0
"M_080","Erigeron.eximius","Osmia.sp..C",0
"M_080","Erigeron.eximius","Osmia.sp..F",0
"M_080","Erigeron.eximius","Stelis.sp",0
"M_080","Erigeron.eximius","Anthophora.bomboides",0
"M_080","Erigeron.eximius","Anthophora.montana",0
"M_080","Erigeron.eximius","Anthophora.terminalis",0
"M_080","Erigeron.eximius","Anthophora.urbana",0
"M_080","Erigeron.eximius","Bombus.fernaldae",1
"M_080","Erigeron.eximius","Lasioglossum..Hemihalictus..sp",0
"M_080","Erigeron.eximius","Melissodes.sp..1",0
"M_080","Erigeron.eximius","Osmia.paradisica",0
"M_080","Erigeron.eximius","Andrena.crategi",0
"M_080","Erigeron.eximius","Andrena.sp..5",0
"M_080","Erigeron.eximius","Colletes.spp",0
"M_080","Erigeron.eximius","Hylaeus.basalis",0
"M_080","Erigeron.eximius","Hylaeus.coloradensis",0
"M_080","Erysimum.capitatum","Agapostemon.angelicus.texanus",0
"M_080","Erysimum.capitatum","Bombus.mixtus",0
"M_080","Erysimum.capitatum","Halictus.tripartitus",0
"M_080","Erysimum.capitatum","Hoplitis.fulgida",0
"M_080","Erysimum.capitatum","Hoplitis.robusta",0
"M_080","Erysimum.capitatum","Hylaeus.personatellus",0
"M_080","Erysimum.capitatum","Lasioglossum..Dialictus..aff..knereri",0
"M_080","Erysimum.capitatum","Lasioglossum..Dialictus..hudsoniellum",0
"M_080","Erysimum.capitatum","Lasioglossum..Dialictus..lazulis",0
"M_080","Erysimum.capitatum","Lasioglossum..Dialictus..mixed.spp",1
"M_080","Erysimum.capitatum","Lasioglossum..Dialictus..ruidosense",0
"M_080","Erysimum.capitatum","Lasioglossum.inconditum",1
"M_080","Erysimum.capitatum","Lasioglossum.sp..1",0
"M_080","Erysimum.capitatum","Melissodes.confusus",0
"M_080","Erysimum.capitatum","Osmia.spp",0
"M_080","Erysimum.capitatum","Panurginus.ineptus",0
"M_080","Erysimum.capitatum","Panurginus.spp",0
"M_080","Erysimum.capitatum","Andrena.medionitens",0
"M_080","Erysimum.capitatum","Andrena.salicifloris",0
"M_080","Erysimum.capitatum","Andrena.sp..2",0
"M_080","Erysimum.capitatum","Andrena.sp..3",0
"M_080","Erysimum.capitatum","Andrena.sp..A",0
"M_080","Erysimum.capitatum","Andrena.sp..C",0
"M_080","Erysimum.capitatum","Bombus.appositus",0
"M_080","Erysimum.capitatum","Bombus.bifarius",0
"M_080","Erysimum.capitatum","Bombus.californicus",0
"M_080","Erysimum.capitatum","Bombus.flavifrons",0
"M_080","Erysimum.capitatum","Bombus.melanopygus",0
"M_080","Erysimum.capitatum","Bombus.nevadensis",0
"M_080","Erysimum.capitatum","Bombus.occidentalis",0
"M_080","Erysimum.capitatum","Bombus.rufocinctus",0
"M_080","Erysimum.capitatum","Bombus.sylvicola",0
"M_080","Erysimum.capitatum","Colletes.fulgidus",0
"M_080","Erysimum.capitatum","Dufourea.fimbriata",0
"M_080","Erysimum.capitatum","Dufourea.maura",0
"M_080","Erysimum.capitatum","Halictus.ligatus",0
"M_080","Erysimum.capitatum","Hylaeus.annulatus",0
"M_080","Erysimum.capitatum","Lasioglossum..Dialictus..pruinosum",0
"M_080","Erysimum.capitatum","Lasioglossum..Dialictus..semicaeruleum",0
"M_080","Erysimum.capitatum","Lasioglossum..Dialictus..tenax",0
"M_080","Erysimum.capitatum","Lasioglossum.sisymbrii",0
"M_080","Erysimum.capitatum","Lasioglossum.sp",0
"M_080","Erysimum.capitatum","Megachile.frigida",0
"M_080","Erysimum.capitatum","Megachile.inermis",0
"M_080","Erysimum.capitatum","Megachile.melanophaea",0
"M_080","Erysimum.capitatum","Megachile.relativa",0
"M_080","Erysimum.capitatum","Osmia.bucephala",0
"M_080","Erysimum.capitatum","Osmia.sp..A",0
"M_080","Erysimum.capitatum","Osmia.sp..B",0
"M_080","Erysimum.capitatum","Panurginus.cressoniellus",0
"M_080","Erysimum.capitatum","Pseudopanurgus.bakeri",0
"M_080","Erysimum.capitatum","Pseudopanurgus.didirupa",0
"M_080","Erysimum.capitatum","Sphecodes.sp",0
"M_080","Erysimum.capitatum","Andrena.amphibola",0
"M_080","Erysimum.capitatum","Andrena.angustitarsata",0
"M_080","Erysimum.capitatum","Andrena.cyanophila",0
"M_080","Erysimum.capitatum","Andrena.sp..9",0
"M_080","Erysimum.capitatum","Andrena.thaspii",0
"M_080","Erysimum.capitatum","Andrena.topazana",0
"M_080","Erysimum.capitatum","Andrena.vicinoides",0
"M_080","Erysimum.capitatum","Augochlorella.aurata",0
"M_080","Erysimum.capitatum","Coelioxys.sodalis",0
"M_080","Erysimum.capitatum","Colletes.nigrifrons",2
"M_080","Erysimum.capitatum","Halictus.virgatellus",1
"M_080","Erysimum.capitatum","Hylaeus.modestus",0
"M_080","Erysimum.capitatum","Lasioglossum..Dialictus..pacatum",0
"M_080","Erysimum.capitatum","Lasioglossum.aff..boreale",0
"M_080","Erysimum.capitatum","Lasioglossum.foxii",0
"M_080","Erysimum.capitatum","Osmia.inermis",0
"M_080","Erysimum.capitatum","Osmia.pusilla",0
"M_080","Erysimum.capitatum","Osmia.sp..D",0
"M_080","Erysimum.capitatum","Osmia.sp..E",0
"M_080","Erysimum.capitatum","Osmia.subaustralis",0
"M_080","Erysimum.capitatum","Bombus.insularis",0
"M_080","Erysimum.capitatum","Colletes.sp",0
"M_080","Erysimum.capitatum","Epeolus.sp",0
"M_080","Erysimum.capitatum","Hoplitis.albifrons",0
"M_080","Erysimum.capitatum","Hylaeus.annullatus",0
"M_080","Erysimum.capitatum","Lasioglossum..Dialictus..perpunctatum",0
"M_080","Erysimum.capitatum","Lasioglossum..Hemihalictus..spp",0
"M_080","Erysimum.capitatum","Lasioglossum.heterorhinum",0
"M_080","Erysimum.capitatum","Megachile.pugnata",0
"M_080","Erysimum.capitatum","Nomada.spp",0
"M_080","Erysimum.capitatum","Stelis.nitida",0
"M_080","Erysimum.capitatum","Apis.mellifera",0
"M_080","Erysimum.capitatum","Halictus.confusus",0
"M_080","Erysimum.capitatum","Osmia.nigriventris",0
"M_080","Erysimum.capitatum","Osmia.sp..C",0
"M_080","Erysimum.capitatum","Osmia.sp..F",0
"M_080","Erysimum.capitatum","Stelis.sp",0
"M_080","Erysimum.capitatum","Anthophora.bomboides",0
"M_080","Erysimum.capitatum","Anthophora.montana",0
"M_080","Erysimum.capitatum","Anthophora.terminalis",0
"M_080","Erysimum.capitatum","Anthophora.urbana",0
"M_080","Erysimum.capitatum","Bombus.fernaldae",0
"M_080","Erysimum.capitatum","Lasioglossum..Hemihalictus..sp",0
"M_080","Erysimum.capitatum","Melissodes.sp..1",0
"M_080","Erysimum.capitatum","Osmia.paradisica",0
"M_080","Erysimum.capitatum","Andrena.crategi",0
"M_080","Erysimum.capitatum","Andrena.sp..5",0
"M_080","Erysimum.capitatum","Colletes.spp",0
"M_080","Erysimum.capitatum","Hylaeus.basalis",0
"M_080","Erysimum.capitatum","Hylaeus.coloradensis",0
"M_080","Fragaria.virginiana","Agapostemon.angelicus.texanus",0
"M_080","Fragaria.virginiana","Bombus.mixtus",0
"M_080","Fragaria.virginiana","Halictus.tripartitus",0
"M_080","Fragaria.virginiana","Hoplitis.fulgida",0
"M_080","Fragaria.virginiana","Hoplitis.robusta",0
"M_080","Fragaria.virginiana","Hylaeus.personatellus",0
"M_080","Fragaria.virginiana","Lasioglossum..Dialictus..aff..knereri",2
"M_080","Fragaria.virginiana","Lasioglossum..Dialictus..hudsoniellum",1
"M_080","Fragaria.virginiana","Lasioglossum..Dialictus..lazulis",0
"M_080","Fragaria.virginiana","Lasioglossum..Dialictus..mixed.spp",0
"M_080","Fragaria.virginiana","Lasioglossum..Dialictus..ruidosense",2
"M_080","Fragaria.virginiana","Lasioglossum.inconditum",0
"M_080","Fragaria.virginiana","Lasioglossum.sp..1",0
"M_080","Fragaria.virginiana","Melissodes.confusus",0
"M_080","Fragaria.virginiana","Osmia.spp",1
"M_080","Fragaria.virginiana","Panurginus.ineptus",0
"M_080","Fragaria.virginiana","Panurginus.spp",0
"M_080","Fragaria.virginiana","Andrena.medionitens",0
"M_080","Fragaria.virginiana","Andrena.salicifloris",1
"M_080","Fragaria.virginiana","Andrena.sp..2",0
"M_080","Fragaria.virginiana","Andrena.sp..3",0
"M_080","Fragaria.virginiana","Andrena.sp..A",0
"M_080","Fragaria.virginiana","Andrena.sp..C",0
"M_080","Fragaria.virginiana","Bombus.appositus",0
"M_080","Fragaria.virginiana","Bombus.bifarius",0
"M_080","Fragaria.virginiana","Bombus.californicus",0
"M_080","Fragaria.virginiana","Bombus.flavifrons",0
"M_080","Fragaria.virginiana","Bombus.melanopygus",0
"M_080","Fragaria.virginiana","Bombus.nevadensis",0
"M_080","Fragaria.virginiana","Bombus.occidentalis",0
"M_080","Fragaria.virginiana","Bombus.rufocinctus",0
"M_080","Fragaria.virginiana","Bombus.sylvicola",0
"M_080","Fragaria.virginiana","Colletes.fulgidus",0
"M_080","Fragaria.virginiana","Dufourea.fimbriata",0
"M_080","Fragaria.virginiana","Dufourea.maura",0
"M_080","Fragaria.virginiana","Halictus.ligatus",0
"M_080","Fragaria.virginiana","Hylaeus.annulatus",0
"M_080","Fragaria.virginiana","Lasioglossum..Dialictus..pruinosum",0
"M_080","Fragaria.virginiana","Lasioglossum..Dialictus..semicaeruleum",0
"M_080","Fragaria.virginiana","Lasioglossum..Dialictus..tenax",2
"M_080","Fragaria.virginiana","Lasioglossum.sisymbrii",0
"M_080","Fragaria.virginiana","Lasioglossum.sp",0
"M_080","Fragaria.virginiana","Megachile.frigida",0
"M_080","Fragaria.virginiana","Megachile.inermis",0
"M_080","Fragaria.virginiana","Megachile.melanophaea",0
"M_080","Fragaria.virginiana","Megachile.relativa",0
"M_080","Fragaria.virginiana","Osmia.bucephala",0
"M_080","Fragaria.virginiana","Osmia.sp..A",0
"M_080","Fragaria.virginiana","Osmia.sp..B",1
"M_080","Fragaria.virginiana","Panurginus.cressoniellus",0
"M_080","Fragaria.virginiana","Pseudopanurgus.bakeri",0
"M_080","Fragaria.virginiana","Pseudopanurgus.didirupa",0
"M_080","Fragaria.virginiana","Sphecodes.sp",0
"M_080","Fragaria.virginiana","Andrena.amphibola",0
"M_080","Fragaria.virginiana","Andrena.angustitarsata",0
"M_080","Fragaria.virginiana","Andrena.cyanophila",0
"M_080","Fragaria.virginiana","Andrena.sp..9",0
"M_080","Fragaria.virginiana","Andrena.thaspii",0
"M_080","Fragaria.virginiana","Andrena.topazana",0
"M_080","Fragaria.virginiana","Andrena.vicinoides",0
"M_080","Fragaria.virginiana","Augochlorella.aurata",0
"M_080","Fragaria.virginiana","Coelioxys.sodalis",0
"M_080","Fragaria.virginiana","Colletes.nigrifrons",0
"M_080","Fragaria.virginiana","Halictus.virgatellus",0
"M_080","Fragaria.virginiana","Hylaeus.modestus",0
"M_080","Fragaria.virginiana","Lasioglossum..Dialictus..pacatum",0
"M_080","Fragaria.virginiana","Lasioglossum.aff..boreale",0
"M_080","Fragaria.virginiana","Lasioglossum.foxii",0
"M_080","Fragaria.virginiana","Osmia.inermis",0
"M_080","Fragaria.virginiana","Osmia.pusilla",0
"M_080","Fragaria.virginiana","Osmia.sp..D",0
"M_080","Fragaria.virginiana","Osmia.sp..E",0
"M_080","Fragaria.virginiana","Osmia.subaustralis",0
"M_080","Fragaria.virginiana","Bombus.insularis",0
"M_080","Fragaria.virginiana","Colletes.sp",0
"M_080","Fragaria.virginiana","Epeolus.sp",0
"M_080","Fragaria.virginiana","Hoplitis.albifrons",0
"M_080","Fragaria.virginiana","Hylaeus.annullatus",0
"M_080","Fragaria.virginiana","Lasioglossum..Dialictus..perpunctatum",0
"M_080","Fragaria.virginiana","Lasioglossum..Hemihalictus..spp",0
"M_080","Fragaria.virginiana","Lasioglossum.heterorhinum",0
"M_080","Fragaria.virginiana","Megachile.pugnata",0
"M_080","Fragaria.virginiana","Nomada.spp",0
"M_080","Fragaria.virginiana","Stelis.nitida",0
"M_080","Fragaria.virginiana","Apis.mellifera",0
"M_080","Fragaria.virginiana","Halictus.confusus",0
"M_080","Fragaria.virginiana","Osmia.nigriventris",0
"M_080","Fragaria.virginiana","Osmia.sp..C",0
"M_080","Fragaria.virginiana","Osmia.sp..F",0
"M_080","Fragaria.virginiana","Stelis.sp",0
"M_080","Fragaria.virginiana","Anthophora.bomboides",0
"M_080","Fragaria.virginiana","Anthophora.montana",0
"M_080","Fragaria.virginiana","Anthophora.terminalis",0
"M_080","Fragaria.virginiana","Anthophora.urbana",0
"M_080","Fragaria.virginiana","Bombus.fernaldae",0
"M_080","Fragaria.virginiana","Lasioglossum..Hemihalictus..sp",0
"M_080","Fragaria.virginiana","Melissodes.sp..1",0
"M_080","Fragaria.virginiana","Osmia.paradisica",0
"M_080","Fragaria.virginiana","Andrena.crategi",0
"M_080","Fragaria.virginiana","Andrena.sp..5",0
"M_080","Fragaria.virginiana","Colletes.spp",0
"M_080","Fragaria.virginiana","Hylaeus.basalis",0
"M_080","Fragaria.virginiana","Hylaeus.coloradensis",0
"M_080","Gentianella.acuta","Agapostemon.angelicus.texanus",0
"M_080","Gentianella.acuta","Bombus.mixtus",0
"M_080","Gentianella.acuta","Halictus.tripartitus",0
"M_080","Gentianella.acuta","Hoplitis.fulgida",0
"M_080","Gentianella.acuta","Hoplitis.robusta",0
"M_080","Gentianella.acuta","Hylaeus.personatellus",0
"M_080","Gentianella.acuta","Lasioglossum..Dialictus..aff..knereri",0
"M_080","Gentianella.acuta","Lasioglossum..Dialictus..hudsoniellum",0
"M_080","Gentianella.acuta","Lasioglossum..Dialictus..lazulis",0
"M_080","Gentianella.acuta","Lasioglossum..Dialictus..mixed.spp",0
"M_080","Gentianella.acuta","Lasioglossum..Dialictus..ruidosense",0
"M_080","Gentianella.acuta","Lasioglossum.inconditum",0
"M_080","Gentianella.acuta","Lasioglossum.sp..1",1
"M_080","Gentianella.acuta","Melissodes.confusus",0
"M_080","Gentianella.acuta","Osmia.spp",0
"M_080","Gentianella.acuta","Panurginus.ineptus",0
"M_080","Gentianella.acuta","Panurginus.spp",0
"M_080","Gentianella.acuta","Andrena.medionitens",0
"M_080","Gentianella.acuta","Andrena.salicifloris",0
"M_080","Gentianella.acuta","Andrena.sp..2",0
"M_080","Gentianella.acuta","Andrena.sp..3",0
"M_080","Gentianella.acuta","Andrena.sp..A",0
"M_080","Gentianella.acuta","Andrena.sp..C",0
"M_080","Gentianella.acuta","Bombus.appositus",1
"M_080","Gentianella.acuta","Bombus.bifarius",0
"M_080","Gentianella.acuta","Bombus.californicus",0
"M_080","Gentianella.acuta","Bombus.flavifrons",0
"M_080","Gentianella.acuta","Bombus.melanopygus",0
"M_080","Gentianella.acuta","Bombus.nevadensis",0
"M_080","Gentianella.acuta","Bombus.occidentalis",0
"M_080","Gentianella.acuta","Bombus.rufocinctus",0
"M_080","Gentianella.acuta","Bombus.sylvicola",0
"M_080","Gentianella.acuta","Colletes.fulgidus",0
"M_080","Gentianella.acuta","Dufourea.fimbriata",0
"M_080","Gentianella.acuta","Dufourea.maura",0
"M_080","Gentianella.acuta","Halictus.ligatus",0
"M_080","Gentianella.acuta","Hylaeus.annulatus",0
"M_080","Gentianella.acuta","Lasioglossum..Dialictus..pruinosum",0
"M_080","Gentianella.acuta","Lasioglossum..Dialictus..semicaeruleum",0
"M_080","Gentianella.acuta","Lasioglossum..Dialictus..tenax",0
"M_080","Gentianella.acuta","Lasioglossum.sisymbrii",0
"M_080","Gentianella.acuta","Lasioglossum.sp",0
"M_080","Gentianella.acuta","Megachile.frigida",0
"M_080","Gentianella.acuta","Megachile.inermis",0
"M_080","Gentianella.acuta","Megachile.melanophaea",0
"M_080","Gentianella.acuta","Megachile.relativa",0
"M_080","Gentianella.acuta","Osmia.bucephala",0
"M_080","Gentianella.acuta","Osmia.sp..A",0
"M_080","Gentianella.acuta","Osmia.sp..B",0
"M_080","Gentianella.acuta","Panurginus.cressoniellus",0
"M_080","Gentianella.acuta","Pseudopanurgus.bakeri",0
"M_080","Gentianella.acuta","Pseudopanurgus.didirupa",0
"M_080","Gentianella.acuta","Sphecodes.sp",0
"M_080","Gentianella.acuta","Andrena.amphibola",0
"M_080","Gentianella.acuta","Andrena.angustitarsata",0
"M_080","Gentianella.acuta","Andrena.cyanophila",0
"M_080","Gentianella.acuta","Andrena.sp..9",0
"M_080","Gentianella.acuta","Andrena.thaspii",0
"M_080","Gentianella.acuta","Andrena.topazana",0
"M_080","Gentianella.acuta","Andrena.vicinoides",0
"M_080","Gentianella.acuta","Augochlorella.aurata",0
"M_080","Gentianella.acuta","Coelioxys.sodalis",0
"M_080","Gentianella.acuta","Colletes.nigrifrons",0
"M_080","Gentianella.acuta","Halictus.virgatellus",0
"M_080","Gentianella.acuta","Hylaeus.modestus",0
"M_080","Gentianella.acuta","Lasioglossum..Dialictus..pacatum",0
"M_080","Gentianella.acuta","Lasioglossum.aff..boreale",0
"M_080","Gentianella.acuta","Lasioglossum.foxii",0
"M_080","Gentianella.acuta","Osmia.inermis",0
"M_080","Gentianella.acuta","Osmia.pusilla",0
"M_080","Gentianella.acuta","Osmia.sp..D",0
"M_080","Gentianella.acuta","Osmia.sp..E",0
"M_080","Gentianella.acuta","Osmia.subaustralis",0
"M_080","Gentianella.acuta","Bombus.insularis",0
"M_080","Gentianella.acuta","Colletes.sp",0
"M_080","Gentianella.acuta","Epeolus.sp",0
"M_080","Gentianella.acuta","Hoplitis.albifrons",0
"M_080","Gentianella.acuta","Hylaeus.annullatus",0
"M_080","Gentianella.acuta","Lasioglossum..Dialictus..perpunctatum",0
"M_080","Gentianella.acuta","Lasioglossum..Hemihalictus..spp",0
"M_080","Gentianella.acuta","Lasioglossum.heterorhinum",0
"M_080","Gentianella.acuta","Megachile.pugnata",0
"M_080","Gentianella.acuta","Nomada.spp",0
"M_080","Gentianella.acuta","Stelis.nitida",0
"M_080","Gentianella.acuta","Apis.mellifera",0
"M_080","Gentianella.acuta","Halictus.confusus",0
"M_080","Gentianella.acuta","Osmia.nigriventris",0
"M_080","Gentianella.acuta","Osmia.sp..C",0
"M_080","Gentianella.acuta","Osmia.sp..F",0
"M_080","Gentianella.acuta","Stelis.sp",0
"M_080","Gentianella.acuta","Anthophora.bomboides",0
"M_080","Gentianella.acuta","Anthophora.montana",0
"M_080","Gentianella.acuta","Anthophora.terminalis",1
"M_080","Gentianella.acuta","Anthophora.urbana",1
"M_080","Gentianella.acuta","Bombus.fernaldae",0
"M_080","Gentianella.acuta","Lasioglossum..Hemihalictus..sp",0
"M_080","Gentianella.acuta","Melissodes.sp..1",0
"M_080","Gentianella.acuta","Osmia.paradisica",0
"M_080","Gentianella.acuta","Andrena.crategi",0
"M_080","Gentianella.acuta","Andrena.sp..5",0
"M_080","Gentianella.acuta","Colletes.spp",0
"M_080","Gentianella.acuta","Hylaeus.basalis",0
"M_080","Gentianella.acuta","Hylaeus.coloradensis",0
"M_080","Heterotheca.villosa","Agapostemon.angelicus.texanus",14
"M_080","Heterotheca.villosa","Bombus.mixtus",21
"M_080","Heterotheca.villosa","Halictus.tripartitus",0
"M_080","Heterotheca.villosa","Hoplitis.fulgida",0
"M_080","Heterotheca.villosa","Hoplitis.robusta",0
"M_080","Heterotheca.villosa","Hylaeus.personatellus",3
"M_080","Heterotheca.villosa","Lasioglossum..Dialictus..aff..knereri",1
"M_080","Heterotheca.villosa","Lasioglossum..Dialictus..hudsoniellum",0
"M_080","Heterotheca.villosa","Lasioglossum..Dialictus..lazulis",0
"M_080","Heterotheca.villosa","Lasioglossum..Dialictus..mixed.spp",0
"M_080","Heterotheca.villosa","Lasioglossum..Dialictus..ruidosense",0
"M_080","Heterotheca.villosa","Lasioglossum.inconditum",1
"M_080","Heterotheca.villosa","Lasioglossum.sp..1",0
"M_080","Heterotheca.villosa","Melissodes.confusus",3
"M_080","Heterotheca.villosa","Osmia.spp",0
"M_080","Heterotheca.villosa","Panurginus.ineptus",0
"M_080","Heterotheca.villosa","Panurginus.spp",1
"M_080","Heterotheca.villosa","Andrena.medionitens",0
"M_080","Heterotheca.villosa","Andrena.salicifloris",0
"M_080","Heterotheca.villosa","Andrena.sp..2",1
"M_080","Heterotheca.villosa","Andrena.sp..3",1
"M_080","Heterotheca.villosa","Andrena.sp..A",0
"M_080","Heterotheca.villosa","Andrena.sp..C",0
"M_080","Heterotheca.villosa","Bombus.appositus",0
"M_080","Heterotheca.villosa","Bombus.bifarius",93
"M_080","Heterotheca.villosa","Bombus.californicus",1
"M_080","Heterotheca.villosa","Bombus.flavifrons",31
"M_080","Heterotheca.villosa","Bombus.melanopygus",5
"M_080","Heterotheca.villosa","Bombus.nevadensis",0
"M_080","Heterotheca.villosa","Bombus.occidentalis",0
"M_080","Heterotheca.villosa","Bombus.rufocinctus",4
"M_080","Heterotheca.villosa","Bombus.sylvicola",4
"M_080","Heterotheca.villosa","Colletes.fulgidus",0
"M_080","Heterotheca.villosa","Dufourea.fimbriata",1
"M_080","Heterotheca.villosa","Dufourea.maura",0
"M_080","Heterotheca.villosa","Halictus.ligatus",2
"M_080","Heterotheca.villosa","Hylaeus.annulatus",0
"M_080","Heterotheca.villosa","Lasioglossum..Dialictus..pruinosum",0
"M_080","Heterotheca.villosa","Lasioglossum..Dialictus..semicaeruleum",0
"M_080","Heterotheca.villosa","Lasioglossum..Dialictus..tenax",4
"M_080","Heterotheca.villosa","Lasioglossum.sisymbrii",0
"M_080","Heterotheca.villosa","Lasioglossum.sp",1
"M_080","Heterotheca.villosa","Megachile.frigida",0
"M_080","Heterotheca.villosa","Megachile.inermis",0
"M_080","Heterotheca.villosa","Megachile.melanophaea",0
"M_080","Heterotheca.villosa","Megachile.relativa",5
"M_080","Heterotheca.villosa","Osmia.bucephala",0
"M_080","Heterotheca.villosa","Osmia.sp..A",0
"M_080","Heterotheca.villosa","Osmia.sp..B",0
"M_080","Heterotheca.villosa","Panurginus.cressoniellus",0
"M_080","Heterotheca.villosa","Pseudopanurgus.bakeri",0
"M_080","Heterotheca.villosa","Pseudopanurgus.didirupa",1
"M_080","Heterotheca.villosa","Sphecodes.sp",0
"M_080","Heterotheca.villosa","Andrena.amphibola",0
"M_080","Heterotheca.villosa","Andrena.angustitarsata",0
"M_080","Heterotheca.villosa","Andrena.cyanophila",0
"M_080","Heterotheca.villosa","Andrena.sp..9",0
"M_080","Heterotheca.villosa","Andrena.thaspii",0
"M_080","Heterotheca.villosa","Andrena.topazana",0
"M_080","Heterotheca.villosa","Andrena.vicinoides",0
"M_080","Heterotheca.villosa","Augochlorella.aurata",1
"M_080","Heterotheca.villosa","Coelioxys.sodalis",2
"M_080","Heterotheca.villosa","Colletes.nigrifrons",0
"M_080","Heterotheca.villosa","Halictus.virgatellus",0
"M_080","Heterotheca.villosa","Hylaeus.modestus",0
"M_080","Heterotheca.villosa","Lasioglossum..Dialictus..pacatum",0
"M_080","Heterotheca.villosa","Lasioglossum.aff..boreale",0
"M_080","Heterotheca.villosa","Lasioglossum.foxii",3
"M_080","Heterotheca.villosa","Osmia.inermis",0
"M_080","Heterotheca.villosa","Osmia.pusilla",1
"M_080","Heterotheca.villosa","Osmia.sp..D",0
"M_080","Heterotheca.villosa","Osmia.sp..E",0
"M_080","Heterotheca.villosa","Osmia.subaustralis",0
"M_080","Heterotheca.villosa","Bombus.insularis",3
"M_080","Heterotheca.villosa","Colletes.sp",0
"M_080","Heterotheca.villosa","Epeolus.sp",0
"M_080","Heterotheca.villosa","Hoplitis.albifrons",0
"M_080","Heterotheca.villosa","Hylaeus.annullatus",0
"M_080","Heterotheca.villosa","Lasioglossum..Dialictus..perpunctatum",0
"M_080","Heterotheca.villosa","Lasioglossum..Hemihalictus..spp",0
"M_080","Heterotheca.villosa","Lasioglossum.heterorhinum",0
"M_080","Heterotheca.villosa","Megachile.pugnata",1
"M_080","Heterotheca.villosa","Nomada.spp",0
"M_080","Heterotheca.villosa","Stelis.nitida",0
"M_080","Heterotheca.villosa","Apis.mellifera",6
"M_080","Heterotheca.villosa","Halictus.confusus",0
"M_080","Heterotheca.villosa","Osmia.nigriventris",0
"M_080","Heterotheca.villosa","Osmia.sp..C",0
"M_080","Heterotheca.villosa","Osmia.sp..F",0
"M_080","Heterotheca.villosa","Stelis.sp",0
"M_080","Heterotheca.villosa","Anthophora.bomboides",1
"M_080","Heterotheca.villosa","Anthophora.montana",1
"M_080","Heterotheca.villosa","Anthophora.terminalis",0
"M_080","Heterotheca.villosa","Anthophora.urbana",2
"M_080","Heterotheca.villosa","Bombus.fernaldae",1
"M_080","Heterotheca.villosa","Lasioglossum..Hemihalictus..sp",0
"M_080","Heterotheca.villosa","Melissodes.sp..1",0
"M_080","Heterotheca.villosa","Osmia.paradisica",0
"M_080","Heterotheca.villosa","Andrena.crategi",0
"M_080","Heterotheca.villosa","Andrena.sp..5",0
"M_080","Heterotheca.villosa","Colletes.spp",0
"M_080","Heterotheca.villosa","Hylaeus.basalis",0
"M_080","Heterotheca.villosa","Hylaeus.coloradensis",0
"M_080","Potentilla.fissa","Agapostemon.angelicus.texanus",0
"M_080","Potentilla.fissa","Bombus.mixtus",1
"M_080","Potentilla.fissa","Halictus.tripartitus",0
"M_080","Potentilla.fissa","Hoplitis.fulgida",5
"M_080","Potentilla.fissa","Hoplitis.robusta",1
"M_080","Potentilla.fissa","Hylaeus.personatellus",7
"M_080","Potentilla.fissa","Lasioglossum..Dialictus..aff..knereri",4
"M_080","Potentilla.fissa","Lasioglossum..Dialictus..hudsoniellum",2
"M_080","Potentilla.fissa","Lasioglossum..Dialictus..lazulis",1
"M_080","Potentilla.fissa","Lasioglossum..Dialictus..mixed.spp",1
"M_080","Potentilla.fissa","Lasioglossum..Dialictus..ruidosense",7
"M_080","Potentilla.fissa","Lasioglossum.inconditum",0
"M_080","Potentilla.fissa","Lasioglossum.sp..1",0
"M_080","Potentilla.fissa","Melissodes.confusus",0
"M_080","Potentilla.fissa","Osmia.spp",1
"M_080","Potentilla.fissa","Panurginus.ineptus",20
"M_080","Potentilla.fissa","Panurginus.spp",2
"M_080","Potentilla.fissa","Andrena.medionitens",0
"M_080","Potentilla.fissa","Andrena.salicifloris",0
"M_080","Potentilla.fissa","Andrena.sp..2",0
"M_080","Potentilla.fissa","Andrena.sp..3",0
"M_080","Potentilla.fissa","Andrena.sp..A",0
"M_080","Potentilla.fissa","Andrena.sp..C",1
"M_080","Potentilla.fissa","Bombus.appositus",0
"M_080","Potentilla.fissa","Bombus.bifarius",3
"M_080","Potentilla.fissa","Bombus.californicus",0
"M_080","Potentilla.fissa","Bombus.flavifrons",0
"M_080","Potentilla.fissa","Bombus.melanopygus",2
"M_080","Potentilla.fissa","Bombus.nevadensis",0
"M_080","Potentilla.fissa","Bombus.occidentalis",0
"M_080","Potentilla.fissa","Bombus.rufocinctus",0
"M_080","Potentilla.fissa","Bombus.sylvicola",0
"M_080","Potentilla.fissa","Colletes.fulgidus",0
"M_080","Potentilla.fissa","Dufourea.fimbriata",21
"M_080","Potentilla.fissa","Dufourea.maura",0
"M_080","Potentilla.fissa","Halictus.ligatus",0
"M_080","Potentilla.fissa","Hylaeus.annulatus",4
"M_080","Potentilla.fissa","Lasioglossum..Dialictus..pruinosum",0
"M_080","Potentilla.fissa","Lasioglossum..Dialictus..semicaeruleum",1
"M_080","Potentilla.fissa","Lasioglossum..Dialictus..tenax",4
"M_080","Potentilla.fissa","Lasioglossum.sisymbrii",0
"M_080","Potentilla.fissa","Lasioglossum.sp",9
"M_080","Potentilla.fissa","Megachile.frigida",0
"M_080","Potentilla.fissa","Megachile.inermis",0
"M_080","Potentilla.fissa","Megachile.melanophaea",1
"M_080","Potentilla.fissa","Megachile.relativa",0
"M_080","Potentilla.fissa","Osmia.bucephala",0
"M_080","Potentilla.fissa","Osmia.sp..A",0
"M_080","Potentilla.fissa","Osmia.sp..B",0
"M_080","Potentilla.fissa","Panurginus.cressoniellus",2
"M_080","Potentilla.fissa","Pseudopanurgus.bakeri",0
"M_080","Potentilla.fissa","Pseudopanurgus.didirupa",0
"M_080","Potentilla.fissa","Sphecodes.sp",0
"M_080","Potentilla.fissa","Andrena.amphibola",0
"M_080","Potentilla.fissa","Andrena.angustitarsata",0
"M_080","Potentilla.fissa","Andrena.cyanophila",2
"M_080","Potentilla.fissa","Andrena.sp..9",1
"M_080","Potentilla.fissa","Andrena.thaspii",1
"M_080","Potentilla.fissa","Andrena.topazana",8
"M_080","Potentilla.fissa","Andrena.vicinoides",2
"M_080","Potentilla.fissa","Augochlorella.aurata",0
"M_080","Potentilla.fissa","Coelioxys.sodalis",0
"M_080","Potentilla.fissa","Colletes.nigrifrons",3
"M_080","Potentilla.fissa","Halictus.virgatellus",0
"M_080","Potentilla.fissa","Hylaeus.modestus",0
"M_080","Potentilla.fissa","Lasioglossum..Dialictus..pacatum",0
"M_080","Potentilla.fissa","Lasioglossum.aff..boreale",0
"M_080","Potentilla.fissa","Lasioglossum.foxii",0
"M_080","Potentilla.fissa","Osmia.inermis",0
"M_080","Potentilla.fissa","Osmia.pusilla",0
"M_080","Potentilla.fissa","Osmia.sp..D",0
"M_080","Potentilla.fissa","Osmia.sp..E",0
"M_080","Potentilla.fissa","Osmia.subaustralis",0
"M_080","Potentilla.fissa","Bombus.insularis",0
"M_080","Potentilla.fissa","Colletes.sp",0
"M_080","Potentilla.fissa","Epeolus.sp",0
"M_080","Potentilla.fissa","Hoplitis.albifrons",0
"M_080","Potentilla.fissa","Hylaeus.annullatus",0
"M_080","Potentilla.fissa","Lasioglossum..Dialictus..perpunctatum",0
"M_080","Potentilla.fissa","Lasioglossum..Hemihalictus..spp",0
"M_080","Potentilla.fissa","Lasioglossum.heterorhinum",0
"M_080","Potentilla.fissa","Megachile.pugnata",0
"M_080","Potentilla.fissa","Nomada.spp",0
"M_080","Potentilla.fissa","Stelis.nitida",0
"M_080","Potentilla.fissa","Apis.mellifera",0
"M_080","Potentilla.fissa","Halictus.confusus",0
"M_080","Potentilla.fissa","Osmia.nigriventris",0
"M_080","Potentilla.fissa","Osmia.sp..C",0
"M_080","Potentilla.fissa","Osmia.sp..F",0
"M_080","Potentilla.fissa","Stelis.sp",0
"M_080","Potentilla.fissa","Anthophora.bomboides",0
"M_080","Potentilla.fissa","Anthophora.montana",0
"M_080","Potentilla.fissa","Anthophora.terminalis",0
"M_080","Potentilla.fissa","Anthophora.urbana",0
"M_080","Potentilla.fissa","Bombus.fernaldae",0
"M_080","Potentilla.fissa","Lasioglossum..Hemihalictus..sp",0
"M_080","Potentilla.fissa","Melissodes.sp..1",0
"M_080","Potentilla.fissa","Osmia.paradisica",0
"M_080","Potentilla.fissa","Andrena.crategi",1
"M_080","Potentilla.fissa","Andrena.sp..5",0
"M_080","Potentilla.fissa","Colletes.spp",0
"M_080","Potentilla.fissa","Hylaeus.basalis",1
"M_080","Potentilla.fissa","Hylaeus.coloradensis",1
"M_080","Potentilla.fruticosa","Agapostemon.angelicus.texanus",0
"M_080","Potentilla.fruticosa","Bombus.mixtus",0
"M_080","Potentilla.fruticosa","Halictus.tripartitus",0
"M_080","Potentilla.fruticosa","Hoplitis.fulgida",0
"M_080","Potentilla.fruticosa","Hoplitis.robusta",0
"M_080","Potentilla.fruticosa","Hylaeus.personatellus",1
"M_080","Potentilla.fruticosa","Lasioglossum..Dialictus..aff..knereri",0
"M_080","Potentilla.fruticosa","Lasioglossum..Dialictus..hudsoniellum",0
"M_080","Potentilla.fruticosa","Lasioglossum..Dialictus..lazulis",0
"M_080","Potentilla.fruticosa","Lasioglossum..Dialictus..mixed.spp",0
"M_080","Potentilla.fruticosa","Lasioglossum..Dialictus..ruidosense",0
"M_080","Potentilla.fruticosa","Lasioglossum.inconditum",0
"M_080","Potentilla.fruticosa","Lasioglossum.sp..1",0
"M_080","Potentilla.fruticosa","Melissodes.confusus",0
"M_080","Potentilla.fruticosa","Osmia.spp",0
"M_080","Potentilla.fruticosa","Panurginus.ineptus",0
"M_080","Potentilla.fruticosa","Panurginus.spp",0
"M_080","Potentilla.fruticosa","Andrena.medionitens",0
"M_080","Potentilla.fruticosa","Andrena.salicifloris",0
"M_080","Potentilla.fruticosa","Andrena.sp..2",0
"M_080","Potentilla.fruticosa","Andrena.sp..3",0
"M_080","Potentilla.fruticosa","Andrena.sp..A",0
"M_080","Potentilla.fruticosa","Andrena.sp..C",0
"M_080","Potentilla.fruticosa","Bombus.appositus",0
"M_080","Potentilla.fruticosa","Bombus.bifarius",0
"M_080","Potentilla.fruticosa","Bombus.californicus",0
"M_080","Potentilla.fruticosa","Bombus.flavifrons",0
"M_080","Potentilla.fruticosa","Bombus.melanopygus",0
"M_080","Potentilla.fruticosa","Bombus.nevadensis",0
"M_080","Potentilla.fruticosa","Bombus.occidentalis",0
"M_080","Potentilla.fruticosa","Bombus.rufocinctus",0
"M_080","Potentilla.fruticosa","Bombus.sylvicola",0
"M_080","Potentilla.fruticosa","Colletes.fulgidus",0
"M_080","Potentilla.fruticosa","Dufourea.fimbriata",0
"M_080","Potentilla.fruticosa","Dufourea.maura",0
"M_080","Potentilla.fruticosa","Halictus.ligatus",0
"M_080","Potentilla.fruticosa","Hylaeus.annulatus",1
"M_080","Potentilla.fruticosa","Lasioglossum..Dialictus..pruinosum",0
"M_080","Potentilla.fruticosa","Lasioglossum..Dialictus..semicaeruleum",0
"M_080","Potentilla.fruticosa","Lasioglossum..Dialictus..tenax",0
"M_080","Potentilla.fruticosa","Lasioglossum.sisymbrii",0
"M_080","Potentilla.fruticosa","Lasioglossum.sp",0
"M_080","Potentilla.fruticosa","Megachile.frigida",0
"M_080","Potentilla.fruticosa","Megachile.inermis",0
"M_080","Potentilla.fruticosa","Megachile.melanophaea",0
"M_080","Potentilla.fruticosa","Megachile.relativa",0
"M_080","Potentilla.fruticosa","Osmia.bucephala",0
"M_080","Potentilla.fruticosa","Osmia.sp..A",0
"M_080","Potentilla.fruticosa","Osmia.sp..B",0
"M_080","Potentilla.fruticosa","Panurginus.cressoniellus",0
"M_080","Potentilla.fruticosa","Pseudopanurgus.bakeri",0
"M_080","Potentilla.fruticosa","Pseudopanurgus.didirupa",0
"M_080","Potentilla.fruticosa","Sphecodes.sp",0
"M_080","Potentilla.fruticosa","Andrena.amphibola",0
"M_080","Potentilla.fruticosa","Andrena.angustitarsata",0
"M_080","Potentilla.fruticosa","Andrena.cyanophila",0
"M_080","Potentilla.fruticosa","Andrena.sp..9",0
"M_080","Potentilla.fruticosa","Andrena.thaspii",0
"M_080","Potentilla.fruticosa","Andrena.topazana",0
"M_080","Potentilla.fruticosa","Andrena.vicinoides",0
"M_080","Potentilla.fruticosa","Augochlorella.aurata",0
"M_080","Potentilla.fruticosa","Coelioxys.sodalis",0
"M_080","Potentilla.fruticosa","Colletes.nigrifrons",0
"M_080","Potentilla.fruticosa","Halictus.virgatellus",0
"M_080","Potentilla.fruticosa","Hylaeus.modestus",0
"M_080","Potentilla.fruticosa","Lasioglossum..Dialictus..pacatum",0
"M_080","Potentilla.fruticosa","Lasioglossum.aff..boreale",0
"M_080","Potentilla.fruticosa","Lasioglossum.foxii",0
"M_080","Potentilla.fruticosa","Osmia.inermis",0
"M_080","Potentilla.fruticosa","Osmia.pusilla",0
"M_080","Potentilla.fruticosa","Osmia.sp..D",0
"M_080","Potentilla.fruticosa","Osmia.sp..E",0
"M_080","Potentilla.fruticosa","Osmia.subaustralis",0
"M_080","Potentilla.fruticosa","Bombus.insularis",0
"M_080","Potentilla.fruticosa","Colletes.sp",0
"M_080","Potentilla.fruticosa","Epeolus.sp",0
"M_080","Potentilla.fruticosa","Hoplitis.albifrons",0
"M_080","Potentilla.fruticosa","Hylaeus.annullatus",0
"M_080","Potentilla.fruticosa","Lasioglossum..Dialictus..perpunctatum",0
"M_080","Potentilla.fruticosa","Lasioglossum..Hemihalictus..spp",0
"M_080","Potentilla.fruticosa","Lasioglossum.heterorhinum",0
"M_080","Potentilla.fruticosa","Megachile.pugnata",0
"M_080","Potentilla.fruticosa","Nomada.spp",0
"M_080","Potentilla.fruticosa","Stelis.nitida",0
"M_080","Potentilla.fruticosa","Apis.mellifera",0
"M_080","Potentilla.fruticosa","Halictus.confusus",0
"M_080","Potentilla.fruticosa","Osmia.nigriventris",0
"M_080","Potentilla.fruticosa","Osmia.sp..C",0
"M_080","Potentilla.fruticosa","Osmia.sp..F",0
"M_080","Potentilla.fruticosa","Stelis.sp",0
"M_080","Potentilla.fruticosa","Anthophora.bomboides",0
"M_080","Potentilla.fruticosa","Anthophora.montana",0
"M_080","Potentilla.fruticosa","Anthophora.terminalis",0
"M_080","Potentilla.fruticosa","Anthophora.urbana",0
"M_080","Potentilla.fruticosa","Bombus.fernaldae",0
"M_080","Potentilla.fruticosa","Lasioglossum..Hemihalictus..sp",0
"M_080","Potentilla.fruticosa","Melissodes.sp..1",0
"M_080","Potentilla.fruticosa","Osmia.paradisica",0
"M_080","Potentilla.fruticosa","Andrena.crategi",0
"M_080","Potentilla.fruticosa","Andrena.sp..5",0
"M_080","Potentilla.fruticosa","Colletes.spp",0
"M_080","Potentilla.fruticosa","Hylaeus.basalis",0
"M_080","Potentilla.fruticosa","Hylaeus.coloradensis",0
"M_080","Potentilla.pulcherrima","Agapostemon.angelicus.texanus",0
"M_080","Potentilla.pulcherrima","Bombus.mixtus",0
"M_080","Potentilla.pulcherrima","Halictus.tripartitus",0
"M_080","Potentilla.pulcherrima","Hoplitis.fulgida",1
"M_080","Potentilla.pulcherrima","Hoplitis.robusta",0
"M_080","Potentilla.pulcherrima","Hylaeus.personatellus",0
"M_080","Potentilla.pulcherrima","Lasioglossum..Dialictus..aff..knereri",3
"M_080","Potentilla.pulcherrima","Lasioglossum..Dialictus..hudsoniellum",0
"M_080","Potentilla.pulcherrima","Lasioglossum..Dialictus..lazulis",0
"M_080","Potentilla.pulcherrima","Lasioglossum..Dialictus..mixed.spp",0
"M_080","Potentilla.pulcherrima","Lasioglossum..Dialictus..ruidosense",0
"M_080","Potentilla.pulcherrima","Lasioglossum.inconditum",0
"M_080","Potentilla.pulcherrima","Lasioglossum.sp..1",0
"M_080","Potentilla.pulcherrima","Melissodes.confusus",0
"M_080","Potentilla.pulcherrima","Osmia.spp",0
"M_080","Potentilla.pulcherrima","Panurginus.ineptus",0
"M_080","Potentilla.pulcherrima","Panurginus.spp",1
"M_080","Potentilla.pulcherrima","Andrena.medionitens",0
"M_080","Potentilla.pulcherrima","Andrena.salicifloris",0
"M_080","Potentilla.pulcherrima","Andrena.sp..2",0
"M_080","Potentilla.pulcherrima","Andrena.sp..3",0
"M_080","Potentilla.pulcherrima","Andrena.sp..A",0
"M_080","Potentilla.pulcherrima","Andrena.sp..C",0
"M_080","Potentilla.pulcherrima","Bombus.appositus",0
"M_080","Potentilla.pulcherrima","Bombus.bifarius",2
"M_080","Potentilla.pulcherrima","Bombus.californicus",0
"M_080","Potentilla.pulcherrima","Bombus.flavifrons",0
"M_080","Potentilla.pulcherrima","Bombus.melanopygus",0
"M_080","Potentilla.pulcherrima","Bombus.nevadensis",0
"M_080","Potentilla.pulcherrima","Bombus.occidentalis",0
"M_080","Potentilla.pulcherrima","Bombus.rufocinctus",0
"M_080","Potentilla.pulcherrima","Bombus.sylvicola",0
"M_080","Potentilla.pulcherrima","Colletes.fulgidus",0
"M_080","Potentilla.pulcherrima","Dufourea.fimbriata",11
"M_080","Potentilla.pulcherrima","Dufourea.maura",0
"M_080","Potentilla.pulcherrima","Halictus.ligatus",0
"M_080","Potentilla.pulcherrima","Hylaeus.annulatus",0
"M_080","Potentilla.pulcherrima","Lasioglossum..Dialictus..pruinosum",0
"M_080","Potentilla.pulcherrima","Lasioglossum..Dialictus..semicaeruleum",0
"M_080","Potentilla.pulcherrima","Lasioglossum..Dialictus..tenax",2
"M_080","Potentilla.pulcherrima","Lasioglossum.sisymbrii",0
"M_080","Potentilla.pulcherrima","Lasioglossum.sp",2
"M_080","Potentilla.pulcherrima","Megachile.frigida",0
"M_080","Potentilla.pulcherrima","Megachile.inermis",0
"M_080","Potentilla.pulcherrima","Megachile.melanophaea",0
"M_080","Potentilla.pulcherrima","Megachile.relativa",0
"M_080","Potentilla.pulcherrima","Osmia.bucephala",0
"M_080","Potentilla.pulcherrima","Osmia.sp..A",0
"M_080","Potentilla.pulcherrima","Osmia.sp..B",0
"M_080","Potentilla.pulcherrima","Panurginus.cressoniellus",20
"M_080","Potentilla.pulcherrima","Pseudopanurgus.bakeri",0
"M_080","Potentilla.pulcherrima","Pseudopanurgus.didirupa",0
"M_080","Potentilla.pulcherrima","Sphecodes.sp",0
"M_080","Potentilla.pulcherrima","Andrena.amphibola",0
"M_080","Potentilla.pulcherrima","Andrena.angustitarsata",0
"M_080","Potentilla.pulcherrima","Andrena.cyanophila",2
"M_080","Potentilla.pulcherrima","Andrena.sp..9",0
"M_080","Potentilla.pulcherrima","Andrena.thaspii",0
"M_080","Potentilla.pulcherrima","Andrena.topazana",0
"M_080","Potentilla.pulcherrima","Andrena.vicinoides",0
"M_080","Potentilla.pulcherrima","Augochlorella.aurata",0
"M_080","Potentilla.pulcherrima","Coelioxys.sodalis",0
"M_080","Potentilla.pulcherrima","Colletes.nigrifrons",1
"M_080","Potentilla.pulcherrima","Halictus.virgatellus",0
"M_080","Potentilla.pulcherrima","Hylaeus.modestus",0
"M_080","Potentilla.pulcherrima","Lasioglossum..Dialictus..pacatum",0
"M_080","Potentilla.pulcherrima","Lasioglossum.aff..boreale",0
"M_080","Potentilla.pulcherrima","Lasioglossum.foxii",0
"M_080","Potentilla.pulcherrima","Osmia.inermis",0
"M_080","Potentilla.pulcherrima","Osmia.pusilla",0
"M_080","Potentilla.pulcherrima","Osmia.sp..D",0
"M_080","Potentilla.pulcherrima","Osmia.sp..E",0
"M_080","Potentilla.pulcherrima","Osmia.subaustralis",0
"M_080","Potentilla.pulcherrima","Bombus.insularis",0
"M_080","Potentilla.pulcherrima","Colletes.sp",0
"M_080","Potentilla.pulcherrima","Epeolus.sp",0
"M_080","Potentilla.pulcherrima","Hoplitis.albifrons",0
"M_080","Potentilla.pulcherrima","Hylaeus.annullatus",0
"M_080","Potentilla.pulcherrima","Lasioglossum..Dialictus..perpunctatum",0
"M_080","Potentilla.pulcherrima","Lasioglossum..Hemihalictus..spp",0
"M_080","Potentilla.pulcherrima","Lasioglossum.heterorhinum",0
"M_080","Potentilla.pulcherrima","Megachile.pugnata",0
"M_080","Potentilla.pulcherrima","Nomada.spp",0
"M_080","Potentilla.pulcherrima","Stelis.nitida",0
"M_080","Potentilla.pulcherrima","Apis.mellifera",0
"M_080","Potentilla.pulcherrima","Halictus.confusus",0
"M_080","Potentilla.pulcherrima","Osmia.nigriventris",0
"M_080","Potentilla.pulcherrima","Osmia.sp..C",0
"M_080","Potentilla.pulcherrima","Osmia.sp..F",0
"M_080","Potentilla.pulcherrima","Stelis.sp",0
"M_080","Potentilla.pulcherrima","Anthophora.bomboides",0
"M_080","Potentilla.pulcherrima","Anthophora.montana",0
"M_080","Potentilla.pulcherrima","Anthophora.terminalis",0
"M_080","Potentilla.pulcherrima","Anthophora.urbana",0
"M_080","Potentilla.pulcherrima","Bombus.fernaldae",0
"M_080","Potentilla.pulcherrima","Lasioglossum..Hemihalictus..sp",0
"M_080","Potentilla.pulcherrima","Melissodes.sp..1",0
"M_080","Potentilla.pulcherrima","Osmia.paradisica",0
"M_080","Potentilla.pulcherrima","Andrena.crategi",0
"M_080","Potentilla.pulcherrima","Andrena.sp..5",0
"M_080","Potentilla.pulcherrima","Colletes.spp",0
"M_080","Potentilla.pulcherrima","Hylaeus.basalis",0
"M_080","Potentilla.pulcherrima","Hylaeus.coloradensis",0
"M_080","Sedum.lanceolatum","Agapostemon.angelicus.texanus",0
"M_080","Sedum.lanceolatum","Bombus.mixtus",5
"M_080","Sedum.lanceolatum","Halictus.tripartitus",0
"M_080","Sedum.lanceolatum","Hoplitis.fulgida",4
"M_080","Sedum.lanceolatum","Hoplitis.robusta",0
"M_080","Sedum.lanceolatum","Hylaeus.personatellus",1
"M_080","Sedum.lanceolatum","Lasioglossum..Dialictus..aff..knereri",2
"M_080","Sedum.lanceolatum","Lasioglossum..Dialictus..hudsoniellum",0
"M_080","Sedum.lanceolatum","Lasioglossum..Dialictus..lazulis",0
"M_080","Sedum.lanceolatum","Lasioglossum..Dialictus..mixed.spp",1
"M_080","Sedum.lanceolatum","Lasioglossum..Dialictus..ruidosense",2
"M_080","Sedum.lanceolatum","Lasioglossum.inconditum",0
"M_080","Sedum.lanceolatum","Lasioglossum.sp..1",0
"M_080","Sedum.lanceolatum","Melissodes.confusus",0
"M_080","Sedum.lanceolatum","Osmia.spp",0
"M_080","Sedum.lanceolatum","Panurginus.ineptus",0
"M_080","Sedum.lanceolatum","Panurginus.spp",1
"M_080","Sedum.lanceolatum","Andrena.medionitens",0
"M_080","Sedum.lanceolatum","Andrena.salicifloris",0
"M_080","Sedum.lanceolatum","Andrena.sp..2",0
"M_080","Sedum.lanceolatum","Andrena.sp..3",0
"M_080","Sedum.lanceolatum","Andrena.sp..A",0
"M_080","Sedum.lanceolatum","Andrena.sp..C",0
"M_080","Sedum.lanceolatum","Bombus.appositus",0
"M_080","Sedum.lanceolatum","Bombus.bifarius",11
"M_080","Sedum.lanceolatum","Bombus.californicus",0
"M_080","Sedum.lanceolatum","Bombus.flavifrons",1
"M_080","Sedum.lanceolatum","Bombus.melanopygus",1
"M_080","Sedum.lanceolatum","Bombus.nevadensis",0
"M_080","Sedum.lanceolatum","Bombus.occidentalis",0
"M_080","Sedum.lanceolatum","Bombus.rufocinctus",0
"M_080","Sedum.lanceolatum","Bombus.sylvicola",0
"M_080","Sedum.lanceolatum","Colletes.fulgidus",0
"M_080","Sedum.lanceolatum","Dufourea.fimbriata",0
"M_080","Sedum.lanceolatum","Dufourea.maura",0
"M_080","Sedum.lanceolatum","Halictus.ligatus",0
"M_080","Sedum.lanceolatum","Hylaeus.annulatus",1
"M_080","Sedum.lanceolatum","Lasioglossum..Dialictus..pruinosum",0
"M_080","Sedum.lanceolatum","Lasioglossum..Dialictus..semicaeruleum",0
"M_080","Sedum.lanceolatum","Lasioglossum..Dialictus..tenax",0
"M_080","Sedum.lanceolatum","Lasioglossum.sisymbrii",0
"M_080","Sedum.lanceolatum","Lasioglossum.sp",0
"M_080","Sedum.lanceolatum","Megachile.frigida",1
"M_080","Sedum.lanceolatum","Megachile.inermis",0
"M_080","Sedum.lanceolatum","Megachile.melanophaea",0
"M_080","Sedum.lanceolatum","Megachile.relativa",1
"M_080","Sedum.lanceolatum","Osmia.bucephala",0
"M_080","Sedum.lanceolatum","Osmia.sp..A",0
"M_080","Sedum.lanceolatum","Osmia.sp..B",0
"M_080","Sedum.lanceolatum","Panurginus.cressoniellus",0
"M_080","Sedum.lanceolatum","Pseudopanurgus.bakeri",1
"M_080","Sedum.lanceolatum","Pseudopanurgus.didirupa",0
"M_080","Sedum.lanceolatum","Sphecodes.sp",0
"M_080","Sedum.lanceolatum","Andrena.amphibola",1
"M_080","Sedum.lanceolatum","Andrena.angustitarsata",0
"M_080","Sedum.lanceolatum","Andrena.cyanophila",0
"M_080","Sedum.lanceolatum","Andrena.sp..9",0
"M_080","Sedum.lanceolatum","Andrena.thaspii",0
"M_080","Sedum.lanceolatum","Andrena.topazana",1
"M_080","Sedum.lanceolatum","Andrena.vicinoides",0
"M_080","Sedum.lanceolatum","Augochlorella.aurata",0
"M_080","Sedum.lanceolatum","Coelioxys.sodalis",0
"M_080","Sedum.lanceolatum","Colletes.nigrifrons",0
"M_080","Sedum.lanceolatum","Halictus.virgatellus",0
"M_080","Sedum.lanceolatum","Hylaeus.modestus",0
"M_080","Sedum.lanceolatum","Lasioglossum..Dialictus..pacatum",0
"M_080","Sedum.lanceolatum","Lasioglossum.aff..boreale",0
"M_080","Sedum.lanceolatum","Lasioglossum.foxii",0
"M_080","Sedum.lanceolatum","Osmia.inermis",1
"M_080","Sedum.lanceolatum","Osmia.pusilla",2
"M_080","Sedum.lanceolatum","Osmia.sp..D",0
"M_080","Sedum.lanceolatum","Osmia.sp..E",0
"M_080","Sedum.lanceolatum","Osmia.subaustralis",0
"M_080","Sedum.lanceolatum","Bombus.insularis",0
"M_080","Sedum.lanceolatum","Colletes.sp",0
"M_080","Sedum.lanceolatum","Epeolus.sp",0
"M_080","Sedum.lanceolatum","Hoplitis.albifrons",0
"M_080","Sedum.lanceolatum","Hylaeus.annullatus",0
"M_080","Sedum.lanceolatum","Lasioglossum..Dialictus..perpunctatum",0
"M_080","Sedum.lanceolatum","Lasioglossum..Hemihalictus..spp",0
"M_080","Sedum.lanceolatum","Lasioglossum.heterorhinum",0
"M_080","Sedum.lanceolatum","Megachile.pugnata",0
"M_080","Sedum.lanceolatum","Nomada.spp",1
"M_080","Sedum.lanceolatum","Stelis.nitida",1
"M_080","Sedum.lanceolatum","Apis.mellifera",0
"M_080","Sedum.lanceolatum","Halictus.confusus",0
"M_080","Sedum.lanceolatum","Osmia.nigriventris",0
"M_080","Sedum.lanceolatum","Osmia.sp..C",0
"M_080","Sedum.lanceolatum","Osmia.sp..F",0
"M_080","Sedum.lanceolatum","Stelis.sp",0
"M_080","Sedum.lanceolatum","Anthophora.bomboides",0
"M_080","Sedum.lanceolatum","Anthophora.montana",0
"M_080","Sedum.lanceolatum","Anthophora.terminalis",0
"M_080","Sedum.lanceolatum","Anthophora.urbana",0
"M_080","Sedum.lanceolatum","Bombus.fernaldae",0
"M_080","Sedum.lanceolatum","Lasioglossum..Hemihalictus..sp",0
"M_080","Sedum.lanceolatum","Melissodes.sp..1",0
"M_080","Sedum.lanceolatum","Osmia.paradisica",1
"M_080","Sedum.lanceolatum","Andrena.crategi",0
"M_080","Sedum.lanceolatum","Andrena.sp..5",0
"M_080","Sedum.lanceolatum","Colletes.spp",0
"M_080","Sedum.lanceolatum","Hylaeus.basalis",0
"M_080","Sedum.lanceolatum","Hylaeus.coloradensis",0
"M_080","Symphyotrichum.porteri","Agapostemon.angelicus.texanus",0
"M_080","Symphyotrichum.porteri","Bombus.mixtus",0
"M_080","Symphyotrichum.porteri","Halictus.tripartitus",0
"M_080","Symphyotrichum.porteri","Hoplitis.fulgida",0
"M_080","Symphyotrichum.porteri","Hoplitis.robusta",0
"M_080","Symphyotrichum.porteri","Hylaeus.personatellus",0
"M_080","Symphyotrichum.porteri","Lasioglossum..Dialictus..aff..knereri",3
"M_080","Symphyotrichum.porteri","Lasioglossum..Dialictus..hudsoniellum",0
"M_080","Symphyotrichum.porteri","Lasioglossum..Dialictus..lazulis",2
"M_080","Symphyotrichum.porteri","Lasioglossum..Dialictus..mixed.spp",1
"M_080","Symphyotrichum.porteri","Lasioglossum..Dialictus..ruidosense",1
"M_080","Symphyotrichum.porteri","Lasioglossum.inconditum",0
"M_080","Symphyotrichum.porteri","Lasioglossum.sp..1",0
"M_080","Symphyotrichum.porteri","Melissodes.confusus",0
"M_080","Symphyotrichum.porteri","Osmia.spp",0
"M_080","Symphyotrichum.porteri","Panurginus.ineptus",0
"M_080","Symphyotrichum.porteri","Panurginus.spp",0
"M_080","Symphyotrichum.porteri","Andrena.medionitens",0
"M_080","Symphyotrichum.porteri","Andrena.salicifloris",0
"M_080","Symphyotrichum.porteri","Andrena.sp..2",0
"M_080","Symphyotrichum.porteri","Andrena.sp..3",0
"M_080","Symphyotrichum.porteri","Andrena.sp..A",0
"M_080","Symphyotrichum.porteri","Andrena.sp..C",0
"M_080","Symphyotrichum.porteri","Bombus.appositus",0
"M_080","Symphyotrichum.porteri","Bombus.bifarius",10
"M_080","Symphyotrichum.porteri","Bombus.californicus",0
"M_080","Symphyotrichum.porteri","Bombus.flavifrons",0
"M_080","Symphyotrichum.porteri","Bombus.melanopygus",0
"M_080","Symphyotrichum.porteri","Bombus.nevadensis",0
"M_080","Symphyotrichum.porteri","Bombus.occidentalis",0
"M_080","Symphyotrichum.porteri","Bombus.rufocinctus",1
"M_080","Symphyotrichum.porteri","Bombus.sylvicola",0
"M_080","Symphyotrichum.porteri","Colletes.fulgidus",0
"M_080","Symphyotrichum.porteri","Dufourea.fimbriata",0
"M_080","Symphyotrichum.porteri","Dufourea.maura",0
"M_080","Symphyotrichum.porteri","Halictus.ligatus",0
"M_080","Symphyotrichum.porteri","Hylaeus.annulatus",0
"M_080","Symphyotrichum.porteri","Lasioglossum..Dialictus..pruinosum",0
"M_080","Symphyotrichum.porteri","Lasioglossum..Dialictus..semicaeruleum",0
"M_080","Symphyotrichum.porteri","Lasioglossum..Dialictus..tenax",3
"M_080","Symphyotrichum.porteri","Lasioglossum.sisymbrii",0
"M_080","Symphyotrichum.porteri","Lasioglossum.sp",1
"M_080","Symphyotrichum.porteri","Megachile.frigida",0
"M_080","Symphyotrichum.porteri","Megachile.inermis",0
"M_080","Symphyotrichum.porteri","Megachile.melanophaea",0
"M_080","Symphyotrichum.porteri","Megachile.relativa",0
"M_080","Symphyotrichum.porteri","Osmia.bucephala",0
"M_080","Symphyotrichum.porteri","Osmia.sp..A",0
"M_080","Symphyotrichum.porteri","Osmia.sp..B",0
"M_080","Symphyotrichum.porteri","Panurginus.cressoniellus",0
"M_080","Symphyotrichum.porteri","Pseudopanurgus.bakeri",0
"M_080","Symphyotrichum.porteri","Pseudopanurgus.didirupa",0
"M_080","Symphyotrichum.porteri","Sphecodes.sp",0
"M_080","Symphyotrichum.porteri","Andrena.amphibola",0
"M_080","Symphyotrichum.porteri","Andrena.angustitarsata",0
"M_080","Symphyotrichum.porteri","Andrena.cyanophila",0
"M_080","Symphyotrichum.porteri","Andrena.sp..9",0
"M_080","Symphyotrichum.porteri","Andrena.thaspii",0
"M_080","Symphyotrichum.porteri","Andrena.topazana",0
"M_080","Symphyotrichum.porteri","Andrena.vicinoides",0
"M_080","Symphyotrichum.porteri","Augochlorella.aurata",0
"M_080","Symphyotrichum.porteri","Coelioxys.sodalis",0
"M_080","Symphyotrichum.porteri","Colletes.nigrifrons",0
"M_080","Symphyotrichum.porteri","Halictus.virgatellus",0
"M_080","Symphyotrichum.porteri","Hylaeus.modestus",0
"M_080","Symphyotrichum.porteri","Lasioglossum..Dialictus..pacatum",0
"M_080","Symphyotrichum.porteri","Lasioglossum.aff..boreale",0
"M_080","Symphyotrichum.porteri","Lasioglossum.foxii",0
"M_080","Symphyotrichum.porteri","Osmia.inermis",0
"M_080","Symphyotrichum.porteri","Osmia.pusilla",0
"M_080","Symphyotrichum.porteri","Osmia.sp..D",0
"M_080","Symphyotrichum.porteri","Osmia.sp..E",0
"M_080","Symphyotrichum.porteri","Osmia.subaustralis",0
"M_080","Symphyotrichum.porteri","Bombus.insularis",0
"M_080","Symphyotrichum.porteri","Colletes.sp",0
"M_080","Symphyotrichum.porteri","Epeolus.sp",0
"M_080","Symphyotrichum.porteri","Hoplitis.albifrons",0
"M_080","Symphyotrichum.porteri","Hylaeus.annullatus",0
"M_080","Symphyotrichum.porteri","Lasioglossum..Dialictus..perpunctatum",0
"M_080","Symphyotrichum.porteri","Lasioglossum..Hemihalictus..spp",0
"M_080","Symphyotrichum.porteri","Lasioglossum.heterorhinum",0
"M_080","Symphyotrichum.porteri","Megachile.pugnata",0
"M_080","Symphyotrichum.porteri","Nomada.spp",0
"M_080","Symphyotrichum.porteri","Stelis.nitida",0
"M_080","Symphyotrichum.porteri","Apis.mellifera",0
"M_080","Symphyotrichum.porteri","Halictus.confusus",1
"M_080","Symphyotrichum.porteri","Osmia.nigriventris",0
"M_080","Symphyotrichum.porteri","Osmia.sp..C",0
"M_080","Symphyotrichum.porteri","Osmia.sp..F",0
"M_080","Symphyotrichum.porteri","Stelis.sp",0
"M_080","Symphyotrichum.porteri","Anthophora.bomboides",0
"M_080","Symphyotrichum.porteri","Anthophora.montana",0
"M_080","Symphyotrichum.porteri","Anthophora.terminalis",0
"M_080","Symphyotrichum.porteri","Anthophora.urbana",0
"M_080","Symphyotrichum.porteri","Bombus.fernaldae",0
"M_080","Symphyotrichum.porteri","Lasioglossum..Hemihalictus..sp",0
"M_080","Symphyotrichum.porteri","Melissodes.sp..1",0
"M_080","Symphyotrichum.porteri","Osmia.paradisica",0
"M_080","Symphyotrichum.porteri","Andrena.crategi",0
"M_080","Symphyotrichum.porteri","Andrena.sp..5",0
"M_080","Symphyotrichum.porteri","Colletes.spp",0
"M_080","Symphyotrichum.porteri","Hylaeus.basalis",0
"M_080","Symphyotrichum.porteri","Hylaeus.coloradensis",0
"M_080","Taraxacum.officinale","Agapostemon.angelicus.texanus",0
"M_080","Taraxacum.officinale","Bombus.mixtus",0
"M_080","Taraxacum.officinale","Halictus.tripartitus",1
"M_080","Taraxacum.officinale","Hoplitis.fulgida",0
"M_080","Taraxacum.officinale","Hoplitis.robusta",0
"M_080","Taraxacum.officinale","Hylaeus.personatellus",0
"M_080","Taraxacum.officinale","Lasioglossum..Dialictus..aff..knereri",3
"M_080","Taraxacum.officinale","Lasioglossum..Dialictus..hudsoniellum",0
"M_080","Taraxacum.officinale","Lasioglossum..Dialictus..lazulis",0
"M_080","Taraxacum.officinale","Lasioglossum..Dialictus..mixed.spp",0
"M_080","Taraxacum.officinale","Lasioglossum..Dialictus..ruidosense",3
"M_080","Taraxacum.officinale","Lasioglossum.inconditum",2
"M_080","Taraxacum.officinale","Lasioglossum.sp..1",0
"M_080","Taraxacum.officinale","Melissodes.confusus",0
"M_080","Taraxacum.officinale","Osmia.spp",5
"M_080","Taraxacum.officinale","Panurginus.ineptus",0
"M_080","Taraxacum.officinale","Panurginus.spp",0
"M_080","Taraxacum.officinale","Andrena.medionitens",0
"M_080","Taraxacum.officinale","Andrena.salicifloris",0
"M_080","Taraxacum.officinale","Andrena.sp..2",0
"M_080","Taraxacum.officinale","Andrena.sp..3",0
"M_080","Taraxacum.officinale","Andrena.sp..A",0
"M_080","Taraxacum.officinale","Andrena.sp..C",0
"M_080","Taraxacum.officinale","Bombus.appositus",0
"M_080","Taraxacum.officinale","Bombus.bifarius",1
"M_080","Taraxacum.officinale","Bombus.californicus",0
"M_080","Taraxacum.officinale","Bombus.flavifrons",1
"M_080","Taraxacum.officinale","Bombus.melanopygus",0
"M_080","Taraxacum.officinale","Bombus.nevadensis",0
"M_080","Taraxacum.officinale","Bombus.occidentalis",0
"M_080","Taraxacum.officinale","Bombus.rufocinctus",0
"M_080","Taraxacum.officinale","Bombus.sylvicola",0
"M_080","Taraxacum.officinale","Colletes.fulgidus",0
"M_080","Taraxacum.officinale","Dufourea.fimbriata",1
"M_080","Taraxacum.officinale","Dufourea.maura",1
"M_080","Taraxacum.officinale","Halictus.ligatus",0
"M_080","Taraxacum.officinale","Hylaeus.annulatus",0
"M_080","Taraxacum.officinale","Lasioglossum..Dialictus..pruinosum",1
"M_080","Taraxacum.officinale","Lasioglossum..Dialictus..semicaeruleum",0
"M_080","Taraxacum.officinale","Lasioglossum..Dialictus..tenax",3
"M_080","Taraxacum.officinale","Lasioglossum.sisymbrii",0
"M_080","Taraxacum.officinale","Lasioglossum.sp",9
"M_080","Taraxacum.officinale","Megachile.frigida",0
"M_080","Taraxacum.officinale","Megachile.inermis",0
"M_080","Taraxacum.officinale","Megachile.melanophaea",0
"M_080","Taraxacum.officinale","Megachile.relativa",0
"M_080","Taraxacum.officinale","Osmia.bucephala",2
"M_080","Taraxacum.officinale","Osmia.sp..A",1
"M_080","Taraxacum.officinale","Osmia.sp..B",0
"M_080","Taraxacum.officinale","Panurginus.cressoniellus",0
"M_080","Taraxacum.officinale","Pseudopanurgus.bakeri",0
"M_080","Taraxacum.officinale","Pseudopanurgus.didirupa",0
"M_080","Taraxacum.officinale","Sphecodes.sp",1
"M_080","Taraxacum.officinale","Andrena.amphibola",0
"M_080","Taraxacum.officinale","Andrena.angustitarsata",0
"M_080","Taraxacum.officinale","Andrena.cyanophila",0
"M_080","Taraxacum.officinale","Andrena.sp..9",0
"M_080","Taraxacum.officinale","Andrena.thaspii",0
"M_080","Taraxacum.officinale","Andrena.topazana",0
"M_080","Taraxacum.officinale","Andrena.vicinoides",0
"M_080","Taraxacum.officinale","Augochlorella.aurata",0
"M_080","Taraxacum.officinale","Coelioxys.sodalis",0
"M_080","Taraxacum.officinale","Colletes.nigrifrons",0
"M_080","Taraxacum.officinale","Halictus.virgatellus",0
"M_080","Taraxacum.officinale","Hylaeus.modestus",0
"M_080","Taraxacum.officinale","Lasioglossum..Dialictus..pacatum",1
"M_080","Taraxacum.officinale","Lasioglossum.aff..boreale",0
"M_080","Taraxacum.officinale","Lasioglossum.foxii",0
"M_080","Taraxacum.officinale","Osmia.inermis",0
"M_080","Taraxacum.officinale","Osmia.pusilla",0
"M_080","Taraxacum.officinale","Osmia.sp..D",1
"M_080","Taraxacum.officinale","Osmia.sp..E",1
"M_080","Taraxacum.officinale","Osmia.subaustralis",0
"M_080","Taraxacum.officinale","Bombus.insularis",1
"M_080","Taraxacum.officinale","Colletes.sp",0
"M_080","Taraxacum.officinale","Epeolus.sp",1
"M_080","Taraxacum.officinale","Hoplitis.albifrons",0
"M_080","Taraxacum.officinale","Hylaeus.annullatus",0
"M_080","Taraxacum.officinale","Lasioglossum..Dialictus..perpunctatum",1
"M_080","Taraxacum.officinale","Lasioglossum..Hemihalictus..spp",0
"M_080","Taraxacum.officinale","Lasioglossum.heterorhinum",0
"M_080","Taraxacum.officinale","Megachile.pugnata",0
"M_080","Taraxacum.officinale","Nomada.spp",1
"M_080","Taraxacum.officinale","Stelis.nitida",0
"M_080","Taraxacum.officinale","Apis.mellifera",0
"M_080","Taraxacum.officinale","Halictus.confusus",0
"M_080","Taraxacum.officinale","Osmia.nigriventris",0
"M_080","Taraxacum.officinale","Osmia.sp..C",1
"M_080","Taraxacum.officinale","Osmia.sp..F",1
"M_080","Taraxacum.officinale","Stelis.sp",1
"M_080","Taraxacum.officinale","Anthophora.bomboides",0
"M_080","Taraxacum.officinale","Anthophora.montana",0
"M_080","Taraxacum.officinale","Anthophora.terminalis",0
"M_080","Taraxacum.officinale","Anthophora.urbana",0
"M_080","Taraxacum.officinale","Bombus.fernaldae",0
"M_080","Taraxacum.officinale","Lasioglossum..Hemihalictus..sp",0
"M_080","Taraxacum.officinale","Melissodes.sp..1",0
"M_080","Taraxacum.officinale","Osmia.paradisica",0
"M_080","Taraxacum.officinale","Andrena.crategi",0
"M_080","Taraxacum.officinale","Andrena.sp..5",0
"M_080","Taraxacum.officinale","Colletes.spp",0
"M_080","Taraxacum.officinale","Hylaeus.basalis",0
"M_080","Taraxacum.officinale","Hylaeus.coloradensis",0
"M_080","Thermopsis.rhombifolia.var..divaricarpa","Agapostemon.angelicus.texanus",0
"M_080","Thermopsis.rhombifolia.var..divaricarpa","Bombus.mixtus",0
"M_080","Thermopsis.rhombifolia.var..divaricarpa","Halictus.tripartitus",0
"M_080","Thermopsis.rhombifolia.var..divaricarpa","Hoplitis.fulgida",1
"M_080","Thermopsis.rhombifolia.var..divaricarpa","Hoplitis.robusta",0
"M_080","Thermopsis.rhombifolia.var..divaricarpa","Hylaeus.personatellus",0
"M_080","Thermopsis.rhombifolia.var..divaricarpa","Lasioglossum..Dialictus..aff..knereri",0
"M_080","Thermopsis.rhombifolia.var..divaricarpa","Lasioglossum..Dialictus..hudsoniellum",0
"M_080","Thermopsis.rhombifolia.var..divaricarpa","Lasioglossum..Dialictus..lazulis",0
"M_080","Thermopsis.rhombifolia.var..divaricarpa","Lasioglossum..Dialictus..mixed.spp",0
"M_080","Thermopsis.rhombifolia.var..divaricarpa","Lasioglossum..Dialictus..ruidosense",0
"M_080","Thermopsis.rhombifolia.var..divaricarpa","Lasioglossum.inconditum",0
"M_080","Thermopsis.rhombifolia.var..divaricarpa","Lasioglossum.sp..1",0
"M_080","Thermopsis.rhombifolia.var..divaricarpa","Melissodes.confusus",0
"M_080","Thermopsis.rhombifolia.var..divaricarpa","Osmia.spp",1
"M_080","Thermopsis.rhombifolia.var..divaricarpa","Panurginus.ineptus",0
"M_080","Thermopsis.rhombifolia.var..divaricarpa","Panurginus.spp",0
"M_080","Thermopsis.rhombifolia.var..divaricarpa","Andrena.medionitens",1
"M_080","Thermopsis.rhombifolia.var..divaricarpa","Andrena.salicifloris",0
"M_080","Thermopsis.rhombifolia.var..divaricarpa","Andrena.sp..2",0
"M_080","Thermopsis.rhombifolia.var..divaricarpa","Andrena.sp..3",0
"M_080","Thermopsis.rhombifolia.var..divaricarpa","Andrena.sp..A",1
"M_080","Thermopsis.rhombifolia.var..divaricarpa","Andrena.sp..C",0
"M_080","Thermopsis.rhombifolia.var..divaricarpa","Bombus.appositus",9
"M_080","Thermopsis.rhombifolia.var..divaricarpa","Bombus.bifarius",2
"M_080","Thermopsis.rhombifolia.var..divaricarpa","Bombus.californicus",0
"M_080","Thermopsis.rhombifolia.var..divaricarpa","Bombus.flavifrons",15
"M_080","Thermopsis.rhombifolia.var..divaricarpa","Bombus.melanopygus",0
"M_080","Thermopsis.rhombifolia.var..divaricarpa","Bombus.nevadensis",10
"M_080","Thermopsis.rhombifolia.var..divaricarpa","Bombus.occidentalis",0
"M_080","Thermopsis.rhombifolia.var..divaricarpa","Bombus.rufocinctus",0
"M_080","Thermopsis.rhombifolia.var..divaricarpa","Bombus.sylvicola",0
"M_080","Thermopsis.rhombifolia.var..divaricarpa","Colletes.fulgidus",0
"M_080","Thermopsis.rhombifolia.var..divaricarpa","Dufourea.fimbriata",0
"M_080","Thermopsis.rhombifolia.var..divaricarpa","Dufourea.maura",0
"M_080","Thermopsis.rhombifolia.var..divaricarpa","Halictus.ligatus",0
"M_080","Thermopsis.rhombifolia.var..divaricarpa","Hylaeus.annulatus",0
"M_080","Thermopsis.rhombifolia.var..divaricarpa","Lasioglossum..Dialictus..pruinosum",0
"M_080","Thermopsis.rhombifolia.var..divaricarpa","Lasioglossum..Dialictus..semicaeruleum",0
"M_080","Thermopsis.rhombifolia.var..divaricarpa","Lasioglossum..Dialictus..tenax",1
"M_080","Thermopsis.rhombifolia.var..divaricarpa","Lasioglossum.sisymbrii",0
"M_080","Thermopsis.rhombifolia.var..divaricarpa","Lasioglossum.sp",0
"M_080","Thermopsis.rhombifolia.var..divaricarpa","Megachile.frigida",0
"M_080","Thermopsis.rhombifolia.var..divaricarpa","Megachile.inermis",0
"M_080","Thermopsis.rhombifolia.var..divaricarpa","Megachile.melanophaea",5
"M_080","Thermopsis.rhombifolia.var..divaricarpa","Megachile.relativa",0
"M_080","Thermopsis.rhombifolia.var..divaricarpa","Osmia.bucephala",24
"M_080","Thermopsis.rhombifolia.var..divaricarpa","Osmia.sp..A",0
"M_080","Thermopsis.rhombifolia.var..divaricarpa","Osmia.sp..B",0
"M_080","Thermopsis.rhombifolia.var..divaricarpa","Panurginus.cressoniellus",0
"M_080","Thermopsis.rhombifolia.var..divaricarpa","Pseudopanurgus.bakeri",0
"M_080","Thermopsis.rhombifolia.var..divaricarpa","Pseudopanurgus.didirupa",0
"M_080","Thermopsis.rhombifolia.var..divaricarpa","Sphecodes.sp",0
"M_080","Thermopsis.rhombifolia.var..divaricarpa","Andrena.amphibola",0
"M_080","Thermopsis.rhombifolia.var..divaricarpa","Andrena.angustitarsata",0
"M_080","Thermopsis.rhombifolia.var..divaricarpa","Andrena.cyanophila",0
"M_080","Thermopsis.rhombifolia.var..divaricarpa","Andrena.sp..9",0
"M_080","Thermopsis.rhombifolia.var..divaricarpa","Andrena.thaspii",0
"M_080","Thermopsis.rhombifolia.var..divaricarpa","Andrena.topazana",0
"M_080","Thermopsis.rhombifolia.var..divaricarpa","Andrena.vicinoides",0
"M_080","Thermopsis.rhombifolia.var..divaricarpa","Augochlorella.aurata",0
"M_080","Thermopsis.rhombifolia.var..divaricarpa","Coelioxys.sodalis",0
"M_080","Thermopsis.rhombifolia.var..divaricarpa","Colletes.nigrifrons",0
"M_080","Thermopsis.rhombifolia.var..divaricarpa","Halictus.virgatellus",0
"M_080","Thermopsis.rhombifolia.var..divaricarpa","Hylaeus.modestus",0
"M_080","Thermopsis.rhombifolia.var..divaricarpa","Lasioglossum..Dialictus..pacatum",0
"M_080","Thermopsis.rhombifolia.var..divaricarpa","Lasioglossum.aff..boreale",0
"M_080","Thermopsis.rhombifolia.var..divaricarpa","Lasioglossum.foxii",0
"M_080","Thermopsis.rhombifolia.var..divaricarpa","Osmia.inermis",0
"M_080","Thermopsis.rhombifolia.var..divaricarpa","Osmia.pusilla",0
"M_080","Thermopsis.rhombifolia.var..divaricarpa","Osmia.sp..D",0
"M_080","Thermopsis.rhombifolia.var..divaricarpa","Osmia.sp..E",0
"M_080","Thermopsis.rhombifolia.var..divaricarpa","Osmia.subaustralis",0
"M_080","Thermopsis.rhombifolia.var..divaricarpa","Bombus.insularis",0
"M_080","Thermopsis.rhombifolia.var..divaricarpa","Colletes.sp",0
"M_080","Thermopsis.rhombifolia.var..divaricarpa","Epeolus.sp",0
"M_080","Thermopsis.rhombifolia.var..divaricarpa","Hoplitis.albifrons",0
"M_080","Thermopsis.rhombifolia.var..divaricarpa","Hylaeus.annullatus",0
"M_080","Thermopsis.rhombifolia.var..divaricarpa","Lasioglossum..Dialictus..perpunctatum",0
"M_080","Thermopsis.rhombifolia.var..divaricarpa","Lasioglossum..Hemihalictus..spp",0
"M_080","Thermopsis.rhombifolia.var..divaricarpa","Lasioglossum.heterorhinum",0
"M_080","Thermopsis.rhombifolia.var..divaricarpa","Megachile.pugnata",0
"M_080","Thermopsis.rhombifolia.var..divaricarpa","Nomada.spp",0
"M_080","Thermopsis.rhombifolia.var..divaricarpa","Stelis.nitida",0
"M_080","Thermopsis.rhombifolia.var..divaricarpa","Apis.mellifera",0
"M_080","Thermopsis.rhombifolia.var..divaricarpa","Halictus.confusus",0
"M_080","Thermopsis.rhombifolia.var..divaricarpa","Osmia.nigriventris",0
"M_080","Thermopsis.rhombifolia.var..divaricarpa","Osmia.sp..C",0
"M_080","Thermopsis.rhombifolia.var..divaricarpa","Osmia.sp..F",0
"M_080","Thermopsis.rhombifolia.var..divaricarpa","Stelis.sp",0
"M_080","Thermopsis.rhombifolia.var..divaricarpa","Anthophora.bomboides",0
"M_080","Thermopsis.rhombifolia.var..divaricarpa","Anthophora.montana",0
"M_080","Thermopsis.rhombifolia.var..divaricarpa","Anthophora.terminalis",0
"M_080","Thermopsis.rhombifolia.var..divaricarpa","Anthophora.urbana",0
"M_080","Thermopsis.rhombifolia.var..divaricarpa","Bombus.fernaldae",0
"M_080","Thermopsis.rhombifolia.var..divaricarpa","Lasioglossum..Hemihalictus..sp",0
"M_080","Thermopsis.rhombifolia.var..divaricarpa","Melissodes.sp..1",0
"M_080","Thermopsis.rhombifolia.var..divaricarpa","Osmia.paradisica",0
"M_080","Thermopsis.rhombifolia.var..divaricarpa","Andrena.crategi",0
"M_080","Thermopsis.rhombifolia.var..divaricarpa","Andrena.sp..5",0
"M_080","Thermopsis.rhombifolia.var..divaricarpa","Colletes.spp",0
"M_080","Thermopsis.rhombifolia.var..divaricarpa","Hylaeus.basalis",0
"M_080","Thermopsis.rhombifolia.var..divaricarpa","Hylaeus.coloradensis",0
"M_080","Chamerion.angustifolium","Agapostemon.angelicus.texanus",0
"M_080","Chamerion.angustifolium","Bombus.mixtus",0
"M_080","Chamerion.angustifolium","Halictus.tripartitus",0
"M_080","Chamerion.angustifolium","Hoplitis.fulgida",0
"M_080","Chamerion.angustifolium","Hoplitis.robusta",0
"M_080","Chamerion.angustifolium","Hylaeus.personatellus",0
"M_080","Chamerion.angustifolium","Lasioglossum..Dialictus..aff..knereri",0
"M_080","Chamerion.angustifolium","Lasioglossum..Dialictus..hudsoniellum",0
"M_080","Chamerion.angustifolium","Lasioglossum..Dialictus..lazulis",0
"M_080","Chamerion.angustifolium","Lasioglossum..Dialictus..mixed.spp",0
"M_080","Chamerion.angustifolium","Lasioglossum..Dialictus..ruidosense",0
"M_080","Chamerion.angustifolium","Lasioglossum.inconditum",0
"M_080","Chamerion.angustifolium","Lasioglossum.sp..1",0
"M_080","Chamerion.angustifolium","Melissodes.confusus",0
"M_080","Chamerion.angustifolium","Osmia.spp",0
"M_080","Chamerion.angustifolium","Panurginus.ineptus",0
"M_080","Chamerion.angustifolium","Panurginus.spp",0
"M_080","Chamerion.angustifolium","Andrena.medionitens",0
"M_080","Chamerion.angustifolium","Andrena.salicifloris",0
"M_080","Chamerion.angustifolium","Andrena.sp..2",0
"M_080","Chamerion.angustifolium","Andrena.sp..3",0
"M_080","Chamerion.angustifolium","Andrena.sp..A",0
"M_080","Chamerion.angustifolium","Andrena.sp..C",0
"M_080","Chamerion.angustifolium","Bombus.appositus",0
"M_080","Chamerion.angustifolium","Bombus.bifarius",2
"M_080","Chamerion.angustifolium","Bombus.californicus",0
"M_080","Chamerion.angustifolium","Bombus.flavifrons",9
"M_080","Chamerion.angustifolium","Bombus.melanopygus",0
"M_080","Chamerion.angustifolium","Bombus.nevadensis",0
"M_080","Chamerion.angustifolium","Bombus.occidentalis",0
"M_080","Chamerion.angustifolium","Bombus.rufocinctus",0
"M_080","Chamerion.angustifolium","Bombus.sylvicola",0
"M_080","Chamerion.angustifolium","Colletes.fulgidus",1
"M_080","Chamerion.angustifolium","Dufourea.fimbriata",0
"M_080","Chamerion.angustifolium","Dufourea.maura",0
"M_080","Chamerion.angustifolium","Halictus.ligatus",0
"M_080","Chamerion.angustifolium","Hylaeus.annulatus",0
"M_080","Chamerion.angustifolium","Lasioglossum..Dialictus..pruinosum",0
"M_080","Chamerion.angustifolium","Lasioglossum..Dialictus..semicaeruleum",0
"M_080","Chamerion.angustifolium","Lasioglossum..Dialictus..tenax",0
"M_080","Chamerion.angustifolium","Lasioglossum.sisymbrii",0
"M_080","Chamerion.angustifolium","Lasioglossum.sp",0
"M_080","Chamerion.angustifolium","Megachile.frigida",0
"M_080","Chamerion.angustifolium","Megachile.inermis",0
"M_080","Chamerion.angustifolium","Megachile.melanophaea",0
"M_080","Chamerion.angustifolium","Megachile.relativa",0
"M_080","Chamerion.angustifolium","Osmia.bucephala",0
"M_080","Chamerion.angustifolium","Osmia.sp..A",0
"M_080","Chamerion.angustifolium","Osmia.sp..B",0
"M_080","Chamerion.angustifolium","Panurginus.cressoniellus",1
"M_080","Chamerion.angustifolium","Pseudopanurgus.bakeri",0
"M_080","Chamerion.angustifolium","Pseudopanurgus.didirupa",0
"M_080","Chamerion.angustifolium","Sphecodes.sp",0
"M_080","Chamerion.angustifolium","Andrena.amphibola",0
"M_080","Chamerion.angustifolium","Andrena.angustitarsata",0
"M_080","Chamerion.angustifolium","Andrena.cyanophila",0
"M_080","Chamerion.angustifolium","Andrena.sp..9",0
"M_080","Chamerion.angustifolium","Andrena.thaspii",0
"M_080","Chamerion.angustifolium","Andrena.topazana",0
"M_080","Chamerion.angustifolium","Andrena.vicinoides",0
"M_080","Chamerion.angustifolium","Augochlorella.aurata",0
"M_080","Chamerion.angustifolium","Coelioxys.sodalis",0
"M_080","Chamerion.angustifolium","Colletes.nigrifrons",0
"M_080","Chamerion.angustifolium","Halictus.virgatellus",0
"M_080","Chamerion.angustifolium","Hylaeus.modestus",0
"M_080","Chamerion.angustifolium","Lasioglossum..Dialictus..pacatum",0
"M_080","Chamerion.angustifolium","Lasioglossum.aff..boreale",0
"M_080","Chamerion.angustifolium","Lasioglossum.foxii",0
"M_080","Chamerion.angustifolium","Osmia.inermis",0
"M_080","Chamerion.angustifolium","Osmia.pusilla",0
"M_080","Chamerion.angustifolium","Osmia.sp..D",0
"M_080","Chamerion.angustifolium","Osmia.sp..E",0
"M_080","Chamerion.angustifolium","Osmia.subaustralis",0
"M_080","Chamerion.angustifolium","Bombus.insularis",0
"M_080","Chamerion.angustifolium","Colletes.sp",0
"M_080","Chamerion.angustifolium","Epeolus.sp",0
"M_080","Chamerion.angustifolium","Hoplitis.albifrons",1
"M_080","Chamerion.angustifolium","Hylaeus.annullatus",0
"M_080","Chamerion.angustifolium","Lasioglossum..Dialictus..perpunctatum",0
"M_080","Chamerion.angustifolium","Lasioglossum..Hemihalictus..spp",0
"M_080","Chamerion.angustifolium","Lasioglossum.heterorhinum",0
"M_080","Chamerion.angustifolium","Megachile.pugnata",0
"M_080","Chamerion.angustifolium","Nomada.spp",0
"M_080","Chamerion.angustifolium","Stelis.nitida",0
"M_080","Chamerion.angustifolium","Apis.mellifera",0
"M_080","Chamerion.angustifolium","Halictus.confusus",0
"M_080","Chamerion.angustifolium","Osmia.nigriventris",0
"M_080","Chamerion.angustifolium","Osmia.sp..C",0
"M_080","Chamerion.angustifolium","Osmia.sp..F",0
"M_080","Chamerion.angustifolium","Stelis.sp",0
"M_080","Chamerion.angustifolium","Anthophora.bomboides",0
"M_080","Chamerion.angustifolium","Anthophora.montana",0
"M_080","Chamerion.angustifolium","Anthophora.terminalis",0
"M_080","Chamerion.angustifolium","Anthophora.urbana",0
"M_080","Chamerion.angustifolium","Bombus.fernaldae",0
"M_080","Chamerion.angustifolium","Lasioglossum..Hemihalictus..sp",0
"M_080","Chamerion.angustifolium","Melissodes.sp..1",0
"M_080","Chamerion.angustifolium","Osmia.paradisica",0
"M_080","Chamerion.angustifolium","Andrena.crategi",0
"M_080","Chamerion.angustifolium","Andrena.sp..5",0
"M_080","Chamerion.angustifolium","Colletes.spp",0
"M_080","Chamerion.angustifolium","Hylaeus.basalis",0
"M_080","Chamerion.angustifolium","Hylaeus.coloradensis",0
"M_080","Cirsium.centaureae","Agapostemon.angelicus.texanus",0
"M_080","Cirsium.centaureae","Bombus.mixtus",0
"M_080","Cirsium.centaureae","Halictus.tripartitus",0
"M_080","Cirsium.centaureae","Hoplitis.fulgida",0
"M_080","Cirsium.centaureae","Hoplitis.robusta",0
"M_080","Cirsium.centaureae","Hylaeus.personatellus",0
"M_080","Cirsium.centaureae","Lasioglossum..Dialictus..aff..knereri",0
"M_080","Cirsium.centaureae","Lasioglossum..Dialictus..hudsoniellum",0
"M_080","Cirsium.centaureae","Lasioglossum..Dialictus..lazulis",0
"M_080","Cirsium.centaureae","Lasioglossum..Dialictus..mixed.spp",0
"M_080","Cirsium.centaureae","Lasioglossum..Dialictus..ruidosense",0
"M_080","Cirsium.centaureae","Lasioglossum.inconditum",0
"M_080","Cirsium.centaureae","Lasioglossum.sp..1",0
"M_080","Cirsium.centaureae","Melissodes.confusus",0
"M_080","Cirsium.centaureae","Osmia.spp",0
"M_080","Cirsium.centaureae","Panurginus.ineptus",0
"M_080","Cirsium.centaureae","Panurginus.spp",0
"M_080","Cirsium.centaureae","Andrena.medionitens",0
"M_080","Cirsium.centaureae","Andrena.salicifloris",0
"M_080","Cirsium.centaureae","Andrena.sp..2",0
"M_080","Cirsium.centaureae","Andrena.sp..3",0
"M_080","Cirsium.centaureae","Andrena.sp..A",0
"M_080","Cirsium.centaureae","Andrena.sp..C",0
"M_080","Cirsium.centaureae","Bombus.appositus",2
"M_080","Cirsium.centaureae","Bombus.bifarius",2
"M_080","Cirsium.centaureae","Bombus.californicus",0
"M_080","Cirsium.centaureae","Bombus.flavifrons",19
"M_080","Cirsium.centaureae","Bombus.melanopygus",0
"M_080","Cirsium.centaureae","Bombus.nevadensis",0
"M_080","Cirsium.centaureae","Bombus.occidentalis",0
"M_080","Cirsium.centaureae","Bombus.rufocinctus",0
"M_080","Cirsium.centaureae","Bombus.sylvicola",0
"M_080","Cirsium.centaureae","Colletes.fulgidus",0
"M_080","Cirsium.centaureae","Dufourea.fimbriata",0
"M_080","Cirsium.centaureae","Dufourea.maura",0
"M_080","Cirsium.centaureae","Halictus.ligatus",0
"M_080","Cirsium.centaureae","Hylaeus.annulatus",0
"M_080","Cirsium.centaureae","Lasioglossum..Dialictus..pruinosum",0
"M_080","Cirsium.centaureae","Lasioglossum..Dialictus..semicaeruleum",0
"M_080","Cirsium.centaureae","Lasioglossum..Dialictus..tenax",0
"M_080","Cirsium.centaureae","Lasioglossum.sisymbrii",0
"M_080","Cirsium.centaureae","Lasioglossum.sp",0
"M_080","Cirsium.centaureae","Megachile.frigida",0
"M_080","Cirsium.centaureae","Megachile.inermis",1
"M_080","Cirsium.centaureae","Megachile.melanophaea",0
"M_080","Cirsium.centaureae","Megachile.relativa",0
"M_080","Cirsium.centaureae","Osmia.bucephala",0
"M_080","Cirsium.centaureae","Osmia.sp..A",0
"M_080","Cirsium.centaureae","Osmia.sp..B",0
"M_080","Cirsium.centaureae","Panurginus.cressoniellus",0
"M_080","Cirsium.centaureae","Pseudopanurgus.bakeri",0
"M_080","Cirsium.centaureae","Pseudopanurgus.didirupa",0
"M_080","Cirsium.centaureae","Sphecodes.sp",0
"M_080","Cirsium.centaureae","Andrena.amphibola",0
"M_080","Cirsium.centaureae","Andrena.angustitarsata",0
"M_080","Cirsium.centaureae","Andrena.cyanophila",0
"M_080","Cirsium.centaureae","Andrena.sp..9",0
"M_080","Cirsium.centaureae","Andrena.thaspii",0
"M_080","Cirsium.centaureae","Andrena.topazana",0
"M_080","Cirsium.centaureae","Andrena.vicinoides",0
"M_080","Cirsium.centaureae","Augochlorella.aurata",0
"M_080","Cirsium.centaureae","Coelioxys.sodalis",0
"M_080","Cirsium.centaureae","Colletes.nigrifrons",0
"M_080","Cirsium.centaureae","Halictus.virgatellus",0
"M_080","Cirsium.centaureae","Hylaeus.modestus",0
"M_080","Cirsium.centaureae","Lasioglossum..Dialictus..pacatum",0
"M_080","Cirsium.centaureae","Lasioglossum.aff..boreale",0
"M_080","Cirsium.centaureae","Lasioglossum.foxii",0
"M_080","Cirsium.centaureae","Osmia.inermis",0
"M_080","Cirsium.centaureae","Osmia.pusilla",0
"M_080","Cirsium.centaureae","Osmia.sp..D",0
"M_080","Cirsium.centaureae","Osmia.sp..E",0
"M_080","Cirsium.centaureae","Osmia.subaustralis",0
"M_080","Cirsium.centaureae","Bombus.insularis",0
"M_080","Cirsium.centaureae","Colletes.sp",0
"M_080","Cirsium.centaureae","Epeolus.sp",0
"M_080","Cirsium.centaureae","Hoplitis.albifrons",0
"M_080","Cirsium.centaureae","Hylaeus.annullatus",0
"M_080","Cirsium.centaureae","Lasioglossum..Dialictus..perpunctatum",0
"M_080","Cirsium.centaureae","Lasioglossum..Hemihalictus..spp",0
"M_080","Cirsium.centaureae","Lasioglossum.heterorhinum",0
"M_080","Cirsium.centaureae","Megachile.pugnata",0
"M_080","Cirsium.centaureae","Nomada.spp",0
"M_080","Cirsium.centaureae","Stelis.nitida",0
"M_080","Cirsium.centaureae","Apis.mellifera",0
"M_080","Cirsium.centaureae","Halictus.confusus",0
"M_080","Cirsium.centaureae","Osmia.nigriventris",0
"M_080","Cirsium.centaureae","Osmia.sp..C",0
"M_080","Cirsium.centaureae","Osmia.sp..F",0
"M_080","Cirsium.centaureae","Stelis.sp",0
"M_080","Cirsium.centaureae","Anthophora.bomboides",0
"M_080","Cirsium.centaureae","Anthophora.montana",0
"M_080","Cirsium.centaureae","Anthophora.terminalis",0
"M_080","Cirsium.centaureae","Anthophora.urbana",0
"M_080","Cirsium.centaureae","Bombus.fernaldae",0
"M_080","Cirsium.centaureae","Lasioglossum..Hemihalictus..sp",0
"M_080","Cirsium.centaureae","Melissodes.sp..1",0
"M_080","Cirsium.centaureae","Osmia.paradisica",0
"M_080","Cirsium.centaureae","Andrena.crategi",0
"M_080","Cirsium.centaureae","Andrena.sp..5",0
"M_080","Cirsium.centaureae","Colletes.spp",0
"M_080","Cirsium.centaureae","Hylaeus.basalis",0
"M_080","Cirsium.centaureae","Hylaeus.coloradensis",0
"M_080","Dodecatheon.pulchellum","Agapostemon.angelicus.texanus",0
"M_080","Dodecatheon.pulchellum","Bombus.mixtus",0
"M_080","Dodecatheon.pulchellum","Halictus.tripartitus",0
"M_080","Dodecatheon.pulchellum","Hoplitis.fulgida",0
"M_080","Dodecatheon.pulchellum","Hoplitis.robusta",0
"M_080","Dodecatheon.pulchellum","Hylaeus.personatellus",0
"M_080","Dodecatheon.pulchellum","Lasioglossum..Dialictus..aff..knereri",0
"M_080","Dodecatheon.pulchellum","Lasioglossum..Dialictus..hudsoniellum",0
"M_080","Dodecatheon.pulchellum","Lasioglossum..Dialictus..lazulis",0
"M_080","Dodecatheon.pulchellum","Lasioglossum..Dialictus..mixed.spp",0
"M_080","Dodecatheon.pulchellum","Lasioglossum..Dialictus..ruidosense",0
"M_080","Dodecatheon.pulchellum","Lasioglossum.inconditum",0
"M_080","Dodecatheon.pulchellum","Lasioglossum.sp..1",0
"M_080","Dodecatheon.pulchellum","Melissodes.confusus",0
"M_080","Dodecatheon.pulchellum","Osmia.spp",0
"M_080","Dodecatheon.pulchellum","Panurginus.ineptus",0
"M_080","Dodecatheon.pulchellum","Panurginus.spp",0
"M_080","Dodecatheon.pulchellum","Andrena.medionitens",0
"M_080","Dodecatheon.pulchellum","Andrena.salicifloris",0
"M_080","Dodecatheon.pulchellum","Andrena.sp..2",0
"M_080","Dodecatheon.pulchellum","Andrena.sp..3",0
"M_080","Dodecatheon.pulchellum","Andrena.sp..A",0
"M_080","Dodecatheon.pulchellum","Andrena.sp..C",0
"M_080","Dodecatheon.pulchellum","Bombus.appositus",0
"M_080","Dodecatheon.pulchellum","Bombus.bifarius",0
"M_080","Dodecatheon.pulchellum","Bombus.californicus",0
"M_080","Dodecatheon.pulchellum","Bombus.flavifrons",1
"M_080","Dodecatheon.pulchellum","Bombus.melanopygus",0
"M_080","Dodecatheon.pulchellum","Bombus.nevadensis",0
"M_080","Dodecatheon.pulchellum","Bombus.occidentalis",0
"M_080","Dodecatheon.pulchellum","Bombus.rufocinctus",0
"M_080","Dodecatheon.pulchellum","Bombus.sylvicola",0
"M_080","Dodecatheon.pulchellum","Colletes.fulgidus",0
"M_080","Dodecatheon.pulchellum","Dufourea.fimbriata",0
"M_080","Dodecatheon.pulchellum","Dufourea.maura",0
"M_080","Dodecatheon.pulchellum","Halictus.ligatus",0
"M_080","Dodecatheon.pulchellum","Hylaeus.annulatus",0
"M_080","Dodecatheon.pulchellum","Lasioglossum..Dialictus..pruinosum",0
"M_080","Dodecatheon.pulchellum","Lasioglossum..Dialictus..semicaeruleum",0
"M_080","Dodecatheon.pulchellum","Lasioglossum..Dialictus..tenax",1
"M_080","Dodecatheon.pulchellum","Lasioglossum.sisymbrii",0
"M_080","Dodecatheon.pulchellum","Lasioglossum.sp",0
"M_080","Dodecatheon.pulchellum","Megachile.frigida",0
"M_080","Dodecatheon.pulchellum","Megachile.inermis",0
"M_080","Dodecatheon.pulchellum","Megachile.melanophaea",0
"M_080","Dodecatheon.pulchellum","Megachile.relativa",0
"M_080","Dodecatheon.pulchellum","Osmia.bucephala",0
"M_080","Dodecatheon.pulchellum","Osmia.sp..A",0
"M_080","Dodecatheon.pulchellum","Osmia.sp..B",0
"M_080","Dodecatheon.pulchellum","Panurginus.cressoniellus",0
"M_080","Dodecatheon.pulchellum","Pseudopanurgus.bakeri",0
"M_080","Dodecatheon.pulchellum","Pseudopanurgus.didirupa",0
"M_080","Dodecatheon.pulchellum","Sphecodes.sp",0
"M_080","Dodecatheon.pulchellum","Andrena.amphibola",0
"M_080","Dodecatheon.pulchellum","Andrena.angustitarsata",0
"M_080","Dodecatheon.pulchellum","Andrena.cyanophila",0
"M_080","Dodecatheon.pulchellum","Andrena.sp..9",0
"M_080","Dodecatheon.pulchellum","Andrena.thaspii",0
"M_080","Dodecatheon.pulchellum","Andrena.topazana",0
"M_080","Dodecatheon.pulchellum","Andrena.vicinoides",0
"M_080","Dodecatheon.pulchellum","Augochlorella.aurata",0
"M_080","Dodecatheon.pulchellum","Coelioxys.sodalis",0
"M_080","Dodecatheon.pulchellum","Colletes.nigrifrons",0
"M_080","Dodecatheon.pulchellum","Halictus.virgatellus",0
"M_080","Dodecatheon.pulchellum","Hylaeus.modestus",0
"M_080","Dodecatheon.pulchellum","Lasioglossum..Dialictus..pacatum",0
"M_080","Dodecatheon.pulchellum","Lasioglossum.aff..boreale",0
"M_080","Dodecatheon.pulchellum","Lasioglossum.foxii",0
"M_080","Dodecatheon.pulchellum","Osmia.inermis",0
"M_080","Dodecatheon.pulchellum","Osmia.pusilla",0
"M_080","Dodecatheon.pulchellum","Osmia.sp..D",0
"M_080","Dodecatheon.pulchellum","Osmia.sp..E",0
"M_080","Dodecatheon.pulchellum","Osmia.subaustralis",0
"M_080","Dodecatheon.pulchellum","Bombus.insularis",0
"M_080","Dodecatheon.pulchellum","Colletes.sp",0
"M_080","Dodecatheon.pulchellum","Epeolus.sp",0
"M_080","Dodecatheon.pulchellum","Hoplitis.albifrons",0
"M_080","Dodecatheon.pulchellum","Hylaeus.annullatus",0
"M_080","Dodecatheon.pulchellum","Lasioglossum..Dialictus..perpunctatum",0
"M_080","Dodecatheon.pulchellum","Lasioglossum..Hemihalictus..spp",0
"M_080","Dodecatheon.pulchellum","Lasioglossum.heterorhinum",0
"M_080","Dodecatheon.pulchellum","Megachile.pugnata",0
"M_080","Dodecatheon.pulchellum","Nomada.spp",0
"M_080","Dodecatheon.pulchellum","Stelis.nitida",0
"M_080","Dodecatheon.pulchellum","Apis.mellifera",0
"M_080","Dodecatheon.pulchellum","Halictus.confusus",0
"M_080","Dodecatheon.pulchellum","Osmia.nigriventris",0
"M_080","Dodecatheon.pulchellum","Osmia.sp..C",0
"M_080","Dodecatheon.pulchellum","Osmia.sp..F",0
"M_080","Dodecatheon.pulchellum","Stelis.sp",0
"M_080","Dodecatheon.pulchellum","Anthophora.bomboides",0
"M_080","Dodecatheon.pulchellum","Anthophora.montana",0
"M_080","Dodecatheon.pulchellum","Anthophora.terminalis",0
"M_080","Dodecatheon.pulchellum","Anthophora.urbana",0
"M_080","Dodecatheon.pulchellum","Bombus.fernaldae",0
"M_080","Dodecatheon.pulchellum","Lasioglossum..Hemihalictus..sp",0
"M_080","Dodecatheon.pulchellum","Melissodes.sp..1",0
"M_080","Dodecatheon.pulchellum","Osmia.paradisica",0
"M_080","Dodecatheon.pulchellum","Andrena.crategi",0
"M_080","Dodecatheon.pulchellum","Andrena.sp..5",0
"M_080","Dodecatheon.pulchellum","Colletes.spp",0
"M_080","Dodecatheon.pulchellum","Hylaeus.basalis",0
"M_080","Dodecatheon.pulchellum","Hylaeus.coloradensis",0
"M_080","Erigeron.speciosus","Agapostemon.angelicus.texanus",1
"M_080","Erigeron.speciosus","Bombus.mixtus",0
"M_080","Erigeron.speciosus","Halictus.tripartitus",0
"M_080","Erigeron.speciosus","Hoplitis.fulgida",0
"M_080","Erigeron.speciosus","Hoplitis.robusta",0
"M_080","Erigeron.speciosus","Hylaeus.personatellus",0
"M_080","Erigeron.speciosus","Lasioglossum..Dialictus..aff..knereri",0
"M_080","Erigeron.speciosus","Lasioglossum..Dialictus..hudsoniellum",0
"M_080","Erigeron.speciosus","Lasioglossum..Dialictus..lazulis",0
"M_080","Erigeron.speciosus","Lasioglossum..Dialictus..mixed.spp",0
"M_080","Erigeron.speciosus","Lasioglossum..Dialictus..ruidosense",0
"M_080","Erigeron.speciosus","Lasioglossum.inconditum",0
"M_080","Erigeron.speciosus","Lasioglossum.sp..1",0
"M_080","Erigeron.speciosus","Melissodes.confusus",0
"M_080","Erigeron.speciosus","Osmia.spp",0
"M_080","Erigeron.speciosus","Panurginus.ineptus",0
"M_080","Erigeron.speciosus","Panurginus.spp",0
"M_080","Erigeron.speciosus","Andrena.medionitens",0
"M_080","Erigeron.speciosus","Andrena.salicifloris",0
"M_080","Erigeron.speciosus","Andrena.sp..2",0
"M_080","Erigeron.speciosus","Andrena.sp..3",0
"M_080","Erigeron.speciosus","Andrena.sp..A",0
"M_080","Erigeron.speciosus","Andrena.sp..C",0
"M_080","Erigeron.speciosus","Bombus.appositus",0
"M_080","Erigeron.speciosus","Bombus.bifarius",2
"M_080","Erigeron.speciosus","Bombus.californicus",0
"M_080","Erigeron.speciosus","Bombus.flavifrons",0
"M_080","Erigeron.speciosus","Bombus.melanopygus",0
"M_080","Erigeron.speciosus","Bombus.nevadensis",0
"M_080","Erigeron.speciosus","Bombus.occidentalis",0
"M_080","Erigeron.speciosus","Bombus.rufocinctus",0
"M_080","Erigeron.speciosus","Bombus.sylvicola",0
"M_080","Erigeron.speciosus","Colletes.fulgidus",0
"M_080","Erigeron.speciosus","Dufourea.fimbriata",0
"M_080","Erigeron.speciosus","Dufourea.maura",0
"M_080","Erigeron.speciosus","Halictus.ligatus",0
"M_080","Erigeron.speciosus","Hylaeus.annulatus",0
"M_080","Erigeron.speciosus","Lasioglossum..Dialictus..pruinosum",0
"M_080","Erigeron.speciosus","Lasioglossum..Dialictus..semicaeruleum",0
"M_080","Erigeron.speciosus","Lasioglossum..Dialictus..tenax",0
"M_080","Erigeron.speciosus","Lasioglossum.sisymbrii",0
"M_080","Erigeron.speciosus","Lasioglossum.sp",0
"M_080","Erigeron.speciosus","Megachile.frigida",0
"M_080","Erigeron.speciosus","Megachile.inermis",0
"M_080","Erigeron.speciosus","Megachile.melanophaea",0
"M_080","Erigeron.speciosus","Megachile.relativa",0
"M_080","Erigeron.speciosus","Osmia.bucephala",0
"M_080","Erigeron.speciosus","Osmia.sp..A",0
"M_080","Erigeron.speciosus","Osmia.sp..B",0
"M_080","Erigeron.speciosus","Panurginus.cressoniellus",0
"M_080","Erigeron.speciosus","Pseudopanurgus.bakeri",0
"M_080","Erigeron.speciosus","Pseudopanurgus.didirupa",0
"M_080","Erigeron.speciosus","Sphecodes.sp",0
"M_080","Erigeron.speciosus","Andrena.amphibola",0
"M_080","Erigeron.speciosus","Andrena.angustitarsata",0
"M_080","Erigeron.speciosus","Andrena.cyanophila",0
"M_080","Erigeron.speciosus","Andrena.sp..9",0
"M_080","Erigeron.speciosus","Andrena.thaspii",0
"M_080","Erigeron.speciosus","Andrena.topazana",0
"M_080","Erigeron.speciosus","Andrena.vicinoides",0
"M_080","Erigeron.speciosus","Augochlorella.aurata",0
"M_080","Erigeron.speciosus","Coelioxys.sodalis",0
"M_080","Erigeron.speciosus","Colletes.nigrifrons",0
"M_080","Erigeron.speciosus","Halictus.virgatellus",0
"M_080","Erigeron.speciosus","Hylaeus.modestus",0
"M_080","Erigeron.speciosus","Lasioglossum..Dialictus..pacatum",0
"M_080","Erigeron.speciosus","Lasioglossum.aff..boreale",0
"M_080","Erigeron.speciosus","Lasioglossum.foxii",0
"M_080","Erigeron.speciosus","Osmia.inermis",0
"M_080","Erigeron.speciosus","Osmia.pusilla",0
"M_080","Erigeron.speciosus","Osmia.sp..D",0
"M_080","Erigeron.speciosus","Osmia.sp..E",0
"M_080","Erigeron.speciosus","Osmia.subaustralis",0
"M_080","Erigeron.speciosus","Bombus.insularis",0
"M_080","Erigeron.speciosus","Colletes.sp",0
"M_080","Erigeron.speciosus","Epeolus.sp",0
"M_080","Erigeron.speciosus","Hoplitis.albifrons",0
"M_080","Erigeron.speciosus","Hylaeus.annullatus",0
"M_080","Erigeron.speciosus","Lasioglossum..Dialictus..perpunctatum",0
"M_080","Erigeron.speciosus","Lasioglossum..Hemihalictus..spp",0
"M_080","Erigeron.speciosus","Lasioglossum.heterorhinum",0
"M_080","Erigeron.speciosus","Megachile.pugnata",0
"M_080","Erigeron.speciosus","Nomada.spp",0
"M_080","Erigeron.speciosus","Stelis.nitida",0
"M_080","Erigeron.speciosus","Apis.mellifera",0
"M_080","Erigeron.speciosus","Halictus.confusus",0
"M_080","Erigeron.speciosus","Osmia.nigriventris",0
"M_080","Erigeron.speciosus","Osmia.sp..C",0
"M_080","Erigeron.speciosus","Osmia.sp..F",0
"M_080","Erigeron.speciosus","Stelis.sp",0
"M_080","Erigeron.speciosus","Anthophora.bomboides",0
"M_080","Erigeron.speciosus","Anthophora.montana",0
"M_080","Erigeron.speciosus","Anthophora.terminalis",0
"M_080","Erigeron.speciosus","Anthophora.urbana",0
"M_080","Erigeron.speciosus","Bombus.fernaldae",0
"M_080","Erigeron.speciosus","Lasioglossum..Hemihalictus..sp",0
"M_080","Erigeron.speciosus","Melissodes.sp..1",0
"M_080","Erigeron.speciosus","Osmia.paradisica",0
"M_080","Erigeron.speciosus","Andrena.crategi",0
"M_080","Erigeron.speciosus","Andrena.sp..5",0
"M_080","Erigeron.speciosus","Colletes.spp",0
"M_080","Erigeron.speciosus","Hylaeus.basalis",0
"M_080","Erigeron.speciosus","Hylaeus.coloradensis",0
"M_080","Galium.boreale","Agapostemon.angelicus.texanus",0
"M_080","Galium.boreale","Bombus.mixtus",0
"M_080","Galium.boreale","Halictus.tripartitus",0
"M_080","Galium.boreale","Hoplitis.fulgida",0
"M_080","Galium.boreale","Hoplitis.robusta",0
"M_080","Galium.boreale","Hylaeus.personatellus",0
"M_080","Galium.boreale","Lasioglossum..Dialictus..aff..knereri",0
"M_080","Galium.boreale","Lasioglossum..Dialictus..hudsoniellum",0
"M_080","Galium.boreale","Lasioglossum..Dialictus..lazulis",0
"M_080","Galium.boreale","Lasioglossum..Dialictus..mixed.spp",0
"M_080","Galium.boreale","Lasioglossum..Dialictus..ruidosense",0
"M_080","Galium.boreale","Lasioglossum.inconditum",0
"M_080","Galium.boreale","Lasioglossum.sp..1",0
"M_080","Galium.boreale","Melissodes.confusus",0
"M_080","Galium.boreale","Osmia.spp",0
"M_080","Galium.boreale","Panurginus.ineptus",0
"M_080","Galium.boreale","Panurginus.spp",0
"M_080","Galium.boreale","Andrena.medionitens",0
"M_080","Galium.boreale","Andrena.salicifloris",0
"M_080","Galium.boreale","Andrena.sp..2",0
"M_080","Galium.boreale","Andrena.sp..3",0
"M_080","Galium.boreale","Andrena.sp..A",0
"M_080","Galium.boreale","Andrena.sp..C",0
"M_080","Galium.boreale","Bombus.appositus",0
"M_080","Galium.boreale","Bombus.bifarius",0
"M_080","Galium.boreale","Bombus.californicus",0
"M_080","Galium.boreale","Bombus.flavifrons",0
"M_080","Galium.boreale","Bombus.melanopygus",0
"M_080","Galium.boreale","Bombus.nevadensis",0
"M_080","Galium.boreale","Bombus.occidentalis",0
"M_080","Galium.boreale","Bombus.rufocinctus",0
"M_080","Galium.boreale","Bombus.sylvicola",0
"M_080","Galium.boreale","Colletes.fulgidus",0
"M_080","Galium.boreale","Dufourea.fimbriata",0
"M_080","Galium.boreale","Dufourea.maura",0
"M_080","Galium.boreale","Halictus.ligatus",0
"M_080","Galium.boreale","Hylaeus.annulatus",0
"M_080","Galium.boreale","Lasioglossum..Dialictus..pruinosum",0
"M_080","Galium.boreale","Lasioglossum..Dialictus..semicaeruleum",1
"M_080","Galium.boreale","Lasioglossum..Dialictus..tenax",0
"M_080","Galium.boreale","Lasioglossum.sisymbrii",0
"M_080","Galium.boreale","Lasioglossum.sp",0
"M_080","Galium.boreale","Megachile.frigida",0
"M_080","Galium.boreale","Megachile.inermis",0
"M_080","Galium.boreale","Megachile.melanophaea",0
"M_080","Galium.boreale","Megachile.relativa",0
"M_080","Galium.boreale","Osmia.bucephala",0
"M_080","Galium.boreale","Osmia.sp..A",0
"M_080","Galium.boreale","Osmia.sp..B",0
"M_080","Galium.boreale","Panurginus.cressoniellus",0
"M_080","Galium.boreale","Pseudopanurgus.bakeri",0
"M_080","Galium.boreale","Pseudopanurgus.didirupa",0
"M_080","Galium.boreale","Sphecodes.sp",0
"M_080","Galium.boreale","Andrena.amphibola",1
"M_080","Galium.boreale","Andrena.angustitarsata",0
"M_080","Galium.boreale","Andrena.cyanophila",0
"M_080","Galium.boreale","Andrena.sp..9",0
"M_080","Galium.boreale","Andrena.thaspii",0
"M_080","Galium.boreale","Andrena.topazana",0
"M_080","Galium.boreale","Andrena.vicinoides",0
"M_080","Galium.boreale","Augochlorella.aurata",0
"M_080","Galium.boreale","Coelioxys.sodalis",0
"M_080","Galium.boreale","Colletes.nigrifrons",0
"M_080","Galium.boreale","Halictus.virgatellus",0
"M_080","Galium.boreale","Hylaeus.modestus",0
"M_080","Galium.boreale","Lasioglossum..Dialictus..pacatum",0
"M_080","Galium.boreale","Lasioglossum.aff..boreale",0
"M_080","Galium.boreale","Lasioglossum.foxii",0
"M_080","Galium.boreale","Osmia.inermis",0
"M_080","Galium.boreale","Osmia.pusilla",0
"M_080","Galium.boreale","Osmia.sp..D",0
"M_080","Galium.boreale","Osmia.sp..E",0
"M_080","Galium.boreale","Osmia.subaustralis",0
"M_080","Galium.boreale","Bombus.insularis",0
"M_080","Galium.boreale","Colletes.sp",0
"M_080","Galium.boreale","Epeolus.sp",0
"M_080","Galium.boreale","Hoplitis.albifrons",0
"M_080","Galium.boreale","Hylaeus.annullatus",0
"M_080","Galium.boreale","Lasioglossum..Dialictus..perpunctatum",0
"M_080","Galium.boreale","Lasioglossum..Hemihalictus..spp",0
"M_080","Galium.boreale","Lasioglossum.heterorhinum",0
"M_080","Galium.boreale","Megachile.pugnata",0
"M_080","Galium.boreale","Nomada.spp",0
"M_080","Galium.boreale","Stelis.nitida",0
"M_080","Galium.boreale","Apis.mellifera",0
"M_080","Galium.boreale","Halictus.confusus",0
"M_080","Galium.boreale","Osmia.nigriventris",0
"M_080","Galium.boreale","Osmia.sp..C",0
"M_080","Galium.boreale","Osmia.sp..F",0
"M_080","Galium.boreale","Stelis.sp",0
"M_080","Galium.boreale","Anthophora.bomboides",0
"M_080","Galium.boreale","Anthophora.montana",0
"M_080","Galium.boreale","Anthophora.terminalis",0
"M_080","Galium.boreale","Anthophora.urbana",0
"M_080","Galium.boreale","Bombus.fernaldae",0
"M_080","Galium.boreale","Lasioglossum..Hemihalictus..sp",0
"M_080","Galium.boreale","Melissodes.sp..1",0
"M_080","Galium.boreale","Osmia.paradisica",0
"M_080","Galium.boreale","Andrena.crategi",0
"M_080","Galium.boreale","Andrena.sp..5",0
"M_080","Galium.boreale","Colletes.spp",0
"M_080","Galium.boreale","Hylaeus.basalis",0
"M_080","Galium.boreale","Hylaeus.coloradensis",0
"M_080","Lupinus.argenteus","Agapostemon.angelicus.texanus",0
"M_080","Lupinus.argenteus","Bombus.mixtus",1
"M_080","Lupinus.argenteus","Halictus.tripartitus",0
"M_080","Lupinus.argenteus","Hoplitis.fulgida",0
"M_080","Lupinus.argenteus","Hoplitis.robusta",0
"M_080","Lupinus.argenteus","Hylaeus.personatellus",0
"M_080","Lupinus.argenteus","Lasioglossum..Dialictus..aff..knereri",0
"M_080","Lupinus.argenteus","Lasioglossum..Dialictus..hudsoniellum",0
"M_080","Lupinus.argenteus","Lasioglossum..Dialictus..lazulis",0
"M_080","Lupinus.argenteus","Lasioglossum..Dialictus..mixed.spp",0
"M_080","Lupinus.argenteus","Lasioglossum..Dialictus..ruidosense",1
"M_080","Lupinus.argenteus","Lasioglossum.inconditum",0
"M_080","Lupinus.argenteus","Lasioglossum.sp..1",0
"M_080","Lupinus.argenteus","Melissodes.confusus",0
"M_080","Lupinus.argenteus","Osmia.spp",0
"M_080","Lupinus.argenteus","Panurginus.ineptus",0
"M_080","Lupinus.argenteus","Panurginus.spp",0
"M_080","Lupinus.argenteus","Andrena.medionitens",0
"M_080","Lupinus.argenteus","Andrena.salicifloris",0
"M_080","Lupinus.argenteus","Andrena.sp..2",0
"M_080","Lupinus.argenteus","Andrena.sp..3",0
"M_080","Lupinus.argenteus","Andrena.sp..A",0
"M_080","Lupinus.argenteus","Andrena.sp..C",0
"M_080","Lupinus.argenteus","Bombus.appositus",1
"M_080","Lupinus.argenteus","Bombus.bifarius",21
"M_080","Lupinus.argenteus","Bombus.californicus",0
"M_080","Lupinus.argenteus","Bombus.flavifrons",1
"M_080","Lupinus.argenteus","Bombus.melanopygus",0
"M_080","Lupinus.argenteus","Bombus.nevadensis",2
"M_080","Lupinus.argenteus","Bombus.occidentalis",2
"M_080","Lupinus.argenteus","Bombus.rufocinctus",0
"M_080","Lupinus.argenteus","Bombus.sylvicola",0
"M_080","Lupinus.argenteus","Colletes.fulgidus",0
"M_080","Lupinus.argenteus","Dufourea.fimbriata",0
"M_080","Lupinus.argenteus","Dufourea.maura",0
"M_080","Lupinus.argenteus","Halictus.ligatus",0
"M_080","Lupinus.argenteus","Hylaeus.annulatus",0
"M_080","Lupinus.argenteus","Lasioglossum..Dialictus..pruinosum",0
"M_080","Lupinus.argenteus","Lasioglossum..Dialictus..semicaeruleum",0
"M_080","Lupinus.argenteus","Lasioglossum..Dialictus..tenax",0
"M_080","Lupinus.argenteus","Lasioglossum.sisymbrii",0
"M_080","Lupinus.argenteus","Lasioglossum.sp",0
"M_080","Lupinus.argenteus","Megachile.frigida",0
"M_080","Lupinus.argenteus","Megachile.inermis",0
"M_080","Lupinus.argenteus","Megachile.melanophaea",2
"M_080","Lupinus.argenteus","Megachile.relativa",0
"M_080","Lupinus.argenteus","Osmia.bucephala",0
"M_080","Lupinus.argenteus","Osmia.sp..A",0
"M_080","Lupinus.argenteus","Osmia.sp..B",0
"M_080","Lupinus.argenteus","Panurginus.cressoniellus",0
"M_080","Lupinus.argenteus","Pseudopanurgus.bakeri",0
"M_080","Lupinus.argenteus","Pseudopanurgus.didirupa",0
"M_080","Lupinus.argenteus","Sphecodes.sp",0
"M_080","Lupinus.argenteus","Andrena.amphibola",0
"M_080","Lupinus.argenteus","Andrena.angustitarsata",0
"M_080","Lupinus.argenteus","Andrena.cyanophila",0
"M_080","Lupinus.argenteus","Andrena.sp..9",0
"M_080","Lupinus.argenteus","Andrena.thaspii",0
"M_080","Lupinus.argenteus","Andrena.topazana",0
"M_080","Lupinus.argenteus","Andrena.vicinoides",0
"M_080","Lupinus.argenteus","Augochlorella.aurata",0
"M_080","Lupinus.argenteus","Coelioxys.sodalis",0
"M_080","Lupinus.argenteus","Colletes.nigrifrons",0
"M_080","Lupinus.argenteus","Halictus.virgatellus",0
"M_080","Lupinus.argenteus","Hylaeus.modestus",0
"M_080","Lupinus.argenteus","Lasioglossum..Dialictus..pacatum",0
"M_080","Lupinus.argenteus","Lasioglossum.aff..boreale",0
"M_080","Lupinus.argenteus","Lasioglossum.foxii",0
"M_080","Lupinus.argenteus","Osmia.inermis",0
"M_080","Lupinus.argenteus","Osmia.pusilla",0
"M_080","Lupinus.argenteus","Osmia.sp..D",0
"M_080","Lupinus.argenteus","Osmia.sp..E",0
"M_080","Lupinus.argenteus","Osmia.subaustralis",0
"M_080","Lupinus.argenteus","Bombus.insularis",0
"M_080","Lupinus.argenteus","Colletes.sp",0
"M_080","Lupinus.argenteus","Epeolus.sp",0
"M_080","Lupinus.argenteus","Hoplitis.albifrons",0
"M_080","Lupinus.argenteus","Hylaeus.annullatus",0
"M_080","Lupinus.argenteus","Lasioglossum..Dialictus..perpunctatum",0
"M_080","Lupinus.argenteus","Lasioglossum..Hemihalictus..spp",0
"M_080","Lupinus.argenteus","Lasioglossum.heterorhinum",0
"M_080","Lupinus.argenteus","Megachile.pugnata",0
"M_080","Lupinus.argenteus","Nomada.spp",0
"M_080","Lupinus.argenteus","Stelis.nitida",0
"M_080","Lupinus.argenteus","Apis.mellifera",0
"M_080","Lupinus.argenteus","Halictus.confusus",0
"M_080","Lupinus.argenteus","Osmia.nigriventris",0
"M_080","Lupinus.argenteus","Osmia.sp..C",0
"M_080","Lupinus.argenteus","Osmia.sp..F",0
"M_080","Lupinus.argenteus","Stelis.sp",0
"M_080","Lupinus.argenteus","Anthophora.bomboides",0
"M_080","Lupinus.argenteus","Anthophora.montana",0
"M_080","Lupinus.argenteus","Anthophora.terminalis",0
"M_080","Lupinus.argenteus","Anthophora.urbana",0
"M_080","Lupinus.argenteus","Bombus.fernaldae",0
"M_080","Lupinus.argenteus","Lasioglossum..Hemihalictus..sp",0
"M_080","Lupinus.argenteus","Melissodes.sp..1",0
"M_080","Lupinus.argenteus","Osmia.paradisica",0
"M_080","Lupinus.argenteus","Andrena.crategi",0
"M_080","Lupinus.argenteus","Andrena.sp..5",0
"M_080","Lupinus.argenteus","Colletes.spp",0
"M_080","Lupinus.argenteus","Hylaeus.basalis",0
"M_080","Lupinus.argenteus","Hylaeus.coloradensis",0
"M_080","Mertensia.lanceolata","Agapostemon.angelicus.texanus",0
"M_080","Mertensia.lanceolata","Bombus.mixtus",1
"M_080","Mertensia.lanceolata","Halictus.tripartitus",0
"M_080","Mertensia.lanceolata","Hoplitis.fulgida",0
"M_080","Mertensia.lanceolata","Hoplitis.robusta",0
"M_080","Mertensia.lanceolata","Hylaeus.personatellus",0
"M_080","Mertensia.lanceolata","Lasioglossum..Dialictus..aff..knereri",0
"M_080","Mertensia.lanceolata","Lasioglossum..Dialictus..hudsoniellum",0
"M_080","Mertensia.lanceolata","Lasioglossum..Dialictus..lazulis",0
"M_080","Mertensia.lanceolata","Lasioglossum..Dialictus..mixed.spp",0
"M_080","Mertensia.lanceolata","Lasioglossum..Dialictus..ruidosense",0
"M_080","Mertensia.lanceolata","Lasioglossum.inconditum",0
"M_080","Mertensia.lanceolata","Lasioglossum.sp..1",0
"M_080","Mertensia.lanceolata","Melissodes.confusus",0
"M_080","Mertensia.lanceolata","Osmia.spp",4
"M_080","Mertensia.lanceolata","Panurginus.ineptus",0
"M_080","Mertensia.lanceolata","Panurginus.spp",0
"M_080","Mertensia.lanceolata","Andrena.medionitens",0
"M_080","Mertensia.lanceolata","Andrena.salicifloris",0
"M_080","Mertensia.lanceolata","Andrena.sp..2",0
"M_080","Mertensia.lanceolata","Andrena.sp..3",0
"M_080","Mertensia.lanceolata","Andrena.sp..A",0
"M_080","Mertensia.lanceolata","Andrena.sp..C",0
"M_080","Mertensia.lanceolata","Bombus.appositus",0
"M_080","Mertensia.lanceolata","Bombus.bifarius",0
"M_080","Mertensia.lanceolata","Bombus.californicus",0
"M_080","Mertensia.lanceolata","Bombus.flavifrons",1
"M_080","Mertensia.lanceolata","Bombus.melanopygus",0
"M_080","Mertensia.lanceolata","Bombus.nevadensis",0
"M_080","Mertensia.lanceolata","Bombus.occidentalis",0
"M_080","Mertensia.lanceolata","Bombus.rufocinctus",0
"M_080","Mertensia.lanceolata","Bombus.sylvicola",0
"M_080","Mertensia.lanceolata","Colletes.fulgidus",0
"M_080","Mertensia.lanceolata","Dufourea.fimbriata",0
"M_080","Mertensia.lanceolata","Dufourea.maura",0
"M_080","Mertensia.lanceolata","Halictus.ligatus",0
"M_080","Mertensia.lanceolata","Hylaeus.annulatus",0
"M_080","Mertensia.lanceolata","Lasioglossum..Dialictus..pruinosum",0
"M_080","Mertensia.lanceolata","Lasioglossum..Dialictus..semicaeruleum",0
"M_080","Mertensia.lanceolata","Lasioglossum..Dialictus..tenax",0
"M_080","Mertensia.lanceolata","Lasioglossum.sisymbrii",0
"M_080","Mertensia.lanceolata","Lasioglossum.sp",0
"M_080","Mertensia.lanceolata","Megachile.frigida",0
"M_080","Mertensia.lanceolata","Megachile.inermis",0
"M_080","Mertensia.lanceolata","Megachile.melanophaea",0
"M_080","Mertensia.lanceolata","Megachile.relativa",0
"M_080","Mertensia.lanceolata","Osmia.bucephala",4
"M_080","Mertensia.lanceolata","Osmia.sp..A",1
"M_080","Mertensia.lanceolata","Osmia.sp..B",0
"M_080","Mertensia.lanceolata","Panurginus.cressoniellus",0
"M_080","Mertensia.lanceolata","Pseudopanurgus.bakeri",0
"M_080","Mertensia.lanceolata","Pseudopanurgus.didirupa",0
"M_080","Mertensia.lanceolata","Sphecodes.sp",0
"M_080","Mertensia.lanceolata","Andrena.amphibola",0
"M_080","Mertensia.lanceolata","Andrena.angustitarsata",0
"M_080","Mertensia.lanceolata","Andrena.cyanophila",0
"M_080","Mertensia.lanceolata","Andrena.sp..9",0
"M_080","Mertensia.lanceolata","Andrena.thaspii",0
"M_080","Mertensia.lanceolata","Andrena.topazana",0
"M_080","Mertensia.lanceolata","Andrena.vicinoides",0
"M_080","Mertensia.lanceolata","Augochlorella.aurata",0
"M_080","Mertensia.lanceolata","Coelioxys.sodalis",0
"M_080","Mertensia.lanceolata","Colletes.nigrifrons",0
"M_080","Mertensia.lanceolata","Halictus.virgatellus",0
"M_080","Mertensia.lanceolata","Hylaeus.modestus",0
"M_080","Mertensia.lanceolata","Lasioglossum..Dialictus..pacatum",0
"M_080","Mertensia.lanceolata","Lasioglossum.aff..boreale",0
"M_080","Mertensia.lanceolata","Lasioglossum.foxii",0
"M_080","Mertensia.lanceolata","Osmia.inermis",0
"M_080","Mertensia.lanceolata","Osmia.pusilla",1
"M_080","Mertensia.lanceolata","Osmia.sp..D",0
"M_080","Mertensia.lanceolata","Osmia.sp..E",0
"M_080","Mertensia.lanceolata","Osmia.subaustralis",0
"M_080","Mertensia.lanceolata","Bombus.insularis",0
"M_080","Mertensia.lanceolata","Colletes.sp",0
"M_080","Mertensia.lanceolata","Epeolus.sp",0
"M_080","Mertensia.lanceolata","Hoplitis.albifrons",0
"M_080","Mertensia.lanceolata","Hylaeus.annullatus",0
"M_080","Mertensia.lanceolata","Lasioglossum..Dialictus..perpunctatum",0
"M_080","Mertensia.lanceolata","Lasioglossum..Hemihalictus..spp",0
"M_080","Mertensia.lanceolata","Lasioglossum.heterorhinum",0
"M_080","Mertensia.lanceolata","Megachile.pugnata",0
"M_080","Mertensia.lanceolata","Nomada.spp",0
"M_080","Mertensia.lanceolata","Stelis.nitida",0
"M_080","Mertensia.lanceolata","Apis.mellifera",0
"M_080","Mertensia.lanceolata","Halictus.confusus",0
"M_080","Mertensia.lanceolata","Osmia.nigriventris",0
"M_080","Mertensia.lanceolata","Osmia.sp..C",0
"M_080","Mertensia.lanceolata","Osmia.sp..F",0
"M_080","Mertensia.lanceolata","Stelis.sp",0
"M_080","Mertensia.lanceolata","Anthophora.bomboides",0
"M_080","Mertensia.lanceolata","Anthophora.montana",0
"M_080","Mertensia.lanceolata","Anthophora.terminalis",0
"M_080","Mertensia.lanceolata","Anthophora.urbana",0
"M_080","Mertensia.lanceolata","Bombus.fernaldae",0
"M_080","Mertensia.lanceolata","Lasioglossum..Hemihalictus..sp",0
"M_080","Mertensia.lanceolata","Melissodes.sp..1",0
"M_080","Mertensia.lanceolata","Osmia.paradisica",0
"M_080","Mertensia.lanceolata","Andrena.crategi",0
"M_080","Mertensia.lanceolata","Andrena.sp..5",0
"M_080","Mertensia.lanceolata","Colletes.spp",1
"M_080","Mertensia.lanceolata","Hylaeus.basalis",0
"M_080","Mertensia.lanceolata","Hylaeus.coloradensis",0
"M_080","Rosa.woodsii","Agapostemon.angelicus.texanus",0
"M_080","Rosa.woodsii","Bombus.mixtus",0
"M_080","Rosa.woodsii","Halictus.tripartitus",0
"M_080","Rosa.woodsii","Hoplitis.fulgida",0
"M_080","Rosa.woodsii","Hoplitis.robusta",0
"M_080","Rosa.woodsii","Hylaeus.personatellus",0
"M_080","Rosa.woodsii","Lasioglossum..Dialictus..aff..knereri",0
"M_080","Rosa.woodsii","Lasioglossum..Dialictus..hudsoniellum",0
"M_080","Rosa.woodsii","Lasioglossum..Dialictus..lazulis",0
"M_080","Rosa.woodsii","Lasioglossum..Dialictus..mixed.spp",0
"M_080","Rosa.woodsii","Lasioglossum..Dialictus..ruidosense",2
"M_080","Rosa.woodsii","Lasioglossum.inconditum",0
"M_080","Rosa.woodsii","Lasioglossum.sp..1",0
"M_080","Rosa.woodsii","Melissodes.confusus",0
"M_080","Rosa.woodsii","Osmia.spp",0
"M_080","Rosa.woodsii","Panurginus.ineptus",12
"M_080","Rosa.woodsii","Panurginus.spp",0
"M_080","Rosa.woodsii","Andrena.medionitens",0
"M_080","Rosa.woodsii","Andrena.salicifloris",0
"M_080","Rosa.woodsii","Andrena.sp..2",0
"M_080","Rosa.woodsii","Andrena.sp..3",0
"M_080","Rosa.woodsii","Andrena.sp..A",0
"M_080","Rosa.woodsii","Andrena.sp..C",0
"M_080","Rosa.woodsii","Bombus.appositus",0
"M_080","Rosa.woodsii","Bombus.bifarius",2
"M_080","Rosa.woodsii","Bombus.californicus",0
"M_080","Rosa.woodsii","Bombus.flavifrons",0
"M_080","Rosa.woodsii","Bombus.melanopygus",1
"M_080","Rosa.woodsii","Bombus.nevadensis",0
"M_080","Rosa.woodsii","Bombus.occidentalis",1
"M_080","Rosa.woodsii","Bombus.rufocinctus",0
"M_080","Rosa.woodsii","Bombus.sylvicola",0
"M_080","Rosa.woodsii","Colletes.fulgidus",0
"M_080","Rosa.woodsii","Dufourea.fimbriata",1
"M_080","Rosa.woodsii","Dufourea.maura",0
"M_080","Rosa.woodsii","Halictus.ligatus",0
"M_080","Rosa.woodsii","Hylaeus.annulatus",0
"M_080","Rosa.woodsii","Lasioglossum..Dialictus..pruinosum",0
"M_080","Rosa.woodsii","Lasioglossum..Dialictus..semicaeruleum",0
"M_080","Rosa.woodsii","Lasioglossum..Dialictus..tenax",0
"M_080","Rosa.woodsii","Lasioglossum.sisymbrii",0
"M_080","Rosa.woodsii","Lasioglossum.sp",1
"M_080","Rosa.woodsii","Megachile.frigida",0
"M_080","Rosa.woodsii","Megachile.inermis",0
"M_080","Rosa.woodsii","Megachile.melanophaea",0
"M_080","Rosa.woodsii","Megachile.relativa",0
"M_080","Rosa.woodsii","Osmia.bucephala",0
"M_080","Rosa.woodsii","Osmia.sp..A",0
"M_080","Rosa.woodsii","Osmia.sp..B",0
"M_080","Rosa.woodsii","Panurginus.cressoniellus",1
"M_080","Rosa.woodsii","Pseudopanurgus.bakeri",0
"M_080","Rosa.woodsii","Pseudopanurgus.didirupa",0
"M_080","Rosa.woodsii","Sphecodes.sp",0
"M_080","Rosa.woodsii","Andrena.amphibola",0
"M_080","Rosa.woodsii","Andrena.angustitarsata",0
"M_080","Rosa.woodsii","Andrena.cyanophila",0
"M_080","Rosa.woodsii","Andrena.sp..9",0
"M_080","Rosa.woodsii","Andrena.thaspii",1
"M_080","Rosa.woodsii","Andrena.topazana",1
"M_080","Rosa.woodsii","Andrena.vicinoides",3
"M_080","Rosa.woodsii","Augochlorella.aurata",0
"M_080","Rosa.woodsii","Coelioxys.sodalis",0
"M_080","Rosa.woodsii","Colletes.nigrifrons",0
"M_080","Rosa.woodsii","Halictus.virgatellus",0
"M_080","Rosa.woodsii","Hylaeus.modestus",0
"M_080","Rosa.woodsii","Lasioglossum..Dialictus..pacatum",0
"M_080","Rosa.woodsii","Lasioglossum.aff..boreale",1
"M_080","Rosa.woodsii","Lasioglossum.foxii",0
"M_080","Rosa.woodsii","Osmia.inermis",1
"M_080","Rosa.woodsii","Osmia.pusilla",0
"M_080","Rosa.woodsii","Osmia.sp..D",0
"M_080","Rosa.woodsii","Osmia.sp..E",0
"M_080","Rosa.woodsii","Osmia.subaustralis",0
"M_080","Rosa.woodsii","Bombus.insularis",0
"M_080","Rosa.woodsii","Colletes.sp",0
"M_080","Rosa.woodsii","Epeolus.sp",0
"M_080","Rosa.woodsii","Hoplitis.albifrons",0
"M_080","Rosa.woodsii","Hylaeus.annullatus",1
"M_080","Rosa.woodsii","Lasioglossum..Dialictus..perpunctatum",0
"M_080","Rosa.woodsii","Lasioglossum..Hemihalictus..spp",0
"M_080","Rosa.woodsii","Lasioglossum.heterorhinum",0
"M_080","Rosa.woodsii","Megachile.pugnata",0
"M_080","Rosa.woodsii","Nomada.spp",0
"M_080","Rosa.woodsii","Stelis.nitida",0
"M_080","Rosa.woodsii","Apis.mellifera",0
"M_080","Rosa.woodsii","Halictus.confusus",0
"M_080","Rosa.woodsii","Osmia.nigriventris",0
"M_080","Rosa.woodsii","Osmia.sp..C",0
"M_080","Rosa.woodsii","Osmia.sp..F",0
"M_080","Rosa.woodsii","Stelis.sp",0
"M_080","Rosa.woodsii","Anthophora.bomboides",0
"M_080","Rosa.woodsii","Anthophora.montana",0
"M_080","Rosa.woodsii","Anthophora.terminalis",0
"M_080","Rosa.woodsii","Anthophora.urbana",0
"M_080","Rosa.woodsii","Bombus.fernaldae",0
"M_080","Rosa.woodsii","Lasioglossum..Hemihalictus..sp",1
"M_080","Rosa.woodsii","Melissodes.sp..1",0
"M_080","Rosa.woodsii","Osmia.paradisica",0
"M_080","Rosa.woodsii","Andrena.crategi",0
"M_080","Rosa.woodsii","Andrena.sp..5",1
"M_080","Rosa.woodsii","Colletes.spp",0
"M_080","Rosa.woodsii","Hylaeus.basalis",0
"M_080","Rosa.woodsii","Hylaeus.coloradensis",0
"M_080","Solidago.multiradiata","Agapostemon.angelicus.texanus",0
"M_080","Solidago.multiradiata","Bombus.mixtus",2
"M_080","Solidago.multiradiata","Halictus.tripartitus",0
"M_080","Solidago.multiradiata","Hoplitis.fulgida",0
"M_080","Solidago.multiradiata","Hoplitis.robusta",0
"M_080","Solidago.multiradiata","Hylaeus.personatellus",0
"M_080","Solidago.multiradiata","Lasioglossum..Dialictus..aff..knereri",0
"M_080","Solidago.multiradiata","Lasioglossum..Dialictus..hudsoniellum",0
"M_080","Solidago.multiradiata","Lasioglossum..Dialictus..lazulis",0
"M_080","Solidago.multiradiata","Lasioglossum..Dialictus..mixed.spp",0
"M_080","Solidago.multiradiata","Lasioglossum..Dialictus..ruidosense",0
"M_080","Solidago.multiradiata","Lasioglossum.inconditum",0
"M_080","Solidago.multiradiata","Lasioglossum.sp..1",0
"M_080","Solidago.multiradiata","Melissodes.confusus",0
"M_080","Solidago.multiradiata","Osmia.spp",0
"M_080","Solidago.multiradiata","Panurginus.ineptus",0
"M_080","Solidago.multiradiata","Panurginus.spp",0
"M_080","Solidago.multiradiata","Andrena.medionitens",0
"M_080","Solidago.multiradiata","Andrena.salicifloris",0
"M_080","Solidago.multiradiata","Andrena.sp..2",0
"M_080","Solidago.multiradiata","Andrena.sp..3",0
"M_080","Solidago.multiradiata","Andrena.sp..A",0
"M_080","Solidago.multiradiata","Andrena.sp..C",0
"M_080","Solidago.multiradiata","Bombus.appositus",0
"M_080","Solidago.multiradiata","Bombus.bifarius",5
"M_080","Solidago.multiradiata","Bombus.californicus",0
"M_080","Solidago.multiradiata","Bombus.flavifrons",0
"M_080","Solidago.multiradiata","Bombus.melanopygus",0
"M_080","Solidago.multiradiata","Bombus.nevadensis",0
"M_080","Solidago.multiradiata","Bombus.occidentalis",0
"M_080","Solidago.multiradiata","Bombus.rufocinctus",0
"M_080","Solidago.multiradiata","Bombus.sylvicola",0
"M_080","Solidago.multiradiata","Colletes.fulgidus",0
"M_080","Solidago.multiradiata","Dufourea.fimbriata",0
"M_080","Solidago.multiradiata","Dufourea.maura",0
"M_080","Solidago.multiradiata","Halictus.ligatus",0
"M_080","Solidago.multiradiata","Hylaeus.annulatus",0
"M_080","Solidago.multiradiata","Lasioglossum..Dialictus..pruinosum",0
"M_080","Solidago.multiradiata","Lasioglossum..Dialictus..semicaeruleum",0
"M_080","Solidago.multiradiata","Lasioglossum..Dialictus..tenax",0
"M_080","Solidago.multiradiata","Lasioglossum.sisymbrii",0
"M_080","Solidago.multiradiata","Lasioglossum.sp",0
"M_080","Solidago.multiradiata","Megachile.frigida",0
"M_080","Solidago.multiradiata","Megachile.inermis",0
"M_080","Solidago.multiradiata","Megachile.melanophaea",0
"M_080","Solidago.multiradiata","Megachile.relativa",0
"M_080","Solidago.multiradiata","Osmia.bucephala",0
"M_080","Solidago.multiradiata","Osmia.sp..A",0
"M_080","Solidago.multiradiata","Osmia.sp..B",0
"M_080","Solidago.multiradiata","Panurginus.cressoniellus",0
"M_080","Solidago.multiradiata","Pseudopanurgus.bakeri",0
"M_080","Solidago.multiradiata","Pseudopanurgus.didirupa",0
"M_080","Solidago.multiradiata","Sphecodes.sp",1
"M_080","Solidago.multiradiata","Andrena.amphibola",0
"M_080","Solidago.multiradiata","Andrena.angustitarsata",0
"M_080","Solidago.multiradiata","Andrena.cyanophila",0
"M_080","Solidago.multiradiata","Andrena.sp..9",0
"M_080","Solidago.multiradiata","Andrena.thaspii",0
"M_080","Solidago.multiradiata","Andrena.topazana",0
"M_080","Solidago.multiradiata","Andrena.vicinoides",0
"M_080","Solidago.multiradiata","Augochlorella.aurata",0
"M_080","Solidago.multiradiata","Coelioxys.sodalis",0
"M_080","Solidago.multiradiata","Colletes.nigrifrons",0
"M_080","Solidago.multiradiata","Halictus.virgatellus",0
"M_080","Solidago.multiradiata","Hylaeus.modestus",0
"M_080","Solidago.multiradiata","Lasioglossum..Dialictus..pacatum",0
"M_080","Solidago.multiradiata","Lasioglossum.aff..boreale",0
"M_080","Solidago.multiradiata","Lasioglossum.foxii",0
"M_080","Solidago.multiradiata","Osmia.inermis",0
"M_080","Solidago.multiradiata","Osmia.pusilla",0
"M_080","Solidago.multiradiata","Osmia.sp..D",0
"M_080","Solidago.multiradiata","Osmia.sp..E",0
"M_080","Solidago.multiradiata","Osmia.subaustralis",0
"M_080","Solidago.multiradiata","Bombus.insularis",0
"M_080","Solidago.multiradiata","Colletes.sp",0
"M_080","Solidago.multiradiata","Epeolus.sp",0
"M_080","Solidago.multiradiata","Hoplitis.albifrons",0
"M_080","Solidago.multiradiata","Hylaeus.annullatus",0
"M_080","Solidago.multiradiata","Lasioglossum..Dialictus..perpunctatum",0
"M_080","Solidago.multiradiata","Lasioglossum..Hemihalictus..spp",0
"M_080","Solidago.multiradiata","Lasioglossum.heterorhinum",0
"M_080","Solidago.multiradiata","Megachile.pugnata",0
"M_080","Solidago.multiradiata","Nomada.spp",0
"M_080","Solidago.multiradiata","Stelis.nitida",0
"M_080","Solidago.multiradiata","Apis.mellifera",0
"M_080","Solidago.multiradiata","Halictus.confusus",0
"M_080","Solidago.multiradiata","Osmia.nigriventris",0
"M_080","Solidago.multiradiata","Osmia.sp..C",0
"M_080","Solidago.multiradiata","Osmia.sp..F",0
"M_080","Solidago.multiradiata","Stelis.sp",0
"M_080","Solidago.multiradiata","Anthophora.bomboides",0
"M_080","Solidago.multiradiata","Anthophora.montana",0
"M_080","Solidago.multiradiata","Anthophora.terminalis",0
"M_080","Solidago.multiradiata","Anthophora.urbana",0
"M_080","Solidago.multiradiata","Bombus.fernaldae",0
"M_080","Solidago.multiradiata","Lasioglossum..Hemihalictus..sp",0
"M_080","Solidago.multiradiata","Melissodes.sp..1",0
"M_080","Solidago.multiradiata","Osmia.paradisica",0
"M_080","Solidago.multiradiata","Andrena.crategi",0
"M_080","Solidago.multiradiata","Andrena.sp..5",0
"M_080","Solidago.multiradiata","Colletes.spp",0
"M_080","Solidago.multiradiata","Hylaeus.basalis",0
"M_080","Solidago.multiradiata","Hylaeus.coloradensis",0
"M_080","Hypochaeris.radicata","Agapostemon.angelicus.texanus",0
"M_080","Hypochaeris.radicata","Bombus.mixtus",0
"M_080","Hypochaeris.radicata","Halictus.tripartitus",0
"M_080","Hypochaeris.radicata","Hoplitis.fulgida",0
"M_080","Hypochaeris.radicata","Hoplitis.robusta",0
"M_080","Hypochaeris.radicata","Hylaeus.personatellus",0
"M_080","Hypochaeris.radicata","Lasioglossum..Dialictus..aff..knereri",0
"M_080","Hypochaeris.radicata","Lasioglossum..Dialictus..hudsoniellum",0
"M_080","Hypochaeris.radicata","Lasioglossum..Dialictus..lazulis",0
"M_080","Hypochaeris.radicata","Lasioglossum..Dialictus..mixed.spp",0
"M_080","Hypochaeris.radicata","Lasioglossum..Dialictus..ruidosense",1
"M_080","Hypochaeris.radicata","Lasioglossum.inconditum",0
"M_080","Hypochaeris.radicata","Lasioglossum.sp..1",0
"M_080","Hypochaeris.radicata","Melissodes.confusus",0
"M_080","Hypochaeris.radicata","Osmia.spp",0
"M_080","Hypochaeris.radicata","Panurginus.ineptus",0
"M_080","Hypochaeris.radicata","Panurginus.spp",0
"M_080","Hypochaeris.radicata","Andrena.medionitens",0
"M_080","Hypochaeris.radicata","Andrena.salicifloris",0
"M_080","Hypochaeris.radicata","Andrena.sp..2",0
"M_080","Hypochaeris.radicata","Andrena.sp..3",0
"M_080","Hypochaeris.radicata","Andrena.sp..A",0
"M_080","Hypochaeris.radicata","Andrena.sp..C",0
"M_080","Hypochaeris.radicata","Bombus.appositus",1
"M_080","Hypochaeris.radicata","Bombus.bifarius",1
"M_080","Hypochaeris.radicata","Bombus.californicus",0
"M_080","Hypochaeris.radicata","Bombus.flavifrons",1
"M_080","Hypochaeris.radicata","Bombus.melanopygus",0
"M_080","Hypochaeris.radicata","Bombus.nevadensis",0
"M_080","Hypochaeris.radicata","Bombus.occidentalis",0
"M_080","Hypochaeris.radicata","Bombus.rufocinctus",0
"M_080","Hypochaeris.radicata","Bombus.sylvicola",0
"M_080","Hypochaeris.radicata","Colletes.fulgidus",0
"M_080","Hypochaeris.radicata","Dufourea.fimbriata",0
"M_080","Hypochaeris.radicata","Dufourea.maura",0
"M_080","Hypochaeris.radicata","Halictus.ligatus",0
"M_080","Hypochaeris.radicata","Hylaeus.annulatus",0
"M_080","Hypochaeris.radicata","Lasioglossum..Dialictus..pruinosum",0
"M_080","Hypochaeris.radicata","Lasioglossum..Dialictus..semicaeruleum",0
"M_080","Hypochaeris.radicata","Lasioglossum..Dialictus..tenax",1
"M_080","Hypochaeris.radicata","Lasioglossum.sisymbrii",0
"M_080","Hypochaeris.radicata","Lasioglossum.sp",0
"M_080","Hypochaeris.radicata","Megachile.frigida",0
"M_080","Hypochaeris.radicata","Megachile.inermis",0
"M_080","Hypochaeris.radicata","Megachile.melanophaea",0
"M_080","Hypochaeris.radicata","Megachile.relativa",0
"M_080","Hypochaeris.radicata","Osmia.bucephala",0
"M_080","Hypochaeris.radicata","Osmia.sp..A",0
"M_080","Hypochaeris.radicata","Osmia.sp..B",0
"M_080","Hypochaeris.radicata","Panurginus.cressoniellus",0
"M_080","Hypochaeris.radicata","Pseudopanurgus.bakeri",0
"M_080","Hypochaeris.radicata","Pseudopanurgus.didirupa",0
"M_080","Hypochaeris.radicata","Sphecodes.sp",0
"M_080","Hypochaeris.radicata","Andrena.amphibola",0
"M_080","Hypochaeris.radicata","Andrena.angustitarsata",0
"M_080","Hypochaeris.radicata","Andrena.cyanophila",0
"M_080","Hypochaeris.radicata","Andrena.sp..9",0
"M_080","Hypochaeris.radicata","Andrena.thaspii",0
"M_080","Hypochaeris.radicata","Andrena.topazana",0
"M_080","Hypochaeris.radicata","Andrena.vicinoides",0
"M_080","Hypochaeris.radicata","Augochlorella.aurata",0
"M_080","Hypochaeris.radicata","Coelioxys.sodalis",0
"M_080","Hypochaeris.radicata","Colletes.nigrifrons",0
"M_080","Hypochaeris.radicata","Halictus.virgatellus",0
"M_080","Hypochaeris.radicata","Hylaeus.modestus",0
"M_080","Hypochaeris.radicata","Lasioglossum..Dialictus..pacatum",0
"M_080","Hypochaeris.radicata","Lasioglossum.aff..boreale",0
"M_080","Hypochaeris.radicata","Lasioglossum.foxii",0
"M_080","Hypochaeris.radicata","Osmia.inermis",0
"M_080","Hypochaeris.radicata","Osmia.pusilla",0
"M_080","Hypochaeris.radicata","Osmia.sp..D",0
"M_080","Hypochaeris.radicata","Osmia.sp..E",0
"M_080","Hypochaeris.radicata","Osmia.subaustralis",0
"M_080","Hypochaeris.radicata","Bombus.insularis",0
"M_080","Hypochaeris.radicata","Colletes.sp",0
"M_080","Hypochaeris.radicata","Epeolus.sp",0
"M_080","Hypochaeris.radicata","Hoplitis.albifrons",0
"M_080","Hypochaeris.radicata","Hylaeus.annullatus",0
"M_080","Hypochaeris.radicata","Lasioglossum..Dialictus..perpunctatum",0
"M_080","Hypochaeris.radicata","Lasioglossum..Hemihalictus..spp",0
"M_080","Hypochaeris.radicata","Lasioglossum.heterorhinum",0
"M_080","Hypochaeris.radicata","Megachile.pugnata",0
"M_080","Hypochaeris.radicata","Nomada.spp",0
"M_080","Hypochaeris.radicata","Stelis.nitida",0
"M_080","Hypochaeris.radicata","Apis.mellifera",0
"M_080","Hypochaeris.radicata","Halictus.confusus",0
"M_080","Hypochaeris.radicata","Osmia.nigriventris",0
"M_080","Hypochaeris.radicata","Osmia.sp..C",0
"M_080","Hypochaeris.radicata","Osmia.sp..F",0
"M_080","Hypochaeris.radicata","Stelis.sp",0
"M_080","Hypochaeris.radicata","Anthophora.bomboides",0
"M_080","Hypochaeris.radicata","Anthophora.montana",0
"M_080","Hypochaeris.radicata","Anthophora.terminalis",0
"M_080","Hypochaeris.radicata","Anthophora.urbana",0
"M_080","Hypochaeris.radicata","Bombus.fernaldae",0
"M_080","Hypochaeris.radicata","Lasioglossum..Hemihalictus..sp",0
"M_080","Hypochaeris.radicata","Melissodes.sp..1",0
"M_080","Hypochaeris.radicata","Osmia.paradisica",0
"M_080","Hypochaeris.radicata","Andrena.crategi",0
"M_080","Hypochaeris.radicata","Andrena.sp..5",0
"M_080","Hypochaeris.radicata","Colletes.spp",0
"M_080","Hypochaeris.radicata","Hylaeus.basalis",0
"M_080","Hypochaeris.radicata","Hylaeus.coloradensis",0
"M_080","Geranium.richardsonii","Agapostemon.angelicus.texanus",0
"M_080","Geranium.richardsonii","Bombus.mixtus",1
"M_080","Geranium.richardsonii","Halictus.tripartitus",0
"M_080","Geranium.richardsonii","Hoplitis.fulgida",0
"M_080","Geranium.richardsonii","Hoplitis.robusta",0
"M_080","Geranium.richardsonii","Hylaeus.personatellus",0
"M_080","Geranium.richardsonii","Lasioglossum..Dialictus..aff..knereri",0
"M_080","Geranium.richardsonii","Lasioglossum..Dialictus..hudsoniellum",0
"M_080","Geranium.richardsonii","Lasioglossum..Dialictus..lazulis",0
"M_080","Geranium.richardsonii","Lasioglossum..Dialictus..mixed.spp",0
"M_080","Geranium.richardsonii","Lasioglossum..Dialictus..ruidosense",0
"M_080","Geranium.richardsonii","Lasioglossum.inconditum",0
"M_080","Geranium.richardsonii","Lasioglossum.sp..1",0
"M_080","Geranium.richardsonii","Melissodes.confusus",0
"M_080","Geranium.richardsonii","Osmia.spp",0
"M_080","Geranium.richardsonii","Panurginus.ineptus",0
"M_080","Geranium.richardsonii","Panurginus.spp",0
"M_080","Geranium.richardsonii","Andrena.medionitens",0
"M_080","Geranium.richardsonii","Andrena.salicifloris",0
"M_080","Geranium.richardsonii","Andrena.sp..2",0
"M_080","Geranium.richardsonii","Andrena.sp..3",0
"M_080","Geranium.richardsonii","Andrena.sp..A",0
"M_080","Geranium.richardsonii","Andrena.sp..C",0
"M_080","Geranium.richardsonii","Bombus.appositus",0
"M_080","Geranium.richardsonii","Bombus.bifarius",0
"M_080","Geranium.richardsonii","Bombus.californicus",0
"M_080","Geranium.richardsonii","Bombus.flavifrons",0
"M_080","Geranium.richardsonii","Bombus.melanopygus",0
"M_080","Geranium.richardsonii","Bombus.nevadensis",0
"M_080","Geranium.richardsonii","Bombus.occidentalis",0
"M_080","Geranium.richardsonii","Bombus.rufocinctus",0
"M_080","Geranium.richardsonii","Bombus.sylvicola",0
"M_080","Geranium.richardsonii","Colletes.fulgidus",0
"M_080","Geranium.richardsonii","Dufourea.fimbriata",0
"M_080","Geranium.richardsonii","Dufourea.maura",0
"M_080","Geranium.richardsonii","Halictus.ligatus",0
"M_080","Geranium.richardsonii","Hylaeus.annulatus",1
"M_080","Geranium.richardsonii","Lasioglossum..Dialictus..pruinosum",0
"M_080","Geranium.richardsonii","Lasioglossum..Dialictus..semicaeruleum",0
"M_080","Geranium.richardsonii","Lasioglossum..Dialictus..tenax",0
"M_080","Geranium.richardsonii","Lasioglossum.sisymbrii",0
"M_080","Geranium.richardsonii","Lasioglossum.sp",0
"M_080","Geranium.richardsonii","Megachile.frigida",0
"M_080","Geranium.richardsonii","Megachile.inermis",0
"M_080","Geranium.richardsonii","Megachile.melanophaea",0
"M_080","Geranium.richardsonii","Megachile.relativa",0
"M_080","Geranium.richardsonii","Osmia.bucephala",0
"M_080","Geranium.richardsonii","Osmia.sp..A",0
"M_080","Geranium.richardsonii","Osmia.sp..B",0
"M_080","Geranium.richardsonii","Panurginus.cressoniellus",0
"M_080","Geranium.richardsonii","Pseudopanurgus.bakeri",0
"M_080","Geranium.richardsonii","Pseudopanurgus.didirupa",0
"M_080","Geranium.richardsonii","Sphecodes.sp",0
"M_080","Geranium.richardsonii","Andrena.amphibola",0
"M_080","Geranium.richardsonii","Andrena.angustitarsata",0
"M_080","Geranium.richardsonii","Andrena.cyanophila",0
"M_080","Geranium.richardsonii","Andrena.sp..9",0
"M_080","Geranium.richardsonii","Andrena.thaspii",0
"M_080","Geranium.richardsonii","Andrena.topazana",0
"M_080","Geranium.richardsonii","Andrena.vicinoides",0
"M_080","Geranium.richardsonii","Augochlorella.aurata",0
"M_080","Geranium.richardsonii","Coelioxys.sodalis",0
"M_080","Geranium.richardsonii","Colletes.nigrifrons",0
"M_080","Geranium.richardsonii","Halictus.virgatellus",0
"M_080","Geranium.richardsonii","Hylaeus.modestus",0
"M_080","Geranium.richardsonii","Lasioglossum..Dialictus..pacatum",0
"M_080","Geranium.richardsonii","Lasioglossum.aff..boreale",0
"M_080","Geranium.richardsonii","Lasioglossum.foxii",0
"M_080","Geranium.richardsonii","Osmia.inermis",0
"M_080","Geranium.richardsonii","Osmia.pusilla",0
"M_080","Geranium.richardsonii","Osmia.sp..D",0
"M_080","Geranium.richardsonii","Osmia.sp..E",0
"M_080","Geranium.richardsonii","Osmia.subaustralis",0
"M_080","Geranium.richardsonii","Bombus.insularis",0
"M_080","Geranium.richardsonii","Colletes.sp",0
"M_080","Geranium.richardsonii","Epeolus.sp",0
"M_080","Geranium.richardsonii","Hoplitis.albifrons",0
"M_080","Geranium.richardsonii","Hylaeus.annullatus",0
"M_080","Geranium.richardsonii","Lasioglossum..Dialictus..perpunctatum",0
"M_080","Geranium.richardsonii","Lasioglossum..Hemihalictus..spp",0
"M_080","Geranium.richardsonii","Lasioglossum.heterorhinum",0
"M_080","Geranium.richardsonii","Megachile.pugnata",0
"M_080","Geranium.richardsonii","Nomada.spp",0
"M_080","Geranium.richardsonii","Stelis.nitida",0
"M_080","Geranium.richardsonii","Apis.mellifera",0
"M_080","Geranium.richardsonii","Halictus.confusus",0
"M_080","Geranium.richardsonii","Osmia.nigriventris",0
"M_080","Geranium.richardsonii","Osmia.sp..C",0
"M_080","Geranium.richardsonii","Osmia.sp..F",0
"M_080","Geranium.richardsonii","Stelis.sp",0
"M_080","Geranium.richardsonii","Anthophora.bomboides",0
"M_080","Geranium.richardsonii","Anthophora.montana",0
"M_080","Geranium.richardsonii","Anthophora.terminalis",0
"M_080","Geranium.richardsonii","Anthophora.urbana",0
"M_080","Geranium.richardsonii","Bombus.fernaldae",0
"M_080","Geranium.richardsonii","Lasioglossum..Hemihalictus..sp",0
"M_080","Geranium.richardsonii","Melissodes.sp..1",0
"M_080","Geranium.richardsonii","Osmia.paradisica",0
"M_080","Geranium.richardsonii","Andrena.crategi",0
"M_080","Geranium.richardsonii","Andrena.sp..5",0
"M_080","Geranium.richardsonii","Colletes.spp",0
"M_080","Geranium.richardsonii","Hylaeus.basalis",0
"M_080","Geranium.richardsonii","Hylaeus.coloradensis",0
"M_080","Ranunculus.inamoenus","Agapostemon.angelicus.texanus",0
"M_080","Ranunculus.inamoenus","Bombus.mixtus",0
"M_080","Ranunculus.inamoenus","Halictus.tripartitus",0
"M_080","Ranunculus.inamoenus","Hoplitis.fulgida",0
"M_080","Ranunculus.inamoenus","Hoplitis.robusta",0
"M_080","Ranunculus.inamoenus","Hylaeus.personatellus",0
"M_080","Ranunculus.inamoenus","Lasioglossum..Dialictus..aff..knereri",0
"M_080","Ranunculus.inamoenus","Lasioglossum..Dialictus..hudsoniellum",0
"M_080","Ranunculus.inamoenus","Lasioglossum..Dialictus..lazulis",0
"M_080","Ranunculus.inamoenus","Lasioglossum..Dialictus..mixed.spp",0
"M_080","Ranunculus.inamoenus","Lasioglossum..Dialictus..ruidosense",1
"M_080","Ranunculus.inamoenus","Lasioglossum.inconditum",0
"M_080","Ranunculus.inamoenus","Lasioglossum.sp..1",0
"M_080","Ranunculus.inamoenus","Melissodes.confusus",0
"M_080","Ranunculus.inamoenus","Osmia.spp",0
"M_080","Ranunculus.inamoenus","Panurginus.ineptus",0
"M_080","Ranunculus.inamoenus","Panurginus.spp",0
"M_080","Ranunculus.inamoenus","Andrena.medionitens",0
"M_080","Ranunculus.inamoenus","Andrena.salicifloris",0
"M_080","Ranunculus.inamoenus","Andrena.sp..2",0
"M_080","Ranunculus.inamoenus","Andrena.sp..3",0
"M_080","Ranunculus.inamoenus","Andrena.sp..A",0
"M_080","Ranunculus.inamoenus","Andrena.sp..C",0
"M_080","Ranunculus.inamoenus","Bombus.appositus",0
"M_080","Ranunculus.inamoenus","Bombus.bifarius",0
"M_080","Ranunculus.inamoenus","Bombus.californicus",0
"M_080","Ranunculus.inamoenus","Bombus.flavifrons",0
"M_080","Ranunculus.inamoenus","Bombus.melanopygus",0
"M_080","Ranunculus.inamoenus","Bombus.nevadensis",0
"M_080","Ranunculus.inamoenus","Bombus.occidentalis",0
"M_080","Ranunculus.inamoenus","Bombus.rufocinctus",0
"M_080","Ranunculus.inamoenus","Bombus.sylvicola",0
"M_080","Ranunculus.inamoenus","Colletes.fulgidus",0
"M_080","Ranunculus.inamoenus","Dufourea.fimbriata",0
"M_080","Ranunculus.inamoenus","Dufourea.maura",0
"M_080","Ranunculus.inamoenus","Halictus.ligatus",0
"M_080","Ranunculus.inamoenus","Hylaeus.annulatus",0
"M_080","Ranunculus.inamoenus","Lasioglossum..Dialictus..pruinosum",0
"M_080","Ranunculus.inamoenus","Lasioglossum..Dialictus..semicaeruleum",0
"M_080","Ranunculus.inamoenus","Lasioglossum..Dialictus..tenax",1
"M_080","Ranunculus.inamoenus","Lasioglossum.sisymbrii",0
"M_080","Ranunculus.inamoenus","Lasioglossum.sp",0
"M_080","Ranunculus.inamoenus","Megachile.frigida",0
"M_080","Ranunculus.inamoenus","Megachile.inermis",0
"M_080","Ranunculus.inamoenus","Megachile.melanophaea",0
"M_080","Ranunculus.inamoenus","Megachile.relativa",0
"M_080","Ranunculus.inamoenus","Osmia.bucephala",0
"M_080","Ranunculus.inamoenus","Osmia.sp..A",0
"M_080","Ranunculus.inamoenus","Osmia.sp..B",0
"M_080","Ranunculus.inamoenus","Panurginus.cressoniellus",0
"M_080","Ranunculus.inamoenus","Pseudopanurgus.bakeri",0
"M_080","Ranunculus.inamoenus","Pseudopanurgus.didirupa",0
"M_080","Ranunculus.inamoenus","Sphecodes.sp",0
"M_080","Ranunculus.inamoenus","Andrena.amphibola",0
"M_080","Ranunculus.inamoenus","Andrena.angustitarsata",0
"M_080","Ranunculus.inamoenus","Andrena.cyanophila",0
"M_080","Ranunculus.inamoenus","Andrena.sp..9",0
"M_080","Ranunculus.inamoenus","Andrena.thaspii",0
"M_080","Ranunculus.inamoenus","Andrena.topazana",0
"M_080","Ranunculus.inamoenus","Andrena.vicinoides",0
"M_080","Ranunculus.inamoenus","Augochlorella.aurata",0
"M_080","Ranunculus.inamoenus","Coelioxys.sodalis",0
"M_080","Ranunculus.inamoenus","Colletes.nigrifrons",0
"M_080","Ranunculus.inamoenus","Halictus.virgatellus",0
"M_080","Ranunculus.inamoenus","Hylaeus.modestus",0
"M_080","Ranunculus.inamoenus","Lasioglossum..Dialictus..pacatum",0
"M_080","Ranunculus.inamoenus","Lasioglossum.aff..boreale",0
"M_080","Ranunculus.inamoenus","Lasioglossum.foxii",0
"M_080","Ranunculus.inamoenus","Osmia.inermis",0
"M_080","Ranunculus.inamoenus","Osmia.pusilla",0
"M_080","Ranunculus.inamoenus","Osmia.sp..D",0
"M_080","Ranunculus.inamoenus","Osmia.sp..E",0
"M_080","Ranunculus.inamoenus","Osmia.subaustralis",0
"M_080","Ranunculus.inamoenus","Bombus.insularis",0
"M_080","Ranunculus.inamoenus","Colletes.sp",0
"M_080","Ranunculus.inamoenus","Epeolus.sp",0
"M_080","Ranunculus.inamoenus","Hoplitis.albifrons",0
"M_080","Ranunculus.inamoenus","Hylaeus.annullatus",0
"M_080","Ranunculus.inamoenus","Lasioglossum..Dialictus..perpunctatum",0
"M_080","Ranunculus.inamoenus","Lasioglossum..Hemihalictus..spp",0
"M_080","Ranunculus.inamoenus","Lasioglossum.heterorhinum",0
"M_080","Ranunculus.inamoenus","Megachile.pugnata",0
"M_080","Ranunculus.inamoenus","Nomada.spp",0
"M_080","Ranunculus.inamoenus","Stelis.nitida",0
"M_080","Ranunculus.inamoenus","Apis.mellifera",0
"M_080","Ranunculus.inamoenus","Halictus.confusus",0
"M_080","Ranunculus.inamoenus","Osmia.nigriventris",0
"M_080","Ranunculus.inamoenus","Osmia.sp..C",0
"M_080","Ranunculus.inamoenus","Osmia.sp..F",0
"M_080","Ranunculus.inamoenus","Stelis.sp",0
"M_080","Ranunculus.inamoenus","Anthophora.bomboides",0
"M_080","Ranunculus.inamoenus","Anthophora.montana",0
"M_080","Ranunculus.inamoenus","Anthophora.terminalis",0
"M_080","Ranunculus.inamoenus","Anthophora.urbana",0
"M_080","Ranunculus.inamoenus","Bombus.fernaldae",0
"M_080","Ranunculus.inamoenus","Lasioglossum..Hemihalictus..sp",0
"M_080","Ranunculus.inamoenus","Melissodes.sp..1",0
"M_080","Ranunculus.inamoenus","Osmia.paradisica",0
"M_080","Ranunculus.inamoenus","Andrena.crategi",0
"M_080","Ranunculus.inamoenus","Andrena.sp..5",0
"M_080","Ranunculus.inamoenus","Colletes.spp",0
"M_080","Ranunculus.inamoenus","Hylaeus.basalis",0
"M_080","Ranunculus.inamoenus","Hylaeus.coloradensis",0
"M_080","Solidago.simplex","Agapostemon.angelicus.texanus",0
"M_080","Solidago.simplex","Bombus.mixtus",0
"M_080","Solidago.simplex","Halictus.tripartitus",0
"M_080","Solidago.simplex","Hoplitis.fulgida",0
"M_080","Solidago.simplex","Hoplitis.robusta",0
"M_080","Solidago.simplex","Hylaeus.personatellus",0
"M_080","Solidago.simplex","Lasioglossum..Dialictus..aff..knereri",0
"M_080","Solidago.simplex","Lasioglossum..Dialictus..hudsoniellum",0
"M_080","Solidago.simplex","Lasioglossum..Dialictus..lazulis",0
"M_080","Solidago.simplex","Lasioglossum..Dialictus..mixed.spp",0
"M_080","Solidago.simplex","Lasioglossum..Dialictus..ruidosense",0
"M_080","Solidago.simplex","Lasioglossum.inconditum",0
"M_080","Solidago.simplex","Lasioglossum.sp..1",0
"M_080","Solidago.simplex","Melissodes.confusus",0
"M_080","Solidago.simplex","Osmia.spp",0
"M_080","Solidago.simplex","Panurginus.ineptus",0
"M_080","Solidago.simplex","Panurginus.spp",0
"M_080","Solidago.simplex","Andrena.medionitens",0
"M_080","Solidago.simplex","Andrena.salicifloris",0
"M_080","Solidago.simplex","Andrena.sp..2",0
"M_080","Solidago.simplex","Andrena.sp..3",0
"M_080","Solidago.simplex","Andrena.sp..A",0
"M_080","Solidago.simplex","Andrena.sp..C",0
"M_080","Solidago.simplex","Bombus.appositus",0
"M_080","Solidago.simplex","Bombus.bifarius",1
"M_080","Solidago.simplex","Bombus.californicus",0
"M_080","Solidago.simplex","Bombus.flavifrons",1
"M_080","Solidago.simplex","Bombus.melanopygus",0
"M_080","Solidago.simplex","Bombus.nevadensis",0
"M_080","Solidago.simplex","Bombus.occidentalis",0
"M_080","Solidago.simplex","Bombus.rufocinctus",0
"M_080","Solidago.simplex","Bombus.sylvicola",0
"M_080","Solidago.simplex","Colletes.fulgidus",0
"M_080","Solidago.simplex","Dufourea.fimbriata",0
"M_080","Solidago.simplex","Dufourea.maura",0
"M_080","Solidago.simplex","Halictus.ligatus",0
"M_080","Solidago.simplex","Hylaeus.annulatus",0
"M_080","Solidago.simplex","Lasioglossum..Dialictus..pruinosum",0
"M_080","Solidago.simplex","Lasioglossum..Dialictus..semicaeruleum",0
"M_080","Solidago.simplex","Lasioglossum..Dialictus..tenax",0
"M_080","Solidago.simplex","Lasioglossum.sisymbrii",0
"M_080","Solidago.simplex","Lasioglossum.sp",0
"M_080","Solidago.simplex","Megachile.frigida",0
"M_080","Solidago.simplex","Megachile.inermis",0
"M_080","Solidago.simplex","Megachile.melanophaea",0
"M_080","Solidago.simplex","Megachile.relativa",0
"M_080","Solidago.simplex","Osmia.bucephala",0
"M_080","Solidago.simplex","Osmia.sp..A",0
"M_080","Solidago.simplex","Osmia.sp..B",0
"M_080","Solidago.simplex","Panurginus.cressoniellus",0
"M_080","Solidago.simplex","Pseudopanurgus.bakeri",0
"M_080","Solidago.simplex","Pseudopanurgus.didirupa",0
"M_080","Solidago.simplex","Sphecodes.sp",0
"M_080","Solidago.simplex","Andrena.amphibola",0
"M_080","Solidago.simplex","Andrena.angustitarsata",0
"M_080","Solidago.simplex","Andrena.cyanophila",0
"M_080","Solidago.simplex","Andrena.sp..9",0
"M_080","Solidago.simplex","Andrena.thaspii",0
"M_080","Solidago.simplex","Andrena.topazana",0
"M_080","Solidago.simplex","Andrena.vicinoides",0
"M_080","Solidago.simplex","Augochlorella.aurata",0
"M_080","Solidago.simplex","Coelioxys.sodalis",0
"M_080","Solidago.simplex","Colletes.nigrifrons",0
"M_080","Solidago.simplex","Halictus.virgatellus",0
"M_080","Solidago.simplex","Hylaeus.modestus",0
"M_080","Solidago.simplex","Lasioglossum..Dialictus..pacatum",0
"M_080","Solidago.simplex","Lasioglossum.aff..boreale",0
"M_080","Solidago.simplex","Lasioglossum.foxii",0
"M_080","Solidago.simplex","Osmia.inermis",0
"M_080","Solidago.simplex","Osmia.pusilla",0
"M_080","Solidago.simplex","Osmia.sp..D",0
"M_080","Solidago.simplex","Osmia.sp..E",0
"M_080","Solidago.simplex","Osmia.subaustralis",0
"M_080","Solidago.simplex","Bombus.insularis",0
"M_080","Solidago.simplex","Colletes.sp",0
"M_080","Solidago.simplex","Epeolus.sp",0
"M_080","Solidago.simplex","Hoplitis.albifrons",0
"M_080","Solidago.simplex","Hylaeus.annullatus",0
"M_080","Solidago.simplex","Lasioglossum..Dialictus..perpunctatum",0
"M_080","Solidago.simplex","Lasioglossum..Hemihalictus..spp",0
"M_080","Solidago.simplex","Lasioglossum.heterorhinum",0
"M_080","Solidago.simplex","Megachile.pugnata",0
"M_080","Solidago.simplex","Nomada.spp",0
"M_080","Solidago.simplex","Stelis.nitida",0
"M_080","Solidago.simplex","Apis.mellifera",0
"M_080","Solidago.simplex","Halictus.confusus",0
"M_080","Solidago.simplex","Osmia.nigriventris",0
"M_080","Solidago.simplex","Osmia.sp..C",0
"M_080","Solidago.simplex","Osmia.sp..F",0
"M_080","Solidago.simplex","Stelis.sp",0
"M_080","Solidago.simplex","Anthophora.bomboides",0
"M_080","Solidago.simplex","Anthophora.montana",0
"M_080","Solidago.simplex","Anthophora.terminalis",0
"M_080","Solidago.simplex","Anthophora.urbana",0
"M_080","Solidago.simplex","Bombus.fernaldae",0
"M_080","Solidago.simplex","Lasioglossum..Hemihalictus..sp",0
"M_080","Solidago.simplex","Melissodes.sp..1",0
"M_080","Solidago.simplex","Osmia.paradisica",0
"M_080","Solidago.simplex","Andrena.crategi",0
"M_080","Solidago.simplex","Andrena.sp..5",0
"M_080","Solidago.simplex","Colletes.spp",0
"M_080","Solidago.simplex","Hylaeus.basalis",0
"M_080","Solidago.simplex","Hylaeus.coloradensis",0
"M_080","Trifolium.pratense","Agapostemon.angelicus.texanus",0
"M_080","Trifolium.pratense","Bombus.mixtus",0
"M_080","Trifolium.pratense","Halictus.tripartitus",0
"M_080","Trifolium.pratense","Hoplitis.fulgida",0
"M_080","Trifolium.pratense","Hoplitis.robusta",0
"M_080","Trifolium.pratense","Hylaeus.personatellus",0
"M_080","Trifolium.pratense","Lasioglossum..Dialictus..aff..knereri",0
"M_080","Trifolium.pratense","Lasioglossum..Dialictus..hudsoniellum",0
"M_080","Trifolium.pratense","Lasioglossum..Dialictus..lazulis",0
"M_080","Trifolium.pratense","Lasioglossum..Dialictus..mixed.spp",0
"M_080","Trifolium.pratense","Lasioglossum..Dialictus..ruidosense",0
"M_080","Trifolium.pratense","Lasioglossum.inconditum",0
"M_080","Trifolium.pratense","Lasioglossum.sp..1",0
"M_080","Trifolium.pratense","Melissodes.confusus",0
"M_080","Trifolium.pratense","Osmia.spp",0
"M_080","Trifolium.pratense","Panurginus.ineptus",0
"M_080","Trifolium.pratense","Panurginus.spp",0
"M_080","Trifolium.pratense","Andrena.medionitens",0
"M_080","Trifolium.pratense","Andrena.salicifloris",0
"M_080","Trifolium.pratense","Andrena.sp..2",0
"M_080","Trifolium.pratense","Andrena.sp..3",0
"M_080","Trifolium.pratense","Andrena.sp..A",0
"M_080","Trifolium.pratense","Andrena.sp..C",0
"M_080","Trifolium.pratense","Bombus.appositus",2
"M_080","Trifolium.pratense","Bombus.bifarius",0
"M_080","Trifolium.pratense","Bombus.californicus",0
"M_080","Trifolium.pratense","Bombus.flavifrons",1
"M_080","Trifolium.pratense","Bombus.melanopygus",0
"M_080","Trifolium.pratense","Bombus.nevadensis",0
"M_080","Trifolium.pratense","Bombus.occidentalis",0
"M_080","Trifolium.pratense","Bombus.rufocinctus",0
"M_080","Trifolium.pratense","Bombus.sylvicola",0
"M_080","Trifolium.pratense","Colletes.fulgidus",0
"M_080","Trifolium.pratense","Dufourea.fimbriata",0
"M_080","Trifolium.pratense","Dufourea.maura",0
"M_080","Trifolium.pratense","Halictus.ligatus",0
"M_080","Trifolium.pratense","Hylaeus.annulatus",0
"M_080","Trifolium.pratense","Lasioglossum..Dialictus..pruinosum",0
"M_080","Trifolium.pratense","Lasioglossum..Dialictus..semicaeruleum",0
"M_080","Trifolium.pratense","Lasioglossum..Dialictus..tenax",0
"M_080","Trifolium.pratense","Lasioglossum.sisymbrii",0
"M_080","Trifolium.pratense","Lasioglossum.sp",0
"M_080","Trifolium.pratense","Megachile.frigida",0
"M_080","Trifolium.pratense","Megachile.inermis",0
"M_080","Trifolium.pratense","Megachile.melanophaea",0
"M_080","Trifolium.pratense","Megachile.relativa",0
"M_080","Trifolium.pratense","Osmia.bucephala",0
"M_080","Trifolium.pratense","Osmia.sp..A",0
"M_080","Trifolium.pratense","Osmia.sp..B",0
"M_080","Trifolium.pratense","Panurginus.cressoniellus",0
"M_080","Trifolium.pratense","Pseudopanurgus.bakeri",0
"M_080","Trifolium.pratense","Pseudopanurgus.didirupa",0
"M_080","Trifolium.pratense","Sphecodes.sp",0
"M_080","Trifolium.pratense","Andrena.amphibola",0
"M_080","Trifolium.pratense","Andrena.angustitarsata",0
"M_080","Trifolium.pratense","Andrena.cyanophila",0
"M_080","Trifolium.pratense","Andrena.sp..9",0
"M_080","Trifolium.pratense","Andrena.thaspii",0
"M_080","Trifolium.pratense","Andrena.topazana",0
"M_080","Trifolium.pratense","Andrena.vicinoides",0
"M_080","Trifolium.pratense","Augochlorella.aurata",0
"M_080","Trifolium.pratense","Coelioxys.sodalis",0
"M_080","Trifolium.pratense","Colletes.nigrifrons",0
"M_080","Trifolium.pratense","Halictus.virgatellus",0
"M_080","Trifolium.pratense","Hylaeus.modestus",0
"M_080","Trifolium.pratense","Lasioglossum..Dialictus..pacatum",0
"M_080","Trifolium.pratense","Lasioglossum.aff..boreale",0
"M_080","Trifolium.pratense","Lasioglossum.foxii",0
"M_080","Trifolium.pratense","Osmia.inermis",0
"M_080","Trifolium.pratense","Osmia.pusilla",0
"M_080","Trifolium.pratense","Osmia.sp..D",0
"M_080","Trifolium.pratense","Osmia.sp..E",0
"M_080","Trifolium.pratense","Osmia.subaustralis",0
"M_080","Trifolium.pratense","Bombus.insularis",0
"M_080","Trifolium.pratense","Colletes.sp",0
"M_080","Trifolium.pratense","Epeolus.sp",0
"M_080","Trifolium.pratense","Hoplitis.albifrons",0
"M_080","Trifolium.pratense","Hylaeus.annullatus",0
"M_080","Trifolium.pratense","Lasioglossum..Dialictus..perpunctatum",0
"M_080","Trifolium.pratense","Lasioglossum..Hemihalictus..spp",0
"M_080","Trifolium.pratense","Lasioglossum.heterorhinum",0
"M_080","Trifolium.pratense","Megachile.pugnata",0
"M_080","Trifolium.pratense","Nomada.spp",0
"M_080","Trifolium.pratense","Stelis.nitida",0
"M_080","Trifolium.pratense","Apis.mellifera",0
"M_080","Trifolium.pratense","Halictus.confusus",0
"M_080","Trifolium.pratense","Osmia.nigriventris",0
"M_080","Trifolium.pratense","Osmia.sp..C",0
"M_080","Trifolium.pratense","Osmia.sp..F",0
"M_080","Trifolium.pratense","Stelis.sp",0
"M_080","Trifolium.pratense","Anthophora.bomboides",0
"M_080","Trifolium.pratense","Anthophora.montana",0
"M_080","Trifolium.pratense","Anthophora.terminalis",0
"M_080","Trifolium.pratense","Anthophora.urbana",0
"M_080","Trifolium.pratense","Bombus.fernaldae",0
"M_080","Trifolium.pratense","Lasioglossum..Hemihalictus..sp",0
"M_080","Trifolium.pratense","Melissodes.sp..1",0
"M_080","Trifolium.pratense","Osmia.paradisica",0
"M_080","Trifolium.pratense","Andrena.crategi",0
"M_080","Trifolium.pratense","Andrena.sp..5",0
"M_080","Trifolium.pratense","Colletes.spp",0
"M_080","Trifolium.pratense","Hylaeus.basalis",0
"M_080","Trifolium.pratense","Hylaeus.coloradensis",0
"M_080","Orthocarpus.luteus","Agapostemon.angelicus.texanus",0
"M_080","Orthocarpus.luteus","Bombus.mixtus",0
"M_080","Orthocarpus.luteus","Halictus.tripartitus",0
"M_080","Orthocarpus.luteus","Hoplitis.fulgida",0
"M_080","Orthocarpus.luteus","Hoplitis.robusta",0
"M_080","Orthocarpus.luteus","Hylaeus.personatellus",0
"M_080","Orthocarpus.luteus","Lasioglossum..Dialictus..aff..knereri",0
"M_080","Orthocarpus.luteus","Lasioglossum..Dialictus..hudsoniellum",0
"M_080","Orthocarpus.luteus","Lasioglossum..Dialictus..lazulis",0
"M_080","Orthocarpus.luteus","Lasioglossum..Dialictus..mixed.spp",0
"M_080","Orthocarpus.luteus","Lasioglossum..Dialictus..ruidosense",0
"M_080","Orthocarpus.luteus","Lasioglossum.inconditum",0
"M_080","Orthocarpus.luteus","Lasioglossum.sp..1",0
"M_080","Orthocarpus.luteus","Melissodes.confusus",0
"M_080","Orthocarpus.luteus","Osmia.spp",0
"M_080","Orthocarpus.luteus","Panurginus.ineptus",0
"M_080","Orthocarpus.luteus","Panurginus.spp",0
"M_080","Orthocarpus.luteus","Andrena.medionitens",0
"M_080","Orthocarpus.luteus","Andrena.salicifloris",0
"M_080","Orthocarpus.luteus","Andrena.sp..2",0
"M_080","Orthocarpus.luteus","Andrena.sp..3",0
"M_080","Orthocarpus.luteus","Andrena.sp..A",0
"M_080","Orthocarpus.luteus","Andrena.sp..C",0
"M_080","Orthocarpus.luteus","Bombus.appositus",0
"M_080","Orthocarpus.luteus","Bombus.bifarius",4
"M_080","Orthocarpus.luteus","Bombus.californicus",0
"M_080","Orthocarpus.luteus","Bombus.flavifrons",0
"M_080","Orthocarpus.luteus","Bombus.melanopygus",0
"M_080","Orthocarpus.luteus","Bombus.nevadensis",0
"M_080","Orthocarpus.luteus","Bombus.occidentalis",0
"M_080","Orthocarpus.luteus","Bombus.rufocinctus",0
"M_080","Orthocarpus.luteus","Bombus.sylvicola",0
"M_080","Orthocarpus.luteus","Colletes.fulgidus",0
"M_080","Orthocarpus.luteus","Dufourea.fimbriata",0
"M_080","Orthocarpus.luteus","Dufourea.maura",0
"M_080","Orthocarpus.luteus","Halictus.ligatus",0
"M_080","Orthocarpus.luteus","Hylaeus.annulatus",0
"M_080","Orthocarpus.luteus","Lasioglossum..Dialictus..pruinosum",0
"M_080","Orthocarpus.luteus","Lasioglossum..Dialictus..semicaeruleum",0
"M_080","Orthocarpus.luteus","Lasioglossum..Dialictus..tenax",0
"M_080","Orthocarpus.luteus","Lasioglossum.sisymbrii",0
"M_080","Orthocarpus.luteus","Lasioglossum.sp",0
"M_080","Orthocarpus.luteus","Megachile.frigida",0
"M_080","Orthocarpus.luteus","Megachile.inermis",0
"M_080","Orthocarpus.luteus","Megachile.melanophaea",0
"M_080","Orthocarpus.luteus","Megachile.relativa",0
"M_080","Orthocarpus.luteus","Osmia.bucephala",0
"M_080","Orthocarpus.luteus","Osmia.sp..A",0
"M_080","Orthocarpus.luteus","Osmia.sp..B",0
"M_080","Orthocarpus.luteus","Panurginus.cressoniellus",0
"M_080","Orthocarpus.luteus","Pseudopanurgus.bakeri",0
"M_080","Orthocarpus.luteus","Pseudopanurgus.didirupa",0
"M_080","Orthocarpus.luteus","Sphecodes.sp",0
"M_080","Orthocarpus.luteus","Andrena.amphibola",0
"M_080","Orthocarpus.luteus","Andrena.angustitarsata",0
"M_080","Orthocarpus.luteus","Andrena.cyanophila",0
"M_080","Orthocarpus.luteus","Andrena.sp..9",0
"M_080","Orthocarpus.luteus","Andrena.thaspii",0
"M_080","Orthocarpus.luteus","Andrena.topazana",0
"M_080","Orthocarpus.luteus","Andrena.vicinoides",0
"M_080","Orthocarpus.luteus","Augochlorella.aurata",0
"M_080","Orthocarpus.luteus","Coelioxys.sodalis",0
"M_080","Orthocarpus.luteus","Colletes.nigrifrons",0
"M_080","Orthocarpus.luteus","Halictus.virgatellus",0
"M_080","Orthocarpus.luteus","Hylaeus.modestus",0
"M_080","Orthocarpus.luteus","Lasioglossum..Dialictus..pacatum",0
"M_080","Orthocarpus.luteus","Lasioglossum.aff..boreale",0
"M_080","Orthocarpus.luteus","Lasioglossum.foxii",0
"M_080","Orthocarpus.luteus","Osmia.inermis",0
"M_080","Orthocarpus.luteus","Osmia.pusilla",0
"M_080","Orthocarpus.luteus","Osmia.sp..D",0
"M_080","Orthocarpus.luteus","Osmia.sp..E",0
"M_080","Orthocarpus.luteus","Osmia.subaustralis",0
"M_080","Orthocarpus.luteus","Bombus.insularis",0
"M_080","Orthocarpus.luteus","Colletes.sp",0
"M_080","Orthocarpus.luteus","Epeolus.sp",0
"M_080","Orthocarpus.luteus","Hoplitis.albifrons",0
"M_080","Orthocarpus.luteus","Hylaeus.annullatus",0
"M_080","Orthocarpus.luteus","Lasioglossum..Dialictus..perpunctatum",0
"M_080","Orthocarpus.luteus","Lasioglossum..Hemihalictus..spp",0
"M_080","Orthocarpus.luteus","Lasioglossum.heterorhinum",0
"M_080","Orthocarpus.luteus","Megachile.pugnata",0
"M_080","Orthocarpus.luteus","Nomada.spp",0
"M_080","Orthocarpus.luteus","Stelis.nitida",0
"M_080","Orthocarpus.luteus","Apis.mellifera",0
"M_080","Orthocarpus.luteus","Halictus.confusus",0
"M_080","Orthocarpus.luteus","Osmia.nigriventris",0
"M_080","Orthocarpus.luteus","Osmia.sp..C",0
"M_080","Orthocarpus.luteus","Osmia.sp..F",0
"M_080","Orthocarpus.luteus","Stelis.sp",0
"M_080","Orthocarpus.luteus","Anthophora.bomboides",0
"M_080","Orthocarpus.luteus","Anthophora.montana",0
"M_080","Orthocarpus.luteus","Anthophora.terminalis",0
"M_080","Orthocarpus.luteus","Anthophora.urbana",0
"M_080","Orthocarpus.luteus","Bombus.fernaldae",0
"M_080","Orthocarpus.luteus","Lasioglossum..Hemihalictus..sp",0
"M_080","Orthocarpus.luteus","Melissodes.sp..1",0
"M_080","Orthocarpus.luteus","Osmia.paradisica",0
"M_080","Orthocarpus.luteus","Andrena.crategi",0
"M_080","Orthocarpus.luteus","Andrena.sp..5",0
"M_080","Orthocarpus.luteus","Colletes.spp",0
"M_080","Orthocarpus.luteus","Hylaeus.basalis",0
"M_080","Orthocarpus.luteus","Hylaeus.coloradensis",0
"M_080","Phacelia.heterophylla","Agapostemon.angelicus.texanus",0
"M_080","Phacelia.heterophylla","Bombus.mixtus",0
"M_080","Phacelia.heterophylla","Halictus.tripartitus",0
"M_080","Phacelia.heterophylla","Hoplitis.fulgida",1
"M_080","Phacelia.heterophylla","Hoplitis.robusta",0
"M_080","Phacelia.heterophylla","Hylaeus.personatellus",0
"M_080","Phacelia.heterophylla","Lasioglossum..Dialictus..aff..knereri",0
"M_080","Phacelia.heterophylla","Lasioglossum..Dialictus..hudsoniellum",0
"M_080","Phacelia.heterophylla","Lasioglossum..Dialictus..lazulis",0
"M_080","Phacelia.heterophylla","Lasioglossum..Dialictus..mixed.spp",0
"M_080","Phacelia.heterophylla","Lasioglossum..Dialictus..ruidosense",0
"M_080","Phacelia.heterophylla","Lasioglossum.inconditum",0
"M_080","Phacelia.heterophylla","Lasioglossum.sp..1",0
"M_080","Phacelia.heterophylla","Melissodes.confusus",0
"M_080","Phacelia.heterophylla","Osmia.spp",0
"M_080","Phacelia.heterophylla","Panurginus.ineptus",0
"M_080","Phacelia.heterophylla","Panurginus.spp",0
"M_080","Phacelia.heterophylla","Andrena.medionitens",0
"M_080","Phacelia.heterophylla","Andrena.salicifloris",0
"M_080","Phacelia.heterophylla","Andrena.sp..2",0
"M_080","Phacelia.heterophylla","Andrena.sp..3",0
"M_080","Phacelia.heterophylla","Andrena.sp..A",0
"M_080","Phacelia.heterophylla","Andrena.sp..C",0
"M_080","Phacelia.heterophylla","Bombus.appositus",0
"M_080","Phacelia.heterophylla","Bombus.bifarius",0
"M_080","Phacelia.heterophylla","Bombus.californicus",0
"M_080","Phacelia.heterophylla","Bombus.flavifrons",3
"M_080","Phacelia.heterophylla","Bombus.melanopygus",0
"M_080","Phacelia.heterophylla","Bombus.nevadensis",0
"M_080","Phacelia.heterophylla","Bombus.occidentalis",0
"M_080","Phacelia.heterophylla","Bombus.rufocinctus",0
"M_080","Phacelia.heterophylla","Bombus.sylvicola",0
"M_080","Phacelia.heterophylla","Colletes.fulgidus",0
"M_080","Phacelia.heterophylla","Dufourea.fimbriata",0
"M_080","Phacelia.heterophylla","Dufourea.maura",0
"M_080","Phacelia.heterophylla","Halictus.ligatus",0
"M_080","Phacelia.heterophylla","Hylaeus.annulatus",3
"M_080","Phacelia.heterophylla","Lasioglossum..Dialictus..pruinosum",0
"M_080","Phacelia.heterophylla","Lasioglossum..Dialictus..semicaeruleum",0
"M_080","Phacelia.heterophylla","Lasioglossum..Dialictus..tenax",0
"M_080","Phacelia.heterophylla","Lasioglossum.sisymbrii",0
"M_080","Phacelia.heterophylla","Lasioglossum.sp",0
"M_080","Phacelia.heterophylla","Megachile.frigida",0
"M_080","Phacelia.heterophylla","Megachile.inermis",0
"M_080","Phacelia.heterophylla","Megachile.melanophaea",0
"M_080","Phacelia.heterophylla","Megachile.relativa",0
"M_080","Phacelia.heterophylla","Osmia.bucephala",0
"M_080","Phacelia.heterophylla","Osmia.sp..A",0
"M_080","Phacelia.heterophylla","Osmia.sp..B",0
"M_080","Phacelia.heterophylla","Panurginus.cressoniellus",0
"M_080","Phacelia.heterophylla","Pseudopanurgus.bakeri",0
"M_080","Phacelia.heterophylla","Pseudopanurgus.didirupa",0
"M_080","Phacelia.heterophylla","Sphecodes.sp",0
"M_080","Phacelia.heterophylla","Andrena.amphibola",0
"M_080","Phacelia.heterophylla","Andrena.angustitarsata",0
"M_080","Phacelia.heterophylla","Andrena.cyanophila",0
"M_080","Phacelia.heterophylla","Andrena.sp..9",0
"M_080","Phacelia.heterophylla","Andrena.thaspii",0
"M_080","Phacelia.heterophylla","Andrena.topazana",0
"M_080","Phacelia.heterophylla","Andrena.vicinoides",0
"M_080","Phacelia.heterophylla","Augochlorella.aurata",0
"M_080","Phacelia.heterophylla","Coelioxys.sodalis",0
"M_080","Phacelia.heterophylla","Colletes.nigrifrons",0
"M_080","Phacelia.heterophylla","Halictus.virgatellus",0
"M_080","Phacelia.heterophylla","Hylaeus.modestus",0
"M_080","Phacelia.heterophylla","Lasioglossum..Dialictus..pacatum",0
"M_080","Phacelia.heterophylla","Lasioglossum.aff..boreale",0
"M_080","Phacelia.heterophylla","Lasioglossum.foxii",0
"M_080","Phacelia.heterophylla","Osmia.inermis",0
"M_080","Phacelia.heterophylla","Osmia.pusilla",0
"M_080","Phacelia.heterophylla","Osmia.sp..D",0
"M_080","Phacelia.heterophylla","Osmia.sp..E",0
"M_080","Phacelia.heterophylla","Osmia.subaustralis",0
"M_080","Phacelia.heterophylla","Bombus.insularis",0
"M_080","Phacelia.heterophylla","Colletes.sp",0
"M_080","Phacelia.heterophylla","Epeolus.sp",0
"M_080","Phacelia.heterophylla","Hoplitis.albifrons",0
"M_080","Phacelia.heterophylla","Hylaeus.annullatus",0
"M_080","Phacelia.heterophylla","Lasioglossum..Dialictus..perpunctatum",0
"M_080","Phacelia.heterophylla","Lasioglossum..Hemihalictus..spp",0
"M_080","Phacelia.heterophylla","Lasioglossum.heterorhinum",0
"M_080","Phacelia.heterophylla","Megachile.pugnata",0
"M_080","Phacelia.heterophylla","Nomada.spp",0
"M_080","Phacelia.heterophylla","Stelis.nitida",0
"M_080","Phacelia.heterophylla","Apis.mellifera",0
"M_080","Phacelia.heterophylla","Halictus.confusus",0
"M_080","Phacelia.heterophylla","Osmia.nigriventris",1
"M_080","Phacelia.heterophylla","Osmia.sp..C",0
"M_080","Phacelia.heterophylla","Osmia.sp..F",0
"M_080","Phacelia.heterophylla","Stelis.sp",0
"M_080","Phacelia.heterophylla","Anthophora.bomboides",0
"M_080","Phacelia.heterophylla","Anthophora.montana",0
"M_080","Phacelia.heterophylla","Anthophora.terminalis",0
"M_080","Phacelia.heterophylla","Anthophora.urbana",0
"M_080","Phacelia.heterophylla","Bombus.fernaldae",0
"M_080","Phacelia.heterophylla","Lasioglossum..Hemihalictus..sp",0
"M_080","Phacelia.heterophylla","Melissodes.sp..1",0
"M_080","Phacelia.heterophylla","Osmia.paradisica",0
"M_080","Phacelia.heterophylla","Andrena.crategi",0
"M_080","Phacelia.heterophylla","Andrena.sp..5",0
"M_080","Phacelia.heterophylla","Colletes.spp",0
"M_080","Phacelia.heterophylla","Hylaeus.basalis",0
"M_080","Phacelia.heterophylla","Hylaeus.coloradensis",0
