"ID","plantas","especie","interaccion"
"M_079","acantholippia.seriphioides","Acalyptratae.sp2",0
"M_079","acantholippia.seriphioides","Acalyptratae.sp4",0
"M_079","acantholippia.seriphioides","Acromyrmex.lobicornis",0
"M_079","acantholippia.seriphioides","Alloscirtetica.brethesi",0
"M_079","acantholippia.seriphioides","Alloscirtetica.sp1",0
"M_079","acantholippia.seriphioides","Ammophila.sp",20
"M_079","acantholippia.seriphioides","Ananthidium.inerme",0
"M_079","acantholippia.seriphioides","Anthidium.friesei",0
"M_079","acantholippia.seriphioides","Anthrax.oedipus",0
"M_079","acantholippia.seriphioides","Anthidium.rubripes",0
"M_079","acantholippia.seriphioides","Anthidium.vigintipunctatum",0
"M_079","acantholippia.seriphioides","Anthomyiidae.sp1",0
"M_079","acantholippia.seriphioides","Apis.mellifera",0
"M_079","acantholippia.seriphioides","Arhysosage.bifasciata",0
"M_079","acantholippia.seriphioides","Aristosyrphus.sp",0
"M_079","acantholippia.seriphioides","Ascia.monuste",0
"M_079","acantholippia.seriphioides","Asilidae.sp1",0
"M_079","acantholippia.seriphioides","Asilidae.sp2",0
"M_079","acantholippia.seriphioides","Audre.sp",3
"M_079","acantholippia.seriphioides","Augochloropsis.sp",45
"M_079","acantholippia.seriphioides","Babia.elongata",0
"M_079","acantholippia.seriphioides","Bibionidae.sp",1
"M_079","acantholippia.seriphioides","Bombus.opifex",0
"M_079","acantholippia.seriphioides","Exoprosopa.sp1",46
"M_079","acantholippia.seriphioides","Exoprosopa.sp2",29
"M_079","acantholippia.seriphioides","Bombyliidae.sp12",0
"M_079","acantholippia.seriphioides","Bombyliidae.sp14",0
"M_079","acantholippia.seriphioides","Bombyliidae.sp15",0
"M_079","acantholippia.seriphioides","Bombyliidae.sp16",0
"M_079","acantholippia.seriphioides","Chrysanthrax.sp2",55
"M_079","acantholippia.seriphioides","Bombilidae.sp5",0
"M_079","acantholippia.seriphioides","Parasystoechus.sp",6
"M_079","acantholippia.seriphioides","Poecilognathus.sp",0
"M_079","acantholippia.seriphioides","Bombyliidae.sp9",2
"M_079","acantholippia.seriphioides","Caenohalictus.sp",0
"M_079","acantholippia.seriphioides","Calliopsini.sp1",0
"M_079","acantholippia.seriphioides","Camponotus.mus",6
"M_079","acantholippia.seriphioides","Camponotus.punctulatus",0
"M_079","acantholippia.seriphioides","Centris.brethesi",0
"M_079","acantholippia.seriphioides","Centris.lyngbyei",15
"M_079","acantholippia.seriphioides","Centris.vardyorum",0
"M_079","acantholippia.seriphioides","Chaetocrania.sp",1
"M_079","acantholippia.seriphioides","Cochliomyia.macellaria",0
"M_079","acantholippia.seriphioides","Coccinelidae.sp1",0
"M_079","acantholippia.seriphioides","Coccinela.sp2",0
"M_079","acantholippia.seriphioides","Coelioxys.chilensis",0
"M_079","acantholippia.seriphioides","Coelioxys.jorgenseni",0
"M_079","acantholippia.seriphioides","Coelioxys.sp6",0
"M_079","acantholippia.seriphioides","Colletes.araucariae",0
"M_079","acantholippia.seriphioides","Colletes.bicolor",0
"M_079","acantholippia.seriphioides","Colletes.brethesi",0
"M_079","acantholippia.seriphioides","Colletes.cognatus",0
"M_079","acantholippia.seriphioides","Colletes.lycii",0
"M_079","acantholippia.seriphioides","Compsomyiops.fulvicrura",0
"M_079","acantholippia.seriphioides","Copestilum.aricia",47
"M_079","acantholippia.seriphioides","Copestilum.sp2",35
"M_079","acantholippia.seriphioides","Copestilum.sp3",0
"M_079","acantholippia.seriphioides","Cosmosatyrus.chilensis",0
"M_079","acantholippia.seriphioides","Crabronidae.sp1",0
"M_079","acantholippia.seriphioides","Diadasia.baraderensis",0
"M_079","acantholippia.seriphioides","Diadasia.patagonica",0
"M_079","acantholippia.seriphioides","Diabrotica.sp",5
"M_079","acantholippia.seriphioides","Dialictus.sp",3
"M_079","acantholippia.seriphioides","Empididae.sp1",0
"M_079","acantholippia.seriphioides","Empididae.sp2",5
"M_079","acantholippia.seriphioides","Epitragus.sp",0
"M_079","acantholippia.seriphioides","Eumenidae.sp",0
"M_079","acantholippia.seriphioides","Chrysanthrax.sp1",22
"M_079","acantholippia.seriphioides","Foreluis.sp",0
"M_079","acantholippia.seriphioides","Hirmoneura.sp",0
"M_079","acantholippia.seriphioides","Hypalastroides.sp",0
"M_079","acantholippia.seriphioides","Isepeolus.vachali",0
"M_079","acantholippia.seriphioides","Isepeolus.viperinus",0
"M_079","acantholippia.seriphioides","Leioproctus.abdominalis",0
"M_079","acantholippia.seriphioides","Leioproctus.friesei",0
"M_079","acantholippia.seriphioides","Leptometriella.nigra",0
"M_079","acantholippia.seriphioides","Lepidoptera.sp11",0
"M_079","acantholippia.seriphioides","Lepidoptera.sp12",0
"M_079","acantholippia.seriphioides","Lepidoptera.sp3",0
"M_079","acantholippia.seriphioides","Lepidoptera.sp4",0
"M_079","acantholippia.seriphioides","Liphantus.inornatus",0
"M_079","acantholippia.seriphioides","Liphantus.nigritus",0
"M_079","acantholippia.seriphioides","Lonchopria.robertsi",0
"M_079","acantholippia.seriphioides","Lonchopria.sp",0
"M_079","acantholippia.seriphioides","Megachile.leucographa",0
"M_079","acantholippia.seriphioides","Megachile.obscurior",0
"M_079","acantholippia.seriphioides","Megachile.nigella",0
"M_079","acantholippia.seriphioides","Megachile.pseudocentron2",0
"M_079","acantholippia.seriphioides","Melectoides.cockerelli",0
"M_079","acantholippia.seriphioides","Melissoptila.sp",0
"M_079","acantholippia.seriphioides","Mesonychium.jenseni",0
"M_079","acantholippia.seriphioides","Muscidae.sp2",0
"M_079","acantholippia.seriphioides","neu.sp1",0
"M_079","acantholippia.seriphioides","Nitidulidae.sp1",0
"M_079","acantholippia.seriphioides","Pyrgus.communis",0
"M_079","acantholippia.seriphioides","Platycheirus.sp",0
"M_079","acantholippia.seriphioides","Polistes.cavapyta",0
"M_079","acantholippia.seriphioides","Pompilidae.sp2",0
"M_079","acantholippia.seriphioides","Psaenythia.philantoides",0
"M_079","acantholippia.seriphioides","Psaenythia.rufipes",0
"M_079","acantholippia.seriphioides","Pseudagapostemon.sp",0
"M_079","acantholippia.seriphioides","Rubrica.nasuta",0
"M_079","acantholippia.seriphioides","Sarcophagidae.sp1",2
"M_079","acantholippia.seriphioides","Sciomyzidae",0
"M_079","acantholippia.seriphioides","Sphex.sp2",0
"M_079","acantholippia.seriphioides","Sphecidae.sp1",0
"M_079","acantholippia.seriphioides","Strymon.eurytulus",2
"M_079","acantholippia.seriphioides","Svastrides.bauni",0
"M_079","acantholippia.seriphioides","Svastra.sp",0
"M_079","acantholippia.seriphioides","Svastrides.zebra",0
"M_079","acantholippia.seriphioides","Syrphus.sp1",11
"M_079","acantholippia.seriphioides","Syrphidae.sp2",0
"M_079","acantholippia.seriphioides","Syrphidae.sp3",0
"M_079","acantholippia.seriphioides","Syrphidae.sp5",0
"M_079","acantholippia.seriphioides","Syrphidae.sp6",0
"M_079","acantholippia.seriphioides","Tachipompillus.sp",0
"M_079","acantholippia.seriphioides","Tachinidae.sp10",10
"M_079","acantholippia.seriphioides","Tachinidae.sp15",0
"M_079","acantholippia.seriphioides","Tachinidae.sp17",0
"M_079","acantholippia.seriphioides","Tachinidae.sp5",1
"M_079","acantholippia.seriphioides","Tachinidae.sp8",0
"M_079","acantholippia.seriphioides","Tachytes.sp",0
"M_079","acantholippia.seriphioides","Tatochila.autodice",0
"M_079","acantholippia.seriphioides","Tephritidae.sp1",0
"M_079","acantholippia.seriphioides","Tephritidae.sp2",0
"M_079","acantholippia.seriphioides","Thynnidae.sp",0
"M_079","acantholippia.seriphioides","Toxomerus.sp1",0
"M_079","acantholippia.seriphioides","Trichothurgus.laticeps",0
"M_079","acantholippia.seriphioides","Trichoturgus.sp2",0
"M_079","acantholippia.seriphioides","Villa.sp",8
"M_079","acantholippia.seriphioides","Willinkapis.chalybaea",0
"M_079","acantholippia.seriphioides","Xylocopa.augusti",0
"M_079","acantholippia.seriphioides","Xylocopa.atamisquensis",0
"M_079","acantholippia.seriphioides","Xylocopa.splendidula",0
"M_079","acantholippia.seriphioides","Zeta.sp",0
"M_079","aloyssia.gratissima","Acalyptratae.sp2",0
"M_079","aloyssia.gratissima","Acalyptratae.sp4",0
"M_079","aloyssia.gratissima","Acromyrmex.lobicornis",0
"M_079","aloyssia.gratissima","Alloscirtetica.brethesi",0
"M_079","aloyssia.gratissima","Alloscirtetica.sp1",0
"M_079","aloyssia.gratissima","Ammophila.sp",40
"M_079","aloyssia.gratissima","Ananthidium.inerme",0
"M_079","aloyssia.gratissima","Anthidium.friesei",0
"M_079","aloyssia.gratissima","Anthrax.oedipus",0
"M_079","aloyssia.gratissima","Anthidium.rubripes",0
"M_079","aloyssia.gratissima","Anthidium.vigintipunctatum",0
"M_079","aloyssia.gratissima","Anthomyiidae.sp1",0
"M_079","aloyssia.gratissima","Apis.mellifera",435
"M_079","aloyssia.gratissima","Arhysosage.bifasciata",0
"M_079","aloyssia.gratissima","Aristosyrphus.sp",0
"M_079","aloyssia.gratissima","Ascia.monuste",0
"M_079","aloyssia.gratissima","Asilidae.sp1",1
"M_079","aloyssia.gratissima","Asilidae.sp2",0
"M_079","aloyssia.gratissima","Audre.sp",0
"M_079","aloyssia.gratissima","Augochloropsis.sp",44
"M_079","aloyssia.gratissima","Babia.elongata",0
"M_079","aloyssia.gratissima","Bibionidae.sp",12
"M_079","aloyssia.gratissima","Bombus.opifex",5
"M_079","aloyssia.gratissima","Exoprosopa.sp1",3
"M_079","aloyssia.gratissima","Exoprosopa.sp2",0
"M_079","aloyssia.gratissima","Bombyliidae.sp12",0
"M_079","aloyssia.gratissima","Bombyliidae.sp14",0
"M_079","aloyssia.gratissima","Bombyliidae.sp15",2
"M_079","aloyssia.gratissima","Bombyliidae.sp16",0
"M_079","aloyssia.gratissima","Chrysanthrax.sp2",0
"M_079","aloyssia.gratissima","Bombilidae.sp5",0
"M_079","aloyssia.gratissima","Parasystoechus.sp",0
"M_079","aloyssia.gratissima","Poecilognathus.sp",0
"M_079","aloyssia.gratissima","Bombyliidae.sp9",2
"M_079","aloyssia.gratissima","Caenohalictus.sp",14
"M_079","aloyssia.gratissima","Calliopsini.sp1",0
"M_079","aloyssia.gratissima","Camponotus.mus",0
"M_079","aloyssia.gratissima","Camponotus.punctulatus",0
"M_079","aloyssia.gratissima","Centris.brethesi",0
"M_079","aloyssia.gratissima","Centris.lyngbyei",0
"M_079","aloyssia.gratissima","Centris.vardyorum",0
"M_079","aloyssia.gratissima","Chaetocrania.sp",9
"M_079","aloyssia.gratissima","Cochliomyia.macellaria",0
"M_079","aloyssia.gratissima","Coccinelidae.sp1",0
"M_079","aloyssia.gratissima","Coccinela.sp2",0
"M_079","aloyssia.gratissima","Coelioxys.chilensis",0
"M_079","aloyssia.gratissima","Coelioxys.jorgenseni",0
"M_079","aloyssia.gratissima","Coelioxys.sp6",0
"M_079","aloyssia.gratissima","Colletes.araucariae",0
"M_079","aloyssia.gratissima","Colletes.bicolor",0
"M_079","aloyssia.gratissima","Colletes.brethesi",0
"M_079","aloyssia.gratissima","Colletes.cognatus",2
"M_079","aloyssia.gratissima","Colletes.lycii",0
"M_079","aloyssia.gratissima","Compsomyiops.fulvicrura",2
"M_079","aloyssia.gratissima","Copestilum.aricia",136
"M_079","aloyssia.gratissima","Copestilum.sp2",408
"M_079","aloyssia.gratissima","Copestilum.sp3",1
"M_079","aloyssia.gratissima","Cosmosatyrus.chilensis",0
"M_079","aloyssia.gratissima","Crabronidae.sp1",0
"M_079","aloyssia.gratissima","Diadasia.baraderensis",0
"M_079","aloyssia.gratissima","Diadasia.patagonica",0
"M_079","aloyssia.gratissima","Diabrotica.sp",0
"M_079","aloyssia.gratissima","Dialictus.sp",1
"M_079","aloyssia.gratissima","Empididae.sp1",0
"M_079","aloyssia.gratissima","Empididae.sp2",0
"M_079","aloyssia.gratissima","Epitragus.sp",0
"M_079","aloyssia.gratissima","Eumenidae.sp",0
"M_079","aloyssia.gratissima","Chrysanthrax.sp1",19
"M_079","aloyssia.gratissima","Foreluis.sp",0
"M_079","aloyssia.gratissima","Hirmoneura.sp",3
"M_079","aloyssia.gratissima","Hypalastroides.sp",0
"M_079","aloyssia.gratissima","Isepeolus.vachali",0
"M_079","aloyssia.gratissima","Isepeolus.viperinus",0
"M_079","aloyssia.gratissima","Leioproctus.abdominalis",0
"M_079","aloyssia.gratissima","Leioproctus.friesei",0
"M_079","aloyssia.gratissima","Leptometriella.nigra",0
"M_079","aloyssia.gratissima","Lepidoptera.sp11",0
"M_079","aloyssia.gratissima","Lepidoptera.sp12",0
"M_079","aloyssia.gratissima","Lepidoptera.sp3",0
"M_079","aloyssia.gratissima","Lepidoptera.sp4",0
"M_079","aloyssia.gratissima","Liphantus.inornatus",0
"M_079","aloyssia.gratissima","Liphantus.nigritus",0
"M_079","aloyssia.gratissima","Lonchopria.robertsi",0
"M_079","aloyssia.gratissima","Lonchopria.sp",0
"M_079","aloyssia.gratissima","Megachile.leucographa",6
"M_079","aloyssia.gratissima","Megachile.obscurior",0
"M_079","aloyssia.gratissima","Megachile.nigella",0
"M_079","aloyssia.gratissima","Megachile.pseudocentron2",0
"M_079","aloyssia.gratissima","Melectoides.cockerelli",0
"M_079","aloyssia.gratissima","Melissoptila.sp",0
"M_079","aloyssia.gratissima","Mesonychium.jenseni",0
"M_079","aloyssia.gratissima","Muscidae.sp2",0
"M_079","aloyssia.gratissima","neu.sp1",0
"M_079","aloyssia.gratissima","Nitidulidae.sp1",0
"M_079","aloyssia.gratissima","Pyrgus.communis",5
"M_079","aloyssia.gratissima","Platycheirus.sp",1
"M_079","aloyssia.gratissima","Polistes.cavapyta",0
"M_079","aloyssia.gratissima","Pompilidae.sp2",0
"M_079","aloyssia.gratissima","Psaenythia.philantoides",0
"M_079","aloyssia.gratissima","Psaenythia.rufipes",0
"M_079","aloyssia.gratissima","Pseudagapostemon.sp",3
"M_079","aloyssia.gratissima","Rubrica.nasuta",0
"M_079","aloyssia.gratissima","Sarcophagidae.sp1",2
"M_079","aloyssia.gratissima","Sciomyzidae",0
"M_079","aloyssia.gratissima","Sphex.sp2",0
"M_079","aloyssia.gratissima","Sphecidae.sp1",0
"M_079","aloyssia.gratissima","Strymon.eurytulus",15
"M_079","aloyssia.gratissima","Svastrides.bauni",0
"M_079","aloyssia.gratissima","Svastra.sp",0
"M_079","aloyssia.gratissima","Svastrides.zebra",0
"M_079","aloyssia.gratissima","Syrphus.sp1",11
"M_079","aloyssia.gratissima","Syrphidae.sp2",0
"M_079","aloyssia.gratissima","Syrphidae.sp3",0
"M_079","aloyssia.gratissima","Syrphidae.sp5",0
"M_079","aloyssia.gratissima","Syrphidae.sp6",1
"M_079","aloyssia.gratissima","Tachipompillus.sp",0
"M_079","aloyssia.gratissima","Tachinidae.sp10",47
"M_079","aloyssia.gratissima","Tachinidae.sp15",0
"M_079","aloyssia.gratissima","Tachinidae.sp17",0
"M_079","aloyssia.gratissima","Tachinidae.sp5",0
"M_079","aloyssia.gratissima","Tachinidae.sp8",0
"M_079","aloyssia.gratissima","Tachytes.sp",0
"M_079","aloyssia.gratissima","Tatochila.autodice",6
"M_079","aloyssia.gratissima","Tephritidae.sp1",0
"M_079","aloyssia.gratissima","Tephritidae.sp2",0
"M_079","aloyssia.gratissima","Thynnidae.sp",0
"M_079","aloyssia.gratissima","Toxomerus.sp1",0
"M_079","aloyssia.gratissima","Trichothurgus.laticeps",0
"M_079","aloyssia.gratissima","Trichoturgus.sp2",0
"M_079","aloyssia.gratissima","Villa.sp",0
"M_079","aloyssia.gratissima","Willinkapis.chalybaea",0
"M_079","aloyssia.gratissima","Xylocopa.augusti",0
"M_079","aloyssia.gratissima","Xylocopa.atamisquensis",1
"M_079","aloyssia.gratissima","Xylocopa.splendidula",0
"M_079","aloyssia.gratissima","Zeta.sp",0
"M_079","argemone.subfusiformis","Acalyptratae.sp2",0
"M_079","argemone.subfusiformis","Acalyptratae.sp4",0
"M_079","argemone.subfusiformis","Acromyrmex.lobicornis",0
"M_079","argemone.subfusiformis","Alloscirtetica.brethesi",0
"M_079","argemone.subfusiformis","Alloscirtetica.sp1",0
"M_079","argemone.subfusiformis","Ammophila.sp",0
"M_079","argemone.subfusiformis","Ananthidium.inerme",0
"M_079","argemone.subfusiformis","Anthidium.friesei",0
"M_079","argemone.subfusiformis","Anthrax.oedipus",0
"M_079","argemone.subfusiformis","Anthidium.rubripes",0
"M_079","argemone.subfusiformis","Anthidium.vigintipunctatum",0
"M_079","argemone.subfusiformis","Anthomyiidae.sp1",0
"M_079","argemone.subfusiformis","Apis.mellifera",15
"M_079","argemone.subfusiformis","Arhysosage.bifasciata",1
"M_079","argemone.subfusiformis","Aristosyrphus.sp",0
"M_079","argemone.subfusiformis","Ascia.monuste",0
"M_079","argemone.subfusiformis","Asilidae.sp1",0
"M_079","argemone.subfusiformis","Asilidae.sp2",0
"M_079","argemone.subfusiformis","Audre.sp",0
"M_079","argemone.subfusiformis","Augochloropsis.sp",12
"M_079","argemone.subfusiformis","Babia.elongata",0
"M_079","argemone.subfusiformis","Bibionidae.sp",0
"M_079","argemone.subfusiformis","Bombus.opifex",2
"M_079","argemone.subfusiformis","Exoprosopa.sp1",0
"M_079","argemone.subfusiformis","Exoprosopa.sp2",0
"M_079","argemone.subfusiformis","Bombyliidae.sp12",0
"M_079","argemone.subfusiformis","Bombyliidae.sp14",0
"M_079","argemone.subfusiformis","Bombyliidae.sp15",0
"M_079","argemone.subfusiformis","Bombyliidae.sp16",0
"M_079","argemone.subfusiformis","Chrysanthrax.sp2",0
"M_079","argemone.subfusiformis","Bombilidae.sp5",0
"M_079","argemone.subfusiformis","Parasystoechus.sp",0
"M_079","argemone.subfusiformis","Poecilognathus.sp",0
"M_079","argemone.subfusiformis","Bombyliidae.sp9",0
"M_079","argemone.subfusiformis","Caenohalictus.sp",0
"M_079","argemone.subfusiformis","Calliopsini.sp1",0
"M_079","argemone.subfusiformis","Camponotus.mus",0
"M_079","argemone.subfusiformis","Camponotus.punctulatus",0
"M_079","argemone.subfusiformis","Centris.brethesi",0
"M_079","argemone.subfusiformis","Centris.lyngbyei",0
"M_079","argemone.subfusiformis","Centris.vardyorum",0
"M_079","argemone.subfusiformis","Chaetocrania.sp",0
"M_079","argemone.subfusiformis","Cochliomyia.macellaria",0
"M_079","argemone.subfusiformis","Coccinelidae.sp1",0
"M_079","argemone.subfusiformis","Coccinela.sp2",0
"M_079","argemone.subfusiformis","Coelioxys.chilensis",0
"M_079","argemone.subfusiformis","Coelioxys.jorgenseni",0
"M_079","argemone.subfusiformis","Coelioxys.sp6",0
"M_079","argemone.subfusiformis","Colletes.araucariae",0
"M_079","argemone.subfusiformis","Colletes.bicolor",0
"M_079","argemone.subfusiformis","Colletes.brethesi",0
"M_079","argemone.subfusiformis","Colletes.cognatus",0
"M_079","argemone.subfusiformis","Colletes.lycii",0
"M_079","argemone.subfusiformis","Compsomyiops.fulvicrura",0
"M_079","argemone.subfusiformis","Copestilum.aricia",0
"M_079","argemone.subfusiformis","Copestilum.sp2",0
"M_079","argemone.subfusiformis","Copestilum.sp3",0
"M_079","argemone.subfusiformis","Cosmosatyrus.chilensis",1
"M_079","argemone.subfusiformis","Crabronidae.sp1",0
"M_079","argemone.subfusiformis","Diadasia.baraderensis",0
"M_079","argemone.subfusiformis","Diadasia.patagonica",1
"M_079","argemone.subfusiformis","Diabrotica.sp",0
"M_079","argemone.subfusiformis","Dialictus.sp",10
"M_079","argemone.subfusiformis","Empididae.sp1",0
"M_079","argemone.subfusiformis","Empididae.sp2",0
"M_079","argemone.subfusiformis","Epitragus.sp",0
"M_079","argemone.subfusiformis","Eumenidae.sp",0
"M_079","argemone.subfusiformis","Chrysanthrax.sp1",0
"M_079","argemone.subfusiformis","Foreluis.sp",0
"M_079","argemone.subfusiformis","Hirmoneura.sp",0
"M_079","argemone.subfusiformis","Hypalastroides.sp",0
"M_079","argemone.subfusiformis","Isepeolus.vachali",0
"M_079","argemone.subfusiformis","Isepeolus.viperinus",0
"M_079","argemone.subfusiformis","Leioproctus.abdominalis",0
"M_079","argemone.subfusiformis","Leioproctus.friesei",0
"M_079","argemone.subfusiformis","Leptometriella.nigra",0
"M_079","argemone.subfusiformis","Lepidoptera.sp11",0
"M_079","argemone.subfusiformis","Lepidoptera.sp12",0
"M_079","argemone.subfusiformis","Lepidoptera.sp3",0
"M_079","argemone.subfusiformis","Lepidoptera.sp4",0
"M_079","argemone.subfusiformis","Liphantus.inornatus",0
"M_079","argemone.subfusiformis","Liphantus.nigritus",0
"M_079","argemone.subfusiformis","Lonchopria.robertsi",0
"M_079","argemone.subfusiformis","Lonchopria.sp",0
"M_079","argemone.subfusiformis","Megachile.leucographa",0
"M_079","argemone.subfusiformis","Megachile.obscurior",0
"M_079","argemone.subfusiformis","Megachile.nigella",0
"M_079","argemone.subfusiformis","Megachile.pseudocentron2",0
"M_079","argemone.subfusiformis","Melectoides.cockerelli",0
"M_079","argemone.subfusiformis","Melissoptila.sp",0
"M_079","argemone.subfusiformis","Mesonychium.jenseni",0
"M_079","argemone.subfusiformis","Muscidae.sp2",0
"M_079","argemone.subfusiformis","neu.sp1",0
"M_079","argemone.subfusiformis","Nitidulidae.sp1",0
"M_079","argemone.subfusiformis","Pyrgus.communis",1
"M_079","argemone.subfusiformis","Platycheirus.sp",0
"M_079","argemone.subfusiformis","Polistes.cavapyta",0
"M_079","argemone.subfusiformis","Pompilidae.sp2",0
"M_079","argemone.subfusiformis","Psaenythia.philantoides",0
"M_079","argemone.subfusiformis","Psaenythia.rufipes",0
"M_079","argemone.subfusiformis","Pseudagapostemon.sp",4
"M_079","argemone.subfusiformis","Rubrica.nasuta",0
"M_079","argemone.subfusiformis","Sarcophagidae.sp1",0
"M_079","argemone.subfusiformis","Sciomyzidae",0
"M_079","argemone.subfusiformis","Sphex.sp2",0
"M_079","argemone.subfusiformis","Sphecidae.sp1",0
"M_079","argemone.subfusiformis","Strymon.eurytulus",1
"M_079","argemone.subfusiformis","Svastrides.bauni",0
"M_079","argemone.subfusiformis","Svastra.sp",0
"M_079","argemone.subfusiformis","Svastrides.zebra",0
"M_079","argemone.subfusiformis","Syrphus.sp1",0
"M_079","argemone.subfusiformis","Syrphidae.sp2",0
"M_079","argemone.subfusiformis","Syrphidae.sp3",0
"M_079","argemone.subfusiformis","Syrphidae.sp5",0
"M_079","argemone.subfusiformis","Syrphidae.sp6",0
"M_079","argemone.subfusiformis","Tachipompillus.sp",0
"M_079","argemone.subfusiformis","Tachinidae.sp10",0
"M_079","argemone.subfusiformis","Tachinidae.sp15",0
"M_079","argemone.subfusiformis","Tachinidae.sp17",0
"M_079","argemone.subfusiformis","Tachinidae.sp5",0
"M_079","argemone.subfusiformis","Tachinidae.sp8",0
"M_079","argemone.subfusiformis","Tachytes.sp",0
"M_079","argemone.subfusiformis","Tatochila.autodice",1
"M_079","argemone.subfusiformis","Tephritidae.sp1",0
"M_079","argemone.subfusiformis","Tephritidae.sp2",0
"M_079","argemone.subfusiformis","Thynnidae.sp",0
"M_079","argemone.subfusiformis","Toxomerus.sp1",0
"M_079","argemone.subfusiformis","Trichothurgus.laticeps",0
"M_079","argemone.subfusiformis","Trichoturgus.sp2",0
"M_079","argemone.subfusiformis","Villa.sp",0
"M_079","argemone.subfusiformis","Willinkapis.chalybaea",0
"M_079","argemone.subfusiformis","Xylocopa.augusti",0
"M_079","argemone.subfusiformis","Xylocopa.atamisquensis",0
"M_079","argemone.subfusiformis","Xylocopa.splendidula",0
"M_079","argemone.subfusiformis","Zeta.sp",0
"M_079","arjona.longifolia","Acalyptratae.sp2",0
"M_079","arjona.longifolia","Acalyptratae.sp4",0
"M_079","arjona.longifolia","Acromyrmex.lobicornis",0
"M_079","arjona.longifolia","Alloscirtetica.brethesi",0
"M_079","arjona.longifolia","Alloscirtetica.sp1",0
"M_079","arjona.longifolia","Ammophila.sp",2
"M_079","arjona.longifolia","Ananthidium.inerme",0
"M_079","arjona.longifolia","Anthidium.friesei",0
"M_079","arjona.longifolia","Anthrax.oedipus",0
"M_079","arjona.longifolia","Anthidium.rubripes",0
"M_079","arjona.longifolia","Anthidium.vigintipunctatum",0
"M_079","arjona.longifolia","Anthomyiidae.sp1",0
"M_079","arjona.longifolia","Apis.mellifera",0
"M_079","arjona.longifolia","Arhysosage.bifasciata",0
"M_079","arjona.longifolia","Aristosyrphus.sp",0
"M_079","arjona.longifolia","Ascia.monuste",3
"M_079","arjona.longifolia","Asilidae.sp1",0
"M_079","arjona.longifolia","Asilidae.sp2",0
"M_079","arjona.longifolia","Audre.sp",0
"M_079","arjona.longifolia","Augochloropsis.sp",5
"M_079","arjona.longifolia","Babia.elongata",0
"M_079","arjona.longifolia","Bibionidae.sp",0
"M_079","arjona.longifolia","Bombus.opifex",0
"M_079","arjona.longifolia","Exoprosopa.sp1",0
"M_079","arjona.longifolia","Exoprosopa.sp2",0
"M_079","arjona.longifolia","Bombyliidae.sp12",0
"M_079","arjona.longifolia","Bombyliidae.sp14",0
"M_079","arjona.longifolia","Bombyliidae.sp15",0
"M_079","arjona.longifolia","Bombyliidae.sp16",0
"M_079","arjona.longifolia","Chrysanthrax.sp2",0
"M_079","arjona.longifolia","Bombilidae.sp5",0
"M_079","arjona.longifolia","Parasystoechus.sp",0
"M_079","arjona.longifolia","Poecilognathus.sp",0
"M_079","arjona.longifolia","Bombyliidae.sp9",5
"M_079","arjona.longifolia","Caenohalictus.sp",1
"M_079","arjona.longifolia","Calliopsini.sp1",0
"M_079","arjona.longifolia","Camponotus.mus",0
"M_079","arjona.longifolia","Camponotus.punctulatus",0
"M_079","arjona.longifolia","Centris.brethesi",0
"M_079","arjona.longifolia","Centris.lyngbyei",0
"M_079","arjona.longifolia","Centris.vardyorum",0
"M_079","arjona.longifolia","Chaetocrania.sp",0
"M_079","arjona.longifolia","Cochliomyia.macellaria",0
"M_079","arjona.longifolia","Coccinelidae.sp1",0
"M_079","arjona.longifolia","Coccinela.sp2",0
"M_079","arjona.longifolia","Coelioxys.chilensis",0
"M_079","arjona.longifolia","Coelioxys.jorgenseni",0
"M_079","arjona.longifolia","Coelioxys.sp6",0
"M_079","arjona.longifolia","Colletes.araucariae",0
"M_079","arjona.longifolia","Colletes.bicolor",0
"M_079","arjona.longifolia","Colletes.brethesi",0
"M_079","arjona.longifolia","Colletes.cognatus",0
"M_079","arjona.longifolia","Colletes.lycii",0
"M_079","arjona.longifolia","Compsomyiops.fulvicrura",0
"M_079","arjona.longifolia","Copestilum.aricia",2
"M_079","arjona.longifolia","Copestilum.sp2",0
"M_079","arjona.longifolia","Copestilum.sp3",0
"M_079","arjona.longifolia","Cosmosatyrus.chilensis",0
"M_079","arjona.longifolia","Crabronidae.sp1",0
"M_079","arjona.longifolia","Diadasia.baraderensis",0
"M_079","arjona.longifolia","Diadasia.patagonica",0
"M_079","arjona.longifolia","Diabrotica.sp",0
"M_079","arjona.longifolia","Dialictus.sp",0
"M_079","arjona.longifolia","Empididae.sp1",0
"M_079","arjona.longifolia","Empididae.sp2",0
"M_079","arjona.longifolia","Epitragus.sp",0
"M_079","arjona.longifolia","Eumenidae.sp",0
"M_079","arjona.longifolia","Chrysanthrax.sp1",0
"M_079","arjona.longifolia","Foreluis.sp",0
"M_079","arjona.longifolia","Hirmoneura.sp",0
"M_079","arjona.longifolia","Hypalastroides.sp",0
"M_079","arjona.longifolia","Isepeolus.vachali",0
"M_079","arjona.longifolia","Isepeolus.viperinus",0
"M_079","arjona.longifolia","Leioproctus.abdominalis",0
"M_079","arjona.longifolia","Leioproctus.friesei",0
"M_079","arjona.longifolia","Leptometriella.nigra",0
"M_079","arjona.longifolia","Lepidoptera.sp11",0
"M_079","arjona.longifolia","Lepidoptera.sp12",0
"M_079","arjona.longifolia","Lepidoptera.sp3",0
"M_079","arjona.longifolia","Lepidoptera.sp4",0
"M_079","arjona.longifolia","Liphantus.inornatus",0
"M_079","arjona.longifolia","Liphantus.nigritus",0
"M_079","arjona.longifolia","Lonchopria.robertsi",0
"M_079","arjona.longifolia","Lonchopria.sp",0
"M_079","arjona.longifolia","Megachile.leucographa",1
"M_079","arjona.longifolia","Megachile.obscurior",0
"M_079","arjona.longifolia","Megachile.nigella",0
"M_079","arjona.longifolia","Megachile.pseudocentron2",0
"M_079","arjona.longifolia","Melectoides.cockerelli",0
"M_079","arjona.longifolia","Melissoptila.sp",0
"M_079","arjona.longifolia","Mesonychium.jenseni",0
"M_079","arjona.longifolia","Muscidae.sp2",0
"M_079","arjona.longifolia","neu.sp1",0
"M_079","arjona.longifolia","Nitidulidae.sp1",0
"M_079","arjona.longifolia","Pyrgus.communis",0
"M_079","arjona.longifolia","Platycheirus.sp",0
"M_079","arjona.longifolia","Polistes.cavapyta",0
"M_079","arjona.longifolia","Pompilidae.sp2",0
"M_079","arjona.longifolia","Psaenythia.philantoides",0
"M_079","arjona.longifolia","Psaenythia.rufipes",0
"M_079","arjona.longifolia","Pseudagapostemon.sp",0
"M_079","arjona.longifolia","Rubrica.nasuta",0
"M_079","arjona.longifolia","Sarcophagidae.sp1",0
"M_079","arjona.longifolia","Sciomyzidae",0
"M_079","arjona.longifolia","Sphex.sp2",0
"M_079","arjona.longifolia","Sphecidae.sp1",0
"M_079","arjona.longifolia","Strymon.eurytulus",0
"M_079","arjona.longifolia","Svastrides.bauni",0
"M_079","arjona.longifolia","Svastra.sp",0
"M_079","arjona.longifolia","Svastrides.zebra",0
"M_079","arjona.longifolia","Syrphus.sp1",0
"M_079","arjona.longifolia","Syrphidae.sp2",0
"M_079","arjona.longifolia","Syrphidae.sp3",0
"M_079","arjona.longifolia","Syrphidae.sp5",0
"M_079","arjona.longifolia","Syrphidae.sp6",0
"M_079","arjona.longifolia","Tachipompillus.sp",0
"M_079","arjona.longifolia","Tachinidae.sp10",2
"M_079","arjona.longifolia","Tachinidae.sp15",0
"M_079","arjona.longifolia","Tachinidae.sp17",0
"M_079","arjona.longifolia","Tachinidae.sp5",0
"M_079","arjona.longifolia","Tachinidae.sp8",0
"M_079","arjona.longifolia","Tachytes.sp",0
"M_079","arjona.longifolia","Tatochila.autodice",0
"M_079","arjona.longifolia","Tephritidae.sp1",0
"M_079","arjona.longifolia","Tephritidae.sp2",0
"M_079","arjona.longifolia","Thynnidae.sp",0
"M_079","arjona.longifolia","Toxomerus.sp1",0
"M_079","arjona.longifolia","Trichothurgus.laticeps",0
"M_079","arjona.longifolia","Trichoturgus.sp2",0
"M_079","arjona.longifolia","Villa.sp",1
"M_079","arjona.longifolia","Willinkapis.chalybaea",0
"M_079","arjona.longifolia","Xylocopa.augusti",0
"M_079","arjona.longifolia","Xylocopa.atamisquensis",0
"M_079","arjona.longifolia","Xylocopa.splendidula",0
"M_079","arjona.longifolia","Zeta.sp",0
"M_079","bougainvillea.spinosa","Acalyptratae.sp2",0
"M_079","bougainvillea.spinosa","Acalyptratae.sp4",0
"M_079","bougainvillea.spinosa","Acromyrmex.lobicornis",0
"M_079","bougainvillea.spinosa","Alloscirtetica.brethesi",0
"M_079","bougainvillea.spinosa","Alloscirtetica.sp1",0
"M_079","bougainvillea.spinosa","Ammophila.sp",0
"M_079","bougainvillea.spinosa","Ananthidium.inerme",0
"M_079","bougainvillea.spinosa","Anthidium.friesei",0
"M_079","bougainvillea.spinosa","Anthrax.oedipus",0
"M_079","bougainvillea.spinosa","Anthidium.rubripes",0
"M_079","bougainvillea.spinosa","Anthidium.vigintipunctatum",0
"M_079","bougainvillea.spinosa","Anthomyiidae.sp1",0
"M_079","bougainvillea.spinosa","Apis.mellifera",0
"M_079","bougainvillea.spinosa","Arhysosage.bifasciata",0
"M_079","bougainvillea.spinosa","Aristosyrphus.sp",0
"M_079","bougainvillea.spinosa","Ascia.monuste",0
"M_079","bougainvillea.spinosa","Asilidae.sp1",0
"M_079","bougainvillea.spinosa","Asilidae.sp2",0
"M_079","bougainvillea.spinosa","Audre.sp",0
"M_079","bougainvillea.spinosa","Augochloropsis.sp",1
"M_079","bougainvillea.spinosa","Babia.elongata",0
"M_079","bougainvillea.spinosa","Bibionidae.sp",0
"M_079","bougainvillea.spinosa","Bombus.opifex",0
"M_079","bougainvillea.spinosa","Exoprosopa.sp1",0
"M_079","bougainvillea.spinosa","Exoprosopa.sp2",0
"M_079","bougainvillea.spinosa","Bombyliidae.sp12",0
"M_079","bougainvillea.spinosa","Bombyliidae.sp14",0
"M_079","bougainvillea.spinosa","Bombyliidae.sp15",0
"M_079","bougainvillea.spinosa","Bombyliidae.sp16",0
"M_079","bougainvillea.spinosa","Chrysanthrax.sp2",0
"M_079","bougainvillea.spinosa","Bombilidae.sp5",0
"M_079","bougainvillea.spinosa","Parasystoechus.sp",0
"M_079","bougainvillea.spinosa","Poecilognathus.sp",0
"M_079","bougainvillea.spinosa","Bombyliidae.sp9",0
"M_079","bougainvillea.spinosa","Caenohalictus.sp",0
"M_079","bougainvillea.spinosa","Calliopsini.sp1",0
"M_079","bougainvillea.spinosa","Camponotus.mus",0
"M_079","bougainvillea.spinosa","Camponotus.punctulatus",0
"M_079","bougainvillea.spinosa","Centris.brethesi",0
"M_079","bougainvillea.spinosa","Centris.lyngbyei",0
"M_079","bougainvillea.spinosa","Centris.vardyorum",0
"M_079","bougainvillea.spinosa","Chaetocrania.sp",0
"M_079","bougainvillea.spinosa","Cochliomyia.macellaria",0
"M_079","bougainvillea.spinosa","Coccinelidae.sp1",0
"M_079","bougainvillea.spinosa","Coccinela.sp2",0
"M_079","bougainvillea.spinosa","Coelioxys.chilensis",0
"M_079","bougainvillea.spinosa","Coelioxys.jorgenseni",0
"M_079","bougainvillea.spinosa","Coelioxys.sp6",0
"M_079","bougainvillea.spinosa","Colletes.araucariae",0
"M_079","bougainvillea.spinosa","Colletes.bicolor",0
"M_079","bougainvillea.spinosa","Colletes.brethesi",0
"M_079","bougainvillea.spinosa","Colletes.cognatus",0
"M_079","bougainvillea.spinosa","Colletes.lycii",0
"M_079","bougainvillea.spinosa","Compsomyiops.fulvicrura",0
"M_079","bougainvillea.spinosa","Copestilum.aricia",51
"M_079","bougainvillea.spinosa","Copestilum.sp2",0
"M_079","bougainvillea.spinosa","Copestilum.sp3",0
"M_079","bougainvillea.spinosa","Cosmosatyrus.chilensis",6
"M_079","bougainvillea.spinosa","Crabronidae.sp1",0
"M_079","bougainvillea.spinosa","Diadasia.baraderensis",0
"M_079","bougainvillea.spinosa","Diadasia.patagonica",0
"M_079","bougainvillea.spinosa","Diabrotica.sp",0
"M_079","bougainvillea.spinosa","Dialictus.sp",0
"M_079","bougainvillea.spinosa","Empididae.sp1",0
"M_079","bougainvillea.spinosa","Empididae.sp2",0
"M_079","bougainvillea.spinosa","Epitragus.sp",0
"M_079","bougainvillea.spinosa","Eumenidae.sp",0
"M_079","bougainvillea.spinosa","Chrysanthrax.sp1",0
"M_079","bougainvillea.spinosa","Foreluis.sp",0
"M_079","bougainvillea.spinosa","Hirmoneura.sp",2
"M_079","bougainvillea.spinosa","Hypalastroides.sp",0
"M_079","bougainvillea.spinosa","Isepeolus.vachali",0
"M_079","bougainvillea.spinosa","Isepeolus.viperinus",0
"M_079","bougainvillea.spinosa","Leioproctus.abdominalis",0
"M_079","bougainvillea.spinosa","Leioproctus.friesei",0
"M_079","bougainvillea.spinosa","Leptometriella.nigra",0
"M_079","bougainvillea.spinosa","Lepidoptera.sp11",0
"M_079","bougainvillea.spinosa","Lepidoptera.sp12",0
"M_079","bougainvillea.spinosa","Lepidoptera.sp3",0
"M_079","bougainvillea.spinosa","Lepidoptera.sp4",0
"M_079","bougainvillea.spinosa","Liphantus.inornatus",0
"M_079","bougainvillea.spinosa","Liphantus.nigritus",0
"M_079","bougainvillea.spinosa","Lonchopria.robertsi",0
"M_079","bougainvillea.spinosa","Lonchopria.sp",0
"M_079","bougainvillea.spinosa","Megachile.leucographa",0
"M_079","bougainvillea.spinosa","Megachile.obscurior",0
"M_079","bougainvillea.spinosa","Megachile.nigella",0
"M_079","bougainvillea.spinosa","Megachile.pseudocentron2",0
"M_079","bougainvillea.spinosa","Melectoides.cockerelli",0
"M_079","bougainvillea.spinosa","Melissoptila.sp",0
"M_079","bougainvillea.spinosa","Mesonychium.jenseni",0
"M_079","bougainvillea.spinosa","Muscidae.sp2",0
"M_079","bougainvillea.spinosa","neu.sp1",0
"M_079","bougainvillea.spinosa","Nitidulidae.sp1",0
"M_079","bougainvillea.spinosa","Pyrgus.communis",0
"M_079","bougainvillea.spinosa","Platycheirus.sp",0
"M_079","bougainvillea.spinosa","Polistes.cavapyta",0
"M_079","bougainvillea.spinosa","Pompilidae.sp2",0
"M_079","bougainvillea.spinosa","Psaenythia.philantoides",0
"M_079","bougainvillea.spinosa","Psaenythia.rufipes",0
"M_079","bougainvillea.spinosa","Pseudagapostemon.sp",0
"M_079","bougainvillea.spinosa","Rubrica.nasuta",0
"M_079","bougainvillea.spinosa","Sarcophagidae.sp1",0
"M_079","bougainvillea.spinosa","Sciomyzidae",0
"M_079","bougainvillea.spinosa","Sphex.sp2",0
"M_079","bougainvillea.spinosa","Sphecidae.sp1",0
"M_079","bougainvillea.spinosa","Strymon.eurytulus",0
"M_079","bougainvillea.spinosa","Svastrides.bauni",0
"M_079","bougainvillea.spinosa","Svastra.sp",0
"M_079","bougainvillea.spinosa","Svastrides.zebra",0
"M_079","bougainvillea.spinosa","Syrphus.sp1",0
"M_079","bougainvillea.spinosa","Syrphidae.sp2",0
"M_079","bougainvillea.spinosa","Syrphidae.sp3",0
"M_079","bougainvillea.spinosa","Syrphidae.sp5",0
"M_079","bougainvillea.spinosa","Syrphidae.sp6",0
"M_079","bougainvillea.spinosa","Tachipompillus.sp",0
"M_079","bougainvillea.spinosa","Tachinidae.sp10",0
"M_079","bougainvillea.spinosa","Tachinidae.sp15",0
"M_079","bougainvillea.spinosa","Tachinidae.sp17",0
"M_079","bougainvillea.spinosa","Tachinidae.sp5",0
"M_079","bougainvillea.spinosa","Tachinidae.sp8",0
"M_079","bougainvillea.spinosa","Tachytes.sp",0
"M_079","bougainvillea.spinosa","Tatochila.autodice",0
"M_079","bougainvillea.spinosa","Tephritidae.sp1",0
"M_079","bougainvillea.spinosa","Tephritidae.sp2",0
"M_079","bougainvillea.spinosa","Thynnidae.sp",0
"M_079","bougainvillea.spinosa","Toxomerus.sp1",0
"M_079","bougainvillea.spinosa","Trichothurgus.laticeps",0
"M_079","bougainvillea.spinosa","Trichoturgus.sp2",0
"M_079","bougainvillea.spinosa","Villa.sp",0
"M_079","bougainvillea.spinosa","Willinkapis.chalybaea",0
"M_079","bougainvillea.spinosa","Xylocopa.augusti",0
"M_079","bougainvillea.spinosa","Xylocopa.atamisquensis",0
"M_079","bougainvillea.spinosa","Xylocopa.splendidula",0
"M_079","bougainvillea.spinosa","Zeta.sp",0
"M_079","bredemeyera.microphylla","Acalyptratae.sp2",0
"M_079","bredemeyera.microphylla","Acalyptratae.sp4",0
"M_079","bredemeyera.microphylla","Acromyrmex.lobicornis",0
"M_079","bredemeyera.microphylla","Alloscirtetica.brethesi",0
"M_079","bredemeyera.microphylla","Alloscirtetica.sp1",0
"M_079","bredemeyera.microphylla","Ammophila.sp",0
"M_079","bredemeyera.microphylla","Ananthidium.inerme",0
"M_079","bredemeyera.microphylla","Anthidium.friesei",0
"M_079","bredemeyera.microphylla","Anthrax.oedipus",0
"M_079","bredemeyera.microphylla","Anthidium.rubripes",0
"M_079","bredemeyera.microphylla","Anthidium.vigintipunctatum",0
"M_079","bredemeyera.microphylla","Anthomyiidae.sp1",0
"M_079","bredemeyera.microphylla","Apis.mellifera",360
"M_079","bredemeyera.microphylla","Arhysosage.bifasciata",0
"M_079","bredemeyera.microphylla","Aristosyrphus.sp",0
"M_079","bredemeyera.microphylla","Ascia.monuste",0
"M_079","bredemeyera.microphylla","Asilidae.sp1",0
"M_079","bredemeyera.microphylla","Asilidae.sp2",0
"M_079","bredemeyera.microphylla","Audre.sp",0
"M_079","bredemeyera.microphylla","Augochloropsis.sp",0
"M_079","bredemeyera.microphylla","Babia.elongata",0
"M_079","bredemeyera.microphylla","Bibionidae.sp",0
"M_079","bredemeyera.microphylla","Bombus.opifex",0
"M_079","bredemeyera.microphylla","Exoprosopa.sp1",0
"M_079","bredemeyera.microphylla","Exoprosopa.sp2",0
"M_079","bredemeyera.microphylla","Bombyliidae.sp12",0
"M_079","bredemeyera.microphylla","Bombyliidae.sp14",0
"M_079","bredemeyera.microphylla","Bombyliidae.sp15",0
"M_079","bredemeyera.microphylla","Bombyliidae.sp16",0
"M_079","bredemeyera.microphylla","Chrysanthrax.sp2",0
"M_079","bredemeyera.microphylla","Bombilidae.sp5",0
"M_079","bredemeyera.microphylla","Parasystoechus.sp",0
"M_079","bredemeyera.microphylla","Poecilognathus.sp",0
"M_079","bredemeyera.microphylla","Bombyliidae.sp9",0
"M_079","bredemeyera.microphylla","Caenohalictus.sp",0
"M_079","bredemeyera.microphylla","Calliopsini.sp1",0
"M_079","bredemeyera.microphylla","Camponotus.mus",0
"M_079","bredemeyera.microphylla","Camponotus.punctulatus",0
"M_079","bredemeyera.microphylla","Centris.brethesi",0
"M_079","bredemeyera.microphylla","Centris.lyngbyei",0
"M_079","bredemeyera.microphylla","Centris.vardyorum",0
"M_079","bredemeyera.microphylla","Chaetocrania.sp",0
"M_079","bredemeyera.microphylla","Cochliomyia.macellaria",0
"M_079","bredemeyera.microphylla","Coccinelidae.sp1",0
"M_079","bredemeyera.microphylla","Coccinela.sp2",0
"M_079","bredemeyera.microphylla","Coelioxys.chilensis",0
"M_079","bredemeyera.microphylla","Coelioxys.jorgenseni",0
"M_079","bredemeyera.microphylla","Coelioxys.sp6",0
"M_079","bredemeyera.microphylla","Colletes.araucariae",0
"M_079","bredemeyera.microphylla","Colletes.bicolor",0
"M_079","bredemeyera.microphylla","Colletes.brethesi",0
"M_079","bredemeyera.microphylla","Colletes.cognatus",0
"M_079","bredemeyera.microphylla","Colletes.lycii",0
"M_079","bredemeyera.microphylla","Compsomyiops.fulvicrura",0
"M_079","bredemeyera.microphylla","Copestilum.aricia",0
"M_079","bredemeyera.microphylla","Copestilum.sp2",0
"M_079","bredemeyera.microphylla","Copestilum.sp3",0
"M_079","bredemeyera.microphylla","Cosmosatyrus.chilensis",0
"M_079","bredemeyera.microphylla","Crabronidae.sp1",0
"M_079","bredemeyera.microphylla","Diadasia.baraderensis",0
"M_079","bredemeyera.microphylla","Diadasia.patagonica",0
"M_079","bredemeyera.microphylla","Diabrotica.sp",0
"M_079","bredemeyera.microphylla","Dialictus.sp",0
"M_079","bredemeyera.microphylla","Empididae.sp1",0
"M_079","bredemeyera.microphylla","Empididae.sp2",0
"M_079","bredemeyera.microphylla","Epitragus.sp",0
"M_079","bredemeyera.microphylla","Eumenidae.sp",0
"M_079","bredemeyera.microphylla","Chrysanthrax.sp1",0
"M_079","bredemeyera.microphylla","Foreluis.sp",0
"M_079","bredemeyera.microphylla","Hirmoneura.sp",0
"M_079","bredemeyera.microphylla","Hypalastroides.sp",0
"M_079","bredemeyera.microphylla","Isepeolus.vachali",0
"M_079","bredemeyera.microphylla","Isepeolus.viperinus",0
"M_079","bredemeyera.microphylla","Leioproctus.abdominalis",0
"M_079","bredemeyera.microphylla","Leioproctus.friesei",0
"M_079","bredemeyera.microphylla","Leptometriella.nigra",0
"M_079","bredemeyera.microphylla","Lepidoptera.sp11",0
"M_079","bredemeyera.microphylla","Lepidoptera.sp12",0
"M_079","bredemeyera.microphylla","Lepidoptera.sp3",0
"M_079","bredemeyera.microphylla","Lepidoptera.sp4",0
"M_079","bredemeyera.microphylla","Liphantus.inornatus",0
"M_079","bredemeyera.microphylla","Liphantus.nigritus",0
"M_079","bredemeyera.microphylla","Lonchopria.robertsi",0
"M_079","bredemeyera.microphylla","Lonchopria.sp",0
"M_079","bredemeyera.microphylla","Megachile.leucographa",0
"M_079","bredemeyera.microphylla","Megachile.obscurior",0
"M_079","bredemeyera.microphylla","Megachile.nigella",0
"M_079","bredemeyera.microphylla","Megachile.pseudocentron2",0
"M_079","bredemeyera.microphylla","Melectoides.cockerelli",0
"M_079","bredemeyera.microphylla","Melissoptila.sp",0
"M_079","bredemeyera.microphylla","Mesonychium.jenseni",0
"M_079","bredemeyera.microphylla","Muscidae.sp2",0
"M_079","bredemeyera.microphylla","neu.sp1",0
"M_079","bredemeyera.microphylla","Nitidulidae.sp1",0
"M_079","bredemeyera.microphylla","Pyrgus.communis",0
"M_079","bredemeyera.microphylla","Platycheirus.sp",0
"M_079","bredemeyera.microphylla","Polistes.cavapyta",0
"M_079","bredemeyera.microphylla","Pompilidae.sp2",0
"M_079","bredemeyera.microphylla","Psaenythia.philantoides",0
"M_079","bredemeyera.microphylla","Psaenythia.rufipes",0
"M_079","bredemeyera.microphylla","Pseudagapostemon.sp",0
"M_079","bredemeyera.microphylla","Rubrica.nasuta",0
"M_079","bredemeyera.microphylla","Sarcophagidae.sp1",0
"M_079","bredemeyera.microphylla","Sciomyzidae",0
"M_079","bredemeyera.microphylla","Sphex.sp2",0
"M_079","bredemeyera.microphylla","Sphecidae.sp1",0
"M_079","bredemeyera.microphylla","Strymon.eurytulus",0
"M_079","bredemeyera.microphylla","Svastrides.bauni",0
"M_079","bredemeyera.microphylla","Svastra.sp",0
"M_079","bredemeyera.microphylla","Svastrides.zebra",0
"M_079","bredemeyera.microphylla","Syrphus.sp1",0
"M_079","bredemeyera.microphylla","Syrphidae.sp2",0
"M_079","bredemeyera.microphylla","Syrphidae.sp3",0
"M_079","bredemeyera.microphylla","Syrphidae.sp5",0
"M_079","bredemeyera.microphylla","Syrphidae.sp6",0
"M_079","bredemeyera.microphylla","Tachipompillus.sp",0
"M_079","bredemeyera.microphylla","Tachinidae.sp10",0
"M_079","bredemeyera.microphylla","Tachinidae.sp15",0
"M_079","bredemeyera.microphylla","Tachinidae.sp17",0
"M_079","bredemeyera.microphylla","Tachinidae.sp5",0
"M_079","bredemeyera.microphylla","Tachinidae.sp8",0
"M_079","bredemeyera.microphylla","Tachytes.sp",0
"M_079","bredemeyera.microphylla","Tatochila.autodice",0
"M_079","bredemeyera.microphylla","Tephritidae.sp1",0
"M_079","bredemeyera.microphylla","Tephritidae.sp2",0
"M_079","bredemeyera.microphylla","Thynnidae.sp",0
"M_079","bredemeyera.microphylla","Toxomerus.sp1",0
"M_079","bredemeyera.microphylla","Trichothurgus.laticeps",0
"M_079","bredemeyera.microphylla","Trichoturgus.sp2",0
"M_079","bredemeyera.microphylla","Villa.sp",0
"M_079","bredemeyera.microphylla","Willinkapis.chalybaea",0
"M_079","bredemeyera.microphylla","Xylocopa.augusti",0
"M_079","bredemeyera.microphylla","Xylocopa.atamisquensis",0
"M_079","bredemeyera.microphylla","Xylocopa.splendidula",0
"M_079","bredemeyera.microphylla","Zeta.sp",0
"M_079","buddleja.mendozensis","Acalyptratae.sp2",0
"M_079","buddleja.mendozensis","Acalyptratae.sp4",0
"M_079","buddleja.mendozensis","Acromyrmex.lobicornis",0
"M_079","buddleja.mendozensis","Alloscirtetica.brethesi",0
"M_079","buddleja.mendozensis","Alloscirtetica.sp1",0
"M_079","buddleja.mendozensis","Ammophila.sp",9
"M_079","buddleja.mendozensis","Ananthidium.inerme",0
"M_079","buddleja.mendozensis","Anthidium.friesei",0
"M_079","buddleja.mendozensis","Anthrax.oedipus",0
"M_079","buddleja.mendozensis","Anthidium.rubripes",0
"M_079","buddleja.mendozensis","Anthidium.vigintipunctatum",0
"M_079","buddleja.mendozensis","Anthomyiidae.sp1",0
"M_079","buddleja.mendozensis","Apis.mellifera",0
"M_079","buddleja.mendozensis","Arhysosage.bifasciata",0
"M_079","buddleja.mendozensis","Aristosyrphus.sp",0
"M_079","buddleja.mendozensis","Ascia.monuste",0
"M_079","buddleja.mendozensis","Asilidae.sp1",4
"M_079","buddleja.mendozensis","Asilidae.sp2",0
"M_079","buddleja.mendozensis","Audre.sp",11
"M_079","buddleja.mendozensis","Augochloropsis.sp",19
"M_079","buddleja.mendozensis","Babia.elongata",0
"M_079","buddleja.mendozensis","Bibionidae.sp",16
"M_079","buddleja.mendozensis","Bombus.opifex",0
"M_079","buddleja.mendozensis","Exoprosopa.sp1",2
"M_079","buddleja.mendozensis","Exoprosopa.sp2",0
"M_079","buddleja.mendozensis","Bombyliidae.sp12",2
"M_079","buddleja.mendozensis","Bombyliidae.sp14",0
"M_079","buddleja.mendozensis","Bombyliidae.sp15",0
"M_079","buddleja.mendozensis","Bombyliidae.sp16",0
"M_079","buddleja.mendozensis","Chrysanthrax.sp2",0
"M_079","buddleja.mendozensis","Bombilidae.sp5",0
"M_079","buddleja.mendozensis","Parasystoechus.sp",0
"M_079","buddleja.mendozensis","Poecilognathus.sp",0
"M_079","buddleja.mendozensis","Bombyliidae.sp9",0
"M_079","buddleja.mendozensis","Caenohalictus.sp",5
"M_079","buddleja.mendozensis","Calliopsini.sp1",0
"M_079","buddleja.mendozensis","Camponotus.mus",4
"M_079","buddleja.mendozensis","Camponotus.punctulatus",0
"M_079","buddleja.mendozensis","Centris.brethesi",0
"M_079","buddleja.mendozensis","Centris.lyngbyei",0
"M_079","buddleja.mendozensis","Centris.vardyorum",0
"M_079","buddleja.mendozensis","Chaetocrania.sp",5
"M_079","buddleja.mendozensis","Cochliomyia.macellaria",0
"M_079","buddleja.mendozensis","Coccinelidae.sp1",0
"M_079","buddleja.mendozensis","Coccinela.sp2",0
"M_079","buddleja.mendozensis","Coelioxys.chilensis",0
"M_079","buddleja.mendozensis","Coelioxys.jorgenseni",0
"M_079","buddleja.mendozensis","Coelioxys.sp6",0
"M_079","buddleja.mendozensis","Colletes.araucariae",0
"M_079","buddleja.mendozensis","Colletes.bicolor",0
"M_079","buddleja.mendozensis","Colletes.brethesi",0
"M_079","buddleja.mendozensis","Colletes.cognatus",0
"M_079","buddleja.mendozensis","Colletes.lycii",0
"M_079","buddleja.mendozensis","Compsomyiops.fulvicrura",5
"M_079","buddleja.mendozensis","Copestilum.aricia",87
"M_079","buddleja.mendozensis","Copestilum.sp2",50
"M_079","buddleja.mendozensis","Copestilum.sp3",0
"M_079","buddleja.mendozensis","Cosmosatyrus.chilensis",3
"M_079","buddleja.mendozensis","Crabronidae.sp1",0
"M_079","buddleja.mendozensis","Diadasia.baraderensis",0
"M_079","buddleja.mendozensis","Diadasia.patagonica",0
"M_079","buddleja.mendozensis","Diabrotica.sp",0
"M_079","buddleja.mendozensis","Dialictus.sp",4
"M_079","buddleja.mendozensis","Empididae.sp1",0
"M_079","buddleja.mendozensis","Empididae.sp2",0
"M_079","buddleja.mendozensis","Epitragus.sp",0
"M_079","buddleja.mendozensis","Eumenidae.sp",0
"M_079","buddleja.mendozensis","Chrysanthrax.sp1",7
"M_079","buddleja.mendozensis","Foreluis.sp",0
"M_079","buddleja.mendozensis","Hirmoneura.sp",4
"M_079","buddleja.mendozensis","Hypalastroides.sp",0
"M_079","buddleja.mendozensis","Isepeolus.vachali",1
"M_079","buddleja.mendozensis","Isepeolus.viperinus",0
"M_079","buddleja.mendozensis","Leioproctus.abdominalis",0
"M_079","buddleja.mendozensis","Leioproctus.friesei",0
"M_079","buddleja.mendozensis","Leptometriella.nigra",0
"M_079","buddleja.mendozensis","Lepidoptera.sp11",0
"M_079","buddleja.mendozensis","Lepidoptera.sp12",0
"M_079","buddleja.mendozensis","Lepidoptera.sp3",0
"M_079","buddleja.mendozensis","Lepidoptera.sp4",0
"M_079","buddleja.mendozensis","Liphantus.inornatus",0
"M_079","buddleja.mendozensis","Liphantus.nigritus",0
"M_079","buddleja.mendozensis","Lonchopria.robertsi",1
"M_079","buddleja.mendozensis","Lonchopria.sp",0
"M_079","buddleja.mendozensis","Megachile.leucographa",0
"M_079","buddleja.mendozensis","Megachile.obscurior",0
"M_079","buddleja.mendozensis","Megachile.nigella",0
"M_079","buddleja.mendozensis","Megachile.pseudocentron2",0
"M_079","buddleja.mendozensis","Melectoides.cockerelli",3
"M_079","buddleja.mendozensis","Melissoptila.sp",0
"M_079","buddleja.mendozensis","Mesonychium.jenseni",0
"M_079","buddleja.mendozensis","Muscidae.sp2",0
"M_079","buddleja.mendozensis","neu.sp1",0
"M_079","buddleja.mendozensis","Nitidulidae.sp1",0
"M_079","buddleja.mendozensis","Pyrgus.communis",1
"M_079","buddleja.mendozensis","Platycheirus.sp",0
"M_079","buddleja.mendozensis","Polistes.cavapyta",2
"M_079","buddleja.mendozensis","Pompilidae.sp2",0
"M_079","buddleja.mendozensis","Psaenythia.philantoides",0
"M_079","buddleja.mendozensis","Psaenythia.rufipes",0
"M_079","buddleja.mendozensis","Pseudagapostemon.sp",0
"M_079","buddleja.mendozensis","Rubrica.nasuta",0
"M_079","buddleja.mendozensis","Sarcophagidae.sp1",0
"M_079","buddleja.mendozensis","Sciomyzidae",0
"M_079","buddleja.mendozensis","Sphex.sp2",0
"M_079","buddleja.mendozensis","Sphecidae.sp1",0
"M_079","buddleja.mendozensis","Strymon.eurytulus",19
"M_079","buddleja.mendozensis","Svastrides.bauni",0
"M_079","buddleja.mendozensis","Svastra.sp",0
"M_079","buddleja.mendozensis","Svastrides.zebra",0
"M_079","buddleja.mendozensis","Syrphus.sp1",3
"M_079","buddleja.mendozensis","Syrphidae.sp2",0
"M_079","buddleja.mendozensis","Syrphidae.sp3",0
"M_079","buddleja.mendozensis","Syrphidae.sp5",0
"M_079","buddleja.mendozensis","Syrphidae.sp6",0
"M_079","buddleja.mendozensis","Tachipompillus.sp",0
"M_079","buddleja.mendozensis","Tachinidae.sp10",96
"M_079","buddleja.mendozensis","Tachinidae.sp15",1
"M_079","buddleja.mendozensis","Tachinidae.sp17",0
"M_079","buddleja.mendozensis","Tachinidae.sp5",0
"M_079","buddleja.mendozensis","Tachinidae.sp8",0
"M_079","buddleja.mendozensis","Tachytes.sp",0
"M_079","buddleja.mendozensis","Tatochila.autodice",0
"M_079","buddleja.mendozensis","Tephritidae.sp1",0
"M_079","buddleja.mendozensis","Tephritidae.sp2",0
"M_079","buddleja.mendozensis","Thynnidae.sp",0
"M_079","buddleja.mendozensis","Toxomerus.sp1",0
"M_079","buddleja.mendozensis","Trichothurgus.laticeps",0
"M_079","buddleja.mendozensis","Trichoturgus.sp2",0
"M_079","buddleja.mendozensis","Villa.sp",4
"M_079","buddleja.mendozensis","Willinkapis.chalybaea",0
"M_079","buddleja.mendozensis","Xylocopa.augusti",0
"M_079","buddleja.mendozensis","Xylocopa.atamisquensis",1
"M_079","buddleja.mendozensis","Xylocopa.splendidula",0
"M_079","buddleja.mendozensis","Zeta.sp",1
"M_079","capparis.atamisquea","Acalyptratae.sp2",0
"M_079","capparis.atamisquea","Acalyptratae.sp4",0
"M_079","capparis.atamisquea","Acromyrmex.lobicornis",0
"M_079","capparis.atamisquea","Alloscirtetica.brethesi",0
"M_079","capparis.atamisquea","Alloscirtetica.sp1",0
"M_079","capparis.atamisquea","Ammophila.sp",22
"M_079","capparis.atamisquea","Ananthidium.inerme",3
"M_079","capparis.atamisquea","Anthidium.friesei",0
"M_079","capparis.atamisquea","Anthrax.oedipus",0
"M_079","capparis.atamisquea","Anthidium.rubripes",1
"M_079","capparis.atamisquea","Anthidium.vigintipunctatum",0
"M_079","capparis.atamisquea","Anthomyiidae.sp1",0
"M_079","capparis.atamisquea","Apis.mellifera",74
"M_079","capparis.atamisquea","Arhysosage.bifasciata",0
"M_079","capparis.atamisquea","Aristosyrphus.sp",0
"M_079","capparis.atamisquea","Ascia.monuste",0
"M_079","capparis.atamisquea","Asilidae.sp1",0
"M_079","capparis.atamisquea","Asilidae.sp2",0
"M_079","capparis.atamisquea","Audre.sp",5
"M_079","capparis.atamisquea","Augochloropsis.sp",39
"M_079","capparis.atamisquea","Babia.elongata",0
"M_079","capparis.atamisquea","Bibionidae.sp",0
"M_079","capparis.atamisquea","Bombus.opifex",54
"M_079","capparis.atamisquea","Exoprosopa.sp1",2
"M_079","capparis.atamisquea","Exoprosopa.sp2",3
"M_079","capparis.atamisquea","Bombyliidae.sp12",0
"M_079","capparis.atamisquea","Bombyliidae.sp14",0
"M_079","capparis.atamisquea","Bombyliidae.sp15",0
"M_079","capparis.atamisquea","Bombyliidae.sp16",0
"M_079","capparis.atamisquea","Chrysanthrax.sp2",0
"M_079","capparis.atamisquea","Bombilidae.sp5",1
"M_079","capparis.atamisquea","Parasystoechus.sp",4
"M_079","capparis.atamisquea","Poecilognathus.sp",3
"M_079","capparis.atamisquea","Bombyliidae.sp9",4
"M_079","capparis.atamisquea","Caenohalictus.sp",0
"M_079","capparis.atamisquea","Calliopsini.sp1",0
"M_079","capparis.atamisquea","Camponotus.mus",0
"M_079","capparis.atamisquea","Camponotus.punctulatus",0
"M_079","capparis.atamisquea","Centris.brethesi",244
"M_079","capparis.atamisquea","Centris.lyngbyei",0
"M_079","capparis.atamisquea","Centris.vardyorum",0
"M_079","capparis.atamisquea","Chaetocrania.sp",0
"M_079","capparis.atamisquea","Cochliomyia.macellaria",0
"M_079","capparis.atamisquea","Coccinelidae.sp1",0
"M_079","capparis.atamisquea","Coccinela.sp2",0
"M_079","capparis.atamisquea","Coelioxys.chilensis",1
"M_079","capparis.atamisquea","Coelioxys.jorgenseni",0
"M_079","capparis.atamisquea","Coelioxys.sp6",1
"M_079","capparis.atamisquea","Colletes.araucariae",12
"M_079","capparis.atamisquea","Colletes.bicolor",2
"M_079","capparis.atamisquea","Colletes.brethesi",0
"M_079","capparis.atamisquea","Colletes.cognatus",2
"M_079","capparis.atamisquea","Colletes.lycii",2
"M_079","capparis.atamisquea","Compsomyiops.fulvicrura",2
"M_079","capparis.atamisquea","Copestilum.aricia",78
"M_079","capparis.atamisquea","Copestilum.sp2",7
"M_079","capparis.atamisquea","Copestilum.sp3",0
"M_079","capparis.atamisquea","Cosmosatyrus.chilensis",30
"M_079","capparis.atamisquea","Crabronidae.sp1",0
"M_079","capparis.atamisquea","Diadasia.baraderensis",0
"M_079","capparis.atamisquea","Diadasia.patagonica",2
"M_079","capparis.atamisquea","Diabrotica.sp",0
"M_079","capparis.atamisquea","Dialictus.sp",4
"M_079","capparis.atamisquea","Empididae.sp1",0
"M_079","capparis.atamisquea","Empididae.sp2",0
"M_079","capparis.atamisquea","Epitragus.sp",0
"M_079","capparis.atamisquea","Eumenidae.sp",5
"M_079","capparis.atamisquea","Chrysanthrax.sp1",0
"M_079","capparis.atamisquea","Foreluis.sp",0
"M_079","capparis.atamisquea","Hirmoneura.sp",2
"M_079","capparis.atamisquea","Hypalastroides.sp",0
"M_079","capparis.atamisquea","Isepeolus.vachali",0
"M_079","capparis.atamisquea","Isepeolus.viperinus",0
"M_079","capparis.atamisquea","Leioproctus.abdominalis",0
"M_079","capparis.atamisquea","Leioproctus.friesei",0
"M_079","capparis.atamisquea","Leptometriella.nigra",0
"M_079","capparis.atamisquea","Lepidoptera.sp11",0
"M_079","capparis.atamisquea","Lepidoptera.sp12",0
"M_079","capparis.atamisquea","Lepidoptera.sp3",0
"M_079","capparis.atamisquea","Lepidoptera.sp4",0
"M_079","capparis.atamisquea","Liphantus.inornatus",0
"M_079","capparis.atamisquea","Liphantus.nigritus",0
"M_079","capparis.atamisquea","Lonchopria.robertsi",0
"M_079","capparis.atamisquea","Lonchopria.sp",0
"M_079","capparis.atamisquea","Megachile.leucographa",8
"M_079","capparis.atamisquea","Megachile.obscurior",8
"M_079","capparis.atamisquea","Megachile.nigella",4
"M_079","capparis.atamisquea","Megachile.pseudocentron2",3
"M_079","capparis.atamisquea","Melectoides.cockerelli",0
"M_079","capparis.atamisquea","Melissoptila.sp",0
"M_079","capparis.atamisquea","Mesonychium.jenseni",13
"M_079","capparis.atamisquea","Muscidae.sp2",0
"M_079","capparis.atamisquea","neu.sp1",0
"M_079","capparis.atamisquea","Nitidulidae.sp1",0
"M_079","capparis.atamisquea","Pyrgus.communis",3
"M_079","capparis.atamisquea","Platycheirus.sp",0
"M_079","capparis.atamisquea","Polistes.cavapyta",1
"M_079","capparis.atamisquea","Pompilidae.sp2",0
"M_079","capparis.atamisquea","Psaenythia.philantoides",0
"M_079","capparis.atamisquea","Psaenythia.rufipes",0
"M_079","capparis.atamisquea","Pseudagapostemon.sp",0
"M_079","capparis.atamisquea","Rubrica.nasuta",20
"M_079","capparis.atamisquea","Sarcophagidae.sp1",0
"M_079","capparis.atamisquea","Sciomyzidae",0
"M_079","capparis.atamisquea","Sphex.sp2",11
"M_079","capparis.atamisquea","Sphecidae.sp1",147
"M_079","capparis.atamisquea","Strymon.eurytulus",21
"M_079","capparis.atamisquea","Svastrides.bauni",0
"M_079","capparis.atamisquea","Svastra.sp",0
"M_079","capparis.atamisquea","Svastrides.zebra",2
"M_079","capparis.atamisquea","Syrphus.sp1",0
"M_079","capparis.atamisquea","Syrphidae.sp2",1
"M_079","capparis.atamisquea","Syrphidae.sp3",0
"M_079","capparis.atamisquea","Syrphidae.sp5",0
"M_079","capparis.atamisquea","Syrphidae.sp6",0
"M_079","capparis.atamisquea","Tachipompillus.sp",43
"M_079","capparis.atamisquea","Tachinidae.sp10",3
"M_079","capparis.atamisquea","Tachinidae.sp15",0
"M_079","capparis.atamisquea","Tachinidae.sp17",0
"M_079","capparis.atamisquea","Tachinidae.sp5",0
"M_079","capparis.atamisquea","Tachinidae.sp8",0
"M_079","capparis.atamisquea","Tachytes.sp",0
"M_079","capparis.atamisquea","Tatochila.autodice",0
"M_079","capparis.atamisquea","Tephritidae.sp1",0
"M_079","capparis.atamisquea","Tephritidae.sp2",0
"M_079","capparis.atamisquea","Thynnidae.sp",2
"M_079","capparis.atamisquea","Toxomerus.sp1",0
"M_079","capparis.atamisquea","Trichothurgus.laticeps",0
"M_079","capparis.atamisquea","Trichoturgus.sp2",0
"M_079","capparis.atamisquea","Villa.sp",0
"M_079","capparis.atamisquea","Willinkapis.chalybaea",13
"M_079","capparis.atamisquea","Xylocopa.augusti",0
"M_079","capparis.atamisquea","Xylocopa.atamisquensis",144
"M_079","capparis.atamisquea","Xylocopa.splendidula",11
"M_079","capparis.atamisquea","Zeta.sp",3
"M_079","centaurea.solstialis","Acalyptratae.sp2",0
"M_079","centaurea.solstialis","Acalyptratae.sp4",0
"M_079","centaurea.solstialis","Acromyrmex.lobicornis",0
"M_079","centaurea.solstialis","Alloscirtetica.brethesi",0
"M_079","centaurea.solstialis","Alloscirtetica.sp1",0
"M_079","centaurea.solstialis","Ammophila.sp",19
"M_079","centaurea.solstialis","Ananthidium.inerme",0
"M_079","centaurea.solstialis","Anthidium.friesei",0
"M_079","centaurea.solstialis","Anthrax.oedipus",0
"M_079","centaurea.solstialis","Anthidium.rubripes",0
"M_079","centaurea.solstialis","Anthidium.vigintipunctatum",0
"M_079","centaurea.solstialis","Anthomyiidae.sp1",0
"M_079","centaurea.solstialis","Apis.mellifera",1
"M_079","centaurea.solstialis","Arhysosage.bifasciata",0
"M_079","centaurea.solstialis","Aristosyrphus.sp",0
"M_079","centaurea.solstialis","Ascia.monuste",0
"M_079","centaurea.solstialis","Asilidae.sp1",0
"M_079","centaurea.solstialis","Asilidae.sp2",0
"M_079","centaurea.solstialis","Audre.sp",0
"M_079","centaurea.solstialis","Augochloropsis.sp",11
"M_079","centaurea.solstialis","Babia.elongata",1
"M_079","centaurea.solstialis","Bibionidae.sp",0
"M_079","centaurea.solstialis","Bombus.opifex",11
"M_079","centaurea.solstialis","Exoprosopa.sp1",0
"M_079","centaurea.solstialis","Exoprosopa.sp2",0
"M_079","centaurea.solstialis","Bombyliidae.sp12",0
"M_079","centaurea.solstialis","Bombyliidae.sp14",0
"M_079","centaurea.solstialis","Bombyliidae.sp15",0
"M_079","centaurea.solstialis","Bombyliidae.sp16",0
"M_079","centaurea.solstialis","Chrysanthrax.sp2",2
"M_079","centaurea.solstialis","Bombilidae.sp5",2
"M_079","centaurea.solstialis","Parasystoechus.sp",0
"M_079","centaurea.solstialis","Poecilognathus.sp",26
"M_079","centaurea.solstialis","Bombyliidae.sp9",0
"M_079","centaurea.solstialis","Caenohalictus.sp",0
"M_079","centaurea.solstialis","Calliopsini.sp1",0
"M_079","centaurea.solstialis","Camponotus.mus",1
"M_079","centaurea.solstialis","Camponotus.punctulatus",0
"M_079","centaurea.solstialis","Centris.brethesi",2
"M_079","centaurea.solstialis","Centris.lyngbyei",0
"M_079","centaurea.solstialis","Centris.vardyorum",0
"M_079","centaurea.solstialis","Chaetocrania.sp",0
"M_079","centaurea.solstialis","Cochliomyia.macellaria",0
"M_079","centaurea.solstialis","Coccinelidae.sp1",0
"M_079","centaurea.solstialis","Coccinela.sp2",0
"M_079","centaurea.solstialis","Coelioxys.chilensis",0
"M_079","centaurea.solstialis","Coelioxys.jorgenseni",0
"M_079","centaurea.solstialis","Coelioxys.sp6",0
"M_079","centaurea.solstialis","Colletes.araucariae",0
"M_079","centaurea.solstialis","Colletes.bicolor",0
"M_079","centaurea.solstialis","Colletes.brethesi",0
"M_079","centaurea.solstialis","Colletes.cognatus",0
"M_079","centaurea.solstialis","Colletes.lycii",0
"M_079","centaurea.solstialis","Compsomyiops.fulvicrura",0
"M_079","centaurea.solstialis","Copestilum.aricia",14
"M_079","centaurea.solstialis","Copestilum.sp2",5
"M_079","centaurea.solstialis","Copestilum.sp3",0
"M_079","centaurea.solstialis","Cosmosatyrus.chilensis",25
"M_079","centaurea.solstialis","Crabronidae.sp1",0
"M_079","centaurea.solstialis","Diadasia.baraderensis",0
"M_079","centaurea.solstialis","Diadasia.patagonica",8
"M_079","centaurea.solstialis","Diabrotica.sp",0
"M_079","centaurea.solstialis","Dialictus.sp",7
"M_079","centaurea.solstialis","Empididae.sp1",0
"M_079","centaurea.solstialis","Empididae.sp2",0
"M_079","centaurea.solstialis","Epitragus.sp",0
"M_079","centaurea.solstialis","Eumenidae.sp",0
"M_079","centaurea.solstialis","Chrysanthrax.sp1",0
"M_079","centaurea.solstialis","Foreluis.sp",0
"M_079","centaurea.solstialis","Hirmoneura.sp",0
"M_079","centaurea.solstialis","Hypalastroides.sp",0
"M_079","centaurea.solstialis","Isepeolus.vachali",0
"M_079","centaurea.solstialis","Isepeolus.viperinus",0
"M_079","centaurea.solstialis","Leioproctus.abdominalis",0
"M_079","centaurea.solstialis","Leioproctus.friesei",0
"M_079","centaurea.solstialis","Leptometriella.nigra",0
"M_079","centaurea.solstialis","Lepidoptera.sp11",18
"M_079","centaurea.solstialis","Lepidoptera.sp12",0
"M_079","centaurea.solstialis","Lepidoptera.sp3",0
"M_079","centaurea.solstialis","Lepidoptera.sp4",0
"M_079","centaurea.solstialis","Liphantus.inornatus",0
"M_079","centaurea.solstialis","Liphantus.nigritus",0
"M_079","centaurea.solstialis","Lonchopria.robertsi",0
"M_079","centaurea.solstialis","Lonchopria.sp",0
"M_079","centaurea.solstialis","Megachile.leucographa",0
"M_079","centaurea.solstialis","Megachile.obscurior",0
"M_079","centaurea.solstialis","Megachile.nigella",8
"M_079","centaurea.solstialis","Megachile.pseudocentron2",0
"M_079","centaurea.solstialis","Melectoides.cockerelli",0
"M_079","centaurea.solstialis","Melissoptila.sp",0
"M_079","centaurea.solstialis","Mesonychium.jenseni",24
"M_079","centaurea.solstialis","Muscidae.sp2",0
"M_079","centaurea.solstialis","neu.sp1",0
"M_079","centaurea.solstialis","Nitidulidae.sp1",0
"M_079","centaurea.solstialis","Pyrgus.communis",27
"M_079","centaurea.solstialis","Platycheirus.sp",0
"M_079","centaurea.solstialis","Polistes.cavapyta",0
"M_079","centaurea.solstialis","Pompilidae.sp2",0
"M_079","centaurea.solstialis","Psaenythia.philantoides",1
"M_079","centaurea.solstialis","Psaenythia.rufipes",0
"M_079","centaurea.solstialis","Pseudagapostemon.sp",4
"M_079","centaurea.solstialis","Rubrica.nasuta",0
"M_079","centaurea.solstialis","Sarcophagidae.sp1",0
"M_079","centaurea.solstialis","Sciomyzidae",0
"M_079","centaurea.solstialis","Sphex.sp2",0
"M_079","centaurea.solstialis","Sphecidae.sp1",0
"M_079","centaurea.solstialis","Strymon.eurytulus",1
"M_079","centaurea.solstialis","Svastrides.bauni",0
"M_079","centaurea.solstialis","Svastra.sp",5
"M_079","centaurea.solstialis","Svastrides.zebra",0
"M_079","centaurea.solstialis","Syrphus.sp1",0
"M_079","centaurea.solstialis","Syrphidae.sp2",0
"M_079","centaurea.solstialis","Syrphidae.sp3",0
"M_079","centaurea.solstialis","Syrphidae.sp5",0
"M_079","centaurea.solstialis","Syrphidae.sp6",0
"M_079","centaurea.solstialis","Tachipompillus.sp",0
"M_079","centaurea.solstialis","Tachinidae.sp10",0
"M_079","centaurea.solstialis","Tachinidae.sp15",0
"M_079","centaurea.solstialis","Tachinidae.sp17",0
"M_079","centaurea.solstialis","Tachinidae.sp5",0
"M_079","centaurea.solstialis","Tachinidae.sp8",0
"M_079","centaurea.solstialis","Tachytes.sp",0
"M_079","centaurea.solstialis","Tatochila.autodice",13
"M_079","centaurea.solstialis","Tephritidae.sp1",0
"M_079","centaurea.solstialis","Tephritidae.sp2",0
"M_079","centaurea.solstialis","Thynnidae.sp",0
"M_079","centaurea.solstialis","Toxomerus.sp1",0
"M_079","centaurea.solstialis","Trichothurgus.laticeps",0
"M_079","centaurea.solstialis","Trichoturgus.sp2",0
"M_079","centaurea.solstialis","Villa.sp",0
"M_079","centaurea.solstialis","Willinkapis.chalybaea",0
"M_079","centaurea.solstialis","Xylocopa.augusti",0
"M_079","centaurea.solstialis","Xylocopa.atamisquensis",0
"M_079","centaurea.solstialis","Xylocopa.splendidula",0
"M_079","centaurea.solstialis","Zeta.sp",1
"M_079","cerastium.arvense","Acalyptratae.sp2",1
"M_079","cerastium.arvense","Acalyptratae.sp4",0
"M_079","cerastium.arvense","Acromyrmex.lobicornis",0
"M_079","cerastium.arvense","Alloscirtetica.brethesi",0
"M_079","cerastium.arvense","Alloscirtetica.sp1",0
"M_079","cerastium.arvense","Ammophila.sp",0
"M_079","cerastium.arvense","Ananthidium.inerme",0
"M_079","cerastium.arvense","Anthidium.friesei",0
"M_079","cerastium.arvense","Anthrax.oedipus",0
"M_079","cerastium.arvense","Anthidium.rubripes",0
"M_079","cerastium.arvense","Anthidium.vigintipunctatum",0
"M_079","cerastium.arvense","Anthomyiidae.sp1",0
"M_079","cerastium.arvense","Apis.mellifera",0
"M_079","cerastium.arvense","Arhysosage.bifasciata",0
"M_079","cerastium.arvense","Aristosyrphus.sp",0
"M_079","cerastium.arvense","Ascia.monuste",0
"M_079","cerastium.arvense","Asilidae.sp1",0
"M_079","cerastium.arvense","Asilidae.sp2",0
"M_079","cerastium.arvense","Audre.sp",0
"M_079","cerastium.arvense","Augochloropsis.sp",0
"M_079","cerastium.arvense","Babia.elongata",0
"M_079","cerastium.arvense","Bibionidae.sp",8
"M_079","cerastium.arvense","Bombus.opifex",0
"M_079","cerastium.arvense","Exoprosopa.sp1",0
"M_079","cerastium.arvense","Exoprosopa.sp2",0
"M_079","cerastium.arvense","Bombyliidae.sp12",0
"M_079","cerastium.arvense","Bombyliidae.sp14",0
"M_079","cerastium.arvense","Bombyliidae.sp15",0
"M_079","cerastium.arvense","Bombyliidae.sp16",0
"M_079","cerastium.arvense","Chrysanthrax.sp2",19
"M_079","cerastium.arvense","Bombilidae.sp5",0
"M_079","cerastium.arvense","Parasystoechus.sp",0
"M_079","cerastium.arvense","Poecilognathus.sp",0
"M_079","cerastium.arvense","Bombyliidae.sp9",0
"M_079","cerastium.arvense","Caenohalictus.sp",0
"M_079","cerastium.arvense","Calliopsini.sp1",0
"M_079","cerastium.arvense","Camponotus.mus",0
"M_079","cerastium.arvense","Camponotus.punctulatus",0
"M_079","cerastium.arvense","Centris.brethesi",0
"M_079","cerastium.arvense","Centris.lyngbyei",0
"M_079","cerastium.arvense","Centris.vardyorum",0
"M_079","cerastium.arvense","Chaetocrania.sp",0
"M_079","cerastium.arvense","Cochliomyia.macellaria",0
"M_079","cerastium.arvense","Coccinelidae.sp1",0
"M_079","cerastium.arvense","Coccinela.sp2",0
"M_079","cerastium.arvense","Coelioxys.chilensis",0
"M_079","cerastium.arvense","Coelioxys.jorgenseni",0
"M_079","cerastium.arvense","Coelioxys.sp6",0
"M_079","cerastium.arvense","Colletes.araucariae",0
"M_079","cerastium.arvense","Colletes.bicolor",0
"M_079","cerastium.arvense","Colletes.brethesi",0
"M_079","cerastium.arvense","Colletes.cognatus",0
"M_079","cerastium.arvense","Colletes.lycii",0
"M_079","cerastium.arvense","Compsomyiops.fulvicrura",0
"M_079","cerastium.arvense","Copestilum.aricia",0
"M_079","cerastium.arvense","Copestilum.sp2",1
"M_079","cerastium.arvense","Copestilum.sp3",0
"M_079","cerastium.arvense","Cosmosatyrus.chilensis",0
"M_079","cerastium.arvense","Crabronidae.sp1",0
"M_079","cerastium.arvense","Diadasia.baraderensis",0
"M_079","cerastium.arvense","Diadasia.patagonica",0
"M_079","cerastium.arvense","Diabrotica.sp",0
"M_079","cerastium.arvense","Dialictus.sp",2
"M_079","cerastium.arvense","Empididae.sp1",0
"M_079","cerastium.arvense","Empididae.sp2",0
"M_079","cerastium.arvense","Epitragus.sp",0
"M_079","cerastium.arvense","Eumenidae.sp",0
"M_079","cerastium.arvense","Chrysanthrax.sp1",9
"M_079","cerastium.arvense","Foreluis.sp",0
"M_079","cerastium.arvense","Hirmoneura.sp",0
"M_079","cerastium.arvense","Hypalastroides.sp",0
"M_079","cerastium.arvense","Isepeolus.vachali",0
"M_079","cerastium.arvense","Isepeolus.viperinus",0
"M_079","cerastium.arvense","Leioproctus.abdominalis",0
"M_079","cerastium.arvense","Leioproctus.friesei",0
"M_079","cerastium.arvense","Leptometriella.nigra",0
"M_079","cerastium.arvense","Lepidoptera.sp11",0
"M_079","cerastium.arvense","Lepidoptera.sp12",0
"M_079","cerastium.arvense","Lepidoptera.sp3",0
"M_079","cerastium.arvense","Lepidoptera.sp4",0
"M_079","cerastium.arvense","Liphantus.inornatus",0
"M_079","cerastium.arvense","Liphantus.nigritus",0
"M_079","cerastium.arvense","Lonchopria.robertsi",0
"M_079","cerastium.arvense","Lonchopria.sp",0
"M_079","cerastium.arvense","Megachile.leucographa",0
"M_079","cerastium.arvense","Megachile.obscurior",0
"M_079","cerastium.arvense","Megachile.nigella",0
"M_079","cerastium.arvense","Megachile.pseudocentron2",0
"M_079","cerastium.arvense","Melectoides.cockerelli",0
"M_079","cerastium.arvense","Melissoptila.sp",0
"M_079","cerastium.arvense","Mesonychium.jenseni",0
"M_079","cerastium.arvense","Muscidae.sp2",0
"M_079","cerastium.arvense","neu.sp1",0
"M_079","cerastium.arvense","Nitidulidae.sp1",0
"M_079","cerastium.arvense","Pyrgus.communis",0
"M_079","cerastium.arvense","Platycheirus.sp",0
"M_079","cerastium.arvense","Polistes.cavapyta",0
"M_079","cerastium.arvense","Pompilidae.sp2",0
"M_079","cerastium.arvense","Psaenythia.philantoides",0
"M_079","cerastium.arvense","Psaenythia.rufipes",0
"M_079","cerastium.arvense","Pseudagapostemon.sp",0
"M_079","cerastium.arvense","Rubrica.nasuta",0
"M_079","cerastium.arvense","Sarcophagidae.sp1",0
"M_079","cerastium.arvense","Sciomyzidae",0
"M_079","cerastium.arvense","Sphex.sp2",0
"M_079","cerastium.arvense","Sphecidae.sp1",0
"M_079","cerastium.arvense","Strymon.eurytulus",0
"M_079","cerastium.arvense","Svastrides.bauni",0
"M_079","cerastium.arvense","Svastra.sp",0
"M_079","cerastium.arvense","Svastrides.zebra",0
"M_079","cerastium.arvense","Syrphus.sp1",3
"M_079","cerastium.arvense","Syrphidae.sp2",0
"M_079","cerastium.arvense","Syrphidae.sp3",0
"M_079","cerastium.arvense","Syrphidae.sp5",0
"M_079","cerastium.arvense","Syrphidae.sp6",0
"M_079","cerastium.arvense","Tachipompillus.sp",0
"M_079","cerastium.arvense","Tachinidae.sp10",0
"M_079","cerastium.arvense","Tachinidae.sp15",1
"M_079","cerastium.arvense","Tachinidae.sp17",0
"M_079","cerastium.arvense","Tachinidae.sp5",0
"M_079","cerastium.arvense","Tachinidae.sp8",0
"M_079","cerastium.arvense","Tachytes.sp",0
"M_079","cerastium.arvense","Tatochila.autodice",0
"M_079","cerastium.arvense","Tephritidae.sp1",0
"M_079","cerastium.arvense","Tephritidae.sp2",0
"M_079","cerastium.arvense","Thynnidae.sp",0
"M_079","cerastium.arvense","Toxomerus.sp1",0
"M_079","cerastium.arvense","Trichothurgus.laticeps",0
"M_079","cerastium.arvense","Trichoturgus.sp2",0
"M_079","cerastium.arvense","Villa.sp",0
"M_079","cerastium.arvense","Willinkapis.chalybaea",0
"M_079","cerastium.arvense","Xylocopa.augusti",0
"M_079","cerastium.arvense","Xylocopa.atamisquensis",0
"M_079","cerastium.arvense","Xylocopa.splendidula",0
"M_079","cerastium.arvense","Zeta.sp",0
"M_079","clematis.montevidensis","Acalyptratae.sp2",0
"M_079","clematis.montevidensis","Acalyptratae.sp4",0
"M_079","clematis.montevidensis","Acromyrmex.lobicornis",0
"M_079","clematis.montevidensis","Alloscirtetica.brethesi",0
"M_079","clematis.montevidensis","Alloscirtetica.sp1",0
"M_079","clematis.montevidensis","Ammophila.sp",25
"M_079","clematis.montevidensis","Ananthidium.inerme",0
"M_079","clematis.montevidensis","Anthidium.friesei",0
"M_079","clematis.montevidensis","Anthrax.oedipus",0
"M_079","clematis.montevidensis","Anthidium.rubripes",0
"M_079","clematis.montevidensis","Anthidium.vigintipunctatum",0
"M_079","clematis.montevidensis","Anthomyiidae.sp1",0
"M_079","clematis.montevidensis","Apis.mellifera",0
"M_079","clematis.montevidensis","Arhysosage.bifasciata",0
"M_079","clematis.montevidensis","Aristosyrphus.sp",0
"M_079","clematis.montevidensis","Ascia.monuste",0
"M_079","clematis.montevidensis","Asilidae.sp1",0
"M_079","clematis.montevidensis","Asilidae.sp2",0
"M_079","clematis.montevidensis","Audre.sp",0
"M_079","clematis.montevidensis","Augochloropsis.sp",2
"M_079","clematis.montevidensis","Babia.elongata",0
"M_079","clematis.montevidensis","Bibionidae.sp",0
"M_079","clematis.montevidensis","Bombus.opifex",0
"M_079","clematis.montevidensis","Exoprosopa.sp1",17
"M_079","clematis.montevidensis","Exoprosopa.sp2",14
"M_079","clematis.montevidensis","Bombyliidae.sp12",0
"M_079","clematis.montevidensis","Bombyliidae.sp14",0
"M_079","clematis.montevidensis","Bombyliidae.sp15",0
"M_079","clematis.montevidensis","Bombyliidae.sp16",0
"M_079","clematis.montevidensis","Chrysanthrax.sp2",4
"M_079","clematis.montevidensis","Bombilidae.sp5",0
"M_079","clematis.montevidensis","Parasystoechus.sp",0
"M_079","clematis.montevidensis","Poecilognathus.sp",0
"M_079","clematis.montevidensis","Bombyliidae.sp9",0
"M_079","clematis.montevidensis","Caenohalictus.sp",0
"M_079","clematis.montevidensis","Calliopsini.sp1",0
"M_079","clematis.montevidensis","Camponotus.mus",1
"M_079","clematis.montevidensis","Camponotus.punctulatus",0
"M_079","clematis.montevidensis","Centris.brethesi",0
"M_079","clematis.montevidensis","Centris.lyngbyei",0
"M_079","clematis.montevidensis","Centris.vardyorum",0
"M_079","clematis.montevidensis","Chaetocrania.sp",5
"M_079","clematis.montevidensis","Cochliomyia.macellaria",0
"M_079","clematis.montevidensis","Coccinelidae.sp1",0
"M_079","clematis.montevidensis","Coccinela.sp2",0
"M_079","clematis.montevidensis","Coelioxys.chilensis",0
"M_079","clematis.montevidensis","Coelioxys.jorgenseni",0
"M_079","clematis.montevidensis","Coelioxys.sp6",0
"M_079","clematis.montevidensis","Colletes.araucariae",0
"M_079","clematis.montevidensis","Colletes.bicolor",0
"M_079","clematis.montevidensis","Colletes.brethesi",0
"M_079","clematis.montevidensis","Colletes.cognatus",0
"M_079","clematis.montevidensis","Colletes.lycii",0
"M_079","clematis.montevidensis","Compsomyiops.fulvicrura",2
"M_079","clematis.montevidensis","Copestilum.aricia",5
"M_079","clematis.montevidensis","Copestilum.sp2",4
"M_079","clematis.montevidensis","Copestilum.sp3",0
"M_079","clematis.montevidensis","Cosmosatyrus.chilensis",2
"M_079","clematis.montevidensis","Crabronidae.sp1",0
"M_079","clematis.montevidensis","Diadasia.baraderensis",0
"M_079","clematis.montevidensis","Diadasia.patagonica",3
"M_079","clematis.montevidensis","Diabrotica.sp",0
"M_079","clematis.montevidensis","Dialictus.sp",1
"M_079","clematis.montevidensis","Empididae.sp1",0
"M_079","clematis.montevidensis","Empididae.sp2",0
"M_079","clematis.montevidensis","Epitragus.sp",0
"M_079","clematis.montevidensis","Eumenidae.sp",1
"M_079","clematis.montevidensis","Chrysanthrax.sp1",4
"M_079","clematis.montevidensis","Foreluis.sp",0
"M_079","clematis.montevidensis","Hirmoneura.sp",0
"M_079","clematis.montevidensis","Hypalastroides.sp",0
"M_079","clematis.montevidensis","Isepeolus.vachali",0
"M_079","clematis.montevidensis","Isepeolus.viperinus",0
"M_079","clematis.montevidensis","Leioproctus.abdominalis",0
"M_079","clematis.montevidensis","Leioproctus.friesei",0
"M_079","clematis.montevidensis","Leptometriella.nigra",0
"M_079","clematis.montevidensis","Lepidoptera.sp11",0
"M_079","clematis.montevidensis","Lepidoptera.sp12",0
"M_079","clematis.montevidensis","Lepidoptera.sp3",0
"M_079","clematis.montevidensis","Lepidoptera.sp4",0
"M_079","clematis.montevidensis","Liphantus.inornatus",0
"M_079","clematis.montevidensis","Liphantus.nigritus",0
"M_079","clematis.montevidensis","Lonchopria.robertsi",0
"M_079","clematis.montevidensis","Lonchopria.sp",0
"M_079","clematis.montevidensis","Megachile.leucographa",0
"M_079","clematis.montevidensis","Megachile.obscurior",0
"M_079","clematis.montevidensis","Megachile.nigella",0
"M_079","clematis.montevidensis","Megachile.pseudocentron2",0
"M_079","clematis.montevidensis","Melectoides.cockerelli",0
"M_079","clematis.montevidensis","Melissoptila.sp",0
"M_079","clematis.montevidensis","Mesonychium.jenseni",0
"M_079","clematis.montevidensis","Muscidae.sp2",0
"M_079","clematis.montevidensis","neu.sp1",0
"M_079","clematis.montevidensis","Nitidulidae.sp1",0
"M_079","clematis.montevidensis","Pyrgus.communis",0
"M_079","clematis.montevidensis","Platycheirus.sp",0
"M_079","clematis.montevidensis","Polistes.cavapyta",0
"M_079","clematis.montevidensis","Pompilidae.sp2",0
"M_079","clematis.montevidensis","Psaenythia.philantoides",0
"M_079","clematis.montevidensis","Psaenythia.rufipes",0
"M_079","clematis.montevidensis","Pseudagapostemon.sp",0
"M_079","clematis.montevidensis","Rubrica.nasuta",0
"M_079","clematis.montevidensis","Sarcophagidae.sp1",0
"M_079","clematis.montevidensis","Sciomyzidae",0
"M_079","clematis.montevidensis","Sphex.sp2",0
"M_079","clematis.montevidensis","Sphecidae.sp1",2
"M_079","clematis.montevidensis","Strymon.eurytulus",0
"M_079","clematis.montevidensis","Svastrides.bauni",0
"M_079","clematis.montevidensis","Svastra.sp",0
"M_079","clematis.montevidensis","Svastrides.zebra",0
"M_079","clematis.montevidensis","Syrphus.sp1",0
"M_079","clematis.montevidensis","Syrphidae.sp2",0
"M_079","clematis.montevidensis","Syrphidae.sp3",0
"M_079","clematis.montevidensis","Syrphidae.sp5",0
"M_079","clematis.montevidensis","Syrphidae.sp6",0
"M_079","clematis.montevidensis","Tachipompillus.sp",7
"M_079","clematis.montevidensis","Tachinidae.sp10",7
"M_079","clematis.montevidensis","Tachinidae.sp15",0
"M_079","clematis.montevidensis","Tachinidae.sp17",0
"M_079","clematis.montevidensis","Tachinidae.sp5",0
"M_079","clematis.montevidensis","Tachinidae.sp8",2
"M_079","clematis.montevidensis","Tachytes.sp",0
"M_079","clematis.montevidensis","Tatochila.autodice",0
"M_079","clematis.montevidensis","Tephritidae.sp1",0
"M_079","clematis.montevidensis","Tephritidae.sp2",0
"M_079","clematis.montevidensis","Thynnidae.sp",0
"M_079","clematis.montevidensis","Toxomerus.sp1",0
"M_079","clematis.montevidensis","Trichothurgus.laticeps",0
"M_079","clematis.montevidensis","Trichoturgus.sp2",0
"M_079","clematis.montevidensis","Villa.sp",11
"M_079","clematis.montevidensis","Willinkapis.chalybaea",0
"M_079","clematis.montevidensis","Xylocopa.augusti",0
"M_079","clematis.montevidensis","Xylocopa.atamisquensis",0
"M_079","clematis.montevidensis","Xylocopa.splendidula",0
"M_079","clematis.montevidensis","Zeta.sp",0
"M_079","condalia.microphylla","Acalyptratae.sp2",0
"M_079","condalia.microphylla","Acalyptratae.sp4",0
"M_079","condalia.microphylla","Acromyrmex.lobicornis",0
"M_079","condalia.microphylla","Alloscirtetica.brethesi",0
"M_079","condalia.microphylla","Alloscirtetica.sp1",0
"M_079","condalia.microphylla","Ammophila.sp",17
"M_079","condalia.microphylla","Ananthidium.inerme",0
"M_079","condalia.microphylla","Anthidium.friesei",0
"M_079","condalia.microphylla","Anthrax.oedipus",0
"M_079","condalia.microphylla","Anthidium.rubripes",0
"M_079","condalia.microphylla","Anthidium.vigintipunctatum",0
"M_079","condalia.microphylla","Anthomyiidae.sp1",4
"M_079","condalia.microphylla","Apis.mellifera",757
"M_079","condalia.microphylla","Arhysosage.bifasciata",0
"M_079","condalia.microphylla","Aristosyrphus.sp",16
"M_079","condalia.microphylla","Ascia.monuste",0
"M_079","condalia.microphylla","Asilidae.sp1",12
"M_079","condalia.microphylla","Asilidae.sp2",4
"M_079","condalia.microphylla","Audre.sp",0
"M_079","condalia.microphylla","Augochloropsis.sp",55
"M_079","condalia.microphylla","Babia.elongata",0
"M_079","condalia.microphylla","Bibionidae.sp",0
"M_079","condalia.microphylla","Bombus.opifex",0
"M_079","condalia.microphylla","Exoprosopa.sp1",115
"M_079","condalia.microphylla","Exoprosopa.sp2",172
"M_079","condalia.microphylla","Bombyliidae.sp12",0
"M_079","condalia.microphylla","Bombyliidae.sp14",1
"M_079","condalia.microphylla","Bombyliidae.sp15",0
"M_079","condalia.microphylla","Bombyliidae.sp16",7
"M_079","condalia.microphylla","Chrysanthrax.sp2",84
"M_079","condalia.microphylla","Bombilidae.sp5",0
"M_079","condalia.microphylla","Parasystoechus.sp",4
"M_079","condalia.microphylla","Poecilognathus.sp",0
"M_079","condalia.microphylla","Bombyliidae.sp9",18
"M_079","condalia.microphylla","Caenohalictus.sp",0
"M_079","condalia.microphylla","Calliopsini.sp1",0
"M_079","condalia.microphylla","Camponotus.mus",264
"M_079","condalia.microphylla","Camponotus.punctulatus",178
"M_079","condalia.microphylla","Centris.brethesi",0
"M_079","condalia.microphylla","Centris.lyngbyei",0
"M_079","condalia.microphylla","Centris.vardyorum",0
"M_079","condalia.microphylla","Chaetocrania.sp",5
"M_079","condalia.microphylla","Cochliomyia.macellaria",5
"M_079","condalia.microphylla","Coccinelidae.sp1",0
"M_079","condalia.microphylla","Coccinela.sp2",14
"M_079","condalia.microphylla","Coelioxys.chilensis",0
"M_079","condalia.microphylla","Coelioxys.jorgenseni",0
"M_079","condalia.microphylla","Coelioxys.sp6",0
"M_079","condalia.microphylla","Colletes.araucariae",0
"M_079","condalia.microphylla","Colletes.bicolor",0
"M_079","condalia.microphylla","Colletes.brethesi",0
"M_079","condalia.microphylla","Colletes.cognatus",10
"M_079","condalia.microphylla","Colletes.lycii",0
"M_079","condalia.microphylla","Compsomyiops.fulvicrura",332
"M_079","condalia.microphylla","Copestilum.aricia",950
"M_079","condalia.microphylla","Copestilum.sp2",118
"M_079","condalia.microphylla","Copestilum.sp3",0
"M_079","condalia.microphylla","Cosmosatyrus.chilensis",1
"M_079","condalia.microphylla","Crabronidae.sp1",1
"M_079","condalia.microphylla","Diadasia.baraderensis",0
"M_079","condalia.microphylla","Diadasia.patagonica",0
"M_079","condalia.microphylla","Diabrotica.sp",33
"M_079","condalia.microphylla","Dialictus.sp",57
"M_079","condalia.microphylla","Empididae.sp1",1
"M_079","condalia.microphylla","Empididae.sp2",3
"M_079","condalia.microphylla","Epitragus.sp",0
"M_079","condalia.microphylla","Eumenidae.sp",0
"M_079","condalia.microphylla","Chrysanthrax.sp1",345
"M_079","condalia.microphylla","Foreluis.sp",0
"M_079","condalia.microphylla","Hirmoneura.sp",776
"M_079","condalia.microphylla","Hypalastroides.sp",3
"M_079","condalia.microphylla","Isepeolus.vachali",0
"M_079","condalia.microphylla","Isepeolus.viperinus",0
"M_079","condalia.microphylla","Leioproctus.abdominalis",0
"M_079","condalia.microphylla","Leioproctus.friesei",1
"M_079","condalia.microphylla","Leptometriella.nigra",0
"M_079","condalia.microphylla","Lepidoptera.sp11",0
"M_079","condalia.microphylla","Lepidoptera.sp12",0
"M_079","condalia.microphylla","Lepidoptera.sp3",0
"M_079","condalia.microphylla","Lepidoptera.sp4",0
"M_079","condalia.microphylla","Liphantus.inornatus",0
"M_079","condalia.microphylla","Liphantus.nigritus",0
"M_079","condalia.microphylla","Lonchopria.robertsi",0
"M_079","condalia.microphylla","Lonchopria.sp",0
"M_079","condalia.microphylla","Megachile.leucographa",1
"M_079","condalia.microphylla","Megachile.obscurior",1
"M_079","condalia.microphylla","Megachile.nigella",0
"M_079","condalia.microphylla","Megachile.pseudocentron2",0
"M_079","condalia.microphylla","Melectoides.cockerelli",0
"M_079","condalia.microphylla","Melissoptila.sp",0
"M_079","condalia.microphylla","Mesonychium.jenseni",1
"M_079","condalia.microphylla","Muscidae.sp2",5
"M_079","condalia.microphylla","neu.sp1",2
"M_079","condalia.microphylla","Nitidulidae.sp1",1
"M_079","condalia.microphylla","Pyrgus.communis",0
"M_079","condalia.microphylla","Platycheirus.sp",7
"M_079","condalia.microphylla","Polistes.cavapyta",45
"M_079","condalia.microphylla","Pompilidae.sp2",1
"M_079","condalia.microphylla","Psaenythia.philantoides",4
"M_079","condalia.microphylla","Psaenythia.rufipes",2
"M_079","condalia.microphylla","Pseudagapostemon.sp",1
"M_079","condalia.microphylla","Rubrica.nasuta",0
"M_079","condalia.microphylla","Sarcophagidae.sp1",1
"M_079","condalia.microphylla","Sciomyzidae",1
"M_079","condalia.microphylla","Sphex.sp2",0
"M_079","condalia.microphylla","Sphecidae.sp1",0
"M_079","condalia.microphylla","Strymon.eurytulus",2
"M_079","condalia.microphylla","Svastrides.bauni",0
"M_079","condalia.microphylla","Svastra.sp",0
"M_079","condalia.microphylla","Svastrides.zebra",0
"M_079","condalia.microphylla","Syrphus.sp1",181
"M_079","condalia.microphylla","Syrphidae.sp2",1
"M_079","condalia.microphylla","Syrphidae.sp3",1
"M_079","condalia.microphylla","Syrphidae.sp5",2
"M_079","condalia.microphylla","Syrphidae.sp6",0
"M_079","condalia.microphylla","Tachipompillus.sp",0
"M_079","condalia.microphylla","Tachinidae.sp10",84
"M_079","condalia.microphylla","Tachinidae.sp15",1
"M_079","condalia.microphylla","Tachinidae.sp17",1
"M_079","condalia.microphylla","Tachinidae.sp5",0
"M_079","condalia.microphylla","Tachinidae.sp8",1
"M_079","condalia.microphylla","Tachytes.sp",0
"M_079","condalia.microphylla","Tatochila.autodice",0
"M_079","condalia.microphylla","Tephritidae.sp1",3
"M_079","condalia.microphylla","Tephritidae.sp2",0
"M_079","condalia.microphylla","Thynnidae.sp",69
"M_079","condalia.microphylla","Toxomerus.sp1",0
"M_079","condalia.microphylla","Trichothurgus.laticeps",0
"M_079","condalia.microphylla","Trichoturgus.sp2",0
"M_079","condalia.microphylla","Villa.sp",83
"M_079","condalia.microphylla","Willinkapis.chalybaea",0
"M_079","condalia.microphylla","Xylocopa.augusti",0
"M_079","condalia.microphylla","Xylocopa.atamisquensis",0
"M_079","condalia.microphylla","Xylocopa.splendidula",0
"M_079","condalia.microphylla","Zeta.sp",42
"M_079","descurainia.sp","Acalyptratae.sp2",0
"M_079","descurainia.sp","Acalyptratae.sp4",0
"M_079","descurainia.sp","Acromyrmex.lobicornis",0
"M_079","descurainia.sp","Alloscirtetica.brethesi",0
"M_079","descurainia.sp","Alloscirtetica.sp1",0
"M_079","descurainia.sp","Ammophila.sp",0
"M_079","descurainia.sp","Ananthidium.inerme",0
"M_079","descurainia.sp","Anthidium.friesei",0
"M_079","descurainia.sp","Anthrax.oedipus",0
"M_079","descurainia.sp","Anthidium.rubripes",0
"M_079","descurainia.sp","Anthidium.vigintipunctatum",0
"M_079","descurainia.sp","Anthomyiidae.sp1",0
"M_079","descurainia.sp","Apis.mellifera",0
"M_079","descurainia.sp","Arhysosage.bifasciata",0
"M_079","descurainia.sp","Aristosyrphus.sp",0
"M_079","descurainia.sp","Ascia.monuste",0
"M_079","descurainia.sp","Asilidae.sp1",0
"M_079","descurainia.sp","Asilidae.sp2",0
"M_079","descurainia.sp","Audre.sp",0
"M_079","descurainia.sp","Augochloropsis.sp",0
"M_079","descurainia.sp","Babia.elongata",0
"M_079","descurainia.sp","Bibionidae.sp",0
"M_079","descurainia.sp","Bombus.opifex",0
"M_079","descurainia.sp","Exoprosopa.sp1",0
"M_079","descurainia.sp","Exoprosopa.sp2",0
"M_079","descurainia.sp","Bombyliidae.sp12",0
"M_079","descurainia.sp","Bombyliidae.sp14",0
"M_079","descurainia.sp","Bombyliidae.sp15",0
"M_079","descurainia.sp","Bombyliidae.sp16",0
"M_079","descurainia.sp","Chrysanthrax.sp2",3
"M_079","descurainia.sp","Bombilidae.sp5",0
"M_079","descurainia.sp","Parasystoechus.sp",0
"M_079","descurainia.sp","Poecilognathus.sp",0
"M_079","descurainia.sp","Bombyliidae.sp9",0
"M_079","descurainia.sp","Caenohalictus.sp",0
"M_079","descurainia.sp","Calliopsini.sp1",0
"M_079","descurainia.sp","Camponotus.mus",0
"M_079","descurainia.sp","Camponotus.punctulatus",0
"M_079","descurainia.sp","Centris.brethesi",0
"M_079","descurainia.sp","Centris.lyngbyei",0
"M_079","descurainia.sp","Centris.vardyorum",0
"M_079","descurainia.sp","Chaetocrania.sp",0
"M_079","descurainia.sp","Cochliomyia.macellaria",0
"M_079","descurainia.sp","Coccinelidae.sp1",0
"M_079","descurainia.sp","Coccinela.sp2",0
"M_079","descurainia.sp","Coelioxys.chilensis",0
"M_079","descurainia.sp","Coelioxys.jorgenseni",0
"M_079","descurainia.sp","Coelioxys.sp6",0
"M_079","descurainia.sp","Colletes.araucariae",0
"M_079","descurainia.sp","Colletes.bicolor",0
"M_079","descurainia.sp","Colletes.brethesi",0
"M_079","descurainia.sp","Colletes.cognatus",0
"M_079","descurainia.sp","Colletes.lycii",0
"M_079","descurainia.sp","Compsomyiops.fulvicrura",0
"M_079","descurainia.sp","Copestilum.aricia",0
"M_079","descurainia.sp","Copestilum.sp2",1
"M_079","descurainia.sp","Copestilum.sp3",0
"M_079","descurainia.sp","Cosmosatyrus.chilensis",0
"M_079","descurainia.sp","Crabronidae.sp1",0
"M_079","descurainia.sp","Diadasia.baraderensis",0
"M_079","descurainia.sp","Diadasia.patagonica",0
"M_079","descurainia.sp","Diabrotica.sp",0
"M_079","descurainia.sp","Dialictus.sp",9
"M_079","descurainia.sp","Empididae.sp1",0
"M_079","descurainia.sp","Empididae.sp2",0
"M_079","descurainia.sp","Epitragus.sp",0
"M_079","descurainia.sp","Eumenidae.sp",0
"M_079","descurainia.sp","Chrysanthrax.sp1",0
"M_079","descurainia.sp","Foreluis.sp",0
"M_079","descurainia.sp","Hirmoneura.sp",0
"M_079","descurainia.sp","Hypalastroides.sp",0
"M_079","descurainia.sp","Isepeolus.vachali",0
"M_079","descurainia.sp","Isepeolus.viperinus",0
"M_079","descurainia.sp","Leioproctus.abdominalis",0
"M_079","descurainia.sp","Leioproctus.friesei",0
"M_079","descurainia.sp","Leptometriella.nigra",0
"M_079","descurainia.sp","Lepidoptera.sp11",0
"M_079","descurainia.sp","Lepidoptera.sp12",0
"M_079","descurainia.sp","Lepidoptera.sp3",0
"M_079","descurainia.sp","Lepidoptera.sp4",0
"M_079","descurainia.sp","Liphantus.inornatus",0
"M_079","descurainia.sp","Liphantus.nigritus",0
"M_079","descurainia.sp","Lonchopria.robertsi",0
"M_079","descurainia.sp","Lonchopria.sp",0
"M_079","descurainia.sp","Megachile.leucographa",0
"M_079","descurainia.sp","Megachile.obscurior",0
"M_079","descurainia.sp","Megachile.nigella",0
"M_079","descurainia.sp","Megachile.pseudocentron2",0
"M_079","descurainia.sp","Melectoides.cockerelli",0
"M_079","descurainia.sp","Melissoptila.sp",0
"M_079","descurainia.sp","Mesonychium.jenseni",0
"M_079","descurainia.sp","Muscidae.sp2",0
"M_079","descurainia.sp","neu.sp1",2
"M_079","descurainia.sp","Nitidulidae.sp1",0
"M_079","descurainia.sp","Pyrgus.communis",0
"M_079","descurainia.sp","Platycheirus.sp",0
"M_079","descurainia.sp","Polistes.cavapyta",0
"M_079","descurainia.sp","Pompilidae.sp2",0
"M_079","descurainia.sp","Psaenythia.philantoides",0
"M_079","descurainia.sp","Psaenythia.rufipes",0
"M_079","descurainia.sp","Pseudagapostemon.sp",0
"M_079","descurainia.sp","Rubrica.nasuta",0
"M_079","descurainia.sp","Sarcophagidae.sp1",0
"M_079","descurainia.sp","Sciomyzidae",0
"M_079","descurainia.sp","Sphex.sp2",0
"M_079","descurainia.sp","Sphecidae.sp1",0
"M_079","descurainia.sp","Strymon.eurytulus",0
"M_079","descurainia.sp","Svastrides.bauni",0
"M_079","descurainia.sp","Svastra.sp",0
"M_079","descurainia.sp","Svastrides.zebra",0
"M_079","descurainia.sp","Syrphus.sp1",18
"M_079","descurainia.sp","Syrphidae.sp2",0
"M_079","descurainia.sp","Syrphidae.sp3",0
"M_079","descurainia.sp","Syrphidae.sp5",0
"M_079","descurainia.sp","Syrphidae.sp6",0
"M_079","descurainia.sp","Tachipompillus.sp",0
"M_079","descurainia.sp","Tachinidae.sp10",0
"M_079","descurainia.sp","Tachinidae.sp15",0
"M_079","descurainia.sp","Tachinidae.sp17",0
"M_079","descurainia.sp","Tachinidae.sp5",0
"M_079","descurainia.sp","Tachinidae.sp8",0
"M_079","descurainia.sp","Tachytes.sp",0
"M_079","descurainia.sp","Tatochila.autodice",0
"M_079","descurainia.sp","Tephritidae.sp1",0
"M_079","descurainia.sp","Tephritidae.sp2",0
"M_079","descurainia.sp","Thynnidae.sp",0
"M_079","descurainia.sp","Toxomerus.sp1",0
"M_079","descurainia.sp","Trichothurgus.laticeps",0
"M_079","descurainia.sp","Trichoturgus.sp2",0
"M_079","descurainia.sp","Villa.sp",0
"M_079","descurainia.sp","Willinkapis.chalybaea",0
"M_079","descurainia.sp","Xylocopa.augusti",0
"M_079","descurainia.sp","Xylocopa.atamisquensis",0
"M_079","descurainia.sp","Xylocopa.splendidula",0
"M_079","descurainia.sp","Zeta.sp",0
"M_079","dipyrena.glaberrima","Acalyptratae.sp2",0
"M_079","dipyrena.glaberrima","Acalyptratae.sp4",0
"M_079","dipyrena.glaberrima","Acromyrmex.lobicornis",0
"M_079","dipyrena.glaberrima","Alloscirtetica.brethesi",0
"M_079","dipyrena.glaberrima","Alloscirtetica.sp1",0
"M_079","dipyrena.glaberrima","Ammophila.sp",0
"M_079","dipyrena.glaberrima","Ananthidium.inerme",0
"M_079","dipyrena.glaberrima","Anthidium.friesei",0
"M_079","dipyrena.glaberrima","Anthrax.oedipus",0
"M_079","dipyrena.glaberrima","Anthidium.rubripes",0
"M_079","dipyrena.glaberrima","Anthidium.vigintipunctatum",0
"M_079","dipyrena.glaberrima","Anthomyiidae.sp1",0
"M_079","dipyrena.glaberrima","Apis.mellifera",1
"M_079","dipyrena.glaberrima","Arhysosage.bifasciata",0
"M_079","dipyrena.glaberrima","Aristosyrphus.sp",0
"M_079","dipyrena.glaberrima","Ascia.monuste",0
"M_079","dipyrena.glaberrima","Asilidae.sp1",0
"M_079","dipyrena.glaberrima","Asilidae.sp2",0
"M_079","dipyrena.glaberrima","Audre.sp",0
"M_079","dipyrena.glaberrima","Augochloropsis.sp",7
"M_079","dipyrena.glaberrima","Babia.elongata",0
"M_079","dipyrena.glaberrima","Bibionidae.sp",0
"M_079","dipyrena.glaberrima","Bombus.opifex",0
"M_079","dipyrena.glaberrima","Exoprosopa.sp1",0
"M_079","dipyrena.glaberrima","Exoprosopa.sp2",0
"M_079","dipyrena.glaberrima","Bombyliidae.sp12",0
"M_079","dipyrena.glaberrima","Bombyliidae.sp14",0
"M_079","dipyrena.glaberrima","Bombyliidae.sp15",0
"M_079","dipyrena.glaberrima","Bombyliidae.sp16",0
"M_079","dipyrena.glaberrima","Chrysanthrax.sp2",0
"M_079","dipyrena.glaberrima","Bombilidae.sp5",0
"M_079","dipyrena.glaberrima","Parasystoechus.sp",4
"M_079","dipyrena.glaberrima","Poecilognathus.sp",7
"M_079","dipyrena.glaberrima","Bombyliidae.sp9",0
"M_079","dipyrena.glaberrima","Caenohalictus.sp",0
"M_079","dipyrena.glaberrima","Calliopsini.sp1",0
"M_079","dipyrena.glaberrima","Camponotus.mus",0
"M_079","dipyrena.glaberrima","Camponotus.punctulatus",0
"M_079","dipyrena.glaberrima","Centris.brethesi",0
"M_079","dipyrena.glaberrima","Centris.lyngbyei",0
"M_079","dipyrena.glaberrima","Centris.vardyorum",0
"M_079","dipyrena.glaberrima","Chaetocrania.sp",0
"M_079","dipyrena.glaberrima","Cochliomyia.macellaria",0
"M_079","dipyrena.glaberrima","Coccinelidae.sp1",0
"M_079","dipyrena.glaberrima","Coccinela.sp2",0
"M_079","dipyrena.glaberrima","Coelioxys.chilensis",0
"M_079","dipyrena.glaberrima","Coelioxys.jorgenseni",0
"M_079","dipyrena.glaberrima","Coelioxys.sp6",0
"M_079","dipyrena.glaberrima","Colletes.araucariae",0
"M_079","dipyrena.glaberrima","Colletes.bicolor",0
"M_079","dipyrena.glaberrima","Colletes.brethesi",0
"M_079","dipyrena.glaberrima","Colletes.cognatus",0
"M_079","dipyrena.glaberrima","Colletes.lycii",0
"M_079","dipyrena.glaberrima","Compsomyiops.fulvicrura",0
"M_079","dipyrena.glaberrima","Copestilum.aricia",42
"M_079","dipyrena.glaberrima","Copestilum.sp2",4
"M_079","dipyrena.glaberrima","Copestilum.sp3",0
"M_079","dipyrena.glaberrima","Cosmosatyrus.chilensis",0
"M_079","dipyrena.glaberrima","Crabronidae.sp1",0
"M_079","dipyrena.glaberrima","Diadasia.baraderensis",0
"M_079","dipyrena.glaberrima","Diadasia.patagonica",0
"M_079","dipyrena.glaberrima","Diabrotica.sp",0
"M_079","dipyrena.glaberrima","Dialictus.sp",4
"M_079","dipyrena.glaberrima","Empididae.sp1",0
"M_079","dipyrena.glaberrima","Empididae.sp2",0
"M_079","dipyrena.glaberrima","Epitragus.sp",0
"M_079","dipyrena.glaberrima","Eumenidae.sp",0
"M_079","dipyrena.glaberrima","Chrysanthrax.sp1",0
"M_079","dipyrena.glaberrima","Foreluis.sp",0
"M_079","dipyrena.glaberrima","Hirmoneura.sp",0
"M_079","dipyrena.glaberrima","Hypalastroides.sp",0
"M_079","dipyrena.glaberrima","Isepeolus.vachali",0
"M_079","dipyrena.glaberrima","Isepeolus.viperinus",0
"M_079","dipyrena.glaberrima","Leioproctus.abdominalis",0
"M_079","dipyrena.glaberrima","Leioproctus.friesei",0
"M_079","dipyrena.glaberrima","Leptometriella.nigra",0
"M_079","dipyrena.glaberrima","Lepidoptera.sp11",8
"M_079","dipyrena.glaberrima","Lepidoptera.sp12",14
"M_079","dipyrena.glaberrima","Lepidoptera.sp3",0
"M_079","dipyrena.glaberrima","Lepidoptera.sp4",0
"M_079","dipyrena.glaberrima","Liphantus.inornatus",0
"M_079","dipyrena.glaberrima","Liphantus.nigritus",0
"M_079","dipyrena.glaberrima","Lonchopria.robertsi",0
"M_079","dipyrena.glaberrima","Lonchopria.sp",0
"M_079","dipyrena.glaberrima","Megachile.leucographa",0
"M_079","dipyrena.glaberrima","Megachile.obscurior",0
"M_079","dipyrena.glaberrima","Megachile.nigella",0
"M_079","dipyrena.glaberrima","Megachile.pseudocentron2",0
"M_079","dipyrena.glaberrima","Melectoides.cockerelli",0
"M_079","dipyrena.glaberrima","Melissoptila.sp",0
"M_079","dipyrena.glaberrima","Mesonychium.jenseni",0
"M_079","dipyrena.glaberrima","Muscidae.sp2",0
"M_079","dipyrena.glaberrima","neu.sp1",0
"M_079","dipyrena.glaberrima","Nitidulidae.sp1",0
"M_079","dipyrena.glaberrima","Pyrgus.communis",0
"M_079","dipyrena.glaberrima","Platycheirus.sp",0
"M_079","dipyrena.glaberrima","Polistes.cavapyta",0
"M_079","dipyrena.glaberrima","Pompilidae.sp2",0
"M_079","dipyrena.glaberrima","Psaenythia.philantoides",0
"M_079","dipyrena.glaberrima","Psaenythia.rufipes",0
"M_079","dipyrena.glaberrima","Pseudagapostemon.sp",0
"M_079","dipyrena.glaberrima","Rubrica.nasuta",0
"M_079","dipyrena.glaberrima","Sarcophagidae.sp1",0
"M_079","dipyrena.glaberrima","Sciomyzidae",0
"M_079","dipyrena.glaberrima","Sphex.sp2",0
"M_079","dipyrena.glaberrima","Sphecidae.sp1",0
"M_079","dipyrena.glaberrima","Strymon.eurytulus",1
"M_079","dipyrena.glaberrima","Svastrides.bauni",0
"M_079","dipyrena.glaberrima","Svastra.sp",0
"M_079","dipyrena.glaberrima","Svastrides.zebra",0
"M_079","dipyrena.glaberrima","Syrphus.sp1",0
"M_079","dipyrena.glaberrima","Syrphidae.sp2",0
"M_079","dipyrena.glaberrima","Syrphidae.sp3",0
"M_079","dipyrena.glaberrima","Syrphidae.sp5",0
"M_079","dipyrena.glaberrima","Syrphidae.sp6",0
"M_079","dipyrena.glaberrima","Tachipompillus.sp",0
"M_079","dipyrena.glaberrima","Tachinidae.sp10",0
"M_079","dipyrena.glaberrima","Tachinidae.sp15",0
"M_079","dipyrena.glaberrima","Tachinidae.sp17",0
"M_079","dipyrena.glaberrima","Tachinidae.sp5",0
"M_079","dipyrena.glaberrima","Tachinidae.sp8",0
"M_079","dipyrena.glaberrima","Tachytes.sp",0
"M_079","dipyrena.glaberrima","Tatochila.autodice",0
"M_079","dipyrena.glaberrima","Tephritidae.sp1",0
"M_079","dipyrena.glaberrima","Tephritidae.sp2",0
"M_079","dipyrena.glaberrima","Thynnidae.sp",0
"M_079","dipyrena.glaberrima","Toxomerus.sp1",0
"M_079","dipyrena.glaberrima","Trichothurgus.laticeps",0
"M_079","dipyrena.glaberrima","Trichoturgus.sp2",0
"M_079","dipyrena.glaberrima","Villa.sp",0
"M_079","dipyrena.glaberrima","Willinkapis.chalybaea",0
"M_079","dipyrena.glaberrima","Xylocopa.augusti",0
"M_079","dipyrena.glaberrima","Xylocopa.atamisquensis",0
"M_079","dipyrena.glaberrima","Xylocopa.splendidula",0
"M_079","dipyrena.glaberrima","Zeta.sp",0
"M_079","erodium.cicatarium","Acalyptratae.sp2",0
"M_079","erodium.cicatarium","Acalyptratae.sp4",0
"M_079","erodium.cicatarium","Acromyrmex.lobicornis",0
"M_079","erodium.cicatarium","Alloscirtetica.brethesi",0
"M_079","erodium.cicatarium","Alloscirtetica.sp1",0
"M_079","erodium.cicatarium","Ammophila.sp",0
"M_079","erodium.cicatarium","Ananthidium.inerme",0
"M_079","erodium.cicatarium","Anthidium.friesei",0
"M_079","erodium.cicatarium","Anthrax.oedipus",0
"M_079","erodium.cicatarium","Anthidium.rubripes",0
"M_079","erodium.cicatarium","Anthidium.vigintipunctatum",0
"M_079","erodium.cicatarium","Anthomyiidae.sp1",0
"M_079","erodium.cicatarium","Apis.mellifera",49
"M_079","erodium.cicatarium","Arhysosage.bifasciata",0
"M_079","erodium.cicatarium","Aristosyrphus.sp",0
"M_079","erodium.cicatarium","Ascia.monuste",0
"M_079","erodium.cicatarium","Asilidae.sp1",0
"M_079","erodium.cicatarium","Asilidae.sp2",0
"M_079","erodium.cicatarium","Audre.sp",0
"M_079","erodium.cicatarium","Augochloropsis.sp",0
"M_079","erodium.cicatarium","Babia.elongata",0
"M_079","erodium.cicatarium","Bibionidae.sp",0
"M_079","erodium.cicatarium","Bombus.opifex",0
"M_079","erodium.cicatarium","Exoprosopa.sp1",1
"M_079","erodium.cicatarium","Exoprosopa.sp2",0
"M_079","erodium.cicatarium","Bombyliidae.sp12",0
"M_079","erodium.cicatarium","Bombyliidae.sp14",0
"M_079","erodium.cicatarium","Bombyliidae.sp15",0
"M_079","erodium.cicatarium","Bombyliidae.sp16",0
"M_079","erodium.cicatarium","Chrysanthrax.sp2",0
"M_079","erodium.cicatarium","Bombilidae.sp5",0
"M_079","erodium.cicatarium","Parasystoechus.sp",0
"M_079","erodium.cicatarium","Poecilognathus.sp",0
"M_079","erodium.cicatarium","Bombyliidae.sp9",0
"M_079","erodium.cicatarium","Caenohalictus.sp",0
"M_079","erodium.cicatarium","Calliopsini.sp1",0
"M_079","erodium.cicatarium","Camponotus.mus",0
"M_079","erodium.cicatarium","Camponotus.punctulatus",1
"M_079","erodium.cicatarium","Centris.brethesi",0
"M_079","erodium.cicatarium","Centris.lyngbyei",0
"M_079","erodium.cicatarium","Centris.vardyorum",0
"M_079","erodium.cicatarium","Chaetocrania.sp",0
"M_079","erodium.cicatarium","Cochliomyia.macellaria",0
"M_079","erodium.cicatarium","Coccinelidae.sp1",0
"M_079","erodium.cicatarium","Coccinela.sp2",0
"M_079","erodium.cicatarium","Coelioxys.chilensis",0
"M_079","erodium.cicatarium","Coelioxys.jorgenseni",0
"M_079","erodium.cicatarium","Coelioxys.sp6",0
"M_079","erodium.cicatarium","Colletes.araucariae",0
"M_079","erodium.cicatarium","Colletes.bicolor",0
"M_079","erodium.cicatarium","Colletes.brethesi",0
"M_079","erodium.cicatarium","Colletes.cognatus",0
"M_079","erodium.cicatarium","Colletes.lycii",0
"M_079","erodium.cicatarium","Compsomyiops.fulvicrura",0
"M_079","erodium.cicatarium","Copestilum.aricia",0
"M_079","erodium.cicatarium","Copestilum.sp2",0
"M_079","erodium.cicatarium","Copestilum.sp3",0
"M_079","erodium.cicatarium","Cosmosatyrus.chilensis",0
"M_079","erodium.cicatarium","Crabronidae.sp1",0
"M_079","erodium.cicatarium","Diadasia.baraderensis",0
"M_079","erodium.cicatarium","Diadasia.patagonica",0
"M_079","erodium.cicatarium","Diabrotica.sp",0
"M_079","erodium.cicatarium","Dialictus.sp",0
"M_079","erodium.cicatarium","Empididae.sp1",0
"M_079","erodium.cicatarium","Empididae.sp2",0
"M_079","erodium.cicatarium","Epitragus.sp",0
"M_079","erodium.cicatarium","Eumenidae.sp",0
"M_079","erodium.cicatarium","Chrysanthrax.sp1",0
"M_079","erodium.cicatarium","Foreluis.sp",0
"M_079","erodium.cicatarium","Hirmoneura.sp",0
"M_079","erodium.cicatarium","Hypalastroides.sp",0
"M_079","erodium.cicatarium","Isepeolus.vachali",0
"M_079","erodium.cicatarium","Isepeolus.viperinus",0
"M_079","erodium.cicatarium","Leioproctus.abdominalis",0
"M_079","erodium.cicatarium","Leioproctus.friesei",0
"M_079","erodium.cicatarium","Leptometriella.nigra",0
"M_079","erodium.cicatarium","Lepidoptera.sp11",0
"M_079","erodium.cicatarium","Lepidoptera.sp12",0
"M_079","erodium.cicatarium","Lepidoptera.sp3",0
"M_079","erodium.cicatarium","Lepidoptera.sp4",0
"M_079","erodium.cicatarium","Liphantus.inornatus",0
"M_079","erodium.cicatarium","Liphantus.nigritus",0
"M_079","erodium.cicatarium","Lonchopria.robertsi",0
"M_079","erodium.cicatarium","Lonchopria.sp",0
"M_079","erodium.cicatarium","Megachile.leucographa",0
"M_079","erodium.cicatarium","Megachile.obscurior",0
"M_079","erodium.cicatarium","Megachile.nigella",0
"M_079","erodium.cicatarium","Megachile.pseudocentron2",0
"M_079","erodium.cicatarium","Melectoides.cockerelli",0
"M_079","erodium.cicatarium","Melissoptila.sp",0
"M_079","erodium.cicatarium","Mesonychium.jenseni",0
"M_079","erodium.cicatarium","Muscidae.sp2",0
"M_079","erodium.cicatarium","neu.sp1",0
"M_079","erodium.cicatarium","Nitidulidae.sp1",0
"M_079","erodium.cicatarium","Pyrgus.communis",0
"M_079","erodium.cicatarium","Platycheirus.sp",0
"M_079","erodium.cicatarium","Polistes.cavapyta",0
"M_079","erodium.cicatarium","Pompilidae.sp2",0
"M_079","erodium.cicatarium","Psaenythia.philantoides",0
"M_079","erodium.cicatarium","Psaenythia.rufipes",0
"M_079","erodium.cicatarium","Pseudagapostemon.sp",0
"M_079","erodium.cicatarium","Rubrica.nasuta",0
"M_079","erodium.cicatarium","Sarcophagidae.sp1",0
"M_079","erodium.cicatarium","Sciomyzidae",0
"M_079","erodium.cicatarium","Sphex.sp2",0
"M_079","erodium.cicatarium","Sphecidae.sp1",0
"M_079","erodium.cicatarium","Strymon.eurytulus",1
"M_079","erodium.cicatarium","Svastrides.bauni",0
"M_079","erodium.cicatarium","Svastra.sp",0
"M_079","erodium.cicatarium","Svastrides.zebra",0
"M_079","erodium.cicatarium","Syrphus.sp1",33
"M_079","erodium.cicatarium","Syrphidae.sp2",0
"M_079","erodium.cicatarium","Syrphidae.sp3",0
"M_079","erodium.cicatarium","Syrphidae.sp5",0
"M_079","erodium.cicatarium","Syrphidae.sp6",0
"M_079","erodium.cicatarium","Tachipompillus.sp",0
"M_079","erodium.cicatarium","Tachinidae.sp10",0
"M_079","erodium.cicatarium","Tachinidae.sp15",0
"M_079","erodium.cicatarium","Tachinidae.sp17",0
"M_079","erodium.cicatarium","Tachinidae.sp5",0
"M_079","erodium.cicatarium","Tachinidae.sp8",0
"M_079","erodium.cicatarium","Tachytes.sp",0
"M_079","erodium.cicatarium","Tatochila.autodice",9
"M_079","erodium.cicatarium","Tephritidae.sp1",0
"M_079","erodium.cicatarium","Tephritidae.sp2",0
"M_079","erodium.cicatarium","Thynnidae.sp",0
"M_079","erodium.cicatarium","Toxomerus.sp1",0
"M_079","erodium.cicatarium","Trichothurgus.laticeps",0
"M_079","erodium.cicatarium","Trichoturgus.sp2",0
"M_079","erodium.cicatarium","Villa.sp",0
"M_079","erodium.cicatarium","Willinkapis.chalybaea",0
"M_079","erodium.cicatarium","Xylocopa.augusti",0
"M_079","erodium.cicatarium","Xylocopa.atamisquensis",0
"M_079","erodium.cicatarium","Xylocopa.splendidula",0
"M_079","erodium.cicatarium","Zeta.sp",0
"M_079","fumaria.capreolata","Acalyptratae.sp2",0
"M_079","fumaria.capreolata","Acalyptratae.sp4",0
"M_079","fumaria.capreolata","Acromyrmex.lobicornis",0
"M_079","fumaria.capreolata","Alloscirtetica.brethesi",0
"M_079","fumaria.capreolata","Alloscirtetica.sp1",0
"M_079","fumaria.capreolata","Ammophila.sp",0
"M_079","fumaria.capreolata","Ananthidium.inerme",0
"M_079","fumaria.capreolata","Anthidium.friesei",0
"M_079","fumaria.capreolata","Anthrax.oedipus",0
"M_079","fumaria.capreolata","Anthidium.rubripes",0
"M_079","fumaria.capreolata","Anthidium.vigintipunctatum",0
"M_079","fumaria.capreolata","Anthomyiidae.sp1",0
"M_079","fumaria.capreolata","Apis.mellifera",0
"M_079","fumaria.capreolata","Arhysosage.bifasciata",0
"M_079","fumaria.capreolata","Aristosyrphus.sp",0
"M_079","fumaria.capreolata","Ascia.monuste",0
"M_079","fumaria.capreolata","Asilidae.sp1",0
"M_079","fumaria.capreolata","Asilidae.sp2",0
"M_079","fumaria.capreolata","Audre.sp",0
"M_079","fumaria.capreolata","Augochloropsis.sp",0
"M_079","fumaria.capreolata","Babia.elongata",0
"M_079","fumaria.capreolata","Bibionidae.sp",0
"M_079","fumaria.capreolata","Bombus.opifex",0
"M_079","fumaria.capreolata","Exoprosopa.sp1",0
"M_079","fumaria.capreolata","Exoprosopa.sp2",0
"M_079","fumaria.capreolata","Bombyliidae.sp12",0
"M_079","fumaria.capreolata","Bombyliidae.sp14",0
"M_079","fumaria.capreolata","Bombyliidae.sp15",0
"M_079","fumaria.capreolata","Bombyliidae.sp16",0
"M_079","fumaria.capreolata","Chrysanthrax.sp2",0
"M_079","fumaria.capreolata","Bombilidae.sp5",0
"M_079","fumaria.capreolata","Parasystoechus.sp",0
"M_079","fumaria.capreolata","Poecilognathus.sp",0
"M_079","fumaria.capreolata","Bombyliidae.sp9",0
"M_079","fumaria.capreolata","Caenohalictus.sp",0
"M_079","fumaria.capreolata","Calliopsini.sp1",0
"M_079","fumaria.capreolata","Camponotus.mus",0
"M_079","fumaria.capreolata","Camponotus.punctulatus",0
"M_079","fumaria.capreolata","Centris.brethesi",0
"M_079","fumaria.capreolata","Centris.lyngbyei",0
"M_079","fumaria.capreolata","Centris.vardyorum",0
"M_079","fumaria.capreolata","Chaetocrania.sp",2
"M_079","fumaria.capreolata","Cochliomyia.macellaria",0
"M_079","fumaria.capreolata","Coccinelidae.sp1",0
"M_079","fumaria.capreolata","Coccinela.sp2",0
"M_079","fumaria.capreolata","Coelioxys.chilensis",0
"M_079","fumaria.capreolata","Coelioxys.jorgenseni",0
"M_079","fumaria.capreolata","Coelioxys.sp6",0
"M_079","fumaria.capreolata","Colletes.araucariae",0
"M_079","fumaria.capreolata","Colletes.bicolor",0
"M_079","fumaria.capreolata","Colletes.brethesi",0
"M_079","fumaria.capreolata","Colletes.cognatus",0
"M_079","fumaria.capreolata","Colletes.lycii",0
"M_079","fumaria.capreolata","Compsomyiops.fulvicrura",0
"M_079","fumaria.capreolata","Copestilum.aricia",0
"M_079","fumaria.capreolata","Copestilum.sp2",1
"M_079","fumaria.capreolata","Copestilum.sp3",0
"M_079","fumaria.capreolata","Cosmosatyrus.chilensis",0
"M_079","fumaria.capreolata","Crabronidae.sp1",0
"M_079","fumaria.capreolata","Diadasia.baraderensis",0
"M_079","fumaria.capreolata","Diadasia.patagonica",0
"M_079","fumaria.capreolata","Diabrotica.sp",0
"M_079","fumaria.capreolata","Dialictus.sp",0
"M_079","fumaria.capreolata","Empididae.sp1",0
"M_079","fumaria.capreolata","Empididae.sp2",0
"M_079","fumaria.capreolata","Epitragus.sp",0
"M_079","fumaria.capreolata","Eumenidae.sp",0
"M_079","fumaria.capreolata","Chrysanthrax.sp1",0
"M_079","fumaria.capreolata","Foreluis.sp",0
"M_079","fumaria.capreolata","Hirmoneura.sp",0
"M_079","fumaria.capreolata","Hypalastroides.sp",0
"M_079","fumaria.capreolata","Isepeolus.vachali",0
"M_079","fumaria.capreolata","Isepeolus.viperinus",0
"M_079","fumaria.capreolata","Leioproctus.abdominalis",0
"M_079","fumaria.capreolata","Leioproctus.friesei",0
"M_079","fumaria.capreolata","Leptometriella.nigra",0
"M_079","fumaria.capreolata","Lepidoptera.sp11",0
"M_079","fumaria.capreolata","Lepidoptera.sp12",0
"M_079","fumaria.capreolata","Lepidoptera.sp3",0
"M_079","fumaria.capreolata","Lepidoptera.sp4",0
"M_079","fumaria.capreolata","Liphantus.inornatus",0
"M_079","fumaria.capreolata","Liphantus.nigritus",0
"M_079","fumaria.capreolata","Lonchopria.robertsi",0
"M_079","fumaria.capreolata","Lonchopria.sp",0
"M_079","fumaria.capreolata","Megachile.leucographa",0
"M_079","fumaria.capreolata","Megachile.obscurior",0
"M_079","fumaria.capreolata","Megachile.nigella",0
"M_079","fumaria.capreolata","Megachile.pseudocentron2",0
"M_079","fumaria.capreolata","Melectoides.cockerelli",0
"M_079","fumaria.capreolata","Melissoptila.sp",0
"M_079","fumaria.capreolata","Mesonychium.jenseni",0
"M_079","fumaria.capreolata","Muscidae.sp2",0
"M_079","fumaria.capreolata","neu.sp1",0
"M_079","fumaria.capreolata","Nitidulidae.sp1",0
"M_079","fumaria.capreolata","Pyrgus.communis",0
"M_079","fumaria.capreolata","Platycheirus.sp",0
"M_079","fumaria.capreolata","Polistes.cavapyta",0
"M_079","fumaria.capreolata","Pompilidae.sp2",0
"M_079","fumaria.capreolata","Psaenythia.philantoides",0
"M_079","fumaria.capreolata","Psaenythia.rufipes",0
"M_079","fumaria.capreolata","Pseudagapostemon.sp",0
"M_079","fumaria.capreolata","Rubrica.nasuta",0
"M_079","fumaria.capreolata","Sarcophagidae.sp1",0
"M_079","fumaria.capreolata","Sciomyzidae",0
"M_079","fumaria.capreolata","Sphex.sp2",0
"M_079","fumaria.capreolata","Sphecidae.sp1",0
"M_079","fumaria.capreolata","Strymon.eurytulus",0
"M_079","fumaria.capreolata","Svastrides.bauni",0
"M_079","fumaria.capreolata","Svastra.sp",0
"M_079","fumaria.capreolata","Svastrides.zebra",0
"M_079","fumaria.capreolata","Syrphus.sp1",0
"M_079","fumaria.capreolata","Syrphidae.sp2",0
"M_079","fumaria.capreolata","Syrphidae.sp3",0
"M_079","fumaria.capreolata","Syrphidae.sp5",0
"M_079","fumaria.capreolata","Syrphidae.sp6",0
"M_079","fumaria.capreolata","Tachipompillus.sp",0
"M_079","fumaria.capreolata","Tachinidae.sp10",0
"M_079","fumaria.capreolata","Tachinidae.sp15",0
"M_079","fumaria.capreolata","Tachinidae.sp17",0
"M_079","fumaria.capreolata","Tachinidae.sp5",0
"M_079","fumaria.capreolata","Tachinidae.sp8",0
"M_079","fumaria.capreolata","Tachytes.sp",0
"M_079","fumaria.capreolata","Tatochila.autodice",2
"M_079","fumaria.capreolata","Tephritidae.sp1",0
"M_079","fumaria.capreolata","Tephritidae.sp2",0
"M_079","fumaria.capreolata","Thynnidae.sp",0
"M_079","fumaria.capreolata","Toxomerus.sp1",0
"M_079","fumaria.capreolata","Trichothurgus.laticeps",0
"M_079","fumaria.capreolata","Trichoturgus.sp2",0
"M_079","fumaria.capreolata","Villa.sp",0
"M_079","fumaria.capreolata","Willinkapis.chalybaea",0
"M_079","fumaria.capreolata","Xylocopa.augusti",0
"M_079","fumaria.capreolata","Xylocopa.atamisquensis",0
"M_079","fumaria.capreolata","Xylocopa.splendidula",0
"M_079","fumaria.capreolata","Zeta.sp",0
"M_079","helenium.donianum","Acalyptratae.sp2",0
"M_079","helenium.donianum","Acalyptratae.sp4",0
"M_079","helenium.donianum","Acromyrmex.lobicornis",0
"M_079","helenium.donianum","Alloscirtetica.brethesi",0
"M_079","helenium.donianum","Alloscirtetica.sp1",0
"M_079","helenium.donianum","Ammophila.sp",31
"M_079","helenium.donianum","Ananthidium.inerme",0
"M_079","helenium.donianum","Anthidium.friesei",0
"M_079","helenium.donianum","Anthrax.oedipus",0
"M_079","helenium.donianum","Anthidium.rubripes",2
"M_079","helenium.donianum","Anthidium.vigintipunctatum",0
"M_079","helenium.donianum","Anthomyiidae.sp1",0
"M_079","helenium.donianum","Apis.mellifera",15
"M_079","helenium.donianum","Arhysosage.bifasciata",0
"M_079","helenium.donianum","Aristosyrphus.sp",0
"M_079","helenium.donianum","Ascia.monuste",0
"M_079","helenium.donianum","Asilidae.sp1",0
"M_079","helenium.donianum","Asilidae.sp2",0
"M_079","helenium.donianum","Audre.sp",4
"M_079","helenium.donianum","Augochloropsis.sp",55
"M_079","helenium.donianum","Babia.elongata",0
"M_079","helenium.donianum","Bibionidae.sp",0
"M_079","helenium.donianum","Bombus.opifex",3
"M_079","helenium.donianum","Exoprosopa.sp1",0
"M_079","helenium.donianum","Exoprosopa.sp2",0
"M_079","helenium.donianum","Bombyliidae.sp12",0
"M_079","helenium.donianum","Bombyliidae.sp14",0
"M_079","helenium.donianum","Bombyliidae.sp15",0
"M_079","helenium.donianum","Bombyliidae.sp16",0
"M_079","helenium.donianum","Chrysanthrax.sp2",2
"M_079","helenium.donianum","Bombilidae.sp5",0
"M_079","helenium.donianum","Parasystoechus.sp",0
"M_079","helenium.donianum","Poecilognathus.sp",21
"M_079","helenium.donianum","Bombyliidae.sp9",0
"M_079","helenium.donianum","Caenohalictus.sp",0
"M_079","helenium.donianum","Calliopsini.sp1",0
"M_079","helenium.donianum","Camponotus.mus",0
"M_079","helenium.donianum","Camponotus.punctulatus",0
"M_079","helenium.donianum","Centris.brethesi",0
"M_079","helenium.donianum","Centris.lyngbyei",0
"M_079","helenium.donianum","Centris.vardyorum",0
"M_079","helenium.donianum","Chaetocrania.sp",0
"M_079","helenium.donianum","Cochliomyia.macellaria",0
"M_079","helenium.donianum","Coccinelidae.sp1",0
"M_079","helenium.donianum","Coccinela.sp2",0
"M_079","helenium.donianum","Coelioxys.chilensis",0
"M_079","helenium.donianum","Coelioxys.jorgenseni",0
"M_079","helenium.donianum","Coelioxys.sp6",0
"M_079","helenium.donianum","Colletes.araucariae",1
"M_079","helenium.donianum","Colletes.bicolor",0
"M_079","helenium.donianum","Colletes.brethesi",0
"M_079","helenium.donianum","Colletes.cognatus",0
"M_079","helenium.donianum","Colletes.lycii",0
"M_079","helenium.donianum","Compsomyiops.fulvicrura",0
"M_079","helenium.donianum","Copestilum.aricia",4
"M_079","helenium.donianum","Copestilum.sp2",9
"M_079","helenium.donianum","Copestilum.sp3",0
"M_079","helenium.donianum","Cosmosatyrus.chilensis",13
"M_079","helenium.donianum","Crabronidae.sp1",0
"M_079","helenium.donianum","Diadasia.baraderensis",0
"M_079","helenium.donianum","Diadasia.patagonica",4
"M_079","helenium.donianum","Diabrotica.sp",2
"M_079","helenium.donianum","Dialictus.sp",15
"M_079","helenium.donianum","Empididae.sp1",0
"M_079","helenium.donianum","Empididae.sp2",0
"M_079","helenium.donianum","Epitragus.sp",0
"M_079","helenium.donianum","Eumenidae.sp",0
"M_079","helenium.donianum","Chrysanthrax.sp1",0
"M_079","helenium.donianum","Foreluis.sp",0
"M_079","helenium.donianum","Hirmoneura.sp",0
"M_079","helenium.donianum","Hypalastroides.sp",0
"M_079","helenium.donianum","Isepeolus.vachali",1
"M_079","helenium.donianum","Isepeolus.viperinus",0
"M_079","helenium.donianum","Leioproctus.abdominalis",0
"M_079","helenium.donianum","Leioproctus.friesei",0
"M_079","helenium.donianum","Leptometriella.nigra",1
"M_079","helenium.donianum","Lepidoptera.sp11",0
"M_079","helenium.donianum","Lepidoptera.sp12",0
"M_079","helenium.donianum","Lepidoptera.sp3",2
"M_079","helenium.donianum","Lepidoptera.sp4",0
"M_079","helenium.donianum","Liphantus.inornatus",0
"M_079","helenium.donianum","Liphantus.nigritus",0
"M_079","helenium.donianum","Lonchopria.robertsi",0
"M_079","helenium.donianum","Lonchopria.sp",0
"M_079","helenium.donianum","Megachile.leucographa",3
"M_079","helenium.donianum","Megachile.obscurior",2
"M_079","helenium.donianum","Megachile.nigella",36
"M_079","helenium.donianum","Megachile.pseudocentron2",0
"M_079","helenium.donianum","Melectoides.cockerelli",0
"M_079","helenium.donianum","Melissoptila.sp",0
"M_079","helenium.donianum","Mesonychium.jenseni",0
"M_079","helenium.donianum","Muscidae.sp2",0
"M_079","helenium.donianum","neu.sp1",0
"M_079","helenium.donianum","Nitidulidae.sp1",0
"M_079","helenium.donianum","Pyrgus.communis",9
"M_079","helenium.donianum","Platycheirus.sp",0
"M_079","helenium.donianum","Polistes.cavapyta",0
"M_079","helenium.donianum","Pompilidae.sp2",0
"M_079","helenium.donianum","Psaenythia.philantoides",1
"M_079","helenium.donianum","Psaenythia.rufipes",3
"M_079","helenium.donianum","Pseudagapostemon.sp",2
"M_079","helenium.donianum","Rubrica.nasuta",0
"M_079","helenium.donianum","Sarcophagidae.sp1",0
"M_079","helenium.donianum","Sciomyzidae",0
"M_079","helenium.donianum","Sphex.sp2",0
"M_079","helenium.donianum","Sphecidae.sp1",0
"M_079","helenium.donianum","Strymon.eurytulus",10
"M_079","helenium.donianum","Svastrides.bauni",0
"M_079","helenium.donianum","Svastra.sp",0
"M_079","helenium.donianum","Svastrides.zebra",0
"M_079","helenium.donianum","Syrphus.sp1",1
"M_079","helenium.donianum","Syrphidae.sp2",0
"M_079","helenium.donianum","Syrphidae.sp3",0
"M_079","helenium.donianum","Syrphidae.sp5",0
"M_079","helenium.donianum","Syrphidae.sp6",0
"M_079","helenium.donianum","Tachipompillus.sp",0
"M_079","helenium.donianum","Tachinidae.sp10",0
"M_079","helenium.donianum","Tachinidae.sp15",0
"M_079","helenium.donianum","Tachinidae.sp17",0
"M_079","helenium.donianum","Tachinidae.sp5",0
"M_079","helenium.donianum","Tachinidae.sp8",0
"M_079","helenium.donianum","Tachytes.sp",0
"M_079","helenium.donianum","Tatochila.autodice",3
"M_079","helenium.donianum","Tephritidae.sp1",0
"M_079","helenium.donianum","Tephritidae.sp2",0
"M_079","helenium.donianum","Thynnidae.sp",0
"M_079","helenium.donianum","Toxomerus.sp1",0
"M_079","helenium.donianum","Trichothurgus.laticeps",0
"M_079","helenium.donianum","Trichoturgus.sp2",0
"M_079","helenium.donianum","Villa.sp",0
"M_079","helenium.donianum","Willinkapis.chalybaea",0
"M_079","helenium.donianum","Xylocopa.augusti",0
"M_079","helenium.donianum","Xylocopa.atamisquensis",0
"M_079","helenium.donianum","Xylocopa.splendidula",0
"M_079","helenium.donianum","Zeta.sp",8
"M_079","hoffmannseggia.eremophila","Acalyptratae.sp2",0
"M_079","hoffmannseggia.eremophila","Acalyptratae.sp4",0
"M_079","hoffmannseggia.eremophila","Acromyrmex.lobicornis",0
"M_079","hoffmannseggia.eremophila","Alloscirtetica.brethesi",0
"M_079","hoffmannseggia.eremophila","Alloscirtetica.sp1",0
"M_079","hoffmannseggia.eremophila","Ammophila.sp",0
"M_079","hoffmannseggia.eremophila","Ananthidium.inerme",0
"M_079","hoffmannseggia.eremophila","Anthidium.friesei",0
"M_079","hoffmannseggia.eremophila","Anthrax.oedipus",0
"M_079","hoffmannseggia.eremophila","Anthidium.rubripes",0
"M_079","hoffmannseggia.eremophila","Anthidium.vigintipunctatum",0
"M_079","hoffmannseggia.eremophila","Anthomyiidae.sp1",0
"M_079","hoffmannseggia.eremophila","Apis.mellifera",0
"M_079","hoffmannseggia.eremophila","Arhysosage.bifasciata",0
"M_079","hoffmannseggia.eremophila","Aristosyrphus.sp",0
"M_079","hoffmannseggia.eremophila","Ascia.monuste",0
"M_079","hoffmannseggia.eremophila","Asilidae.sp1",0
"M_079","hoffmannseggia.eremophila","Asilidae.sp2",0
"M_079","hoffmannseggia.eremophila","Audre.sp",0
"M_079","hoffmannseggia.eremophila","Augochloropsis.sp",0
"M_079","hoffmannseggia.eremophila","Babia.elongata",0
"M_079","hoffmannseggia.eremophila","Bibionidae.sp",0
"M_079","hoffmannseggia.eremophila","Bombus.opifex",0
"M_079","hoffmannseggia.eremophila","Exoprosopa.sp1",0
"M_079","hoffmannseggia.eremophila","Exoprosopa.sp2",0
"M_079","hoffmannseggia.eremophila","Bombyliidae.sp12",0
"M_079","hoffmannseggia.eremophila","Bombyliidae.sp14",0
"M_079","hoffmannseggia.eremophila","Bombyliidae.sp15",0
"M_079","hoffmannseggia.eremophila","Bombyliidae.sp16",0
"M_079","hoffmannseggia.eremophila","Chrysanthrax.sp2",0
"M_079","hoffmannseggia.eremophila","Bombilidae.sp5",0
"M_079","hoffmannseggia.eremophila","Parasystoechus.sp",0
"M_079","hoffmannseggia.eremophila","Poecilognathus.sp",0
"M_079","hoffmannseggia.eremophila","Bombyliidae.sp9",0
"M_079","hoffmannseggia.eremophila","Caenohalictus.sp",0
"M_079","hoffmannseggia.eremophila","Calliopsini.sp1",0
"M_079","hoffmannseggia.eremophila","Camponotus.mus",0
"M_079","hoffmannseggia.eremophila","Camponotus.punctulatus",0
"M_079","hoffmannseggia.eremophila","Centris.brethesi",6
"M_079","hoffmannseggia.eremophila","Centris.lyngbyei",0
"M_079","hoffmannseggia.eremophila","Centris.vardyorum",0
"M_079","hoffmannseggia.eremophila","Chaetocrania.sp",0
"M_079","hoffmannseggia.eremophila","Cochliomyia.macellaria",0
"M_079","hoffmannseggia.eremophila","Coccinelidae.sp1",0
"M_079","hoffmannseggia.eremophila","Coccinela.sp2",0
"M_079","hoffmannseggia.eremophila","Coelioxys.chilensis",0
"M_079","hoffmannseggia.eremophila","Coelioxys.jorgenseni",0
"M_079","hoffmannseggia.eremophila","Coelioxys.sp6",0
"M_079","hoffmannseggia.eremophila","Colletes.araucariae",0
"M_079","hoffmannseggia.eremophila","Colletes.bicolor",0
"M_079","hoffmannseggia.eremophila","Colletes.brethesi",0
"M_079","hoffmannseggia.eremophila","Colletes.cognatus",0
"M_079","hoffmannseggia.eremophila","Colletes.lycii",0
"M_079","hoffmannseggia.eremophila","Compsomyiops.fulvicrura",0
"M_079","hoffmannseggia.eremophila","Copestilum.aricia",0
"M_079","hoffmannseggia.eremophila","Copestilum.sp2",0
"M_079","hoffmannseggia.eremophila","Copestilum.sp3",0
"M_079","hoffmannseggia.eremophila","Cosmosatyrus.chilensis",0
"M_079","hoffmannseggia.eremophila","Crabronidae.sp1",0
"M_079","hoffmannseggia.eremophila","Diadasia.baraderensis",0
"M_079","hoffmannseggia.eremophila","Diadasia.patagonica",0
"M_079","hoffmannseggia.eremophila","Diabrotica.sp",0
"M_079","hoffmannseggia.eremophila","Dialictus.sp",0
"M_079","hoffmannseggia.eremophila","Empididae.sp1",0
"M_079","hoffmannseggia.eremophila","Empididae.sp2",0
"M_079","hoffmannseggia.eremophila","Epitragus.sp",0
"M_079","hoffmannseggia.eremophila","Eumenidae.sp",0
"M_079","hoffmannseggia.eremophila","Chrysanthrax.sp1",0
"M_079","hoffmannseggia.eremophila","Foreluis.sp",0
"M_079","hoffmannseggia.eremophila","Hirmoneura.sp",0
"M_079","hoffmannseggia.eremophila","Hypalastroides.sp",0
"M_079","hoffmannseggia.eremophila","Isepeolus.vachali",0
"M_079","hoffmannseggia.eremophila","Isepeolus.viperinus",0
"M_079","hoffmannseggia.eremophila","Leioproctus.abdominalis",0
"M_079","hoffmannseggia.eremophila","Leioproctus.friesei",0
"M_079","hoffmannseggia.eremophila","Leptometriella.nigra",0
"M_079","hoffmannseggia.eremophila","Lepidoptera.sp11",0
"M_079","hoffmannseggia.eremophila","Lepidoptera.sp12",0
"M_079","hoffmannseggia.eremophila","Lepidoptera.sp3",0
"M_079","hoffmannseggia.eremophila","Lepidoptera.sp4",0
"M_079","hoffmannseggia.eremophila","Liphantus.inornatus",0
"M_079","hoffmannseggia.eremophila","Liphantus.nigritus",0
"M_079","hoffmannseggia.eremophila","Lonchopria.robertsi",0
"M_079","hoffmannseggia.eremophila","Lonchopria.sp",0
"M_079","hoffmannseggia.eremophila","Megachile.leucographa",0
"M_079","hoffmannseggia.eremophila","Megachile.obscurior",0
"M_079","hoffmannseggia.eremophila","Megachile.nigella",0
"M_079","hoffmannseggia.eremophila","Megachile.pseudocentron2",0
"M_079","hoffmannseggia.eremophila","Melectoides.cockerelli",0
"M_079","hoffmannseggia.eremophila","Melissoptila.sp",0
"M_079","hoffmannseggia.eremophila","Mesonychium.jenseni",0
"M_079","hoffmannseggia.eremophila","Muscidae.sp2",0
"M_079","hoffmannseggia.eremophila","neu.sp1",0
"M_079","hoffmannseggia.eremophila","Nitidulidae.sp1",0
"M_079","hoffmannseggia.eremophila","Pyrgus.communis",0
"M_079","hoffmannseggia.eremophila","Platycheirus.sp",0
"M_079","hoffmannseggia.eremophila","Polistes.cavapyta",0
"M_079","hoffmannseggia.eremophila","Pompilidae.sp2",0
"M_079","hoffmannseggia.eremophila","Psaenythia.philantoides",0
"M_079","hoffmannseggia.eremophila","Psaenythia.rufipes",0
"M_079","hoffmannseggia.eremophila","Pseudagapostemon.sp",0
"M_079","hoffmannseggia.eremophila","Rubrica.nasuta",0
"M_079","hoffmannseggia.eremophila","Sarcophagidae.sp1",0
"M_079","hoffmannseggia.eremophila","Sciomyzidae",0
"M_079","hoffmannseggia.eremophila","Sphex.sp2",0
"M_079","hoffmannseggia.eremophila","Sphecidae.sp1",0
"M_079","hoffmannseggia.eremophila","Strymon.eurytulus",0
"M_079","hoffmannseggia.eremophila","Svastrides.bauni",0
"M_079","hoffmannseggia.eremophila","Svastra.sp",0
"M_079","hoffmannseggia.eremophila","Svastrides.zebra",0
"M_079","hoffmannseggia.eremophila","Syrphus.sp1",4
"M_079","hoffmannseggia.eremophila","Syrphidae.sp2",0
"M_079","hoffmannseggia.eremophila","Syrphidae.sp3",0
"M_079","hoffmannseggia.eremophila","Syrphidae.sp5",0
"M_079","hoffmannseggia.eremophila","Syrphidae.sp6",0
"M_079","hoffmannseggia.eremophila","Tachipompillus.sp",0
"M_079","hoffmannseggia.eremophila","Tachinidae.sp10",0
"M_079","hoffmannseggia.eremophila","Tachinidae.sp15",0
"M_079","hoffmannseggia.eremophila","Tachinidae.sp17",0
"M_079","hoffmannseggia.eremophila","Tachinidae.sp5",0
"M_079","hoffmannseggia.eremophila","Tachinidae.sp8",0
"M_079","hoffmannseggia.eremophila","Tachytes.sp",0
"M_079","hoffmannseggia.eremophila","Tatochila.autodice",0
"M_079","hoffmannseggia.eremophila","Tephritidae.sp1",0
"M_079","hoffmannseggia.eremophila","Tephritidae.sp2",0
"M_079","hoffmannseggia.eremophila","Thynnidae.sp",0
"M_079","hoffmannseggia.eremophila","Toxomerus.sp1",0
"M_079","hoffmannseggia.eremophila","Trichothurgus.laticeps",0
"M_079","hoffmannseggia.eremophila","Trichoturgus.sp2",0
"M_079","hoffmannseggia.eremophila","Villa.sp",0
"M_079","hoffmannseggia.eremophila","Willinkapis.chalybaea",0
"M_079","hoffmannseggia.eremophila","Xylocopa.augusti",0
"M_079","hoffmannseggia.eremophila","Xylocopa.atamisquensis",0
"M_079","hoffmannseggia.eremophila","Xylocopa.splendidula",0
"M_079","hoffmannseggia.eremophila","Zeta.sp",0
"M_079","hysterionica.jassionoide","Acalyptratae.sp2",0
"M_079","hysterionica.jassionoide","Acalyptratae.sp4",0
"M_079","hysterionica.jassionoide","Acromyrmex.lobicornis",0
"M_079","hysterionica.jassionoide","Alloscirtetica.brethesi",0
"M_079","hysterionica.jassionoide","Alloscirtetica.sp1",0
"M_079","hysterionica.jassionoide","Ammophila.sp",8
"M_079","hysterionica.jassionoide","Ananthidium.inerme",0
"M_079","hysterionica.jassionoide","Anthidium.friesei",0
"M_079","hysterionica.jassionoide","Anthrax.oedipus",0
"M_079","hysterionica.jassionoide","Anthidium.rubripes",0
"M_079","hysterionica.jassionoide","Anthidium.vigintipunctatum",0
"M_079","hysterionica.jassionoide","Anthomyiidae.sp1",0
"M_079","hysterionica.jassionoide","Apis.mellifera",0
"M_079","hysterionica.jassionoide","Arhysosage.bifasciata",1
"M_079","hysterionica.jassionoide","Aristosyrphus.sp",0
"M_079","hysterionica.jassionoide","Ascia.monuste",1
"M_079","hysterionica.jassionoide","Asilidae.sp1",0
"M_079","hysterionica.jassionoide","Asilidae.sp2",0
"M_079","hysterionica.jassionoide","Audre.sp",2
"M_079","hysterionica.jassionoide","Augochloropsis.sp",11
"M_079","hysterionica.jassionoide","Babia.elongata",0
"M_079","hysterionica.jassionoide","Bibionidae.sp",0
"M_079","hysterionica.jassionoide","Bombus.opifex",0
"M_079","hysterionica.jassionoide","Exoprosopa.sp1",0
"M_079","hysterionica.jassionoide","Exoprosopa.sp2",0
"M_079","hysterionica.jassionoide","Bombyliidae.sp12",0
"M_079","hysterionica.jassionoide","Bombyliidae.sp14",0
"M_079","hysterionica.jassionoide","Bombyliidae.sp15",0
"M_079","hysterionica.jassionoide","Bombyliidae.sp16",0
"M_079","hysterionica.jassionoide","Chrysanthrax.sp2",0
"M_079","hysterionica.jassionoide","Bombilidae.sp5",0
"M_079","hysterionica.jassionoide","Parasystoechus.sp",0
"M_079","hysterionica.jassionoide","Poecilognathus.sp",0
"M_079","hysterionica.jassionoide","Bombyliidae.sp9",0
"M_079","hysterionica.jassionoide","Caenohalictus.sp",0
"M_079","hysterionica.jassionoide","Calliopsini.sp1",0
"M_079","hysterionica.jassionoide","Camponotus.mus",0
"M_079","hysterionica.jassionoide","Camponotus.punctulatus",1
"M_079","hysterionica.jassionoide","Centris.brethesi",0
"M_079","hysterionica.jassionoide","Centris.lyngbyei",0
"M_079","hysterionica.jassionoide","Centris.vardyorum",0
"M_079","hysterionica.jassionoide","Chaetocrania.sp",0
"M_079","hysterionica.jassionoide","Cochliomyia.macellaria",0
"M_079","hysterionica.jassionoide","Coccinelidae.sp1",0
"M_079","hysterionica.jassionoide","Coccinela.sp2",0
"M_079","hysterionica.jassionoide","Coelioxys.chilensis",0
"M_079","hysterionica.jassionoide","Coelioxys.jorgenseni",0
"M_079","hysterionica.jassionoide","Coelioxys.sp6",0
"M_079","hysterionica.jassionoide","Colletes.araucariae",0
"M_079","hysterionica.jassionoide","Colletes.bicolor",0
"M_079","hysterionica.jassionoide","Colletes.brethesi",0
"M_079","hysterionica.jassionoide","Colletes.cognatus",0
"M_079","hysterionica.jassionoide","Colletes.lycii",0
"M_079","hysterionica.jassionoide","Compsomyiops.fulvicrura",0
"M_079","hysterionica.jassionoide","Copestilum.aricia",0
"M_079","hysterionica.jassionoide","Copestilum.sp2",0
"M_079","hysterionica.jassionoide","Copestilum.sp3",0
"M_079","hysterionica.jassionoide","Cosmosatyrus.chilensis",0
"M_079","hysterionica.jassionoide","Crabronidae.sp1",0
"M_079","hysterionica.jassionoide","Diadasia.baraderensis",0
"M_079","hysterionica.jassionoide","Diadasia.patagonica",0
"M_079","hysterionica.jassionoide","Diabrotica.sp",0
"M_079","hysterionica.jassionoide","Dialictus.sp",11
"M_079","hysterionica.jassionoide","Empididae.sp1",0
"M_079","hysterionica.jassionoide","Empididae.sp2",0
"M_079","hysterionica.jassionoide","Epitragus.sp",0
"M_079","hysterionica.jassionoide","Eumenidae.sp",0
"M_079","hysterionica.jassionoide","Chrysanthrax.sp1",0
"M_079","hysterionica.jassionoide","Foreluis.sp",0
"M_079","hysterionica.jassionoide","Hirmoneura.sp",0
"M_079","hysterionica.jassionoide","Hypalastroides.sp",0
"M_079","hysterionica.jassionoide","Isepeolus.vachali",1
"M_079","hysterionica.jassionoide","Isepeolus.viperinus",0
"M_079","hysterionica.jassionoide","Leioproctus.abdominalis",0
"M_079","hysterionica.jassionoide","Leioproctus.friesei",0
"M_079","hysterionica.jassionoide","Leptometriella.nigra",0
"M_079","hysterionica.jassionoide","Lepidoptera.sp11",0
"M_079","hysterionica.jassionoide","Lepidoptera.sp12",0
"M_079","hysterionica.jassionoide","Lepidoptera.sp3",0
"M_079","hysterionica.jassionoide","Lepidoptera.sp4",0
"M_079","hysterionica.jassionoide","Liphantus.inornatus",0
"M_079","hysterionica.jassionoide","Liphantus.nigritus",0
"M_079","hysterionica.jassionoide","Lonchopria.robertsi",0
"M_079","hysterionica.jassionoide","Lonchopria.sp",0
"M_079","hysterionica.jassionoide","Megachile.leucographa",4
"M_079","hysterionica.jassionoide","Megachile.obscurior",1
"M_079","hysterionica.jassionoide","Megachile.nigella",0
"M_079","hysterionica.jassionoide","Megachile.pseudocentron2",0
"M_079","hysterionica.jassionoide","Melectoides.cockerelli",0
"M_079","hysterionica.jassionoide","Melissoptila.sp",0
"M_079","hysterionica.jassionoide","Mesonychium.jenseni",0
"M_079","hysterionica.jassionoide","Muscidae.sp2",0
"M_079","hysterionica.jassionoide","neu.sp1",0
"M_079","hysterionica.jassionoide","Nitidulidae.sp1",0
"M_079","hysterionica.jassionoide","Pyrgus.communis",4
"M_079","hysterionica.jassionoide","Platycheirus.sp",0
"M_079","hysterionica.jassionoide","Polistes.cavapyta",0
"M_079","hysterionica.jassionoide","Pompilidae.sp2",0
"M_079","hysterionica.jassionoide","Psaenythia.philantoides",0
"M_079","hysterionica.jassionoide","Psaenythia.rufipes",0
"M_079","hysterionica.jassionoide","Pseudagapostemon.sp",0
"M_079","hysterionica.jassionoide","Rubrica.nasuta",0
"M_079","hysterionica.jassionoide","Sarcophagidae.sp1",0
"M_079","hysterionica.jassionoide","Sciomyzidae",0
"M_079","hysterionica.jassionoide","Sphex.sp2",0
"M_079","hysterionica.jassionoide","Sphecidae.sp1",0
"M_079","hysterionica.jassionoide","Strymon.eurytulus",1
"M_079","hysterionica.jassionoide","Svastrides.bauni",0
"M_079","hysterionica.jassionoide","Svastra.sp",0
"M_079","hysterionica.jassionoide","Svastrides.zebra",0
"M_079","hysterionica.jassionoide","Syrphus.sp1",0
"M_079","hysterionica.jassionoide","Syrphidae.sp2",0
"M_079","hysterionica.jassionoide","Syrphidae.sp3",0
"M_079","hysterionica.jassionoide","Syrphidae.sp5",0
"M_079","hysterionica.jassionoide","Syrphidae.sp6",0
"M_079","hysterionica.jassionoide","Tachipompillus.sp",0
"M_079","hysterionica.jassionoide","Tachinidae.sp10",0
"M_079","hysterionica.jassionoide","Tachinidae.sp15",0
"M_079","hysterionica.jassionoide","Tachinidae.sp17",0
"M_079","hysterionica.jassionoide","Tachinidae.sp5",0
"M_079","hysterionica.jassionoide","Tachinidae.sp8",0
"M_079","hysterionica.jassionoide","Tachytes.sp",0
"M_079","hysterionica.jassionoide","Tatochila.autodice",2
"M_079","hysterionica.jassionoide","Tephritidae.sp1",0
"M_079","hysterionica.jassionoide","Tephritidae.sp2",0
"M_079","hysterionica.jassionoide","Thynnidae.sp",0
"M_079","hysterionica.jassionoide","Toxomerus.sp1",0
"M_079","hysterionica.jassionoide","Trichothurgus.laticeps",0
"M_079","hysterionica.jassionoide","Trichoturgus.sp2",0
"M_079","hysterionica.jassionoide","Villa.sp",0
"M_079","hysterionica.jassionoide","Willinkapis.chalybaea",0
"M_079","hysterionica.jassionoide","Xylocopa.augusti",0
"M_079","hysterionica.jassionoide","Xylocopa.atamisquensis",0
"M_079","hysterionica.jassionoide","Xylocopa.splendidula",0
"M_079","hysterionica.jassionoide","Zeta.sp",0
"M_079","larrea.cuneifolia","Acalyptratae.sp2",0
"M_079","larrea.cuneifolia","Acalyptratae.sp4",0
"M_079","larrea.cuneifolia","Acromyrmex.lobicornis",0
"M_079","larrea.cuneifolia","Alloscirtetica.brethesi",0
"M_079","larrea.cuneifolia","Alloscirtetica.sp1",0
"M_079","larrea.cuneifolia","Ammophila.sp",0
"M_079","larrea.cuneifolia","Ananthidium.inerme",0
"M_079","larrea.cuneifolia","Anthidium.friesei",0
"M_079","larrea.cuneifolia","Anthrax.oedipus",0
"M_079","larrea.cuneifolia","Anthidium.rubripes",0
"M_079","larrea.cuneifolia","Anthidium.vigintipunctatum",0
"M_079","larrea.cuneifolia","Anthomyiidae.sp1",0
"M_079","larrea.cuneifolia","Apis.mellifera",19
"M_079","larrea.cuneifolia","Arhysosage.bifasciata",0
"M_079","larrea.cuneifolia","Aristosyrphus.sp",0
"M_079","larrea.cuneifolia","Ascia.monuste",0
"M_079","larrea.cuneifolia","Asilidae.sp1",0
"M_079","larrea.cuneifolia","Asilidae.sp2",0
"M_079","larrea.cuneifolia","Audre.sp",2
"M_079","larrea.cuneifolia","Augochloropsis.sp",0
"M_079","larrea.cuneifolia","Babia.elongata",0
"M_079","larrea.cuneifolia","Bibionidae.sp",0
"M_079","larrea.cuneifolia","Bombus.opifex",12
"M_079","larrea.cuneifolia","Exoprosopa.sp1",0
"M_079","larrea.cuneifolia","Exoprosopa.sp2",0
"M_079","larrea.cuneifolia","Bombyliidae.sp12",0
"M_079","larrea.cuneifolia","Bombyliidae.sp14",0
"M_079","larrea.cuneifolia","Bombyliidae.sp15",0
"M_079","larrea.cuneifolia","Bombyliidae.sp16",0
"M_079","larrea.cuneifolia","Chrysanthrax.sp2",0
"M_079","larrea.cuneifolia","Bombilidae.sp5",0
"M_079","larrea.cuneifolia","Parasystoechus.sp",0
"M_079","larrea.cuneifolia","Poecilognathus.sp",0
"M_079","larrea.cuneifolia","Bombyliidae.sp9",0
"M_079","larrea.cuneifolia","Caenohalictus.sp",0
"M_079","larrea.cuneifolia","Calliopsini.sp1",0
"M_079","larrea.cuneifolia","Camponotus.mus",0
"M_079","larrea.cuneifolia","Camponotus.punctulatus",0
"M_079","larrea.cuneifolia","Centris.brethesi",0
"M_079","larrea.cuneifolia","Centris.lyngbyei",0
"M_079","larrea.cuneifolia","Centris.vardyorum",0
"M_079","larrea.cuneifolia","Chaetocrania.sp",0
"M_079","larrea.cuneifolia","Cochliomyia.macellaria",0
"M_079","larrea.cuneifolia","Coccinelidae.sp1",0
"M_079","larrea.cuneifolia","Coccinela.sp2",0
"M_079","larrea.cuneifolia","Coelioxys.chilensis",0
"M_079","larrea.cuneifolia","Coelioxys.jorgenseni",0
"M_079","larrea.cuneifolia","Coelioxys.sp6",0
"M_079","larrea.cuneifolia","Colletes.araucariae",0
"M_079","larrea.cuneifolia","Colletes.bicolor",0
"M_079","larrea.cuneifolia","Colletes.brethesi",0
"M_079","larrea.cuneifolia","Colletes.cognatus",0
"M_079","larrea.cuneifolia","Colletes.lycii",1
"M_079","larrea.cuneifolia","Compsomyiops.fulvicrura",1
"M_079","larrea.cuneifolia","Copestilum.aricia",43
"M_079","larrea.cuneifolia","Copestilum.sp2",0
"M_079","larrea.cuneifolia","Copestilum.sp3",0
"M_079","larrea.cuneifolia","Cosmosatyrus.chilensis",0
"M_079","larrea.cuneifolia","Crabronidae.sp1",0
"M_079","larrea.cuneifolia","Diadasia.baraderensis",0
"M_079","larrea.cuneifolia","Diadasia.patagonica",0
"M_079","larrea.cuneifolia","Diabrotica.sp",0
"M_079","larrea.cuneifolia","Dialictus.sp",2
"M_079","larrea.cuneifolia","Empididae.sp1",0
"M_079","larrea.cuneifolia","Empididae.sp2",0
"M_079","larrea.cuneifolia","Epitragus.sp",0
"M_079","larrea.cuneifolia","Eumenidae.sp",0
"M_079","larrea.cuneifolia","Chrysanthrax.sp1",0
"M_079","larrea.cuneifolia","Foreluis.sp",0
"M_079","larrea.cuneifolia","Hirmoneura.sp",0
"M_079","larrea.cuneifolia","Hypalastroides.sp",0
"M_079","larrea.cuneifolia","Isepeolus.vachali",0
"M_079","larrea.cuneifolia","Isepeolus.viperinus",0
"M_079","larrea.cuneifolia","Leioproctus.abdominalis",0
"M_079","larrea.cuneifolia","Leioproctus.friesei",1
"M_079","larrea.cuneifolia","Leptometriella.nigra",0
"M_079","larrea.cuneifolia","Lepidoptera.sp11",0
"M_079","larrea.cuneifolia","Lepidoptera.sp12",0
"M_079","larrea.cuneifolia","Lepidoptera.sp3",0
"M_079","larrea.cuneifolia","Lepidoptera.sp4",0
"M_079","larrea.cuneifolia","Liphantus.inornatus",0
"M_079","larrea.cuneifolia","Liphantus.nigritus",0
"M_079","larrea.cuneifolia","Lonchopria.robertsi",1
"M_079","larrea.cuneifolia","Lonchopria.sp",0
"M_079","larrea.cuneifolia","Megachile.leucographa",0
"M_079","larrea.cuneifolia","Megachile.obscurior",0
"M_079","larrea.cuneifolia","Megachile.nigella",0
"M_079","larrea.cuneifolia","Megachile.pseudocentron2",0
"M_079","larrea.cuneifolia","Melectoides.cockerelli",0
"M_079","larrea.cuneifolia","Melissoptila.sp",0
"M_079","larrea.cuneifolia","Mesonychium.jenseni",0
"M_079","larrea.cuneifolia","Muscidae.sp2",0
"M_079","larrea.cuneifolia","neu.sp1",0
"M_079","larrea.cuneifolia","Nitidulidae.sp1",0
"M_079","larrea.cuneifolia","Pyrgus.communis",0
"M_079","larrea.cuneifolia","Platycheirus.sp",0
"M_079","larrea.cuneifolia","Polistes.cavapyta",0
"M_079","larrea.cuneifolia","Pompilidae.sp2",0
"M_079","larrea.cuneifolia","Psaenythia.philantoides",0
"M_079","larrea.cuneifolia","Psaenythia.rufipes",0
"M_079","larrea.cuneifolia","Pseudagapostemon.sp",0
"M_079","larrea.cuneifolia","Rubrica.nasuta",0
"M_079","larrea.cuneifolia","Sarcophagidae.sp1",0
"M_079","larrea.cuneifolia","Sciomyzidae",0
"M_079","larrea.cuneifolia","Sphex.sp2",0
"M_079","larrea.cuneifolia","Sphecidae.sp1",0
"M_079","larrea.cuneifolia","Strymon.eurytulus",0
"M_079","larrea.cuneifolia","Svastrides.bauni",0
"M_079","larrea.cuneifolia","Svastra.sp",0
"M_079","larrea.cuneifolia","Svastrides.zebra",0
"M_079","larrea.cuneifolia","Syrphus.sp1",6
"M_079","larrea.cuneifolia","Syrphidae.sp2",0
"M_079","larrea.cuneifolia","Syrphidae.sp3",0
"M_079","larrea.cuneifolia","Syrphidae.sp5",0
"M_079","larrea.cuneifolia","Syrphidae.sp6",0
"M_079","larrea.cuneifolia","Tachipompillus.sp",0
"M_079","larrea.cuneifolia","Tachinidae.sp10",0
"M_079","larrea.cuneifolia","Tachinidae.sp15",0
"M_079","larrea.cuneifolia","Tachinidae.sp17",0
"M_079","larrea.cuneifolia","Tachinidae.sp5",0
"M_079","larrea.cuneifolia","Tachinidae.sp8",0
"M_079","larrea.cuneifolia","Tachytes.sp",0
"M_079","larrea.cuneifolia","Tatochila.autodice",0
"M_079","larrea.cuneifolia","Tephritidae.sp1",0
"M_079","larrea.cuneifolia","Tephritidae.sp2",0
"M_079","larrea.cuneifolia","Thynnidae.sp",0
"M_079","larrea.cuneifolia","Toxomerus.sp1",0
"M_079","larrea.cuneifolia","Trichothurgus.laticeps",0
"M_079","larrea.cuneifolia","Trichoturgus.sp2",0
"M_079","larrea.cuneifolia","Villa.sp",0
"M_079","larrea.cuneifolia","Willinkapis.chalybaea",0
"M_079","larrea.cuneifolia","Xylocopa.augusti",0
"M_079","larrea.cuneifolia","Xylocopa.atamisquensis",10
"M_079","larrea.cuneifolia","Xylocopa.splendidula",2
"M_079","larrea.cuneifolia","Zeta.sp",0
"M_079","larrea.divaricata","Acalyptratae.sp2",0
"M_079","larrea.divaricata","Acalyptratae.sp4",0
"M_079","larrea.divaricata","Acromyrmex.lobicornis",0
"M_079","larrea.divaricata","Alloscirtetica.brethesi",4
"M_079","larrea.divaricata","Alloscirtetica.sp1",14
"M_079","larrea.divaricata","Ammophila.sp",3
"M_079","larrea.divaricata","Ananthidium.inerme",0
"M_079","larrea.divaricata","Anthidium.friesei",56
"M_079","larrea.divaricata","Anthrax.oedipus",0
"M_079","larrea.divaricata","Anthidium.rubripes",34
"M_079","larrea.divaricata","Anthidium.vigintipunctatum",3
"M_079","larrea.divaricata","Anthomyiidae.sp1",1
"M_079","larrea.divaricata","Apis.mellifera",368
"M_079","larrea.divaricata","Arhysosage.bifasciata",3
"M_079","larrea.divaricata","Aristosyrphus.sp",0
"M_079","larrea.divaricata","Ascia.monuste",11
"M_079","larrea.divaricata","Asilidae.sp1",1
"M_079","larrea.divaricata","Asilidae.sp2",0
"M_079","larrea.divaricata","Audre.sp",36
"M_079","larrea.divaricata","Augochloropsis.sp",52
"M_079","larrea.divaricata","Babia.elongata",0
"M_079","larrea.divaricata","Bibionidae.sp",0
"M_079","larrea.divaricata","Bombus.opifex",154
"M_079","larrea.divaricata","Exoprosopa.sp1",5
"M_079","larrea.divaricata","Exoprosopa.sp2",0
"M_079","larrea.divaricata","Bombyliidae.sp12",0
"M_079","larrea.divaricata","Bombyliidae.sp14",0
"M_079","larrea.divaricata","Bombyliidae.sp15",0
"M_079","larrea.divaricata","Bombyliidae.sp16",0
"M_079","larrea.divaricata","Chrysanthrax.sp2",0
"M_079","larrea.divaricata","Bombilidae.sp5",0
"M_079","larrea.divaricata","Parasystoechus.sp",2
"M_079","larrea.divaricata","Poecilognathus.sp",8
"M_079","larrea.divaricata","Bombyliidae.sp9",0
"M_079","larrea.divaricata","Caenohalictus.sp",4
"M_079","larrea.divaricata","Calliopsini.sp1",0
"M_079","larrea.divaricata","Camponotus.mus",0
"M_079","larrea.divaricata","Camponotus.punctulatus",0
"M_079","larrea.divaricata","Centris.brethesi",222
"M_079","larrea.divaricata","Centris.lyngbyei",3
"M_079","larrea.divaricata","Centris.vardyorum",0
"M_079","larrea.divaricata","Chaetocrania.sp",0
"M_079","larrea.divaricata","Cochliomyia.macellaria",2
"M_079","larrea.divaricata","Coccinelidae.sp1",0
"M_079","larrea.divaricata","Coccinela.sp2",0
"M_079","larrea.divaricata","Coelioxys.chilensis",0
"M_079","larrea.divaricata","Coelioxys.jorgenseni",0
"M_079","larrea.divaricata","Coelioxys.sp6",0
"M_079","larrea.divaricata","Colletes.araucariae",7
"M_079","larrea.divaricata","Colletes.bicolor",0
"M_079","larrea.divaricata","Colletes.brethesi",0
"M_079","larrea.divaricata","Colletes.cognatus",49
"M_079","larrea.divaricata","Colletes.lycii",40
"M_079","larrea.divaricata","Compsomyiops.fulvicrura",8
"M_079","larrea.divaricata","Copestilum.aricia",213
"M_079","larrea.divaricata","Copestilum.sp2",6
"M_079","larrea.divaricata","Copestilum.sp3",0
"M_079","larrea.divaricata","Cosmosatyrus.chilensis",39
"M_079","larrea.divaricata","Crabronidae.sp1",0
"M_079","larrea.divaricata","Diadasia.baraderensis",0
"M_079","larrea.divaricata","Diadasia.patagonica",3
"M_079","larrea.divaricata","Diabrotica.sp",0
"M_079","larrea.divaricata","Dialictus.sp",43
"M_079","larrea.divaricata","Empididae.sp1",0
"M_079","larrea.divaricata","Empididae.sp2",0
"M_079","larrea.divaricata","Epitragus.sp",0
"M_079","larrea.divaricata","Eumenidae.sp",0
"M_079","larrea.divaricata","Chrysanthrax.sp1",5
"M_079","larrea.divaricata","Foreluis.sp",0
"M_079","larrea.divaricata","Hirmoneura.sp",21
"M_079","larrea.divaricata","Hypalastroides.sp",0
"M_079","larrea.divaricata","Isepeolus.vachali",1
"M_079","larrea.divaricata","Isepeolus.viperinus",0
"M_079","larrea.divaricata","Leioproctus.abdominalis",21
"M_079","larrea.divaricata","Leioproctus.friesei",0
"M_079","larrea.divaricata","Leptometriella.nigra",0
"M_079","larrea.divaricata","Lepidoptera.sp11",0
"M_079","larrea.divaricata","Lepidoptera.sp12",0
"M_079","larrea.divaricata","Lepidoptera.sp3",0
"M_079","larrea.divaricata","Lepidoptera.sp4",1
"M_079","larrea.divaricata","Liphantus.inornatus",0
"M_079","larrea.divaricata","Liphantus.nigritus",0
"M_079","larrea.divaricata","Lonchopria.robertsi",54
"M_079","larrea.divaricata","Lonchopria.sp",2
"M_079","larrea.divaricata","Megachile.leucographa",260
"M_079","larrea.divaricata","Megachile.obscurior",56
"M_079","larrea.divaricata","Megachile.nigella",10
"M_079","larrea.divaricata","Megachile.pseudocentron2",0
"M_079","larrea.divaricata","Melectoides.cockerelli",0
"M_079","larrea.divaricata","Melissoptila.sp",0
"M_079","larrea.divaricata","Mesonychium.jenseni",0
"M_079","larrea.divaricata","Muscidae.sp2",0
"M_079","larrea.divaricata","neu.sp1",0
"M_079","larrea.divaricata","Nitidulidae.sp1",0
"M_079","larrea.divaricata","Pyrgus.communis",5
"M_079","larrea.divaricata","Platycheirus.sp",0
"M_079","larrea.divaricata","Polistes.cavapyta",0
"M_079","larrea.divaricata","Pompilidae.sp2",0
"M_079","larrea.divaricata","Psaenythia.philantoides",0
"M_079","larrea.divaricata","Psaenythia.rufipes",0
"M_079","larrea.divaricata","Pseudagapostemon.sp",2
"M_079","larrea.divaricata","Rubrica.nasuta",0
"M_079","larrea.divaricata","Sarcophagidae.sp1",0
"M_079","larrea.divaricata","Sciomyzidae",0
"M_079","larrea.divaricata","Sphex.sp2",0
"M_079","larrea.divaricata","Sphecidae.sp1",0
"M_079","larrea.divaricata","Strymon.eurytulus",55
"M_079","larrea.divaricata","Svastrides.bauni",0
"M_079","larrea.divaricata","Svastra.sp",0
"M_079","larrea.divaricata","Svastrides.zebra",0
"M_079","larrea.divaricata","Syrphus.sp1",2
"M_079","larrea.divaricata","Syrphidae.sp2",0
"M_079","larrea.divaricata","Syrphidae.sp3",0
"M_079","larrea.divaricata","Syrphidae.sp5",0
"M_079","larrea.divaricata","Syrphidae.sp6",0
"M_079","larrea.divaricata","Tachipompillus.sp",0
"M_079","larrea.divaricata","Tachinidae.sp10",2
"M_079","larrea.divaricata","Tachinidae.sp15",2
"M_079","larrea.divaricata","Tachinidae.sp17",0
"M_079","larrea.divaricata","Tachinidae.sp5",0
"M_079","larrea.divaricata","Tachinidae.sp8",0
"M_079","larrea.divaricata","Tachytes.sp",0
"M_079","larrea.divaricata","Tatochila.autodice",1
"M_079","larrea.divaricata","Tephritidae.sp1",0
"M_079","larrea.divaricata","Tephritidae.sp2",0
"M_079","larrea.divaricata","Thynnidae.sp",0
"M_079","larrea.divaricata","Toxomerus.sp1",0
"M_079","larrea.divaricata","Trichothurgus.laticeps",0
"M_079","larrea.divaricata","Trichoturgus.sp2",0
"M_079","larrea.divaricata","Villa.sp",2
"M_079","larrea.divaricata","Willinkapis.chalybaea",13
"M_079","larrea.divaricata","Xylocopa.augusti",0
"M_079","larrea.divaricata","Xylocopa.atamisquensis",431
"M_079","larrea.divaricata","Xylocopa.splendidula",33
"M_079","larrea.divaricata","Zeta.sp",10
"M_079","larrea.nitida","Acalyptratae.sp2",0
"M_079","larrea.nitida","Acalyptratae.sp4",0
"M_079","larrea.nitida","Acromyrmex.lobicornis",0
"M_079","larrea.nitida","Alloscirtetica.brethesi",59
"M_079","larrea.nitida","Alloscirtetica.sp1",0
"M_079","larrea.nitida","Ammophila.sp",0
"M_079","larrea.nitida","Ananthidium.inerme",0
"M_079","larrea.nitida","Anthidium.friesei",0
"M_079","larrea.nitida","Anthrax.oedipus",0
"M_079","larrea.nitida","Anthidium.rubripes",0
"M_079","larrea.nitida","Anthidium.vigintipunctatum",0
"M_079","larrea.nitida","Anthomyiidae.sp1",0
"M_079","larrea.nitida","Apis.mellifera",453
"M_079","larrea.nitida","Arhysosage.bifasciata",0
"M_079","larrea.nitida","Aristosyrphus.sp",0
"M_079","larrea.nitida","Ascia.monuste",1
"M_079","larrea.nitida","Asilidae.sp1",0
"M_079","larrea.nitida","Asilidae.sp2",0
"M_079","larrea.nitida","Audre.sp",40
"M_079","larrea.nitida","Augochloropsis.sp",133
"M_079","larrea.nitida","Babia.elongata",0
"M_079","larrea.nitida","Bibionidae.sp",0
"M_079","larrea.nitida","Bombus.opifex",71
"M_079","larrea.nitida","Exoprosopa.sp1",8
"M_079","larrea.nitida","Exoprosopa.sp2",0
"M_079","larrea.nitida","Bombyliidae.sp12",0
"M_079","larrea.nitida","Bombyliidae.sp14",0
"M_079","larrea.nitida","Bombyliidae.sp15",0
"M_079","larrea.nitida","Bombyliidae.sp16",0
"M_079","larrea.nitida","Chrysanthrax.sp2",0
"M_079","larrea.nitida","Bombilidae.sp5",0
"M_079","larrea.nitida","Parasystoechus.sp",0
"M_079","larrea.nitida","Poecilognathus.sp",0
"M_079","larrea.nitida","Bombyliidae.sp9",0
"M_079","larrea.nitida","Caenohalictus.sp",6
"M_079","larrea.nitida","Calliopsini.sp1",0
"M_079","larrea.nitida","Camponotus.mus",0
"M_079","larrea.nitida","Camponotus.punctulatus",0
"M_079","larrea.nitida","Centris.brethesi",0
"M_079","larrea.nitida","Centris.lyngbyei",0
"M_079","larrea.nitida","Centris.vardyorum",0
"M_079","larrea.nitida","Chaetocrania.sp",0
"M_079","larrea.nitida","Cochliomyia.macellaria",0
"M_079","larrea.nitida","Coccinelidae.sp1",0
"M_079","larrea.nitida","Coccinela.sp2",0
"M_079","larrea.nitida","Coelioxys.chilensis",0
"M_079","larrea.nitida","Coelioxys.jorgenseni",6
"M_079","larrea.nitida","Coelioxys.sp6",0
"M_079","larrea.nitida","Colletes.araucariae",20
"M_079","larrea.nitida","Colletes.bicolor",0
"M_079","larrea.nitida","Colletes.brethesi",0
"M_079","larrea.nitida","Colletes.cognatus",18
"M_079","larrea.nitida","Colletes.lycii",2
"M_079","larrea.nitida","Compsomyiops.fulvicrura",0
"M_079","larrea.nitida","Copestilum.aricia",87
"M_079","larrea.nitida","Copestilum.sp2",17
"M_079","larrea.nitida","Copestilum.sp3",0
"M_079","larrea.nitida","Cosmosatyrus.chilensis",1
"M_079","larrea.nitida","Crabronidae.sp1",0
"M_079","larrea.nitida","Diadasia.baraderensis",0
"M_079","larrea.nitida","Diadasia.patagonica",0
"M_079","larrea.nitida","Diabrotica.sp",0
"M_079","larrea.nitida","Dialictus.sp",53
"M_079","larrea.nitida","Empididae.sp1",0
"M_079","larrea.nitida","Empididae.sp2",0
"M_079","larrea.nitida","Epitragus.sp",0
"M_079","larrea.nitida","Eumenidae.sp",0
"M_079","larrea.nitida","Chrysanthrax.sp1",0
"M_079","larrea.nitida","Foreluis.sp",0
"M_079","larrea.nitida","Hirmoneura.sp",0
"M_079","larrea.nitida","Hypalastroides.sp",0
"M_079","larrea.nitida","Isepeolus.vachali",0
"M_079","larrea.nitida","Isepeolus.viperinus",0
"M_079","larrea.nitida","Leioproctus.abdominalis",0
"M_079","larrea.nitida","Leioproctus.friesei",0
"M_079","larrea.nitida","Leptometriella.nigra",0
"M_079","larrea.nitida","Lepidoptera.sp11",0
"M_079","larrea.nitida","Lepidoptera.sp12",0
"M_079","larrea.nitida","Lepidoptera.sp3",0
"M_079","larrea.nitida","Lepidoptera.sp4",0
"M_079","larrea.nitida","Liphantus.inornatus",0
"M_079","larrea.nitida","Liphantus.nigritus",0
"M_079","larrea.nitida","Lonchopria.robertsi",4
"M_079","larrea.nitida","Lonchopria.sp",0
"M_079","larrea.nitida","Megachile.leucographa",3
"M_079","larrea.nitida","Megachile.obscurior",0
"M_079","larrea.nitida","Megachile.nigella",0
"M_079","larrea.nitida","Megachile.pseudocentron2",0
"M_079","larrea.nitida","Melectoides.cockerelli",0
"M_079","larrea.nitida","Melissoptila.sp",0
"M_079","larrea.nitida","Mesonychium.jenseni",0
"M_079","larrea.nitida","Muscidae.sp2",0
"M_079","larrea.nitida","neu.sp1",0
"M_079","larrea.nitida","Nitidulidae.sp1",0
"M_079","larrea.nitida","Pyrgus.communis",1
"M_079","larrea.nitida","Platycheirus.sp",2
"M_079","larrea.nitida","Polistes.cavapyta",0
"M_079","larrea.nitida","Pompilidae.sp2",0
"M_079","larrea.nitida","Psaenythia.philantoides",0
"M_079","larrea.nitida","Psaenythia.rufipes",0
"M_079","larrea.nitida","Pseudagapostemon.sp",0
"M_079","larrea.nitida","Rubrica.nasuta",0
"M_079","larrea.nitida","Sarcophagidae.sp1",0
"M_079","larrea.nitida","Sciomyzidae",0
"M_079","larrea.nitida","Sphex.sp2",0
"M_079","larrea.nitida","Sphecidae.sp1",0
"M_079","larrea.nitida","Strymon.eurytulus",2
"M_079","larrea.nitida","Svastrides.bauni",0
"M_079","larrea.nitida","Svastra.sp",0
"M_079","larrea.nitida","Svastrides.zebra",0
"M_079","larrea.nitida","Syrphus.sp1",24
"M_079","larrea.nitida","Syrphidae.sp2",0
"M_079","larrea.nitida","Syrphidae.sp3",0
"M_079","larrea.nitida","Syrphidae.sp5",0
"M_079","larrea.nitida","Syrphidae.sp6",0
"M_079","larrea.nitida","Tachipompillus.sp",0
"M_079","larrea.nitida","Tachinidae.sp10",0
"M_079","larrea.nitida","Tachinidae.sp15",0
"M_079","larrea.nitida","Tachinidae.sp17",0
"M_079","larrea.nitida","Tachinidae.sp5",0
"M_079","larrea.nitida","Tachinidae.sp8",0
"M_079","larrea.nitida","Tachytes.sp",0
"M_079","larrea.nitida","Tatochila.autodice",0
"M_079","larrea.nitida","Tephritidae.sp1",0
"M_079","larrea.nitida","Tephritidae.sp2",0
"M_079","larrea.nitida","Thynnidae.sp",0
"M_079","larrea.nitida","Toxomerus.sp1",0
"M_079","larrea.nitida","Trichothurgus.laticeps",0
"M_079","larrea.nitida","Trichoturgus.sp2",0
"M_079","larrea.nitida","Villa.sp",0
"M_079","larrea.nitida","Willinkapis.chalybaea",0
"M_079","larrea.nitida","Xylocopa.augusti",0
"M_079","larrea.nitida","Xylocopa.atamisquensis",446
"M_079","larrea.nitida","Xylocopa.splendidula",14
"M_079","larrea.nitida","Zeta.sp",0
"M_079","lecanophora.heterophylla","Acalyptratae.sp2",0
"M_079","lecanophora.heterophylla","Acalyptratae.sp4",0
"M_079","lecanophora.heterophylla","Acromyrmex.lobicornis",0
"M_079","lecanophora.heterophylla","Alloscirtetica.brethesi",0
"M_079","lecanophora.heterophylla","Alloscirtetica.sp1",0
"M_079","lecanophora.heterophylla","Ammophila.sp",0
"M_079","lecanophora.heterophylla","Ananthidium.inerme",0
"M_079","lecanophora.heterophylla","Anthidium.friesei",0
"M_079","lecanophora.heterophylla","Anthrax.oedipus",0
"M_079","lecanophora.heterophylla","Anthidium.rubripes",0
"M_079","lecanophora.heterophylla","Anthidium.vigintipunctatum",0
"M_079","lecanophora.heterophylla","Anthomyiidae.sp1",0
"M_079","lecanophora.heterophylla","Apis.mellifera",0
"M_079","lecanophora.heterophylla","Arhysosage.bifasciata",0
"M_079","lecanophora.heterophylla","Aristosyrphus.sp",0
"M_079","lecanophora.heterophylla","Ascia.monuste",0
"M_079","lecanophora.heterophylla","Asilidae.sp1",0
"M_079","lecanophora.heterophylla","Asilidae.sp2",0
"M_079","lecanophora.heterophylla","Audre.sp",0
"M_079","lecanophora.heterophylla","Augochloropsis.sp",1
"M_079","lecanophora.heterophylla","Babia.elongata",0
"M_079","lecanophora.heterophylla","Bibionidae.sp",0
"M_079","lecanophora.heterophylla","Bombus.opifex",0
"M_079","lecanophora.heterophylla","Exoprosopa.sp1",0
"M_079","lecanophora.heterophylla","Exoprosopa.sp2",0
"M_079","lecanophora.heterophylla","Bombyliidae.sp12",0
"M_079","lecanophora.heterophylla","Bombyliidae.sp14",0
"M_079","lecanophora.heterophylla","Bombyliidae.sp15",0
"M_079","lecanophora.heterophylla","Bombyliidae.sp16",0
"M_079","lecanophora.heterophylla","Chrysanthrax.sp2",0
"M_079","lecanophora.heterophylla","Bombilidae.sp5",0
"M_079","lecanophora.heterophylla","Parasystoechus.sp",0
"M_079","lecanophora.heterophylla","Poecilognathus.sp",0
"M_079","lecanophora.heterophylla","Bombyliidae.sp9",0
"M_079","lecanophora.heterophylla","Caenohalictus.sp",0
"M_079","lecanophora.heterophylla","Calliopsini.sp1",0
"M_079","lecanophora.heterophylla","Camponotus.mus",0
"M_079","lecanophora.heterophylla","Camponotus.punctulatus",0
"M_079","lecanophora.heterophylla","Centris.brethesi",0
"M_079","lecanophora.heterophylla","Centris.lyngbyei",0
"M_079","lecanophora.heterophylla","Centris.vardyorum",0
"M_079","lecanophora.heterophylla","Chaetocrania.sp",0
"M_079","lecanophora.heterophylla","Cochliomyia.macellaria",0
"M_079","lecanophora.heterophylla","Coccinelidae.sp1",0
"M_079","lecanophora.heterophylla","Coccinela.sp2",0
"M_079","lecanophora.heterophylla","Coelioxys.chilensis",0
"M_079","lecanophora.heterophylla","Coelioxys.jorgenseni",1
"M_079","lecanophora.heterophylla","Coelioxys.sp6",0
"M_079","lecanophora.heterophylla","Colletes.araucariae",0
"M_079","lecanophora.heterophylla","Colletes.bicolor",0
"M_079","lecanophora.heterophylla","Colletes.brethesi",0
"M_079","lecanophora.heterophylla","Colletes.cognatus",0
"M_079","lecanophora.heterophylla","Colletes.lycii",0
"M_079","lecanophora.heterophylla","Compsomyiops.fulvicrura",0
"M_079","lecanophora.heterophylla","Copestilum.aricia",0
"M_079","lecanophora.heterophylla","Copestilum.sp2",0
"M_079","lecanophora.heterophylla","Copestilum.sp3",0
"M_079","lecanophora.heterophylla","Cosmosatyrus.chilensis",0
"M_079","lecanophora.heterophylla","Crabronidae.sp1",0
"M_079","lecanophora.heterophylla","Diadasia.baraderensis",2
"M_079","lecanophora.heterophylla","Diadasia.patagonica",0
"M_079","lecanophora.heterophylla","Diabrotica.sp",0
"M_079","lecanophora.heterophylla","Dialictus.sp",4
"M_079","lecanophora.heterophylla","Empididae.sp1",0
"M_079","lecanophora.heterophylla","Empididae.sp2",0
"M_079","lecanophora.heterophylla","Epitragus.sp",0
"M_079","lecanophora.heterophylla","Eumenidae.sp",0
"M_079","lecanophora.heterophylla","Chrysanthrax.sp1",0
"M_079","lecanophora.heterophylla","Foreluis.sp",0
"M_079","lecanophora.heterophylla","Hirmoneura.sp",0
"M_079","lecanophora.heterophylla","Hypalastroides.sp",0
"M_079","lecanophora.heterophylla","Isepeolus.vachali",0
"M_079","lecanophora.heterophylla","Isepeolus.viperinus",0
"M_079","lecanophora.heterophylla","Leioproctus.abdominalis",0
"M_079","lecanophora.heterophylla","Leioproctus.friesei",35
"M_079","lecanophora.heterophylla","Leptometriella.nigra",8
"M_079","lecanophora.heterophylla","Lepidoptera.sp11",0
"M_079","lecanophora.heterophylla","Lepidoptera.sp12",0
"M_079","lecanophora.heterophylla","Lepidoptera.sp3",0
"M_079","lecanophora.heterophylla","Lepidoptera.sp4",0
"M_079","lecanophora.heterophylla","Liphantus.inornatus",0
"M_079","lecanophora.heterophylla","Liphantus.nigritus",0
"M_079","lecanophora.heterophylla","Lonchopria.robertsi",0
"M_079","lecanophora.heterophylla","Lonchopria.sp",0
"M_079","lecanophora.heterophylla","Megachile.leucographa",0
"M_079","lecanophora.heterophylla","Megachile.obscurior",0
"M_079","lecanophora.heterophylla","Megachile.nigella",1
"M_079","lecanophora.heterophylla","Megachile.pseudocentron2",0
"M_079","lecanophora.heterophylla","Melectoides.cockerelli",0
"M_079","lecanophora.heterophylla","Melissoptila.sp",0
"M_079","lecanophora.heterophylla","Mesonychium.jenseni",0
"M_079","lecanophora.heterophylla","Muscidae.sp2",0
"M_079","lecanophora.heterophylla","neu.sp1",0
"M_079","lecanophora.heterophylla","Nitidulidae.sp1",0
"M_079","lecanophora.heterophylla","Pyrgus.communis",0
"M_079","lecanophora.heterophylla","Platycheirus.sp",0
"M_079","lecanophora.heterophylla","Polistes.cavapyta",0
"M_079","lecanophora.heterophylla","Pompilidae.sp2",0
"M_079","lecanophora.heterophylla","Psaenythia.philantoides",0
"M_079","lecanophora.heterophylla","Psaenythia.rufipes",3
"M_079","lecanophora.heterophylla","Pseudagapostemon.sp",0
"M_079","lecanophora.heterophylla","Rubrica.nasuta",0
"M_079","lecanophora.heterophylla","Sarcophagidae.sp1",0
"M_079","lecanophora.heterophylla","Sciomyzidae",0
"M_079","lecanophora.heterophylla","Sphex.sp2",0
"M_079","lecanophora.heterophylla","Sphecidae.sp1",0
"M_079","lecanophora.heterophylla","Strymon.eurytulus",1
"M_079","lecanophora.heterophylla","Svastrides.bauni",0
"M_079","lecanophora.heterophylla","Svastra.sp",0
"M_079","lecanophora.heterophylla","Svastrides.zebra",0
"M_079","lecanophora.heterophylla","Syrphus.sp1",0
"M_079","lecanophora.heterophylla","Syrphidae.sp2",0
"M_079","lecanophora.heterophylla","Syrphidae.sp3",0
"M_079","lecanophora.heterophylla","Syrphidae.sp5",0
"M_079","lecanophora.heterophylla","Syrphidae.sp6",0
"M_079","lecanophora.heterophylla","Tachipompillus.sp",0
"M_079","lecanophora.heterophylla","Tachinidae.sp10",0
"M_079","lecanophora.heterophylla","Tachinidae.sp15",0
"M_079","lecanophora.heterophylla","Tachinidae.sp17",0
"M_079","lecanophora.heterophylla","Tachinidae.sp5",0
"M_079","lecanophora.heterophylla","Tachinidae.sp8",0
"M_079","lecanophora.heterophylla","Tachytes.sp",0
"M_079","lecanophora.heterophylla","Tatochila.autodice",0
"M_079","lecanophora.heterophylla","Tephritidae.sp1",0
"M_079","lecanophora.heterophylla","Tephritidae.sp2",0
"M_079","lecanophora.heterophylla","Thynnidae.sp",0
"M_079","lecanophora.heterophylla","Toxomerus.sp1",0
"M_079","lecanophora.heterophylla","Trichothurgus.laticeps",0
"M_079","lecanophora.heterophylla","Trichoturgus.sp2",0
"M_079","lecanophora.heterophylla","Villa.sp",0
"M_079","lecanophora.heterophylla","Willinkapis.chalybaea",0
"M_079","lecanophora.heterophylla","Xylocopa.augusti",0
"M_079","lecanophora.heterophylla","Xylocopa.atamisquensis",0
"M_079","lecanophora.heterophylla","Xylocopa.splendidula",0
"M_079","lecanophora.heterophylla","Zeta.sp",0
"M_079","lippia.turbinata","Acalyptratae.sp2",0
"M_079","lippia.turbinata","Acalyptratae.sp4",0
"M_079","lippia.turbinata","Acromyrmex.lobicornis",0
"M_079","lippia.turbinata","Alloscirtetica.brethesi",0
"M_079","lippia.turbinata","Alloscirtetica.sp1",0
"M_079","lippia.turbinata","Ammophila.sp",14
"M_079","lippia.turbinata","Ananthidium.inerme",0
"M_079","lippia.turbinata","Anthidium.friesei",0
"M_079","lippia.turbinata","Anthrax.oedipus",0
"M_079","lippia.turbinata","Anthidium.rubripes",2
"M_079","lippia.turbinata","Anthidium.vigintipunctatum",0
"M_079","lippia.turbinata","Anthomyiidae.sp1",0
"M_079","lippia.turbinata","Apis.mellifera",5
"M_079","lippia.turbinata","Arhysosage.bifasciata",0
"M_079","lippia.turbinata","Aristosyrphus.sp",0
"M_079","lippia.turbinata","Ascia.monuste",0
"M_079","lippia.turbinata","Asilidae.sp1",0
"M_079","lippia.turbinata","Asilidae.sp2",0
"M_079","lippia.turbinata","Audre.sp",2
"M_079","lippia.turbinata","Augochloropsis.sp",46
"M_079","lippia.turbinata","Babia.elongata",0
"M_079","lippia.turbinata","Bibionidae.sp",0
"M_079","lippia.turbinata","Bombus.opifex",0
"M_079","lippia.turbinata","Exoprosopa.sp1",1
"M_079","lippia.turbinata","Exoprosopa.sp2",3
"M_079","lippia.turbinata","Bombyliidae.sp12",0
"M_079","lippia.turbinata","Bombyliidae.sp14",3
"M_079","lippia.turbinata","Bombyliidae.sp15",0
"M_079","lippia.turbinata","Bombyliidae.sp16",0
"M_079","lippia.turbinata","Chrysanthrax.sp2",0
"M_079","lippia.turbinata","Bombilidae.sp5",2
"M_079","lippia.turbinata","Parasystoechus.sp",0
"M_079","lippia.turbinata","Poecilognathus.sp",0
"M_079","lippia.turbinata","Bombyliidae.sp9",36
"M_079","lippia.turbinata","Caenohalictus.sp",0
"M_079","lippia.turbinata","Calliopsini.sp1",0
"M_079","lippia.turbinata","Camponotus.mus",2
"M_079","lippia.turbinata","Camponotus.punctulatus",0
"M_079","lippia.turbinata","Centris.brethesi",0
"M_079","lippia.turbinata","Centris.lyngbyei",0
"M_079","lippia.turbinata","Centris.vardyorum",0
"M_079","lippia.turbinata","Chaetocrania.sp",0
"M_079","lippia.turbinata","Cochliomyia.macellaria",0
"M_079","lippia.turbinata","Coccinelidae.sp1",0
"M_079","lippia.turbinata","Coccinela.sp2",0
"M_079","lippia.turbinata","Coelioxys.chilensis",0
"M_079","lippia.turbinata","Coelioxys.jorgenseni",0
"M_079","lippia.turbinata","Coelioxys.sp6",0
"M_079","lippia.turbinata","Colletes.araucariae",0
"M_079","lippia.turbinata","Colletes.bicolor",0
"M_079","lippia.turbinata","Colletes.brethesi",0
"M_079","lippia.turbinata","Colletes.cognatus",0
"M_079","lippia.turbinata","Colletes.lycii",0
"M_079","lippia.turbinata","Compsomyiops.fulvicrura",1
"M_079","lippia.turbinata","Copestilum.aricia",7
"M_079","lippia.turbinata","Copestilum.sp2",1
"M_079","lippia.turbinata","Copestilum.sp3",0
"M_079","lippia.turbinata","Cosmosatyrus.chilensis",3
"M_079","lippia.turbinata","Crabronidae.sp1",0
"M_079","lippia.turbinata","Diadasia.baraderensis",0
"M_079","lippia.turbinata","Diadasia.patagonica",0
"M_079","lippia.turbinata","Diabrotica.sp",0
"M_079","lippia.turbinata","Dialictus.sp",1
"M_079","lippia.turbinata","Empididae.sp1",0
"M_079","lippia.turbinata","Empididae.sp2",0
"M_079","lippia.turbinata","Epitragus.sp",0
"M_079","lippia.turbinata","Eumenidae.sp",0
"M_079","lippia.turbinata","Chrysanthrax.sp1",12
"M_079","lippia.turbinata","Foreluis.sp",0
"M_079","lippia.turbinata","Hirmoneura.sp",0
"M_079","lippia.turbinata","Hypalastroides.sp",0
"M_079","lippia.turbinata","Isepeolus.vachali",0
"M_079","lippia.turbinata","Isepeolus.viperinus",1
"M_079","lippia.turbinata","Leioproctus.abdominalis",0
"M_079","lippia.turbinata","Leioproctus.friesei",0
"M_079","lippia.turbinata","Leptometriella.nigra",0
"M_079","lippia.turbinata","Lepidoptera.sp11",0
"M_079","lippia.turbinata","Lepidoptera.sp12",0
"M_079","lippia.turbinata","Lepidoptera.sp3",0
"M_079","lippia.turbinata","Lepidoptera.sp4",0
"M_079","lippia.turbinata","Liphantus.inornatus",0
"M_079","lippia.turbinata","Liphantus.nigritus",0
"M_079","lippia.turbinata","Lonchopria.robertsi",0
"M_079","lippia.turbinata","Lonchopria.sp",0
"M_079","lippia.turbinata","Megachile.leucographa",4
"M_079","lippia.turbinata","Megachile.obscurior",0
"M_079","lippia.turbinata","Megachile.nigella",0
"M_079","lippia.turbinata","Megachile.pseudocentron2",0
"M_079","lippia.turbinata","Melectoides.cockerelli",0
"M_079","lippia.turbinata","Melissoptila.sp",0
"M_079","lippia.turbinata","Mesonychium.jenseni",0
"M_079","lippia.turbinata","Muscidae.sp2",0
"M_079","lippia.turbinata","neu.sp1",0
"M_079","lippia.turbinata","Nitidulidae.sp1",0
"M_079","lippia.turbinata","Pyrgus.communis",13
"M_079","lippia.turbinata","Platycheirus.sp",0
"M_079","lippia.turbinata","Polistes.cavapyta",0
"M_079","lippia.turbinata","Pompilidae.sp2",0
"M_079","lippia.turbinata","Psaenythia.philantoides",0
"M_079","lippia.turbinata","Psaenythia.rufipes",0
"M_079","lippia.turbinata","Pseudagapostemon.sp",0
"M_079","lippia.turbinata","Rubrica.nasuta",0
"M_079","lippia.turbinata","Sarcophagidae.sp1",0
"M_079","lippia.turbinata","Sciomyzidae",0
"M_079","lippia.turbinata","Sphex.sp2",0
"M_079","lippia.turbinata","Sphecidae.sp1",0
"M_079","lippia.turbinata","Strymon.eurytulus",21
"M_079","lippia.turbinata","Svastrides.bauni",2
"M_079","lippia.turbinata","Svastra.sp",0
"M_079","lippia.turbinata","Svastrides.zebra",0
"M_079","lippia.turbinata","Syrphus.sp1",1
"M_079","lippia.turbinata","Syrphidae.sp2",0
"M_079","lippia.turbinata","Syrphidae.sp3",0
"M_079","lippia.turbinata","Syrphidae.sp5",0
"M_079","lippia.turbinata","Syrphidae.sp6",1
"M_079","lippia.turbinata","Tachipompillus.sp",0
"M_079","lippia.turbinata","Tachinidae.sp10",3
"M_079","lippia.turbinata","Tachinidae.sp15",0
"M_079","lippia.turbinata","Tachinidae.sp17",0
"M_079","lippia.turbinata","Tachinidae.sp5",0
"M_079","lippia.turbinata","Tachinidae.sp8",3
"M_079","lippia.turbinata","Tachytes.sp",1
"M_079","lippia.turbinata","Tatochila.autodice",0
"M_079","lippia.turbinata","Tephritidae.sp1",0
"M_079","lippia.turbinata","Tephritidae.sp2",0
"M_079","lippia.turbinata","Thynnidae.sp",0
"M_079","lippia.turbinata","Toxomerus.sp1",0
"M_079","lippia.turbinata","Trichothurgus.laticeps",0
"M_079","lippia.turbinata","Trichoturgus.sp2",0
"M_079","lippia.turbinata","Villa.sp",14
"M_079","lippia.turbinata","Willinkapis.chalybaea",0
"M_079","lippia.turbinata","Xylocopa.augusti",0
"M_079","lippia.turbinata","Xylocopa.atamisquensis",0
"M_079","lippia.turbinata","Xylocopa.splendidula",0
"M_079","lippia.turbinata","Zeta.sp",25
"M_079","lycium.chilense","Acalyptratae.sp2",0
"M_079","lycium.chilense","Acalyptratae.sp4",0
"M_079","lycium.chilense","Acromyrmex.lobicornis",0
"M_079","lycium.chilense","Alloscirtetica.brethesi",6
"M_079","lycium.chilense","Alloscirtetica.sp1",0
"M_079","lycium.chilense","Ammophila.sp",0
"M_079","lycium.chilense","Ananthidium.inerme",0
"M_079","lycium.chilense","Anthidium.friesei",0
"M_079","lycium.chilense","Anthrax.oedipus",0
"M_079","lycium.chilense","Anthidium.rubripes",0
"M_079","lycium.chilense","Anthidium.vigintipunctatum",0
"M_079","lycium.chilense","Anthomyiidae.sp1",0
"M_079","lycium.chilense","Apis.mellifera",58
"M_079","lycium.chilense","Arhysosage.bifasciata",0
"M_079","lycium.chilense","Aristosyrphus.sp",0
"M_079","lycium.chilense","Ascia.monuste",0
"M_079","lycium.chilense","Asilidae.sp1",0
"M_079","lycium.chilense","Asilidae.sp2",0
"M_079","lycium.chilense","Audre.sp",0
"M_079","lycium.chilense","Augochloropsis.sp",14
"M_079","lycium.chilense","Babia.elongata",0
"M_079","lycium.chilense","Bibionidae.sp",0
"M_079","lycium.chilense","Bombus.opifex",8
"M_079","lycium.chilense","Exoprosopa.sp1",0
"M_079","lycium.chilense","Exoprosopa.sp2",0
"M_079","lycium.chilense","Bombyliidae.sp12",0
"M_079","lycium.chilense","Bombyliidae.sp14",0
"M_079","lycium.chilense","Bombyliidae.sp15",0
"M_079","lycium.chilense","Bombyliidae.sp16",0
"M_079","lycium.chilense","Chrysanthrax.sp2",0
"M_079","lycium.chilense","Bombilidae.sp5",0
"M_079","lycium.chilense","Parasystoechus.sp",0
"M_079","lycium.chilense","Poecilognathus.sp",0
"M_079","lycium.chilense","Bombyliidae.sp9",2
"M_079","lycium.chilense","Caenohalictus.sp",0
"M_079","lycium.chilense","Calliopsini.sp1",0
"M_079","lycium.chilense","Camponotus.mus",0
"M_079","lycium.chilense","Camponotus.punctulatus",0
"M_079","lycium.chilense","Centris.brethesi",0
"M_079","lycium.chilense","Centris.lyngbyei",0
"M_079","lycium.chilense","Centris.vardyorum",0
"M_079","lycium.chilense","Chaetocrania.sp",0
"M_079","lycium.chilense","Cochliomyia.macellaria",0
"M_079","lycium.chilense","Coccinelidae.sp1",0
"M_079","lycium.chilense","Coccinela.sp2",0
"M_079","lycium.chilense","Coelioxys.chilensis",0
"M_079","lycium.chilense","Coelioxys.jorgenseni",0
"M_079","lycium.chilense","Coelioxys.sp6",0
"M_079","lycium.chilense","Colletes.araucariae",0
"M_079","lycium.chilense","Colletes.bicolor",0
"M_079","lycium.chilense","Colletes.brethesi",0
"M_079","lycium.chilense","Colletes.cognatus",0
"M_079","lycium.chilense","Colletes.lycii",0
"M_079","lycium.chilense","Compsomyiops.fulvicrura",0
"M_079","lycium.chilense","Copestilum.aricia",32
"M_079","lycium.chilense","Copestilum.sp2",3
"M_079","lycium.chilense","Copestilum.sp3",0
"M_079","lycium.chilense","Cosmosatyrus.chilensis",0
"M_079","lycium.chilense","Crabronidae.sp1",0
"M_079","lycium.chilense","Diadasia.baraderensis",0
"M_079","lycium.chilense","Diadasia.patagonica",0
"M_079","lycium.chilense","Diabrotica.sp",0
"M_079","lycium.chilense","Dialictus.sp",4
"M_079","lycium.chilense","Empididae.sp1",0
"M_079","lycium.chilense","Empididae.sp2",0
"M_079","lycium.chilense","Epitragus.sp",0
"M_079","lycium.chilense","Eumenidae.sp",0
"M_079","lycium.chilense","Chrysanthrax.sp1",0
"M_079","lycium.chilense","Foreluis.sp",0
"M_079","lycium.chilense","Hirmoneura.sp",0
"M_079","lycium.chilense","Hypalastroides.sp",0
"M_079","lycium.chilense","Isepeolus.vachali",0
"M_079","lycium.chilense","Isepeolus.viperinus",0
"M_079","lycium.chilense","Leioproctus.abdominalis",0
"M_079","lycium.chilense","Leioproctus.friesei",0
"M_079","lycium.chilense","Leptometriella.nigra",0
"M_079","lycium.chilense","Lepidoptera.sp11",0
"M_079","lycium.chilense","Lepidoptera.sp12",0
"M_079","lycium.chilense","Lepidoptera.sp3",0
"M_079","lycium.chilense","Lepidoptera.sp4",0
"M_079","lycium.chilense","Liphantus.inornatus",0
"M_079","lycium.chilense","Liphantus.nigritus",0
"M_079","lycium.chilense","Lonchopria.robertsi",0
"M_079","lycium.chilense","Lonchopria.sp",0
"M_079","lycium.chilense","Megachile.leucographa",5
"M_079","lycium.chilense","Megachile.obscurior",0
"M_079","lycium.chilense","Megachile.nigella",0
"M_079","lycium.chilense","Megachile.pseudocentron2",0
"M_079","lycium.chilense","Melectoides.cockerelli",0
"M_079","lycium.chilense","Melissoptila.sp",0
"M_079","lycium.chilense","Mesonychium.jenseni",0
"M_079","lycium.chilense","Muscidae.sp2",0
"M_079","lycium.chilense","neu.sp1",0
"M_079","lycium.chilense","Nitidulidae.sp1",0
"M_079","lycium.chilense","Pyrgus.communis",0
"M_079","lycium.chilense","Platycheirus.sp",0
"M_079","lycium.chilense","Polistes.cavapyta",0
"M_079","lycium.chilense","Pompilidae.sp2",0
"M_079","lycium.chilense","Psaenythia.philantoides",0
"M_079","lycium.chilense","Psaenythia.rufipes",0
"M_079","lycium.chilense","Pseudagapostemon.sp",0
"M_079","lycium.chilense","Rubrica.nasuta",0
"M_079","lycium.chilense","Sarcophagidae.sp1",0
"M_079","lycium.chilense","Sciomyzidae",0
"M_079","lycium.chilense","Sphex.sp2",0
"M_079","lycium.chilense","Sphecidae.sp1",0
"M_079","lycium.chilense","Strymon.eurytulus",0
"M_079","lycium.chilense","Svastrides.bauni",0
"M_079","lycium.chilense","Svastra.sp",0
"M_079","lycium.chilense","Svastrides.zebra",0
"M_079","lycium.chilense","Syrphus.sp1",7
"M_079","lycium.chilense","Syrphidae.sp2",0
"M_079","lycium.chilense","Syrphidae.sp3",0
"M_079","lycium.chilense","Syrphidae.sp5",0
"M_079","lycium.chilense","Syrphidae.sp6",0
"M_079","lycium.chilense","Tachipompillus.sp",0
"M_079","lycium.chilense","Tachinidae.sp10",0
"M_079","lycium.chilense","Tachinidae.sp15",0
"M_079","lycium.chilense","Tachinidae.sp17",0
"M_079","lycium.chilense","Tachinidae.sp5",0
"M_079","lycium.chilense","Tachinidae.sp8",0
"M_079","lycium.chilense","Tachytes.sp",0
"M_079","lycium.chilense","Tatochila.autodice",0
"M_079","lycium.chilense","Tephritidae.sp1",0
"M_079","lycium.chilense","Tephritidae.sp2",0
"M_079","lycium.chilense","Thynnidae.sp",0
"M_079","lycium.chilense","Toxomerus.sp1",0
"M_079","lycium.chilense","Trichothurgus.laticeps",0
"M_079","lycium.chilense","Trichoturgus.sp2",0
"M_079","lycium.chilense","Villa.sp",2
"M_079","lycium.chilense","Willinkapis.chalybaea",0
"M_079","lycium.chilense","Xylocopa.augusti",0
"M_079","lycium.chilense","Xylocopa.atamisquensis",63
"M_079","lycium.chilense","Xylocopa.splendidula",11
"M_079","lycium.chilense","Zeta.sp",0
"M_079","lycium.gilliesianum","Acalyptratae.sp2",0
"M_079","lycium.gilliesianum","Acalyptratae.sp4",0
"M_079","lycium.gilliesianum","Acromyrmex.lobicornis",0
"M_079","lycium.gilliesianum","Alloscirtetica.brethesi",0
"M_079","lycium.gilliesianum","Alloscirtetica.sp1",0
"M_079","lycium.gilliesianum","Ammophila.sp",0
"M_079","lycium.gilliesianum","Ananthidium.inerme",0
"M_079","lycium.gilliesianum","Anthidium.friesei",0
"M_079","lycium.gilliesianum","Anthrax.oedipus",0
"M_079","lycium.gilliesianum","Anthidium.rubripes",0
"M_079","lycium.gilliesianum","Anthidium.vigintipunctatum",0
"M_079","lycium.gilliesianum","Anthomyiidae.sp1",0
"M_079","lycium.gilliesianum","Apis.mellifera",26
"M_079","lycium.gilliesianum","Arhysosage.bifasciata",0
"M_079","lycium.gilliesianum","Aristosyrphus.sp",0
"M_079","lycium.gilliesianum","Ascia.monuste",0
"M_079","lycium.gilliesianum","Asilidae.sp1",0
"M_079","lycium.gilliesianum","Asilidae.sp2",0
"M_079","lycium.gilliesianum","Audre.sp",0
"M_079","lycium.gilliesianum","Augochloropsis.sp",0
"M_079","lycium.gilliesianum","Babia.elongata",0
"M_079","lycium.gilliesianum","Bibionidae.sp",0
"M_079","lycium.gilliesianum","Bombus.opifex",0
"M_079","lycium.gilliesianum","Exoprosopa.sp1",0
"M_079","lycium.gilliesianum","Exoprosopa.sp2",0
"M_079","lycium.gilliesianum","Bombyliidae.sp12",0
"M_079","lycium.gilliesianum","Bombyliidae.sp14",0
"M_079","lycium.gilliesianum","Bombyliidae.sp15",0
"M_079","lycium.gilliesianum","Bombyliidae.sp16",0
"M_079","lycium.gilliesianum","Chrysanthrax.sp2",0
"M_079","lycium.gilliesianum","Bombilidae.sp5",0
"M_079","lycium.gilliesianum","Parasystoechus.sp",0
"M_079","lycium.gilliesianum","Poecilognathus.sp",0
"M_079","lycium.gilliesianum","Bombyliidae.sp9",0
"M_079","lycium.gilliesianum","Caenohalictus.sp",0
"M_079","lycium.gilliesianum","Calliopsini.sp1",0
"M_079","lycium.gilliesianum","Camponotus.mus",0
"M_079","lycium.gilliesianum","Camponotus.punctulatus",0
"M_079","lycium.gilliesianum","Centris.brethesi",0
"M_079","lycium.gilliesianum","Centris.lyngbyei",0
"M_079","lycium.gilliesianum","Centris.vardyorum",0
"M_079","lycium.gilliesianum","Chaetocrania.sp",0
"M_079","lycium.gilliesianum","Cochliomyia.macellaria",0
"M_079","lycium.gilliesianum","Coccinelidae.sp1",0
"M_079","lycium.gilliesianum","Coccinela.sp2",0
"M_079","lycium.gilliesianum","Coelioxys.chilensis",0
"M_079","lycium.gilliesianum","Coelioxys.jorgenseni",0
"M_079","lycium.gilliesianum","Coelioxys.sp6",0
"M_079","lycium.gilliesianum","Colletes.araucariae",0
"M_079","lycium.gilliesianum","Colletes.bicolor",0
"M_079","lycium.gilliesianum","Colletes.brethesi",0
"M_079","lycium.gilliesianum","Colletes.cognatus",0
"M_079","lycium.gilliesianum","Colletes.lycii",0
"M_079","lycium.gilliesianum","Compsomyiops.fulvicrura",0
"M_079","lycium.gilliesianum","Copestilum.aricia",43
"M_079","lycium.gilliesianum","Copestilum.sp2",1
"M_079","lycium.gilliesianum","Copestilum.sp3",0
"M_079","lycium.gilliesianum","Cosmosatyrus.chilensis",0
"M_079","lycium.gilliesianum","Crabronidae.sp1",0
"M_079","lycium.gilliesianum","Diadasia.baraderensis",0
"M_079","lycium.gilliesianum","Diadasia.patagonica",0
"M_079","lycium.gilliesianum","Diabrotica.sp",0
"M_079","lycium.gilliesianum","Dialictus.sp",5
"M_079","lycium.gilliesianum","Empididae.sp1",0
"M_079","lycium.gilliesianum","Empididae.sp2",0
"M_079","lycium.gilliesianum","Epitragus.sp",0
"M_079","lycium.gilliesianum","Eumenidae.sp",0
"M_079","lycium.gilliesianum","Chrysanthrax.sp1",5
"M_079","lycium.gilliesianum","Foreluis.sp",0
"M_079","lycium.gilliesianum","Hirmoneura.sp",0
"M_079","lycium.gilliesianum","Hypalastroides.sp",0
"M_079","lycium.gilliesianum","Isepeolus.vachali",0
"M_079","lycium.gilliesianum","Isepeolus.viperinus",0
"M_079","lycium.gilliesianum","Leioproctus.abdominalis",0
"M_079","lycium.gilliesianum","Leioproctus.friesei",0
"M_079","lycium.gilliesianum","Leptometriella.nigra",0
"M_079","lycium.gilliesianum","Lepidoptera.sp11",0
"M_079","lycium.gilliesianum","Lepidoptera.sp12",0
"M_079","lycium.gilliesianum","Lepidoptera.sp3",0
"M_079","lycium.gilliesianum","Lepidoptera.sp4",0
"M_079","lycium.gilliesianum","Liphantus.inornatus",0
"M_079","lycium.gilliesianum","Liphantus.nigritus",0
"M_079","lycium.gilliesianum","Lonchopria.robertsi",0
"M_079","lycium.gilliesianum","Lonchopria.sp",0
"M_079","lycium.gilliesianum","Megachile.leucographa",0
"M_079","lycium.gilliesianum","Megachile.obscurior",0
"M_079","lycium.gilliesianum","Megachile.nigella",0
"M_079","lycium.gilliesianum","Megachile.pseudocentron2",0
"M_079","lycium.gilliesianum","Melectoides.cockerelli",0
"M_079","lycium.gilliesianum","Melissoptila.sp",0
"M_079","lycium.gilliesianum","Mesonychium.jenseni",0
"M_079","lycium.gilliesianum","Muscidae.sp2",0
"M_079","lycium.gilliesianum","neu.sp1",0
"M_079","lycium.gilliesianum","Nitidulidae.sp1",0
"M_079","lycium.gilliesianum","Pyrgus.communis",0
"M_079","lycium.gilliesianum","Platycheirus.sp",0
"M_079","lycium.gilliesianum","Polistes.cavapyta",0
"M_079","lycium.gilliesianum","Pompilidae.sp2",0
"M_079","lycium.gilliesianum","Psaenythia.philantoides",0
"M_079","lycium.gilliesianum","Psaenythia.rufipes",0
"M_079","lycium.gilliesianum","Pseudagapostemon.sp",0
"M_079","lycium.gilliesianum","Rubrica.nasuta",0
"M_079","lycium.gilliesianum","Sarcophagidae.sp1",0
"M_079","lycium.gilliesianum","Sciomyzidae",0
"M_079","lycium.gilliesianum","Sphex.sp2",0
"M_079","lycium.gilliesianum","Sphecidae.sp1",0
"M_079","lycium.gilliesianum","Strymon.eurytulus",0
"M_079","lycium.gilliesianum","Svastrides.bauni",0
"M_079","lycium.gilliesianum","Svastra.sp",0
"M_079","lycium.gilliesianum","Svastrides.zebra",0
"M_079","lycium.gilliesianum","Syrphus.sp1",3
"M_079","lycium.gilliesianum","Syrphidae.sp2",0
"M_079","lycium.gilliesianum","Syrphidae.sp3",0
"M_079","lycium.gilliesianum","Syrphidae.sp5",0
"M_079","lycium.gilliesianum","Syrphidae.sp6",0
"M_079","lycium.gilliesianum","Tachipompillus.sp",0
"M_079","lycium.gilliesianum","Tachinidae.sp10",0
"M_079","lycium.gilliesianum","Tachinidae.sp15",0
"M_079","lycium.gilliesianum","Tachinidae.sp17",0
"M_079","lycium.gilliesianum","Tachinidae.sp5",0
"M_079","lycium.gilliesianum","Tachinidae.sp8",0
"M_079","lycium.gilliesianum","Tachytes.sp",0
"M_079","lycium.gilliesianum","Tatochila.autodice",0
"M_079","lycium.gilliesianum","Tephritidae.sp1",0
"M_079","lycium.gilliesianum","Tephritidae.sp2",0
"M_079","lycium.gilliesianum","Thynnidae.sp",0
"M_079","lycium.gilliesianum","Toxomerus.sp1",0
"M_079","lycium.gilliesianum","Trichothurgus.laticeps",0
"M_079","lycium.gilliesianum","Trichoturgus.sp2",0
"M_079","lycium.gilliesianum","Villa.sp",0
"M_079","lycium.gilliesianum","Willinkapis.chalybaea",0
"M_079","lycium.gilliesianum","Xylocopa.augusti",0
"M_079","lycium.gilliesianum","Xylocopa.atamisquensis",0
"M_079","lycium.gilliesianum","Xylocopa.splendidula",0
"M_079","lycium.gilliesianum","Zeta.sp",0
"M_079","menodora.decemfida","Acalyptratae.sp2",0
"M_079","menodora.decemfida","Acalyptratae.sp4",0
"M_079","menodora.decemfida","Acromyrmex.lobicornis",0
"M_079","menodora.decemfida","Alloscirtetica.brethesi",0
"M_079","menodora.decemfida","Alloscirtetica.sp1",0
"M_079","menodora.decemfida","Ammophila.sp",92
"M_079","menodora.decemfida","Ananthidium.inerme",1
"M_079","menodora.decemfida","Anthidium.friesei",0
"M_079","menodora.decemfida","Anthrax.oedipus",1
"M_079","menodora.decemfida","Anthidium.rubripes",0
"M_079","menodora.decemfida","Anthidium.vigintipunctatum",0
"M_079","menodora.decemfida","Anthomyiidae.sp1",0
"M_079","menodora.decemfida","Apis.mellifera",184
"M_079","menodora.decemfida","Arhysosage.bifasciata",0
"M_079","menodora.decemfida","Aristosyrphus.sp",0
"M_079","menodora.decemfida","Ascia.monuste",1
"M_079","menodora.decemfida","Asilidae.sp1",0
"M_079","menodora.decemfida","Asilidae.sp2",0
"M_079","menodora.decemfida","Audre.sp",2
"M_079","menodora.decemfida","Augochloropsis.sp",70
"M_079","menodora.decemfida","Babia.elongata",0
"M_079","menodora.decemfida","Bibionidae.sp",1
"M_079","menodora.decemfida","Bombus.opifex",1
"M_079","menodora.decemfida","Exoprosopa.sp1",0
"M_079","menodora.decemfida","Exoprosopa.sp2",0
"M_079","menodora.decemfida","Bombyliidae.sp12",0
"M_079","menodora.decemfida","Bombyliidae.sp14",0
"M_079","menodora.decemfida","Bombyliidae.sp15",0
"M_079","menodora.decemfida","Bombyliidae.sp16",0
"M_079","menodora.decemfida","Chrysanthrax.sp2",0
"M_079","menodora.decemfida","Bombilidae.sp5",0
"M_079","menodora.decemfida","Parasystoechus.sp",5
"M_079","menodora.decemfida","Poecilognathus.sp",25
"M_079","menodora.decemfida","Bombyliidae.sp9",0
"M_079","menodora.decemfida","Caenohalictus.sp",4
"M_079","menodora.decemfida","Calliopsini.sp1",0
"M_079","menodora.decemfida","Camponotus.mus",0
"M_079","menodora.decemfida","Camponotus.punctulatus",0
"M_079","menodora.decemfida","Centris.brethesi",1
"M_079","menodora.decemfida","Centris.lyngbyei",0
"M_079","menodora.decemfida","Centris.vardyorum",0
"M_079","menodora.decemfida","Chaetocrania.sp",2
"M_079","menodora.decemfida","Cochliomyia.macellaria",0
"M_079","menodora.decemfida","Coccinelidae.sp1",0
"M_079","menodora.decemfida","Coccinela.sp2",0
"M_079","menodora.decemfida","Coelioxys.chilensis",0
"M_079","menodora.decemfida","Coelioxys.jorgenseni",0
"M_079","menodora.decemfida","Coelioxys.sp6",0
"M_079","menodora.decemfida","Colletes.araucariae",0
"M_079","menodora.decemfida","Colletes.bicolor",0
"M_079","menodora.decemfida","Colletes.brethesi",0
"M_079","menodora.decemfida","Colletes.cognatus",3
"M_079","menodora.decemfida","Colletes.lycii",0
"M_079","menodora.decemfida","Compsomyiops.fulvicrura",0
"M_079","menodora.decemfida","Copestilum.aricia",98
"M_079","menodora.decemfida","Copestilum.sp2",3
"M_079","menodora.decemfida","Copestilum.sp3",0
"M_079","menodora.decemfida","Cosmosatyrus.chilensis",11
"M_079","menodora.decemfida","Crabronidae.sp1",0
"M_079","menodora.decemfida","Diadasia.baraderensis",0
"M_079","menodora.decemfida","Diadasia.patagonica",2
"M_079","menodora.decemfida","Diabrotica.sp",1
"M_079","menodora.decemfida","Dialictus.sp",104
"M_079","menodora.decemfida","Empididae.sp1",0
"M_079","menodora.decemfida","Empididae.sp2",0
"M_079","menodora.decemfida","Epitragus.sp",0
"M_079","menodora.decemfida","Eumenidae.sp",0
"M_079","menodora.decemfida","Chrysanthrax.sp1",0
"M_079","menodora.decemfida","Foreluis.sp",0
"M_079","menodora.decemfida","Hirmoneura.sp",1
"M_079","menodora.decemfida","Hypalastroides.sp",0
"M_079","menodora.decemfida","Isepeolus.vachali",4
"M_079","menodora.decemfida","Isepeolus.viperinus",0
"M_079","menodora.decemfida","Leioproctus.abdominalis",0
"M_079","menodora.decemfida","Leioproctus.friesei",0
"M_079","menodora.decemfida","Leptometriella.nigra",0
"M_079","menodora.decemfida","Lepidoptera.sp11",9
"M_079","menodora.decemfida","Lepidoptera.sp12",0
"M_079","menodora.decemfida","Lepidoptera.sp3",0
"M_079","menodora.decemfida","Lepidoptera.sp4",0
"M_079","menodora.decemfida","Liphantus.inornatus",0
"M_079","menodora.decemfida","Liphantus.nigritus",0
"M_079","menodora.decemfida","Lonchopria.robertsi",1
"M_079","menodora.decemfida","Lonchopria.sp",0
"M_079","menodora.decemfida","Megachile.leucographa",10
"M_079","menodora.decemfida","Megachile.obscurior",11
"M_079","menodora.decemfida","Megachile.nigella",0
"M_079","menodora.decemfida","Megachile.pseudocentron2",0
"M_079","menodora.decemfida","Melectoides.cockerelli",0
"M_079","menodora.decemfida","Melissoptila.sp",4
"M_079","menodora.decemfida","Mesonychium.jenseni",48
"M_079","menodora.decemfida","Muscidae.sp2",0
"M_079","menodora.decemfida","neu.sp1",0
"M_079","menodora.decemfida","Nitidulidae.sp1",0
"M_079","menodora.decemfida","Pyrgus.communis",57
"M_079","menodora.decemfida","Platycheirus.sp",0
"M_079","menodora.decemfida","Polistes.cavapyta",0
"M_079","menodora.decemfida","Pompilidae.sp2",0
"M_079","menodora.decemfida","Psaenythia.philantoides",12
"M_079","menodora.decemfida","Psaenythia.rufipes",3
"M_079","menodora.decemfida","Pseudagapostemon.sp",5
"M_079","menodora.decemfida","Rubrica.nasuta",0
"M_079","menodora.decemfida","Sarcophagidae.sp1",0
"M_079","menodora.decemfida","Sciomyzidae",0
"M_079","menodora.decemfida","Sphex.sp2",4
"M_079","menodora.decemfida","Sphecidae.sp1",0
"M_079","menodora.decemfida","Strymon.eurytulus",37
"M_079","menodora.decemfida","Svastrides.bauni",0
"M_079","menodora.decemfida","Svastra.sp",0
"M_079","menodora.decemfida","Svastrides.zebra",0
"M_079","menodora.decemfida","Syrphus.sp1",22
"M_079","menodora.decemfida","Syrphidae.sp2",0
"M_079","menodora.decemfida","Syrphidae.sp3",0
"M_079","menodora.decemfida","Syrphidae.sp5",0
"M_079","menodora.decemfida","Syrphidae.sp6",0
"M_079","menodora.decemfida","Tachipompillus.sp",0
"M_079","menodora.decemfida","Tachinidae.sp10",0
"M_079","menodora.decemfida","Tachinidae.sp15",0
"M_079","menodora.decemfida","Tachinidae.sp17",0
"M_079","menodora.decemfida","Tachinidae.sp5",0
"M_079","menodora.decemfida","Tachinidae.sp8",0
"M_079","menodora.decemfida","Tachytes.sp",0
"M_079","menodora.decemfida","Tatochila.autodice",9
"M_079","menodora.decemfida","Tephritidae.sp1",0
"M_079","menodora.decemfida","Tephritidae.sp2",0
"M_079","menodora.decemfida","Thynnidae.sp",0
"M_079","menodora.decemfida","Toxomerus.sp1",0
"M_079","menodora.decemfida","Trichothurgus.laticeps",0
"M_079","menodora.decemfida","Trichoturgus.sp2",0
"M_079","menodora.decemfida","Villa.sp",0
"M_079","menodora.decemfida","Willinkapis.chalybaea",0
"M_079","menodora.decemfida","Xylocopa.augusti",0
"M_079","menodora.decemfida","Xylocopa.atamisquensis",1
"M_079","menodora.decemfida","Xylocopa.splendidula",0
"M_079","menodora.decemfida","Zeta.sp",1
"M_079","monttea.aphylla","Acalyptratae.sp2",0
"M_079","monttea.aphylla","Acalyptratae.sp4",0
"M_079","monttea.aphylla","Acromyrmex.lobicornis",0
"M_079","monttea.aphylla","Alloscirtetica.brethesi",0
"M_079","monttea.aphylla","Alloscirtetica.sp1",0
"M_079","monttea.aphylla","Ammophila.sp",0
"M_079","monttea.aphylla","Ananthidium.inerme",0
"M_079","monttea.aphylla","Anthidium.friesei",0
"M_079","monttea.aphylla","Anthrax.oedipus",0
"M_079","monttea.aphylla","Anthidium.rubripes",0
"M_079","monttea.aphylla","Anthidium.vigintipunctatum",0
"M_079","monttea.aphylla","Anthomyiidae.sp1",0
"M_079","monttea.aphylla","Apis.mellifera",3
"M_079","monttea.aphylla","Arhysosage.bifasciata",0
"M_079","monttea.aphylla","Aristosyrphus.sp",0
"M_079","monttea.aphylla","Ascia.monuste",0
"M_079","monttea.aphylla","Asilidae.sp1",0
"M_079","monttea.aphylla","Asilidae.sp2",0
"M_079","monttea.aphylla","Audre.sp",0
"M_079","monttea.aphylla","Augochloropsis.sp",37
"M_079","monttea.aphylla","Babia.elongata",0
"M_079","monttea.aphylla","Bibionidae.sp",0
"M_079","monttea.aphylla","Bombus.opifex",0
"M_079","monttea.aphylla","Exoprosopa.sp1",1
"M_079","monttea.aphylla","Exoprosopa.sp2",0
"M_079","monttea.aphylla","Bombyliidae.sp12",0
"M_079","monttea.aphylla","Bombyliidae.sp14",0
"M_079","monttea.aphylla","Bombyliidae.sp15",0
"M_079","monttea.aphylla","Bombyliidae.sp16",0
"M_079","monttea.aphylla","Chrysanthrax.sp2",0
"M_079","monttea.aphylla","Bombilidae.sp5",0
"M_079","monttea.aphylla","Parasystoechus.sp",0
"M_079","monttea.aphylla","Poecilognathus.sp",0
"M_079","monttea.aphylla","Bombyliidae.sp9",0
"M_079","monttea.aphylla","Caenohalictus.sp",1
"M_079","monttea.aphylla","Calliopsini.sp1",0
"M_079","monttea.aphylla","Camponotus.mus",0
"M_079","monttea.aphylla","Camponotus.punctulatus",0
"M_079","monttea.aphylla","Centris.brethesi",758
"M_079","monttea.aphylla","Centris.lyngbyei",5
"M_079","monttea.aphylla","Centris.vardyorum",111
"M_079","monttea.aphylla","Chaetocrania.sp",0
"M_079","monttea.aphylla","Cochliomyia.macellaria",0
"M_079","monttea.aphylla","Coccinelidae.sp1",0
"M_079","monttea.aphylla","Coccinela.sp2",0
"M_079","monttea.aphylla","Coelioxys.chilensis",0
"M_079","monttea.aphylla","Coelioxys.jorgenseni",0
"M_079","monttea.aphylla","Coelioxys.sp6",0
"M_079","monttea.aphylla","Colletes.araucariae",0
"M_079","monttea.aphylla","Colletes.bicolor",0
"M_079","monttea.aphylla","Colletes.brethesi",0
"M_079","monttea.aphylla","Colletes.cognatus",0
"M_079","monttea.aphylla","Colletes.lycii",0
"M_079","monttea.aphylla","Compsomyiops.fulvicrura",0
"M_079","monttea.aphylla","Copestilum.aricia",0
"M_079","monttea.aphylla","Copestilum.sp2",0
"M_079","monttea.aphylla","Copestilum.sp3",0
"M_079","monttea.aphylla","Cosmosatyrus.chilensis",0
"M_079","monttea.aphylla","Crabronidae.sp1",0
"M_079","monttea.aphylla","Diadasia.baraderensis",0
"M_079","monttea.aphylla","Diadasia.patagonica",0
"M_079","monttea.aphylla","Diabrotica.sp",0
"M_079","monttea.aphylla","Dialictus.sp",25
"M_079","monttea.aphylla","Empididae.sp1",0
"M_079","monttea.aphylla","Empididae.sp2",0
"M_079","monttea.aphylla","Epitragus.sp",0
"M_079","monttea.aphylla","Eumenidae.sp",0
"M_079","monttea.aphylla","Chrysanthrax.sp1",0
"M_079","monttea.aphylla","Foreluis.sp",0
"M_079","monttea.aphylla","Hirmoneura.sp",0
"M_079","monttea.aphylla","Hypalastroides.sp",0
"M_079","monttea.aphylla","Isepeolus.vachali",0
"M_079","monttea.aphylla","Isepeolus.viperinus",0
"M_079","monttea.aphylla","Leioproctus.abdominalis",0
"M_079","monttea.aphylla","Leioproctus.friesei",0
"M_079","monttea.aphylla","Leptometriella.nigra",0
"M_079","monttea.aphylla","Lepidoptera.sp11",0
"M_079","monttea.aphylla","Lepidoptera.sp12",0
"M_079","monttea.aphylla","Lepidoptera.sp3",0
"M_079","monttea.aphylla","Lepidoptera.sp4",0
"M_079","monttea.aphylla","Liphantus.inornatus",0
"M_079","monttea.aphylla","Liphantus.nigritus",0
"M_079","monttea.aphylla","Lonchopria.robertsi",0
"M_079","monttea.aphylla","Lonchopria.sp",0
"M_079","monttea.aphylla","Megachile.leucographa",0
"M_079","monttea.aphylla","Megachile.obscurior",0
"M_079","monttea.aphylla","Megachile.nigella",0
"M_079","monttea.aphylla","Megachile.pseudocentron2",0
"M_079","monttea.aphylla","Melectoides.cockerelli",0
"M_079","monttea.aphylla","Melissoptila.sp",0
"M_079","monttea.aphylla","Mesonychium.jenseni",16
"M_079","monttea.aphylla","Muscidae.sp2",0
"M_079","monttea.aphylla","neu.sp1",0
"M_079","monttea.aphylla","Nitidulidae.sp1",0
"M_079","monttea.aphylla","Pyrgus.communis",0
"M_079","monttea.aphylla","Platycheirus.sp",0
"M_079","monttea.aphylla","Polistes.cavapyta",0
"M_079","monttea.aphylla","Pompilidae.sp2",0
"M_079","monttea.aphylla","Psaenythia.philantoides",0
"M_079","monttea.aphylla","Psaenythia.rufipes",2
"M_079","monttea.aphylla","Pseudagapostemon.sp",29
"M_079","monttea.aphylla","Rubrica.nasuta",0
"M_079","monttea.aphylla","Sarcophagidae.sp1",0
"M_079","monttea.aphylla","Sciomyzidae",0
"M_079","monttea.aphylla","Sphex.sp2",0
"M_079","monttea.aphylla","Sphecidae.sp1",0
"M_079","monttea.aphylla","Strymon.eurytulus",1
"M_079","monttea.aphylla","Svastrides.bauni",0
"M_079","monttea.aphylla","Svastra.sp",0
"M_079","monttea.aphylla","Svastrides.zebra",0
"M_079","monttea.aphylla","Syrphus.sp1",0
"M_079","monttea.aphylla","Syrphidae.sp2",0
"M_079","monttea.aphylla","Syrphidae.sp3",0
"M_079","monttea.aphylla","Syrphidae.sp5",0
"M_079","monttea.aphylla","Syrphidae.sp6",0
"M_079","monttea.aphylla","Tachipompillus.sp",0
"M_079","monttea.aphylla","Tachinidae.sp10",0
"M_079","monttea.aphylla","Tachinidae.sp15",0
"M_079","monttea.aphylla","Tachinidae.sp17",0
"M_079","monttea.aphylla","Tachinidae.sp5",0
"M_079","monttea.aphylla","Tachinidae.sp8",0
"M_079","monttea.aphylla","Tachytes.sp",0
"M_079","monttea.aphylla","Tatochila.autodice",0
"M_079","monttea.aphylla","Tephritidae.sp1",0
"M_079","monttea.aphylla","Tephritidae.sp2",0
"M_079","monttea.aphylla","Thynnidae.sp",0
"M_079","monttea.aphylla","Toxomerus.sp1",0
"M_079","monttea.aphylla","Trichothurgus.laticeps",0
"M_079","monttea.aphylla","Trichoturgus.sp2",0
"M_079","monttea.aphylla","Villa.sp",1
"M_079","monttea.aphylla","Willinkapis.chalybaea",0
"M_079","monttea.aphylla","Xylocopa.augusti",0
"M_079","monttea.aphylla","Xylocopa.atamisquensis",0
"M_079","monttea.aphylla","Xylocopa.splendidula",0
"M_079","monttea.aphylla","Zeta.sp",0
"M_079","opuntia.sulphurea","Acalyptratae.sp2",0
"M_079","opuntia.sulphurea","Acalyptratae.sp4",1
"M_079","opuntia.sulphurea","Acromyrmex.lobicornis",0
"M_079","opuntia.sulphurea","Alloscirtetica.brethesi",0
"M_079","opuntia.sulphurea","Alloscirtetica.sp1",0
"M_079","opuntia.sulphurea","Ammophila.sp",1
"M_079","opuntia.sulphurea","Ananthidium.inerme",0
"M_079","opuntia.sulphurea","Anthidium.friesei",0
"M_079","opuntia.sulphurea","Anthrax.oedipus",0
"M_079","opuntia.sulphurea","Anthidium.rubripes",0
"M_079","opuntia.sulphurea","Anthidium.vigintipunctatum",0
"M_079","opuntia.sulphurea","Anthomyiidae.sp1",0
"M_079","opuntia.sulphurea","Apis.mellifera",2
"M_079","opuntia.sulphurea","Arhysosage.bifasciata",187
"M_079","opuntia.sulphurea","Aristosyrphus.sp",0
"M_079","opuntia.sulphurea","Ascia.monuste",1
"M_079","opuntia.sulphurea","Asilidae.sp1",0
"M_079","opuntia.sulphurea","Asilidae.sp2",0
"M_079","opuntia.sulphurea","Audre.sp",0
"M_079","opuntia.sulphurea","Augochloropsis.sp",12
"M_079","opuntia.sulphurea","Babia.elongata",3
"M_079","opuntia.sulphurea","Bibionidae.sp",0
"M_079","opuntia.sulphurea","Bombus.opifex",64
"M_079","opuntia.sulphurea","Exoprosopa.sp1",4
"M_079","opuntia.sulphurea","Exoprosopa.sp2",0
"M_079","opuntia.sulphurea","Bombyliidae.sp12",0
"M_079","opuntia.sulphurea","Bombyliidae.sp14",0
"M_079","opuntia.sulphurea","Bombyliidae.sp15",0
"M_079","opuntia.sulphurea","Bombyliidae.sp16",0
"M_079","opuntia.sulphurea","Chrysanthrax.sp2",0
"M_079","opuntia.sulphurea","Bombilidae.sp5",0
"M_079","opuntia.sulphurea","Parasystoechus.sp",0
"M_079","opuntia.sulphurea","Poecilognathus.sp",0
"M_079","opuntia.sulphurea","Bombyliidae.sp9",0
"M_079","opuntia.sulphurea","Caenohalictus.sp",0
"M_079","opuntia.sulphurea","Calliopsini.sp1",0
"M_079","opuntia.sulphurea","Camponotus.mus",30
"M_079","opuntia.sulphurea","Camponotus.punctulatus",2
"M_079","opuntia.sulphurea","Centris.brethesi",33
"M_079","opuntia.sulphurea","Centris.lyngbyei",16
"M_079","opuntia.sulphurea","Centris.vardyorum",0
"M_079","opuntia.sulphurea","Chaetocrania.sp",0
"M_079","opuntia.sulphurea","Cochliomyia.macellaria",0
"M_079","opuntia.sulphurea","Coccinelidae.sp1",1
"M_079","opuntia.sulphurea","Coccinela.sp2",0
"M_079","opuntia.sulphurea","Coelioxys.chilensis",0
"M_079","opuntia.sulphurea","Coelioxys.jorgenseni",0
"M_079","opuntia.sulphurea","Coelioxys.sp6",0
"M_079","opuntia.sulphurea","Colletes.araucariae",0
"M_079","opuntia.sulphurea","Colletes.bicolor",0
"M_079","opuntia.sulphurea","Colletes.brethesi",0
"M_079","opuntia.sulphurea","Colletes.cognatus",0
"M_079","opuntia.sulphurea","Colletes.lycii",0
"M_079","opuntia.sulphurea","Compsomyiops.fulvicrura",0
"M_079","opuntia.sulphurea","Copestilum.aricia",0
"M_079","opuntia.sulphurea","Copestilum.sp2",0
"M_079","opuntia.sulphurea","Copestilum.sp3",0
"M_079","opuntia.sulphurea","Cosmosatyrus.chilensis",7
"M_079","opuntia.sulphurea","Crabronidae.sp1",0
"M_079","opuntia.sulphurea","Diadasia.baraderensis",0
"M_079","opuntia.sulphurea","Diadasia.patagonica",2
"M_079","opuntia.sulphurea","Diabrotica.sp",1
"M_079","opuntia.sulphurea","Dialictus.sp",39
"M_079","opuntia.sulphurea","Empididae.sp1",0
"M_079","opuntia.sulphurea","Empididae.sp2",0
"M_079","opuntia.sulphurea","Epitragus.sp",1
"M_079","opuntia.sulphurea","Eumenidae.sp",0
"M_079","opuntia.sulphurea","Chrysanthrax.sp1",0
"M_079","opuntia.sulphurea","Foreluis.sp",0
"M_079","opuntia.sulphurea","Hirmoneura.sp",0
"M_079","opuntia.sulphurea","Hypalastroides.sp",0
"M_079","opuntia.sulphurea","Isepeolus.vachali",0
"M_079","opuntia.sulphurea","Isepeolus.viperinus",0
"M_079","opuntia.sulphurea","Leioproctus.abdominalis",0
"M_079","opuntia.sulphurea","Leioproctus.friesei",0
"M_079","opuntia.sulphurea","Leptometriella.nigra",0
"M_079","opuntia.sulphurea","Lepidoptera.sp11",6
"M_079","opuntia.sulphurea","Lepidoptera.sp12",0
"M_079","opuntia.sulphurea","Lepidoptera.sp3",0
"M_079","opuntia.sulphurea","Lepidoptera.sp4",0
"M_079","opuntia.sulphurea","Liphantus.inornatus",0
"M_079","opuntia.sulphurea","Liphantus.nigritus",0
"M_079","opuntia.sulphurea","Lonchopria.robertsi",0
"M_079","opuntia.sulphurea","Lonchopria.sp",0
"M_079","opuntia.sulphurea","Megachile.leucographa",0
"M_079","opuntia.sulphurea","Megachile.obscurior",2
"M_079","opuntia.sulphurea","Megachile.nigella",3
"M_079","opuntia.sulphurea","Megachile.pseudocentron2",1
"M_079","opuntia.sulphurea","Melectoides.cockerelli",0
"M_079","opuntia.sulphurea","Melissoptila.sp",0
"M_079","opuntia.sulphurea","Mesonychium.jenseni",8
"M_079","opuntia.sulphurea","Muscidae.sp2",0
"M_079","opuntia.sulphurea","neu.sp1",0
"M_079","opuntia.sulphurea","Nitidulidae.sp1",0
"M_079","opuntia.sulphurea","Pyrgus.communis",2
"M_079","opuntia.sulphurea","Platycheirus.sp",0
"M_079","opuntia.sulphurea","Polistes.cavapyta",0
"M_079","opuntia.sulphurea","Pompilidae.sp2",0
"M_079","opuntia.sulphurea","Psaenythia.philantoides",0
"M_079","opuntia.sulphurea","Psaenythia.rufipes",1
"M_079","opuntia.sulphurea","Pseudagapostemon.sp",5
"M_079","opuntia.sulphurea","Rubrica.nasuta",0
"M_079","opuntia.sulphurea","Sarcophagidae.sp1",0
"M_079","opuntia.sulphurea","Sciomyzidae",0
"M_079","opuntia.sulphurea","Sphex.sp2",0
"M_079","opuntia.sulphurea","Sphecidae.sp1",1
"M_079","opuntia.sulphurea","Strymon.eurytulus",0
"M_079","opuntia.sulphurea","Svastrides.bauni",0
"M_079","opuntia.sulphurea","Svastra.sp",0
"M_079","opuntia.sulphurea","Svastrides.zebra",3
"M_079","opuntia.sulphurea","Syrphus.sp1",0
"M_079","opuntia.sulphurea","Syrphidae.sp2",0
"M_079","opuntia.sulphurea","Syrphidae.sp3",0
"M_079","opuntia.sulphurea","Syrphidae.sp5",0
"M_079","opuntia.sulphurea","Syrphidae.sp6",0
"M_079","opuntia.sulphurea","Tachipompillus.sp",0
"M_079","opuntia.sulphurea","Tachinidae.sp10",0
"M_079","opuntia.sulphurea","Tachinidae.sp15",0
"M_079","opuntia.sulphurea","Tachinidae.sp17",0
"M_079","opuntia.sulphurea","Tachinidae.sp5",0
"M_079","opuntia.sulphurea","Tachinidae.sp8",0
"M_079","opuntia.sulphurea","Tachytes.sp",2
"M_079","opuntia.sulphurea","Tatochila.autodice",0
"M_079","opuntia.sulphurea","Tephritidae.sp1",0
"M_079","opuntia.sulphurea","Tephritidae.sp2",0
"M_079","opuntia.sulphurea","Thynnidae.sp",0
"M_079","opuntia.sulphurea","Toxomerus.sp1",0
"M_079","opuntia.sulphurea","Trichothurgus.laticeps",35
"M_079","opuntia.sulphurea","Trichoturgus.sp2",0
"M_079","opuntia.sulphurea","Villa.sp",0
"M_079","opuntia.sulphurea","Willinkapis.chalybaea",0
"M_079","opuntia.sulphurea","Xylocopa.augusti",0
"M_079","opuntia.sulphurea","Xylocopa.atamisquensis",7
"M_079","opuntia.sulphurea","Xylocopa.splendidula",1
"M_079","opuntia.sulphurea","Zeta.sp",0
"M_079","oxybaphus.obatus","Acalyptratae.sp2",0
"M_079","oxybaphus.obatus","Acalyptratae.sp4",0
"M_079","oxybaphus.obatus","Acromyrmex.lobicornis",0
"M_079","oxybaphus.obatus","Alloscirtetica.brethesi",0
"M_079","oxybaphus.obatus","Alloscirtetica.sp1",0
"M_079","oxybaphus.obatus","Ammophila.sp",0
"M_079","oxybaphus.obatus","Ananthidium.inerme",0
"M_079","oxybaphus.obatus","Anthidium.friesei",0
"M_079","oxybaphus.obatus","Anthrax.oedipus",0
"M_079","oxybaphus.obatus","Anthidium.rubripes",0
"M_079","oxybaphus.obatus","Anthidium.vigintipunctatum",9
"M_079","oxybaphus.obatus","Anthomyiidae.sp1",0
"M_079","oxybaphus.obatus","Apis.mellifera",0
"M_079","oxybaphus.obatus","Arhysosage.bifasciata",0
"M_079","oxybaphus.obatus","Aristosyrphus.sp",0
"M_079","oxybaphus.obatus","Ascia.monuste",0
"M_079","oxybaphus.obatus","Asilidae.sp1",0
"M_079","oxybaphus.obatus","Asilidae.sp2",0
"M_079","oxybaphus.obatus","Audre.sp",0
"M_079","oxybaphus.obatus","Augochloropsis.sp",0
"M_079","oxybaphus.obatus","Babia.elongata",0
"M_079","oxybaphus.obatus","Bibionidae.sp",0
"M_079","oxybaphus.obatus","Bombus.opifex",1
"M_079","oxybaphus.obatus","Exoprosopa.sp1",0
"M_079","oxybaphus.obatus","Exoprosopa.sp2",0
"M_079","oxybaphus.obatus","Bombyliidae.sp12",0
"M_079","oxybaphus.obatus","Bombyliidae.sp14",0
"M_079","oxybaphus.obatus","Bombyliidae.sp15",0
"M_079","oxybaphus.obatus","Bombyliidae.sp16",0
"M_079","oxybaphus.obatus","Chrysanthrax.sp2",0
"M_079","oxybaphus.obatus","Bombilidae.sp5",0
"M_079","oxybaphus.obatus","Parasystoechus.sp",0
"M_079","oxybaphus.obatus","Poecilognathus.sp",0
"M_079","oxybaphus.obatus","Bombyliidae.sp9",0
"M_079","oxybaphus.obatus","Caenohalictus.sp",0
"M_079","oxybaphus.obatus","Calliopsini.sp1",0
"M_079","oxybaphus.obatus","Camponotus.mus",0
"M_079","oxybaphus.obatus","Camponotus.punctulatus",0
"M_079","oxybaphus.obatus","Centris.brethesi",0
"M_079","oxybaphus.obatus","Centris.lyngbyei",0
"M_079","oxybaphus.obatus","Centris.vardyorum",0
"M_079","oxybaphus.obatus","Chaetocrania.sp",0
"M_079","oxybaphus.obatus","Cochliomyia.macellaria",0
"M_079","oxybaphus.obatus","Coccinelidae.sp1",0
"M_079","oxybaphus.obatus","Coccinela.sp2",0
"M_079","oxybaphus.obatus","Coelioxys.chilensis",0
"M_079","oxybaphus.obatus","Coelioxys.jorgenseni",0
"M_079","oxybaphus.obatus","Coelioxys.sp6",0
"M_079","oxybaphus.obatus","Colletes.araucariae",0
"M_079","oxybaphus.obatus","Colletes.bicolor",0
"M_079","oxybaphus.obatus","Colletes.brethesi",0
"M_079","oxybaphus.obatus","Colletes.cognatus",0
"M_079","oxybaphus.obatus","Colletes.lycii",0
"M_079","oxybaphus.obatus","Compsomyiops.fulvicrura",0
"M_079","oxybaphus.obatus","Copestilum.aricia",0
"M_079","oxybaphus.obatus","Copestilum.sp2",0
"M_079","oxybaphus.obatus","Copestilum.sp3",0
"M_079","oxybaphus.obatus","Cosmosatyrus.chilensis",0
"M_079","oxybaphus.obatus","Crabronidae.sp1",0
"M_079","oxybaphus.obatus","Diadasia.baraderensis",0
"M_079","oxybaphus.obatus","Diadasia.patagonica",0
"M_079","oxybaphus.obatus","Diabrotica.sp",0
"M_079","oxybaphus.obatus","Dialictus.sp",2
"M_079","oxybaphus.obatus","Empididae.sp1",0
"M_079","oxybaphus.obatus","Empididae.sp2",0
"M_079","oxybaphus.obatus","Epitragus.sp",0
"M_079","oxybaphus.obatus","Eumenidae.sp",0
"M_079","oxybaphus.obatus","Chrysanthrax.sp1",0
"M_079","oxybaphus.obatus","Foreluis.sp",0
"M_079","oxybaphus.obatus","Hirmoneura.sp",0
"M_079","oxybaphus.obatus","Hypalastroides.sp",0
"M_079","oxybaphus.obatus","Isepeolus.vachali",0
"M_079","oxybaphus.obatus","Isepeolus.viperinus",0
"M_079","oxybaphus.obatus","Leioproctus.abdominalis",0
"M_079","oxybaphus.obatus","Leioproctus.friesei",0
"M_079","oxybaphus.obatus","Leptometriella.nigra",0
"M_079","oxybaphus.obatus","Lepidoptera.sp11",0
"M_079","oxybaphus.obatus","Lepidoptera.sp12",0
"M_079","oxybaphus.obatus","Lepidoptera.sp3",0
"M_079","oxybaphus.obatus","Lepidoptera.sp4",0
"M_079","oxybaphus.obatus","Liphantus.inornatus",0
"M_079","oxybaphus.obatus","Liphantus.nigritus",0
"M_079","oxybaphus.obatus","Lonchopria.robertsi",0
"M_079","oxybaphus.obatus","Lonchopria.sp",0
"M_079","oxybaphus.obatus","Megachile.leucographa",0
"M_079","oxybaphus.obatus","Megachile.obscurior",0
"M_079","oxybaphus.obatus","Megachile.nigella",0
"M_079","oxybaphus.obatus","Megachile.pseudocentron2",0
"M_079","oxybaphus.obatus","Melectoides.cockerelli",0
"M_079","oxybaphus.obatus","Melissoptila.sp",0
"M_079","oxybaphus.obatus","Mesonychium.jenseni",0
"M_079","oxybaphus.obatus","Muscidae.sp2",0
"M_079","oxybaphus.obatus","neu.sp1",0
"M_079","oxybaphus.obatus","Nitidulidae.sp1",0
"M_079","oxybaphus.obatus","Pyrgus.communis",0
"M_079","oxybaphus.obatus","Platycheirus.sp",0
"M_079","oxybaphus.obatus","Polistes.cavapyta",0
"M_079","oxybaphus.obatus","Pompilidae.sp2",0
"M_079","oxybaphus.obatus","Psaenythia.philantoides",0
"M_079","oxybaphus.obatus","Psaenythia.rufipes",0
"M_079","oxybaphus.obatus","Pseudagapostemon.sp",0
"M_079","oxybaphus.obatus","Rubrica.nasuta",0
"M_079","oxybaphus.obatus","Sarcophagidae.sp1",0
"M_079","oxybaphus.obatus","Sciomyzidae",0
"M_079","oxybaphus.obatus","Sphex.sp2",0
"M_079","oxybaphus.obatus","Sphecidae.sp1",0
"M_079","oxybaphus.obatus","Strymon.eurytulus",0
"M_079","oxybaphus.obatus","Svastrides.bauni",0
"M_079","oxybaphus.obatus","Svastra.sp",0
"M_079","oxybaphus.obatus","Svastrides.zebra",0
"M_079","oxybaphus.obatus","Syrphus.sp1",0
"M_079","oxybaphus.obatus","Syrphidae.sp2",0
"M_079","oxybaphus.obatus","Syrphidae.sp3",0
"M_079","oxybaphus.obatus","Syrphidae.sp5",0
"M_079","oxybaphus.obatus","Syrphidae.sp6",0
"M_079","oxybaphus.obatus","Tachipompillus.sp",0
"M_079","oxybaphus.obatus","Tachinidae.sp10",0
"M_079","oxybaphus.obatus","Tachinidae.sp15",0
"M_079","oxybaphus.obatus","Tachinidae.sp17",0
"M_079","oxybaphus.obatus","Tachinidae.sp5",0
"M_079","oxybaphus.obatus","Tachinidae.sp8",0
"M_079","oxybaphus.obatus","Tachytes.sp",0
"M_079","oxybaphus.obatus","Tatochila.autodice",0
"M_079","oxybaphus.obatus","Tephritidae.sp1",0
"M_079","oxybaphus.obatus","Tephritidae.sp2",0
"M_079","oxybaphus.obatus","Thynnidae.sp",0
"M_079","oxybaphus.obatus","Toxomerus.sp1",0
"M_079","oxybaphus.obatus","Trichothurgus.laticeps",0
"M_079","oxybaphus.obatus","Trichoturgus.sp2",0
"M_079","oxybaphus.obatus","Villa.sp",0
"M_079","oxybaphus.obatus","Willinkapis.chalybaea",0
"M_079","oxybaphus.obatus","Xylocopa.augusti",0
"M_079","oxybaphus.obatus","Xylocopa.atamisquensis",0
"M_079","oxybaphus.obatus","Xylocopa.splendidula",1
"M_079","oxybaphus.obatus","Zeta.sp",0
"M_079","petunia.axillaris","Acalyptratae.sp2",0
"M_079","petunia.axillaris","Acalyptratae.sp4",0
"M_079","petunia.axillaris","Acromyrmex.lobicornis",0
"M_079","petunia.axillaris","Alloscirtetica.brethesi",0
"M_079","petunia.axillaris","Alloscirtetica.sp1",0
"M_079","petunia.axillaris","Ammophila.sp",0
"M_079","petunia.axillaris","Ananthidium.inerme",0
"M_079","petunia.axillaris","Anthidium.friesei",0
"M_079","petunia.axillaris","Anthrax.oedipus",0
"M_079","petunia.axillaris","Anthidium.rubripes",0
"M_079","petunia.axillaris","Anthidium.vigintipunctatum",0
"M_079","petunia.axillaris","Anthomyiidae.sp1",0
"M_079","petunia.axillaris","Apis.mellifera",0
"M_079","petunia.axillaris","Arhysosage.bifasciata",0
"M_079","petunia.axillaris","Aristosyrphus.sp",0
"M_079","petunia.axillaris","Ascia.monuste",0
"M_079","petunia.axillaris","Asilidae.sp1",0
"M_079","petunia.axillaris","Asilidae.sp2",0
"M_079","petunia.axillaris","Audre.sp",0
"M_079","petunia.axillaris","Augochloropsis.sp",0
"M_079","petunia.axillaris","Babia.elongata",0
"M_079","petunia.axillaris","Bibionidae.sp",0
"M_079","petunia.axillaris","Bombus.opifex",0
"M_079","petunia.axillaris","Exoprosopa.sp1",0
"M_079","petunia.axillaris","Exoprosopa.sp2",0
"M_079","petunia.axillaris","Bombyliidae.sp12",0
"M_079","petunia.axillaris","Bombyliidae.sp14",0
"M_079","petunia.axillaris","Bombyliidae.sp15",0
"M_079","petunia.axillaris","Bombyliidae.sp16",0
"M_079","petunia.axillaris","Chrysanthrax.sp2",0
"M_079","petunia.axillaris","Bombilidae.sp5",0
"M_079","petunia.axillaris","Parasystoechus.sp",0
"M_079","petunia.axillaris","Poecilognathus.sp",0
"M_079","petunia.axillaris","Bombyliidae.sp9",0
"M_079","petunia.axillaris","Caenohalictus.sp",0
"M_079","petunia.axillaris","Calliopsini.sp1",0
"M_079","petunia.axillaris","Camponotus.mus",0
"M_079","petunia.axillaris","Camponotus.punctulatus",0
"M_079","petunia.axillaris","Centris.brethesi",0
"M_079","petunia.axillaris","Centris.lyngbyei",0
"M_079","petunia.axillaris","Centris.vardyorum",0
"M_079","petunia.axillaris","Chaetocrania.sp",0
"M_079","petunia.axillaris","Cochliomyia.macellaria",0
"M_079","petunia.axillaris","Coccinelidae.sp1",0
"M_079","petunia.axillaris","Coccinela.sp2",0
"M_079","petunia.axillaris","Coelioxys.chilensis",0
"M_079","petunia.axillaris","Coelioxys.jorgenseni",0
"M_079","petunia.axillaris","Coelioxys.sp6",0
"M_079","petunia.axillaris","Colletes.araucariae",0
"M_079","petunia.axillaris","Colletes.bicolor",0
"M_079","petunia.axillaris","Colletes.brethesi",0
"M_079","petunia.axillaris","Colletes.cognatus",0
"M_079","petunia.axillaris","Colletes.lycii",0
"M_079","petunia.axillaris","Compsomyiops.fulvicrura",0
"M_079","petunia.axillaris","Copestilum.aricia",0
"M_079","petunia.axillaris","Copestilum.sp2",0
"M_079","petunia.axillaris","Copestilum.sp3",0
"M_079","petunia.axillaris","Cosmosatyrus.chilensis",0
"M_079","petunia.axillaris","Crabronidae.sp1",0
"M_079","petunia.axillaris","Diadasia.baraderensis",0
"M_079","petunia.axillaris","Diadasia.patagonica",0
"M_079","petunia.axillaris","Diabrotica.sp",0
"M_079","petunia.axillaris","Dialictus.sp",3
"M_079","petunia.axillaris","Empididae.sp1",0
"M_079","petunia.axillaris","Empididae.sp2",0
"M_079","petunia.axillaris","Epitragus.sp",0
"M_079","petunia.axillaris","Eumenidae.sp",0
"M_079","petunia.axillaris","Chrysanthrax.sp1",0
"M_079","petunia.axillaris","Foreluis.sp",0
"M_079","petunia.axillaris","Hirmoneura.sp",0
"M_079","petunia.axillaris","Hypalastroides.sp",0
"M_079","petunia.axillaris","Isepeolus.vachali",0
"M_079","petunia.axillaris","Isepeolus.viperinus",0
"M_079","petunia.axillaris","Leioproctus.abdominalis",0
"M_079","petunia.axillaris","Leioproctus.friesei",0
"M_079","petunia.axillaris","Leptometriella.nigra",0
"M_079","petunia.axillaris","Lepidoptera.sp11",0
"M_079","petunia.axillaris","Lepidoptera.sp12",0
"M_079","petunia.axillaris","Lepidoptera.sp3",0
"M_079","petunia.axillaris","Lepidoptera.sp4",0
"M_079","petunia.axillaris","Liphantus.inornatus",0
"M_079","petunia.axillaris","Liphantus.nigritus",0
"M_079","petunia.axillaris","Lonchopria.robertsi",0
"M_079","petunia.axillaris","Lonchopria.sp",0
"M_079","petunia.axillaris","Megachile.leucographa",0
"M_079","petunia.axillaris","Megachile.obscurior",0
"M_079","petunia.axillaris","Megachile.nigella",0
"M_079","petunia.axillaris","Megachile.pseudocentron2",0
"M_079","petunia.axillaris","Melectoides.cockerelli",0
"M_079","petunia.axillaris","Melissoptila.sp",0
"M_079","petunia.axillaris","Mesonychium.jenseni",0
"M_079","petunia.axillaris","Muscidae.sp2",0
"M_079","petunia.axillaris","neu.sp1",0
"M_079","petunia.axillaris","Nitidulidae.sp1",0
"M_079","petunia.axillaris","Pyrgus.communis",0
"M_079","petunia.axillaris","Platycheirus.sp",0
"M_079","petunia.axillaris","Polistes.cavapyta",0
"M_079","petunia.axillaris","Pompilidae.sp2",0
"M_079","petunia.axillaris","Psaenythia.philantoides",0
"M_079","petunia.axillaris","Psaenythia.rufipes",0
"M_079","petunia.axillaris","Pseudagapostemon.sp",1
"M_079","petunia.axillaris","Rubrica.nasuta",0
"M_079","petunia.axillaris","Sarcophagidae.sp1",0
"M_079","petunia.axillaris","Sciomyzidae",0
"M_079","petunia.axillaris","Sphex.sp2",0
"M_079","petunia.axillaris","Sphecidae.sp1",0
"M_079","petunia.axillaris","Strymon.eurytulus",0
"M_079","petunia.axillaris","Svastrides.bauni",0
"M_079","petunia.axillaris","Svastra.sp",0
"M_079","petunia.axillaris","Svastrides.zebra",0
"M_079","petunia.axillaris","Syrphus.sp1",0
"M_079","petunia.axillaris","Syrphidae.sp2",0
"M_079","petunia.axillaris","Syrphidae.sp3",0
"M_079","petunia.axillaris","Syrphidae.sp5",0
"M_079","petunia.axillaris","Syrphidae.sp6",0
"M_079","petunia.axillaris","Tachipompillus.sp",0
"M_079","petunia.axillaris","Tachinidae.sp10",0
"M_079","petunia.axillaris","Tachinidae.sp15",0
"M_079","petunia.axillaris","Tachinidae.sp17",0
"M_079","petunia.axillaris","Tachinidae.sp5",0
"M_079","petunia.axillaris","Tachinidae.sp8",0
"M_079","petunia.axillaris","Tachytes.sp",0
"M_079","petunia.axillaris","Tatochila.autodice",0
"M_079","petunia.axillaris","Tephritidae.sp1",0
"M_079","petunia.axillaris","Tephritidae.sp2",0
"M_079","petunia.axillaris","Thynnidae.sp",0
"M_079","petunia.axillaris","Toxomerus.sp1",0
"M_079","petunia.axillaris","Trichothurgus.laticeps",0
"M_079","petunia.axillaris","Trichoturgus.sp2",0
"M_079","petunia.axillaris","Villa.sp",0
"M_079","petunia.axillaris","Willinkapis.chalybaea",0
"M_079","petunia.axillaris","Xylocopa.augusti",0
"M_079","petunia.axillaris","Xylocopa.atamisquensis",0
"M_079","petunia.axillaris","Xylocopa.splendidula",0
"M_079","petunia.axillaris","Zeta.sp",0
"M_079","philibertia.gilliesii","Acalyptratae.sp2",0
"M_079","philibertia.gilliesii","Acalyptratae.sp4",0
"M_079","philibertia.gilliesii","Acromyrmex.lobicornis",0
"M_079","philibertia.gilliesii","Alloscirtetica.brethesi",0
"M_079","philibertia.gilliesii","Alloscirtetica.sp1",0
"M_079","philibertia.gilliesii","Ammophila.sp",0
"M_079","philibertia.gilliesii","Ananthidium.inerme",0
"M_079","philibertia.gilliesii","Anthidium.friesei",0
"M_079","philibertia.gilliesii","Anthrax.oedipus",0
"M_079","philibertia.gilliesii","Anthidium.rubripes",0
"M_079","philibertia.gilliesii","Anthidium.vigintipunctatum",0
"M_079","philibertia.gilliesii","Anthomyiidae.sp1",0
"M_079","philibertia.gilliesii","Apis.mellifera",0
"M_079","philibertia.gilliesii","Arhysosage.bifasciata",0
"M_079","philibertia.gilliesii","Aristosyrphus.sp",0
"M_079","philibertia.gilliesii","Ascia.monuste",0
"M_079","philibertia.gilliesii","Asilidae.sp1",0
"M_079","philibertia.gilliesii","Asilidae.sp2",0
"M_079","philibertia.gilliesii","Audre.sp",0
"M_079","philibertia.gilliesii","Augochloropsis.sp",7
"M_079","philibertia.gilliesii","Babia.elongata",0
"M_079","philibertia.gilliesii","Bibionidae.sp",0
"M_079","philibertia.gilliesii","Bombus.opifex",0
"M_079","philibertia.gilliesii","Exoprosopa.sp1",0
"M_079","philibertia.gilliesii","Exoprosopa.sp2",0
"M_079","philibertia.gilliesii","Bombyliidae.sp12",0
"M_079","philibertia.gilliesii","Bombyliidae.sp14",0
"M_079","philibertia.gilliesii","Bombyliidae.sp15",0
"M_079","philibertia.gilliesii","Bombyliidae.sp16",0
"M_079","philibertia.gilliesii","Chrysanthrax.sp2",0
"M_079","philibertia.gilliesii","Bombilidae.sp5",0
"M_079","philibertia.gilliesii","Parasystoechus.sp",0
"M_079","philibertia.gilliesii","Poecilognathus.sp",0
"M_079","philibertia.gilliesii","Bombyliidae.sp9",0
"M_079","philibertia.gilliesii","Caenohalictus.sp",0
"M_079","philibertia.gilliesii","Calliopsini.sp1",0
"M_079","philibertia.gilliesii","Camponotus.mus",0
"M_079","philibertia.gilliesii","Camponotus.punctulatus",0
"M_079","philibertia.gilliesii","Centris.brethesi",12
"M_079","philibertia.gilliesii","Centris.lyngbyei",0
"M_079","philibertia.gilliesii","Centris.vardyorum",0
"M_079","philibertia.gilliesii","Chaetocrania.sp",0
"M_079","philibertia.gilliesii","Cochliomyia.macellaria",0
"M_079","philibertia.gilliesii","Coccinelidae.sp1",0
"M_079","philibertia.gilliesii","Coccinela.sp2",0
"M_079","philibertia.gilliesii","Coelioxys.chilensis",0
"M_079","philibertia.gilliesii","Coelioxys.jorgenseni",0
"M_079","philibertia.gilliesii","Coelioxys.sp6",0
"M_079","philibertia.gilliesii","Colletes.araucariae",0
"M_079","philibertia.gilliesii","Colletes.bicolor",0
"M_079","philibertia.gilliesii","Colletes.brethesi",0
"M_079","philibertia.gilliesii","Colletes.cognatus",0
"M_079","philibertia.gilliesii","Colletes.lycii",0
"M_079","philibertia.gilliesii","Compsomyiops.fulvicrura",0
"M_079","philibertia.gilliesii","Copestilum.aricia",0
"M_079","philibertia.gilliesii","Copestilum.sp2",0
"M_079","philibertia.gilliesii","Copestilum.sp3",0
"M_079","philibertia.gilliesii","Cosmosatyrus.chilensis",0
"M_079","philibertia.gilliesii","Crabronidae.sp1",0
"M_079","philibertia.gilliesii","Diadasia.baraderensis",0
"M_079","philibertia.gilliesii","Diadasia.patagonica",0
"M_079","philibertia.gilliesii","Diabrotica.sp",0
"M_079","philibertia.gilliesii","Dialictus.sp",2
"M_079","philibertia.gilliesii","Empididae.sp1",0
"M_079","philibertia.gilliesii","Empididae.sp2",0
"M_079","philibertia.gilliesii","Epitragus.sp",0
"M_079","philibertia.gilliesii","Eumenidae.sp",0
"M_079","philibertia.gilliesii","Chrysanthrax.sp1",0
"M_079","philibertia.gilliesii","Foreluis.sp",0
"M_079","philibertia.gilliesii","Hirmoneura.sp",0
"M_079","philibertia.gilliesii","Hypalastroides.sp",0
"M_079","philibertia.gilliesii","Isepeolus.vachali",0
"M_079","philibertia.gilliesii","Isepeolus.viperinus",0
"M_079","philibertia.gilliesii","Leioproctus.abdominalis",0
"M_079","philibertia.gilliesii","Leioproctus.friesei",0
"M_079","philibertia.gilliesii","Leptometriella.nigra",0
"M_079","philibertia.gilliesii","Lepidoptera.sp11",1
"M_079","philibertia.gilliesii","Lepidoptera.sp12",0
"M_079","philibertia.gilliesii","Lepidoptera.sp3",0
"M_079","philibertia.gilliesii","Lepidoptera.sp4",0
"M_079","philibertia.gilliesii","Liphantus.inornatus",0
"M_079","philibertia.gilliesii","Liphantus.nigritus",0
"M_079","philibertia.gilliesii","Lonchopria.robertsi",0
"M_079","philibertia.gilliesii","Lonchopria.sp",0
"M_079","philibertia.gilliesii","Megachile.leucographa",0
"M_079","philibertia.gilliesii","Megachile.obscurior",0
"M_079","philibertia.gilliesii","Megachile.nigella",0
"M_079","philibertia.gilliesii","Megachile.pseudocentron2",0
"M_079","philibertia.gilliesii","Melectoides.cockerelli",0
"M_079","philibertia.gilliesii","Melissoptila.sp",0
"M_079","philibertia.gilliesii","Mesonychium.jenseni",0
"M_079","philibertia.gilliesii","Muscidae.sp2",0
"M_079","philibertia.gilliesii","neu.sp1",0
"M_079","philibertia.gilliesii","Nitidulidae.sp1",0
"M_079","philibertia.gilliesii","Pyrgus.communis",0
"M_079","philibertia.gilliesii","Platycheirus.sp",0
"M_079","philibertia.gilliesii","Polistes.cavapyta",0
"M_079","philibertia.gilliesii","Pompilidae.sp2",0
"M_079","philibertia.gilliesii","Psaenythia.philantoides",0
"M_079","philibertia.gilliesii","Psaenythia.rufipes",0
"M_079","philibertia.gilliesii","Pseudagapostemon.sp",0
"M_079","philibertia.gilliesii","Rubrica.nasuta",0
"M_079","philibertia.gilliesii","Sarcophagidae.sp1",0
"M_079","philibertia.gilliesii","Sciomyzidae",0
"M_079","philibertia.gilliesii","Sphex.sp2",0
"M_079","philibertia.gilliesii","Sphecidae.sp1",0
"M_079","philibertia.gilliesii","Strymon.eurytulus",0
"M_079","philibertia.gilliesii","Svastrides.bauni",0
"M_079","philibertia.gilliesii","Svastra.sp",0
"M_079","philibertia.gilliesii","Svastrides.zebra",0
"M_079","philibertia.gilliesii","Syrphus.sp1",0
"M_079","philibertia.gilliesii","Syrphidae.sp2",0
"M_079","philibertia.gilliesii","Syrphidae.sp3",0
"M_079","philibertia.gilliesii","Syrphidae.sp5",0
"M_079","philibertia.gilliesii","Syrphidae.sp6",0
"M_079","philibertia.gilliesii","Tachipompillus.sp",12
"M_079","philibertia.gilliesii","Tachinidae.sp10",0
"M_079","philibertia.gilliesii","Tachinidae.sp15",0
"M_079","philibertia.gilliesii","Tachinidae.sp17",0
"M_079","philibertia.gilliesii","Tachinidae.sp5",0
"M_079","philibertia.gilliesii","Tachinidae.sp8",0
"M_079","philibertia.gilliesii","Tachytes.sp",0
"M_079","philibertia.gilliesii","Tatochila.autodice",0
"M_079","philibertia.gilliesii","Tephritidae.sp1",0
"M_079","philibertia.gilliesii","Tephritidae.sp2",0
"M_079","philibertia.gilliesii","Thynnidae.sp",0
"M_079","philibertia.gilliesii","Toxomerus.sp1",0
"M_079","philibertia.gilliesii","Trichothurgus.laticeps",0
"M_079","philibertia.gilliesii","Trichoturgus.sp2",0
"M_079","philibertia.gilliesii","Villa.sp",0
"M_079","philibertia.gilliesii","Willinkapis.chalybaea",3
"M_079","philibertia.gilliesii","Xylocopa.augusti",0
"M_079","philibertia.gilliesii","Xylocopa.atamisquensis",0
"M_079","philibertia.gilliesii","Xylocopa.splendidula",0
"M_079","philibertia.gilliesii","Zeta.sp",0
"M_079","pyrrhocactus.pachacoensis","Acalyptratae.sp2",0
"M_079","pyrrhocactus.pachacoensis","Acalyptratae.sp4",0
"M_079","pyrrhocactus.pachacoensis","Acromyrmex.lobicornis",0
"M_079","pyrrhocactus.pachacoensis","Alloscirtetica.brethesi",0
"M_079","pyrrhocactus.pachacoensis","Alloscirtetica.sp1",0
"M_079","pyrrhocactus.pachacoensis","Ammophila.sp",0
"M_079","pyrrhocactus.pachacoensis","Ananthidium.inerme",0
"M_079","pyrrhocactus.pachacoensis","Anthidium.friesei",0
"M_079","pyrrhocactus.pachacoensis","Anthrax.oedipus",0
"M_079","pyrrhocactus.pachacoensis","Anthidium.rubripes",0
"M_079","pyrrhocactus.pachacoensis","Anthidium.vigintipunctatum",0
"M_079","pyrrhocactus.pachacoensis","Anthomyiidae.sp1",0
"M_079","pyrrhocactus.pachacoensis","Apis.mellifera",0
"M_079","pyrrhocactus.pachacoensis","Arhysosage.bifasciata",39
"M_079","pyrrhocactus.pachacoensis","Aristosyrphus.sp",0
"M_079","pyrrhocactus.pachacoensis","Ascia.monuste",0
"M_079","pyrrhocactus.pachacoensis","Asilidae.sp1",0
"M_079","pyrrhocactus.pachacoensis","Asilidae.sp2",0
"M_079","pyrrhocactus.pachacoensis","Audre.sp",0
"M_079","pyrrhocactus.pachacoensis","Augochloropsis.sp",13
"M_079","pyrrhocactus.pachacoensis","Babia.elongata",0
"M_079","pyrrhocactus.pachacoensis","Bibionidae.sp",0
"M_079","pyrrhocactus.pachacoensis","Bombus.opifex",0
"M_079","pyrrhocactus.pachacoensis","Exoprosopa.sp1",0
"M_079","pyrrhocactus.pachacoensis","Exoprosopa.sp2",0
"M_079","pyrrhocactus.pachacoensis","Bombyliidae.sp12",0
"M_079","pyrrhocactus.pachacoensis","Bombyliidae.sp14",0
"M_079","pyrrhocactus.pachacoensis","Bombyliidae.sp15",0
"M_079","pyrrhocactus.pachacoensis","Bombyliidae.sp16",0
"M_079","pyrrhocactus.pachacoensis","Chrysanthrax.sp2",0
"M_079","pyrrhocactus.pachacoensis","Bombilidae.sp5",0
"M_079","pyrrhocactus.pachacoensis","Parasystoechus.sp",0
"M_079","pyrrhocactus.pachacoensis","Poecilognathus.sp",0
"M_079","pyrrhocactus.pachacoensis","Bombyliidae.sp9",0
"M_079","pyrrhocactus.pachacoensis","Caenohalictus.sp",0
"M_079","pyrrhocactus.pachacoensis","Calliopsini.sp1",0
"M_079","pyrrhocactus.pachacoensis","Camponotus.mus",0
"M_079","pyrrhocactus.pachacoensis","Camponotus.punctulatus",0
"M_079","pyrrhocactus.pachacoensis","Centris.brethesi",0
"M_079","pyrrhocactus.pachacoensis","Centris.lyngbyei",0
"M_079","pyrrhocactus.pachacoensis","Centris.vardyorum",0
"M_079","pyrrhocactus.pachacoensis","Chaetocrania.sp",0
"M_079","pyrrhocactus.pachacoensis","Cochliomyia.macellaria",0
"M_079","pyrrhocactus.pachacoensis","Coccinelidae.sp1",0
"M_079","pyrrhocactus.pachacoensis","Coccinela.sp2",0
"M_079","pyrrhocactus.pachacoensis","Coelioxys.chilensis",0
"M_079","pyrrhocactus.pachacoensis","Coelioxys.jorgenseni",0
"M_079","pyrrhocactus.pachacoensis","Coelioxys.sp6",0
"M_079","pyrrhocactus.pachacoensis","Colletes.araucariae",0
"M_079","pyrrhocactus.pachacoensis","Colletes.bicolor",0
"M_079","pyrrhocactus.pachacoensis","Colletes.brethesi",0
"M_079","pyrrhocactus.pachacoensis","Colletes.cognatus",0
"M_079","pyrrhocactus.pachacoensis","Colletes.lycii",0
"M_079","pyrrhocactus.pachacoensis","Compsomyiops.fulvicrura",0
"M_079","pyrrhocactus.pachacoensis","Copestilum.aricia",0
"M_079","pyrrhocactus.pachacoensis","Copestilum.sp2",0
"M_079","pyrrhocactus.pachacoensis","Copestilum.sp3",0
"M_079","pyrrhocactus.pachacoensis","Cosmosatyrus.chilensis",0
"M_079","pyrrhocactus.pachacoensis","Crabronidae.sp1",0
"M_079","pyrrhocactus.pachacoensis","Diadasia.baraderensis",0
"M_079","pyrrhocactus.pachacoensis","Diadasia.patagonica",0
"M_079","pyrrhocactus.pachacoensis","Diabrotica.sp",0
"M_079","pyrrhocactus.pachacoensis","Dialictus.sp",8
"M_079","pyrrhocactus.pachacoensis","Empididae.sp1",0
"M_079","pyrrhocactus.pachacoensis","Empididae.sp2",0
"M_079","pyrrhocactus.pachacoensis","Epitragus.sp",0
"M_079","pyrrhocactus.pachacoensis","Eumenidae.sp",0
"M_079","pyrrhocactus.pachacoensis","Chrysanthrax.sp1",0
"M_079","pyrrhocactus.pachacoensis","Foreluis.sp",0
"M_079","pyrrhocactus.pachacoensis","Hirmoneura.sp",0
"M_079","pyrrhocactus.pachacoensis","Hypalastroides.sp",0
"M_079","pyrrhocactus.pachacoensis","Isepeolus.vachali",0
"M_079","pyrrhocactus.pachacoensis","Isepeolus.viperinus",0
"M_079","pyrrhocactus.pachacoensis","Leioproctus.abdominalis",0
"M_079","pyrrhocactus.pachacoensis","Leioproctus.friesei",0
"M_079","pyrrhocactus.pachacoensis","Leptometriella.nigra",0
"M_079","pyrrhocactus.pachacoensis","Lepidoptera.sp11",0
"M_079","pyrrhocactus.pachacoensis","Lepidoptera.sp12",0
"M_079","pyrrhocactus.pachacoensis","Lepidoptera.sp3",0
"M_079","pyrrhocactus.pachacoensis","Lepidoptera.sp4",0
"M_079","pyrrhocactus.pachacoensis","Liphantus.inornatus",0
"M_079","pyrrhocactus.pachacoensis","Liphantus.nigritus",0
"M_079","pyrrhocactus.pachacoensis","Lonchopria.robertsi",0
"M_079","pyrrhocactus.pachacoensis","Lonchopria.sp",0
"M_079","pyrrhocactus.pachacoensis","Megachile.leucographa",0
"M_079","pyrrhocactus.pachacoensis","Megachile.obscurior",1
"M_079","pyrrhocactus.pachacoensis","Megachile.nigella",0
"M_079","pyrrhocactus.pachacoensis","Megachile.pseudocentron2",0
"M_079","pyrrhocactus.pachacoensis","Melectoides.cockerelli",0
"M_079","pyrrhocactus.pachacoensis","Melissoptila.sp",0
"M_079","pyrrhocactus.pachacoensis","Mesonychium.jenseni",0
"M_079","pyrrhocactus.pachacoensis","Muscidae.sp2",0
"M_079","pyrrhocactus.pachacoensis","neu.sp1",0
"M_079","pyrrhocactus.pachacoensis","Nitidulidae.sp1",0
"M_079","pyrrhocactus.pachacoensis","Pyrgus.communis",0
"M_079","pyrrhocactus.pachacoensis","Platycheirus.sp",0
"M_079","pyrrhocactus.pachacoensis","Polistes.cavapyta",0
"M_079","pyrrhocactus.pachacoensis","Pompilidae.sp2",0
"M_079","pyrrhocactus.pachacoensis","Psaenythia.philantoides",0
"M_079","pyrrhocactus.pachacoensis","Psaenythia.rufipes",0
"M_079","pyrrhocactus.pachacoensis","Pseudagapostemon.sp",0
"M_079","pyrrhocactus.pachacoensis","Rubrica.nasuta",0
"M_079","pyrrhocactus.pachacoensis","Sarcophagidae.sp1",0
"M_079","pyrrhocactus.pachacoensis","Sciomyzidae",0
"M_079","pyrrhocactus.pachacoensis","Sphex.sp2",0
"M_079","pyrrhocactus.pachacoensis","Sphecidae.sp1",0
"M_079","pyrrhocactus.pachacoensis","Strymon.eurytulus",0
"M_079","pyrrhocactus.pachacoensis","Svastrides.bauni",0
"M_079","pyrrhocactus.pachacoensis","Svastra.sp",0
"M_079","pyrrhocactus.pachacoensis","Svastrides.zebra",0
"M_079","pyrrhocactus.pachacoensis","Syrphus.sp1",0
"M_079","pyrrhocactus.pachacoensis","Syrphidae.sp2",0
"M_079","pyrrhocactus.pachacoensis","Syrphidae.sp3",0
"M_079","pyrrhocactus.pachacoensis","Syrphidae.sp5",0
"M_079","pyrrhocactus.pachacoensis","Syrphidae.sp6",0
"M_079","pyrrhocactus.pachacoensis","Tachipompillus.sp",0
"M_079","pyrrhocactus.pachacoensis","Tachinidae.sp10",0
"M_079","pyrrhocactus.pachacoensis","Tachinidae.sp15",0
"M_079","pyrrhocactus.pachacoensis","Tachinidae.sp17",0
"M_079","pyrrhocactus.pachacoensis","Tachinidae.sp5",0
"M_079","pyrrhocactus.pachacoensis","Tachinidae.sp8",0
"M_079","pyrrhocactus.pachacoensis","Tachytes.sp",0
"M_079","pyrrhocactus.pachacoensis","Tatochila.autodice",0
"M_079","pyrrhocactus.pachacoensis","Tephritidae.sp1",0
"M_079","pyrrhocactus.pachacoensis","Tephritidae.sp2",0
"M_079","pyrrhocactus.pachacoensis","Thynnidae.sp",0
"M_079","pyrrhocactus.pachacoensis","Toxomerus.sp1",0
"M_079","pyrrhocactus.pachacoensis","Trichothurgus.laticeps",0
"M_079","pyrrhocactus.pachacoensis","Trichoturgus.sp2",0
"M_079","pyrrhocactus.pachacoensis","Villa.sp",0
"M_079","pyrrhocactus.pachacoensis","Willinkapis.chalybaea",0
"M_079","pyrrhocactus.pachacoensis","Xylocopa.augusti",0
"M_079","pyrrhocactus.pachacoensis","Xylocopa.atamisquensis",0
"M_079","pyrrhocactus.pachacoensis","Xylocopa.splendidula",0
"M_079","pyrrhocactus.pachacoensis","Zeta.sp",0
"M_079","prosopis.flexuosa","Acalyptratae.sp2",0
"M_079","prosopis.flexuosa","Acalyptratae.sp4",0
"M_079","prosopis.flexuosa","Acromyrmex.lobicornis",0
"M_079","prosopis.flexuosa","Alloscirtetica.brethesi",0
"M_079","prosopis.flexuosa","Alloscirtetica.sp1",10
"M_079","prosopis.flexuosa","Ammophila.sp",78
"M_079","prosopis.flexuosa","Ananthidium.inerme",0
"M_079","prosopis.flexuosa","Anthidium.friesei",0
"M_079","prosopis.flexuosa","Anthrax.oedipus",0
"M_079","prosopis.flexuosa","Anthidium.rubripes",0
"M_079","prosopis.flexuosa","Anthidium.vigintipunctatum",0
"M_079","prosopis.flexuosa","Anthomyiidae.sp1",0
"M_079","prosopis.flexuosa","Apis.mellifera",2477
"M_079","prosopis.flexuosa","Arhysosage.bifasciata",0
"M_079","prosopis.flexuosa","Aristosyrphus.sp",0
"M_079","prosopis.flexuosa","Ascia.monuste",0
"M_079","prosopis.flexuosa","Asilidae.sp1",0
"M_079","prosopis.flexuosa","Asilidae.sp2",0
"M_079","prosopis.flexuosa","Audre.sp",15
"M_079","prosopis.flexuosa","Augochloropsis.sp",205
"M_079","prosopis.flexuosa","Babia.elongata",34
"M_079","prosopis.flexuosa","Bibionidae.sp",0
"M_079","prosopis.flexuosa","Bombus.opifex",50
"M_079","prosopis.flexuosa","Exoprosopa.sp1",1
"M_079","prosopis.flexuosa","Exoprosopa.sp2",7
"M_079","prosopis.flexuosa","Bombyliidae.sp12",0
"M_079","prosopis.flexuosa","Bombyliidae.sp14",0
"M_079","prosopis.flexuosa","Bombyliidae.sp15",0
"M_079","prosopis.flexuosa","Bombyliidae.sp16",0
"M_079","prosopis.flexuosa","Chrysanthrax.sp2",0
"M_079","prosopis.flexuosa","Bombilidae.sp5",0
"M_079","prosopis.flexuosa","Parasystoechus.sp",0
"M_079","prosopis.flexuosa","Poecilognathus.sp",38
"M_079","prosopis.flexuosa","Bombyliidae.sp9",15
"M_079","prosopis.flexuosa","Caenohalictus.sp",3
"M_079","prosopis.flexuosa","Calliopsini.sp1",0
"M_079","prosopis.flexuosa","Camponotus.mus",34
"M_079","prosopis.flexuosa","Camponotus.punctulatus",17
"M_079","prosopis.flexuosa","Centris.brethesi",4
"M_079","prosopis.flexuosa","Centris.lyngbyei",0
"M_079","prosopis.flexuosa","Centris.vardyorum",0
"M_079","prosopis.flexuosa","Chaetocrania.sp",20
"M_079","prosopis.flexuosa","Cochliomyia.macellaria",0
"M_079","prosopis.flexuosa","Coccinelidae.sp1",0
"M_079","prosopis.flexuosa","Coccinela.sp2",0
"M_079","prosopis.flexuosa","Coelioxys.chilensis",0
"M_079","prosopis.flexuosa","Coelioxys.jorgenseni",0
"M_079","prosopis.flexuosa","Coelioxys.sp6",0
"M_079","prosopis.flexuosa","Colletes.araucariae",0
"M_079","prosopis.flexuosa","Colletes.bicolor",10
"M_079","prosopis.flexuosa","Colletes.brethesi",11
"M_079","prosopis.flexuosa","Colletes.cognatus",42
"M_079","prosopis.flexuosa","Colletes.lycii",2
"M_079","prosopis.flexuosa","Compsomyiops.fulvicrura",7
"M_079","prosopis.flexuosa","Copestilum.aricia",1565
"M_079","prosopis.flexuosa","Copestilum.sp2",192
"M_079","prosopis.flexuosa","Copestilum.sp3",0
"M_079","prosopis.flexuosa","Cosmosatyrus.chilensis",165
"M_079","prosopis.flexuosa","Crabronidae.sp1",0
"M_079","prosopis.flexuosa","Diadasia.baraderensis",0
"M_079","prosopis.flexuosa","Diadasia.patagonica",0
"M_079","prosopis.flexuosa","Diabrotica.sp",0
"M_079","prosopis.flexuosa","Dialictus.sp",12
"M_079","prosopis.flexuosa","Empididae.sp1",0
"M_079","prosopis.flexuosa","Empididae.sp2",0
"M_079","prosopis.flexuosa","Epitragus.sp",0
"M_079","prosopis.flexuosa","Eumenidae.sp",0
"M_079","prosopis.flexuosa","Chrysanthrax.sp1",203
"M_079","prosopis.flexuosa","Foreluis.sp",1
"M_079","prosopis.flexuosa","Hirmoneura.sp",4
"M_079","prosopis.flexuosa","Hypalastroides.sp",0
"M_079","prosopis.flexuosa","Isepeolus.vachali",0
"M_079","prosopis.flexuosa","Isepeolus.viperinus",0
"M_079","prosopis.flexuosa","Leioproctus.abdominalis",0
"M_079","prosopis.flexuosa","Leioproctus.friesei",0
"M_079","prosopis.flexuosa","Leptometriella.nigra",0
"M_079","prosopis.flexuosa","Lepidoptera.sp11",24
"M_079","prosopis.flexuosa","Lepidoptera.sp12",0
"M_079","prosopis.flexuosa","Lepidoptera.sp3",0
"M_079","prosopis.flexuosa","Lepidoptera.sp4",0
"M_079","prosopis.flexuosa","Liphantus.inornatus",0
"M_079","prosopis.flexuosa","Liphantus.nigritus",0
"M_079","prosopis.flexuosa","Lonchopria.robertsi",0
"M_079","prosopis.flexuosa","Lonchopria.sp",0
"M_079","prosopis.flexuosa","Megachile.leucographa",0
"M_079","prosopis.flexuosa","Megachile.obscurior",81
"M_079","prosopis.flexuosa","Megachile.nigella",0
"M_079","prosopis.flexuosa","Megachile.pseudocentron2",80
"M_079","prosopis.flexuosa","Melectoides.cockerelli",0
"M_079","prosopis.flexuosa","Melissoptila.sp",0
"M_079","prosopis.flexuosa","Mesonychium.jenseni",2
"M_079","prosopis.flexuosa","Muscidae.sp2",0
"M_079","prosopis.flexuosa","neu.sp1",0
"M_079","prosopis.flexuosa","Nitidulidae.sp1",0
"M_079","prosopis.flexuosa","Pyrgus.communis",1
"M_079","prosopis.flexuosa","Platycheirus.sp",0
"M_079","prosopis.flexuosa","Polistes.cavapyta",2
"M_079","prosopis.flexuosa","Pompilidae.sp2",0
"M_079","prosopis.flexuosa","Psaenythia.philantoides",0
"M_079","prosopis.flexuosa","Psaenythia.rufipes",0
"M_079","prosopis.flexuosa","Pseudagapostemon.sp",0
"M_079","prosopis.flexuosa","Rubrica.nasuta",0
"M_079","prosopis.flexuosa","Sarcophagidae.sp1",0
"M_079","prosopis.flexuosa","Sciomyzidae",0
"M_079","prosopis.flexuosa","Sphex.sp2",66
"M_079","prosopis.flexuosa","Sphecidae.sp1",30
"M_079","prosopis.flexuosa","Strymon.eurytulus",75
"M_079","prosopis.flexuosa","Svastrides.bauni",0
"M_079","prosopis.flexuosa","Svastra.sp",12
"M_079","prosopis.flexuosa","Svastrides.zebra",0
"M_079","prosopis.flexuosa","Syrphus.sp1",25
"M_079","prosopis.flexuosa","Syrphidae.sp2",0
"M_079","prosopis.flexuosa","Syrphidae.sp3",1
"M_079","prosopis.flexuosa","Syrphidae.sp5",0
"M_079","prosopis.flexuosa","Syrphidae.sp6",0
"M_079","prosopis.flexuosa","Tachipompillus.sp",203
"M_079","prosopis.flexuosa","Tachinidae.sp10",22
"M_079","prosopis.flexuosa","Tachinidae.sp15",1
"M_079","prosopis.flexuosa","Tachinidae.sp17",0
"M_079","prosopis.flexuosa","Tachinidae.sp5",0
"M_079","prosopis.flexuosa","Tachinidae.sp8",0
"M_079","prosopis.flexuosa","Tachytes.sp",0
"M_079","prosopis.flexuosa","Tatochila.autodice",0
"M_079","prosopis.flexuosa","Tephritidae.sp1",0
"M_079","prosopis.flexuosa","Tephritidae.sp2",1
"M_079","prosopis.flexuosa","Thynnidae.sp",5
"M_079","prosopis.flexuosa","Toxomerus.sp1",0
"M_079","prosopis.flexuosa","Trichothurgus.laticeps",0
"M_079","prosopis.flexuosa","Trichoturgus.sp2",0
"M_079","prosopis.flexuosa","Villa.sp",32
"M_079","prosopis.flexuosa","Willinkapis.chalybaea",0
"M_079","prosopis.flexuosa","Xylocopa.augusti",0
"M_079","prosopis.flexuosa","Xylocopa.atamisquensis",16
"M_079","prosopis.flexuosa","Xylocopa.splendidula",0
"M_079","prosopis.flexuosa","Zeta.sp",20
"M_079","ruta.chalepensis","Acalyptratae.sp2",0
"M_079","ruta.chalepensis","Acalyptratae.sp4",0
"M_079","ruta.chalepensis","Acromyrmex.lobicornis",0
"M_079","ruta.chalepensis","Alloscirtetica.brethesi",0
"M_079","ruta.chalepensis","Alloscirtetica.sp1",0
"M_079","ruta.chalepensis","Ammophila.sp",0
"M_079","ruta.chalepensis","Ananthidium.inerme",0
"M_079","ruta.chalepensis","Anthidium.friesei",0
"M_079","ruta.chalepensis","Anthrax.oedipus",0
"M_079","ruta.chalepensis","Anthidium.rubripes",0
"M_079","ruta.chalepensis","Anthidium.vigintipunctatum",0
"M_079","ruta.chalepensis","Anthomyiidae.sp1",0
"M_079","ruta.chalepensis","Apis.mellifera",204
"M_079","ruta.chalepensis","Arhysosage.bifasciata",0
"M_079","ruta.chalepensis","Aristosyrphus.sp",0
"M_079","ruta.chalepensis","Ascia.monuste",0
"M_079","ruta.chalepensis","Asilidae.sp1",0
"M_079","ruta.chalepensis","Asilidae.sp2",0
"M_079","ruta.chalepensis","Audre.sp",0
"M_079","ruta.chalepensis","Augochloropsis.sp",19
"M_079","ruta.chalepensis","Babia.elongata",0
"M_079","ruta.chalepensis","Bibionidae.sp",2
"M_079","ruta.chalepensis","Bombus.opifex",0
"M_079","ruta.chalepensis","Exoprosopa.sp1",3
"M_079","ruta.chalepensis","Exoprosopa.sp2",0
"M_079","ruta.chalepensis","Bombyliidae.sp12",0
"M_079","ruta.chalepensis","Bombyliidae.sp14",0
"M_079","ruta.chalepensis","Bombyliidae.sp15",0
"M_079","ruta.chalepensis","Bombyliidae.sp16",0
"M_079","ruta.chalepensis","Chrysanthrax.sp2",4
"M_079","ruta.chalepensis","Bombilidae.sp5",0
"M_079","ruta.chalepensis","Parasystoechus.sp",0
"M_079","ruta.chalepensis","Poecilognathus.sp",0
"M_079","ruta.chalepensis","Bombyliidae.sp9",0
"M_079","ruta.chalepensis","Caenohalictus.sp",0
"M_079","ruta.chalepensis","Calliopsini.sp1",0
"M_079","ruta.chalepensis","Camponotus.mus",0
"M_079","ruta.chalepensis","Camponotus.punctulatus",0
"M_079","ruta.chalepensis","Centris.brethesi",0
"M_079","ruta.chalepensis","Centris.lyngbyei",0
"M_079","ruta.chalepensis","Centris.vardyorum",0
"M_079","ruta.chalepensis","Chaetocrania.sp",0
"M_079","ruta.chalepensis","Cochliomyia.macellaria",0
"M_079","ruta.chalepensis","Coccinelidae.sp1",0
"M_079","ruta.chalepensis","Coccinela.sp2",0
"M_079","ruta.chalepensis","Coelioxys.chilensis",0
"M_079","ruta.chalepensis","Coelioxys.jorgenseni",0
"M_079","ruta.chalepensis","Coelioxys.sp6",0
"M_079","ruta.chalepensis","Colletes.araucariae",0
"M_079","ruta.chalepensis","Colletes.bicolor",0
"M_079","ruta.chalepensis","Colletes.brethesi",0
"M_079","ruta.chalepensis","Colletes.cognatus",0
"M_079","ruta.chalepensis","Colletes.lycii",0
"M_079","ruta.chalepensis","Compsomyiops.fulvicrura",77
"M_079","ruta.chalepensis","Copestilum.aricia",0
"M_079","ruta.chalepensis","Copestilum.sp2",1
"M_079","ruta.chalepensis","Copestilum.sp3",0
"M_079","ruta.chalepensis","Cosmosatyrus.chilensis",0
"M_079","ruta.chalepensis","Crabronidae.sp1",0
"M_079","ruta.chalepensis","Diadasia.baraderensis",0
"M_079","ruta.chalepensis","Diadasia.patagonica",0
"M_079","ruta.chalepensis","Diabrotica.sp",0
"M_079","ruta.chalepensis","Dialictus.sp",13
"M_079","ruta.chalepensis","Empididae.sp1",0
"M_079","ruta.chalepensis","Empididae.sp2",0
"M_079","ruta.chalepensis","Epitragus.sp",0
"M_079","ruta.chalepensis","Eumenidae.sp",0
"M_079","ruta.chalepensis","Chrysanthrax.sp1",2
"M_079","ruta.chalepensis","Foreluis.sp",0
"M_079","ruta.chalepensis","Hirmoneura.sp",0
"M_079","ruta.chalepensis","Hypalastroides.sp",0
"M_079","ruta.chalepensis","Isepeolus.vachali",0
"M_079","ruta.chalepensis","Isepeolus.viperinus",0
"M_079","ruta.chalepensis","Leioproctus.abdominalis",0
"M_079","ruta.chalepensis","Leioproctus.friesei",0
"M_079","ruta.chalepensis","Leptometriella.nigra",0
"M_079","ruta.chalepensis","Lepidoptera.sp11",0
"M_079","ruta.chalepensis","Lepidoptera.sp12",0
"M_079","ruta.chalepensis","Lepidoptera.sp3",0
"M_079","ruta.chalepensis","Lepidoptera.sp4",0
"M_079","ruta.chalepensis","Liphantus.inornatus",0
"M_079","ruta.chalepensis","Liphantus.nigritus",0
"M_079","ruta.chalepensis","Lonchopria.robertsi",0
"M_079","ruta.chalepensis","Lonchopria.sp",0
"M_079","ruta.chalepensis","Megachile.leucographa",0
"M_079","ruta.chalepensis","Megachile.obscurior",0
"M_079","ruta.chalepensis","Megachile.nigella",0
"M_079","ruta.chalepensis","Megachile.pseudocentron2",0
"M_079","ruta.chalepensis","Melectoides.cockerelli",0
"M_079","ruta.chalepensis","Melissoptila.sp",0
"M_079","ruta.chalepensis","Mesonychium.jenseni",0
"M_079","ruta.chalepensis","Muscidae.sp2",0
"M_079","ruta.chalepensis","neu.sp1",0
"M_079","ruta.chalepensis","Nitidulidae.sp1",0
"M_079","ruta.chalepensis","Pyrgus.communis",8
"M_079","ruta.chalepensis","Platycheirus.sp",1
"M_079","ruta.chalepensis","Polistes.cavapyta",0
"M_079","ruta.chalepensis","Pompilidae.sp2",0
"M_079","ruta.chalepensis","Psaenythia.philantoides",0
"M_079","ruta.chalepensis","Psaenythia.rufipes",0
"M_079","ruta.chalepensis","Pseudagapostemon.sp",0
"M_079","ruta.chalepensis","Rubrica.nasuta",0
"M_079","ruta.chalepensis","Sarcophagidae.sp1",0
"M_079","ruta.chalepensis","Sciomyzidae",0
"M_079","ruta.chalepensis","Sphex.sp2",0
"M_079","ruta.chalepensis","Sphecidae.sp1",0
"M_079","ruta.chalepensis","Strymon.eurytulus",0
"M_079","ruta.chalepensis","Svastrides.bauni",0
"M_079","ruta.chalepensis","Svastra.sp",0
"M_079","ruta.chalepensis","Svastrides.zebra",0
"M_079","ruta.chalepensis","Syrphus.sp1",9
"M_079","ruta.chalepensis","Syrphidae.sp2",0
"M_079","ruta.chalepensis","Syrphidae.sp3",0
"M_079","ruta.chalepensis","Syrphidae.sp5",0
"M_079","ruta.chalepensis","Syrphidae.sp6",0
"M_079","ruta.chalepensis","Tachipompillus.sp",0
"M_079","ruta.chalepensis","Tachinidae.sp10",3
"M_079","ruta.chalepensis","Tachinidae.sp15",0
"M_079","ruta.chalepensis","Tachinidae.sp17",0
"M_079","ruta.chalepensis","Tachinidae.sp5",0
"M_079","ruta.chalepensis","Tachinidae.sp8",0
"M_079","ruta.chalepensis","Tachytes.sp",0
"M_079","ruta.chalepensis","Tatochila.autodice",0
"M_079","ruta.chalepensis","Tephritidae.sp1",0
"M_079","ruta.chalepensis","Tephritidae.sp2",0
"M_079","ruta.chalepensis","Thynnidae.sp",0
"M_079","ruta.chalepensis","Toxomerus.sp1",0
"M_079","ruta.chalepensis","Trichothurgus.laticeps",0
"M_079","ruta.chalepensis","Trichoturgus.sp2",0
"M_079","ruta.chalepensis","Villa.sp",1
"M_079","ruta.chalepensis","Willinkapis.chalybaea",0
"M_079","ruta.chalepensis","Xylocopa.augusti",0
"M_079","ruta.chalepensis","Xylocopa.atamisquensis",0
"M_079","ruta.chalepensis","Xylocopa.splendidula",0
"M_079","ruta.chalepensis","Zeta.sp",4
"M_079","salvia.gilliesii","Acalyptratae.sp2",0
"M_079","salvia.gilliesii","Acalyptratae.sp4",0
"M_079","salvia.gilliesii","Acromyrmex.lobicornis",0
"M_079","salvia.gilliesii","Alloscirtetica.brethesi",0
"M_079","salvia.gilliesii","Alloscirtetica.sp1",0
"M_079","salvia.gilliesii","Ammophila.sp",0
"M_079","salvia.gilliesii","Ananthidium.inerme",0
"M_079","salvia.gilliesii","Anthidium.friesei",1
"M_079","salvia.gilliesii","Anthrax.oedipus",0
"M_079","salvia.gilliesii","Anthidium.rubripes",0
"M_079","salvia.gilliesii","Anthidium.vigintipunctatum",17
"M_079","salvia.gilliesii","Anthomyiidae.sp1",0
"M_079","salvia.gilliesii","Apis.mellifera",0
"M_079","salvia.gilliesii","Arhysosage.bifasciata",0
"M_079","salvia.gilliesii","Aristosyrphus.sp",0
"M_079","salvia.gilliesii","Ascia.monuste",0
"M_079","salvia.gilliesii","Asilidae.sp1",0
"M_079","salvia.gilliesii","Asilidae.sp2",0
"M_079","salvia.gilliesii","Audre.sp",1
"M_079","salvia.gilliesii","Augochloropsis.sp",1
"M_079","salvia.gilliesii","Babia.elongata",0
"M_079","salvia.gilliesii","Bibionidae.sp",0
"M_079","salvia.gilliesii","Bombus.opifex",60
"M_079","salvia.gilliesii","Exoprosopa.sp1",0
"M_079","salvia.gilliesii","Exoprosopa.sp2",0
"M_079","salvia.gilliesii","Bombyliidae.sp12",0
"M_079","salvia.gilliesii","Bombyliidae.sp14",0
"M_079","salvia.gilliesii","Bombyliidae.sp15",0
"M_079","salvia.gilliesii","Bombyliidae.sp16",0
"M_079","salvia.gilliesii","Chrysanthrax.sp2",0
"M_079","salvia.gilliesii","Bombilidae.sp5",0
"M_079","salvia.gilliesii","Parasystoechus.sp",4
"M_079","salvia.gilliesii","Poecilognathus.sp",0
"M_079","salvia.gilliesii","Bombyliidae.sp9",0
"M_079","salvia.gilliesii","Caenohalictus.sp",0
"M_079","salvia.gilliesii","Calliopsini.sp1",0
"M_079","salvia.gilliesii","Camponotus.mus",0
"M_079","salvia.gilliesii","Camponotus.punctulatus",0
"M_079","salvia.gilliesii","Centris.brethesi",13
"M_079","salvia.gilliesii","Centris.lyngbyei",0
"M_079","salvia.gilliesii","Centris.vardyorum",0
"M_079","salvia.gilliesii","Chaetocrania.sp",0
"M_079","salvia.gilliesii","Cochliomyia.macellaria",0
"M_079","salvia.gilliesii","Coccinelidae.sp1",0
"M_079","salvia.gilliesii","Coccinela.sp2",0
"M_079","salvia.gilliesii","Coelioxys.chilensis",0
"M_079","salvia.gilliesii","Coelioxys.jorgenseni",0
"M_079","salvia.gilliesii","Coelioxys.sp6",0
"M_079","salvia.gilliesii","Colletes.araucariae",3
"M_079","salvia.gilliesii","Colletes.bicolor",0
"M_079","salvia.gilliesii","Colletes.brethesi",0
"M_079","salvia.gilliesii","Colletes.cognatus",0
"M_079","salvia.gilliesii","Colletes.lycii",0
"M_079","salvia.gilliesii","Compsomyiops.fulvicrura",0
"M_079","salvia.gilliesii","Copestilum.aricia",0
"M_079","salvia.gilliesii","Copestilum.sp2",0
"M_079","salvia.gilliesii","Copestilum.sp3",0
"M_079","salvia.gilliesii","Cosmosatyrus.chilensis",24
"M_079","salvia.gilliesii","Crabronidae.sp1",0
"M_079","salvia.gilliesii","Diadasia.baraderensis",0
"M_079","salvia.gilliesii","Diadasia.patagonica",45
"M_079","salvia.gilliesii","Diabrotica.sp",0
"M_079","salvia.gilliesii","Dialictus.sp",7
"M_079","salvia.gilliesii","Empididae.sp1",0
"M_079","salvia.gilliesii","Empididae.sp2",0
"M_079","salvia.gilliesii","Epitragus.sp",0
"M_079","salvia.gilliesii","Eumenidae.sp",0
"M_079","salvia.gilliesii","Chrysanthrax.sp1",0
"M_079","salvia.gilliesii","Foreluis.sp",0
"M_079","salvia.gilliesii","Hirmoneura.sp",0
"M_079","salvia.gilliesii","Hypalastroides.sp",0
"M_079","salvia.gilliesii","Isepeolus.vachali",0
"M_079","salvia.gilliesii","Isepeolus.viperinus",0
"M_079","salvia.gilliesii","Leioproctus.abdominalis",0
"M_079","salvia.gilliesii","Leioproctus.friesei",0
"M_079","salvia.gilliesii","Leptometriella.nigra",0
"M_079","salvia.gilliesii","Lepidoptera.sp11",0
"M_079","salvia.gilliesii","Lepidoptera.sp12",0
"M_079","salvia.gilliesii","Lepidoptera.sp3",0
"M_079","salvia.gilliesii","Lepidoptera.sp4",0
"M_079","salvia.gilliesii","Liphantus.inornatus",0
"M_079","salvia.gilliesii","Liphantus.nigritus",0
"M_079","salvia.gilliesii","Lonchopria.robertsi",0
"M_079","salvia.gilliesii","Lonchopria.sp",0
"M_079","salvia.gilliesii","Megachile.leucographa",5
"M_079","salvia.gilliesii","Megachile.obscurior",7
"M_079","salvia.gilliesii","Megachile.nigella",7
"M_079","salvia.gilliesii","Megachile.pseudocentron2",0
"M_079","salvia.gilliesii","Melectoides.cockerelli",0
"M_079","salvia.gilliesii","Melissoptila.sp",0
"M_079","salvia.gilliesii","Mesonychium.jenseni",0
"M_079","salvia.gilliesii","Muscidae.sp2",0
"M_079","salvia.gilliesii","neu.sp1",0
"M_079","salvia.gilliesii","Nitidulidae.sp1",0
"M_079","salvia.gilliesii","Pyrgus.communis",1
"M_079","salvia.gilliesii","Platycheirus.sp",0
"M_079","salvia.gilliesii","Polistes.cavapyta",0
"M_079","salvia.gilliesii","Pompilidae.sp2",0
"M_079","salvia.gilliesii","Psaenythia.philantoides",0
"M_079","salvia.gilliesii","Psaenythia.rufipes",1
"M_079","salvia.gilliesii","Pseudagapostemon.sp",3
"M_079","salvia.gilliesii","Rubrica.nasuta",0
"M_079","salvia.gilliesii","Sarcophagidae.sp1",0
"M_079","salvia.gilliesii","Sciomyzidae",0
"M_079","salvia.gilliesii","Sphex.sp2",0
"M_079","salvia.gilliesii","Sphecidae.sp1",0
"M_079","salvia.gilliesii","Strymon.eurytulus",0
"M_079","salvia.gilliesii","Svastrides.bauni",0
"M_079","salvia.gilliesii","Svastra.sp",0
"M_079","salvia.gilliesii","Svastrides.zebra",7
"M_079","salvia.gilliesii","Syrphus.sp1",0
"M_079","salvia.gilliesii","Syrphidae.sp2",0
"M_079","salvia.gilliesii","Syrphidae.sp3",0
"M_079","salvia.gilliesii","Syrphidae.sp5",0
"M_079","salvia.gilliesii","Syrphidae.sp6",0
"M_079","salvia.gilliesii","Tachipompillus.sp",0
"M_079","salvia.gilliesii","Tachinidae.sp10",0
"M_079","salvia.gilliesii","Tachinidae.sp15",0
"M_079","salvia.gilliesii","Tachinidae.sp17",0
"M_079","salvia.gilliesii","Tachinidae.sp5",0
"M_079","salvia.gilliesii","Tachinidae.sp8",0
"M_079","salvia.gilliesii","Tachytes.sp",0
"M_079","salvia.gilliesii","Tatochila.autodice",0
"M_079","salvia.gilliesii","Tephritidae.sp1",0
"M_079","salvia.gilliesii","Tephritidae.sp2",0
"M_079","salvia.gilliesii","Thynnidae.sp",0
"M_079","salvia.gilliesii","Toxomerus.sp1",0
"M_079","salvia.gilliesii","Trichothurgus.laticeps",0
"M_079","salvia.gilliesii","Trichoturgus.sp2",0
"M_079","salvia.gilliesii","Villa.sp",0
"M_079","salvia.gilliesii","Willinkapis.chalybaea",8
"M_079","salvia.gilliesii","Xylocopa.augusti",0
"M_079","salvia.gilliesii","Xylocopa.atamisquensis",69
"M_079","salvia.gilliesii","Xylocopa.splendidula",21
"M_079","salvia.gilliesii","Zeta.sp",0
"M_079","schinus.fasciculata","Acalyptratae.sp2",0
"M_079","schinus.fasciculata","Acalyptratae.sp4",0
"M_079","schinus.fasciculata","Acromyrmex.lobicornis",0
"M_079","schinus.fasciculata","Alloscirtetica.brethesi",0
"M_079","schinus.fasciculata","Alloscirtetica.sp1",0
"M_079","schinus.fasciculata","Ammophila.sp",0
"M_079","schinus.fasciculata","Ananthidium.inerme",0
"M_079","schinus.fasciculata","Anthidium.friesei",0
"M_079","schinus.fasciculata","Anthrax.oedipus",0
"M_079","schinus.fasciculata","Anthidium.rubripes",0
"M_079","schinus.fasciculata","Anthidium.vigintipunctatum",0
"M_079","schinus.fasciculata","Anthomyiidae.sp1",0
"M_079","schinus.fasciculata","Apis.mellifera",20
"M_079","schinus.fasciculata","Arhysosage.bifasciata",0
"M_079","schinus.fasciculata","Aristosyrphus.sp",0
"M_079","schinus.fasciculata","Ascia.monuste",0
"M_079","schinus.fasciculata","Asilidae.sp1",0
"M_079","schinus.fasciculata","Asilidae.sp2",0
"M_079","schinus.fasciculata","Audre.sp",0
"M_079","schinus.fasciculata","Augochloropsis.sp",21
"M_079","schinus.fasciculata","Babia.elongata",6
"M_079","schinus.fasciculata","Bibionidae.sp",1
"M_079","schinus.fasciculata","Bombus.opifex",0
"M_079","schinus.fasciculata","Exoprosopa.sp1",4
"M_079","schinus.fasciculata","Exoprosopa.sp2",2
"M_079","schinus.fasciculata","Bombyliidae.sp12",0
"M_079","schinus.fasciculata","Bombyliidae.sp14",0
"M_079","schinus.fasciculata","Bombyliidae.sp15",0
"M_079","schinus.fasciculata","Bombyliidae.sp16",0
"M_079","schinus.fasciculata","Chrysanthrax.sp2",12
"M_079","schinus.fasciculata","Bombilidae.sp5",0
"M_079","schinus.fasciculata","Parasystoechus.sp",0
"M_079","schinus.fasciculata","Poecilognathus.sp",0
"M_079","schinus.fasciculata","Bombyliidae.sp9",0
"M_079","schinus.fasciculata","Caenohalictus.sp",0
"M_079","schinus.fasciculata","Calliopsini.sp1",0
"M_079","schinus.fasciculata","Camponotus.mus",30
"M_079","schinus.fasciculata","Camponotus.punctulatus",11
"M_079","schinus.fasciculata","Centris.brethesi",0
"M_079","schinus.fasciculata","Centris.lyngbyei",0
"M_079","schinus.fasciculata","Centris.vardyorum",0
"M_079","schinus.fasciculata","Chaetocrania.sp",0
"M_079","schinus.fasciculata","Cochliomyia.macellaria",0
"M_079","schinus.fasciculata","Coccinelidae.sp1",0
"M_079","schinus.fasciculata","Coccinela.sp2",0
"M_079","schinus.fasciculata","Coelioxys.chilensis",0
"M_079","schinus.fasciculata","Coelioxys.jorgenseni",0
"M_079","schinus.fasciculata","Coelioxys.sp6",0
"M_079","schinus.fasciculata","Colletes.araucariae",0
"M_079","schinus.fasciculata","Colletes.bicolor",0
"M_079","schinus.fasciculata","Colletes.brethesi",0
"M_079","schinus.fasciculata","Colletes.cognatus",0
"M_079","schinus.fasciculata","Colletes.lycii",0
"M_079","schinus.fasciculata","Compsomyiops.fulvicrura",58
"M_079","schinus.fasciculata","Copestilum.aricia",34
"M_079","schinus.fasciculata","Copestilum.sp2",8
"M_079","schinus.fasciculata","Copestilum.sp3",0
"M_079","schinus.fasciculata","Cosmosatyrus.chilensis",0
"M_079","schinus.fasciculata","Crabronidae.sp1",0
"M_079","schinus.fasciculata","Diadasia.baraderensis",0
"M_079","schinus.fasciculata","Diadasia.patagonica",0
"M_079","schinus.fasciculata","Diabrotica.sp",0
"M_079","schinus.fasciculata","Dialictus.sp",0
"M_079","schinus.fasciculata","Empididae.sp1",0
"M_079","schinus.fasciculata","Empididae.sp2",0
"M_079","schinus.fasciculata","Epitragus.sp",0
"M_079","schinus.fasciculata","Eumenidae.sp",0
"M_079","schinus.fasciculata","Chrysanthrax.sp1",37
"M_079","schinus.fasciculata","Foreluis.sp",0
"M_079","schinus.fasciculata","Hirmoneura.sp",1
"M_079","schinus.fasciculata","Hypalastroides.sp",0
"M_079","schinus.fasciculata","Isepeolus.vachali",0
"M_079","schinus.fasciculata","Isepeolus.viperinus",0
"M_079","schinus.fasciculata","Leioproctus.abdominalis",0
"M_079","schinus.fasciculata","Leioproctus.friesei",0
"M_079","schinus.fasciculata","Leptometriella.nigra",0
"M_079","schinus.fasciculata","Lepidoptera.sp11",0
"M_079","schinus.fasciculata","Lepidoptera.sp12",0
"M_079","schinus.fasciculata","Lepidoptera.sp3",0
"M_079","schinus.fasciculata","Lepidoptera.sp4",0
"M_079","schinus.fasciculata","Liphantus.inornatus",0
"M_079","schinus.fasciculata","Liphantus.nigritus",0
"M_079","schinus.fasciculata","Lonchopria.robertsi",0
"M_079","schinus.fasciculata","Lonchopria.sp",0
"M_079","schinus.fasciculata","Megachile.leucographa",1
"M_079","schinus.fasciculata","Megachile.obscurior",0
"M_079","schinus.fasciculata","Megachile.nigella",0
"M_079","schinus.fasciculata","Megachile.pseudocentron2",0
"M_079","schinus.fasciculata","Melectoides.cockerelli",0
"M_079","schinus.fasciculata","Melissoptila.sp",0
"M_079","schinus.fasciculata","Mesonychium.jenseni",0
"M_079","schinus.fasciculata","Muscidae.sp2",0
"M_079","schinus.fasciculata","neu.sp1",0
"M_079","schinus.fasciculata","Nitidulidae.sp1",0
"M_079","schinus.fasciculata","Pyrgus.communis",0
"M_079","schinus.fasciculata","Platycheirus.sp",0
"M_079","schinus.fasciculata","Polistes.cavapyta",0
"M_079","schinus.fasciculata","Pompilidae.sp2",0
"M_079","schinus.fasciculata","Psaenythia.philantoides",0
"M_079","schinus.fasciculata","Psaenythia.rufipes",0
"M_079","schinus.fasciculata","Pseudagapostemon.sp",0
"M_079","schinus.fasciculata","Rubrica.nasuta",0
"M_079","schinus.fasciculata","Sarcophagidae.sp1",0
"M_079","schinus.fasciculata","Sciomyzidae",0
"M_079","schinus.fasciculata","Sphex.sp2",0
"M_079","schinus.fasciculata","Sphecidae.sp1",0
"M_079","schinus.fasciculata","Strymon.eurytulus",0
"M_079","schinus.fasciculata","Svastrides.bauni",0
"M_079","schinus.fasciculata","Svastra.sp",0
"M_079","schinus.fasciculata","Svastrides.zebra",0
"M_079","schinus.fasciculata","Syrphus.sp1",35
"M_079","schinus.fasciculata","Syrphidae.sp2",0
"M_079","schinus.fasciculata","Syrphidae.sp3",0
"M_079","schinus.fasciculata","Syrphidae.sp5",0
"M_079","schinus.fasciculata","Syrphidae.sp6",0
"M_079","schinus.fasciculata","Tachipompillus.sp",0
"M_079","schinus.fasciculata","Tachinidae.sp10",0
"M_079","schinus.fasciculata","Tachinidae.sp15",0
"M_079","schinus.fasciculata","Tachinidae.sp17",0
"M_079","schinus.fasciculata","Tachinidae.sp5",0
"M_079","schinus.fasciculata","Tachinidae.sp8",0
"M_079","schinus.fasciculata","Tachytes.sp",0
"M_079","schinus.fasciculata","Tatochila.autodice",0
"M_079","schinus.fasciculata","Tephritidae.sp1",0
"M_079","schinus.fasciculata","Tephritidae.sp2",0
"M_079","schinus.fasciculata","Thynnidae.sp",0
"M_079","schinus.fasciculata","Toxomerus.sp1",15
"M_079","schinus.fasciculata","Trichothurgus.laticeps",0
"M_079","schinus.fasciculata","Trichoturgus.sp2",0
"M_079","schinus.fasciculata","Villa.sp",0
"M_079","schinus.fasciculata","Willinkapis.chalybaea",0
"M_079","schinus.fasciculata","Xylocopa.augusti",0
"M_079","schinus.fasciculata","Xylocopa.atamisquensis",0
"M_079","schinus.fasciculata","Xylocopa.splendidula",0
"M_079","schinus.fasciculata","Zeta.sp",0
"M_079","senna.aphylla","Acalyptratae.sp2",0
"M_079","senna.aphylla","Acalyptratae.sp4",0
"M_079","senna.aphylla","Acromyrmex.lobicornis",0
"M_079","senna.aphylla","Alloscirtetica.brethesi",0
"M_079","senna.aphylla","Alloscirtetica.sp1",0
"M_079","senna.aphylla","Ammophila.sp",2
"M_079","senna.aphylla","Ananthidium.inerme",0
"M_079","senna.aphylla","Anthidium.friesei",0
"M_079","senna.aphylla","Anthrax.oedipus",0
"M_079","senna.aphylla","Anthidium.rubripes",0
"M_079","senna.aphylla","Anthidium.vigintipunctatum",0
"M_079","senna.aphylla","Anthomyiidae.sp1",0
"M_079","senna.aphylla","Apis.mellifera",0
"M_079","senna.aphylla","Arhysosage.bifasciata",0
"M_079","senna.aphylla","Aristosyrphus.sp",0
"M_079","senna.aphylla","Ascia.monuste",0
"M_079","senna.aphylla","Asilidae.sp1",1
"M_079","senna.aphylla","Asilidae.sp2",0
"M_079","senna.aphylla","Audre.sp",0
"M_079","senna.aphylla","Augochloropsis.sp",102
"M_079","senna.aphylla","Babia.elongata",0
"M_079","senna.aphylla","Bibionidae.sp",0
"M_079","senna.aphylla","Bombus.opifex",8
"M_079","senna.aphylla","Exoprosopa.sp1",0
"M_079","senna.aphylla","Exoprosopa.sp2",0
"M_079","senna.aphylla","Bombyliidae.sp12",0
"M_079","senna.aphylla","Bombyliidae.sp14",0
"M_079","senna.aphylla","Bombyliidae.sp15",0
"M_079","senna.aphylla","Bombyliidae.sp16",0
"M_079","senna.aphylla","Chrysanthrax.sp2",1
"M_079","senna.aphylla","Bombilidae.sp5",0
"M_079","senna.aphylla","Parasystoechus.sp",0
"M_079","senna.aphylla","Poecilognathus.sp",0
"M_079","senna.aphylla","Bombyliidae.sp9",0
"M_079","senna.aphylla","Caenohalictus.sp",2
"M_079","senna.aphylla","Calliopsini.sp1",0
"M_079","senna.aphylla","Camponotus.mus",43
"M_079","senna.aphylla","Camponotus.punctulatus",34
"M_079","senna.aphylla","Centris.brethesi",37
"M_079","senna.aphylla","Centris.lyngbyei",0
"M_079","senna.aphylla","Centris.vardyorum",0
"M_079","senna.aphylla","Chaetocrania.sp",0
"M_079","senna.aphylla","Cochliomyia.macellaria",0
"M_079","senna.aphylla","Coccinelidae.sp1",0
"M_079","senna.aphylla","Coccinela.sp2",0
"M_079","senna.aphylla","Coelioxys.chilensis",0
"M_079","senna.aphylla","Coelioxys.jorgenseni",0
"M_079","senna.aphylla","Coelioxys.sp6",0
"M_079","senna.aphylla","Colletes.araucariae",0
"M_079","senna.aphylla","Colletes.bicolor",0
"M_079","senna.aphylla","Colletes.brethesi",0
"M_079","senna.aphylla","Colletes.cognatus",0
"M_079","senna.aphylla","Colletes.lycii",0
"M_079","senna.aphylla","Compsomyiops.fulvicrura",0
"M_079","senna.aphylla","Copestilum.aricia",12
"M_079","senna.aphylla","Copestilum.sp2",1
"M_079","senna.aphylla","Copestilum.sp3",0
"M_079","senna.aphylla","Cosmosatyrus.chilensis",10
"M_079","senna.aphylla","Crabronidae.sp1",0
"M_079","senna.aphylla","Diadasia.baraderensis",0
"M_079","senna.aphylla","Diadasia.patagonica",0
"M_079","senna.aphylla","Diabrotica.sp",1
"M_079","senna.aphylla","Dialictus.sp",10
"M_079","senna.aphylla","Empididae.sp1",0
"M_079","senna.aphylla","Empididae.sp2",0
"M_079","senna.aphylla","Epitragus.sp",0
"M_079","senna.aphylla","Eumenidae.sp",0
"M_079","senna.aphylla","Chrysanthrax.sp1",0
"M_079","senna.aphylla","Foreluis.sp",0
"M_079","senna.aphylla","Hirmoneura.sp",58
"M_079","senna.aphylla","Hypalastroides.sp",1
"M_079","senna.aphylla","Isepeolus.vachali",0
"M_079","senna.aphylla","Isepeolus.viperinus",0
"M_079","senna.aphylla","Leioproctus.abdominalis",0
"M_079","senna.aphylla","Leioproctus.friesei",0
"M_079","senna.aphylla","Leptometriella.nigra",0
"M_079","senna.aphylla","Lepidoptera.sp11",0
"M_079","senna.aphylla","Lepidoptera.sp12",0
"M_079","senna.aphylla","Lepidoptera.sp3",0
"M_079","senna.aphylla","Lepidoptera.sp4",0
"M_079","senna.aphylla","Liphantus.inornatus",0
"M_079","senna.aphylla","Liphantus.nigritus",0
"M_079","senna.aphylla","Lonchopria.robertsi",0
"M_079","senna.aphylla","Lonchopria.sp",0
"M_079","senna.aphylla","Megachile.leucographa",4
"M_079","senna.aphylla","Megachile.obscurior",8
"M_079","senna.aphylla","Megachile.nigella",0
"M_079","senna.aphylla","Megachile.pseudocentron2",0
"M_079","senna.aphylla","Melectoides.cockerelli",0
"M_079","senna.aphylla","Melissoptila.sp",0
"M_079","senna.aphylla","Mesonychium.jenseni",0
"M_079","senna.aphylla","Muscidae.sp2",0
"M_079","senna.aphylla","neu.sp1",0
"M_079","senna.aphylla","Nitidulidae.sp1",0
"M_079","senna.aphylla","Pyrgus.communis",0
"M_079","senna.aphylla","Platycheirus.sp",0
"M_079","senna.aphylla","Polistes.cavapyta",6
"M_079","senna.aphylla","Pompilidae.sp2",5
"M_079","senna.aphylla","Psaenythia.philantoides",0
"M_079","senna.aphylla","Psaenythia.rufipes",0
"M_079","senna.aphylla","Pseudagapostemon.sp",0
"M_079","senna.aphylla","Rubrica.nasuta",0
"M_079","senna.aphylla","Sarcophagidae.sp1",0
"M_079","senna.aphylla","Sciomyzidae",0
"M_079","senna.aphylla","Sphex.sp2",0
"M_079","senna.aphylla","Sphecidae.sp1",0
"M_079","senna.aphylla","Strymon.eurytulus",0
"M_079","senna.aphylla","Svastrides.bauni",0
"M_079","senna.aphylla","Svastra.sp",0
"M_079","senna.aphylla","Svastrides.zebra",0
"M_079","senna.aphylla","Syrphus.sp1",2
"M_079","senna.aphylla","Syrphidae.sp2",0
"M_079","senna.aphylla","Syrphidae.sp3",0
"M_079","senna.aphylla","Syrphidae.sp5",0
"M_079","senna.aphylla","Syrphidae.sp6",0
"M_079","senna.aphylla","Tachipompillus.sp",0
"M_079","senna.aphylla","Tachinidae.sp10",0
"M_079","senna.aphylla","Tachinidae.sp15",0
"M_079","senna.aphylla","Tachinidae.sp17",0
"M_079","senna.aphylla","Tachinidae.sp5",0
"M_079","senna.aphylla","Tachinidae.sp8",0
"M_079","senna.aphylla","Tachytes.sp",0
"M_079","senna.aphylla","Tatochila.autodice",0
"M_079","senna.aphylla","Tephritidae.sp1",0
"M_079","senna.aphylla","Tephritidae.sp2",0
"M_079","senna.aphylla","Thynnidae.sp",0
"M_079","senna.aphylla","Toxomerus.sp1",0
"M_079","senna.aphylla","Trichothurgus.laticeps",0
"M_079","senna.aphylla","Trichoturgus.sp2",0
"M_079","senna.aphylla","Villa.sp",0
"M_079","senna.aphylla","Willinkapis.chalybaea",0
"M_079","senna.aphylla","Xylocopa.augusti",0
"M_079","senna.aphylla","Xylocopa.atamisquensis",25
"M_079","senna.aphylla","Xylocopa.splendidula",0
"M_079","senna.aphylla","Zeta.sp",13
"M_079","senecio.pinnatus","Acalyptratae.sp2",0
"M_079","senecio.pinnatus","Acalyptratae.sp4",0
"M_079","senecio.pinnatus","Acromyrmex.lobicornis",0
"M_079","senecio.pinnatus","Alloscirtetica.brethesi",0
"M_079","senecio.pinnatus","Alloscirtetica.sp1",0
"M_079","senecio.pinnatus","Ammophila.sp",22
"M_079","senecio.pinnatus","Ananthidium.inerme",0
"M_079","senecio.pinnatus","Anthidium.friesei",0
"M_079","senecio.pinnatus","Anthrax.oedipus",0
"M_079","senecio.pinnatus","Anthidium.rubripes",0
"M_079","senecio.pinnatus","Anthidium.vigintipunctatum",0
"M_079","senecio.pinnatus","Anthomyiidae.sp1",0
"M_079","senecio.pinnatus","Apis.mellifera",0
"M_079","senecio.pinnatus","Arhysosage.bifasciata",0
"M_079","senecio.pinnatus","Aristosyrphus.sp",0
"M_079","senecio.pinnatus","Ascia.monuste",0
"M_079","senecio.pinnatus","Asilidae.sp1",0
"M_079","senecio.pinnatus","Asilidae.sp2",0
"M_079","senecio.pinnatus","Audre.sp",4
"M_079","senecio.pinnatus","Augochloropsis.sp",5
"M_079","senecio.pinnatus","Babia.elongata",0
"M_079","senecio.pinnatus","Bibionidae.sp",0
"M_079","senecio.pinnatus","Bombus.opifex",0
"M_079","senecio.pinnatus","Exoprosopa.sp1",1
"M_079","senecio.pinnatus","Exoprosopa.sp2",0
"M_079","senecio.pinnatus","Bombyliidae.sp12",3
"M_079","senecio.pinnatus","Bombyliidae.sp14",0
"M_079","senecio.pinnatus","Bombyliidae.sp15",0
"M_079","senecio.pinnatus","Bombyliidae.sp16",0
"M_079","senecio.pinnatus","Chrysanthrax.sp2",0
"M_079","senecio.pinnatus","Bombilidae.sp5",0
"M_079","senecio.pinnatus","Parasystoechus.sp",1
"M_079","senecio.pinnatus","Poecilognathus.sp",0
"M_079","senecio.pinnatus","Bombyliidae.sp9",0
"M_079","senecio.pinnatus","Caenohalictus.sp",8
"M_079","senecio.pinnatus","Calliopsini.sp1",0
"M_079","senecio.pinnatus","Camponotus.mus",6
"M_079","senecio.pinnatus","Camponotus.punctulatus",3
"M_079","senecio.pinnatus","Centris.brethesi",3
"M_079","senecio.pinnatus","Centris.lyngbyei",0
"M_079","senecio.pinnatus","Centris.vardyorum",0
"M_079","senecio.pinnatus","Chaetocrania.sp",7
"M_079","senecio.pinnatus","Cochliomyia.macellaria",0
"M_079","senecio.pinnatus","Coccinelidae.sp1",0
"M_079","senecio.pinnatus","Coccinela.sp2",0
"M_079","senecio.pinnatus","Coelioxys.chilensis",0
"M_079","senecio.pinnatus","Coelioxys.jorgenseni",0
"M_079","senecio.pinnatus","Coelioxys.sp6",0
"M_079","senecio.pinnatus","Colletes.araucariae",0
"M_079","senecio.pinnatus","Colletes.bicolor",0
"M_079","senecio.pinnatus","Colletes.brethesi",0
"M_079","senecio.pinnatus","Colletes.cognatus",0
"M_079","senecio.pinnatus","Colletes.lycii",0
"M_079","senecio.pinnatus","Compsomyiops.fulvicrura",0
"M_079","senecio.pinnatus","Copestilum.aricia",265
"M_079","senecio.pinnatus","Copestilum.sp2",9
"M_079","senecio.pinnatus","Copestilum.sp3",0
"M_079","senecio.pinnatus","Cosmosatyrus.chilensis",28
"M_079","senecio.pinnatus","Crabronidae.sp1",0
"M_079","senecio.pinnatus","Diadasia.baraderensis",0
"M_079","senecio.pinnatus","Diadasia.patagonica",3
"M_079","senecio.pinnatus","Diabrotica.sp",0
"M_079","senecio.pinnatus","Dialictus.sp",3
"M_079","senecio.pinnatus","Empididae.sp1",0
"M_079","senecio.pinnatus","Empididae.sp2",0
"M_079","senecio.pinnatus","Epitragus.sp",0
"M_079","senecio.pinnatus","Eumenidae.sp",0
"M_079","senecio.pinnatus","Chrysanthrax.sp1",1
"M_079","senecio.pinnatus","Foreluis.sp",0
"M_079","senecio.pinnatus","Hirmoneura.sp",3
"M_079","senecio.pinnatus","Hypalastroides.sp",0
"M_079","senecio.pinnatus","Isepeolus.vachali",3
"M_079","senecio.pinnatus","Isepeolus.viperinus",0
"M_079","senecio.pinnatus","Leioproctus.abdominalis",0
"M_079","senecio.pinnatus","Leioproctus.friesei",0
"M_079","senecio.pinnatus","Leptometriella.nigra",1
"M_079","senecio.pinnatus","Lepidoptera.sp11",4
"M_079","senecio.pinnatus","Lepidoptera.sp12",0
"M_079","senecio.pinnatus","Lepidoptera.sp3",3
"M_079","senecio.pinnatus","Lepidoptera.sp4",0
"M_079","senecio.pinnatus","Liphantus.inornatus",0
"M_079","senecio.pinnatus","Liphantus.nigritus",0
"M_079","senecio.pinnatus","Lonchopria.robertsi",0
"M_079","senecio.pinnatus","Lonchopria.sp",0
"M_079","senecio.pinnatus","Megachile.leucographa",0
"M_079","senecio.pinnatus","Megachile.obscurior",0
"M_079","senecio.pinnatus","Megachile.nigella",0
"M_079","senecio.pinnatus","Megachile.pseudocentron2",0
"M_079","senecio.pinnatus","Melectoides.cockerelli",0
"M_079","senecio.pinnatus","Melissoptila.sp",0
"M_079","senecio.pinnatus","Mesonychium.jenseni",0
"M_079","senecio.pinnatus","Muscidae.sp2",0
"M_079","senecio.pinnatus","neu.sp1",7
"M_079","senecio.pinnatus","Nitidulidae.sp1",0
"M_079","senecio.pinnatus","Pyrgus.communis",29
"M_079","senecio.pinnatus","Platycheirus.sp",0
"M_079","senecio.pinnatus","Polistes.cavapyta",0
"M_079","senecio.pinnatus","Pompilidae.sp2",0
"M_079","senecio.pinnatus","Psaenythia.philantoides",1
"M_079","senecio.pinnatus","Psaenythia.rufipes",0
"M_079","senecio.pinnatus","Pseudagapostemon.sp",0
"M_079","senecio.pinnatus","Rubrica.nasuta",0
"M_079","senecio.pinnatus","Sarcophagidae.sp1",1
"M_079","senecio.pinnatus","Sciomyzidae",0
"M_079","senecio.pinnatus","Sphex.sp2",0
"M_079","senecio.pinnatus","Sphecidae.sp1",0
"M_079","senecio.pinnatus","Strymon.eurytulus",18
"M_079","senecio.pinnatus","Svastrides.bauni",0
"M_079","senecio.pinnatus","Svastra.sp",0
"M_079","senecio.pinnatus","Svastrides.zebra",0
"M_079","senecio.pinnatus","Syrphus.sp1",3
"M_079","senecio.pinnatus","Syrphidae.sp2",0
"M_079","senecio.pinnatus","Syrphidae.sp3",0
"M_079","senecio.pinnatus","Syrphidae.sp5",0
"M_079","senecio.pinnatus","Syrphidae.sp6",0
"M_079","senecio.pinnatus","Tachipompillus.sp",2
"M_079","senecio.pinnatus","Tachinidae.sp10",13
"M_079","senecio.pinnatus","Tachinidae.sp15",3
"M_079","senecio.pinnatus","Tachinidae.sp17",0
"M_079","senecio.pinnatus","Tachinidae.sp5",0
"M_079","senecio.pinnatus","Tachinidae.sp8",4
"M_079","senecio.pinnatus","Tachytes.sp",0
"M_079","senecio.pinnatus","Tatochila.autodice",7
"M_079","senecio.pinnatus","Tephritidae.sp1",0
"M_079","senecio.pinnatus","Tephritidae.sp2",0
"M_079","senecio.pinnatus","Thynnidae.sp",0
"M_079","senecio.pinnatus","Toxomerus.sp1",0
"M_079","senecio.pinnatus","Trichothurgus.laticeps",0
"M_079","senecio.pinnatus","Trichoturgus.sp2",0
"M_079","senecio.pinnatus","Villa.sp",6
"M_079","senecio.pinnatus","Willinkapis.chalybaea",0
"M_079","senecio.pinnatus","Xylocopa.augusti",0
"M_079","senecio.pinnatus","Xylocopa.atamisquensis",0
"M_079","senecio.pinnatus","Xylocopa.splendidula",0
"M_079","senecio.pinnatus","Zeta.sp",1
"M_079","spartium.junceum","Acalyptratae.sp2",0
"M_079","spartium.junceum","Acalyptratae.sp4",0
"M_079","spartium.junceum","Acromyrmex.lobicornis",3
"M_079","spartium.junceum","Alloscirtetica.brethesi",0
"M_079","spartium.junceum","Alloscirtetica.sp1",0
"M_079","spartium.junceum","Ammophila.sp",0
"M_079","spartium.junceum","Ananthidium.inerme",0
"M_079","spartium.junceum","Anthidium.friesei",0
"M_079","spartium.junceum","Anthrax.oedipus",0
"M_079","spartium.junceum","Anthidium.rubripes",0
"M_079","spartium.junceum","Anthidium.vigintipunctatum",0
"M_079","spartium.junceum","Anthomyiidae.sp1",0
"M_079","spartium.junceum","Apis.mellifera",5
"M_079","spartium.junceum","Arhysosage.bifasciata",0
"M_079","spartium.junceum","Aristosyrphus.sp",0
"M_079","spartium.junceum","Ascia.monuste",1
"M_079","spartium.junceum","Asilidae.sp1",1
"M_079","spartium.junceum","Asilidae.sp2",0
"M_079","spartium.junceum","Audre.sp",10
"M_079","spartium.junceum","Augochloropsis.sp",10
"M_079","spartium.junceum","Babia.elongata",0
"M_079","spartium.junceum","Bibionidae.sp",0
"M_079","spartium.junceum","Bombus.opifex",64
"M_079","spartium.junceum","Exoprosopa.sp1",0
"M_079","spartium.junceum","Exoprosopa.sp2",0
"M_079","spartium.junceum","Bombyliidae.sp12",0
"M_079","spartium.junceum","Bombyliidae.sp14",0
"M_079","spartium.junceum","Bombyliidae.sp15",0
"M_079","spartium.junceum","Bombyliidae.sp16",0
"M_079","spartium.junceum","Chrysanthrax.sp2",0
"M_079","spartium.junceum","Bombilidae.sp5",0
"M_079","spartium.junceum","Parasystoechus.sp",1
"M_079","spartium.junceum","Poecilognathus.sp",0
"M_079","spartium.junceum","Bombyliidae.sp9",0
"M_079","spartium.junceum","Caenohalictus.sp",0
"M_079","spartium.junceum","Calliopsini.sp1",0
"M_079","spartium.junceum","Camponotus.mus",8
"M_079","spartium.junceum","Camponotus.punctulatus",0
"M_079","spartium.junceum","Centris.brethesi",12
"M_079","spartium.junceum","Centris.lyngbyei",0
"M_079","spartium.junceum","Centris.vardyorum",0
"M_079","spartium.junceum","Chaetocrania.sp",0
"M_079","spartium.junceum","Cochliomyia.macellaria",0
"M_079","spartium.junceum","Coccinelidae.sp1",0
"M_079","spartium.junceum","Coccinela.sp2",3
"M_079","spartium.junceum","Coelioxys.chilensis",0
"M_079","spartium.junceum","Coelioxys.jorgenseni",0
"M_079","spartium.junceum","Coelioxys.sp6",0
"M_079","spartium.junceum","Colletes.araucariae",0
"M_079","spartium.junceum","Colletes.bicolor",0
"M_079","spartium.junceum","Colletes.brethesi",0
"M_079","spartium.junceum","Colletes.cognatus",0
"M_079","spartium.junceum","Colletes.lycii",0
"M_079","spartium.junceum","Compsomyiops.fulvicrura",10
"M_079","spartium.junceum","Copestilum.aricia",161
"M_079","spartium.junceum","Copestilum.sp2",17
"M_079","spartium.junceum","Copestilum.sp3",0
"M_079","spartium.junceum","Cosmosatyrus.chilensis",18
"M_079","spartium.junceum","Crabronidae.sp1",0
"M_079","spartium.junceum","Diadasia.baraderensis",0
"M_079","spartium.junceum","Diadasia.patagonica",0
"M_079","spartium.junceum","Diabrotica.sp",1
"M_079","spartium.junceum","Dialictus.sp",1
"M_079","spartium.junceum","Empididae.sp1",0
"M_079","spartium.junceum","Empididae.sp2",0
"M_079","spartium.junceum","Epitragus.sp",0
"M_079","spartium.junceum","Eumenidae.sp",0
"M_079","spartium.junceum","Chrysanthrax.sp1",2
"M_079","spartium.junceum","Foreluis.sp",0
"M_079","spartium.junceum","Hirmoneura.sp",35
"M_079","spartium.junceum","Hypalastroides.sp",0
"M_079","spartium.junceum","Isepeolus.vachali",0
"M_079","spartium.junceum","Isepeolus.viperinus",0
"M_079","spartium.junceum","Leioproctus.abdominalis",0
"M_079","spartium.junceum","Leioproctus.friesei",0
"M_079","spartium.junceum","Leptometriella.nigra",0
"M_079","spartium.junceum","Lepidoptera.sp11",0
"M_079","spartium.junceum","Lepidoptera.sp12",0
"M_079","spartium.junceum","Lepidoptera.sp3",0
"M_079","spartium.junceum","Lepidoptera.sp4",0
"M_079","spartium.junceum","Liphantus.inornatus",0
"M_079","spartium.junceum","Liphantus.nigritus",0
"M_079","spartium.junceum","Lonchopria.robertsi",0
"M_079","spartium.junceum","Lonchopria.sp",0
"M_079","spartium.junceum","Megachile.leucographa",3
"M_079","spartium.junceum","Megachile.obscurior",0
"M_079","spartium.junceum","Megachile.nigella",0
"M_079","spartium.junceum","Megachile.pseudocentron2",0
"M_079","spartium.junceum","Melectoides.cockerelli",0
"M_079","spartium.junceum","Melissoptila.sp",0
"M_079","spartium.junceum","Mesonychium.jenseni",0
"M_079","spartium.junceum","Muscidae.sp2",0
"M_079","spartium.junceum","neu.sp1",0
"M_079","spartium.junceum","Nitidulidae.sp1",0
"M_079","spartium.junceum","Pyrgus.communis",2
"M_079","spartium.junceum","Platycheirus.sp",0
"M_079","spartium.junceum","Polistes.cavapyta",0
"M_079","spartium.junceum","Pompilidae.sp2",0
"M_079","spartium.junceum","Psaenythia.philantoides",0
"M_079","spartium.junceum","Psaenythia.rufipes",0
"M_079","spartium.junceum","Pseudagapostemon.sp",0
"M_079","spartium.junceum","Rubrica.nasuta",0
"M_079","spartium.junceum","Sarcophagidae.sp1",0
"M_079","spartium.junceum","Sciomyzidae",0
"M_079","spartium.junceum","Sphex.sp2",0
"M_079","spartium.junceum","Sphecidae.sp1",0
"M_079","spartium.junceum","Strymon.eurytulus",3
"M_079","spartium.junceum","Svastrides.bauni",0
"M_079","spartium.junceum","Svastra.sp",0
"M_079","spartium.junceum","Svastrides.zebra",0
"M_079","spartium.junceum","Syrphus.sp1",15
"M_079","spartium.junceum","Syrphidae.sp2",0
"M_079","spartium.junceum","Syrphidae.sp3",0
"M_079","spartium.junceum","Syrphidae.sp5",0
"M_079","spartium.junceum","Syrphidae.sp6",0
"M_079","spartium.junceum","Tachipompillus.sp",0
"M_079","spartium.junceum","Tachinidae.sp10",0
"M_079","spartium.junceum","Tachinidae.sp15",0
"M_079","spartium.junceum","Tachinidae.sp17",0
"M_079","spartium.junceum","Tachinidae.sp5",0
"M_079","spartium.junceum","Tachinidae.sp8",0
"M_079","spartium.junceum","Tachytes.sp",0
"M_079","spartium.junceum","Tatochila.autodice",0
"M_079","spartium.junceum","Tephritidae.sp1",0
"M_079","spartium.junceum","Tephritidae.sp2",0
"M_079","spartium.junceum","Thynnidae.sp",0
"M_079","spartium.junceum","Toxomerus.sp1",0
"M_079","spartium.junceum","Trichothurgus.laticeps",0
"M_079","spartium.junceum","Trichoturgus.sp2",0
"M_079","spartium.junceum","Villa.sp",0
"M_079","spartium.junceum","Willinkapis.chalybaea",0
"M_079","spartium.junceum","Xylocopa.augusti",2
"M_079","spartium.junceum","Xylocopa.atamisquensis",113
"M_079","spartium.junceum","Xylocopa.splendidula",2
"M_079","spartium.junceum","Zeta.sp",3
"M_079","spharealcea.miniata","Acalyptratae.sp2",0
"M_079","spharealcea.miniata","Acalyptratae.sp4",0
"M_079","spharealcea.miniata","Acromyrmex.lobicornis",0
"M_079","spharealcea.miniata","Alloscirtetica.brethesi",0
"M_079","spharealcea.miniata","Alloscirtetica.sp1",0
"M_079","spharealcea.miniata","Ammophila.sp",2
"M_079","spharealcea.miniata","Ananthidium.inerme",0
"M_079","spharealcea.miniata","Anthidium.friesei",0
"M_079","spharealcea.miniata","Anthrax.oedipus",0
"M_079","spharealcea.miniata","Anthidium.rubripes",0
"M_079","spharealcea.miniata","Anthidium.vigintipunctatum",0
"M_079","spharealcea.miniata","Anthomyiidae.sp1",0
"M_079","spharealcea.miniata","Apis.mellifera",0
"M_079","spharealcea.miniata","Arhysosage.bifasciata",0
"M_079","spharealcea.miniata","Aristosyrphus.sp",0
"M_079","spharealcea.miniata","Ascia.monuste",0
"M_079","spharealcea.miniata","Asilidae.sp1",0
"M_079","spharealcea.miniata","Asilidae.sp2",0
"M_079","spharealcea.miniata","Audre.sp",0
"M_079","spharealcea.miniata","Augochloropsis.sp",1
"M_079","spharealcea.miniata","Babia.elongata",0
"M_079","spharealcea.miniata","Bibionidae.sp",0
"M_079","spharealcea.miniata","Bombus.opifex",2
"M_079","spharealcea.miniata","Exoprosopa.sp1",0
"M_079","spharealcea.miniata","Exoprosopa.sp2",0
"M_079","spharealcea.miniata","Bombyliidae.sp12",0
"M_079","spharealcea.miniata","Bombyliidae.sp14",0
"M_079","spharealcea.miniata","Bombyliidae.sp15",0
"M_079","spharealcea.miniata","Bombyliidae.sp16",0
"M_079","spharealcea.miniata","Chrysanthrax.sp2",0
"M_079","spharealcea.miniata","Bombilidae.sp5",0
"M_079","spharealcea.miniata","Parasystoechus.sp",0
"M_079","spharealcea.miniata","Poecilognathus.sp",0
"M_079","spharealcea.miniata","Bombyliidae.sp9",0
"M_079","spharealcea.miniata","Caenohalictus.sp",0
"M_079","spharealcea.miniata","Calliopsini.sp1",0
"M_079","spharealcea.miniata","Camponotus.mus",0
"M_079","spharealcea.miniata","Camponotus.punctulatus",0
"M_079","spharealcea.miniata","Centris.brethesi",0
"M_079","spharealcea.miniata","Centris.lyngbyei",0
"M_079","spharealcea.miniata","Centris.vardyorum",0
"M_079","spharealcea.miniata","Chaetocrania.sp",0
"M_079","spharealcea.miniata","Cochliomyia.macellaria",0
"M_079","spharealcea.miniata","Coccinelidae.sp1",0
"M_079","spharealcea.miniata","Coccinela.sp2",0
"M_079","spharealcea.miniata","Coelioxys.chilensis",0
"M_079","spharealcea.miniata","Coelioxys.jorgenseni",0
"M_079","spharealcea.miniata","Coelioxys.sp6",0
"M_079","spharealcea.miniata","Colletes.araucariae",0
"M_079","spharealcea.miniata","Colletes.bicolor",0
"M_079","spharealcea.miniata","Colletes.brethesi",0
"M_079","spharealcea.miniata","Colletes.cognatus",0
"M_079","spharealcea.miniata","Colletes.lycii",0
"M_079","spharealcea.miniata","Compsomyiops.fulvicrura",0
"M_079","spharealcea.miniata","Copestilum.aricia",0
"M_079","spharealcea.miniata","Copestilum.sp2",2
"M_079","spharealcea.miniata","Copestilum.sp3",0
"M_079","spharealcea.miniata","Cosmosatyrus.chilensis",0
"M_079","spharealcea.miniata","Crabronidae.sp1",0
"M_079","spharealcea.miniata","Diadasia.baraderensis",0
"M_079","spharealcea.miniata","Diadasia.patagonica",0
"M_079","spharealcea.miniata","Diabrotica.sp",0
"M_079","spharealcea.miniata","Dialictus.sp",12
"M_079","spharealcea.miniata","Empididae.sp1",0
"M_079","spharealcea.miniata","Empididae.sp2",0
"M_079","spharealcea.miniata","Epitragus.sp",0
"M_079","spharealcea.miniata","Eumenidae.sp",0
"M_079","spharealcea.miniata","Chrysanthrax.sp1",0
"M_079","spharealcea.miniata","Foreluis.sp",0
"M_079","spharealcea.miniata","Hirmoneura.sp",0
"M_079","spharealcea.miniata","Hypalastroides.sp",0
"M_079","spharealcea.miniata","Isepeolus.vachali",0
"M_079","spharealcea.miniata","Isepeolus.viperinus",0
"M_079","spharealcea.miniata","Leioproctus.abdominalis",0
"M_079","spharealcea.miniata","Leioproctus.friesei",17
"M_079","spharealcea.miniata","Leptometriella.nigra",2
"M_079","spharealcea.miniata","Lepidoptera.sp11",0
"M_079","spharealcea.miniata","Lepidoptera.sp12",0
"M_079","spharealcea.miniata","Lepidoptera.sp3",1
"M_079","spharealcea.miniata","Lepidoptera.sp4",0
"M_079","spharealcea.miniata","Liphantus.inornatus",2
"M_079","spharealcea.miniata","Liphantus.nigritus",0
"M_079","spharealcea.miniata","Lonchopria.robertsi",0
"M_079","spharealcea.miniata","Lonchopria.sp",0
"M_079","spharealcea.miniata","Megachile.leucographa",0
"M_079","spharealcea.miniata","Megachile.obscurior",0
"M_079","spharealcea.miniata","Megachile.nigella",0
"M_079","spharealcea.miniata","Megachile.pseudocentron2",0
"M_079","spharealcea.miniata","Melectoides.cockerelli",0
"M_079","spharealcea.miniata","Melissoptila.sp",0
"M_079","spharealcea.miniata","Mesonychium.jenseni",0
"M_079","spharealcea.miniata","Muscidae.sp2",0
"M_079","spharealcea.miniata","neu.sp1",0
"M_079","spharealcea.miniata","Nitidulidae.sp1",0
"M_079","spharealcea.miniata","Pyrgus.communis",2
"M_079","spharealcea.miniata","Platycheirus.sp",0
"M_079","spharealcea.miniata","Polistes.cavapyta",0
"M_079","spharealcea.miniata","Pompilidae.sp2",0
"M_079","spharealcea.miniata","Psaenythia.philantoides",0
"M_079","spharealcea.miniata","Psaenythia.rufipes",3
"M_079","spharealcea.miniata","Pseudagapostemon.sp",0
"M_079","spharealcea.miniata","Rubrica.nasuta",0
"M_079","spharealcea.miniata","Sarcophagidae.sp1",0
"M_079","spharealcea.miniata","Sciomyzidae",0
"M_079","spharealcea.miniata","Sphex.sp2",0
"M_079","spharealcea.miniata","Sphecidae.sp1",0
"M_079","spharealcea.miniata","Strymon.eurytulus",0
"M_079","spharealcea.miniata","Svastrides.bauni",0
"M_079","spharealcea.miniata","Svastra.sp",0
"M_079","spharealcea.miniata","Svastrides.zebra",0
"M_079","spharealcea.miniata","Syrphus.sp1",0
"M_079","spharealcea.miniata","Syrphidae.sp2",0
"M_079","spharealcea.miniata","Syrphidae.sp3",0
"M_079","spharealcea.miniata","Syrphidae.sp5",0
"M_079","spharealcea.miniata","Syrphidae.sp6",0
"M_079","spharealcea.miniata","Tachipompillus.sp",0
"M_079","spharealcea.miniata","Tachinidae.sp10",0
"M_079","spharealcea.miniata","Tachinidae.sp15",0
"M_079","spharealcea.miniata","Tachinidae.sp17",0
"M_079","spharealcea.miniata","Tachinidae.sp5",0
"M_079","spharealcea.miniata","Tachinidae.sp8",0
"M_079","spharealcea.miniata","Tachytes.sp",0
"M_079","spharealcea.miniata","Tatochila.autodice",5
"M_079","spharealcea.miniata","Tephritidae.sp1",0
"M_079","spharealcea.miniata","Tephritidae.sp2",0
"M_079","spharealcea.miniata","Thynnidae.sp",0
"M_079","spharealcea.miniata","Toxomerus.sp1",0
"M_079","spharealcea.miniata","Trichothurgus.laticeps",0
"M_079","spharealcea.miniata","Trichoturgus.sp2",0
"M_079","spharealcea.miniata","Villa.sp",0
"M_079","spharealcea.miniata","Willinkapis.chalybaea",0
"M_079","spharealcea.miniata","Xylocopa.augusti",0
"M_079","spharealcea.miniata","Xylocopa.atamisquensis",0
"M_079","spharealcea.miniata","Xylocopa.splendidula",0
"M_079","spharealcea.miniata","Zeta.sp",0
"M_079","thymophylla.pentachaeta","Acalyptratae.sp2",0
"M_079","thymophylla.pentachaeta","Acalyptratae.sp4",0
"M_079","thymophylla.pentachaeta","Acromyrmex.lobicornis",0
"M_079","thymophylla.pentachaeta","Alloscirtetica.brethesi",0
"M_079","thymophylla.pentachaeta","Alloscirtetica.sp1",0
"M_079","thymophylla.pentachaeta","Ammophila.sp",11
"M_079","thymophylla.pentachaeta","Ananthidium.inerme",2
"M_079","thymophylla.pentachaeta","Anthidium.friesei",0
"M_079","thymophylla.pentachaeta","Anthrax.oedipus",0
"M_079","thymophylla.pentachaeta","Anthidium.rubripes",0
"M_079","thymophylla.pentachaeta","Anthidium.vigintipunctatum",0
"M_079","thymophylla.pentachaeta","Anthomyiidae.sp1",0
"M_079","thymophylla.pentachaeta","Apis.mellifera",0
"M_079","thymophylla.pentachaeta","Arhysosage.bifasciata",0
"M_079","thymophylla.pentachaeta","Aristosyrphus.sp",0
"M_079","thymophylla.pentachaeta","Ascia.monuste",0
"M_079","thymophylla.pentachaeta","Asilidae.sp1",0
"M_079","thymophylla.pentachaeta","Asilidae.sp2",0
"M_079","thymophylla.pentachaeta","Audre.sp",2
"M_079","thymophylla.pentachaeta","Augochloropsis.sp",1
"M_079","thymophylla.pentachaeta","Babia.elongata",0
"M_079","thymophylla.pentachaeta","Bibionidae.sp",0
"M_079","thymophylla.pentachaeta","Bombus.opifex",0
"M_079","thymophylla.pentachaeta","Exoprosopa.sp1",1
"M_079","thymophylla.pentachaeta","Exoprosopa.sp2",4
"M_079","thymophylla.pentachaeta","Bombyliidae.sp12",0
"M_079","thymophylla.pentachaeta","Bombyliidae.sp14",0
"M_079","thymophylla.pentachaeta","Bombyliidae.sp15",0
"M_079","thymophylla.pentachaeta","Bombyliidae.sp16",0
"M_079","thymophylla.pentachaeta","Chrysanthrax.sp2",14
"M_079","thymophylla.pentachaeta","Bombilidae.sp5",0
"M_079","thymophylla.pentachaeta","Parasystoechus.sp",0
"M_079","thymophylla.pentachaeta","Poecilognathus.sp",0
"M_079","thymophylla.pentachaeta","Bombyliidae.sp9",0
"M_079","thymophylla.pentachaeta","Caenohalictus.sp",0
"M_079","thymophylla.pentachaeta","Calliopsini.sp1",0
"M_079","thymophylla.pentachaeta","Camponotus.mus",1
"M_079","thymophylla.pentachaeta","Camponotus.punctulatus",1
"M_079","thymophylla.pentachaeta","Centris.brethesi",0
"M_079","thymophylla.pentachaeta","Centris.lyngbyei",0
"M_079","thymophylla.pentachaeta","Centris.vardyorum",0
"M_079","thymophylla.pentachaeta","Chaetocrania.sp",0
"M_079","thymophylla.pentachaeta","Cochliomyia.macellaria",0
"M_079","thymophylla.pentachaeta","Coccinelidae.sp1",0
"M_079","thymophylla.pentachaeta","Coccinela.sp2",0
"M_079","thymophylla.pentachaeta","Coelioxys.chilensis",0
"M_079","thymophylla.pentachaeta","Coelioxys.jorgenseni",0
"M_079","thymophylla.pentachaeta","Coelioxys.sp6",0
"M_079","thymophylla.pentachaeta","Colletes.araucariae",0
"M_079","thymophylla.pentachaeta","Colletes.bicolor",0
"M_079","thymophylla.pentachaeta","Colletes.brethesi",2
"M_079","thymophylla.pentachaeta","Colletes.cognatus",0
"M_079","thymophylla.pentachaeta","Colletes.lycii",0
"M_079","thymophylla.pentachaeta","Compsomyiops.fulvicrura",9
"M_079","thymophylla.pentachaeta","Copestilum.aricia",17
"M_079","thymophylla.pentachaeta","Copestilum.sp2",0
"M_079","thymophylla.pentachaeta","Copestilum.sp3",0
"M_079","thymophylla.pentachaeta","Cosmosatyrus.chilensis",2
"M_079","thymophylla.pentachaeta","Crabronidae.sp1",0
"M_079","thymophylla.pentachaeta","Diadasia.baraderensis",0
"M_079","thymophylla.pentachaeta","Diadasia.patagonica",0
"M_079","thymophylla.pentachaeta","Diabrotica.sp",0
"M_079","thymophylla.pentachaeta","Dialictus.sp",30
"M_079","thymophylla.pentachaeta","Empididae.sp1",0
"M_079","thymophylla.pentachaeta","Empididae.sp2",0
"M_079","thymophylla.pentachaeta","Epitragus.sp",0
"M_079","thymophylla.pentachaeta","Eumenidae.sp",0
"M_079","thymophylla.pentachaeta","Chrysanthrax.sp1",9
"M_079","thymophylla.pentachaeta","Foreluis.sp",0
"M_079","thymophylla.pentachaeta","Hirmoneura.sp",0
"M_079","thymophylla.pentachaeta","Hypalastroides.sp",0
"M_079","thymophylla.pentachaeta","Isepeolus.vachali",0
"M_079","thymophylla.pentachaeta","Isepeolus.viperinus",1
"M_079","thymophylla.pentachaeta","Leioproctus.abdominalis",0
"M_079","thymophylla.pentachaeta","Leioproctus.friesei",0
"M_079","thymophylla.pentachaeta","Leptometriella.nigra",0
"M_079","thymophylla.pentachaeta","Lepidoptera.sp11",0
"M_079","thymophylla.pentachaeta","Lepidoptera.sp12",0
"M_079","thymophylla.pentachaeta","Lepidoptera.sp3",0
"M_079","thymophylla.pentachaeta","Lepidoptera.sp4",0
"M_079","thymophylla.pentachaeta","Liphantus.inornatus",0
"M_079","thymophylla.pentachaeta","Liphantus.nigritus",0
"M_079","thymophylla.pentachaeta","Lonchopria.robertsi",0
"M_079","thymophylla.pentachaeta","Lonchopria.sp",0
"M_079","thymophylla.pentachaeta","Megachile.leucographa",0
"M_079","thymophylla.pentachaeta","Megachile.obscurior",0
"M_079","thymophylla.pentachaeta","Megachile.nigella",0
"M_079","thymophylla.pentachaeta","Megachile.pseudocentron2",0
"M_079","thymophylla.pentachaeta","Melectoides.cockerelli",0
"M_079","thymophylla.pentachaeta","Melissoptila.sp",0
"M_079","thymophylla.pentachaeta","Mesonychium.jenseni",0
"M_079","thymophylla.pentachaeta","Muscidae.sp2",0
"M_079","thymophylla.pentachaeta","neu.sp1",0
"M_079","thymophylla.pentachaeta","Nitidulidae.sp1",0
"M_079","thymophylla.pentachaeta","Pyrgus.communis",1
"M_079","thymophylla.pentachaeta","Platycheirus.sp",0
"M_079","thymophylla.pentachaeta","Polistes.cavapyta",0
"M_079","thymophylla.pentachaeta","Pompilidae.sp2",0
"M_079","thymophylla.pentachaeta","Psaenythia.philantoides",0
"M_079","thymophylla.pentachaeta","Psaenythia.rufipes",0
"M_079","thymophylla.pentachaeta","Pseudagapostemon.sp",0
"M_079","thymophylla.pentachaeta","Rubrica.nasuta",0
"M_079","thymophylla.pentachaeta","Sarcophagidae.sp1",0
"M_079","thymophylla.pentachaeta","Sciomyzidae",0
"M_079","thymophylla.pentachaeta","Sphex.sp2",0
"M_079","thymophylla.pentachaeta","Sphecidae.sp1",0
"M_079","thymophylla.pentachaeta","Strymon.eurytulus",0
"M_079","thymophylla.pentachaeta","Svastrides.bauni",0
"M_079","thymophylla.pentachaeta","Svastra.sp",0
"M_079","thymophylla.pentachaeta","Svastrides.zebra",0
"M_079","thymophylla.pentachaeta","Syrphus.sp1",7
"M_079","thymophylla.pentachaeta","Syrphidae.sp2",0
"M_079","thymophylla.pentachaeta","Syrphidae.sp3",0
"M_079","thymophylla.pentachaeta","Syrphidae.sp5",0
"M_079","thymophylla.pentachaeta","Syrphidae.sp6",0
"M_079","thymophylla.pentachaeta","Tachipompillus.sp",0
"M_079","thymophylla.pentachaeta","Tachinidae.sp10",0
"M_079","thymophylla.pentachaeta","Tachinidae.sp15",0
"M_079","thymophylla.pentachaeta","Tachinidae.sp17",0
"M_079","thymophylla.pentachaeta","Tachinidae.sp5",0
"M_079","thymophylla.pentachaeta","Tachinidae.sp8",0
"M_079","thymophylla.pentachaeta","Tachytes.sp",0
"M_079","thymophylla.pentachaeta","Tatochila.autodice",1
"M_079","thymophylla.pentachaeta","Tephritidae.sp1",0
"M_079","thymophylla.pentachaeta","Tephritidae.sp2",0
"M_079","thymophylla.pentachaeta","Thynnidae.sp",0
"M_079","thymophylla.pentachaeta","Toxomerus.sp1",0
"M_079","thymophylla.pentachaeta","Trichothurgus.laticeps",0
"M_079","thymophylla.pentachaeta","Trichoturgus.sp2",0
"M_079","thymophylla.pentachaeta","Villa.sp",1
"M_079","thymophylla.pentachaeta","Willinkapis.chalybaea",0
"M_079","thymophylla.pentachaeta","Xylocopa.augusti",0
"M_079","thymophylla.pentachaeta","Xylocopa.atamisquensis",0
"M_079","thymophylla.pentachaeta","Xylocopa.splendidula",0
"M_079","thymophylla.pentachaeta","Zeta.sp",0
"M_079","trichocereus.candicans","Acalyptratae.sp2",0
"M_079","trichocereus.candicans","Acalyptratae.sp4",0
"M_079","trichocereus.candicans","Acromyrmex.lobicornis",0
"M_079","trichocereus.candicans","Alloscirtetica.brethesi",0
"M_079","trichocereus.candicans","Alloscirtetica.sp1",0
"M_079","trichocereus.candicans","Ammophila.sp",0
"M_079","trichocereus.candicans","Ananthidium.inerme",0
"M_079","trichocereus.candicans","Anthidium.friesei",0
"M_079","trichocereus.candicans","Anthrax.oedipus",1
"M_079","trichocereus.candicans","Anthidium.rubripes",0
"M_079","trichocereus.candicans","Anthidium.vigintipunctatum",0
"M_079","trichocereus.candicans","Anthomyiidae.sp1",0
"M_079","trichocereus.candicans","Apis.mellifera",4
"M_079","trichocereus.candicans","Arhysosage.bifasciata",7
"M_079","trichocereus.candicans","Aristosyrphus.sp",0
"M_079","trichocereus.candicans","Ascia.monuste",1
"M_079","trichocereus.candicans","Asilidae.sp1",0
"M_079","trichocereus.candicans","Asilidae.sp2",0
"M_079","trichocereus.candicans","Audre.sp",0
"M_079","trichocereus.candicans","Augochloropsis.sp",7
"M_079","trichocereus.candicans","Babia.elongata",0
"M_079","trichocereus.candicans","Bibionidae.sp",0
"M_079","trichocereus.candicans","Bombus.opifex",0
"M_079","trichocereus.candicans","Exoprosopa.sp1",0
"M_079","trichocereus.candicans","Exoprosopa.sp2",0
"M_079","trichocereus.candicans","Bombyliidae.sp12",0
"M_079","trichocereus.candicans","Bombyliidae.sp14",0
"M_079","trichocereus.candicans","Bombyliidae.sp15",0
"M_079","trichocereus.candicans","Bombyliidae.sp16",0
"M_079","trichocereus.candicans","Chrysanthrax.sp2",0
"M_079","trichocereus.candicans","Bombilidae.sp5",0
"M_079","trichocereus.candicans","Parasystoechus.sp",0
"M_079","trichocereus.candicans","Poecilognathus.sp",0
"M_079","trichocereus.candicans","Bombyliidae.sp9",0
"M_079","trichocereus.candicans","Caenohalictus.sp",1
"M_079","trichocereus.candicans","Calliopsini.sp1",0
"M_079","trichocereus.candicans","Camponotus.mus",1
"M_079","trichocereus.candicans","Camponotus.punctulatus",0
"M_079","trichocereus.candicans","Centris.brethesi",0
"M_079","trichocereus.candicans","Centris.lyngbyei",0
"M_079","trichocereus.candicans","Centris.vardyorum",0
"M_079","trichocereus.candicans","Chaetocrania.sp",0
"M_079","trichocereus.candicans","Cochliomyia.macellaria",0
"M_079","trichocereus.candicans","Coccinelidae.sp1",0
"M_079","trichocereus.candicans","Coccinela.sp2",0
"M_079","trichocereus.candicans","Coelioxys.chilensis",0
"M_079","trichocereus.candicans","Coelioxys.jorgenseni",0
"M_079","trichocereus.candicans","Coelioxys.sp6",0
"M_079","trichocereus.candicans","Colletes.araucariae",0
"M_079","trichocereus.candicans","Colletes.bicolor",0
"M_079","trichocereus.candicans","Colletes.brethesi",0
"M_079","trichocereus.candicans","Colletes.cognatus",0
"M_079","trichocereus.candicans","Colletes.lycii",0
"M_079","trichocereus.candicans","Compsomyiops.fulvicrura",0
"M_079","trichocereus.candicans","Copestilum.aricia",1
"M_079","trichocereus.candicans","Copestilum.sp2",0
"M_079","trichocereus.candicans","Copestilum.sp3",0
"M_079","trichocereus.candicans","Cosmosatyrus.chilensis",0
"M_079","trichocereus.candicans","Crabronidae.sp1",0
"M_079","trichocereus.candicans","Diadasia.baraderensis",0
"M_079","trichocereus.candicans","Diadasia.patagonica",0
"M_079","trichocereus.candicans","Diabrotica.sp",0
"M_079","trichocereus.candicans","Dialictus.sp",13
"M_079","trichocereus.candicans","Empididae.sp1",0
"M_079","trichocereus.candicans","Empididae.sp2",0
"M_079","trichocereus.candicans","Epitragus.sp",0
"M_079","trichocereus.candicans","Eumenidae.sp",0
"M_079","trichocereus.candicans","Chrysanthrax.sp1",0
"M_079","trichocereus.candicans","Foreluis.sp",0
"M_079","trichocereus.candicans","Hirmoneura.sp",0
"M_079","trichocereus.candicans","Hypalastroides.sp",0
"M_079","trichocereus.candicans","Isepeolus.vachali",0
"M_079","trichocereus.candicans","Isepeolus.viperinus",0
"M_079","trichocereus.candicans","Leioproctus.abdominalis",0
"M_079","trichocereus.candicans","Leioproctus.friesei",0
"M_079","trichocereus.candicans","Leptometriella.nigra",0
"M_079","trichocereus.candicans","Lepidoptera.sp11",0
"M_079","trichocereus.candicans","Lepidoptera.sp12",0
"M_079","trichocereus.candicans","Lepidoptera.sp3",1
"M_079","trichocereus.candicans","Lepidoptera.sp4",1
"M_079","trichocereus.candicans","Liphantus.inornatus",0
"M_079","trichocereus.candicans","Liphantus.nigritus",1
"M_079","trichocereus.candicans","Lonchopria.robertsi",0
"M_079","trichocereus.candicans","Lonchopria.sp",0
"M_079","trichocereus.candicans","Megachile.leucographa",0
"M_079","trichocereus.candicans","Megachile.obscurior",2
"M_079","trichocereus.candicans","Megachile.nigella",0
"M_079","trichocereus.candicans","Megachile.pseudocentron2",0
"M_079","trichocereus.candicans","Melectoides.cockerelli",0
"M_079","trichocereus.candicans","Melissoptila.sp",0
"M_079","trichocereus.candicans","Mesonychium.jenseni",0
"M_079","trichocereus.candicans","Muscidae.sp2",0
"M_079","trichocereus.candicans","neu.sp1",1
"M_079","trichocereus.candicans","Nitidulidae.sp1",25
"M_079","trichocereus.candicans","Pyrgus.communis",0
"M_079","trichocereus.candicans","Platycheirus.sp",0
"M_079","trichocereus.candicans","Polistes.cavapyta",0
"M_079","trichocereus.candicans","Pompilidae.sp2",0
"M_079","trichocereus.candicans","Psaenythia.philantoides",0
"M_079","trichocereus.candicans","Psaenythia.rufipes",3
"M_079","trichocereus.candicans","Pseudagapostemon.sp",9
"M_079","trichocereus.candicans","Rubrica.nasuta",0
"M_079","trichocereus.candicans","Sarcophagidae.sp1",0
"M_079","trichocereus.candicans","Sciomyzidae",0
"M_079","trichocereus.candicans","Sphex.sp2",0
"M_079","trichocereus.candicans","Sphecidae.sp1",0
"M_079","trichocereus.candicans","Strymon.eurytulus",0
"M_079","trichocereus.candicans","Svastrides.bauni",0
"M_079","trichocereus.candicans","Svastra.sp",0
"M_079","trichocereus.candicans","Svastrides.zebra",0
"M_079","trichocereus.candicans","Syrphus.sp1",0
"M_079","trichocereus.candicans","Syrphidae.sp2",0
"M_079","trichocereus.candicans","Syrphidae.sp3",0
"M_079","trichocereus.candicans","Syrphidae.sp5",0
"M_079","trichocereus.candicans","Syrphidae.sp6",0
"M_079","trichocereus.candicans","Tachipompillus.sp",0
"M_079","trichocereus.candicans","Tachinidae.sp10",0
"M_079","trichocereus.candicans","Tachinidae.sp15",0
"M_079","trichocereus.candicans","Tachinidae.sp17",0
"M_079","trichocereus.candicans","Tachinidae.sp5",0
"M_079","trichocereus.candicans","Tachinidae.sp8",0
"M_079","trichocereus.candicans","Tachytes.sp",0
"M_079","trichocereus.candicans","Tatochila.autodice",0
"M_079","trichocereus.candicans","Tephritidae.sp1",0
"M_079","trichocereus.candicans","Tephritidae.sp2",0
"M_079","trichocereus.candicans","Thynnidae.sp",0
"M_079","trichocereus.candicans","Toxomerus.sp1",0
"M_079","trichocereus.candicans","Trichothurgus.laticeps",0
"M_079","trichocereus.candicans","Trichoturgus.sp2",1
"M_079","trichocereus.candicans","Villa.sp",0
"M_079","trichocereus.candicans","Willinkapis.chalybaea",0
"M_079","trichocereus.candicans","Xylocopa.augusti",0
"M_079","trichocereus.candicans","Xylocopa.atamisquensis",1
"M_079","trichocereus.candicans","Xylocopa.splendidula",0
"M_079","trichocereus.candicans","Zeta.sp",1
"M_079","veronica.polita","Acalyptratae.sp2",0
"M_079","veronica.polita","Acalyptratae.sp4",0
"M_079","veronica.polita","Acromyrmex.lobicornis",0
"M_079","veronica.polita","Alloscirtetica.brethesi",0
"M_079","veronica.polita","Alloscirtetica.sp1",0
"M_079","veronica.polita","Ammophila.sp",0
"M_079","veronica.polita","Ananthidium.inerme",0
"M_079","veronica.polita","Anthidium.friesei",0
"M_079","veronica.polita","Anthrax.oedipus",0
"M_079","veronica.polita","Anthidium.rubripes",0
"M_079","veronica.polita","Anthidium.vigintipunctatum",0
"M_079","veronica.polita","Anthomyiidae.sp1",0
"M_079","veronica.polita","Apis.mellifera",0
"M_079","veronica.polita","Arhysosage.bifasciata",0
"M_079","veronica.polita","Aristosyrphus.sp",0
"M_079","veronica.polita","Ascia.monuste",0
"M_079","veronica.polita","Asilidae.sp1",0
"M_079","veronica.polita","Asilidae.sp2",0
"M_079","veronica.polita","Audre.sp",0
"M_079","veronica.polita","Augochloropsis.sp",0
"M_079","veronica.polita","Babia.elongata",0
"M_079","veronica.polita","Bibionidae.sp",0
"M_079","veronica.polita","Bombus.opifex",0
"M_079","veronica.polita","Exoprosopa.sp1",0
"M_079","veronica.polita","Exoprosopa.sp2",0
"M_079","veronica.polita","Bombyliidae.sp12",0
"M_079","veronica.polita","Bombyliidae.sp14",0
"M_079","veronica.polita","Bombyliidae.sp15",0
"M_079","veronica.polita","Bombyliidae.sp16",0
"M_079","veronica.polita","Chrysanthrax.sp2",2
"M_079","veronica.polita","Bombilidae.sp5",0
"M_079","veronica.polita","Parasystoechus.sp",0
"M_079","veronica.polita","Poecilognathus.sp",0
"M_079","veronica.polita","Bombyliidae.sp9",0
"M_079","veronica.polita","Caenohalictus.sp",0
"M_079","veronica.polita","Calliopsini.sp1",0
"M_079","veronica.polita","Camponotus.mus",0
"M_079","veronica.polita","Camponotus.punctulatus",0
"M_079","veronica.polita","Centris.brethesi",0
"M_079","veronica.polita","Centris.lyngbyei",0
"M_079","veronica.polita","Centris.vardyorum",0
"M_079","veronica.polita","Chaetocrania.sp",0
"M_079","veronica.polita","Cochliomyia.macellaria",0
"M_079","veronica.polita","Coccinelidae.sp1",0
"M_079","veronica.polita","Coccinela.sp2",0
"M_079","veronica.polita","Coelioxys.chilensis",0
"M_079","veronica.polita","Coelioxys.jorgenseni",0
"M_079","veronica.polita","Coelioxys.sp6",0
"M_079","veronica.polita","Colletes.araucariae",0
"M_079","veronica.polita","Colletes.bicolor",0
"M_079","veronica.polita","Colletes.brethesi",0
"M_079","veronica.polita","Colletes.cognatus",0
"M_079","veronica.polita","Colletes.lycii",0
"M_079","veronica.polita","Compsomyiops.fulvicrura",0
"M_079","veronica.polita","Copestilum.aricia",0
"M_079","veronica.polita","Copestilum.sp2",0
"M_079","veronica.polita","Copestilum.sp3",0
"M_079","veronica.polita","Cosmosatyrus.chilensis",0
"M_079","veronica.polita","Crabronidae.sp1",0
"M_079","veronica.polita","Diadasia.baraderensis",0
"M_079","veronica.polita","Diadasia.patagonica",0
"M_079","veronica.polita","Diabrotica.sp",0
"M_079","veronica.polita","Dialictus.sp",0
"M_079","veronica.polita","Empididae.sp1",0
"M_079","veronica.polita","Empididae.sp2",0
"M_079","veronica.polita","Epitragus.sp",0
"M_079","veronica.polita","Eumenidae.sp",0
"M_079","veronica.polita","Chrysanthrax.sp1",2
"M_079","veronica.polita","Foreluis.sp",0
"M_079","veronica.polita","Hirmoneura.sp",0
"M_079","veronica.polita","Hypalastroides.sp",0
"M_079","veronica.polita","Isepeolus.vachali",0
"M_079","veronica.polita","Isepeolus.viperinus",0
"M_079","veronica.polita","Leioproctus.abdominalis",0
"M_079","veronica.polita","Leioproctus.friesei",0
"M_079","veronica.polita","Leptometriella.nigra",0
"M_079","veronica.polita","Lepidoptera.sp11",0
"M_079","veronica.polita","Lepidoptera.sp12",0
"M_079","veronica.polita","Lepidoptera.sp3",0
"M_079","veronica.polita","Lepidoptera.sp4",0
"M_079","veronica.polita","Liphantus.inornatus",0
"M_079","veronica.polita","Liphantus.nigritus",0
"M_079","veronica.polita","Lonchopria.robertsi",0
"M_079","veronica.polita","Lonchopria.sp",0
"M_079","veronica.polita","Megachile.leucographa",0
"M_079","veronica.polita","Megachile.obscurior",0
"M_079","veronica.polita","Megachile.nigella",0
"M_079","veronica.polita","Megachile.pseudocentron2",0
"M_079","veronica.polita","Melectoides.cockerelli",0
"M_079","veronica.polita","Melissoptila.sp",0
"M_079","veronica.polita","Mesonychium.jenseni",0
"M_079","veronica.polita","Muscidae.sp2",0
"M_079","veronica.polita","neu.sp1",0
"M_079","veronica.polita","Nitidulidae.sp1",0
"M_079","veronica.polita","Pyrgus.communis",0
"M_079","veronica.polita","Platycheirus.sp",0
"M_079","veronica.polita","Polistes.cavapyta",0
"M_079","veronica.polita","Pompilidae.sp2",0
"M_079","veronica.polita","Psaenythia.philantoides",0
"M_079","veronica.polita","Psaenythia.rufipes",0
"M_079","veronica.polita","Pseudagapostemon.sp",0
"M_079","veronica.polita","Rubrica.nasuta",0
"M_079","veronica.polita","Sarcophagidae.sp1",0
"M_079","veronica.polita","Sciomyzidae",0
"M_079","veronica.polita","Sphex.sp2",0
"M_079","veronica.polita","Sphecidae.sp1",0
"M_079","veronica.polita","Strymon.eurytulus",0
"M_079","veronica.polita","Svastrides.bauni",0
"M_079","veronica.polita","Svastra.sp",0
"M_079","veronica.polita","Svastrides.zebra",0
"M_079","veronica.polita","Syrphus.sp1",1
"M_079","veronica.polita","Syrphidae.sp2",0
"M_079","veronica.polita","Syrphidae.sp3",0
"M_079","veronica.polita","Syrphidae.sp5",0
"M_079","veronica.polita","Syrphidae.sp6",0
"M_079","veronica.polita","Tachipompillus.sp",0
"M_079","veronica.polita","Tachinidae.sp10",0
"M_079","veronica.polita","Tachinidae.sp15",0
"M_079","veronica.polita","Tachinidae.sp17",0
"M_079","veronica.polita","Tachinidae.sp5",0
"M_079","veronica.polita","Tachinidae.sp8",0
"M_079","veronica.polita","Tachytes.sp",0
"M_079","veronica.polita","Tatochila.autodice",1
"M_079","veronica.polita","Tephritidae.sp1",0
"M_079","veronica.polita","Tephritidae.sp2",0
"M_079","veronica.polita","Thynnidae.sp",0
"M_079","veronica.polita","Toxomerus.sp1",0
"M_079","veronica.polita","Trichothurgus.laticeps",0
"M_079","veronica.polita","Trichoturgus.sp2",0
"M_079","veronica.polita","Villa.sp",0
"M_079","veronica.polita","Willinkapis.chalybaea",0
"M_079","veronica.polita","Xylocopa.augusti",0
"M_079","veronica.polita","Xylocopa.atamisquensis",0
"M_079","veronica.polita","Xylocopa.splendidula",0
"M_079","veronica.polita","Zeta.sp",0
"M_079","zuccagnia.punctata","Acalyptratae.sp2",0
"M_079","zuccagnia.punctata","Acalyptratae.sp4",0
"M_079","zuccagnia.punctata","Acromyrmex.lobicornis",0
"M_079","zuccagnia.punctata","Alloscirtetica.brethesi",0
"M_079","zuccagnia.punctata","Alloscirtetica.sp1",25
"M_079","zuccagnia.punctata","Ammophila.sp",25
"M_079","zuccagnia.punctata","Ananthidium.inerme",1
"M_079","zuccagnia.punctata","Anthidium.friesei",1
"M_079","zuccagnia.punctata","Anthrax.oedipus",0
"M_079","zuccagnia.punctata","Anthidium.rubripes",1
"M_079","zuccagnia.punctata","Anthidium.vigintipunctatum",0
"M_079","zuccagnia.punctata","Anthomyiidae.sp1",3
"M_079","zuccagnia.punctata","Apis.mellifera",588
"M_079","zuccagnia.punctata","Arhysosage.bifasciata",0
"M_079","zuccagnia.punctata","Aristosyrphus.sp",0
"M_079","zuccagnia.punctata","Ascia.monuste",0
"M_079","zuccagnia.punctata","Asilidae.sp1",0
"M_079","zuccagnia.punctata","Asilidae.sp2",0
"M_079","zuccagnia.punctata","Audre.sp",8
"M_079","zuccagnia.punctata","Augochloropsis.sp",121
"M_079","zuccagnia.punctata","Babia.elongata",2
"M_079","zuccagnia.punctata","Bibionidae.sp",0
"M_079","zuccagnia.punctata","Bombus.opifex",109
"M_079","zuccagnia.punctata","Exoprosopa.sp1",0
"M_079","zuccagnia.punctata","Exoprosopa.sp2",0
"M_079","zuccagnia.punctata","Bombyliidae.sp12",0
"M_079","zuccagnia.punctata","Bombyliidae.sp14",0
"M_079","zuccagnia.punctata","Bombyliidae.sp15",0
"M_079","zuccagnia.punctata","Bombyliidae.sp16",0
"M_079","zuccagnia.punctata","Chrysanthrax.sp2",0
"M_079","zuccagnia.punctata","Bombilidae.sp5",0
"M_079","zuccagnia.punctata","Parasystoechus.sp",0
"M_079","zuccagnia.punctata","Poecilognathus.sp",9
"M_079","zuccagnia.punctata","Bombyliidae.sp9",5
"M_079","zuccagnia.punctata","Caenohalictus.sp",1
"M_079","zuccagnia.punctata","Calliopsini.sp1",1
"M_079","zuccagnia.punctata","Camponotus.mus",1
"M_079","zuccagnia.punctata","Camponotus.punctulatus",5
"M_079","zuccagnia.punctata","Centris.brethesi",375
"M_079","zuccagnia.punctata","Centris.lyngbyei",5
"M_079","zuccagnia.punctata","Centris.vardyorum",0
"M_079","zuccagnia.punctata","Chaetocrania.sp",0
"M_079","zuccagnia.punctata","Cochliomyia.macellaria",0
"M_079","zuccagnia.punctata","Coccinelidae.sp1",0
"M_079","zuccagnia.punctata","Coccinela.sp2",0
"M_079","zuccagnia.punctata","Coelioxys.chilensis",0
"M_079","zuccagnia.punctata","Coelioxys.jorgenseni",7
"M_079","zuccagnia.punctata","Coelioxys.sp6",0
"M_079","zuccagnia.punctata","Colletes.araucariae",2
"M_079","zuccagnia.punctata","Colletes.bicolor",0
"M_079","zuccagnia.punctata","Colletes.brethesi",5
"M_079","zuccagnia.punctata","Colletes.cognatus",78
"M_079","zuccagnia.punctata","Colletes.lycii",8
"M_079","zuccagnia.punctata","Compsomyiops.fulvicrura",0
"M_079","zuccagnia.punctata","Copestilum.aricia",167
"M_079","zuccagnia.punctata","Copestilum.sp2",4
"M_079","zuccagnia.punctata","Copestilum.sp3",0
"M_079","zuccagnia.punctata","Cosmosatyrus.chilensis",12
"M_079","zuccagnia.punctata","Crabronidae.sp1",0
"M_079","zuccagnia.punctata","Diadasia.baraderensis",0
"M_079","zuccagnia.punctata","Diadasia.patagonica",5
"M_079","zuccagnia.punctata","Diabrotica.sp",0
"M_079","zuccagnia.punctata","Dialictus.sp",24
"M_079","zuccagnia.punctata","Empididae.sp1",0
"M_079","zuccagnia.punctata","Empididae.sp2",0
"M_079","zuccagnia.punctata","Epitragus.sp",1
"M_079","zuccagnia.punctata","Eumenidae.sp",0
"M_079","zuccagnia.punctata","Chrysanthrax.sp1",0
"M_079","zuccagnia.punctata","Foreluis.sp",0
"M_079","zuccagnia.punctata","Hirmoneura.sp",2
"M_079","zuccagnia.punctata","Hypalastroides.sp",1
"M_079","zuccagnia.punctata","Isepeolus.vachali",1
"M_079","zuccagnia.punctata","Isepeolus.viperinus",0
"M_079","zuccagnia.punctata","Leioproctus.abdominalis",17
"M_079","zuccagnia.punctata","Leioproctus.friesei",0
"M_079","zuccagnia.punctata","Leptometriella.nigra",0
"M_079","zuccagnia.punctata","Lepidoptera.sp11",1
"M_079","zuccagnia.punctata","Lepidoptera.sp12",0
"M_079","zuccagnia.punctata","Lepidoptera.sp3",0
"M_079","zuccagnia.punctata","Lepidoptera.sp4",1
"M_079","zuccagnia.punctata","Liphantus.inornatus",0
"M_079","zuccagnia.punctata","Liphantus.nigritus",0
"M_079","zuccagnia.punctata","Lonchopria.robertsi",7
"M_079","zuccagnia.punctata","Lonchopria.sp",0
"M_079","zuccagnia.punctata","Megachile.leucographa",51
"M_079","zuccagnia.punctata","Megachile.obscurior",8
"M_079","zuccagnia.punctata","Megachile.nigella",13
"M_079","zuccagnia.punctata","Megachile.pseudocentron2",0
"M_079","zuccagnia.punctata","Melectoides.cockerelli",0
"M_079","zuccagnia.punctata","Melissoptila.sp",0
"M_079","zuccagnia.punctata","Mesonychium.jenseni",30
"M_079","zuccagnia.punctata","Muscidae.sp2",0
"M_079","zuccagnia.punctata","neu.sp1",0
"M_079","zuccagnia.punctata","Nitidulidae.sp1",0
"M_079","zuccagnia.punctata","Pyrgus.communis",2
"M_079","zuccagnia.punctata","Platycheirus.sp",0
"M_079","zuccagnia.punctata","Polistes.cavapyta",2
"M_079","zuccagnia.punctata","Pompilidae.sp2",0
"M_079","zuccagnia.punctata","Psaenythia.philantoides",2
"M_079","zuccagnia.punctata","Psaenythia.rufipes",0
"M_079","zuccagnia.punctata","Pseudagapostemon.sp",6
"M_079","zuccagnia.punctata","Rubrica.nasuta",0
"M_079","zuccagnia.punctata","Sarcophagidae.sp1",0
"M_079","zuccagnia.punctata","Sciomyzidae",0
"M_079","zuccagnia.punctata","Sphex.sp2",0
"M_079","zuccagnia.punctata","Sphecidae.sp1",3
"M_079","zuccagnia.punctata","Strymon.eurytulus",28
"M_079","zuccagnia.punctata","Svastrides.bauni",0
"M_079","zuccagnia.punctata","Svastra.sp",0
"M_079","zuccagnia.punctata","Svastrides.zebra",22
"M_079","zuccagnia.punctata","Syrphus.sp1",1
"M_079","zuccagnia.punctata","Syrphidae.sp2",0
"M_079","zuccagnia.punctata","Syrphidae.sp3",0
"M_079","zuccagnia.punctata","Syrphidae.sp5",0
"M_079","zuccagnia.punctata","Syrphidae.sp6",0
"M_079","zuccagnia.punctata","Tachipompillus.sp",0
"M_079","zuccagnia.punctata","Tachinidae.sp10",14
"M_079","zuccagnia.punctata","Tachinidae.sp15",0
"M_079","zuccagnia.punctata","Tachinidae.sp17",0
"M_079","zuccagnia.punctata","Tachinidae.sp5",0
"M_079","zuccagnia.punctata","Tachinidae.sp8",0
"M_079","zuccagnia.punctata","Tachytes.sp",0
"M_079","zuccagnia.punctata","Tatochila.autodice",0
"M_079","zuccagnia.punctata","Tephritidae.sp1",0
"M_079","zuccagnia.punctata","Tephritidae.sp2",0
"M_079","zuccagnia.punctata","Thynnidae.sp",1
"M_079","zuccagnia.punctata","Toxomerus.sp1",0
"M_079","zuccagnia.punctata","Trichothurgus.laticeps",4
"M_079","zuccagnia.punctata","Trichoturgus.sp2",0
"M_079","zuccagnia.punctata","Villa.sp",0
"M_079","zuccagnia.punctata","Willinkapis.chalybaea",19
"M_079","zuccagnia.punctata","Xylocopa.augusti",0
"M_079","zuccagnia.punctata","Xylocopa.atamisquensis",314
"M_079","zuccagnia.punctata","Xylocopa.splendidula",13
"M_079","zuccagnia.punctata","Zeta.sp",32
