Genero.especie,Nombre_aceptado_GBIF,Nombre_aceptado_rWCVP,Nombre_aceptado_WFO,Comparacion_tres_fuentes,Detalle_comparacion
Abelia.grandiflora,Abelia chinensis,,,Revisar,Falta resultado en una o más fuentes
Abelia.sp1.M.PL.054,,,,Revisar,Sin resultados en las tres fuentes
Abelia.serrata,Diabelia serrata,Diabelia serrata,Linnaea serrata,Revisar,Coinciden GBIF y rWCVP; WFO es diferente
Abelmoschus.manihot,Abelmoschus manihot,Abelmoschus manihot,Abelmoschus manihot,Coinciden,Coinciden las tres fuentes
Abutilon.depauperatum,Abutilon depauperatum,Pseudabutilon depauperatum,Pseudabutilon depauperatum,Revisar,Coinciden rWCVP y WFO; GBIF es diferente
Abutilon.terminale,Abutilon terminale,Abutilon terminale,Abutilon terminale,Coinciden,Coinciden las tres fuentes
Abutilon.theophrasti,Abutilon theophrasti,Abutilon theophrasti,Abutilon theophrasti,Coinciden,Coinciden las tres fuentes
Acacia.insulae-iacobi,Vachellia insulae-iacobi,Vachellia insulae-iacobi,Vachellia insulae-iacobi,Coinciden,Coinciden las tres fuentes
Acacia.macracantha,Vachellia macracantha,Vachellia macracantha,Vachellia macracantha,Coinciden,Coinciden las tres fuentes
Acaena.pinnatifida,Acaena pinnatifida,,Acaena pinnatifida,Revisar,Coinciden GBIF y WFO; rWCVP sin resultado
Acanthostachys.strobilaceae,Acanthostachys strobilacea,Acanthostachys strobilacea,Acanthostachys strobilacea,Coinciden,Coinciden las tres fuentes
Acanthus.spinosus,Acanthus spinosus,Acanthus spinosus,Acanthus spinosus,Coinciden,Coinciden las tres fuentes
Acer.ukurunduense,Acer ukurunduense,Acer ukurunduense,Acer ukurunduense,Coinciden,Coinciden las tres fuentes
Acer.shirasawanum,Acer shirasawanum,Acer shirasawanum,Acer shirasawanum,Coinciden,Coinciden las tres fuentes
Acer.rufinerve,Acer rufinerve,Acer rufinerve,Acer rufinerve,Coinciden,Coinciden las tres fuentes
Acer.saccharinum,Acer saccharinum,Acer saccharinum,Acer saccharinum,Coinciden,Coinciden las tres fuentes
Acer.insulae,,Acer insulare,Acer insulare,Revisar,Coinciden rWCVP y WFO; GBIF sin resultado
Acer.japonicum,Acer japonicum,Acer japonicum,Acer japonicum,Coinciden,Coinciden las tres fuentes
Acer.carpinifolium,Acer carpinifolium,Acer carpinifolium,Acer carpinifolium,Coinciden,Coinciden las tres fuentes
Acer.negundo,Acer negundo,Acer negundo,Acer negundo,Coinciden,Coinciden las tres fuentes
Achillea.alpina.,Achillea alpina,Achillea alpina,Achillea alpina,Coinciden,Coinciden las tres fuentes
Achillea.millefolium,Achillea millefolium,Achillea millefolium,Achillea millefolium,Coinciden,Coinciden las tres fuentes
Achyranthes.bidentata,Achyranthes bidentata,Achyranthes bidentata,Achyranthes bidentata,Coinciden,Coinciden las tres fuentes
Achyrocline.satureoides,,Achyrocline saturejoides,Achyrocline satureioides,Revisar,Falta resultado en una o más fuentes
Aciphylla.glacialis,Aciphylla glacialis,Aciphylla glacialis,Aciphylla glacialis,Coinciden,Coinciden las tres fuentes
Aciphylla.scott-thompsoni,,Aciphylla scott-thomsonii,Aciphylla scott-thomsonii,Revisar,Coinciden rWCVP y WFO; GBIF sin resultado
Aciphylla.simplicifolia,Aciphylla simplicifolia,Aciphylla simplicifolia,Aciphylla simplicifolia,Coinciden,Coinciden las tres fuentes
Aciphylla.subflavellata,,Aciphylla subflabellata,Aciphylla subflabellata,Revisar,Coinciden rWCVP y WFO; GBIF sin resultado
Aconitum.japonicum,Aconitum japonicum,Aconitum japonicum,Aconitum japonicum,Coinciden,Coinciden las tres fuentes
Aconitum.senanense,Aconitum senanense,Aconitum senanense,Aconitum senanense,Coinciden,Coinciden las tres fuentes
Aconitum.columbianum,Aconitum columbianum,Aconitum columbianum,Aconitum columbianum,Coinciden,Coinciden las tres fuentes
Aconitum.japonicum.montanum,Aconitum japonicum subsp. japonicum,Aconitum japonicum subsp. japonicum,Aconitum japonicum,Revisar,Coinciden GBIF y rWCVP; WFO es diferente
Actea.alba,,Actaea rubra,Actaea rubra,Revisar,Coinciden rWCVP y WFO; GBIF sin resultado
Actinidia.arguta,Actinidia arguta,Actinidia arguta,Actinidia arguta,Coinciden,Coinciden las tres fuentes
Actinidia.rufa,Actinidia rufa,Actinidia rufa,Actinidia rufa,Coinciden,Coinciden las tres fuentes
Actinomeris.alternifolia,Verbesina alternifolia,Verbesina alternifolia,Verbesina alternifolia,Coinciden,Coinciden las tres fuentes
Adenocarpus.foliosus,,Adenocarpus complicatus subsp. aureus,Adenocarpus foliolosus,Revisar,Falta resultado en una o más fuentes
Adenocarpus.viscosus,Adenocarpus viscosus,Adenocarpus viscosus,Adenocarpus viscosus,Coinciden,Coinciden las tres fuentes
Adenocaulon.himalaicum,Adenocaulon himalaicum,Adenocaulon himalaicum,Adenocaulon himalaicum,Coinciden,Coinciden las tres fuentes
Adenophora.triphylla,Adenophora triphylla,Adenophora triphylla,Adenophora triphylla,Coinciden,Coinciden las tres fuentes
Adesmia.glomerula,Adesmia glomerula,Adesmia glomerula,Adesmia glomerula,Coinciden,Coinciden las tres fuentes
Adesmia.aconcaguensis,Adesmia aconcaguensis,Adesmia aconcaguensis,Adesmia aconcaguensis,Coinciden,Coinciden las tres fuentes
Adesmia.brachysemon,,Adesmia brachysemeon,Adesmia brachysemeon,Revisar,Coinciden rWCVP y WFO; GBIF sin resultado
Adesmia.conferta,Adesmia conferta,Adesmia conferta,Adesmia conferta,Coinciden,Coinciden las tres fuentes
Adesmia.exilis,Adesmia exilis,Adesmia exilis,Adesmia exilis,Coinciden,Coinciden las tres fuentes
Adesmia.radicifolia,Adesmia papposa var. radicifolia,Adesmia papposa var. radicifolia,Adesmia papposa var. radicifolia,Coinciden,Coinciden las tres fuentes
Adesmia.montana,Adesmia montana,Adesmia montana,Adesmia montana,Coinciden,Coinciden las tres fuentes
Adesmia.incana,Adesmia incana,Adesmia incana,Adesmia incana,Coinciden,Coinciden las tres fuentes
Adesmia.haemisphaerica,,Adesmia hemisphaerica,Adesmia hemisphaerica,Revisar,Coinciden rWCVP y WFO; GBIF sin resultado
Adesmia.capitellata,Adesmia capitellata,Adesmia capitellata,Adesmia capitellata,Coinciden,Coinciden las tres fuentes
Adesmia.retrofracta,Adesmia retrofracta,Adesmia retrofracta,Adesmia retrofracta,Coinciden,Coinciden las tres fuentes
Aechmea.paniculigera,Aechmea paniculigera,,Aechmea paniculigera,Revisar,Coinciden GBIF y WFO; rWCVP sin resultado
Aechmea.bromeliifolia,Aechmea bromeliifolia,Aechmea bromeliifolia,Aechmea bromeliifolia,Coinciden,Coinciden las tres fuentes
Aechmea.lingulata,Wittmackia lingulata,Wittmackia lingulata,Wittmackia lingulata,Coinciden,Coinciden las tres fuentes
Aechmea.cylindrata,Aechmea cylindrata,Aechmea cylindrata,Aechmea cylindrata,Coinciden,Coinciden las tres fuentes
Aechmea.mutica,Aechmea mutica,Aechmea mutica,Aechmea mutica,Coinciden,Coinciden las tres fuentes
Aechmea.nudicaulis,Aechmea nudicaulis,Aechmea nudicaulis,Aechmea nudicaulis,Coinciden,Coinciden las tres fuentes
Aechmea.pineliana,Aechmea pineliana,Aechmea pineliana,Aechmea pineliana,Coinciden,Coinciden las tres fuentes
Aechmea.araneosa,Aechmea araneosa,Aechmea araneosa,Aechmea araneosa,Coinciden,Coinciden las tres fuentes
Aechmea.triangularis,Aechmea triangularis,Aechmea triangularis,Aechmea triangularis,Coinciden,Coinciden las tres fuentes
Aechmea.victoriana,Aechmea victoriana,Aechmea victoriana,Aechmea victoriana,Coinciden,Coinciden las tres fuentes
Aeginetia.indica,Aeginetia indica,Aeginetia indica,Aeginetia indica,Coinciden,Coinciden las tres fuentes
Aegopodium.podagraria,Aegopodium podagraria,Aegopodium podagraria,Aegopodium podagraria,Coinciden,Coinciden las tres fuentes
Aeschynomene.pratensis,Aeschynomene pratensis,Aeschynomene pratensis,Aeschynomene pratensis,Coinciden,Coinciden las tres fuentes
Aeschynomene.indica,Aeschynomene indica,,Aeschynomene indica,Revisar,Coinciden GBIF y WFO; rWCVP sin resultado
Aesculus.hippocastanum,Aesculus hippocastanum,Aesculus hippocastanum,Aesculus hippocastanum,Coinciden,Coinciden las tres fuentes
Aesculus.glabra,Aesculus glabra,Aesculus glabra,Aesculus glabra,Coinciden,Coinciden las tres fuentes
Aesculus.sylvatica,Aesculus sylvatica,Aesculus sylvatica,Aesculus sylvatica,Coinciden,Coinciden las tres fuentes
Aesculus.turbinata,Aesculus turbinata,Aesculus turbinata,Aesculus turbinata,Coinciden,Coinciden las tres fuentes
Aesculus.camea,,,,Revisar,Sin resultados en las tres fuentes
Aetheorrina.bulbosa,,Sonchus bulbosus,Sonchus bulbosus,Revisar,Coinciden rWCVP y WFO; GBIF sin resultado
Aethusa.cynapium,Aethusa cynapium,Aethusa cynapium,Aethusa cynapium,Coinciden,Coinciden las tres fuentes
Agastache.scrophulariaefolia,,Agastache scrophulariifolia,Agastache scrophulariifolia,Revisar,Coinciden rWCVP y WFO; GBIF sin resultado
Agastache.nepetoides,Agastache nepetoides,Agastache nepetoides,Agastache nepetoides,Coinciden,Coinciden las tres fuentes
Agauria.salicifolia,Agarista salicifolia,Agarista salicifolia,Agarista salicifolia,Coinciden,Coinciden las tres fuentes
Ageratum.houstonianum,Ageratum houstonianum,Ageratum houstonianum,Ageratum houstonianum,Coinciden,Coinciden las tres fuentes
Ageratum.conyzoides,Ageratum conyzoides,,Ageratum conyzoides,Revisar,Coinciden GBIF y WFO; rWCVP sin resultado
Ageretina.adenophora,,Ageratina adenophora,Ageratina adenophora,Revisar,Coinciden rWCVP y WFO; GBIF sin resultado
Agrimonia.striata,Agrimonia striata,,Agrimonia striata,Revisar,Coinciden GBIF y WFO; rWCVP sin resultado
Agrimonia.eupatoria,Agrimonia eupatoria,Agrimonia eupatoria,Agrimonia eupatoria,Coinciden,Coinciden las tres fuentes
Agrimonia.pilosa,Agrimonia pilosa,,Agrimonia pilosa,Revisar,Coinciden GBIF y WFO; rWCVP sin resultado
Agrostis.clavata,Agrostis clavata,Agrostis clavata,Agrostis clavata,Coinciden,Coinciden las tres fuentes
Aichryson.laxum,Aichryson laxum,Aichryson laxum,Aichryson laxum,Coinciden,Coinciden las tres fuentes
Ainsliaea.acerifolia,Ainsliaea acerifolia,Ainsliaea acerifolia,Ainsliaea acerifolia,Coinciden,Coinciden las tres fuentes
Ajuga.reptans,Ajuga reptans,Ajuga reptans,Ajuga reptans,Coinciden,Coinciden las tres fuentes
Ajuga.dictyocarpa,Ajuga dictyocarpa,Ajuga dictyocarpa,Ajuga dictyocarpa,Coinciden,Coinciden las tres fuentes
Akebia.quinata,Akebia quinata,Akebia quinata,Akebia quinata,Coinciden,Coinciden las tres fuentes
Alangium.platanifolium,Alangium platanifolium,Alangium platanifolium,Alangium platanifolium,Coinciden,Coinciden las tres fuentes
Albizzia.julibrissin,Albizia julibrissin,Albizia julibrissin,Albizia julibrissin,Coinciden,Coinciden las tres fuentes
Alcea.pallida,Alcea pallida,Alcea biennis,Alcea biennis,Revisar,Coinciden rWCVP y WFO; GBIF es diferente
Aletris.luteoviridis,Metanarthecium luteoviride,Metanarthecium luteoviride,Metanarthecium luteoviride,Coinciden,Coinciden las tres fuentes
Alisma.canaliculatum,Alisma canaliculatum,Alisma canaliculatum,Alisma canaliculatum,Coinciden,Coinciden las tres fuentes
Alisma.plantago.aquatica,,Alisma plantago-aquatica,Alisma plantago-aquatica,Revisar,Coinciden rWCVP y WFO; GBIF sin resultado
Alium.grayi,,Allium macrostemon,Allium macrostemon,Revisar,Coinciden rWCVP y WFO; GBIF sin resultado
Alkanna.tinctoria,Alkanna tinctoria,,Alkanna tinctoria,Revisar,Coinciden GBIF y WFO; rWCVP sin resultado
Allium.subhirsutum,Allium subhirsutum,,Allium subhirsutum,Revisar,Coinciden GBIF y WFO; rWCVP sin resultado
Allium.neapolitanum,Allium neapolitanum,Allium neapolitanum,Allium neapolitanum,Coinciden,Coinciden las tres fuentes
Allium.recurvatum,Allium cernuum,Allium cernuum,Allium cernuum,Coinciden,Coinciden las tres fuentes
Allium.thunbergii,Allium thunbergii,Allium thunbergii,Allium thunbergii,Coinciden,Coinciden las tres fuentes
Allium.ampeloprasum,Allium ampeloprasum,,Allium ampeloprasum,Revisar,Coinciden GBIF y WFO; rWCVP sin resultado
Allium.scorodoprasum,Allium scorodoprasum,Allium scorodoprasum,Allium scorodoprasum,Coinciden,Coinciden las tres fuentes
Alocasia.odora,Alocasia odora,Alocasia odora,Alocasia odora,Coinciden,Coinciden las tres fuentes
Alophia.lahue,Herbertia lahue,Herbertia lahue,Herbertia lahue,Coinciden,Coinciden las tres fuentes
Alpinia.intermedia,Alpinia intermedia,Alpinia intermedia,Alpinia intermedia,Coinciden,Coinciden las tres fuentes
Alpinia.formosana,Alpinia formosana,Alpinia formosana,Alpinia formosana,Coinciden,Coinciden las tres fuentes
Alpinia.sp1.M.PL.044,,,,Revisar,Sin resultados en las tres fuentes
Alstonia.macrophylla,Alstonia macrophylla,Alstonia macrophylla,Alstonia macrophylla,Coinciden,Coinciden las tres fuentes
Alstroemeria.aurea,Alstroemeria aurea,,Alstroemeria aurea,Revisar,Coinciden GBIF y WFO; rWCVP sin resultado
Alstromemeria.pallida,,Alstroemeria pallida,Alstroemeria pallida,Revisar,Coinciden rWCVP y WFO; GBIF sin resultado
Alternanthera.ficoidea,Alternanthera ficoidea,,Alternanthera ficoidea,Revisar,Coinciden GBIF y WFO; rWCVP sin resultado
Alyssum.maritimum,Lobularia maritima,Lobularia maritima,Lobularia maritima subsp. maritima,Revisar,Coinciden GBIF y rWCVP; WFO es diferente
Amaranthus.spinosus,Amaranthus spinosus,Amaranthus spinosus,Amaranthus spinosus,Coinciden,Coinciden las tres fuentes
Ambrosia.trifida,Ambrosia trifida,Ambrosia trifida,Ambrosia trifida,Coinciden,Coinciden las tres fuentes
Amelanchier.canadensis,Amelanchier canadensis,,Amelanchier canadensis,Revisar,Coinciden GBIF y WFO; rWCVP sin resultado
Ammannia.coccinea,Ammannia coccinea,,Ammannia coccinea,Revisar,Coinciden GBIF y WFO; rWCVP sin resultado
Amomyrtus.luma,Amomyrtus luma,Amomyrtus luma,Amomyrtus luma,Coinciden,Coinciden las tres fuentes
Amomyrtus.meli,Amomyrtus meli,Amomyrtus meli,Amomyrtus meli,Coinciden,Coinciden las tres fuentes
Amorpha.fruticosa,Amorpha fruticosa,,Amorpha fruticosa,Revisar,Coinciden GBIF y WFO; rWCVP sin resultado
Amorpha.canescens,Amorpha canescens,Amorpha canescens,Amorpha canescens,Coinciden,Coinciden las tres fuentes
Ampelopsis.brevipedunculata,Ampelopsis brevipedunculata,Ampelopsis glandulosa var. brevipedunculata,Ampelopsis glandulosa var. brevipedunculata,Revisar,Coinciden rWCVP y WFO; GBIF es diferente
Amphicarpa.pitcheri,,Amphicarpaea bracteata,Amphicarpaea bracteata,Revisar,Coinciden rWCVP y WFO; GBIF sin resultado
Amphicarpaea.bracteata,Amphicarpaea bracteata,Amphicarpaea bracteata,Amphicarpaea bracteata,Coinciden,Coinciden las tres fuentes
Anacyclus.radiatus,Anacyclus radiatus,Anacyclus radiatus,Porophyllum ruderale subsp. macrocephalum,Revisar,Coinciden GBIF y rWCVP; WFO es diferente
Anagallis.alternifolia,Lysimachia lanceola,Lysimachia amoena,Lysimachia amoena,Revisar,Coinciden rWCVP y WFO; GBIF es diferente
Anagallis.arvensis,Lysimachia arvensis subsp. arvensis,Lysimachia arvensis,Lysimachia arvensis,Revisar,Coinciden rWCVP y WFO; GBIF es diferente
Anaphalis.margaritacea,Anaphalis margaritacea,Anaphalis margaritacea,Anaphalis margaritacea,Coinciden,Coinciden las tres fuentes
Anarthrophyllum.gayanum,Anarthrophyllum gayanum,Anarthrophyllum gayanum,Anarthrophyllum gayanum,Coinciden,Coinciden las tres fuentes
Anarthrophyllum.cumingii,Anarthrophyllum cumingii,Anarthrophyllum cumingii,Anarthrophyllum cumingii,Coinciden,Coinciden las tres fuentes
Anchusa.variegata,Anchusella variegata,Anchusa variegata,Anchusa variegata,Revisar,Coinciden rWCVP y WFO; GBIF es diferente
Anchusa.undulata,Anchusa undulata,,Anchusa undulata,Revisar,Coinciden GBIF y WFO; rWCVP sin resultado
Andromeda.glaucophylla,Andromeda polifolia var. latifolia,Andromeda polifolia var. latifolia,Andromeda polifolia,Revisar,Coinciden GBIF y rWCVP; WFO es diferente
Andryala.pinnatifida,Andryala pinnatifida,Andryala pinnatifida,Andryala pinnatifida,Coinciden,Coinciden las tres fuentes
Anemone.flaccida,Anemonastrum flaccidum,Anemonastrum flaccidum,Anemonastrum flaccidum,Coinciden,Coinciden las tres fuentes
Anemone.coronaria,Anemone coronaria,Anemone coronaria,Anemone coronaria,Coinciden,Coinciden las tres fuentes
Anemone.pavonina,Anemone pavonina,Anemone hortensis subsp. pavonina,Anemone hortensis,Revisar,Los tres nombres aceptados son diferentes
Anemonella.thalictroides,Thalictrum thalictroides,Anemonella thalictroides,Anemonella thalictroides,Revisar,Coinciden rWCVP y WFO; GBIF es diferente
Anethum.graveolens,Anethum graveolens,,Anethum graveolens,Revisar,Coinciden GBIF y WFO; rWCVP sin resultado
Angelica.longeradiata,Angelica longeradiata,Angelica longeradiata,Angelica longeradiata,Coinciden,Coinciden las tres fuentes
Angelica.sylvestris,Angelica sylvestris,Angelica sylvestris,Angelica sylvestris,Coinciden,Coinciden las tres fuentes
Angelica.pubescens,Angelica pubescens,Angelica pubescens,Angelica pubescens,Coinciden,Coinciden las tres fuentes
Angelica.archangelica,Angelica archangelica,Angelica archangelica,Angelica archangelica,Coinciden,Coinciden las tres fuentes
Angelica.polymorpha,Angelica polymorpha,Angelica polymorpha,Angelica polymorpha,Coinciden,Coinciden las tres fuentes
Angelica.cartilagino-marginata,Angelica cartilaginomarginata,Angelica cartilaginomarginata,Angelica cartilaginomarginata,Coinciden,Coinciden las tres fuentes
Anisotome.flexuosus,Anisotome flexuosa,Anisotome flexuosa,Anisotome flexuosa,Coinciden,Coinciden las tres fuentes
Anisotome.aromatica,Anisotome aromatica,Anisotome aromatica,Anisotome aromatica,Coinciden,Coinciden las tres fuentes
Antennaria.plantaginifolia,Antennaria plantaginifolia,Antennaria plantaginifolia,Antennaria plantaginifolia,Coinciden,Coinciden las tres fuentes
Antennaria.alpina,Antennaria alpina,Antennaria alpina,Antennaria alpina,Coinciden,Coinciden las tres fuentes
Antenoron.filiforme,Persicaria filiformis,Persicaria filiformis,,Revisar,Coinciden GBIF y rWCVP; WFO sin resultado
Anthemis.cotula,Anthemis cotula,,Anthemis cotula,Revisar,Coinciden GBIF y WFO; rWCVP sin resultado
Anthriscus.sylvestris,Anthriscus sylvestris,Anthriscus sylvestris,Anthriscus sylvestris,Coinciden,Coinciden las tres fuentes
Anthyllis.hermanniae,Anthyllis hermanniae,Anthyllis hermanniae,Anthyllis hermanniae,Coinciden,Coinciden las tres fuentes
Antidesma.joponicum,,Antidesma japonicum,Antidesma japonicum,Revisar,Coinciden rWCVP y WFO; GBIF sin resultado
Antidesma.madagascariense,Antidesma madagascariense,Antidesma madagascariense,Antidesma madagascariense,Coinciden,Coinciden las tres fuentes
Antirhea.borbonica,Antirhea borbonica,Antirhea borbonica,Antirhea borbonica,Coinciden,Coinciden las tres fuentes
Aphloia.theiformis,Aphloia theiformis,Aphloia theiformis,Aphloia theiformis,Coinciden,Coinciden las tres fuentes
Apios.tuberosa,Apios americana,Apios americana,Apios americana,Coinciden,Coinciden las tres fuentes
Apocynum.androsaemifolium,Apocynum androsaemifolium,Apocynum androsaemifolium,Apocynum androsaemifolium,Coinciden,Coinciden las tres fuentes
Apocynum.cannabinum,Apocynum cannabinum,Apocynum cannabinum,Apocynum cannabinum,Coinciden,Coinciden las tres fuentes
Apodanthera.sagitifolia,Apodanthera sagittifolia,Apodanthera sagittifolia,Apodanthera sagittifolia,Coinciden,Coinciden las tres fuentes
Appolonias.barbujana,,Persea barbujana,Persea barbujana,Revisar,Coinciden rWCVP y WFO; GBIF sin resultado
Aquilegia.canadensis,Aquilegia canadensis,,Aquilegia canadensis,Revisar,Coinciden GBIF y WFO; rWCVP sin resultado
Aquilegia.buergeriana,Aquilegia buergeriana,Aquilegia buergeriana,Aquilegia buergeriana,Coinciden,Coinciden las tres fuentes
Aquilegia.coerulea,Aquilegia coerulea,Aquilegia coerulea,Aquilegia coerulea,Coinciden,Coinciden las tres fuentes
Aquilegia.brevistyla,Aquilegia brevistyla,Aquilegia brevistyla,Aquilegia brevistyla,Coinciden,Coinciden las tres fuentes
Arabis.dentata,,,Borodinia dentata,Revisar,Falta resultado en una o más fuentes
Arabis.alpina,Arabis alpina,,Arabis alpina,Revisar,Coinciden GBIF y WFO; rWCVP sin resultado
Arabis.lyrata.kamtschatica,Arabidopsis lyrata subsp. kamchatica,Arabidopsis lyrata subsp. kamchatica,Arabidopsis lyrata subsp. lyrata,Revisar,Coinciden GBIF y rWCVP; WFO es diferente
Arabis.laevigata,Arabis laevigata,,Borodinia laevigata,Revisar,Falta resultado en una o más fuentes
Arabis.virginica,Arabis virginica,Planodes virginicum,Planodes virginicum,Revisar,Coinciden rWCVP y WFO; GBIF es diferente
Arabis.glabra,Turritis glabra,Turritis glabra,Turritis glabra,Coinciden,Coinciden las tres fuentes
Arabis.hirsuta,Arabis hirsuta,,Arabis hirsuta,Revisar,Coinciden GBIF y WFO; rWCVP sin resultado
Aragalus.lamberti,,Oxytropis lambertii,Oxytropis lambertii,Revisar,Coinciden rWCVP y WFO; GBIF sin resultado
Aralia.nudicaulis,Aralia nudicaulis,,Aralia nudicaulis,Revisar,Coinciden GBIF y WFO; rWCVP sin resultado
Aralia.cordata,Aralia cordata,Aralia cordata,Aralia cordata,Coinciden,Coinciden las tres fuentes
Aralta.elata,,Aralia elata,Aralia elata,Revisar,Coinciden rWCVP y WFO; GBIF sin resultado
Arctium.minus,Arctium minus,Arctium minus,Arctium minus,Coinciden,Coinciden las tres fuentes
Arctostaphylus.uva-ursi,,Arctostaphylos uva-ursi,Arctostaphylos uva-ursi,Revisar,Coinciden rWCVP y WFO; GBIF sin resultado
Ardisia.pusilla,Ardisia pusilla,Ardisia pusilla,Ardisia pusilla,Coinciden,Coinciden las tres fuentes
Ardisia.sieboldii,Ardisia sieboldii,Ardisia sieboldii,Ardisia sieboldii,Coinciden,Coinciden las tres fuentes
Ardisia.quinquegona,Ardisia quinquegona,Ardisia quinquegona,Ardisia quinquegona,Coinciden,Coinciden las tres fuentes
Arenaria.pseudofrigida,Arenaria pseudofrigida,Arenaria pseudofrigida,Arenaria pseudofrigida,Coinciden,Coinciden las tres fuentes
Argusia.argentea,Heliotropium velutinum,Heliotropium arboreum,Heliotropium arboreum,Revisar,Coinciden rWCVP y WFO; GBIF es diferente
Argyranthemum.broussonetti,Argyranthemum broussonetii,Argyranthemum broussonetii,Argyranthemum broussonetii,Coinciden,Coinciden las tres fuentes
Argyranthemum.frutescens,Argyranthemum frutescens,Argyranthemum frutescens,Argyranthemum frutescens,Coinciden,Coinciden las tres fuentes
Argyranthemum.teneriffae,Argyranthemum tenerifae,Argyranthemum tenerifae,Argyranthemum tenerifae,Coinciden,Coinciden las tres fuentes
Argythamnia.candicans,Argythamnia candicans,Argythamnia candicans,Argythamnia candicans,Coinciden,Coinciden las tres fuentes
Arisaema.triphyllum,Arisaema triphyllum,Arisaema triphyllum,Arisaema triphyllum,Coinciden,Coinciden las tres fuentes
Arisaema.japonicum,Arisaema japonicum,Arisaema japonicum,Arisaema japonicum,Coinciden,Coinciden las tres fuentes
Arisarum.vulgare,Arisarum vulgare,Arisarum vulgare,Arisarum vulgare,Coinciden,Coinciden las tres fuentes
Aristolochia.tomentosa,Isotrema tomentosum,Aristolochia tomentosa,Aristolochia tomentosa,Revisar,Coinciden rWCVP y WFO; GBIF es diferente
Aristotelia.chilensis,Aristotelia chilensis,Aristotelia chilensis,Aristotelia chilensis,Coinciden,Coinciden las tres fuentes
Arjona.patagonica,Arjona patagonica,Arjona patagonica,Arjona patagonica,Coinciden,Coinciden las tres fuentes
Arjona.tuberosa,Arjona tuberosa,Arjona tuberosa,Arjona tuberosa,Coinciden,Coinciden las tres fuentes
Armeria.scabra,Armeria scabra,,Armeria curvifolia,Revisar,Falta resultado en una o más fuentes
Armeria.velutina,Armeria velutina,Armeria velutina,Armeria velutina,Coinciden,Coinciden las tres fuentes
Arnica.sp1.M.PL.014,,,,Revisar,Sin resultados en las tres fuentes
Arnica.angustifolia,Arnica angustifolia,,Arnica angustifolia,Revisar,Coinciden GBIF y WFO; rWCVP sin resultado
Arnica.alpina,,,Arnica montana,Revisar,Falta resultado en una o más fuentes
Aronia.melanocarpa,Aronia melanocarpa,Aronia melanocarpa,Aronia melanocarpa,Coinciden,Coinciden las tres fuentes
Aruncus.dioicus,Aruncus dioicus,Aruncus dioicus,Aruncus dioicus,Coinciden,Coinciden las tres fuentes
Aruncus.sylvester,Aruncus sylvester,Aruncus sylvester,Aruncus sylvester,Coinciden,Coinciden las tres fuentes
Ascerates.floridana,,Asclepias longifolia,Asclepias longifolia,Revisar,Coinciden rWCVP y WFO; GBIF sin resultado
Ascerates.viridiflora,,Asclepias viridiflora,Asclepias viridiflora,Revisar,Coinciden rWCVP y WFO; GBIF sin resultado
Asclepias.speciosa,Asclepias speciosa,Asclepias speciosa,Asclepias speciosa,Coinciden,Coinciden las tres fuentes
Asclepias.syriaca,Asclepias syriaca,Asclepias syriaca,Asclepias syriaca,Coinciden,Coinciden las tres fuentes
Asclepias.woodii,Asclepias woodii,Asclepias woodii,Asclepias woodii,Coinciden,Coinciden las tres fuentes
Asclepias.sullivantii,Asclepias sullivantii,,Asclepias sullivantii,Revisar,Coinciden GBIF y WFO; rWCVP sin resultado
Asclepias.incarnata,Asclepias incarnata,Asclepias incarnata,Asclepias incarnata,Coinciden,Coinciden las tres fuentes
Asclepias.verticillata,Asclepias verticillata,Asclepias verticillata,Asclepias verticillata,Coinciden,Coinciden las tres fuentes
Asclepias.cucullata,Asclepias cucullata,Asclepias cucullata,Asclepias cucullata,Coinciden,Coinciden las tres fuentes
Asclepias.purpurascens,Asclepias purpurascens,,Asclepias purpurascens,Revisar,Coinciden GBIF y WFO; rWCVP sin resultado
Asclepias.halli,Asclepias hallii,Asclepias hallii,Asclepias hallii,Coinciden,Coinciden las tres fuentes
Asclepias.tuberosa,Asclepias tuberosa,Asclepias tuberosa,Asclepias tuberosa,Coinciden,Coinciden las tres fuentes
Ascleptas.curassavica,,,Asclepias curassavica,Revisar,Falta resultado en una o más fuentes
Asiminia.triloba,,Asimina triloba,Asimina triloba,Revisar,Coinciden rWCVP y WFO; GBIF sin resultado
Asparagus.officinalis,Asparagus officinalis,Asparagus officinalis,Asparagus officinalis,Coinciden,Coinciden las tres fuentes
Asparagus.aphyllus,Asparagus aphyllus,Asparagus aphyllus,Asparagus aphyllus,Coinciden,Coinciden las tres fuentes
Asparagus.acutifolius,Asparagus acutifolius,Asparagus acutifolius,Asparagus acutifolius,Coinciden,Coinciden las tres fuentes
Asparagus.schoberioides,Asparagus schoberioides,Asparagus schoberioides,Asparagus schoberioides,Coinciden,Coinciden las tres fuentes
Asperula.gunnii,Asperula gunnii,Asperula gunnii,Asperula gunnii,Coinciden,Coinciden las tres fuentes
Asphodelus.aestivus,Asphodelus aestivus,Asphodelus aestivus,Asphodelus aestivus,Coinciden,Coinciden las tres fuentes
Aspidonepsis.diploglossa,Aspidonepsis diploglossa,Aspidonepsis diploglossa,Aspidonepsis diploglossa,Coinciden,Coinciden las tres fuentes
Aster.ageratoides,Aster ageratoides,Aster ageratoides,Aster ageratoides,Coinciden,Coinciden las tres fuentes
Aster.foliaceus,Symphyotrichum foliaceum,Symphyotrichum foliaceum,Symphyotrichum foliaceum,Coinciden,Coinciden las tres fuentes
Aster.glehni,Kitamuria glehnii,Aster glehnii,Aster glehnii,Revisar,Coinciden rWCVP y WFO; GBIF es diferente
Aster.paniculatus,Aster paniculatus,,Aster paniculatus,Revisar,Coinciden GBIF y WFO; rWCVP sin resultado
Aster.scaber,Aster scaber,,Aster scaber,Revisar,Coinciden GBIF y WFO; rWCVP sin resultado
Aster.novaeangliae,Symphyotrichum novae-angliae,Symphyotrichum novae-angliae,Symphyotrichum novae-angliae,Coinciden,Coinciden las tres fuentes
Aster.ericoides.villosus,Symphyotrichum pilosum,Symphyotrichum pilosum var. pilosum,Symphyotrichum pilosum,Revisar,Coinciden GBIF y WFO; rWCVP es diferente
Aster.multiflorus,Aster multiflorus,,,Revisar,Falta resultado en una o más fuentes
Aster.sagittifolius,,,Symphyotrichum undulatum,Revisar,Falta resultado en una o más fuentes
Aster.salicifolius,Aster salicifolius,,Aster salicifolius,Revisar,Coinciden GBIF y WFO; rWCVP sin resultado
Aster.ageratoides.ovatus,Aster microcephalus var. ovatus,Aster microcephalus var. ovatus,Aster ageratoides,Revisar,Coinciden GBIF y rWCVP; WFO es diferente
Aster.ageratoides.amplexifolius,Aster satsumensis,Aster ageratoides var. ageratoides,Aster ageratoides,Revisar,Los tres nombres aceptados son diferentes
Aster.turbinellus,Symphyotrichum turbinellum,Symphyotrichum turbinellum,Symphyotrichum turbinellum,Coinciden,Coinciden las tres fuentes
Aster.anomalus,Symphyotrichum anomalum,Symphyotrichum anomalum,Symphyotrichum anomalum,Coinciden,Coinciden las tres fuentes
Aster.lateriflorus,Symphyotrichum lateriflorum,Symphyotrichum lateriflorum,Symphyotrichum lateriflorum,Coinciden,Coinciden las tres fuentes
Aster.subulatus,,,Aster subulatus,Revisar,Falta resultado en una o más fuentes
Aster.asa-grayi,Heteropappus ciliosus,Aster asagrayi,Aster asa-grayi,Revisar,Los tres nombres aceptados son diferentes
Asteranthera.ovata,Asteranthera ovata,Asteranthera ovata,Asteranthera ovata,Coinciden,Coinciden las tres fuentes
Asteriscium.aemocarpon,Asteriscium aemocarpon,Asteriscium aemocarpon,Asteriscium aemocarpon,Coinciden,Coinciden las tres fuentes
Astilbe.thunbergii,Astilbe thunbergii,Astilbe thunbergii,Astilbe thunbergii,Coinciden,Coinciden las tres fuentes
Astragalus.canadensis,Astragalus canadensis,Astragalus canadensis,Astragalus canadensis,Coinciden,Coinciden las tres fuentes
Astragalus.nivicola,Astragalus nivicola,Astragalus nivicola,Astragalus nivicola,Coinciden,Coinciden las tres fuentes
Astragalus.sinicus,Astragalus sinicus,Astragalus sinicus,Astragalus sinicus,Coinciden,Coinciden las tres fuentes
Astragalus.drummondi,Astragalus drummondii,Astragalus drummondii,Astragalus drummondii,Coinciden,Coinciden las tres fuentes
Astragalus.mexicanus,,,Astragalus crassicarpus var. berlandieri,Revisar,Falta resultado en una o más fuentes
Astragalus.monspessulanus,Astragalus monspessulanus,Astragalus monspessulanus,Astragalus monspessulanus,Coinciden,Coinciden las tres fuentes
Astragalus.cruckshanksii,Astragalus cruckshanksii,Astragalus cruckshanksii,Astragalus cruckshanksii,Coinciden,Coinciden las tres fuentes
Astragalus.sp,,Astragalus asper,,Revisar,Falta resultado en una o más fuentes
Astragalus.alpinus,Astragalus alpinus,,Astragalus alpinus,Revisar,Coinciden GBIF y WFO; rWCVP sin resultado
Astragalus.curvicaulis,Astragalus curvicaulis,Astragalus curvicaulis,Astragalus curvicaulis,Coinciden,Coinciden las tres fuentes
Aucuba.japonica,Aucuba japonica,Aucuba japonica,Aucuba japonica,Coinciden,Coinciden las tres fuentes
Avicennia.germinans,Avicennia germinans,Avicennia germinans,Avicennia germinans,Coinciden,Coinciden las tres fuentes
Azorella.madreporica,Azorella madreporica,Azorella madreporica,Azorella madreporica,Coinciden,Coinciden las tres fuentes
Azorella.monantha,Azorella monantha,Azorella monantha,Azorella monantha,Coinciden,Coinciden las tres fuentes
Azorina.vidalii,Campanula vidalii,Campanula vidalii,Azorina vidalii,Revisar,Coinciden GBIF y rWCVP; WFO es diferente
Baccharis.articulata,Baccharis articulata,Baccharis articulata,Baccharis articulata,Coinciden,Coinciden las tres fuentes
Baccharis.tandilensis,Baccharis dracunculifolia subsp. tandilensis,Baccharis dracunculifolia subsp. tandilensis,Baccharis dracunculifolia,Revisar,Coinciden GBIF y rWCVP; WFO es diferente
Baccharis.coridifolia,Baccharis coridifolia,Baccharis coridifolia,Baccharis coridifolia,Coinciden,Coinciden las tres fuentes
Baccharis.pingraea,,Baccharis glutinosa var. glutinosa,Baccharis glutinosa,Revisar,Falta resultado en una o más fuentes
Baccharis.trimera,Baccharis trimera,Baccharis trimera,Baccharis genistelloides subsp. crispa,Revisar,Coinciden GBIF y rWCVP; WFO es diferente
Bacopa.monniera,Bacopa monniera,Bacopa monnieri,Bacopa monnieri,Revisar,Coinciden rWCVP y WFO; GBIF es diferente
Badula.platiphylla,Badula platyphylla,,Badula platyphylla,Revisar,Coinciden GBIF y WFO; rWCVP sin resultado
Badula.insularis,Badula insularis,Badula insularis,Badula insularis,Coinciden,Coinciden las tres fuentes
Baeckia.gunniana,,Baeckea gunniana,Baeckea gunniana,Revisar,Coinciden rWCVP y WFO; GBIF sin resultado
Bakerella.hoyifolia,Bakerella hoyifolia,Bakerella hoyifolia,Bakerella hoyifolia,Coinciden,Coinciden las tres fuentes
Ballota.acetabulosa,Pseudodictamnus acetabulosus,Pseudodictamnus acetabulosus,Pseudodictamnus acetabulosus,Coinciden,Coinciden las tres fuentes
Banisteriopsis.muricata,Banisteriopsis muricata,Banisteriopsis muricata,Banisteriopsis muricata,Coinciden,Coinciden las tres fuentes
Banisteriopsis.schizoptera,Banisteriopsis schizoptera,Banisteriopsis schizoptera,Banisteriopsis schizoptera,Coinciden,Coinciden las tres fuentes
Banisteriopsis.stellaris,Banisteriopsis stellaris,Banisteriopsis stellaris,Banisteriopsis stellaris,Coinciden,Coinciden las tres fuentes
Baptisia.bracteata,Baptisia bracteata,Baptisia bracteata,Baptisia bracteata,Coinciden,Coinciden las tres fuentes
Baptisia.leucantha,Baptisia alba var. macrophylla,Baptisia lactea var. lactea,Baptisia lactea var. lactea,Revisar,Coinciden rWCVP y WFO; GBIF es diferente
Barneoudia.chilensis,Knowltonia chilensis,Knowltonia chilensis,Knowltonia chilensis,Coinciden,Coinciden las tres fuentes
Barneoudia.major,Knowltonia major,Knowltonia major,Knowltonia major,Coinciden,Coinciden las tres fuentes
Barringtonia.racemosa,Barringtonia racemosa,Barringtonia racemosa,Barringtonia racemosa,Coinciden,Coinciden las tres fuentes
Bartsia.alpina,Bartsia alpina,Bartsia alpina,Bartsia alpina,Coinciden,Coinciden las tres fuentes
Bastardia.viscosa,Abutilon viscosum,Abutilon viscosum,Abutilon viscosum,Coinciden,Coinciden las tres fuentes
Bauhinia.divaricata,Bauhinia divaricata,,Bauhinia divaricata,Revisar,Coinciden GBIF y WFO; rWCVP sin resultado
Bauhinia.japonica,Phanera japonica,Phanera japonica,Phanera japonica,Coinciden,Coinciden las tres fuentes
Bauhinia.japonica,Phanera japonica,Phanera japonica,Phanera japonica,Coinciden,Coinciden las tres fuentes
Befaria.glauca,Bejaria aestuans,Oenanthe benghalensis,Bejaria aestuans,Revisar,Coinciden GBIF y WFO; rWCVP es diferente
Belamcanda.chinensis,Iris domestica,Iris domestica,Iris domestica,Coinciden,Coinciden las tres fuentes
Bellardia.trixago,Bellardia trixago,Bellardia trixago,Bellardia trixago,Coinciden,Coinciden las tres fuentes
Bellis.annua,Bellis annua,Bellis annua,Bellis annua,Coinciden,Coinciden las tres fuentes
Benthamida.kousa,,Cornus kousa,Cornus kousa,Revisar,Coinciden rWCVP y WFO; GBIF sin resultado
Berberis.darwinii,Berberis darwinii,Berberis darwinii,Berberis darwinii,Coinciden,Coinciden las tres fuentes
Berberis.thunbergii,Berberis thunbergii,Berberis thunbergii,Berberis thunbergii,Coinciden,Coinciden las tres fuentes
Berberis.empetrifolia,Berberis empetrifolia,Berberis empetrifolia,Berberis empetrifolia,Coinciden,Coinciden las tres fuentes
Berberis.montana,Berberis montana,Berberis montana,Berberis montana,Coinciden,Coinciden las tres fuentes
Berberis.buxifolia,Berberis microphylla,Berberis microphylla,Berberis microphylla,Coinciden,Coinciden las tres fuentes
Bertiera.zaluzania.,Bertiera zaluzania,Bertiera zaluzania,Bertiera zaluzania,Coinciden,Coinciden las tres fuentes
Bertiera.zaluzania,Bertiera zaluzania,Bertiera zaluzania,Bertiera zaluzania,Coinciden,Coinciden las tres fuentes
Besella.rubra,,Basella alba,Basella alba,Revisar,Coinciden rWCVP y WFO; GBIF sin resultado
Besmoscelis.villosa,,Desmoscelis villosa,Desmoscelis villosa,Revisar,Coinciden rWCVP y WFO; GBIF sin resultado
Beta.vulgaris,Beta vulgaris,Beta vulgaris,Beta vulgaris,Coinciden,Coinciden las tres fuentes
Beta.maritima,Beta maritima,Beta vulgaris subsp. vulgaris,Beta vulgaris,Revisar,Los tres nombres aceptados son diferentes
Bidens.pilosa,Bidens pilosa,Bidens pilosa,Bidens pilosa,Coinciden,Coinciden las tres fuentes
Bidens.aristosa,Bidens aristosa,Bidens aristosa,Bidens aristosa,Coinciden,Coinciden las tres fuentes
Bidens.laevis,Bidens laevis,Bidens laevis,Bidens laevis,Coinciden,Coinciden las tres fuentes
Bidens.frondosa,Bidens frondosa,,Bidens frondosa,Revisar,Coinciden GBIF y WFO; rWCVP sin resultado
Bidens.connata,Bidens connata,Bidens connata,Bidens connata,Coinciden,Coinciden las tres fuentes
Bidens.bipinnata,Bidens bipinnata,,Bidens bipinnata,Revisar,Coinciden GBIF y WFO; rWCVP sin resultado
Billbergia.amoena,Billbergia amoena,Billbergia amoena,Billbergia amoena,Coinciden,Coinciden las tres fuentes
Biscutella.didyma,Biscutella didyma,Biscutella didyma,Biscutella didyma,Coinciden,Coinciden las tres fuentes
Bistorta.tenuicaulis,Bistorta tenuicaulis,Bistorta tenuicaulis,,Revisar,Coinciden GBIF y rWCVP; WFO sin resultado
Bituminaria.bituminosa,Bituminaria bituminosa,Bituminaria bituminosa,Bituminaria bituminosa,Coinciden,Coinciden las tres fuentes
Blakea.trinervia,Blakea trinervia,,Blakea trinervia,Revisar,Coinciden GBIF y WFO; rWCVP sin resultado
Blastus.cochinchinensis,Blastus cochinchinensis,Blastus cochinchinensis,Blastus cochinchinensis,Coinciden,Coinciden las tres fuentes
Blechum.pyramidatum,Ruellia blechum,Ruellia blechum,Ruellia blechum,Coinciden,Coinciden las tres fuentes
Blephilia.hirsuta,Blephilia hirsuta,Blephilia hirsuta,Blephilia hirsuta,Coinciden,Coinciden las tres fuentes
Blephilia.ciliata,Blephilia ciliata,Blephilia ciliata,Blephilia ciliata,Coinciden,Coinciden las tres fuentes
Blumenbachia.insignis,Blumenbachia insignis,Blumenbachia insignis,Blumenbachia insignis,Coinciden,Coinciden las tres fuentes
Boltonia.asteroides,Boltonia asteroides,,Boltonia asteroides,Revisar,Coinciden GBIF y WFO; rWCVP sin resultado
Bonnetia.sessilis,Bonnetia sessilis,Bonnetia sessilis,Bonnetia sessilis,Coinciden,Coinciden las tres fuentes
Borreria.laevis,Spermacoce tenuior,Spermacoce tenuior,Spermacoce tenuior,Coinciden,Coinciden las tres fuentes
Borreria.capitata,Spermacoce capitata,Spermacoce capitata,Spermacoce capitata,Coinciden,Coinciden las tres fuentes
Bougainvillea.sp1.M.PL.026,,,,Revisar,Sin resultados en las tres fuentes
Bourreria.succulenta,Bourreria succulenta,Bourreria succulenta,Bourreria succulenta,Coinciden,Coinciden las tres fuentes
Bowlesia.tropaeolifolia,Bowlesia tropaeolifolia,Bowlesia tropaeolifolia,Bowlesia tropaeolifolia,Coinciden,Coinciden las tres fuentes
Brachycome.stolonifera,,Brachyscome stolonifera,Brachyscome stolonifera,Revisar,Coinciden rWCVP y WFO; GBIF sin resultado
Brachycome.scapigera,,Brachyscome scapigera,Brachyscome scapigera,Revisar,Coinciden rWCVP y WFO; GBIF sin resultado
Brachycome.scapiformis,,Brachyscome tenuiscapa var. tenuiscapa,Brachyscome scapiformis,Revisar,Falta resultado en una o más fuentes
Brachycome.sinlcairii,,Brachyscome sinclairii,Brachyscome sinclairii,Revisar,Coinciden rWCVP y WFO; GBIF sin resultado
Brachycome.sp1.M.PL.019,,,,Revisar,Sin resultados en las tres fuentes
Brassica.campestris,Brassica campestris,Brassica rapa,Brassica rapa subsp. oleifera,Revisar,Los tres nombres aceptados son diferentes
Brassica.fruticulosa,Brassica fruticulosa,Brassica fruticulosa,Brassica fruticulosa,Coinciden,Coinciden las tres fuentes
Brauneria.purpurea,Echinacea purpurea,Echinacea purpurea,Echinacea purpurea,Coinciden,Coinciden las tres fuentes
Brauneria.pallida,Echinacea pallida,Echinacea pallida,Echinacea pallida,Coinciden,Coinciden las tres fuentes
Braya.sp1.M.PL.014,,,,Revisar,Sin resultados en las tres fuentes
Bredia.hirsuta,Bredia hirsuta,Bredia hirsuta,Bredia hirsuta,Coinciden,Coinciden las tres fuentes
Brocchinia.acuminata,Brocchinia acuminata,Brocchinia acuminata,Brocchinia acuminata,Coinciden,Coinciden las tres fuentes
Broughtonia.sanguinea,Broughtonia sanguinea,Broughtonia sanguinea,Broughtonia sanguinea,Coinciden,Coinciden las tres fuentes
Buddleia.davidii,,Buddleja davidii,Buddleja davidii,Revisar,Coinciden rWCVP y WFO; GBIF sin resultado
Bunchosia.media,Bunchosia glandulosa,Bunchosia glandulosa,Bunchosia glandulosa,Coinciden,Coinciden las tres fuentes
Bursera.graveolens,Bursera graveolens,Bursera graveolens,Bursera graveolens,Coinciden,Coinciden las tres fuentes
Bursera.simaruba.,Bursera simaruba,Bursera simaruba,Bursera simaruba,Coinciden,Coinciden las tres fuentes
Byrsonia.coriacea,,Byrsonima crassifolia,Byrsonima crassifolia,Revisar,Coinciden rWCVP y WFO; GBIF sin resultado
Byrsonima.spicata,Byrsonima spicata,,Byrsonima spicata,Revisar,Coinciden GBIF y WFO; rWCVP sin resultado
Byrsonima.gardnerana,,Byrsonima gardneriana,Byrsonima gardneriana,Revisar,Coinciden rWCVP y WFO; GBIF sin resultado
Byrsonima.sp1.M.PL.040,,,,Revisar,Sin resultados en las tres fuentes
Cacabus.miersii,Exodeconus miersii,Exodeconus miersii,Exodeconus miersii,Coinciden,Coinciden las tres fuentes
Cacalia.adenostyloides,Cacalia adenostyloides,Parasenecio adenostyloides,Parasenecio adenostyloides,Revisar,Coinciden rWCVP y WFO; GBIF es diferente
Cacalia.delphiniifolia,Japonicalia delphiniifolia,Japonicalia delphiniifolia,Parasenecio delphiniifolius,Revisar,Coinciden GBIF y rWCVP; WFO es diferente
Cacalia.atriplicifolia,Arnoglossum atriplicifolium,Arnoglossum atriplicifolium,Arnoglossum atriplicifolium,Coinciden,Coinciden las tres fuentes
Cacalia.reniformis,Cacalia reniformis,,,Revisar,Falta resultado en una o más fuentes
Cacalia.tuberosa,Cacalia tuberosa,,,Revisar,Falta resultado en una o más fuentes
Cacalia.hastata.farfaraefolia,Cacalia hastata subsp. farfaraefolia,Parasenecio hastatus var. hastatus,Parasenecio hastatus,Revisar,Los tres nombres aceptados son diferentes
Caesalpinia.pulcherrima,Caesalpinia pulcherrima,Caesalpinia pulcherrima,Caesalpinia pulcherrima,Coinciden,Coinciden las tres fuentes
Caiophora.coronata,Caiophora coronata,Caiophora coronata,Caiophora coronata,Coinciden,Coinciden las tres fuentes
Calamagrostis.arundinacea,Calamagrostis arundinacea,,Calamagrostis arundinacea,Revisar,Coinciden GBIF y WFO; rWCVP sin resultado
Calandrinia.uspallatensis,Montiopsis potentilloides,Montiopsis potentilloides,,Revisar,Coinciden GBIF y rWCVP; WFO sin resultado
Calandrinia.affinis,Calandrinia affinis,Calandrinia affinis,Calandrinia affinis,Coinciden,Coinciden las tres fuentes
Calandrinia.picta,Cistanthe picta,Cistanthe picta,Cistanthe picta,Coinciden,Coinciden las tres fuentes
Calandrinia.dianthoides,Montiopsis cistiflora,Montiopsis cistiflora,Montiopsis cistiflora,Coinciden,Coinciden las tres fuentes
Calandrinia.occulta,Calandrinia compacta,Calandrinia compacta,Calandrinia compacta,Coinciden,Coinciden las tres fuentes
Calandrinia.sericea,,,,Revisar,Sin resultados en las tres fuentes
Calandrinia.caespitosa,Calandrinia caespitosa,Calandrinia caespitosa,Calandrinia caespitosa,Coinciden,Coinciden las tres fuentes
Calceolaria.sp,,,,Revisar,Sin resultados en las tres fuentes
Calceolaria.montana,Calceolaria corymbosa subsp. montana,Calceolaria mollissima,Calceolaria mollissima,Revisar,Coinciden rWCVP y WFO; GBIF es diferente
Calceolaria.biflora,Calceolaria biflora,,Calceolaria biflora,Revisar,Coinciden GBIF y WFO; rWCVP sin resultado
Calceolaria.crenatiflora,Calceolaria crenatiflora,Calceolaria crenatiflora,Calceolaria crenatiflora,Coinciden,Coinciden las tres fuentes
Calceolaria.arachnoides,Calceolaria arachnoides,Calceolaria arachnoidea,Calceolaria arachnoides,Revisar,Coinciden GBIF y WFO; rWCVP es diferente
Caldcluvia.paniculata,Caldcluvia paniculata,Caldcluvia paniculata,Caldcluvia paniculata,Coinciden,Coinciden las tres fuentes
Calea.lucidivenia,Calea lucidivenia,Calea lucidivenia,Calea lucidivenia,Coinciden,Coinciden las tres fuentes
Calendula.arvensis,Calendula arvensis,Calendula arvensis,Calendula arvensis,Coinciden,Coinciden las tres fuentes
Calliandra.tergemina,Calliandra tergemina,Calliandra tergemina,Calliandra tergemina,Coinciden,Coinciden las tres fuentes
Callicarpa.japonica,Callicarpa japonica,Callicarpa japonica,Callicarpa japonica,Coinciden,Coinciden las tres fuentes
Calluna.vulgaris,Calluna vulgaris,Calluna vulgaris,Calluna vulgaris,Coinciden,Coinciden las tres fuentes
Calochortus.gunnisoni,Calochortus gunnisonii,Calochortus gunnisonii,Calochortus gunnisonii,Coinciden,Coinciden las tres fuentes
Calophyllum.eputamen,Calophyllum eputamen,Calophyllum eputamen,Calophyllum eputamen,Coinciden,Coinciden las tres fuentes
Calophyllum.eputamen.var.eputamen,Calophyllum eputamen var. eputamen,Calophyllum eputamen var. eputamen,Calophyllum eputamen var. eputamen,Coinciden,Coinciden las tres fuentes
Calopogon.pulchellus,Calopogon tuberosus var. tuberosus,Calopogon tuberosus var. tuberosus,Calopogon tuberosus var. tuberosus,Coinciden,Coinciden las tres fuentes
Caltha.palustris.,Caltha palustris,Caltha palustris,Caltha palustris,Coinciden,Coinciden las tres fuentes
Caltha.leptosepala,Caltha leptosepala,Caltha leptosepala,Caltha leptosepala,Coinciden,Coinciden las tres fuentes
Calystegia.japonica,Calystegia pubescens,Calystegia pubescens,Calystegia pubescens,Coinciden,Coinciden las tres fuentes
Calystegia.sepium,Calystegia sepium,Calystegia sepium,Calystegia sepium,Coinciden,Coinciden las tres fuentes
Camassia.esculenta,,,Camassia scilloides,Revisar,Falta resultado en una o más fuentes
Camellia.sasanqua,Camellia sasanqua,,Camellia sasanqua,Revisar,Coinciden GBIF y WFO; rWCVP sin resultado
Camellia.japonica,Camellia japonica,Camellia japonica,Camellia japonica,Coinciden,Coinciden las tres fuentes
Campanula.punctata.,Campanula punctata,Campanula punctata,Campanula punctata,Coinciden,Coinciden las tres fuentes
Campanula.drabifolia,Campanula drabifolia,,Campanula drabifolia,Revisar,Coinciden GBIF y WFO; rWCVP sin resultado
Campanula.rotundifolia,Campanula rotundifolia,Campanula rotundifolia,Campanula rotundifolia,Coinciden,Coinciden las tres fuentes
Campanula.americana,Campanula americana,Campanulastrum americanum,Campanula americana,Revisar,Coinciden GBIF y WFO; rWCVP es diferente
Campnosperma.seychellarum,Campnosperma seychellarum,Campnosperma seychellarum,Campnosperma seychellarum,Coinciden,Coinciden las tres fuentes
Campsis.radicans,Campsis radicans,Campsis radicans,Campsis radicans,Coinciden,Coinciden las tres fuentes
Campsis.grandiflora,Campsis grandiflora,Campsis grandiflora,Campsis grandiflora,Coinciden,Coinciden las tres fuentes
Canavalia.lineata,Canavalia lineata,Canavalia lineata,Canavalia lineata,Coinciden,Coinciden las tres fuentes
Canistrum.triangulare,Canistrum triangulare,Canistrum triangulare,Canistrum triangulare,Coinciden,Coinciden las tres fuentes
Canna.sp1.M.PL.026,,,,Revisar,Sin resultados en las tres fuentes
Canna.glauca,Canna glauca,Canna glauca,Canna glauca,Coinciden,Coinciden las tres fuentes
Canthium.bibracteatum,Pyrostria bibracteata,Pyrostria bibracteata,Pyrostria bibracteata,Coinciden,Coinciden las tres fuentes
Caperonia.pallustris,Caperonia palustris,Caperonia palustris,Caperonia palustris,Coinciden,Coinciden las tres fuentes
Capnoides.aureum,Corydalis aurea,Corydalis aurea,Corydalis aurea,Coinciden,Coinciden las tres fuentes
Capparis.ferruginea,,Morisonia ferruginea,Morisonia ferruginea,Revisar,Coinciden rWCVP y WFO; GBIF sin resultado
Capparis.ovata,Capparis spinosa var. herbacea,,Capparis spinosa var. herbacea,Revisar,Coinciden GBIF y WFO; rWCVP sin resultado
Capraria.biflora,Capraria biflora,Capraria biflora,Capraria biflora,Coinciden,Coinciden las tres fuentes
Capsella.bursa-pastoris,Capsella bursa-pastoris,Capsella bursa-pastoris,Capsella bursa-pastoris,Coinciden,Coinciden las tres fuentes
Capsicum.frutescens,Capsicum frutescens,Capsicum frutescens,Capsicum frutescens,Coinciden,Coinciden las tres fuentes
Cardamine.tyrata,,Cardamine lyrata,Cardamine lyrata,Revisar,Coinciden rWCVP y WFO; GBIF sin resultado
Cardamine.regeliana,Cardamine regeliana,Cardamine scutata,Cardamine scutata,Revisar,Coinciden rWCVP y WFO; GBIF es diferente
Cardamine.nivalis,,,Cardamine cordata,Revisar,Falta resultado en una o más fuentes
Cardamine.angustata.angustata,Cardamine angustata,,Cardamine angustata,Revisar,Coinciden GBIF y WFO; rWCVP sin resultado
Cardamine.bulbosa,Cardamine bulbosa,Cardamine bulbosa,Cardamine bulbosa,Coinciden,Coinciden las tres fuentes
Cardamine.tanakae,Cardamine tanakae,Cardamine tanakae,Cardamine tanakae,Coinciden,Coinciden las tres fuentes
Cardaria.draba,Lepidium draba,Lepidium draba,Lepidium draba,Coinciden,Coinciden las tres fuentes
Cardiandra.alternifolia,,Hydrangea alternifolia,Hydrangea alternifolia,Revisar,Coinciden rWCVP y WFO; GBIF sin resultado
Cardiospermum.galapageium,Cardiospermum corindum,Cardiospermum corindum,Cardiospermum corindum,Coinciden,Coinciden las tres fuentes
Carduus.pycnocephalus,Carduus pycnocephalus,Carduus pycnocephalus,Carduus pycnocephalus,Coinciden,Coinciden las tres fuentes
Carduus.acanthoides,Carduus acanthoides,,Carduus acanthoides,Revisar,Coinciden GBIF y WFO; rWCVP sin resultado
Carduus.tenuiflorus,Carduus tenuiflorus,Carduus tenuiflorus,Carduus tenuiflorus,Coinciden,Coinciden las tres fuentes
Carduus.hookerianus,Cirsium hookerianum,Cirsium hookerianum,Cirsium hookerianum,Coinciden,Coinciden las tres fuentes
Carex.curvicollis,Carex curvicollis,Carex curvicollis,Carex curvicollis,Coinciden,Coinciden las tres fuentes
Carica.papaya,Carica papaya,Carica papaya,Carica papaya,Coinciden,Coinciden las tres fuentes
Carmichaelia.angusta,Carmichaelia odorata,Carmichaelia odorata,Carmichaelia odorata,Coinciden,Coinciden las tres fuentes
Carolus.chasei,Carolus chasei,Carolus chasei,Carolus chasei,Coinciden,Coinciden las tres fuentes
Carpesium.divaricatum,Carpesium divaricatum,Carpesium divaricatum,Carpesium divaricatum,Coinciden,Coinciden las tres fuentes
Carpobrotus.sp1.M.PL.058,,,,Revisar,Sin resultados en las tres fuentes
Caryopteris.divaricata,Tripora divaricata,Tripora divaricata,Tripora divaricata,Coinciden,Coinciden las tres fuentes
Casearia.coriacea,Casearia coriacea,,Casearia coriacea,Revisar,Coinciden GBIF y WFO; rWCVP sin resultado
Cassia.sp1.M.PL.026,,,,Revisar,Sin resultados en las tres fuentes
Cassia.picta,Senna pistaciifolia var. picta,Senna pistaciifolia var. picta,Senna pistaciifolia var. picta,Coinciden,Coinciden las tres fuentes
Cassia.chamaecrista,,Chamaecrista fasciculata,Chamaecrista chamaecristoides,Revisar,Falta resultado en una o más fuentes
Cassia.sp1.M.PL.035,,,,Revisar,Sin resultados en las tres fuentes
Cassia.occidentalis,Senna occidentalis,Senna occidentalis,Senna occidentalis,Coinciden,Coinciden las tres fuentes
Cassia.marilandica,Senna marilandica,Senna marilandica,Senna marilandica,Coinciden,Coinciden las tres fuentes
Cassinia.vauvilliersii,Ozothamnus leptophyllus,Ozothamnus vauvilliersii,Cassinia vauvilliersii,Revisar,Los tres nombres aceptados son diferentes
Cassinia.fulvida,Ozothamnus leptophyllus,Ozothamnus leptophyllus,Cassinia fulvida,Revisar,Coinciden GBIF y rWCVP; WFO es diferente
Cassiope.hypnoides,Harrimanella hypnoides,Cassiope hypnoides,Harrimanella hypnoides,Revisar,Coinciden GBIF y WFO; rWCVP es diferente
Cassiope.tetragona,Cassiope tetragona,Cassiope tetragona,Cassiope tetragona,Coinciden,Coinciden las tres fuentes
Castalia.tuberosa,Nymphaea odorata subsp. tuberosa,Nymphaea odorata subsp. tuberosa,Nymphaea odorata subsp. tuberosa,Coinciden,Coinciden las tres fuentes
Castanea.crenata,Castanea crenata,Castanea crenata,Castanea crenata,Coinciden,Coinciden las tres fuentes
Castanopsis.sieboldii,Castanopsis sieboldii,Castanopsis sieboldii,Castanopsis sieboldii,Coinciden,Coinciden las tres fuentes
Castela.galapageia,Castela galapageia,Castela galapageia,Castela galapageia,Coinciden,Coinciden las tres fuentes
Castilleia.miniata,,Castilleja miniata,Castilleja miniata,Revisar,Coinciden rWCVP y WFO; GBIF sin resultado
Castilleja.coccinea,Castilleja coccinea,,Castilleja coccinea,Revisar,Coinciden GBIF y WFO; rWCVP sin resultado
Catasetum.discolor,Catasetum discolor,Catasetum discolor,Catasetum discolor,Coinciden,Coinciden las tres fuentes
Catharanthus.roseus,Catharanthus roseus,Catharanthus roseus,Catharanthus roseus,Coinciden,Coinciden las tres fuentes
Caulophyllum.thalictroides,Caulophyllum thalictroides,Caulophyllum thalictroides,Caulophyllum thalictroides,Coinciden,Coinciden las tres fuentes
Cayratia.japonica,Cayratia japonica,Causonis japonica,Causonis japonica,Revisar,Coinciden rWCVP y WFO; GBIF es diferente
Ceanothus.americanus,Ceanothus americanus,Ceanothus americanus,Ceanothus americanus,Coinciden,Coinciden las tres fuentes
Ceballosia.fruticosa,Heliotropium messerschmidioides,Heliotropium messerschmidioides,,Revisar,Coinciden GBIF y rWCVP; WFO sin resultado
Cedronella.canariensis,Cedronella canariensis,Cedronella canariensis,Cedronella canariensis,Coinciden,Coinciden las tres fuentes
Celastrus.scandens,Celastrus scandens,Celastrus scandens,Celastrus scandens,Coinciden,Coinciden las tres fuentes
Celmisia.discolor,Celmisia discolor,Celmisia discolor,Celmisia discolor,Coinciden,Coinciden las tres fuentes
Celmisia.petiolata,Celmisia petiolata,Celmisia petiolata,Celmisia petiolata,Coinciden,Coinciden las tres fuentes
Celmisia.longifolia,Celmisia longifolia,Celmisia longifolia,Celmisia longifolia,Coinciden,Coinciden las tres fuentes
Celmisia.coriacea,Celmisia coriacea,Celmisia coriacea,Celmisia coriacea,Coinciden,Coinciden las tres fuentes
Celmisia.laricifolia,Celmisia laricifolia,Celmisia laricifolia,Celmisia laricifolia,Coinciden,Coinciden las tres fuentes
Celmisia.gracilenta,Celmisia gracilenta,Celmisia gracilenta,Celmisia gracilenta,Coinciden,Coinciden las tres fuentes
Celmisia.lyalii,Celmisia lyallii,Celmisia lyallii,Celmisia lyallii,Coinciden,Coinciden las tres fuentes
Celmisia.spectabilis,Celmisia spectabilis,Celmisia spectabilis,Celmisia spectabilis,Coinciden,Coinciden las tres fuentes
Celmisia.sessiliflora,Celmisia sessiliflora,Celmisia sessiliflora,Celmisia sessiliflora,Coinciden,Coinciden las tres fuentes
Celmisia.armstrongii,Celmisia armstrongii,Celmisia armstrongii,Celmisia armstrongii,Coinciden,Coinciden las tres fuentes
Centaurea.orphanidea,Centaurea orphanidea,Centaurea orphanidea,Centaurea orphanidea,Coinciden,Coinciden las tres fuentes
Centaurea.nigra,Centaurea nigra,,Centaurea nigra,Revisar,Coinciden GBIF y WFO; rWCVP sin resultado
Centaurea.jacea,Centaurea jacea,Centaurea jacea,Centaurea jacea,Coinciden,Coinciden las tres fuentes
Centaurea.raphanina,Centaurea raphanina,,Centaurea raphanina,Revisar,Coinciden GBIF y WFO; rWCVP sin resultado
Centrosema.virginianum,Centrosema virginianum,Centrosema virginianum,Centrosema virginianum,Coinciden,Coinciden las tres fuentes
Cephalantera.falcata,,Cephalanthera falcata,Cephalanthera falcata,Revisar,Coinciden rWCVP y WFO; GBIF sin resultado
Cephalanthus.occidentalis,Cephalanthus occidentalis,,Cephalanthus occidentalis,Revisar,Coinciden GBIF y WFO; rWCVP sin resultado
Cerastium.montioides,Cerastium humifusum,Cerastium montioides,Cerastium humifusum,Revisar,Coinciden GBIF y WFO; rWCVP es diferente
Cerastium.mollissimum,Cerastium mollissimum,Cerastium mollissimum,Cerastium mollissimum,Coinciden,Coinciden las tres fuentes
Cerastium.alpinum,Cerastium alpinum,,Cerastium alpinum,Revisar,Coinciden GBIF y WFO; rWCVP sin resultado
Cerastium.nutans,Cerastium nutans,Cerastium nutans,Cerastium nutans,Coinciden,Coinciden las tres fuentes
Cerastium.arcticum,Cerastium arcticum,Cerastium arcticum,Cerastium arcticum,Coinciden,Coinciden las tres fuentes
Cerastium.fontanum,Cerastium fontanum,Cerastium fontanum,Cerastium fontanum,Coinciden,Coinciden las tres fuentes
Cerastium.arvense,Cerastium arvense,,Cerastium arvense,Revisar,Coinciden GBIF y WFO; rWCVP sin resultado
Cerastium.glomeratum,Cerastium glomeratum,Cerastium glomeratum,Cerastium glomeratum,Coinciden,Coinciden las tres fuentes
Cerbera.manghas,Cerbera manghas,Cerbera manghas,Cerbera manghas,Coinciden,Coinciden las tres fuentes
Cercis.siliquastrum,Cercis siliquastrum,Cercis siliquastrum,Cercis siliquastrum,Coinciden,Coinciden las tres fuentes
Cercis.canadensis,Cercis canadensis,Cercis canadensis,Cercis canadensis,Coinciden,Coinciden las tres fuentes
Chaerophyllum.temulentum,Chaerophyllum temulum,Chaerophyllum temulum,Chaerophyllum temulum,Coinciden,Coinciden las tres fuentes
Chaerophyllum.procumbens,Chaerophyllum procumbens,Chaerophyllum procumbens,Chaerophyllum procumbens,Coinciden,Coinciden las tres fuentes
Chaetanthera.microphylla,Chaetanthera microphylla,Chaetanthera microphylla,Chaetanthera microphylla,Coinciden,Coinciden las tres fuentes
Chaetanthera.flabellata,Chaetanthera flabellata,Chaetanthera flabellata,Chaetanthera flabellata,Coinciden,Coinciden las tres fuentes
Chaetanthera.pusilla,Oriastrum pusillum,Oriastrum pusillum,Chaetanthera pusilla,Revisar,Coinciden GBIF y rWCVP; WFO es diferente
Chaetanthera.euphrasioides,Chaetanthera euphrasioides,Chaetanthera euphrasioides,Chaetanthera euphrasioides,Coinciden,Coinciden las tres fuentes
Chaetanthera.lycopodioides,Oriastrum lycopodioides,Oriastrum lycopodioides,Chaetanthera lycopodioides,Revisar,Coinciden GBIF y rWCVP; WFO es diferente
Chaetanthera.apiculata,Oriastrum apiculatum,Oriastrum apiculatum,Chaetanthera apiculata,Revisar,Coinciden GBIF y rWCVP; WFO es diferente
Chamaecrista.glandulosa,Chamaecrista glandulosa,Chamaecrista glandulosa,Chamaecrista glandulosa,Coinciden,Coinciden las tres fuentes
Chamaedaphne.calyculata,Chamaedaphne calyculata,Chamaedaphne calyculata,Chamaedaphne calyculata,Coinciden,Coinciden las tres fuentes
Chamaenerion.angustifolium,Chamaenerion angustifolium,Epilobium angustifolium,Epilobium angustifolium,Revisar,Coinciden rWCVP y WFO; GBIF es diferente
Chamaerops.humilis,Chamaerops humilis,Chamaerops humilis,Chamaerops humilis,Coinciden,Coinciden las tres fuentes
Chamerion.angustifolium,Chamaenerion angustifolium subsp. angustifolium,Epilobium angustifolium,Epilobium angustifolium,Revisar,Coinciden rWCVP y WFO; GBIF es diferente
Chamomilla.recutita,Matricaria chamomilla,Matricaria chamomilla,,Revisar,Coinciden GBIF y rWCVP; WFO sin resultado
Chamomilla.suaveolens,Matricaria discoidea,Matricaria discoidea,Matricaria discoidea,Coinciden,Coinciden las tres fuentes
Chassalia.petrinensis,Chassalia petrinensis,Chassalia petrinensis,Chassalia petrinensis,Coinciden,Coinciden las tres fuentes
Chassalia.coriacea,Chassalia coriacea,Chassalia coriacea,Chassalia coriacea,Coinciden,Coinciden las tres fuentes
Chassalia.coriacea.var.coriacea,Chassalia coriacea var. coriacea,Chassalia coriacea var. coriacea,Chassalia coriacea var. coriacea,Coinciden,Coinciden las tres fuentes
Chelidonium.majus,Chelidonium majus,Chelidonium majus,Chelidonium majus,Coinciden,Coinciden las tres fuentes
Chimaphila.umbellata,Chimaphila umbellata,Chimaphila umbellata,Chimaphila umbellata,Coinciden,Coinciden las tres fuentes
Chiococa.alba,,Chiococca alba,Chiococca alba,Revisar,Coinciden rWCVP y WFO; GBIF sin resultado
Chionographis.japonica,Chamaelirium japonicum,Chamaelirium japonicum,Chamaelirium japonicum,Coinciden,Coinciden las tres fuentes
Chondrilla.ramosissima,Chondrilla ramosissima,,Chondrilla ramosissima,Revisar,Coinciden GBIF y WFO; rWCVP sin resultado
Chondrilla.juncea,Chondrilla juncea,Chondrilla juncea,Chondrilla juncea,Coinciden,Coinciden las tres fuentes
Chromolanea.sp1.M.PL.031,,,,Revisar,Sin resultados en las tres fuentes
Chrysanthemum.maximum,Chrysanthemum maximum,Leucanthemum maximum,Chrysanthemum maximum,Revisar,Coinciden GBIF y WFO; rWCVP es diferente
Chrysanthemum.coronarium,Glebionis coronaria,Glebionis coronaria,Glebionis coronaria,Coinciden,Coinciden las tres fuentes
Chrysobalanus.icaco,Chrysobalanus icaco,Chrysobalanus icaco,Chrysobalanus icaco,Coinciden,Coinciden las tres fuentes
Chrysopsis.villosa,Heterotheca villosa,Heterotheca villosa,Chrysopsis villosa,Revisar,Coinciden GBIF y rWCVP; WFO es diferente
Chuquiraga.oppositifolia,Chuquiraga oppositifolia,Chuquiraga oppositifolia,Chuquiraga oppositifolia,Coinciden,Coinciden las tres fuentes
Cicuta.maculata,Cicuta maculata,Cicuta maculata,Cicuta maculata,Coinciden,Coinciden las tres fuentes
Cimicifuga.acerina,Actaea japonica,Actaea japonica,Actaea japonica,Coinciden,Coinciden las tres fuentes
Cimicifuga.simplex,Actaea simplex,Actaea simplex,Actaea simplex,Coinciden,Coinciden las tres fuentes
Cinnamomum.doederleinii,Cinnamomum doederleinii,Cinnamomum doederleinii,Cinnamomum doederleinii,Coinciden,Coinciden las tres fuentes
Cinnamomum.verum,Cinnamomum verum,Cinnamomum verum,Cinnamomum verum,Coinciden,Coinciden las tres fuentes
Cinnamomum.camphora,Cinnamomum camphora,Camphora officinarum,Cinnamomum camphora,Revisar,Coinciden GBIF y WFO; rWCVP es diferente
Circaea.lutetiana,Circaea lutetiana,Circaea lutetiana,Circaea lutetiana,Coinciden,Coinciden las tres fuentes
Cirsium.vulgare,Cirsium vulgare,Cirsium vulgare,Cirsium vulgare,Coinciden,Coinciden las tres fuentes
Cirsium.sieboldii,Cirsium sieboldii,Cirsium sieboldii,Cirsium sieboldii,Coinciden,Coinciden las tres fuentes
Cirsium.arvense,Cirsium arvense,Cirsium arvense,Cirsium arvense,Coinciden,Coinciden las tres fuentes
Cirsium.japonicum,Cirsium japonicum,Cirsium japonicum,Cirsium japonicum,Coinciden,Coinciden las tres fuentes
Cirsium.palustre,Cirsium palustre,,Cirsium palustre,Revisar,Coinciden GBIF y WFO; rWCVP sin resultado
Cirsium.brevicaule,Cirsium brevicaule,Cirsium brevicaule,Cirsium brevicaule,Coinciden,Coinciden las tres fuentes
Cirsium.pumilum,Cirsium pumilum,Cirsium pumilum,Cirsium pumilum,Coinciden,Coinciden las tres fuentes
Cirsium.discolor,Cirsium discolor,,Cirsium discolor,Revisar,Coinciden GBIF y WFO; rWCVP sin resultado
Cirsium.altissimum,Cirsium altissimum,Cirsium altissimum,Cirsium altissimum,Coinciden,Coinciden las tres fuentes
Cirsium.kagamontanum,Cirsium kagamontanum,Cirsium kagamontanum,Cirsium kagamontanum,Coinciden,Coinciden las tres fuentes
Cirsium.nipponica,,Cirsium nipponicum,Cirsium nipponicum,Revisar,Coinciden rWCVP y WFO; GBIF sin resultado
Cirsium.pratensis,Cirsium pratensis,,Cirsium monspessulanum subsp. monspessulanum,Revisar,Falta resultado en una o más fuentes
Cirsium.microspicatum,Cirsium microspicatum,Cirsium microspicatum,Cirsium microspicatum,Coinciden,Coinciden las tres fuentes
Cirsium.oleraceum,Cirsium oleraceum,Cirsium oleraceum,Cirsium oleraceum,Coinciden,Coinciden las tres fuentes
Cirsium.suffultum,Cirsium suffultum,Cirsium suffultum,Cirsium suffultum,Coinciden,Coinciden las tres fuentes
Cirsium.effusum,Cirsium pulchellum,Cirsium pulchellum,,Revisar,Coinciden GBIF y rWCVP; WFO sin resultado
Cirsium.lanceolatum,Cirsium vulgare,,Cirsium lanceolatum,Revisar,Falta resultado en una o más fuentes
Cissus.sicycoides,,,Cissus discolor,Revisar,Falta resultado en una o más fuentes
Cistus.salvifolius,Cistus salviifolius,Cistus salviifolius,Cistus salviifolius,Coinciden,Coinciden las tres fuentes
Cistus.libanotis,Cistus libanotis,Cistus libanotis,Cistus libanotis,Coinciden,Coinciden las tres fuentes
Cistus.monspeliensis,Cistus monspeliensis,Cistus monspeliensis,Cistus monspeliensis,Coinciden,Coinciden las tres fuentes
Cistus.albidus,Cistus albidus,Cistus albidus,Cistus albidus,Coinciden,Coinciden las tres fuentes
Cistus.parviflorus,Cistus parviflorus,,Cistus parviflorus,Revisar,Coinciden GBIF y WFO; rWCVP sin resultado
Citrus.tachibana,Citrus ×tachibana,Citrus × tachibana,Citrus tachibana,Revisar,Los tres nombres aceptados son diferentes
Cladrastis.sikokiana,Cladrastis sikokiana,Cladrastis shikokiana,,Revisar,Falta resultado en una o más fuentes
Claoxylon.linostachys,Claoxylon linostachys,Claoxylon linostachys,Claoxylon linostachys,Coinciden,Coinciden las tres fuentes
Claoxylon.linostachys.ssp.brachyphyllum,Claoxylon linostachys subsp. brachyphyllum,Claoxylon linostachys subsp. brachyphyllum,Claoxylon linostachys subsp. brachyphyllum,Coinciden,Coinciden las tres fuentes
Clarkia.tenella,Clarkia tenella,Clarkia tenella,Clarkia tenella,Coinciden,Coinciden las tres fuentes
Claytonia.virginica,Claytonia virginica,Claytonia virginica,Claytonia virginica,Coinciden,Coinciden las tres fuentes
Cleanthes.brasiliensis,Holocheilus brasiliensis,Holocheilus brasiliensis,,Revisar,Coinciden GBIF y rWCVP; WFO sin resultado
Clematis.terniflora,Clematis terniflora,Clematis terniflora,Clematis terniflora,Coinciden,Coinciden las tres fuentes
Clematis.pitcheri,Clematis pitcheri,Clematis pitcheri,Clematis pitcheri,Coinciden,Coinciden las tres fuentes
Clematis.virginiana,Clematis virginiana,,Clematis virginiana,Revisar,Coinciden GBIF y WFO; rWCVP sin resultado
Clematis.apiifolia,Clematis apiifolia,Clematis apiifolia,Clematis apiifolia,Coinciden,Coinciden las tres fuentes
Clematis.grata,Clematis grata,,Clematis grata,Revisar,Coinciden GBIF y WFO; rWCVP sin resultado
Clematis.vitalba,Clematis vitalba,Clematis vitalba,Clematis vitalba,Coinciden,Coinciden las tres fuentes
Clementsia.rhodantha,Rhodiola rhodantha,Rhodiola rhodantha,Sedum rhodanthum,Revisar,Coinciden GBIF y rWCVP; WFO es diferente
Cleome.serrulata,,,Cleome usambarica,Revisar,Falta resultado en una o más fuentes
Clerodendrum.trichotomum,Clerodendrum trichotomum,Clerodendrum trichotomum,Clerodendrum trichotomum,Coinciden,Coinciden las tres fuentes
Clerodendrum.molle,,,Clerodendrum villosum,Revisar,Falta resultado en una o más fuentes
Clerodendrum.molle.glabr.,,,Volkameria mollis,Revisar,Falta resultado en una o más fuentes
Clethra.barbinervis,Clethra barbinervis,Clethra barbinervis,Clethra barbinervis,Coinciden,Coinciden las tres fuentes
Clidemia.capitellata,Miconia dependens,Miconia dependens,Miconia dependens,Coinciden,Coinciden las tres fuentes
Clinopodium.micranthum,Clinopodium micranthum,Clinopodium micranthum,Clinopodium micranthum,Coinciden,Coinciden las tres fuentes
Clinopodium.chinense.grandiflorum,Clinopodium chinense subsp. grandiflorum,Clinopodium chinense subsp. grandiflorum,Clinopodium chinense,Revisar,Coinciden GBIF y rWCVP; WFO es diferente
Clintonia.borealis,Clintonia borealis,Clintonia borealis,Clintonia borealis,Coinciden,Coinciden las tres fuentes
Clusia.grandiflora,Clusia grandiflora,Clusia grandiflora,Clusia grandiflora,Coinciden,Coinciden las tres fuentes
Clusia.pusilla,Clusia pusilla,Clusia pusilla,Clusia pusilla,Coinciden,Coinciden las tres fuentes
Coccoloba.sp1.M.PL.041,,,,Revisar,Sin resultados en las tres fuentes
Cochlearia.groenlandica,Cochlearia groenlandica,Cochlearia groenlandica,Cochlearia groenlandica,Coinciden,Coinciden las tres fuentes
Codonopsis.lanceolata,Codonopsis lanceolata,Codonopsis lanceolata,Codonopsis lanceolata,Coinciden,Coinciden las tres fuentes
Coffea.arabica.,Coffea arabica,Coffea arabica,Coffea arabica,Coinciden,Coinciden las tres fuentes
Coffea.macrocarpa,Coffea macrocarpa,Coffea macrocarpa,Coffea macrocarpa,Coinciden,Coinciden las tres fuentes
Coffea.mauritiana,Coffea mauritiana,Coffea mauritiana,Coffea mauritiana,Coinciden,Coinciden las tres fuentes
Colea.seychellarum,Colea seychellarum,Colea seychellarum,Colea seychellarum,Coinciden,Coinciden las tres fuentes
Colletia.paradoxa,Colletia paradoxa,Colletia paradoxa,Colletia paradoxa,Coinciden,Coinciden las tres fuentes
Collinsia.verna,Collinsia verna,Collinsia verna,Collinsia verna,Coinciden,Coinciden las tres fuentes
Collomia.biflora,Collomia biflora,Collomia biflora,Collomia biflora,Coinciden,Coinciden las tres fuentes
Comandra.umbellata,Comandra umbellata,Comandra umbellata,Comandra umbellata,Coinciden,Coinciden las tres fuentes
Commelina.communis,Commelina communis,,Commelina communis,Revisar,Coinciden GBIF y WFO; rWCVP sin resultado
Commelina.erecta,Commelina erecta,Commelina erecta,Commelina erecta,Coinciden,Coinciden las tres fuentes
Commicarpus.tuberosus,Commicarpus tuberosus,Commicarpus tuberosus,Boerhavia tuberosa,Revisar,Coinciden GBIF y rWCVP; WFO es diferente
Conium.maculatum,Conium maculatum,Conium maculatum,Conium maculatum,Coinciden,Coinciden las tres fuentes
Conocarpus.erectus,Conocarpus erectus,Conocarpus erectus,Conocarpus erectus,Coinciden,Coinciden las tres fuentes
Convolvulus.sp1.M.PL.050,,,,Revisar,Sin resultados en las tres fuentes
Convolvulus.cantabrica,Convolvulus cantabrica,Convolvulus cantabrica,Convolvulus cantabrica,Coinciden,Coinciden las tres fuentes
Convolvulus.arvensis,Convolvulus arvensis,Convolvulus arvensis,Convolvulus arvensis,Coinciden,Coinciden las tres fuentes
Convolvulus.sepium,Convolvulus sepium,Calystegia sepium,Calystegia sepium,Revisar,Coinciden rWCVP y WFO; GBIF es diferente
Convolvulus.floridus,Convolvulus floridus,Convolvulus floridus,Convolvulus floridus,Coinciden,Coinciden las tres fuentes
Convolvulus.hermanniae,Convolvulus hermanniae,Convolvulus hermanniae,Convolvulus hermanniae,Coinciden,Coinciden las tres fuentes
Convolvulus.althaeoides,Convolvulus althaeoides,Convolvulus althaeoides,Convolvulus althaeoides,Coinciden,Coinciden las tres fuentes
Conyza.bonariensis,Erigeron bonariensis,Erigeron bonariensis,Erigeron bonariensis,Coinciden,Coinciden las tres fuentes
Cordemoya.integrifolia,Hancea integrifolia,Hancea integrifolia,Hancea integrifolia,Coinciden,Coinciden las tres fuentes
Cordia.martinicensis,,,Varronia martinicensis,Revisar,Falta resultado en una o más fuentes
Cordia.lutea,Cordia lutea,Cordia lutea,Cordia lutea,Coinciden,Coinciden las tres fuentes
Cordia.brownei,Varronia brownei,Varronia brownei,Varronia brownei,Coinciden,Coinciden las tres fuentes
Cordia.gerascanthus,Cordia gerascanthus,,Cordia gerascanthus,Revisar,Coinciden GBIF y WFO; rWCVP sin resultado
Cordia.leucophlyctis,Varronia leucophlyctis,Varronia leucophlyctis,Varronia leucophyctis,Revisar,Coinciden GBIF y rWCVP; WFO es diferente
Cordia.sebestena,Cordia sebestena,,Cordia sebestena,Revisar,Coinciden GBIF y WFO; rWCVP sin resultado
Cordia.revoluta,Varronia revoluta,Varronia revoluta,Varronia revoluta,Coinciden,Coinciden las tres fuentes
Cordia.sp1.M.PL.041,,,,Revisar,Sin resultados en las tres fuentes
Cordia.globosa,,,Varronia bullata subsp. humilis,Revisar,Falta resultado en una o más fuentes
Cordia.sp1.M.PL.026,,,,Revisar,Sin resultados en las tres fuentes
Coreopsis.palmata,Coreopsis palmata,Gyrophyllum palmatum,Coreopsis palmata,Revisar,Coinciden GBIF y WFO; rWCVP es diferente
Coreopsis.tripteris,Coreopsis tripteris,Gyrophyllum tripteris,Coreopsis tripteris,Revisar,Coinciden GBIF y WFO; rWCVP es diferente
Coreopsis.basalis,Coreopsis basalis,Coreopsis basalis,Coreopsis basalis,Coinciden,Coinciden las tres fuentes
Cornus.amomum,Cornus amomum,Cornus amomum,Cornus amomum,Coinciden,Coinciden las tres fuentes
Cornus.canadensis,Cornus canadensis,Cornus canadensis,Cornus canadensis,Coinciden,Coinciden las tres fuentes
Cornus.paniculata,,,Cornus oblonga,Revisar,Falta resultado en una o más fuentes
Cornus.florida,Cornus florida,Cornus florida,Cornus florida,Coinciden,Coinciden las tres fuentes
Cornutia.pyramidata,Cornutia pyramidata,Cornutia pyramidata,Cornutia pyramidata,Coinciden,Coinciden las tres fuentes
Corokia.cotoneaster,Corokia cotoneaster,Corokia cotoneaster,Corokia cotoneaster,Coinciden,Coinciden las tres fuentes
Corydalis.incisa,Corydalis incisa,Corydalis incisa,Corydalis incisa,Coinciden,Coinciden las tres fuentes
Corydalis.lineariloba,Corydalis lineariloba,Corydalis lineariloba,Corydalis lineariloba,Coinciden,Coinciden las tres fuentes
Corydalis.pallida,Corydalis pallida,Corydalis pallida,Corydalis pallida,Coinciden,Coinciden las tres fuentes
Cotula.pyrethrifolia,Leptinella pyrethrifolia,Leptinella pyrethrifolia,Leptinella pyrethrifolia,Coinciden,Coinciden las tres fuentes
Craspedia.uniflora,Craspedia uniflora,Craspedia uniflora,Craspedia uniflora,Coinciden,Coinciden las tres fuentes
Craspedia.sp1.M.PL.019,,,,Revisar,Sin resultados en las tres fuentes
Crataegus.crus-galli,Crataegus crus-galli,,Crataegus crus-galli,Revisar,Coinciden GBIF y WFO; rWCVP sin resultado
Crataegus.coccinea,Crataegus coccinea,,Crataegus coccinea,Revisar,Coinciden GBIF y WFO; rWCVP sin resultado
Crataegus.mollis,Crataegus mollis,,Crataegus mollis,Revisar,Coinciden GBIF y WFO; rWCVP sin resultado
Craterispermum.microdon,Craterispermum microdon,Craterispermum microdon,Craterispermum microdon,Coinciden,Coinciden las tres fuentes
Crepidiastrum.lanceolatum,Crepidiastrum lanceolatum,Crepidiastrum lanceolatum,Crepidiastrum lanceolatum,Coinciden,Coinciden las tres fuentes
Crepis.paludosa,Crepis paludosa,Crepis paludosa,Crepis paludosa,Coinciden,Coinciden las tres fuentes
Crepis.capillaris,Crepis capillaris,Crepis capillaris,Crepis capillaris,Coinciden,Coinciden las tres fuentes
Crithmum.maritimum,Crithmum maritimum,Crithmum maritimum,Crithmum maritimum,Coinciden,Coinciden las tres fuentes
Crocus.cancellatus,Crocus cancellatus,Crocus cancellatus,Crocus cancellatus,Coinciden,Coinciden las tres fuentes
Crocus.laevigatus,Crocus laevigatus,Crocus laevigatus,Crocus laevigatus,Coinciden,Coinciden las tres fuentes
Croomia.japonica,Croomia japonica,Croomia japonica,Croomia japonica,Coinciden,Coinciden las tres fuentes
Crotalaria.sagittalis,Crotalaria sagittalis,Crotalaria sagittalis,Crotalaria sagittalis,Coinciden,Coinciden las tres fuentes
Crotalaria.incana,Crotalaria incana,Crotalaria incana,Crotalaria incana,Coinciden,Coinciden las tres fuentes
Crotalaria.verrucosa,Crotalaria verrucosa,Crotalaria verrucosa,Crotalaria verrucosa,Coinciden,Coinciden las tres fuentes
Croton.grangeroides,,Croton grangerioides,Croton grangerioides,Revisar,Coinciden rWCVP y WFO; GBIF sin resultado
Croton.flavens,Croton flavens,Croton flavens,Croton flavens,Coinciden,Coinciden las tres fuentes
Croton.scouleri,Croton scouleri,Croton scouleri,Croton scouleri,Coinciden,Coinciden las tres fuentes
Croton.hirtus,Croton hirtus,Croton hirtus,Croton hirtus,Coinciden,Coinciden las tres fuentes
Croton.fothergillifolius,Croton fothergillifolius,Croton fothergillifolius,Croton fothergillifolius,Coinciden,Coinciden las tres fuentes
Crupina.crupinastrum,Crupina crupinastrum,Crupina crupinastrum,Crupina crupinastrum,Coinciden,Coinciden las tres fuentes
Cryptocarpus.pyriformis,Cryptocarpus pyriformis,Cryptocarpus pyriformis,Cryptocarpus pyriformis,Coinciden,Coinciden las tres fuentes
Cryptotaenia.japonica,Cryptotaenia japonica,Cryptotaenia japonica,Cryptotaenia japonica,Coinciden,Coinciden las tres fuentes
Cryptotaenia.canadensis,Cryptotaenia canadensis,Cryptotaenia canadensis,Cryptotaenia canadensis,Coinciden,Coinciden las tres fuentes
Cucurbita.melopepo,Cucurbita melopepo,Cucurbita melopepo,Cucurbita melopepo,Coinciden,Coinciden las tres fuentes
Cucurbita.pepo,Cucurbita pepo,Cucurbita pepo,Cucurbita pepo,Coinciden,Coinciden las tres fuentes
Cuphea.o'donellii,Cuphea odonellii,Cuphea odonellii,Cuphea odonellii,Coinciden,Coinciden las tres fuentes
Cuphea.petiolata,Cuphea petiolata,,Cuphea sessiliflora,Revisar,Falta resultado en una o más fuentes
Cuphea.fruticosa,Cuphea fruticosa,,Cuphea fruticosa,Revisar,Coinciden GBIF y WFO; rWCVP sin resultado
Cuphea.racemosa,Cuphea racemosa,Cuphea racemosa,Cuphea racemosa,Coinciden,Coinciden las tres fuentes
Cuscuta.glomerata,Cuscuta glomerata,Cuscuta glomerata,Cuscuta glomerata,Coinciden,Coinciden las tres fuentes
Cuscuta.cephalanthi,Cuscuta cephalanthi,Cuscuta cephalanthi,Cuscuta cephalanthi,Coinciden,Coinciden las tres fuentes
Cybianthus.quelchii,Cybianthus quelchii,Cybianthus quelchii,Cybianthus quelchii,Coinciden,Coinciden las tres fuentes
Cyclamen.graecum,Cyclamen graecum,Cyclamen graecum,Cyclamen graecum,Coinciden,Coinciden las tres fuentes
Cynanchum.ascyrifolium,Vincetoxicum ascyrifolium,Vincetoxicum ascyrifolium,Vincetoxicum ascyrifolium,Coinciden,Coinciden las tres fuentes
Cynanchum.diemii,Diplolepis diemii,Diplolepis diemii,Diplolepis diemii,Coinciden,Coinciden las tres fuentes
Cynara.cardunculus,Cynara cardunculus,Cynara cardunculus,Cynara cardunculus,Coinciden,Coinciden las tres fuentes
Cynoglossum.creticum,Cynoglossum creticum,Cynoglossum creticum,Cynoglossum creticum,Coinciden,Coinciden las tres fuentes
Cynoglossum.officinale,Cynoglossum officinale,Cynoglossum officinale,Cynoglossum officinale,Coinciden,Coinciden las tres fuentes
Cypella.herbertii,Cypella herbertii,Cypella herbertii,Cypella herbertii,Coinciden,Coinciden las tres fuentes
Cypripedium.guttatum.,Cypripedium guttatum,Cypripedium guttatum,Cypripedium guttatum,Coinciden,Coinciden las tres fuentes
Cypripedium.parviflorum.pubescens,Cypripedium parviflorum var. pubescens,Cypripedium parviflorum var. pubescens,Cypripedium parviflorum,Revisar,Coinciden GBIF y rWCVP; WFO es diferente
Cypripedium.acaule,Cypripedium acaule,Cypripedium acaule,Cypripedium acaule,Coinciden,Coinciden las tres fuentes
Cyrilla.racemiflora,Cyrilla racemiflora,Cyrilla racemiflora,Cyrilla racemiflora,Coinciden,Coinciden las tres fuentes
Cytisus.monspessulanus,Genista monspessulana,Genista monspessulana,Genista monspessulana,Coinciden,Coinciden las tres fuentes
Cytisus.grandiflorus,Cytisus grandiflorus,Cytisus grandiflorus,Cytisus grandiflorus,Coinciden,Coinciden las tres fuentes
Cytisus.scoparius,Cytisus scoparius,Cytisus scoparius,Cytisus scoparius,Coinciden,Coinciden las tres fuentes
Daphne.gnidium,Daphne gnidium,Daphne gnidium,Daphne gnidium,Coinciden,Coinciden las tres fuentes
Daphnopsis.americana,Daphnopsis americana,Daphnopsis americana,Daphnopsis americana,Coinciden,Coinciden las tres fuentes
Darwiniothamnus.tenuifolius,Erigeron tenuifolius,Erigeron darwinii,Erigeron tenuifolius,Revisar,Coinciden GBIF y WFO; rWCVP es diferente
Dasyphora.fruticosa,,Dasiphora fruticosa,Dasiphora fruticosa,Revisar,Coinciden rWCVP y WFO; GBIF sin resultado
Datura.stramonium,Datura stramonium,Datura stramonium,Datura stramonium,Coinciden,Coinciden las tres fuentes
Datura.tatula,Datura stramonium var. tatula,Datura stramonium,Datura stramonium,Revisar,Coinciden rWCVP y WFO; GBIF es diferente
Daucus.carota.carota,Daucus carota subsp. carota,,Daucus carota,Revisar,Falta resultado en una o más fuentes
Daucus.guttatus,Daucus guttatus,Daucus guttatus,Daucus guttatus,Coinciden,Coinciden las tres fuentes
Daucus.carota,Daucus carota,Daucus carota,Daucus carota,Coinciden,Coinciden las tres fuentes
Deckenia.nobilis,Deckenia nobilis,Deckenia nobilis,Deckenia nobilis,Coinciden,Coinciden las tres fuentes
Declieuxia.fruticosa,Declieuxia fruticosa,Declieuxia fruticosa,Declieuxia fruticosa,Coinciden,Coinciden las tres fuentes
Delphinium.peregrinum,Delphinium peregrinum,Delphinium peregrinum,Delphinium peregrinum,Coinciden,Coinciden las tres fuentes
Delphinium.tricorne,Delphinium tricorne,Delphinium tricorne,Delphinium tricorne,Coinciden,Coinciden las tres fuentes
Delphinium.scopulorum,Delphinium scopulorum,Delphinium scopulorum,Delphinium scopulorum,Coinciden,Coinciden las tres fuentes
Dendropanax.trifidus,Dendropanax trifidus,Dendropanax trifidus,Dendropanax trifidus,Coinciden,Coinciden las tres fuentes
Dendropanax.arboreus.,Dendropanax arboreus,Dendropanax arboreus,Dendropanax arboreus,Coinciden,Coinciden las tres fuentes
Dendropanax.sp1.M.PL.040,,,,Revisar,Sin resultados en las tres fuentes
Dentaria.laciniata,Cardamine concatenata,Cardamine concatenata,Cardamine concatenata,Coinciden,Coinciden las tres fuentes
Desmodium.adscendens,Grona adscendens,Grona adscendens,Grona adscendens,Coinciden,Coinciden las tres fuentes
Desmodium.canescens,Desmodium canescens,Desmodium canescens,Desmodium canescens,Coinciden,Coinciden las tres fuentes
Desmodium.paniculatum,Desmodium paniculatum,Desmodium paniculatum,Desmodium paniculatum,Coinciden,Coinciden las tres fuentes
Desmodium.bracteosum,Desmodium cuspidatum,Desmodium cuspidatum,Desmodium cuspidatum,Coinciden,Coinciden las tres fuentes
Desmodium.sessilifolium,Desmodium sessilifolium,Desmodium sessilifolium,Desmodium sessilifolium,Coinciden,Coinciden las tres fuentes
Desmodium.grandiflorum,Hylodesmum glutinosum,Hylodesmum glutinosum,Hylodesmum glutinosum,Coinciden,Coinciden las tres fuentes
Desmodium.marilandicum,Desmodium marilandicum,Desmodium marilandicum,Desmodium marilandicum,Coinciden,Coinciden las tres fuentes
Desmodium.canadense,Desmodium canadense,Desmodium canadense,Desmodium canadense,Coinciden,Coinciden las tres fuentes
Desmodium.dillenii,Desmodium dillenii,Desmodium glabellum,Desmodium glabellum,Revisar,Coinciden rWCVP y WFO; GBIF es diferente
Desmodium.illinoense,Desmodium illinoense,Desmodium illinoense,Desmodium illinoense,Coinciden,Coinciden las tres fuentes
Desmodium.podocarpum,Desmodium podocarpum,,Desmodium hookerianum,Revisar,Falta resultado en una o más fuentes
Desmodium.barbatum,Grona barbata,Grona barbata,Grona barbata,Coinciden,Coinciden las tres fuentes
Deutzia.maximowicziana,Deutzia maximowicziana,Deutzia maximowicziana,Deutzia maximowicziana,Coinciden,Coinciden las tres fuentes
Deutzia.scabra,Deutzia scabra,Deutzia scabra,Deutzia scabra,Coinciden,Coinciden las tres fuentes
Deutzia.gracilis,Deutzia gracilis,Deutzia gracilis,Deutzia gracilis,Coinciden,Coinciden las tres fuentes
Deutzia.naseana,Deutzia naseana,Deutzia naseana,Deutzia naseana,Coinciden,Coinciden las tres fuentes
Deutzia.crenata,Deutzia crenata,Deutzia crenata,Deutzia crenata,Coinciden,Coinciden las tres fuentes
Dianthera.americana,Dianthera americana,,Dianthera americana,Revisar,Coinciden GBIF y WFO; rWCVP sin resultado
Dianthus.superbus,Dianthus superbus,Dianthus superbus,Dianthus superbus,Coinciden,Coinciden las tres fuentes
Dianthus.superbus.longicalycinus,Dianthus longicalyx,Dianthus longicalyx,Dianthus longicalyx,Coinciden,Coinciden las tres fuentes
Dianthus.caryophillus,Dianthus caryophyllus,Dianthus caryophyllus,Dianthus caryophyllus,Coinciden,Coinciden las tres fuentes
Diapensia.lapponica,Diapensia lapponica,Diapensia lapponica,Diapensia lapponica,Coinciden,Coinciden las tres fuentes
Dicella.bracteosa,Dicella bracteosa,Dicella bracteosa,Dicella bracteosa,Coinciden,Coinciden las tres fuentes
Dicentra.canadensis,Dicentra canadensis,Dicentra canadensis,Dicentra canadensis,Coinciden,Coinciden las tres fuentes
Dicentra.cucullaria,Dicentra cucullaria,Dicentra cucullaria,Dicentra cucullaria,Coinciden,Coinciden las tres fuentes
Digitalis.purpurea,Digitalis purpurea,Digitalis purpurea,Digitalis purpurea,Coinciden,Coinciden las tres fuentes
Digitaria.ciliaris,Digitaria ciliaris,,Digitaria ciliaris,Revisar,Coinciden GBIF y WFO; rWCVP sin resultado
Digomphia.laurifolia,Digomphia laurifolia,,,Revisar,Falta resultado en una o más fuentes
Dillenia.suffruticosa,Dillenia suffruticosa,Dillenia suffruticosa,Dillenia suffruticosa,Coinciden,Coinciden las tres fuentes
Dillenia.ferruginea,Dillenia ferruginea,Dillenia ferruginea,Dillenia ferruginea,Coinciden,Coinciden las tres fuentes
Diodia.multiflora,Spermacoce multiflora,Spermacoce multiflora,Spermacoce multiflora,Coinciden,Coinciden las tres fuentes
Diodia.radula,Hexasepalum radulum,Hexasepalum radulum,Hexasepalum radulum,Coinciden,Coinciden las tres fuentes
Dioscorea.asclepiadea,Dioscorea asclepiadea,Dioscorea asclepiadea,Dioscorea asclepiadea,Coinciden,Coinciden las tres fuentes
Diospyros.revaughanii,Diospyros revaughanii,Diospyros revaughanii,Diospyros revaughanii,Coinciden,Coinciden las tres fuentes
Diospyros.virginiana,Diospyros virginiana,Diospyros virginiana,Diospyros virginiana,Coinciden,Coinciden las tres fuentes
Diospyros.seychellarum,Diospyros boiviniana,Diospyros boiviniana,Diospyros boiviniana,Coinciden,Coinciden las tres fuentes
Diospyrus.japonica,,Diospyros japonica,Diospyros japonica,Revisar,Coinciden rWCVP y WFO; GBIF sin resultado
Diplopterys.pubipetala,Diplopterys pubipetala,Diplopterys pubipetala,Diplopterys pubipetala,Coinciden,Coinciden las tres fuentes
Dipsacus.japonicus,Dipsacus japonicus,Dipsacus japonicus,Dipsacus japonicus,Coinciden,Coinciden las tres fuentes
Dipsacus.sylvestris,Dipsacus sylvestris,Dipsacus fullonum,Dipsacus fullonum,Revisar,Coinciden rWCVP y WFO; GBIF es diferente
Dirca.palustris,Dirca palustris,Dirca palustris,Dirca palustris,Coinciden,Coinciden las tres fuentes
Discaria.nana,Discaria nana,Ochetophila nana,Ochetophila nana,Revisar,Coinciden rWCVP y WFO; GBIF es diferente
Discaria.trinervis,Discaria trinervis,Ochetophila trinervis,Ochetophila trinervis,Revisar,Coinciden rWCVP y WFO; GBIF es diferente
Discaria.toumatou,Discaria toumatou,Discaria toumatou,Discaria toumatou,Coinciden,Coinciden las tres fuentes
Discaria.longispina,Discaria americana,Discaria americana,Discaria americana,Coinciden,Coinciden las tres fuentes
Disporum.sessile,Disporum sessile,Disporum sessile,Disporum sessile,Coinciden,Coinciden las tres fuentes
Dittrichia.graveolens,Dittrichia graveolens,Dittrichia graveolens,Dittrichia graveolens,Coinciden,Coinciden las tres fuentes
Dodecatheon.meadia,Dodecatheon meadia,Primula meadia,Primula meadia,Revisar,Coinciden rWCVP y WFO; GBIF es diferente
Dodonaea.viscosa,Dodonaea viscosa,Dodonaea viscosa,Dodonaea viscosa,Coinciden,Coinciden las tres fuentes
Donatia.novae-zelandiae,Donatia novae-zelandiae,Donatia novae-zelandiae,Donatia novae-zelandiae,Coinciden,Coinciden las tres fuentes
Doratoxylon.apetalum,Doratoxylon apetalum,Doratoxylon apetalum,Doratoxylon apetalum,Coinciden,Coinciden las tres fuentes
Doratoxylon.apetalum.var.diphyllum,Doratoxylon apetalum var. diphyllum,Doratoxylon apetalum,,Revisar,Falta resultado en una o más fuentes
Dorychnium.pentaphylum,,Lotus dorycnium,Lotus dorycnium,Revisar,Coinciden rWCVP y WFO; GBIF sin resultado
Draba.sp1.M.PL.020,,,,Revisar,Sin resultados en las tres fuentes
Draba.lactea,Draba lactea,Draba lactea,Draba lactea,Coinciden,Coinciden las tres fuentes
Draba.cinerea,Draba cinerea,Draba cinerea,Draba cinerea,Coinciden,Coinciden las tres fuentes
Draba.oblongata,Draba oblongata,,Draba oblongata,Revisar,Coinciden GBIF y WFO; rWCVP sin resultado
Draba.bellii,Draba corymbosa,Draba corymbosa,Draba corymbosa,Coinciden,Coinciden las tres fuentes
Draba.aurea,Draba aurea,,Draba aurea,Revisar,Coinciden GBIF y WFO; rWCVP sin resultado
Draba.gilliesii,Draba gilliesii,Draba gilliesii,Draba gilliesii,Coinciden,Coinciden las tres fuentes
Draba.arctica,Draba arctica,Draba arctica,Draba arctica,Coinciden,Coinciden las tres fuentes
Draba.tenuis,Hornungia procumbens,Hornungia procumbens subsp. procumbens,Hornungia procumbens,Revisar,Coinciden GBIF y WFO; rWCVP es diferente
Dracaena.reflexa.var.angustifolia,Dracaena reflexa var. angustifolia,Dracaena reflexa var. angustifolia,Dracaena reflexa var. angustifolia,Coinciden,Coinciden las tres fuentes
Dracaena.concinna,Dracaena concinna,,Dracaena concinna,Revisar,Coinciden GBIF y WFO; rWCVP sin resultado
Dracaena.reflexa,Dracaena reflexa,Dracaena reflexa,Dracaena reflexa,Coinciden,Coinciden las tres fuentes
Dracophyllum.pronum,Dracophyllum pronum,Dracophyllum pronum,Dracophyllum pronum,Coinciden,Coinciden las tres fuentes
Dracuphyllum.acerosum,,Dracophyllum acerosum,Dracophyllum acerosum,Revisar,Coinciden rWCVP y WFO; GBIF sin resultado
Drapetes.dieffenbachii,Kelleria dieffenbachii,Kelleria dieffenbachii,Kelleria dieffenbachii,Coinciden,Coinciden las tres fuentes
Dryas.integrifolia,Dryas integrifolia,Dryas integrifolia,Dryas integrifolia,Coinciden,Coinciden las tres fuentes
Dryas.octopetala,Dryas octopetala,Dryas octopetala,Dryas octopetala,Coinciden,Coinciden las tres fuentes
Dryas.sp1.M.PL.014,,,,Revisar,Sin resultados en las tres fuentes
Drymocallis.fissa,Drymocallis fissa,Drymocallis fissa,Drymocallis fissa,Coinciden,Coinciden las tres fuentes
Duchesnea.chrysantha,Potentilla wallichiana,Potentilla hebiichigo,Potentilla hebiichigo,Revisar,Coinciden rWCVP y WFO; GBIF es diferente
Ebenus.sibthorpii,Ebenus sibthorpii,Ebenus sibthorpii,Ebenus sibthorpii,Coinciden,Coinciden las tres fuentes
Ecballium.elaterium,Ecballium elaterium,Ecballium elaterium,Ecballium elaterium,Coinciden,Coinciden las tres fuentes
Echinocystis.lobata,Echinocystis lobata,Echinocystis lobata,Echinocystis lobata,Coinciden,Coinciden las tres fuentes
Echinops.setifer,Echinops setifer,Echinops setifer,Echinops setifer,Coinciden,Coinciden las tres fuentes
Echinops.microcephalus,Echinops microcephalus,Echinops microcephalus,Echinops microcephalus,Coinciden,Coinciden las tres fuentes
Echium.plantagineum,Echium plantagineum,,Echium plantagineum,Revisar,Coinciden GBIF y WFO; rWCVP sin resultado
Echium.bonnetii,Echium bonnetii,Echium bonnetii,Echium bonnetii,Coinciden,Coinciden las tres fuentes
Echium.angustifolium,Echium angustifolium,,Echium angustifolium,Revisar,Coinciden GBIF y WFO; rWCVP sin resultado
Echium.wildpretii,Echium wildpretii,Echium wildpretii,Echium wildpretii,Coinciden,Coinciden las tres fuentes
Echium.aculeatum,Echium aculeatum,Echium aculeatum,Echium aculeatum,Coinciden,Coinciden las tres fuentes
Echium.vulgare,Echium vulgare,Echium vulgare,Echium vulgare,Coinciden,Coinciden las tres fuentes
Edgeworthia.chrysantha,Edgeworthia chrysantha,Edgeworthia chrysantha,Edgeworthia chrysantha,Coinciden,Coinciden las tres fuentes
Ehretia.tinifolia,Ehretia tinifolia,Ehretia tinifolia,Ehretia tinifolia,Coinciden,Coinciden las tres fuentes
Elaeagnus.multiflora,Elaeagnus multiflora,Elaeagnus multiflora,Elaeagnus multiflora,Coinciden,Coinciden las tres fuentes
Elaeagnus.montana,Elaeagnus montana,Elaeagnus montana,Elaeagnus montana,Coinciden,Coinciden las tres fuentes
Elaeocarpus.japonicus,Elaeocarpus japonicus,,Elaeocarpus japonicus,Revisar,Coinciden GBIF y WFO; rWCVP sin resultado
Elaeocarpus.sylvestris,Elaeocarpus sylvestris,Elaeocarpus sylvestris,Elaeocarpus sylvestris,Coinciden,Coinciden las tres fuentes
Elephantella.groenlandica,Pedicularis groenlandica,Pedicularis groenlandica,Pedicularis groenlandica,Coinciden,Coinciden las tres fuentes
Ellisia.nyctelaea,,Ellisia nyctelea,Ellisia nyctelea,Revisar,Coinciden rWCVP y WFO; GBIF sin resultado
Embelia.angustifolia,Embelia angustifolia,Embelia angustifolia,Embelia angustifolia,Coinciden,Coinciden las tres fuentes
Embothrium.coccineum,Embothrium coccineum,Embothrium coccineum,Embothrium coccineum,Coinciden,Coinciden las tres fuentes
Empetrum.nigrum,Empetrum nigrum,Empetrum nigrum,Empetrum nigrum,Coinciden,Coinciden las tres fuentes
Encelia.hispida,Encelia hispida,Encelia hispida,Encelia hispida,Coinciden,Coinciden las tres fuentes
Enkianthus.perulatus,Enkianthus perulatus,Enkianthus perulatus,Enkianthus perulatus,Coinciden,Coinciden las tres fuentes
Enkianthus.campanulatus,Enkianthus campanulatus,Enkianthus campanulatus,Enkianthus campanulatus,Coinciden,Coinciden las tres fuentes
Epacris.microphylla,Epacris microphylla,,Epacris microphylla,Revisar,Coinciden GBIF y WFO; rWCVP sin resultado
Epacris.petrophila,Epacris petrophila,Epacris petrophila,Epacris petrophila,Coinciden,Coinciden las tres fuentes
Epidendrum.ibaguense,Epidendrum ibaguense,Epidendrum ibaguense,Epidendrum ibaguense,Coinciden,Coinciden las tres fuentes
Epilobium.latifolium,,,Epilobium latifolium,Revisar,Falta resultado en una o más fuentes
Epilobium.sp1.M.PL.029,,,,Revisar,Sin resultados en las tres fuentes
Epilobium.sp1.M.PL.028,,,,Revisar,Sin resultados en las tres fuentes
Epilobium.gunnianum,Epilobium gunnianum,Epilobium gunnianum,Epilobium gunnianum,Coinciden,Coinciden las tres fuentes
Epilobium.hirsutum,Epilobium hirsutum,Epilobium hirsutum,Epilobium hirsutum,Coinciden,Coinciden las tres fuentes
Epilobium.nivale.,Epilobium nivale,Epilobium nivale,Epilobium nivale,Coinciden,Coinciden las tres fuentes
Epilobium.sp1.M.PL.014,,,,Revisar,Sin resultados en las tres fuentes
Epilobium.angustifolium,,Epilobium angustifolium,Epilobium angustifolium,Revisar,Coinciden rWCVP y WFO; GBIF sin resultado
Epilobium.montanum,Epilobium montanum,,Epilobium montanum,Revisar,Coinciden GBIF y WFO; rWCVP sin resultado
Epimedium.grandiflorum,Epimedium grandiflorum,Epimedium grandiflorum,Epimedium grandiflorum,Coinciden,Coinciden las tres fuentes
Epimedium.diphyllum,Epimedium diphyllum,Epimedium diphyllum,Epimedium diphyllum,Coinciden,Coinciden las tres fuentes
Epistephium.duckei,Epistephium duckei,Epistephium duckei,Epistephium duckei,Coinciden,Coinciden las tres fuentes
Equium.sabulicola,,Echium sabulicola,Echium sabulicola,Revisar,Coinciden rWCVP y WFO; GBIF sin resultado
Erechthites.hieracifolia,,Erechtites hieraciifolius,Erechtites hieracifolia,Revisar,Falta resultado en una o más fuentes
Erica.ciliaris,Erica ciliaris,,Erica ciliaris,Revisar,Coinciden GBIF y WFO; rWCVP sin resultado
Erica.arborea,Erica arborea,,Erica arborea,Revisar,Coinciden GBIF y WFO; rWCVP sin resultado
Erica.tetralix,Erica tetralix,Erica tetralix,Erica tetralix,Coinciden,Coinciden las tres fuentes
Erica.manipuliflora,Erica manipuliflora,Erica manipuliflora,Erica manipuliflora,Coinciden,Coinciden las tres fuentes
Erigenia.bulbosa,Erigenia bulbosa,Erigenia bulbosa,Erigenia bulbosa,Coinciden,Coinciden las tres fuentes
Erigeron.ramosus,,,Erigeron divergens,Revisar,Falta resultado en una o más fuentes
Erigeron.macranthus,,Erigeron speciosus,Erigeron speciosus,Revisar,Coinciden rWCVP y WFO; GBIF sin resultado
Erigeron.canadensis,Erigeron canadensis,Erigeron canadensis,Erigeron canadensis,Coinciden,Coinciden las tres fuentes
Erigeron.pulchellus,Erigeron pulchellus,,Erigeron pulchellus,Revisar,Coinciden GBIF y WFO; rWCVP sin resultado
Erigeron.uniflorus,Erigeron uniflorus,Erigeron uniflorus,Erigeron uniflorus,Coinciden,Coinciden las tres fuentes
Erigeron.eriocephalus,Erigeron eriocephalus,,Erigeron eriocephalus,Revisar,Coinciden GBIF y WFO; rWCVP sin resultado
Erigeron.philadelphicus,Erigeron philadelphicus,,Erigeron philadelphicus,Revisar,Coinciden GBIF y WFO; rWCVP sin resultado
Erigeron.annuus,Erigeron annuus,Erigeron annuus,Erigeron annuus,Coinciden,Coinciden las tres fuentes
Erigeron.compositus,Erigeron compositus,Erigeron compositus,Erigeron compositus,Coinciden,Coinciden las tres fuentes
Erigeron.sp1.M.PL.014,,,,Revisar,Sin resultados en las tres fuentes
Erigeron.andicola,Erigeron andicola,Erigeron andicola,Erigeron andicola,Coinciden,Coinciden las tres fuentes
Eriobotrya.japonica,Rhaphiolepis bibas,Eriobotrya japonica,Eriobotrya japonica,Revisar,Coinciden rWCVP y WFO; GBIF es diferente
Eriopsis.biloba,Eriopsis biloba,Eriopsis biloba,Eriopsis biloba,Coinciden,Coinciden las tres fuentes
Erodium.cicutarium,Erodium cicutarium,Erodium cicutarium,Erodium cicutarium,Coinciden,Coinciden las tres fuentes
Erodium.malacoides,Erodium malacoides,Erodium malacoides,Erodium malacoides,Coinciden,Coinciden las tres fuentes
Eruca.vesicaria,Eruca vesicaria,Eruca vesicaria,Eruca vesicaria,Coinciden,Coinciden las tres fuentes
Eryngium.stenophyllum,Eryngium stenophyllum,Eryngium stenophyllum,Eryngium stenophyllum,Coinciden,Coinciden las tres fuentes
Eryngium.horridum,Eryngium horridum,Eryngium horridum,Eryngium horridum,Coinciden,Coinciden las tres fuentes
Eryngium.campestre,Eryngium campestre,Eryngium campestre,Eryngium campestre,Coinciden,Coinciden las tres fuentes
Eryngium.yuccifolium,Eryngium yuccifolium,Eryngium yuccifolium,Eryngium yuccifolium,Coinciden,Coinciden las tres fuentes
Eryngium.floribundum,Eryngium floribundum,Eryngium floribundum,Eryngium floribundum,Coinciden,Coinciden las tres fuentes
Eryngium.nudicaule,Eryngium nudicaule,Eryngium nudicaule,Eryngium nudicaule,Coinciden,Coinciden las tres fuentes
Erysimum.scoparium,Erysimum scoparium,Erysimum scoparium,Erysimum scoparium,Coinciden,Coinciden las tres fuentes
Erysimum.asperum,Erysimum asperum,Erysimum asperum,Erysimum asperum,Coinciden,Coinciden las tres fuentes
Erysimum.sp1.M.PL.014,,,,Revisar,Sin resultados en las tres fuentes
Erysimum.pallasii,Erysimum pallasii,Erysimum redowskii,Erysimum pallasii,Revisar,Coinciden GBIF y WFO; rWCVP es diferente
Erysimum.cheiranthoides,Erysimum cheiranthoides,Erysimum cheiranthoides,Erysimum cheiranthoides,Coinciden,Coinciden las tres fuentes
Erythronium.albidum,Erythronium albidum,Erythronium albidum,Erythronium albidum,Coinciden,Coinciden las tres fuentes
Erythronium.umbilicatum,Erythronium umbilicatum,Erythronium umbilicatum,Erythronium umbilicatum,Coinciden,Coinciden las tres fuentes
Erythrospermum.monticolum,Erythrospermum monticola,Erythrospermum monticola,Erythrospermum monticola,Coinciden,Coinciden las tres fuentes
Erythroxylum.macrocarpum,Erythroxylum macrocarpum,Erythroxylum macrocarpum,Erythroxylum macrocarpum,Coinciden,Coinciden las tres fuentes
Erythroxylum.sechellarum,Erythroxylum sechellarum,Erythroxylum sechellarum,Erythroxylum sechellarum,Coinciden,Coinciden las tres fuentes
Eucryphia.cordifolia,Eucryphia cordifolia,Eucryphia cordifolia,Eucryphia cordifolia,Coinciden,Coinciden las tres fuentes
Eugenia.orbiculata,Eugenia orbiculata,Eugenia orbiculata,Eugenia orbiculata,Coinciden,Coinciden las tres fuentes
Eulophus.americanus,Perideridia americana,Perideridia americana,Perideridia americana,Coinciden,Coinciden las tres fuentes
Euodia.chapelieri.var.chapelieri,,Melicope chapelieri var. chapelieri,Macphersonia chapelieri,Revisar,Falta resultado en una o más fuentes
Euodia.obtusifolia.ssp.gigas.var.gigas,,,Melicope obtusifolia,Revisar,Falta resultado en una o más fuentes
Euodia.chapelieri,Melicope chapelieri,Melicope chapelieri,Melicope chapelieri,Coinciden,Coinciden las tres fuentes
Euodia.meliifolia,Tetradium glabrifolium,Tetradium glabrifolium,Tetradium glabrifolium,Coinciden,Coinciden las tres fuentes
Euodia.obtusifolia,,,Melicope obtusifolia,Revisar,Falta resultado en una o más fuentes
Euonymus.sieboldianus,Euonymus hamiltonianus,Euonymus hamiltonianus,Euonymus hamiltonianus,Coinciden,Coinciden las tres fuentes
Euonymus.fo.rtunei,,Euonymus fortunei,Euonymus fortunei,Revisar,Coinciden rWCVP y WFO; GBIF sin resultado
Euonymus.alatus,Euonymus alatus,,Euonymus alatus,Revisar,Coinciden GBIF y WFO; rWCVP sin resultado
Euonymus.macropterus,Euonymus macropterus,Euonymus macropterus,Euonymus macropterus,Coinciden,Coinciden las tres fuentes
Eupatorium.lanigerum,Gyptis lanigera,Gyptis lanigera,Gyptis lanigera,Coinciden,Coinciden las tres fuentes
Eupatorium.bupleurifolium,Campovassouria cruciata,Campovassouria cruciata,Campovassouria cruciata,Coinciden,Coinciden las tres fuentes
Eupatorium.chinense.sachalinense,Eupatorium glehnii,,Eupatorium chinense,Revisar,Falta resultado en una o más fuentes
Eupatorium.cannabinum,Eupatorium cannabinum,Eupatorium cannabinum,Eupatorium cannabinum,Coinciden,Coinciden las tres fuentes
Eupatorium.macrocephalum,Campuloclinium macrocephalum,Campuloclinium macrocephalum,Campuloclinium macrocephalum,Coinciden,Coinciden las tres fuentes
Eupatorium.tenacetifolium,,Gyptis tanacetifolia,Gyptis tanacetifolia,Revisar,Coinciden rWCVP y WFO; GBIF sin resultado
Eupatorium.serotinum,Eupatorium serotinum,Eupatorium serotinum,Eupatorium serotinum,Coinciden,Coinciden las tres fuentes
Eupatorium.purpureum,Eupatorium purpureum,,Eupatorium purpureum,Revisar,Coinciden GBIF y WFO; rWCVP sin resultado
Eupatorium.sessilifolium,Eupatorium sessilifolium,Eupatorium sessilifolium,Eupatorium sessilifolium,Coinciden,Coinciden las tres fuentes
Eupatorium.coelestinum,Eupatorium coelestinum,Conoclinium coelestinum,Conoclinium coelestinum,Revisar,Coinciden rWCVP y WFO; GBIF es diferente
Eupatorium.odoratum,,,Chromolaena odorata,Revisar,Falta resultado en una o más fuentes
Eupatorium.subhastatum,Chromolaena hirsuta,Chromolaena hirsuta,Chromolaena hirsuta,Coinciden,Coinciden las tres fuentes
Eupatorium.perfoliatum,Eupatorium perfoliatum,Eupatorium perfoliatum,Eupatorium perfoliatum,Coinciden,Coinciden las tres fuentes
Eupatorium.chinense,Eupatorium chinense,Eupatorium chinense,Eupatorium chinense,Coinciden,Coinciden las tres fuentes
Eupatorium.altissimum,Eupatorium altissimum,,Eupatorium altissimum,Revisar,Coinciden GBIF y WFO; rWCVP sin resultado
Eupatorium.lindleyanum,Eupatorium lindleyanum,Eupatorium lindleyanum,Eupatorium lindleyanum,Coinciden,Coinciden las tres fuentes
Eupatorium.urticaefolium,,,Praxelis pauciflora,Revisar,Falta resultado en una o más fuentes
Eupatorium.squarrulosum,,Chromolaena squarrulosa,Chromolaena squarroso-ramosa,Revisar,Falta resultado en una o más fuentes
Euphorbia.acanthothamnos,Euphorbia acanthothamnos,Euphorbia acanthothamnos,Euphorbia acanthothamnos,Coinciden,Coinciden las tres fuentes
Euphorbia.hyssopifolia,Euphorbia hyssopifolia,Euphorbia hyssopifolia,Euphorbia hyssopifolia,Coinciden,Coinciden las tres fuentes
Euphorbia.obtusifolia,,,Euphorbia lamarckii,Revisar,Falta resultado en una o más fuentes
Euphorbia.pyrifolia,Euphorbia pyrifolia,Euphorbia pyrifolia,Euphorbia pyrifolia,Coinciden,Coinciden las tres fuentes
Euphorbia.preslii,,,Euphorbia nutans,Revisar,Falta resultado en una o más fuentes
Euphorbia.portulacoides,Euphorbia portulacoides,Euphorbia portulacoides,Euphorbia portulacoides,Coinciden,Coinciden las tres fuentes
Euphorbia.cyathophora,Euphorbia heterophylla var. cyathophora,Euphorbia heterophylla var. cyathophora,Euphorbia heterophylla var. cyathophora,Coinciden,Coinciden las tres fuentes
Euphorbia.corollata,Euphorbia corollata,Euphorbia corollata,Euphorbia corollata,Coinciden,Coinciden las tres fuentes
Euphorbia.heterophylla,Euphorbia heterophylla,,Euphorbia heterophylla,Revisar,Coinciden GBIF y WFO; rWCVP sin resultado
Euphorbia.segatalis,,Euphorbia segetalis,Euphorbia segetalis,Revisar,Coinciden rWCVP y WFO; GBIF sin resultado
Euphorbia.canariensis,Euphorbia canariensis,Euphorbia canariensis,Euphorbia canariensis,Coinciden,Coinciden las tres fuentes
Euphrasia.zelandica,Euphrasia zelandica,Euphrasia zelandica,Euphrasia zelandica,Coinciden,Coinciden las tres fuentes
Euphrasia.maximowiczii,Euphrasia maximowiczii,Euphrasia maximowiczii,Euphrasia maximowiczii,Coinciden,Coinciden las tres fuentes
Euphrasia.officinalis,Euphrasia officinalis,Euphrasia officinalis,Euphrasia officinalis,Coinciden,Coinciden las tres fuentes
Euphrasia.collina,Euphrasia collina,Euphrasia collina,Euphrasia collina,Coinciden,Coinciden las tres fuentes
Euphrasia.revoluta,Euphrasia revoluta,Euphrasia revoluta,Euphrasia revoluta,Coinciden,Coinciden las tres fuentes
Euptelea.polyandra,Euptelea polyandra,Euptelea polyandra,Euptelea polyandra,Coinciden,Coinciden las tres fuentes
Eurya.japonica,Eurya japonica,Eurya japonica,Eurya japonica,Coinciden,Coinciden las tres fuentes
Euscaphis.japonica,Staphylea japonica,Staphylea japonica,Staphylea japonica,Coinciden,Coinciden las tres fuentes
Eusteratis.yatabeana,,Pogostemon yatabeanus,Pogostemon yatabeanus,Revisar,Coinciden rWCVP y WFO; GBIF sin resultado
Evolvulus.nummularius,Evolvulus nummularius,Evolvulus nummularius,Evolvulus nummularius,Coinciden,Coinciden las tres fuentes
Evonymus.atropurpureus,,,Euonymus atropurpureus,Revisar,Falta resultado en una o más fuentes
Excoecaria.benthiamiana,,Excoecaria benthamiana,Excoecaria benthamiana,Revisar,Coinciden rWCVP y WFO; GBIF sin resultado
Fagonia.albiflora,Fagonia scabra,Zygophyllum scabrum,Zygophyllum scabrum,Revisar,Coinciden rWCVP y WFO; GBIF es diferente
Farfugium.joponicum,,Farfugium japonicum,Farfugium japonicum,Revisar,Coinciden rWCVP y WFO; GBIF sin resultado
Fatsia.japonica,Fatsia japonica,Fatsia japonica,Fatsia japonica,Coinciden,Coinciden las tres fuentes
Faujasiopsis.flexuosa.ssp.erecta,Faujasiopsis flexuosa subsp. erecta,Faujasiopsis flexuosa subsp. erecta,,Revisar,Coinciden GBIF y rWCVP; WFO sin resultado
Faujasiopsis.flexuosa,Faujasiopsis flexuosa,Faujasiopsis flexuosa,Faujasia flexuosa,Revisar,Coinciden GBIF y rWCVP; WFO es diferente
Filipendula.ulmaria,Filipendula ulmaria,Filipendula ulmaria,Filipendula ulmaria,Coinciden,Coinciden las tres fuentes
Filipendula.multifuga,,Filipendula multijuga,Filipendula multijuga,Revisar,Coinciden rWCVP y WFO; GBIF sin resultado
Flagellaria.indica,Flagellaria indica,Flagellaria indica,Flagellaria indica,Coinciden,Coinciden las tres fuentes
Foeniculum.vulgare,Foeniculum vulgare,Foeniculum vulgare,Foeniculum vulgare,Coinciden,Coinciden las tres fuentes
Forsythia.suspensa,Forsythia suspensa,Forsythia suspensa,Forsythia suspensa,Coinciden,Coinciden las tres fuentes
Fragaria.vesca,Fragaria vesca,Fragaria vesca,Fragaria vesca,Coinciden,Coinciden las tres fuentes
Fragaria.nipponica,Fragaria nipponica,Fragaria nipponica,Fragaria nipponica,Coinciden,Coinciden las tres fuentes
Fragaria.virginiana.illinoensis,Fragaria virginiana subsp. grayana,Fragaria virginiana subsp. grayana,Fragaria virginiana,Revisar,Coinciden GBIF y rWCVP; WFO es diferente
Frasera.speciosa,Frasera speciosa,Frasera speciosa,Frasera speciosa,Coinciden,Coinciden las tres fuentes
Frasera.carolinensis,Frasera carolinensis,Frasera caroliniensis,Frasera caroliniensis,Revisar,Coinciden rWCVP y WFO; GBIF es diferente
Fraxinus.americanus,Fraxinus americana,Fraxinus americana,Fraxinus americana,Coinciden,Coinciden las tres fuentes
Fraxinus.griffithii,Fraxinus griffithii,Fraxinus griffithii,Fraxinus griffithii,Coinciden,Coinciden las tres fuentes
Freesia.refracta,Freesia refracta,Freesia refracta,Freesia refracta,Coinciden,Coinciden las tres fuentes
Freesia.sp1.M.PL.036,,,,Revisar,Sin resultados en las tres fuentes
Fritillaria.graeca,Fritillaria graeca,Fritillaria graeca,Fritillaria graeca,Coinciden,Coinciden las tres fuentes
Fumana.arabica,Fumana arabica,Fumana arabica,Fumana arabica,Coinciden,Coinciden las tres fuentes
Fumana.thymifolia,Fumana thymifolia,Fumana thymifolia,Fumana thymifolia,Coinciden,Coinciden las tres fuentes
Fumaria.amarysia,Fumaria judaica subsp. amarysia,Fumaria judaica subsp. amarysia,Fumaria judaica subsp. amarysia,Coinciden,Coinciden las tres fuentes
Gaertnera.sp1.M.PL.079,,,,Revisar,Sin resultados en las tres fuentes
Gaertnera.sp1.M.PL.066,,,,Revisar,Sin resultados en las tres fuentes
Gaertnera.sp1.M.PL.082,,,,Revisar,Sin resultados en las tres fuentes
Gaertnera.sp1.M.PL.078,,,,Revisar,Sin resultados en las tres fuentes
Gaertnera.sp1.M.PL.080,,,,Revisar,Sin resultados en las tres fuentes
Gaertnera.sp1.M.PL.068,,,,Revisar,Sin resultados en las tres fuentes
Gaertnera.psychotrioides.edentata,,,Gaertnera psychotrioides,Revisar,Falta resultado en una o más fuentes
Gaertnera.sp1.M.PL.067,,,,Revisar,Sin resultados en las tres fuentes
Gaertnera.sp1.M.PL.070,,,,Revisar,Sin resultados en las tres fuentes
Gaertnera.rotundifolia,Gaertnera rotundifolia,Gaertnera rotundifolia,Gaertnera rotundifolia,Coinciden,Coinciden las tres fuentes
Gaertnera.sp1.M.PL.077,,,,Revisar,Sin resultados en las tres fuentes
Gaertnera.petrinensis,Gaertnera edentata,Gaertnera edentata,Gaertnera edentata,Coinciden,Coinciden las tres fuentes
Gaertnera.sp1.M.PL.069,,,,Revisar,Sin resultados en las tres fuentes
Gaertnera.sp1.M.PL.081,,,,Revisar,Sin resultados en las tres fuentes
Gagea.granatelli,Gagea granatelli,Gagea granatellii,Gagea granatelli,Revisar,Coinciden GBIF y WFO; rWCVP es diferente
Galactea.striata,,Galactia striata,Galactia striata,Revisar,Coinciden rWCVP y WFO; GBIF sin resultado
Galactites.tomentosa,Galactites tomentosa,Galactites tomentosus,Galactites tomentosa,Revisar,Coinciden GBIF y WFO; rWCVP es diferente
Galactophora.schomburgkiana,Galactophora schomburgkiana,Galactophora schomburgkiana,Galactophora schomburgkiana,Coinciden,Coinciden las tres fuentes
Galium.aperine,,Galium aparine,Galium aparine,Revisar,Coinciden rWCVP y WFO; GBIF sin resultado
Galium.palustre,Galium palustre,,Galium palustre,Revisar,Coinciden GBIF y WFO; rWCVP sin resultado
Galium.trifidum,Galium trifidum,Galium trifidum,Galium trifidum,Coinciden,Coinciden las tres fuentes
Galium.saxatile,Galium saxatile,Galium saxatile,Galium saxatile,Coinciden,Coinciden las tres fuentes
Galium.boreale,Galium boreale,,Galium boreale,Revisar,Coinciden GBIF y WFO; rWCVP sin resultado
Galium.perpusillum,,,Asperula perpusilla,Revisar,Falta resultado en una o más fuentes
Galium.verum,Galium verum,Galium verum,Galium verum,Coinciden,Coinciden las tres fuentes
Galium.japonicum,Galium japonicum,,Galium japonicum,Revisar,Coinciden GBIF y WFO; rWCVP sin resultado
Galium.propinquum,Galium propinquum,Galium propinquum,Galium propinquum,Coinciden,Coinciden las tres fuentes
Galvezia.leucantha,Galvezia leucantha,Galvezia leucantha,Galvezia leucantha,Coinciden,Coinciden las tres fuentes
Galvezia.leucantha.pubescen,,Galvezia leucantha subsp. leucantha,Galvezia leucantha,Revisar,Falta resultado en una o más fuentes
Gamochaeta.argentina,Gamochaeta argentina,Gamochaeta argentina,Gamochaeta argentina,Coinciden,Coinciden las tres fuentes
Gamochaeta.stachydifolia,Gamochaeta stachidifolia,Gamochaeta stachidifolia,Gamochaeta stachydifolia,Revisar,Coinciden GBIF y rWCVP; WFO es diferente
Gastonia.crassa,Polyscias crassa,Polyscias crassa,Polyscias crassa,Coinciden,Coinciden las tres fuentes
Gastonia.mauritiana,Polyscias maraisiana,Polyscias maraisiana,Polyscias maraisiana,Coinciden,Coinciden las tres fuentes
Gaultheria.phillyreifolia,Gaultheria phillyreifolia,Gaultheria phillyreifolia,Gaultheria phillyreifolia,Coinciden,Coinciden las tres fuentes
Gaultheria.mucronata,Gaultheria mucronata,,Gaultheria mucronata,Revisar,Coinciden GBIF y WFO; rWCVP sin resultado
Gaura.biennis,Oenothera gaura,Oenothera gaura,Oenothera gaura,Coinciden,Coinciden las tres fuentes
Gavilea.odoratissima,Gavilea odoratissima,Gavilea odoratissima,Gavilea odoratissima,Coinciden,Coinciden las tres fuentes
Gaylussacia.baccata,Gaylussacia baccata,Gaylussacia baccata,Gaylussacia baccata,Coinciden,Coinciden las tres fuentes
Gelasine.azurea,Gelasine elongata,Gelasine elongata,Gelasine elongata,Coinciden,Coinciden las tres fuentes
Geniostoma.borbonicum,Geniostoma borbonicum,Geniostoma borbonicum,Geniostoma borbonicum,Coinciden,Coinciden las tres fuentes
Genista.anglica,Genista anglica,Genista anglica,Genista anglica,Coinciden,Coinciden las tres fuentes
Gentiana.andrewsii,Gentiana andrewsii,Gentiana andrewsii,Gentiana andrewsii,Coinciden,Coinciden las tres fuentes
Gentiana.corymbifera,Gentianella corymbifera,Gentianella corymbifera,Gentianella corymbifera,Coinciden,Coinciden las tres fuentes
Gentiana.puberula,,,Gentiana pubigera,Revisar,Falta resultado en una o más fuentes
Gentiana.zollingeri,Gentiana zollingeri,Gentiana zollingeri,Gentiana zollingeri,Coinciden,Coinciden las tres fuentes
Gentiana.parryi,Gentiana parryi,Gentiana parryi,Gentiana parryi,Coinciden,Coinciden las tres fuentes
Gentiana.montana,,,Gentianella montana,Revisar,Falta resultado en una o más fuentes
Gentianella.diemensis,Gentianella diemensis,Gentianella diemensis,Gentianella diemensis,Coinciden,Coinciden las tres fuentes
Geoffroea.spinosa,Geoffroea spinosa,,Geoffroea spinosa,Revisar,Coinciden GBIF y WFO; rWCVP sin resultado
Geranium.shikokianum,Geranium shikokianum,Geranium shikokianum,Geranium shikokianum,Coinciden,Coinciden las tres fuentes
Geranium.rotundifolium,Geranium rotundifolium,Geranium rotundifolium,Geranium rotundifolium,Coinciden,Coinciden las tres fuentes
Geranium.caespitosum,Geranium caespitosum,,Geranium caespitosum,Revisar,Coinciden GBIF y WFO; rWCVP sin resultado
Geranium.richardsoni,Geranium richardsonii,Geranium richardsonii,Geranium richardsonii,Coinciden,Coinciden las tres fuentes
Geranium.robertianum,Geranium robertianum,Geranium robertianum,Geranium robertianum,Coinciden,Coinciden las tres fuentes
Geranium.canariense,,,Geranium reuteri,Revisar,Falta resultado en una o más fuentes
Geranium.dissectum,Geranium dissectum,Geranium dissectum,Geranium dissectum,Coinciden,Coinciden las tres fuentes
Geranium.nepalense,Geranium nepalense,Geranium nepalense,Geranium nepalense,Coinciden,Coinciden las tres fuentes
Geranium.carolinianum,Geranium carolinianum,Geranium carolinianum,Geranium carolinianum,Coinciden,Coinciden las tres fuentes
Geranium.eriostemon.,,,Geranium platyanthum,Revisar,Falta resultado en una o más fuentes
Geranium.maculatum,Geranium maculatum,Geranium maculatum,Geranium maculatum,Coinciden,Coinciden las tres fuentes
Gerardia.genistifolia,Agalinis genistifolia,Agalinis genistifolia,Agalinis genistifolia,Coinciden,Coinciden las tres fuentes
Gerardia.grandiflora,Aureolaria grandiflora,Aureolaria grandiflora,Aureolaria grandiflora,Coinciden,Coinciden las tres fuentes
Gerardia.purpurea,,Agalinis purpurea,Agalinis purpurea,Revisar,Coinciden rWCVP y WFO; GBIF sin resultado
Gerardia.tenuifolia,Agalinis tenuifolia,Agalinis tenuifolia,Agalinis tenuifolia,Coinciden,Coinciden las tres fuentes
Gerardia.auriculata,Agalinis auriculata,Agalinis auriculata,Agalinis auriculata,Coinciden,Coinciden las tres fuentes
Geum.japonicum,Geum japonicum,Geum japonicum,Geum japonicum,Coinciden,Coinciden las tres fuentes
Geum.rivale,Geum rivale,Geum rivale,Geum rivale,Coinciden,Coinciden las tres fuentes
Geum.canadense,Geum canadense,Geum canadense,Geum canadense,Coinciden,Coinciden las tres fuentes
Geum.uniflorum,Geum uniflorum,Geum uniflorum,Geum uniflorum,Coinciden,Coinciden las tres fuentes
Geum.vernum,Geum vernum,Geum vernum,Geum vernum,Coinciden,Coinciden las tres fuentes
Geum.rossii.,Geum rossii,Geum rossii,Geum rossii,Coinciden,Coinciden las tres fuentes
Gevuina.avellana,Gevuina avellana,Gevuina avellana,Gevuina avellana,Coinciden,Coinciden las tres fuentes
Gilia.aggregata,Ipomopsis aggregata subsp. aggregata,Ipomopsis aggregata,Ipomopsis aggregata,Revisar,Coinciden rWCVP y WFO; GBIF es diferente
Gillenia.stipulacea,Gillenia stipulata,Gillenia stipulata,Gillenia stipulata,Coinciden,Coinciden las tres fuentes
Glandularia.dissecta,Verbena dissecta,Verbena dissecta,Verbena dissecta,Coinciden,Coinciden las tres fuentes
Glechoma.hederacea,Glechoma hederacea,Glechoma hederacea,Glechoma hederacea,Coinciden,Coinciden las tres fuentes
Gleditsia.triacanthos,Gleditsia triacanthos,Gleditsia triacanthos,Gleditsia triacanthos,Coinciden,Coinciden las tres fuentes
Glionnetia.sericea,Glionnetia sericea,Glionnetia sericea,Glionnetia sericea,Coinciden,Coinciden las tres fuentes
Globularia.alypum,Globularia alypum,Globularia alypum,Globularia alypum,Coinciden,Coinciden las tres fuentes
Glochidion.obovatum,Glochidion obovatum,Glochidion obovatum,Glochidion obovatum,Coinciden,Coinciden las tres fuentes
Glochidion.acuminatum,Glochidion acuminatum,Glochidion acuminatum,Glochidion acuminatum,Coinciden,Coinciden las tres fuentes
Glochidion.zeylanicum,Glochidion zeylanicum,Glochidion zeylanicum,Glochidion zeylanicum,Coinciden,Coinciden las tres fuentes
Gnaphalium.polycephalum,,,Gnaphalium polycephalum,Revisar,Falta resultado en una o más fuentes
Gnaphalium.cheirantifolium,,,Gnaphalium cheiranthifolium,Revisar,Falta resultado en una o más fuentes
Gomphrena.perennis,Gomphrena perennis,Gomphrena perennis,Gomphrena perennis,Coinciden,Coinciden las tres fuentes
Gonolobus.laevis,Cynanchum laeve,Cynanchum laeve,Cynanchum laeve,Coinciden,Coinciden las tres fuentes
Gonzalagunia.hirsuta,Gonzalagunia hirsuta,Gonzalagunia hirsuta,Gonzalagunia hirsuta,Coinciden,Coinciden las tres fuentes
Gossypium.sp1.M.PL.026,,,,Revisar,Sin resultados en las tres fuentes
Gossypium.barbadense,Gossypium barbadense,Gossypium barbadense,Gossypium barbadense,Coinciden,Coinciden las tres fuentes
Grangeria.borbonica,Grangeria borbonica,Grangeria borbonica,Grangeria borbonica,Coinciden,Coinciden las tres fuentes
Gratiola.virginiana,Gratiola virginiana,Gratiola virginiana,Gratiola virginiana,Coinciden,Coinciden las tres fuentes
Grindelia.chiloensis,Grindelia chiloensis,Grindelia chiloensis,Grindelia chiloensis,Coinciden,Coinciden las tres fuentes
Grindelia.buphtalmoides,Grindelia buphthalmoides,Grindelia buphthalmoides,Grindelia buphthalmoides,Coinciden,Coinciden las tres fuentes
Guarea.swartzii,,Guarea glabra subsp. glabra,Guarea glabra,Revisar,Falta resultado en una o más fuentes
Guazuma.ulmifolia,Guazuma ulmifolia,Guazuma ulmifolia,Guazuma ulmifolia,Coinciden,Coinciden las tres fuentes
Guettarda.scabra,Guettarda scabra,Guettarda scabra,Guettarda scabra,Coinciden,Coinciden las tres fuentes
Gymnadenia.conopsea,Gymnadenia conopsea,Gymnadenia conopsea,Gymnadenia conopsea,Coinciden,Coinciden las tres fuentes
Gymnocalycium.reductum,Gymnocalycium reductum,Gymnocalycium reductum,Gymnocalycium reductum,Coinciden,Coinciden las tres fuentes
Gymnocladus.dioica,Gymnocladus dioicus,Gymnocladus dioicus,,Revisar,Coinciden GBIF y rWCVP; WFO sin resultado
Habenaria.leucophaea,Platanthera leucophaea,Platanthera leucophaea,Platanthera leucophaea,Coinciden,Coinciden las tres fuentes
Habranthus.andersoni,Zephyranthes tubispatha,Zephyranthes tubispatha,Habranthus tubispathus,Revisar,Coinciden GBIF y rWCVP; WFO es diferente
Habranthus.gracilifolius,Zephyranthes gracilifolia,Zephyranthes gracilifolia,Habranthus gracilifolius,Revisar,Coinciden GBIF y rWCVP; WFO es diferente
Halimium.commutatum,Halimium calycinum,Cistus calycinus,Cistus calycinus,Revisar,Coinciden rWCVP y WFO; GBIF es diferente
Halimium.halimifolium,Halimium halimifolium,Cistus halimifolius,Cistus halimifolius,Revisar,Coinciden rWCVP y WFO; GBIF es diferente
Haplopappus.sericeus,,,Noticastrum sericeum,Revisar,Falta resultado en una o más fuentes
Haplopappus.chysanthemifolius,,Haplopappus chrysanthemifolius,Haplopappus chrysanthemifolius,Revisar,Coinciden rWCVP y WFO; GBIF sin resultado
Harungana.madagascariensis,Harungana madagascariensis,Harungana madagascariensis,Harungana madagascariensis,Coinciden,Coinciden las tres fuentes
Hebe.odora,Veronica odora,Veronica odora,Veronica odora,Coinciden,Coinciden las tres fuentes
Hebe.salicifolia,Veronica salicifolia,Veronica salicifolia,Veronica salicifolia,Coinciden,Coinciden las tres fuentes
Hebe.epacridea,Veronica epacridea,Veronica epacridea,Veronica epacridea,Coinciden,Coinciden las tres fuentes
Hebe.pinguifolia,Veronica pinguifolia,Veronica pinguifolia,Veronica pinguifolia,Coinciden,Coinciden las tres fuentes
Hebe.brachysiphon,Veronica brachysiphon,Veronica brachysiphon,Veronica brachysiphon,Coinciden,Coinciden las tres fuentes
Hebe.subalpina,Veronica subalpina,Veronica subalpina,Veronica subalpina,Coinciden,Coinciden las tres fuentes
Hedeoma.pulegioides,Hedeoma pulegioides,Hedeoma pulegioides,Hedeoma pulegioides,Coinciden,Coinciden las tres fuentes
Helenium.autumnale,Helenium autumnale,Helenium autumnale,Helenium autumnale,Coinciden,Coinciden las tres fuentes
Heliamphora.heterodoxa,Heliamphora heterodoxa,Heliamphora heterodoxa,Heliamphora heterodoxa,Coinciden,Coinciden las tres fuentes
Helianthemum.brasiliense,Crocanthemum brasiliensis,Crocanthemum brasiliense,Crocanthemum brasiliensis,Revisar,Coinciden GBIF y WFO; rWCVP es diferente
Helianthemum.guttatum,Tuberaria guttata subsp. guttata,Tuberaria guttata,Tuberaria guttata,Revisar,Coinciden rWCVP y WFO; GBIF es diferente
Helianthemum.croceum,Helianthemum croceum,,Helianthemum croceum,Revisar,Coinciden GBIF y WFO; rWCVP sin resultado
Helianthus.divaricatus,Helianthus divaricatus,,Helianthus divaricatus,Revisar,Coinciden GBIF y WFO; rWCVP sin resultado
Helianthus.tuberosus,Helianthus tuberosus,Helianthus tuberosus,Helianthus tuberosus,Coinciden,Coinciden las tres fuentes
Helianthus.annuus,Helianthus annuus,Helianthus annuus,Helianthus annuus,Coinciden,Coinciden las tres fuentes
Helianthus.mollis,Helianthus mollis,,Helianthus mollis,Revisar,Coinciden GBIF y WFO; rWCVP sin resultado
Helianthus.decapetalus,Helianthus decapetalus,Helianthus decapetalus,Helianthus hirsutus,Revisar,Coinciden GBIF y rWCVP; WFO es diferente
Helianthus.strumosus,Helianthus strumosus,,Helianthus strumosus,Revisar,Coinciden GBIF y WFO; rWCVP sin resultado
Helianthus.petiolaris,Helianthus petiolaris,,Helianthus petiolaris,Revisar,Coinciden GBIF y WFO; rWCVP sin resultado
Helianthus.grosse-serratus,Helianthus grosseserratus,,,Revisar,Falta resultado en una o más fuentes
Helianthus.laetiflorus,Helianthus ×laetiflorus,Helianthus × laetiflorus,Helianthus × laetiflorus,Revisar,Coinciden rWCVP y WFO; GBIF es diferente
Helichrysum.alpinum,,,,Revisar,Sin resultados en las tres fuentes
Helichrysum.scorpioides,Coronidium scorpioides,Coronidium scorpioides,Coronidium scorpioides,Coinciden,Coinciden las tres fuentes
Helichrysum.bellidioides,Anaphalioides bellidioides,Anaphalioides bellidioides,Anaphalioides bellidioides,Coinciden,Coinciden las tres fuentes
Helichrysum.selago,Ozothamnus selago,Ozothamnus × selago,Helichrysum selago,Revisar,Los tres nombres aceptados son diferentes
Helichrysum.proteoides,Helichrysum proteoides,Helichrysum proteoides,Helichrysum proteoides,Coinciden,Coinciden las tres fuentes
Helichrysum.stoechas,Helichrysum stoechas,Helichrysum stoechas,Helichrysum stoechas,Coinciden,Coinciden las tres fuentes
Helichrysum.picardii,Helichrysum serotinum subsp. picardii,Helichrysum serotinum subsp. picardii,Helichrysum italicum subsp. picardii,Revisar,Coinciden GBIF y rWCVP; WFO es diferente
Heliconia.psittacorum,Heliconia psittacorum,Heliconia psittacorum,Heliconia psittacorum,Coinciden,Coinciden las tres fuentes
Heliopsis.helianthoides,Heliopsis helianthoides,Heliopsis helianthoides,Heliopsis helianthoides,Coinciden,Coinciden las tres fuentes
Heliotropium.europaeum,Heliotropium europaeum,Heliotropium europaeum,Heliotropium europaeum,Coinciden,Coinciden las tres fuentes
Heliotropium.hirsutissimum,Heliotropium hirsutissimum,,Heliotropium hirsutissimum,Revisar,Coinciden GBIF y WFO; rWCVP sin resultado
Heliotropium.dolosum,Heliotropium dolosum,Heliotropium dolosum,Heliotropium dolosum,Coinciden,Coinciden las tres fuentes
Helipterum.albicans,Leucochrysum albicans subsp. albicans,Leucochrysum albicans,Leucochrysum albicans,Revisar,Coinciden rWCVP y WFO; GBIF es diferente
Hemerocallis.vespertina,Hemerocallis citrina var. vespertina,Hemerocallis citrina var. vespertina,Hemerocallis citrina var. vespertina,Coinciden,Coinciden las tres fuentes
Hepatica.americana,Hepatica americana,Hepatica americana,Hepatica americana,Coinciden,Coinciden las tres fuentes
Hepatica.acutiloba,Hepatica acutiloba,Hepatica americana var. acuta,Hepatica acutiloba,Revisar,Coinciden GBIF y WFO; rWCVP es diferente
Heracleum.lanatum,Heracleum maximum,Heracleum maximum,Heracleum maximum,Coinciden,Coinciden las tres fuentes
Heritiera.littoralis,Heritiera littoralis,Heritiera littoralis,Heritiera littoralis,Coinciden,Coinciden las tres fuentes
Heteropappus.hispidus,Heteropappus hispidus,Aster hispidus,Aster hispidus,Revisar,Coinciden rWCVP y WFO; GBIF es diferente
Heteropterys.sp2.M.PL.059,,,,Revisar,Sin resultados en las tres fuentes
Heteropterys.sp1.M.PL.059,,,,Revisar,Sin resultados en las tres fuentes
Heuchera.hispida,,,Heuchera pilosissima,Revisar,Falta resultado en una o más fuentes
Hibiscus.teliaceus,,Hibiscus tiliaceus,Hibiscus tiliaceus,Revisar,Coinciden rWCVP y WFO; GBIF sin resultado
Hibiscus.trionum,Hibiscus trionum,Hibiscus trionum,Hibiscus trionum,Coinciden,Coinciden las tres fuentes
Hibiscus.syriacus,Hibiscus syriacus,Hibiscus syriacus,Hibiscus syriacus,Coinciden,Coinciden las tres fuentes
Hibiscus.laevis,Hibiscus laevis,Hibiscus laevis,Hibiscus laevis,Coinciden,Coinciden las tres fuentes
Hibiscus.militaris,Hibiscus laevis,Hibiscus laevis,Hibiscus laevis,Coinciden,Coinciden las tres fuentes
Hibiscus.maleinoi,,Hibiscus makinoi,Hibiscus makinoi,Revisar,Coinciden rWCVP y WFO; GBIF sin resultado
Hibiscus.lasiocarpos,Hibiscus moscheutos subsp. lasiocarpos,Hibiscus moscheutos subsp. lasiocarpos,Hibiscus moscheutos subsp. lasiocarpos,Coinciden,Coinciden las tres fuentes
Hibiscus.hamabo,Talipariti hamabo,Hibiscus hamabo,Hibiscus hamabo,Revisar,Coinciden rWCVP y WFO; GBIF es diferente
Hibiscus.tiliaceus,Talipariti tiliaceum,Hibiscus tiliaceus,Hibiscus tiliaceus,Revisar,Coinciden rWCVP y WFO; GBIF es diferente
Hieracium.umbellatum,Hieracium umbellatum,Hieracium umbellatum,Hieracium umbellatum,Coinciden,Coinciden las tres fuentes
Hieracium.praealtum,Hieracium praealtum,Pilosella piloselloides subsp. praealta,Pilosella piloselloides subsp. praealta,Revisar,Coinciden rWCVP y WFO; GBIF es diferente
Hieracium.pilosella,Pilosella officinarum,Pilosella officinarum,Pilosella officinarum,Coinciden,Coinciden las tres fuentes
Hippeastrum.uniflorum,Paposoa laeta,Paposoa laeta,Rhodophiala pratensis,Revisar,Coinciden GBIF y rWCVP; WFO es diferente
Hirschfeldia.incana,Hirschfeldia incana,Hirschfeldia incana,Hirschfeldia incana,Coinciden,Coinciden las tres fuentes
Hoheria.glabrata,Hoheria glabrata,Hoheria glabrata,Hoheria glabrata,Coinciden,Coinciden las tres fuentes
Holodiscus.dumosus,Holodiscus australis,,Holodiscus australis,Revisar,Coinciden GBIF y WFO; rWCVP sin resultado
Homalanthus.populifolius,Homalanthus populifolius,Homalanthus populifolius,Homalanthus populifolius,Coinciden,Coinciden las tres fuentes
Hosta.albomarginata,Hosta sieboldii,Hosta sieboldii,Hosta sieboldii,Coinciden,Coinciden las tres fuentes
Hosta.sieboldiana,Hosta sieboldiana,Hosta sieboldiana,Hosta sieboldiana,Coinciden,Coinciden las tres fuentes
Houstonia.purpurea.calycosa,Houstonia purpurea var. calycosa,Houstonia purpurea var. calycosa,Houstonia purpurea,Revisar,Coinciden GBIF y rWCVP; WFO es diferente
Houttuynia.cordata,Houttuynia cordata,Houttuynia cordata,Houttuynia cordata,Coinciden,Coinciden las tres fuentes
Hovenia.tomentella,Hovenia tomentella,Hovenia tomentella,Hovenia tomentella,Coinciden,Coinciden las tres fuentes
Humiria.balsamifera,Humiria balsamifera,Humiria balsamifera,Humiria balsamifera,Coinciden,Coinciden las tres fuentes
Hybanthus.concolor,Cubelium concolor,Cubelium concolor,Hybanthus concolor,Revisar,Coinciden GBIF y rWCVP; WFO es diferente
Hydrangea.luteo-venosa,Hydrangea luteovenosa,Hydrangea luteovenosa,Hydrangea luteovenosa,Coinciden,Coinciden las tres fuentes
Hydrangea.macrophylla,Hydrangea macrophylla,Hydrangea macrophylla,Hydrangea macrophylla,Coinciden,Coinciden las tres fuentes
Hydrangea.serrata,Hydrangea serrata,Hydrangea serrata,Hydrangea serrata,Coinciden,Coinciden las tres fuentes
Hydrangea.serratifolia,Hydrangea serratifolia,Hydrangea serratifolia,Hydrangea serratifolia,Coinciden,Coinciden las tres fuentes
Hydrangea.hirta,Hydrangea hirta,Hydrangea hirta,Hydrangea hirta,Coinciden,Coinciden las tres fuentes
Hydrangea.paniculata,Hydrangea paniculata,,Hydrangea paniculata,Revisar,Coinciden GBIF y WFO; rWCVP sin resultado
Hydrangea.arborescens,Hydrangea arborescens,Hydrangea arborescens,Hydrangea arborescens,Coinciden,Coinciden las tres fuentes
Hydrocharis.dubia,Hydrocharis dubia,Hydrocharis dubia,Hydrocharis dubia,Coinciden,Coinciden las tres fuentes
Hydrocotyle.ramiflora,Hydrocotyle ramiflora,Hydrocotyle ramiflora,Hydrocotyle ramiflora,Coinciden,Coinciden las tres fuentes
Hydrophyllum.appendiculatum,Hydrophyllum appendiculatum,Hydrophyllum appendiculatum,Hydrophyllum appendiculatum,Coinciden,Coinciden las tres fuentes
Hydrophyllum.virginianum,Hydrophyllum virginianum,Hydrophyllum virginianum,Hydrophyllum virginianum,Coinciden,Coinciden las tres fuentes
Hymenocarpus.circinnatus,Anthyllis circinnata,Anthyllis circinnata,Anthyllis circinnata,Coinciden,Coinciden las tres fuentes
Hypericum.empetrifolium,Hypericum empetrifolium,,Hypericum empetrifolium,Revisar,Coinciden GBIF y WFO; rWCVP sin resultado
Hypericum.pseudopetiolatum,Hypericum pseudopetiolatum,Hypericum pseudopetiolatum,Hypericum pseudopetiolatum,Coinciden,Coinciden las tres fuentes
Hypericum.perfolatum,,Hypericum perfoliatum,Hypericum perfoliatum,Revisar,Coinciden rWCVP y WFO; GBIF sin resultado
Hypericum.triquetrifolium,Hypericum triquetrifolium,Hypericum triquetrifolium,Hypericum triquetrifolium,Coinciden,Coinciden las tres fuentes
Hypericum.perforatum,Hypericum perforatum,Hypericum perforatum,Hypericum perforatum,Coinciden,Coinciden las tres fuentes
Hypericum.connatum,Hypericum connatum,Hypericum connatum,Hypericum connatum,Coinciden,Coinciden las tres fuentes
Hypericum.punctatum,Hypericum punctatum,,Hypericum punctatum,Revisar,Coinciden GBIF y WFO; rWCVP sin resultado
Hypericum.cistifolium,Hypericum cistifolium,Hypericum cistifolium,Hypericum cistifolium,Coinciden,Coinciden las tres fuentes
Hypericum.prolificum,Hypericum prolificum,Hypericum prolificum,Hypericum prolificum,Coinciden,Coinciden las tres fuentes
Hypericum.patulum,Hypericum patulum,Hypericum patulum,Hypericum patulum,Coinciden,Coinciden las tres fuentes
Hypericum.erectum,Hypericum erectum,,Hypericum erectum,Revisar,Coinciden GBIF y WFO; rWCVP sin resultado
Hypericum.ascyron,Hypericum ascyron,,Hypericum ascyron,Revisar,Coinciden GBIF y WFO; rWCVP sin resultado
Hypericum.grandifolium,Hypericum grandifolium,Hypericum grandifolium,Hypericum grandifolium,Coinciden,Coinciden las tres fuentes
Hypochaeris.rosengurtii,Hypochaeris lutea,Hypochaeris lutea,Hypochaeris rosengurttii,Revisar,Coinciden GBIF y rWCVP; WFO es diferente
Hypochaeris.radicata,Hypochaeris radicata,Hypochaeris radicata,Hypochaeris radicata,Coinciden,Coinciden las tres fuentes
Hypochaeris.pampasica,Hypochaeris pampasica,Hypochaeris pampasica,Hypochaeris pampasica,Coinciden,Coinciden las tres fuentes
Hypochoeris.achyrophorus,,Hypochaeris achyrophorus,Hypochaeris achyrophorus,Revisar,Coinciden rWCVP y WFO; GBIF sin resultado
Hypochoeris.radicata,Hypochoeris radicata,Hypochaeris radicata,Hypochaeris radicata,Revisar,Coinciden rWCVP y WFO; GBIF es diferente
Hypochoeris.sp,,,,Revisar,Sin resultados en las tres fuentes
Hypochoeris.montana.,,,Hypochaeris laciniata,Revisar,Falta resultado en una o más fuentes
Hypoxis.hirsuta,Hypoxis hirsuta,Hypoxis hirsuta,Hypoxis hirsuta,Coinciden,Coinciden las tres fuentes
Hyptis.conferta,Hyptis conferta,Hyptis conferta,Hyptis conferta,Coinciden,Coinciden las tres fuentes
Hyptis.dilatata,Hyptis dilatata,Hyptis dilatata,Hyptis dilatata,Coinciden,Coinciden las tres fuentes
Hysterionica.pinifolia,Neja pinifolia,Neja pinifolia,Neja pinifolia,Coinciden,Coinciden las tres fuentes
Hysterionica.jasionoides,Hysterionica jasionoides,Hysterionica jasionoides,Hysterionica jasionoides,Coinciden,Coinciden las tres fuentes
Ibidium.strictum,Spiranthes romanzoffiana,Spiranthes romanzoffiana,Spiranthes romanzoffiana,Coinciden,Coinciden las tres fuentes
Idesia.polycarpa,Idesia polycarpa,Idesia polycarpa,Idesia polycarpa,Coinciden,Coinciden las tres fuentes
Ilex.retusa,Ilex retusa,Ilex retusa,Ilex retusa,Coinciden,Coinciden las tres fuentes
Ilex.integra,Ilex integra,,Ilex integra,Revisar,Coinciden GBIF y WFO; rWCVP sin resultado
Ilex.canarienis,,Ilex canariensis,Ilex canariensis,Revisar,Coinciden rWCVP y WFO; GBIF sin resultado
Ilex.serrata,Ilex serrata,Ilex serrata,Ilex serrata,Coinciden,Coinciden las tres fuentes
Impatiens.pallida,Impatiens pallida,Impatiens pallida,Impatiens pallida,Coinciden,Coinciden las tres fuentes
Impatiens.noli-tangere,Impatiens noli-tangere,,Impatiens noli-tangere,Revisar,Coinciden GBIF y WFO; rWCVP sin resultado
Impatiens.biflora,Impatiens capensis,Impatiens capensis,Impatiens capensis,Coinciden,Coinciden las tres fuentes
Impatiens.walleriana,Impatiens walleriana,Impatiens walleriana,Impatiens walleriana,Coinciden,Coinciden las tres fuentes
Impatiens.textori,Impatiens textorii,Impatiens textorii,Impatiens textorii,Coinciden,Coinciden las tres fuentes
Indigofera.tinctoria,Indigofera tinctoria,,Indigofera tinctoria,Revisar,Coinciden GBIF y WFO; rWCVP sin resultado
Inga.edulis,Inga edulis,Inga edulis,Inga edulis,Coinciden,Coinciden las tres fuentes
Inula.salicina,Inula salicina,,Inula salicina,Revisar,Coinciden GBIF y WFO; rWCVP sin resultado
Inula.japonica,Inula japonica,Inula japonica,Inula japonica,Coinciden,Coinciden las tres fuentes
Ipomoea.macrantha,,,Ipomoea violacea,Revisar,Falta resultado en una o más fuentes
Ipomoea.linearifolia,Ipomoea incarnata,Ipomoea incarnata,Ipomoea incarnata,Coinciden,Coinciden las tres fuentes
Ipomoea.hederacea,Ipomoea hederacea,,Ipomoea hederacea,Revisar,Coinciden GBIF y WFO; rWCVP sin resultado
Ipomoea.purpurea,Ipomoea purpurea,Ipomoea purpurea,Ipomoea purpurea,Coinciden,Coinciden las tres fuentes
Ipomoea.tiliacea,Ipomoea tiliacea,Ipomoea tiliacea,Ipomoea tiliacea,Coinciden,Coinciden las tres fuentes
Ipomoea.indica,Ipomoea indica,Ipomoea indica,Ipomoea indica,Coinciden,Coinciden las tres fuentes
Ipomoea.sp1.M.PL.026,,,,Revisar,Sin resultados en las tres fuentes
Ipomoea.pandurata,Ipomoea pandurata,,Ipomoea pandurata,Revisar,Coinciden GBIF y WFO; rWCVP sin resultado
Ipomoea.pes-caprae,Ipomoea pes-caprae,Ipomoea pes-caprae,Ipomoea pes-caprae,Coinciden,Coinciden las tres fuentes
Iris.taevigata,,Iris laevigata,Iris laevigata,Revisar,Coinciden rWCVP y WFO; GBIF sin resultado
Iris.versicolor,Iris versicolor,,Iris versicolor,Revisar,Coinciden GBIF y WFO; rWCVP sin resultado
Iris.sanguinea,Iris sanguinea,Iris sanguinea,Iris sanguinea,Coinciden,Coinciden las tres fuentes
Iris.japonica,Iris japonica,Iris japonica,Iris japonica,Coinciden,Coinciden las tres fuentes
Iris.rossii,Iris rossii,Iris rossii,Iris rossii,Coinciden,Coinciden las tres fuentes
Iris.pumila,Iris pumila,Iris pumila,Iris pumila,Coinciden,Coinciden las tres fuentes
Iris.pseudacorus,Iris pseudacorus,Iris pseudacorus,Iris pseudacorus,Coinciden,Coinciden las tres fuentes
Iris.hexagona,Iris hexagona,Iris hexagona,Iris hexagona,Coinciden,Coinciden las tres fuentes
Iris.missouriensis,Iris missouriensis,Iris missouriensis,Iris missouriensis,Coinciden,Coinciden las tres fuentes
Irlbachia.nemorosa,Irlbachia nemorosa,Irlbachia nemorosa,Irlbachia nemorosa,Coinciden,Coinciden las tres fuentes
Isachne.globosa,Isachne globosa,Isachne globosa,Isachne globosa,Coinciden,Coinciden las tres fuentes
Isodon.inflexus,Isodon inflexus,Isodon inflexus,Isodon inflexus,Coinciden,Coinciden las tres fuentes
Isopyrum.biternatum,Enemion biternatum,Enemion biternatum,Enemion biternatum,Coinciden,Coinciden las tres fuentes
Isotoma.fluviatilis,Isotoma fluviatilis,Isotoma fluviatilis,Isotoma fluviatilis,Coinciden,Coinciden las tres fuentes
Itea.parviflora,Itea parviflora,Itea parviflora,Itea parviflora,Coinciden,Coinciden las tres fuentes
Ixeris.debilis,Ixeris japonica,Ixeris japonica,Ixeris debilis,Revisar,Coinciden GBIF y rWCVP; WFO es diferente
Ixeris.dentata,Ixeridium dentatum subsp. dentatum,Ixeridium dentatum,Ixeridium dentatum,Revisar,Coinciden rWCVP y WFO; GBIF es diferente
Ixora.pudica,Ixora pudica,Ixora pudica,Ixora pudica,Coinciden,Coinciden las tres fuentes
Jaborosa.laciniata.,Jaborosa laciniata,Jaborosa laciniata,Jaborosa laciniata,Coinciden,Coinciden las tres fuentes
Jacquinia.arborea,Jacquinia arborea,Jacquinia arborea,Jacquinia arborea,Coinciden,Coinciden las tres fuentes
Jaegeria.gracilis,Jaegeria gracilis,Jaegeria gracilis,Jaegeria gracilis,Coinciden,Coinciden las tres fuentes
Jamesia.americana,Jamesia americana,Jamesia americana,Jamesia americana,Coinciden,Coinciden las tres fuentes
Janusia.anisandra,Janusia anisandra,Janusia anisandra,Schwannia anisandra,Revisar,Coinciden GBIF y rWCVP; WFO es diferente
Jasminoserius.thouarsii,,Jasminocereus thouarsii,Jasminocereus thouarsii,Revisar,Coinciden rWCVP y WFO; GBIF sin resultado
Juncus.effusus,Juncus effusus,Juncus effusus,Juncus effusus,Coinciden,Coinciden las tres fuentes
Junellia.tonini,Junellia toninii,Junellia toninii,Junellia toninii,Coinciden,Coinciden las tres fuentes
Junellia.uniflora,Junellia uniflora,Junellia uniflora,Junellia uniflora,Coinciden,Coinciden las tres fuentes
Justicia.galapagana,Justicia galapagana,Justicia galapagana,Justicia galapagana,Coinciden,Coinciden las tres fuentes
Justicia.procumbens,,,Rostellularia procumbens,Revisar,Falta resultado en una o más fuentes
Kalimeris.pinnatifida,Kalimeris pinnatifida,Aster iinumae,Aster iinumae,Revisar,Coinciden rWCVP y WFO; GBIF es diferente
Kalimeris.yomena,Kalimeris yomena,Aster yomena,Aster yomena,Revisar,Coinciden rWCVP y WFO; GBIF es diferente
Kalmia.angustifolia,Kalmia angustifolia,Kalmia angustifolia,Kalmia angustifolia,Coinciden,Coinciden las tres fuentes
Kalmia.polifolia,Kalmia polifolia,Kalmia polifolia,Kalmia polifolia,Coinciden,Coinciden las tres fuentes
Kandetia.candel,,Kandelia candel,Kandelia candel,Revisar,Coinciden rWCVP y WFO; GBIF sin resultado
Kerria.japonica,Kerria japonica,Kerria japonica,Kerria japonica,Coinciden,Coinciden las tres fuentes
Knautia.arvensis,Knautia arvensis,Knautia arvensis,Knautia arvensis,Coinciden,Coinciden las tres fuentes
Krigia.amplexicaulis,Krigia biflora,Krigia biflora,Krigia biflora,Coinciden,Coinciden las tres fuentes
Kunzea.muelleri,Kunzea muelleri,Kunzea muelleri,Kunzea muelleri,Coinciden,Coinciden las tres fuentes
L.acaulis,,,,Revisar,Sin resultados en las tres fuentes
Labourdonnaisia.callophylloides,Labourdonnaisia calophylloides,Labourdonnaisia calophylloides,Labourdonnaisia calophylloides,Coinciden,Coinciden las tres fuentes
Lactuca.indica,Lactuca indica,Lactuca indica,Lactuca indica,Coinciden,Coinciden las tres fuentes
Lactuca.floridana,Lactuca floridana,Lactuca floridana,Lactuca floridana,Coinciden,Coinciden las tres fuentes
Lactuca.canadensis,Lactuca canadensis,Lactuca canadensis,Lactuca canadensis,Coinciden,Coinciden las tres fuentes
Lagerstroemia.subcostata,Lagerstroemia subcostata,Lagerstroemia subcostata,Lagerstroemia subcostata,Coinciden,Coinciden las tres fuentes
Lamium.amplexicaule,Lamium amplexicaule,Lamium amplexicaule,Lamium amplexicaule,Coinciden,Coinciden las tres fuentes
Lantana.camara,Lantana camara,Lantana camara,Lantana camara,Coinciden,Coinciden las tres fuentes
Lantana.involucrata,Lantana involucrata,,Lantana involucrata,Revisar,Coinciden GBIF y WFO; rWCVP sin resultado
Lantana.peducularis,,Lantana peduncularis,Lantana peduncularis,Revisar,Coinciden rWCVP y WFO; GBIF sin resultado
Lappula.virginiana,Hackelia virginiana,Hackelia virginiana,Hackelia virginiana,Coinciden,Coinciden las tres fuentes
Lappula.floribunda,Hackelia floribunda,Hackelia floribunda,Hackelia floribunda,Coinciden,Coinciden las tres fuentes
Lapsana.communis,Lapsana communis,Lapsana communis,Lapsana communis,Coinciden,Coinciden las tres fuentes
Larrea.divaricata,Larrea divaricata,Larrea divaricata,Larrea divaricata,Coinciden,Coinciden las tres fuentes
Lasianthus.japonicus,Lasianthus japonicus,Lasianthus japonicus,Lasianthus japonicus,Coinciden,Coinciden las tres fuentes
Lathyrus.subandinus,Lathyrus subandinus,Lathyrus subandinus,Lathyrus subandinus,Coinciden,Coinciden las tres fuentes
Lathyrus.cicera,Lathyrus cicera,,Lathyrus cicera,Revisar,Coinciden GBIF y WFO; rWCVP sin resultado
Lathyrus.nervosus,Lathyrus nervosus,,Lathyrus nervosus,Revisar,Coinciden GBIF y WFO; rWCVP sin resultado
Lathyrus.montanus,,Lathyrus linifolius,Lathyrus linifolius,Revisar,Coinciden rWCVP y WFO; GBIF sin resultado
Lathyrus.sp1.M.PL.023,,,,Revisar,Sin resultados en las tres fuentes
Lathyrus.clymenum,Lathyrus clymenum,Lathyrus clymenum,Lathyrus clymenum,Coinciden,Coinciden las tres fuentes
Lathyrus.crassipes,Lathyrus crassipes,Lathyrus crassipes,Lathyrus crassipes,Coinciden,Coinciden las tres fuentes
Lathyrus.pubescens,Lathyrus pubescens,,Lathyrus pubescens,Revisar,Coinciden GBIF y WFO; rWCVP sin resultado
Lathyrus.pratensis,Lathyrus pratensis,Lathyrus pratensis,Lathyrus pratensis,Coinciden,Coinciden las tres fuentes
Lathyrus.ornatus,Lathyrus decaphyllus var. decaphyllus,Lathyrus decaphyllus var. decaphyllus,Lathyrus polymorphus var. polymorphus,Revisar,Coinciden GBIF y rWCVP; WFO es diferente
Laurus.azorica,Laurus azorica,Laurus azorica,Laurus azorica,Coinciden,Coinciden las tres fuentes
Lavandula.buchii,Lavandula buchii,Lavandula buchii,Lavandula buchii,Coinciden,Coinciden las tres fuentes
Lavandula.stoechas,Lavandula stoechas,Lavandula stoechas,Lavandula stoechas,Coinciden,Coinciden las tres fuentes
Lecanophora.heterophylla,Lecanophora heterophylla,Lecanophora heterophylla,Lecanophora heterophylla,Coinciden,Coinciden las tres fuentes
Ledum.groenlandicum,Rhododendron groenlandicum,Rhododendron groenlandicum,Rhododendron groenlandicum,Coinciden,Coinciden las tres fuentes
Leesia.japonica,,Leersia japonica,Leersia japonica,Revisar,Coinciden rWCVP y WFO; GBIF sin resultado
Leontodon.saxatilis,,,Leontodon saxatilis,Revisar,Falta resultado en una o más fuentes
Leontodon.taraxacoides,Leontodon taraxacoides,Leontodon saxatilis subsp. saxatilis,Taraxacum taraxacoides,Revisar,Los tres nombres aceptados son diferentes
Leontodon.hispidus,Leontodon hispidus,,Leontodon hispidus,Revisar,Coinciden GBIF y WFO; rWCVP sin resultado
Leontodon.autumnalis,Leontodon autumnalis,Scorzoneroides autumnalis,Scorzoneroides autumnalis,Revisar,Coinciden rWCVP y WFO; GBIF es diferente
Leonurus.cardiaca,Leonurus cardiaca,Leonurus cardiaca,Leonurus cardiaca,Coinciden,Coinciden las tres fuentes
Lepachys.pinnata,Ratibida pinnata,Ratibida pinnata,Ratibida pinnata,Coinciden,Coinciden las tres fuentes
Lepidium.virginicum,Lepidium virginicum,Lepidium virginicum,Lepidium virginicum,Coinciden,Coinciden las tres fuentes
Lepidium.suffruticosum,,,Lepidium graminifolium,Revisar,Falta resultado en una o más fuentes
Leptorhynchos.squamatus,Leptorhynchos squamatus,Leptorhynchos squamatus,Leptorhynchos squamatus,Coinciden,Coinciden las tres fuentes
Leptospermum.scoparium,Leptospermum scoparium,Leptospermum scoparium,Leptospermum scoparium,Coinciden,Coinciden las tres fuentes
Lespedeza.virginica,Lespedeza virginica,Lespedeza virginica,Lespedeza virginica,Coinciden,Coinciden las tres fuentes
Lespedeza.capitata,Lespedeza capitata,Lespedeza capitata,Lespedeza capitata,Coinciden,Coinciden las tres fuentes
Lespedeza.procumbens,Lespedeza procumbens,Lespedeza procumbens,Lespedeza procumbens,Coinciden,Coinciden las tres fuentes
Lespedeza.bicolor,Lespedeza bicolor,Lespedeza bicolor,Lespedeza bicolor,Coinciden,Coinciden las tres fuentes
Lespedeza.thunbergii,Lespedeza thunbergii,Lespedeza thunbergii,Lespedeza thunbergii,Coinciden,Coinciden las tres fuentes
Lesquerella.arctica,Physaria arctica,Physaria arctica,Physaria arctica,Coinciden,Coinciden las tres fuentes
Leucaena.leucocephala,Leucaena leucocephala,Leucaena leucocephala,Leucaena leucocephala,Coinciden,Coinciden las tres fuentes
Leucanthemum.vulgare,Leucanthemum vulgare,Leucanthemum vulgare,Leucanthemum vulgare,Coinciden,Coinciden las tres fuentes
Leuceria.landbeckii,,Leucheria runcinata,Leucheria landbeckii,Revisar,Falta resultado en una o más fuentes
Leuceria.candidissima.,Leucheria candidissima,Leucheria candidissima,Leucheria candidissima,Coinciden,Coinciden las tres fuentes
Leuceria.salina,Leucheria salina,Leucheria salinae,Leucheria salina,Revisar,Coinciden GBIF y WFO; rWCVP es diferente
Leucocoryne.ixioides,Leucocoryne ixioides,Leucocoryne ixioides,Leucocoryne ixioides,Coinciden,Coinciden las tres fuentes
Leucocoryne.pauciflora,Leucocoryne pauciflora,Leucocoryne pauciflora,Leucocoryne pauciflora,Coinciden,Coinciden las tres fuentes
Leucogenes.grandiceps,Leucogenes grandiceps,Leucogenes grandiceps,Leucogenes grandiceps,Coinciden,Coinciden las tres fuentes
Leucopogon.montanus,Acrothamnus montanus,Acrothamnus montanus,Acrothamnus montanus,Coinciden,Coinciden las tres fuentes
Leucosceptrum.stellipilum,Comanthosphace stellipila,Comanthosphace stellipila,Comanthosphace stellipila,Coinciden,Coinciden las tres fuentes
Liatris.scariosa,Liatris scariosa,Liatris scariosa,Liatris scariosa,Coinciden,Coinciden las tres fuentes
Liatris.pycnostachya,Liatris pycnostachya,Liatris pycnostachya,Liatris pycnostachya,Coinciden,Coinciden las tres fuentes
Libanotis.coreana,Seseli coreanum,Seseli coreanum,Seseli coreanum,Coinciden,Coinciden las tres fuentes
Ligularia.dentata,Ligularia dentata,Ligularia dentata,Ligularia dentata,Coinciden,Coinciden las tres fuentes
Ligularia.japonica,Ligularia japonica,Ligularia japonica,Ligularia japonica,Coinciden,Coinciden las tres fuentes
Ligularia.fischerii,Ligularia fischeri,Ligularia fischeri,Ligularia fischeri,Coinciden,Coinciden las tres fuentes
Ligustrum.japonicum,Ligustrum japonicum,Ligustrum japonicum,Ligustrum japonicum,Coinciden,Coinciden las tres fuentes
Ligustrum.obtusifolium,Ligustrum obtusifolium,Ligustrum obtusifolium,Ligustrum obtusifolium,Coinciden,Coinciden las tres fuentes
Lilium.leichtlinii,Lilium leichtlinii,Lilium leichtlinii,Lilium leichtlinii,Coinciden,Coinciden las tres fuentes
Lilium.superbum,Lilium superbum,,Lilium superbum,Revisar,Coinciden GBIF y WFO; rWCVP sin resultado
Limophila.sessiliflora,,Limnophila sessiliflora,Limnophila sessiliflora,Revisar,Coinciden rWCVP y WFO; GBIF sin resultado
Linaria.vulgaris,Linaria vulgaris,,Linaria vulgaris,Revisar,Coinciden GBIF y WFO; rWCVP sin resultado
Lindera.sericea,Lindera sericea,Lindera sericea,Lindera sericea,Coinciden,Coinciden las tres fuentes
Lindera.obtusiloba,Lindera obtusiloba,Lindera obtusiloba,Lindera obtusiloba,Coinciden,Coinciden las tres fuentes
Lindera.umbellata,Lindera umbellata,Lindera umbellata,Lindera umbellata,Coinciden,Coinciden las tres fuentes
Lindernia.procumbens,Lindernia procumbens,Lindernia procumbens,Lindernia procumbens,Coinciden,Coinciden las tres fuentes
Lindernia.dubia,Lindernia dubia,Lindernia dubia,Lindernia dubia,Coinciden,Coinciden las tres fuentes
Linnaea.borealis,Linnaea borealis,Linnaea borealis,Linnaea borealis,Coinciden,Coinciden las tres fuentes
Linum.strictum,Linum strictum,Linum strictum,Linum strictum,Coinciden,Coinciden las tres fuentes
Linum.catharticum,Linum catharticum,Linum catharticum,Linum catharticum,Coinciden,Coinciden las tres fuentes
Linum.sp1.M.PL.058,,,,Revisar,Sin resultados en las tres fuentes
Liparis.liliifolia,Liparis liliifolia,Liparis liliifolia,Liparis liliifolia,Coinciden,Coinciden las tres fuentes
Lippia.lanceolata,Phyla lanceolata,Phyla lanceolata,Phyla lanceolata,Coinciden,Coinciden las tres fuentes
Lippia.rosmarinifolia,Lippia rosmarinifolia,Lippia rosmarinifolia,Lippia rosmarinifolia,Coinciden,Coinciden las tres fuentes
Lippia.nodiflora,Phyla nodiflora,Phyla nodiflora,Phyla nodiflora,Coinciden,Coinciden las tres fuentes
Liriope.platyphylla,Liriope muscari,Liriope muscari,Liriope muscari,Coinciden,Coinciden las tres fuentes
Lithospermum.canescens,Lithospermum canescens,,Lithospermum canescens,Revisar,Coinciden GBIF y WFO; rWCVP sin resultado
Litsea.japonica,Litsea japonica,Litsea japonica,Litsea japonica,Coinciden,Coinciden las tres fuentes
Litsea.citriodora,Lindera citriodora,Lindera citriodora,Lindera citriodora,Coinciden,Coinciden las tres fuentes
Loasa.incurva.,Pinnasa incurva,Pinnasa incurva,Pinnasa incurva,Coinciden,Coinciden las tres fuentes
Loasa.heterophylla,Loasa heterophylla,Loasa heterophylla,Loasa heterophylla,Coinciden,Coinciden las tres fuentes
Loasa.sigmoidea,Loasa sigmoidea,Loasa sigmoidea,Loasa sigmoidea,Coinciden,Coinciden las tres fuentes
Loasa.caespitosa,Loasa caespitosa,Loasa caespitosa,Loasa caespitosa,Coinciden,Coinciden las tres fuentes
Lobelia.inflata,Lobelia inflata,Lobelia inflata,Lobelia inflata,Coinciden,Coinciden las tres fuentes
Lobelia.cardinalis,Lobelia cardinalis,Lobelia cardinalis,Lobelia cardinalis,Coinciden,Coinciden las tres fuentes
Lobelia.spicata,Lobelia spicata,,Lobelia spicata,Revisar,Coinciden GBIF y WFO; rWCVP sin resultado
Lobelia.leptostachys,Lobelia spicata,Lobelia spicata,Lobelia spicata,Coinciden,Coinciden las tres fuentes
Lobelia.siphilitica,Lobelia siphilitica,Lobelia siphilitica,Lobelia siphilitica,Coinciden,Coinciden las tres fuentes
Lobelia.cardinalis.x.siphilitica,,,,Revisar,Sin resultados en las tres fuentes
Lonicera.morrowii,Lonicera morrowii,Lonicera morrowii,Lonicera morrowii,Coinciden,Coinciden las tres fuentes
Lonicera.sullivantii,Lonicera reticulata,Lonicera reticulata,Lonicera reticulata,Coinciden,Coinciden las tres fuentes
Lonicera.gracilipes,Lonicera gracilipes,Lonicera gracilipes,Lonicera gracilipes,Coinciden,Coinciden las tres fuentes
Lonicera.sempervirens,Lonicera sempervirens,Lonicera sempervirens,Lonicera sempervirens,Coinciden,Coinciden las tres fuentes
Lonicera.alpigena.,Lonicera alpigena,,Lonicera alpigena,Revisar,Coinciden GBIF y WFO; rWCVP sin resultado
Lonicera.periclymenum,Lonicera periclymenum,,Lonicera periclymenum,Revisar,Coinciden GBIF y WFO; rWCVP sin resultado
Lotus.glaucus,Lotus glaucus,,Lotus glaucus,Revisar,Coinciden GBIF y WFO; rWCVP sin resultado
Lotus.sp1.M.PL.050,,,,Revisar,Sin resultados en las tres fuentes
Lotus.corniculatus,Lotus corniculatus,Lotus corniculatus,Lotus corniculatus,Coinciden,Coinciden las tres fuentes
Lotus.uliginosus,,,Lotus corniculatus subsp. corniculatus,Revisar,Falta resultado en una o más fuentes
Ludvigia.alternifolia,,,Ludwigia alternifolia,Revisar,Falta resultado en una o más fuentes
Ludvigia.polycarpa,,Ludwigia polycarpa,Ludwigia polycarpa,Revisar,Coinciden rWCVP y WFO; GBIF sin resultado
Ludwigia.epilobioides,Ludwigia epilobioides,Ludwigia epilobioides,Ludwigia epilobioides,Coinciden,Coinciden las tres fuentes
Ludwigia.decurrens,Ludwigia decurrens,Ludwigia decurrens,Ludwigia decurrens,Coinciden,Coinciden las tres fuentes
Ludwigia.nervosa,Ludwigia nervosa,Ludwigia nervosa,Ludwigia nervosa,Coinciden,Coinciden las tres fuentes
Ludwigia.octovalvis,Ludwigia octovalvis,Ludwigia octovalvis,Ludwigia octovalvis,Coinciden,Coinciden las tres fuentes
Luma.apiculata,Luma apiculata,Luma apiculata,Luma apiculata,Coinciden,Coinciden las tres fuentes
Lupinus.microcarpus,Lupinus microcarpus,Lupinus microcarpus,Lupinus microcarpus,Coinciden,Coinciden las tres fuentes
Lupinus.polyphyllus,Lupinus polyphyllus,Lupinus polyphyllus,Lupinus polyphyllus,Coinciden,Coinciden las tres fuentes
Luzula.capitata,Luzula capitata,Luzula capitata,Luzula capitata,Coinciden,Coinciden las tres fuentes
Luzuriaga.polyphylla,Luzuriaga polyphylla,Luzuriaga polyphylla,Luzuriaga polyphylla,Coinciden,Coinciden las tres fuentes
Luzuriaga.radicans,Luzuriaga radicans,Luzuriaga radicans,Luzuriaga radicans,Coinciden,Coinciden las tres fuentes
Lychnis.flos-cuculi,Silene flos-cuculi,Silene flos-cuculi,Silene flos-cuculi,Coinciden,Coinciden las tres fuentes
Lychnis.gracillima,Silene gracillima,Silene gracillima,,Revisar,Coinciden GBIF y rWCVP; WFO sin resultado
Lycopersicon.cheesmanii.minor,,Solanum cheesmaniae,Solanum cheesmaniae,Revisar,Coinciden rWCVP y WFO; GBIF sin resultado
Lycopersicon.cheesmanii,Lycopersicon cheesmanii,Solanum cheesmaniae,Solanum cheesmaniae,Revisar,Coinciden rWCVP y WFO; GBIF es diferente
Lycopus.rubellus,Lycopus rubellus,Lycopus rubellus,Lycopus rubellus,Coinciden,Coinciden las tres fuentes
Lycopus.americanus,Lycopus americanus,Lycopus americanus,Lycopus americanus,Coinciden,Coinciden las tres fuentes
Lycopus.ramosissimus,Lycopus cavaleriei,Lycopus cavaleriei,Lycopus cavaleriei,Coinciden,Coinciden las tres fuentes
Lyonia.ovalifolia,Lyonia ovalifolia,Lyonia ovalifolia,Lyonia ovalifolia,Coinciden,Coinciden las tres fuentes
Lysimachia.mauiriana,,Lysimachia mauritiana,Lysimachia mauritiana,Revisar,Coinciden rWCVP y WFO; GBIF sin resultado
Lysimachia.vulgaris,Lysimachia vulgaris,,Lysimachia vulgaris,Revisar,Coinciden GBIF y WFO; rWCVP sin resultado
Lysimachia.fortunei,Lysimachia fortunei,Lysimachia fortunei,Lysimachia fortunei,Coinciden,Coinciden las tres fuentes
Lysimachia.nummularia,Lysimachia nummularia,Lysimachia nummularia,Lysimachia nummularia,Coinciden,Coinciden las tres fuentes
Lysimachia.clethroides,Lysimachia clethroides,Lysimachia clethroides,Lysimachia clethroides,Coinciden,Coinciden las tres fuentes
Lythrum.salicaria,Lythrum salicaria,Lythrum salicaria,Lythrum salicaria,Coinciden,Coinciden las tres fuentes
Lythrum.alatum,Lythrum alatum,,Lythrum alatum,Revisar,Coinciden GBIF y WFO; rWCVP sin resultado
Lythrum.anceps,Lythrum salicaria,Lythrum salicaria,Lythrum salicaria,Coinciden,Coinciden las tres fuentes
Maackia.tashiroi,Maackia tashiroi,Maackia tashiroi,Maackia tashiroi,Coinciden,Coinciden las tres fuentes
Macairea.pachyphylla,Macairea pachyphylla,Macairea pachyphylla,Macairea pachyphylla,Coinciden,Coinciden las tres fuentes
Macairea.parvifolia,Macairea parvifolia,Macairea parvifolia,Macairea parvifolia,Coinciden,Coinciden las tres fuentes
Machitus.thunbergii,,Machilus thunbergii,Machilus thunbergii,Revisar,Coinciden rWCVP y WFO; GBIF sin resultado
Macleaya.cordata,Macleaya cordata,Macleaya cordata,Macleaya cordata,Coinciden,Coinciden las tres fuentes
Macraea.laricifolia,Trigonopterum laricifolium,Trigonopterum laricifolium,Macraea laricifolia,Revisar,Coinciden GBIF y rWCVP; WFO es diferente
Madia.sativa,Madia sativa,Madia sativa,Madia sativa,Coinciden,Coinciden las tres fuentes
Maesa.tenera,Maesa perlaria var. formosana,Maesa tenera,Maesa tenera,Revisar,Coinciden rWCVP y WFO; GBIF es diferente
Magnolia.salicifolia,Magnolia salicifolia,Magnolia salicifolia,Magnolia salicifolia,Coinciden,Coinciden las tres fuentes
Mahonia.japonica,Mahonia japonica,Berberis japonica,Berberis japonica,Revisar,Coinciden rWCVP y WFO; GBIF es diferente
Maianthemum.canadense,Maianthemum canadense,Maianthemum canadense,Maianthemum canadense,Coinciden,Coinciden las tres fuentes
Malcolmia.chia,Malcolmia chia,Malcolmia chia,Malcolmia chia,Coinciden,Coinciden las tres fuentes
Malesherbia.linearifolius,Malesherbia linearifolia,Malesherbia linearifolia,Malesherbia linearifolia,Coinciden,Coinciden las tres fuentes
Mallotus.japonicus,Mallotus japonicus,Mallotus japonicus,Mallotus japonicus,Coinciden,Coinciden las tres fuentes
Malpighia.glabra,Malpighia glabra,Malpighia glabra,Malpighia glabra,Coinciden,Coinciden las tres fuentes
Malus.sieboldii,Malus toringo,Malus toringo,Malus toringo,Coinciden,Coinciden las tres fuentes
Malus.halliana,Malus halliana,Malus halliana,Malus halliana,Coinciden,Coinciden las tres fuentes
Malva.rotundifolia,,,Malva pusilla,Revisar,Falta resultado en una o más fuentes
Malva.sylvestris,Malva sylvestris,Malva sylvestris,Malva sylvestris,Coinciden,Coinciden las tres fuentes
Malvastrum.coccineum,Sphaeralcea coccinea,Sphaeralcea coccinea,Sphaeralcea coccinea,Coinciden,Coinciden las tres fuentes
Malvastrum.coromandelianum,Malvastrum coromandelianum,Malvastrum coromandelianum,Malvastrum coromandelianum,Coinciden,Coinciden las tres fuentes
Mandevilla.benthamii,Mandevilla benthamii,Mandevilla benthamii,Mandevilla benthamii,Coinciden,Coinciden las tres fuentes
Marcetia.taxifolia,Marcetia taxifolia,Marcetia taxifolia,Marcetia taxifolia,Coinciden,Coinciden las tres fuentes
Marrubium.vulgare,Marrubium vulgare,Marrubium vulgare,Marrubium vulgare,Coinciden,Coinciden las tres fuentes
Martynia.louisiana,Proboscidea louisianica subsp. louisianica,Proboscidea louisianica subsp. louisianica,Proboscidea louisianica subsp. louisianica,Coinciden,Coinciden las tres fuentes
Medeola.virginiana,Medeola virginiana,Medeola virginiana,Medeola virginiana,Coinciden,Coinciden las tres fuentes
Medicago.lupulina,Medicago lupulina,Medicago lupulina,Medicago lupulina,Coinciden,Coinciden las tres fuentes
Medusagyne.oppositifolia,Medusagyne oppositifolia,Medusagyne oppositifolia,Medusagyne oppositifolia,Coinciden,Coinciden las tres fuentes
Meehania.urticifolia,Meehania urticifolia,Meehania urticifolia,Meehania urticifolia,Coinciden,Coinciden las tres fuentes
Melandrium.triflorum,Silene sorensenis,Silene sorensenis,Silene taimyrensis,Revisar,Coinciden GBIF y rWCVP; WFO es diferente
Melanthium.virginicum,Melanthium virginicum,Melanthium virginicum,Melanthium virginicum,Coinciden,Coinciden las tres fuentes
Melastoma.candidum,Melastoma malabathricum subsp. malabathricum,Melastoma malabathricum subsp. malabathricum,Melastoma malabathricum subsp. malabathricum,Coinciden,Coinciden las tres fuentes
Melilotus.officinalis,Melilotus officinalis,Melilotus officinalis,Melilotus officinalis,Coinciden,Coinciden las tres fuentes
Melilotus.albus,Melilotus albus,Melilotus albus,Melilotus albus,Coinciden,Coinciden las tres fuentes
Melilotus.alba,Melilotus officinalis,Melilotus albus,Melilotus albus,Revisar,Coinciden rWCVP y WFO; GBIF es diferente
Meliosma.oldhamii,Meliosma oldhamii,Meliosma oldhamii,Meliosma oldhamii,Coinciden,Coinciden las tres fuentes
Meliosma.rigida,Meliosma rigida,Meliosma rigida,Meliosma rigida,Coinciden,Coinciden las tres fuentes
Meliosma.tenuis,Meliosma tenuis,Meliosma tenuis,Meliosma tenuis,Coinciden,Coinciden las tres fuentes
Melochia.villosa,Melochia spicata,Melochia spicata var. spicata,Melochia villosa,Revisar,Los tres nombres aceptados son diferentes
Melochia.nodiflora,Melochia nodiflora,Melochia nodiflora,Melochia nodiflora,Coinciden,Coinciden las tres fuentes
Memecylon.eleagni,Memecylon elaeagni,Memecylon elaeagni,Memecylon elaeagni,Coinciden,Coinciden las tres fuentes
Memecylon.ovatifolium,Memecylon ovatifolium,Memecylon ovatifolium,Memecylon ovatifolium,Coinciden,Coinciden las tres fuentes
Menonvillea.hookeri.,Menonvillea scapigera subsp. longipes,Menonvillea scapigera subsp. longipes,Menonvillea scapigera subsp. longipes,Coinciden,Coinciden las tres fuentes
Mentha.arvensis,Mentha arvensis,Mentha arvensis,Mentha arvensis,Coinciden,Coinciden las tres fuentes
Mentha.aquatica,Mentha aquatica,Mentha aquatica,Mentha aquatica,Coinciden,Coinciden las tres fuentes
Mentha.longifolia,Mentha longifolia,Mentha longifolia,Mentha longifolia,Coinciden,Coinciden las tres fuentes
Mentzelia.aspera,Mentzelia aspera,,Mentzelia aspera,Revisar,Coinciden GBIF y WFO; rWCVP sin resultado
Mentzelia.multiflora,Mentzelia multiflora,Mentzelia multiflora,Mentzelia multiflora,Coinciden,Coinciden las tres fuentes
Menziesia.pentandra,Rhododendron pentandrum,Rhododendron pentandrum,Rhododendron pentandrum,Coinciden,Coinciden las tres fuentes
Meriana.sclerophylla,,Meriania sclerophylla,Meriania sclerophylla,Revisar,Coinciden rWCVP y WFO; GBIF sin resultado
Merremia.umbellata,Merremia umbellata,Camonea umbellata,Camonea umbellata,Revisar,Coinciden rWCVP y WFO; GBIF es diferente
Mertensia.sibirica,Mertensia sibirica,Mertensia sibirica,Mertensia sibirica,Coinciden,Coinciden las tres fuentes
Mertensia.virginica,Mertensia virginica,Mertensia virginica,Mertensia virginica,Coinciden,Coinciden las tres fuentes
Mertensia.pratensis,Mertensia pratensis,Mertensia pratensis,Mertensia pratensis,Coinciden,Coinciden las tres fuentes
Metothria.tiukiuensis,,Zehneria guamensis,Zehneria liukiuensis,Revisar,Falta resultado en una o más fuentes
Miconia.stephananthera,Miconia stephananthera,Miconia stephananthera,Miconia stephananthera,Coinciden,Coinciden las tres fuentes
Miconia.robinsoniana,Miconia robinsoniana,Miconia robinsoniana,Miconia robinsoniana,Coinciden,Coinciden las tres fuentes
Miconia.ciliata,Miconia ciliata,Miconia ciliata,Miconia ciliata,Coinciden,Coinciden las tres fuentes
Miconia.sp1.M.PL.040,,,,Revisar,Sin resultados en las tres fuentes
Miconia.striata,Miconia striata,Miconia striata,Miconia striata,Coinciden,Coinciden las tres fuentes
Microseris.lanceolata,Microseris lanceolata,Microseris lanceolata,Microseris lanceolata,Coinciden,Coinciden las tres fuentes
Mikania.psilotachya,,Mikania psilostachya,Mikania psilostachya,Revisar,Coinciden rWCVP y WFO; GBIF sin resultado
Mikania.micrantha,Mikania micrantha,Mikania micrantha,Mikania micrantha,Coinciden,Coinciden las tres fuentes
Mimosa.casta,Mimosa casta,Mimosa casta,Mimosa casta,Coinciden,Coinciden las tres fuentes
Mimosa.camporum,Mimosa camporum,Mimosa camporum,Mimosa camporum,Coinciden,Coinciden las tres fuentes
Mimosa.pudica,Mimosa pudica,Mimosa pudica,Mimosa pudica,Coinciden,Coinciden las tres fuentes
Mimosa.tandilensis,Mimosa tandilensis,Mimosa tandilensis,Mimosa tandilensis,Coinciden,Coinciden las tres fuentes
Mimulus.alatus,Mimulus alatus,Mimulus alatus,Mimulus alatus,Coinciden,Coinciden las tres fuentes
Mimulus.ringens,Mimulus ringens,Mimulus ringens,Mimulus ringens,Coinciden,Coinciden las tres fuentes
Mimulus.sp1.M.PL.023,,,,Revisar,Sin resultados en las tres fuentes
Mimusops.sechellarum,Mimusops sechellarum,Mimusops sechellarum,Mimusops sechellarum,Coinciden,Coinciden las tres fuentes
Mimusops.erythroxylon,Mimusops erythroxylon,,Mimusops erythroxylon,Revisar,Coinciden GBIF y WFO; rWCVP sin resultado
Mirabilis.jalapa,Mirabilis jalapa,Mirabilis jalapa,Mirabilis jalapa,Coinciden,Coinciden las tres fuentes
Miraglossum.verticillare,Miraglossum verticillare,Miraglossum verticillare,Miraglossum verticillare,Coinciden,Coinciden las tres fuentes
Miraglossum.pilosum,Miraglossum pilosum,Miraglossum pilosum,Miraglossum pilosum,Coinciden,Coinciden las tres fuentes
Mitraria.coccinea,Mitraria coccinea,Mitraria coccinea,Mitraria coccinea,Coinciden,Coinciden las tres fuentes
Moehringia.lateriflora,Moehringia lateriflora,Moehringia lateriflora,Moehringia lateriflora,Coinciden,Coinciden las tres fuentes
Molinaea.macrantha,Molinaea macrantha,Molinaea macrantha,Molinaea macrantha,Coinciden,Coinciden las tres fuentes
Molinaea.alternifolia,Molinaea alternifolia,Molinaea alternifolia,Molinaea alternifolia,Coinciden,Coinciden las tres fuentes
Mollugo.verticillata,Mollugo verticillata,,Mollugo verticillata,Revisar,Coinciden GBIF y WFO; rWCVP sin resultado
Momordica.charantia.,Momordica charantia,Momordica charantia,Momordica charantia,Coinciden,Coinciden las tres fuentes
Monarda.bradburiana,Monarda bradburiana,Monarda bradburyana,Monarda bradburyana,Revisar,Coinciden rWCVP y WFO; GBIF es diferente
Monarda.fistulosa,Monarda fistulosa,Monarda fistulosa,Monarda fistulosa,Coinciden,Coinciden las tres fuentes
Monimiastrum.globosum,Eugenia kanakana,Eugenia kanakana,Eugenia kanakana,Coinciden,Coinciden las tres fuentes
Monochoria.korsakowii,Pontederia korsakowii,Pontederia korsakowii,Pontederia korsakowii,Coinciden,Coinciden las tres fuentes
Monochoria.vaginalis,Pontederia vaginalis,Pontederia vaginalis,Pontederia vaginalis,Coinciden,Coinciden las tres fuentes
Montiopsis.gilliesii.,Montiopsis gilliesii,Montiopsis gilliesii,Montiopsis gilliesii,Coinciden,Coinciden las tres fuentes
Montricharida.arborescens,,Montrichardia arborescens,Montrichardia arborescens,Revisar,Coinciden rWCVP y WFO; GBIF sin resultado
Morinda.citrifolia,Morinda citrifolia,Morinda citrifolia,Morinda citrifolia,Coinciden,Coinciden las tres fuentes
Morinda.umbellata,Morinda umbellata,Gynochthodes umbellata,Gynochthodes umbellata,Revisar,Coinciden rWCVP y WFO; GBIF es diferente
Morinda.royoc,Morinda royoc,Morinda royoc,Morinda royoc,Coinciden,Coinciden las tres fuentes
Mormordica.charantia,,Momordica charantia,Momordica charantia,Revisar,Coinciden rWCVP y WFO; GBIF sin resultado
Mosla.dianthera,Mosla dianthera,Mosla dianthera,Mosla dianthera,Coinciden,Coinciden las tres fuentes
Muehlenbeckia.complexa,Muehlenbeckia complexa,Muehlenbeckia complexa,Muehlenbeckia complexa,Coinciden,Coinciden las tres fuentes
Muehlenbeckia.axillaris,Muehlenbeckia axillaris,Muehlenbeckia axillaris,,Revisar,Coinciden GBIF y rWCVP; WFO sin resultado
Mulinum.spinosum,Azorella prolifera,Azorella prolifera,Azorella prolifera,Coinciden,Coinciden las tres fuentes
Murdannia.keisak,Murdannia keisak,Murdannia keisak,Murdannia keisak,Coinciden,Coinciden las tres fuentes
Musa.balbisiana,Musa balbisiana,Musa balbisiana,Musa balbisiana,Coinciden,Coinciden las tres fuentes
Musaenda.parviflora,,,Mussaenda parviflora,Revisar,Falta resultado en una o más fuentes
Muscari.comosum,Muscari comosum,Muscari comosum,Muscari comosum,Coinciden,Coinciden las tres fuentes
Muscari.commutatum,Muscari commutatum,Muscari commutatum,Muscari commutatum,Coinciden,Coinciden las tres fuentes
Muscari.neglectum,Muscari neglectum,Muscari neglectum,Muscari neglectum,Coinciden,Coinciden las tres fuentes
Mustisia.subulata,,Mutisia subulata,Mutisia subulata,Revisar,Coinciden rWCVP y WFO; GBIF sin resultado
Mustisia.sinuata,,Mutisia sinuata,Mutisia sinuata,Revisar,Coinciden rWCVP y WFO; GBIF sin resultado
Mustisia.acerosa,,Mutisia acerosa,Mutisia acerosa,Revisar,Coinciden rWCVP y WFO; GBIF sin resultado
Mutisia.decurrens,Mutisia decurrens,Mutisia decurrens,Mutisia decurrens,Coinciden,Coinciden las tres fuentes
Myonima.violacea,Ixora parviflora var. parviflora,Ixora parviflora var. parviflora,Ixora parviflora var. parviflora,Coinciden,Coinciden las tres fuentes
Myonima.violacea.var.ovata,Ixora parviflora var. ovata,Ixora parviflora var. ovata,Ixora parviflora var. ovata,Coinciden,Coinciden las tres fuentes
Myosotis.virginica,Myosotis virginica,Myosotis verna,Myosotis verna,Revisar,Coinciden rWCVP y WFO; GBIF es diferente
Myosotis.palustris,,Myosotis scorpioides subsp. scorpioides,Myosotis scorpioides,Revisar,Falta resultado en una o más fuentes
Myosurus.minimus,Myosurus minimus,Ranunculus minimus,Ranunculus minimus,Revisar,Coinciden rWCVP y WFO; GBIF es diferente
Myrceugenia.ovata.var..ovata,Myrceugenia ovata var. ovata,Myrceugenia ovata var. ovata,Myrceugenia ovata var. ovata,Coinciden,Coinciden las tres fuentes
Myrceugenia.parvifolia,Myrceugenia parvifolia,Myrceugenia parvifolia,Myrceugenia parvifolia,Coinciden,Coinciden las tres fuentes
Myrceugenia.planipes,Myrceugenia planipes,Myrceugenia planipes,Myrceugenia planipes,Coinciden,Coinciden las tres fuentes
Myrsine.segttinii,,Myrsine seguinii,Myrsine seguinii,Revisar,Coinciden rWCVP y WFO; GBIF sin resultado
Myrteola.nummularia,Myrteola nummularia,Myrteola nummularia,Myrteola nummularia,Coinciden,Coinciden las tres fuentes
Myrtus.communis,Myrtus communis,,Myrtus communis,Revisar,Coinciden GBIF y WFO; rWCVP sin resultado
Nandina.domestica,Nandina domestica,Nandina domestica,Nandina domestica,Coinciden,Coinciden las tres fuentes
Nardophyllum.lanatum,Nardophyllum lanatum,Nardophyllum lanatum,Nardophyllum lanatum,Coinciden,Coinciden las tres fuentes
Nassauvia.lagascae,Nassauvia lagascae,,Nassauvia lagascae,Revisar,Coinciden GBIF y WFO; rWCVP sin resultado
Nassauvia.pinnigera,Nassauvia pinnigera,Nassauvia pinnigera,Nassauvia pinnigera,Coinciden,Coinciden las tres fuentes
Nassauvia.pungens,Nassauvia pyramidalis,Nassauvia pyramidalis,Nassauvia pyramidalis,Coinciden,Coinciden las tres fuentes
Nassauvia.heterophylla,,,Nassauvia magellanica,Revisar,Falta resultado en una o más fuentes
Nassauvia.axillaris,Nassauvia axillaris,Nassauvia axillaris,Nassauvia axillaris,Coinciden,Coinciden las tres fuentes
Nastanthus.aglomeratus,Gamocarpha ventosa,Gamocarpha ventosa,Gamocarpha ventosa,Coinciden,Coinciden las tres fuentes
Nastanthus.spathulatus,Gamocarpha scapigera,Gamocarpha scapigera,Gamocarpha scapigera,Coinciden,Coinciden las tres fuentes
Nectandra.coriacea,,,Damburneya coriacea,Revisar,Falta resultado en una o más fuentes
Nelumbo.lutea,Nelumbo lutea,Nelumbo lutea,Nelumbo lutea,Coinciden,Coinciden las tres fuentes
Nemopanthus.mucronata,Ilex mucronata,Ilex mucronata,Ilex mucronata,Coinciden,Coinciden las tres fuentes
Neopaxia.australasica,Montia australasica,Montia australasica,Neopaxia australasica,Revisar,Coinciden GBIF y rWCVP; WFO es diferente
Neoregelia.magdalaenae,,Neoregelia magdalenae,Neoregelia magdalenae,Revisar,Coinciden rWCVP y WFO; GBIF sin resultado
Neoregelia.sp,,,,Revisar,Sin resultados en las tres fuentes
Nepenthes.pervillei,Nepenthes pervillei,Nepenthes pervillei,Nepenthes pervillei,Coinciden,Coinciden las tres fuentes
Nepeta.teydea,Nepeta teydea,Nepeta teydea,Nepeta teydea,Coinciden,Coinciden las tres fuentes
Nepeta.hederacea,Nepeta hederacea,Glechoma hederacea,Glechoma hederacea,Revisar,Coinciden rWCVP y WFO; GBIF es diferente
Nepeta.cataria,Nepeta cataria,Nepeta cataria,Nepeta cataria,Coinciden,Coinciden las tres fuentes
Nephrosperma.vanhoutteanum,Nephrosperma vanhoutteanum,Nephrosperma vanhoutteanum,Nephrosperma vanhoutteanum,Coinciden,Coinciden las tres fuentes
Nidularium.procerum,Nidularium procerum,Nidularium procerum,Nidularium procerum,Coinciden,Coinciden las tres fuentes
Nidularium.campo-alegrensis,Nidularium campo-alegrensis,Nidularium campo-alegrensis,Nidularium campo-alegrensis,Coinciden,Coinciden las tres fuentes
Nidularium.cariacicaense,Nidularium cariacicaense,Nidularium cariacicaense,Nidularium cariacicaense,Coinciden,Coinciden las tres fuentes
Nigella.arvensis,Nigella arvensis,,Nigella arvensis,Revisar,Coinciden GBIF y WFO; rWCVP sin resultado
Noechamaelea.pulverulenta,,Cneorum pulverulentum,Cneorum pulverulentum,Revisar,Coinciden rWCVP y WFO; GBIF sin resultado
Nolana.galapagensis,Nolana galapagensis,Nolana galapagensis,Nolana galapagensis,Coinciden,Coinciden las tres fuentes
Northea.hornei,Northia seychellana,Northia seychellana,Northia seychellana,Coinciden,Coinciden las tres fuentes
Nothoscordum.andinum,Latace andina,Latace andina,Latace andina,Coinciden,Coinciden las tres fuentes
Nothoscordum.bivalve,Nothoscordum bivalve,Nothoscordum bivalve,Nothoscordum bivalve,Coinciden,Coinciden las tres fuentes
Nothoscordum.bonariense,Nothoscordum bonariense,Nothoscordum bonariense,Nothoscordum bonariense,Coinciden,Coinciden las tres fuentes
Notopora.schomburgkii,Notopora schomburgkii,Notopora schomburgkii,Notopora schomburgkii,Coinciden,Coinciden las tres fuentes
Nototriche.compacta,Nototriche compacta,Nototriche compacta,Nototriche compacta,Coinciden,Coinciden las tres fuentes
Nymphaea.advena,Nuphar advena subsp. advena,Nuphar advena,Nuphar advena,Revisar,Coinciden rWCVP y WFO; GBIF es diferente
Nymphaea.marliacea,Nymphaea ×marliacea,,,Revisar,Falta resultado en una o más fuentes
Ochna.kirkii,Ochna kirkii,Ochna kirkii,Ochna kirkii,Coinciden,Coinciden las tres fuentes
Ochna.mauritiana,Ochna mauritiana,Ochna mauritiana,Ochna mauritiana,Coinciden,Coinciden las tres fuentes
Ocotea.laevigata,Mespilodaphne cupularis,Ocotea laevigata,Ocotea laevigata,Revisar,Coinciden rWCVP y WFO; GBIF es diferente
Odontonema.nitidum,Odontonema nitidum,Odontonema nitidum,Odontonema nitidum,Coinciden,Coinciden las tres fuentes
Oenanthe.javanica,Oenanthe javanica,Oenanthe javanica,Oenanthe javanica,Coinciden,Coinciden las tres fuentes
Oenothera.indecora,Oenothera indecora,Oenothera indecora,Oenothera indecora,Coinciden,Coinciden las tres fuentes
Oenothera.fruticosa,Oenothera fruticosa,Oenothera fruticosa,Oenothera fruticosa,Coinciden,Coinciden las tres fuentes
Oenothera.mendocinensis,Oenothera mendocinensis,Oenothera mendocinensis,Oenothera mendocinensis,Coinciden,Coinciden las tres fuentes
Oenothera.acaulis,Oenothera acaulis,Oenothera acaulis,Oenothera acaulis,Coinciden,Coinciden las tres fuentes
Oenothera.biennis,Oenothera biennis,Oenothera biennis,Oenothera biennis,Coinciden,Coinciden las tres fuentes
Olea.lancea,Olea lancea,Olea lancea,Olea lancea,Coinciden,Coinciden las tres fuentes
Olearia.virgata,Olearia virgata,Olearia virgata,Olearia virgata,Coinciden,Coinciden las tres fuentes
Olearia.phlogopappa,Olearia phlogopappa,Olearia phlogopappa,Olearia phlogopappa,Coinciden,Coinciden las tres fuentes
Omphalodes.japonica,Nihon japonicum,Nihon japonicum,Nihon japonicum,Coinciden,Coinciden las tres fuentes
Onagra.biennis,Oenothera biennis,Oenothera biennis,Oenothera biennis,Coinciden,Coinciden las tres fuentes
Ononis.ornithopioides,,,Ononis ornithopodioides,Revisar,Falta resultado en una o más fuentes
Ophrys.lutea,Ophrys lutea,Ophrys lutea,Ophrys lutea,Coinciden,Coinciden las tres fuentes
Ophrys.sphegodes,Ophrys sphegodes,Ophrys sphegodes,Ophrys sphegodes,Coinciden,Coinciden las tres fuentes
Ophrys.tenthredinifera,Ophrys tenthredinifera,Ophrys tenthredinifera,Ophrys tenthredinifera,Coinciden,Coinciden las tres fuentes
Opulaster.opulifolius,Physocarpus opulifolius,Physocarpus opulifolius,Physocarpus opulifolius,Coinciden,Coinciden las tres fuentes
Opuntia.megasperma,Opuntia galapageia,Opuntia galapageia var. galapageia,Opuntia megasperma,Revisar,Los tres nombres aceptados son diferentes
Opuntia.echios.gigantea,Opuntia galapageia var. gigantea,Opuntia galapageia var. gigantea,Opuntia echios,Revisar,Coinciden GBIF y rWCVP; WFO es diferente
Opuntia.sp2.M.PL.026,,,,Revisar,Sin resultados en las tres fuentes
Opuntia.helleri,Opuntia galapageia var. helleri,Opuntia galapageia var. helleri,Opuntia helleri,Revisar,Coinciden GBIF y rWCVP; WFO es diferente
Opuntia.corrugata,Airampoa corrugata,Airampoa corrugata,Airampoa corrugata,Coinciden,Coinciden las tres fuentes
Opuntia.sp1.M.PL.072,,,,Revisar,Sin resultados en las tres fuentes
Opuntia.echios,Opuntia galapageia var. myriacantha,Opuntia galapageia var. myriacantha,Opuntia echios,Revisar,Coinciden GBIF y rWCVP; WFO es diferente
Opuntia.stricta,Opuntia stricta,Opuntia stricta,Opuntia stricta,Coinciden,Coinciden las tres fuentes
Opuntia.sp1.M.PL.026,,,,Revisar,Sin resultados en las tres fuentes
Orchis.spectabilis,Galearis spectabilis,Galearis spectabilis,Galearis spectabilis,Coinciden,Coinciden las tres fuentes
Orchis.morio,Orchis morio,Anacamptis morio,Anacamptis morio,Revisar,Coinciden rWCVP y WFO; GBIF es diferente
Oreochrysum.parryi,Oreochrysum parryi,Oreochrysum parryi,Oreochrysum parryi,Coinciden,Coinciden las tres fuentes
Oreopolus.glacialis,Oreopolus glacialis,Oreopolus glacialis,Oreopolus glacialis,Coinciden,Coinciden las tres fuentes
Orites.lancifolia,Orites lancifolius,Orites lancifolius,Orites lancifolius,Coinciden,Coinciden las tres fuentes
Orixa.japonica,Orixa japonica,Orixa japonica,Orixa japonica,Coinciden,Coinciden las tres fuentes
Ormocaipum.cochinchinense,,Ormocarpum cochinchinense,Ormocarpum cochinchinense,Revisar,Coinciden rWCVP y WFO; GBIF sin resultado
Ornithogalum.exscapum,Ornithogalum exscapum,,Ornithogalum exscapum,Revisar,Coinciden GBIF y WFO; rWCVP sin resultado
Orobanche.uniflora,Aphyllon uniflorum,Orobanche uniflora,Orobanche uniflora,Revisar,Coinciden rWCVP y WFO; GBIF es diferente
Osmorrhiza.longistylis,,Osmorhiza longistylis,Osmorhiza longistylis,Revisar,Coinciden rWCVP y WFO; GBIF sin resultado
Osterium.sieboldii,,Ostericum sieboldii,Ostericum sieboldii,Revisar,Coinciden rWCVP y WFO; GBIF sin resultado
Osyris.quadripartita,Osyris quadripartita,Osyris lanceolata,Osyris lanceolata,Revisar,Coinciden rWCVP y WFO; GBIF es diferente
Osyris.alba,Osyris alba,Osyris alba,Osyris alba,Coinciden,Coinciden las tres fuentes
Ourisia.caespitosa,Ourisia caespitosa,Ourisia caespitosa,Ourisia caespitosa,Coinciden,Coinciden las tres fuentes
Ourisia.macrocarpa,Ourisia macrocarpa,Ourisia macrocarpa,Ourisia macrocarpa,Coinciden,Coinciden las tres fuentes
Ovidia.pillopillo,Ovidia pillo-pillo,Ovidia andina,Ovidia andina,Revisar,Coinciden rWCVP y WFO; GBIF es diferente
Oxalis.corniculata,Oxalis corniculata,Oxalis corniculata,Oxalis corniculata,Coinciden,Coinciden las tres fuentes
Oxalis.compacta,Oxalis compacta,Oxalis compacta,Oxalis compacta,Coinciden,Coinciden las tres fuentes
Oxalis.sp1,,,,Revisar,Sin resultados en las tres fuentes
Oxalis.violacea,Oxalis violacea,Oxalis violacea,Oxalis violacea,Coinciden,Coinciden las tres fuentes
Oxalis.articulata,Oxalis articulata,Oxalis articulata,Oxalis articulata,Coinciden,Coinciden las tres fuentes
Oxalis.montana,Oxalis montana,Oxalis montana,Oxalis montana,Coinciden,Coinciden las tres fuentes
Oxalis.sp1.M.PL.023,,,,Revisar,Sin resultados en las tres fuentes
Oxalis.barrelieri,Oxalis barrelieri,,Oxalis barrelieri,Revisar,Coinciden GBIF y WFO; rWCVP sin resultado
Oxalis.geminata,Oxalis squamata,Oxalis squamata,Oxalis squamata,Coinciden,Coinciden las tres fuentes
Oxalis.stricta,Oxalis stricta,Oxalis stricta,Oxalis stricta,Coinciden,Coinciden las tres fuentes
Oxalis.acetosella,Oxalis acetosella,Oxalis acetosella,Oxalis acetosella,Coinciden,Coinciden las tres fuentes
Oxalis.corymbosa,Oxalis debilis,Oxalis debilis,Oxalis debilis,Coinciden,Coinciden las tres fuentes
Oxalis.sp2,,,,Revisar,Sin resultados en las tres fuentes
Oxalis.frutescens,Oxalis frutescens,,Oxalis frutescens,Revisar,Coinciden GBIF y WFO; rWCVP sin resultado
Oxalis.pes-caprae,Oxalis pes-caprae,Oxalis pes-caprae,Oxalis pes-caprae,Coinciden,Coinciden las tres fuentes
Oxalis.griffithii,Oxalis griffithii,Oxalis griffithii,Oxalis griffithii,Coinciden,Coinciden las tres fuentes
Oxalis.erythrorhiza,Oxalis erythrorhiza,Oxalis erythrorhiza,Oxalis erythrorhiza,Coinciden,Coinciden las tres fuentes
Oxalis.cordobensis,Oxalis conorrhiza,Oxalis conorrhiza,Oxalis conorrhiza,Coinciden,Coinciden las tres fuentes
Oxylobium.ellipticum,Oxylobium ellipticum,Oxylobium ellipticum,Oxylobium ellipticum,Coinciden,Coinciden las tres fuentes
Oxypetalum.solanoides,Oxypetalum solanoides,Oxypetalum solanoides,Oxypetalum solanoides,Coinciden,Coinciden las tres fuentes
Oxypolis.rigidior,Oxypolis rigidior,Oxypolis rigidior,Oxypolis rigidior,Coinciden,Coinciden las tres fuentes
Oxytropis.arctica.,Oxytropis arctica,Oxytropis arctica,Oxytropis arctica,Coinciden,Coinciden las tres fuentes
Pachycarpus.natalensis,Pachycarpus natalensis,Pachycarpus natalensis,Pachycarpus natalensis,Coinciden,Coinciden las tres fuentes
Pachylophus.caespitosus,Oenothera cespitosa subsp. cespitosa,Oenothera cespitosa,Oenothera cespitosa,Revisar,Coinciden rWCVP y WFO; GBIF es diferente
Paederia.scandens,Paederia foetida,Paederia foetida,Paederia foetida,Coinciden,Coinciden las tres fuentes
Paeonia.japonica,Paeonia obovata,Paeonia obovata subsp. japonica,Paeonia obovata subsp. japonica,Revisar,Coinciden rWCVP y WFO; GBIF es diferente
Pagameopsis.garryoides,Pagameopsis garryoides,Pagameopsis garryoides,Pagameopsis garryoides,Coinciden,Coinciden las tres fuentes
Palicourea.crocea.,Palicourea crocea,Palicourea crocea,Palicourea crocea,Coinciden,Coinciden las tres fuentes
Pallenis.spinosa,Pallenis spinosa,Pallenis spinosa,Pallenis spinosa,Coinciden,Coinciden las tres fuentes
Pandanus.odoratissimus,Pandanus odoratissimus,,Pandanus utilis,Revisar,Falta resultado en una o más fuentes
Pandanus.rigidifolius,Pandanus rigidifolius,Pandanus rigidifolius,Pandanus rigidifolius,Coinciden,Coinciden las tres fuentes
Pandanus.barklyi,,Pandanus barkleyi,Pandanus barkleyi,Revisar,Coinciden rWCVP y WFO; GBIF sin resultado
Pandanus.wiehii,Pandanus wiehei,Pandanus wiehei,Pandanus wiehei,Coinciden,Coinciden las tres fuentes
Panicum.virgatum,Panicum virgatum,,Panicum virgatum,Revisar,Coinciden GBIF y WFO; rWCVP sin resultado
Papaver.radicatum,Papaver radicatum,Oreomecon radicata,Oreomecon radicata,Revisar,Coinciden rWCVP y WFO; GBIF es diferente
Papaver.sp1.M.PL.014,,,,Revisar,Sin resultados en las tres fuentes
Papaver.rhoeas,Papaver rhoeas,Papaver rhoeas,Papaver rhoeas,Coinciden,Coinciden las tres fuentes
Paragenipa.wrightii,Paragenipa lancifolia,Paragenipa lancifolia,Paragenipa lancifolia,Coinciden,Coinciden las tres fuentes
Parahebe.decora,Veronica decora,Veronica decora,Veronica decora,Coinciden,Coinciden las tres fuentes
Parahebe.lyalii,Veronica lyallii,Veronica lyallii,Veronica lyallii,Coinciden,Coinciden las tres fuentes
Paraserianthes.falcataria,Falcataria falcata,Falcataria falcata,Falcataria falcata,Coinciden,Coinciden las tres fuentes
Parkinsonia.aculeata,Parkinsonia aculeata,Parkinsonia aculeata,Parkinsonia aculeata,Coinciden,Coinciden las tres fuentes
Parnassia.palustris,Parnassia palustris,Parnassia palustris,Parnassia palustris,Coinciden,Coinciden las tres fuentes
Parolinea.intermedia,,Parolinia intermedia,Parolinia intermedia,Revisar,Coinciden rWCVP y WFO; GBIF sin resultado
Parthenium.integrifolium,Parthenium integrifolium,Parthenium integrifolium,Parthenium integrifolium,Coinciden,Coinciden las tres fuentes
Passiflora.sp1.M.PL.040,,,,Revisar,Sin resultados en las tres fuentes
Passiflora.caerulea,Passiflora caerulea,Passiflora caerulea,Passiflora caerulea,Coinciden,Coinciden las tres fuentes
Passiflora.foetida,Passiflora foetida,Passiflora foetida,Passiflora foetida,Coinciden,Coinciden las tres fuentes
Passiflora.suberosa,Passiflora suberosa,Passiflora suberosa,Passiflora suberosa,Coinciden,Coinciden las tres fuentes
Passiflora.lutea,Passiflora lutea,,Passiflora lutea,Revisar,Coinciden GBIF y WFO; rWCVP sin resultado
Pastinaca.sativa,Pastinaca sativa,Pastinaca sativa,Pastinaca sativa,Coinciden,Coinciden las tres fuentes
Patrinia.triloba.palmata,Patrinia triloba var. palmata,Patrinia triloba var. palmata,Patrinia triloba,Revisar,Coinciden GBIF y rWCVP; WFO es diferente
Patrinia.villosa,Patrinia villosa,Patrinia villosa,Patrinia villosa,Coinciden,Coinciden las tres fuentes
Patrinia.scabiosaefolia,,,Patrinia scabiosifolia,Revisar,Falta resultado en una o más fuentes
Pavonia.cymbalaria,Pavonia cymbalaria,Pavonia cymbalaria,Pavonia cymbalaria,Coinciden,Coinciden las tres fuentes
Pectis.tenuifolia,Pectis tenuifolia,Pectis tenuifolia,Pectis tenuifolia,Coinciden,Coinciden las tres fuentes
Pedicularis.arctica,,,Pedicularis amoena,Revisar,Falta resultado en una o más fuentes
Pedicularis.hirsuta,Pedicularis hirsuta,Pedicularis hirsuta,Pedicularis hirsuta,Coinciden,Coinciden las tres fuentes
Pedicularis.resupinata.,Pedicularis resupinata,Pedicularis resupinata,Pedicularis resupinata,Coinciden,Coinciden las tres fuentes
Pedicularis.sp1.M.PL.014,,,,Revisar,Sin resultados en las tres fuentes
Pedicularis.capitata,Pedicularis capitata,Pedicularis capitata,Pedicularis capitata,Coinciden,Coinciden las tres fuentes
Pedicularis.parryi,Pedicularis parryi,Pedicularis parryi,Pedicularis parryi,Coinciden,Coinciden las tres fuentes
Pedicularis.flammea,Pedicularis flammea,,Pedicularis flammea,Revisar,Coinciden GBIF y WFO; rWCVP sin resultado
Pedicularis.racemosa,Pedicularis racemosa,Pedicularis racemosa,Pedicularis racemosa,Coinciden,Coinciden las tres fuentes
Pemphis.acidula,Pemphis acidula,Pemphis acidula,Pemphis acidula,Coinciden,Coinciden las tres fuentes
Penstemon.hirsutus,Penstemon hirsutus,Penstemon hirsutus,Penstemon hirsutus,Coinciden,Coinciden las tres fuentes
Penstemon.secundiflorus,Penstemon secundiflorus,Penstemon secundiflorus,Penstemon secundiflorus,Coinciden,Coinciden las tres fuentes
Penstemon.laevigatus,Penstemon laevigatus,Penstemon laevigatus,Penstemon laevigatus,Coinciden,Coinciden las tres fuentes
Penstemon.halli,Penstemon hallii,Penstemon hallii,Penstemon hallii,Coinciden,Coinciden las tres fuentes
Pentachondra.pumila,Pentachondra pumila,Pentachondra pumila,Pentachondra pumila,Coinciden,Coinciden las tres fuentes
Pentstemon.gracilis,,Penstemon gracilis,Penstemon gracilis,Revisar,Coinciden rWCVP y WFO; GBIF sin resultado
Pentstemon.glaucus,,Penstemon gracilis,Penstemon gracilis,Revisar,Coinciden rWCVP y WFO; GBIF sin resultado
Pentstemon.glaber,,Penstemon glaber,Penstemon glaber,Revisar,Coinciden rWCVP y WFO; GBIF sin resultado
Perezia.pilifera,Perezia pilifera,Perezia pilifera,Perezia pilifera,Coinciden,Coinciden las tres fuentes
Perezia.carthamoides,Perezia carthamoides,Perezia carthamoides,Perezia carthamoides,Coinciden,Coinciden las tres fuentes
Periploca.laevigata,Periploca laevigata,Periploca laevigata,Periploca laevigata,Coinciden,Coinciden las tres fuentes
Persea.maericana,,Persea americana,Persea americana,Revisar,Coinciden rWCVP y WFO; GBIF sin resultado
Persicaria.nipponensis,Persicaria muricata,Persicaria muricata,Polygonum muricatum,Revisar,Coinciden GBIF y rWCVP; WFO es diferente
Persicaria.thunbergii,Persicaria thunbergii,Persicaria thunbergii,Polygonum thunbergii,Revisar,Coinciden GBIF y rWCVP; WFO es diferente
Persicaria.senticosa,Persicaria senticosa,Persicaria senticosa,Polygonum senticosum,Revisar,Coinciden GBIF y rWCVP; WFO es diferente
Persicaria.conspicua,Persicaria odorata subsp. conspicua,Persicaria odorata subsp. conspicua,Polygonum japonicum var. conspicuum,Revisar,Coinciden GBIF y rWCVP; WFO es diferente
Persicaria.aestiva,Persicaria sagittata,Persicaria sagittata,,Revisar,Coinciden GBIF y rWCVP; WFO sin resultado
Persicaria.pubescens,Persicaria pubescens,Persicaria pubescens,Polygonum pubescens,Revisar,Coinciden GBIF y rWCVP; WFO es diferente
Persicaria.yokusaiana,Persicaria posumbu subsp. posumbu,Persicaria posumbu subsp. posumbu,Polygonum posumbu,Revisar,Coinciden GBIF y rWCVP; WFO es diferente
Persicaria.chinensis,Persicaria chinensis,Persicaria chinensis,Persicaria chinensis,Coinciden,Coinciden las tres fuentes
Persicaria.sieboldi,Persicaria sagittata,Persicaria sagittata,Persicaria sagittata,Coinciden,Coinciden las tres fuentes
Petalostemon.purpureus,Dalea purpurea,Dalea purpurea,Dalea purpurea,Coinciden,Coinciden las tres fuentes
Petalostemon.candidus,Dalea candida,Dalea candida,Dalea candida,Coinciden,Coinciden las tres fuentes
Petalostemum.purpureum,,Dalea purpurea,Dalea purpurea,Revisar,Coinciden rWCVP y WFO; GBIF sin resultado
Petalostemum.candidum,,Dalea candida,Dalea candida,Revisar,Coinciden rWCVP y WFO; GBIF sin resultado
Petasites.frigidus.,Petasites frigidus,Petasites frigidus,Petasites frigidus,Coinciden,Coinciden las tres fuentes
Petasites.japonicus,Petasites japonicus,Petasites japonicus,Petasites japonicus,Coinciden,Coinciden las tres fuentes
Petiveria.sp1.M.PL.040,,,,Revisar,Sin resultados en las tres fuentes
Petrorhagia.velutina,Petrorhagia dubia,Petrorhagia dubia,Petrorhagia dubia,Coinciden,Coinciden las tres fuentes
Petunia.axillaris,Petunia axillaris,Petunia axillaris,Petunia axillaris,Coinciden,Coinciden las tres fuentes
Peucedanum.joponicum,,Peucedanum japonicum,Peucedanum japonicum,Revisar,Coinciden rWCVP y WFO; GBIF sin resultado
Phacelia.secunda,Phacelia secunda,Phacelia secunda,Phacelia secunda,Coinciden,Coinciden las tres fuentes
Phacelia.heterophylla,Phacelia heterophylla,Phacelia heterophylla,Phacelia heterophylla,Coinciden,Coinciden las tres fuentes
Phagnalon.graecum,Phagnalon graecum,Phagnalon graecum,Phagnalon rupestre subsp. graecum,Revisar,Coinciden GBIF y rWCVP; WFO es diferente
Phebalium.ovatifolium,Nematolepis ovatifolia,Nematolepis ovatifolia,Nematolepis ovatifolia,Coinciden,Coinciden las tres fuentes
Phellodendron.amurense,Phellodendron amurense,Phellodendron amurense,Phellodendron amurense,Coinciden,Coinciden las tres fuentes
Philadelphus.coronarius,Philadelphus coronarius,Philadelphus coronarius,Philadelphus coronarius,Coinciden,Coinciden las tres fuentes
Philadelphus.satsumi,Philadelphus satsumi,Philadelphus satsumi,Philadelphus satsumi,Coinciden,Coinciden las tres fuentes
Philadelphus.grandiflorus,,,Philadelphus coronarius,Revisar,Falta resultado en una o más fuentes
Phillyrea.angustifolia,Phillyrea angustifolia,Phillyrea angustifolia,Phillyrea angustifolia,Coinciden,Coinciden las tres fuentes
Philodendron.ptarianum,Philodendron callosum subsp. ptarianum,Philodendron callosum subsp. ptarianum,Philodendron callosum subsp. ptarianum,Coinciden,Coinciden las tres fuentes
Philoxerus.vermicularis,Gomphrena vermicularis,,Blutaparon vermiculare,Revisar,Falta resultado en una o más fuentes
Phlomis.fructicosa,,Phlomis fruticosa,Phlomis fruticosa,Revisar,Coinciden rWCVP y WFO; GBIF sin resultado
Phlox.subulata,Phlox subulata,Phlox subulata,Phlox subulata,Coinciden,Coinciden las tres fuentes
Phlox.pilosa,Phlox pilosa,Phlox pilosa,Phlox pilosa,Coinciden,Coinciden las tres fuentes
Phlox.glaberrima,Phlox glaberrima,Phlox glaberrima,Phlox glaberrima,Coinciden,Coinciden las tres fuentes
Phlox.divaricata,Phlox divaricata,Phlox divaricata,Phlox divaricata,Coinciden,Coinciden las tres fuentes
Phoenicophorium.borsigianum,Phoenicophorium borsigianum,Phoenicophorium borsigianum,Phoenicophorium borsigianum,Coinciden,Coinciden las tres fuentes
Photinia.glabra,Photinia glabra,Photinia glabra,Photinia glabra,Coinciden,Coinciden las tres fuentes
Phragmites.communis,Phragmites australis subsp. australis,Phragmites australis subsp. australis,Phragmites australis subsp. australis,Coinciden,Coinciden las tres fuentes
Phryma.leptostachya,Phryma leptostachya,Phryma leptostachya,Phryma leptostachya,Coinciden,Coinciden las tres fuentes
Phthirusa.adunca,Passovia pedunculata,Passovia pedunculata,Passovia pedunculata,Coinciden,Coinciden las tres fuentes
Phyla.sp1.M.PL.026,,,,Revisar,Sin resultados en las tres fuentes
Phyllachne.colensoi,Phyllachne colensoi,Phyllachne colensoi,Phyllachne colensoi,Coinciden,Coinciden las tres fuentes
Phyllanthus.phillyreifolius.var.telfairianus,Phyllanthus phillyreifolius var. telfairianus,Phyllanthus phillyreifolius var. telfairianus,Phyllanthus phillyreifolius var. telfairianus,Coinciden,Coinciden las tres fuentes
Phyllanthus.phillyreifolius,Phyllanthus phillyreifolius,Phyllanthus phillyreifolius,Phyllanthus phillyreifolius,Coinciden,Coinciden las tres fuentes
Physalis.angulata,Physalis angulata,Physalis angulata,Physalis angulata,Coinciden,Coinciden las tres fuentes
Physalis.virginiana,Physalis virginiana,Physalis virginiana,Physalis virginiana,Coinciden,Coinciden las tres fuentes
Physalis.lanceolata,Physalis lanceolata,Physalis lanceolata,Physalis lanceolata,Coinciden,Coinciden las tres fuentes
Physalis.subglabrata,Physalis longifolia var. subglabrata,Physalis longifolia var. subglabrata,Physalis longifolia var. subglabrata,Coinciden,Coinciden las tres fuentes
Physalis.pubescens,Physalis pubescens,,Physalis pubescens,Revisar,Coinciden GBIF y WFO; rWCVP sin resultado
Physaria.didymocarpa,Physaria didymocarpa,Physaria didymocarpa,Physaria didymocarpa,Coinciden,Coinciden las tres fuentes
Physostegia.virginiana,Physostegia virginiana,Physostegia virginiana,Physostegia virginiana,Coinciden,Coinciden las tres fuentes
Phytolacca.decandra,,Phytolacca americana var. americana,Phytolacca americana,Revisar,Falta resultado en una o más fuentes
Phytolacca.americana,Phytolacca americana,Phytolacca americana,Phytolacca americana,Coinciden,Coinciden las tres fuentes
Picconia.excelsa,Picconia excelsa,Picconia excelsa,Picconia excelsa,Coinciden,Coinciden las tres fuentes
Picris.hieracioides.japonica,Picris japonica subsp. japonica,Picris japonica,Picris hieracioides,Revisar,Los tres nombres aceptados son diferentes
Picris.echioides,Helminthotheca echioides,Helminthotheca echioides,Helminthotheca echioides,Coinciden,Coinciden las tres fuentes
Pieris.japonica,Pieris japonica,Pieris japonica,Pieris japonica,Coinciden,Coinciden las tres fuentes
Pilea.sp2.M.PL.040,,,,Revisar,Sin resultados en las tres fuentes
Pilea.sp1.M.PL.040,,,,Revisar,Sin resultados en las tres fuentes
Pimelea.sericeo-villosa,Pimelea sericeovillosa,Pimelea sericeovillosa,Pimelea sericeovillosa,Coinciden,Coinciden las tres fuentes
Pimelea.traversii,Pimelea traversii,Pimelea traversii,Pimelea traversii,Coinciden,Coinciden las tres fuentes
Pimelea.ligustrina,Pimelea ligustrina,Pimelea ligustrina,Pimelea ligustrina,Coinciden,Coinciden las tres fuentes
Pimpinella.cumbrae,Pimpinella cumbrae,Pimpinella cumbrae,Pimpinella cumbrae,Coinciden,Coinciden las tres fuentes
Pimpinella.major,Pimpinella major,Pimpinella major,Pimpinella major,Coinciden,Coinciden las tres fuentes
Pinguicula.alpina,Pinguicula alpina,Pinguicula alpina,Pinguicula alpina,Coinciden,Coinciden las tres fuentes
Pinus.luchuensis,Pinus luchuensis,Pinus luchuensis,Pinus luchuensis,Coinciden,Coinciden las tres fuentes
Piper.kadzura,,Piper kadsura,Piper kadsura,Revisar,Coinciden rWCVP y WFO; GBIF sin resultado
Piscidia.carthagenesis,,Piscidia carthagenensis,Piscidia carthagenensis,Revisar,Coinciden rWCVP y WFO; GBIF sin resultado
Piscidia.piscipula,Piscidia piscipula,Piscidia piscipula,Piscidia piscipula,Coinciden,Coinciden las tres fuentes
PittosPorum.tobira,,Pittosporum tobira,Pittosporum tobira,Revisar,Coinciden rWCVP y WFO; GBIF sin resultado
Pittosporum.senacia,Pittosporum senacia,Pittosporum senacia,Pittosporum senacia,Coinciden,Coinciden las tres fuentes
Plantago.major,Plantago major,Plantago major,Plantago major,Coinciden,Coinciden las tres fuentes
Plantago.lanceolata,Plantago lanceolata,Plantago lanceolata,Plantago lanceolata,Coinciden,Coinciden las tres fuentes
Plantago.asiatica,Plantago asiatica,Plantago asiatica,Plantago asiatica,Coinciden,Coinciden las tres fuentes
Plantago.lagopus,Plantago lagopus,Plantago lagopus,Plantago lagopus,Coinciden,Coinciden las tres fuentes
Pleurostylia.leucocarpa.,Pleurostylia leucocarpa,Pleurostylia leucocarpa,Pleurostylia leucocarpa,Coinciden,Coinciden las tres fuentes
Plocama.pendula,Plocama pendula,Plocama pendula,Plocama pendula,Coinciden,Coinciden las tres fuentes
Plumbago.scandens,Plumbago zeylanica,Plumbago zeylanica,Plumbago zeylanica,Coinciden,Coinciden las tres fuentes
Poa.pratensis,Poa pratensis,Poa pratensis,Poa pratensis,Coinciden,Coinciden las tres fuentes
Podophyllum.peltatum,Podophyllum peltatum,Podophyllum peltatum,Podophyllum peltatum,Coinciden,Coinciden las tres fuentes
Poecilandra.retusa,Poecilandra retusa,Poecilandra retusa,Poecilandra retusa,Coinciden,Coinciden las tres fuentes
Pogonia.stricta,Cleistes stricta,Cleistes stricta,Cleistes stricta,Coinciden,Coinciden las tres fuentes
Polemonium.caeruleum.yezoense,Polemonium caeruleum subsp. yezoense,Polemonium caeruleum subsp. yezoense,Polemonium caeruleum,Revisar,Coinciden GBIF y rWCVP; WFO es diferente
Polemonium.reptans,Polemonium reptans,Polemonium reptans,Polemonium reptans,Coinciden,Coinciden las tres fuentes
Pollia.japonica,Pollia japonica,Pollia japonica,Pollia japonica,Coinciden,Coinciden las tres fuentes
Polygala.japonica,Polygala japonica,Polygala japonica,Polygala japonica,Coinciden,Coinciden las tres fuentes
Polygala.sanguinea,Polygala sanguinea,,Polygala sanguinea,Revisar,Coinciden GBIF y WFO; rWCVP sin resultado
Polygala.stenophylla,Polygala stenophylla,,Polygala stenophylla,Revisar,Coinciden GBIF y WFO; rWCVP sin resultado
Polygonatum.macranthum,Polygonatum macranthum,Polygonatum macranthum,Polygonatum macranthum,Coinciden,Coinciden las tres fuentes
Polygonatum.commutatum,Polygonatum biflorum,Polygonatum biflorum,Polygonatum biflorum,Coinciden,Coinciden las tres fuentes
Polygonatum.lasianthum,Polygonatum lasianthum,Polygonatum lasianthum,Polygonatum lasianthum,Coinciden,Coinciden las tres fuentes
Polygonum.persicaria,Polygonum persicaria,Persicaria maculosa,Persicaria maculosa,Revisar,Coinciden rWCVP y WFO; GBIF es diferente
Polygonum.opelousanum,Persicaria hydropiperoides,Persicaria hydropiperoides,Polygonum opelousanum,Revisar,Coinciden GBIF y rWCVP; WFO es diferente
Polygonum.scandens,Fallopia scandens,Fallopia scandens,Fallopia scandens,Coinciden,Coinciden las tres fuentes
Polygonum.lapathifolium,,,Persicaria lapathifolia,Revisar,Falta resultado en una o más fuentes
Polygonum.pennsylvanicum,Polygonum pensylvanicum,,Persicaria pensylvanica,Revisar,Falta resultado en una o más fuentes
Polygonum.hydropiper,,Persicaria hydropiper,Persicaria hydropiper,Revisar,Coinciden rWCVP y WFO; GBIF sin resultado
Polygonum.aubertii,Fallopia baldschuanica,Fallopia aubertii,Fallopia aubertii,Revisar,Coinciden rWCVP y WFO; GBIF es diferente
Polygonum.bistorta,Polygonum bistorta,Bistorta officinalis,Persicaria bistorta,Revisar,Los tres nombres aceptados son diferentes
Polygonum.amphibium,Persicaria amphibia,Persicaria amphibia,Persicaria amphibia,Coinciden,Coinciden las tres fuentes
Polygonum.hydropiperoides,Polygonum hydropiperoides,Persicaria hydropiperoides,Persicaria hydropiperoides,Revisar,Coinciden rWCVP y WFO; GBIF es diferente
Polygonum.cuspidatum,,,Reynoutria japonica,Revisar,Falta resultado en una o más fuentes
Polygonum.viviparum,,Bistorta vivipara,Persicaria vivipara,Revisar,Falta resultado en una o más fuentes
Polygonum.acre,,,Persicaria punctata,Revisar,Falta resultado en una o más fuentes
Polymnia.uvedalia,Smallanthus uvedalia,Smallanthus uvedalia,Smallanthus uvedalia,Coinciden,Coinciden las tres fuentes
Polyscias.mauritiana,Polyscias mauritiana,Polyscias mauritiana,Polyscias mauritiana,Coinciden,Coinciden las tres fuentes
Polytaenia.nuttallii,Polytaenia nuttallii,Polytaenia nuttallii,Polytaenia nuttallii,Coinciden,Coinciden las tres fuentes
Pontederia.cordata,Pontederia cordata,,Pontederia cordata,Revisar,Coinciden GBIF y WFO; rWCVP sin resultado
Populus.deltoides,Populus deltoides,Populus deltoides,Populus deltoides,Coinciden,Coinciden las tres fuentes
Populus.tremuloides,Populus tremuloides,Populus tremuloides,Populus tremuloides,Coinciden,Coinciden las tres fuentes
Portlandia.grandiflora,Portlandia grandiflora,Portlandia grandiflora,Portlandia grandiflora,Coinciden,Coinciden las tres fuentes
Portulaca.oleracea,Portulaca oleracea,Portulaca oleracea,Portulaca oleracea,Coinciden,Coinciden las tres fuentes
Potentilla.erecta,Potentilla erecta,,Potentilla erecta,Revisar,Coinciden GBIF y WFO; rWCVP sin resultado
Potentilla.freyniana,Potentilla freyniana,Potentilla freyniana,Potentilla freyniana,Coinciden,Coinciden las tres fuentes
Potentilla.gracilis,Potentilla gracilis,Potentilla gracilis,Potentilla gracilis,Coinciden,Coinciden las tres fuentes
Potentilla.crantzii,Potentilla crantzii,Potentilla crantzii,Potentilla crantzii,Coinciden,Coinciden las tres fuentes
Potentilla.egedei,Argentina anserina subsp. groenlandica,Argentina anserina subsp. groenlandica,Argentina anserina subsp. groenlandica,Coinciden,Coinciden las tres fuentes
Potentilla.monspeliensis.norvegica,Potentilla norvegica,Potentilla norvegica,Potentilla norvegica,Coinciden,Coinciden las tres fuentes
Potentilla.pulcherrima,Potentilla pulcherrima,Potentilla pulcherrima,Potentilla pulcherrima,Coinciden,Coinciden las tres fuentes
Potentilla.nivea,Potentilla nivea,Potentilla nivea,Potentilla nivea,Coinciden,Coinciden las tres fuentes
Potentilla.canadensis,Potentilla canadensis,Potentilla canadensis,Potentilla canadensis,Coinciden,Coinciden las tres fuentes
Potentilla.arguta,,Drymocallis arguta,Drymocallis arguta,Revisar,Coinciden rWCVP y WFO; GBIF sin resultado
Potentilla.hyparctica,Potentilla hyparctica,Potentilla hyparctica,Potentilla hyparctica,Coinciden,Coinciden las tres fuentes
Potentilla.anserina,Argentina anserina subsp. anserina,Argentina anserina,Argentina anserina,Revisar,Coinciden rWCVP y WFO; GBIF es diferente
Potentilla.sp1.M.PL.014,,,,Revisar,Sin resultados en las tres fuentes
Potentilla.sundaica,Potentilla sundaica,Potentilla sundaica,Potentilla sundaica,Coinciden,Coinciden las tres fuentes
Potentilla.vahliana.,Potentilla vahliana,,Potentilla vahliana,Revisar,Coinciden GBIF y WFO; rWCVP sin resultado
Potentilla.rubricaulis,Potentilla rubricaulis,,Potentilla rubricaulis,Revisar,Coinciden GBIF y WFO; rWCVP sin resultado
Pozoa.coriacea,Pozoa coriacea,Pozoa coriacea,Pozoa coriacea,Coinciden,Coinciden las tres fuentes
Prasium.majus,Prasium majus,Prasium majus,Prasium majus,Coinciden,Coinciden las tres fuentes
Prasophyllum.alpinum,Prasophyllum alpinum,Prasophyllum alpinum,Prasophyllum alpinum,Coinciden,Coinciden las tres fuentes
Pratia.angulata,Lobelia angulata,Lobelia angulata,Lobelia angulata,Coinciden,Coinciden las tres fuentes
Pratia.macrodon,Lobelia macrodon,Lobelia macrodon,Lobelia macrodon,Coinciden,Coinciden las tres fuentes
Premna.serratifolia,Premna serratifolia,Premna serratifolia,Premna serratifolia,Coinciden,Coinciden las tres fuentes
Premna.microphylla,Premna microphylla,Premna microphylla,Premna microphylla,Coinciden,Coinciden las tres fuentes
Premna.corymbosa,Premna corymbosa,,Premna corymbosa,Revisar,Coinciden GBIF y WFO; rWCVP sin resultado
Prenanthes.aspera,,,Chondrilla aspera,Revisar,Falta resultado en una o más fuentes
Prenanthes.crepidinea,,,Nabalus crepidineus,Revisar,Falta resultado en una o más fuentes
Prenanthes.tanakae,Nabalus ochroleucus,Nabalus ochroleucus,Prenanthes tanakae,Revisar,Coinciden GBIF y rWCVP; WFO es diferente
Primula.veris,Primula veris,Primula veris,Primula veris,Coinciden,Coinciden las tres fuentes
Prosopis.juliflora,Prosopis juliflora,Neltuma juliflora,Neltuma juliflora,Revisar,Coinciden rWCVP y WFO; GBIF es diferente
Prostanthera.cuneata,Prostanthera cuneata,Prostanthera cuneata,Prostanthera cuneata,Coinciden,Coinciden las tres fuentes
Prunella.vulgaris,Prunella vulgaris,Prunella vulgaris,Prunella vulgaris,Coinciden,Coinciden las tres fuentes
Prunus.americana,Prunus americana,Prunus americana,Prunus americana,Coinciden,Coinciden las tres fuentes
Prunus.virginiana,Prunus virginiana,Prunus virginiana,Prunus virginiana,Coinciden,Coinciden las tres fuentes
Prunus.jamasakura,Prunus jamasakura,,Prunus jamasakura,Revisar,Coinciden GBIF y WFO; rWCVP sin resultado
Prunus.serotina,Prunus serotina,,Prunus serotina,Revisar,Coinciden GBIF y WFO; rWCVP sin resultado
Prunus.nipponica,Prunus nipponica,Prunus nipponica,Prunus nipponica,Coinciden,Coinciden las tres fuentes
Prunus.sp1.M.PL.054,,,,Revisar,Sin resultados en las tres fuentes
Prunus.salicina,Prunus salicina,Prunus salicina,Prunus salicina,Coinciden,Coinciden las tres fuentes
Prunus.tomentosa,Prunus tomentosa,Prunus tomentosa,Prunus tomentosa,Coinciden,Coinciden las tres fuentes
Prunus.demissa,Prunus virginiana var. demissa,Prunus virginiana var. demissa,Prunus virginiana var. demissa,Coinciden,Coinciden las tres fuentes
Prunus.incisa,Prunus incisa,Prunus incisa,Prunus incisa,Coinciden,Coinciden las tres fuentes
Prunus.pennsylvanica,Prunus pensylvanica,Prunus pensylvanica,Prunus pensylvanica,Coinciden,Coinciden las tres fuentes
Prunus.maximowiczii,Prunus maximowiczii,Prunus maximowiczii,Prunus maximowiczii,Coinciden,Coinciden las tres fuentes
Prunus.Grayana,,Prunus grayana,Prunus grayana,Revisar,Coinciden rWCVP y WFO; GBIF sin resultado
Psathura.terniflora,Psychotria terniflora,Psychotria terniflora,Psychotria terniflora,Coinciden,Coinciden las tres fuentes
Psedera.quinquefolia,Parthenocissus quinquefolia,Parthenocissus quinquefolia,Parthenocissus quinquefolia,Coinciden,Coinciden las tres fuentes
Pseudostellaria.heterantha,Pseudostellaria heterantha,Pseudostellaria heterantha,Pseudostellaria heterantha,Coinciden,Coinciden las tres fuentes
Psiadia.terebinthina,Psiadia terebinthina,Psiadia terebinthina,,Revisar,Coinciden GBIF y rWCVP; WFO sin resultado
Psidium.montanum,Psidium montanum,Psidium montanum,Psidium montanum,Coinciden,Coinciden las tres fuentes
Psidium.guajava,Psidium guajava,Psidium guajava,Psidium guajava,Coinciden,Coinciden las tres fuentes
Psidium.cattleianum,Psidium cattleianum,Psidium cattleyanum,Psidium cattleyanum,Revisar,Coinciden rWCVP y WFO; GBIF es diferente
Psoralea.onobrychis,Orbexilum onobrychis,Orbexilum onobrychis,Orbexilum onobrychis,Coinciden,Coinciden las tres fuentes
Psychotria.pervillei,Psychotria pervillei,Psychotria pervillei,Psychotria pervillei,Coinciden,Coinciden las tres fuentes
Psychotria.rufipes,Psychotria rufipes,Psychotria rufipes,Psychotria rufipes,Coinciden,Coinciden las tres fuentes
Psychotria.sepens,,,Psychotria serpens,Revisar,Falta resultado en una o más fuentes
Psychotria.homalosperma,Psychotria homalosperma,Psychotria homalosperma,Psychotria homalosperma,Coinciden,Coinciden las tres fuentes
Ptelea.trifoliata,Ptelea trifoliata,Ptelea trifoliata,Ptelea trifoliata,Coinciden,Coinciden las tres fuentes
Pterocephalus.papposus,Pterocephalus plumosus,Pterocephalus plumosus,Pterocephalus plumosus,Coinciden,Coinciden las tres fuentes
Pterocephalus.lasiospermus,Pterocephalus lasiospermus,Pterocephalus lasiospermus,Pterocephalus lasiospermus,Coinciden,Coinciden las tres fuentes
Pterolepis.glomerata,Pterolepis glomerata,Pterolepis glomerata,Pterolepis glomerata,Coinciden,Coinciden las tres fuentes
Pycnanthemum.virginianum,Pycnanthemum virginianum,Pycnanthemum virginianum,Pycnanthemum virginianum,Coinciden,Coinciden las tres fuentes
Pycnanthemum.pilosum,Pycnanthemum verticillatum var. pilosum,Pycnanthemum verticillatum var. pilosum,Pycnanthemum verticillatum var. pilosum,Coinciden,Coinciden las tres fuentes
Pycnanthemum.flexuosum,Pycnanthemum flexuosum,Pycnanthemum flexuosum,Pycnanthemum flexuosum,Coinciden,Coinciden las tres fuentes
Pyracantha.crenulata,Pyracantha crenulata,Pyracantha crenulata,Pyracantha crenulata,Coinciden,Coinciden las tres fuentes
Pyracantha.angustifolia,Pyracantha angustifolia,Pyracantha angustifolia,Pyracantha angustifolia,Coinciden,Coinciden las tres fuentes
Pyrola.secunda,Orthilia secunda,Orthilia secunda,Orthilia secunda,Coinciden,Coinciden las tres fuentes
Pyrola.alpina,Pyrola alpina,Pyrola alpina,Pyrola alpina,Coinciden,Coinciden las tres fuentes
Pyrola.incarnata,Pyrola incarnata,Pyrola asarifolia subsp. asarifolia,Pyrola asarifolia,Revisar,Los tres nombres aceptados son diferentes
Pyrostria.fasciculata,Pyrostria fasciculata,Pyrostria fasciculata,Pyrostria fasciculata,Coinciden,Coinciden las tres fuentes
Pyrrhocactus.strausianum,Eriosyce strausiana subsp. strausiana,Eriosyce strausiana,Eriosyce strausiana,Revisar,Coinciden rWCVP y WFO; GBIF es diferente
Pyrus.coronaria,,Malus coronaria,Malus coronaria,Revisar,Coinciden rWCVP y WFO; GBIF sin resultado
Quercus.dentata,Quercus dentata,,Quercus dentata,Revisar,Coinciden GBIF y WFO; rWCVP sin resultado
Quesnelia.strobilispica,Quesnelia strobilispica,Quesnelia blanda,Quesnelia blanda,Revisar,Coinciden rWCVP y WFO; GBIF es diferente
Quinchamalium.chilensis,Quinchamalium chilense,Quinchamalium chilense,Quinchamalium chilense,Coinciden,Coinciden las tres fuentes
Rabdosia.trichocarpa,Isodon trichocarpus,Isodon trichocarpus,Isodon trichocarpus,Coinciden,Coinciden las tres fuentes
Rabdosia.longituba,Isodon longitubus,Isodon longitubus,Isodon longitubus,Coinciden,Coinciden las tres fuentes
Radicula.palustris,Rorippa palustris,Rorippa palustris,Rorippa palustris subsp. palustris,Revisar,Coinciden GBIF y rWCVP; WFO es diferente
Radicula.obtusa,Rorippa teres,Rorippa teres,,Revisar,Coinciden GBIF y rWCVP; WFO sin resultado
Radicula.palustris,Rorippa palustris,Rorippa palustris,Rorippa palustris subsp. palustris,Revisar,Coinciden GBIF y rWCVP; WFO es diferente
Radicula.obtusa,Rorippa teres,Rorippa teres,,Revisar,Coinciden GBIF y rWCVP; WFO sin resultado
Ranunculus.lyalii,Ranunculus lyallii,,Ranunculus lyallii,Revisar,Coinciden GBIF y WFO; rWCVP sin resultado
Ranunculus.sp1.M.PL.046,,,,Revisar,Sin resultados en las tres fuentes
Ranunculus.repens,Ranunculus repens,Ranunculus repens,Ranunculus repens,Coinciden,Coinciden las tres fuentes
Ranunculus.spruneranus,,Ranunculus sprunerianus,Ranunculus sprunerianus,Revisar,Coinciden rWCVP y WFO; GBIF sin resultado
Ranunculus.silerifolius,Ranunculus silerifolius,Ranunculus silerifolius,Ranunculus silerifolius,Coinciden,Coinciden las tres fuentes
Ranunculus.sieboldii,Ranunculus sieboldii,Ranunculus sieboldii,Ranunculus sieboldii,Coinciden,Coinciden las tres fuentes
Ranunculus.cortusaefolius,,Ranunculus cortusifolius,Ranunculus cortusifolius,Revisar,Coinciden rWCVP y WFO; GBIF sin resultado
Ranunculus.fascicularis,Ranunculus fascicularis,,Ranunculus fascicularis,Revisar,Coinciden GBIF y WFO; rWCVP sin resultado
Ranunculus.flammula,Ranunculus flammula,Ranunculus flammula,Ranunculus flammula,Coinciden,Coinciden las tres fuentes
Ranunculus.abortivus,Ranunculus abortivus,Ranunculus abortivus,Ranunculus abortivus,Coinciden,Coinciden las tres fuentes
Ranunculus.septentrionalis,Ranunculus septentrionalis,Ranunculus septentrionalis,Ranunculus carolinianus,Revisar,Coinciden GBIF y rWCVP; WFO es diferente
Ranunculus.japonicus,Ranunculus japonicus,Ranunculus japonicus,Ranunculus japonicus,Coinciden,Coinciden las tres fuentes
Ranunculus.acris,Ranunculus acris,Ranunculus acris,Ranunculus acris,Coinciden,Coinciden las tres fuentes
Ranunculus.sulphureus,Ranunculus sulphureus,Ranunculus sulphureus,Ranunculus sulphureus,Coinciden,Coinciden las tres fuentes
Ranunculus.enysii,Ranunculus enysii,Ranunculus enysii,Ranunculus enysii,Coinciden,Coinciden las tres fuentes
Ranunculus.peduncularis,Ranunculus peduncularis,,Ranunculus peduncularis,Revisar,Coinciden GBIF y WFO; rWCVP sin resultado
Ranunculus.recurvatus,Ranunculus recurvatus,,Ranunculus recurvatus,Revisar,Coinciden GBIF y WFO; rWCVP sin resultado
Raoulia.lutescens,Raoulia australis,Raoulia australis,Raoulia australis,Coinciden,Coinciden las tres fuentes
Raoulia.subsericea,Raoulia subsericea,Raoulia subsericea,Raoulia subsericea,Coinciden,Coinciden las tres fuentes
Raoulia.mammilaris,Raoulia mammillaris,Raoulia mammillaris,Raoulia mammillaris,Coinciden,Coinciden las tres fuentes
Raoulia.grandiflora,Raoulia grandiflora,Raoulia grandiflora,Raoulia grandiflora,Coinciden,Coinciden las tres fuentes
Raphanus.raphanistrum,Raphanus raphanistrum,Raphanus raphanistrum,Raphanus raphanistrum,Coinciden,Coinciden las tres fuentes
Rapistrum.rugosum,Rapistrum rugosum,Rapistrum rugosum,Rapistrum rugosum,Coinciden,Coinciden las tres fuentes
Reichardia.picroides,Reichardia picroides,Reichardia picroides,Reichardia picroides,Coinciden,Coinciden las tres fuentes
Remijia.densiflora,Remijia densiflora,Remijia densiflora,Remijia densiflora,Coinciden,Coinciden las tres fuentes
Reseda.luteola,Reseda luteola,Reseda luteola,Reseda luteola,Coinciden,Coinciden las tres fuentes
Reseda.alba,Reseda alba,Reseda alba,Reseda alba,Coinciden,Coinciden las tres fuentes
Reynoutria.japonica,Reynoutria japonica,Reynoutria japonica,Reynoutria japonica,Coinciden,Coinciden las tres fuentes
Rhabdadenia.biflora,Rhabdadenia biflora,Rhabdadenia biflora,Rhabdadenia biflora,Coinciden,Coinciden las tres fuentes
Rhamnella.franguloides,Rhamnella franguloides,Rhamnella franguloides,Rhamnella franguloides,Coinciden,Coinciden las tres fuentes
Rhamnus.lanceolata,Endotropis lanceolata subsp. lanceolata,Rhamnus lanceolata,Rhamnus lanceolata,Revisar,Coinciden rWCVP y WFO; GBIF es diferente
Rhamnus.glandulosa,Rhamnus glandulosa,Rhamnus glandulosa,Rhamnus glandulosa,Coinciden,Coinciden las tres fuentes
Rhaphiolepis.indica,Rhaphiolepis indica,Rhaphiolepis indica,Rhaphiolepis indica,Coinciden,Coinciden las tres fuentes
Rhaphithamnus.spinosus,Rhaphithamnus spinosus,Rhaphithamnus spinosus,Rhaphithamnus spinosus,Coinciden,Coinciden las tres fuentes
Rhodiola.rosea,Rhodiola rosea,Rhodiola rosea,Rhodiola rosea,Coinciden,Coinciden las tres fuentes
Rhododendron.kiusuanum,,Rhododendron × kisoanum,Rhododendron kiusianum,Revisar,Falta resultado en una o más fuentes
Rhododendron.macrosepalum,Rhododendron stenopetalum,Rhododendron stenopetalum,Rhododendron stenopetalum,Coinciden,Coinciden las tres fuentes
Rhododendron.lapponicum,Rhododendron lapponicum,Rhododendron lapponicum,Rhododendron lapponicum,Coinciden,Coinciden las tres fuentes
Rhododendron.mucronata,Rhododendron mucronatum,Rhododendron mucronatum,Rhododendron mucronatum,Coinciden,Coinciden las tres fuentes
Rhododendron.kaempferi,Rhododendron kaempferi,Rhododendron kaempferi,Rhododendron kaempferi,Coinciden,Coinciden las tres fuentes
Rhododendron.reticulatum,Rhododendron reticulatum,Rhododendron reticulatum,Rhododendron reticulatum,Coinciden,Coinciden las tres fuentes
Rhododendron.degronianum,Rhododendron degronianum,Rhododendron degronianum,Rhododendron degronianum,Coinciden,Coinciden las tres fuentes
Rhododendron.tashiroi,Rhododendron tashiroi,Rhododendron tashiroi,Rhododendron tashiroi,Coinciden,Coinciden las tres fuentes
Rhododendron.oomurasalei,,Rhododendron womersleyi,Rhododendron × pulchrum,Revisar,Falta resultado en una o más fuentes
Rhododendron.wadanum,Rhododendron wadanum,Rhododendron wadanum,Rhododendron wadanum,Coinciden,Coinciden las tres fuentes
Rhodophiala.montana,Zephyranthes montana,Zephyranthes montana,Rhodophiala montana,Revisar,Coinciden GBIF y rWCVP; WFO es diferente
Rhus.glabra,Rhus glabra,Rhus glabra,Rhus glabra,Coinciden,Coinciden las tres fuentes
Rhus.javanica,Brucea javanica,Brucea javanica,Brucea javanica,Coinciden,Coinciden las tres fuentes
Rhus.trichocarpa,Toxicodendron trichocarpum,Toxicodendron trichocarpum,Toxicodendron trichocarpum,Coinciden,Coinciden las tres fuentes
Rhus.sylvestris,Toxicodendron sylvestre,Toxicodendron sylvestre,Toxicodendron silvestre,Revisar,Coinciden GBIF y rWCVP; WFO es diferente
Rhus.canadensis,,,Rhus typhina,Revisar,Falta resultado en una o más fuentes
Rhus.copallina,Rhus copallina,Rhus copallinum,,Revisar,Falta resultado en una o más fuentes
Rhus.toxicodendron,,Toxicodendron pubescens,Toxicodendron pubescens,Revisar,Coinciden rWCVP y WFO; GBIF sin resultado
Rhynchanthera.serrulata,Rhynchanthera serrulata,Rhynchanthera serrulata,Rhynchanthera serrulata,Coinciden,Coinciden las tres fuentes
Rhynchosia.minima,Rhynchosia minima,Rhynchosia minima,Rhynchosia minima,Coinciden,Coinciden las tres fuentes
Rhynchotechum.discolor,Rhynchotechum discolor,Rhynchotechum discolor,Rhynchotechum discolor,Coinciden,Coinciden las tres fuentes
Ribes.maximowiczianum,Ribes maximowiczianum,Ribes maximoviczianum,Ribes maximowiczianum,Revisar,Coinciden GBIF y WFO; rWCVP es diferente
Ribes.magellanicum,Ribes magellanicum,Ribes magellanicum,Ribes magellanicum,Coinciden,Coinciden las tres fuentes
Ribes.gracile,,,Ribes cynosbati,Revisar,Falta resultado en una o más fuentes
Richea.continentis,Dracophyllum continentis,Richea continentis,Dracophyllum continentis,Revisar,Coinciden GBIF y WFO; rWCVP es diferente
Robinia.pseudacacia,Robinia pseudoacacia,Robinia pseudoacacia,Robinia pseudoacacia,Coinciden,Coinciden las tres fuentes
Rodgersia.podophylla,Rodgersia podophylla,Rodgersia podophylla,Rodgersia podophylla,Coinciden,Coinciden las tres fuentes
Rodophiala.bifida,,Zephyranthes bifida,Rhodophiala bifida,Revisar,Falta resultado en una o más fuentes
Rorippa.indica,Rorippa indica,Rorippa indica,Rorippa indica,Coinciden,Coinciden las tres fuentes
Rosa.eglanteria,,Rosa rubiginosa,Rosa rubiginosa,Revisar,Coinciden rWCVP y WFO; GBIF sin resultado
Rosa.rubiginosa,Rosa rubiginosa,Rosa rubiginosa,Rosa rubiginosa,Coinciden,Coinciden las tres fuentes
Rosa.multiflora,Rosa multiflora,,Rosa multiflora,Revisar,Coinciden GBIF y WFO; rWCVP sin resultado
Rosa.setigera,Rosa setigera,Rosa setigera,Rosa setigera,Coinciden,Coinciden las tres fuentes
Rosa.borboniana,,,,Revisar,Sin resultados en las tres fuentes
Rosa.acicularis,Rosa acicularis,Rosa acicularis,Rosa acicularis,Coinciden,Coinciden las tres fuentes
Rosa.multtlflora,,,Rosa multiflora,Revisar,Falta resultado en una o más fuentes
Rosa.humilis,,,Rosa gallica,Revisar,Falta resultado en una o más fuentes
Roscheria.melanochaetes,Roscheria melanochaetes,Roscheria melanochaetes,Roscheria melanochaetes,Coinciden,Coinciden las tres fuentes
Rosmarinus.officinalis,Salvia rosmarinus,Salvia rosmarinus,Salvia rosmarinus,Coinciden,Coinciden las tres fuentes
Roussea.simplex.,Roussea simplex,Roussea simplex,Roussea simplex,Coinciden,Coinciden las tres fuentes
Rubus.ulmifolius,Rubus ulmifolius,Rubus ulmifolius,Rubus ulmifolius,Coinciden,Coinciden las tres fuentes
Rubus.idaeus,Rubus idaeus,Rubus idaeus,Rubus idaeus,Coinciden,Coinciden las tres fuentes
Rubus.occidentalis,Rubus occidentalis,,Rubus occidentalis,Revisar,Coinciden GBIF y WFO; rWCVP sin resultado
Rubus.palmatus,Rubus palmatus,,Rubus palmatus,Revisar,Coinciden GBIF y WFO; rWCVP sin resultado
Rubus.alcefolius,,Rubus alceifolius,Rubus alceifolius,Revisar,Coinciden rWCVP y WFO; GBIF sin resultado
Rubus.microphyllus,Rubus microphyllus,Rubus microphyllus,Rubus microphyllus,Coinciden,Coinciden las tres fuentes
Rubus.deliciosus,Rubus deliciosus,Rubus deliciosus,Rubus deliciosus,Coinciden,Coinciden las tres fuentes
Rubus.buergeri,Rubus buergeri,Rubus buergeri,Rubus buergeri,Coinciden,Coinciden las tres fuentes
Rubus.parvifolius,Rubus parvifolius,,Rubus parvifolius,Revisar,Coinciden GBIF y WFO; rWCVP sin resultado
Rubus.grayanus,Rubus grayanus,Rubus grayanus,Rubus grayanus,Coinciden,Coinciden las tres fuentes
Rubus.crataegifolius,Rubus crataegifolius,Rubus crataegifolius,Rubus crataegifolius,Coinciden,Coinciden las tres fuentes
Rubus.villosus,,,,Revisar,Sin resultados en las tres fuentes
Rubus.fruticosus,Rubus fruticosus,Rubus fruticosus,Rubus fruticosus,Coinciden,Coinciden las tres fuentes
Rubus.sieboldii,Rubus sieboldii,Rubus sieboldii,Rubus sieboldii,Coinciden,Coinciden las tres fuentes
Rubus.pungens.,Rubus pungens,,Rubus pungens,Revisar,Coinciden GBIF y WFO; rWCVP sin resultado
Rubus.phoenicolasius,Rubus phoenicolasius,Rubus phoenicolasius,Rubus phoenicolasius,Coinciden,Coinciden las tres fuentes
Rubus.illecebrosus,Rubus illecebrosus,Rubus illecebrosus,Rubus illecebrosus,Coinciden,Coinciden las tres fuentes
Rubus.croceacanthus,Rubus croceacanthus,Rubus croceacanthus,Rubus croceacanthus,Coinciden,Coinciden las tres fuentes
Rubus.strigosus,Rubus idaeus subsp. strigosus,Rubus idaeus subsp. strigosus,Rubus idaeus subsp. strigosus,Coinciden,Coinciden las tres fuentes
Rubus.canadensis,Rubus canadensis,,Rubus canadensis,Revisar,Coinciden GBIF y WFO; rWCVP sin resultado
Rudbeckia.subtomentosa,Rudbeckia subtomentosa,Rudbeckia subtomentosa,Rudbeckia subtomentosa,Coinciden,Coinciden las tres fuentes
Rudbeckia.laciniata,Rudbeckia laciniata,Rudbeckia laciniata,Rudbeckia laciniata,Coinciden,Coinciden las tres fuentes
Rudbeckia.triloba,Rudbeckia triloba,Rudbeckia triloba,Rudbeckia triloba,Coinciden,Coinciden las tres fuentes
Rudbeckia.hirta,Rudbeckia hirta,Rudbeckia hirta,Rudbeckia hirta,Coinciden,Coinciden las tres fuentes
Ruellia.ciliosa,Ruellia caroliniensis subsp. ciliosa,Ruellia caroliniensis subsp. ciliosa,Ruellia caroliniensis subsp. ciliosa,Coinciden,Coinciden las tres fuentes
Ruellia.strepens,Ruellia strepens,Ruellia strepens,Ruellia strepens,Coinciden,Coinciden las tres fuentes
Ruta.chalepensis,Ruta chalepensis,Ruta chalepensis,Ruta chalepensis,Coinciden,Coinciden las tres fuentes
Ruta.graveolens,Ruta graveolens,Ruta graveolens,Ruta graveolens,Coinciden,Coinciden las tres fuentes
Rydbergia.grandilfora,,Hymenoxys grandiflora,Hymenoxys grandiflora,Revisar,Coinciden rWCVP y WFO; GBIF sin resultado
Saggitaria.quyanensis,,Sagittaria guayanensis subsp. guayanensis,Sagittaria guayanensis subsp. guayanensis,Revisar,Coinciden rWCVP y WFO; GBIF sin resultado
Sagittaria.latifolia,Sagittaria latifolia,Sagittaria latifolia,Sagittaria latifolia,Coinciden,Coinciden las tres fuentes
Sagittaria.trifolia,Sagittaria trifolia,Sagittaria trifolia,Sagittaria trifolia,Coinciden,Coinciden las tres fuentes
Salix.repens,Salix repens,,Salix repens,Revisar,Coinciden GBIF y WFO; rWCVP sin resultado
Salix.humilis,Salix humilis,,Salix humilis,Revisar,Coinciden GBIF y WFO; rWCVP sin resultado
Salix.aurita,Salix aurita,,Salix aurita,Revisar,Coinciden GBIF y WFO; rWCVP sin resultado
Salix.amygdaloides,Salix amygdaloides,Salix amygdaloides,Salix amygdaloides,Coinciden,Coinciden las tres fuentes
Salix.sieboldiana,Salix sieboldiana,Salix sieboldiana,Salix sieboldiana,Coinciden,Coinciden las tres fuentes
Salix.cordata,Salix cordata,,Salix cordata,Revisar,Coinciden GBIF y WFO; rWCVP sin resultado
Salix.reticulata,Salix reticulata,Salix reticulata,Salix reticulata,Coinciden,Coinciden las tres fuentes
Salix.gracilistyla,Salix gracilistyla,Salix gracilistyla,Salix gracilistyla,Coinciden,Coinciden las tres fuentes
Salix.vulpina,Salix vulpina,Salix vulpina,Salix vulpina,Coinciden,Coinciden las tres fuentes
Salix.nigra,Salix nigra,Salix nigra,Salix nigra,Coinciden,Coinciden las tres fuentes
Salix.arctica,Salix arctica,Salix arctica,Salix arctica,Coinciden,Coinciden las tres fuentes
Salix.polaris,Salix polaris,Salix polaris,Salix polaris,Coinciden,Coinciden las tres fuentes
Salix.longifolia,,,Salix viminalis,Revisar,Falta resultado en una o más fuentes
Salix.fragilis,Salix fragilis,,Salix × fragilis,Revisar,Falta resultado en una o más fuentes
Salix.sp1.M.PL.014,,,,Revisar,Sin resultados en las tres fuentes
Salix.lanata,Salix lanata,,Salix lanata,Revisar,Coinciden GBIF y WFO; rWCVP sin resultado
Salpiglossus.sp,,,,Revisar,Sin resultados en las tres fuentes
Salsola.komarovii,Salsola komarovii,Salsola komarovii,Salsola komarovii,Coinciden,Coinciden las tres fuentes
Salvia.japonica,Salvia japonica,Salvia japonica,Salvia japonica,Coinciden,Coinciden las tres fuentes
Salvia.glabrescens,Salvia glabrescens,Salvia glabrescens,Salvia glabrescens,Coinciden,Coinciden las tres fuentes
Salvia.triloba,Salvia fruticosa,Salvia fruticosa,Salvia fruticosa,Coinciden,Coinciden las tres fuentes
Salvia.verbenaca,Salvia verbenaca,Salvia verbenaca,Salvia verbenaca,Coinciden,Coinciden las tres fuentes
Sambucus.canadensis,Sambucus canadensis,,Sambucus canadensis,Revisar,Coinciden GBIF y WFO; rWCVP sin resultado
Sambucus.racemosa,Sambucus racemosa,Sambucus racemosa,Sambucus racemosa,Coinciden,Coinciden las tres fuentes
Samolus.floribundus,Samolus parviflorus,Samolus parviflorus,Samolus parviflorus,Coinciden,Coinciden las tres fuentes
Sanguinaria.canadensis,Sanguinaria canadensis,Sanguinaria canadensis,Sanguinaria canadensis,Coinciden,Coinciden las tres fuentes
Sanguisorba.officinalis,Sanguisorba officinalis,Sanguisorba officinalis,Sanguisorba officinalis,Coinciden,Coinciden las tres fuentes
Sanicula.marilandica,Sanicula marilandica,Sanicula marilandica,Sanicula marilandica,Coinciden,Coinciden las tres fuentes
Sanicula.canadensis,Sanicula canadensis,Sanicula canadensis,Sanicula canadensis,Coinciden,Coinciden las tres fuentes
Sanicula.graveolens,Sanicula graveolens,Sanicula graveolens,Sanicula graveolens,Coinciden,Coinciden las tres fuentes
Saponaria.officinalis,Saponaria officinalis,Saponaria officinalis,Saponaria officinalis,Coinciden,Coinciden las tres fuentes
Sarcopoterium.spinosum,Sarcopoterium spinosum,Sarcopoterium spinosum,Sarcopoterium spinosum,Coinciden,Coinciden las tres fuentes
Sarcostemma.clausum,Funastrum clausum,Funastrum clausum,Funastrum clausum,Coinciden,Coinciden las tres fuentes
Sassafras.variifolium,Sassafras albidum,Sassafras albidum,Sassafras albidum,Coinciden,Coinciden las tres fuentes
Satchys.tenuifolia,,,Stachys tenuifolia,Revisar,Falta resultado en una o más fuentes
Satureja.thymbra,Satureja thymbra,Satureja thymbra,Satureja thymbra,Coinciden,Coinciden las tres fuentes
Saussurea.yanagisawae,Saussurea yanagisawae,Saussurea yanagisawae,Saussurea yanagisawae,Coinciden,Coinciden las tres fuentes
Saussurea.gracilis,Saussurea gracilis,Saussurea gracilis,Saussurea gracilis,Coinciden,Coinciden las tres fuentes
Sauvagesia.rubiginosa,Sauvagesia rubiginosa,Sauvagesia rubiginosa,Sauvagesia rubiginosa,Coinciden,Coinciden las tres fuentes
Sauvagesia.angustifolia,Sauvagesia angustifolia,Sauvagesia angustifolia,Sauvagesia angustifolia,Coinciden,Coinciden las tres fuentes
Saxifraga.caespitosa,,,Saxifraga paniculata,Revisar,Falta resultado en una o más fuentes
Saxifraga.flagellaris,Saxifraga flagellaris,Saxifraga flagellaris,Saxifraga flagellaris,Coinciden,Coinciden las tres fuentes
Saxifraga.cernua,Saxifraga cernua,Saxifraga cernua,Saxifraga cernua,Coinciden,Coinciden las tres fuentes
Saxifraga.nivalis,,,Micranthes nivalis,Revisar,Falta resultado en una o más fuentes
Saxifraga.oppositifolia,Saxifraga oppositifolia,Saxifraga oppositifolia,Saxifraga oppositifolia,Coinciden,Coinciden las tres fuentes
Saxifraga.sp1.M.PL.014,,,,Revisar,Sin resultados en las tres fuentes
Saxifraga.hirculus,Saxifraga hirculus,Saxifraga hirculus,Saxifraga hirculus,Coinciden,Coinciden las tres fuentes
Saxifraga.tricuspidata,Saxifraga tricuspidata,Saxifraga tricuspidata,Saxifraga tricuspidata,Coinciden,Coinciden las tres fuentes
Saxifraga.aizoides,Saxifraga aizoides,Saxifraga aizoides,Saxifraga aizoides,Coinciden,Coinciden las tres fuentes
Scabiosa.stellata,,Lomelosia stellata,Lomelosia stellata,Revisar,Coinciden rWCVP y WFO; GBIF sin resultado
Scabiosa.atropurpurea,Sixalix atropurpurea subsp. atropurpurea,Scabiosa atropurpurea,Scabiosa atropurpurea,Revisar,Coinciden rWCVP y WFO; GBIF es diferente
Scabiosa.japonica,Scabiosa japonica,Scabiosa japonica,Scabiosa japonica,Coinciden,Coinciden las tres fuentes
Scaevola.frutescens,Scaevola taccada,Scaevola taccada,Scaevola taccada,Coinciden,Coinciden las tres fuentes
Scaevola.sericea,Scaevola taccada,Scaevola taccada,Scaevola taccada,Coinciden,Coinciden las tres fuentes
Scalesia.beurii,,Scalesia baurii,Scalesia baurii,Revisar,Coinciden rWCVP y WFO; GBIF sin resultado
Scalesia.sp1.M.PL.026,,,,Revisar,Sin resultados en las tres fuentes
Scalesia.helleri,Scalesia helleri,Scalesia helleri,Scalesia helleri,Coinciden,Coinciden las tres fuentes
Scalesia.pedunculata,Scalesia pedunculata,Scalesia pedunculata,Scalesia pedunculata,Coinciden,Coinciden las tres fuentes
Scalesia.affinis,Scalesia affinis,Scalesia affinis,Scalesia affinis,Coinciden,Coinciden las tres fuentes
Scaligeria.cretica,Scaligeria napiformis,Scaligeria napiformis,Scaligeria napiformis,Coinciden,Coinciden las tres fuentes
Scandix.pecten-veneris,Scandix pecten-veneris,Scandix pecten-veneris,Scandix pecten-veneris,Coinciden,Coinciden las tres fuentes
Scandix.australis,Scandix australis,Scandix australis,Scandix australis,Coinciden,Coinciden las tres fuentes
Scaveola.plumieri,Scaevola taccada,Scaevola plumieri,Scaevola plumieri,Revisar,Coinciden rWCVP y WFO; GBIF es diferente
Schefflera.octophylla,Heptapleurum heptaphyllum,Heptapleurum heptaphyllum,Heptapleurum heptaphyllum,Coinciden,Coinciden las tres fuentes
Schima.wallichii,Schima wallichii,Schima wallichii,Schima wallichii,Coinciden,Coinciden las tres fuentes
Schinus.patagonicus,Schinus patagonicus,Schinus patagonica,Schinus patagonicus,Revisar,Coinciden GBIF y WFO; rWCVP es diferente
Schizanthus.hookeri,Schizanthus hookeri,Schizanthus hookeri,Schizanthus hookeri,Coinciden,Coinciden las tres fuentes
Schizanthus.garhamii,,Schizanthus grahamii,Schizanthus grahamii,Revisar,Coinciden rWCVP y WFO; GBIF sin resultado
Schizophragma.hydrangeoides,Hydrangea hydrangeoides,Hydrangea hydrangeoides,Hydrangea hydrangeoides,Coinciden,Coinciden las tres fuentes
Scilla.autumnalis,Scilla autumnalis,Prospero autumnale,Prospero autumnale,Revisar,Coinciden rWCVP y WFO; GBIF es diferente
Scirpus.triqueter,Scirpus triqueter,,Schoenoplectus americanus,Revisar,Falta resultado en una o más fuentes
Scleria.terrestris,Scleria terrestris,Scleria terrestris,Scleria terrestris,Coinciden,Coinciden las tres fuentes
Scolymus.hispanicus,Scolymus hispanicus,Scolymus hispanicus,Scolymus hispanicus,Coinciden,Coinciden las tres fuentes
Scorzonea.humilis,,,Scorzonera humilis,Revisar,Falta resultado en una o más fuentes
Scorzonera.lanata,,,,Revisar,Sin resultados en las tres fuentes
Scorzonera.cana,Scorzonera cana,Scorzonera cana,Scorzonera cana,Coinciden,Coinciden las tres fuentes
Scrophularia.marilandica,Scrophularia marilandica,Scrophularia marilandica,Scrophularia marilandica,Coinciden,Coinciden las tres fuentes
Scrophularia.glabrata,Scrophularia glabrata,,Scrophularia glabrata,Revisar,Coinciden GBIF y WFO; rWCVP sin resultado
Scutellaria.canescans,,Scutellaria incana var. incana,Scutellaria incana var. incana,Revisar,Coinciden rWCVP y WFO; GBIF sin resultado
Scutellaria.parvula,Scutellaria parvula,Scutellaria parvula,Scutellaria parvula,Coinciden,Coinciden las tres fuentes
Scutellaria.lateriflora,Scutellaria lateriflora,Scutellaria lateriflora,Scutellaria lateriflora,Coinciden,Coinciden las tres fuentes
Scutellaria.resinosa,Scutellaria resinosa,Scutellaria resinosa,Scutellaria resinosa,Coinciden,Coinciden las tres fuentes
Scutellaria.versicolor,Scutellaria ovata subsp. ovata,Scutellaria ovata subsp. ovata,Scutellaria ovata subsp. ovata,Coinciden,Coinciden las tres fuentes
Scypanthus.elegans,,Scyphanthus elegans,Scyphanthus elegans,Revisar,Coinciden rWCVP y WFO; GBIF sin resultado
Sebatia.angularis,,Sabatia angularis,Sabatia angularis,Revisar,Coinciden rWCVP y WFO; GBIF sin resultado
Securinega.suffruticosa,Flueggea suffruticosa,Flueggea suffruticosa,Flueggea suffruticosa,Coinciden,Coinciden las tres fuentes
Sedum.formosanum,Sedum formosanum,Sedum formosanum,Sedum formosanum,Coinciden,Coinciden las tres fuentes
Sedum.sediforme,,,Petrosedum sediforme,Revisar,Falta resultado en una o más fuentes
Sedum.stenopetalum,Sedum stenopetalum,Sedum stenopetalum,Sedum stenopetalum,Coinciden,Coinciden las tres fuentes
Sedum.aizoon,Sedum aizoon,Phedimus aizoon,Phedimus aizoon,Revisar,Coinciden rWCVP y WFO; GBIF es diferente
Senecio.madagascariensis,Senecio madagascariensis,,Senecio madagascariensis,Revisar,Coinciden GBIF y WFO; rWCVP sin resultado
Senecio.bustillosianus,Senecio bustillosianus,Senecio bustillosianus,Senecio bustillosianus,Coinciden,Coinciden las tres fuentes
Senecio.subulatus,Senecio subulatus,,Senecio subulatus,Revisar,Coinciden GBIF y WFO; rWCVP sin resultado
Senecio.bidwilli,Brachyglottis bidwillii,Brachyglottis bidwillii,Brachyglottis bidwillii,Coinciden,Coinciden las tres fuentes
Senecio.steetzii,Pericallis steetzii,Pericallis steetzii,Pericallis steetzii,Coinciden,Coinciden las tres fuentes
Senecio.nemorensis,Senecio nemorensis,Senecio nemorensis,Senecio nemorensis,Coinciden,Coinciden las tres fuentes
Senecio.sp,,Senecio rosmarinifolius,,Revisar,Falta resultado en una o más fuentes
Senecio.pierotii,Tephroseris pierotii,Tephroseris pierotii,Senecio pierotii,Revisar,Coinciden GBIF y rWCVP; WFO es diferente
Senecio.selloi,Senecio selloi,Senecio selloi,Senecio selloi,Coinciden,Coinciden las tres fuentes
Senecio.pectinatus,Senecio pectinatus,,Senecio flaccidus var. monoensis,Revisar,Falta resultado en una o más fuentes
Senecio.filaginoides,Senecio filaginoides,Senecio filaginoides,Senecio filaginoides,Coinciden,Coinciden las tres fuentes
Senecio.aureus,Senecio aureus,,Senecio aureus,Revisar,Coinciden GBIF y WFO; rWCVP sin resultado
Senecio.scorzoneroides,Dolichoglottis scorzoneroides,Dolichoglottis scorzoneroides,Dolichoglottis scorzoneroides,Coinciden,Coinciden las tres fuentes
Senecio.crithmoides,Senecio crithmoides,Senecio crithmoides,Senecio crithmoides,Coinciden,Coinciden las tres fuentes
Senecio.jacobea,,,Jacobaea vulgaris,Revisar,Falta resultado en una o más fuentes
Senecio.tricephalus.,Senecio tricephalus,,Senecio tricephalus,Revisar,Coinciden GBIF y WFO; rWCVP sin resultado
Senecio.bravensis,Senecio bravensis,Senecio bravensis,Senecio bravensis,Coinciden,Coinciden las tres fuentes
Senecio.lithostaurus,Senecio lithostaurus,Senecio lithostaurus,Senecio lithostaurus,Coinciden,Coinciden las tres fuentes
Senecio.pulcher,Senecio pulcher,Senecio pulcher,Senecio pulcher,Coinciden,Coinciden las tres fuentes
Senecio.arechavaletae,Senecio arechavaletae,Senecio arechavaletae,Senecio arechavaletae,Coinciden,Coinciden las tres fuentes
Senecio.francisci,Senecio francisci,Senecio francisci,Senecio francisci,Coinciden,Coinciden las tres fuentes
Senecio.looseri.,Senecio looseri,Senecio micropifolius,Senecio looseri,Revisar,Coinciden GBIF y WFO; rWCVP es diferente
Senecio.bellidioides,Brachyglottis bellidioides,Brachyglottis bellidioides,Brachyglottis lagopus,Revisar,Coinciden GBIF y rWCVP; WFO es diferente
Senecio.vulgaris,Senecio vulgaris,Senecio vulgaris,Senecio vulgaris,Coinciden,Coinciden las tres fuentes
Senecio.gunnii,Senecio gunnii,Senecio gunnii,Senecio gunnii,Coinciden,Coinciden las tres fuentes
Senecio.nikoensis,Nemosenecio nikoensis,Nemosenecio nikoensis,Senecio nikoensis,Revisar,Coinciden GBIF y rWCVP; WFO es diferente
Senecio.lautus,Senecio lautus,Senecio lautus,Senecio lautus,Coinciden,Coinciden las tres fuentes
Senecio.erucaeformis,,Senecio eruciformis,Senecio eruciformis,Revisar,Coinciden rWCVP y WFO; GBIF sin resultado
Senecio.grisebachii,Senecio grisebachii,Senecio grisebachii,Senecio grisebachii,Coinciden,Coinciden las tres fuentes
Senecio.cannabifolius,Jacobaea cannabifolia,Jacobaea cannabifolia,Jacobaea cannabifolia,Coinciden,Coinciden las tres fuentes
Serissa.japonica,Buchozia japonica,Serissa japonica,Buchozia japonica,Revisar,Coinciden GBIF y WFO; rWCVP es diferente
Serratula.coronata.insularis,Serratula coronata subsp. insularis,Serratula coronata subsp. insularis,Serratula coronata,Revisar,Coinciden GBIF y rWCVP; WFO es diferente
Sesuvium.portulacastrum,Sesuvium portulacastrum,Sesuvium portulacastrum,Sesuvium portulacastrum,Coinciden,Coinciden las tres fuentes
Setaria.geniculta,,,Setaria parviflora,Revisar,Falta resultado en una o más fuentes
Seymeria.macrophylla,Dasistoma macrophyllum,Dasistoma macrophylla,Dasistoma macrophylla,Revisar,Coinciden rWCVP y WFO; GBIF es diferente
Sherardia.arvensis,Sherardia arvensis,Sherardia arvensis,Sherardia arvensis,Coinciden,Coinciden las tres fuentes
Shultesia.brachyptera,,Schultesia brachyptera,Schultesia brachyptera,Revisar,Coinciden rWCVP y WFO; GBIF sin resultado
Sicyos.angulatus,Sicyos angulatus,,Sicyos angulatus,Revisar,Coinciden GBIF y WFO; rWCVP sin resultado
Sida.flavescens,Krapovickasia flavescens,Krapovickasia flavescens,Krapovickasia flavescens,Coinciden,Coinciden las tres fuentes
Sida.acuta,Sida acuta,Sida acuta,Sida acuta,Coinciden,Coinciden las tres fuentes
Sida.spinosa,Sida spinosa,,Sida spinosa,Revisar,Coinciden GBIF y WFO; rWCVP sin resultado
Sida.rhombifolia,Sida rhombifolia,Sida rhombifolia,Sida rhombifolia,Coinciden,Coinciden las tres fuentes
Sida.paniculata,,,Sidastrum paniculatum,Revisar,Falta resultado en una o más fuentes
Sideritis.nervosa,Sideritis nervosa,Sideritis nervosa,Sideritis nervosa,Coinciden,Coinciden las tres fuentes
Sideritis.argosphacelus,Sideritis cretica subsp. cretica,Sideritis cretica subsp. cretica,Sideritis cretica subsp. cretica,Coinciden,Coinciden las tres fuentes
Sideroxylon.puberulum,Sideroxylon puberulum,Sideroxylon puberulum,Sideroxylon puberulum,Coinciden,Coinciden las tres fuentes
Sideroxylon.cinereum,Sideroxylon cinereum,,Sideroxylon cinereum,Revisar,Coinciden GBIF y WFO; rWCVP sin resultado
Siegesbeckia.orientalis,Sigesbeckia orientalis,Sigesbeckia orientalis,Sigesbeckia orientalis,Coinciden,Coinciden las tres fuentes
Sieversia.turbinata,Geum rossii var. turbinatum,Geum rossii var. turbinatum,Geum rossii var. turbinatum,Coinciden,Coinciden las tres fuentes
Sieversia.ciliata,Geum triflorum var. ciliatum,Geum triflorum var. ciliatum,,Revisar,Coinciden GBIF y rWCVP; WFO sin resultado
Silene.colorata,Silene colorata,,Silene colorata,Revisar,Coinciden GBIF y WFO; rWCVP sin resultado
Silene.acaulis,Silene acaulis,Silene acaulis,Silene acaulis,Coinciden,Coinciden las tres fuentes
Silene.sp1.M.PL.014,,,,Revisar,Sin resultados en las tres fuentes
Silene.gallica,Silene gallica,Silene gallica,Silene gallica,Coinciden,Coinciden las tres fuentes
Silene.stellata,Silene stellata,,Silene stellata,Revisar,Coinciden GBIF y WFO; rWCVP sin resultado
Silene.vulgaris,Silene vulgaris,Silene vulgaris,Silene vulgaris,Coinciden,Coinciden las tres fuentes
Silene.nivea,Silene nivea,Silene nivea,Silene nivea,Coinciden,Coinciden las tres fuentes
Silene.dioica,Silene dioica,Silene dioica,Silene dioica,Coinciden,Coinciden las tres fuentes
Silene.halli,Silene scouleri subsp. hallii,Silene scouleri subsp. hallii,Silene scouleri subsp. hallii,Coinciden,Coinciden las tres fuentes
Silphium.terebinthinaceum,Silphium terebinthinaceum,Silphium terebinthinaceum,Silphium terebinthinaceum,Coinciden,Coinciden las tres fuentes
Silphium.integrifolium,Silphium integrifolium,Silphium integrifolium,Silphium integrifolium,Coinciden,Coinciden las tres fuentes
Silphium.laciniatum,Silphium laciniatum,,Silphium laciniatum,Revisar,Coinciden GBIF y WFO; rWCVP sin resultado
Silphium.perfoliatum,Silphium perfoliatum,Silphium perfoliatum,Silphium perfoliatum,Coinciden,Coinciden las tres fuentes
Sinningia.sp1.M.PL.030,,,,Revisar,Sin resultados en las tres fuentes
Sipanea.galioides,Sipanea galioides,Sipanea galioides,Sipanea galioides,Coinciden,Coinciden las tres fuentes
Siphanthera.cordifolia,Siphanthera cordifolia,Siphanthera cordifolia,Siphanthera cordifolia,Coinciden,Coinciden las tres fuentes
Sisymbrium.orientale,Sisymbrium orientale,Sisymbrium orientale,Sisymbrium orientale,Coinciden,Coinciden las tres fuentes
Sisymbrium.canescens,Sisymbrium canescens,,Descurainia erodiifolia,Revisar,Falta resultado en una o más fuentes
Sisyranthus.trichostomus,Sisyranthus trichostomus,Sisyranthus trichostomus,Sisyranthus trichostomus,Coinciden,Coinciden las tres fuentes
Sisyrinchium.gramineum,Sisyrinchium angustifolium,Sisyrinchium angustifolium,Sisyrinchium angustifolium,Coinciden,Coinciden las tres fuentes
Sisyrinchium.philippii,Olsynium philippii,Olsynium philippii,Olsynium philippii,Coinciden,Coinciden las tres fuentes
Sisyrinchium.arenarium,Sisyrinchium arenarium,Sisyrinchium arenarium,Sisyrinchium arenarium,Coinciden,Coinciden las tres fuentes
Sisyrinchium.iridifolium,Sisyrinchium micranthum,Sisyrinchium micranthum,Sisyrinchium micranthum,Coinciden,Coinciden las tres fuentes
Sisyrinchium.angustifolium,Sisyrinchium angustifolium,,Sisyrinchium angustifolium,Revisar,Coinciden GBIF y WFO; rWCVP sin resultado
Sisyrinchium.junceum,Olsynium junceum,Olsynium junceum,Olsynium junceum,Coinciden,Coinciden las tres fuentes
Sium.cicutaefolium,Sium suave,Sium suave,Sium suave,Coinciden,Coinciden las tres fuentes
Smilacina.racemosa,Maianthemum racemosum,Maianthemum racemosum,Maianthemum racemosum,Coinciden,Coinciden las tres fuentes
Smilacina.stellata,Maianthemum stellatum,Maianthemum stellatum,Maianthemum stellatum,Coinciden,Coinciden las tres fuentes
Smilacina.trifolia,Maianthemum trifolium,Maianthemum trifolium,Maianthemum trifolium,Coinciden,Coinciden las tres fuentes
Smilax.anceps,Smilax anceps,Smilax anceps,Smilax anceps,Coinciden,Coinciden las tres fuentes
Smilax.herbacea,Smilax herbacea,,Smilax herbacea,Revisar,Coinciden GBIF y WFO; rWCVP sin resultado
Smilax.aspera,Smilax aspera,Smilax aspera,Smilax aspera,Coinciden,Coinciden las tres fuentes
Smilax.hispida,Smilax hispida,Smilax tamnoides,Smilax tamnoides,Revisar,Coinciden rWCVP y WFO; GBIF es diferente
Sobralia.liliastrum,Sobralia liliastrum,Sobralia liliastrum,Sobralia liliastrum,Coinciden,Coinciden las tres fuentes
Solanum.carolinense,Solanum carolinense,Solanum carolinense,Solanum carolinense,Coinciden,Coinciden las tres fuentes
Solanum.melongena,Solanum melongena,,Solanum melongena,Revisar,Coinciden GBIF y WFO; rWCVP sin resultado
Solanum.chacoense,Solanum chacoense,Solanum chacoense,Solanum chacoense,Coinciden,Coinciden las tres fuentes
Solanum.tomatillo,Solanum crispum,Solanum crispum,Solanum crispum,Coinciden,Coinciden las tres fuentes
Solanum.nigrum,Solanum nigrum,Solanum nigrum,Solanum nigrum,Coinciden,Coinciden las tres fuentes
Solanum.rostratum,Solanum angustifolium,,Solanum rostratum,Revisar,Falta resultado en una o más fuentes
Solanum.torvum,Solanum torvum,,Solanum torvum,Revisar,Coinciden GBIF y WFO; rWCVP sin resultado
Solanum.americanum,Solanum americanum,Solanum americanum,Solanum americanum,Coinciden,Coinciden las tres fuentes
Solanum.havanense,Solanum havanense,Solanum havanense,Solanum havanense,Coinciden,Coinciden las tres fuentes
Solanum.erianthum,Solanum erianthum,Solanum erianthum,Solanum erianthum,Coinciden,Coinciden las tres fuentes
Solenomelus.sisyrinchium,Solenomelus segethi,Solenomelus segethi,Solenomelus segethi,Coinciden,Coinciden las tres fuentes
Solidago.virg-aurea,Solidago virgaurea,,Solidago virgaurea,Revisar,Coinciden GBIF y WFO; rWCVP sin resultado
Solidago.canadensis,Solidago canadensis,Solidago canadensis,Solidago canadensis,Coinciden,Coinciden las tres fuentes
Solidago.sp1M.PL.073,,,,Revisar,Sin resultados en las tres fuentes
Solidago.rigida,Solidago rigida,Solidago rigida,Solidago rigida,Coinciden,Coinciden las tres fuentes
Solidago.virgaurea,Solidago virgaurea,Solidago virgaurea,Solidago virgaurea,Coinciden,Coinciden las tres fuentes
Solidago.ulmifolia,Solidago ulmifolia,Solidago ulmifolia,Solidago ulmifolia,Coinciden,Coinciden las tres fuentes
Solidago.missouriensis,Solidago missouriensis,Solidago missouriensis,Solidago missouriensis,Coinciden,Coinciden las tres fuentes
Solidago.sempervirens,Solidago sempervirens,Solidago sempervirens,Solidago sempervirens,Coinciden,Coinciden las tres fuentes
Solidago.speciosa,Solidago speciosa,Solidago speciosa,Solidago speciosa,Coinciden,Coinciden las tres fuentes
Solidago.nemoralis,Solidago nemoralis,Solidago nemoralis,Solidago nemoralis,Coinciden,Coinciden las tres fuentes
Solidago.virgaurea.asiatica,Solidago virgaurea subsp. asiatica,Solidago decurrens var. decurrens,Solidago virgaurea,Revisar,Los tres nombres aceptados son diferentes
Solidago.serotina,Solidago serotina,,Solidago serotina,Revisar,Coinciden GBIF y WFO; rWCVP sin resultado
Solidago.graminifolia,Euthamia graminifolia,Euthamia graminifolia,Euthamia graminifolia,Coinciden,Coinciden las tres fuentes
Solidago.sempervivens,,Solidago sempervirens,Solidago sempervirens,Revisar,Coinciden rWCVP y WFO; GBIF sin resultado
Solidago.chilensis,Solidago chilensis,Solidago chilensis,Solidago chilensis,Coinciden,Coinciden las tres fuentes
Sommerfeltia.spinulosa,Sommerfeltia spinulosa,Sommerfeltia spinulosa,Sommerfeltia spinulosa,Coinciden,Coinciden las tres fuentes
Sonchus.cf..ortunoi,Sonchus ortunoi,Sonchus ortunoi,,Revisar,Coinciden GBIF y rWCVP; WFO sin resultado
Sonchus.tenerrinus,,,Sonchus tenerrimus,Revisar,Falta resultado en una o más fuentes
Sonchus.oleraceus,Sonchus oleraceus,Sonchus oleraceus,Sonchus oleraceus,Coinciden,Coinciden las tres fuentes
Sonchus.arvensis,Sonchus arvensis,Sonchus arvensis,Sonchus arvensis,Coinciden,Coinciden las tres fuentes
Sonchus.palustris,Sonchus palustris,Sonchus palustris,Sonchus palustris,Coinciden,Coinciden las tres fuentes
Sophora.flavescens,Sophora flavescens,Sophora flavescens,Sophora flavescens,Coinciden,Coinciden las tres fuentes
Sorbus.commixta,Sorbus commixta,Sorbus commixta,Sorbus commixta,Coinciden,Coinciden las tres fuentes
Soulamea.terminaloides,,Soulamea terminalioides,Soulamea terminalioides,Revisar,Coinciden rWCVP y WFO; GBIF sin resultado
Spartium.junceum,Spartium junceum,Spartium junceum,Spartium junceum,Coinciden,Coinciden las tres fuentes
Spartocytisus.supranubius,Cytisus supranubius,Cytisus supranubius,Cytisus supranubius,Coinciden,Coinciden las tres fuentes
Specularia.perfoliata,Triodanis perfoliata,Triodanis perfoliata,Triodanis perfoliata,Coinciden,Coinciden las tres fuentes
Spermacoce.assurgens,,,Spermacoce remota,Revisar,Falta resultado en una o más fuentes
Spilanthes.urens,Spilanthes urens,Spilanthes urens,Spilanthes urens,Coinciden,Coinciden las tres fuentes
Spilanthes.stolonifera,Acmella decumbens,Acmella decumbens var. decumbens,Acmella decumbens,Revisar,Coinciden GBIF y WFO; rWCVP es diferente
Spiraea.alba,Spiraea alba,Spiraea alba,Spiraea alba,Coinciden,Coinciden las tres fuentes
Spiraea.tossensis,,Spiraea nipponica var. tosaensis,Spiraea nipponica var. tosaensis,Revisar,Coinciden rWCVP y WFO; GBIF sin resultado
Spiraea.cantoniensis,Spiraea cantoniensis,Spiraea cantoniensis,Spiraea cantoniensis,Coinciden,Coinciden las tres fuentes
Spiraea.blumei,Spiraea blumei,Spiraea blumei,Spiraea blumei,Coinciden,Coinciden las tres fuentes
Spiraea.japonica,Spiraea japonica,,Spiraea japonica,Revisar,Coinciden GBIF y WFO; rWCVP sin resultado
Spiraea.thunbergii,Spiraea thunbergii,Spiraea thunbergii,Spiraea thunbergii,Coinciden,Coinciden las tres fuentes
Spiranthes.gracilis,,Spiranthes lacera var. gracilis,,Revisar,Falta resultado en una o más fuentes
Spiranthes.sinensis,Spiranthes sinensis,Spiranthes sinensis,Spiranthes sinensis,Coinciden,Coinciden las tres fuentes
Spuriopimpinella.nikoensis,Spuriopimpinella brachycarpa,Spuriopimpinella brachycarpa,Spuriopimpinella brachycarpa,Coinciden,Coinciden las tres fuentes
Stachtarpheta.cayanensis,,Stachytarpheta cayennensis,Stachytarpheta cayennensis,Revisar,Coinciden rWCVP y WFO; GBIF sin resultado
Stachys.cretica,Stachys cretica,Stachys cretica,Stachys cretica,Coinciden,Coinciden las tres fuentes
Stachys.sylvatica,Stachys sylvatica,Stachys sylvatica,Stachys sylvatica,Coinciden,Coinciden las tres fuentes
Stachys.albicaulis,Stachys albicaulis,,Stachys albicaulis,Revisar,Coinciden GBIF y WFO; rWCVP sin resultado
Stachys.palustris,Stachys palustris,Stachys palustris,Stachys palustris,Coinciden,Coinciden las tres fuentes
Stachytarpheta.jamaicensis,Stachytarpheta jamaicensis,Stachytarpheta jamaicensis,Stachytarpheta jamaicensis,Coinciden,Coinciden las tres fuentes
Stachyurus.praecox,Stachyurus praecox,Stachyurus praecox,Stachyurus praecox,Coinciden,Coinciden las tres fuentes
Stackhousia.pulvinaris,Stackhousia pulvinaris,Stackhousia pulvinaris,Stackhousia pulvinaris,Coinciden,Coinciden las tres fuentes
Stanleya.pinnatifida,Stanleya pinnata var. pinnata,Stanleya pinnata var. pinnata,Stanleya pinnata var. pinnata,Coinciden,Coinciden las tres fuentes
Staphylea.trifolia,Staphylea trifolia,Staphylea trifolia,Staphylea trifolia,Coinciden,Coinciden las tres fuentes
Staphylea.bumalda,Staphylea bumalda,Staphylea bumalda,Staphylea bumalda,Coinciden,Coinciden las tres fuentes
Stauntonia.hexaPhylla,,Stauntonia hexaphylla,Stauntonia hexaphylla,Revisar,Coinciden rWCVP y WFO; GBIF sin resultado
Stauracanthus.genistoides,Stauracanthus genistoides,Stauracanthus genistoides,Stauracanthus genistoides,Coinciden,Coinciden las tres fuentes
Stegolepsis.angustata,,Stegolepis angustata,Stegolepis angustata,Revisar,Coinciden rWCVP y WFO; GBIF sin resultado
Steironema.quadriflorum,Lysimachia quadriflora,Lysimachia quadriflora,Lysimachia quadriflora,Coinciden,Coinciden las tres fuentes
Steironema.lanceolatum,Lysimachia lanceolata,Lysimachia lanceolata,Lysimachia lanceolata,Coinciden,Coinciden las tres fuentes
Steironema.ciliatum,Lysimachia ciliata,Lysimachia ciliata,Lysimachia ciliata,Coinciden,Coinciden las tres fuentes
Stellaria.longipes,Stellaria longipes,Stellaria longipes,Stellaria longipes,Coinciden,Coinciden las tres fuentes
Stellaria.sp1.M.PL.014,,,,Revisar,Sin resultados en las tres fuentes
Stellaria.pubera,Stellaria pubera,Stellaria pubera,Stellaria pubera,Coinciden,Coinciden las tres fuentes
Stellaria.media,Stellaria media,,Stellaria media,Revisar,Coinciden GBIF y WFO; rWCVP sin resultado
Stellaria.media,Stellaria media,,Stellaria media,Revisar,Coinciden GBIF y WFO; rWCVP sin resultado
Stellaria.palustris,Stellaria palustris,,Stellaria palustris,Revisar,Coinciden GBIF y WFO; rWCVP sin resultado
Stellaria.palustris,Stellaria palustris,,Stellaria palustris,Revisar,Coinciden GBIF y WFO; rWCVP sin resultado
Stellaria.graminea,Stellaria graminea,,Stellaria graminea,Revisar,Coinciden GBIF y WFO; rWCVP sin resultado
Stellaria.graminea,Stellaria graminea,,Stellaria graminea,Revisar,Coinciden GBIF y WFO; rWCVP sin resultado
Stellaria.uchiyamana,Stellaria uchiyamana,Stellaria uchiyamana,,Revisar,Coinciden GBIF y rWCVP; WFO sin resultado
Stellaria.alsine,Stellaria alsine,,Stellaria uliginosa,Revisar,Falta resultado en una o más fuentes
Stellaria.longifolia,Stellaria longifolia,,Stellaria longifolia,Revisar,Coinciden GBIF y WFO; rWCVP sin resultado
Stenactis.annuus,Erigeron annuus,Erigeron annuus,Erigeron annuus,Coinciden,Coinciden las tres fuentes
Stenanthium.angustifolium,Stenanthium gramineum,Stenanthium gramineum,Stenanthium gramineum,Coinciden,Coinciden las tres fuentes
Stenodraba.stenophylla,Stenodraba stenophylla,Stenodraba stenophylla,Stenodraba stenophylla,Coinciden,Coinciden las tres fuentes
Stephanandra.incisa,Neillia incisa,Neillia incisa,Neillia incisa,Coinciden,Coinciden las tres fuentes
Sternbergia.lutea,Sternbergia lutea,Sternbergia lutea,Sternbergia lutea,Coinciden,Coinciden las tres fuentes
Stevia.satureiifolia,Stevia satureifolia,Stevia satureiifolium,,Revisar,Falta resultado en una o más fuentes
Stewartia.monadelpha,Stewartia monadelpha,Stewartia monadelpha,Stewartia monadelpha,Coinciden,Coinciden las tres fuentes
Stigmaphyllon.paralias,Stigmaphyllon paralias,Stigmaphyllon paralias,Stigmaphyllon paralias,Coinciden,Coinciden las tres fuentes
Stigmaphyllon.diversifolium,Stigmaphyllon diversifolium,Stigmaphyllon diversifolium,Stigmaphyllon diversifolium,Coinciden,Coinciden las tres fuentes
Stigmaphyllon.auriculatum,Stigmaphyllon auriculatum,Stigmaphyllon auriculatum,Stigmaphyllon auriculatum,Coinciden,Coinciden las tres fuentes
Stigmaphyllon.ciliatum,Stigmaphyllon ciliatum,Stigmaphyllon ciliatum,Stigmaphyllon ciliatum,Coinciden,Coinciden las tres fuentes
Stillingia.lineata,Stillingia lineata,Stillingia lineata,Stillingia lineata,Coinciden,Coinciden las tres fuentes
Stillingia.lineata.ssp.lineata,Stillingia lineata subsp. lineata,Stillingia lineata subsp. lineata,Stillingia lineata subsp. lineata,Coinciden,Coinciden las tres fuentes
Strophostyles.helvola,Strophostyles helvola,Strophostyles helvola,Strophostyles helvula,Revisar,Coinciden GBIF y rWCVP; WFO es diferente
Strophostyles.pauciflora,Strophostyles leiosperma,Strophostyles leiosperma,,Revisar,Coinciden GBIF y rWCVP; WFO sin resultado
Stylidium.graminifolium,Stylidium graminifolium,Stylidium graminifolium,Stylidium graminifolium,Coinciden,Coinciden las tres fuentes
Stylosanthes.hamata,Stylosanthes hamata,Stylosanthes hamata,Stylosanthes hamata,Coinciden,Coinciden las tres fuentes
Stylosanthes.biflora,Stylosanthes biflora,Stylosanthes biflora,Stylosanthes biflora,Coinciden,Coinciden las tres fuentes
Styrax.japonica,Styrax japonicus,Styrax japonicus,Styrax japonicus,Coinciden,Coinciden las tres fuentes
Suriana.maritima,Suriana maritima,Suriana maritima,Suriana maritima,Coinciden,Coinciden las tres fuentes
Swertia.bimaculata,Swertia bimaculata,Swertia bimaculata,Swertia bimaculata,Coinciden,Coinciden las tres fuentes
Swertia.japonica,Swertia japonica,Swertia japonica,Swertia japonica,Coinciden,Coinciden las tres fuentes
Swida.controversa,Cornus controversa,Cornus controversa,Cornus controversa,Coinciden,Coinciden las tres fuentes
Swida.macrophylla,Cornus macrophylla,Cornus macrophylla,Cornus macrophylla,Coinciden,Coinciden las tres fuentes
Swida.stlonifera,,Cornus sericea,Cornus sericea,Revisar,Coinciden rWCVP y WFO; GBIF sin resultado
Symphiotrichum.lanceolatum,,Symphyotrichum lanceolatum,Symphyotrichum lanceolatum,Revisar,Coinciden rWCVP y WFO; GBIF sin resultado
Symphoricarpos.orbicularis,Symphoricarpos orbicularis,Symphoricarpos orbiculatus,Symphoricarpos orbiculatus,Revisar,Coinciden rWCVP y WFO; GBIF es diferente
Symplocos.chinensis,Symplocos paniculata,Symplocos paniculata,Symplocos paniculata,Coinciden,Coinciden las tres fuentes
Symplocos.microcalyx,Symplocos microcalyx,Symplocos microcalyx,Symplocos microcalyx,Coinciden,Coinciden las tres fuentes
Synqonanthus.caulescens,,Syngonanthus caulescens,Syngonanthus caulescens,Revisar,Coinciden rWCVP y WFO; GBIF sin resultado
Synurus.excelsus,Synurus excelsus,Synurus excelsus,Synurus excelsus,Coinciden,Coinciden las tres fuentes
Synurus.pungens,Synurus pungens,Synurus pungens,Synurus pungens,Coinciden,Coinciden las tres fuentes
Syringa.vulgaris,Syringa vulgaris,Syringa vulgaris,Syringa vulgaris,Coinciden,Coinciden las tres fuentes
Syzygium.venosum,Syzygium venosum,,Syzygium venosum,Revisar,Coinciden GBIF y WFO; rWCVP sin resultado
Syzygium.petrinese,,Syzygium petrinense,Syzygium petrinense,Revisar,Coinciden rWCVP y WFO; GBIF sin resultado
Syzygium.coriaceum,Syzygium coriaceum,Syzygium coriaceum,Syzygium coriaceum,Coinciden,Coinciden las tres fuentes
Syzygium.glomeratum,Syzygium glomeratum,Syzygium glomeratum,Syzygium glomeratum,Coinciden,Coinciden las tres fuentes
Syzygium.commersonii,Syzygium commersonii,Syzygium commersonii,Syzygium commersonii,Coinciden,Coinciden las tres fuentes
Syzygium.wrightii,Syzygium wrightii,Syzygium wrightii,Syzygium wrightii,Coinciden,Coinciden las tres fuentes
Syzygium.mauritianum,Syzygium mauritianum,Syzygium mauritianum,Syzygium mauritianum,Coinciden,Coinciden las tres fuentes
Tabernaemontana.persicarifolia,Tabernaemontana persicariifolia,Tabernaemontana persicariifolia,Tabernaemontana persicariifolia,Coinciden,Coinciden las tres fuentes
Taenidia.integerrima,Taenidia integerrima,Taenidia integerrima,Taenidia integerrima,Coinciden,Coinciden las tres fuentes
Tanacetum.vulgare,Tanacetum vulgare,Tanacetum vulgare,Tanacetum vulgare,Coinciden,Coinciden las tres fuentes
Tarasa.humilis.,Tarasa humilis,Tarasa humilis,Tarasa humilis,Coinciden,Coinciden las tres fuentes
Taraxacum.japonicum,Taraxacum japonicum,Taraxacum japonicum,Taraxacum japonicum,Coinciden,Coinciden las tres fuentes
Taraxacum.sp1.M.PL.014,,,,Revisar,Sin resultados en las tres fuentes
Taraxacum.sp1.M.PL.024,,,,Revisar,Sin resultados en las tres fuentes
Taraxacum.phymatocarpum,Taraxacum phymatocarpum,Taraxacum phymatocarpum,Taraxacum phymatocarpum,Coinciden,Coinciden las tres fuentes
Taraxacum.hondoense,Taraxacum platycarpum subsp. hondoense,Taraxacum platycarpum subsp. hondoense,,Revisar,Coinciden GBIF y rWCVP; WFO sin resultado
Taraxacum.officinale,Taraxacum officinale,Taraxacum sect. Taraxacum,,Revisar,Falta resultado en una o más fuentes
Taraxacum.arctogenum,Taraxacum ceratophorum,Taraxacum ceratophorum,Taraxacum arctogenum,Revisar,Coinciden GBIF y rWCVP; WFO es diferente
Tecoma.radicans,Campsis radicans,Campsis radicans,Campsis radicans,Coinciden,Coinciden las tres fuentes
Tephrosia.virginiana,Tephrosia virginiana,Tephrosia virginiana,Tephrosia virginiana,Coinciden,Coinciden las tres fuentes
Tepualia.stipularis,Tepualia stipularis,Metrosideros stipularis,Metrosideros stipularis,Revisar,Coinciden rWCVP y WFO; GBIF es diferente
Ternstroemia.crassifolia,Ternstroemia crassifolia,Ternstroemia crassifolia,Ternstroemia crassifolia,Coinciden,Coinciden las tres fuentes
Tetraglochin.alatum,Margyricarpus alatus,Tetraglochin alata,,Revisar,Falta resultado en una o más fuentes
Tetramerium.nervosum,Tetramerium nervosum,Tetramerium nervosum,Tetramerium nervosum,Coinciden,Coinciden las tres fuentes
Tetrazygia.angustifolia,Miconia angustifolia,Miconia angustifolia,Miconia angustifolia,Coinciden,Coinciden las tres fuentes
Teucrium.polium,Teucrium polium,Teucrium polium,Teucrium polium,Coinciden,Coinciden las tres fuentes
Teucrium.canadense,Teucrium canadense,Teucrium canadense,Teucrium canadense,Coinciden,Coinciden las tres fuentes
Thalia.geniculata,Thalia geniculata,Thalia geniculata,Thalia geniculata,Coinciden,Coinciden las tres fuentes
Thalictrum.filamentosum.tenerum,Thalictrum tuberiferum,Thalictrum tuberiferum var. tuberiferum,Thalictrum filamentosum,Revisar,Los tres nombres aceptados son diferentes
Thalictrum.fendleri,Thalictrum fendleri,Thalictrum fendleri,Thalictrum fendleri,Coinciden,Coinciden las tres fuentes
Thalictrum.thalictroides,Thalictrum thalictroides,Anemonella thalictroides,Anemonella thalictroides,Revisar,Coinciden rWCVP y WFO; GBIF es diferente
Thalictrum.dasycarpum,Thalictrum dasycarpum,Thalictrum dasycarpum,Thalictrum dasycarpum,Coinciden,Coinciden las tres fuentes
Thapsia.garganica,Thapsia garganica,Thapsia garganica,Thapsia garganica,Coinciden,Coinciden las tres fuentes
Thaspium.aureum.trifoliatum,Thaspium trifoliatum,Thaspium trifoliatum,Zizia aurea,Revisar,Coinciden GBIF y rWCVP; WFO es diferente
Thaspium.aureum.atropurpurem,,Thaspium trifoliatum var. trifoliatum,Zizia aurea,Revisar,Falta resultado en una o más fuentes
Thelesperma.megapotamicum,Thelesperma megapotamicum,Thelesperma megapotamicum,Thelesperma megapotamicum,Coinciden,Coinciden las tres fuentes
Thermopsis.montana,Thermopsis montana,Thermopsis montana,Thermopsis montana,Coinciden,Coinciden las tres fuentes
Thespesia.populnea,Thespesia populnea,Thespesia populnea,Thespesia populnea,Coinciden,Coinciden las tres fuentes
Thunbergia.fragrans,Thunbergia fragrans,Thunbergia fragrans,Thunbergia fragrans,Coinciden,Coinciden las tres fuentes
Thymelaea.hirsuta,Thymelaea hirsuta,Thymelaea hirsuta,Thymelaea hirsuta,Coinciden,Coinciden las tres fuentes
Thymelaea.tartonraira,Thymelaea tartonraira,Thymelaea tarton-raira,Thymelaea tarton-raira,Revisar,Coinciden rWCVP y WFO; GBIF es diferente
Thymus.mastichina,Thymus mastichina,Thymus mastichina,Thymus mastichina,Coinciden,Coinciden las tres fuentes
Thymus.capitatus,,,Thymbra capitata,Revisar,Falta resultado en una o más fuentes
Tiarella.cordifolia.collina,Tiarella cordifolia,Tiarella cordifolia,Tiarella cordifolia,Coinciden,Coinciden las tres fuentes
Tibouchina.fraterna,Tibouchina fraterna,Tibouchina fraterna,Tibouchina fraterna,Coinciden,Coinciden las tres fuentes
Tilia.japonica,Tilia japonica,Tilia japonica,Tilia japonica,Coinciden,Coinciden las tres fuentes
Tilia.miqueliana,Tilia miqueliana,Tilia miqueliana,Tilia miqueliana,Coinciden,Coinciden las tres fuentes
Tilia.americana,Tilia americana,Tilia americana,Tilia americana,Coinciden,Coinciden las tres fuentes
Tillandsia.tenuifolia,Tillandsia tenuifolia,Tillandsia tenuifolia,Tillandsia tenuifolia,Coinciden,Coinciden las tres fuentes
Tillandsia.geminifolia,,Lemeltonia monadelpha,Lemeltonia monadelpha,Revisar,Coinciden rWCVP y WFO; GBIF sin resultado
Timonius.sechellensis,Timonius flavescens,Timonius flavescens,Timonius flavescens,Coinciden,Coinciden las tres fuentes
Tococa.nitens,Miconia nitens,Miconia nitens,Miconia nitens,Coinciden,Coinciden las tres fuentes
Toddalia.asiatica,Zanthoxylum asiaticum,Zanthoxylum asiaticum,Zanthoxylum asiaticum,Coinciden,Coinciden las tres fuentes
Tolpis.webbii,Tolpis webbii,Tolpis webbii,Tolpis webbii,Coinciden,Coinciden las tres fuentes
Tordylium.apulum,Tordylium apulum,Tordylium apulum,Tordylium apulum,Coinciden,Coinciden las tres fuentes
Torilis.japonica,Torilis japonica,Torilis japonica,Torilis japonica,Coinciden,Coinciden las tres fuentes
Tournefortia.psilostachya,Myriopus psilostachya,Myriopus psilostachya,Myriopus psilostachya,Coinciden,Coinciden las tres fuentes
Tournefortia.rufo-sericea,Tournefortia rufosericea,Tournefortia rufosericea,Tournefortia rufo-sericea,Revisar,Coinciden GBIF y rWCVP; WFO es diferente
Tradescantia.brevicaulis,Tradescantia virginiana,Tradescantia virginiana,Tradescantia virginiana,Coinciden,Coinciden las tres fuentes
Tradescantia.zebrina,Tradescantia zebrina,Tradescantia zebrina,Tradescantia zebrina,Coinciden,Coinciden las tres fuentes
Tradescantia.ohiensis,Tradescantia ohiensis,Tradescantia ohiensis,Tradescantia ohiensis,Coinciden,Coinciden las tres fuentes
Tradescantia.virginiana,Tradescantia virginiana,Tradescantia virginiana,Tradescantia virginiana,Coinciden,Coinciden las tres fuentes
Tradescantia.pilosa,Tradescantia pilosa,,Cyanotis pilosa,Revisar,Falta resultado en una o más fuentes
Tragopogon.porrifolius,Tragopogon porrifolius,,Tragopogon porrifolius,Revisar,Coinciden GBIF y WFO; rWCVP sin resultado
Trema.orientalis,Trema orientale,Trema orientale,Trema orientale,Coinciden,Coinciden las tres fuentes
Tremastelma.palestinum,,Lomelosia palaestina,Lomelosia palestina,Revisar,Falta resultado en una o más fuentes
Trfolium.sp1.M.PL.046,,,,Revisar,Sin resultados en las tres fuentes
Tribulus.cistoides,Tribulus cistoides,Tribulus cistoides,Tribulus cistoides,Coinciden,Coinciden las tres fuentes
Trichocereus.chiloensis,Leucostele chiloensis subsp. chiloensis,Leucostele chiloensis,Leucostele chiloensis,Revisar,Coinciden rWCVP y WFO; GBIF es diferente
Tricyrtis.hirta,Tricyrtis hirta,Tricyrtis hirta,Tricyrtis hirta,Coinciden,Coinciden las tres fuentes
Trientalis.europaea,,Lysimachia europaea,Lysimachia europaea,Revisar,Coinciden rWCVP y WFO; GBIF sin resultado
Trientalis.borealis,Lysimachia borealis,Lysimachia borealis,Lysimachia borealis,Coinciden,Coinciden las tres fuentes
Trifolium.dubium,Trifolium dubium,Trifolium dubium,Trifolium dubium,Coinciden,Coinciden las tres fuentes
Trifolium.dasyphyllum,Trifolium dasyphyllum,Trifolium dasyphyllum,Trifolium dasyphyllum,Coinciden,Coinciden las tres fuentes
Trifolium.repens,Trifolium repens,Trifolium repens,Trifolium repens,Coinciden,Coinciden las tres fuentes
Trifolium.hybridum,Trifolium hybridum,Trifolium hybridum,Trifolium hybridum,Coinciden,Coinciden las tres fuentes
Trifolium.stellatum,Trifolium stellatum,Trifolium stellatum,Trifolium stellatum,Coinciden,Coinciden las tres fuentes
Trifolium.campestre,Trifolium campestre,,Trifolium campestre,Revisar,Coinciden GBIF y WFO; rWCVP sin resultado
Trifolium.pratense,Trifolium pratense,Trifolium pratense,Trifolium pratense,Coinciden,Coinciden las tres fuentes
Trifolium.arvense,Trifolium arvense,Trifolium arvense,Trifolium arvense,Coinciden,Coinciden las tres fuentes
Trifolium.reflexum,Trifolium reflexum,,Trifolium reflexum,Revisar,Coinciden GBIF y WFO; rWCVP sin resultado
Trigonotis.brevipes,Trigonotis brevipes,Trigonotis brevipes,,Revisar,Coinciden GBIF y rWCVP; WFO sin resultado
Trillium.sessile,Trillium sessile,Trillium sessile,Trillium sessile,Coinciden,Coinciden las tres fuentes
Trillium.catesbei,,Trillium catesbaei,Trillium catesbaei,Revisar,Coinciden rWCVP y WFO; GBIF sin resultado
Trillium.undulatum,Trillium undulatum,Trillium undulatum,Trillium undulatum,Coinciden,Coinciden las tres fuentes
Triosteum.perfoliatum,Triosteum perfoliatum,Triosteum perfoliatum,Triosteum perfoliatum,Coinciden,Coinciden las tres fuentes
Tripleurospermum.inodorum,Tripleurospermum inodorum,Tripleurospermum inodorum,Tripleurospermum inodorum,Coinciden,Coinciden las tres fuentes
Tripterospermum.japonicum,Tripterospermum trinervium,Tripterospermum trinervium,Tripterospermum trinervium,Coinciden,Coinciden las tres fuentes
Tristagama.sessile,,Tristagma sessile,Ipheion sessile,Revisar,Falta resultado en una o más fuentes
Tristagama.bivalve,,Tristagma bivalve,Tristagma bivalve,Revisar,Coinciden rWCVP y WFO; GBIF sin resultado
Tristagama.nivale,,Tristagma nivale,Tristagma nivale,Revisar,Coinciden rWCVP y WFO; GBIF sin resultado
Tristerix.corymbosus,Tristerix corymbosus,Tristerix corymbosus,Tristerix corymbosus,Coinciden,Coinciden las tres fuentes
Tristhema.mauritiana,,Tristemma mauritianum,Tristagma nivale,Revisar,Falta resultado en una o más fuentes
Trixis.stricta,,,Criscia stricta,Revisar,Falta resultado en una o más fuentes
Trochetia.blackburniana,Ruizia blackburniana,Ruizia blackburniana,Ruizia blackburniana,Coinciden,Coinciden las tres fuentes
Trollius.europaeus,Trollius europaeus,Trollius europaeus,Trollius europaeus,Coinciden,Coinciden las tres fuentes
Trollius.hondoensis,Trollius hondoensis,Trollius hondoensis,Trollius hondoensis,Coinciden,Coinciden las tres fuentes
Tropaeolum.polyphyllum,Tropaeolum polyphyllum,Tropaeolum polyphyllum,Tropaeolum polyphyllum,Coinciden,Coinciden las tres fuentes
Tropaeolum.sessilifolium,Tropaeolum sessilifolium,Tropaeolum sessilifolium,Tropaeolum sessilifolium,Coinciden,Coinciden las tres fuentes
Tropaeolum.tricolor,Tropaeolum tricolor,Tropaeolum tricolor,Tropaeolum tricolor,Coinciden,Coinciden las tres fuentes
Turnera.pinnatifida,Turnera sidoides subsp. pinnatifida,Turnera sidoides subsp. pinnatifida,Turnera sidoides subsp. pinnatifida,Coinciden,Coinciden las tres fuentes
Turnera.angustifolia,Turnera ulmifolia,Turnera ulmifolia var. angustifolia,Turnera ulmifolia var. angustifolia,Revisar,Coinciden rWCVP y WFO; GBIF es diferente
Turnera.ulmifolia,Turnera ulmifolia,Turnera ulmifolia,Turnera ulmifolia,Coinciden,Coinciden las tres fuentes
Turraea.rigida,Turraea rigida,Turraea rigida,Turraea rigida,Coinciden,Coinciden las tres fuentes
Typha.angustifolia,Typha angustifolia,Typha angustifolia,Typha angustifolia,Coinciden,Coinciden las tres fuentes
Tyttnera.scabra,,Ayenia scabra,Ayenia scabra,Revisar,Coinciden rWCVP y WFO; GBIF sin resultado
Ugni.candollei,Ugni candollei,Ugni candollei,Ugni candollei,Coinciden,Coinciden las tres fuentes
Ugni.molinae,Ugni molinae,Ugni molinae,Ugni molinae,Coinciden,Coinciden las tres fuentes
Ulex.parviflorus,Ulex parviflorus,Ulex parviflorus,Ulex parviflorus,Coinciden,Coinciden las tres fuentes
Ulex.minor,Ulex minor,Ulex minor,Ulex minor,Coinciden,Coinciden las tres fuentes
Ulmus.davidiana,Ulmus davidiana,Ulmus davidiana,Ulmus davidiana,Coinciden,Coinciden las tres fuentes
Ulmus.fulva,Ulmus rubra,Ulmus rubra,Ulmus rubra,Coinciden,Coinciden las tres fuentes
Ulmus.americana,Ulmus americana,Ulmus americana,Ulmus americana,Coinciden,Coinciden las tres fuentes
Urechites.lutea,Pentalinon luteum,Pentalinon luteum,Pentalinon luteum,Coinciden,Coinciden las tres fuentes
Urginea.maritima,Drimia maritima,Drimia maritima,Squilla maritima,Revisar,Coinciden GBIF y rWCVP; WFO es diferente
Urospermum.picrioides,,Urospermum picroides,Urospermum picroides,Revisar,Coinciden rWCVP y WFO; GBIF sin resultado
Uvularia.sessilifolia,Uvularia sessilifolia,Uvularia sessilifolia,Uvularia sessilifolia,Coinciden,Coinciden las tres fuentes
Uvularia.grandiflora,Uvularia grandiflora,Uvularia grandiflora,Uvularia grandiflora,Coinciden,Coinciden las tres fuentes
Vaccinium.myrtilloides,Vaccinium myrtilloides,,Vaccinium myrtilloides,Revisar,Coinciden GBIF y WFO; rWCVP sin resultado
Vaccinium.wrightii,Vaccinium wrightii,,Vaccinium wrightii,Revisar,Coinciden GBIF y WFO; rWCVP sin resultado
Vaccinium.vitis-idaea,Vaccinium vitis-idaea,Vaccinium vitis-idaea,Vaccinium vitis-idaea,Coinciden,Coinciden las tres fuentes
Vaccinium.uliginosum,Vaccinium uliginosum,Vaccinium uliginosum,Vaccinium uliginosum,Coinciden,Coinciden las tres fuentes
Vaccinium.puberulum,Vaccinium puberulum,Vaccinium puberulum,Vaccinium puberulum,Coinciden,Coinciden las tres fuentes
Vaccinium.euryanthum,Vaccinium euryanthum,Vaccinium euryanthum,Vaccinium euryanthum,Coinciden,Coinciden las tres fuentes
Vaccinium.myrtillus,Vaccinium myrtillus,Vaccinium myrtillus,Vaccinium myrtillus,Coinciden,Coinciden las tres fuentes
Vaccinium.oldhami,Vaccinium oldhamii,Vaccinium oldhamii,Vaccinium oldhamii,Coinciden,Coinciden las tres fuentes
Valeriana.polystachya,Valeriana polystachya,Valeriana polystachya,Valeriana polystachya,Coinciden,Coinciden las tres fuentes
Valeriana.edulis,Valeriana edulis,Valeriana edulis,Valeriana edulis,Coinciden,Coinciden las tres fuentes
Valeriana.radicalis,Valeriana radicalis,Valeriana radicalis,Valeriana radicalis,Coinciden,Coinciden las tres fuentes
Valeriana.flaccidissima,Valeriana flaccidissima,Valeriana flaccidissima,Valeriana flaccidissima,Coinciden,Coinciden las tres fuentes
Valeriana.fauriei,Valeriana fauriei,Valeriana fauriei,Valeriana fauriei,Coinciden,Coinciden las tres fuentes
Valeriana.officinalis,Valeriana officinalis,Valeriana officinalis,Valeriana officinalis,Coinciden,Coinciden las tres fuentes
Valeriana.gracileps,,Valeriana gracilipes,Valeriana gracilipes,Revisar,Coinciden rWCVP y WFO; GBIF sin resultado
Valerianella.radiata,Valerianella radiata,Valeriana woodsiana,,Revisar,Falta resultado en una o más fuentes
Vallesia.glabra,Vallesia glabra,Vallesia glabra,Vallesia glabra,Coinciden,Coinciden las tres fuentes
Veratrum.album.oxysepalum,Veratrum oxysepalum,Veratrum oxysepalum,Veratrum album,Revisar,Coinciden GBIF y rWCVP; WFO es diferente
Veratrum.maackii,Veratrum maackii,Veratrum maackii,Veratrum maackii,Coinciden,Coinciden las tres fuentes
Verbascum.thapsis,,Verbascum thapsus,Verbascum thapsus,Revisar,Coinciden rWCVP y WFO; GBIF sin resultado
Verbascum.undulatum,Verbascum undulatum,,Verbascum undulatum,Revisar,Coinciden GBIF y WFO; rWCVP sin resultado
Verbascum.thapsus,Verbascum thapsus,Verbascum thapsus,Verbascum thapsus,Coinciden,Coinciden las tres fuentes
Verbena.angustifolia,,,Stachytarpheta indica,Revisar,Falta resultado en una o más fuentes
Verbena.scoparia,,,Verbena stricta,Revisar,Falta resultado en una o más fuentes
Verbena.intermedia,Verbena intermedia,,Verbena intermedia,Revisar,Coinciden GBIF y WFO; rWCVP sin resultado
Verbena.bracteosa,Verbena bracteata,Verbena bracteata,Verbena bracteata,Coinciden,Coinciden las tres fuentes
Verbena.urticifolia,Verbena urticifolia,Verbena urticifolia,Verbena urticifolia,Coinciden,Coinciden las tres fuentes
Verbena.hastata,Verbena hastata,Verbena hastata,Verbena hastata,Coinciden,Coinciden las tres fuentes
Verbena.stricta,Verbena stricta,Verbena stricta,Verbena stricta,Coinciden,Coinciden las tres fuentes
Verbesina.alternifolia,Verbesina alternifolia,,Verbesina alternifolia,Revisar,Coinciden GBIF y WFO; rWCVP sin resultado
Verbesina.helianthoides,Verbesina helianthoides,,Verbesina helianthoides,Revisar,Coinciden GBIF y WFO; rWCVP sin resultado
Vernonia.bolivariensis,,Lepidaploa bolivarensis,Lepidaploa bolivarensis,Revisar,Coinciden rWCVP y WFO; GBIF sin resultado
Vernonia.echioides,Vernonia echioides,Vernonia echioides,Vernonia echioides,Coinciden,Coinciden las tres fuentes
Vernonia.sp1.M.PL.041,,,,Revisar,Sin resultados en las tres fuentes
Vernonia.fasciculata,Vernonia fasciculata,,Vernonia fasciculata,Revisar,Coinciden GBIF y WFO; rWCVP sin resultado
Vernonia.cinerea,Cyanthillium cinereum,Cyanthillium cinereum,Cyanthillium cinereum,Coinciden,Coinciden las tres fuentes
Veronica.persica,Veronica persica,Veronica persica,Veronica persica,Coinciden,Coinciden las tres fuentes
Veronica.agrestis,Veronica agrestis,Veronica agrestis,Veronica agrestis,Coinciden,Coinciden las tres fuentes
Veronica.chamaedrys,Veronica chamaedrys,Veronica chamaedrys,Veronica chamaedrys,Coinciden,Coinciden las tres fuentes
Veronica.rotunda,Veronica rotunda,Veronica rotunda,Veronica rotunda,Coinciden,Coinciden las tres fuentes
Veronica.peregrina,Veronica peregrina,Veronica peregrina,Veronica peregrina,Coinciden,Coinciden las tres fuentes
Veronica.virginica,Veronicastrum virginicum,Veronicastrum virginicum,Veronicastrum virginicum,Coinciden,Coinciden las tres fuentes
Veronica.beccabunga,Veronica beccabunga,Veronica beccabunga,Veronica beccabunga,Coinciden,Coinciden las tres fuentes
Veronica.arvensis,Veronica arvensis,Veronica arvensis,Veronica arvensis,Coinciden,Coinciden las tres fuentes
Veronica.serpyllifolia,Veronica serpyllifolia,Veronica serpyllifolia,Veronica serpyllifolia,Coinciden,Coinciden las tres fuentes
Veronicastrum.sibiricum,Veronicastrum sibiricum,Veronicastrum sibiricum,Veronicastrum sibiricum,Coinciden,Coinciden las tres fuentes
Veronicastrum.sibiricum.japonicum,Veronicastrum japonicum,Veronicastrum sibiricum f. glabratum,Veronicastrum sibiricum,Revisar,Los tres nombres aceptados son diferentes
Viburnum.suspensum,Viburnum suspensum,Viburnum suspensum,Viburnum suspensum,Coinciden,Coinciden las tres fuentes
Viburnum.furcatum,Viburnum furcatum,Viburnum furcatum,Viburnum furcatum,Coinciden,Coinciden las tres fuentes
Viburnum.prunifolium,Viburnum prunifolium,Viburnum prunifolium,Viburnum prunifolium,Coinciden,Coinciden las tres fuentes
Viburnum.dilatatum,Viburnum dilatatum,Viburnum dilatatum,Viburnum dilatatum,Coinciden,Coinciden las tres fuentes
Viburnum.phlebotricum,,Viburnum phlebotrichum,Viburnum phlebotrichum,Revisar,Coinciden rWCVP y WFO; GBIF sin resultado
Viburnum.erosum,Viburnum erosum,Viburnum erosum,Viburnum erosum,Coinciden,Coinciden las tres fuentes
Viburnum.opulus.,Viburnum opulus,Viburnum opulus,Viburnum opulus,Coinciden,Coinciden las tres fuentes
Viburnum.plicatum,Viburnum plicatum,Viburnum plicatum,Viburnum plicatum,Coinciden,Coinciden las tres fuentes
Viburnum.pubescens,Viburnum dentatum,Viburnum dentatum,Viburnum dentatum,Coinciden,Coinciden las tres fuentes
Vicea.lutea,,,Vicia lutea,Revisar,Falta resultado en una o más fuentes
Vicia.hirsuta,Vicia hirsuta,Vicia hirsuta,Vicia hirsuta,Coinciden,Coinciden las tres fuentes
Vicia.sepium,Vicia sepium,Vicia sepium,Vicia sepium,Coinciden,Coinciden las tres fuentes
Vicia.nigricans,Vicia nigricans,,Vicia nigricans,Revisar,Coinciden GBIF y WFO; rWCVP sin resultado
Vicia.cracca,Vicia cracca,Vicia cracca,Vicia cracca,Coinciden,Coinciden las tres fuentes
Vicia.venosa,Vicia venosa,Vicia venosa,Vicia venosa,Coinciden,Coinciden las tres fuentes
Vicia.unijuga,Vicia unijuga,Vicia unijuga,Vicia unijuga,Coinciden,Coinciden las tres fuentes
Vicia.sativa,Vicia sativa,Vicia sativa,Vicia sativa,Coinciden,Coinciden las tres fuentes
Vigna.luteola,Vigna luteola,Vigna luteola,Vigna luteola,Coinciden,Coinciden las tres fuentes
Vigna.marina,Vigna marina,Vigna marina,Vigna marina,Coinciden,Coinciden las tres fuentes
Viola.riviniana,Viola riviniana,Viola riviniana,Viola riviniana,Coinciden,Coinciden las tres fuentes
Viola.pedatifida,Viola pedatifida,Viola pedatifida,Viola pedatifida,Coinciden,Coinciden las tres fuentes
Viola.vaginata,Viola vaginata,Viola vaginata,Viola vaginata,Coinciden,Coinciden las tres fuentes
Viola.philippii,Viola philippii,Viola microphylla,,Revisar,Falta resultado en una o más fuentes
Viola.papilionacea,Viola sororia,Viola affinis,Viola sororia,Revisar,Coinciden GBIF y WFO; rWCVP es diferente
Viola.sagittata,Viola sagittata,Viola sagittata,Viola sagittata,Coinciden,Coinciden las tres fuentes
Viola.grypoceras,Viola grypoceras,Viola grypoceras,Viola grypoceras,Coinciden,Coinciden las tres fuentes
Viola.pseudo-japonica,Viola philippica subsp. malesica,Viola philippica var. pseudojaponica,Viola philippica var. pseudojaponica,Revisar,Coinciden rWCVP y WFO; GBIF es diferente
Viola.mandshurica,Viola mandshurica,Viola mandshurica,Viola mandshurica,Coinciden,Coinciden las tres fuentes
Viola.hondoensis,Viola hondoensis,Viola hondoensis,Viola hondoensis,Coinciden,Coinciden las tres fuentes
Viola.striata,Viola striata,Viola striata,Viola striata,Coinciden,Coinciden las tres fuentes
Viola.cunninghamii,Viola cunninghamii,Viola cunninghamii,Viola cunninghamii,Coinciden,Coinciden las tres fuentes
Viola.verecunda,Viola hamiltoniana,Viola hamiltoniana,Viola hamiltoniana,Coinciden,Coinciden las tres fuentes
Viola.pubescens,Viola pubescens,Viola pubescens,Viola pubescens,Coinciden,Coinciden las tres fuentes
Viola.montagnei,Viola montagnei,Viola montagnei,Viola montagnei,Coinciden,Coinciden las tres fuentes
Viola.pedata,Viola pedata,Viola pedata,Viola pedata,Coinciden,Coinciden las tres fuentes
Viola.kusanoana,Viola kusanoana,Viola kusanoana,Viola kusanoana,Coinciden,Coinciden las tres fuentes
Viola.orientalis,Viola orientalis,Viola orientalis,Viola orientalis,Coinciden,Coinciden las tres fuentes
Viola.cucullata,Viola cucullata,Viola cucullata,Viola cucullata,Coinciden,Coinciden las tres fuentes
Viola.biflora,Viola biflora,Viola biflora,Viola biflora,Coinciden,Coinciden las tres fuentes
Viola.atropurpurea,Viola atropurpurea,,Viola atropurpurea,Revisar,Coinciden GBIF y WFO; rWCVP sin resultado
Vismia.lauriformis,Vismia lauriformis,Vismia lauriformis,Vismia lauriformis,Coinciden,Coinciden las tres fuentes
Vitex.rotundifolia,Vitex rotundifolia,Vitex rotundifolia,Vitex rotundifolia,Coinciden,Coinciden las tres fuentes
Vitex.cannabifolia,Vitex negundo var. negundo,Vitex negundo var. negundo,Vitex negundo var. negundo,Coinciden,Coinciden las tres fuentes
Vitis.vulpina,Vitis vulpina,Vitis vulpina,Vitis vulpina,Coinciden,Coinciden las tres fuentes
Vitis.cordifolia,Vitis cordifolia,,Vitis vulpina,Revisar,Falta resultado en una o más fuentes
Vriesea.psittacina,Vriesea psittacina,Vriesea psittacina,Vriesea psittacina,Coinciden,Coinciden las tres fuentes
Vriesea.heterostachys,Vriesea heterostachys,Vriesea heterostachys,Vriesea heterostachys,Coinciden,Coinciden las tres fuentes
Vriesea.platynema,Vriesea platynema,Vriesea platynema,Vriesea platynema,Coinciden,Coinciden las tres fuentes
Vriesea.gracilior,Vriesea gracilior,Vriesea gracilior,Vriesea gracilior,Coinciden,Coinciden las tres fuentes
Vriesea.altodaserrae,Vriesea altodaserrae,Vriesea altodaserrae,Vriesea altodaserrae,Coinciden,Coinciden las tres fuentes
Vriesea.guttata,Vriesea guttata,Vriesea guttata,Vriesea guttata,Coinciden,Coinciden las tres fuentes
Vriesea.simplex,Vriesea simplex,Vriesea simplex,Vriesea simplex,Coinciden,Coinciden las tres fuentes
Vriesea.hoehneana,Vriesea hoehneana,Vriesea hoehneana,Vriesea hoehneana,Coinciden,Coinciden las tres fuentes
VVedelia.biflora,,,Wollastonia biflora,Revisar,Falta resultado en una o más fuentes
Wahlenbergia.ceracea,Wahlenbergia ceracea,Wahlenbergia ceracea,Wahlenbergia ceracea,Coinciden,Coinciden las tres fuentes
Wahlenbergia.albomarginata,Wahlenbergia albomarginata,Wahlenbergia albomarginata,Wahlenbergia albomarginata,Coinciden,Coinciden las tres fuentes
Wallenia.laurifolia,Wallenia laurifolia,Wallenia laurifolia,Wallenia laurifolia,Coinciden,Coinciden las tres fuentes
Waltheria.ovata,Waltheria ovata,Waltheria ovata,Waltheria ovata,Coinciden,Coinciden las tres fuentes
Waltheria.indica,Waltheria indica,Waltheria indica,Waltheria indica,Coinciden,Coinciden las tres fuentes
Warneckea.trinervis,Warneckea trinervis,Warneckea trinervis,Warneckea trinervis,Coinciden,Coinciden las tres fuentes
Wedelia.calycina,Wedelia calycina,Wedelia calycina,Wedelia calycina,Coinciden,Coinciden las tres fuentes
Wedelia.trilobata,Wedelia trilobata,Sphagneticola trilobata,Sphagneticola trilobata,Revisar,Coinciden rWCVP y WFO; GBIF es diferente
Weigela.decora,Weigela decora,Weigela decora,Weigela decora,Coinciden,Coinciden las tres fuentes
Weigela.japonica,Weigela japonica,Weigela japonica,Weigela japonica,Coinciden,Coinciden las tres fuentes
Weigela.hortensis,Weigela hortensis,Weigela hortensis,,Revisar,Coinciden GBIF y rWCVP; WFO sin resultado
Wendtandia.formosana,,Wendlandia formosana,Wendlandia formosana,Revisar,Coinciden rWCVP y WFO; GBIF sin resultado
Werneria.pygmaea,Rockhausenia pygmaea,Rockhausenia pygmaea,Werneria pygmaea,Revisar,Coinciden GBIF y rWCVP; WFO es diferente
Wigginsia.tephracantha,Parodia erinacea,Parodia erinaceus,Parodia erinacea,Revisar,Coinciden GBIF y WFO; rWCVP es diferente
Wikstroemia.indica,Wikstroemia indica,Wikstroemia indica,Wikstroemia indica,Coinciden,Coinciden las tres fuentes
Wisteria.floribunda,Wisteria floribunda,Wisteria floribunda,Wisteria floribunda,Coinciden,Coinciden las tres fuentes
Wittrochia.cyathiformis,,Wittrockia cyathiformis,Wittrockia cyathiformis,Revisar,Coinciden rWCVP y WFO; GBIF sin resultado
Xylopia.lamarckii,Xylopia lamarckii,Xylopia lamarckii,Xylopia lamarckii,Coinciden,Coinciden las tres fuentes
Xyris.laxifolia,Xyris laxifolia,Xyris laxifolia,Xyris laxifolia,Coinciden,Coinciden las tres fuentes
Xyris.sp1.M.PL.069,,,,Revisar,Sin resultados en las tres fuentes
Xyris.setigera,Xyris setigera,Xyris setigera,Xyris setigera,Coinciden,Coinciden las tres fuentes
Xyris.sp1.M.PL.071,,,,Revisar,Sin resultados en las tres fuentes
Xyris.savanensis,Xyris savanensis,Xyris savanensis,Xyris savanensis,Coinciden,Coinciden las tres fuentes
Xysmalobium.gerrardii,Xysmalobium gerrardii,Xysmalobium gerrardii,Xysmalobium gerrardii,Coinciden,Coinciden las tres fuentes
Xysmalobium.involucratum,Xysmalobium involucratum,Xysmalobium involucratum,Xysmalobium involucratum,Coinciden,Coinciden las tres fuentes
Youngia.denticulata,Youngia denticulata,Crepidiastrum denticulatum,Crepidiastrum denticulatum,Revisar,Coinciden rWCVP y WFO; GBIF es diferente
Youngia.japonica,Youngia japonica,Youngia japonica,Youngia japonica,Coinciden,Coinciden las tres fuentes
Zanthoxylum.americanum,Zanthoxylum americanum,Zanthoxylum americanum,Zanthoxylum americanum,Coinciden,Coinciden las tres fuentes
Zea.mays,Zea mays,Zea mays,Zea mays,Coinciden,Coinciden las tres fuentes
Zizia.aurea,Zizia aurea,Zizia aurea,Zizia aurea,Coinciden,Coinciden las tres fuentes
