EM_ID,UCMC,Date,Year,Month,Ordinal day,Site,Plot,Plant,Plant species name,Plant common name,Plant family,Insect Order,Insect family,Insect species name,Insect notes,Notes,PA
EM01145,UCMC 0234895,8/20/15,2015,8,232,Elk M.,2,ACHMIL,Achillea millefolium,Common Yarrow,Asteraceae,Hymenoptera,Halictidae,Agapostemon angelicus/texanus,female. can't distunguish species morphologically,,1
EM01144,UCMC 0234894,8/20/15,2015,8,232,Elk M.,4,ACHMIL,Achillea millefolium,Common Yarrow,Asteraceae,Hymenoptera,Halictidae,Agapostemon angelicus/texanus,female. can't distunguish species morphologically,,1
EM01130,UCMC 0234880,8/20/15,2015,8,232,Elk M.,2,ACHMIL,Achillea millefolium,Common Yarrow,Asteraceae,Hymenoptera,Halictidae,Agapostemon angelicus/texanus,male angelicus,,1
EM01423,,7/29/16,2016,7,211,Elk M.,2,ACHMIL,Achillea millefolium,Common Yarrow,Asteraceae,Hymenoptera,Apidae,Bombus bifarius,female,,1
EM01775,,9/20/17,2017,9,263,Elk M.,3,ACHMIL,Achillea millefolium,Common Yarrow,Asteraceae,Hymenoptera,Halictidae,Lasioglossum (Dialictus) aff. knereri,female,,1
EM01464,,8/26/16,2016,8,239,Elk M.,5,ACHMIL,Achillea millefolium,Common Yarrow,Asteraceae,Hymenoptera,Halictidae,Lasioglossum sp.,Lasioglossum (Dialictus) mixed spp.; male,,1
EM02092,,9/22/19,2019,9,265,Elk M.,6,ACHMIL,Achillea millefolium,Common Yarrow,Asteraceae,Hymenoptera,Halictidae,Lasioglossum (Dialictus) aff. knereri,det. JR,,1
EM01570,,6/26/17,2017,6,177,Elk M.,6,ACHMIL,Achillea millefolium,Common Yarrow,Asteraceae,Hymenoptera,Megachilidae,Osmia subaustralis,female,,1
EM01655,,7/31/17,2017,7,212,Elk M.,2,ACHMIL,Achillea millefolium,Common Yarrow,Asteraceae,Hymenoptera,Colletidae,Hylaeus modestus,or affinis; female,,1
EM01680,,8/8/17,2017,8,220,Elk M.,1,ACHMIL,Achillea millefolium,Common Yarrow,Asteraceae,Hymenoptera,Apidae,Bombus mixtus,worker,,1
EM01710,,8/14/17,2017,8,226,Elk M.,5,ACHMIL,Achillea millefolium,Common Yarrow,Asteraceae,Hymenoptera,Halictidae,Lasioglossum sp.,Lasioglossum (Dialictus) mixed spp.; male,,1
EM01739,,8/30/17,2017,8,242,Elk M.,5,ACHMIL,Achillea millefolium,Common Yarrow,Asteraceae,Hymenoptera,Colletidae,Hylaeus personatellus,female,,1
EM02072,,6/11/19,2019,6,162,Elk M.,2,CYMLEM,Cymopterus lemmonii,Mountain Parsley,Apiaceae,Hymenoptera,Halictidae,Lasioglossum (Dialictus) aff. knereri,det. JR,,1
EM02109,,7/2/19,2019,7,183,Elk M.,4,CYMLEM,Cymopterus lemmonii,Mountain Parsley,Apiaceae,Hymenoptera,Halictidae,Lasioglossum (Dialictus) aff. knereri,det. JR,,1
,,9/20/17,2017,9,263,Elk M.,3,ACHMIL,Achillea millefolium,Common Yarrow,Asteraceae,Hymenoptera,Halictidae,Lasioglossum sp.,Lasioglossum (Dialictus) mixed spp.; female,,1
,,9/20/17,2017,9,263,Elk M.,3,ACHMIL,Achillea millefolium,Common Yarrow,Asteraceae,Hymenoptera,Halictidae,Lasioglossum sp.,Lasioglossum (Dialictus) mixed spp.; female,,1
EM01787,,5/31/18,2018,5,151,Elk M.,1,FRAVIR,Fragaria virginiana,Wild Strawberry,Rosaceae,Hymenoptera,Halictidae,Lasioglossum (Dialictus) aff. knereri,female,,1
EM01799,,6/5/18,2018,6,156,Elk M.,5,FRAVIR,Fragaria virginiana,Wild Strawberry,Rosaceae,Hymenoptera,Halictidae,Lasioglossum (Dialictus) aff. knereri,female,,1
EM01912,,7/11/18,2018,7,192,Elk M.,3,ACHMIL,Achillea millefolium,Common Yarrow,Asteraceae,Hymenoptera,Apidae,Bombus bifarius,worker,,1
,,7/11/18,2018,7,192,Elk M.,3,ACHMIL,Achillea millefolium,Common Yarrow,Asteraceae,Hymenoptera,Apidae,Bombus bifarius,worker,,1
EM01908,,7/11/18,2018,7,192,Elk M.,3,ACHMIL,Achillea millefolium,Common Yarrow,Asteraceae,Hymenoptera,Apidae,Bombus flavifrons,,,1
EM01969,,8/4/18,2018,8,216,Elk M.,4,ACHMIL,Achillea millefolium,Common Yarrow,Asteraceae,Hymenoptera,Apidae,Bombus insularis,male,,1
EM01989,,8/10/18,2018,8,222,Elk M.,2,ACHMIL,Achillea millefolium,Common Yarrow,Asteraceae,Hymenoptera,Apidae,Bombus sylvicola,male,,1
EM01990,,8/10/18,2018,8,222,Elk M.,4,ACHMIL,Achillea millefolium,Common Yarrow,Asteraceae,Hymenoptera,Apidae,Bombus bifarius,worker,,1
EM01990,,8/10/18,2018,8,222,Elk M.,4,ACHMIL,Achillea millefolium,Common Yarrow,Asteraceae,Hymenoptera,Apidae,Bombus bifarius,worker,,1
EM01991,,8/10/18,2018,8,222,Elk M.,5,ACHMIL,Achillea millefolium,Common Yarrow,Asteraceae,Hymenoptera,Apidae,Bombus bifarius,worker,,1
EM02030,,9/7/18,2018,9,250,Elk M.,2,ACHMIL,Achillea millefolium,Common Yarrow,Asteraceae,Hymenoptera,Halictidae,Lasioglossum (Hemihalictus) spp. ,male,,1
EM01755b,,9/6/17,2017,9,249,Elk M.,5,HETVIL,Heterotheca villosa,Hairy False Goldenaster,Asteraceae,Hymenoptera,Halictidae,Lasioglossum (Dialictus) aff. knereri,Lasioglossum (Dialictus) mixed spp.; male,,1
EM02249,,8/8/20,2020,8,221,Elk M.,4,ACHMIL,Achillea millefolium,Common Yarrow,Asteraceae,Hymenoptera,Apidae,Bombus bifarius,female,,1
EM02528,,8/4/21,2021,8,216,Elk M.,1,ACHMIL,Achillea millefolium,Common Yarrow,Asteraceae,Hymenoptera,Apidae,Bombus mixtus,female,,1
EM02605,,8/28/21,2021,8,240,Elk M.,2,ACHMIL,Achillea millefolium,Common Yarrow,Asteraceae,Hymenoptera,Apidae,Bombus bifarius,female,,1
EM00251,UCMC 0234001,7/9/15,2015,7,190,Elk M.,6,ANTROS,Antennaria rosea,Pink Pussytoes,Asteraceae,Hymenoptera,Megachilidae,Hoplitis fulgida,male,,1
EM01332,,6/24/16,2016,6,176,Elk M.,1,ANTROS,Antennaria rosea,Pink Pussytoes,Asteraceae,Hymenoptera,Andrenidae,Panurginus ineptus,female,,1
EM02036,,6/26/17,2017,6,177,Elk M.,5,POTFIS,Potentilla fissa,Big Flower Cinquefoil,Rosaceae,Hymenoptera,Halictidae,Lasioglossum (Dialictus) aff. knereri,female,,1
EM01187,UCMC 0234937,9/3/15,2015,9,246,Elk M.,1,CAMROT,Campanula rotundifolia,Harebell,Campanulaceae,Hymenoptera,Halictidae,Agapostemon angelicus/texanus,male angelicus,,1
EM02048,,7/3/17,2017,7,184,Elk M.,6,POTFIS,Potentilla fissa,Big Flower Cinquefoil,Rosaceae,Hymenoptera,Halictidae,Lasioglossum (Dialictus) aff. knereri,female,,1
EM01368,,7/8/16,2016,7,190,Elk M.,3,CAMROT,Campanula rotundifolia,Harebell,Campanulaceae,Hymenoptera,Apidae,Bombus flavifrons,,,1
EM01380,,7/15/16,2016,7,197,Elk M.,4,CAMROT,Campanula rotundifolia,Harebell,Campanulaceae,Hymenoptera,Megachilidae,Megachile melanophaea,female,,1
EM01382,,7/15/16,2016,7,197,Elk M.,4,CAMROT,Campanula rotundifolia,Harebell,Campanulaceae,Hymenoptera,Megachilidae,Megachile melanophaea,female,,1
EM01388,,7/15/16,2016,7,197,Elk M.,6,CAMROT,Campanula rotundifolia,Harebell,Campanulaceae,Hymenoptera,Megachilidae,Megachile melanophaea,female,,1
EM01391,,7/15/16,2016,7,197,Elk M.,4,CAMROT,Campanula rotundifolia,Harebell,Campanulaceae,Hymenoptera,Megachilidae,Megachile melanophaea,male,,1
EM01390,,7/15/16,2016,7,197,Elk M.,3,CAMROT,Campanula rotundifolia,Harebell,Campanulaceae,Hymenoptera,Megachilidae,Megachile frigida,,,1
EM01387,,7/15/16,2016,7,197,Elk M.,6,CAMROT,Campanula rotundifolia,Harebell,Campanulaceae,Hymenoptera,Apidae,Bombus rufocinctus,,,1
EM01407,,7/21/16,2016,7,203,Elk M.,3,CAMROT,Campanula rotundifolia,Harebell,Campanulaceae,Hymenoptera,Megachilidae,Megachile melanophaea,female,,1
EM01430,,7/29/16,2016,7,211,Elk M.,2,CAMROT,Campanula rotundifolia,Harebell,Campanulaceae,Hymenoptera,Megachilidae,Megachile melanophaea,male,,1
EM01425,,7/29/16,2016,7,211,Elk M.,1,CAMROT,Campanula rotundifolia,Harebell,Campanulaceae,Hymenoptera,Halictidae,Agapostemon angelicus/texanus,male angelicus,,1
EM01427,,7/29/16,2016,7,211,Elk M.,3,CAMROT,Campanula rotundifolia,Harebell,Campanulaceae,Hymenoptera,Apidae,Bombus rufocinctus,,,1
EM01436,,8/5/16,2016,8,218,Elk M.,1,CAMROT,Campanula rotundifolia,Harebell,Campanulaceae,Hymenoptera,Halictidae,Agapostemon angelicus/texanus,male angelicus,,1
EM01437,,8/5/16,2016,8,218,Elk M.,1,CAMROT,Campanula rotundifolia,Harebell,Campanulaceae,Hymenoptera,Halictidae,Agapostemon angelicus/texanus,male angelicus,,1
EM01440,,8/5/16,2016,8,218,Elk M.,3,CAMROT,Campanula rotundifolia,Harebell,Campanulaceae,Hymenoptera,Halictidae,Agapostemon angelicus/texanus,male angelicus,,1
EM01443,,8/11/16,2016,8,224,Elk M.,2,CAMROT,Campanula rotundifolia,Harebell,Campanulaceae,Hymenoptera,Halictidae,Agapostemon angelicus/texanus,male angelicus,,1
EM01442,,8/11/16,2016,8,224,Elk M.,1,CAMROT,Campanula rotundifolia,Harebell,Campanulaceae,Hymenoptera,Apidae,Bombus flavifrons,,,1
EM01463b,,8/26/16,2016,8,239,Elk M.,4,CAMROT,Campanula rotundifolia,Harebell,Campanulaceae,Hymenoptera,Apidae,Bombus sylvicola,,,1
EM01839,,6/22/18,2018,6,173,Elk M.,1,POTFIS,Potentilla fissa,Big Flower Cinquefoil,Rosaceae,Hymenoptera,Halictidae,Lasioglossum (Dialictus) aff. knereri,female,,1
,,9/9/16,2016,9,253,Elk M.,5,CAMROT,Campanula rotundifolia,Harebell,Campanulaceae,Hymenoptera,Halictidae,Lasioglossum sp.,Lasioglossum (Dialictus) mixed spp.\,,1
EM01836,,6/22/18,2018,6,173,Elk M.,6,POTFIS,Potentilla fissa,Big Flower Cinquefoil,Rosaceae,Hymenoptera,Halictidae,Lasioglossum (Dialictus) aff. knereri,female,,1
EM02038,,7/3/17,2017,7,184,Elk M.,1,POTPUL,Potentilla pulcherrima,Beautiful Cinquefoil,Rosaceae,Hymenoptera,Halictidae,Lasioglossum (Dialictus) aff. knereri,female,,1
EM01497,,9/15/16,2016,9,259,Elk M.,3,CAMROT,Campanula rotundifolia,Harebell,Campanulaceae,Hymenoptera,Halictidae,Dufourea maura,male,,1
EM01592,,7/3/17,2017,7,184,Elk M.,4,CAMROT,Campanula rotundifolia,Harebell,Campanulaceae,Hymenoptera,Megachilidae,Megachile melanophaea,female,,1
EM01881,,7/6/18,2018,7,187,Elk M.,3,POTPUL,Potentilla pulcherrima,Beautiful Cinquefoil,Rosaceae,Hymenoptera,Halictidae,Lasioglossum (Dialictus) aff. knereri,female,,1
EM01626,,7/17/17,2017,7,198,Elk M.,4,CAMROT,Campanula rotundifolia,Harebell,Campanulaceae,Hymenoptera,Megachilidae,Megachile melanophaea,female,,1
EM01635,,7/17/17,2017,7,198,Elk M.,3,CAMROT,Campanula rotundifolia,Harebell,Campanulaceae,Hymenoptera,Halictidae,Dufourea maura,male,,1
EM01623,,7/17/17,2017,7,198,Elk M.,4,CAMROT,Campanula rotundifolia,Harebell,Campanulaceae,Hymenoptera,Megachilidae,Megachile melanophaea,male,,1
EM01641,,7/25/17,2017,7,206,Elk M.,1,CAMROT,Campanula rotundifolia,Harebell,Campanulaceae,Hymenoptera,Megachilidae,Megachile melanophaea,female,,1
EM01671,,7/31/17,2017,7,212,Elk M.,1,CAMROT,Campanula rotundifolia,Harebell,Campanulaceae,Hymenoptera,Apidae,Bombus mixtus,worker,,1
EM01923,,7/11/18,2018,7,192,Elk M.,2,POTPUL,Potentilla pulcherrima,Beautiful Cinquefoil,Rosaceae,Hymenoptera,Halictidae,Lasioglossum (Dialictus) aff. knereri,female,,1
EM01700,,8/14/17,2017,8,226,Elk M.,6,CAMROT,Campanula rotundifolia,Harebell,Campanulaceae,Hymenoptera,Apidae,Bombus mixtus,worker,,1
EM01734,,8/30/17,2017,8,242,Elk M.,2,CAMROT,Campanula rotundifolia,Harebell,Campanulaceae,Hymenoptera,Halictidae,Lasioglossum sp.,Lasioglossum (Dialictus) mixed spp.; male,,1
EM01768,,9/13/17,2017,9,256,Elk M.,3,CAMROT,Campanula rotundifolia,Harebell,Campanulaceae,Hymenoptera,Halictidae,Lasioglossum sp.,Lasioglossum (Dialictus) mixed spp.; male,,1
EM00939,UCMC 0234689,7/30/15,2015,7,211,Elk M.,1,SEDLAN,Sedum lanceolatum,Yellow Stonecrop,Crassulaceae,Hymenoptera,Halictidae,Lasioglossum (Dialictus) aff. knereri,female,,1
EM01858,,6/29/18,2018,6,180,Elk M.,4,SEDLAN,Sedum lanceolatum,Yellow Stonecrop,Crassulaceae,Hymenoptera,Halictidae,Lasioglossum (Dialictus) aff. knereri,female,,1
EM02142,,8/20/19,2019,8,232,Elk M.,4,SYMPOR,Symphyotrichum porteri,Smooth White Aster,Asteraceae,Hymenoptera,Halictidae,Lasioglossum (Dialictus) aff. knereri,det. JR,,1
EM01845,,6/29/18,2018,6,180,Elk M.,3,CAMROT,Campanula rotundifolia,Harebell,Campanulaceae,Hymenoptera,Megachilidae,Megachile melanophaea,female,,1
EM01888,,7/6/18,2018,7,187,Elk M.,4,CAMROT,Campanula rotundifolia,Harebell,Campanulaceae,Hymenoptera,Halictidae,Dufourea maura,female,,1
EM01883,,7/6/18,2018,7,187,Elk M.,6,CAMROT,Campanula rotundifolia,Harebell,Campanulaceae,Hymenoptera,Megachilidae,Megachile melanophaea,female,,1
EM01876,,7/6/18,2018,7,187,Elk M.,4,CAMROT,Campanula rotundifolia,Harebell,Campanulaceae,Hymenoptera,Megachilidae,Coelioxys sodalis,kleptoparasitic on megachille,,1
EM01884,,7/6/18,2018,7,187,Elk M.,3,CAMROT,Campanula rotundifolia,Harebell,Campanulaceae,Hymenoptera,Apidae,Bombus rufocinctus,,,1
,,7/11/18,2018,7,192,Elk M.,1,CAMROT,Campanula rotundifolia,Harebell,Campanulaceae,Hymenoptera,Megachilidae,Megachile melanophaea,female,,1
EM01906,,7/11/18,2018,7,192,Elk M.,3,CAMROT,Campanula rotundifolia,Harebell,Campanulaceae,Hymenoptera,Megachilidae,Megachile melanophaea,female,,1
EM01903,,7/11/18,2018,7,192,Elk M.,4,CAMROT,Campanula rotundifolia,Harebell,Campanulaceae,Hymenoptera,Megachilidae,Megachile frigida,female,,1
EM01909,,7/11/18,2018,7,192,Elk M.,4,CAMROT,Campanula rotundifolia,Harebell,Campanulaceae,Hymenoptera,Megachilidae,Megachile melanophaea,female,,1
EM01934,,7/20/18,2018,7,201,Elk M.,4,CAMROT,Campanula rotundifolia,Harebell,Campanulaceae,Hymenoptera,Apidae,Melissodes confusus,female,,1
EM01947,,7/25/18,2018,7,206,Elk M.,1,CAMROT,Campanula rotundifolia,Harebell,Campanulaceae,Hymenoptera,Megachilidae,Megachile melanophaea,female,,1
EM01953,,7/25/18,2018,7,206,Elk M.,1,CAMROT,Campanula rotundifolia,Harebell,Campanulaceae,Hymenoptera,Megachilidae,Megachile melanophaea,female,,1
EM01956,,7/25/18,2018,7,206,Elk M.,5,CAMROT,Campanula rotundifolia,Harebell,Campanulaceae,Hymenoptera,Megachilidae,Megachile melanophaea,male,,1
EM01946,,7/25/18,2018,7,206,Elk M.,2,CAMROT,Campanula rotundifolia,Harebell,Campanulaceae,Hymenoptera,Apidae,Bombus bifarius,worker,,1
EM01958,,7/25/18,2018,7,206,Elk M.,3,CAMROT,Campanula rotundifolia,Harebell,Campanulaceae,Hymenoptera,Apidae,Bombus bifarius,worker,,1
EM01950,,7/25/18,2018,7,206,Elk M.,6,CAMROT,Campanula rotundifolia,Harebell,Campanulaceae,Hymenoptera,Apidae,Bombus rufocinctus,,,1
EM02169,,7/30/19,2019,7,211,Elk M.,3,CAMROT,Campanula rotundifolia,Harebell,Campanulaceae,Hymenoptera,Halictidae,Dufourea maura,med bee all black,,1
,,7/30/19,2019,7,211,Elk M.,3,CAMROT,Campanula rotundifolia,Harebell,Campanulaceae,Hymenoptera,Halictidae,Dufourea maura,same as EM02169,,1
,,7/30/19,2019,7,211,Elk M.,3,CAMROT,Campanula rotundifolia,Harebell,Campanulaceae,Hymenoptera,Halictidae,Dufourea maura,same as EM02169,,1
,,7/30/19,2019,7,211,Elk M.,3,CAMROT,Campanula rotundifolia,Harebell,Campanulaceae,Hymenoptera,Halictidae,Dufourea maura,same as EM02169,,1
EM02149,,9/2/19,2019,9,245,Elk M.,5,SYMPOR,Symphyotrichum porteri,Smooth White Aster,Asteraceae,Hymenoptera,Halictidae,Lasioglossum (Dialictus) aff. knereri,det. JR,,1
,,8/6/19,2019,8,218,Elk M.,3,CAMROT,Campanula rotundifolia,Harebell,Campanulaceae,Hymenoptera,Apidae,Bombus bifarius,male,,1
,,8/6/19,2019,8,218,Elk M.,1,CAMROT,Campanula rotundifolia,Harebell,Campanulaceae,Hymenoptera,Apidae,Bombus mixtus,,,1
,,8/6/19,2019,8,218,Elk M.,4,CAMROT,Campanula rotundifolia,Harebell,Campanulaceae,Hymenoptera,Apidae,Bombus flavifrons,,,1
,,8/6/19,2019,8,218,Elk M.,5,CAMROT,Campanula rotundifolia,Harebell,Campanulaceae,Hymenoptera,Apidae,Bombus flavifrons,,,1
,,8/11/19,2019,8,223,Elk M.,2,CAMROT,Campanula rotundifolia,Harebell,Campanulaceae,Hymenoptera,Megachilidae,Osmia bucephala,female,,1
,,8/11/19,2019,8,223,Elk M.,5,CAMROT,Campanula rotundifolia,Harebell,Campanulaceae,Hymenoptera,Apidae,Bombus bifarius,,,1
,,8/20/19,2019,8,232,Elk M.,5,CAMROT,Campanula rotundifolia,Harebell,Campanulaceae,Hymenoptera,Apidae,Apis mellifera,,,1
,,8/26/19,2019,8,238,Elk M.,2,CAMROT,Campanula rotundifolia,Harebell,Campanulaceae,Hymenoptera,Apidae,Bombus bifarius,,,1
EM02100,,9/2/19,2019,9,245,Elk M.,5,CAMROT,Campanula rotundifolia,Harebell,Campanulaceae,Hymenoptera,Megachilidae,Megachile melanophaea,female,,1
EM02101,,9/2/19,2019,9,245,Elk M.,2,CAMROT,Campanula rotundifolia,Harebell,Campanulaceae,Hymenoptera,Halictidae,Dufourea maura,female: IN OSMIA BOX,,1
,,9/2/19,2019,9,245,Elk M.,6,CAMROT,Campanula rotundifolia,Harebell,Campanulaceae,Hymenoptera,Apidae,Apis mellifera,,,1
,,9/2/19,2019,9,245,Elk M.,6,CAMROT,Campanula rotundifolia,Harebell,Campanulaceae,Hymenoptera,Apidae,Apis mellifera,,,1
,,9/2/19,2019,9,245,Elk M.,6,CAMROT,Campanula rotundifolia,Harebell,Campanulaceae,Hymenoptera,Apidae,Apis mellifera,,,1
EM02180,,7/12/20,2020,7,194,Elk M.,2,CAMROT,Campanula rotundifolia,Harebell,Campanulaceae,Hymenoptera,Megachilidae,Megachile melanophaea,female,,1
EM02263,,7/18/20,2020,7,200,Elk M.,2,CAMROT,Campanula rotundifolia,Harebell,Campanulaceae,Hymenoptera,Megachilidae,Coelioxys sodalis,kleptoparasitic on megachille; female,,1
EM02262,,7/18/20,2020,7,200,Elk M.,2,CAMROT,Campanula rotundifolia,Harebell,Campanulaceae,Hymenoptera,Apidae,Melissodes sp. 1,,,1
EM02220,,7/26/20,2020,7,208,Elk M.,3,CAMROT,Campanula rotundifolia,Harebell,Campanulaceae,Hymenoptera,Megachilidae,Megachile melanophaea,female,,1
EM02241,,8/1/20,2020,8,214,Elk M.,1,CAMROT,Campanula rotundifolia,Harebell,Campanulaceae,Hymenoptera,Apidae,Bombus bifarius,female,,1
EM02242,,8/1/20,2020,8,214,Elk M.,2,CAMROT,Campanula rotundifolia,Harebell,Campanulaceae,Hymenoptera,Megachilidae,Megachile melanophaea,female,,1
EM02238,,8/1/20,2020,8,214,Elk M.,3,CAMROT,Campanula rotundifolia,Harebell,Campanulaceae,Hymenoptera,Megachilidae,Osmia spp.,,,1
,,8/1/20,2020,8,214,Elk M.,5,CAMROT,Campanula rotundifolia,Harebell,Campanulaceae,Hymenoptera,Apidae,Bombus bifarius,same as EM02241,,1
,,8/8/20,2020,8,221,Elk M.,5,CAMROT,Campanula rotundifolia,Harebell,Campanulaceae,Hymenoptera,Apidae,Bombus bifarius,same as EM02250,,1
EM02248,,8/8/20,2020,8,221,Elk M.,3,CAMROT,Campanula rotundifolia,Harebell,Campanulaceae,Hymenoptera,Apidae,Melissodes confusus,male,,1
EM02323,,8/16/20,2020,8,229,Elk M.,2,CAMROT,Campanula rotundifolia,Harebell,Campanulaceae,Hymenoptera,Apidae,Melissodes confusus,male,,1
EM02322,,8/16/20,2020,8,229,Elk M.,4,CAMROT,Campanula rotundifolia,Harebell,Campanulaceae,Hymenoptera,Apidae,Anthophora urbana,,,1
EM02476,,7/22/21,2021,7,203,Elk M.,3,CAMROT,Campanula rotundifolia,Harebell,Campanulaceae,Hymenoptera,Apidae,Bombus mixtus,female,,1
EM02471,,7/22/21,2021,7,203,Elk M.,2,CAMROT,Campanula rotundifolia,Harebell,Campanulaceae,Hymenoptera,Apidae,Bombus flavifrons,queen,,1
EM02493,,7/28/21,2021,7,209,Elk M.,2,CAMROT,Campanula rotundifolia,Harebell,Campanulaceae,Hymenoptera,Apidae,Bombus bifarius,female,,1
EM02494,,7/28/21,2021,7,209,Elk M.,4,CAMROT,Campanula rotundifolia,Harebell,Campanulaceae,Hymenoptera,Apidae,Bombus bifarius,female,,1
EM02508,,7/28/21,2021,7,209,Elk M.,4,CAMROT,Campanula rotundifolia,Harebell,Campanulaceae,Hymenoptera,Halictidae,Dufourea fimbriata,female,,1
EM02538,,8/12/21,2021,8,224,Elk M.,2,CAMROT,Campanula rotundifolia,Harebell,Campanulaceae,Hymenoptera,Apidae,Bombus bifarius,female,,1
,,8/6/22,2022,8,218,Elk M.,6,CAMROT,Campanula rotundifolia,Harebell,Campanulaceae,Hymenoptera,Apidae,Bombus bifarius,,,1
,,8/13/22,2022,8,225,Elk M.,3,CAMROT,Campanula rotundifolia,Harebell,Campanulaceae,Hymenoptera,Apidae,Bombus bifarius,,,1
EM02749,,7/21/22,2022,7,202,Elk M.,5,CAMROT,Campanula rotundifolia,Harebell,Campanulaceae,Hymenoptera,Megachilidae,Megachile melanopea,,,1
EM02765,,7/21/22,2022,7,202,Elk M.,3,CAMROT,Campanula rotundifolia,Harebell,Campanulaceae,Hymenoptera,Apidae,Bombus,,,1
EM01024,UCMC 0234774,8/6/15,2015,8,218,Elk M.,5,CASMIN,Castilleja miniata,Giant Red Indian Paintbrush,Orobanchaceae,Hymenoptera,Andrenidae,Panurginus spp.,female,,1
EM02093,,9/15/19,2019,9,258,Elk M.,6,SYMPOR,Symphyotrichum porteri,Smooth White Aster,Asteraceae,Hymenoptera,Halictidae,Lasioglossum (Dialictus) aff. knereri,det. JR,,1
EM01982,,8/10/18,2018,8,222,Elk M.,5,CASMIN,Castilleja miniata,Giant Red Indian Paintbrush,Orobanchaceae,Hymenoptera,Apidae,Bombus californicus,,,1
EM01749,,9/6/17,2017,9,249,Elk M.,1,TAROFF,Taraxacum officinale,Common dandelion,Asteraceae,Hymenoptera,Halictidae,Lasioglossum (Dialictus) aff. knereri,female,,1
,,8/13/22,2022,8,225,Elk M.,5,CASMIN,Castilleja miniata,Giant Red Indian Paintbrush,Orobanchaceae,Hymenoptera,Apidae,Bombus californicus,,,1
EM01409,,7/21/16,2016,7,203,Elk M.,2,CHAANG,Chamerion angustifolium,Fireweed,Onagraceae,Hymenoptera,Colletidae,Colletes fulgidus,male,,1
EM01421,,7/29/16,2016,7,211,Elk M.,2,CHAANG,Chamerion angustifolium,Fireweed,Onagraceae,Hymenoptera,Apidae,Bombus bifarius,male,,1
EM02063,,7/31/17,2017,7,212,Elk M.,6,CHAANG,Chamerion angustifolium,Fireweed,Onagraceae,Hymenoptera,Andrenidae,Panurginus cressoniellus,female,,1
EM01875,,7/6/18,2018,7,187,Elk M.,6,CHAANG,Chamerion angustifolium,Fireweed,Onagraceae,Hymenoptera,Megachilidae,Hoplitis albifrons,female,,1
EM01936,,7/20/18,2018,7,201,Elk M.,5,CHAANG,Chamerion angustifolium,Fireweed,Onagraceae,Hymenoptera,Apidae,Bombus flavifrons,,,1
EM01970,,8/4/18,2018,8,216,Elk M.,2,CHAANG,Chamerion angustifolium,Fireweed,Onagraceae,Hymenoptera,Apidae,Bombus bifarius,worker,,1
,,8/6/19,2019,8,218,Elk M.,2,CHAANG,Chamerion angustifolium,Fireweed,Onagraceae,Hymenoptera,Apidae,Bombus flavifrons,,,1
,,8/6/19,2019,8,218,Elk M.,5,CHAANG,Chamerion angustifolium,Fireweed,Onagraceae,Hymenoptera,Apidae,Bombus flavifrons,,,1
EM02245,,8/8/20,2020,8,221,Elk M.,2,CHAANG,Chamerion angustifolium,Fireweed,Onagraceae,Hymenoptera,Apidae,Bombus flavifrons,male,,1
,,8/8/20,2020,8,221,Elk M.,3,CHAANG,Chamerion angustifolium,Fireweed,Onagraceae,Hymenoptera,Apidae,Bombus flavifrons,same as EM02245,,1
EM02499,,7/28/21,2021,7,209,Elk M.,4,CHAANG,Chamerion angustifolium,Fireweed,Onagraceae,Hymenoptera,Apidae,Bombus flavifrons,female,,1
EM02539,,8/12/21,2021,8,224,Elk M.,4,CHAANG,Chamerion angustifolium,Fireweed,Onagraceae,Hymenoptera,Apidae,Bombus flavifrons,female,,1
EM02547,,8/12/21,2021,8,224,Elk M.,2,CHAANG,Chamerion angustifolium,Fireweed,Onagraceae,Hymenoptera,Apidae,Bombus flavifrons,male,,1
,,8/12/21,2021,8,224,Elk M.,5,CHAANG,Chamerion angustifolium,Fireweed,Onagraceae,Hymenoptera,Apidae,Bombus flavifrons,,,1
EM01406,,7/21/16,2016,7,203,Elk M.,1,CIRCEN,Cirsium centaureae,Fringed Thistle,Asteraceae,Hymenoptera,Apidae,Bombus flavifrons,,,1
EM01441,,8/5/16,2016,8,218,Elk M.,2,CIRCEN,Cirsium centaureae,Fringed Thistle,Asteraceae,Hymenoptera,Megachilidae,Megachile inermis,male,,1
EM01637,,7/17/17,2017,7,198,Elk M.,5,CIRCEN,Cirsium centaureae,Fringed Thistle,Asteraceae,Hymenoptera,Apidae,Bombus flavifrons,female,,1
EM01679,,7/31/17,2017,7,212,Elk M.,5,CIRCEN,Cirsium centaureae,Fringed Thistle,Asteraceae,Hymenoptera,Apidae,Bombus flavifrons,worker,,1
EM01661,,7/31/17,2017,7,212,Elk M.,6,CIRCEN,Cirsium centaureae,Fringed Thistle,Asteraceae,Hymenoptera,Apidae,Bombus flavifrons,worker,,1
EM01927,,7/20/18,2018,7,201,Elk M.,4,CIRCEN,Cirsium centaureae,Fringed Thistle,Asteraceae,Hymenoptera,Apidae,Bombus flavifrons,,,1
EM01928,,7/20/18,2018,7,201,Elk M.,6,CIRCEN,Cirsium centaureae,Fringed Thistle,Asteraceae,Hymenoptera,Apidae,Bombus flavifrons,,,1
EM01975,,8/4/18,2018,8,216,Elk M.,6,CIRCEN,Cirsium centaureae,Fringed Thistle,Asteraceae,Hymenoptera,Apidae,Bombus flavifrons,male,,1
EM01973,,8/4/18,2018,8,216,Elk M.,2,CIRCEN,Cirsium centaureae,Fringed Thistle,Asteraceae,Hymenoptera,Apidae,Bombus bifarius,worker,,1
EM01993,,8/10/18,2018,8,222,Elk M.,2,CIRCEN,Cirsium centaureae,Fringed Thistle,Asteraceae,Hymenoptera,Apidae,Bombus bifarius,worker,,1
EM02162,,8/6/19,2019,8,218,Elk M.,4,CIRCEN,Cirsium centaureae,Fringed Thistle,Asteraceae,Hymenoptera,Apidae,Bombus flavifrons,male,,1
EM02231,,7/26/20,2020,7,208,Elk M.,6,CIRCEN,Cirsium centaureae,Fringed Thistle,Asteraceae,Hymenoptera,Apidae,Bombus flavifrons,female,,1
EM02228,,7/26/20,2020,7,208,Elk M.,5,CIRCEN,Cirsium centaureae,Fringed Thistle,Asteraceae,Hymenoptera,Apidae,Bombus flavifrons,male,,1
EM02240,,8/1/20,2020,8,214,Elk M.,6,CIRCEN,Cirsium centaureae,Fringed Thistle,Asteraceae,Hymenoptera,Apidae,Bombus flavifrons,female,,1
,,8/1/20,2020,8,214,Elk M.,6,CIRCEN,Cirsium centaureae,Fringed Thistle,Asteraceae,Hymenoptera,Apidae,Bombus flavifrons,same as EM02240,,1
,,8/16/20,2020,8,229,Elk M.,2,CIRCEN,Cirsium centaureae,Fringed Thistle,Asteraceae,Hymenoptera,Apidae,Bombus appositus,,,1
EM02473,,7/22/21,2021,7,203,Elk M.,6,CIRCEN,Cirsium centaureae,Fringed Thistle,Asteraceae,Hymenoptera,Apidae,Bombus flavifrons,female,,1
EM02475,,7/22/21,2021,7,203,Elk M.,6,CIRCEN,Cirsium centaureae,Fringed Thistle,Asteraceae,Hymenoptera,Apidae,Bombus flavifrons,female,,1
EM02498,,7/28/21,2021,7,209,Elk M.,4,CIRCEN,Cirsium centaureae,Fringed Thistle,Asteraceae,Hymenoptera,Apidae,Bombus flavifrons,female,,1
EM02529,,8/4/21,2021,8,216,Elk M.,6,CIRCEN,Cirsium centaureae,Fringed Thistle,Asteraceae,Hymenoptera,Apidae,Bombus flavifrons,female,,1
EM02527,,8/4/21,2021,8,216,Elk M.,4,CIRCEN,Cirsium centaureae,Fringed Thistle,Asteraceae,Hymenoptera,Apidae,Bombus flavifrons,male,,1
EM02562,,8/12/21,2021,8,224,Elk M.,6,CIRCEN,Cirsium centaureae,Fringed Thistle,Asteraceae,Hymenoptera,Apidae,Bombus appositus,female,,1
EM02555,,8/12/21,2021,8,224,Elk M.,4,CIRCEN,Cirsium centaureae,Fringed Thistle,Asteraceae,Hymenoptera,Apidae,Bombus flavifrons,queen,,1
EM02597,,8/28/21,2021,8,240,Elk M.,1,CIRCEN,Cirsium centaureae,Fringed Thistle,Asteraceae,Hymenoptera,Apidae,Bombus flavifrons,female,,1
,,8/6/22,2022,8,218,Elk M.,6,CIRCEN,Cirsium centaureae,Fringed Thistle,Asteraceae,Hymenoptera,Megachilidae,Megachile melanophaea,,,1
,,8/6/22,2022,8,218,Elk M.,4,CIRCEN,Cirsium centaureae,Fringed Thistle,Asteraceae,Hymenoptera,Apidae,Bombus bifarius,,,1
,,8/6/22,2022,8,218,Elk M.,6,CIRCEN,Cirsium centaureae,Fringed Thistle,Asteraceae,Hymenoptera,Apidae,Bombus mixtus,,,1
,,9/18/22,2022,9,261,Elk M.,6,CIRCEN,Cirsium centaureae,Fringed Thistle,Asteraceae,Hymenoptera,Apidae,Bombus bifarius,m,,1
EM02794,,7/29/22,2022,7,210,Elk M.,6,CIRCEN,Cirsium centaureae,Fringed Thistle,Asteraceae,Hymenoptera,Apidae,Bombus,,,1
EM01754,,9/6/17,2017,9,249,Elk M.,5,TAROFF,Taraxacum officinale,Common dandelion,Asteraceae,Hymenoptera,Halictidae,Lasioglossum (Dialictus) aff. knereri,female,,1
EM01755a,,9/6/17,2017,9,249,Elk M.,5,TAROFF,Taraxacum officinale,Common dandelion,Asteraceae,Hymenoptera,Halictidae,Lasioglossum (Dialictus) aff. knereri,Lasioglossum (Dialictus) mixed spp.; male,,1
EM00145,UCMC 0233895,6/18/15,2015,6,169,Elk M.,1,FRAVIR,Fragaria virginiana,Wild Strawberry,Rosaceae,Hymenoptera,Halictidae,Lasioglossum (Dialictus) hudsoniellum,female,,1
EM01309,,6/10/16,2016,6,162,Elk M.,6,CYMLEM,Cymopterus lemmonii,Mountain Parsley,Apiaceae,Hymenoptera,Halictidae,Lasioglossum sp.,Lasioglossum (Dialictus) mixed spp.; female,,1
EM01305,,6/10/16,2016,6,162,Elk M.,4,CYMLEM,Cymopterus lemmonii,Mountain Parsley,Apiaceae,Hymenoptera,Halictidae,Lasioglossum sisymbrii ,male,,1
EM01311c,,6/10/16,2016,6,162,Elk M.,4,CYMLEM,Cymopterus lemmonii,Mountain Parsley,Apiaceae,Hymenoptera,Megachilidae,Osmia bucephala,,,1
EM01825,,6/12/18,2018,6,163,Elk M.,4,POTFIS,Potentilla fissa,Big Flower Cinquefoil,Rosaceae,Hymenoptera,Halictidae,Lasioglossum (Dialictus) hudsoniellum,male,,1
EM02118,,7/2/19,2019,7,183,Elk M.,6,POTFIS,Potentilla fissa,Big Flower Cinquefoil,Rosaceae,Hymenoptera,Halictidae,Lasioglossum (Dialictus) hudsoniellum,"female, det JR",,1
EM01403,,7/21/16,2016,7,203,Elk M.,5,CYMLEM,Cymopterus lemmonii,Mountain Parsley,Apiaceae,Hymenoptera,Colletidae,Hylaeus annulatus,male,,1
EM01502,,5/30/17,2017,5,150,Elk M.,4,CYMLEM,Cymopterus lemmonii,Mountain Parsley,Apiaceae,Hymenoptera,Halictidae,Lasioglossum (Dialictus) lazulis,female,,1
EM01793,,5/31/18,2018,5,151,Elk M.,4,CYMLEM,Cymopterus lemmonii,Mountain Parsley,Apiaceae,Hymenoptera,Halictidae,Lasioglossum (Dialictus) lazulis,female,,1
EM01792,,5/31/18,2018,5,151,Elk M.,6,CYMLEM,Cymopterus lemmonii,Mountain Parsley,Apiaceae,Hymenoptera,Halictidae,Lasioglossum (Dialictus) lazulis,female,,1
EM01816,,6/12/18,2018,6,163,Elk M.,2,POTFIS,Potentilla fissa,Big Flower Cinquefoil,Rosaceae,Hymenoptera,Halictidae,Lasioglossum (Dialictus) lazulis,female,,1
EM01507,,5/30/17,2017,5,150,Elk M.,3,CYMLEM,Cymopterus lemmonii,Mountain Parsley,Apiaceae,Hymenoptera,Halictidae,Lasioglossum sp.,Lasioglossum (Dialictus) mixed spp.; female,,1
,,5/30/17,2017,5,150,Elk M.,4,CYMLEM,Cymopterus lemmonii,Mountain Parsley,Apiaceae,Hymenoptera,Halictidae,Lasioglossum sp.,,same as EM01502,1
,,5/30/17,2017,5,150,Elk M.,4,CYMLEM,Cymopterus lemmonii,Mountain Parsley,Apiaceae,Hymenoptera,Halictidae,Lasioglossum sp.,,same as EM01502,1
EM01529,,6/5/17,2017,6,156,Elk M.,1,CYMLEM,Cymopterus lemmonii,Mountain Parsley,Apiaceae,Hymenoptera,Andrenidae,Andrena angustitarsata,female,,1
EM01534,,6/5/17,2017,6,156,Elk M.,6,CYMLEM,Cymopterus lemmonii,Mountain Parsley,Apiaceae,Hymenoptera,Andrenidae,Andrena angustitarsata,female,,1
EM01233,UCMC 0234983,9/24/15,2015,9,267,Elk M.,5,SYMPOR,Symphyotrichum porteri,Smooth White Aster,Asteraceae,Hymenoptera,Halictidae,Lasioglossum (Dialictus) lazulis,male,,1
EM01756,,9/6/17,2017,9,249,Elk M.,5,SYMPOR,Symphyotrichum porteri,Smooth White Aster,Asteraceae,Hymenoptera,Halictidae,Lasioglossum (Dialictus) lazulis,male,,1
,,6/5/17,2017,6,156,Elk M.,6,CYMLEM,Cymopterus lemmonii,Mountain Parsley,Apiaceae,Hymenoptera,Halictidae,Lasioglossum sp.,,same as EM02031,1
EM01224,UCMC 0234974,9/17/15,2015,9,260,Elk M.,2,CAMROT,Campanula rotundifolia,Harebell,Campanulaceae,Hymenoptera,Halictidae,Lasioglossum (Dialictus) mixed spp.,male,,1
EM01519,,6/12/17,2017,6,163,Elk M.,3,CYMLEM,Cymopterus lemmonii,Mountain Parsley,Apiaceae,Hymenoptera,Andrenidae,Andrena angustitarsata,female,,1
EM00143,UCMC 0233893,6/18/15,2015,6,169,Elk M.,4,CYMLEM,Cymopterus lemmonii,Mountain Parsley,Apiaceae,Hymenoptera,Halictidae,Lasioglossum (Dialictus) mixed spp.,female,,1
EM00169,UCMC 0233919,7/2/15,2015,7,183,Elk M.,5,CYMLEM,Cymopterus lemmonii,Mountain Parsley,Apiaceae,Hymenoptera,Halictidae,Lasioglossum (Dialictus) mixed spp.,female,,1
EM01522,,6/12/17,2017,6,163,Elk M.,6,CYMLEM,Cymopterus lemmonii,Mountain Parsley,Apiaceae,Hymenoptera,Andrenidae,Andrena salicifloris,female,,1
,,6/12/17,2017,6,163,Elk M.,4,CYMLEM,Cymopterus lemmonii,Mountain Parsley,Apiaceae,Hymenoptera,Halictidae,Lasioglossum sp.,,same as EM01514,1
,,6/12/17,2017,6,163,Elk M.,4,CYMLEM,Cymopterus lemmonii,Mountain Parsley,Apiaceae,Hymenoptera,Halictidae,Lasioglossum sp.,,same as EM01514,1
EM01204,UCMC 0234954,9/10/15,2015,9,253,Elk M.,5,DIEBIG,Dieteria bigelovii,Bigelow's Tansy-aster,Asteraceae,Hymenoptera,Halictidae,Lasioglossum (Dialictus) mixed spp.,male,,1
EM01223,UCMC 0234973,9/17/15,2015,9,260,Elk M.,1,ERIEXI,Erigeron eximius,Splendid Daisy,Asteraceae,Hymenoptera,Halictidae,Lasioglossum (Dialictus) mixed spp.,female,,1
EM01545,,6/20/17,2017,6,171,Elk M.,2,CYMLEM,Cymopterus lemmonii,Mountain Parsley,Apiaceae,Hymenoptera,Halictidae,Lasioglossum inconditum,Hemihalictus group; female,,1
EM01559,,6/20/17,2017,6,171,Elk M.,4,CYMLEM,Cymopterus lemmonii,Mountain Parsley,Apiaceae,Hymenoptera,Halictidae,Lasioglossum sp.,Lasioglossum (Dialictus) mixed spp.; female,,1
,,6/20/17,2017,6,171,Elk M.,3,CYMLEM,Cymopterus lemmonii,Mountain Parsley,Apiaceae,Hymenoptera,Halictidae,Lasioglossum sp.,,same as EM01555,1
EM01234,UCMC 0234984,9/24/15,2015,9,267,Elk M.,1,ERIEXI,Erigeron eximius,Splendid Daisy,Asteraceae,Hymenoptera,Halictidae,Lasioglossum (Dialictus) mixed spp.,male,,1
EM02035,,6/26/17,2017,6,177,Elk M.,4,CYMLEM,Cymopterus lemmonii,Mountain Parsley,Apiaceae,Hymenoptera,Halictidae,Lasioglossum sp.,,,1
EM00591,UCMC 0234341,7/23/15,2015,7,204,Elk M.,5,ERYCAP,Erysimum capitatum,Western Wallflower,Brassicaceae,Hymenoptera,Halictidae,Lasioglossum (Dialictus) mixed spp.,female,,1
EM00463,UCMC 0234213,7/16/15,2015,7,197,Elk M.,5,POTFIS,Potentilla fissa,Big Flower Cinquefoil,Rosaceae,Hymenoptera,Halictidae,Lasioglossum (Dialictus) mixed spp.,female,,1
EM00760,UCMC 0234510,7/23/15,2015,7,204,Elk M.,5,SEDLAN,Sedum lanceolatum,Yellow Stonecrop,Crassulaceae,Hymenoptera,Halictidae,Lasioglossum (Dialictus) mixed spp.,female,,1
EM02044,,7/3/17,2017,7,184,Elk M.,4,CYMLEM,Cymopterus lemmonii,Mountain Parsley,Apiaceae,Hymenoptera,Colletidae,Hylaeus personatellus,female,,1
EM01603,,7/11/17,2017,7,192,Elk M.,3,CYMLEM,Cymopterus lemmonii,Mountain Parsley,Apiaceae,Hymenoptera,Colletidae,Hylaeus personatellus,female,,1
EM01609,,7/11/17,2017,7,192,Elk M.,5,CYMLEM,Cymopterus lemmonii,Mountain Parsley,Apiaceae,Hymenoptera,Colletidae,Colletes nigrifrons,male,,1
EM01232,UCMC 0234982,9/24/15,2015,9,267,Elk M.,5,SYMPOR,Symphyotrichum porteri,Smooth White Aster,Asteraceae,Hymenoptera,Halictidae,Lasioglossum (Dialictus) mixed spp.,male,,1
EM01518,,6/12/17,2017,6,163,Elk M.,3,TAROFF,Taraxacum officinale,Common dandelion,Asteraceae,Hymenoptera,Halictidae,Lasioglossum (Dialictus) pacatum,female,,1
EM01815,,6/12/18,2018,6,163,Elk M.,5,TAROFF,Taraxacum officinale,Common dandelion,Asteraceae,Hymenoptera,Halictidae,Lasioglossum (Dialictus) perpunctatum,female,,1
,,6/5/18,2018,6,156,Elk M.,5,CYMLEM,Cymopterus lemmonii,Mountain Parsley,Apiaceae,Hymenoptera,Megachilidae,Osmia spp.,male,same as EM01779,1
EM01801,,6/5/18,2018,6,156,Elk M.,2,CYMLEM,Cymopterus lemmonii,Mountain Parsley,Apiaceae,Hymenoptera,Megachilidae,Osmia spp.,,check if fits prev. morphospecies,1
EM02078,,6/19/19,2019,6,170,Elk M.,6,CYMLEM,Cymopterus lemmonii,Mountain Parsley,Apiaceae,Hymenoptera,Halictidae,Lasioglossum (Dialictus) pruinosum,female; det. JR,,1
EM01829,,6/12/18,2018,6,163,Elk M.,5,CYMLEM,Cymopterus lemmonii,Mountain Parsley,Apiaceae,Hymenoptera,Andrenidae,Andrena salicifloris,female,,1
EM01817,,6/12/18,2018,6,163,Elk M.,1,CYMLEM,Cymopterus lemmonii,Mountain Parsley,Apiaceae,Hymenoptera,Colletidae,Colletes sp.,med bee,check with other Colletes morpho sp,1
EM01811,,6/12/18,2018,6,163,Elk M.,1,CYMLEM,Cymopterus lemmonii,Mountain Parsley,Apiaceae,Hymenoptera,Apidae,Bombus rufocinctus,,,1
EM01455,,8/19/16,2016,8,232,Elk M.,5,DIEBIG,Dieteria bigelovii,Bigelow's Tansy-aster,Asteraceae,Hymenoptera,Halictidae,Lasioglossum (Dialictus) pruinosum,female,,1
EM01853,,6/29/18,2018,6,180,Elk M.,4,CYMLEM,Cymopterus lemmonii,Mountain Parsley,Apiaceae,Hymenoptera,Megachilidae,Megachile relativa,female,,1
EM01854,,6/29/18,2018,6,180,Elk M.,5,CYMLEM,Cymopterus lemmonii,Mountain Parsley,Apiaceae,Hymenoptera,Apidae,Bombus bifarius,worker,,1
EM02068,,6/11/19,2019,6,162,Elk M.,4,TAROFF,Taraxacum officinale,Common dandelion,Asteraceae,Hymenoptera,Halictidae,Lasioglossum (Dialictus) pruinosum,female; det JR,,1
EM01465,,8/26/16,2016,8,239,Elk M.,5,ACHMIL,Achillea millefolium,Common Yarrow,Asteraceae,Hymenoptera,Halictidae,Lasioglossum (Dialictus) ruidosense,female,,1
EM02164,,8/6/19,2019,8,218,Elk M.,5,CAMROT,Campanula rotundifolia,Harebell,Campanulaceae,Hymenoptera,Halictidae,Lasioglossum (Dialictus) ruidosense,det. JR,,1
EM01852,,6/29/18,2018,6,180,Elk M.,5,CASMIN,Castilleja miniata,Giant Red Indian Paintbrush,Orobanchaceae,Hymenoptera,Halictidae,Lasioglossum (Dialictus) ruidosense,female,,1
EM02153,,8/6/19,2019,8,218,Elk M.,5,CASMIN,Castilleja miniata,Giant Red Indian Paintbrush,Orobanchaceae,Hymenoptera,Halictidae,Lasioglossum (Dialictus) ruidosense,det. JR,,1
EM01322,,6/18/16,2016,6,170,Elk M.,4,CYMLEM,Cymopterus lemmonii,Mountain Parsley,Apiaceae,Hymenoptera,Halictidae,Lasioglossum (Dialictus) ruidosense,female,,1
EM01508,,5/30/17,2017,5,150,Elk M.,6,CYMLEM,Cymopterus lemmonii,Mountain Parsley,Apiaceae,Hymenoptera,Halictidae,Lasioglossum (Dialictus) ruidosense,female,,1
EM01555,,6/20/17,2017,6,171,Elk M.,3,CYMLEM,Cymopterus lemmonii,Mountain Parsley,Apiaceae,Hymenoptera,Halictidae,Lasioglossum (Dialictus) ruidosense,female,,1
EM02039,,7/3/17,2017,7,184,Elk M.,1,CYMLEM,Cymopterus lemmonii,Mountain Parsley,Apiaceae,Hymenoptera,Halictidae,Lasioglossum (Dialictus) ruidosense,female,,1
EM02041,,7/3/17,2017,7,184,Elk M.,2,CYMLEM,Cymopterus lemmonii,Mountain Parsley,Apiaceae,Hymenoptera,Halictidae,Lasioglossum (Dialictus) ruidosense,female,,1
EM02122,,7/2/19,2019,7,183,Elk M.,3,CYMLEM,Cymopterus lemmonii,Mountain Parsley,Apiaceae,Hymenoptera,Halictidae,Lasioglossum sisymbrii ,med bee,,1
EM02043,,7/3/17,2017,7,184,Elk M.,3,CYMLEM,Cymopterus lemmonii,Mountain Parsley,Apiaceae,Hymenoptera,Halictidae,Lasioglossum (Dialictus) ruidosense,female,,1
EM02103,,7/13/19,2019,7,194,Elk M.,5,CYMLEM,Cymopterus lemmonii,Mountain Parsley,Apiaceae,Hymenoptera,Colletidae,Hylaeus personatellus,female,,1
EM02116,,7/23/19,2019,7,204,Elk M.,2,CYMLEM,Cymopterus lemmonii,Mountain Parsley,Apiaceae,Hymenoptera,Andrenidae,Panurginus cressoniellus,female,,1
EM02168,,8/6/19,2019,8,218,Elk M.,6,CYMLEM,Cymopterus lemmonii,Mountain Parsley,Apiaceae,Hymenoptera,Colletidae,Hylaeus personatellus,female,,1
EM01841,,6/22/18,2018,6,173,Elk M.,2,CYMLEM,Cymopterus lemmonii,Mountain Parsley,Apiaceae,Hymenoptera,Halictidae,Lasioglossum (Dialictus) ruidosense,female,,1
EM02307,,6/13/20,2020,6,165,Elk M.,4,CYMLEM,Cymopterus lemmonii,Mountain Parsley,Apiaceae,Hymenoptera,Halictidae,Sphecodes sp.,female; red butt bee,,1
EM02299,,6/13/20,2020,6,165,Elk M.,1,CYMLEM,Cymopterus lemmonii,Mountain Parsley,Apiaceae,Hymenoptera,Andrenidae,Andrena salicifloris,female,,1
EM02202,,6/27/20,2020,6,179,Elk M.,3,CYMLEM,Cymopterus lemmonii,Mountain Parsley,Apiaceae,Hymenoptera,Colletidae,Colletes nigrifrons,,,1
EM02210,,7/5/20,2020,7,187,Elk M.,3,CYMLEM,Cymopterus lemmonii,Mountain Parsley,Apiaceae,Hymenoptera,Colletidae,Colletes nigrifrons,female; OSMIA BOX,,1
EM02211,,7/5/20,2020,7,187,Elk M.,3,CYMLEM,Cymopterus lemmonii,Mountain Parsley,Apiaceae,Hymenoptera,Andrenidae,Panurginus ineptus,female,,1
EM02339,,6/15/21,2021,6,166,Elk M.,2,CYMLEM,Cymopterus lemmonii,Mountain Parsley,Apiaceae,Hymenoptera,Megachilidae,Osmia spp.,osmia,,1
EM02351,,6/15/21,2021,6,166,Elk M.,1,CYMLEM,Cymopterus lemmonii,Mountain Parsley,Apiaceae,Hymenoptera,Andrenidae,Andrena cyanophila,female,,1
EM02359,,6/23/21,2021,6,174,Elk M.,3,CYMLEM,Cymopterus lemmonii,Mountain Parsley,Apiaceae,Hymenoptera,Apidae,Nomada spp.,male,,1
EM02381,,6/30/21,2021,6,181,Elk M.,4,CYMLEM,Cymopterus lemmonii,Mountain Parsley,Apiaceae,Hymenoptera,Colletidae,Colletes sp.,med bee,,1
EM02383,,6/30/21,2021,6,181,Elk M.,5,CYMLEM,Cymopterus lemmonii,Mountain Parsley,Apiaceae,Hymenoptera,Andrenidae,Panurginus ineptus,female,,1
EM02385,,6/30/21,2021,6,181,Elk M.,5,CYMLEM,Cymopterus lemmonii,Mountain Parsley,Apiaceae,Hymenoptera,Andrenidae,Andrena cyanophila,female,,1
EM02411,,7/7/21,2021,7,188,Elk M.,6,CYMLEM,Cymopterus lemmonii,Mountain Parsley,Apiaceae,Hymenoptera,Colletidae,Colletes nigrifrons,OSMIA BOX,,1
EM02410,,7/7/21,2021,7,188,Elk M.,1,CYMLEM,Cymopterus lemmonii,Mountain Parsley,Apiaceae,Hymenoptera,Andrenidae,Andrena salicifloris,female,,1
EM02404,,7/7/21,2021,7,188,Elk M.,4,CYMLEM,Cymopterus lemmonii,Mountain Parsley,Apiaceae,Hymenoptera,Colletidae,Hylaeus personatellus,,,1
EM02439,,7/14/21,2021,7,195,Elk M.,3,CYMLEM,Cymopterus lemmonii,Mountain Parsley,Apiaceae,Hymenoptera,Colletidae,Colletes spp.,male,,1
EM02449,,7/14/21,2021,7,195,Elk M.,4,CYMLEM,Cymopterus lemmonii,Mountain Parsley,Apiaceae,Hymenoptera,Andrenidae,Panurginus ineptus,female,,1
EM02454,,7/14/21,2021,7,195,Elk M.,5,CYMLEM,Cymopterus lemmonii,Mountain Parsley,Apiaceae,Hymenoptera,Andrenidae,Panurginus ineptus,female,,1
EM02480,,7/22/21,2021,7,203,Elk M.,2,CYMLEM,Cymopterus lemmonii,Mountain Parsley,Apiaceae,Hymenoptera,Colletidae,Colletes nigrifrons,,,1
EM02505,,7/28/21,2021,7,209,Elk M.,2,CYMLEM,Cymopterus lemmonii,Mountain Parsley,Apiaceae,Hymenoptera,Colletidae,Hylaeus annulatus,,,1
,,6/27/22,2022,6,178,Elk M.,2,CYMLEM,Cymopterus lemmonii,Mountain Parsley,Apiaceae,Hymenoptera,Apidae,Bombus bifarius,,,1
,,6/27/22,2022,6,178,Elk M.,2,CYMLEM,Cymopterus lemmonii,Mountain Parsley,Apiaceae,Hymenoptera,Apidae,Bombus bifarius,,,1
EM01183,UCMC 0234933,9/3/15,2015,9,246,Elk M.,1,DIEBIG,Dieteria bigelovii,Bigelow's Tansy-aster,Asteraceae,Hymenoptera,Halictidae,Agapostemon angelicus/texanus,male angelicus,,1
EM02074,,6/19/19,2019,6,170,Elk M.,4,CYMLEM,Cymopterus lemmonii,Mountain Parsley,Apiaceae,Hymenoptera,Halictidae,Lasioglossum (Dialictus) ruidosense,det. JR,,1
EM02079,,6/19/19,2019,6,170,Elk M.,6,CYMLEM,Cymopterus lemmonii,Mountain Parsley,Apiaceae,Hymenoptera,Halictidae,Lasioglossum (Dialictus) ruidosense,det. JR,,1
EM01499,,9/26/16,2016,9,270,Elk M.,5,DIEBIG,Dieteria bigelovii,Bigelow's Tansy-aster,Asteraceae,Hymenoptera,Halictidae,Lasioglossum sp.,Lasioglossum (Dialictus) mixed spp.; male,,1
EM01733,,8/30/17,2017,8,242,Elk M.,5,DIEBIG,Dieteria bigelovii,Bigelow's Tansy-aster,Asteraceae,Hymenoptera,Apidae,Bombus mixtus,male,,1
EM01981,,8/4/18,2018,8,216,Elk M.,5,DIEBIG,Dieteria bigelovii,Bigelow's Tansy-aster,Asteraceae,Hymenoptera,Halictidae,Lasioglossum heterorhinum,male,,1
EM01980,,8/4/18,2018,8,216,Elk M.,5,DIEBIG,Dieteria bigelovii,Bigelow's Tansy-aster,Asteraceae,Hymenoptera,Apidae,Bombus bifarius,worker,,1
EM01986,,8/10/18,2018,8,222,Elk M.,5,DIEBIG,Dieteria bigelovii,Bigelow's Tansy-aster,Asteraceae,Hymenoptera,Apidae,Bombus rufocinctus,,,1
EM01988,,8/10/18,2018,8,222,Elk M.,5,DIEBIG,Dieteria bigelovii,Bigelow's Tansy-aster,Asteraceae,Hymenoptera,Apidae,Bombus rufocinctus,,,1
EM02250,,8/8/20,2020,8,221,Elk M.,5,DIEBIG,Dieteria bigelovii,Bigelow's Tansy-aster,Asteraceae,Hymenoptera,Apidae,Bombus bifarius,female,,1
EM02546,,8/12/21,2021,8,224,Elk M.,5,DIEBIG,Dieteria bigelovii,Bigelow's Tansy-aster,Asteraceae,Hymenoptera,Apidae,Bombus flavifrons,female,,1
EM02569,,8/19/21,2021,8,231,Elk M.,5,DIEBIG,Dieteria bigelovii,Bigelow's Tansy-aster,Asteraceae,Hymenoptera,Apidae,Bombus bifarius,female,,1
EM02574,,8/19/21,2021,8,231,Elk M.,5,DIEBIG,Dieteria bigelovii,Bigelow's Tansy-aster,Asteraceae,Hymenoptera,Apidae,Bombus flavifrons,female,,1
EM02583,,8/19/21,2021,8,231,Elk M.,5,DIEBIG,Dieteria bigelovii,Bigelow's Tansy-aster,Asteraceae,Hymenoptera,Apidae,Bombus bifarius,female,,1
EM02571,,8/19/21,2021,8,231,Elk M.,5,DIEBIG,Dieteria bigelovii,Bigelow's Tansy-aster,Asteraceae,Hymenoptera,Apidae,Bombus flavifrons,male,,1
EM02595,,8/28/21,2021,8,240,Elk M.,5,DIEBIG,Dieteria bigelovii,Bigelow's Tansy-aster,Asteraceae,Hymenoptera,Apidae,Bombus mixtus,female,,1
EM02610,,9/4/21,2021,9,247,Elk M.,5,DIEBIG,Dieteria bigelovii,Bigelow's Tansy-aster,Asteraceae,Hymenoptera,Apidae,Bombus bifarius,female,,1
,,9/13/22,2022,9,256,Elk M.,5,DIEBIG,Dieteria bigelovii,Bigelow's Tansy-aster,Asteraceae,Hymenoptera,Apidae,Bombus bifarius,f,,1
EM01321,,6/18/16,2016,6,170,Elk M.,2,DODPUL,Dodecatheon pulchellum,Darkthroat Shooting Star,Primulaceae,Hymenoptera,Apidae,Bombus flavifrons,,,1
EM02115,,7/9/19,2019,7,190,Elk M.,5,CYMLEM,Cymopterus lemmonii,Mountain Parsley,Apiaceae,Hymenoptera,Halictidae,Lasioglossum (Dialictus) ruidosense,det. JR,,1
,,6/13/22,2022,6,164,Elk M.,4,DODPUL,Dodecatheon pulchellum,Darkthroat Shooting Star,Primulaceae,Hymenoptera,Apidae,Bombus bifarius,,,1
,,6/27/22,2022,6,178,Elk M.,2,DODPUL,Dodecatheon pulchellum,Darkthroat Shooting Star,Primulaceae,Hymenoptera,Apidae,Bombus bifarius,,,1
EM01495,,9/15/16,2016,9,259,Elk M.,1,ERIEXI,Erigeron eximius,Splendid Daisy,Asteraceae,Hymenoptera,Halictidae,Lasioglossum (Dialictus) ruidosense,male,,1
EM01774,,9/20/17,2017,9,263,Elk M.,1,ERIEXI,Erigeron eximius,Splendid Daisy,Asteraceae,Hymenoptera,Halictidae,Lasioglossum (Dialictus) ruidosense,female,,1
EM01312,,6/10/16,2016,6,162,Elk M.,1,FRAVIR,Fragaria virginiana,Wild Strawberry,Rosaceae,Hymenoptera,Halictidae,Lasioglossum (Dialictus) ruidosense,female,,1
EM01505,,5/30/17,2017,5,150,Elk M.,5,FRAVIR,Fragaria virginiana,Wild Strawberry,Rosaceae,Hymenoptera,Halictidae,Lasioglossum (Dialictus) ruidosense,female,,1
EM02012,,8/24/18,2018,8,236,Elk M.,1,HYPRAD,Hypochaeris radicata,Spotted Cat's Ear,Asteraceae,Hymenoptera,Halictidae,Lasioglossum (Dialictus) ruidosense,female,,1
EM01955,,7/25/18,2018,7,206,Elk M.,1,ERIEXI,Erigeron eximius,Splendid Daisy,Asteraceae,Hymenoptera,Apidae,Bombus mixtus,,,1
EM02010,,8/24/18,2018,8,236,Elk M.,1,ERIEXI,Erigeron eximius,Splendid Daisy,Asteraceae,Hymenoptera,Apidae,Bombus bifarius,worker,,1
EM02140,,9/2/19,2019,9,245,Elk M.,1,ERIEXI,Erigeron eximius,Splendid Daisy,Asteraceae,Hymenoptera,Apidae,Bombus mixtus,female,,1
EM02146,,9/2/19,2019,9,245,Elk M.,1,ERIEXI,Erigeron eximius,Splendid Daisy,Asteraceae,Hymenoptera,Apidae,Bombus californicus,female,,1
,,9/2/19,2019,9,245,Elk M.,1,ERIEXI,Erigeron eximius,Splendid Daisy,Asteraceae,Hymenoptera,Apidae,Bombus appositus,,,1
,,9/2/19,2019,9,245,Elk M.,1,ERIEXI,Erigeron eximius,Splendid Daisy,Asteraceae,Hymenoptera,Apidae,Bombus flavifrons,,,1
EM02611,,9/4/21,2021,9,247,Elk M.,4,ERIEXI,Erigeron eximius,Splendid Daisy,Asteraceae,Hymenoptera,Apidae,Bombus bifarius,female,,1
,,9/4/21,2021,9,247,Elk M.,1,ERIEXI,Erigeron eximius,Splendid Daisy,Asteraceae,Hymenoptera,Apidae,Bombus occidentalis,released,,1
EM02614,,9/10/21,2021,9,253,Elk M.,1,ERIEXI,Erigeron eximius,Splendid Daisy,Asteraceae,Hymenoptera,Apidae,Bombus flavifrons,female,,1
EM02620,,9/10/21,2021,9,253,Elk M.,1,ERIEXI,Erigeron eximius,Splendid Daisy,Asteraceae,Hymenoptera,Apidae,Bombus bifarius,female,,1
EM02615,,9/10/21,2021,9,253,Elk M.,1,ERIEXI,Erigeron eximius,Splendid Daisy,Asteraceae,Hymenoptera,Apidae,Bombus bifarius,male,,1
EM02621,,9/10/21,2021,9,253,Elk M.,1,ERIEXI,Erigeron eximius,Splendid Daisy,Asteraceae,Hymenoptera,Apidae,Bombus flavifrons,male,,1
EM02616,,9/10/21,2021,9,253,Elk M.,1,ERIEXI,Erigeron eximius,Splendid Daisy,Asteraceae,Hymenoptera,Apidae,Bombus fernaldae,,,1
EM02633,,9/19/21,2021,9,262,Elk M.,1,ERIEXI,Erigeron eximius,Splendid Daisy,Asteraceae,Hymenoptera,Apidae,Bombus bifarius,female,,1
EM02635,,9/19/21,2021,9,262,Elk M.,1,ERIEXI,Erigeron eximius,Splendid Daisy,Asteraceae,Hymenoptera,Apidae,Bombus bifarius,female,,1
EM02637,,9/19/21,2021,9,262,Elk M.,1,ERIEXI,Erigeron eximius,Splendid Daisy,Asteraceae,Hymenoptera,Apidae,Bombus bifarius,female,,1
EM02638,,9/19/21,2021,9,262,Elk M.,1,ERIEXI,Erigeron eximius,Splendid Daisy,Asteraceae,Hymenoptera,Apidae,Bombus bifarius,female,,1
,,9/5/22,2022,9,248,Elk M.,1,ERIEXI,Erigeron eximius,Splendid Daisy,Asteraceae,Hymenoptera,Apidae,Bombus bifarius,f,,1
,,9/5/22,2022,9,248,Elk M.,1,ERIEXI,Erigeron eximius,Splendid Daisy,Asteraceae,Hymenoptera,Apidae,Bombus bifarius,f,,1
,,9/5/22,2022,9,248,Elk M.,1,ERIEXI,Erigeron eximius,Splendid Daisy,Asteraceae,Hymenoptera,Apidae,Bombus bifarius,f,,1
,,9/5/22,2022,9,248,Elk M.,1,ERIEXI,Erigeron eximius,Splendid Daisy,Asteraceae,Hymenoptera,Apidae,Bombus bifarius,f,,1
,,9/5/22,2022,9,248,Elk M.,1,ERIEXI,Erigeron eximius,Splendid Daisy,Asteraceae,Hymenoptera,Apidae,Bombus bifarius,f,,1
,,9/5/22,2022,9,248,Elk M.,1,ERIEXI,Erigeron eximius,Splendid Daisy,Asteraceae,Hymenoptera,Apidae,Bombus bifarius,m,,1
,,9/5/22,2022,9,248,Elk M.,1,ERIEXI,Erigeron eximius,Splendid Daisy,Asteraceae,Hymenoptera,Apidae,Bombus bifarius,m,,1
,,9/13/22,2022,9,256,Elk M.,1,ERIEXI,Erigeron eximius,Splendid Daisy,Asteraceae,Hymenoptera,Apidae,Bombus occidentalis,,,1
,,9/13/22,2022,9,256,Elk M.,1,ERIEXI,Erigeron eximius,Splendid Daisy,Asteraceae,Hymenoptera,Apidae,Bombus bifarius,m,,1
,,9/13/22,2022,9,256,Elk M.,1,ERIEXI,Erigeron eximius,Splendid Daisy,Asteraceae,Hymenoptera,Apidae,Bombus bifarius,m,,1
,,9/13/22,2022,9,256,Elk M.,1,ERIEXI,Erigeron eximius,Splendid Daisy,Asteraceae,Hymenoptera,Apidae,Bombus bifarius,m,,1
,,9/18/22,2022,9,261,Elk M.,1,ERIEXI,Erigeron eximius,Splendid Daisy,Asteraceae,Hymenoptera,Apidae,Bombus bifarius,m,,1
,,9/18/22,2022,9,261,Elk M.,1,ERIEXI,Erigeron eximius,Splendid Daisy,Asteraceae,Hymenoptera,Apidae,Bombus bifarius,m,,1
,,9/18/22,2022,9,261,Elk M.,1,ERIEXI,Erigeron eximius,Splendid Daisy,Asteraceae,Hymenoptera,Apidae,Bombus occidentalis,q,,1
EM01447,,8/19/16,2016,8,232,Elk M.,2,ERISPE,Erigeron speciosus,Aspen Daisy,Asteraceae,Hymenoptera,Halictidae,Agapostemon angelicus/texanus,male angelicus,,1
EM01970,,8/4/18,2018,8,216,Elk M.,2,ERISPE,Erigeron speciosus,Aspen Daisy,Asteraceae,Hymenoptera,Apidae,Bombus bifarius,worker,,1
EM01976,,8/4/18,2018,8,216,Elk M.,2,ERISPE,Erigeron speciosus,Aspen Daisy,Asteraceae,Hymenoptera,Apidae,Bombus bifarius,worker,,1
EM02053,,7/17/17,2017,7,198,Elk M.,1,LUPARG,Lupinus argenteus,Silvery Lupine,Fabaceae,Hymenoptera,Halictidae,Lasioglossum (Dialictus) ruidosense,female,,1
EM01551,,6/20/17,2017,6,171,Elk M.,4,ERYCAP,Erysimum capitatum,Western Wallflower,Brassicaceae,Hymenoptera,Halictidae,Halictus virgatellus,female,,1
EM02032,,6/26/17,2017,6,177,Elk M.,1,ERYCAP,Erysimum capitatum,Western Wallflower,Brassicaceae,Hymenoptera,Halictidae,Lasioglossum inconditum,,,1
EM01846,,6/29/18,2018,6,180,Elk M.,2,ERYCAP,Erysimum capitatum,Western Wallflower,Brassicaceae,Hymenoptera,Colletidae,Colletes nigrifrons,female,,1
EM02209,,7/5/20,2020,7,187,Elk M.,2,ERYCAP,Erysimum capitatum,Western Wallflower,Brassicaceae,Hymenoptera,Colletidae,Colletes nigrifrons,female; OSMIA BOX,,1
,,6/27/22,2022,6,178,Elk M.,2,ERYCAP,Erysimum capitatum,Western Wallflower,Brassicaceae,Hymenoptera,Apidae,Bombus bifarius,,,1
EM00221,UCMC 0233971,7/2/15,2015,7,183,Elk M.,2,POTFIS,Potentilla fissa,Big Flower Cinquefoil,Rosaceae,Hymenoptera,Halictidae,Lasioglossum (Dialictus) ruidosense,female,,1
EM00271,UCMC 0234021,7/9/15,2015,7,190,Elk M.,5,POTFIS,Potentilla fissa,Big Flower Cinquefoil,Rosaceae,Hymenoptera,Halictidae,Lasioglossum (Dialictus) ruidosense,female,,1
EM01301,,6/4/16,2016,6,156,Elk M.,5,FRAVIR,Fragaria virginiana,Wild Strawberry,Rosaceae,Hymenoptera,Megachilidae,Osmia sp. B,male,,1
EM01374,,7/8/16,2016,7,190,Elk M.,5,POTFIS,Potentilla fissa,Big Flower Cinquefoil,Rosaceae,Hymenoptera,Halictidae,Lasioglossum (Dialictus) ruidosense,female,,1
EM01330,,6/24/16,2016,6,176,Elk M.,5,FRAVIR,Fragaria virginiana,Wild Strawberry,Rosaceae,Hymenoptera,Andrenidae,Andrena salicifloris,male,,1
EM02040,,7/3/17,2017,7,184,Elk M.,2,POTFIS,Potentilla fissa,Big Flower Cinquefoil,Rosaceae,Hymenoptera,Halictidae,Lasioglossum (Dialictus) ruidosense,female,,1
,,5/24/18,2018,5,144,Elk M.,4,FRAVIR,Fragaria virginiana,Wild Strawberry,Rosaceae,Hymenoptera,Megachilidae,Osmia spp.,male,same as EM01779,1
EM02046,,7/3/17,2017,7,184,Elk M.,5,POTFIS,Potentilla fissa,Big Flower Cinquefoil,Rosaceae,Hymenoptera,Halictidae,Lasioglossum (Dialictus) ruidosense,female,,1
EM02111,,7/2/19,2019,7,183,Elk M.,3,POTFIS,Potentilla fissa,Big Flower Cinquefoil,Rosaceae,Hymenoptera,Halictidae,Lasioglossum (Dialictus) ruidosense,det. JR,,1
EM02130,,7/9/19,2019,7,190,Elk M.,2,POTFIS,Potentilla fissa,Big Flower Cinquefoil,Rosaceae,Hymenoptera,Halictidae,Lasioglossum (Dialictus) ruidosense,det. JR,,1
EM02071,,6/11/19,2019,6,162,Elk M.,2,RANINA,Ranunculus inamoenus,Graceful Buttercup,Ranunculaceae,Hymenoptera,Halictidae,Lasioglossum (Dialictus) ruidosense,det. JR,,1
EM02110,,7/9/19,2019,7,190,Elk M.,2,GALBOR,Galium boreale,Northern Bedstraw,Rubiaceae,Hymenoptera,Andrenidae,Andrena amphibola,female,,1
EM00937,UCMC 0234687,7/30/15,2015,7,211,Elk M.,1,GENACU,Gentianella acuta,Little Gentian,Gentianaceae,Hymenoptera,Halictidae,Lasioglossum sp. 1,female,,1
,,8/1/20,2020,8,214,Elk M.,3,GENACU,Gentianella acuta,Little Gentian,Gentianaceae,Hymenoptera,Apidae,Bombus appositus,,,1
EM02235,,8/1/20,2020,8,214,Elk M.,4,GENACU,Gentianella acuta,Little Gentian,Gentianaceae,Hymenoptera,Apidae,Anthophora urbana,,,1
EM02237,,8/1/20,2020,8,214,Elk M.,4,GENACU,Gentianella acuta,Little Gentian,Gentianaceae,Hymenoptera,Apidae,Anthophora terminalis,,,1
,,8/6/22,2022,8,218,Elk M.,4,GENACU,Gentianella acuta,Little Gentian,Gentianaceae,Hymenoptera,Apidae,Bombus bifarius,,,1
EM01868,,7/6/18,2018,7,187,Elk M.,2,GERRIC,Geranium richardsonii,Richardson Geranium,Geraniaceae,Hymenoptera,Apidae,Bombus mixtus,,,1
EM02157,,8/6/19,2019,8,218,Elk M.,2,GERRIC,Geranium richardsonii,Richardson Geranium,Geraniaceae,Hymenoptera,Colletidae,Hylaeus annulatus,female,,1
EM00952,UCMC 0234702,7/30/15,2015,7,211,Elk M.,3,HETVIL,Heterotheca villosa,Hairy False Goldenaster,Asteraceae,Hymenoptera,Andrenidae,Panurginus spp.,female,,1
EM00953,UCMC 0234703,7/30/15,2015,7,211,Elk M.,3,HETVIL,Heterotheca villosa,Hairy False Goldenaster,Asteraceae,Hymenoptera,Colletidae,Hylaeus personatellus,female,,1
EM01113,UCMC 0234863,8/20/15,2015,8,232,Elk M.,2,HETVIL,Heterotheca villosa,Hairy False Goldenaster,Asteraceae,Hymenoptera,Halictidae,Agapostemon angelicus/texanus,female. can't distunguish species morphologically,,1
EM01128,UCMC 0234878,8/20/15,2015,8,232,Elk M.,6,HETVIL,Heterotheca villosa,Hairy False Goldenaster,Asteraceae,Hymenoptera,Halictidae,Agapostemon angelicus/texanus,female. can't distunguish species morphologically,,1
EM01136,UCMC 0234886,8/20/15,2015,8,232,Elk M.,3,HETVIL,Heterotheca villosa,Hairy False Goldenaster,Asteraceae,Hymenoptera,Apidae,Bombus mixtus,male,,1
EM01173,UCMC 0234923,9/3/15,2015,9,246,Elk M.,3,HETVIL,Heterotheca villosa,Hairy False Goldenaster,Asteraceae,Hymenoptera,Halictidae,Agapostemon angelicus/texanus,male angelicus,,1
EM01206,UCMC 0234956,9/10/15,2015,9,253,Elk M.,4,HETVIL,Heterotheca villosa,Hairy False Goldenaster,Asteraceae,Hymenoptera,Apidae,Melissodes confusus,male,,1
EM01216,UCMC 0234966,9/10/15,2015,9,253,Elk M.,2,HETVIL,Heterotheca villosa,Hairy False Goldenaster,Asteraceae,Hymenoptera,Halictidae,Agapostemon angelicus/texanus,male angelicus,,1
EM01219,UCMC 0234969,9/10/15,2015,9,253,Elk M.,3,HETVIL,Heterotheca villosa,Hairy False Goldenaster,Asteraceae,Hymenoptera,Halictidae,Agapostemon angelicus/texanus,male angelicus,,1
EM01209,UCMC 0234959,9/10/15,2015,9,253,Elk M.,6,HETVIL,Heterotheca villosa,Hairy False Goldenaster,Asteraceae,Hymenoptera,Halictidae,Agapostemon angelicus/texanus,male angelicus,,1
EM01230,UCMC 0234980,9/17/15,2015,9,260,Elk M.,3,HETVIL,Heterotheca villosa,Hairy False Goldenaster,Asteraceae,Hymenoptera,Halictidae,Agapostemon angelicus/texanus,male angelicus,,1
EM01422,,7/29/16,2016,7,211,Elk M.,6,HETVIL,Heterotheca villosa,Hairy False Goldenaster,Asteraceae,Hymenoptera,Apidae,Bombus bifarius,female,,1
EM01434,,7/29/16,2016,7,211,Elk M.,6,HETVIL,Heterotheca villosa,Hairy False Goldenaster,Asteraceae,Hymenoptera,Apidae,Bombus bifarius,female,,1
EM01420,,7/29/16,2016,7,211,Elk M.,5,HETVIL,Heterotheca villosa,Hairy False Goldenaster,Asteraceae,Hymenoptera,Apidae,Bombus bifarius,male,,1
EM01435,,8/5/16,2016,8,218,Elk M.,4,HETVIL,Heterotheca villosa,Hairy False Goldenaster,Asteraceae,Hymenoptera,Megachilidae,Megachile relativa,male,,1
EM01444,,8/11/16,2016,8,224,Elk M.,1,HETVIL,Heterotheca villosa,Hairy False Goldenaster,Asteraceae,Hymenoptera,Andrenidae,Pseudopanurgus didirupa,female,,1
EM01462,,8/19/16,2016,8,232,Elk M.,3,HETVIL,Heterotheca villosa,Hairy False Goldenaster,Asteraceae,Hymenoptera,Apidae,Melissodes confusus,male,,1
EM01446,,8/19/16,2016,8,232,Elk M.,5,HETVIL,Heterotheca villosa,Hairy False Goldenaster,Asteraceae,Hymenoptera,Halictidae,Agapostemon angelicus/texanus,male angelicus,,1
EM01469,,8/26/16,2016,8,239,Elk M.,6,HETVIL,Heterotheca villosa,Hairy False Goldenaster,Asteraceae,Hymenoptera,Andrenidae,Andrena sp. 3,female,,1
EM01475,,8/26/16,2016,8,239,Elk M.,6,HETVIL,Heterotheca villosa,Hairy False Goldenaster,Asteraceae,Hymenoptera,Andrenidae,Andrena sp. 2,female,,1
EM01467,,8/26/16,2016,8,239,Elk M.,3,HETVIL,Heterotheca villosa,Hairy False Goldenaster,Asteraceae,Hymenoptera,Halictidae,Lasioglossum sp.,Lasioglossum (Dialictus) mixed spp.; male,,1
EM02042,,7/3/17,2017,7,184,Elk M.,2,ROSWOO,Rosa woodsii,Woods' Rose,Rosaceae,Hymenoptera,Halictidae,Lasioglossum (Dialictus) ruidosense,female,,1
EM01463a,,8/26/16,2016,8,239,Elk M.,3,HETVIL,Heterotheca villosa,Hairy False Goldenaster,Asteraceae,Hymenoptera,Apidae,Bombus sylvicola,,,1
EM01478,,8/26/16,2016,8,239,Elk M.,5,HETVIL,Heterotheca villosa,Hairy False Goldenaster,Asteraceae,Hymenoptera,Apidae,Bombus flavifrons,,,1
EM01489,,9/9/16,2016,9,253,Elk M.,3,HETVIL,Heterotheca villosa,Hairy False Goldenaster,Asteraceae,Hymenoptera,Apidae,Bombus californicus,female,,1
EM01490,,9/9/16,2016,9,253,Elk M.,6,HETVIL,Heterotheca villosa,Hairy False Goldenaster,Asteraceae,Hymenoptera,Halictidae,Halictus ligatus,female,,1
EM01617,,7/17/17,2017,7,198,Elk M.,3,HETVIL,Heterotheca villosa,Hairy False Goldenaster,Asteraceae,Hymenoptera,Colletidae,Hylaeus personatellus,female,,1
EM01619,,7/17/17,2017,7,198,Elk M.,6,HETVIL,Heterotheca villosa,Hairy False Goldenaster,Asteraceae,Hymenoptera,Megachilidae,Megachile relativa,female,,1
EM01647,,7/25/17,2017,7,206,Elk M.,3,HETVIL,Heterotheca villosa,Hairy False Goldenaster,Asteraceae,Hymenoptera,Apidae,Bombus mixtus,male,,1
EM01663,,7/31/17,2017,7,212,Elk M.,6,HETVIL,Heterotheca villosa,Hairy False Goldenaster,Asteraceae,Hymenoptera,Halictidae,Agapostemon angelicus/texanus,female. can't distunguish species morphologically,,1
EM01651,,7/31/17,2017,7,212,Elk M.,6,HETVIL,Heterotheca villosa,Hairy False Goldenaster,Asteraceae,Hymenoptera,Halictidae,Lasioglossum inconditum,Hemihalictus group; male,,1
EM01658,,7/31/17,2017,7,212,Elk M.,5,HETVIL,Heterotheca villosa,Hairy False Goldenaster,Asteraceae,Hymenoptera,Apidae,Bombus mixtus,male,,1
EM01673,,7/31/17,2017,7,212,Elk M.,5,HETVIL,Heterotheca villosa,Hairy False Goldenaster,Asteraceae,Hymenoptera,Apidae,Bombus melanopygus,male,,1
EM01653,,7/31/17,2017,7,212,Elk M.,3,HETVIL,Heterotheca villosa,Hairy False Goldenaster,Asteraceae,Hymenoptera,Apidae,Bombus mixtus,worker,,1
EM01677,,7/31/17,2017,7,212,Elk M.,3,HETVIL,Heterotheca villosa,Hairy False Goldenaster,Asteraceae,Hymenoptera,Apidae,Bombus mixtus,worker,,1
EM01659,,7/31/17,2017,7,212,Elk M.,5,HETVIL,Heterotheca villosa,Hairy False Goldenaster,Asteraceae,Hymenoptera,Apidae,Bombus bifarius,worker,,1
EM01672,,7/31/17,2017,7,212,Elk M.,6,HETVIL,Heterotheca villosa,Hairy False Goldenaster,Asteraceae,Hymenoptera,Apidae,Bombus bifarius,worker,,1
EM01681,,8/8/17,2017,8,220,Elk M.,3,HETVIL,Heterotheca villosa,Hairy False Goldenaster,Asteraceae,Hymenoptera,Apidae,Bombus bifarius,worker,,1
EM01707,,8/14/17,2017,8,226,Elk M.,3,HETVIL,Heterotheca villosa,Hairy False Goldenaster,Asteraceae,Hymenoptera,Megachilidae,Coelioxys sodalis,kleptoparasitic on megachille; female,,1
EM01694,,8/14/17,2017,8,226,Elk M.,2,HETVIL,Heterotheca villosa,Hairy False Goldenaster,Asteraceae,Hymenoptera,Apidae,Bombus flavifrons,male,,1
EM01703,,8/14/17,2017,8,226,Elk M.,5,HETVIL,Heterotheca villosa,Hairy False Goldenaster,Asteraceae,Hymenoptera,Halictidae,Augochlorella aurata,male,,1
EM01692,,8/14/17,2017,8,226,Elk M.,6,HETVIL,Heterotheca villosa,Hairy False Goldenaster,Asteraceae,Hymenoptera,Apidae,Bombus flavifrons,male,,1
EM01689,,8/14/17,2017,8,226,Elk M.,3,HETVIL,Heterotheca villosa,Hairy False Goldenaster,Asteraceae,Hymenoptera,Apidae,Bombus mixtus,worker,,1
EM01705,,8/14/17,2017,8,226,Elk M.,3,HETVIL,Heterotheca villosa,Hairy False Goldenaster,Asteraceae,Hymenoptera,Apidae,Bombus mixtus,worker,,1
EM01697,,8/14/17,2017,8,226,Elk M.,4,HETVIL,Heterotheca villosa,Hairy False Goldenaster,Asteraceae,Hymenoptera,Apidae,Bombus mixtus,worker,,1
EM01701,,8/14/17,2017,8,226,Elk M.,4,HETVIL,Heterotheca villosa,Hairy False Goldenaster,Asteraceae,Hymenoptera,Apidae,Bombus flavifrons,worker,,1
EM01690,,8/14/17,2017,8,226,Elk M.,5,HETVIL,Heterotheca villosa,Hairy False Goldenaster,Asteraceae,Hymenoptera,Apidae,Bombus flavifrons,worker,,1
EM01702,,8/14/17,2017,8,226,Elk M.,5,HETVIL,Heterotheca villosa,Hairy False Goldenaster,Asteraceae,Hymenoptera,Apidae,Bombus bifarius,worker,,1
EM01704,,8/14/17,2017,8,226,Elk M.,5,HETVIL,Heterotheca villosa,Hairy False Goldenaster,Asteraceae,Hymenoptera,Apidae,Bombus bifarius,worker,,1
,,8/14/17,2017,8,226,Elk M.,6,HETVIL,Heterotheca villosa,Hairy False Goldenaster,Asteraceae,Hymenoptera,Apidae,Bombus mixtus,worker,,1
EM02105,,7/13/19,2019,7,194,Elk M.,3,ROSWOO,Rosa woodsii,Woods' Rose,Rosaceae,Hymenoptera,Halictidae,Lasioglossum (Dialictus) ruidosense,det. JR,,1
EM01921,,7/11/18,2018,7,192,Elk M.,6,SEDLAN,Sedum lanceolatum,Yellow Stonecrop,Crassulaceae,Hymenoptera,Halictidae,Lasioglossum (Dialictus) ruidosense,female,,1
EM01718,,8/22/17,2017,8,234,Elk M.,3,HETVIL,Heterotheca villosa,Hairy False Goldenaster,Asteraceae,Hymenoptera,Apidae,Bombus bifarius,male,,1
EM01724,,8/22/17,2017,8,234,Elk M.,3,HETVIL,Heterotheca villosa,Hairy False Goldenaster,Asteraceae,Hymenoptera,Halictidae,Halictus ligatus,male,,1
EM01715,,8/22/17,2017,8,234,Elk M.,6,HETVIL,Heterotheca villosa,Hairy False Goldenaster,Asteraceae,Hymenoptera,Apidae,Bombus bifarius,male,,1
EM01719,,8/22/17,2017,8,234,Elk M.,6,HETVIL,Heterotheca villosa,Hairy False Goldenaster,Asteraceae,Hymenoptera,Apidae,Bombus flavifrons,male,,1
EM01720,,8/22/17,2017,8,234,Elk M.,6,HETVIL,Heterotheca villosa,Hairy False Goldenaster,Asteraceae,Hymenoptera,Apidae,Bombus mixtus,male,,1
EM01726,,8/22/17,2017,8,234,Elk M.,2,HETVIL,Heterotheca villosa,Hairy False Goldenaster,Asteraceae,Hymenoptera,Apidae,Bombus bifarius,worker,,1
EM01716,,8/22/17,2017,8,234,Elk M.,4,HETVIL,Heterotheca villosa,Hairy False Goldenaster,Asteraceae,Hymenoptera,Apidae,Bombus mixtus,worker,,1
EM01723,,8/22/17,2017,8,234,Elk M.,6,HETVIL,Heterotheca villosa,Hairy False Goldenaster,Asteraceae,Hymenoptera,Apidae,Bombus bifarius,worker,,1
EM01742,,8/30/17,2017,8,242,Elk M.,5,HETVIL,Heterotheca villosa,Hairy False Goldenaster,Asteraceae,Hymenoptera,Apidae,Bombus mixtus,male,,1
EM01731,,8/30/17,2017,8,242,Elk M.,3,HETVIL,Heterotheca villosa,Hairy False Goldenaster,Asteraceae,Hymenoptera,Apidae,Bombus flavifrons,worker,,1
EM01735,,8/30/17,2017,8,242,Elk M.,3,HETVIL,Heterotheca villosa,Hairy False Goldenaster,Asteraceae,Hymenoptera,Apidae,Bombus mixtus,worker,,1
EM01736,,8/30/17,2017,8,242,Elk M.,3,HETVIL,Heterotheca villosa,Hairy False Goldenaster,Asteraceae,Hymenoptera,Apidae,Bombus bifarius,worker,,1
EM01741,,8/30/17,2017,8,242,Elk M.,3,HETVIL,Heterotheca villosa,Hairy False Goldenaster,Asteraceae,Hymenoptera,Apidae,Bombus flavifrons,worker,,1
EM01737,,8/30/17,2017,8,242,Elk M.,4,HETVIL,Heterotheca villosa,Hairy False Goldenaster,Asteraceae,Hymenoptera,Apidae,Bombus mixtus,worker,,1
EM02154,,8/6/19,2019,8,218,Elk M.,3,SEDLAN,Sedum lanceolatum,Yellow Stonecrop,Crassulaceae,Hymenoptera,Halictidae,Lasioglossum (Dialictus) ruidosense,det. JR,,1
EM01753,,9/6/17,2017,9,249,Elk M.,3,SYMPOR,Symphyotrichum porteri,Smooth White Aster,Asteraceae,Hymenoptera,Halictidae,Lasioglossum (Dialictus) ruidosense,female,,1
EM01748,,9/6/17,2017,9,249,Elk M.,5,HETVIL,Heterotheca villosa,Hairy False Goldenaster,Asteraceae,Hymenoptera,Apidae,Bombus bifarius,worker,,1
EM01752,,9/6/17,2017,9,249,Elk M.,6,HETVIL,Heterotheca villosa,Hairy False Goldenaster,Asteraceae,Hymenoptera,Apidae,Bombus bifarius,worker,,1
EM01763,,9/13/17,2017,9,256,Elk M.,6,HETVIL,Heterotheca villosa,Hairy False Goldenaster,Asteraceae,Hymenoptera,Halictidae,Lasioglossum foxii,Hemihalictus group; male,,1
EM01915,,7/11/18,2018,7,192,Elk M.,5,HETVIL,Heterotheca villosa,Hairy False Goldenaster,Asteraceae,Hymenoptera,Colletidae,Hylaeus personatellus,female,,1
EM01931,,7/20/18,2018,7,201,Elk M.,2,HETVIL,Heterotheca villosa,Hairy False Goldenaster,Asteraceae,Hymenoptera,Megachilidae,Megachile relativa,female,,1
,,7/20/18,2018,7,201,Elk M.,2,HETVIL,Heterotheca villosa,Hairy False Goldenaster,Asteraceae,Hymenoptera,Megachilidae,Megachile relativa,female,,1
,,7/20/18,2018,7,201,Elk M.,3,HETVIL,Heterotheca villosa,Hairy False Goldenaster,Asteraceae,Hymenoptera,Apidae,Bombus bifarius,worker,,1
EM01964,,7/25/18,2018,7,206,Elk M.,5,HETVIL,Heterotheca villosa,Hairy False Goldenaster,Asteraceae,Hymenoptera,Megachilidae,Megachile pugnata,male,,1
EM01960,,7/25/18,2018,7,206,Elk M.,3,HETVIL,Heterotheca villosa,Hairy False Goldenaster,Asteraceae,Hymenoptera,Apidae,Bombus bifarius,worker,,1
EM01945,,7/25/18,2018,7,206,Elk M.,4,HETVIL,Heterotheca villosa,Hairy False Goldenaster,Asteraceae,Hymenoptera,Apidae,Bombus bifarius,worker,,1
EM01965,,7/25/18,2018,7,206,Elk M.,5,HETVIL,Heterotheca villosa,Hairy False Goldenaster,Asteraceae,Hymenoptera,Apidae,Bombus bifarius,worker,,1
EM01948,,7/25/18,2018,7,206,Elk M.,6,HETVIL,Heterotheca villosa,Hairy False Goldenaster,Asteraceae,Hymenoptera,Apidae,Bombus bifarius,worker,,1
EM01971,,8/4/18,2018,8,216,Elk M.,3,HETVIL,Heterotheca villosa,Hairy False Goldenaster,Asteraceae,Hymenoptera,Apidae,Bombus bifarius,worker,,1
EM01968,,8/4/18,2018,8,216,Elk M.,4,HETVIL,Heterotheca villosa,Hairy False Goldenaster,Asteraceae,Hymenoptera,Apidae,Bombus bifarius,worker,,1
EM01974,,8/4/18,2018,8,216,Elk M.,4,HETVIL,Heterotheca villosa,Hairy False Goldenaster,Asteraceae,Hymenoptera,Apidae,Bombus bifarius,worker,,1
EM01972,,8/4/18,2018,8,216,Elk M.,5,HETVIL,Heterotheca villosa,Hairy False Goldenaster,Asteraceae,Hymenoptera,Apidae,Bombus bifarius,worker,,1
EM01977,,8/4/18,2018,8,216,Elk M.,6,HETVIL,Heterotheca villosa,Hairy False Goldenaster,Asteraceae,Hymenoptera,Apidae,Bombus bifarius,worker,,1
EM01978,,8/4/18,2018,8,216,Elk M.,6,HETVIL,Heterotheca villosa,Hairy False Goldenaster,Asteraceae,Hymenoptera,Apidae,Bombus bifarius,worker,,1
EM01983,,8/10/18,2018,8,222,Elk M.,5,HETVIL,Heterotheca villosa,Hairy False Goldenaster,Asteraceae,Hymenoptera,Apidae,Bombus flavifrons,male,,1
EM01987,,8/10/18,2018,8,222,Elk M.,3,HETVIL,Heterotheca villosa,Hairy False Goldenaster,Asteraceae,Hymenoptera,Apidae,Bombus bifarius,worker,,1
EM01992,,8/10/18,2018,8,222,Elk M.,3,HETVIL,Heterotheca villosa,Hairy False Goldenaster,Asteraceae,Hymenoptera,Apidae,Bombus bifarius,worker,,1
EM01992,,8/10/18,2018,8,222,Elk M.,3,HETVIL,Heterotheca villosa,Hairy False Goldenaster,Asteraceae,Hymenoptera,Apidae,Bombus bifarius,worker,,1
EM01992,,8/10/18,2018,8,222,Elk M.,3,HETVIL,Heterotheca villosa,Hairy False Goldenaster,Asteraceae,Hymenoptera,Apidae,Bombus bifarius,worker,,1
EM01992,,8/10/18,2018,8,222,Elk M.,3,HETVIL,Heterotheca villosa,Hairy False Goldenaster,Asteraceae,Hymenoptera,Apidae,Bombus bifarius,worker,,1
EM01994,,8/10/18,2018,8,222,Elk M.,3,HETVIL,Heterotheca villosa,Hairy False Goldenaster,Asteraceae,Hymenoptera,Apidae,Bombus bifarius,worker,,1
EM01990,,8/10/18,2018,8,222,Elk M.,4,HETVIL,Heterotheca villosa,Hairy False Goldenaster,Asteraceae,Hymenoptera,Apidae,Bombus bifarius,worker,,1
EM01990,,8/10/18,2018,8,222,Elk M.,4,HETVIL,Heterotheca villosa,Hairy False Goldenaster,Asteraceae,Hymenoptera,Apidae,Bombus bifarius,worker,,1
EM01985,,8/10/18,2018,8,222,Elk M.,5,HETVIL,Heterotheca villosa,Hairy False Goldenaster,Asteraceae,Hymenoptera,Apidae,Bombus bifarius,worker,,1
EM01995,,8/10/18,2018,8,222,Elk M.,5,HETVIL,Heterotheca villosa,Hairy False Goldenaster,Asteraceae,Hymenoptera,Apidae,Bombus bifarius,worker,,1
EM01984,,8/10/18,2018,8,222,Elk M.,6,HETVIL,Heterotheca villosa,Hairy False Goldenaster,Asteraceae,Hymenoptera,Apidae,Bombus mixtus,,,1
,,8/16/18,2018,8,228,Elk M.,2,HETVIL,Heterotheca villosa,Hairy False Goldenaster,Asteraceae,Hymenoptera,Halictidae,Agapostemon angelicus/texanus,male angelicus,,1
,,8/16/18,2018,8,228,Elk M.,4,HETVIL,Heterotheca villosa,Hairy False Goldenaster,Asteraceae,Hymenoptera,Halictidae,Agapostemon angelicus/texanus,male angelicus,,1
EM02000,,8/16/18,2018,8,228,Elk M.,3,HETVIL,Heterotheca villosa,Hairy False Goldenaster,Asteraceae,Hymenoptera,Apidae,Bombus bifarius,worker,,1
EM02001,,8/16/18,2018,8,228,Elk M.,3,HETVIL,Heterotheca villosa,Hairy False Goldenaster,Asteraceae,Hymenoptera,Apidae,Bombus bifarius,worker,,1
EM02004,,8/16/18,2018,8,228,Elk M.,3,HETVIL,Heterotheca villosa,Hairy False Goldenaster,Asteraceae,Hymenoptera,Apidae,Bombus bifarius,worker,,1
EM02005,,8/16/18,2018,8,228,Elk M.,4,HETVIL,Heterotheca villosa,Hairy False Goldenaster,Asteraceae,Hymenoptera,Apidae,Bombus bifarius,worker,,1
,,8/16/18,2018,8,228,Elk M.,4,HETVIL,Heterotheca villosa,Hairy False Goldenaster,Asteraceae,Hymenoptera,Apidae,Bombus bifarius,worker,,1
,,8/16/18,2018,8,228,Elk M.,4,HETVIL,Heterotheca villosa,Hairy False Goldenaster,Asteraceae,Hymenoptera,Apidae,Bombus bifarius,worker,,1
,,8/16/18,2018,8,228,Elk M.,4,HETVIL,Heterotheca villosa,Hairy False Goldenaster,Asteraceae,Hymenoptera,Apidae,Bombus bifarius,worker,,1
EM01999,,8/16/18,2018,8,228,Elk M.,6,HETVIL,Heterotheca villosa,Hairy False Goldenaster,Asteraceae,Hymenoptera,Apidae,Bombus bifarius,worker,,1
EM02002,,8/16/18,2018,8,228,Elk M.,6,HETVIL,Heterotheca villosa,Hairy False Goldenaster,Asteraceae,Hymenoptera,Apidae,Bombus bifarius,worker,,1
EM02006,,8/16/18,2018,8,228,Elk M.,3,HETVIL,Heterotheca villosa,Hairy False Goldenaster,Asteraceae,Hymenoptera,Apidae,Bombus flavifrons,,,1
EM02007,,8/16/18,2018,8,228,Elk M.,3,HETVIL,Heterotheca villosa,Hairy False Goldenaster,Asteraceae,Hymenoptera,Apidae,Bombus rufocinctus,,,1
EM02017,,8/24/18,2018,8,236,Elk M.,2,HETVIL,Heterotheca villosa,Hairy False Goldenaster,Asteraceae,Hymenoptera,Apidae,Bombus bifarius,worker,,1
EM02014,,8/24/18,2018,8,236,Elk M.,3,HETVIL,Heterotheca villosa,Hairy False Goldenaster,Asteraceae,Hymenoptera,Apidae,Bombus bifarius,worker,,1
,,8/24/18,2018,8,236,Elk M.,3,HETVIL,Heterotheca villosa,Hairy False Goldenaster,Asteraceae,Hymenoptera,Apidae,Bombus bifarius,worker,,1
EM02009,,8/24/18,2018,8,236,Elk M.,5,HETVIL,Heterotheca villosa,Hairy False Goldenaster,Asteraceae,Hymenoptera,Apidae,Bombus bifarius,worker,,1
EM02020,,8/30/18,2018,8,242,Elk M.,3,HETVIL,Heterotheca villosa,Hairy False Goldenaster,Asteraceae,Hymenoptera,Apidae,Bombus rufocinctus,male,,1
EM02023,,8/30/18,2018,8,242,Elk M.,3,HETVIL,Heterotheca villosa,Hairy False Goldenaster,Asteraceae,Hymenoptera,Apidae,Bombus bifarius,worker,,1
EM02025,,8/30/18,2018,8,242,Elk M.,4,HETVIL,Heterotheca villosa,Hairy False Goldenaster,Asteraceae,Hymenoptera,Apidae,Bombus bifarius,worker,,1
EM02019,,8/30/18,2018,8,242,Elk M.,3,HETVIL,Heterotheca villosa,Hairy False Goldenaster,Asteraceae,Hymenoptera,Apidae,Bombus rufocinctus,,,1
EM02147,,8/11/19,2019,8,223,Elk M.,2,HETVIL,Heterotheca villosa,Hairy False Goldenaster,Asteraceae,Hymenoptera,Halictidae,Lasioglossum foxii,det. JR,,1
EM02144,,8/11/19,2019,8,223,Elk M.,3,HETVIL,Heterotheca villosa,Hairy False Goldenaster,Asteraceae,Hymenoptera,Megachilidae,Megachile relativa,,,1
,,8/11/19,2019,8,223,Elk M.,3,HETVIL,Heterotheca villosa,Hairy False Goldenaster,Asteraceae,Hymenoptera,Apidae,Bombus mixtus,,,1
,,8/20/19,2019,8,232,Elk M.,3,HETVIL,Heterotheca villosa,Hairy False Goldenaster,Asteraceae,Hymenoptera,Apidae,Apis mellifera,,,1
,,8/20/19,2019,8,232,Elk M.,3,HETVIL,Heterotheca villosa,Hairy False Goldenaster,Asteraceae,Hymenoptera,Apidae,Bombus mixtus,,,1
,,8/20/19,2019,8,232,Elk M.,4,HETVIL,Heterotheca villosa,Hairy False Goldenaster,Asteraceae,Hymenoptera,Apidae,Bombus bifarius,,,1
,,8/20/19,2019,8,232,Elk M.,6,HETVIL,Heterotheca villosa,Hairy False Goldenaster,Asteraceae,Hymenoptera,Apidae,Bombus flavifrons,,,1
,,8/26/19,2019,8,238,Elk M.,2,HETVIL,Heterotheca villosa,Hairy False Goldenaster,Asteraceae,Hymenoptera,Apidae,Apis mellifera,,,1
,,8/26/19,2019,8,238,Elk M.,3,HETVIL,Heterotheca villosa,Hairy False Goldenaster,Asteraceae,Hymenoptera,Apidae,Bombus flavifrons,,,1
,,8/26/19,2019,8,238,Elk M.,4,HETVIL,Heterotheca villosa,Hairy False Goldenaster,Asteraceae,Hymenoptera,Apidae,Bombus flavifrons,,,1
,,8/26/19,2019,8,238,Elk M.,6,HETVIL,Heterotheca villosa,Hairy False Goldenaster,Asteraceae,Hymenoptera,Apidae,Bombus flavifrons,,,1
EM02102,,9/2/19,2019,9,245,Elk M.,3,HETVIL,Heterotheca villosa,Hairy False Goldenaster,Asteraceae,Hymenoptera,Apidae,Bombus melanopygus,male,,1
,,9/2/19,2019,9,245,Elk M.,3,HETVIL,Heterotheca villosa,Hairy False Goldenaster,Asteraceae,Hymenoptera,Apidae,Apis mellifera,,,1
,,9/2/19,2019,9,245,Elk M.,3,HETVIL,Heterotheca villosa,Hairy False Goldenaster,Asteraceae,Hymenoptera,Apidae,Bombus bifarius,,,1
,,9/2/19,2019,9,245,Elk M.,3,HETVIL,Heterotheca villosa,Hairy False Goldenaster,Asteraceae,Hymenoptera,Apidae,Bombus bifarius,,,1
,,9/2/19,2019,9,245,Elk M.,4,HETVIL,Heterotheca villosa,Hairy False Goldenaster,Asteraceae,Hymenoptera,Apidae,Bombus bifarius,,,1
,,9/2/19,2019,9,245,Elk M.,4,HETVIL,Heterotheca villosa,Hairy False Goldenaster,Asteraceae,Hymenoptera,Apidae,Bombus bifarius,,,1
,,9/2/19,2019,9,245,Elk M.,4,HETVIL,Heterotheca villosa,Hairy False Goldenaster,Asteraceae,Hymenoptera,Apidae,Bombus bifarius,,,1
,,9/2/19,2019,9,245,Elk M.,5,HETVIL,Heterotheca villosa,Hairy False Goldenaster,Asteraceae,Hymenoptera,Apidae,Bombus bifarius,,,1
,,9/2/19,2019,9,245,Elk M.,6,HETVIL,Heterotheca villosa,Hairy False Goldenaster,Asteraceae,Hymenoptera,Apidae,Apis mellifera,,,1
,,9/2/19,2019,9,245,Elk M.,6,HETVIL,Heterotheca villosa,Hairy False Goldenaster,Asteraceae,Hymenoptera,Apidae,Apis mellifera,,,1
EM02095,,9/9/19,2019,9,252,Elk M.,4,HETVIL,Heterotheca villosa,Hairy False Goldenaster,Asteraceae,Hymenoptera,Apidae,Bombus flavifrons,male,,1
,,9/9/19,2019,9,252,Elk M.,3,HETVIL,Heterotheca villosa,Hairy False Goldenaster,Asteraceae,Hymenoptera,Apidae,Bombus bifarius,,,1
EM02094,,9/15/19,2019,9,258,Elk M.,5,HETVIL,Heterotheca villosa,Hairy False Goldenaster,Asteraceae,Hymenoptera,Halictidae,Lasioglossum foxii,det. JR,,1
EM02091,,9/15/19,2019,9,258,Elk M.,3,HETVIL,Heterotheca villosa,Hairy False Goldenaster,Asteraceae,Hymenoptera,Megachilidae,Osmia pusilla,female,,1
,,9/15/19,2019,9,258,Elk M.,3,HETVIL,Heterotheca villosa,Hairy False Goldenaster,Asteraceae,Hymenoptera,Apidae,Apis mellifera,,,1
,,9/15/19,2019,9,258,Elk M.,3,HETVIL,Heterotheca villosa,Hairy False Goldenaster,Asteraceae,Hymenoptera,Apidae,Bombus bifarius,,,1
,,9/15/19,2019,9,258,Elk M.,3,HETVIL,Heterotheca villosa,Hairy False Goldenaster,Asteraceae,Hymenoptera,Apidae,Bombus bifarius,,,1
,,9/15/19,2019,9,258,Elk M.,4,HETVIL,Heterotheca villosa,Hairy False Goldenaster,Asteraceae,Hymenoptera,Apidae,Bombus sylvicola,,,1
,,9/15/19,2019,9,258,Elk M.,5,HETVIL,Heterotheca villosa,Hairy False Goldenaster,Asteraceae,Hymenoptera,Apidae,Bombus bifarius,,,1
,,9/15/19,2019,9,258,Elk M.,5,HETVIL,Heterotheca villosa,Hairy False Goldenaster,Asteraceae,Hymenoptera,Apidae,Bombus bifarius,,,1
EM02265,,7/18/20,2020,7,200,Elk M.,3,HETVIL,Heterotheca villosa,Hairy False Goldenaster,Asteraceae,Hymenoptera,Apidae,Bombus bifarius,female,,1
EM02226,,7/26/20,2020,7,208,Elk M.,3,HETVIL,Heterotheca villosa,Hairy False Goldenaster,Asteraceae,Hymenoptera,Apidae,Bombus bifarius,female,,1
EM02246,,8/8/20,2020,8,221,Elk M.,4,HETVIL,Heterotheca villosa,Hairy False Goldenaster,Asteraceae,Hymenoptera,Apidae,Bombus flavifrons,female,,1
EM02316,,8/16/20,2020,8,229,Elk M.,4,HETVIL,Heterotheca villosa,Hairy False Goldenaster,Asteraceae,Hymenoptera,Apidae,Bombus bifarius,female,,1
EM02319,,8/16/20,2020,8,229,Elk M.,3,HETVIL,Heterotheca villosa,Hairy False Goldenaster,Asteraceae,Hymenoptera,Apidae,Bombus bifarius,male,,1
EM02321,,8/16/20,2020,8,229,Elk M.,4,HETVIL,Heterotheca villosa,Hairy False Goldenaster,Asteraceae,Hymenoptera,Halictidae,Agapostemon angelicus/texanus,male angelicus,,1
,,8/16/20,2020,8,229,Elk M.,4,HETVIL,Heterotheca villosa,Hairy False Goldenaster,Asteraceae,Hymenoptera,Apidae,Anthophora urbana,same as EM02314,,1
EM02311,,8/16/20,2020,8,229,Elk M.,3,HETVIL,Heterotheca villosa,Hairy False Goldenaster,Asteraceae,Hymenoptera,Apidae,Bombus fernaldae,,,1
EM02314,,8/16/20,2020,8,229,Elk M.,4,HETVIL,Heterotheca villosa,Hairy False Goldenaster,Asteraceae,Hymenoptera,Apidae,Anthophora urbana,,,1
EM02327,,8/22/20,2020,8,235,Elk M.,3,HETVIL,Heterotheca villosa,Hairy False Goldenaster,Asteraceae,Hymenoptera,Apidae,Anthophora bomboides,big bee,,1
EM02325,,8/22/20,2020,8,235,Elk M.,2,HETVIL,Heterotheca villosa,Hairy False Goldenaster,Asteraceae,Hymenoptera,Apidae,Bombus flavifrons,male,,1
,,8/22/20,2020,8,235,Elk M.,3,HETVIL,Heterotheca villosa,Hairy False Goldenaster,Asteraceae,Hymenoptera,Halictidae,Agapostemon angelicus/texanus,,,1
,,8/22/20,2020,8,235,Elk M.,3,HETVIL,Heterotheca villosa,Hairy False Goldenaster,Asteraceae,Hymenoptera,Apidae,Bombus bifarius,,,1
,,8/22/20,2020,8,235,Elk M.,5,HETVIL,Heterotheca villosa,Hairy False Goldenaster,Asteraceae,Hymenoptera,Apidae,Bombus bifarius,,,1
EM02253,,8/30/20,2020,8,243,Elk M.,6,HETVIL,Heterotheca villosa,Hairy False Goldenaster,Asteraceae,Hymenoptera,Apidae,Bombus mixtus,female,,1
EM02259,,8/30/20,2020,8,243,Elk M.,2,HETVIL,Heterotheca villosa,Hairy False Goldenaster,Asteraceae,Hymenoptera,Apidae,Bombus insularis,male,,1
EM02254,,8/30/20,2020,8,243,Elk M.,4,HETVIL,Heterotheca villosa,Hairy False Goldenaster,Asteraceae,Hymenoptera,Apidae,Bombus bifarius,male,,1
EM02258,,8/30/20,2020,8,243,Elk M.,2,HETVIL,Heterotheca villosa,Hairy False Goldenaster,Asteraceae,Hymenoptera,Apidae,Melissodes confusus,female,,1
,,8/30/20,2020,8,243,Elk M.,4,HETVIL,Heterotheca villosa,Hairy False Goldenaster,Asteraceae,Hymenoptera,Apidae,Bombus bifarius,,,1
EM02331,,9/5/20,2020,9,249,Elk M.,2,HETVIL,Heterotheca villosa,Hairy False Goldenaster,Asteraceae,Hymenoptera,Apidae,Bombus bifarius,female,,1
EM02330,,9/5/20,2020,9,249,Elk M.,4,HETVIL,Heterotheca villosa,Hairy False Goldenaster,Asteraceae,Hymenoptera,Apidae,Bombus insularis,male,,1
EM02332,,9/5/20,2020,9,249,Elk M.,6,HETVIL,Heterotheca villosa,Hairy False Goldenaster,Asteraceae,Hymenoptera,Apidae,Bombus bifarius,male,,1
EM02333,,9/5/20,2020,9,249,Elk M.,6,HETVIL,Heterotheca villosa,Hairy False Goldenaster,Asteraceae,Hymenoptera,Apidae,Bombus sylvicola,male,,1
EM02334,,9/5/20,2020,9,249,Elk M.,6,HETVIL,Heterotheca villosa,Hairy False Goldenaster,Asteraceae,Hymenoptera,Apidae,Anthophora montana,,,1
,,9/5/20,2020,9,249,Elk M.,6,HETVIL,Heterotheca villosa,Hairy False Goldenaster,Asteraceae,Hymenoptera,Halictidae,Agapostemon angelicus/texanus,,,1
EM02472,,7/22/21,2021,7,203,Elk M.,4,HETVIL,Heterotheca villosa,Hairy False Goldenaster,Asteraceae,Hymenoptera,Apidae,Bombus mixtus,female,,1
EM02509,,7/28/21,2021,7,209,Elk M.,3,HETVIL,Heterotheca villosa,Hairy False Goldenaster,Asteraceae,Hymenoptera,Apidae,Bombus melanopygus,female,,1
EM02510,,7/28/21,2021,7,209,Elk M.,3,HETVIL,Heterotheca villosa,Hairy False Goldenaster,Asteraceae,Hymenoptera,Apidae,Bombus flavifrons,female,,1
EM02501,,7/28/21,2021,7,209,Elk M.,4,HETVIL,Heterotheca villosa,Hairy False Goldenaster,Asteraceae,Hymenoptera,Apidae,Bombus bifarius,female,,1
EM02496,,7/28/21,2021,7,209,Elk M.,6,HETVIL,Heterotheca villosa,Hairy False Goldenaster,Asteraceae,Hymenoptera,Apidae,Bombus mixtus,female,,1
EM02497,,7/28/21,2021,7,209,Elk M.,6,HETVIL,Heterotheca villosa,Hairy False Goldenaster,Asteraceae,Hymenoptera,Apidae,Bombus flavifrons,female,,1
EM02525,,7/28/21,2021,7,209,Elk M.,6,HETVIL,Heterotheca villosa,Hairy False Goldenaster,Asteraceae,Hymenoptera,Apidae,Bombus rufocinctus,female,,1
EM02504,,7/28/21,2021,7,209,Elk M.,6,HETVIL,Heterotheca villosa,Hairy False Goldenaster,Asteraceae,Hymenoptera,Megachilidae,Coelioxys sodalis,kleptoparasitic on megachille; female,,1
EM02534,,8/4/21,2021,8,216,Elk M.,2,HETVIL,Heterotheca villosa,Hairy False Goldenaster,Asteraceae,Hymenoptera,Halictidae,Dufourea fimbriata,male,,1
EM02564,,8/12/21,2021,8,224,Elk M.,3,HETVIL,Heterotheca villosa,Hairy False Goldenaster,Asteraceae,Hymenoptera,Apidae,Bombus bifarius,female,,1
EM02565,,8/12/21,2021,8,224,Elk M.,3,HETVIL,Heterotheca villosa,Hairy False Goldenaster,Asteraceae,Hymenoptera,Apidae,Bombus melanopygus,female,,1
EM02566,,8/12/21,2021,8,224,Elk M.,3,HETVIL,Heterotheca villosa,Hairy False Goldenaster,Asteraceae,Hymenoptera,Apidae,Bombus bifarius,female,,1
EM02558,,8/12/21,2021,8,224,Elk M.,4,HETVIL,Heterotheca villosa,Hairy False Goldenaster,Asteraceae,Hymenoptera,Apidae,Bombus bifarius,female,,1
EM02552,,8/12/21,2021,8,224,Elk M.,5,HETVIL,Heterotheca villosa,Hairy False Goldenaster,Asteraceae,Hymenoptera,Apidae,Bombus flavifrons,female,,1
EM02553,,8/12/21,2021,8,224,Elk M.,5,HETVIL,Heterotheca villosa,Hairy False Goldenaster,Asteraceae,Hymenoptera,Apidae,Bombus flavifrons,female,,1
EM02557,,8/12/21,2021,8,224,Elk M.,5,HETVIL,Heterotheca villosa,Hairy False Goldenaster,Asteraceae,Hymenoptera,Apidae,Bombus flavifrons,female,,1
EM02545,,8/12/21,2021,8,224,Elk M.,6,HETVIL,Heterotheca villosa,Hairy False Goldenaster,Asteraceae,Hymenoptera,Apidae,Bombus flavifrons,female,,1
EM02551,,8/12/21,2021,8,224,Elk M.,6,HETVIL,Heterotheca villosa,Hairy False Goldenaster,Asteraceae,Hymenoptera,Apidae,Bombus bifarius,female,,1
EM02556,,8/12/21,2021,8,224,Elk M.,6,HETVIL,Heterotheca villosa,Hairy False Goldenaster,Asteraceae,Hymenoptera,Apidae,Bombus mixtus,female,,1
EM02544,,8/12/21,2021,8,224,Elk M.,4,HETVIL,Heterotheca villosa,Hairy False Goldenaster,Asteraceae,Hymenoptera,Apidae,Bombus flavifrons,male,,1
EM02573,,8/19/21,2021,8,231,Elk M.,2,HETVIL,Heterotheca villosa,Hairy False Goldenaster,Asteraceae,Hymenoptera,Apidae,Bombus bifarius,female,,1
EM02570,,8/19/21,2021,8,231,Elk M.,3,HETVIL,Heterotheca villosa,Hairy False Goldenaster,Asteraceae,Hymenoptera,Apidae,Bombus bifarius,female,,1
EM02579,,8/19/21,2021,8,231,Elk M.,4,HETVIL,Heterotheca villosa,Hairy False Goldenaster,Asteraceae,Hymenoptera,Apidae,Bombus bifarius,female,,1
EM02578,,8/19/21,2021,8,231,Elk M.,5,HETVIL,Heterotheca villosa,Hairy False Goldenaster,Asteraceae,Hymenoptera,Apidae,Bombus flavifrons,female,,1
EM02572,,8/19/21,2021,8,231,Elk M.,4,HETVIL,Heterotheca villosa,Hairy False Goldenaster,Asteraceae,Hymenoptera,Apidae,Bombus bifarius,male,,1
EM02594,,8/28/21,2021,8,240,Elk M.,2,HETVIL,Heterotheca villosa,Hairy False Goldenaster,Asteraceae,Hymenoptera,Apidae,Bombus flavifrons,female,,1
EM02588,,8/28/21,2021,8,240,Elk M.,3,HETVIL,Heterotheca villosa,Hairy False Goldenaster,Asteraceae,Hymenoptera,Apidae,Bombus melanopygus,female,,1
EM02591,,8/28/21,2021,8,240,Elk M.,3,HETVIL,Heterotheca villosa,Hairy False Goldenaster,Asteraceae,Hymenoptera,Apidae,Bombus bifarius,female,,1
EM02603,,8/28/21,2021,8,240,Elk M.,3,HETVIL,Heterotheca villosa,Hairy False Goldenaster,Asteraceae,Hymenoptera,Apidae,Bombus bifarius,female,,1
EM02604,,8/28/21,2021,8,240,Elk M.,3,HETVIL,Heterotheca villosa,Hairy False Goldenaster,Asteraceae,Hymenoptera,Apidae,Bombus bifarius,female,,1
EM02590,,8/28/21,2021,8,240,Elk M.,4,HETVIL,Heterotheca villosa,Hairy False Goldenaster,Asteraceae,Hymenoptera,Apidae,Bombus flavifrons,female,,1
EM02585,,8/28/21,2021,8,240,Elk M.,6,HETVIL,Heterotheca villosa,Hairy False Goldenaster,Asteraceae,Hymenoptera,Apidae,Bombus bifarius,female,,1
EM02593,,8/28/21,2021,8,240,Elk M.,6,HETVIL,Heterotheca villosa,Hairy False Goldenaster,Asteraceae,Hymenoptera,Apidae,Bombus bifarius,female,,1
EM02598,,8/28/21,2021,8,240,Elk M.,6,HETVIL,Heterotheca villosa,Hairy False Goldenaster,Asteraceae,Hymenoptera,Apidae,Bombus bifarius,female,,1
EM02587,,8/28/21,2021,8,240,Elk M.,4,HETVIL,Heterotheca villosa,Hairy False Goldenaster,Asteraceae,Hymenoptera,Apidae,Bombus flavifrons,male,,1
EM02592,,8/28/21,2021,8,240,Elk M.,6,HETVIL,Heterotheca villosa,Hairy False Goldenaster,Asteraceae,Hymenoptera,Apidae,Bombus insularis,male,,1
EM02608,,9/4/21,2021,9,247,Elk M.,3,HETVIL,Heterotheca villosa,Hairy False Goldenaster,Asteraceae,Hymenoptera,Apidae,Bombus flavifrons,female,,1
EM02607,,9/4/21,2021,9,247,Elk M.,4,HETVIL,Heterotheca villosa,Hairy False Goldenaster,Asteraceae,Hymenoptera,Apidae,Bombus flavifrons,female,,1
EM02609,,9/4/21,2021,9,247,Elk M.,4,HETVIL,Heterotheca villosa,Hairy False Goldenaster,Asteraceae,Hymenoptera,Apidae,Bombus flavifrons,female,,1
EM02617,,9/10/21,2021,9,253,Elk M.,2,HETVIL,Heterotheca villosa,Hairy False Goldenaster,Asteraceae,Hymenoptera,Apidae,Bombus bifarius,bald see what VA says,,1
EM02619,,9/10/21,2021,9,253,Elk M.,2,HETVIL,Heterotheca villosa,Hairy False Goldenaster,Asteraceae,Hymenoptera,Apidae,Bombus bifarius,female,,1
EM02626,,9/10/21,2021,9,253,Elk M.,6,HETVIL,Heterotheca villosa,Hairy False Goldenaster,Asteraceae,Hymenoptera,Apidae,Bombus bifarius,female,,1
EM02622,,9/10/21,2021,9,253,Elk M.,3,HETVIL,Heterotheca villosa,Hairy False Goldenaster,Asteraceae,Hymenoptera,Apidae,Bombus bifarius,male,,1
EM02618,,9/10/21,2021,9,253,Elk M.,5,HETVIL,Heterotheca villosa,Hairy False Goldenaster,Asteraceae,Hymenoptera,Apidae,Bombus sylvicola,male,,1
EM02631,,9/19/21,2021,9,262,Elk M.,4,HETVIL,Heterotheca villosa,Hairy False Goldenaster,Asteraceae,Hymenoptera,Apidae,Bombus bifarius,female,,1
,,8/6/22,2022,8,218,Elk M.,3,HETVIL,Heterotheca villosa,Hairy False Goldenaster,Asteraceae,Hymenoptera,Apidae,Bombus bifarius,,,1
,,8/13/22,2022,8,225,Elk M.,3,HETVIL,Heterotheca villosa,Hairy False Goldenaster,Asteraceae,Hymenoptera,Apidae,Bombus occidentalis,,,1
,,8/13/22,2022,8,225,Elk M.,3,HETVIL,Heterotheca villosa,Hairy False Goldenaster,Asteraceae,Hymenoptera,Apidae,Bombus occidentalis,,,1
,,8/13/22,2022,8,225,Elk M.,2,HETVIL,Heterotheca villosa,Hairy False Goldenaster,Asteraceae,Hymenoptera,Apidae,Bombus bifarius,,,1
,,8/27/22,2022,8,239,Elk M.,6,HETVIL,Heterotheca villosa,Hairy False Goldenaster,Asteraceae,Hymenoptera,Apidae,Bombus bifarius,,,1
,,9/5/22,2022,9,248,Elk M.,4,HETVIL,Heterotheca villosa,Hairy False Goldenaster,Asteraceae,Hymenoptera,Apidae,Bombus bifarius,f,,1
,,9/5/22,2022,9,248,Elk M.,4,HETVIL,Heterotheca villosa,Hairy False Goldenaster,Asteraceae,Hymenoptera,Apidae,Bombus bifarius,f,,1
,,9/5/22,2022,9,248,Elk M.,4,HETVIL,Heterotheca villosa,Hairy False Goldenaster,Asteraceae,Hymenoptera,Apidae,Bombus bifarius,f,,1
,,9/5/22,2022,9,248,Elk M.,4,HETVIL,Heterotheca villosa,Hairy False Goldenaster,Asteraceae,Hymenoptera,Apidae,Bombus bifarius,m,,1
,,9/5/22,2022,9,248,Elk M.,3,HETVIL,Heterotheca villosa,Hairy False Goldenaster,Asteraceae,Hymenoptera,Apidae,Bombus bifarius,,,1
,,9/13/22,2022,9,256,Elk M.,3,HETVIL,Heterotheca villosa,Hairy False Goldenaster,Asteraceae,Hymenoptera,Apidae,Bombus bifarius,f,,1
EM02685,,9/25/22,2022,9,268,Elk M.,3,HETVIL,Heterotheca villosa,Hairy False Goldenaster,Asteraceae,Hymenoptera,Apidae,Bombus rufocinctus,,,1
EM02694,,9/25/22,2022,9,268,Elk M.,4,HETVIL,Heterotheca villosa,Hairy False Goldenaster,Asteraceae,Hymenoptera,Apidae,Bombus insularis,,,1
EM02739,,9/5/22,2022,9,248,Elk M.,4,HETVIL,Heterotheca villosa,Hairy False Goldenaster,Asteraceae,Hymenoptera,Apidae,Bombus,,,1
EM02795,,7/29/22,2022,7,210,Elk M.,6,HETVIL,Heterotheca villosa,Hairy False Goldenaster,Asteraceae,Hymenoptera,Apidae,Bombus,,,1
EM02860,,9/18/22,2022,9,261,Elk M.,3,HETVIL,Heterotheca villosa,Hairy False Goldenaster,Asteraceae,Hymenoptera,Apidae,Bombus,,,1
EM02861,,8/27/22,2022,8,239,Elk M.,6,HETVIL,Heterotheca villosa,Hairy False Goldenaster,Asteraceae,Hymenoptera,Apidae,Bombus,,,1
EM01511,,5/30/17,2017,5,150,Elk M.,3,TAROFF,Taraxacum officinale,Common dandelion,Asteraceae,Hymenoptera,Halictidae,Lasioglossum (Dialictus) ruidosense,female,,1
EM01509,,5/30/17,2017,5,150,Elk M.,6,TAROFF,Taraxacum officinale,Common dandelion,Asteraceae,Hymenoptera,Halictidae,Lasioglossum (Dialictus) ruidosense,female,,1
,,8/20/19,2019,8,232,Elk M.,1,HYPRAD,Hypochaeris radicata,Spotted Cat's Ear,Asteraceae,Hymenoptera,Apidae,Bombus appositus,,,1
,,8/26/19,2019,8,238,Elk M.,1,HYPRAD,Hypochaeris radicata,Spotted Cat's Ear,Asteraceae,Hymenoptera,Apidae,Bombus bifarius,,,1
EM02326,,8/22/20,2020,8,235,Elk M.,1,HYPRAD,Hypochaeris radicata,Spotted Cat's Ear,Asteraceae,Hymenoptera,Apidae,Bombus flavifrons,male,,1
EM01335,,6/24/16,2016,6,176,Elk M.,4,LUPARG,Lupinus argenteus,Silvery Lupine,Fabaceae,Hymenoptera,Apidae,Bombus bifarius,female,,1
EM01369,,7/8/16,2016,7,190,Elk M.,1,LUPARG,Lupinus argenteus,Silvery Lupine,Fabaceae,Hymenoptera,Apidae,Bombus bifarius,female,,1
EM01389,,7/15/16,2016,7,197,Elk M.,6,LUPARG,Lupinus argenteus,Silvery Lupine,Fabaceae,Hymenoptera,Apidae,Bombus occidentalis,,,1
EM01536,,6/20/17,2017,6,171,Elk M.,6,LUPARG,Lupinus argenteus,Silvery Lupine,Fabaceae,Hymenoptera,Apidae,Bombus nevadensis,female,,1
EM01610,,7/11/17,2017,7,192,Elk M.,1,LUPARG,Lupinus argenteus,Silvery Lupine,Fabaceae,Hymenoptera,Apidae,Bombus bifarius,female,,1
EM01526,,6/12/17,2017,6,163,Elk M.,2,TAROFF,Taraxacum officinale,Common dandelion,Asteraceae,Hymenoptera,Halictidae,Lasioglossum (Dialictus) ruidosense,female,,1
EM01831,,6/22/18,2018,6,173,Elk M.,2,LUPARG,Lupinus argenteus,Silvery Lupine,Fabaceae,Hymenoptera,Apidae,Bombus bifarius,worker,,1
EM01834,,6/22/18,2018,6,173,Elk M.,4,LUPARG,Lupinus argenteus,Silvery Lupine,Fabaceae,Hymenoptera,Apidae,Bombus bifarius,worker,,1
EM01848,,6/29/18,2018,6,180,Elk M.,6,LUPARG,Lupinus argenteus,Silvery Lupine,Fabaceae,Hymenoptera,Apidae,Bombus bifarius,worker,,1
EM01843,,6/29/18,2018,6,180,Elk M.,1,LUPARG,Lupinus argenteus,Silvery Lupine,Fabaceae,Hymenoptera,Apidae,Bombus nevadensis,,,1
EM01882,,7/6/18,2018,7,187,Elk M.,3,LUPARG,Lupinus argenteus,Silvery Lupine,Fabaceae,Hymenoptera,Apidae,Bombus bifarius,worker,,1
EM01872,,7/6/18,2018,7,187,Elk M.,1,LUPARG,Lupinus argenteus,Silvery Lupine,Fabaceae,Hymenoptera,Apidae,Bombus occidentalis,,,1
EM01902,,7/11/18,2018,7,192,Elk M.,4,LUPARG,Lupinus argenteus,Silvery Lupine,Fabaceae,Hymenoptera,Apidae,Bombus bifarius,worker,,1
EM01929,,7/20/18,2018,7,201,Elk M.,4,LUPARG,Lupinus argenteus,Silvery Lupine,Fabaceae,Hymenoptera,Apidae,Bombus bifarius,worker,,1
,,7/13/19,2019,7,194,Elk M.,1,LUPARG,Lupinus argenteus,Silvery Lupine,Fabaceae,Hymenoptera,Apidae,Bombus bifarius,female,,1
,,7/23/19,2019,7,204,Elk M.,4,LUPARG,Lupinus argenteus,Silvery Lupine,Fabaceae,Hymenoptera,Apidae,Bombus bifarius,,,1
,,8/11/19,2019,8,223,Elk M.,2,LUPARG,Lupinus argenteus,Silvery Lupine,Fabaceae,Hymenoptera,Apidae,Bombus mixtus,,,1
EM02098,,8/26/19,2019,8,238,Elk M.,2,LUPARG,Lupinus argenteus,Silvery Lupine,Fabaceae,Hymenoptera,Megachilidae,Megachile melanophaea,female,,1
EM02175,,7/12/20,2020,7,194,Elk M.,2,LUPARG,Lupinus argenteus,Silvery Lupine,Fabaceae,Hymenoptera,Apidae,Bombus bifarius,female,,1
EM02264,,7/18/20,2020,7,200,Elk M.,6,LUPARG,Lupinus argenteus,Silvery Lupine,Fabaceae,Hymenoptera,Apidae,Bombus bifarius,female,,1
EM02243,,8/1/20,2020,8,214,Elk M.,1,LUPARG,Lupinus argenteus,Silvery Lupine,Fabaceae,Hymenoptera,Megachilidae,Megachile melanophaea,female,,1
EM02236,,8/1/20,2020,8,214,Elk M.,6,LUPARG,Lupinus argenteus,Silvery Lupine,Fabaceae,Hymenoptera,Apidae,Bombus bifarius,female,,1
EM02412,,7/7/21,2021,7,188,Elk M.,1,LUPARG,Lupinus argenteus,Silvery Lupine,Fabaceae,Hymenoptera,Apidae,Bombus bifarius,female,,1
EM02402,,7/7/21,2021,7,188,Elk M.,2,LUPARG,Lupinus argenteus,Silvery Lupine,Fabaceae,Hymenoptera,Apidae,Bombus flavifrons,female,,1
EM02436,,7/14/21,2021,7,195,Elk M.,2,LUPARG,Lupinus argenteus,Silvery Lupine,Fabaceae,Hymenoptera,Apidae,Bombus bifarius,female,,1
EM02437,,7/14/21,2021,7,195,Elk M.,5,LUPARG,Lupinus argenteus,Silvery Lupine,Fabaceae,Hymenoptera,Apidae,Bombus bifarius,female,,1
,,7/28/21,2021,7,209,Elk M.,2,LUPARG,Lupinus argenteus,Silvery Lupine,Fabaceae,Hymenoptera,Apidae,Bombus appositus,,,1
EM02542,,8/12/21,2021,8,224,Elk M.,1,LUPARG,Lupinus argenteus,Silvery Lupine,Fabaceae,Hymenoptera,Apidae,Bombus bifarius,female,,1
EM02541,,8/12/21,2021,8,224,Elk M.,2,LUPARG,Lupinus argenteus,Silvery Lupine,Fabaceae,Hymenoptera,Apidae,Bombus bifarius,female,,1
EM02550,,8/12/21,2021,8,224,Elk M.,5,LUPARG,Lupinus argenteus,Silvery Lupine,Fabaceae,Hymenoptera,Apidae,Bombus bifarius,female,,1
EM02568,,8/19/21,2021,8,231,Elk M.,2,LUPARG,Lupinus argenteus,Silvery Lupine,Fabaceae,Hymenoptera,Apidae,Bombus bifarius,female,,1
,,6/27/22,2022,6,178,Elk M.,6,LUPARG,Lupinus argenteus,Silvery Lupine,Fabaceae,Hymenoptera,Apidae,Bombus bifarius,,,1
,,6/27/22,2022,6,178,Elk M.,2,LUPARG,Lupinus argenteus,Silvery Lupine,Fabaceae,Hymenoptera,Apidae,Bombus bifarius,,,1
,,7/3/22,2022,7,184,Elk M.,1,LUPARG,Lupinus argenteus,Silvery Lupine,Fabaceae,Hymenoptera,Apidae,Bombus bifarius,,,1
,,7/3/22,2022,7,184,Elk M.,1,LUPARG,Lupinus argenteus,Silvery Lupine,Fabaceae,Hymenoptera,Apidae,Bombus bifarius,,,1
,,7/8/22,2022,7,189,Elk M.,1,LUPARG,Lupinus argenteus,Silvery Lupine,Fabaceae,Hymenoptera,Apidae,Bombus bifarius,,,1
,,7/21/22,2022,7,202,Elk M.,1,LUPARG,Lupinus argenteus,Silvery Lupine,Fabaceae,Hymenoptera,Apidae,Bombus bifarius,,,1
,,7/29/22,2022,7,210,Elk M.,2,LUPARG,Lupinus argenteus,Silvery Lupine,Fabaceae,Hymenoptera,Apidae,Bombus bifarius,,,1
,,7/29/22,2022,7,210,Elk M.,1,LUPARG,Lupinus argenteus,Silvery Lupine,Fabaceae,Hymenoptera,Apidae,Bombus nevadensis,,,1
,,8/6/22,2022,8,218,Elk M.,2,LUPARG,Lupinus argenteus,Silvery Lupine,Fabaceae,Hymenoptera,Apidae,Bombus nevadensis,,,1
EM01318,,6/18/16,2016,6,170,Elk M.,1,MERLAN,Mertensia lanceolata,Foothills Mertensia,Boraginaceae,Hymenoptera,Apidae,Bombus flavifrons,,,1
EM01531,,6/5/17,2017,6,156,Elk M.,4,MERLAN,Mertensia lanceolata,Foothills Mertensia,Boraginaceae,Hymenoptera,Megachilidae,Osmia sp. A,male,check,1
EM01785,,5/31/18,2018,5,151,Elk M.,5,MERLAN,Mertensia lanceolata,Foothills Mertensia,Boraginaceae,Hymenoptera,Megachilidae,Osmia bucephala,male,,1
EM01796,,6/5/18,2018,6,156,Elk M.,5,MERLAN,Mertensia lanceolata,Foothills Mertensia,Boraginaceae,Hymenoptera,Megachilidae,Osmia bucephala,male,,1
,,6/5/18,2018,6,156,Elk M.,2,MERLAN,Mertensia lanceolata,Foothills Mertensia,Boraginaceae,Hymenoptera,Megachilidae,Osmia spp.,,,1
,,6/5/18,2018,6,156,Elk M.,2,MERLAN,Mertensia lanceolata,Foothills Mertensia,Boraginaceae,Hymenoptera,Megachilidae,Osmia spp.,,,1
EM01813,,6/12/18,2018,6,163,Elk M.,2,MERLAN,Mertensia lanceolata,Foothills Mertensia,Boraginaceae,Hymenoptera,Apidae,Bombus mixtus,,,1
EM02278,,5/30/20,2020,5,151,Elk M.,3,MERLAN,Mertensia lanceolata,Foothills Mertensia,Boraginaceae,Hymenoptera,Megachilidae,Osmia bucephala,male,,1
EM02277,,5/30/20,2020,5,151,Elk M.,6,MERLAN,Mertensia lanceolata,Foothills Mertensia,Boraginaceae,Hymenoptera,Megachilidae,Osmia bucephala,male,,1
EM02355,,6/15/21,2021,6,166,Elk M.,3,MERLAN,Mertensia lanceolata,Foothills Mertensia,Boraginaceae,Hymenoptera,Megachilidae,Osmia spp.,osmia,,1
EM02347,,6/15/21,2021,6,166,Elk M.,2,MERLAN,Mertensia lanceolata,Foothills Mertensia,Boraginaceae,Hymenoptera,Megachilidae,Osmia pusilla,osmia,,1
EM02387,,6/30/21,2021,6,181,Elk M.,3,MERLAN,Mertensia lanceolata,Foothills Mertensia,Boraginaceae,Hymenoptera,Colletidae,Colletes spp.,male,,1
EM02395,,6/30/21,2021,6,181,Elk M.,2,MERLAN,Mertensia lanceolata,Foothills Mertensia,Boraginaceae,Hymenoptera,Megachilidae,Osmia spp.,osmia,,1
,,6/13/22,2022,6,164,Elk M.,4,MERLAN,Mertensia lanceolata,Foothills Mertensia,Boraginaceae,Hymenoptera,Apidae,Bombus bifarius,,,1
,,6/27/22,2022,6,178,Elk M.,2,MERLAN,Mertensia lanceolata,Foothills Mertensia,Boraginaceae,Hymenoptera,Apidae,Bombus bifarius,,,1
,,6/27/22,2022,6,178,Elk M.,3,MERLAN,Mertensia lanceolata,Foothills Mertensia,Boraginaceae,Hymenoptera,Apidae,Bombus flavifrons,,,1
,,8/20/19,2019,8,232,Elk M.,3,ORTLUT,Orthocarpus luteus,Yellow Owl's-clover,Orobanchaceae,Hymenoptera,Apidae,Bombus bifarius,,,1
,,8/20/19,2019,8,232,Elk M.,4,ORTLUT,Orthocarpus luteus,Yellow Owl's-clover,Orobanchaceae,Hymenoptera,Apidae,Bombus bifarius,,,1
EM02567,,8/19/21,2021,8,231,Elk M.,4,ORTLUT,Orthocarpus luteus,Yellow Owl's-clover,Orobanchaceae,Hymenoptera,Apidae,Bombus bifarius,female,,1
EM02575,,8/19/21,2021,8,231,Elk M.,4,ORTLUT,Orthocarpus luteus,Yellow Owl's-clover,Orobanchaceae,Hymenoptera,Apidae,Bombus bifarius,female,,1
,,9/5/22,2022,9,248,Elk M.,3,ORTLUT,Orthocarpus luteus,Yellow Owl's-clover,Orobanchaceae,Hymenoptera,Apidae,Bombus bifarius,,,1
,,9/5/22,2022,9,248,Elk M.,3,ORTLUT,Orthocarpus luteus,Yellow Owl's-clover,Orobanchaceae,Hymenoptera,Apidae,Bombus occidentalis,,,1
EM02156,,8/6/19,2019,8,218,Elk M.,5,PHAHET,Phacelia heterophylla,Wand Phacelia,Hydrophyllaceae,Hymenoptera,Apidae,Bombus flavifrons,female,,1
,,8/6/19,2019,8,218,Elk M.,5,PHAHET,Phacelia heterophylla,Wand Phacelia,Hydrophyllaceae,Hymenoptera,Megachilidae,Hoplitis fulgida,female,,1
EM02159,,8/6/19,2019,8,218,Elk M.,5,PHAHET,Phacelia heterophylla,Wand Phacelia,Hydrophyllaceae,Hymenoptera,Megachilidae,Osmia nigriventris,osmia,,1
,,8/6/19,2019,8,218,Elk M.,5,PHAHET,Phacelia heterophylla,Wand Phacelia,Hydrophyllaceae,Hymenoptera,Colletidae,Hylaeus annulatus,same as EM02157,,1
,,8/6/19,2019,8,218,Elk M.,5,PHAHET,Phacelia heterophylla,Wand Phacelia,Hydrophyllaceae,Hymenoptera,Colletidae,Hylaeus annulatus,same as EM02157,,1
,,8/6/19,2019,8,218,Elk M.,5,PHAHET,Phacelia heterophylla,Wand Phacelia,Hydrophyllaceae,Hymenoptera,Colletidae,Hylaeus annulatus,same as EM02157,,1
,,8/11/19,2019,8,223,Elk M.,5,PHAHET,Phacelia heterophylla,Wand Phacelia,Hydrophyllaceae,Hymenoptera,Apidae,Bombus flavifrons,,,1
,,8/11/19,2019,8,223,Elk M.,5,PHAHET,Phacelia heterophylla,Wand Phacelia,Hydrophyllaceae,Hymenoptera,Apidae,Bombus flavifrons,,,1
EM02798,,7/29/22,2022,7,210,Elk M.,5,PHAHET,Phacelia heterophylla,Wand Phacelia,Hydrophyllaceae,Hymenoptera,Apidae,Bombus,,,1
EM01889,,7/6/18,2018,7,187,Elk M.,5,ANTROS,Antennaria rosea,Pink Pussytoes,Asteraceae,Hymenoptera,Halictidae,Lasioglossum (Dialictus) semicaeruleum,male,,1
EM00270,UCMC 0234020,7/9/15,2015,7,190,Elk M.,5,POTFIS,Potentilla fissa,Big Flower Cinquefoil,Rosaceae,Hymenoptera,Andrenidae,Panurginus spp.,female,,1
EM01410,,7/21/16,2016,7,203,Elk M.,1,GALBOR,Galium boreale,Northern Bedstraw,Rubiaceae,Hymenoptera,Halictidae,Lasioglossum (Dialictus) semicaeruleum,male,,1
EM00437,UCMC 0234187,7/16/15,2015,7,197,Elk M.,5,POTFIS,Potentilla fissa,Big Flower Cinquefoil,Rosaceae,Hymenoptera,Andrenidae,Panurginus ineptus,female,,1
EM01602,,7/11/17,2017,7,192,Elk M.,2,POTFIS,Potentilla fissa,Big Flower Cinquefoil,Rosaceae,Hymenoptera,Halictidae,Lasioglossum (Dialictus) semicaeruleum,female,,1
EM00484,UCMC 0234234,7/16/15,2015,7,197,Elk M.,6,POTFIS,Potentilla fissa,Big Flower Cinquefoil,Rosaceae,Hymenoptera,Andrenidae,Panurginus ineptus,female,,1
EM00482,UCMC 0234232,7/16/15,2015,7,197,Elk M.,1,POTFIS,Potentilla fissa,Big Flower Cinquefoil,Rosaceae,Hymenoptera,Andrenidae,Panurginus spp.,male,,1
EM00462,UCMC 0234212,7/16/15,2015,7,197,Elk M.,5,POTFIS,Potentilla fissa,Big Flower Cinquefoil,Rosaceae,Hymenoptera,Andrenidae,Panurginus ineptus,male,,1
EM00803,UCMC 0234553,7/23/15,2015,7,204,Elk M.,5,POTFIS,Potentilla fissa,Big Flower Cinquefoil,Rosaceae,Hymenoptera,Megachilidae,Hoplitis robusta,female,,1
EM00804,UCMC 0234554,7/23/15,2015,7,204,Elk M.,5,POTFIS,Potentilla fissa,Big Flower Cinquefoil,Rosaceae,Hymenoptera,Colletidae,Hylaeus personatellus,female,,1
EM01345,,7/3/16,2016,7,185,Elk M.,6,POTFIS,Potentilla fissa,Big Flower Cinquefoil,Rosaceae,Hymenoptera,Andrenidae,Andrena sp. C,male,,1
EM01342,,7/3/16,2016,7,185,Elk M.,3,POTFIS,Potentilla fissa,Big Flower Cinquefoil,Rosaceae,Hymenoptera,Apidae,Bombus melanopygus,,,1
EM01358,,7/8/16,2016,7,190,Elk M.,4,POTFIS,Potentilla fissa,Big Flower Cinquefoil,Rosaceae,Hymenoptera,Apidae,Bombus bifarius,female,,1
EM01493,,9/15/16,2016,9,259,Elk M.,5,ACHMIL,Achillea millefolium,Common Yarrow,Asteraceae,Hymenoptera,Halictidae,Lasioglossum (Dialictus) tenax,male,,1
EM01385,,7/15/16,2016,7,197,Elk M.,4,POTFIS,Potentilla fissa,Big Flower Cinquefoil,Rosaceae,Hymenoptera,Colletidae,Hylaeus personatellus,,,1
EM01419,,7/15/16,2016,7,197,Elk M.,5,POTFIS,Potentilla fissa,Big Flower Cinquefoil,Rosaceae,Hymenoptera,Halictidae,Dufourea fimbriata,,,1
EM01408,,7/21/16,2016,7,203,Elk M.,1,POTFIS,Potentilla fissa,Big Flower Cinquefoil,Rosaceae,Hymenoptera,Halictidae,Dufourea fimbriata,female,,1
EM01416,,7/21/16,2016,7,203,Elk M.,5,POTFIS,Potentilla fissa,Big Flower Cinquefoil,Rosaceae,Hymenoptera,Halictidae,Lasioglossum sp.,Lasioglossum (Dialictus) mixed spp.; male,,1
EM01415a,,7/21/16,2016,7,203,Elk M.,5,POTFIS,Potentilla fissa,Big Flower Cinquefoil,Rosaceae,Hymenoptera,Halictidae,Dufourea fimbriata,male,,1
EM01415b,,7/21/16,2016,7,203,Elk M.,5,POTFIS,Potentilla fissa,Big Flower Cinquefoil,Rosaceae,Hymenoptera,Halictidae,Dufourea fimbriata,male,,1
EM01744,,8/30/17,2017,8,242,Elk M.,2,ACHMIL,Achillea millefolium,Common Yarrow,Asteraceae,Hymenoptera,Halictidae,Lasioglossum (Dialictus) tenax,male,,1
EM01554,,6/20/17,2017,6,171,Elk M.,2,POTFIS,Potentilla fissa,Big Flower Cinquefoil,Rosaceae,Hymenoptera,Andrenidae,Andrena topazana,female,,1
EM01553,,6/20/17,2017,6,171,Elk M.,4,POTFIS,Potentilla fissa,Big Flower Cinquefoil,Rosaceae,Hymenoptera,Andrenidae,Panurginus ineptus,female,,1
EM01552,,6/20/17,2017,6,171,Elk M.,6,POTFIS,Potentilla fissa,Big Flower Cinquefoil,Rosaceae,Hymenoptera,Andrenidae,Andrena topazana,female,,1
EM01539,,6/20/17,2017,6,171,Elk M.,5,POTFIS,Potentilla fissa,Big Flower Cinquefoil,Rosaceae,Hymenoptera,Andrenidae,Panurginus ineptus,male,,1
,,6/20/17,2017,6,171,Elk M.,5,POTFIS,Potentilla fissa,Big Flower Cinquefoil,Rosaceae,Hymenoptera,Halictidae,Lasioglossum sp.,,same as EM01539,1
,,6/20/17,2017,6,171,Elk M.,5,POTFIS,Potentilla fissa,Big Flower Cinquefoil,Rosaceae,Hymenoptera,Halictidae,Lasioglossum sp.,,same as EM01539,1
EM01564,,6/26/17,2017,6,177,Elk M.,2,POTFIS,Potentilla fissa,Big Flower Cinquefoil,Rosaceae,Hymenoptera,Andrenidae,Andrena topazana,female,,1
EM01563,,6/26/17,2017,6,177,Elk M.,3,POTFIS,Potentilla fissa,Big Flower Cinquefoil,Rosaceae,Hymenoptera,Andrenidae,Andrena topazana,female,,1
EM01571,,6/26/17,2017,6,177,Elk M.,3,POTFIS,Potentilla fissa,Big Flower Cinquefoil,Rosaceae,Hymenoptera,Colletidae,Hylaeus personatellus,female,,1
EM01776,,9/20/17,2017,9,263,Elk M.,3,ACHMIL,Achillea millefolium,Common Yarrow,Asteraceae,Hymenoptera,Halictidae,Lasioglossum (Dialictus) tenax,male,,1
EM01562,,6/26/17,2017,6,177,Elk M.,6,POTFIS,Potentilla fissa,Big Flower Cinquefoil,Rosaceae,Hymenoptera,Colletidae,Colletes nigrifrons,female,,1
EM02033,,6/26/17,2017,6,177,Elk M.,2,POTFIS,Potentilla fissa,Big Flower Cinquefoil,Rosaceae,Hymenoptera,Halictidae,Lasioglossum sp.,,,1
EM01777,,9/20/17,2017,9,263,Elk M.,3,ACHMIL,Achillea millefolium,Common Yarrow,Asteraceae,Hymenoptera,Halictidae,Lasioglossum (Dialictus) tenax,male,,1
EM01486,,9/9/16,2016,9,253,Elk M.,2,CAMROT,Campanula rotundifolia,Harebell,Campanulaceae,Hymenoptera,Halictidae,Lasioglossum (Dialictus) tenax,female,,1
EM02047,,7/3/17,2017,7,184,Elk M.,5,POTFIS,Potentilla fissa,Big Flower Cinquefoil,Rosaceae,Hymenoptera,Colletidae,Hylaeus personatellus,female,,1
EM01579,,7/3/17,2017,7,184,Elk M.,6,POTFIS,Potentilla fissa,Big Flower Cinquefoil,Rosaceae,Hymenoptera,Andrenidae,Andrena sp. 9,female,,1
EM01487,,9/9/16,2016,9,253,Elk M.,5,CAMROT,Campanula rotundifolia,Harebell,Campanulaceae,Hymenoptera,Halictidae,Lasioglossum (Dialictus) tenax,male,,1
,,7/3/17,2017,7,184,Elk M.,1,POTFIS,Potentilla fissa,Big Flower Cinquefoil,Rosaceae,Hymenoptera,Halictidae,Lasioglossum sp.,,No specimen,1
,,7/3/17,2017,7,184,Elk M.,5,POTFIS,Potentilla fissa,Big Flower Cinquefoil,Rosaceae,Hymenoptera,Halictidae,Lasioglossum sp.,,same as EM02046,1
,,7/3/17,2017,7,184,Elk M.,5,POTFIS,Potentilla fissa,Big Flower Cinquefoil,Rosaceae,Hymenoptera,Halictidae,Lasioglossum sp.,,same as EM02046,1
EM01614,,7/11/17,2017,7,192,Elk M.,1,POTFIS,Potentilla fissa,Big Flower Cinquefoil,Rosaceae,Hymenoptera,Andrenidae,Andrena topazana,female,,1
EM01494,,9/15/16,2016,9,259,Elk M.,1,CAMROT,Campanula rotundifolia,Harebell,Campanulaceae,Hymenoptera,Halictidae,Lasioglossum (Dialictus) tenax,male,,1
EM02050,,7/11/17,2017,7,192,Elk M.,2,POTFIS,Potentilla fissa,Big Flower Cinquefoil,Rosaceae,Hymenoptera,Andrenidae,Panurginus ineptus,female,,1
EM01629,,7/17/17,2017,7,198,Elk M.,1,POTFIS,Potentilla fissa,Big Flower Cinquefoil,Rosaceae,Hymenoptera,Andrenidae,Andrena topazana,female,,1
EM01620,,7/17/17,2017,7,198,Elk M.,2,POTFIS,Potentilla fissa,Big Flower Cinquefoil,Rosaceae,Hymenoptera,Colletidae,Hylaeus annulatus,female,,1
EM01621,,7/17/17,2017,7,198,Elk M.,2,POTFIS,Potentilla fissa,Big Flower Cinquefoil,Rosaceae,Hymenoptera,Halictidae,Dufourea fimbriata,female,,1
,,7/17/17,2017,7,198,Elk M.,5,POTFIS,Potentilla fissa,Big Flower Cinquefoil,Rosaceae,Hymenoptera,Colletidae,Hylaeus annulatus,,,1
EM01646,,7/25/17,2017,7,206,Elk M.,1,POTFIS,Potentilla fissa,Big Flower Cinquefoil,Rosaceae,Hymenoptera,Colletidae,Hylaeus annulatus,female,,1
EM02056,,7/25/17,2017,7,206,Elk M.,2,POTFIS,Potentilla fissa,Big Flower Cinquefoil,Rosaceae,Hymenoptera,Halictidae,Dufourea fimbriata,female,,1
EM02058,,7/25/17,2017,7,206,Elk M.,4,POTFIS,Potentilla fissa,Big Flower Cinquefoil,Rosaceae,Hymenoptera,Halictidae,Dufourea fimbriata,female,,1
EM01639,,7/25/17,2017,7,206,Elk M.,5,POTFIS,Potentilla fissa,Big Flower Cinquefoil,Rosaceae,Hymenoptera,Halictidae,Dufourea fimbriata,male,,1
,,7/25/17,2017,7,206,Elk M.,2,POTFIS,Potentilla fissa,Big Flower Cinquefoil,Rosaceae,Hymenoptera,Halictidae,Lasioglossum sp.,sames as EM02056,,1
,,7/25/17,2017,7,206,Elk M.,2,POTFIS,Potentilla fissa,Big Flower Cinquefoil,Rosaceae,Hymenoptera,Halictidae,Lasioglossum sp.,sames as EM02056,,1
EM02049,,7/11/17,2017,7,192,Elk M.,1,CAMROT,Campanula rotundifolia,Harebell,Campanulaceae,Hymenoptera,Halictidae,Lasioglossum (Dialictus) tenax,female,,1
EM01706,,8/14/17,2017,8,226,Elk M.,6,CAMROT,Campanula rotundifolia,Harebell,Campanulaceae,Hymenoptera,Halictidae,Lasioglossum (Dialictus) tenax,male,,1
EM01769,,9/13/17,2017,9,256,Elk M.,2,CAMROT,Campanula rotundifolia,Harebell,Campanulaceae,Hymenoptera,Halictidae,Lasioglossum (Dialictus) tenax,male,,1
EM01838,,6/22/18,2018,6,173,Elk M.,5,POTFIS,Potentilla fissa,Big Flower Cinquefoil,Rosaceae,Hymenoptera,Colletidae,Hylaeus personatellus,female,,1
EM01771,,9/20/17,2017,9,263,Elk M.,6,CAMROT,Campanula rotundifolia,Harebell,Campanulaceae,Hymenoptera,Halictidae,Lasioglossum (Dialictus) tenax,male,,1
EM01856,,6/29/18,2018,6,180,Elk M.,2,POTFIS,Potentilla fissa,Big Flower Cinquefoil,Rosaceae,Hymenoptera,Andrenidae,Panurginus ineptus,female,,1
EM01849,,6/29/18,2018,6,180,Elk M.,4,POTFIS,Potentilla fissa,Big Flower Cinquefoil,Rosaceae,Hymenoptera,Andrenidae,Panurginus cressoniellus,female,,1
EM01851,,6/29/18,2018,6,180,Elk M.,5,POTFIS,Potentilla fissa,Big Flower Cinquefoil,Rosaceae,Hymenoptera,Halictidae,Dufourea fimbriata,female,,1
,,6/29/18,2018,6,180,Elk M.,2,POTFIS,Potentilla fissa,Big Flower Cinquefoil,Rosaceae,Hymenoptera,Andrenidae,Panurginus ineptus,female; same as EM01856,,1
EM01895,,7/6/18,2018,7,187,Elk M.,1,POTFIS,Potentilla fissa,Big Flower Cinquefoil,Rosaceae,Hymenoptera,Halictidae,Dufourea fimbriata,female,,1
EM01897,,7/6/18,2018,7,187,Elk M.,1,POTFIS,Potentilla fissa,Big Flower Cinquefoil,Rosaceae,Hymenoptera,Andrenidae,Andrena topazana,female,,1
EM01886,,7/6/18,2018,7,187,Elk M.,5,POTFIS,Potentilla fissa,Big Flower Cinquefoil,Rosaceae,Hymenoptera,Andrenidae,Panurginus ineptus,female,,1
,,7/6/18,2018,7,187,Elk M.,1,POTFIS,Potentilla fissa,Big Flower Cinquefoil,Rosaceae,Hymenoptera,Apidae,Bombus bifarius,,worker,1
EM01874,,7/6/18,2018,7,187,Elk M.,2,POTFIS,Potentilla fissa,Big Flower Cinquefoil,Rosaceae,Hymenoptera,Apidae,Bombus mixtus,,,1
EM01900,,7/11/18,2018,7,192,Elk M.,2,POTFIS,Potentilla fissa,Big Flower Cinquefoil,Rosaceae,Hymenoptera,Apidae,Bombus melanopygus,,,1
EM01772,,9/20/17,2017,9,263,Elk M.,6,CAMROT,Campanula rotundifolia,Harebell,Campanulaceae,Hymenoptera,Halictidae,Lasioglossum (Dialictus) tenax,male,,1
EM01303,,6/10/16,2016,6,162,Elk M.,3,CYMLEM,Cymopterus lemmonii,Mountain Parsley,Apiaceae,Hymenoptera,Halictidae,Lasioglossum (Dialictus) tenax,female,,1
EM01320,,6/18/16,2016,6,170,Elk M.,5,CYMLEM,Cymopterus lemmonii,Mountain Parsley,Apiaceae,Hymenoptera,Halictidae,Lasioglossum (Dialictus) tenax,female,,1
EM01506,,5/30/17,2017,5,150,Elk M.,3,CYMLEM,Cymopterus lemmonii,Mountain Parsley,Apiaceae,Hymenoptera,Halictidae,Lasioglossum (Dialictus) tenax,female,,1
EM02112,,7/9/19,2019,7,190,Elk M.,6,POTFIS,Potentilla fissa,Big Flower Cinquefoil,Rosaceae,Hymenoptera,Andrenidae,Panurginus ineptus,female,,1
,,7/9/19,2019,7,190,Elk M.,6,POTFIS,Potentilla fissa,Big Flower Cinquefoil,Rosaceae,Hymenoptera,Andrenidae,Panurginus ineptus,female; same as EM02112,,1
,,7/9/19,2019,7,190,Elk M.,6,POTFIS,Potentilla fissa,Big Flower Cinquefoil,Rosaceae,Hymenoptera,Andrenidae,Panurginus ineptus,female; same as EM02112,,1
EM02131,,7/13/19,2019,7,194,Elk M.,4,POTFIS,Potentilla fissa,Big Flower Cinquefoil,Rosaceae,Hymenoptera,Megachilidae,Hoplitis fulgida,female,,1
EM02120,,7/13/19,2019,7,194,Elk M.,5,POTFIS,Potentilla fissa,Big Flower Cinquefoil,Rosaceae,Hymenoptera,Megachilidae,Hoplitis fulgida,female,,1
EM02108,,7/13/19,2019,7,194,Elk M.,6,POTFIS,Potentilla fissa,Big Flower Cinquefoil,Rosaceae,Hymenoptera,Andrenidae,Panurginus ineptus,female,,1
EM02113,,7/13/19,2019,7,194,Elk M.,5,POTFIS,Potentilla fissa,Big Flower Cinquefoil,Rosaceae,Hymenoptera,Colletidae,Colletes nigrifrons,med bee,,1
EM02152,,7/23/19,2019,7,204,Elk M.,1,POTFIS,Potentilla fissa,Big Flower Cinquefoil,Rosaceae,Hymenoptera,Halictidae,Dufourea fimbriata,female,,1
EM02119,,7/23/19,2019,7,204,Elk M.,2,POTFIS,Potentilla fissa,Big Flower Cinquefoil,Rosaceae,Hymenoptera,Andrenidae,Panurginus ineptus,female,,1
EM01512,,5/30/17,2017,5,150,Elk M.,3,CYMLEM,Cymopterus lemmonii,Mountain Parsley,Apiaceae,Hymenoptera,Halictidae,Lasioglossum (Dialictus) tenax,female,,1
EM02129,,7/30/19,2019,7,211,Elk M.,2,POTFIS,Potentilla fissa,Big Flower Cinquefoil,Rosaceae,Hymenoptera,Halictidae,Dufourea fimbriata,female,,1
EM02163,,7/30/19,2019,7,211,Elk M.,4,POTFIS,Potentilla fissa,Big Flower Cinquefoil,Rosaceae,Hymenoptera,Halictidae,Dufourea fimbriata,female,,1
EM02134,,7/30/19,2019,7,211,Elk M.,5,POTFIS,Potentilla fissa,Big Flower Cinquefoil,Rosaceae,Hymenoptera,Halictidae,Dufourea fimbriata,female,,1
EM02135,,7/30/19,2019,7,211,Elk M.,5,POTFIS,Potentilla fissa,Big Flower Cinquefoil,Rosaceae,Hymenoptera,Andrenidae,Andrena cyanophila,female; det JR,,1
EM02170,,8/6/19,2019,8,218,Elk M.,2,POTFIS,Potentilla fissa,Big Flower Cinquefoil,Rosaceae,Hymenoptera,Halictidae,Dufourea fimbriata,female,,1
EM02166,,8/6/19,2019,8,218,Elk M.,5,POTFIS,Potentilla fissa,Big Flower Cinquefoil,Rosaceae,Hymenoptera,Halictidae,Dufourea fimbriata,female,,1
EM01535,,6/5/17,2017,6,156,Elk M.,6,CYMLEM,Cymopterus lemmonii,Mountain Parsley,Apiaceae,Hymenoptera,Halictidae,Lasioglossum (Dialictus) tenax,female,,1
EM02088,,8/11/19,2019,8,223,Elk M.,1,POTFIS,Potentilla fissa,Big Flower Cinquefoil,Rosaceae,Hymenoptera,Halictidae,Dufourea fimbriata,female,,1
EM02145,,8/26/19,2019,8,238,Elk M.,2,POTFIS,Potentilla fissa,Big Flower Cinquefoil,Rosaceae,Hymenoptera,Colletidae,Hylaeus annulatus,female,,1
EM02206,,6/27/20,2020,6,179,Elk M.,3,POTFIS,Potentilla fissa,Big Flower Cinquefoil,Rosaceae,Hymenoptera,Megachilidae,Hoplitis fulgida,female,,1
EM02198,,6/27/20,2020,6,179,Elk M.,3,POTFIS,Potentilla fissa,Big Flower Cinquefoil,Rosaceae,Hymenoptera,Andrenidae,Andrena cyanophila,med bee,,1
EM02191,,6/27/20,2020,6,179,Elk M.,2,POTFIS,Potentilla fissa,Big Flower Cinquefoil,Rosaceae,Hymenoptera,Andrenidae,Panurginus ineptus,male,,1
EM02190,,6/27/20,2020,6,179,Elk M.,2,POTFIS,Potentilla fissa,Big Flower Cinquefoil,Rosaceae,Hymenoptera,Andrenidae,Panurginus ineptus,female,,1
EM02199,,6/27/20,2020,6,179,Elk M.,3,POTFIS,Potentilla fissa,Big Flower Cinquefoil,Rosaceae,Hymenoptera,Andrenidae,Panurginus ineptus,female,,1
EM02189,,6/27/20,2020,6,179,Elk M.,6,POTFIS,Potentilla fissa,Big Flower Cinquefoil,Rosaceae,Hymenoptera,Colletidae,Hylaeus personatellus,,,1
EM02219,,7/5/20,2020,7,187,Elk M.,2,POTFIS,Potentilla fissa,Big Flower Cinquefoil,Rosaceae,Hymenoptera,Megachilidae,Hoplitis fulgida,female,,1
EM02218,,7/5/20,2020,7,187,Elk M.,1,POTFIS,Potentilla fissa,Big Flower Cinquefoil,Rosaceae,Hymenoptera,Andrenidae,Panurginus ineptus,female,,1
EM02182,,7/12/20,2020,7,194,Elk M.,1,POTFIS,Potentilla fissa,Big Flower Cinquefoil,Rosaceae,Hymenoptera,Andrenidae,Andrena topazana,female,,1
EM02174,,7/12/20,2020,7,194,Elk M.,2,POTFIS,Potentilla fissa,Big Flower Cinquefoil,Rosaceae,Hymenoptera,Andrenidae,Andrena thaspii,female,,1
EM02186,,7/12/20,2020,7,194,Elk M.,5,POTFIS,Potentilla fissa,Big Flower Cinquefoil,Rosaceae,Hymenoptera,Halictidae,Dufourea fimbriata,female,,1
EM02271,,7/18/20,2020,7,200,Elk M.,1,POTFIS,Potentilla fissa,Big Flower Cinquefoil,Rosaceae,Hymenoptera,Halictidae,Dufourea fimbriata,female,,1
EM02272,,7/18/20,2020,7,200,Elk M.,5,POTFIS,Potentilla fissa,Big Flower Cinquefoil,Rosaceae,Hymenoptera,Colletidae,Hylaeus personatellus,,,1
EM02393,,6/30/21,2021,6,181,Elk M.,6,POTFIS,Potentilla fissa,Big Flower Cinquefoil,Rosaceae,Hymenoptera,Colletidae,Hylaeus coloradensis,https://www.inaturalist.org/observations/103109042#activity_identification_394f2e2a-154b-4045-847d-7a13985ad0ca,,1
EM02392,,6/30/21,2021,6,181,Elk M.,6,POTFIS,Potentilla fissa,Big Flower Cinquefoil,Rosaceae,Hymenoptera,Colletidae,Colletes nigrifrons,male,,1
EM02420,,7/7/21,2021,7,188,Elk M.,6,POTFIS,Potentilla fissa,Big Flower Cinquefoil,Rosaceae,Hymenoptera,Megachilidae,Hoplitis fulgida,male,,1
EM02413,,7/7/21,2021,7,188,Elk M.,3,POTFIS,Potentilla fissa,Big Flower Cinquefoil,Rosaceae,Hymenoptera,Megachilidae,Osmia spp.,osmia,,1
,,7/7/21,2021,7,188,Elk M.,2,POTFIS,Potentilla fissa,Big Flower Cinquefoil,Rosaceae,Hymenoptera,Andrenidae,Andrena vicinoides,same as EM02415,,1
EM02415,,7/7/21,2021,7,188,Elk M.,2,POTFIS,Potentilla fissa,Big Flower Cinquefoil,Rosaceae,Hymenoptera,Andrenidae,Andrena vicinoides,female,,1
EM02427,,7/7/21,2021,7,188,Elk M.,3,POTFIS,Potentilla fissa,Big Flower Cinquefoil,Rosaceae,Hymenoptera,Andrenidae,Panurginus cressoniellus,female,,1
EM02428,,7/7/21,2021,7,188,Elk M.,3,POTFIS,Potentilla fissa,Big Flower Cinquefoil,Rosaceae,Hymenoptera,Andrenidae,Panurginus ineptus,female,,1
EM02403,,7/7/21,2021,7,188,Elk M.,4,POTFIS,Potentilla fissa,Big Flower Cinquefoil,Rosaceae,Hymenoptera,Andrenidae,Andrena crategi,female,,1
EM02456,,7/14/21,2021,7,195,Elk M.,6,POTFIS,Potentilla fissa,Big Flower Cinquefoil,Rosaceae,Hymenoptera,Colletidae,Hylaeus basalis,black bee,,1
EM02438,,7/14/21,2021,7,195,Elk M.,6,POTFIS,Potentilla fissa,Big Flower Cinquefoil,Rosaceae,Hymenoptera,Apidae,Bombus bifarius,female,,1
EM02450,,7/14/21,2021,7,195,Elk M.,4,POTFIS,Potentilla fissa,Big Flower Cinquefoil,Rosaceae,Hymenoptera,Andrenidae,Panurginus ineptus,female,,1
EM02478,,7/22/21,2021,7,203,Elk M.,2,POTFIS,Potentilla fissa,Big Flower Cinquefoil,Rosaceae,Hymenoptera,Halictidae,Dufourea fimbriata,female,,1
EM02477,,7/22/21,2021,7,203,Elk M.,5,POTFIS,Potentilla fissa,Big Flower Cinquefoil,Rosaceae,Hymenoptera,Halictidae,Dufourea fimbriata,male,,1
EM02507,,7/28/21,2021,7,209,Elk M.,2,POTFIS,Potentilla fissa,Big Flower Cinquefoil,Rosaceae,Hymenoptera,Megachilidae,Megachile melanophaea,female,,1
,,7/3/22,2022,7,184,Elk M.,6,POTFIS,Potentilla fissa,Big Flower Cinquefoil,Rosaceae,Hymenoptera,Megachilidae,Hoplitis fulgida,,,1
EM01020,UCMC 0234770,8/6/15,2015,8,218,Elk M.,1,POTFRU,Potentilla fruticosa,Shrubby Cinquefoil,Rosaceae,Hymenoptera,Colletidae,Hylaeus personatellus,female,,1
EM02584,,8/19/21,2021,8,231,Elk M.,4,POTFRU,Potentilla fruticosa,Shrubby Cinquefoil,Rosaceae,Hymenoptera,Colletidae,Hylaeus annulatus,,,1
EM00632,UCMC 0234382,7/23/15,2015,7,204,Elk M.,6,POTPUL,Potentilla pulcherrima,Beautiful Cinquefoil,Rosaceae,Hymenoptera,Andrenidae,Panurginus spp.,female,,1
EM01346,,7/3/16,2016,7,185,Elk M.,6,POTPUL,Potentilla pulcherrima,Beautiful Cinquefoil,Rosaceae,Hymenoptera,Andrenidae,Panurginus cressoniellus,female,,1
EM01373,,7/8/16,2016,7,190,Elk M.,2,POTPUL,Potentilla pulcherrima,Beautiful Cinquefoil,Rosaceae,Hymenoptera,Andrenidae,Panurginus cressoniellus,,,1
EM01363,,7/8/16,2016,7,190,Elk M.,4,POTPUL,Potentilla pulcherrima,Beautiful Cinquefoil,Rosaceae,Hymenoptera,Andrenidae,Panurginus cressoniellus,female,,1
EM01384,,7/15/16,2016,7,197,Elk M.,1,POTPUL,Potentilla pulcherrima,Beautiful Cinquefoil,Rosaceae,Hymenoptera,Andrenidae,Panurginus cressoniellus,female,,1
EM01396,,7/15/16,2016,7,197,Elk M.,1,POTPUL,Potentilla pulcherrima,Beautiful Cinquefoil,Rosaceae,Hymenoptera,Andrenidae,Panurginus cressoniellus,female,,1
EM01397,,7/15/16,2016,7,197,Elk M.,1,POTPUL,Potentilla pulcherrima,Beautiful Cinquefoil,Rosaceae,Hymenoptera,Andrenidae,Panurginus cressoniellus,female,,1
EM01399,,7/21/16,2016,7,203,Elk M.,1,POTPUL,Potentilla pulcherrima,Beautiful Cinquefoil,Rosaceae,Hymenoptera,Andrenidae,Panurginus cressoniellus,male,,1
EM01413,,7/21/16,2016,7,203,Elk M.,1,POTPUL,Potentilla pulcherrima,Beautiful Cinquefoil,Rosaceae,Hymenoptera,Andrenidae,Panurginus cressoniellus,female,,1
EM01414,,7/21/16,2016,7,203,Elk M.,1,POTPUL,Potentilla pulcherrima,Beautiful Cinquefoil,Rosaceae,Hymenoptera,Andrenidae,Panurginus cressoniellus,female,,1
EM02031,,6/5/17,2017,6,156,Elk M.,6,CYMLEM,Cymopterus lemmonii,Mountain Parsley,Apiaceae,Hymenoptera,Halictidae,Lasioglossum (Dialictus) tenax,female,,1
,,7/17/17,2017,7,198,Elk M.,1,POTPUL,Potentilla pulcherrima,Beautiful Cinquefoil,Rosaceae,Hymenoptera,Andrenidae,Panurginus cressoniellus,"female, same as EM02054",,1
,,7/17/17,2017,7,198,Elk M.,1,POTPUL,Potentilla pulcherrima,Beautiful Cinquefoil,Rosaceae,Hymenoptera,Andrenidae,Panurginus cressoniellus,"female, same as EM02054",,1
EM02054,,7/17/17,2017,7,198,Elk M.,1,POTPUL,Potentilla pulcherrima,Beautiful Cinquefoil,Rosaceae,Hymenoptera,Andrenidae,Panurginus cressoniellus,female,,1
EM01643,,7/25/17,2017,7,206,Elk M.,1,POTPUL,Potentilla pulcherrima,Beautiful Cinquefoil,Rosaceae,Hymenoptera,Andrenidae,Panurginus cressoniellus,female,,1
,,7/25/17,2017,7,206,Elk M.,2,POTPUL,Potentilla pulcherrima,Beautiful Cinquefoil,Rosaceae,Hymenoptera,Halictidae,Lasioglossum sp.,sames as EM02057,,1
EM02057,,7/25/17,2017,7,206,Elk M.,2,POTPUL,Potentilla pulcherrima,Beautiful Cinquefoil,Rosaceae,Hymenoptera,Andrenidae,Panurginus cressoniellus,male,,1
EM01678,,7/31/17,2017,7,212,Elk M.,1,POTPUL,Potentilla pulcherrima,Beautiful Cinquefoil,Rosaceae,Hymenoptera,Andrenidae,Andrena cyanophila,female,,1
EM02059,,7/31/17,2017,7,212,Elk M.,1,POTPUL,Potentilla pulcherrima,Beautiful Cinquefoil,Rosaceae,Hymenoptera,Halictidae,Dufourea fimbriata,female,,1
EM02061,,7/31/17,2017,7,212,Elk M.,1,POTPUL,Potentilla pulcherrima,Beautiful Cinquefoil,Rosaceae,Hymenoptera,Halictidae,Dufourea fimbriata,female,,1
EM01528,,6/12/17,2017,6,163,Elk M.,1,CYMLEM,Cymopterus lemmonii,Mountain Parsley,Apiaceae,Hymenoptera,Halictidae,Lasioglossum (Dialictus) tenax,female,,1
EM02060,,7/31/17,2017,7,212,Elk M.,1,POTPUL,Potentilla pulcherrima,Beautiful Cinquefoil,Rosaceae,Hymenoptera,Halictidae,Lasioglossum sp.,,,1
EM01699,,8/14/17,2017,8,226,Elk M.,1,POTPUL,Potentilla pulcherrima,Beautiful Cinquefoil,Rosaceae,Hymenoptera,Andrenidae,Panurginus cressoniellus,female,,1
EM01721,,8/22/17,2017,8,234,Elk M.,1,POTPUL,Potentilla pulcherrima,Beautiful Cinquefoil,Rosaceae,Hymenoptera,Andrenidae,Panurginus cressoniellus,female,,1
EM01878,,7/6/18,2018,7,187,Elk M.,1,POTPUL,Potentilla pulcherrima,Beautiful Cinquefoil,Rosaceae,Hymenoptera,Andrenidae,Panurginus cressoniellus,female,,1
EM01879,,7/6/18,2018,7,187,Elk M.,1,POTPUL,Potentilla pulcherrima,Beautiful Cinquefoil,Rosaceae,Hymenoptera,Andrenidae,Panurginus cressoniellus,female,,1
EM01896,,7/6/18,2018,7,187,Elk M.,2,POTPUL,Potentilla pulcherrima,Beautiful Cinquefoil,Rosaceae,Hymenoptera,Andrenidae,Panurginus cressoniellus,female,,1
EM01514,,6/12/17,2017,6,163,Elk M.,4,CYMLEM,Cymopterus lemmonii,Mountain Parsley,Apiaceae,Hymenoptera,Halictidae,Lasioglossum (Dialictus) tenax,female,,1
EM01873,,7/6/18,2018,7,187,Elk M.,1,POTPUL,Potentilla pulcherrima,Beautiful Cinquefoil,Rosaceae,Hymenoptera,Apidae,Bombus bifarius,worker,,1
EM01914,,7/11/18,2018,7,192,Elk M.,2,POTPUL,Potentilla pulcherrima,Beautiful Cinquefoil,Rosaceae,Hymenoptera,Colletidae,Colletes nigrifrons,female,,1
EM01520,,6/12/17,2017,6,163,Elk M.,6,CYMLEM,Cymopterus lemmonii,Mountain Parsley,Apiaceae,Hymenoptera,Halictidae,Lasioglossum (Dialictus) tenax,female,,1
EM01918,,7/11/18,2018,7,192,Elk M.,3,POTPUL,Potentilla pulcherrima,Beautiful Cinquefoil,Rosaceae,Hymenoptera,Halictidae,Dufourea fimbriata,female,,1
EM01924,,7/11/18,2018,7,192,Elk M.,1,POTPUL,Potentilla pulcherrima,Beautiful Cinquefoil,Rosaceae,Hymenoptera,Andrenidae,Panurginus cressoniellus,male,,1
EM01942,,7/20/18,2018,7,201,Elk M.,1,POTPUL,Potentilla pulcherrima,Beautiful Cinquefoil,Rosaceae,Hymenoptera,Halictidae,Dufourea fimbriata,female,,1
,,7/20/18,2018,7,201,Elk M.,1,POTPUL,Potentilla pulcherrima,Beautiful Cinquefoil,Rosaceae,Hymenoptera,Halictidae,Dufourea fimbriata,same as 1942,,1
EM01949,,7/25/18,2018,7,206,Elk M.,1,POTPUL,Potentilla pulcherrima,Beautiful Cinquefoil,Rosaceae,Hymenoptera,Halictidae,Dufourea fimbriata,female,,1
EM02131,,7/13/19,2019,7,194,Elk M.,4,POTPUL,Potentilla pulcherrima,Beautiful Cinquefoil,Rosaceae,Hymenoptera,Megachilidae,Hoplitis fulgida,female,,1
EM01547,,6/20/17,2017,6,171,Elk M.,5,CYMLEM,Cymopterus lemmonii,Mountain Parsley,Apiaceae,Hymenoptera,Halictidae,Lasioglossum (Dialictus) tenax,female,,1
EM02132,,7/23/19,2019,7,204,Elk M.,2,POTPUL,Potentilla pulcherrima,Beautiful Cinquefoil,Rosaceae,Hymenoptera,Halictidae,Dufourea fimbriata,female,,1
EM02171,,7/30/19,2019,7,211,Elk M.,2,POTPUL,Potentilla pulcherrima,Beautiful Cinquefoil,Rosaceae,Hymenoptera,Andrenidae,Andrena cyanophila,female; det JR,,1
EM02137,,7/30/19,2019,7,211,Elk M.,1,POTPUL,Potentilla pulcherrima,Beautiful Cinquefoil,Rosaceae,Hymenoptera,Halictidae,Dufourea fimbriata,male,,1
EM02185,,7/12/20,2020,7,194,Elk M.,3,POTPUL,Potentilla pulcherrima,Beautiful Cinquefoil,Rosaceae,Hymenoptera,Halictidae,Dufourea fimbriata,"female, IN PANURGINUS BOX",,1
EM02519,,7/28/21,2021,7,209,Elk M.,1,POTPUL,Potentilla pulcherrima,Beautiful Cinquefoil,Rosaceae,Hymenoptera,Halictidae,Dufourea fimbriata,female,,1
EM02537,,8/4/21,2021,8,216,Elk M.,1,POTPUL,Potentilla pulcherrima,Beautiful Cinquefoil,Rosaceae,Hymenoptera,Halictidae,Dufourea fimbriata,male,,1
EM02540,,8/12/21,2021,8,224,Elk M.,2,POTPUL,Potentilla pulcherrima,Beautiful Cinquefoil,Rosaceae,Hymenoptera,Apidae,Bombus bifarius,female,,1
,,7/29/22,2022,7,210,Elk M.,2,POTPUL,Potentilla pulcherrima,Beautiful Cinquefoil,Rosaceae,Hymenoptera,Apidae,Bombus bifarius,,,1
EM02037,,6/26/17,2017,6,177,Elk M.,5,CYMLEM,Cymopterus lemmonii,Mountain Parsley,Apiaceae,Hymenoptera,Halictidae,Lasioglossum (Dialictus) tenax,female,,1
EM02064,,7/31/17,2017,7,212,Elk M.,6,CYMLEM,Cymopterus lemmonii,Mountain Parsley,Apiaceae,Hymenoptera,Halictidae,Lasioglossum (Dialictus) tenax,male,,1
EM01375,,7/8/16,2016,7,190,Elk M.,3,ROSWOO,Rosa woodsii,Woods' Rose,Rosaceae,Hymenoptera,Apidae,Bombus melanopygus,,,1
EM01377,,7/8/16,2016,7,190,Elk M.,5,ROSWOO,Rosa woodsii,Woods' Rose,Rosaceae,Hymenoptera,Andrenidae,Panurginus ineptus,female,,1
EM01565,,6/26/17,2017,6,177,Elk M.,3,ROSWOO,Rosa woodsii,Woods' Rose,Rosaceae,Hymenoptera,Andrenidae,Andrena vicinoides,female,,1
EM02034,,6/26/17,2017,6,177,Elk M.,3,ROSWOO,Rosa woodsii,Woods' Rose,Rosaceae,Hymenoptera,Halictidae,Lasioglossum sp.,,,1
EM01827,,6/12/18,2018,6,163,Elk M.,3,CYMLEM,Cymopterus lemmonii,Mountain Parsley,Apiaceae,Hymenoptera,Halictidae,Lasioglossum (Dialictus) tenax,female,,1
EM01593,,7/3/17,2017,7,184,Elk M.,4,ROSWOO,Rosa woodsii,Woods' Rose,Rosaceae,Hymenoptera,Andrenidae,Andrena topazana,female,,1
EM02045,,7/3/17,2017,7,184,Elk M.,4,ROSWOO,Rosa woodsii,Woods' Rose,Rosaceae,Hymenoptera,Andrenidae,Panurginus ineptus,female,,1
EM01597,,7/11/17,2017,7,192,Elk M.,4,ROSWOO,Rosa woodsii,Woods' Rose,Rosaceae,Hymenoptera,Andrenidae,Andrena thaspii,female,,1
EM01598,,7/11/17,2017,7,192,Elk M.,4,ROSWOO,Rosa woodsii,Woods' Rose,Rosaceae,Hymenoptera,Halictidae,Lasioglossum aff. boreale,"Hemihalictus group, female",,1
EM02052,,7/11/17,2017,7,192,Elk M.,6,ROSWOO,Rosa woodsii,Woods' Rose,Rosaceae,Hymenoptera,Andrenidae,Panurginus ineptus,female,,1
EM02055,,7/17/17,2017,7,198,Elk M.,5,ROSWOO,Rosa woodsii,Woods' Rose,Rosaceae,Hymenoptera,Andrenidae,Panurginus ineptus,female,,1
EM01835,,6/22/18,2018,6,173,Elk M.,3,ROSWOO,Rosa woodsii,Woods' Rose,Rosaceae,Hymenoptera,Andrenidae,Panurginus ineptus,female,,1
EM01847,,6/29/18,2018,6,180,Elk M.,3,ROSWOO,Rosa woodsii,Woods' Rose,Rosaceae,Hymenoptera,Andrenidae,Andrena vicinoides,female,,1
EM01850,,6/29/18,2018,6,180,Elk M.,3,ROSWOO,Rosa woodsii,Woods' Rose,Rosaceae,Hymenoptera,Andrenidae,Panurginus ineptus,female,,1
EM01844,,6/29/18,2018,6,180,Elk M.,5,ROSWOO,Rosa woodsii,Woods' Rose,Rosaceae,Hymenoptera,Andrenidae,Andrena vicinoides,female,,1
EM01859,,6/29/18,2018,6,180,Elk M.,5,ROSWOO,Rosa woodsii,Woods' Rose,Rosaceae,Hymenoptera,Andrenidae,Panurginus ineptus,female,,1
EM01865,,6/29/18,2018,6,180,Elk M.,5,ROSWOO,Rosa woodsii,Woods' Rose,Rosaceae,Hymenoptera,Andrenidae,Panurginus ineptus,female,,1
EM01866,,6/29/18,2018,6,180,Elk M.,5,ROSWOO,Rosa woodsii,Woods' Rose,Rosaceae,Hymenoptera,Halictidae,Dufourea fimbriata,female,,1
,,6/29/18,2018,6,180,Elk M.,5,ROSWOO,Rosa woodsii,Woods' Rose,Rosaceae,Hymenoptera,Andrenidae,Panurginus ineptus,female; same as EM01865,,1
EM01887,,7/6/18,2018,7,187,Elk M.,2,ROSWOO,Rosa woodsii,Woods' Rose,Rosaceae,Hymenoptera,Colletidae,Hylaeus annullatus,female,,1
EM01871,,7/6/18,2018,7,187,Elk M.,2,ROSWOO,Rosa woodsii,Woods' Rose,Rosaceae,Hymenoptera,Apidae,Bombus occidentalis,,,1
EM02076,,6/19/19,2019,6,170,Elk M.,4,CYMLEM,Cymopterus lemmonii,Mountain Parsley,Apiaceae,Hymenoptera,Halictidae,Lasioglossum (Dialictus) tenax,det. JR,,1
EM02196,,6/27/20,2020,6,179,Elk M.,2,ROSWOO,Rosa woodsii,Woods' Rose,Rosaceae,Hymenoptera,Halictidae,Lasioglossum (Hemihalictus) sp.,female,,1
EM02212,,7/5/20,2020,7,187,Elk M.,5,ROSWOO,Rosa woodsii,Woods' Rose,Rosaceae,Hymenoptera,Megachilidae,Osmia inermis,female,,1
EM02431,,7/7/21,2021,7,188,Elk M.,2,ROSWOO,Rosa woodsii,Woods' Rose,Rosaceae,Hymenoptera,Apidae,Bombus bifarius,female,,1
EM02434,,7/7/21,2021,7,188,Elk M.,4,ROSWOO,Rosa woodsii,Woods' Rose,Rosaceae,Hymenoptera,Apidae,Bombus bifarius,female,,1
EM02435,,7/7/21,2021,7,188,Elk M.,4,ROSWOO,Rosa woodsii,Woods' Rose,Rosaceae,Hymenoptera,Andrenidae,Andrena sp. 5,large bee,,1
EM02432,,7/7/21,2021,7,188,Elk M.,2,ROSWOO,Rosa woodsii,Woods' Rose,Rosaceae,Hymenoptera,Andrenidae,Panurginus ineptus,female,,1
EM02417,,7/7/21,2021,7,188,Elk M.,4,ROSWOO,Rosa woodsii,Woods' Rose,Rosaceae,Hymenoptera,Andrenidae,Panurginus ineptus,female,,1
EM02421,,7/7/21,2021,7,188,Elk M.,4,ROSWOO,Rosa woodsii,Woods' Rose,Rosaceae,Hymenoptera,Andrenidae,Panurginus cressoniellus,female,,1
EM02430,,7/7/21,2021,7,188,Elk M.,4,ROSWOO,Rosa woodsii,Woods' Rose,Rosaceae,Hymenoptera,Andrenidae,Panurginus ineptus,female,,1
EM02085,,6/25/19,2019,6,176,Elk M.,2,CYMLEM,Cymopterus lemmonii,Mountain Parsley,Apiaceae,Hymenoptera,Halictidae,Lasioglossum (Dialictus) tenax,det. JR,,1
EM02083,,6/25/19,2019,6,176,Elk M.,4,CYMLEM,Cymopterus lemmonii,Mountain Parsley,Apiaceae,Hymenoptera,Halictidae,Lasioglossum (Dialictus) tenax,det. JR,,1
EM00973,UCMC 0234723,8/6/15,2015,8,218,Elk M.,2,SEDLAN,Sedum lanceolatum,Yellow Stonecrop,Crassulaceae,Hymenoptera,Andrenidae,Panurginus spp.,female,,1
EM01367,,7/8/16,2016,7,190,Elk M.,6,SEDLAN,Sedum lanceolatum,Yellow Stonecrop,Crassulaceae,Hymenoptera,Colletidae,Hylaeus personatellus,,,1
EM01392,,7/15/16,2016,7,197,Elk M.,3,SEDLAN,Sedum lanceolatum,Yellow Stonecrop,Crassulaceae,Hymenoptera,Andrenidae,Pseudopanurgus bakeri,female,,1
EM01638,,7/17/17,2017,7,198,Elk M.,4,SEDLAN,Sedum lanceolatum,Yellow Stonecrop,Crassulaceae,Hymenoptera,Megachilidae,Osmia inermis,female,,1
EM01625,,7/17/17,2017,7,198,Elk M.,5,SEDLAN,Sedum lanceolatum,Yellow Stonecrop,Crassulaceae,Hymenoptera,Megachilidae,Osmia pusilla,female,check,1
EM01630,,7/17/17,2017,7,198,Elk M.,6,SEDLAN,Sedum lanceolatum,Yellow Stonecrop,Crassulaceae,Hymenoptera,Andrenidae,Andrena amphibola,female,,1
EM01631,,7/17/17,2017,7,198,Elk M.,6,SEDLAN,Sedum lanceolatum,Yellow Stonecrop,Crassulaceae,Hymenoptera,Apidae,Bombus bifarius,female,,1
EM02158,,7/2/19,2019,7,183,Elk M.,1,CYMLEM,Cymopterus lemmonii,Mountain Parsley,Apiaceae,Hymenoptera,Halictidae,Lasioglossum (Dialictus) tenax,det. JR,,1
EM01880,,7/6/18,2018,7,187,Elk M.,4,SEDLAN,Sedum lanceolatum,Yellow Stonecrop,Crassulaceae,Hymenoptera,Megachilidae,Megachile relativa,male,,1
EM01870,,7/6/18,2018,7,187,Elk M.,6,SEDLAN,Sedum lanceolatum,Yellow Stonecrop,Crassulaceae,Hymenoptera,Apidae,Bombus bifarius,worker,,1
EM01869,,7/6/18,2018,7,187,Elk M.,3,SEDLAN,Sedum lanceolatum,Yellow Stonecrop,Crassulaceae,Hymenoptera,Apidae,Bombus melanopygus,,,1
,,7/11/18,2018,7,192,Elk M.,4,SEDLAN,Sedum lanceolatum,Yellow Stonecrop,Crassulaceae,Hymenoptera,Megachilidae,Megachile frigida,female,,1
EM02121,,7/2/19,2019,7,183,Elk M.,3,CYMLEM,Cymopterus lemmonii,Mountain Parsley,Apiaceae,Hymenoptera,Halictidae,Lasioglossum (Dialictus) tenax,det. JR,,1
EM01920,,7/11/18,2018,7,192,Elk M.,6,SEDLAN,Sedum lanceolatum,Yellow Stonecrop,Crassulaceae,Hymenoptera,Megachilidae,Stelis nitida,male; kleptoparasitic,,1
EM01910,,7/11/18,2018,7,192,Elk M.,5,SEDLAN,Sedum lanceolatum,Yellow Stonecrop,Crassulaceae,Hymenoptera,Apidae,Nomada spp. ,male; red bee; kelptoparasitic on Andrena,,1
EM01911,,7/11/18,2018,7,192,Elk M.,3,SEDLAN,Sedum lanceolatum,Yellow Stonecrop,Crassulaceae,Hymenoptera,Apidae,Bombus bifarius,worker,,1
EM01905,,7/11/18,2018,7,192,Elk M.,5,SEDLAN,Sedum lanceolatum,Yellow Stonecrop,Crassulaceae,Hymenoptera,Apidae,Bombus bifarius,worker,,1
EM01933,,7/20/18,2018,7,201,Elk M.,5,SEDLAN,Sedum lanceolatum,Yellow Stonecrop,Crassulaceae,Hymenoptera,Apidae,Bombus bifarius,worker,,1
EM01930,,7/20/18,2018,7,201,Elk M.,2,SEDLAN,Sedum lanceolatum,Yellow Stonecrop,Crassulaceae,Hymenoptera,Apidae,Bombus mixtus,,,1
EM01935,,7/20/18,2018,7,201,Elk M.,5,SEDLAN,Sedum lanceolatum,Yellow Stonecrop,Crassulaceae,Hymenoptera,Apidae,Bombus mixtus,,,1
EM02155,,7/23/19,2019,7,204,Elk M.,6,SEDLAN,Sedum lanceolatum,Yellow Stonecrop,Crassulaceae,Hymenoptera,Megachilidae,Hoplitis fulgida,female,,1
,,7/23/19,2019,7,204,Elk M.,4,SEDLAN,Sedum lanceolatum,Yellow Stonecrop,Crassulaceae,Hymenoptera,Apidae,Bombus bifarius,,,1
EM02138,,9/2/19,2019,9,245,Elk M.,6,CYMLEM,Cymopterus lemmonii,Mountain Parsley,Apiaceae,Hymenoptera,Halictidae,Lasioglossum (Dialictus) tenax,det. JR,,1
EM02161,,8/6/19,2019,8,218,Elk M.,4,SEDLAN,Sedum lanceolatum,Yellow Stonecrop,Crassulaceae,Hymenoptera,Colletidae,Hylaeus annulatus,female,,1
EM02160,,8/6/19,2019,8,218,Elk M.,4,SEDLAN,Sedum lanceolatum,Yellow Stonecrop,Crassulaceae,Hymenoptera,Apidae,Bombus bifarius,male,,1
,,8/6/19,2019,8,218,Elk M.,6,SEDLAN,Sedum lanceolatum,Yellow Stonecrop,Crassulaceae,Hymenoptera,Apidae,Bombus flavifrons,,,1
EM02213,,7/5/20,2020,7,187,Elk M.,4,SEDLAN,Sedum lanceolatum,Yellow Stonecrop,Crassulaceae,Hymenoptera,Andrenidae,Andrena topazana,,,1
EM02183,,7/12/20,2020,7,194,Elk M.,6,SEDLAN,Sedum lanceolatum,Yellow Stonecrop,Crassulaceae,Hymenoptera,Megachilidae,Osmia paradisica,female,,1
EM02266,,7/18/20,2020,7,200,Elk M.,6,SEDLAN,Sedum lanceolatum,Yellow Stonecrop,Crassulaceae,Hymenoptera,Apidae,Bombus bifarius,female,,1
EM02267,,7/18/20,2020,7,200,Elk M.,6,SEDLAN,Sedum lanceolatum,Yellow Stonecrop,Crassulaceae,Hymenoptera,Megachilidae,Hoplitis fulgida,female,,1
,,7/18/20,2020,7,200,Elk M.,2,SEDLAN,Sedum lanceolatum,Yellow Stonecrop,Crassulaceae,Hymenoptera,Megachilidae,Hoplitis fulgida,same as EM02267,,1
,,7/14/21,2021,7,195,Elk M.,6,SEDLAN,Sedum lanceolatum,Yellow Stonecrop,Crassulaceae,Hymenoptera,Apidae,Bombus bifarius,same as EM02438 bombus,,1
EM02474,,7/22/21,2021,7,203,Elk M.,3,SEDLAN,Sedum lanceolatum,Yellow Stonecrop,Crassulaceae,Hymenoptera,Apidae,Bombus mixtus,female,,1
EM02500,,7/28/21,2021,7,209,Elk M.,4,SEDLAN,Sedum lanceolatum,Yellow Stonecrop,Crassulaceae,Hymenoptera,Apidae,Bombus mixtus,female,,1
EM02495,,7/28/21,2021,7,209,Elk M.,5,SEDLAN,Sedum lanceolatum,Yellow Stonecrop,Crassulaceae,Hymenoptera,Apidae,Bombus bifarius,female,,1
EM02511,,7/28/21,2021,7,209,Elk M.,6,SEDLAN,Sedum lanceolatum,Yellow Stonecrop,Crassulaceae,Hymenoptera,Megachilidae,Hoplitis fulgida,female,,1
EM02512,,7/28/21,2021,7,209,Elk M.,6,SEDLAN,Sedum lanceolatum,Yellow Stonecrop,Crassulaceae,Hymenoptera,Apidae,Bombus mixtus,female,,1
EM02513,,7/28/21,2021,7,209,Elk M.,6,SEDLAN,Sedum lanceolatum,Yellow Stonecrop,Crassulaceae,Hymenoptera,Apidae,Bombus bifarius,female,,1
EM02514,,7/28/21,2021,7,209,Elk M.,6,SEDLAN,Sedum lanceolatum,Yellow Stonecrop,Crassulaceae,Hymenoptera,Megachilidae,Osmia pusilla,female,,1
EM02748,,7/21/22,2022,7,202,Elk M.,6,SEDLAN,Sedum lanceolatum,Yellow Stonecrop,Crassulaceae,Hymenoptera,Apidae,Bombus,,,1
EM02750,,7/21/22,2022,7,202,Elk M.,4,SEDLAN,Sedum lanceolatum,Yellow Stonecrop,Crassulaceae,Hymenoptera,Apidae,Bombus,,,1
EM02754,,7/21/22,2022,7,202,Elk M.,4,SEDLAN,Sedum lanceolatum,Yellow Stonecrop,Crassulaceae,Hymenoptera,Apidae,Bombus,,,1
,,7/21/22,2022,7,202,Elk M.,4,SEDLAN,Sedum lanceolatum,Yellow Stonecrop,Crassulaceae,Hymenoptera,Apidae,Bombus,same as EM02754,,1
EM02759,,7/21/22,2022,7,202,Elk M.,3,SEDLAN,Sedum lanceolatum,Yellow Stonecrop,Crassulaceae,Hymenoptera,Apidae,Bombus,,,1
EM02773,,7/21/22,2022,7,202,Elk M.,3,SEDLAN,Sedum lanceolatum,Yellow Stonecrop,Crassulaceae,Hymenoptera,Apidae,Bombus,,,1
EM02775,,7/21/22,2022,7,202,Elk M.,4,SEDLAN,Sedum lanceolatum,Yellow Stonecrop,Crassulaceae,Hymenoptera,Apidae,Bombus,,,1
EM01431,,7/29/16,2016,7,211,Elk M.,5,SOLMUL,Solidago multiradiata,Rocky Mountain Goldenrod,Asteraceae,Hymenoptera,Halictidae,Sphecodes sp.,male,,1
EM01657,,7/31/17,2017,7,212,Elk M.,5,SOLMUL,Solidago multiradiata,Rocky Mountain Goldenrod,Asteraceae,Hymenoptera,Apidae,Bombus mixtus,male,,1
EM01932,,7/20/18,2018,7,201,Elk M.,3,SOLMUL,Solidago multiradiata,Rocky Mountain Goldenrod,Asteraceae,Hymenoptera,Apidae,Bombus bifarius,worker,,1
EM01951,,7/25/18,2018,7,206,Elk M.,5,SOLMUL,Solidago multiradiata,Rocky Mountain Goldenrod,Asteraceae,Hymenoptera,Apidae,Bombus bifarius,worker,,1
EM01972,,8/4/18,2018,8,216,Elk M.,5,SOLMUL,Solidago multiradiata,Rocky Mountain Goldenrod,Asteraceae,Hymenoptera,Apidae,Bombus bifarius,worker,,1
EM01994,,8/10/18,2018,8,222,Elk M.,3,SOLMUL,Solidago multiradiata,Rocky Mountain Goldenrod,Asteraceae,Hymenoptera,Apidae,Bombus bifarius,worker,,1
,,8/20/19,2019,8,232,Elk M.,5,SOLMUL,Solidago multiradiata,Rocky Mountain Goldenrod,Asteraceae,Hymenoptera,Apidae,Bombus mixtus,,,1
EM02247,,8/8/20,2020,8,221,Elk M.,5,SOLMUL,Solidago multiradiata,Rocky Mountain Goldenrod,Asteraceae,Hymenoptera,Apidae,Bombus bifarius,female,,1
,,8/16/18,2018,8,228,Elk M.,3,SOLSIM,Solidago simplex,Sticky Goldenrod,Asteraceae,Hymenoptera,Apidae,Bombus bifarius,worker,same as EM02004,1
EM02554,,8/12/21,2021,8,224,Elk M.,2,SOLSIM,Solidago simplex,Sticky Goldenrod,Asteraceae,Hymenoptera,Apidae,Bombus flavifrons,female,,1
EM02114,,7/23/19,2019,7,204,Elk M.,1,DODPUL,Dodecatheon pulchellum,Darkthroat Shooting Star,Primulaceae,Hymenoptera,Halictidae,Lasioglossum (Dialictus) tenax,det. JR,,1
EM01500,,9/26/16,2016,9,270,Elk M.,1,ERIEXI,Erigeron eximius,Splendid Daisy,Asteraceae,Hymenoptera,Halictidae,Lasioglossum (Dialictus) tenax,male,,1
,,9/9/16,2016,9,253,Elk M.,5,SYMPOR,Symphyotrichum porteri,Smooth White Aster,Asteraceae,Hymenoptera,Halictidae,Lasioglossum sp.,Lasioglossum (Dialictus) mixed spp.,,1
EM01302,,6/4/16,2016,6,156,Elk M.,5,FRAVIR,Fragaria virginiana,Wild Strawberry,Rosaceae,Hymenoptera,Halictidae,Lasioglossum (Dialictus) tenax,female,,1
EM01782,,5/31/18,2018,5,151,Elk M.,5,FRAVIR,Fragaria virginiana,Wild Strawberry,Rosaceae,Hymenoptera,Halictidae,Lasioglossum (Dialictus) tenax,female,,1
EM01479,,8/26/16,2016,8,239,Elk M.,3,HETVIL,Heterotheca villosa,Hairy False Goldenaster,Asteraceae,Hymenoptera,Halictidae,Lasioglossum (Dialictus) tenax,male,,1
EM01730,,8/22/17,2017,8,234,Elk M.,4,HETVIL,Heterotheca villosa,Hairy False Goldenaster,Asteraceae,Hymenoptera,Halictidae,Lasioglossum (Dialictus) tenax,female,,1
EM01728,,8/22/17,2017,8,234,Elk M.,5,HETVIL,Heterotheca villosa,Hairy False Goldenaster,Asteraceae,Hymenoptera,Halictidae,Lasioglossum (Dialictus) tenax,female,,1
,,8/20/19,2019,8,232,Elk M.,4,SYMPOR,Symphyotrichum porteri,Smooth White Aster,Asteraceae,Hymenoptera,Apidae,Bombus bifarius,,,1
EM01747,,9/6/17,2017,9,249,Elk M.,4,HETVIL,Heterotheca villosa,Hairy False Goldenaster,Asteraceae,Hymenoptera,Halictidae,Lasioglossum (Dialictus) tenax,male,,1
EM02139,,9/2/19,2019,9,245,Elk M.,4,SYMPOR,Symphyotrichum porteri,Smooth White Aster,Asteraceae,Hymenoptera,Halictidae,Halictus confusus,female,,1
EM02148,,9/2/19,2019,9,245,Elk M.,3,SYMPOR,Symphyotrichum porteri,Smooth White Aster,Asteraceae,Hymenoptera,Apidae,Bombus rufocinctus,,,1
,,9/9/19,2019,9,252,Elk M.,5,SYMPOR,Symphyotrichum porteri,Smooth White Aster,Asteraceae,Hymenoptera,Apidae,Bombus bifarius,,,1
EM01766,,9/13/17,2017,9,256,Elk M.,1,HYPRAD,Hypochaeris radicata,Spotted Cat's Ear,Asteraceae,Hymenoptera,Halictidae,Lasioglossum (Dialictus) tenax,male,,1
EM01513,,6/12/17,2017,6,163,Elk M.,4,POTFIS,Potentilla fissa,Big Flower Cinquefoil,Rosaceae,Hymenoptera,Halictidae,Lasioglossum (Dialictus) tenax,female,,1
EM02543,,8/12/21,2021,8,224,Elk M.,4,SYMPOR,Symphyotrichum porteri,Smooth White Aster,Asteraceae,Hymenoptera,Apidae,Bombus bifarius,female,,1
,,8/19/21,2021,8,231,Elk M.,4,SYMPOR,Symphyotrichum porteri,Smooth White Aster,Asteraceae,Hymenoptera,Apidae,Bombus bifarius,bombus; EM02579,,1
EM02576,,8/19/21,2021,8,231,Elk M.,4,SYMPOR,Symphyotrichum porteri,Smooth White Aster,Asteraceae,Hymenoptera,Apidae,Bombus bifarius,female,,1
EM02589,,8/28/21,2021,8,240,Elk M.,3,SYMPOR,Symphyotrichum porteri,Smooth White Aster,Asteraceae,Hymenoptera,Apidae,Bombus bifarius,female,,1
EM02586,,8/28/21,2021,8,240,Elk M.,6,SYMPOR,Symphyotrichum porteri,Smooth White Aster,Asteraceae,Hymenoptera,Apidae,Bombus bifarius,female,,1
EM02599,,8/28/21,2021,8,240,Elk M.,6,SYMPOR,Symphyotrichum porteri,Smooth White Aster,Asteraceae,Hymenoptera,Apidae,Bombus bifarius,female,,1
EM02625,,9/10/21,2021,9,253,Elk M.,6,SYMPOR,Symphyotrichum porteri,Smooth White Aster,Asteraceae,Hymenoptera,Apidae,Bombus bifarius,female,,1
EM02623,,9/10/21,2021,9,253,Elk M.,6,SYMPOR,Symphyotrichum porteri,Smooth White Aster,Asteraceae,Hymenoptera,Apidae,Bombus bifarius,male,,1
,,8/13/22,2022,8,225,Elk M.,3,SYMPOR,Symphyotrichum porteri,Smooth White Aster,Asteraceae,Hymenoptera,Apidae,Bombus bifarius,,,1
,,8/13/22,2022,8,225,Elk M.,3,SYMPOR,Symphyotrichum porteri,Smooth White Aster,Asteraceae,Hymenoptera,Apidae,Bombus bifarius,,,1
EM00152,UCMC 0233902,6/18/15,2015,6,169,Elk M.,6,TAROFF,Taraxacum officinale,Common dandelion,Asteraceae,Hymenoptera,Halictidae,Halictus tripartitus,female,,1
EM00043,UCMC 0233793,6/24/15,2015,6,175,Elk M.,1,TAROFF,Taraxacum officinale,Common dandelion,Asteraceae,Hymenoptera,Halictidae,Lasioglossum inconditum,female,,1
EM01300,,6/4/16,2016,6,156,Elk M.,3,TAROFF,Taraxacum officinale,Common dandelion,Asteraceae,Hymenoptera,Megachilidae,Osmia sp. A,male,,1
,,6/10/16,2016,6,162,Elk M.,5,TAROFF,Taraxacum officinale,Common dandelion,Asteraceae,Hymenoptera,Halictidae,Lasioglossum sp.,Lasioglossum (Dialictus) mixed spp.; female,,1
EM01311b,,6/10/16,2016,6,162,Elk M.,4,TAROFF,Taraxacum officinale,Common dandelion,Asteraceae,Hymenoptera,Megachilidae,Osmia bucephala,,,1
EM02124,,7/9/19,2019,7,190,Elk M.,4,POTFIS,Potentilla fissa,Big Flower Cinquefoil,Rosaceae,Hymenoptera,Halictidae,Lasioglossum (Dialictus) tenax,det. JR,,1
EM02133,,7/30/19,2019,7,211,Elk M.,5,POTFIS,Potentilla fissa,Big Flower Cinquefoil,Rosaceae,Hymenoptera,Halictidae,Lasioglossum (Dialictus) tenax,det. JR,,1
EM01504,,5/30/17,2017,5,150,Elk M.,4,TAROFF,Taraxacum officinale,Common dandelion,Asteraceae,Hymenoptera,Halictidae,Lasioglossum sp.,Lasioglossum (Dialictus) mixed spp.; female,,1
EM01503,,5/30/17,2017,5,150,Elk M.,4,TAROFF,Taraxacum officinale,Common dandelion,Asteraceae,Hymenoptera,Megachilidae,Osmia sp. E,male,check,1
,,5/30/17,2017,5,150,Elk M.,4,TAROFF,Taraxacum officinale,Common dandelion,Asteraceae,Hymenoptera,Halictidae,Lasioglossum sp.,,same as EM01504,1
,,5/30/17,2017,5,150,Elk M.,4,TAROFF,Taraxacum officinale,Common dandelion,Asteraceae,Hymenoptera,Halictidae,Lasioglossum sp.,,same as EM01504,1
,,5/30/17,2017,5,150,Elk M.,4,TAROFF,Taraxacum officinale,Common dandelion,Asteraceae,Hymenoptera,Halictidae,Lasioglossum sp.,,same as EM01504,1
,,5/30/17,2017,5,150,Elk M.,4,TAROFF,Taraxacum officinale,Common dandelion,Asteraceae,Hymenoptera,Halictidae,Lasioglossum sp.,,same as EM01504,1
,,5/30/17,2017,5,150,Elk M.,4,TAROFF,Taraxacum officinale,Common dandelion,Asteraceae,Hymenoptera,Halictidae,Lasioglossum sp.,,same as EM01504,1
,,5/30/17,2017,5,150,Elk M.,4,TAROFF,Taraxacum officinale,Common dandelion,Asteraceae,Hymenoptera,Halictidae,Lasioglossum sp.,,same as EM01504,1
EM01532,,6/5/17,2017,6,156,Elk M.,6,TAROFF,Taraxacum officinale,Common dandelion,Asteraceae,Hymenoptera,Megachilidae,Osmia bucephala,male,,1
,,8/6/19,2019,8,218,Elk M.,2,POTFIS,Potentilla fissa,Big Flower Cinquefoil,Rosaceae,Hymenoptera,Halictidae,Lasioglossum (Dialictus) tenax,same as EM02158,,1
EM02062,,7/31/17,2017,7,212,Elk M.,2,POTPUL,Potentilla pulcherrima,Beautiful Cinquefoil,Rosaceae,Hymenoptera,Halictidae,Lasioglossum (Dialictus) tenax,female,,1
EM01527,,6/12/17,2017,6,163,Elk M.,2,TAROFF,Taraxacum officinale,Common dandelion,Asteraceae,Hymenoptera,Megachilidae,Osmia sp. D,male,check,1
,,6/12/17,2017,6,163,Elk M.,2,TAROFF,Taraxacum officinale,Common dandelion,Asteraceae,Hymenoptera,Halictidae,Lasioglossum sp.,,same as EM01526,1
EM01717,,8/22/17,2017,8,234,Elk M.,2,TAROFF,Taraxacum officinale,Common dandelion,Asteraceae,Hymenoptera,Apidae,Bombus flavifrons,worker,,1
EM02127,,7/23/19,2019,7,204,Elk M.,2,POTPUL,Potentilla pulcherrima,Beautiful Cinquefoil,Rosaceae,Hymenoptera,Halictidae,Lasioglossum (Dialictus) tenax,det. JR,,1
EM01790,,5/31/18,2018,5,151,Elk M.,2,RANINA,Ranunculus inamoenus,Graceful Buttercup,Ranunculaceae,Hymenoptera,Halictidae,Lasioglossum (Dialictus) tenax,female,,1
EM01738,,8/30/17,2017,8,242,Elk M.,4,SYMPOR,Symphyotrichum porteri,Smooth White Aster,Asteraceae,Hymenoptera,Halictidae,Lasioglossum (Dialictus) tenax,male,,1
EM01750,,9/6/17,2017,9,249,Elk M.,6,SYMPOR,Symphyotrichum porteri,Smooth White Aster,Asteraceae,Hymenoptera,Halictidae,Lasioglossum (Dialictus) tenax,female,,1
EM01765,,9/13/17,2017,9,256,Elk M.,1,TAROFF,Taraxacum officinale,Common dandelion,Asteraceae,Hymenoptera,Halictidae,Sphecodes sp.,male,,1
EM01779,,5/24/18,2018,5,144,Elk M.,4,TAROFF,Taraxacum officinale,Common dandelion,Asteraceae,Hymenoptera,Megachilidae,Osmia spp.,male,,1
EM01788,,5/31/18,2018,5,151,Elk M.,1,TAROFF,Taraxacum officinale,Common dandelion,Asteraceae,Hymenoptera,Halictidae,Lasioglossum inconditum,female,,1
EM01789,,5/31/18,2018,5,151,Elk M.,5,TAROFF,Taraxacum officinale,Common dandelion,Asteraceae,Hymenoptera,Megachilidae,Osmia spp.,,check if fits prev. morphospecies,1
EM02090,,9/15/19,2019,9,258,Elk M.,6,SYMPOR,Symphyotrichum porteri,Smooth White Aster,Asteraceae,Hymenoptera,Halictidae,Lasioglossum (Dialictus) tenax,det. JR,,1
EM01814,,6/12/18,2018,6,163,Elk M.,5,TAROFF,Taraxacum officinale,Common dandelion,Asteraceae,Hymenoptera,Apidae,Epeolus sp.,female; kleptoparasitic on Colletes,,1
EM01806,,6/12/18,2018,6,163,Elk M.,1,TAROFF,Taraxacum officinale,Common dandelion,Asteraceae,Hymenoptera,Apidae,Bombus bifarius,queen,,1
EM01840,,6/22/18,2018,6,173,Elk M.,1,TAROFF,Taraxacum officinale,Common dandelion,Asteraceae,Hymenoptera,Halictidae,Dufourea maura,female,,1
EM01767,,9/13/17,2017,9,256,Elk M.,1,TAROFF,Taraxacum officinale,Common dandelion,Asteraceae,Hymenoptera,Halictidae,Lasioglossum (Dialictus) tenax,female,,1
EM02080,,6/19/19,2019,6,170,Elk M.,2,TAROFF,Taraxacum officinale,Common dandelion,Asteraceae,Hymenoptera,Halictidae,Lasioglossum (Dialictus) tenax,det. JR,,1
EM02075,,6/19/19,2019,6,170,Elk M.,2,TAROFF,Taraxacum officinale,Common dandelion,Asteraceae,Hymenoptera,Megachilidae,Osmia sp. C,male,,1
,,6/19/19,2019,6,170,Elk M.,2,TAROFF,Taraxacum officinale,Common dandelion,Asteraceae,Hymenoptera,Halictidae,Lasioglossum (Dialictus) tenax,same as EM02080,,1
EM02086,,6/25/19,2019,6,176,Elk M.,4,TAROFF,Taraxacum officinale,Common dandelion,Asteraceae,Hymenoptera,Megachilidae,Osmia sp. F,male,,1
EM02117,,7/9/19,2019,7,190,Elk M.,4,TAROFF,Taraxacum officinale,Common dandelion,Asteraceae,Hymenoptera,Megachilidae,Stelis sp.,female; large bee,,1
EM02279,,5/30/20,2020,5,151,Elk M.,3,TAROFF,Taraxacum officinale,Common dandelion,Asteraceae,Hymenoptera,Megachilidae,Osmia spp.,osmia,,1
EM02280,,5/30/20,2020,5,151,Elk M.,4,TAROFF,Taraxacum officinale,Common dandelion,Asteraceae,Hymenoptera,Megachilidae,Osmia spp.,osmia,,1
EM02295,,6/13/20,2020,6,165,Elk M.,5,TAROFF,Taraxacum officinale,Common dandelion,Asteraceae,Hymenoptera,Apidae,Bombus insularis,queen,,1
EM02348,,6/15/21,2021,6,166,Elk M.,4,TAROFF,Taraxacum officinale,Common dandelion,Asteraceae,Hymenoptera,Megachilidae,Osmia spp.,osmia,,1
EM02358,,6/23/21,2021,6,174,Elk M.,5,TAROFF,Taraxacum officinale,Common dandelion,Asteraceae,Hymenoptera,Apidae,Nomada spp.,male,,1
EM02459,,7/22/21,2021,7,203,Elk M.,1,TAROFF,Taraxacum officinale,Common dandelion,Asteraceae,Hymenoptera,Halictidae,Dufourea fimbriata,male,,1
EM00137,UCMC 0233887,6/18/15,2015,6,169,Elk M.,5,THERHO,Thermopsis rhombifolia var. divaricarpa,Golden Banner,Fabaceae,Hymenoptera,Megachilidae,Osmia spp.,male,,1
EM01311a,,6/10/16,2016,6,162,Elk M.,4,THERHO,Thermopsis rhombifolia var. divaricarpa,Golden Banner,Fabaceae,Hymenoptera,Megachilidae,Osmia bucephala,male,,1
EM01323,,6/18/16,2016,6,170,Elk M.,6,THERHO,Thermopsis rhombifolia var. divaricarpa,Golden Banner,Fabaceae,Hymenoptera,Andrenidae,Andrena medionitens,female,,1
EM01314,,6/18/16,2016,6,170,Elk M.,1,THERHO,Thermopsis rhombifolia var. divaricarpa,Golden Banner,Fabaceae,Hymenoptera,Apidae,Bombus nevadensis,,,1
EM01319,,6/18/16,2016,6,170,Elk M.,1,THERHO,Thermopsis rhombifolia var. divaricarpa,Golden Banner,Fabaceae,Hymenoptera,Apidae,Bombus flavifrons,,,1
EM01341,,6/24/16,2016,6,176,Elk M.,4,THERHO,Thermopsis rhombifolia var. divaricarpa,Golden Banner,Fabaceae,Hymenoptera,Megachilidae,Osmia bucephala,female,,1
EM01340,,6/24/16,2016,6,176,Elk M.,6,THERHO,Thermopsis rhombifolia var. divaricarpa,Golden Banner,Fabaceae,Hymenoptera,Andrenidae,Andrena sp. A,female,,1
EM01326,,6/24/16,2016,6,176,Elk M.,1,THERHO,Thermopsis rhombifolia var. divaricarpa,Golden Banner,Fabaceae,Hymenoptera,Apidae,Bombus nevadensis,,,1
EM01327,,6/24/16,2016,6,176,Elk M.,1,THERHO,Thermopsis rhombifolia var. divaricarpa,Golden Banner,Fabaceae,Hymenoptera,Apidae,Bombus appositus,,,1
EM01328,,6/24/16,2016,6,176,Elk M.,2,THERHO,Thermopsis rhombifolia var. divaricarpa,Golden Banner,Fabaceae,Hymenoptera,Apidae,Bombus nevadensis,,,1
EM01366,,7/8/16,2016,7,190,Elk M.,5,THERHO,Thermopsis rhombifolia var. divaricarpa,Golden Banner,Fabaceae,Hymenoptera,Megachilidae,Osmia bucephala,female,,1
EM01516,,6/12/17,2017,6,163,Elk M.,3,THERHO,Thermopsis rhombifolia var. divaricarpa,Golden Banner,Fabaceae,Hymenoptera,Apidae,Bombus flavifrons,female,,1
EM01538,,6/20/17,2017,6,171,Elk M.,1,THERHO,Thermopsis rhombifolia var. divaricarpa,Golden Banner,Fabaceae,Hymenoptera,Megachilidae,Osmia bucephala,female,,1
EM01544,,6/20/17,2017,6,171,Elk M.,1,THERHO,Thermopsis rhombifolia var. divaricarpa,Golden Banner,Fabaceae,Hymenoptera,Megachilidae,Osmia bucephala,female,,1
EM01537,,6/20/17,2017,6,171,Elk M.,1,THERHO,Thermopsis rhombifolia var. divaricarpa,Golden Banner,Fabaceae,Hymenoptera,Apidae,Bombus appositus,,,1
EM01541,,6/20/17,2017,6,171,Elk M.,6,THERHO,Thermopsis rhombifolia var. divaricarpa,Golden Banner,Fabaceae,Hymenoptera,Apidae,Bombus appositus,,,1
EM01566,,6/26/17,2017,6,177,Elk M.,1,THERHO,Thermopsis rhombifolia var. divaricarpa,Golden Banner,Fabaceae,Hymenoptera,Megachilidae,Osmia bucephala,female,,1
,,6/26/17,2017,6,177,Elk M.,1,THERHO,Thermopsis rhombifolia var. divaricarpa,Golden Banner,Fabaceae,Hymenoptera,Megachilidae,Osmia bucephala,female,,1
,,6/26/17,2017,6,177,Elk M.,1,THERHO,Thermopsis rhombifolia var. divaricarpa,Golden Banner,Fabaceae,Hymenoptera,Megachilidae,Osmia bucephala,female,,1
,,6/26/17,2017,6,177,Elk M.,1,THERHO,Thermopsis rhombifolia var. divaricarpa,Golden Banner,Fabaceae,Hymenoptera,Megachilidae,Osmia bucephala,female,,1
EM01589,,7/3/17,2017,7,184,Elk M.,1,THERHO,Thermopsis rhombifolia var. divaricarpa,Golden Banner,Fabaceae,Hymenoptera,Megachilidae,Osmia bucephala,female,,1
,,5/31/18,2018,5,151,Elk M.,6,THERHO,Thermopsis rhombifolia var. divaricarpa,Golden Banner,Fabaceae,Hymenoptera,Megachilidae,Osmia bucephala,male,,1
EM01797,,6/5/18,2018,6,156,Elk M.,6,THERHO,Thermopsis rhombifolia var. divaricarpa,Golden Banner,Fabaceae,Hymenoptera,Apidae,Bombus bifarius,queen,,1
EM01795,,6/5/18,2018,6,156,Elk M.,4,THERHO,Thermopsis rhombifolia var. divaricarpa,Golden Banner,Fabaceae,Hymenoptera,Apidae,Bombus flavifrons,,,1
EM01800,,6/5/18,2018,6,156,Elk M.,4,THERHO,Thermopsis rhombifolia var. divaricarpa,Golden Banner,Fabaceae,Hymenoptera,Apidae,Bombus flavifrons,,,1
,,6/12/18,2018,6,163,Elk M.,2,THERHO,Thermopsis rhombifolia var. divaricarpa,Golden Banner,Fabaceae,Hymenoptera,Apidae,Bombus nevadensis,Bombus,Same as EM01805,1
EM01808,,6/12/18,2018,6,163,Elk M.,1,THERHO,Thermopsis rhombifolia var. divaricarpa,Golden Banner,Fabaceae,Hymenoptera,Megachilidae,Osmia bucephala,female,,1
EM01810,,6/12/18,2018,6,163,Elk M.,4,THERHO,Thermopsis rhombifolia var. divaricarpa,Golden Banner,Fabaceae,Hymenoptera,Megachilidae,Osmia bucephala,female,,1
EM01805,,6/12/18,2018,6,163,Elk M.,2,THERHO,Thermopsis rhombifolia var. divaricarpa,Golden Banner,Fabaceae,Hymenoptera,Apidae,Bombus nevadensis,,,1
EM01812,,6/12/18,2018,6,163,Elk M.,3,THERHO,Thermopsis rhombifolia var. divaricarpa,Golden Banner,Fabaceae,Hymenoptera,Apidae,Bombus nevadensis,,,1
EM01832,,6/22/18,2018,6,173,Elk M.,1,THERHO,Thermopsis rhombifolia var. divaricarpa,Golden Banner,Fabaceae,Hymenoptera,Megachilidae,Megachile melanophaea,female,,1
EM01830,,6/22/18,2018,6,173,Elk M.,1,THERHO,Thermopsis rhombifolia var. divaricarpa,Golden Banner,Fabaceae,Hymenoptera,Apidae,Bombus flavifrons,,,1
EM02083,,6/19/19,2019,6,170,Elk M.,4,THERHO,Thermopsis rhombifolia var. divaricarpa,Golden Banner,Fabaceae,Hymenoptera,Halictidae,Lasioglossum (Dialictus) tenax,det. JR,,1
,,7/9/19,2019,7,190,Elk M.,3,THERHO,Thermopsis rhombifolia var. divaricarpa,Golden Banner,Fabaceae,Hymenoptera,Megachilidae,Osmia bucephala,,,1
,,6/6/20,2020,6,158,Elk M.,1,THERHO,Thermopsis rhombifolia var. divaricarpa,Golden Banner,Fabaceae,Hymenoptera,Apidae,Bombus flavifrons,,,1
,,6/6/20,2020,6,158,Elk M.,2,THERHO,Thermopsis rhombifolia var. divaricarpa,Golden Banner,Fabaceae,Hymenoptera,Apidae,Bombus flavifrons,,,1
,,6/13/20,2020,6,165,Elk M.,1,THERHO,Thermopsis rhombifolia var. divaricarpa,Golden Banner,Fabaceae,Hymenoptera,Apidae,Bombus appositus,,,1
,,6/13/20,2020,6,165,Elk M.,1,THERHO,Thermopsis rhombifolia var. divaricarpa,Golden Banner,Fabaceae,Hymenoptera,Apidae,Bombus flavifrons,,,1
,,6/13/20,2020,6,165,Elk M.,1,THERHO,Thermopsis rhombifolia var. divaricarpa,Golden Banner,Fabaceae,Hymenoptera,Apidae,Bombus nevadensis,,,1
,,6/13/20,2020,6,165,Elk M.,2,THERHO,Thermopsis rhombifolia var. divaricarpa,Golden Banner,Fabaceae,Hymenoptera,Apidae,Bombus nevadensis,,,1
,,6/13/20,2020,6,165,Elk M.,3,THERHO,Thermopsis rhombifolia var. divaricarpa,Golden Banner,Fabaceae,Hymenoptera,Apidae,Bombus appositus,,,1
,,6/13/20,2020,6,165,Elk M.,4,THERHO,Thermopsis rhombifolia var. divaricarpa,Golden Banner,Fabaceae,Hymenoptera,Megachilidae,Osmia bucephala,,,1
EM02290,,6/13/20,2020,6,165,Elk M.,6,THERHO,Thermopsis rhombifolia var. divaricarpa,Golden Banner,Fabaceae,Hymenoptera,Megachilidae,Megachile melanophaea,female,,1
,,6/13/20,2020,6,165,Elk M.,6,THERHO,Thermopsis rhombifolia var. divaricarpa,Golden Banner,Fabaceae,Hymenoptera,Megachilidae,Osmia bucephala,,,1
,,6/21/20,2020,6,173,Elk M.,1,THERHO,Thermopsis rhombifolia var. divaricarpa,Golden Banner,Fabaceae,Hymenoptera,Apidae,Bombus flavifrons,,,1
,,6/21/20,2020,6,173,Elk M.,3,THERHO,Thermopsis rhombifolia var. divaricarpa,Golden Banner,Fabaceae,Hymenoptera,Apidae,Bombus appositus,,,1
,,6/21/20,2020,6,173,Elk M.,6,THERHO,Thermopsis rhombifolia var. divaricarpa,Golden Banner,Fabaceae,Hymenoptera,Apidae,Bombus appositus,,,1
EM02192,,6/27/20,2020,6,179,Elk M.,1,THERHO,Thermopsis rhombifolia var. divaricarpa,Golden Banner,Fabaceae,Hymenoptera,Megachilidae,Megachile melanophaea,female,,1
EM02193,,6/27/20,2020,6,179,Elk M.,4,THERHO,Thermopsis rhombifolia var. divaricarpa,Golden Banner,Fabaceae,Hymenoptera,Megachilidae,Megachile melanophaea,female,,1
EM02194,,6/27/20,2020,6,179,Elk M.,4,THERHO,Thermopsis rhombifolia var. divaricarpa,Golden Banner,Fabaceae,Hymenoptera,Megachilidae,Hoplitis fulgida,female,,1
,,7/5/20,2020,7,187,Elk M.,1,THERHO,Thermopsis rhombifolia var. divaricarpa,Golden Banner,Fabaceae,Hymenoptera,Megachilidae,Osmia bucephala,,,1
,,7/12/20,2020,7,194,Elk M.,1,THERHO,Thermopsis rhombifolia var. divaricarpa,Golden Banner,Fabaceae,Hymenoptera,Megachilidae,Osmia bucephala,,,1
,,6/15/21,2021,6,166,Elk M.,3,THERHO,Thermopsis rhombifolia var. divaricarpa,Golden Banner,Fabaceae,Hymenoptera,Megachilidae,Osmia bucephala,,,1
,,6/15/21,2021,6,166,Elk M.,4,THERHO,Thermopsis rhombifolia var. divaricarpa,Golden Banner,Fabaceae,Hymenoptera,Megachilidae,Osmia bucephala,,,1
,,6/15/21,2021,6,166,Elk M.,6,THERHO,Thermopsis rhombifolia var. divaricarpa,Golden Banner,Fabaceae,Hymenoptera,Apidae,Bombus appositus,,,1
,,6/15/21,2021,6,166,Elk M.,6,THERHO,Thermopsis rhombifolia var. divaricarpa,Golden Banner,Fabaceae,Hymenoptera,Apidae,Bombus flavifrons,,,1
,,6/15/21,2021,6,166,Elk M.,6,THERHO,Thermopsis rhombifolia var. divaricarpa,Golden Banner,Fabaceae,Hymenoptera,Megachilidae,Osmia bucephala,,,1
,,6/23/21,2021,6,174,Elk M.,1,THERHO,Thermopsis rhombifolia var. divaricarpa,Golden Banner,Fabaceae,Hymenoptera,Megachilidae,Osmia bucephala,,,1
,,6/23/21,2021,6,174,Elk M.,1,THERHO,Thermopsis rhombifolia var. divaricarpa,Golden Banner,Fabaceae,Hymenoptera,Megachilidae,Osmia bucephala,,,1
,,6/23/21,2021,6,174,Elk M.,6,THERHO,Thermopsis rhombifolia var. divaricarpa,Golden Banner,Fabaceae,Hymenoptera,Apidae,Bombus flavifrons,,,1
EM02380,,6/30/21,2021,6,181,Elk M.,1,THERHO,Thermopsis rhombifolia var. divaricarpa,Golden Banner,Fabaceae,Hymenoptera,Apidae,Bombus bifarius,female,,1
,,6/30/21,2021,6,181,Elk M.,1,THERHO,Thermopsis rhombifolia var. divaricarpa,Golden Banner,Fabaceae,Hymenoptera,Apidae,Bombus appositus,,,1
,,6/30/21,2021,6,181,Elk M.,1,THERHO,Thermopsis rhombifolia var. divaricarpa,Golden Banner,Fabaceae,Hymenoptera,Apidae,Bombus flavifrons,,,1
,,6/30/21,2021,6,181,Elk M.,2,THERHO,Thermopsis rhombifolia var. divaricarpa,Golden Banner,Fabaceae,Hymenoptera,Apidae,Bombus flavifrons,,,1
,,6/30/21,2021,6,181,Elk M.,4,THERHO,Thermopsis rhombifolia var. divaricarpa,Golden Banner,Fabaceae,Hymenoptera,Apidae,Bombus flavifrons,,,1
,,6/30/21,2021,6,181,Elk M.,6,THERHO,Thermopsis rhombifolia var. divaricarpa,Golden Banner,Fabaceae,Hymenoptera,Apidae,Bombus nevadensis,,,1
EM02400,,7/7/21,2021,7,188,Elk M.,1,THERHO,Thermopsis rhombifolia var. divaricarpa,Golden Banner,Fabaceae,Hymenoptera,Megachilidae,Megachile melanophaea,female,,1
EM02409,,7/7/21,2021,7,188,Elk M.,1,THERHO,Thermopsis rhombifolia var. divaricarpa,Golden Banner,Fabaceae,Hymenoptera,Apidae,Bombus flavifrons,queen,,1
,,7/7/21,2021,7,188,Elk M.,1,THERHO,Thermopsis rhombifolia var. divaricarpa,Golden Banner,Fabaceae,Hymenoptera,Megachilidae,Osmia bucephala,,,1
,,7/14/21,2021,7,195,Elk M.,1,THERHO,Thermopsis rhombifolia var. divaricarpa,Golden Banner,Fabaceae,Hymenoptera,Apidae,Bombus nevadensis,,,1
,,6/13/22,2022,6,164,Elk M.,3,THERHO,Thermopsis rhombifolia var. divaricarpa,Golden Banner,Fabaceae,Hymenoptera,Megachilidae,Osmia bucephala,,,1
,,6/13/22,2022,6,164,Elk M.,3,THERHO,Thermopsis rhombifolia var. divaricarpa,Golden Banner,Fabaceae,Hymenoptera,Apidae,Bombus bifarius,,,1
,,6/13/22,2022,6,164,Elk M.,4,THERHO,Thermopsis rhombifolia var. divaricarpa,Golden Banner,Fabaceae,Hymenoptera,Apidae,Bombus bifarius,,,1
,,6/13/22,2022,6,164,Elk M.,4,THERHO,Thermopsis rhombifolia var. divaricarpa,Golden Banner,Fabaceae,Hymenoptera,Megachilidae,Osmia bucephala,,,1
,,6/13/22,2022,6,164,Elk M.,4,THERHO,Thermopsis rhombifolia var. divaricarpa,Golden Banner,Fabaceae,Hymenoptera,Megachilidae,Osmia bucephala,,,1
,,6/13/22,2022,6,164,Elk M.,6,THERHO,Thermopsis rhombifolia var. divaricarpa,Golden Banner,Fabaceae,Hymenoptera,Megachilidae,Osmia bucephala,,,1
,,6/13/22,2022,6,164,Elk M.,6,THERHO,Thermopsis rhombifolia var. divaricarpa,Golden Banner,Fabaceae,Hymenoptera,Megachilidae,Osmia bucephala,,,1
,,6/13/22,2022,6,164,Elk M.,6,THERHO,Thermopsis rhombifolia var. divaricarpa,Golden Banner,Fabaceae,Hymenoptera,Megachilidae,Osmia bucephala,,,1
,,6/13/22,2022,6,164,Elk M.,6,THERHO,Thermopsis rhombifolia var. divaricarpa,Golden Banner,Fabaceae,Hymenoptera,Megachilidae,Osmia bucephala,,,1
,,6/13/22,2022,6,164,Elk M.,6,THERHO,Thermopsis rhombifolia var. divaricarpa,Golden Banner,Fabaceae,Hymenoptera,Megachilidae,Osmia bucephala,,,1
,,6/13/22,2022,6,164,Elk M.,6,THERHO,Thermopsis rhombifolia var. divaricarpa,Golden Banner,Fabaceae,Hymenoptera,Megachilidae,Osmia bucephala,,,1
,,6/13/22,2022,6,164,Elk M.,6,THERHO,Thermopsis rhombifolia var. divaricarpa,Golden Banner,Fabaceae,Hymenoptera,Apidae,Bombus occidentalis,,,1
,,6/20/22,2022,6,171,Elk M.,3,THERHO,Thermopsis rhombifolia var. divaricarpa,Golden Banner,Fabaceae,Hymenoptera,Apidae,Bombus appositus,,,1
,,6/20/22,2022,6,171,Elk M.,3,THERHO,Thermopsis rhombifolia var. divaricarpa,Golden Banner,Fabaceae,Hymenoptera,Megachilidae,Osmia bucephala,,,1
,,6/20/22,2022,6,171,Elk M.,3,THERHO,Thermopsis rhombifolia var. divaricarpa,Golden Banner,Fabaceae,Hymenoptera,Megachilidae,Osmia bucephala,,,1
,,6/20/22,2022,6,171,Elk M.,4,THERHO,Thermopsis rhombifolia var. divaricarpa,Golden Banner,Fabaceae,Hymenoptera,Megachilidae,Osmia bucephala,,,1
,,6/20/22,2022,6,171,Elk M.,4,THERHO,Thermopsis rhombifolia var. divaricarpa,Golden Banner,Fabaceae,Hymenoptera,Megachilidae,Osmia bucephala,,,1
,,6/20/22,2022,6,171,Elk M.,1,THERHO,Thermopsis rhombifolia var. divaricarpa,Golden Banner,Fabaceae,Hymenoptera,Apidae,Bombus occidentalis,,,1
,,6/20/22,2022,6,171,Elk M.,1,THERHO,Thermopsis rhombifolia var. divaricarpa,Golden Banner,Fabaceae,Hymenoptera,Apidae,Bombus nevadensis,,,1
,,6/20/22,2022,6,171,Elk M.,1,THERHO,Thermopsis rhombifolia var. divaricarpa,Golden Banner,Fabaceae,Hymenoptera,Apidae,Bombus nevadensis,,,1
,,6/20/22,2022,6,171,Elk M.,1,THERHO,Thermopsis rhombifolia var. divaricarpa,Golden Banner,Fabaceae,Hymenoptera,Apidae,Bombus nevadensis,,,1
,,6/20/22,2022,6,171,Elk M.,1,THERHO,Thermopsis rhombifolia var. divaricarpa,Golden Banner,Fabaceae,Hymenoptera,Apidae,Bombus appositus,,,1
,,6/20/22,2022,6,171,Elk M.,1,THERHO,Thermopsis rhombifolia var. divaricarpa,Golden Banner,Fabaceae,Hymenoptera,Apidae,Bombus appositus,,,1
,,6/20/22,2022,6,171,Elk M.,1,THERHO,Thermopsis rhombifolia var. divaricarpa,Golden Banner,Fabaceae,Hymenoptera,Megachilidae,Osmia bucephala,,,1
,,6/20/22,2022,6,171,Elk M.,1,THERHO,Thermopsis rhombifolia var. divaricarpa,Golden Banner,Fabaceae,Hymenoptera,Megachilidae,Osmia bucephala,,,1
,,6/20/22,2022,6,171,Elk M.,1,THERHO,Thermopsis rhombifolia var. divaricarpa,Golden Banner,Fabaceae,Hymenoptera,Megachilidae,Osmia bucephala,,,1
,,6/20/22,2022,6,171,Elk M.,1,THERHO,Thermopsis rhombifolia var. divaricarpa,Golden Banner,Fabaceae,Hymenoptera,Megachilidae,Osmia bucephala,,,1
,,6/20/22,2022,6,171,Elk M.,1,THERHO,Thermopsis rhombifolia var. divaricarpa,Golden Banner,Fabaceae,Hymenoptera,Megachilidae,Osmia bucephala,,,1
,,6/27/22,2022,6,178,Elk M.,1,THERHO,Thermopsis rhombifolia var. divaricarpa,Golden Banner,Fabaceae,Hymenoptera,Apidae,Bombus nevadensis,,,1
,,6/27/22,2022,6,178,Elk M.,1,THERHO,Thermopsis rhombifolia var. divaricarpa,Golden Banner,Fabaceae,Hymenoptera,Apidae,Bombus appositus,,,1
,,6/27/22,2022,6,178,Elk M.,1,THERHO,Thermopsis rhombifolia var. divaricarpa,Golden Banner,Fabaceae,Hymenoptera,Apidae,Bombus appositus,,,1
,,6/27/22,2022,6,178,Elk M.,1,THERHO,Thermopsis rhombifolia var. divaricarpa,Golden Banner,Fabaceae,Hymenoptera,Apidae,Bombus appositus,,,1
,,6/27/22,2022,6,178,Elk M.,1,THERHO,Thermopsis rhombifolia var. divaricarpa,Golden Banner,Fabaceae,Hymenoptera,Megachilidae,Osmia bucephala,,,1
,,6/27/22,2022,6,178,Elk M.,1,THERHO,Thermopsis rhombifolia var. divaricarpa,Golden Banner,Fabaceae,Hymenoptera,Megachilidae,Osmia bucephala,,,1
,,7/3/22,2022,7,184,Elk M.,1,THERHO,Thermopsis rhombifolia var. divaricarpa,Golden Banner,Fabaceae,Hymenoptera,Megachilidae,Osmia bucephala,,,1
,,6/20/22,2022,6,171,Elk M.,2,THERHO,Thermopsis rhombifolia var. divaricarpa,Golden Banner,Fabaceae,Hymenoptera,Megachilidae,Megachile melanophaea,,,1
,,6/20/22,2022,6,171,Elk M.,3,THERHO,Thermopsis rhombifolia var. divaricarpa,Golden Banner,Fabaceae,Hymenoptera,Megachilidae,Megachile melanophaea,,,1
,,6/27/22,2022,6,178,Elk M.,1,THERHO,Thermopsis rhombifolia var. divaricarpa,Golden Banner,Fabaceae,Hymenoptera,Megachilidae,Megachile melanophaea,,,1
EM02724,,6/13/22,2022,6,164,Elk M.,3,THERHO,Thermopsis rhombifolia var. divaricarpa,Golden Banner,Fabaceae,Hymenoptera,Apidae,Bombus,,,1
EM02725,,6/13/22,2022,6,164,Elk M.,6,THERHO,Thermopsis rhombifolia var. divaricarpa,Golden Banner,Fabaceae,Hymenoptera,Apidae,Bombus,,,1
EM01901,,7/11/18,2018,7,192,Elk M.,1,TRIPRA,Trifolium pratense,Red Clover,Fabaceae,Hymenoptera,Apidae,Bombus appositus,male,,1
EM01959,,7/25/18,2018,7,206,Elk M.,1,TRIPRA,Trifolium pratense,Red Clover,Fabaceae,Hymenoptera,Apidae,Bombus flavifrons,,,1
,,7/22/21,2021,7,203,Elk M.,1,TRIPRA,Trifolium pratense,Red Clover,Fabaceae,Hymenoptera,Apidae,Bombus appositus,,,1